pipe,node_id,start,finish,cycles
CUBE,9,144247,144384,137
CUBE,19,146127,146264,137
CUBE,25,146309,146446,137
CUBE,35,148007,148144,137
CUBE,45,149887,150024,137
CUBE,49,150069,150206,137
CUBE,55,150251,150324,73
CUBE,61,150337,150474,137
CUBE,71,151767,151904,137
CUBE,81,153647,153784,137
CUBE,85,153829,153966,137
CUBE,89,154011,154084,73
CUBE,93,154097,154234,137
CUBE,99,154279,154352,73
CUBE,109,155527,155664,137
CUBE,119,157407,157544,137
CUBE,123,157589,157726,137
CUBE,127,157771,157844,73
CUBE,131,157857,157994,137
CUBE,135,158039,158112,73
CUBE,141,158193,158274,81
CUBE,151,158355,158436,81
CUBE,161,159598,159735,137
CUBE,171,161478,161615,137
CUBE,175,161660,161797,137
CUBE,179,161842,161915,73
CUBE,183,161928,162065,137
CUBE,187,162110,162183,73
CUBE,191,162264,162345,81
CUBE,201,162426,162507,81
CUBE,207,162588,162669,81
CUBE,217,164250,164387,137
CUBE,227,166130,166267,137
CUBE,231,166312,166449,137
CUBE,235,166494,166567,73
CUBE,239,166580,166717,137
CUBE,243,166762,166835,73
CUBE,247,166916,166997,81
CUBE,257,167078,167159,81
CUBE,267,168740,168877,137
CUBE,277,170620,170757,137
CUBE,281,170802,170939,137
CUBE,285,170984,171057,73
CUBE,289,171070,171207,137
CUBE,293,171252,171325,73
CUBE,297,171406,171487,81
CUBE,307,171568,171649,81
CUBE,311,171730,171811,81
CUBE,317,171892,171973,81
CUBE,323,171990,172063,73
CUBE,333,173806,173943,137
CUBE,343,175686,175823,137
CUBE,347,175868,176005,137
CUBE,351,176050,176123,73
CUBE,355,176136,176273,137
CUBE,359,176318,176391,73
CUBE,363,176472,176553,81
CUBE,373,176634,176715,81
CUBE,383,177566,177703,137
CUBE,393,179446,179583,137
CUBE,397,179628,179765,137
CUBE,401,179810,179883,73
CUBE,405,179896,180033,137
CUBE,409,180078,180151,73
CUBE,413,180232,180313,81
CUBE,423,180394,180475,81
CUBE,427,180556,180637,81
CUBE,431,180718,180799,81
CUBE,435,180816,180889,73
CUBE,441,180970,181051,81
CUBE,451,182051,182188,137
CUBE,461,183931,184068,137
CUBE,465,184113,184250,137
CUBE,469,184295,184368,73
CUBE,473,184381,184518,137
CUBE,477,184563,184636,73
CUBE,481,184717,184798,81
CUBE,491,184879,184960,81
CUBE,501,185811,185948,137
CUBE,511,187691,187828,137
CUBE,515,187873,188010,137
CUBE,519,188055,188128,73
CUBE,523,188141,188278,137
CUBE,527,188323,188396,73
CUBE,531,188477,188558,81
CUBE,541,188639,188720,81
CUBE,545,188801,188882,81
CUBE,549,188963,189044,81
CUBE,553,189061,189134,73
CUBE,557,189215,189296,81
CUBE,563,189377,189458,81
CUBE,573,190463,190600,137
CUBE,583,192343,192480,137
CUBE,587,192525,192662,137
CUBE,591,192707,192780,73
CUBE,595,192793,192930,137
CUBE,599,192975,193048,73
CUBE,603,193129,193210,81
CUBE,613,193766,193847,81
CUBE,623,195590,195727,137
CUBE,633,197470,197607,137
CUBE,637,197652,197789,137
CUBE,641,197834,197907,73
CUBE,645,197920,198057,137
CUBE,649,198102,198175,73
CUBE,653,198256,198337,81
CUBE,663,199171,199252,81
CUBE,667,199333,199414,81
CUBE,671,199495,199576,81
CUBE,675,199593,199666,73
CUBE,679,199747,199828,81
CUBE,683,199909,199990,81
CUBE,689,200071,200152,81
CUBE,699,201289,201426,137
CUBE,709,203169,203306,137
CUBE,713,203351,203488,137
CUBE,717,203533,203606,73
CUBE,721,203619,203756,137
CUBE,725,203801,203874,73
CUBE,729,203955,204036,81
CUBE,739,204870,204951,81
CUBE,749,206613,206750,137
CUBE,759,208493,208630,137
CUBE,763,208675,208812,137
CUBE,767,208857,208930,73
CUBE,771,208943,209080,137
CUBE,775,209125,209198,73
CUBE,779,209279,209360,81
CUBE,789,210194,210275,81
CUBE,793,210356,210437,81
CUBE,797,210518,210599,81
CUBE,801,210616,210689,73
CUBE,805,210770,210851,81
CUBE,809,210932,211013,81
CUBE,819,212018,212155,137
CUBE,829,213898,214035,137
CUBE,833,214080,214217,137
CUBE,837,214262,214335,73
CUBE,841,214348,214485,137
CUBE,845,214530,214603,73
CUBE,849,214684,214765,81
CUBE,859,215599,215680,81
CUBE,869,217342,217479,137
CUBE,879,219222,219359,137
CUBE,883,219404,219541,137
CUBE,887,219586,219659,73
CUBE,891,219672,219809,137
CUBE,895,219854,219927,73
CUBE,899,220008,220089,81
CUBE,909,220923,221004,81
CUBE,913,221085,221166,81
CUBE,917,221247,221328,81
CUBE,921,221345,221418,73
CUBE,925,221499,221580,81
CUBE,929,221661,221742,81
CUBE,933,221823,221904,81
CUBE,939,221985,222066,81
CUBE,945,222147,222228,81
CUBE,949,222309,222390,81
CUBE,955,222471,222624,153
CUBE,965,223629,223766,137
CUBE,975,225509,225646,137
CUBE,979,225691,225828,137
CUBE,983,225873,225946,73
CUBE,987,225959,226096,137
CUBE,991,226141,226214,73
CUBE,995,226295,226376,81
CUBE,1005,226932,227013,81
CUBE,1015,228675,228812,137
CUBE,1025,230555,230692,137
CUBE,1029,230737,230874,137
CUBE,1033,230919,230992,73
CUBE,1037,231005,231142,137
CUBE,1041,231187,231260,73
CUBE,1045,231341,231422,81
CUBE,1055,232256,232337,81
CUBE,1059,232418,232499,81
CUBE,1063,232580,232661,81
CUBE,1067,232678,232751,73
CUBE,1071,232832,232913,81
CUBE,1075,232994,233075,81
CUBE,1085,234080,234217,137
CUBE,1095,235960,236097,137
CUBE,1099,236142,236279,137
CUBE,1103,236324,236397,73
CUBE,1107,236410,236547,137
CUBE,1111,236592,236665,73
CUBE,1115,236746,236827,81
CUBE,1125,237661,237742,81
CUBE,1135,239404,239541,137
CUBE,1145,241284,241421,137
CUBE,1149,241466,241603,137
CUBE,1153,241648,241721,73
CUBE,1157,241734,241871,137
CUBE,1161,241916,241989,73
CUBE,1165,242070,242151,81
CUBE,1175,242985,243066,81
CUBE,1179,243147,243228,81
CUBE,1183,243309,243390,81
CUBE,1187,243407,243480,73
CUBE,1191,243561,243642,81
CUBE,1195,243723,243804,81
CUBE,1199,243885,243966,81
CUBE,1209,244809,244946,137
CUBE,1219,246689,246826,137
CUBE,1223,246871,247008,137
CUBE,1227,247053,247126,73
CUBE,1231,247139,247276,137
CUBE,1235,247321,247394,73
CUBE,1239,247475,247556,81
CUBE,1249,248390,248471,81
CUBE,1259,250133,250270,137
CUBE,1269,252013,252150,137
CUBE,1273,252195,252332,137
CUBE,1277,252377,252450,73
CUBE,1281,252463,252600,137
CUBE,1285,252645,252718,73
CUBE,1289,252799,252880,81
CUBE,1299,253714,253795,81
CUBE,1303,253876,253957,81
CUBE,1307,254038,254119,81
CUBE,1311,254136,254209,73
CUBE,1315,254290,254371,81
CUBE,1319,254452,254533,81
CUBE,1329,255538,255675,137
CUBE,1339,257418,257555,137
CUBE,1343,257600,257737,137
CUBE,1347,257782,257855,73
CUBE,1351,257868,258005,137
CUBE,1355,258050,258123,73
CUBE,1359,258204,258285,81
CUBE,1369,258841,258922,81
CUBE,1379,260665,260802,137
CUBE,1389,262545,262682,137
CUBE,1393,262727,262864,137
CUBE,1397,262909,262982,73
CUBE,1401,262995,263132,137
CUBE,1405,263177,263250,73
CUBE,1409,263331,263412,81
CUBE,1419,264246,264327,81
CUBE,1423,264408,264489,81
CUBE,1427,264570,264651,81
CUBE,1431,264668,264741,73
CUBE,1435,264822,264903,81
CUBE,1439,264984,265065,81
CUBE,1443,265146,265227,81
CUBE,1447,265308,265389,81
CUBE,1451,265470,265551,81
CUBE,1455,265632,265713,81
CUBE,1459,265794,265947,153
CUBE,1465,266028,266109,81
CUBE,1471,266190,266271,81
CUBE,1477,266352,266505,153
CUBE,1481,266586,266667,81
CUBE,1485,266748,266901,153
CUBE,1491,267042,267195,153
CUBE,1501,268704,268841,137
CUBE,1511,270584,270721,137
CUBE,1515,270766,270903,137
CUBE,1519,270948,271021,73
CUBE,1523,271034,271171,137
CUBE,1527,271216,271289,73
CUBE,1531,271370,271451,81
CUBE,1541,272007,272088,81
CUBE,1551,273831,273968,137
CUBE,1561,275711,275848,137
CUBE,1565,275893,276030,137
CUBE,1569,276075,276148,73
CUBE,1573,276161,276298,137
CUBE,1577,276343,276416,73
CUBE,1581,276497,276578,81
CUBE,1591,277412,277493,81
CUBE,1595,277574,277655,81
CUBE,1599,277736,277817,81
CUBE,1603,277834,277907,73
CUBE,1607,277988,278069,81
CUBE,1611,278150,278231,81
CUBE,1621,279236,279373,137
CUBE,1631,281116,281253,137
CUBE,1635,281298,281435,137
CUBE,1639,281480,281553,73
CUBE,1643,281566,281703,137
CUBE,1647,281748,281821,73
CUBE,1651,281902,281983,81
CUBE,1661,282537,282618,81
CUBE,1671,284361,284498,137
CUBE,1681,286241,286378,137
CUBE,1685,286423,286560,137
CUBE,1689,286605,286678,73
CUBE,1693,286691,286828,137
CUBE,1697,286873,286946,73
CUBE,1701,287027,287108,81
CUBE,1711,287212,287293,81
CUBE,1715,287374,287455,81
CUBE,1719,287536,287617,81
CUBE,1723,287634,287707,73
CUBE,1727,287788,287869,81
CUBE,1731,287950,288031,81
CUBE,1735,288112,288193,81
CUBE,1745,289450,289587,137
CUBE,1755,291330,291467,137
CUBE,1759,291512,291649,137
CUBE,1763,291694,291767,73
CUBE,1767,291780,291917,137
CUBE,1771,291962,292035,73
CUBE,1775,292116,292197,81
CUBE,1785,293031,293112,81
CUBE,1795,294855,294992,137
CUBE,1805,296735,296872,137
CUBE,1809,296917,297054,137
CUBE,1813,297099,297172,73
CUBE,1817,297185,297322,137
CUBE,1821,297367,297440,73
CUBE,1825,297521,297602,81
CUBE,1835,298158,298239,81
CUBE,1839,298320,298401,81
CUBE,1843,298482,298563,81
CUBE,1847,298580,298653,73
CUBE,1851,298734,298815,81
CUBE,1855,298896,298977,81
CUBE,1865,299982,300119,137
CUBE,1875,301862,301999,137
CUBE,1879,302044,302181,137
CUBE,1883,302226,302299,73
CUBE,1887,302312,302449,137
CUBE,1891,302494,302567,73
CUBE,1895,302648,302729,81
CUBE,1905,302810,302891,81
CUBE,1915,304634,304771,137
CUBE,1925,306514,306651,137
CUBE,1929,306696,306833,137
CUBE,1933,306878,306951,73
CUBE,1937,306964,307101,137
CUBE,1941,307146,307219,73
CUBE,1945,307300,307381,81
CUBE,1955,307485,307566,81
CUBE,1959,307647,307728,81
CUBE,1963,307809,307890,81
CUBE,1967,307907,307980,73
CUBE,1971,308061,308142,81
CUBE,1975,308223,308304,81
CUBE,1979,308385,308466,81
CUBE,1983,308547,308628,81
CUBE,1987,308709,308790,81
CUBE,1991,308871,308952,81
CUBE,1995,309033,309186,153
CUBE,2005,309309,309446,137
CUBE,2015,311189,311326,137
CUBE,2019,311371,311508,137
CUBE,2023,311553,311626,73
CUBE,2027,311639,311776,137
CUBE,2031,311821,311894,73
CUBE,2035,311975,312056,81
CUBE,2045,312890,312971,81
CUBE,2055,314714,314851,137
CUBE,2065,316594,316731,137
CUBE,2069,316776,316913,137
CUBE,2073,316958,317031,73
CUBE,2077,317044,317181,137
CUBE,2081,317226,317299,73
CUBE,2085,317380,317461,81
CUBE,2095,318295,318376,81
CUBE,2099,318457,318538,81
CUBE,2103,318619,318700,81
CUBE,2107,318717,318790,73
CUBE,2111,318871,318952,81
CUBE,2115,319033,319114,81
CUBE,2125,320119,320256,137
CUBE,2135,321999,322136,137
CUBE,2139,322181,322318,137
CUBE,2143,322363,322436,73
CUBE,2147,322449,322586,137
CUBE,2151,322631,322704,73
CUBE,2155,322785,322866,81
CUBE,2165,323144,323225,81
CUBE,2175,324968,325105,137
CUBE,2185,326848,326985,137
CUBE,2189,327030,327167,137
CUBE,2193,327212,327285,73
CUBE,2197,327298,327435,137
CUBE,2201,327480,327553,73
CUBE,2205,327634,327715,81
CUBE,2215,327819,327900,81
CUBE,2219,327981,328062,81
CUBE,2223,328143,328224,81
CUBE,2227,328241,328314,73
CUBE,2231,328395,328476,81
CUBE,2235,328557,328638,81
CUBE,2239,328719,328800,81
CUBE,2249,329562,329699,137
CUBE,2259,331442,331579,137
CUBE,2263,331624,331761,137
CUBE,2267,331806,331879,73
CUBE,2271,331892,332029,137
CUBE,2275,332074,332147,73
CUBE,2279,332228,332309,81
CUBE,2289,332865,332946,81
CUBE,2299,334689,334826,137
CUBE,2309,336569,336706,137
CUBE,2313,336751,336888,137
CUBE,2317,336933,337006,73
CUBE,2321,337019,337156,137
CUBE,2325,337201,337274,73
CUBE,2329,337355,337436,81
CUBE,2339,338270,338351,81
CUBE,2343,338432,338513,81
CUBE,2347,338594,338675,81
CUBE,2351,338692,338765,73
CUBE,2355,338846,338927,81
CUBE,2359,339008,339089,81
CUBE,2369,340013,340150,137
CUBE,2379,341893,342030,137
CUBE,2383,342075,342212,137
CUBE,2387,342257,342330,73
CUBE,2391,342343,342480,137
CUBE,2395,342525,342598,73
CUBE,2399,342679,342760,81
CUBE,2409,343594,343675,81
CUBE,2419,345418,345555,137
CUBE,2429,347298,347435,137
CUBE,2433,347480,347617,137
CUBE,2437,347662,347735,73
CUBE,2441,347748,347885,137
CUBE,2445,347930,348003,73
CUBE,2449,348084,348165,81
CUBE,2459,348999,349080,81
CUBE,2463,349161,349242,81
CUBE,2467,349323,349404,81
CUBE,2471,349421,349494,73
CUBE,2475,349575,349656,81
CUBE,2479,349737,349818,81
CUBE,2483,349899,349980,81
CUBE,2487,350061,350142,81
CUBE,2491,350223,350304,81
CUBE,2495,350385,350466,81
CUBE,2499,350547,350700,153
CUBE,2503,350781,350862,81
CUBE,2507,350943,351024,81
CUBE,2511,351105,351258,153
CUBE,2515,351339,351420,81
CUBE,2519,351501,351654,153
CUBE,2523,351735,351888,153
CUBE,2529,351969,352050,81
CUBE,2535,352131,352212,81
CUBE,2541,352293,352446,153
CUBE,2549,352530,352547,17
CUBE,2555,352713,352730,17
CUBE,2563,353048,353065,17
CUBE,2569,353248,353273,25
CUBE,2575,353431,353448,17
CUBE,2581,353614,353631,17
CUBE,2587,353780,353805,25
CUBE,2593,353988,354013,25
CUBE,2597,354094,354175,81
CUBE,2601,354256,354409,153
CUBE,2607,354490,354643,153
CUBE,2617,356008,356145,137
CUBE,2627,357888,358025,137
CUBE,2631,358070,358207,137
CUBE,2635,358252,358325,73
CUBE,2639,358338,358475,137
CUBE,2643,358520,358593,73
CUBE,2647,358674,358755,81
CUBE,2657,359589,359670,81
CUBE,2667,361413,361550,137
CUBE,2677,363293,363430,137
CUBE,2681,363475,363612,137
CUBE,2685,363657,363730,73
CUBE,2689,363743,363880,137
CUBE,2693,363925,363998,73
CUBE,2697,364079,364160,81
CUBE,2707,364994,365075,81
CUBE,2711,365156,365237,81
CUBE,2715,365318,365399,81
CUBE,2719,365416,365489,73
CUBE,2723,365570,365651,81
CUBE,2727,365732,365813,81
CUBE,2737,366818,366955,137
CUBE,2747,368698,368835,137
CUBE,2751,368880,369017,137
CUBE,2755,369062,369135,73
CUBE,2759,369148,369285,137
CUBE,2763,369330,369403,73
CUBE,2767,369484,369565,81
CUBE,2777,370399,370480,81
CUBE,2787,372223,372360,137
CUBE,2797,374103,374240,137
CUBE,2801,374285,374422,137
CUBE,2805,374467,374540,73
CUBE,2809,374553,374690,137
CUBE,2813,374735,374808,73
CUBE,2817,374889,374970,81
CUBE,2827,375804,375885,81
CUBE,2831,375966,376047,81
CUBE,2835,376128,376209,81
CUBE,2839,376226,376299,73
CUBE,2843,376380,376461,81
CUBE,2847,376542,376623,81
CUBE,2851,376704,376785,81
CUBE,2861,377547,377684,137
CUBE,2871,379427,379564,137
CUBE,2875,379609,379746,137
CUBE,2879,379791,379864,73
CUBE,2883,379877,380014,137
CUBE,2887,380059,380132,73
CUBE,2891,380213,380294,81
CUBE,2901,381128,381209,81
CUBE,2911,382952,383089,137
CUBE,2921,384832,384969,137
CUBE,2925,385014,385151,137
CUBE,2929,385196,385269,73
CUBE,2933,385282,385419,137
CUBE,2937,385464,385537,73
CUBE,2941,385618,385699,81
CUBE,2951,386255,386336,81
CUBE,2955,386417,386498,81
CUBE,2959,386579,386660,81
CUBE,2963,386677,386750,73
CUBE,2967,386831,386912,81
CUBE,2971,386993,387074,81
CUBE,2981,388079,388216,137
CUBE,2991,389959,390096,137
CUBE,2995,390141,390278,137
CUBE,2999,390323,390396,73
CUBE,3003,390409,390546,137
CUBE,3007,390591,390664,73
CUBE,3011,390745,390826,81
CUBE,3021,391660,391741,81
CUBE,3025,391786,391859,73
CUBE,3029,391872,392009,137
CUBE,3033,392054,392127,73
CUBE,3037,392208,392289,81
CUBE,3047,392843,392924,81
CUBE,3051,393005,393086,81
CUBE,3055,393167,393248,81
CUBE,3059,393265,393338,73
CUBE,3063,393419,393500,81
CUBE,3067,393581,393662,81
CUBE,3071,393743,393824,81
CUBE,3075,393905,393986,81
CUBE,3079,394067,394148,81
CUBE,3083,394229,394310,81
CUBE,3087,394391,394544,153
CUBE,3091,394589,394662,73
CUBE,3095,394743,394824,81
CUBE,3105,395380,395461,81
CUBE,3109,395542,395623,81
CUBE,3117,396017,396098,81
CUBE,3121,396179,396260,81
CUBE,3125,396341,396422,81
CUBE,3129,396439,396512,73
CUBE,3133,396593,396674,81
CUBE,3137,396755,396836,81
CUBE,3141,396917,396998,81
CUBE,3145,397015,397088,73
CUBE,3149,397169,397250,81
CUBE,3153,397331,397412,81
CUBE,3157,397493,397574,81
CUBE,3161,397655,397736,81
CUBE,3165,397817,397898,81
CUBE,3169,397979,398060,81
CUBE,3173,398141,398222,81
CUBE,3177,398303,398384,81
CUBE,3181,398465,398546,81
CUBE,3185,398627,398708,81
CUBE,3189,398789,398942,153
CUBE,3193,399023,399104,81
CUBE,3197,399185,399266,81
CUBE,3201,399347,399500,153
CUBE,3205,399581,399662,81
CUBE,3209,399743,399896,153
CUBE,3213,399977,400130,153
CUBE,3217,400211,400292,81
CUBE,3221,400373,400454,81
CUBE,3225,400535,400688,153
CUBE,3229,401297,401450,153
CUBE,3235,401749,401830,81
CUBE,3241,402124,402205,81
CUBE,3247,402361,402378,17
CUBE,3253,402679,402704,25
CUBE,3259,403054,403207,153
CUBE,3263,403288,403369,81
CUBE,3267,403450,403603,153
CUBE,3273,403684,403837,153
CUBE,3277,403918,403999,81
CUBE,3281,404080,404233,153
CUBE,3285,404314,404395,81
CUBE,3289,404476,404557,81
CUBE,3293,404638,404791,153
CUBE,3297,404872,405025,153
CUBE,3303,405106,405187,81
CUBE,3309,405268,405349,81
CUBE,3315,405439,405592,153
CUBE,3319,405673,405754,81
CUBE,3323,405835,405988,153
CUBE,3329,406069,406222,153
CUBE,3333,406303,406384,81
CUBE,3337,406465,406618,153
CUBE,3341,406699,406780,81
CUBE,3345,406861,406942,81
CUBE,3349,407023,407176,153
CUBE,3353,407257,407410,153
CUBE,3359,407491,407572,81
CUBE,3365,407692,407773,81
CUBE,3371,407986,408139,153
CUBE,3375,408220,408301,81
CUBE,3379,408382,408535,153
CUBE,3385,408616,408769,153
CUBE,3389,408850,408931,81
CUBE,3393,409012,409165,153
CUBE,3397,409246,409327,81
CUBE,3401,409408,409489,81
CUBE,3405,409570,409723,153
CUBE,3409,409804,409957,153
CUBE,3415,410098,410179,81
CUBE,3421,410392,410473,81
CUBE,3427,410686,410839,153
CUBE,3431,410920,411001,81
CUBE,3435,411082,411235,153
CUBE,3441,411316,411469,153
CUBE,3445,411550,411631,81
CUBE,3449,411712,411865,153
CUBE,3453,411946,412027,81
CUBE,3457,412108,412189,81
CUBE,3461,412270,412423,153
CUBE,3465,412504,412657,153
CUBE,3471,412738,412819,81
CUBE,3477,412900,412981,81
CUBE,3483,413071,413224,153
CUBE,3487,413305,413386,81
CUBE,3491,413467,413620,153
CUBE,3497,413701,413854,153
CUBE,3501,413935,414016,81
CUBE,3505,414097,414250,153
CUBE,3509,414331,414412,81
CUBE,3513,414493,414574,81
CUBE,3517,414655,414808,153
CUBE,3521,414889,415042,153
CUBE,3527,415183,415264,81
CUBE,3533,415477,415558,81
CUBE,3539,415771,415924,153
CUBE,3543,416005,416086,81
CUBE,3547,416167,416320,153
CUBE,3553,416401,416554,153
CUBE,3557,416635,416716,81
CUBE,3561,416797,416950,153
CUBE,3565,417031,417112,81
CUBE,3569,417193,417274,81
CUBE,3573,417355,417508,153
CUBE,3577,417589,417742,153
CUBE,3583,417955,418060,105
CUBE,3589,418231,418244,13
CUBE,3595,418593,418674,81
CUBE,3601,418887,419040,153
CUBE,3605,419121,419202,81
CUBE,3609,419283,419436,153
CUBE,3615,419730,419835,105
CUBE,3621,420006,420023,17
CUBE,3627,420368,420449,81
CUBE,3633,420662,420815,153
CUBE,3637,420896,420977,81
CUBE,3641,421058,421211,153
CUBE,3647,421505,421610,105
CUBE,3653,421781,421798,17
CUBE,3659,422143,422224,81
CUBE,3665,422437,422590,153
CUBE,3669,422671,422752,81
CUBE,3673,422833,422986,153
CUBE,3679,423280,423385,105
CUBE,3685,423556,423573,17
CUBE,3691,423918,423999,81
CUBE,3697,424212,424365,153
CUBE,3701,424446,424527,81
CUBE,3705,424608,424761,153
CUBE,3711,425055,425160,105
CUBE,3717,425173,425190,17
CUBE,3723,425483,425564,81
CUBE,3729,425777,425930,153
CUBE,3733,426011,426092,81
CUBE,3737,426173,426326,153
CUBE,3743,426620,426725,105
CUBE,3749,426896,426913,17
CUBE,3755,427258,427339,81
CUBE,3761,427552,427705,153
CUBE,3765,427786,427867,81
CUBE,3769,427948,428101,153
CUBE,3775,428395,428500,105
CUBE,3781,428513,428530,17
CUBE,3787,428823,428904,81
CUBE,3793,429117,429270,153
CUBE,3797,429351,429432,81
CUBE,3801,429513,429666,153
CUBE,3807,429960,430065,105
CUBE,3813,430078,430095,17
CUBE,3820,430196,430213,17
CUBE,3826,430379,430404,25
CUBE,3832,430562,430587,25
CUBE,3838,430745,430770,25
CUBE,3844,430928,430953,25
CUBE,3850,431111,431136,25
CUBE,3856,431294,431319,25
CUBE,3862,431477,431502,25
CUBE,3869,431660,431677,17
CUBE,3875,431843,431868,25
CUBE,3881,432026,432051,25
CUBE,3887,432209,432234,25
CUBE,3893,432392,432417,25
CUBE,3899,432575,432600,25
CUBE,3905,432758,432783,25
CUBE,3911,432941,432966,25
CUBE,3918,433124,433141,17
CUBE,3924,433307,433332,25
CUBE,3930,433490,433515,25
CUBE,3936,433673,433698,25
CUBE,3942,433856,433881,25
CUBE,3948,434039,434064,25
CUBE,3954,434222,434247,25
CUBE,3960,434405,434430,25
CUBE,3967,434588,434605,17
CUBE,3973,434771,434796,25
CUBE,3979,434954,434979,25
CUBE,3985,435137,435162,25
CUBE,3991,435320,435345,25
CUBE,3997,435503,435528,25
CUBE,4003,435686,435711,25
CUBE,4009,435869,435894,25
CUBE,4016,436227,436308,81
CUBE,4022,436521,436674,153
CUBE,4026,436755,436836,81
CUBE,4030,436917,437070,153
CUBE,4036,437151,437232,81
CUBE,4042,437313,437394,81
CUBE,4048,437475,437628,153
CUBE,4052,437709,437790,81
CUBE,4056,437871,438024,153
CUBE,4062,438105,438258,153
CUBE,4067,438339,438420,81
CUBE,4071,438501,438654,153
CUBE,4075,438735,438816,81
CUBE,4079,438897,438978,81
CUBE,4083,439059,439212,153
CUBE,4087,439293,439446,153
CUBE,4092,439527,439608,81
CUBE,4096,439689,439842,153
CUBE,4103,440217,440298,81
CUBE,4109,440511,440664,153
CUBE,4114,440745,440826,81
CUBE,4118,440907,441060,153
CUBE,4123,441141,441222,81
CUBE,4127,441303,441456,153
CUBE,4134,442239,442320,81
CUBE,4138,442453,442534,81
CUBE,4142,442667,442748,81
CUBE,4148,443042,443123,81
CUBE,4152,443204,443285,81
CUBE,4156,443366,443447,81
CUBE,4160,443528,443609,81
CUBE,4164,443690,443771,81
CUBE,4170,443852,443933,81
CUBE,4174,444014,444095,81
CUBE,4178,444176,444257,81
CUBE,4182,444338,444419,81
CUBE,4186,444500,444581,81
CUBE,4190,444662,444743,81
CUBE,4194,444824,444905,81
CUBE,4200,444986,445067,81
CUBE,4204,445148,445229,81
CUBE,4208,445310,445391,81
CUBE,4212,445472,445553,81
CUBE,4216,445634,445715,81
CUBE,4220,445796,445877,81
CUBE,4224,445958,446039,81
CUBE,4228,446120,446201,81
CUBE,4232,446282,446363,81
CUBE,4238,446444,446525,81
CUBE,4244,446606,446687,81
CUBE,4248,446768,446849,81
CUBE,4252,446930,447011,81
CUBE,4258,447092,447245,153
CUBE,4262,447459,447540,81
CUBE,4266,447621,447702,81
CUBE,4270,447783,447864,81
CUBE,4274,447945,448026,81
CUBE,4278,448107,448188,81
CUBE,4282,448269,448350,81
CUBE,4286,448431,448512,81
CUBE,4290,448593,448674,81
CUBE,4294,448755,448836,81
CUBE,4298,448917,448998,81
CUBE,4302,449079,449160,81
CUBE,4306,449241,449394,153
CUBE,4310,449608,449689,81
CUBE,4314,449770,449851,81
CUBE,4318,449932,450013,81
CUBE,4322,450094,450175,81
CUBE,4326,450256,450337,81
CUBE,4330,450418,450499,81
CUBE,4334,450580,450661,81
CUBE,4338,450742,450823,81
CUBE,4342,450904,450985,81
CUBE,4346,451066,451147,81
CUBE,4350,451228,451309,81
CUBE,4354,451390,451543,153
CUBE,4360,451918,451999,81
CUBE,4366,452212,452293,81
CUBE,4372,452506,452659,153
CUBE,4376,452740,452821,81
CUBE,4380,452902,453055,153
CUBE,4384,453136,453217,81
CUBE,4388,453298,453451,153
CUBE,4394,453532,453685,153
CUBE,4400,453766,453847,81
CUBE,4406,453928,454081,153
CUBE,4410,454162,454243,81
CUBE,4414,454324,454477,153
CUBE,4418,454558,454639,81
CUBE,4422,454720,454873,153
CUBE,4428,454954,455107,153
CUBE,4434,455188,455269,81
CUBE,4440,455350,455503,153
CUBE,4444,455584,455665,81
CUBE,4448,455746,455899,153
CUBE,4452,455980,456061,81
CUBE,4456,456142,456295,153
CUBE,4462,456376,456529,153
CUBE,4468,456610,456691,81
CUBE,4474,456772,456925,153
CUBE,4478,457006,457087,81
CUBE,4482,457168,457321,153
CUBE,4486,457402,457483,81
CUBE,4490,457564,457717,153
CUBE,4496,457798,457951,153
CUBE,4502,458032,458113,81
CUBE,4508,458194,458347,153
CUBE,4512,458428,458509,81
CUBE,4516,458590,458743,153
CUBE,4520,458824,458905,81
CUBE,4524,458986,459139,153
CUBE,4530,459220,459373,153
CUBE,4536,459454,459535,81
CUBE,4542,459616,459769,153
CUBE,4546,459850,459931,81
CUBE,4550,460012,460165,153
CUBE,4554,460246,460327,81
CUBE,4558,460408,460561,153
CUBE,4564,460642,460795,153
CUBE,4570,460876,460957,81
CUBE,4576,461038,461191,153
CUBE,4580,461272,461353,81
CUBE,4584,461434,461587,153
CUBE,4588,461668,461749,81
CUBE,4592,461830,461983,153
CUBE,4598,462064,462217,153
CUBE,4602,462298,462379,81
CUBE,4606,462460,462541,81
CUBE,4610,462622,462703,81
CUBE,4614,462784,462865,81
CUBE,4618,462946,463027,81
CUBE,4622,463108,463189,81
CUBE,4626,463270,463351,81
CUBE,4630,463432,463513,81
CUBE,4634,463594,463675,81
CUBE,4638,463756,463837,81
CUBE,4642,463918,463999,81
CUBE,4646,464080,464233,153
CUBE,4650,464314,464395,81
CUBE,4654,464476,464557,81
CUBE,4658,464638,464791,153
CUBE,4662,464872,465025,153
CUBE,4666,465106,465187,81
CUBE,4670,465268,465421,153
CUBE,4674,465502,465655,153
CUBE,4678,465736,465817,81
CUBE,4682,465898,466051,153
CUBE,4686,466132,466285,153
CUBE,4690,466366,466447,81
CUBE,4694,466528,466681,153
CUBE,4698,466762,466915,153
CUBE,4702,466996,467077,81
CUBE,4706,467158,467311,153
CUBE,4710,467392,467545,153
CUBE,4714,467626,467707,81
CUBE,4718,467788,467941,153
CUBE,4722,468022,468175,153
CUBE,4726,468256,468337,81
CUBE,4730,468418,468571,153
CUBE,4734,468652,468805,153
CUBE,4738,468886,468967,81
CUBE,4742,469048,469129,81
CUBE,4746,469210,469291,81
CUBE,4750,469372,469453,81
CUBE,4754,469534,469615,81
CUBE,4758,469696,469777,81
CUBE,4762,469858,469939,81
CUBE,4766,470020,470101,81
CUBE,4770,470182,470263,81
CUBE,4774,470344,470425,81
CUBE,4778,470506,470587,81
CUBE,4782,470668,470821,153
CUBE,4786,470902,470983,81
CUBE,4790,471064,471145,81
CUBE,4794,471226,471379,153
CUBE,4798,471460,471613,153
CUBE,4802,471694,471775,81
CUBE,4806,471856,472009,153
CUBE,4810,472090,472243,153
CUBE,4814,472324,472405,81
CUBE,4818,472486,472639,153
CUBE,4822,472720,472873,153
CUBE,4826,472954,473035,81
CUBE,4830,473116,473269,153
CUBE,4834,473350,473503,153
CUBE,4838,473584,473665,81
CUBE,4842,473746,473899,153
CUBE,4846,473980,474133,153
CUBE,4850,474214,474295,81
CUBE,4854,474376,474529,153
CUBE,4858,474610,474763,153
CUBE,4862,474844,474925,81
CUBE,4866,475006,475159,153
CUBE,4870,475240,475393,153
CUBE,4876,475534,475615,81
CUBE,4884,475771,475788,17
CUBE,4892,476089,476114,25
CUBE,4900,476407,476432,25
CUBE,4908,476725,476750,25
CUBE,4916,477043,477068,25
CUBE,4924,477361,477386,25
CUBE,4932,477679,477704,25
CUBE,4938,477862,477879,17
CUBE,4946,478180,478205,25
CUBE,4952,478363,478380,17
CUBE,4960,478681,478698,17
CUBE,4968,478999,479024,25
CUBE,4976,479317,479342,25
CUBE,4984,479635,479660,25
CUBE,4992,479953,479978,25
CUBE,5000,480271,480296,25
CUBE,5008,480589,480614,25
CUBE,5014,480772,480789,17
CUBE,5022,481090,481115,25
CUBE,5028,481273,481298,25
CUBE,5036,481591,481608,17
CUBE,5044,481909,481934,25
CUBE,5052,482227,482252,25
CUBE,5060,482545,482570,25
CUBE,5068,482863,482888,25
CUBE,5076,483181,483206,25
CUBE,5084,483499,483524,25
CUBE,5090,483682,483699,17
CUBE,5098,484000,484025,25
CUBE,5104,484183,484208,25
CUBE,5112,484501,484518,17
CUBE,5120,484819,484844,25
CUBE,5128,485137,485162,25
CUBE,5136,485455,485480,25
CUBE,5144,485773,485798,25
CUBE,5152,486091,486116,25
CUBE,5160,486409,486434,25
CUBE,5166,486592,486609,17
CUBE,5174,486910,486935,25
CUBE,5180,487093,487118,25
CUBE,5188,487411,487428,17
CUBE,5196,487729,487754,25
CUBE,5204,488047,488072,25
CUBE,5212,488365,488390,25
CUBE,5220,488683,488708,25
CUBE,5228,489001,489026,25
CUBE,5236,489319,489344,25
CUBE,5242,489502,489519,17
CUBE,5250,489820,489845,25
CUBE,5256,490028,490053,25
CUBE,5264,490346,490363,17
CUBE,5272,490681,490706,25
CUBE,5280,491041,491066,25
CUBE,5288,491401,491426,25
CUBE,5296,491761,491786,25
CUBE,5304,492121,492146,25
CUBE,5312,492481,492506,25
CUBE,5318,492689,492706,17
CUBE,5326,493024,493049,25
CUBE,5332,493207,493232,25
CUBE,5340,493525,493542,17
CUBE,5348,493843,493868,25
CUBE,5356,494161,494186,25
CUBE,5364,494479,494504,25
CUBE,5372,494797,494822,25
CUBE,5380,495115,495140,25
CUBE,5388,495433,495458,25
CUBE,5394,495616,495633,17
CUBE,5402,495917,495942,25
CUBE,5408,496100,496125,25
CUBE,5418,496418,496435,17
CUBE,5426,496736,496761,25
CUBE,5434,497054,497079,25
CUBE,5442,497372,497397,25
CUBE,5450,497690,497715,25
CUBE,5458,498008,498033,25
CUBE,5466,498326,498351,25
CUBE,5472,498509,498526,17
CUBE,5480,498827,498852,25
CUBE,5486,499145,499170,25
CUBE,5492,499328,499345,17
CUBE,5498,499511,499528,17
CUBE,5504,499694,499711,17
CUBE,5510,499877,499902,25
CUBE,5516,500060,500085,25
CUBE,5522,500243,500268,25
CUBE,5528,500426,500451,25
CUBE,5534,500609,500634,25
CUBE,5540,500792,500817,25
CUBE,5548,501110,501135,25
CUBE,5554,501293,501310,17
CUBE,5560,501476,501501,25
CUBE,5566,501659,501676,17
CUBE,5572,501842,501867,25
CUBE,5578,502025,502050,25
CUBE,5584,502208,502233,25
CUBE,5590,502391,502416,25
CUBE,5596,502574,502599,25
CUBE,5602,502757,502782,25
CUBE,5610,503075,503100,25
CUBE,5616,503258,503275,17
CUBE,5622,503441,503466,25
CUBE,5628,503624,503641,17
CUBE,5634,503807,503832,25
CUBE,5640,503990,504015,25
CUBE,5646,504173,504198,25
CUBE,5652,504356,504381,25
CUBE,5658,504539,504564,25
CUBE,5664,504722,504747,25
CUBE,5672,505040,505065,25
CUBE,5678,505223,505240,17
CUBE,5684,505406,505431,25
CUBE,5690,505589,505606,17
CUBE,5696,505772,505797,25
CUBE,5702,505955,505980,25
CUBE,5708,506138,506163,25
CUBE,5714,506321,506346,25
CUBE,5720,506504,506529,25
CUBE,5726,506687,506712,25
CUBE,5734,507005,507030,25
CUBE,5740,507188,507205,17
CUBE,5746,507371,507396,25
CUBE,5752,507554,507571,17
CUBE,5758,507737,507762,25
CUBE,5764,507920,507945,25
CUBE,5770,508103,508128,25
CUBE,5776,508286,508311,25
CUBE,5782,508469,508494,25
CUBE,5788,508652,508677,25
CUBE,5796,508970,508995,25
CUBE,5802,509153,509170,17
CUBE,5808,509336,509361,25
CUBE,5814,509519,509536,17
CUBE,5820,509702,509727,25
CUBE,5826,509885,509910,25
CUBE,5832,510068,510093,25
CUBE,5838,510251,510276,25
CUBE,5844,510434,510459,25
CUBE,5850,510617,510642,25
CUBE,5858,510952,510977,25
CUBE,5864,511160,511177,17
CUBE,5870,511343,511368,25
CUBE,5876,511526,511543,17
CUBE,5882,511709,511734,25
CUBE,5888,511892,511917,25
CUBE,5894,512075,512100,25
CUBE,5900,512258,512283,25
CUBE,5906,512441,512466,25
CUBE,5912,512624,512649,25
CUBE,5920,512942,512967,25
CUBE,5926,513125,513142,17
CUBE,5932,513308,513333,25
CUBE,5938,513491,513516,25
CUBE,5944,513657,513682,25
CUBE,5950,513823,513840,17
CUBE,5956,514006,514031,25
CUBE,5962,514189,514214,25
CUBE,5968,514372,514397,25
CUBE,5974,514555,514580,25
CUBE,5980,514738,514763,25
CUBE,5986,514921,514946,25
CUBE,5992,515104,515129,25
CUBE,5998,515287,515312,25
CUBE,6004,515453,515494,41
CUBE,6010,515619,515636,17
CUBE,6016,515802,515827,25
CUBE,6022,515985,516010,25
CUBE,6028,516168,516193,25
CUBE,6034,516351,516376,25
CUBE,6040,516534,516559,25
CUBE,6046,516717,516742,25
CUBE,6052,516900,516925,25
CUBE,6058,517083,517108,25
CUBE,6064,517249,517290,41
CUBE,6070,517415,517432,17
CUBE,6076,517598,517623,25
CUBE,6082,517781,517806,25
CUBE,6088,517964,517989,25
CUBE,6094,518147,518172,25
CUBE,6100,518330,518355,25
CUBE,6106,518513,518538,25
CUBE,6112,518696,518721,25
CUBE,6118,518879,518904,25
CUBE,6124,519045,519086,41
CUBE,6130,519211,519228,17
CUBE,6136,519394,519419,25
CUBE,6142,519577,519602,25
CUBE,6148,519760,519785,25
CUBE,6154,519943,519968,25
CUBE,6160,520126,520151,25
CUBE,6166,520309,520334,25
CUBE,6172,520492,520517,25
CUBE,6178,520675,520700,25
CUBE,6184,520841,520882,41
CUBE,6190,521007,521024,17
CUBE,6196,521190,521215,25
CUBE,6202,521373,521398,25
CUBE,6208,521556,521581,25
CUBE,6214,521739,521764,25
CUBE,6220,521922,521947,25
CUBE,6226,522105,522130,25
CUBE,6232,522288,522313,25
CUBE,6238,522471,522496,25
CUBE,6244,522637,522678,41
CUBE,6250,522861,522878,17
CUBE,6256,523044,523069,25
CUBE,6262,523227,523252,25
CUBE,6268,523410,523435,25
CUBE,6274,523593,523618,25
CUBE,6280,523776,523801,25
CUBE,6286,523959,523984,25
CUBE,6292,524142,524167,25
CUBE,6298,524325,524350,25
CUBE,6304,524491,524532,41
CUBE,6310,524657,524674,17
CUBE,6316,524840,524865,25
CUBE,6322,525023,525048,25
CUBE,6328,525206,525231,25
CUBE,6334,525389,525414,25
CUBE,6340,525572,525597,25
CUBE,6346,525755,525780,25
CUBE,6352,525938,525963,25
CUBE,6358,526121,526146,25
CUBE,6364,526287,526304,17
CUBE,6370,526470,526495,25
CUBE,6376,526653,526678,25
CUBE,6382,526836,526861,25
CUBE,6388,527019,527044,25
CUBE,6394,527202,527227,25
CUBE,6400,527385,527410,25
CUBE,6406,527568,527593,25
CUBE,6412,527751,527792,41
CUBE,6418,527917,527942,25
CUBE,6424,528083,528108,25
CUBE,6430,528249,528290,41
CUBE,6436,528415,528456,41
CUBE,6442,528581,528622,41
CUBE,6448,528747,528788,41
CUBE,6454,528913,528954,41
CUBE,6460,529079,529120,41
CUBE,6466,529245,529262,17
CUBE,6472,529428,529453,25
CUBE,6478,529611,529636,25
CUBE,6484,529794,529819,25
CUBE,6490,529977,530002,25
CUBE,6496,530160,530185,25
CUBE,6502,530343,530368,25
CUBE,6508,530526,530551,25
CUBE,6514,530709,530750,41
CUBE,6520,530875,530916,41
CUBE,6526,531041,531066,25
CUBE,6532,531207,531248,41
CUBE,6538,531373,531414,41
CUBE,6544,531539,531580,41
CUBE,6550,531705,531746,41
CUBE,6556,531871,531912,41
CUBE,6562,532037,532078,41
CUBE,6568,532203,532220,17
CUBE,6574,532386,532411,25
CUBE,6580,532569,532594,25
CUBE,6586,532752,532777,25
CUBE,6592,532935,532960,25
CUBE,6598,533118,533143,25
CUBE,6604,533301,533326,25
CUBE,6610,533484,533509,25
CUBE,6616,533667,533708,41
CUBE,6622,533833,533874,41
CUBE,6628,533999,534024,25
CUBE,6634,534165,534206,41
CUBE,6640,534331,534372,41
CUBE,6646,534497,534538,41
CUBE,6652,534663,534704,41
CUBE,6658,534829,534870,41
CUBE,6664,534995,535036,41
CUBE,6670,535161,535178,17
CUBE,6676,535344,535369,25
CUBE,6682,535527,535552,25
CUBE,6688,535710,535735,25
CUBE,6694,535893,535918,25
CUBE,6700,536076,536101,25
CUBE,6706,536259,536284,25
CUBE,6712,536442,536467,25
CUBE,6718,536625,536666,41
CUBE,6724,536791,536832,41
CUBE,6730,536957,536982,25
CUBE,6736,537123,537164,41
CUBE,6742,537289,537330,41
CUBE,6748,537455,537496,41
CUBE,6754,537621,537662,41
CUBE,6760,537787,537828,41
CUBE,6766,537953,537994,41
CUBE,6772,538119,538136,17
CUBE,6778,538302,538327,25
CUBE,6784,538485,538510,25
CUBE,6790,538668,538693,25
CUBE,6796,538851,538876,25
CUBE,6802,539034,539059,25
CUBE,6808,539217,539242,25
CUBE,6814,539400,539425,25
CUBE,6820,539583,539624,41
CUBE,6826,539749,539790,41
CUBE,6832,539915,539940,25
CUBE,6838,540081,540122,41
CUBE,6844,540247,540288,41
CUBE,6850,540413,540454,41
CUBE,6856,540579,540620,41
CUBE,6862,540745,540786,41
CUBE,6868,540969,541010,41
CUBE,6874,541135,541152,17
CUBE,6880,541318,541343,25
CUBE,6886,541501,541526,25
CUBE,6892,541684,541709,25
CUBE,6898,541867,541892,25
CUBE,6904,542050,542075,25
CUBE,6910,542233,542258,25
CUBE,6916,542416,542441,25
CUBE,6922,542599,542640,41
CUBE,6928,542765,542806,41
CUBE,6934,542931,542956,25
CUBE,6940,543097,543138,41
CUBE,6946,543263,543304,41
CUBE,6952,543429,543470,41
CUBE,6958,543595,543636,41
CUBE,6964,543819,543860,41
CUBE,6970,543985,544026,41
CUBE,6976,544151,544168,17
CUBE,6982,544334,544359,25
CUBE,6988,544517,544542,25
CUBE,6994,544700,544725,25
CUBE,7000,544883,544908,25
CUBE,7006,545066,545091,25
CUBE,7012,545249,545274,25
CUBE,7018,545432,545457,25
CUBE,7024,545615,545656,41
CUBE,7030,545781,545822,41
CUBE,7038,545947,545972,25
CUBE,7044,546155,546196,41
CUBE,7050,546321,546362,41
CUBE,7056,546487,546528,41
CUBE,7062,546653,546694,41
CUBE,7068,546819,546860,41
CUBE,7074,546985,547026,41
CUBE,7080,547151,547168,17
CUBE,7086,547334,547359,25
CUBE,7092,547517,547542,25
CUBE,7098,547700,547725,25
CUBE,7104,547883,547908,25
CUBE,7110,548066,548091,25
CUBE,7116,548249,548274,25
CUBE,7122,548432,548457,25
CUBE,7128,548615,548656,41
CUBE,7134,548978,549019,41
CUBE,7140,549161,549186,25
CUBE,7146,549327,549352,25
CUBE,7152,549493,549534,41
CUBE,7158,549659,549700,41
CUBE,7164,549825,549866,41
CUBE,7170,549991,550032,41
CUBE,7176,550157,550198,41
CUBE,7182,550323,550364,41
CUBE,7190,550686,550727,41
CUBE,7196,550869,550910,41
CUBE,7202,551035,551060,25
CUBE,7208,551201,551242,41
CUBE,7214,551367,551408,41
CUBE,7220,551533,551574,41
CUBE,7226,551699,551740,41
CUBE,7232,551865,551906,41
CUBE,7238,552089,552130,41
CUBE,7246,552452,552493,41
CUBE,7252,552635,552676,41
CUBE,7258,552859,552884,25
CUBE,7264,553025,553066,41
CUBE,7270,553191,553232,41
CUBE,7276,553357,553398,41
CUBE,7282,553581,553622,41
CUBE,7288,553805,553846,41
CUBE,7294,554029,554070,41
CUBE,7302,554450,554491,41
CUBE,7308,554674,554715,41
CUBE,7314,554840,554865,25
CUBE,7320,555006,555047,41
CUBE,7326,555230,555271,41
CUBE,7332,555454,555495,41
CUBE,7338,555678,555719,41
CUBE,7344,555902,555943,41
CUBE,7350,556126,556167,41
CUBE,7358,556547,556588,41
CUBE,7364,556771,556812,41
CUBE,7370,556937,556962,25
CUBE,7376,557103,557144,41
CUBE,7382,557327,557368,41
CUBE,7388,557551,557592,41
CUBE,7394,557775,557816,41
CUBE,7400,557999,558040,41
CUBE,7406,558223,558264,41
CUBE,7414,558644,558685,41
CUBE,7420,558868,558909,41
CUBE,7426,559034,559059,25
CUBE,7432,559200,559241,41
CUBE,7438,559424,559465,41
CUBE,7444,559648,559689,41
CUBE,7450,559872,559913,41
CUBE,7456,560096,560137,41
CUBE,7462,560320,560361,41
CUBE,7470,560741,560782,41
CUBE,7476,560965,561006,41
CUBE,7482,561131,561156,25
CUBE,7488,561297,561338,41
CUBE,7494,561521,561562,41
CUBE,7500,561687,561728,41
CUBE,7506,561853,561894,41
CUBE,7512,562019,562060,41
CUBE,7518,562185,562226,41
CUBE,7526,562548,562589,41
CUBE,7532,562772,562813,41
CUBE,7536,562894,562975,81
CUBE,7540,563056,563137,81
CUBE,7544,563218,563299,81
CUBE,7548,563380,563461,81
CUBE,7552,563542,563623,81
CUBE,7556,563704,563785,81
CUBE,7560,563866,563947,81
CUBE,7564,564028,564109,81
CUBE,7568,564190,564271,81
CUBE,7572,564352,564433,81
CUBE,7576,564514,564595,81
CUBE,7580,564676,564829,153
CUBE,7584,564910,564991,81
CUBE,7588,565072,565153,81
CUBE,7592,565234,565387,153
CUBE,7596,565468,565621,153
CUBE,7600,565702,565783,81
CUBE,7604,565864,566017,153
CUBE,7608,566098,566251,153
CUBE,7612,566332,566413,81
CUBE,7616,566494,566647,153
CUBE,7620,566728,566881,153
CUBE,7624,566962,567043,81
CUBE,7628,567124,567277,153
CUBE,7632,567358,567511,153
CUBE,7636,567592,567673,81
CUBE,7640,567754,567907,153
CUBE,7644,567988,568141,153
CUBE,7648,568222,568303,81
CUBE,7652,568384,568537,153
CUBE,7656,568618,568771,153
CUBE,7660,568852,568933,81
CUBE,7664,569014,569167,153
CUBE,7668,569248,569401,153
CUBE,7672,569482,569563,81
CUBE,7676,569580,569605,25
CUBE,7680,569622,569647,25
CUBE,7684,569664,569689,25
CUBE,7688,569706,569747,41
CUBE,7692,569764,569789,25
CUBE,7696,569806,569847,41
CUBE,7700,569864,569889,25
CUBE,7704,569906,569947,41
CUBE,7708,569964,569989,25
CUBE,7712,570006,570047,41
CUBE,7716,570064,570089,25
CUBE,7720,570106,570147,41
CUBE,7724,570164,570189,25
CUBE,7728,570206,570247,41
CUBE,7732,570264,570289,25
CUBE,7736,570306,570347,41
CUBE,7740,570364,570389,25
CUBE,7744,572138,572163,25
CUBE,7748,572544,572585,41
CUBE,7752,572602,572643,41
CUBE,7756,572660,572701,41
CUBE,7760,572718,572759,41
CUBE,7764,572776,572817,41
CUBE,7768,572834,572875,41
CUBE,7772,572892,572933,41
CUBE,7776,572950,572991,41
CUBE,7780,573008,573033,25
CUBE,7784,573050,573091,41
CUBE,7788,573108,573149,41
CUBE,7792,573166,573207,41
CUBE,7796,573224,573265,41
CUBE,7800,573282,573323,41
CUBE,7804,573340,573381,41
CUBE,7808,573398,573439,41
CUBE,7812,573456,573497,41
CUBE,7816,573514,573539,25
CUBE,7820,573556,573597,41
CUBE,7824,573614,573655,41
CUBE,7828,573672,573713,41
CUBE,7832,573730,573771,41
CUBE,7836,573788,573829,41
CUBE,7840,573846,573887,41
CUBE,7844,573904,573945,41
CUBE,7848,573962,574003,41
CUBE,7852,574020,574045,25
CUBE,7856,574062,574103,41
CUBE,7860,574120,574161,41
CUBE,7864,574178,574219,41
CUBE,7868,574236,574277,41
CUBE,7872,574294,574335,41
CUBE,7876,574352,574393,41
CUBE,7880,574410,574451,41
CUBE,7884,574468,574509,41
CUBE,7888,574526,574551,25
CUBE,7892,574568,574609,41
CUBE,7896,574626,574667,41
CUBE,7900,574684,574725,41
CUBE,7904,574742,574783,41
CUBE,7908,574800,574841,41
CUBE,7912,574858,574899,41
CUBE,7916,574916,574957,41
CUBE,7920,574974,575015,41
CUBE,7924,575032,575057,25
CUBE,7928,575074,575115,41
CUBE,7932,575132,575173,41
CUBE,7936,575190,575231,41
CUBE,7940,575248,575289,41
CUBE,7944,575306,575347,41
CUBE,7948,575364,575405,41
CUBE,7952,575422,575463,41
CUBE,7956,575480,575521,41
CUBE,7962,575538,575563,25
CUBE,7966,576340,576381,41
CUBE,7970,576398,576439,41
CUBE,7974,576456,576497,41
CUBE,7978,576514,576555,41
CUBE,7982,576572,576613,41
CUBE,7986,576630,576671,41
CUBE,7990,576688,576729,41
CUBE,7994,576746,576787,41
CUBE,7998,576804,576829,25
CUBE,8002,576846,576871,25
CUBE,8006,576888,576929,41
CUBE,8010,576946,576987,41
CUBE,8014,577004,577045,41
CUBE,8018,577062,577103,41
CUBE,8022,577120,577161,41
CUBE,8026,577178,577219,41
CUBE,8032,577236,577277,41
CUBE,8036,577294,577335,41
CUBE,8040,577352,577377,25
CUBE,8044,577394,577435,41
CUBE,8048,577452,577493,41
CUBE,8052,577510,577551,41
CUBE,8056,577568,577609,41
CUBE,8060,577626,577667,41
CUBE,8064,577684,577725,41
CUBE,8070,577742,577783,41
CUBE,8074,577800,577841,41
CUBE,8078,577858,577883,25
CUBE,8082,577900,577941,41
CUBE,8086,577958,577999,41
CUBE,8090,578016,578057,41
CUBE,8094,578074,578115,41
CUBE,8098,578172,578213,41
CUBE,8102,578338,578379,41
CUBE,8108,578701,578742,41
CUBE,8112,578884,578925,41
CUBE,8116,579050,579075,25
CUBE,8120,579216,579257,41
CUBE,8124,579382,579423,41
CUBE,8128,579548,579589,41
CUBE,8132,579714,579755,41
CUBE,8136,579880,579921,41
CUBE,8140,580046,580087,41
CUBE,8146,580409,580450,41
CUBE,8150,580592,580633,41
CUBE,8154,580758,580783,25
CUBE,8158,580924,580965,41
CUBE,8162,581090,581131,41
CUBE,8166,581256,581297,41
CUBE,8170,581422,581463,41
CUBE,8174,581588,581629,41
CUBE,8178,581754,581795,41
CUBE,8184,582117,582158,41
CUBE,8188,582341,582382,41
CUBE,8192,582507,582532,25
CUBE,8196,582673,582714,41
CUBE,8200,582839,582880,41
CUBE,8204,583005,583046,41
CUBE,8208,583171,583212,41
CUBE,8212,583337,583378,41
CUBE,8216,583503,583544,41
CUBE,8222,583866,583907,41
CUBE,8226,584049,584090,41
CUBE,8230,584215,584240,25
CUBE,8234,584423,584464,41
CUBE,8238,584481,584522,41
CUBE,8242,584539,584580,41
CUBE,8246,584597,584638,41
CUBE,8250,584655,584696,41
CUBE,8254,584713,584754,41
CUBE,8260,584771,584812,41
CUBE,8264,584829,584870,41
CUBE,8268,585026,585107,81
CUBE,8272,585188,585269,81
CUBE,8276,585350,585431,81
CUBE,8280,585512,585593,81
CUBE,8284,585674,585755,81
CUBE,8288,585836,585917,81
CUBE,8292,585998,586079,81
CUBE,8296,586160,586241,81
CUBE,8300,586322,586403,81
CUBE,8304,586484,586565,81
CUBE,8308,586646,586727,81
CUBE,8312,586808,586961,153
CUBE,8316,587042,587123,81
CUBE,8320,587204,587285,81
CUBE,8324,587366,587519,153
CUBE,8328,587600,587753,153
CUBE,8332,587834,587915,81
CUBE,8336,587996,588149,153
CUBE,8340,588230,588383,153
CUBE,8344,588464,588545,81
CUBE,8348,588626,588779,153
CUBE,8352,588860,589013,153
CUBE,8356,589094,589175,81
CUBE,8360,589256,589409,153
CUBE,8364,589490,589643,153
CUBE,8368,589724,589805,81
CUBE,8372,589886,590039,153
CUBE,8376,590120,590273,153
CUBE,8380,590354,590435,81
CUBE,8384,590516,590669,153
CUBE,8388,590750,590903,153
CUBE,8392,590984,591065,81
CUBE,8396,591146,591299,153
CUBE,8400,591429,591582,153
CUBE,8404,592087,592168,81
CUBE,8408,592405,592430,25
CUBE,8412,592588,592613,25
CUBE,8416,592889,592914,25
CUBE,8420,593072,593113,41
CUBE,8424,593373,593398,25
CUBE,8428,593556,593597,41
CUBE,8432,593857,593882,25
CUBE,8436,594040,594081,41
CUBE,8440,594341,594366,25
CUBE,8444,594524,594565,41
CUBE,8448,594825,594850,25
CUBE,8452,595008,595049,41
CUBE,8456,595367,595392,25
CUBE,8460,595550,595591,41
CUBE,8464,595909,595934,25
CUBE,8468,596252,596293,41
CUBE,8472,596435,596460,25
CUBE,8476,598333,598358,25
CUBE,8480,598739,598780,41
CUBE,8484,598797,598838,41
CUBE,8488,598855,598896,41
CUBE,8492,598913,598954,41
CUBE,8496,598971,599012,41
CUBE,8500,599029,599070,41
CUBE,8504,599087,599128,41
CUBE,8508,599145,599186,41
CUBE,8512,599203,599228,25
CUBE,8516,599245,599286,41
CUBE,8520,599303,599344,41
CUBE,8524,599361,599402,41
CUBE,8528,599419,599460,41
CUBE,8532,599554,599595,41
CUBE,8536,599720,599761,41
CUBE,8540,600021,600062,41
CUBE,8544,600204,600245,41
CUBE,8548,600370,600395,25
CUBE,8552,600536,600577,41
CUBE,8556,600702,600743,41
CUBE,8560,600868,600909,41
CUBE,8564,601034,601075,41
CUBE,8568,601200,601241,41
CUBE,8572,601366,601407,41
CUBE,8576,601667,601708,41
CUBE,8580,601850,601891,41
CUBE,8584,602016,602041,25
CUBE,8588,602182,602223,41
CUBE,8592,602348,602389,41
CUBE,8596,602514,602555,41
CUBE,8600,602738,602779,41
CUBE,8604,602962,603003,41
CUBE,8608,603186,603227,41
CUBE,8612,603545,603586,41
CUBE,8616,603728,603769,41
CUBE,8620,603894,603919,25
CUBE,8624,604668,604709,41
CUBE,8628,604726,604767,41
CUBE,8632,604865,604906,41
CUBE,8636,605031,605072,41
CUBE,8640,605197,605238,41
CUBE,8644,605363,605404,41
CUBE,8648,605664,605705,41
CUBE,8652,605847,605888,41
CUBE,8656,606013,606038,25
CUBE,8660,606179,606220,41
CUBE,8664,606345,606386,41
CUBE,8668,606511,606552,41
CUBE,8672,606677,606718,41
CUBE,8676,606843,606884,41
CUBE,8680,607009,607050,41
CUBE,8684,607310,607351,41
CUBE,8688,607493,607534,41
CUBE,8694,607659,607684,25
CUBE,8698,608129,608170,41
CUBE,8702,608187,608228,41
CUBE,8706,608245,608286,41
CUBE,8710,608303,608344,41
CUBE,8714,608361,608402,41
CUBE,8718,608419,608460,41
CUBE,8722,608477,608518,41
CUBE,8726,608674,608715,41
CUBE,8730,608732,608757,25
CUBE,8734,608774,608799,25
CUBE,8738,608816,608857,41
CUBE,8742,608874,608915,41
CUBE,8746,608932,608973,41
CUBE,8750,608990,609031,41
CUBE,8754,609048,609089,41
CUBE,8758,609106,609147,41
CUBE,8764,609164,609205,41
CUBE,8768,609222,609263,41
CUBE,8772,609280,609305,25
CUBE,8776,609322,609363,41
CUBE,8780,609380,609421,41
CUBE,8784,609438,609479,41
CUBE,8788,609496,609537,41
CUBE,8792,609554,609595,41
CUBE,8796,609612,609653,41
CUBE,8802,609670,609711,41
CUBE,8806,609728,609769,41
CUBE,8810,609786,609811,25
CUBE,8814,609828,609869,41
CUBE,8818,609886,609927,41
CUBE,8822,609944,609985,41
CUBE,8826,610002,610043,41
CUBE,8830,610060,610101,41
CUBE,8834,610118,610159,41
CUBE,8840,610176,610217,41
CUBE,8844,610234,610275,41
CUBE,8848,610292,610317,25
CUBE,8852,610334,610375,41
CUBE,8856,610392,610433,41
CUBE,8860,610450,610491,41
CUBE,8864,610508,610549,41
CUBE,8868,610566,610607,41
CUBE,8872,610624,610665,41
CUBE,8878,610682,610723,41
CUBE,8882,610740,610781,41
CUBE,8886,610798,610823,25
CUBE,8890,610840,610881,41
CUBE,8894,610898,610939,41
CUBE,8898,610956,610997,41
CUBE,8902,611014,611055,41
CUBE,8906,611072,611113,41
CUBE,8910,611130,611171,41
CUBE,8916,611188,611229,41
CUBE,8920,611246,611287,41
CUBE,8924,611304,611329,25
CUBE,8928,611346,611387,41
CUBE,8932,611404,611445,41
CUBE,8936,611462,611503,41
CUBE,8940,611520,611561,41
CUBE,8944,611578,611619,41
CUBE,8948,611636,611677,41
CUBE,8954,611694,611735,41
CUBE,8958,611752,611793,41
CUBE,8962,611810,611835,25
CUBE,8966,611852,611893,41
CUBE,8970,611910,611951,41
CUBE,8974,611968,612009,41
CUBE,8978,612026,612067,41
CUBE,8982,612084,612125,41
CUBE,8986,612142,612183,41
CUBE,8992,612397,612438,41
CUBE,8996,612455,612496,41
CUBE,9002,612873,612954,81
CUBE,9008,613221,613246,25
CUBE,9014,613569,613610,41
CUBE,9020,613917,613958,41
CUBE,9026,614265,614306,41
CUBE,9032,614654,614695,41
CUBE,9038,615002,615043,41
CUBE,9044,615350,615391,41
CUBE,9050,615698,615739,41
CUBE,9054,615756,615781,25
CUBE,9058,615798,615839,41
CUBE,9062,615856,615897,41
CUBE,9066,615914,615955,41
CUBE,9070,615972,616013,41
CUBE,9074,616030,616071,41
CUBE,9078,616088,616129,41
CUBE,9082,616146,616187,41
CUBE,9086,616204,616229,25
CUBE,9090,616246,616287,41
CUBE,9094,616304,616345,41
CUBE,9098,616362,616403,41
CUBE,9102,616420,616461,41
CUBE,9106,616478,616519,41
CUBE,9110,616536,616577,41
CUBE,9114,616594,616635,41
CUBE,9120,616952,617105,153
CUBE,9126,617288,617313,25
CUBE,9132,617454,617495,41
CUBE,9138,617620,617661,41
CUBE,9144,617786,617827,41
CUBE,9150,617952,617993,41
CUBE,9156,618118,618159,41
CUBE,9162,618284,618325,41
CUBE,9168,618450,618491,41
CUBE,9172,618508,618533,25
CUBE,9176,618550,618591,41
CUBE,9180,618608,618649,41
CUBE,9184,618666,618707,41
CUBE,9188,618724,618765,41
CUBE,9192,618782,618823,41
CUBE,9196,618840,618881,41
CUBE,9200,618898,618939,41
CUBE,9204,618956,618981,25
CUBE,9208,618998,619039,41
CUBE,9212,619056,619097,41
CUBE,9216,619114,619155,41
CUBE,9220,619172,619213,41
CUBE,9224,619230,619271,41
CUBE,9228,619288,619329,41
CUBE,9232,619346,619387,41
CUBE,9238,619704,619857,153
CUBE,9244,619874,619899,25
CUBE,9250,619972,620013,41
CUBE,9256,620138,620179,41
CUBE,9262,620304,620345,41
CUBE,9268,620767,620808,41
CUBE,9274,620825,620866,41
CUBE,9280,620883,620924,41
CUBE,9286,621026,621067,41
CUBE,9290,621084,621109,25
CUBE,9294,621126,621167,41
CUBE,9298,621184,621225,41
CUBE,9302,621242,621283,41
CUBE,9306,621300,621341,41
CUBE,9310,621358,621399,41
CUBE,9314,621416,621457,41
CUBE,9318,621474,621515,41
CUBE,9322,621532,621557,25
CUBE,9326,621574,621615,41
CUBE,9330,621632,621673,41
CUBE,9334,621690,621731,41
CUBE,9338,621748,621789,41
CUBE,9342,621806,621847,41
CUBE,9346,621864,621905,41
CUBE,9350,621922,621963,41
CUBE,9356,622297,622450,153
CUBE,9362,622467,622492,25
CUBE,9368,622565,622606,41
CUBE,9374,622731,622772,41
CUBE,9380,622897,622938,41
CUBE,9386,623063,623104,41
CUBE,9392,623229,623270,41
CUBE,9398,623453,623494,41
CUBE,9404,623619,623660,41
CUBE,9408,623677,623702,25
CUBE,9412,623719,623760,41
CUBE,9416,623777,623818,41
CUBE,9420,623835,623876,41
CUBE,9424,623893,623934,41
CUBE,9428,623951,623992,41
CUBE,9432,624009,624050,41
CUBE,9436,624067,624108,41
CUBE,9440,624125,624150,25
CUBE,9444,624167,624208,41
CUBE,9448,624225,624266,41
CUBE,9452,624283,624324,41
CUBE,9456,624341,624382,41
CUBE,9460,624399,624440,41
CUBE,9464,624457,624498,41
CUBE,9468,624515,624556,41
CUBE,9474,624931,625084,153
CUBE,9480,625101,625126,25
CUBE,9486,625630,625671,41
CUBE,9492,625813,625854,41
CUBE,9498,625979,626020,41
CUBE,9504,626145,626186,41
CUBE,9510,626311,626352,41
CUBE,9516,626477,626518,41
CUBE,9522,626643,626684,41
CUBE,9526,626701,626726,25
CUBE,9530,626743,626784,41
CUBE,9534,626801,626842,41
CUBE,9538,626859,626900,41
CUBE,9542,626917,626958,41
CUBE,9546,626975,627016,41
CUBE,9550,627033,627074,41
CUBE,9554,627091,627132,41
CUBE,9558,627149,627174,25
CUBE,9562,627191,627232,41
CUBE,9566,627249,627290,41
CUBE,9570,627307,627348,41
CUBE,9574,627365,627406,41
CUBE,9578,627423,627464,41
CUBE,9582,627481,627522,41
CUBE,9586,627539,627580,41
CUBE,9592,627914,628067,153
CUBE,9598,628084,628109,25
CUBE,9604,628613,628654,41
CUBE,9610,628796,628837,41
CUBE,9616,628962,629003,41
CUBE,9622,629128,629169,41
CUBE,9628,629294,629335,41
CUBE,9634,629460,629501,41
CUBE,9640,629626,629667,41
CUBE,9644,629684,629709,25
CUBE,9648,629726,629767,41
CUBE,9652,629784,629825,41
CUBE,9656,629842,629883,41
CUBE,9660,629900,629941,41
CUBE,9664,629958,629999,41
CUBE,9668,630016,630057,41
CUBE,9672,630074,630115,41
CUBE,9676,630132,630157,25
CUBE,9680,630174,630215,41
CUBE,9684,630232,630273,41
CUBE,9688,630290,630331,41
CUBE,9692,630348,630389,41
CUBE,9696,630406,630447,41
CUBE,9700,630464,630505,41
CUBE,9704,630522,630563,41
CUBE,9710,630938,631091,153
CUBE,9716,631121,631146,25
CUBE,9722,631455,631496,41
CUBE,9728,631679,631720,41
CUBE,9734,631845,631886,41
CUBE,9740,632011,632052,41
CUBE,9746,632177,632218,41
CUBE,9752,632343,632384,41
CUBE,9758,632509,632550,41
CUBE,9762,632567,632592,25
CUBE,9766,632609,632650,41
CUBE,9770,632667,632708,41
CUBE,9774,632725,632766,41
CUBE,9778,632783,632824,41
CUBE,9782,632841,632882,41
CUBE,9786,632899,632940,41
CUBE,9790,632957,632998,41
CUBE,9794,633015,633040,25
CUBE,9798,633057,633098,41
CUBE,9802,633115,633156,41
CUBE,9806,633173,633214,41
CUBE,9810,633231,633272,41
CUBE,9814,633289,633330,41
CUBE,9818,633347,633388,41
CUBE,9822,633405,633446,41
CUBE,9828,633763,633916,153
CUBE,9832,633997,634078,81
CUBE,9836,634159,634240,81
CUBE,9840,634321,634402,81
CUBE,9844,634483,634564,81
CUBE,9848,634645,634726,81
CUBE,9852,634807,634888,81
CUBE,9856,634969,635050,81
CUBE,9860,635131,635212,81
CUBE,9864,635293,635374,81
CUBE,9868,635455,635536,81
CUBE,9872,635617,635770,153
CUBE,9876,635851,635932,81
CUBE,9880,636013,636094,81
CUBE,9884,636175,636328,153
CUBE,9888,636409,636562,153
CUBE,9892,636643,636724,81
CUBE,9896,636805,636958,153
CUBE,9900,637039,637192,153
CUBE,9904,637273,637354,81
CUBE,9908,637435,637588,153
CUBE,9912,637669,637822,153
CUBE,9916,637903,637984,81
CUBE,9920,638065,638218,153
CUBE,9924,638299,638452,153
CUBE,9928,638533,638614,81
CUBE,9932,638695,638848,153
CUBE,9936,638929,639082,153
CUBE,9940,639163,639244,81
CUBE,9944,639325,639478,153
CUBE,9948,639559,639712,153
CUBE,9952,640087,640168,81
CUBE,9956,640462,640615,153
CUBE,9960,641273,641426,153
CUBE,9964,642448,642529,81
CUBE,9968,642766,642791,25
CUBE,9972,642949,642974,25
CUBE,9976,643250,643275,25
CUBE,9980,644101,644142,41
CUBE,9984,644419,644444,25
CUBE,9988,644602,644643,41
CUBE,9992,644903,644928,25
CUBE,9996,645086,645127,41
CUBE,10000,645387,645412,25
CUBE,10004,645570,645611,41
CUBE,10008,645871,645896,25
CUBE,10012,646054,646095,41
CUBE,10016,646355,646380,25
CUBE,10020,646538,646579,41
CUBE,10024,646839,646864,25
CUBE,10028,647157,647198,41
CUBE,10032,647340,647365,25
CUBE,10036,648570,648595,25
CUBE,10040,648976,649017,41
CUBE,10044,649159,649200,41
CUBE,10048,649325,649366,41
CUBE,10052,649491,649532,41
CUBE,10056,649657,649698,41
CUBE,10060,649823,649864,41
CUBE,10064,650124,650165,41
CUBE,10068,650307,650348,41
CUBE,10072,650473,650498,25
CUBE,10076,650639,650680,41
CUBE,10080,650805,650846,41
CUBE,10084,650971,651012,41
CUBE,10088,651137,651178,41
CUBE,10092,651303,651344,41
CUBE,10096,651469,651510,41
CUBE,10100,651770,651811,41
CUBE,10104,651953,651994,41
CUBE,10108,652119,652144,25
CUBE,10112,652589,652630,41
CUBE,10116,652772,652813,41
CUBE,10120,652938,652979,41
CUBE,10124,653104,653145,41
CUBE,10128,653270,653311,41
CUBE,10132,653436,653477,41
CUBE,10136,653737,653778,41
CUBE,10140,653920,653961,41
CUBE,10144,654086,654111,25
CUBE,10148,654252,654293,41
CUBE,10152,654418,654459,41
CUBE,10156,654584,654625,41
CUBE,10160,654750,654791,41
CUBE,10164,654916,654957,41
CUBE,10168,655082,655123,41
CUBE,10172,655383,655424,41
CUBE,10176,655566,655607,41
CUBE,10180,655732,655757,25
CUBE,10184,656202,656243,41
CUBE,10188,656385,656426,41
CUBE,10192,656551,656592,41
CUBE,10196,656717,656758,41
CUBE,10200,656883,656924,41
CUBE,10204,657049,657090,41
CUBE,10208,657350,657391,41
CUBE,10212,657533,657574,41
CUBE,10216,657699,657724,25
CUBE,10220,657865,657906,41
CUBE,10224,658031,658072,41
CUBE,10228,658197,658238,41
CUBE,10232,658363,658404,41
CUBE,10236,658529,658570,41
CUBE,10240,658695,658736,41
CUBE,10244,658996,659037,41
CUBE,10248,659179,659220,41
CUBE,10254,659345,659370,25
CUBE,10258,660179,660220,41
CUBE,10262,660237,660278,41
CUBE,10266,660295,660336,41
CUBE,10270,660353,660394,41
CUBE,10274,660411,660452,41
CUBE,10278,660469,660510,41
CUBE,10282,660527,660568,41
CUBE,10286,660585,660626,41
CUBE,10290,660643,660668,25
CUBE,10294,660685,660710,25
CUBE,10298,660727,660768,41
CUBE,10302,660785,660826,41
CUBE,10306,660843,660884,41
CUBE,10310,660901,660942,41
CUBE,10314,660959,661000,41
CUBE,10318,661017,661058,41
CUBE,10324,661075,661116,41
CUBE,10328,661133,661174,41
CUBE,10332,661191,661216,25
CUBE,10336,661233,661274,41
CUBE,10340,661291,661332,41
CUBE,10344,661349,661390,41
CUBE,10348,661407,661448,41
CUBE,10352,661465,661506,41
CUBE,10356,661523,661564,41
CUBE,10362,661581,661622,41
CUBE,10366,661639,661680,41
CUBE,10370,661697,661722,25
CUBE,10374,661739,661780,41
CUBE,10378,661797,661838,41
CUBE,10382,661855,661896,41
CUBE,10386,661913,661954,41
CUBE,10390,661971,662012,41
CUBE,10394,662029,662070,41
CUBE,10400,662087,662128,41
CUBE,10404,662145,662186,41
CUBE,10408,662203,662228,25
CUBE,10412,662245,662286,41
CUBE,10416,662303,662344,41
CUBE,10420,662361,662402,41
CUBE,10424,662419,662460,41
CUBE,10428,662477,662518,41
CUBE,10432,662535,662576,41
CUBE,10438,662593,662634,41
CUBE,10442,662651,662692,41
CUBE,10446,662709,662734,25
CUBE,10450,662751,662792,41
CUBE,10454,662809,662850,41
CUBE,10458,662867,662908,41
CUBE,10462,662925,662966,41
CUBE,10466,662983,663024,41
CUBE,10470,663041,663082,41
CUBE,10476,663099,663140,41
CUBE,10480,663157,663198,41
CUBE,10484,663215,663240,25
CUBE,10488,663257,663298,41
CUBE,10492,663315,663356,41
CUBE,10496,663373,663414,41
CUBE,10500,663431,663472,41
CUBE,10504,663489,663530,41
CUBE,10508,663547,663588,41
CUBE,10514,663605,663646,41
CUBE,10518,663663,663704,41
CUBE,10522,663721,663746,25
CUBE,10526,663763,663804,41
CUBE,10530,663821,663862,41
CUBE,10534,663879,663920,41
CUBE,10538,663937,663978,41
CUBE,10542,663995,664036,41
CUBE,10546,664053,664094,41
CUBE,10552,664111,664152,41
CUBE,10556,664169,664210,41
CUBE,10560,664291,664372,81
CUBE,10564,664389,664414,25
CUBE,10568,664431,664472,41
CUBE,10572,664489,664530,41
CUBE,10576,664547,664588,41
CUBE,10580,664605,664646,41
CUBE,10584,664663,664704,41
CUBE,10588,664721,664762,41
CUBE,10592,664779,664820,41
CUBE,10596,664901,665054,153
CUBE,10600,665071,665096,25
CUBE,10604,665113,665154,41
CUBE,10608,665171,665212,41
CUBE,10612,665229,665270,41
CUBE,10616,665287,665328,41
CUBE,10620,665345,665386,41
CUBE,10624,665403,665444,41
CUBE,10628,665461,665502,41
CUBE,10632,666102,666255,153
CUBE,10636,666272,666297,25
CUBE,10640,666314,666355,41
CUBE,10644,666372,666413,41
CUBE,10648,666451,666492,41
CUBE,10652,666617,666658,41
CUBE,10656,666783,666824,41
CUBE,10660,666949,666990,41
CUBE,10664,667115,667156,41
CUBE,10668,667756,667909,153
CUBE,10672,667926,667951,25
CUBE,10676,667968,668009,41
CUBE,10680,668026,668067,41
CUBE,10684,668084,668125,41
CUBE,10688,668142,668183,41
CUBE,10692,668200,668241,41
CUBE,10696,668258,668299,41
CUBE,10700,668316,668357,41
CUBE,10704,668957,669110,153
CUBE,10708,669127,669152,25
CUBE,10712,669169,669210,41
CUBE,10716,669227,669268,41
CUBE,10720,669306,669347,41
CUBE,10724,669472,669513,41
CUBE,10728,669638,669679,41
CUBE,10732,669804,669845,41
CUBE,10736,669970,670011,41
CUBE,10740,670611,670764,153
CUBE,10744,670781,670806,25
CUBE,10748,670823,670864,41
CUBE,10752,670881,670922,41
CUBE,10756,670960,671001,41
CUBE,10760,671126,671167,41
CUBE,10764,671292,671333,41
CUBE,10768,671458,671499,41
CUBE,10772,671624,671665,41
CUBE,10776,672332,672485,153
CUBE,10780,672502,672527,25
CUBE,10784,673031,673072,41
CUBE,10788,673089,673130,41
CUBE,10792,673147,673188,41
CUBE,10796,673205,673246,41
CUBE,10800,673263,673304,41
CUBE,10804,673321,673362,41
CUBE,10808,673379,673420,41
CUBE,10812,673501,673654,153
CUBE,10816,673735,673816,81
CUBE,10820,673897,673978,81
CUBE,10824,674059,674140,81
CUBE,10828,674221,674302,81
CUBE,10832,674383,674464,81
CUBE,10836,674545,674626,81
CUBE,10840,674707,674860,153
CUBE,10844,674941,675022,81
CUBE,10848,675103,675184,81
CUBE,10852,675265,675418,153
CUBE,10856,675499,675652,153
CUBE,10860,675733,675814,81
CUBE,10864,675895,676048,153
CUBE,10868,676129,676282,153
CUBE,10872,676363,676444,81
CUBE,10876,676525,676678,153
CUBE,10880,676759,676912,153
CUBE,10884,676993,677074,81
CUBE,10888,677155,677308,153
CUBE,10892,677389,677542,153
CUBE,10896,677623,677704,81
CUBE,10900,677785,677938,153
CUBE,10904,678596,678749,153
CUBE,10908,678971,679052,81
CUBE,10912,679346,679499,153
CUBE,10916,680004,680157,153
CUBE,10920,680532,680613,81
CUBE,10924,680907,681060,153
CUBE,10928,681718,681871,153
CUBE,10932,682376,682457,81
CUBE,10936,682694,682719,25
CUBE,10940,682877,682902,25
CUBE,10944,683178,683203,25
CUBE,10948,683361,683402,41
CUBE,10952,683662,683687,25
CUBE,10956,683845,683886,41
CUBE,10960,684146,684171,25
CUBE,10964,684329,684370,41
CUBE,10968,684630,684655,25
CUBE,10972,684813,684854,41
CUBE,10976,685114,685139,25
CUBE,10980,685297,685338,41
CUBE,10984,685598,685623,25
CUBE,10988,685781,685822,41
CUBE,10992,686082,686107,25
CUBE,10996,686425,686466,41
CUBE,11000,686608,686633,25
CUBE,11004,686774,686799,25
CUBE,11008,686940,686981,41
CUBE,11012,687106,687147,41
CUBE,11016,687330,687371,41
CUBE,11020,687496,687537,41
CUBE,11024,687662,687703,41
CUBE,11028,687828,687869,41
CUBE,11032,688129,688170,41
CUBE,11036,688312,688353,41
CUBE,11040,688478,688503,25
CUBE,11044,688644,688685,41
CUBE,11048,688810,688851,41
CUBE,11052,688976,689017,41
CUBE,11056,689142,689183,41
CUBE,11060,689308,689349,41
CUBE,11064,689474,689515,41
CUBE,11068,689775,689816,41
CUBE,11072,689958,689999,41
CUBE,11076,690124,690149,25
CUBE,11080,690290,690331,41
CUBE,11084,690456,690497,41
CUBE,11088,690622,690663,41
CUBE,11092,690846,690887,41
CUBE,11096,691012,691053,41
CUBE,11100,691178,691219,41
CUBE,11104,691479,691520,41
CUBE,11108,691662,691703,41
CUBE,11112,691828,691853,25
CUBE,11116,691994,692035,41
CUBE,11120,692160,692201,41
CUBE,11124,692326,692367,41
CUBE,11128,692492,692533,41
CUBE,11132,692658,692699,41
CUBE,11136,692824,692865,41
CUBE,11140,693125,693166,41
CUBE,11144,693308,693349,41
CUBE,11148,693474,693499,25
CUBE,11152,693640,693681,41
CUBE,11156,693806,693847,41
CUBE,11160,693972,694013,41
CUBE,11164,694138,694179,41
CUBE,11168,694362,694403,41
CUBE,11172,694528,694569,41
CUBE,11176,694829,694870,41
CUBE,11180,695012,695053,41
CUBE,11184,695178,695203,25
CUBE,11188,695344,695385,41
CUBE,11192,695510,695551,41
CUBE,11196,695676,695717,41
CUBE,11200,695842,695883,41
CUBE,11204,696008,696049,41
CUBE,11208,696174,696215,41
CUBE,11212,696475,696516,41
CUBE,11216,696658,696699,41
CUBE,11222,696824,696849,25
CUBE,11226,697032,697073,41
CUBE,11230,697090,697131,41
CUBE,11234,697148,697189,41
CUBE,11238,697206,697247,41
CUBE,11242,697264,697305,41
CUBE,11246,697322,697363,41
CUBE,11250,697380,697421,41
CUBE,11254,697438,697479,41
CUBE,11258,697496,697521,25
CUBE,11262,697538,697563,25
CUBE,11266,697580,697621,41
CUBE,11270,697638,697679,41
CUBE,11274,697696,697737,41
CUBE,11278,697754,697795,41
CUBE,11282,697812,697853,41
CUBE,11286,697870,697911,41
CUBE,11292,697928,697969,41
CUBE,11296,697986,698027,41
CUBE,11300,698044,698069,25
CUBE,11304,698086,698127,41
CUBE,11308,698144,698185,41
CUBE,11312,698202,698243,41
CUBE,11316,698260,698301,41
CUBE,11320,698318,698359,41
CUBE,11324,698376,698417,41
CUBE,11330,698434,698475,41
CUBE,11334,698492,698533,41
CUBE,11338,698550,698575,25
CUBE,11342,698592,698633,41
CUBE,11346,698650,698691,41
CUBE,11350,698708,698749,41
CUBE,11354,698766,698807,41
CUBE,11358,698824,698865,41
CUBE,11362,698882,698923,41
CUBE,11368,698940,698981,41
CUBE,11372,698998,699039,41
CUBE,11376,699056,699081,25
CUBE,11380,699098,699139,41
CUBE,11384,699156,699197,41
CUBE,11388,699214,699255,41
CUBE,11392,699272,699313,41
CUBE,11396,699330,699371,41
CUBE,11400,699388,699429,41
CUBE,11406,699446,699487,41
CUBE,11410,699504,699545,41
CUBE,11414,699562,699587,25
CUBE,11418,699604,699645,41
CUBE,11422,699662,699703,41
CUBE,11426,699720,699761,41
CUBE,11430,699778,699819,41
CUBE,11434,699836,699877,41
CUBE,11438,699894,699935,41
CUBE,11444,699952,699993,41
CUBE,11448,700010,700051,41
CUBE,11452,700068,700093,25
CUBE,11456,700110,700151,41
CUBE,11460,700168,700209,41
CUBE,11464,700226,700267,41
CUBE,11468,700284,700325,41
CUBE,11472,700342,700383,41
CUBE,11476,700400,700441,41
CUBE,11482,700458,700499,41
CUBE,11486,700516,700557,41
CUBE,11490,700574,700599,25
CUBE,11494,700616,700657,41
CUBE,11498,700674,700715,41
CUBE,11502,700732,700773,41
CUBE,11506,700790,700831,41
CUBE,11510,700848,700889,41
CUBE,11514,700906,700947,41
CUBE,11520,701103,701144,41
CUBE,11524,701161,701202,41
CUBE,11528,701283,701364,81
CUBE,11532,701381,701406,25
CUBE,11536,701423,701464,41
CUBE,11540,701481,701522,41
CUBE,11544,701539,701580,41
CUBE,11548,701597,701638,41
CUBE,11552,701655,701696,41
CUBE,11556,701713,701754,41
CUBE,11560,701771,701812,41
CUBE,11564,701893,702046,153
CUBE,11568,702063,702088,25
CUBE,11572,702105,702146,41
CUBE,11576,702163,702204,41
CUBE,11580,702221,702262,41
CUBE,11584,702279,702320,41
CUBE,11588,702337,702378,41
CUBE,11592,702395,702436,41
CUBE,11596,702453,702494,41
CUBE,11600,702575,702728,153
CUBE,11604,702745,702770,25
CUBE,11608,702787,702828,41
CUBE,11612,702845,702886,41
CUBE,11616,702903,702944,41
CUBE,11620,702961,703002,41
CUBE,11624,703019,703060,41
CUBE,11628,703077,703118,41
CUBE,11632,703135,703176,41
CUBE,11636,703257,703410,153
CUBE,11640,703427,703452,25
CUBE,11644,703469,703510,41
CUBE,11648,703527,703568,41
CUBE,11652,703585,703626,41
CUBE,11656,703643,703684,41
CUBE,11660,703701,703742,41
CUBE,11664,703759,703800,41
CUBE,11668,703817,703858,41
CUBE,11672,703939,704092,153
CUBE,11676,704109,704134,25
CUBE,11680,704151,704192,41
CUBE,11684,704209,704250,41
CUBE,11688,704267,704308,41
CUBE,11692,704325,704366,41
CUBE,11696,704383,704424,41
CUBE,11700,704441,704482,41
CUBE,11704,704499,704540,41
CUBE,11708,704621,704774,153
CUBE,11712,704791,704816,25
CUBE,11716,704833,704874,41
CUBE,11720,704891,704932,41
CUBE,11724,704949,704990,41
CUBE,11728,705007,705048,41
CUBE,11732,705065,705106,41
CUBE,11736,705123,705164,41
CUBE,11740,705181,705222,41
CUBE,11744,705303,705456,153
CUBE,11748,705473,705498,25
CUBE,11752,705515,705556,41
CUBE,11756,705573,705614,41
CUBE,11760,705631,705672,41
CUBE,11764,705689,705730,41
CUBE,11768,705747,705788,41
CUBE,11772,705805,705846,41
CUBE,11776,705863,705904,41
CUBE,11780,705985,706138,153
CUBE,11786,706219,706300,81
CUBE,11792,707504,707585,81
CUBE,11798,708162,708315,153
CUBE,11804,708820,708973,153
CUBE,11810,709478,709631,153
CUBE,11816,710136,710289,153
CUBE,11822,710794,710947,153
CUBE,11828,711452,711605,153
CUBE,11834,711928,712081,153
CUBE,11838,712162,712243,81
CUBE,11842,712324,712477,153
CUBE,11846,712558,712711,153
CUBE,11850,712792,712945,153
CUBE,11854,713026,713179,153
CUBE,11858,713260,713413,153
CUBE,11862,713494,713647,153
CUBE,11866,713728,713881,153
CUBE,11870,713962,714043,81
CUBE,11874,714124,714277,153
CUBE,11878,714358,714511,153
CUBE,11882,714592,714745,153
CUBE,11886,714826,714979,153
CUBE,11890,715060,715213,153
CUBE,11894,715294,715447,153
CUBE,11898,715528,715681,153
CUBE,11904,715903,716056,153
CUBE,11910,716977,717058,81
CUBE,11916,717271,717424,153
CUBE,11922,717565,717718,153
CUBE,11928,717859,718012,153
CUBE,11934,718153,718306,153
CUBE,11940,718447,718600,153
CUBE,11946,718741,718894,153
CUBE,11952,719035,719188,153
CUBE,11956,719269,719350,81
CUBE,11960,719431,719584,153
CUBE,11964,719665,719818,153
CUBE,11968,719899,720052,153
CUBE,11972,720133,720286,153
CUBE,11976,720367,720520,153
CUBE,11980,720601,720754,153
CUBE,11984,720835,720988,153
CUBE,11988,721069,721150,81
CUBE,11992,721231,721384,153
CUBE,11996,721465,721618,153
CUBE,12000,721699,721852,153
CUBE,12004,721933,722086,153
CUBE,12008,722167,722320,153
CUBE,12012,722401,722554,153
CUBE,12016,722635,722788,153
CUBE,12022,723010,723163,153
CUBE,12028,724084,724165,81
CUBE,12034,724722,724875,153
CUBE,12040,725432,725585,153
CUBE,12046,726142,726295,153
CUBE,12052,726852,727005,153
CUBE,12058,727562,727715,153
CUBE,12064,728272,728425,153
CUBE,12070,728982,729135,153
CUBE,12074,729216,729297,81
CUBE,12078,729378,729531,153
CUBE,12082,729612,729765,153
CUBE,12086,729846,729999,153
CUBE,12090,730080,730233,153
CUBE,12094,730314,730467,153
CUBE,12098,730548,730701,153
CUBE,12102,730782,730935,153
CUBE,12106,731016,731097,81
CUBE,12110,731178,731331,153
CUBE,12114,731412,731565,153
CUBE,12118,731646,731799,153
CUBE,12122,731880,732033,153
CUBE,12126,732114,732267,153
CUBE,12130,732348,732501,153
CUBE,12134,732582,732735,153
CUBE,12140,732816,732969,153
CUBE,12144,733050,733131,81
CUBE,12148,733212,733365,153
CUBE,12152,733446,733599,153
CUBE,12156,733680,733833,153
CUBE,12160,733914,734067,153
CUBE,12164,734148,734301,153
CUBE,12168,734382,734535,153
CUBE,12172,734616,734769,153
CUBE,12176,734850,734931,81
CUBE,12180,734948,734973,25
CUBE,12184,734990,735015,25
CUBE,12188,735032,735057,25
CUBE,12192,735074,735115,41
CUBE,12196,735132,735157,25
CUBE,12200,735174,735215,41
CUBE,12204,735232,735257,25
CUBE,12208,735274,735315,41
CUBE,12212,735332,735357,25
CUBE,12216,735374,735415,41
CUBE,12220,735432,735457,25
CUBE,12224,735474,735515,41
CUBE,12228,735532,735557,25
CUBE,12232,735574,735615,41
CUBE,12236,735632,735657,25
CUBE,12240,735674,735715,41
CUBE,12244,735732,735757,25
CUBE,12248,735774,735799,25
CUBE,12252,735816,735857,41
CUBE,12256,735874,735915,41
CUBE,12260,735932,735973,41
CUBE,12264,735990,736031,41
CUBE,12268,736048,736089,41
CUBE,12272,736106,736147,41
CUBE,12276,736164,736205,41
CUBE,12280,736222,736263,41
CUBE,12284,736280,736305,25
CUBE,12288,736322,736363,41
CUBE,12292,736380,736421,41
CUBE,12296,736438,736479,41
CUBE,12300,736496,736537,41
CUBE,12304,736554,736595,41
CUBE,12308,736612,736653,41
CUBE,12312,736670,736711,41
CUBE,12316,736728,736769,41
CUBE,12320,736786,736811,25
CUBE,12324,736828,736869,41
CUBE,12328,736886,736927,41
CUBE,12332,736944,736985,41
CUBE,12336,737002,737043,41
CUBE,12340,737060,737101,41
CUBE,12344,737118,737159,41
CUBE,12348,737176,737217,41
CUBE,12352,737234,737275,41
CUBE,12356,737292,737317,25
CUBE,12360,737334,737375,41
CUBE,12364,737392,737433,41
CUBE,12368,737450,737491,41
CUBE,12372,737508,737549,41
CUBE,12376,737566,737607,41
CUBE,12380,737624,737665,41
CUBE,12384,737682,737723,41
CUBE,12388,737740,737781,41
CUBE,12392,737798,737823,25
CUBE,12396,737840,737881,41
CUBE,12400,737898,737939,41
CUBE,12404,737956,737997,41
CUBE,12408,738014,738055,41
CUBE,12412,738072,738113,41
CUBE,12416,738130,738171,41
CUBE,12420,738188,738229,41
CUBE,12424,738246,738287,41
CUBE,12428,738304,738329,25
CUBE,12432,738346,738387,41
CUBE,12436,738404,738445,41
CUBE,12440,738462,738503,41
CUBE,12444,738520,738561,41
CUBE,12448,738578,738619,41
CUBE,12452,738636,738677,41
CUBE,12456,738694,738735,41
CUBE,12460,738752,738793,41
CUBE,12466,738810,738835,25
CUBE,12470,738852,738893,41
CUBE,12474,738910,738951,41
CUBE,12478,738968,739009,41
CUBE,12482,739026,739067,41
CUBE,12486,739084,739125,41
CUBE,12490,739142,739183,41
CUBE,12494,739200,739241,41
CUBE,12498,739258,739299,41
CUBE,12502,739316,739341,25
CUBE,12506,739358,739383,25
CUBE,12510,739400,739441,41
CUBE,12514,739458,739499,41
CUBE,12518,739516,739557,41
CUBE,12522,739574,739615,41
CUBE,12526,739632,739673,41
CUBE,12530,739690,739731,41
CUBE,12536,739748,739789,41
CUBE,12540,739806,739847,41
CUBE,12544,739864,739889,25
CUBE,12548,739906,739947,41
CUBE,12552,739964,740005,41
CUBE,12556,740022,740063,41
CUBE,12560,740080,740121,41
CUBE,12564,740138,740179,41
CUBE,12568,740196,740237,41
CUBE,12574,740254,740295,41
CUBE,12578,740312,740353,41
CUBE,12582,740370,740395,25
CUBE,12586,740412,740453,41
CUBE,12590,740470,740511,41
CUBE,12594,740528,740569,41
CUBE,12598,740586,740627,41
CUBE,12602,740644,740685,41
CUBE,12606,740702,740743,41
CUBE,12612,740760,740801,41
CUBE,12616,740818,740859,41
CUBE,12620,740876,740901,25
CUBE,12624,740918,740959,41
CUBE,12628,740976,741017,41
CUBE,12632,741034,741075,41
CUBE,12636,741092,741133,41
CUBE,12640,741150,741191,41
CUBE,12644,741208,741249,41
CUBE,12650,741266,741307,41
CUBE,12654,741324,741365,41
CUBE,12658,741382,741407,25
CUBE,12662,741424,741465,41
CUBE,12666,741482,741523,41
CUBE,12670,741540,741581,41
CUBE,12674,741598,741639,41
CUBE,12678,741656,741697,41
CUBE,12682,741714,741755,41
CUBE,12688,741772,741813,41
CUBE,12692,741830,741871,41
CUBE,12696,741888,741913,25
CUBE,12700,741930,741971,41
CUBE,12704,741988,742029,41
CUBE,12708,742046,742087,41
CUBE,12712,742104,742145,41
CUBE,12716,742162,742203,41
CUBE,12720,742220,742261,41
CUBE,12726,742278,742319,41
CUBE,12730,742336,742377,41
CUBE,12734,742394,742419,25
CUBE,12738,742436,742477,41
CUBE,12742,742494,742535,41
CUBE,12746,742552,742593,41
CUBE,12750,742610,742651,41
CUBE,12754,742668,742709,41
CUBE,12758,742726,742767,41
CUBE,12764,742784,742825,41
CUBE,12768,742842,742883,41
CUBE,12772,742964,743045,81
CUBE,12776,743062,743087,25
CUBE,12780,743104,743145,41
CUBE,12784,743162,743203,41
CUBE,12788,743220,743261,41
CUBE,12792,743278,743319,41
CUBE,12796,743336,743377,41
CUBE,12800,743394,743435,41
CUBE,12804,743452,743493,41
CUBE,12808,743574,743727,153
CUBE,12812,743744,743769,25
CUBE,12816,743786,743827,41
CUBE,12820,743844,743885,41
CUBE,12824,743902,743943,41
CUBE,12828,743960,744001,41
CUBE,12832,744018,744059,41
CUBE,12836,744076,744117,41
CUBE,12840,744134,744175,41
CUBE,12844,744256,744409,153
CUBE,12848,744426,744451,25
CUBE,12852,744468,744509,41
CUBE,12856,744526,744567,41
CUBE,12860,744584,744625,41
CUBE,12864,744642,744683,41
CUBE,12868,744700,744741,41
CUBE,12872,744758,744799,41
CUBE,12876,744816,744857,41
CUBE,12880,744938,745091,153
CUBE,12884,745108,745133,25
CUBE,12888,745150,745191,41
CUBE,12892,745208,745249,41
CUBE,12896,745364,745405,41
CUBE,12900,745530,745571,41
CUBE,12904,745696,745737,41
CUBE,12908,745862,745903,41
CUBE,12912,746028,746069,41
CUBE,12916,746386,746539,153
CUBE,12920,746556,746581,25
CUBE,12924,746654,746695,41
CUBE,12928,746820,746861,41
CUBE,12932,746986,747027,41
CUBE,12936,747152,747193,41
CUBE,12940,747318,747359,41
CUBE,12944,747484,747525,41
CUBE,12948,747650,747691,41
CUBE,12952,748008,748161,153
CUBE,12956,748178,748203,25
CUBE,12960,748276,748317,41
CUBE,12964,748442,748483,41
CUBE,12968,748608,748649,41
CUBE,12972,748774,748815,41
CUBE,12976,748940,748981,41
CUBE,12980,749106,749147,41
CUBE,12984,749272,749313,41
CUBE,12988,749630,749783,153
CUBE,12992,749800,749825,25
CUBE,12996,750008,750049,41
CUBE,13000,750174,750215,41
CUBE,13004,750340,750381,41
CUBE,13008,750506,750547,41
CUBE,13012,750672,750713,41
CUBE,13016,750838,750879,41
CUBE,13020,751004,751045,41
CUBE,13024,751362,751515,153
CUBE,13028,751939,752020,81
CUBE,13032,752314,752395,81
CUBE,13036,752608,752761,153
CUBE,13040,753136,753289,153
CUBE,13044,753511,753664,153
CUBE,13048,753886,754039,153
CUBE,13052,754261,754414,153
CUBE,13056,754636,754789,153
CUBE,13060,755011,755164,153
CUBE,13064,755669,755822,153
CUBE,13068,756743,756824,81
CUBE,13072,757118,757271,153
CUBE,13076,757493,757646,153
CUBE,13080,757868,758021,153
CUBE,13084,758243,758396,153
CUBE,13088,758618,758771,153
CUBE,13092,758993,759146,153
CUBE,13096,759368,759521,153
CUBE,13100,760026,760179,153
CUBE,13104,760260,760341,81
CUBE,13108,760422,760575,153
CUBE,13112,760656,760809,153
CUBE,13116,760890,761043,153
CUBE,13120,761124,761277,153
CUBE,13124,761358,761511,153
CUBE,13128,761592,761745,153
CUBE,13132,761826,761979,153
CUBE,13136,762060,762213,153
CUBE,13140,762294,762375,81
CUBE,13144,762392,762417,25
CUBE,13148,762434,762459,25
CUBE,13152,762476,762501,25
CUBE,13156,762518,762559,41
CUBE,13160,762576,762601,25
CUBE,13164,762618,762659,41
CUBE,13168,762676,762701,25
CUBE,13172,762718,762759,41
CUBE,13176,762776,762801,25
CUBE,13180,762818,762859,41
CUBE,13184,762876,762901,25
CUBE,13188,762918,762959,41
CUBE,13192,762976,763001,25
CUBE,13196,764082,764123,41
CUBE,13200,764140,764165,25
CUBE,13204,764182,764223,41
CUBE,13208,764240,764265,25
CUBE,13212,764282,764307,25
CUBE,13216,765538,765579,41
CUBE,13220,765596,765637,41
CUBE,13224,765654,765695,41
CUBE,13228,765712,765753,41
CUBE,13232,765770,765811,41
CUBE,13236,765828,765869,41
CUBE,13240,765886,765927,41
CUBE,13244,765944,765985,41
CUBE,13248,766002,766027,25
CUBE,13252,766044,766085,41
CUBE,13256,766102,766143,41
CUBE,13260,766160,766201,41
CUBE,13264,766218,766259,41
CUBE,13268,766276,766317,41
CUBE,13272,766334,766375,41
CUBE,13276,766392,766433,41
CUBE,13280,766450,766491,41
CUBE,13284,766508,766533,25
CUBE,13288,766550,766591,41
CUBE,13292,766608,766649,41
CUBE,13296,766666,766707,41
CUBE,13300,766724,766765,41
CUBE,13304,766782,766823,41
CUBE,13308,766840,766881,41
CUBE,13312,766898,766939,41
CUBE,13316,766956,766997,41
CUBE,13320,767014,767039,25
CUBE,13324,767056,767097,41
CUBE,13328,767114,767155,41
CUBE,13332,767172,767213,41
CUBE,13336,767230,767271,41
CUBE,13340,767288,767329,41
CUBE,13344,767346,767387,41
CUBE,13348,767404,767445,41
CUBE,13352,767462,767503,41
CUBE,13356,767520,767545,25
CUBE,13360,767562,767603,41
CUBE,13364,767620,767661,41
CUBE,13368,767678,767719,41
CUBE,13372,767736,767777,41
CUBE,13376,767794,767835,41
CUBE,13380,767852,767893,41
CUBE,13384,767910,767951,41
CUBE,13388,767968,768009,41
CUBE,13392,768026,768051,25
CUBE,13396,768068,768109,41
CUBE,13400,768126,768167,41
CUBE,13404,768184,768225,41
CUBE,13408,768242,768283,41
CUBE,13412,768300,768341,41
CUBE,13416,768358,768399,41
CUBE,13420,768416,768457,41
CUBE,13424,768474,768515,41
CUBE,13430,768532,768557,25
CUBE,13434,768574,768615,41
CUBE,13438,768632,768673,41
CUBE,13442,768690,768731,41
CUBE,13446,768748,768789,41
CUBE,13450,768806,768847,41
CUBE,13454,768864,768905,41
CUBE,13458,768922,768963,41
CUBE,13462,769177,769218,41
CUBE,13466,769235,769260,25
CUBE,13470,769277,769302,25
CUBE,13474,769319,769360,41
CUBE,13478,769377,769418,41
CUBE,13482,769435,769476,41
CUBE,13486,769493,769534,41
CUBE,13490,769551,769592,41
CUBE,13494,769609,769650,41
CUBE,13500,769667,769708,41
CUBE,13504,769725,769766,41
CUBE,13508,769783,769808,25
CUBE,13512,769825,769866,41
CUBE,13516,769883,769924,41
CUBE,13520,769941,769982,41
CUBE,13524,769999,770040,41
CUBE,13528,770057,770098,41
CUBE,13532,770115,770156,41
CUBE,13538,770173,770214,41
CUBE,13542,770231,770272,41
CUBE,13546,770289,770314,25
CUBE,13550,770331,770372,41
CUBE,13554,770389,770430,41
CUBE,13558,770447,770488,41
CUBE,13562,770505,770546,41
CUBE,13566,770563,770604,41
CUBE,13570,770621,770662,41
CUBE,13576,770679,770720,41
CUBE,13580,770737,770778,41
CUBE,13584,770795,770820,25
CUBE,13588,770837,770878,41
CUBE,13592,770895,770936,41
CUBE,13596,770953,770994,41
CUBE,13600,771011,771052,41
CUBE,13604,771069,771110,41
CUBE,13608,771127,771168,41
CUBE,13614,771185,771226,41
CUBE,13618,771243,771284,41
CUBE,13622,771301,771326,25
CUBE,13626,771343,771384,41
CUBE,13630,771401,771442,41
CUBE,13634,771459,771500,41
CUBE,13638,771517,771558,41
CUBE,13642,771575,771616,41
CUBE,13646,771633,771674,41
CUBE,13652,771691,771732,41
CUBE,13656,771749,771790,41
CUBE,13660,771807,771832,25
CUBE,13664,771849,771890,41
CUBE,13668,771907,771948,41
CUBE,13672,771965,772006,41
CUBE,13676,772023,772064,41
CUBE,13680,772081,772122,41
CUBE,13684,772139,772180,41
CUBE,13690,772197,772238,41
CUBE,13694,772255,772296,41
CUBE,13698,772313,772338,25
CUBE,13702,772355,772396,41
CUBE,13706,772413,772454,41
CUBE,13710,772471,772512,41
CUBE,13714,772529,772570,41
CUBE,13718,772587,772628,41
CUBE,13722,772645,772686,41
CUBE,13728,772900,772941,41
CUBE,13732,772958,772999,41
CUBE,13736,773080,773161,81
CUBE,13740,773178,773203,25
CUBE,13744,773220,773261,41
CUBE,13748,773278,773319,41
CUBE,13752,773336,773377,41
CUBE,13756,773394,773435,41
CUBE,13760,773452,773493,41
CUBE,13764,773510,773551,41
CUBE,13768,773568,773609,41
CUBE,13772,773690,773843,153
CUBE,13776,773860,773885,25
CUBE,13780,773902,773943,41
CUBE,13784,773960,774001,41
CUBE,13788,774018,774059,41
CUBE,13792,774076,774117,41
CUBE,13796,774134,774175,41
CUBE,13800,774192,774233,41
CUBE,13804,774250,774291,41
CUBE,13808,774372,774525,153
CUBE,13812,774542,774567,25
CUBE,13816,774584,774625,41
CUBE,13820,774642,774683,41
CUBE,13824,774700,774741,41
CUBE,13828,774758,774799,41
CUBE,13832,774816,774857,41
CUBE,13836,774874,774915,41
CUBE,13840,774932,774973,41
CUBE,13844,775054,775207,153
CUBE,13848,775224,775249,25
CUBE,13852,775266,775307,41
CUBE,13856,775324,775365,41
CUBE,13860,775382,775423,41
CUBE,13864,775440,775481,41
CUBE,13868,775498,775539,41
CUBE,13872,775556,775597,41
CUBE,13876,775614,775655,41
CUBE,13880,775736,775889,153
CUBE,13884,775906,775931,25
CUBE,13888,775948,775989,41
CUBE,13892,776006,776047,41
CUBE,13896,776064,776105,41
CUBE,13900,776122,776163,41
CUBE,13904,776180,776221,41
CUBE,13908,776238,776279,41
CUBE,13912,776296,776337,41
CUBE,13916,776418,776571,153
CUBE,13920,776588,776613,25
CUBE,13924,776630,776671,41
CUBE,13928,776688,776729,41
CUBE,13932,776746,776787,41
CUBE,13936,776804,776845,41
CUBE,13940,776862,776903,41
CUBE,13944,776920,776961,41
CUBE,13948,776978,777019,41
CUBE,13952,777100,777253,153
CUBE,13956,777270,777295,25
CUBE,13960,777312,777353,41
CUBE,13964,777370,777411,41
CUBE,13968,777428,777469,41
CUBE,13972,777486,777527,41
CUBE,13976,777544,777585,41
CUBE,13980,777602,777643,41
CUBE,13984,777660,777701,41
CUBE,13988,777782,777935,153
CUBE,13992,778016,778097,81
CUBE,13996,778178,778259,81
CUBE,14000,778340,778493,153
CUBE,14004,778574,778727,153
CUBE,14008,778808,778961,153
CUBE,14012,779042,779195,153
CUBE,14016,779570,779723,153
CUBE,14020,779864,780017,153
CUBE,14024,780392,780545,153
CUBE,14028,780969,781122,153
CUBE,14032,781344,781425,81
CUBE,14036,781638,781791,153
CUBE,14040,781932,782085,153
CUBE,14044,782226,782379,153
CUBE,14048,782754,782907,153
CUBE,14052,783282,783435,153
CUBE,14056,783576,783729,153
CUBE,14060,783870,784023,153
CUBE,14064,784104,784257,153
CUBE,14068,784338,784419,81
CUBE,14072,784500,784653,153
CUBE,14076,784734,784887,153
CUBE,14080,784968,785121,153
CUBE,14084,785202,785355,153
CUBE,14088,785436,785589,153
CUBE,14092,785670,785823,153
CUBE,14096,785904,786057,153
CUBE,14100,786138,786291,153
CUBE,14106,786372,786453,81
CUBE,14112,786627,786708,81
CUBE,14118,787285,787438,153
CUBE,14124,787943,788096,153
CUBE,14130,788601,788754,153
CUBE,14134,788835,788916,81
CUBE,14138,788997,789150,153
CUBE,14142,789231,789384,153
CUBE,14146,789465,789618,153
CUBE,14150,789699,789780,81
CUBE,14154,789861,790014,153
CUBE,14158,790095,790248,153
CUBE,14162,790329,790482,153
CUBE,14168,790704,790857,153
CUBE,14174,791778,791859,81
CUBE,14180,792072,792225,153
CUBE,14186,792366,792519,153
CUBE,14192,792660,792813,153
CUBE,14196,792894,792975,81
CUBE,14200,793056,793209,153
CUBE,14204,793290,793443,153
CUBE,14208,793524,793677,153
CUBE,14212,793758,793839,81
CUBE,14216,793920,794073,153
CUBE,14220,794154,794307,153
CUBE,14224,794388,794541,153
CUBE,14230,794763,794916,153
CUBE,14236,795837,795918,81
CUBE,14242,796475,796628,153
CUBE,14248,797185,797338,153
CUBE,14254,797895,798048,153
CUBE,14258,798129,798210,81
CUBE,14262,798291,798444,153
CUBE,14266,798525,798678,153
CUBE,14270,798759,798912,153
CUBE,14274,798993,799074,81
CUBE,14278,799155,799308,153
CUBE,14282,799389,799542,153
CUBE,14286,799623,799776,153
CUBE,14292,800697,800850,153
CUBE,14296,800931,801012,81
CUBE,14300,801093,801246,153
CUBE,14304,801327,801480,153
CUBE,14308,801561,801714,153
CUBE,14312,801795,801948,153
CUBE,14316,802029,802182,153
CUBE,14320,802263,802416,153
CUBE,14324,802497,802650,153
CUBE,14328,802731,802812,81
CUBE,14332,802893,802974,81
CUBE,14336,803055,803208,153
CUBE,14340,803289,803442,153
CUBE,14344,803523,803676,153
CUBE,14348,803757,803910,153
CUBE,14352,803991,804144,153
CUBE,14356,804225,804378,153
CUBE,14360,804459,804612,153
CUBE,14364,804693,804846,153
CUBE,14368,804927,805008,81
CUBE,14372,805089,805242,153
CUBE,14376,805323,805476,153
CUBE,14380,805557,805710,153
CUBE,14384,805791,805944,153
CUBE,14388,806025,806178,153
CUBE,14392,806259,806412,153
CUBE,14396,806493,806646,153
CUBE,14400,806727,806880,153
CUBE,14404,806961,807042,81
CUBE,14408,807123,807276,153
CUBE,14412,807357,807510,153
CUBE,14416,807591,807744,153
CUBE,14420,807825,807978,153
CUBE,14424,808059,808212,153
CUBE,14428,808293,808446,153
CUBE,14432,808527,808680,153
CUBE,14436,808761,808914,153
CUBE,14440,808995,809076,81
CUBE,14444,809157,809238,81
CUBE,14448,809319,809472,153
CUBE,14452,809553,809706,153
CUBE,14456,809833,809986,153
CUBE,14460,810410,810563,153
CUBE,14464,810785,810866,81
CUBE,14468,811079,811232,153
CUBE,14472,811373,811526,153
CUBE,14476,811667,811820,153
CUBE,14480,812244,812397,153
CUBE,14484,812478,812559,81
CUBE,14488,812640,812793,153
CUBE,14492,812874,813027,153
CUBE,14496,813108,813261,153
CUBE,14500,813342,813495,153
CUBE,14504,813576,813657,81
CUBE,14508,813738,813891,153
CUBE,14512,813972,814125,153
CUBE,14516,814206,814359,153
CUBE,14520,814440,814521,81
CUBE,14524,814602,814683,81
CUBE,14528,814764,814917,153
CUBE,14532,814998,815151,153
CUBE,14536,815232,815385,153
CUBE,14540,815466,815619,153
CUBE,14544,815700,815781,81
CUBE,14548,815862,816015,153
CUBE,14552,816096,816249,153
CUBE,14556,816330,816483,153
CUBE,14560,816564,816717,153
CUBE,14564,816798,816879,81
CUBE,14568,816960,817113,153
CUBE,14572,817194,817347,153
CUBE,14576,817428,817581,153
CUBE,14580,817662,817815,153
CUBE,14586,817896,817977,81
CUBE,14592,818198,818279,81
CUBE,14598,818674,818827,153
CUBE,14604,819150,819303,153
CUBE,14610,819626,819779,153
CUBE,14614,819860,819941,81
CUBE,14618,820022,820175,153
CUBE,14622,820256,820409,153
CUBE,14626,820490,820643,153
CUBE,14630,820724,820805,81
CUBE,14634,820886,821039,153
CUBE,14638,821120,821273,153
CUBE,14642,821354,821507,153
CUBE,14648,821882,822035,153
CUBE,14654,822176,822257,81
CUBE,14660,822470,822623,153
CUBE,14666,822764,822917,153
CUBE,14672,823393,823546,153
CUBE,14676,823627,823708,81
CUBE,14680,823789,823942,153
CUBE,14684,824023,824176,153
CUBE,14688,824257,824410,153
CUBE,14692,824491,824572,81
CUBE,14696,824653,824806,153
CUBE,14700,824887,825040,153
CUBE,14704,825121,825274,153
CUBE,14710,825415,825568,153
CUBE,14716,825709,825790,81
CUBE,14722,826003,826156,153
CUBE,14728,826713,826866,153
CUBE,14734,827342,827495,153
CUBE,14738,827576,827657,81
CUBE,14742,828041,828194,153
CUBE,14746,828275,828428,153
CUBE,14750,828509,828662,153
CUBE,14754,828743,828824,81
CUBE,14758,828905,829058,153
CUBE,14762,829139,829292,153
CUBE,14766,829373,829526,153
CUBE,14772,829667,829820,153
CUBE,14776,829901,829982,81
CUBE,14780,830063,830216,153
CUBE,14784,830297,830450,153
CUBE,14788,830531,830684,153
CUBE,14792,830765,830846,81
CUBE,14796,830927,831008,81
CUBE,14800,831089,831242,153
CUBE,14804,831323,831476,153
CUBE,14808,831557,831710,153
CUBE,14812,831791,831944,153
CUBE,14816,832025,832106,81
CUBE,14820,832187,832340,153
CUBE,14824,832421,832574,153
CUBE,14828,832655,832808,153
CUBE,14832,832889,833042,153
CUBE,14836,833123,833204,81
CUBE,14840,833285,833438,153
CUBE,14844,833519,833672,153
CUBE,14848,833753,833906,153
CUBE,14852,833987,834140,153
CUBE,14856,834221,834302,81
CUBE,14860,834383,834536,153
CUBE,14864,834617,834770,153
CUBE,14868,834851,835004,153
CUBE,14874,835085,835166,81
CUBE,14880,835247,835328,81
CUBE,14886,835520,835673,153
CUBE,14892,835814,835967,153
CUBE,14898,836108,836261,153
CUBE,14902,836342,836423,81
CUBE,14906,836504,836657,153
CUBE,14910,836738,836891,153
CUBE,14914,836972,837125,153
CUBE,14918,837206,837287,81
CUBE,14922,837368,837521,153
CUBE,14926,837602,837755,153
CUBE,14930,837836,837989,153
CUBE,14936,838211,838364,153
CUBE,14942,838505,838586,81
CUBE,14948,838799,838952,153
CUBE,14954,839093,839246,153
CUBE,14960,839387,839540,153
CUBE,14964,839621,839702,81
CUBE,14968,839783,839936,153
CUBE,14972,840017,840170,153
CUBE,14976,840251,840404,153
CUBE,14980,840485,840566,81
CUBE,14984,840647,840800,153
CUBE,14988,840881,841034,153
CUBE,14992,841115,841268,153
CUBE,14998,841490,841643,153
CUBE,15004,841784,841865,81
CUBE,15010,842078,842231,153
CUBE,15016,842372,842525,153
CUBE,15022,843082,843235,153
CUBE,15026,843316,843397,81
CUBE,15030,843478,843631,153
CUBE,15034,843712,843865,153
CUBE,15038,843946,844099,153
CUBE,15042,844180,844261,81
CUBE,15046,844342,844495,153
CUBE,15050,844576,844729,153
CUBE,15054,844810,844963,153
CUBE,15060,845185,845338,153
CUBE,15064,845419,845500,81
CUBE,15068,845581,845734,153
CUBE,15072,845815,845968,153
CUBE,15076,846049,846202,153
CUBE,15082,846283,846364,81
CUBE,15088,846658,846739,81
CUBE,15094,846952,847105,153
CUBE,15100,847246,847399,153
CUBE,15106,847540,847693,153
CUBE,15110,847774,847855,81
CUBE,15114,847936,848089,153
CUBE,15118,848170,848323,153
CUBE,15122,848404,848557,153
CUBE,15128,848779,848932,153
CUBE,15134,849307,849388,81
CUBE,15140,849601,849754,153
CUBE,15146,849895,850048,153
CUBE,15152,850189,850342,153
CUBE,15156,850423,850504,81
CUBE,15160,850585,850738,153
CUBE,15164,850819,850972,153
CUBE,15168,851053,851206,153
CUBE,15174,851428,851581,153
CUBE,15180,851803,851884,81
CUBE,15186,852097,852250,153
CUBE,15192,852391,852544,153
CUBE,15198,852685,852838,153
CUBE,15202,852919,853000,81
CUBE,15206,853081,853234,153
CUBE,15210,853315,853468,153
CUBE,15214,853549,853702,153
CUBE,15220,853924,854077,153
CUBE,15226,854094,854119,25
CUBE,15232,854708,854789,81
CUBE,15238,855083,855236,153
CUBE,15244,855458,855611,153
CUBE,15250,855833,855986,153
CUBE,15256,856003,856044,41
CUBE,15262,856633,856714,81
CUBE,15268,857008,857161,153
CUBE,15274,857383,857536,153
CUBE,15280,857758,857911,153
CUBE,15286,857928,857969,41
CUBE,15292,858558,858639,81
CUBE,15298,858933,859086,153
CUBE,15304,859308,859461,153
CUBE,15310,859683,859836,153
CUBE,15316,859853,859894,41
CUBE,15321,860855,860936,81
CUBE,15325,861069,861150,81
CUBE,15329,861577,861658,81
CUBE,15333,861791,861872,81
CUBE,15337,862594,862675,81
CUBE,15341,862808,862889,81
CUBE,15345,863825,863906,81
CUBE,15349,864039,864120,81
CUBE,15353,864628,864709,81
CUBE,15357,865153,865234,81
CUBE,15361,865315,865396,81
CUBE,15365,865823,865976,153
CUBE,15369,866481,866562,81
CUBE,15373,867301,867382,81
CUBE,15377,868104,868257,153
CUBE,15381,868915,869068,153
CUBE,15385,869807,869888,81
CUBE,15389,870182,870335,153
CUBE,15393,870840,870993,153
CUBE,15397,871368,871449,81
CUBE,15401,872107,872260,153
CUBE,15405,872918,873071,153
CUBE,15409,873810,873891,81
CUBE,15413,874185,874338,153
CUBE,15417,874843,874996,153
CUBE,15421,875371,875452,81
CUBE,15425,876110,876263,153
CUBE,15429,876921,877074,153
CUBE,15433,877813,877894,81
CUBE,15437,878188,878341,153
CUBE,15441,878846,878999,153
CUBE,15445,879374,879455,81
CUBE,15449,880113,880266,153
CUBE,15453,880924,881077,153
CUBE,15457,882099,882180,81
CUBE,15461,882417,882442,25
CUBE,15465,882600,882625,25
CUBE,15469,882901,882926,25
CUBE,15473,883084,883125,41
CUBE,15477,883385,883410,25
CUBE,15481,883568,883609,41
CUBE,15485,883869,883894,25
CUBE,15489,884052,884093,41
CUBE,15493,884353,884378,25
CUBE,15497,884536,884577,41
CUBE,15501,884837,884862,25
CUBE,15505,886296,886337,41
CUBE,15509,886448,886473,25
CUBE,15513,886631,886672,41
CUBE,15517,886932,886957,25
CUBE,15521,887250,887291,41
CUBE,15525,887433,887458,25
CUBE,15529,888055,888080,25
CUBE,15533,888666,888707,41
CUBE,15537,888724,888765,41
CUBE,15541,888782,888823,41
CUBE,15545,888849,888890,41
CUBE,15549,889015,889056,41
CUBE,15553,889181,889222,41
CUBE,15557,889482,889523,41
CUBE,15561,889665,889706,41
CUBE,15565,889831,889856,25
CUBE,15569,890149,890190,41
CUBE,15573,890332,890373,41
CUBE,15577,890498,890539,41
CUBE,15581,890664,890705,41
CUBE,15585,890830,890871,41
CUBE,15589,890996,891037,41
CUBE,15593,891297,891338,41
CUBE,15597,891480,891521,41
CUBE,15601,891646,891671,25
CUBE,15605,891812,891853,41
CUBE,15609,891978,892019,41
CUBE,15613,892144,892185,41
CUBE,15617,892310,892351,41
CUBE,15621,892476,892517,41
CUBE,15625,892642,892683,41
CUBE,15629,892943,892984,41
CUBE,15633,893126,893167,41
CUBE,15637,893292,893317,25
CUBE,15641,895218,895259,41
CUBE,15645,895276,895317,41
CUBE,15649,895334,895375,41
CUBE,15653,895392,895433,41
CUBE,15657,895450,895491,41
CUBE,15661,895508,895549,41
CUBE,15665,895702,895743,41
CUBE,15669,895885,895926,41
CUBE,15673,896051,896076,25
CUBE,15677,896217,896258,41
CUBE,15681,896383,896424,41
CUBE,15685,896549,896590,41
CUBE,15689,896715,896756,41
CUBE,15693,896881,896922,41
CUBE,15697,897047,897088,41
CUBE,15701,897348,897389,41
CUBE,15705,897531,897572,41
CUBE,15709,897697,897722,25
CUBE,15713,897863,897904,41
CUBE,15717,898029,898070,41
CUBE,15721,898195,898236,41
CUBE,15725,898361,898402,41
CUBE,15729,898527,898568,41
CUBE,15733,898693,898734,41
CUBE,15737,898994,899035,41
CUBE,15741,899177,899218,41
CUBE,15747,899343,899368,25
CUBE,15751,899509,899550,41
CUBE,15755,899675,899716,41
CUBE,15759,899841,899882,41
CUBE,15763,900007,900048,41
CUBE,15767,900173,900214,41
CUBE,15771,900339,900380,41
CUBE,15775,900640,900681,41
CUBE,15779,901061,901102,41
CUBE,15783,901244,901269,25
CUBE,15787,901410,901435,25
CUBE,15791,901576,901617,41
CUBE,15795,901742,901783,41
CUBE,15799,901908,901949,41
CUBE,15803,902074,902115,41
CUBE,15807,902240,902281,41
CUBE,15811,902406,902447,41
CUBE,15817,902769,902810,41
CUBE,15821,902952,902993,41
CUBE,15825,903118,903143,25
CUBE,15829,903284,903325,41
CUBE,15833,903450,903491,41
CUBE,15837,903616,903657,41
CUBE,15841,903782,903823,41
CUBE,15845,903948,903989,41
CUBE,15849,904172,904213,41
CUBE,15855,904535,904576,41
CUBE,15859,904759,904800,41
CUBE,15863,904925,904950,25
CUBE,15867,905091,905132,41
CUBE,15871,905257,905298,41
CUBE,15875,905481,905522,41
CUBE,15879,905705,905746,41
CUBE,15883,905929,905970,41
CUBE,15887,906153,906194,41
CUBE,15893,906574,906615,41
CUBE,15897,906798,906839,41
CUBE,15901,906964,906989,25
CUBE,15905,908102,908143,41
CUBE,15909,908160,908201,41
CUBE,15913,908218,908259,41
CUBE,15917,908276,908317,41
CUBE,15921,908334,908375,41
CUBE,15925,908392,908433,41
CUBE,15931,908616,908657,41
CUBE,15935,908799,908840,41
CUBE,15939,908965,908990,25
CUBE,15943,909131,909172,41
CUBE,15947,909297,909338,41
CUBE,15951,909463,909504,41
CUBE,15955,909629,909670,41
CUBE,15959,909795,909836,41
CUBE,15963,909961,910002,41
CUBE,15969,910324,910365,41
CUBE,15973,910507,910548,41
CUBE,15977,910673,910698,25
CUBE,15981,910839,910880,41
CUBE,15985,911005,911046,41
CUBE,15989,911171,911212,41
CUBE,15993,911337,911378,41
CUBE,15997,911503,911544,41
CUBE,16001,911669,911710,41
CUBE,16007,912032,912073,41
CUBE,16011,912215,912256,41
CUBE,16015,912381,912406,25
CUBE,16019,912547,912588,41
CUBE,16023,912713,912754,41
CUBE,16027,912879,912920,41
CUBE,16031,913045,913086,41
CUBE,16035,913211,913252,41
CUBE,16039,913377,913418,41
CUBE,16045,913740,913781,41
CUBE,16049,913923,913964,41
CUBE,16053,914270,914351,81
CUBE,16057,914453,914478,25
CUBE,16061,914619,914660,41
CUBE,16065,914785,914826,41
CUBE,16069,914951,914992,41
CUBE,16073,915117,915158,41
CUBE,16077,915283,915324,41
CUBE,16081,915449,915490,41
CUBE,16085,915615,915656,41
CUBE,16089,915962,916115,153
CUBE,16093,916145,916170,25
CUBE,16097,916311,916352,41
CUBE,16101,916477,916518,41
CUBE,16105,916643,916684,41
CUBE,16109,916809,916850,41
CUBE,16113,916975,917016,41
CUBE,16117,917141,917182,41
CUBE,16121,917307,917348,41
CUBE,16125,917654,917807,153
CUBE,16129,917837,917862,25
CUBE,16133,918003,918044,41
CUBE,16137,918169,918210,41
CUBE,16141,918335,918376,41
CUBE,16145,918501,918542,41
CUBE,16149,918667,918708,41
CUBE,16153,918833,918874,41
CUBE,16157,919057,919098,41
CUBE,16161,919404,919557,153
CUBE,16165,919587,919612,25
CUBE,16169,919753,919794,41
CUBE,16173,919919,919960,41
CUBE,16177,920085,920126,41
CUBE,16181,920251,920292,41
CUBE,16185,920417,920458,41
CUBE,16189,920583,920624,41
CUBE,16193,920749,920790,41
CUBE,16197,921154,921307,153
CUBE,16201,921337,921362,25
CUBE,16205,921503,921544,41
CUBE,16209,921686,921727,41
CUBE,16213,921852,921893,41
CUBE,16217,922018,922059,41
CUBE,16221,922184,922225,41
CUBE,16225,922350,922391,41
CUBE,16229,922574,922615,41
CUBE,16233,922921,923074,153
CUBE,16237,923104,923129,25
CUBE,16241,923287,923328,41
CUBE,16245,923470,923511,41
CUBE,16249,923694,923735,41
CUBE,16253,923918,923959,41
CUBE,16257,924142,924183,41
CUBE,16261,924366,924407,41
CUBE,16265,924590,924631,41
CUBE,16269,924937,925090,153
CUBE,16273,925120,925145,25
CUBE,16277,925328,925369,41
CUBE,16281,925511,925552,41
CUBE,16285,925677,925718,41
CUBE,16289,925843,925884,41
CUBE,16293,926009,926050,41
CUBE,16297,926175,926216,41
CUBE,16301,926341,926382,41
CUBE,16305,926688,926841,153
CUBE,16309,927052,927133,81
CUBE,16313,927214,927295,81
CUBE,16317,927376,927529,153
CUBE,16321,927610,927763,153
CUBE,16325,927844,927997,153
CUBE,16329,928078,928231,153
CUBE,16333,928312,928465,153
CUBE,16337,928546,928699,153
CUBE,16341,928780,928933,153
CUBE,16345,929063,929216,153
CUBE,16349,929297,929378,81
CUBE,16353,929459,929612,153
CUBE,16357,929693,929846,153
CUBE,16361,929927,930080,153
CUBE,16365,930161,930314,153
CUBE,16369,930395,930548,153
CUBE,16373,930770,930923,153
CUBE,16377,931298,931451,153
CUBE,16381,932037,932190,153
CUBE,16385,932412,932493,81
CUBE,16389,932787,932940,153
CUBE,16393,933162,933315,153
CUBE,16397,933690,933843,153
CUBE,16401,934065,934218,153
CUBE,16405,934593,934746,153
CUBE,16409,934968,935121,153
CUBE,16413,935496,935649,153
CUBE,16417,936154,936307,153
CUBE,16421,936518,936599,81
CUBE,16425,936893,936974,81
CUBE,16429,937268,937421,153
CUBE,16433,937643,937796,153
CUBE,16437,938171,938324,153
CUBE,16441,938405,938558,153
CUBE,16445,938780,938861,81
CUBE,16449,939155,939308,153
CUBE,16453,939530,939683,153
CUBE,16457,940058,940211,153
CUBE,16461,940292,940445,153
CUBE,16465,940667,940748,81
CUBE,16469,941042,941195,153
CUBE,16473,941417,941570,153
CUBE,16477,941945,942098,153
CUBE,16481,942179,942332,153
CUBE,16485,942413,942494,81
CUBE,16489,942575,942656,81
CUBE,16493,942950,943103,153
CUBE,16497,943184,943337,153
CUBE,16501,943418,943571,153
CUBE,16505,943652,943805,153
CUBE,16509,943886,943967,81
CUBE,16513,944048,944201,153
CUBE,16517,944282,944435,153
CUBE,16521,944516,944669,153
CUBE,16525,944911,945064,153
CUBE,16529,945286,945367,81
CUBE,16533,945661,945814,153
CUBE,16537,946036,946189,153
CUBE,16541,946564,946717,153
CUBE,16545,946939,947092,153
CUBE,16549,947173,947254,81
CUBE,16553,947548,947629,81
CUBE,16557,947923,948076,153
CUBE,16561,948298,948451,153
CUBE,16565,948826,948979,153
CUBE,16569,949060,949213,153
CUBE,16573,949435,949516,81
CUBE,16577,949810,949963,153
CUBE,16581,950185,950338,153
CUBE,16585,950713,950866,153
CUBE,16589,951371,951524,153
CUBE,16593,951746,951827,81
CUBE,16597,952121,952274,153
CUBE,16601,952496,952649,153
CUBE,16605,953024,953177,153
CUBE,16609,953682,953835,153
CUBE,16613,954340,954421,81
CUBE,16617,954715,954796,81
CUBE,16621,955090,955243,153
CUBE,16625,955618,955771,153
CUBE,16629,956146,956299,153
CUBE,16633,956957,957110,153
CUBE,16637,957332,957413,81
CUBE,16641,957707,957860,153
CUBE,16645,958446,958599,153
CUBE,16649,958974,959127,153
CUBE,16653,959632,959785,153
CUBE,16657,960160,960241,81
CUBE,16661,960535,960688,153
CUBE,16665,961063,961216,153
CUBE,16669,961591,961744,153
CUBE,16673,962402,962555,153
CUBE,16677,962585,962610,25
CUBE,16681,963199,963280,81
CUBE,16685,963574,963727,153
CUBE,16689,964102,964255,153
CUBE,16693,964630,964783,153
CUBE,16697,964800,964841,41
CUBE,16701,965430,965511,81
CUBE,16705,965805,965958,153
CUBE,16709,966180,966333,153
CUBE,16713,966708,966861,153
CUBE,16717,966878,966919,41
CUBE,16721,967294,967375,81
CUBE,16725,967669,967822,153
CUBE,16729,968197,968350,153
CUBE,16733,968725,968878,153
CUBE,16737,968895,968936,41
CUBE,16742,969600,969681,81
CUBE,16746,970108,970189,81
CUBE,16750,970322,970403,81
CUBE,16754,970911,970992,81
CUBE,16758,971125,971206,81
CUBE,16762,971714,971795,81
CUBE,16766,975151,975232,81
CUBE,16770,975313,975394,81
CUBE,16774,975821,975974,153
CUBE,16778,976632,976713,81
CUBE,16782,977452,977533,81
CUBE,16786,977827,977980,153
CUBE,16790,978638,978791,153
CUBE,16794,979530,979611,81
CUBE,16798,979905,980058,153
CUBE,16802,980563,980716,153
CUBE,16806,981091,981172,81
CUBE,16810,981830,981983,153
CUBE,16814,982641,982794,153
CUBE,16818,983533,983614,81
CUBE,16822,983908,984061,153
CUBE,16826,984566,984719,153
CUBE,16830,985094,985175,81
CUBE,16834,985833,985986,153
CUBE,16838,986644,986797,153
CUBE,16842,987536,987617,81
CUBE,16846,987911,988064,153
CUBE,16850,988569,988722,153
CUBE,16854,989097,989178,81
CUBE,16858,989553,989706,153
CUBE,16862,990364,990517,153
CUBE,16866,991022,991103,81
CUBE,16870,991340,991365,25
CUBE,16874,991523,991548,25
CUBE,16878,991824,991849,25
CUBE,16882,992675,992716,41
CUBE,16886,992993,993018,25
CUBE,16890,993176,993217,41
CUBE,16894,993477,993502,25
CUBE,16898,994328,994369,41
CUBE,16902,994646,994671,25
CUBE,16906,994829,994870,41
CUBE,16910,995130,995155,25
CUBE,16914,995617,995658,41
CUBE,16918,995935,995960,25
CUBE,16922,996118,996159,41
CUBE,16926,996419,996444,25
CUBE,16930,996737,996778,41
CUBE,16934,996920,996945,25
CUBE,16938,997906,997931,25
CUBE,16942,998590,998631,41
CUBE,16946,998648,998689,41
CUBE,16950,998706,998747,41
CUBE,16954,998764,998805,41
CUBE,16958,998822,998863,41
CUBE,16962,998880,998921,41
CUBE,16966,999096,999137,41
CUBE,16970,999279,999320,41
CUBE,16974,999445,999470,25
CUBE,16978,999611,999652,41
CUBE,16982,999777,999818,41
CUBE,16986,999943,999984,41
CUBE,16990,1000109,1000150,41
CUBE,16994,1000275,1000316,41
CUBE,16998,1000441,1000482,41
CUBE,17002,1000742,1000783,41
CUBE,17006,1000925,1000966,41
CUBE,17010,1001091,1001116,25
CUBE,17014,1001775,1001816,41
CUBE,17018,1001833,1001874,41
CUBE,17022,1001910,1001951,41
CUBE,17026,1002076,1002117,41
CUBE,17030,1002242,1002283,41
CUBE,17034,1002408,1002449,41
CUBE,17038,1002709,1002750,41
CUBE,17042,1002892,1002933,41
CUBE,17046,1003058,1003083,25
CUBE,17050,1003224,1003265,41
CUBE,17054,1003390,1003431,41
CUBE,17058,1003556,1003597,41
CUBE,17062,1003722,1003763,41
CUBE,17066,1003888,1003929,41
CUBE,17070,1004054,1004095,41
CUBE,17074,1004355,1004396,41
CUBE,17078,1004538,1004579,41
CUBE,17082,1004704,1004729,25
CUBE,17086,1004870,1004911,41
CUBE,17090,1005036,1005077,41
CUBE,17094,1005202,1005243,41
CUBE,17098,1005368,1005409,41
CUBE,17102,1005534,1005575,41
CUBE,17106,1005700,1005741,41
CUBE,17110,1006001,1006042,41
CUBE,17114,1006184,1006225,41
CUBE,17118,1006350,1006375,25
CUBE,17122,1006972,1007013,41
CUBE,17126,1007155,1007196,41
CUBE,17130,1007321,1007362,41
CUBE,17134,1007487,1007528,41
CUBE,17138,1007653,1007694,41
CUBE,17142,1007819,1007860,41
CUBE,17146,1008120,1008161,41
CUBE,17150,1008303,1008344,41
CUBE,17156,1008469,1008494,25
CUBE,17160,1008635,1008676,41
CUBE,17164,1008801,1008842,41
CUBE,17168,1008967,1009008,41
CUBE,17172,1009133,1009174,41
CUBE,17176,1009299,1009340,41
CUBE,17180,1009465,1009506,41
CUBE,17184,1009766,1009807,41
CUBE,17188,1010146,1010187,41
CUBE,17192,1010329,1010354,25
CUBE,17196,1010495,1010520,25
CUBE,17200,1010661,1010702,41
CUBE,17204,1010827,1010868,41
CUBE,17208,1010993,1011034,41
CUBE,17212,1011159,1011200,41
CUBE,17216,1011325,1011366,41
CUBE,17220,1011491,1011532,41
CUBE,17226,1011854,1011895,41
CUBE,17230,1012037,1012078,41
CUBE,17234,1012203,1012228,25
CUBE,17238,1012369,1012410,41
CUBE,17242,1012535,1012576,41
CUBE,17246,1012701,1012742,41
CUBE,17250,1012867,1012908,41
CUBE,17254,1013033,1013074,41
CUBE,17258,1013199,1013240,41
CUBE,17264,1013562,1013603,41
CUBE,17268,1013745,1013786,41
CUBE,17272,1013911,1013936,25
CUBE,17276,1014077,1014118,41
CUBE,17280,1014243,1014284,41
CUBE,17284,1014409,1014450,41
CUBE,17288,1014575,1014616,41
CUBE,17292,1014741,1014782,41
CUBE,17296,1014965,1015006,41
CUBE,17302,1015328,1015369,41
CUBE,17306,1015511,1015552,41
CUBE,17310,1015677,1015702,25
CUBE,17314,1015843,1015884,41
CUBE,17318,1015901,1015942,41
CUBE,17322,1015959,1016000,41
CUBE,17326,1016017,1016058,41
CUBE,17330,1016075,1016116,41
CUBE,17334,1016133,1016174,41
CUBE,17340,1016388,1016429,41
CUBE,17344,1016446,1016487,41
CUBE,17348,1016504,1016529,25
CUBE,17352,1016546,1016587,41
CUBE,17356,1016604,1016645,41
CUBE,17360,1016662,1016703,41
CUBE,17364,1016720,1016761,41
CUBE,17368,1016778,1016819,41
CUBE,17372,1016836,1016877,41
CUBE,17378,1017091,1017132,41
CUBE,17382,1017149,1017190,41
CUBE,17386,1017207,1017232,25
CUBE,17390,1017249,1017290,41
CUBE,17394,1017307,1017348,41
CUBE,17398,1017365,1017406,41
CUBE,17402,1017423,1017464,41
CUBE,17406,1017481,1017522,41
CUBE,17410,1017539,1017580,41
CUBE,17416,1017794,1017835,41
CUBE,17420,1017852,1017893,41
CUBE,17424,1017910,1017935,25
CUBE,17428,1017952,1017993,41
CUBE,17432,1018010,1018051,41
CUBE,17436,1018068,1018109,41
CUBE,17440,1018126,1018167,41
CUBE,17444,1018184,1018225,41
CUBE,17448,1018242,1018283,41
CUBE,17454,1018323,1018364,41
CUBE,17458,1018381,1018422,41
CUBE,17462,1018503,1018584,81
CUBE,17466,1018601,1018626,25
CUBE,17470,1018643,1018684,41
CUBE,17474,1018701,1018742,41
CUBE,17478,1018759,1018800,41
CUBE,17482,1018817,1018858,41
CUBE,17486,1018875,1018916,41
CUBE,17490,1018933,1018974,41
CUBE,17494,1018991,1019032,41
CUBE,17498,1019113,1019266,153
CUBE,17502,1019283,1019308,25
CUBE,17506,1019325,1019366,41
CUBE,17510,1019383,1019424,41
CUBE,17514,1019441,1019482,41
CUBE,17518,1019499,1019540,41
CUBE,17522,1019557,1019598,41
CUBE,17526,1019615,1019656,41
CUBE,17530,1019673,1019714,41
CUBE,17534,1019795,1019948,153
CUBE,17538,1019965,1019990,25
CUBE,17542,1020007,1020048,41
CUBE,17546,1020065,1020106,41
CUBE,17550,1020123,1020164,41
CUBE,17554,1020181,1020222,41
CUBE,17558,1020239,1020280,41
CUBE,17562,1020297,1020338,41
CUBE,17566,1020355,1020396,41
CUBE,17570,1020477,1020630,153
CUBE,17574,1020647,1020672,25
CUBE,17578,1020689,1020730,41
CUBE,17582,1020747,1020788,41
CUBE,17586,1020805,1020846,41
CUBE,17590,1020863,1020904,41
CUBE,17594,1020921,1020962,41
CUBE,17598,1020979,1021020,41
CUBE,17602,1021037,1021078,41
CUBE,17606,1021159,1021312,153
CUBE,17610,1021329,1021354,25
CUBE,17614,1021371,1021412,41
CUBE,17618,1021429,1021470,41
CUBE,17622,1021487,1021528,41
CUBE,17626,1021545,1021586,41
CUBE,17630,1021603,1021644,41
CUBE,17634,1021661,1021702,41
CUBE,17638,1021719,1021760,41
CUBE,17642,1022094,1022247,153
CUBE,17646,1022264,1022289,25
CUBE,17650,1022362,1022403,41
CUBE,17654,1022420,1022461,41
CUBE,17658,1022478,1022519,41
CUBE,17662,1022536,1022577,41
CUBE,17666,1022694,1022735,41
CUBE,17670,1022860,1022901,41
CUBE,17674,1022918,1022959,41
CUBE,17678,1023293,1023446,153
CUBE,17682,1023463,1023488,25
CUBE,17686,1023561,1023602,41
CUBE,17690,1023619,1023660,41
CUBE,17694,1023677,1023718,41
CUBE,17698,1023735,1023776,41
CUBE,17702,1023793,1023834,41
CUBE,17706,1023851,1023892,41
CUBE,17710,1023909,1023950,41
CUBE,17714,1024031,1024184,153
CUBE,17718,1024265,1024346,81
CUBE,17722,1024427,1024508,81
CUBE,17726,1024589,1024742,153
CUBE,17730,1024823,1024976,153
CUBE,17734,1025057,1025210,153
CUBE,17738,1025291,1025444,153
CUBE,17742,1025525,1025678,153
CUBE,17746,1025759,1025912,153
CUBE,17750,1025993,1026146,153
CUBE,17754,1026227,1026380,153
CUBE,17758,1026461,1026542,81
CUBE,17762,1026623,1026776,153
CUBE,17766,1026857,1027010,153
CUBE,17770,1027091,1027244,153
CUBE,17774,1027466,1027619,153
CUBE,17778,1027841,1027994,153
CUBE,17782,1028216,1028369,153
CUBE,17786,1028591,1028744,153
CUBE,17790,1028966,1029119,153
CUBE,17794,1029494,1029575,81
CUBE,17798,1029869,1030022,153
CUBE,17802,1030244,1030397,153
CUBE,17806,1030619,1030772,153
CUBE,17810,1030994,1031147,153
CUBE,17814,1031369,1031522,153
CUBE,17818,1031603,1031756,153
CUBE,17822,1031978,1032131,153
CUBE,17826,1032353,1032506,153
CUBE,17830,1032728,1032809,81
CUBE,17834,1033103,1033184,81
CUBE,17838,1033478,1033631,153
CUBE,17842,1033712,1033865,153
CUBE,17846,1034087,1034240,153
CUBE,17850,1034462,1034615,153
CUBE,17854,1034837,1034918,81
CUBE,17858,1035212,1035365,153
CUBE,17862,1035446,1035599,153
CUBE,17866,1035821,1035974,153
CUBE,17870,1036196,1036349,153
CUBE,17874,1036571,1036652,81
CUBE,17878,1036946,1037099,153
CUBE,17882,1037180,1037333,153
CUBE,17886,1037555,1037708,153
CUBE,17890,1037789,1037942,153
CUBE,17894,1038023,1038104,81
CUBE,17898,1038398,1038479,81
CUBE,17902,1038773,1038926,153
CUBE,17906,1039007,1039160,153
CUBE,17910,1039241,1039394,153
CUBE,17914,1039475,1039628,153
CUBE,17918,1039850,1039931,81
CUBE,17922,1040225,1040378,153
CUBE,17926,1040600,1040753,153
CUBE,17930,1040975,1041128,153
CUBE,17934,1041633,1041786,153
CUBE,17938,1042008,1042089,81
CUBE,17942,1042383,1042536,153
CUBE,17946,1042758,1042911,153
CUBE,17950,1043133,1043286,153
CUBE,17954,1043944,1044097,153
CUBE,17958,1044602,1044683,81
CUBE,17962,1044977,1045058,81
CUBE,17966,1045352,1045505,153
CUBE,17970,1045727,1045880,153
CUBE,17974,1046102,1046255,153
CUBE,17978,1046760,1046913,153
CUBE,17982,1047135,1047216,81
CUBE,17986,1047510,1047663,153
CUBE,17990,1047885,1048038,153
CUBE,17994,1048260,1048413,153
CUBE,17998,1048918,1049071,153
CUBE,18002,1049293,1049374,81
CUBE,18006,1049668,1049821,153
CUBE,18010,1050043,1050196,153
CUBE,18014,1050418,1050571,153
CUBE,18018,1051076,1051229,153
CUBE,18022,1051734,1051815,81
CUBE,18026,1052109,1052190,81
CUBE,18030,1052484,1052637,153
CUBE,18034,1052859,1053012,153
CUBE,18038,1053234,1053387,153
CUBE,18042,1053892,1054045,153
CUBE,18046,1054267,1054348,81
CUBE,18050,1054642,1054795,153
CUBE,18054,1055017,1055170,153
CUBE,18058,1055392,1055545,153
CUBE,18062,1056050,1056203,153
CUBE,18066,1056425,1056506,81
CUBE,18070,1056800,1056953,153
CUBE,18074,1058420,1058573,153
CUBE,18078,1058948,1059101,153
CUBE,18082,1059606,1059759,153
CUBE,18086,1059789,1059814,25
CUBE,18090,1060403,1060484,81
CUBE,18094,1060778,1060931,153
CUBE,18098,1061153,1061306,153
CUBE,18102,1061681,1061834,153
CUBE,18106,1061851,1061892,41
CUBE,18110,1062481,1062562,81
CUBE,18114,1062856,1063009,153
CUBE,18118,1063231,1063384,153
CUBE,18122,1063759,1063912,153
CUBE,18126,1063929,1063970,41
CUBE,18130,1064559,1064640,81
CUBE,18134,1064934,1065087,153
CUBE,18138,1065309,1065462,153
CUBE,18142,1065837,1065990,153
CUBE,18146,1066007,1066048,41
CUBE,18151,1067009,1067090,81
CUBE,18155,1067517,1067598,81
CUBE,18159,1067892,1067973,81
CUBE,18163,1068400,1068553,153
CUBE,18167,1069058,1069139,81
CUBE,18171,1069878,1069959,81
CUBE,18175,1070172,1070325,153
CUBE,18179,1070830,1070983,153
CUBE,18183,1071722,1071803,81
CUBE,18187,1072097,1072250,153
CUBE,18191,1072755,1072908,153
CUBE,18195,1073465,1073546,81
CUBE,18199,1073759,1073912,153
CUBE,18203,1074417,1074570,153
CUBE,18207,1075309,1075390,81
CUBE,18211,1075684,1075837,153
CUBE,18215,1076342,1076495,153
CUBE,18219,1077052,1077133,81
CUBE,18223,1077346,1077499,153
CUBE,18227,1078004,1078157,153
CUBE,18231,1078896,1078977,81
CUBE,18235,1079271,1079424,153
CUBE,18239,1079929,1080082,153
CUBE,18243,1080639,1080720,81
CUBE,18247,1080933,1081086,153
CUBE,18251,1081591,1081744,153
CUBE,18255,1082249,1082330,81
CUBE,18259,1082567,1082592,25
CUBE,18263,1082750,1082775,25
CUBE,18267,1083051,1083076,25
CUBE,18271,1083234,1083275,41
CUBE,18275,1083535,1083560,25
CUBE,18279,1083718,1083759,41
CUBE,18283,1084019,1084044,25
CUBE,18287,1085174,1085215,41
CUBE,18291,1085232,1085257,25
CUBE,18295,1085311,1085352,41
CUBE,18299,1085612,1085637,25
CUBE,18303,1086463,1086504,41
CUBE,18307,1086781,1086806,25
CUBE,18311,1086964,1087005,41
CUBE,18315,1087265,1087290,25
CUBE,18319,1087583,1087624,41
CUBE,18323,1087766,1087791,25
CUBE,18327,1089480,1089505,25
CUBE,18331,1091342,1091383,41
CUBE,18335,1091400,1091441,41
CUBE,18339,1091458,1091499,41
CUBE,18343,1091516,1091557,41
CUBE,18347,1091574,1091615,41
CUBE,18351,1091632,1091673,41
CUBE,18355,1091690,1091731,41
CUBE,18359,1091748,1091789,41
CUBE,18363,1091806,1091831,25
CUBE,18367,1091848,1091889,41
CUBE,18371,1091906,1091947,41
CUBE,18375,1091964,1092005,41
CUBE,18379,1092022,1092063,41
CUBE,18383,1092080,1092121,41
CUBE,18387,1092138,1092179,41
CUBE,18391,1092316,1092357,41
CUBE,18395,1092499,1092540,41
CUBE,18399,1092665,1092690,25
CUBE,18403,1092831,1092872,41
CUBE,18407,1092997,1093038,41
CUBE,18411,1093163,1093204,41
CUBE,18415,1093329,1093370,41
CUBE,18419,1093495,1093536,41
CUBE,18423,1093661,1093702,41
CUBE,18427,1093962,1094003,41
CUBE,18431,1094145,1094186,41
CUBE,18435,1094311,1094336,25
CUBE,18439,1094477,1094518,41
CUBE,18443,1094643,1094684,41
CUBE,18447,1094809,1094850,41
CUBE,18451,1094975,1095016,41
CUBE,18455,1095141,1095182,41
CUBE,18459,1095307,1095348,41
CUBE,18463,1095608,1095649,41
CUBE,18467,1095791,1095832,41
CUBE,18471,1095957,1095982,25
CUBE,18475,1096123,1096164,41
CUBE,18479,1096347,1096388,41
CUBE,18483,1096571,1096612,41
CUBE,18487,1096795,1096836,41
CUBE,18491,1097019,1097060,41
CUBE,18495,1097243,1097284,41
CUBE,18499,1097602,1097643,41
CUBE,18503,1097785,1097826,41
CUBE,18507,1097951,1097976,25
CUBE,18511,1098877,1098918,41
CUBE,18515,1098935,1098976,41
CUBE,18519,1098993,1099034,41
CUBE,18523,1099051,1099092,41
CUBE,18527,1099109,1099150,41
CUBE,18531,1099167,1099208,41
CUBE,18535,1099225,1099266,41
CUBE,18539,1099283,1099324,41
CUBE,18545,1099341,1099366,25
CUBE,18549,1099383,1099424,41
CUBE,18553,1099441,1099482,41
CUBE,18557,1099499,1099540,41
CUBE,18561,1099557,1099598,41
CUBE,18565,1099615,1099656,41
CUBE,18569,1099673,1099714,41
CUBE,18573,1099731,1099772,41
CUBE,18577,1099986,1100027,41
CUBE,18581,1100044,1100069,25
CUBE,18585,1100086,1100111,25
CUBE,18589,1100128,1100169,41
CUBE,18593,1100186,1100227,41
CUBE,18597,1100244,1100285,41
CUBE,18601,1100302,1100343,41
CUBE,18605,1100360,1100401,41
CUBE,18609,1100418,1100459,41
CUBE,18615,1100476,1100517,41
CUBE,18619,1100534,1100575,41
CUBE,18623,1100592,1100617,25
CUBE,18627,1100634,1100675,41
CUBE,18631,1100692,1100733,41
CUBE,18635,1100750,1100791,41
CUBE,18639,1100808,1100849,41
CUBE,18643,1100866,1100907,41
CUBE,18647,1100924,1100965,41
CUBE,18653,1101285,1101326,41
CUBE,18657,1101468,1101509,41
CUBE,18661,1101634,1101659,25
CUBE,18665,1101800,1101841,41
CUBE,18669,1101966,1102007,41
CUBE,18673,1102132,1102173,41
CUBE,18677,1102298,1102339,41
CUBE,18681,1102464,1102505,41
CUBE,18685,1102630,1102671,41
CUBE,18691,1102993,1103034,41
CUBE,18695,1103176,1103217,41
CUBE,18699,1103342,1103367,25
CUBE,18703,1103508,1103549,41
CUBE,18707,1103674,1103715,41
CUBE,18711,1103840,1103881,41
CUBE,18715,1104006,1104047,41
CUBE,18719,1104172,1104213,41
CUBE,18723,1104338,1104379,41
CUBE,18729,1104701,1104742,41
CUBE,18733,1104884,1104925,41
CUBE,18737,1105050,1105075,25
CUBE,18741,1105216,1105257,41
CUBE,18745,1105382,1105423,41
CUBE,18749,1105548,1105589,41
CUBE,18753,1105714,1105755,41
CUBE,18757,1105880,1105921,41
CUBE,18761,1106046,1106087,41
CUBE,18767,1106409,1106450,41
CUBE,18771,1106592,1106633,41
CUBE,18775,1106816,1106841,25
CUBE,18779,1106982,1107023,41
CUBE,18783,1107148,1107189,41
CUBE,18787,1107314,1107355,41
CUBE,18791,1107480,1107521,41
CUBE,18795,1107646,1107687,41
CUBE,18799,1107812,1107853,41
CUBE,18805,1108175,1108216,41
CUBE,18809,1108358,1108399,41
CUBE,18813,1108524,1108549,25
CUBE,18817,1108732,1108773,41
CUBE,18821,1108790,1108831,41
CUBE,18825,1108848,1108889,41
CUBE,18829,1108906,1108947,41
CUBE,18833,1108964,1109005,41
CUBE,18837,1109022,1109063,41
CUBE,18843,1109161,1109202,41
CUBE,18847,1109219,1109260,41
CUBE,18851,1109341,1109422,81
CUBE,18855,1109439,1109464,25
CUBE,18859,1109481,1109522,41
CUBE,18863,1109539,1109580,41
CUBE,18867,1109597,1109638,41
CUBE,18871,1109655,1109696,41
CUBE,18875,1109713,1109754,41
CUBE,18879,1109771,1109812,41
CUBE,18883,1109829,1109870,41
CUBE,18887,1109951,1110104,153
CUBE,18891,1110121,1110146,25
CUBE,18895,1110163,1110204,41
CUBE,18899,1110221,1110262,41
CUBE,18903,1110279,1110320,41
CUBE,18907,1110337,1110378,41
CUBE,18911,1110395,1110436,41
CUBE,18915,1110453,1110494,41
CUBE,18919,1110511,1110552,41
CUBE,18923,1110633,1110786,153
CUBE,18927,1110803,1110828,25
CUBE,18931,1110845,1110886,41
CUBE,18935,1110903,1110944,41
CUBE,18939,1110961,1111002,41
CUBE,18943,1111019,1111060,41
CUBE,18947,1111077,1111118,41
CUBE,18951,1111135,1111176,41
CUBE,18955,1111193,1111234,41
CUBE,18959,1111315,1111468,153
CUBE,18963,1111485,1111510,25
CUBE,18967,1111527,1111568,41
CUBE,18971,1111585,1111626,41
CUBE,18975,1111643,1111684,41
CUBE,18979,1111701,1111742,41
CUBE,18983,1111759,1111800,41
CUBE,18987,1111817,1111858,41
CUBE,18991,1111875,1111916,41
CUBE,18995,1111997,1112150,153
CUBE,18999,1112167,1112192,25
CUBE,19003,1112209,1112250,41
CUBE,19007,1112267,1112308,41
CUBE,19011,1112325,1112366,41
CUBE,19015,1112383,1112424,41
CUBE,19019,1112441,1112482,41
CUBE,19023,1112499,1112540,41
CUBE,19027,1112557,1112598,41
CUBE,19031,1112915,1113068,153
CUBE,19035,1113085,1113110,25
CUBE,19039,1113183,1113224,41
CUBE,19043,1113366,1113407,41
CUBE,19047,1113532,1113573,41
CUBE,19051,1113698,1113739,41
CUBE,19055,1113864,1113905,41
CUBE,19059,1114030,1114071,41
CUBE,19063,1114196,1114237,41
CUBE,19067,1114318,1114471,153
CUBE,19071,1114488,1114513,25
CUBE,19075,1114530,1114571,41
CUBE,19079,1114588,1114629,41
CUBE,19083,1114646,1114687,41
CUBE,19087,1114704,1114745,41
CUBE,19091,1114762,1114803,41
CUBE,19095,1114820,1114861,41
CUBE,19099,1114878,1114919,41
CUBE,19103,1115000,1115153,153
CUBE,19107,1115234,1115315,81
CUBE,19111,1115396,1115477,81
CUBE,19115,1115558,1115711,153
CUBE,19119,1115792,1115945,153
CUBE,19123,1116026,1116179,153
CUBE,19127,1116260,1116413,153
CUBE,19131,1116494,1116647,153
CUBE,19135,1116728,1116881,153
CUBE,19139,1116962,1117115,153
CUBE,19143,1117196,1117349,153
CUBE,19147,1117430,1117511,81
CUBE,19151,1117592,1117745,153
CUBE,19155,1117826,1117979,153
CUBE,19159,1118201,1118354,153
CUBE,19163,1118576,1118729,153
CUBE,19167,1118951,1119104,153
CUBE,19171,1119326,1119479,153
CUBE,19175,1119701,1119854,153
CUBE,19179,1120076,1120229,153
CUBE,19183,1120451,1120532,81
CUBE,19187,1120826,1120979,153
CUBE,19191,1121201,1121354,153
CUBE,19195,1121576,1121729,153
CUBE,19199,1121951,1122104,153
CUBE,19203,1122185,1122338,153
CUBE,19207,1122560,1122713,153
CUBE,19211,1122935,1123088,153
CUBE,19215,1123310,1123463,153
CUBE,19219,1123685,1123766,81
CUBE,19223,1124060,1124141,81
CUBE,19227,1124222,1124375,153
CUBE,19231,1124597,1124750,153
CUBE,19235,1124972,1125125,153
CUBE,19239,1125347,1125500,153
CUBE,19243,1125722,1125803,81
CUBE,19247,1125884,1126037,153
CUBE,19251,1126259,1126412,153
CUBE,19255,1126634,1126787,153
CUBE,19259,1127009,1127162,153
CUBE,19263,1127384,1127465,81
CUBE,19267,1127546,1127699,153
CUBE,19271,1127921,1128074,153
CUBE,19275,1128155,1128308,153
CUBE,19279,1128389,1128542,153
CUBE,19283,1128764,1128845,81
CUBE,19287,1129139,1129220,81
CUBE,19291,1129301,1129454,153
CUBE,19295,1129676,1129829,153
CUBE,19299,1130051,1130204,153
CUBE,19303,1130709,1130862,153
CUBE,19307,1131084,1131165,81
CUBE,19311,1131459,1131612,153
CUBE,19315,1131834,1131987,153
CUBE,19319,1132209,1132362,153
CUBE,19323,1132867,1133020,153
CUBE,19327,1133242,1133323,81
CUBE,19331,1133617,1133770,153
CUBE,19335,1133992,1134145,153
CUBE,19339,1134367,1134520,153
CUBE,19343,1135025,1135178,153
CUBE,19347,1135683,1135764,81
CUBE,19351,1136058,1136139,81
CUBE,19355,1136433,1136586,153
CUBE,19359,1136808,1136961,153
CUBE,19363,1137183,1137336,153
CUBE,19367,1137841,1137994,153
CUBE,19371,1138216,1138297,81
CUBE,19375,1138591,1138744,153
CUBE,19379,1138966,1139119,153
CUBE,19383,1139341,1139494,153
CUBE,19387,1139999,1140152,153
CUBE,19391,1140374,1140455,81
CUBE,19395,1140749,1140902,153
CUBE,19399,1141124,1141277,153
CUBE,19403,1141499,1141652,153
CUBE,19407,1142157,1142310,153
CUBE,19411,1142815,1142896,81
CUBE,19415,1143190,1143271,81
CUBE,19419,1143565,1143718,153
CUBE,19423,1145032,1145185,153
CUBE,19427,1145560,1145713,153
CUBE,19431,1146218,1146371,153
CUBE,19435,1146593,1146674,81
CUBE,19439,1146968,1147121,153
CUBE,19443,1147343,1147496,153
CUBE,19447,1147871,1148024,153
CUBE,19451,1148529,1148682,153
CUBE,19455,1148904,1148985,81
CUBE,19459,1149279,1149432,153
CUBE,19463,1149654,1149807,153
CUBE,19467,1150182,1150335,153
CUBE,19471,1150840,1150993,153
CUBE,19475,1151023,1151048,25
CUBE,19479,1151637,1151718,81
CUBE,19483,1152012,1152165,153
CUBE,19487,1152387,1152540,153
CUBE,19491,1152915,1153068,153
CUBE,19495,1153085,1153126,41
CUBE,19499,1153715,1153796,81
CUBE,19503,1154090,1154243,153
CUBE,19507,1154465,1154618,153
CUBE,19511,1154993,1155146,153
CUBE,19515,1155163,1155204,41
CUBE,19519,1155793,1155874,81
CUBE,19523,1156168,1156321,153
CUBE,19527,1156543,1156696,153
CUBE,19531,1157071,1157224,153
CUBE,19535,1157241,1157282,41
CUBE,19540,1158179,1158260,81
CUBE,19544,1158837,1158990,153
CUBE,19548,1159495,1159648,153
CUBE,19552,1160153,1160306,153
CUBE,19556,1160811,1160964,153
CUBE,19560,1161469,1161622,153
CUBE,19564,1162127,1162280,153
CUBE,19568,1162785,1162938,153
CUBE,19572,1163443,1163524,81
CUBE,19576,1163761,1163786,25
CUBE,19580,1163944,1163969,25
CUBE,19584,1164245,1164270,25
CUBE,19588,1165096,1165137,41
CUBE,19592,1165414,1165439,25
CUBE,19596,1165597,1165638,41
CUBE,19600,1165898,1165923,25
CUBE,19604,1166385,1166426,41
CUBE,19608,1166703,1166728,25
CUBE,19612,1166886,1166927,41
CUBE,19616,1167187,1167212,25
CUBE,19620,1171314,1171355,41
CUBE,19624,1171372,1171397,25
CUBE,19628,1171497,1171538,41
CUBE,19632,1171798,1171823,25
CUBE,19636,1172116,1172157,41
CUBE,19640,1172299,1172324,25
CUBE,19644,1172465,1172490,25
CUBE,19648,1173087,1173128,41
CUBE,19652,1173270,1173311,41
CUBE,19656,1173436,1173477,41
CUBE,19660,1173602,1173643,41
CUBE,19664,1173768,1173809,41
CUBE,19668,1173934,1173975,41
CUBE,19672,1174235,1174276,41
CUBE,19676,1174418,1174459,41
CUBE,19680,1174584,1174609,25
CUBE,19684,1174750,1174791,41
CUBE,19688,1174916,1174957,41
CUBE,19692,1175082,1175123,41
CUBE,19696,1175248,1175289,41
CUBE,19700,1175414,1175455,41
CUBE,19704,1175580,1175621,41
CUBE,19708,1175881,1175922,41
CUBE,19712,1176064,1176105,41
CUBE,19716,1176230,1176255,25
CUBE,19720,1176396,1176437,41
CUBE,19724,1176562,1176603,41
CUBE,19728,1176728,1176769,41
CUBE,19732,1176894,1176935,41
CUBE,19736,1177060,1177101,41
CUBE,19740,1177226,1177267,41
CUBE,19744,1177527,1177568,41
CUBE,19748,1177710,1177751,41
CUBE,19752,1177876,1177901,25
CUBE,19756,1178042,1178083,41
CUBE,19760,1178208,1178249,41
CUBE,19764,1178374,1178415,41
CUBE,19768,1178540,1178581,41
CUBE,19772,1178706,1178747,41
CUBE,19776,1178872,1178913,41
CUBE,19780,1179173,1179214,41
CUBE,19784,1179356,1179397,41
CUBE,19788,1179522,1179547,25
CUBE,19792,1180296,1180337,41
CUBE,19796,1180354,1180395,41
CUBE,19800,1180479,1180520,41
CUBE,19804,1180645,1180686,41
CUBE,19808,1180811,1180852,41
CUBE,19812,1180977,1181018,41
CUBE,19816,1181278,1181319,41
CUBE,19820,1181461,1181502,41
CUBE,19824,1181627,1181652,25
CUBE,19828,1181793,1181834,41
CUBE,19832,1181851,1181892,41
CUBE,19836,1181909,1181950,41
CUBE,19840,1181967,1182008,41
CUBE,19844,1182025,1182066,41
CUBE,19848,1182083,1182124,41
CUBE,19852,1182141,1182182,41
CUBE,19856,1182199,1182240,41
CUBE,19862,1182257,1182282,25
CUBE,19866,1182299,1182340,41
CUBE,19870,1182357,1182398,41
CUBE,19874,1182415,1182456,41
CUBE,19878,1182473,1182514,41
CUBE,19882,1182531,1182572,41
CUBE,19886,1182589,1182630,41
CUBE,19890,1182647,1182688,41
CUBE,19894,1182705,1182746,41
CUBE,19898,1182763,1182788,25
CUBE,19902,1182805,1182830,25
CUBE,19906,1182847,1182888,41
CUBE,19910,1182905,1182946,41
CUBE,19914,1182963,1183004,41
CUBE,19918,1183021,1183062,41
CUBE,19922,1183079,1183120,41
CUBE,19926,1183137,1183178,41
CUBE,19932,1183195,1183236,41
CUBE,19936,1183253,1183294,41
CUBE,19940,1183311,1183336,25
CUBE,19944,1183353,1183394,41
CUBE,19948,1183411,1183452,41
CUBE,19952,1183469,1183510,41
CUBE,19956,1183527,1183568,41
CUBE,19960,1183585,1183626,41
CUBE,19964,1183643,1183684,41
CUBE,19970,1183701,1183742,41
CUBE,19974,1183759,1183800,41
CUBE,19978,1183817,1183842,25
CUBE,19982,1183859,1183900,41
CUBE,19986,1183917,1183958,41
CUBE,19990,1183975,1184016,41
CUBE,19994,1184033,1184074,41
CUBE,19998,1184091,1184132,41
CUBE,20002,1184149,1184190,41
CUBE,20008,1184207,1184248,41
CUBE,20012,1184265,1184306,41
CUBE,20016,1184323,1184348,25
CUBE,20020,1184365,1184406,41
CUBE,20024,1184423,1184464,41
CUBE,20028,1184481,1184522,41
CUBE,20032,1184539,1184580,41
CUBE,20036,1184597,1184638,41
CUBE,20040,1184655,1184696,41
CUBE,20046,1184713,1184754,41
CUBE,20050,1184771,1184812,41
CUBE,20054,1184829,1184854,25
CUBE,20058,1184871,1184912,41
CUBE,20062,1184929,1184970,41
CUBE,20066,1184987,1185028,41
CUBE,20070,1185045,1185086,41
CUBE,20074,1185103,1185144,41
CUBE,20078,1185161,1185202,41
CUBE,20084,1185219,1185260,41
CUBE,20088,1185277,1185318,41
CUBE,20092,1185335,1185360,25
CUBE,20096,1185377,1185418,41
CUBE,20100,1185435,1185476,41
CUBE,20104,1185493,1185534,41
CUBE,20108,1185551,1185592,41
CUBE,20112,1185609,1185650,41
CUBE,20116,1185667,1185708,41
CUBE,20122,1185725,1185766,41
CUBE,20126,1185783,1185824,41
CUBE,20130,1185841,1185866,25
CUBE,20134,1185883,1185924,41
CUBE,20138,1185941,1185982,41
CUBE,20142,1185999,1186040,41
CUBE,20146,1186057,1186098,41
CUBE,20150,1186115,1186156,41
CUBE,20154,1186173,1186214,41
CUBE,20160,1186231,1186272,41
CUBE,20164,1186289,1186330,41
CUBE,20168,1186411,1186492,81
CUBE,20172,1186509,1186534,25
CUBE,20176,1186551,1186592,41
CUBE,20180,1186609,1186650,41
CUBE,20184,1186667,1186708,41
CUBE,20188,1186725,1186766,41
CUBE,20192,1186783,1186824,41
CUBE,20196,1186841,1186882,41
CUBE,20200,1186899,1186940,41
CUBE,20204,1187021,1187174,153
CUBE,20208,1187191,1187216,25
CUBE,20212,1187233,1187274,41
CUBE,20216,1187291,1187332,41
CUBE,20220,1187349,1187390,41
CUBE,20224,1187407,1187448,41
CUBE,20228,1187465,1187506,41
CUBE,20232,1187523,1187564,41
CUBE,20236,1187581,1187622,41
CUBE,20240,1187703,1187856,153
CUBE,20244,1187873,1187898,25
CUBE,20248,1187915,1187956,41
CUBE,20252,1187973,1188014,41
CUBE,20256,1188031,1188072,41
CUBE,20260,1188089,1188130,41
CUBE,20264,1188147,1188188,41
CUBE,20268,1188205,1188246,41
CUBE,20272,1188263,1188304,41
CUBE,20276,1188385,1188538,153
CUBE,20280,1188555,1188580,25
CUBE,20284,1188597,1188638,41
CUBE,20288,1188655,1188696,41
CUBE,20292,1188713,1188754,41
CUBE,20296,1188771,1188812,41
CUBE,20300,1188829,1188870,41
CUBE,20304,1188887,1188928,41
CUBE,20308,1188945,1188986,41
CUBE,20312,1189067,1189220,153
CUBE,20316,1189237,1189262,25
CUBE,20320,1189279,1189320,41
CUBE,20324,1189337,1189378,41
CUBE,20328,1189395,1189436,41
CUBE,20332,1189453,1189494,41
CUBE,20336,1189511,1189552,41
CUBE,20340,1189569,1189610,41
CUBE,20344,1189627,1189668,41
CUBE,20348,1189749,1189902,153
CUBE,20352,1189919,1189944,25
CUBE,20356,1189961,1190002,41
CUBE,20360,1190019,1190060,41
CUBE,20364,1190077,1190118,41
CUBE,20368,1190135,1190176,41
CUBE,20372,1190193,1190234,41
CUBE,20376,1190251,1190292,41
CUBE,20380,1190309,1190350,41
CUBE,20384,1190431,1190584,153
CUBE,20388,1190601,1190626,25
CUBE,20392,1190643,1190684,41
CUBE,20396,1190701,1190742,41
CUBE,20400,1190759,1190800,41
CUBE,20404,1190817,1190858,41
CUBE,20408,1190875,1190916,41
CUBE,20412,1190933,1190974,41
CUBE,20416,1190991,1191032,41
CUBE,20420,1191113,1191266,153
CUBE,20424,1191347,1191428,81
CUBE,20428,1191509,1191590,81
CUBE,20432,1191671,1191824,153
CUBE,20436,1191905,1192058,153
CUBE,20440,1192139,1192292,153
CUBE,20444,1192373,1192526,153
CUBE,20448,1192607,1192760,153
CUBE,20452,1192841,1192994,153
CUBE,20456,1193075,1193228,153
CUBE,20460,1193309,1193462,153
CUBE,20464,1193543,1193624,81
CUBE,20468,1193705,1193858,153
CUBE,20472,1194080,1194233,153
CUBE,20476,1194455,1194608,153
CUBE,20480,1194830,1194983,153
CUBE,20484,1195205,1195358,153
CUBE,20488,1195580,1195733,153
CUBE,20492,1195955,1196108,153
CUBE,20496,1196330,1196483,153
CUBE,20500,1196705,1196786,81
CUBE,20504,1197161,1197314,153
CUBE,20508,1197455,1197608,153
CUBE,20512,1197749,1197902,153
CUBE,20516,1197983,1198136,153
CUBE,20520,1198358,1198511,153
CUBE,20524,1198733,1198886,153
CUBE,20528,1199108,1199261,153
CUBE,20532,1199483,1199636,153
CUBE,20536,1199858,1199939,81
CUBE,20540,1200020,1200101,81
CUBE,20544,1200395,1200548,153
CUBE,20548,1200770,1200923,153
CUBE,20552,1201145,1201298,153
CUBE,20556,1201520,1201673,153
CUBE,20560,1201754,1201835,81
CUBE,20564,1202129,1202282,153
CUBE,20568,1202504,1202657,153
CUBE,20572,1202879,1203032,153
CUBE,20576,1203254,1203407,153
CUBE,20580,1203629,1203710,81
CUBE,20584,1204004,1204157,153
CUBE,20588,1204379,1204532,153
CUBE,20592,1204754,1204907,153
CUBE,20596,1205412,1205565,153
CUBE,20600,1206070,1206151,81
CUBE,20604,1206445,1206526,81
CUBE,20608,1206820,1206973,153
CUBE,20612,1207195,1207348,153
CUBE,20616,1207570,1207723,153
CUBE,20620,1208228,1208381,153
CUBE,20624,1208603,1208684,81
CUBE,20628,1208978,1209131,153
CUBE,20632,1209353,1209506,153
CUBE,20636,1209728,1209881,153
CUBE,20640,1210386,1210539,153
CUBE,20644,1210761,1210842,81
CUBE,20648,1211136,1211289,153
CUBE,20652,1211511,1211664,153
CUBE,20656,1211886,1212039,153
CUBE,20660,1212544,1212697,153
CUBE,20664,1213202,1213283,81
CUBE,20668,1213577,1213658,81
CUBE,20672,1213952,1214105,153
CUBE,20676,1214327,1214480,153
CUBE,20680,1214702,1214855,153
CUBE,20684,1215360,1215513,153
CUBE,20688,1215735,1215816,81
CUBE,20692,1216110,1216263,153
CUBE,20696,1216485,1216638,153
CUBE,20700,1216860,1217013,153
CUBE,20704,1217518,1217671,153
CUBE,20708,1217893,1217974,81
CUBE,20712,1218268,1218421,153
CUBE,20716,1218643,1218796,153
CUBE,20720,1219018,1219171,153
CUBE,20724,1219676,1219829,153
CUBE,20728,1220334,1220415,81
CUBE,20732,1220709,1220790,81
CUBE,20736,1221084,1221237,153
CUBE,20740,1224007,1224160,153
CUBE,20744,1224535,1224688,153
CUBE,20748,1225193,1225346,153
CUBE,20752,1225568,1225649,81
CUBE,20756,1225943,1226096,153
CUBE,20760,1226318,1226471,153
CUBE,20764,1226846,1226999,153
CUBE,20768,1227504,1227657,153
CUBE,20772,1227879,1227960,81
CUBE,20776,1228254,1228407,153
CUBE,20780,1228629,1228782,153
CUBE,20784,1229157,1229310,153
CUBE,20788,1229815,1229968,153
CUBE,20792,1229998,1230023,25
CUBE,20796,1230612,1230693,81
CUBE,20800,1230987,1231140,153
CUBE,20804,1231362,1231515,153
CUBE,20808,1231890,1232043,153
CUBE,20812,1232060,1232101,41
CUBE,20816,1232690,1232771,81
CUBE,20820,1233065,1233218,153
CUBE,20824,1233440,1233593,153
CUBE,20828,1233968,1234121,153
CUBE,20832,1234138,1234179,41
CUBE,20836,1234768,1234849,81
CUBE,20840,1235143,1235296,153
CUBE,20844,1235518,1235671,153
CUBE,20848,1236046,1236199,153
CUBE,20852,1236216,1236257,41
CUBE,20857,1237154,1237235,81
CUBE,20861,1237472,1237497,25
CUBE,20865,1237655,1237680,25
CUBE,20869,1237973,1237998,25
CUBE,20873,1238156,1238197,41
CUBE,20877,1238474,1238499,25
CUBE,20881,1238657,1238698,41
CUBE,20885,1238975,1239000,25
CUBE,20889,1239158,1239199,41
CUBE,20893,1239476,1239501,25
CUBE,20897,1239659,1239700,41
CUBE,20901,1239960,1239985,25
CUBE,20905,1240143,1240184,41
CUBE,20909,1240444,1240469,25
CUBE,20913,1240627,1240668,41
CUBE,20917,1240928,1240953,25
CUBE,20921,1241246,1241287,41
CUBE,20925,1241429,1241454,25
CUBE,20929,1241612,1241637,25
CUBE,20933,1241795,1241836,41
CUBE,20937,1241978,1242019,41
CUBE,20941,1242161,1242202,41
CUBE,20945,1242344,1242385,41
CUBE,20949,1242527,1242568,41
CUBE,20953,1242710,1242751,41
CUBE,20957,1243028,1243069,41
CUBE,20961,1243211,1243252,41
CUBE,20965,1243394,1243419,25
CUBE,20969,1243577,1243618,41
CUBE,20973,1243760,1243801,41
CUBE,20977,1243943,1243984,41
CUBE,20981,1244126,1244167,41
CUBE,20985,1244309,1244350,41
CUBE,20989,1244492,1244533,41
CUBE,20993,1244810,1244851,41
CUBE,20997,1244993,1245034,41
CUBE,21001,1245176,1245201,25
CUBE,21005,1245359,1245400,41
CUBE,21009,1245542,1245583,41
CUBE,21013,1245725,1245766,41
CUBE,21017,1245908,1245949,41
CUBE,21021,1246091,1246132,41
CUBE,21025,1246274,1246315,41
CUBE,21029,1246592,1246633,41
CUBE,21033,1246775,1246816,41
CUBE,21037,1246958,1246983,25
CUBE,21041,1247141,1247182,41
CUBE,21045,1247324,1247365,41
CUBE,21049,1247507,1247548,41
CUBE,21053,1247690,1247731,41
CUBE,21057,1247873,1247914,41
CUBE,21061,1248056,1248097,41
CUBE,21065,1248374,1248415,41
CUBE,21069,1248557,1248598,41
CUBE,21073,1248740,1248765,25
CUBE,21077,1248923,1248964,41
CUBE,21081,1248981,1249022,41
CUBE,21085,1249039,1249080,41
CUBE,21089,1249097,1249138,41
CUBE,21093,1249155,1249196,41
CUBE,21097,1249213,1249254,41
CUBE,21101,1249271,1249312,41
CUBE,21105,1249329,1249370,41
CUBE,21109,1249387,1249412,25
CUBE,21113,1249429,1249470,41
CUBE,21117,1249487,1249528,41
CUBE,21121,1249545,1249586,41
CUBE,21125,1249603,1249644,41
CUBE,21129,1249661,1249702,41
CUBE,21133,1249719,1249760,41
CUBE,21137,1249777,1249818,41
CUBE,21141,1249835,1249876,41
CUBE,21147,1249893,1249918,25
CUBE,21151,1249935,1249976,41
CUBE,21155,1249993,1250034,41
CUBE,21159,1250051,1250092,41
CUBE,21163,1250109,1250150,41
CUBE,21167,1250167,1250208,41
CUBE,21171,1250225,1250266,41
CUBE,21175,1250283,1250324,41
CUBE,21179,1250341,1250382,41
CUBE,21183,1250399,1250424,25
CUBE,21187,1250441,1250466,25
CUBE,21191,1250483,1250524,41
CUBE,21195,1250541,1250582,41
CUBE,21199,1250599,1250640,41
CUBE,21203,1250657,1250698,41
CUBE,21207,1250715,1250756,41
CUBE,21211,1250773,1250814,41
CUBE,21217,1250831,1250872,41
CUBE,21221,1250889,1250930,41
CUBE,21225,1250947,1250972,25
CUBE,21229,1250989,1251030,41
CUBE,21233,1251047,1251088,41
CUBE,21237,1251105,1251146,41
CUBE,21241,1251163,1251204,41
CUBE,21245,1251221,1251262,41
CUBE,21249,1251279,1251320,41
CUBE,21255,1251337,1251378,41
CUBE,21259,1251395,1251436,41
CUBE,21263,1251453,1251478,25
CUBE,21267,1251495,1251536,41
CUBE,21271,1251553,1251594,41
CUBE,21275,1251611,1251652,41
CUBE,21279,1251669,1251710,41
CUBE,21283,1251727,1251768,41
CUBE,21287,1251785,1251826,41
CUBE,21293,1251843,1251884,41
CUBE,21297,1251901,1251942,41
CUBE,21301,1251959,1251984,25
CUBE,21305,1252001,1252042,41
CUBE,21309,1252059,1252100,41
CUBE,21313,1252117,1252158,41
CUBE,21317,1252175,1252216,41
CUBE,21321,1252233,1252274,41
CUBE,21325,1252291,1252332,41
CUBE,21331,1252349,1252390,41
CUBE,21335,1252407,1252448,41
CUBE,21339,1252465,1252490,25
CUBE,21343,1252507,1252548,41
CUBE,21347,1252565,1252606,41
CUBE,21351,1252623,1252664,41
CUBE,21355,1252681,1252722,41
CUBE,21359,1252739,1252780,41
CUBE,21363,1252797,1252838,41
CUBE,21369,1252855,1252896,41
CUBE,21373,1252913,1252954,41
CUBE,21377,1252971,1252996,25
CUBE,21381,1253013,1253054,41
CUBE,21385,1253071,1253112,41
CUBE,21389,1253129,1253170,41
CUBE,21393,1253187,1253228,41
CUBE,21397,1253245,1253286,41
CUBE,21401,1253303,1253344,41
CUBE,21407,1253361,1253402,41
CUBE,21411,1253419,1253460,41
CUBE,21415,1253477,1253502,25
CUBE,21419,1253519,1253560,41
CUBE,21423,1253577,1253618,41
CUBE,21427,1253635,1253676,41
CUBE,21431,1253693,1253734,41
CUBE,21435,1253751,1253792,41
CUBE,21439,1253809,1253850,41
CUBE,21445,1253867,1253908,41
CUBE,21449,1253925,1253966,41
CUBE,21453,1254047,1254128,81
CUBE,21457,1254145,1254170,25
CUBE,21461,1254187,1254228,41
CUBE,21465,1254245,1254286,41
CUBE,21469,1254303,1254344,41
CUBE,21473,1254361,1254402,41
CUBE,21477,1254419,1254460,41
CUBE,21481,1254477,1254518,41
CUBE,21485,1254535,1254576,41
CUBE,21489,1254657,1254810,153
CUBE,21493,1254827,1254852,25
CUBE,21497,1254869,1254910,41
CUBE,21501,1254927,1254968,41
CUBE,21505,1254985,1255026,41
CUBE,21509,1255043,1255084,41
CUBE,21513,1255101,1255142,41
CUBE,21517,1255159,1255200,41
CUBE,21521,1255217,1255258,41
CUBE,21525,1255339,1255492,153
CUBE,21529,1255509,1255534,25
CUBE,21533,1255551,1255592,41
CUBE,21537,1255609,1255650,41
CUBE,21541,1255667,1255708,41
CUBE,21545,1255725,1255766,41
CUBE,21549,1255783,1255824,41
CUBE,21553,1255841,1255882,41
CUBE,21557,1255899,1255940,41
CUBE,21561,1256021,1256174,153
CUBE,21565,1256191,1256216,25
CUBE,21569,1256233,1256274,41
CUBE,21573,1256291,1256332,41
CUBE,21577,1256349,1256390,41
CUBE,21581,1256407,1256448,41
CUBE,21585,1256465,1256506,41
CUBE,21589,1256523,1256564,41
CUBE,21593,1256581,1256622,41
CUBE,21597,1256703,1256856,153
CUBE,21601,1256873,1256898,25
CUBE,21605,1256915,1256956,41
CUBE,21609,1256973,1257014,41
CUBE,21613,1257031,1257072,41
CUBE,21617,1257089,1257130,41
CUBE,21621,1257147,1257188,41
CUBE,21625,1257205,1257246,41
CUBE,21629,1257263,1257304,41
CUBE,21633,1257385,1257538,153
CUBE,21637,1257555,1257580,25
CUBE,21641,1257597,1257638,41
CUBE,21645,1257655,1257696,41
CUBE,21649,1257713,1257754,41
CUBE,21653,1257771,1257812,41
CUBE,21657,1257829,1257870,41
CUBE,21661,1257887,1257928,41
CUBE,21665,1257945,1257986,41
CUBE,21669,1258067,1258220,153
CUBE,21673,1258237,1258262,25
CUBE,21677,1258279,1258320,41
CUBE,21681,1258337,1258378,41
CUBE,21685,1258395,1258436,41
CUBE,21689,1258453,1258494,41
CUBE,21693,1258511,1258552,41
CUBE,21697,1258569,1258610,41
CUBE,21701,1258627,1258668,41
CUBE,21705,1258749,1258902,153
CUBE,21709,1258983,1259064,81
CUBE,21713,1259145,1259226,81
CUBE,21717,1259307,1259460,153
CUBE,21721,1259541,1259694,153
CUBE,21725,1259775,1259928,153
CUBE,21729,1260009,1260162,153
CUBE,21733,1260243,1260396,153
CUBE,21737,1260477,1260630,153
CUBE,21741,1260711,1260864,153
CUBE,21745,1260945,1261098,153
CUBE,21749,1261179,1261260,81
CUBE,21753,1261341,1261494,153
CUBE,21757,1261869,1262022,153
CUBE,21761,1262397,1262550,153
CUBE,21765,1262925,1263078,153
CUBE,21769,1263453,1263606,153
CUBE,21773,1263747,1263900,153
CUBE,21777,1264041,1264194,153
CUBE,21781,1264335,1264488,153
CUBE,21785,1264569,1264650,81
CUBE,21789,1264731,1264884,153
CUBE,21793,1264965,1265118,153
CUBE,21797,1265199,1265352,153
CUBE,21801,1265493,1265646,153
CUBE,21805,1266021,1266174,153
CUBE,21809,1266315,1266468,153
CUBE,21813,1266609,1266762,153
CUBE,21817,1267137,1267290,153
CUBE,21821,1267714,1267795,81
CUBE,21825,1268089,1268170,81
CUBE,21829,1268464,1268617,153
CUBE,21833,1268839,1268992,153
CUBE,21837,1269214,1269367,153
CUBE,21841,1269872,1270025,153
CUBE,21845,1270247,1270328,81
CUBE,21849,1270622,1270775,153
CUBE,21853,1270997,1271150,153
CUBE,21857,1271372,1271525,153
CUBE,21861,1272030,1272183,153
CUBE,21865,1272405,1272486,81
CUBE,21869,1272780,1272933,153
CUBE,21873,1273155,1273308,153
CUBE,21877,1273530,1273683,153
CUBE,21881,1274188,1274341,153
CUBE,21885,1274846,1274927,81
CUBE,21889,1275221,1275302,81
CUBE,21893,1275596,1275749,153
CUBE,21897,1275971,1276124,153
CUBE,21901,1276346,1276499,153
CUBE,21905,1277004,1277157,153
CUBE,21909,1277379,1277460,81
CUBE,21913,1277754,1277907,153
CUBE,21917,1278129,1278282,153
CUBE,21921,1278504,1278657,153
CUBE,21925,1279162,1279315,153
CUBE,21929,1279537,1279618,81
CUBE,21933,1279912,1280065,153
CUBE,21937,1280287,1280440,153
CUBE,21941,1280662,1280815,153
CUBE,21945,1281320,1281473,153
CUBE,21949,1282131,1282212,81
CUBE,21953,1282506,1282587,81
CUBE,21957,1282881,1283034,153
CUBE,21961,1283256,1283409,153
CUBE,21965,1283784,1283937,153
CUBE,21969,1284442,1284595,153
CUBE,21973,1284817,1284898,81
CUBE,21977,1285192,1285345,153
CUBE,21981,1285567,1285720,153
CUBE,21985,1286095,1286248,153
CUBE,21989,1286753,1286906,153
CUBE,21993,1287128,1287209,81
CUBE,21997,1287503,1287656,153
CUBE,22001,1287878,1288031,153
CUBE,22005,1288406,1288559,153
CUBE,22009,1289064,1289217,153
CUBE,22013,1289722,1289803,81
CUBE,22017,1290097,1290178,81
CUBE,22021,1290472,1290625,153
CUBE,22025,1290847,1291000,153
CUBE,22029,1291375,1291528,153
CUBE,22033,1292033,1292186,153
CUBE,22037,1292408,1292489,81
CUBE,22041,1292783,1292936,153
CUBE,22045,1293158,1293311,153
CUBE,22049,1293686,1293839,153
CUBE,22053,1294344,1294497,153
CUBE,22057,1294719,1294800,81
CUBE,22061,1295094,1295247,153
CUBE,22065,1295469,1295622,153
CUBE,22069,1295997,1296150,153
CUBE,22073,1296655,1296808,153
CUBE,22077,1296838,1296863,25
CUBE,22081,1297452,1297533,81
CUBE,22085,1297827,1297980,153
CUBE,22089,1298202,1298355,153
CUBE,22093,1298730,1298883,153
CUBE,22097,1298900,1298941,41
CUBE,22101,1299530,1299611,81
CUBE,22105,1299905,1300058,153
CUBE,22109,1300280,1300433,153
CUBE,22113,1300808,1300961,153
CUBE,22117,1300978,1301019,41
CUBE,22121,1301608,1301689,81
CUBE,22125,1301983,1302136,153
CUBE,22129,1302358,1302511,153
CUBE,22133,1302886,1303039,153
CUBE,22137,1303056,1303097,41
CUBE,22142,1303178,1303259,81
CUBE,22146,1303340,1303493,153
CUBE,22150,1303574,1303727,153
CUBE,22154,1303808,1303961,153
CUBE,22158,1304042,1304195,153
CUBE,22162,1304276,1304429,153
CUBE,22166,1304510,1304663,153
CUBE,22170,1304744,1304897,153
CUBE,22174,1304978,1305059,81
CUBE,22178,1305140,1305221,81
CUBE,22182,1305302,1305455,153
CUBE,22186,1305536,1305689,153
CUBE,22190,1305770,1305923,153
CUBE,22194,1306004,1306157,153
CUBE,22198,1306238,1306391,153
CUBE,22202,1306472,1306625,153
CUBE,22206,1306706,1306859,153
CUBE,22210,1306940,1307093,153
CUBE,22214,1307174,1307255,81
CUBE,22218,1307336,1307489,153
CUBE,22222,1307570,1307723,153
CUBE,22226,1307804,1307957,153
CUBE,22230,1308038,1308191,153
CUBE,22234,1308272,1308425,153
CUBE,22238,1308506,1308659,153
CUBE,22242,1308740,1308893,153
CUBE,22246,1308974,1309127,153
CUBE,22250,1309208,1309289,81
CUBE,22254,1309370,1309523,153
CUBE,22258,1309604,1309757,153
CUBE,22262,1309838,1309991,153
CUBE,22266,1310072,1310225,153
CUBE,22270,1310306,1310459,153
CUBE,22274,1310540,1310693,153
CUBE,22278,1310774,1310927,153
CUBE,22282,1311008,1311161,153
CUBE,22286,1311242,1311323,81
CUBE,22290,1311404,1311485,81
CUBE,22294,1311566,1311719,153
CUBE,22298,1312094,1312247,153
CUBE,22302,1312622,1312775,153
CUBE,22306,1313150,1313303,153
CUBE,22310,1313678,1313759,81
CUBE,22314,1313972,1314125,153
CUBE,22318,1314500,1314653,153
CUBE,22322,1315028,1315181,153
CUBE,22326,1315556,1315709,153
CUBE,22330,1316084,1316165,81
CUBE,22334,1316378,1316531,153
CUBE,22338,1316672,1316825,153
CUBE,22342,1316966,1317119,153
CUBE,22346,1317260,1317413,153
CUBE,22350,1317788,1317869,81
CUBE,22354,1318082,1318163,81
CUBE,22358,1318376,1318529,153
CUBE,22362,1318670,1318823,153
CUBE,22366,1319198,1319351,153
CUBE,22370,1319492,1319645,153
CUBE,22374,1319786,1319867,81
CUBE,22378,1320080,1320233,153
CUBE,22382,1320374,1320527,153
CUBE,22386,1320668,1320821,153
CUBE,22390,1320962,1321115,153
CUBE,22394,1321256,1321337,81
CUBE,22398,1321550,1321703,153
CUBE,22402,1321844,1321997,153
CUBE,22406,1322138,1322291,153
CUBE,22410,1322432,1322585,153
CUBE,22414,1322726,1322807,81
CUBE,22418,1323020,1323101,81
CUBE,22422,1323395,1323548,153
CUBE,22426,1323770,1323923,153
CUBE,22430,1324145,1324298,153
CUBE,22434,1324520,1324673,153
CUBE,22438,1324895,1324976,81
CUBE,22442,1325270,1325423,153
CUBE,22446,1325645,1325798,153
CUBE,22450,1326020,1326173,153
CUBE,22454,1326395,1326548,153
CUBE,22458,1326770,1326851,81
CUBE,22462,1327145,1327298,153
CUBE,22466,1327520,1327673,153
CUBE,22470,1327895,1328048,153
CUBE,22474,1328270,1328423,153
CUBE,22478,1328645,1328726,81
CUBE,22482,1329020,1329101,81
CUBE,22486,1329395,1329548,153
CUBE,22490,1329770,1329923,153
CUBE,22494,1330145,1330298,153
CUBE,22498,1330520,1330673,153
CUBE,22502,1330895,1330976,81
CUBE,22506,1331270,1331423,153
CUBE,22510,1331645,1331798,153
CUBE,22514,1332020,1332173,153
CUBE,22518,1332395,1332548,153
CUBE,22522,1332770,1332851,81
CUBE,22526,1333145,1333298,153
CUBE,22530,1333520,1333673,153
CUBE,22534,1333895,1334048,153
CUBE,22538,1334270,1334423,153
CUBE,22542,1334440,1334465,25
CUBE,22546,1335054,1335135,81
CUBE,22550,1335429,1335582,153
CUBE,22554,1335804,1335957,153
CUBE,22558,1336179,1336332,153
CUBE,22562,1336349,1336390,41
CUBE,22566,1336979,1337060,81
CUBE,22570,1337354,1337507,153
CUBE,22574,1337729,1337882,153
CUBE,22578,1338104,1338257,153
CUBE,22582,1338274,1338315,41
CUBE,22586,1338904,1338985,81
CUBE,22590,1339279,1339432,153
CUBE,22594,1339513,1339666,153
CUBE,22598,1340041,1340194,153
CUBE,22602,1340211,1340252,41
CUBE,22607,1340333,1340414,81
CUBE,22611,1340495,1340648,153
CUBE,22615,1340729,1340882,153
CUBE,22619,1340963,1341116,153
CUBE,22623,1341197,1341278,81
CUBE,22627,1341359,1341440,81
CUBE,22631,1341521,1341674,153
CUBE,22635,1341755,1341908,153
CUBE,22639,1341989,1342142,153
CUBE,22643,1342223,1342376,153
CUBE,22647,1342457,1342538,81
CUBE,22651,1342619,1342772,153
CUBE,22655,1342853,1343006,153
CUBE,22659,1343087,1343240,153
CUBE,22663,1343321,1343474,153
CUBE,22667,1343555,1343636,81
CUBE,22671,1343717,1343870,153
CUBE,22675,1343951,1344104,153
CUBE,22679,1344185,1344338,153
CUBE,22683,1344419,1344572,153
CUBE,22687,1344653,1344734,81
CUBE,22691,1344815,1344896,81
CUBE,22695,1344977,1345130,153
CUBE,22699,1345211,1345364,153
CUBE,22703,1345445,1345598,153
CUBE,22707,1345679,1345832,153
CUBE,22711,1345913,1345994,81
CUBE,22715,1346075,1346228,153
CUBE,22719,1346309,1346462,153
CUBE,22723,1346543,1346696,153
CUBE,22727,1346777,1346930,153
CUBE,22731,1347011,1347092,81
CUBE,22735,1347173,1347326,153
CUBE,22739,1347407,1347560,153
CUBE,22743,1347641,1347794,153
CUBE,22747,1347875,1348028,153
CUBE,22751,1348109,1348190,81
CUBE,22755,1348271,1348352,81
CUBE,22759,1348463,1348616,153
CUBE,22763,1348991,1349144,153
CUBE,22767,1349519,1349672,153
CUBE,22771,1350047,1350200,153
CUBE,22775,1350341,1350422,81
CUBE,22779,1350635,1350788,153
CUBE,22783,1350929,1351082,153
CUBE,22787,1351457,1351610,153
CUBE,22791,1351751,1351904,153
CUBE,22795,1352279,1352360,81
CUBE,22799,1352573,1352726,153
CUBE,22803,1352867,1353020,153
CUBE,22807,1353161,1353314,153
CUBE,22811,1353455,1353608,153
CUBE,22815,1353749,1353830,81
CUBE,22819,1354043,1354124,81
CUBE,22823,1354418,1354571,153
CUBE,22827,1354793,1354946,153
CUBE,22831,1355168,1355321,153
CUBE,22835,1355543,1355696,153
CUBE,22839,1355918,1355999,81
CUBE,22843,1356293,1356446,153
CUBE,22847,1356668,1356821,153
CUBE,22851,1357043,1357196,153
CUBE,22855,1357418,1357571,153
CUBE,22859,1357793,1357874,81
CUBE,22863,1358168,1358321,153
CUBE,22867,1358543,1358696,153
CUBE,22871,1358918,1359071,153
CUBE,22875,1359293,1359446,153
CUBE,22879,1359463,1359488,25
CUBE,22883,1360077,1360158,81
CUBE,22887,1360452,1360605,153
CUBE,22891,1360827,1360980,153
CUBE,22895,1361202,1361355,153
CUBE,22899,1361372,1361413,41
CUBE,22903,1362002,1362083,81
CUBE,22907,1362377,1362530,153
CUBE,22911,1362752,1362905,153
CUBE,22915,1363127,1363280,153
CUBE,22919,1363297,1363338,41
CUBE,22923,1363927,1364008,81
CUBE,22927,1364089,1364242,153
CUBE,22931,1364323,1364476,153
CUBE,22935,1364557,1364710,153
CUBE,22939,1364727,1364768,41
CUBE,22944,1364849,1364930,81
CUBE,22948,1365011,1365164,153
CUBE,22952,1365245,1365398,153
CUBE,22956,1365479,1365632,153
CUBE,22960,1365713,1365794,81
CUBE,22964,1365875,1365956,81
CUBE,22968,1366037,1366190,153
CUBE,22972,1366271,1366424,153
CUBE,22976,1366505,1366658,153
CUBE,22980,1366739,1366892,153
CUBE,22984,1366973,1367054,81
CUBE,22988,1367135,1367288,153
CUBE,22992,1367369,1367522,153
CUBE,22996,1367603,1367756,153
CUBE,23000,1367837,1367990,153
CUBE,23004,1368071,1368152,81
CUBE,23008,1368233,1368386,153
CUBE,23012,1368467,1368620,153
CUBE,23016,1368701,1368854,153
CUBE,23020,1368935,1369088,153
CUBE,23024,1369169,1369250,81
CUBE,23028,1369331,1369412,81
CUBE,23032,1369493,1369646,153
CUBE,23036,1369727,1369880,153
CUBE,23040,1369961,1370114,153
CUBE,23044,1370195,1370348,153
CUBE,23048,1370429,1370510,81
CUBE,23052,1370591,1370744,153
CUBE,23056,1370825,1370978,153
CUBE,23060,1371059,1371212,153
CUBE,23064,1371293,1371446,153
CUBE,23068,1371527,1371608,81
CUBE,23072,1371689,1371842,153
CUBE,23076,1371923,1372076,153
CUBE,23080,1372157,1372310,153
CUBE,23084,1372391,1372544,153
CUBE,23088,1372625,1372706,81
CUBE,23092,1372787,1372868,81
CUBE,23096,1372949,1373102,153
CUBE,23100,1373183,1373336,153
CUBE,23104,1373711,1373864,153
CUBE,23108,1374005,1374158,153
CUBE,23112,1374299,1374380,81
CUBE,23116,1374593,1374746,153
CUBE,23120,1374887,1375040,153
CUBE,23124,1375181,1375334,153
CUBE,23128,1375475,1375628,153
CUBE,23132,1375769,1375850,81
CUBE,23136,1376063,1376216,153
CUBE,23140,1376357,1376510,153
CUBE,23144,1376651,1376804,153
CUBE,23148,1376945,1377098,153
CUBE,23152,1377115,1377140,25
CUBE,23156,1377405,1377486,81
CUBE,23160,1377699,1377852,153
CUBE,23164,1377993,1378146,153
CUBE,23168,1378368,1378521,153
CUBE,23172,1378538,1378579,41
CUBE,23176,1379168,1379249,81
CUBE,23180,1379543,1379696,153
CUBE,23184,1379918,1380071,153
CUBE,23188,1380293,1380446,153
CUBE,23192,1380463,1380504,41
CUBE,23196,1380585,1380666,81
CUBE,23200,1380747,1380900,153
CUBE,23204,1380981,1381134,153
CUBE,23208,1381215,1381368,153
CUBE,23212,1381385,1381426,41
CUBE,23217,1381507,1381588,81
CUBE,23221,1381669,1381822,153
CUBE,23225,1381903,1382056,153
CUBE,23229,1382137,1382290,153
CUBE,23233,1382371,1382452,81
CUBE,23237,1382533,1382614,81
CUBE,23241,1382695,1382848,153
CUBE,23245,1382929,1383082,153
CUBE,23249,1383163,1383316,153
CUBE,23253,1383397,1383550,153
CUBE,23257,1383631,1383712,81
CUBE,23261,1383793,1383946,153
CUBE,23265,1384027,1384180,153
CUBE,23269,1384261,1384414,153
CUBE,23273,1384495,1384648,153
CUBE,23277,1384729,1384810,81
CUBE,23281,1384891,1385044,153
CUBE,23285,1385125,1385278,153
CUBE,23289,1385359,1385512,153
CUBE,23293,1385593,1385746,153
CUBE,23297,1385827,1385908,81
CUBE,23301,1385989,1386070,81
CUBE,23305,1386151,1386304,153
CUBE,23309,1386385,1386538,153
CUBE,23313,1386619,1386772,153
CUBE,23317,1386853,1387006,153
CUBE,23321,1387087,1387168,81
CUBE,23325,1387249,1387402,153
CUBE,23329,1387483,1387636,153
CUBE,23333,1387717,1387870,153
CUBE,23337,1387951,1388104,153
CUBE,23341,1388185,1388266,81
CUBE,23345,1388347,1388500,153
CUBE,23349,1388581,1388734,153
CUBE,23353,1388815,1388968,153
CUBE,23357,1389049,1389202,153
CUBE,23361,1389219,1389244,25
CUBE,23365,1389325,1389406,81
CUBE,23369,1389487,1389640,153
CUBE,23373,1390015,1390168,153
CUBE,23377,1390543,1390696,153
CUBE,23381,1390713,1390754,41
CUBE,23385,1391003,1391084,81
CUBE,23389,1391297,1391450,153
CUBE,23393,1391591,1391744,153
CUBE,23397,1391825,1391978,153
CUBE,23401,1391995,1392036,41
CUBE,23405,1392117,1392198,81
CUBE,23409,1392279,1392432,153
CUBE,23413,1392513,1392666,153
CUBE,23417,1392747,1392900,153
CUBE,23421,1392917,1392958,41
CUBE,23426,1393039,1393120,81
CUBE,23430,1393201,1393354,153
CUBE,23434,1393435,1393588,153
CUBE,23438,1393669,1393822,153
CUBE,23442,1393903,1393984,81
CUBE,23446,1394065,1394146,81
CUBE,23450,1394227,1394380,153
CUBE,23454,1394461,1394614,153
CUBE,23458,1394695,1394848,153
CUBE,23462,1394929,1395082,153
CUBE,23466,1395163,1395244,81
CUBE,23470,1395325,1395478,153
CUBE,23474,1395559,1395712,153
CUBE,23478,1395793,1395946,153
CUBE,23482,1396027,1396180,153
CUBE,23486,1396261,1396342,81
CUBE,23490,1396423,1396576,153
CUBE,23494,1396657,1396810,153
CUBE,23498,1396891,1397044,153
CUBE,23502,1397125,1397278,153
CUBE,23506,1397295,1397320,25
CUBE,23510,1397401,1397482,81
CUBE,23514,1397563,1397716,153
CUBE,23518,1397797,1397950,153
CUBE,23522,1398031,1398184,153
CUBE,23526,1398201,1398242,41
CUBE,23530,1398323,1398404,81
CUBE,23534,1398485,1398638,153
CUBE,23538,1398719,1398872,153
CUBE,23542,1398953,1399106,153
CUBE,23546,1399123,1399164,41
CUBE,23550,1399245,1399326,81
CUBE,23554,1399407,1399560,153
CUBE,23558,1399641,1399794,153
CUBE,23562,1399875,1400028,153
CUBE,23566,1400045,1400086,41
CUBE,23571,1400167,1400248,81
CUBE,23575,1400329,1400482,153
CUBE,23579,1400563,1400716,153
CUBE,23583,1400797,1400950,153
CUBE,23587,1400967,1400992,25
CUBE,23591,1401073,1401154,81
CUBE,23595,1401235,1401388,153
CUBE,23599,1401469,1401622,153
CUBE,23603,1401703,1401856,153
CUBE,23607,1401873,1401914,41
CUBE,23611,1401995,1402076,81
CUBE,23615,1402157,1402310,153
CUBE,23619,1402391,1402544,153
CUBE,23623,1402625,1402778,153
CUBE,23627,1402795,1402836,41
CUBE,23631,1402917,1402998,81
CUBE,23635,1403079,1403232,153
CUBE,23639,1403313,1403466,153
CUBE,23643,1403547,1403700,153
CUBE,23647,1403717,1403758,41
CUBE,23654,1403997,1404022,25
CUBE,23660,1404377,1404418,41
CUBE,23666,1404757,1404798,41
CUBE,23672,1405137,1405178,41
CUBE,23677,1405417,1405442,25
CUBE,23681,1405631,1405672,41
CUBE,23685,1405845,1405886,41
CUBE,23689,1406100,1406141,41
CUBE,23694,1406380,1406405,25
CUBE,23698,1406594,1406635,41
CUBE,23702,1406808,1406849,41
CUBE,23706,1407063,1407104,41
CUBE,23711,1407343,1407368,25
CUBE,23715,1407557,1407598,41
CUBE,23719,1407771,1407812,41
CUBE,23723,1408026,1408067,41
CUBE,23728,1408306,1408331,25
CUBE,23732,1408520,1408561,41
CUBE,23736,1408734,1408775,41
CUBE,23740,1408989,1409030,41
CUBE,23745,1409269,1409294,25
CUBE,23749,1409483,1409524,41
CUBE,23753,1409697,1409738,41
CUBE,23757,1409952,1409993,41
CUBE,23762,1410232,1410257,25
CUBE,23766,1410446,1410487,41
CUBE,23770,1410660,1410701,41
CUBE,23774,1410915,1410956,41
CUBE,23779,1411195,1411220,25
CUBE,23783,1411409,1411450,41
CUBE,23787,1411623,1411664,41
CUBE,23791,1411878,1411919,41
CUBE,23796,1412158,1412183,25
CUBE,23800,1412372,1412413,41
CUBE,23804,1412430,1412471,41
CUBE,23808,1412488,1412529,41
CUBE,23813,1412546,1412571,25
CUBE,23817,1412588,1412629,41
CUBE,23821,1412646,1412687,41
CUBE,23825,1412704,1412745,41
CUBE,23830,1412762,1412787,25
CUBE,23834,1412804,1412845,41
CUBE,23838,1412862,1412903,41
CUBE,23842,1412920,1412961,41
CUBE,23847,1412978,1413003,25
CUBE,23851,1413020,1413061,41
CUBE,23855,1413078,1413119,41
CUBE,23859,1413136,1413177,41
CUBE,23866,1413202,1413227,25
CUBE,23872,1413327,1413368,41
CUBE,23878,1413493,1413534,41
CUBE,23884,1413659,1413700,41
CUBE,23889,1413717,1413742,25
CUBE,23893,1413759,1413800,41
CUBE,23897,1413817,1413858,41
CUBE,23901,1413875,1413916,41
CUBE,23906,1413933,1413958,25
CUBE,23910,1413975,1414016,41
CUBE,23914,1414033,1414074,41
CUBE,23918,1414091,1414132,41
CUBE,23923,1414149,1414174,25
CUBE,23927,1414191,1414232,41
CUBE,23931,1414249,1414290,41
CUBE,23935,1414307,1414348,41
CUBE,23940,1414365,1414390,25
CUBE,23944,1414407,1414448,41
CUBE,23948,1414465,1414506,41
CUBE,23952,1414523,1414564,41
CUBE,23957,1414581,1414606,25
CUBE,23961,1414623,1414664,41
CUBE,23965,1414681,1414722,41
CUBE,23969,1414739,1414780,41
CUBE,23974,1414797,1414822,25
CUBE,23978,1414839,1414880,41
CUBE,23982,1414897,1414938,41
CUBE,23986,1414955,1414996,41
CUBE,23991,1415013,1415038,25
CUBE,23995,1415055,1415096,41
CUBE,23999,1415113,1415154,41
CUBE,24003,1415171,1415212,41
CUBE,24008,1415229,1415254,25
CUBE,24012,1415271,1415312,41
CUBE,24016,1415329,1415370,41
CUBE,24020,1415387,1415428,41
CUBE,24025,1415453,1415478,25
CUBE,24029,1415495,1415536,41
CUBE,24033,1415553,1415594,41
CUBE,24037,1415611,1415652,41
CUBE,24042,1415669,1415694,25
CUBE,24046,1415711,1415752,41
CUBE,24050,1415769,1415810,41
CUBE,24054,1415827,1415868,41
CUBE,24059,1415885,1415910,25
CUBE,24063,1415927,1415968,41
CUBE,24067,1415985,1416026,41
CUBE,24071,1416043,1416084,41
MTE1,7,68368,68413,45
MTE1,17,144384,144429,45
MTE1,23,146264,146309,45
MTE1,33,146446,146491,45
MTE1,43,148144,148189,45
MTE1,47,150024,150069,45
MTE1,53,150206,150251,45
MTE1,59,150324,150337,13
MTE1,69,150474,150519,45
MTE1,79,151904,151949,45
MTE1,83,153784,153829,45
MTE1,87,153966,154011,45
MTE1,91,154084,154097,13
MTE1,97,154234,154279,45
MTE1,107,154352,154397,45
MTE1,117,155664,155709,45
MTE1,121,157544,157589,45
MTE1,125,157726,157771,45
MTE1,129,157844,157857,13
MTE1,133,157994,158039,45
MTE1,139,158112,158193,81
MTE1,149,158274,158355,81
MTE1,159,158436,158481,45
MTE1,169,159735,159780,45
MTE1,173,161615,161660,45
MTE1,177,161797,161842,45
MTE1,181,161915,161928,13
MTE1,185,162065,162110,45
MTE1,189,162183,162264,81
MTE1,199,162345,162426,81
MTE1,205,162507,162588,81
MTE1,215,162669,162714,45
MTE1,225,164387,164432,45
MTE1,229,166267,166312,45
MTE1,233,166449,166494,45
MTE1,237,166567,166580,13
MTE1,241,166717,166762,45
MTE1,245,166835,166916,81
MTE1,255,166997,167078,81
MTE1,265,167159,167204,45
MTE1,275,168877,168922,45
MTE1,279,170757,170802,45
MTE1,283,170939,170984,45
MTE1,287,171057,171070,13
MTE1,291,171207,171252,45
MTE1,295,171325,171406,81
MTE1,305,171487,171568,81
MTE1,309,171649,171730,81
MTE1,315,171811,171892,81
MTE1,321,171973,171990,17
MTE1,331,172063,172108,45
MTE1,341,173943,173988,45
MTE1,345,175823,175868,45
MTE1,349,176005,176050,45
MTE1,353,176123,176136,13
MTE1,357,176273,176318,45
MTE1,361,176391,176472,81
MTE1,371,176553,176634,81
MTE1,381,176715,176760,45
MTE1,391,177703,177748,45
MTE1,395,179583,179628,45
MTE1,399,179765,179810,45
MTE1,403,179883,179896,13
MTE1,407,180033,180078,45
MTE1,411,180151,180232,81
MTE1,421,180313,180394,81
MTE1,425,180475,180556,81
MTE1,429,180637,180718,81
MTE1,433,180799,180816,17
MTE1,439,180889,180970,81
MTE1,449,181051,181096,45
MTE1,459,182188,182233,45
MTE1,463,184068,184113,45
MTE1,467,184250,184295,45
MTE1,471,184368,184381,13
MTE1,475,184518,184563,45
MTE1,479,184636,184717,81
MTE1,489,184798,184879,81
MTE1,499,184960,185005,45
MTE1,509,185948,185993,45
MTE1,513,187828,187873,45
MTE1,517,188010,188055,45
MTE1,521,188128,188141,13
MTE1,525,188278,188323,45
MTE1,529,188396,188477,81
MTE1,539,188558,188639,81
MTE1,543,188720,188801,81
MTE1,547,188882,188963,81
MTE1,551,189044,189061,17
MTE1,555,189134,189215,81
MTE1,561,189296,189377,81
MTE1,571,189458,189503,45
MTE1,581,190600,190645,45
MTE1,585,192480,192525,45
MTE1,589,192662,192707,45
MTE1,593,192780,192793,13
MTE1,597,192930,192975,45
MTE1,601,193048,193129,81
MTE1,611,193210,193291,81
MTE1,621,193847,193892,45
MTE1,631,195727,195772,45
MTE1,635,197607,197652,45
MTE1,639,197789,197834,45
MTE1,643,197907,197920,13
MTE1,647,198057,198102,45
MTE1,651,198175,198256,81
MTE1,661,198337,198418,81
MTE1,665,199252,199333,81
MTE1,669,199414,199495,81
MTE1,673,199576,199593,17
MTE1,677,199666,199747,81
MTE1,681,199828,199909,81
MTE1,687,199990,200071,81
MTE1,697,200152,200197,45
MTE1,707,201426,201471,45
MTE1,711,203306,203351,45
MTE1,715,203488,203533,45
MTE1,719,203606,203619,13
MTE1,723,203756,203801,45
MTE1,727,203874,203955,81
MTE1,737,204036,204117,81
MTE1,747,204951,204996,45
MTE1,757,206750,206795,45
MTE1,761,208630,208675,45
MTE1,765,208812,208857,45
MTE1,769,208930,208943,13
MTE1,773,209080,209125,45
MTE1,777,209198,209279,81
MTE1,787,209360,209441,81
MTE1,791,210275,210356,81
MTE1,795,210437,210518,81
MTE1,799,210599,210616,17
MTE1,803,210689,210770,81
MTE1,807,210851,210932,81
MTE1,817,211013,211058,45
MTE1,827,212155,212200,45
MTE1,831,214035,214080,45
MTE1,835,214217,214262,45
MTE1,839,214335,214348,13
MTE1,843,214485,214530,45
MTE1,847,214603,214684,81
MTE1,857,214765,214846,81
MTE1,867,215680,215725,45
MTE1,877,217479,217524,45
MTE1,881,219359,219404,45
MTE1,885,219541,219586,45
MTE1,889,219659,219672,13
MTE1,893,219809,219854,45
MTE1,897,219927,220008,81
MTE1,907,220089,220170,81
MTE1,911,221004,221085,81
MTE1,915,221166,221247,81
MTE1,919,221328,221345,17
MTE1,923,221418,221499,81
MTE1,927,221580,221661,81
MTE1,931,221742,221823,81
MTE1,937,221904,221985,81
MTE1,943,222066,222147,81
MTE1,947,222228,222309,81
MTE1,953,222390,222471,81
MTE1,963,222624,222669,45
MTE1,973,223766,223811,45
MTE1,977,225646,225691,45
MTE1,981,225828,225873,45
MTE1,985,225946,225959,13
MTE1,989,226096,226141,45
MTE1,993,226214,226295,81
MTE1,1003,226376,226457,81
MTE1,1013,227013,227058,45
MTE1,1023,228812,228857,45
MTE1,1027,230692,230737,45
MTE1,1031,230874,230919,45
MTE1,1035,230992,231005,13
MTE1,1039,231142,231187,45
MTE1,1043,231260,231341,81
MTE1,1053,231422,231503,81
MTE1,1057,232337,232418,81
MTE1,1061,232499,232580,81
MTE1,1065,232661,232678,17
MTE1,1069,232751,232832,81
MTE1,1073,232913,232994,81
MTE1,1083,233075,233120,45
MTE1,1093,234217,234262,45
MTE1,1097,236097,236142,45
MTE1,1101,236279,236324,45
MTE1,1105,236397,236410,13
MTE1,1109,236547,236592,45
MTE1,1113,236665,236746,81
MTE1,1123,236827,236908,81
MTE1,1133,237742,237787,45
MTE1,1143,239541,239586,45
MTE1,1147,241421,241466,45
MTE1,1151,241603,241648,45
MTE1,1155,241721,241734,13
MTE1,1159,241871,241916,45
MTE1,1163,241989,242070,81
MTE1,1173,242151,242232,81
MTE1,1177,243066,243147,81
MTE1,1181,243228,243309,81
MTE1,1185,243390,243407,17
MTE1,1189,243480,243561,81
MTE1,1193,243642,243723,81
MTE1,1197,243804,243885,81
MTE1,1207,243966,244011,45
MTE1,1217,244946,244991,45
MTE1,1221,246826,246871,45
MTE1,1225,247008,247053,45
MTE1,1229,247126,247139,13
MTE1,1233,247276,247321,45
MTE1,1237,247394,247475,81
MTE1,1247,247556,247637,81
MTE1,1257,248471,248516,45
MTE1,1267,250270,250315,45
MTE1,1271,252150,252195,45
MTE1,1275,252332,252377,45
MTE1,1279,252450,252463,13
MTE1,1283,252600,252645,45
MTE1,1287,252718,252799,81
MTE1,1297,252880,252961,81
MTE1,1301,253795,253876,81
MTE1,1305,253957,254038,81
MTE1,1309,254119,254136,17
MTE1,1313,254209,254290,81
MTE1,1317,254371,254452,81
MTE1,1327,254533,254578,45
MTE1,1337,255675,255720,45
MTE1,1341,257555,257600,45
MTE1,1345,257737,257782,45
MTE1,1349,257855,257868,13
MTE1,1353,258005,258050,45
MTE1,1357,258123,258204,81
MTE1,1367,258285,258366,81
MTE1,1377,258922,258967,45
MTE1,1387,260802,260847,45
MTE1,1391,262682,262727,45
MTE1,1395,262864,262909,45
MTE1,1399,262982,262995,13
MTE1,1403,263132,263177,45
MTE1,1407,263250,263331,81
MTE1,1417,263412,263493,81
MTE1,1421,264327,264408,81
MTE1,1425,264489,264570,81
MTE1,1429,264651,264668,17
MTE1,1433,264741,264822,81
MTE1,1437,264903,264984,81
MTE1,1441,265065,265146,81
MTE1,1445,265227,265308,81
MTE1,1449,265389,265470,81
MTE1,1453,265551,265632,81
MTE1,1457,265713,265794,81
MTE1,1463,265947,266028,81
MTE1,1469,266109,266190,81
MTE1,1475,266271,266352,81
MTE1,1479,266505,266586,81
MTE1,1483,266667,266748,81
MTE1,1489,266961,267042,81
MTE1,1499,267195,267240,45
MTE1,1509,268841,268886,45
MTE1,1513,270721,270766,45
MTE1,1517,270903,270948,45
MTE1,1521,271021,271034,13
MTE1,1525,271171,271216,45
MTE1,1529,271289,271370,81
MTE1,1539,271451,271532,81
MTE1,1549,272088,272133,45
MTE1,1559,273968,274013,45
MTE1,1563,275848,275893,45
MTE1,1567,276030,276075,45
MTE1,1571,276148,276161,13
MTE1,1575,276298,276343,45
MTE1,1579,276416,276497,81
MTE1,1589,276578,276659,81
MTE1,1593,277493,277574,81
MTE1,1597,277655,277736,81
MTE1,1601,277817,277834,17
MTE1,1605,277907,277988,81
MTE1,1609,278069,278150,81
MTE1,1619,278231,278276,45
MTE1,1629,279373,279418,45
MTE1,1633,281253,281298,45
MTE1,1637,281435,281480,45
MTE1,1641,281553,281566,13
MTE1,1645,281703,281748,45
MTE1,1649,281821,281902,81
MTE1,1659,281983,282064,81
MTE1,1669,282618,282663,45
MTE1,1679,284498,284543,45
MTE1,1683,286378,286423,45
MTE1,1687,286560,286605,45
MTE1,1691,286678,286691,13
MTE1,1695,286828,286873,45
MTE1,1699,286946,287027,81
MTE1,1709,287108,287189,81
MTE1,1713,287293,287374,81
MTE1,1717,287455,287536,81
MTE1,1721,287617,287634,17
MTE1,1725,287707,287788,81
MTE1,1729,287869,287950,81
MTE1,1733,288031,288112,81
MTE1,1743,288193,288238,45
MTE1,1753,289587,289632,45
MTE1,1757,291467,291512,45
MTE1,1761,291649,291694,45
MTE1,1765,291767,291780,13
MTE1,1769,291917,291962,45
MTE1,1773,292035,292116,81
MTE1,1783,292197,292278,81
MTE1,1793,293112,293157,45
MTE1,1803,294992,295037,45
MTE1,1807,296872,296917,45
MTE1,1811,297054,297099,45
MTE1,1815,297172,297185,13
MTE1,1819,297322,297367,45
MTE1,1823,297440,297521,81
MTE1,1833,297602,297683,81
MTE1,1837,298239,298320,81
MTE1,1841,298401,298482,81
MTE1,1845,298563,298580,17
MTE1,1849,298653,298734,81
MTE1,1853,298815,298896,81
MTE1,1863,298977,299022,45
MTE1,1873,300119,300164,45
MTE1,1877,301999,302044,45
MTE1,1881,302181,302226,45
MTE1,1885,302299,302312,13
MTE1,1889,302449,302494,45
MTE1,1893,302567,302648,81
MTE1,1903,302729,302810,81
MTE1,1913,302891,302936,45
MTE1,1923,304771,304816,45
MTE1,1927,306651,306696,45
MTE1,1931,306833,306878,45
MTE1,1935,306951,306964,13
MTE1,1939,307101,307146,45
MTE1,1943,307219,307300,81
MTE1,1953,307381,307462,81
MTE1,1957,307566,307647,81
MTE1,1961,307728,307809,81
MTE1,1965,307890,307907,17
MTE1,1969,307980,308061,81
MTE1,1973,308142,308223,81
MTE1,1977,308304,308385,81
MTE1,1981,308466,308547,81
MTE1,1985,308628,308709,81
MTE1,1989,308790,308871,81
MTE1,1993,308952,309033,81
MTE1,2003,309186,309231,45
MTE1,2013,309446,309491,45
MTE1,2017,311326,311371,45
MTE1,2021,311508,311553,45
MTE1,2025,311626,311639,13
MTE1,2029,311776,311821,45
MTE1,2033,311894,311975,81
MTE1,2043,312056,312137,81
MTE1,2053,312971,313016,45
MTE1,2063,314851,314896,45
MTE1,2067,316731,316776,45
MTE1,2071,316913,316958,45
MTE1,2075,317031,317044,13
MTE1,2079,317181,317226,45
MTE1,2083,317299,317380,81
MTE1,2093,317461,317542,81
MTE1,2097,318376,318457,81
MTE1,2101,318538,318619,81
MTE1,2105,318700,318717,17
MTE1,2109,318790,318871,81
MTE1,2113,318952,319033,81
MTE1,2123,319114,319159,45
MTE1,2133,320256,320301,45
MTE1,2137,322136,322181,45
MTE1,2141,322318,322363,45
MTE1,2145,322436,322449,13
MTE1,2149,322586,322631,45
MTE1,2153,322704,322785,81
MTE1,2163,322866,322947,81
MTE1,2173,323225,323270,45
MTE1,2183,325105,325150,45
MTE1,2187,326985,327030,45
MTE1,2191,327167,327212,45
MTE1,2195,327285,327298,13
MTE1,2199,327435,327480,45
MTE1,2203,327553,327634,81
MTE1,2213,327715,327796,81
MTE1,2217,327900,327981,81
MTE1,2221,328062,328143,81
MTE1,2225,328224,328241,17
MTE1,2229,328314,328395,81
MTE1,2233,328476,328557,81
MTE1,2237,328638,328719,81
MTE1,2247,328800,328845,45
MTE1,2257,329699,329744,45
MTE1,2261,331579,331624,45
MTE1,2265,331761,331806,45
MTE1,2269,331879,331892,13
MTE1,2273,332029,332074,45
MTE1,2277,332147,332228,81
MTE1,2287,332309,332390,81
MTE1,2297,332946,332991,45
MTE1,2307,334826,334871,45
MTE1,2311,336706,336751,45
MTE1,2315,336888,336933,45
MTE1,2319,337006,337019,13
MTE1,2323,337156,337201,45
MTE1,2327,337274,337355,81
MTE1,2337,337436,337517,81
MTE1,2341,338351,338432,81
MTE1,2345,338513,338594,81
MTE1,2349,338675,338692,17
MTE1,2353,338765,338846,81
MTE1,2357,338927,339008,81
MTE1,2367,339089,339134,45
MTE1,2377,340150,340195,45
MTE1,2381,342030,342075,45
MTE1,2385,342212,342257,45
MTE1,2389,342330,342343,13
MTE1,2393,342480,342525,45
MTE1,2397,342598,342679,81
MTE1,2407,342760,342841,81
MTE1,2417,343675,343720,45
MTE1,2427,345555,345600,45
MTE1,2431,347435,347480,45
MTE1,2435,347617,347662,45
MTE1,2439,347735,347748,13
MTE1,2443,347885,347930,45
MTE1,2447,348003,348084,81
MTE1,2457,348165,348246,81
MTE1,2461,349080,349161,81
MTE1,2465,349242,349323,81
MTE1,2469,349404,349421,17
MTE1,2473,349494,349575,81
MTE1,2477,349656,349737,81
MTE1,2481,349818,349899,81
MTE1,2485,349980,350061,81
MTE1,2489,350142,350223,81
MTE1,2493,350304,350385,81
MTE1,2497,350466,350547,81
MTE1,2501,350700,350781,81
MTE1,2505,350862,350943,81
MTE1,2509,351024,351105,81
MTE1,2513,351258,351339,81
MTE1,2517,351420,351501,81
MTE1,2521,351654,351735,81
MTE1,2527,351888,351969,81
MTE1,2533,352050,352131,81
MTE1,2539,352212,352293,81
MTE1,2547,352446,352463,17
MTE1,2553,352696,352713,17
MTE1,2561,352879,352896,17
MTE1,2567,353231,353248,17
MTE1,2573,353414,353431,17
MTE1,2579,353597,353614,17
MTE1,2585,353763,353780,17
MTE1,2591,353971,353988,17
MTE1,2595,354013,354094,81
MTE1,2599,354175,354256,81
MTE1,2605,354409,354490,81
MTE1,2615,354643,354688,45
MTE1,2625,356145,356190,45
MTE1,2629,358025,358070,45
MTE1,2633,358207,358252,45
MTE1,2637,358325,358338,13
MTE1,2641,358475,358520,45
MTE1,2645,358593,358674,81
MTE1,2655,358755,358836,81
MTE1,2665,359670,359715,45
MTE1,2675,361550,361595,45
MTE1,2679,363430,363475,45
MTE1,2683,363612,363657,45
MTE1,2687,363730,363743,13
MTE1,2691,363880,363925,45
MTE1,2695,363998,364079,81
MTE1,2705,364160,364241,81
MTE1,2709,365075,365156,81
MTE1,2713,365237,365318,81
MTE1,2717,365399,365416,17
MTE1,2721,365489,365570,81
MTE1,2725,365651,365732,81
MTE1,2735,365813,365858,45
MTE1,2745,366955,367000,45
MTE1,2749,368835,368880,45
MTE1,2753,369017,369062,45
MTE1,2757,369135,369148,13
MTE1,2761,369285,369330,45
MTE1,2765,369403,369484,81
MTE1,2775,369565,369646,81
MTE1,2785,370480,370525,45
MTE1,2795,372360,372405,45
MTE1,2799,374240,374285,45
MTE1,2803,374422,374467,45
MTE1,2807,374540,374553,13
MTE1,2811,374690,374735,45
MTE1,2815,374808,374889,81
MTE1,2825,374970,375051,81
MTE1,2829,375885,375966,81
MTE1,2833,376047,376128,81
MTE1,2837,376209,376226,17
MTE1,2841,376299,376380,81
MTE1,2845,376461,376542,81
MTE1,2849,376623,376704,81
MTE1,2859,376785,376830,45
MTE1,2869,377684,377729,45
MTE1,2873,379564,379609,45
MTE1,2877,379746,379791,45
MTE1,2881,379864,379877,13
MTE1,2885,380014,380059,45
MTE1,2889,380132,380213,81
MTE1,2899,380294,380375,81
MTE1,2909,381209,381254,45
MTE1,2919,383089,383134,45
MTE1,2923,384969,385014,45
MTE1,2927,385151,385196,45
MTE1,2931,385269,385282,13
MTE1,2935,385419,385464,45
MTE1,2939,385537,385618,81
MTE1,2949,385699,385780,81
MTE1,2953,386336,386417,81
MTE1,2957,386498,386579,81
MTE1,2961,386660,386677,17
MTE1,2965,386750,386831,81
MTE1,2969,386912,386993,81
MTE1,2979,387074,387119,45
MTE1,2989,388216,388261,45
MTE1,2993,390096,390141,45
MTE1,2997,390278,390323,45
MTE1,3001,390396,390409,13
MTE1,3005,390546,390591,45
MTE1,3009,390664,390745,81
MTE1,3019,390826,390907,81
MTE1,3023,391741,391786,45
MTE1,3027,391859,391872,13
MTE1,3031,392009,392054,45
MTE1,3035,392127,392208,81
MTE1,3045,392289,392370,81
MTE1,3049,392924,393005,81
MTE1,3053,393086,393167,81
MTE1,3057,393248,393265,17
MTE1,3061,393338,393419,81
MTE1,3065,393500,393581,81
MTE1,3069,393662,393743,81
MTE1,3073,393824,393905,81
MTE1,3077,393986,394067,81
MTE1,3081,394148,394229,81
MTE1,3085,394310,394391,81
MTE1,3089,394544,394589,45
MTE1,3093,394662,394743,81
MTE1,3103,394824,394905,81
MTE1,3107,395461,395542,81
MTE1,3115,395623,395704,81
MTE1,3119,396098,396179,81
MTE1,3123,396260,396341,81
MTE1,3127,396422,396439,17
MTE1,3131,396512,396593,81
MTE1,3135,396674,396755,81
MTE1,3139,396836,396917,81
MTE1,3143,396998,397015,17
MTE1,3147,397088,397169,81
MTE1,3151,397250,397331,81
MTE1,3155,397412,397493,81
MTE1,3159,397574,397655,81
MTE1,3163,397736,397817,81
MTE1,3167,397898,397979,81
MTE1,3171,398060,398141,81
MTE1,3175,398222,398303,81
MTE1,3179,398384,398465,81
MTE1,3183,398546,398627,81
MTE1,3187,398708,398789,81
MTE1,3191,398942,399023,81
MTE1,3195,399104,399185,81
MTE1,3199,399266,399347,81
MTE1,3203,399500,399581,81
MTE1,3207,399662,399743,81
MTE1,3211,399896,399977,81
MTE1,3215,400130,400211,81
MTE1,3219,400292,400373,81
MTE1,3223,400454,400535,81
MTE1,3227,400829,400910,81
MTE1,3233,401591,401672,81
MTE1,3239,402043,402124,81
MTE1,3245,402209,402226,17
MTE1,3251,402527,402544,17
MTE1,3257,402973,403054,81
MTE1,3261,403207,403288,81
MTE1,3265,403369,403450,81
MTE1,3271,403603,403684,81
MTE1,3275,403837,403918,81
MTE1,3279,403999,404080,81
MTE1,3283,404233,404314,81
MTE1,3287,404395,404476,81
MTE1,3291,404557,404638,81
MTE1,3295,404791,404872,81
MTE1,3301,405025,405106,81
MTE1,3307,405187,405268,81
MTE1,3313,405358,405439,81
MTE1,3317,405592,405673,81
MTE1,3321,405754,405835,81
MTE1,3327,405988,406069,81
MTE1,3331,406222,406303,81
MTE1,3335,406384,406465,81
MTE1,3339,406618,406699,81
MTE1,3343,406780,406861,81
MTE1,3347,406942,407023,81
MTE1,3351,407176,407257,81
MTE1,3357,407410,407491,81
MTE1,3363,407611,407692,81
MTE1,3369,407905,407986,81
MTE1,3373,408139,408220,81
MTE1,3377,408301,408382,81
MTE1,3383,408535,408616,81
MTE1,3387,408769,408850,81
MTE1,3391,408931,409012,81
MTE1,3395,409165,409246,81
MTE1,3399,409327,409408,81
MTE1,3403,409489,409570,81
MTE1,3407,409723,409804,81
MTE1,3413,410017,410098,81
MTE1,3419,410311,410392,81
MTE1,3425,410605,410686,81
MTE1,3429,410839,410920,81
MTE1,3433,411001,411082,81
MTE1,3439,411235,411316,81
MTE1,3443,411469,411550,81
MTE1,3447,411631,411712,81
MTE1,3451,411865,411946,81
MTE1,3455,412027,412108,81
MTE1,3459,412189,412270,81
MTE1,3463,412423,412504,81
MTE1,3469,412657,412738,81
MTE1,3475,412819,412900,81
MTE1,3481,412990,413071,81
MTE1,3485,413224,413305,81
MTE1,3489,413386,413467,81
MTE1,3495,413620,413701,81
MTE1,3499,413854,413935,81
MTE1,3503,414016,414097,81
MTE1,3507,414250,414331,81
MTE1,3511,414412,414493,81
MTE1,3515,414574,414655,81
MTE1,3519,414808,414889,81
MTE1,3525,415102,415183,81
MTE1,3531,415396,415477,81
MTE1,3537,415690,415771,81
MTE1,3541,415924,416005,81
MTE1,3545,416086,416167,81
MTE1,3551,416320,416401,81
MTE1,3555,416554,416635,81
MTE1,3559,416716,416797,81
MTE1,3563,416950,417031,81
MTE1,3567,417112,417193,81
MTE1,3571,417274,417355,81
MTE1,3575,417508,417589,81
MTE1,3581,417850,417955,105
MTE1,3587,418218,418231,13
MTE1,3593,418512,418593,81
MTE1,3599,418806,418887,81
MTE1,3603,419040,419121,81
MTE1,3607,419202,419283,81
MTE1,3613,419625,419730,105
MTE1,3619,419993,420006,13
MTE1,3625,420287,420368,81
MTE1,3631,420581,420662,81
MTE1,3635,420815,420896,81
MTE1,3639,420977,421058,81
MTE1,3645,421400,421505,105
MTE1,3651,421768,421781,13
MTE1,3657,422062,422143,81
MTE1,3663,422356,422437,81
MTE1,3667,422590,422671,81
MTE1,3671,422752,422833,81
MTE1,3677,423175,423280,105
MTE1,3683,423543,423556,13
MTE1,3689,423837,423918,81
MTE1,3695,424131,424212,81
MTE1,3699,424365,424446,81
MTE1,3703,424527,424608,81
MTE1,3709,424950,425055,105
MTE1,3715,425160,425173,13
MTE1,3721,425402,425483,81
MTE1,3727,425696,425777,81
MTE1,3731,425930,426011,81
MTE1,3735,426092,426173,81
MTE1,3741,426515,426620,105
MTE1,3747,426883,426896,13
MTE1,3753,427177,427258,81
MTE1,3759,427471,427552,81
MTE1,3763,427705,427786,81
MTE1,3767,427867,427948,81
MTE1,3773,428290,428395,105
MTE1,3779,428500,428513,13
MTE1,3785,428742,428823,81
MTE1,3791,429036,429117,81
MTE1,3795,429270,429351,81
MTE1,3799,429432,429513,81
MTE1,3805,429855,429960,105
MTE1,3811,430065,430078,13
MTE1,3818,430179,430196,17
MTE1,3824,430362,430379,17
MTE1,3830,430545,430562,17
MTE1,3836,430728,430745,17
MTE1,3842,430911,430928,17
MTE1,3848,431094,431111,17
MTE1,3854,431277,431294,17
MTE1,3860,431460,431477,17
MTE1,3867,431643,431660,17
MTE1,3873,431826,431843,17
MTE1,3879,432009,432026,17
MTE1,3885,432192,432209,17
MTE1,3891,432375,432392,17
MTE1,3897,432558,432575,17
MTE1,3903,432741,432758,17
MTE1,3909,432924,432941,17
MTE1,3916,433107,433124,17
MTE1,3922,433290,433307,17
MTE1,3928,433473,433490,17
MTE1,3934,433656,433673,17
MTE1,3940,433839,433856,17
MTE1,3946,434022,434039,17
MTE1,3952,434205,434222,17
MTE1,3958,434388,434405,17
MTE1,3965,434571,434588,17
MTE1,3971,434754,434771,17
MTE1,3977,434937,434954,17
MTE1,3983,435120,435137,17
MTE1,3989,435303,435320,17
MTE1,3995,435486,435503,17
MTE1,4001,435669,435686,17
MTE1,4007,435852,435869,17
MTE1,4014,436146,436227,81
MTE1,4020,436440,436521,81
MTE1,4024,436674,436755,81
MTE1,4028,436836,436917,81
MTE1,4034,437070,437151,81
MTE1,4040,437232,437313,81
MTE1,4046,437394,437475,81
MTE1,4050,437628,437709,81
MTE1,4054,437790,437871,81
MTE1,4060,438024,438105,81
MTE1,4065,438258,438339,81
MTE1,4069,438420,438501,81
MTE1,4073,438654,438735,81
MTE1,4077,438816,438897,81
MTE1,4081,438978,439059,81
MTE1,4085,439212,439293,81
MTE1,4090,439446,439527,81
MTE1,4094,439608,439689,81
MTE1,4101,440136,440217,81
MTE1,4107,440430,440511,81
MTE1,4112,440664,440745,81
MTE1,4116,440826,440907,81
MTE1,4121,441060,441141,81
MTE1,4125,441222,441303,81
MTE1,4132,441597,441678,81
MTE1,4136,442320,442401,81
MTE1,4140,442534,442615,81
MTE1,4146,442961,443042,81
MTE1,4150,443123,443204,81
MTE1,4154,443285,443366,81
MTE1,4158,443447,443528,81
MTE1,4162,443609,443690,81
MTE1,4168,443771,443852,81
MTE1,4172,443933,444014,81
MTE1,4176,444095,444176,81
MTE1,4180,444257,444338,81
MTE1,4184,444419,444500,81
MTE1,4188,444581,444662,81
MTE1,4192,444743,444824,81
MTE1,4198,444905,444986,81
MTE1,4202,445067,445148,81
MTE1,4206,445229,445310,81
MTE1,4210,445391,445472,81
MTE1,4214,445553,445634,81
MTE1,4218,445715,445796,81
MTE1,4222,445877,445958,81
MTE1,4226,446039,446120,81
MTE1,4230,446201,446282,81
MTE1,4236,446363,446444,81
MTE1,4242,446525,446606,81
MTE1,4246,446687,446768,81
MTE1,4250,446849,446930,81
MTE1,4256,447011,447092,81
MTE1,4260,447245,447326,81
MTE1,4264,447540,447621,81
MTE1,4268,447702,447783,81
MTE1,4272,447864,447945,81
MTE1,4276,448026,448107,81
MTE1,4280,448188,448269,81
MTE1,4284,448350,448431,81
MTE1,4288,448512,448593,81
MTE1,4292,448674,448755,81
MTE1,4296,448836,448917,81
MTE1,4300,448998,449079,81
MTE1,4304,449160,449241,81
MTE1,4308,449394,449475,81
MTE1,4312,449689,449770,81
MTE1,4316,449851,449932,81
MTE1,4320,450013,450094,81
MTE1,4324,450175,450256,81
MTE1,4328,450337,450418,81
MTE1,4332,450499,450580,81
MTE1,4336,450661,450742,81
MTE1,4340,450823,450904,81
MTE1,4344,450985,451066,81
MTE1,4348,451147,451228,81
MTE1,4352,451309,451390,81
MTE1,4358,451837,451918,81
MTE1,4364,452131,452212,81
MTE1,4370,452425,452506,81
MTE1,4374,452659,452740,81
MTE1,4378,452821,452902,81
MTE1,4382,453055,453136,81
MTE1,4386,453217,453298,81
MTE1,4392,453451,453532,81
MTE1,4398,453685,453766,81
MTE1,4404,453847,453928,81
MTE1,4408,454081,454162,81
MTE1,4412,454243,454324,81
MTE1,4416,454477,454558,81
MTE1,4420,454639,454720,81
MTE1,4426,454873,454954,81
MTE1,4432,455107,455188,81
MTE1,4438,455269,455350,81
MTE1,4442,455503,455584,81
MTE1,4446,455665,455746,81
MTE1,4450,455899,455980,81
MTE1,4454,456061,456142,81
MTE1,4460,456295,456376,81
MTE1,4466,456529,456610,81
MTE1,4472,456691,456772,81
MTE1,4476,456925,457006,81
MTE1,4480,457087,457168,81
MTE1,4484,457321,457402,81
MTE1,4488,457483,457564,81
MTE1,4494,457717,457798,81
MTE1,4500,457951,458032,81
MTE1,4506,458113,458194,81
MTE1,4510,458347,458428,81
MTE1,4514,458509,458590,81
MTE1,4518,458743,458824,81
MTE1,4522,458905,458986,81
MTE1,4528,459139,459220,81
MTE1,4534,459373,459454,81
MTE1,4540,459535,459616,81
MTE1,4544,459769,459850,81
MTE1,4548,459931,460012,81
MTE1,4552,460165,460246,81
MTE1,4556,460327,460408,81
MTE1,4562,460561,460642,81
MTE1,4568,460795,460876,81
MTE1,4574,460957,461038,81
MTE1,4578,461191,461272,81
MTE1,4582,461353,461434,81
MTE1,4586,461587,461668,81
MTE1,4590,461749,461830,81
MTE1,4596,461983,462064,81
MTE1,4600,462217,462298,81
MTE1,4604,462379,462460,81
MTE1,4608,462541,462622,81
MTE1,4612,462703,462784,81
MTE1,4616,462865,462946,81
MTE1,4620,463027,463108,81
MTE1,4624,463189,463270,81
MTE1,4628,463351,463432,81
MTE1,4632,463513,463594,81
MTE1,4636,463675,463756,81
MTE1,4640,463837,463918,81
MTE1,4644,463999,464080,81
MTE1,4648,464233,464314,81
MTE1,4652,464395,464476,81
MTE1,4656,464557,464638,81
MTE1,4660,464791,464872,81
MTE1,4664,465025,465106,81
MTE1,4668,465187,465268,81
MTE1,4672,465421,465502,81
MTE1,4676,465655,465736,81
MTE1,4680,465817,465898,81
MTE1,4684,466051,466132,81
MTE1,4688,466285,466366,81
MTE1,4692,466447,466528,81
MTE1,4696,466681,466762,81
MTE1,4700,466915,466996,81
MTE1,4704,467077,467158,81
MTE1,4708,467311,467392,81
MTE1,4712,467545,467626,81
MTE1,4716,467707,467788,81
MTE1,4720,467941,468022,81
MTE1,4724,468175,468256,81
MTE1,4728,468337,468418,81
MTE1,4732,468571,468652,81
MTE1,4736,468805,468886,81
MTE1,4740,468967,469048,81
MTE1,4744,469129,469210,81
MTE1,4748,469291,469372,81
MTE1,4752,469453,469534,81
MTE1,4756,469615,469696,81
MTE1,4760,469777,469858,81
MTE1,4764,469939,470020,81
MTE1,4768,470101,470182,81
MTE1,4772,470263,470344,81
MTE1,4776,470425,470506,81
MTE1,4780,470587,470668,81
MTE1,4784,470821,470902,81
MTE1,4788,470983,471064,81
MTE1,4792,471145,471226,81
MTE1,4796,471379,471460,81
MTE1,4800,471613,471694,81
MTE1,4804,471775,471856,81
MTE1,4808,472009,472090,81
MTE1,4812,472243,472324,81
MTE1,4816,472405,472486,81
MTE1,4820,472639,472720,81
MTE1,4824,472873,472954,81
MTE1,4828,473035,473116,81
MTE1,4832,473269,473350,81
MTE1,4836,473503,473584,81
MTE1,4840,473665,473746,81
MTE1,4844,473899,473980,81
MTE1,4848,474133,474214,81
MTE1,4852,474295,474376,81
MTE1,4856,474529,474610,81
MTE1,4860,474763,474844,81
MTE1,4864,474925,475006,81
MTE1,4868,475159,475240,81
MTE1,4874,475453,475534,81
MTE1,4882,475619,475636,17
MTE1,4890,475937,475954,17
MTE1,4898,476255,476272,17
MTE1,4906,476573,476590,17
MTE1,4914,476891,476908,17
MTE1,4922,477209,477226,17
MTE1,4930,477527,477544,17
MTE1,4936,477845,477862,17
MTE1,4944,478028,478045,17
MTE1,4950,478346,478363,17
MTE1,4958,478529,478546,17
MTE1,4966,478847,478864,17
MTE1,4974,479165,479182,17
MTE1,4982,479483,479500,17
MTE1,4990,479801,479818,17
MTE1,4998,480119,480136,17
MTE1,5006,480437,480454,17
MTE1,5012,480755,480772,17
MTE1,5020,480938,480955,17
MTE1,5026,481256,481273,17
MTE1,5034,481439,481456,17
MTE1,5042,481757,481774,17
MTE1,5050,482075,482092,17
MTE1,5058,482393,482410,17
MTE1,5066,482711,482728,17
MTE1,5074,483029,483046,17
MTE1,5082,483347,483364,17
MTE1,5088,483665,483682,17
MTE1,5096,483848,483865,17
MTE1,5102,484166,484183,17
MTE1,5110,484349,484366,17
MTE1,5118,484667,484684,17
MTE1,5126,484985,485002,17
MTE1,5134,485303,485320,17
MTE1,5142,485621,485638,17
MTE1,5150,485939,485956,17
MTE1,5158,486257,486274,17
MTE1,5164,486575,486592,17
MTE1,5172,486758,486775,17
MTE1,5178,487076,487093,17
MTE1,5186,487259,487276,17
MTE1,5194,487577,487594,17
MTE1,5202,487895,487912,17
MTE1,5210,488213,488230,17
MTE1,5218,488531,488548,17
MTE1,5226,488849,488866,17
MTE1,5234,489167,489184,17
MTE1,5240,489485,489502,17
MTE1,5248,489651,489668,17
MTE1,5254,490011,490028,17
MTE1,5262,490194,490211,17
MTE1,5270,490512,490529,17
MTE1,5278,490872,490889,17
MTE1,5286,491232,491249,17
MTE1,5294,491592,491609,17
MTE1,5302,491952,491969,17
MTE1,5310,492312,492329,17
MTE1,5316,492672,492689,17
MTE1,5324,492855,492872,17
MTE1,5330,493190,493207,17
MTE1,5338,493373,493390,17
MTE1,5346,493691,493708,17
MTE1,5354,494009,494026,17
MTE1,5362,494327,494344,17
MTE1,5370,494645,494662,17
MTE1,5378,494963,494980,17
MTE1,5386,495281,495298,17
MTE1,5392,495599,495616,17
MTE1,5400,495765,495782,17
MTE1,5406,496083,496100,17
MTE1,5416,496266,496283,17
MTE1,5424,496584,496601,17
MTE1,5432,496902,496919,17
MTE1,5440,497220,497237,17
MTE1,5448,497538,497555,17
MTE1,5456,497856,497873,17
MTE1,5464,498174,498191,17
MTE1,5470,498492,498509,17
MTE1,5478,498675,498692,17
MTE1,5484,498993,499010,17
MTE1,5490,499311,499328,17
MTE1,5496,499494,499511,17
MTE1,5502,499677,499694,17
MTE1,5508,499860,499877,17
MTE1,5514,500043,500060,17
MTE1,5520,500226,500243,17
MTE1,5526,500409,500426,17
MTE1,5532,500592,500609,17
MTE1,5538,500775,500792,17
MTE1,5546,500958,500975,17
MTE1,5552,501276,501293,17
MTE1,5558,501459,501476,17
MTE1,5564,501642,501659,17
MTE1,5570,501825,501842,17
MTE1,5576,502008,502025,17
MTE1,5582,502191,502208,17
MTE1,5588,502374,502391,17
MTE1,5594,502557,502574,17
MTE1,5600,502740,502757,17
MTE1,5608,502923,502940,17
MTE1,5614,503241,503258,17
MTE1,5620,503424,503441,17
MTE1,5626,503607,503624,17
MTE1,5632,503790,503807,17
MTE1,5638,503973,503990,17
MTE1,5644,504156,504173,17
MTE1,5650,504339,504356,17
MTE1,5656,504522,504539,17
MTE1,5662,504705,504722,17
MTE1,5670,504888,504905,17
MTE1,5676,505206,505223,17
MTE1,5682,505389,505406,17
MTE1,5688,505572,505589,17
MTE1,5694,505755,505772,17
MTE1,5700,505938,505955,17
MTE1,5706,506121,506138,17
MTE1,5712,506304,506321,17
MTE1,5718,506487,506504,17
MTE1,5724,506670,506687,17
MTE1,5732,506853,506870,17
MTE1,5738,507171,507188,17
MTE1,5744,507354,507371,17
MTE1,5750,507537,507554,17
MTE1,5756,507720,507737,17
MTE1,5762,507903,507920,17
MTE1,5768,508086,508103,17
MTE1,5774,508269,508286,17
MTE1,5780,508452,508469,17
MTE1,5786,508635,508652,17
MTE1,5794,508818,508835,17
MTE1,5800,509136,509153,17
MTE1,5806,509319,509336,17
MTE1,5812,509502,509519,17
MTE1,5818,509685,509702,17
MTE1,5824,509868,509885,17
MTE1,5830,510051,510068,17
MTE1,5836,510234,510251,17
MTE1,5842,510417,510434,17
MTE1,5848,510600,510617,17
MTE1,5856,510783,510800,17
MTE1,5862,511143,511160,17
MTE1,5868,511326,511343,17
MTE1,5874,511509,511526,17
MTE1,5880,511692,511709,17
MTE1,5886,511875,511892,17
MTE1,5892,512058,512075,17
MTE1,5898,512241,512258,17
MTE1,5904,512424,512441,17
MTE1,5910,512607,512624,17
MTE1,5918,512790,512807,17
MTE1,5924,513108,513125,17
MTE1,5930,513291,513308,17
MTE1,5936,513474,513491,17
MTE1,5942,513640,513657,17
MTE1,5948,513806,513823,17
MTE1,5954,513989,514006,17
MTE1,5960,514172,514189,17
MTE1,5966,514355,514372,17
MTE1,5972,514538,514555,17
MTE1,5978,514721,514738,17
MTE1,5984,514904,514921,17
MTE1,5990,515087,515104,17
MTE1,5996,515270,515287,17
MTE1,6002,515436,515453,17
MTE1,6008,515602,515619,17
MTE1,6014,515785,515802,17
MTE1,6020,515968,515985,17
MTE1,6026,516151,516168,17
MTE1,6032,516334,516351,17
MTE1,6038,516517,516534,17
MTE1,6044,516700,516717,17
MTE1,6050,516883,516900,17
MTE1,6056,517066,517083,17
MTE1,6062,517232,517249,17
MTE1,6068,517398,517415,17
MTE1,6074,517581,517598,17
MTE1,6080,517764,517781,17
MTE1,6086,517947,517964,17
MTE1,6092,518130,518147,17
MTE1,6098,518313,518330,17
MTE1,6104,518496,518513,17
MTE1,6110,518679,518696,17
MTE1,6116,518862,518879,17
MTE1,6122,519028,519045,17
MTE1,6128,519194,519211,17
MTE1,6134,519377,519394,17
MTE1,6140,519560,519577,17
MTE1,6146,519743,519760,17
MTE1,6152,519926,519943,17
MTE1,6158,520109,520126,17
MTE1,6164,520292,520309,17
MTE1,6170,520475,520492,17
MTE1,6176,520658,520675,17
MTE1,6182,520824,520841,17
MTE1,6188,520990,521007,17
MTE1,6194,521173,521190,17
MTE1,6200,521356,521373,17
MTE1,6206,521539,521556,17
MTE1,6212,521722,521739,17
MTE1,6218,521905,521922,17
MTE1,6224,522088,522105,17
MTE1,6230,522271,522288,17
MTE1,6236,522454,522471,17
MTE1,6242,522620,522637,17
MTE1,6248,522844,522861,17
MTE1,6254,523027,523044,17
MTE1,6260,523210,523227,17
MTE1,6266,523393,523410,17
MTE1,6272,523576,523593,17
MTE1,6278,523759,523776,17
MTE1,6284,523942,523959,17
MTE1,6290,524125,524142,17
MTE1,6296,524308,524325,17
MTE1,6302,524474,524491,17
MTE1,6308,524640,524657,17
MTE1,6314,524823,524840,17
MTE1,6320,525006,525023,17
MTE1,6326,525189,525206,17
MTE1,6332,525372,525389,17
MTE1,6338,525555,525572,17
MTE1,6344,525738,525755,17
MTE1,6350,525921,525938,17
MTE1,6356,526104,526121,17
MTE1,6362,526270,526287,17
MTE1,6368,526453,526470,17
MTE1,6374,526636,526653,17
MTE1,6380,526819,526836,17
MTE1,6386,527002,527019,17
MTE1,6392,527185,527202,17
MTE1,6398,527368,527385,17
MTE1,6404,527551,527568,17
MTE1,6410,527734,527751,17
MTE1,6416,527900,527917,17
MTE1,6422,528066,528083,17
MTE1,6428,528232,528249,17
MTE1,6434,528398,528415,17
MTE1,6440,528564,528581,17
MTE1,6446,528730,528747,17
MTE1,6452,528896,528913,17
MTE1,6458,529062,529079,17
MTE1,6464,529228,529245,17
MTE1,6470,529411,529428,17
MTE1,6476,529594,529611,17
MTE1,6482,529777,529794,17
MTE1,6488,529960,529977,17
MTE1,6494,530143,530160,17
MTE1,6500,530326,530343,17
MTE1,6506,530509,530526,17
MTE1,6512,530692,530709,17
MTE1,6518,530858,530875,17
MTE1,6524,531024,531041,17
MTE1,6530,531190,531207,17
MTE1,6536,531356,531373,17
MTE1,6542,531522,531539,17
MTE1,6548,531688,531705,17
MTE1,6554,531854,531871,17
MTE1,6560,532020,532037,17
MTE1,6566,532186,532203,17
MTE1,6572,532369,532386,17
MTE1,6578,532552,532569,17
MTE1,6584,532735,532752,17
MTE1,6590,532918,532935,17
MTE1,6596,533101,533118,17
MTE1,6602,533284,533301,17
MTE1,6608,533467,533484,17
MTE1,6614,533650,533667,17
MTE1,6620,533816,533833,17
MTE1,6626,533982,533999,17
MTE1,6632,534148,534165,17
MTE1,6638,534314,534331,17
MTE1,6644,534480,534497,17
MTE1,6650,534646,534663,17
MTE1,6656,534812,534829,17
MTE1,6662,534978,534995,17
MTE1,6668,535144,535161,17
MTE1,6674,535327,535344,17
MTE1,6680,535510,535527,17
MTE1,6686,535693,535710,17
MTE1,6692,535876,535893,17
MTE1,6698,536059,536076,17
MTE1,6704,536242,536259,17
MTE1,6710,536425,536442,17
MTE1,6716,536608,536625,17
MTE1,6722,536774,536791,17
MTE1,6728,536940,536957,17
MTE1,6734,537106,537123,17
MTE1,6740,537272,537289,17
MTE1,6746,537438,537455,17
MTE1,6752,537604,537621,17
MTE1,6758,537770,537787,17
MTE1,6764,537936,537953,17
MTE1,6770,538102,538119,17
MTE1,6776,538285,538302,17
MTE1,6782,538468,538485,17
MTE1,6788,538651,538668,17
MTE1,6794,538834,538851,17
MTE1,6800,539017,539034,17
MTE1,6806,539200,539217,17
MTE1,6812,539383,539400,17
MTE1,6818,539566,539583,17
MTE1,6824,539732,539749,17
MTE1,6830,539898,539915,17
MTE1,6836,540064,540081,17
MTE1,6842,540230,540247,17
MTE1,6848,540396,540413,17
MTE1,6854,540562,540579,17
MTE1,6860,540728,540745,17
MTE1,6866,540952,540969,17
MTE1,6872,541118,541135,17
MTE1,6878,541301,541318,17
MTE1,6884,541484,541501,17
MTE1,6890,541667,541684,17
MTE1,6896,541850,541867,17
MTE1,6902,542033,542050,17
MTE1,6908,542216,542233,17
MTE1,6914,542399,542416,17
MTE1,6920,542582,542599,17
MTE1,6926,542748,542765,17
MTE1,6932,542914,542931,17
MTE1,6938,543080,543097,17
MTE1,6944,543246,543263,17
MTE1,6950,543412,543429,17
MTE1,6956,543578,543595,17
MTE1,6962,543802,543819,17
MTE1,6968,543968,543985,17
MTE1,6974,544134,544151,17
MTE1,6980,544317,544334,17
MTE1,6986,544500,544517,17
MTE1,6992,544683,544700,17
MTE1,6998,544866,544883,17
MTE1,7004,545049,545066,17
MTE1,7010,545232,545249,17
MTE1,7016,545415,545432,17
MTE1,7022,545598,545615,17
MTE1,7028,545764,545781,17
MTE1,7036,545930,545947,17
MTE1,7042,546138,546155,17
MTE1,7048,546304,546321,17
MTE1,7054,546470,546487,17
MTE1,7060,546636,546653,17
MTE1,7066,546802,546819,17
MTE1,7072,546968,546985,17
MTE1,7078,547134,547151,17
MTE1,7084,547317,547334,17
MTE1,7090,547500,547517,17
MTE1,7096,547683,547700,17
MTE1,7102,547866,547883,17
MTE1,7108,548049,548066,17
MTE1,7114,548232,548249,17
MTE1,7120,548415,548432,17
MTE1,7126,548598,548615,17
MTE1,7132,548764,548781,17
MTE1,7138,549144,549161,17
MTE1,7144,549310,549327,17
MTE1,7150,549476,549493,17
MTE1,7156,549642,549659,17
MTE1,7162,549808,549825,17
MTE1,7168,549974,549991,17
MTE1,7174,550140,550157,17
MTE1,7180,550306,550323,17
MTE1,7188,550472,550489,17
MTE1,7194,550852,550869,17
MTE1,7200,551018,551035,17
MTE1,7206,551184,551201,17
MTE1,7212,551350,551367,17
MTE1,7218,551516,551533,17
MTE1,7224,551682,551699,17
MTE1,7230,551848,551865,17
MTE1,7236,552072,552089,17
MTE1,7244,552238,552255,17
MTE1,7250,552618,552635,17
MTE1,7256,552842,552859,17
MTE1,7262,553008,553025,17
MTE1,7268,553174,553191,17
MTE1,7274,553340,553357,17
MTE1,7280,553564,553581,17
MTE1,7286,553788,553805,17
MTE1,7292,554012,554029,17
MTE1,7300,554236,554253,17
MTE1,7306,554657,554674,17
MTE1,7312,554823,554840,17
MTE1,7318,554989,555006,17
MTE1,7324,555213,555230,17
MTE1,7330,555437,555454,17
MTE1,7336,555661,555678,17
MTE1,7342,555885,555902,17
MTE1,7348,556109,556126,17
MTE1,7356,556333,556350,17
MTE1,7362,556754,556771,17
MTE1,7368,556920,556937,17
MTE1,7374,557086,557103,17
MTE1,7380,557310,557327,17
MTE1,7386,557534,557551,17
MTE1,7392,557758,557775,17
MTE1,7398,557982,557999,17
MTE1,7404,558206,558223,17
MTE1,7412,558430,558447,17
MTE1,7418,558851,558868,17
MTE1,7424,559017,559034,17
MTE1,7430,559183,559200,17
MTE1,7436,559407,559424,17
MTE1,7442,559631,559648,17
MTE1,7448,559855,559872,17
MTE1,7454,560079,560096,17
MTE1,7460,560303,560320,17
MTE1,7468,560527,560544,17
MTE1,7474,560948,560965,17
MTE1,7480,561114,561131,17
MTE1,7486,561280,561297,17
MTE1,7492,561504,561521,17
MTE1,7498,561670,561687,17
MTE1,7504,561836,561853,17
MTE1,7510,562002,562019,17
MTE1,7516,562168,562185,17
MTE1,7524,562334,562351,17
MTE1,7530,562755,562772,17
MTE1,7534,562813,562894,81
MTE1,7538,562975,563056,81
MTE1,7542,563137,563218,81
MTE1,7546,563299,563380,81
MTE1,7550,563461,563542,81
MTE1,7554,563623,563704,81
MTE1,7558,563785,563866,81
MTE1,7562,563947,564028,81
MTE1,7566,564109,564190,81
MTE1,7570,564271,564352,81
MTE1,7574,564433,564514,81
MTE1,7578,564595,564676,81
MTE1,7582,564829,564910,81
MTE1,7586,564991,565072,81
MTE1,7590,565153,565234,81
MTE1,7594,565387,565468,81
MTE1,7598,565621,565702,81
MTE1,7602,565783,565864,81
MTE1,7606,566017,566098,81
MTE1,7610,566251,566332,81
MTE1,7614,566413,566494,81
MTE1,7618,566647,566728,81
MTE1,7622,566881,566962,81
MTE1,7626,567043,567124,81
MTE1,7630,567277,567358,81
MTE1,7634,567511,567592,81
MTE1,7638,567673,567754,81
MTE1,7642,567907,567988,81
MTE1,7646,568141,568222,81
MTE1,7650,568303,568384,81
MTE1,7654,568537,568618,81
MTE1,7658,568771,568852,81
MTE1,7662,568933,569014,81
MTE1,7666,569167,569248,81
MTE1,7670,569401,569482,81
MTE1,7674,569563,569580,17
MTE1,7678,569605,569622,17
MTE1,7682,569647,569664,17
MTE1,7686,569689,569706,17
MTE1,7690,569747,569764,17
MTE1,7694,569789,569806,17
MTE1,7698,569847,569864,17
MTE1,7702,569889,569906,17
MTE1,7706,569947,569964,17
MTE1,7710,569989,570006,17
MTE1,7714,570047,570064,17
MTE1,7718,570089,570106,17
MTE1,7722,570147,570164,17
MTE1,7726,570189,570206,17
MTE1,7730,570247,570264,17
MTE1,7734,570289,570306,17
MTE1,7738,570347,570364,17
MTE1,7742,570389,570406,17
MTE1,7746,572163,572180,17
MTE1,7750,572585,572602,17
MTE1,7754,572643,572660,17
MTE1,7758,572701,572718,17
MTE1,7762,572759,572776,17
MTE1,7766,572817,572834,17
MTE1,7770,572875,572892,17
MTE1,7774,572933,572950,17
MTE1,7778,572991,573008,17
MTE1,7782,573033,573050,17
MTE1,7786,573091,573108,17
MTE1,7790,573149,573166,17
MTE1,7794,573207,573224,17
MTE1,7798,573265,573282,17
MTE1,7802,573323,573340,17
MTE1,7806,573381,573398,17
MTE1,7810,573439,573456,17
MTE1,7814,573497,573514,17
MTE1,7818,573539,573556,17
MTE1,7822,573597,573614,17
MTE1,7826,573655,573672,17
MTE1,7830,573713,573730,17
MTE1,7834,573771,573788,17
MTE1,7838,573829,573846,17
MTE1,7842,573887,573904,17
MTE1,7846,573945,573962,17
MTE1,7850,574003,574020,17
MTE1,7854,574045,574062,17
MTE1,7858,574103,574120,17
MTE1,7862,574161,574178,17
MTE1,7866,574219,574236,17
MTE1,7870,574277,574294,17
MTE1,7874,574335,574352,17
MTE1,7878,574393,574410,17
MTE1,7882,574451,574468,17
MTE1,7886,574509,574526,17
MTE1,7890,574551,574568,17
MTE1,7894,574609,574626,17
MTE1,7898,574667,574684,17
MTE1,7902,574725,574742,17
MTE1,7906,574783,574800,17
MTE1,7910,574841,574858,17
MTE1,7914,574899,574916,17
MTE1,7918,574957,574974,17
MTE1,7922,575015,575032,17
MTE1,7926,575057,575074,17
MTE1,7930,575115,575132,17
MTE1,7934,575173,575190,17
MTE1,7938,575231,575248,17
MTE1,7942,575289,575306,17
MTE1,7946,575347,575364,17
MTE1,7950,575405,575422,17
MTE1,7954,575463,575480,17
MTE1,7960,575521,575538,17
MTE1,7964,575563,575580,17
MTE1,7968,576381,576398,17
MTE1,7972,576439,576456,17
MTE1,7976,576497,576514,17
MTE1,7980,576555,576572,17
MTE1,7984,576613,576630,17
MTE1,7988,576671,576688,17
MTE1,7992,576729,576746,17
MTE1,7996,576787,576804,17
MTE1,8000,576829,576846,17
MTE1,8004,576871,576888,17
MTE1,8008,576929,576946,17
MTE1,8012,576987,577004,17
MTE1,8016,577045,577062,17
MTE1,8020,577103,577120,17
MTE1,8024,577161,577178,17
MTE1,8030,577219,577236,17
MTE1,8034,577277,577294,17
MTE1,8038,577335,577352,17
MTE1,8042,577377,577394,17
MTE1,8046,577435,577452,17
MTE1,8050,577493,577510,17
MTE1,8054,577551,577568,17
MTE1,8058,577609,577626,17
MTE1,8062,577667,577684,17
MTE1,8068,577725,577742,17
MTE1,8072,577783,577800,17
MTE1,8076,577841,577858,17
MTE1,8080,577883,577900,17
MTE1,8084,577941,577958,17
MTE1,8088,577999,578016,17
MTE1,8092,578057,578074,17
MTE1,8096,578155,578172,17
MTE1,8100,578321,578338,17
MTE1,8106,578487,578504,17
MTE1,8110,578867,578884,17
MTE1,8114,579033,579050,17
MTE1,8118,579199,579216,17
MTE1,8122,579365,579382,17
MTE1,8126,579531,579548,17
MTE1,8130,579697,579714,17
MTE1,8134,579863,579880,17
MTE1,8138,580029,580046,17
MTE1,8144,580195,580212,17
MTE1,8148,580575,580592,17
MTE1,8152,580741,580758,17
MTE1,8156,580907,580924,17
MTE1,8160,581073,581090,17
MTE1,8164,581239,581256,17
MTE1,8168,581405,581422,17
MTE1,8172,581571,581588,17
MTE1,8176,581737,581754,17
MTE1,8182,581903,581920,17
MTE1,8186,582324,582341,17
MTE1,8190,582490,582507,17
MTE1,8194,582656,582673,17
MTE1,8198,582822,582839,17
MTE1,8202,582988,583005,17
MTE1,8206,583154,583171,17
MTE1,8210,583320,583337,17
MTE1,8214,583486,583503,17
MTE1,8220,583652,583669,17
MTE1,8224,584032,584049,17
MTE1,8228,584198,584215,17
MTE1,8232,584406,584423,17
MTE1,8236,584464,584481,17
MTE1,8240,584522,584539,17
MTE1,8244,584580,584597,17
MTE1,8248,584638,584655,17
MTE1,8252,584696,584713,17
MTE1,8258,584754,584771,17
MTE1,8262,584812,584829,17
MTE1,8266,584870,584951,81
MTE1,8270,585107,585188,81
MTE1,8274,585269,585350,81
MTE1,8278,585431,585512,81
MTE1,8282,585593,585674,81
MTE1,8286,585755,585836,81
MTE1,8290,585917,585998,81
MTE1,8294,586079,586160,81
MTE1,8298,586241,586322,81
MTE1,8302,586403,586484,81
MTE1,8306,586565,586646,81
MTE1,8310,586727,586808,81
MTE1,8314,586961,587042,81
MTE1,8318,587123,587204,81
MTE1,8322,587285,587366,81
MTE1,8326,587519,587600,81
MTE1,8330,587753,587834,81
MTE1,8334,587915,587996,81
MTE1,8338,588149,588230,81
MTE1,8342,588383,588464,81
MTE1,8346,588545,588626,81
MTE1,8350,588779,588860,81
MTE1,8354,589013,589094,81
MTE1,8358,589175,589256,81
MTE1,8362,589409,589490,81
MTE1,8366,589643,589724,81
MTE1,8370,589805,589886,81
MTE1,8374,590039,590120,81
MTE1,8378,590273,590354,81
MTE1,8382,590435,590516,81
MTE1,8386,590669,590750,81
MTE1,8390,590903,590984,81
MTE1,8394,591065,591146,81
MTE1,8398,591299,591380,81
MTE1,8402,591723,591804,81
MTE1,8406,592253,592270,17
MTE1,8410,592571,592588,17
MTE1,8414,592737,592754,17
MTE1,8418,593055,593072,17
MTE1,8422,593221,593238,17
MTE1,8426,593539,593556,17
MTE1,8430,593705,593722,17
MTE1,8434,594023,594040,17
MTE1,8438,594189,594206,17
MTE1,8442,594507,594524,17
MTE1,8446,594673,594690,17
MTE1,8450,594991,595008,17
MTE1,8454,595215,595232,17
MTE1,8458,595533,595550,17
MTE1,8462,595757,595774,17
MTE1,8466,596100,596117,17
MTE1,8470,596418,596435,17
MTE1,8474,596584,596601,17
MTE1,8478,598358,598375,17
MTE1,8482,598780,598797,17
MTE1,8486,598838,598855,17
MTE1,8490,598896,598913,17
MTE1,8494,598954,598971,17
MTE1,8498,599012,599029,17
MTE1,8502,599070,599087,17
MTE1,8506,599128,599145,17
MTE1,8510,599186,599203,17
MTE1,8514,599228,599245,17
MTE1,8518,599286,599303,17
MTE1,8522,599344,599361,17
MTE1,8526,599402,599419,17
MTE1,8530,599537,599554,17
MTE1,8534,599703,599720,17
MTE1,8538,599869,599886,17
MTE1,8542,600187,600204,17
MTE1,8546,600353,600370,17
MTE1,8550,600519,600536,17
MTE1,8554,600685,600702,17
MTE1,8558,600851,600868,17
MTE1,8562,601017,601034,17
MTE1,8566,601183,601200,17
MTE1,8570,601349,601366,17
MTE1,8574,601515,601532,17
MTE1,8578,601833,601850,17
MTE1,8582,601999,602016,17
MTE1,8586,602165,602182,17
MTE1,8590,602331,602348,17
MTE1,8594,602497,602514,17
MTE1,8598,602721,602738,17
MTE1,8602,602945,602962,17
MTE1,8606,603169,603186,17
MTE1,8610,603393,603410,17
MTE1,8614,603711,603728,17
MTE1,8618,603877,603894,17
MTE1,8622,604043,604060,17
MTE1,8626,604709,604726,17
MTE1,8630,604848,604865,17
MTE1,8634,605014,605031,17
MTE1,8638,605180,605197,17
MTE1,8642,605346,605363,17
MTE1,8646,605512,605529,17
MTE1,8650,605830,605847,17
MTE1,8654,605996,606013,17
MTE1,8658,606162,606179,17
MTE1,8662,606328,606345,17
MTE1,8666,606494,606511,17
MTE1,8670,606660,606677,17
MTE1,8674,606826,606843,17
MTE1,8678,606992,607009,17
MTE1,8682,607158,607175,17
MTE1,8686,607476,607493,17
MTE1,8692,607642,607659,17
MTE1,8696,607808,607825,17
MTE1,8700,608170,608187,17
MTE1,8704,608228,608245,17
MTE1,8708,608286,608303,17
MTE1,8712,608344,608361,17
MTE1,8716,608402,608419,17
MTE1,8720,608460,608477,17
MTE1,8724,608518,608535,17
MTE1,8728,608715,608732,17
MTE1,8732,608757,608774,17
MTE1,8736,608799,608816,17
MTE1,8740,608857,608874,17
MTE1,8744,608915,608932,17
MTE1,8748,608973,608990,17
MTE1,8752,609031,609048,17
MTE1,8756,609089,609106,17
MTE1,8762,609147,609164,17
MTE1,8766,609205,609222,17
MTE1,8770,609263,609280,17
MTE1,8774,609305,609322,17
MTE1,8778,609363,609380,17
MTE1,8782,609421,609438,17
MTE1,8786,609479,609496,17
MTE1,8790,609537,609554,17
MTE1,8794,609595,609612,17
MTE1,8800,609653,609670,17
MTE1,8804,609711,609728,17
MTE1,8808,609769,609786,17
MTE1,8812,609811,609828,17
MTE1,8816,609869,609886,17
MTE1,8820,609927,609944,17
MTE1,8824,609985,610002,17
MTE1,8828,610043,610060,17
MTE1,8832,610101,610118,17
MTE1,8838,610159,610176,17
MTE1,8842,610217,610234,17
MTE1,8846,610275,610292,17
MTE1,8850,610317,610334,17
MTE1,8854,610375,610392,17
MTE1,8858,610433,610450,17
MTE1,8862,610491,610508,17
MTE1,8866,610549,610566,17
MTE1,8870,610607,610624,17
MTE1,8876,610665,610682,17
MTE1,8880,610723,610740,17
MTE1,8884,610781,610798,17
MTE1,8888,610823,610840,17
MTE1,8892,610881,610898,17
MTE1,8896,610939,610956,17
MTE1,8900,610997,611014,17
MTE1,8904,611055,611072,17
MTE1,8908,611113,611130,17
MTE1,8914,611171,611188,17
MTE1,8918,611229,611246,17
MTE1,8922,611287,611304,17
MTE1,8926,611329,611346,17
MTE1,8930,611387,611404,17
MTE1,8934,611445,611462,17
MTE1,8938,611503,611520,17
MTE1,8942,611561,611578,17
MTE1,8946,611619,611636,17
MTE1,8952,611677,611694,17
MTE1,8956,611735,611752,17
MTE1,8960,611793,611810,17
MTE1,8964,611835,611852,17
MTE1,8968,611893,611910,17
MTE1,8972,611951,611968,17
MTE1,8976,612009,612026,17
MTE1,8980,612067,612084,17
MTE1,8984,612125,612142,17
MTE1,8990,612183,612200,17
MTE1,8994,612438,612455,17
MTE1,9000,612691,612772,81
MTE1,9006,613039,613056,17
MTE1,9012,613387,613404,17
MTE1,9018,613735,613752,17
MTE1,9024,614083,614100,17
MTE1,9030,614472,614489,17
MTE1,9036,614820,614837,17
MTE1,9042,615168,615185,17
MTE1,9048,615516,615533,17
MTE1,9052,615739,615756,17
MTE1,9056,615781,615798,17
MTE1,9060,615839,615856,17
MTE1,9064,615897,615914,17
MTE1,9068,615955,615972,17
MTE1,9072,616013,616030,17
MTE1,9076,616071,616088,17
MTE1,9080,616129,616146,17
MTE1,9084,616187,616204,17
MTE1,9088,616229,616246,17
MTE1,9092,616287,616304,17
MTE1,9096,616345,616362,17
MTE1,9100,616403,616420,17
MTE1,9104,616461,616478,17
MTE1,9108,616519,616536,17
MTE1,9112,616577,616594,17
MTE1,9118,616871,616952,81
MTE1,9124,617271,617288,17
MTE1,9130,617437,617454,17
MTE1,9136,617603,617620,17
MTE1,9142,617769,617786,17
MTE1,9148,617935,617952,17
MTE1,9154,618101,618118,17
MTE1,9160,618267,618284,17
MTE1,9166,618433,618450,17
MTE1,9170,618491,618508,17
MTE1,9174,618533,618550,17
MTE1,9178,618591,618608,17
MTE1,9182,618649,618666,17
MTE1,9186,618707,618724,17
MTE1,9190,618765,618782,17
MTE1,9194,618823,618840,17
MTE1,9198,618881,618898,17
MTE1,9202,618939,618956,17
MTE1,9206,618981,618998,17
MTE1,9210,619039,619056,17
MTE1,9214,619097,619114,17
MTE1,9218,619155,619172,17
MTE1,9222,619213,619230,17
MTE1,9226,619271,619288,17
MTE1,9230,619329,619346,17
MTE1,9236,619623,619704,81
MTE1,9242,619857,619874,17
MTE1,9248,619955,619972,17
MTE1,9254,620121,620138,17
MTE1,9260,620287,620304,17
MTE1,9266,620511,620528,17
MTE1,9272,620808,620825,17
MTE1,9278,620866,620883,17
MTE1,9284,621009,621026,17
MTE1,9288,621067,621084,17
MTE1,9292,621109,621126,17
MTE1,9296,621167,621184,17
MTE1,9300,621225,621242,17
MTE1,9304,621283,621300,17
MTE1,9308,621341,621358,17
MTE1,9312,621399,621416,17
MTE1,9316,621457,621474,17
MTE1,9320,621515,621532,17
MTE1,9324,621557,621574,17
MTE1,9328,621615,621632,17
MTE1,9332,621673,621690,17
MTE1,9336,621731,621748,17
MTE1,9340,621789,621806,17
MTE1,9344,621847,621864,17
MTE1,9348,621905,621922,17
MTE1,9354,622216,622297,81
MTE1,9360,622450,622467,17
MTE1,9366,622548,622565,17
MTE1,9372,622714,622731,17
MTE1,9378,622880,622897,17
MTE1,9384,623046,623063,17
MTE1,9390,623212,623229,17
MTE1,9396,623436,623453,17
MTE1,9402,623602,623619,17
MTE1,9406,623660,623677,17
MTE1,9410,623702,623719,17
MTE1,9414,623760,623777,17
MTE1,9418,623818,623835,17
MTE1,9422,623876,623893,17
MTE1,9426,623934,623951,17
MTE1,9430,623992,624009,17
MTE1,9434,624050,624067,17
MTE1,9438,624108,624125,17
MTE1,9442,624150,624167,17
MTE1,9446,624208,624225,17
MTE1,9450,624266,624283,17
MTE1,9454,624324,624341,17
MTE1,9458,624382,624399,17
MTE1,9462,624440,624457,17
MTE1,9466,624498,624515,17
MTE1,9472,624850,624931,81
MTE1,9478,625084,625101,17
MTE1,9484,625182,625199,17
MTE1,9490,625796,625813,17
MTE1,9496,625962,625979,17
MTE1,9502,626128,626145,17
MTE1,9508,626294,626311,17
MTE1,9514,626460,626477,17
MTE1,9520,626626,626643,17
MTE1,9524,626684,626701,17
MTE1,9528,626726,626743,17
MTE1,9532,626784,626801,17
MTE1,9536,626842,626859,17
MTE1,9540,626900,626917,17
MTE1,9544,626958,626975,17
MTE1,9548,627016,627033,17
MTE1,9552,627074,627091,17
MTE1,9556,627132,627149,17
MTE1,9560,627174,627191,17
MTE1,9564,627232,627249,17
MTE1,9568,627290,627307,17
MTE1,9572,627348,627365,17
MTE1,9576,627406,627423,17
MTE1,9580,627464,627481,17
MTE1,9584,627522,627539,17
MTE1,9590,627833,627914,81
MTE1,9596,628067,628084,17
MTE1,9602,628165,628182,17
MTE1,9608,628779,628796,17
MTE1,9614,628945,628962,17
MTE1,9620,629111,629128,17
MTE1,9626,629277,629294,17
MTE1,9632,629443,629460,17
MTE1,9638,629609,629626,17
MTE1,9642,629667,629684,17
MTE1,9646,629709,629726,17
MTE1,9650,629767,629784,17
MTE1,9654,629825,629842,17
MTE1,9658,629883,629900,17
MTE1,9662,629941,629958,17
MTE1,9666,629999,630016,17
MTE1,9670,630057,630074,17
MTE1,9674,630115,630132,17
MTE1,9678,630157,630174,17
MTE1,9682,630215,630232,17
MTE1,9686,630273,630290,17
MTE1,9690,630331,630348,17
MTE1,9694,630389,630406,17
MTE1,9698,630447,630464,17
MTE1,9702,630505,630522,17
MTE1,9708,630857,630938,81
MTE1,9714,631104,631121,17
MTE1,9720,631270,631287,17
MTE1,9726,631662,631679,17
MTE1,9732,631828,631845,17
MTE1,9738,631994,632011,17
MTE1,9744,632160,632177,17
MTE1,9750,632326,632343,17
MTE1,9756,632492,632509,17
MTE1,9760,632550,632567,17
MTE1,9764,632592,632609,17
MTE1,9768,632650,632667,17
MTE1,9772,632708,632725,17
MTE1,9776,632766,632783,17
MTE1,9780,632824,632841,17
MTE1,9784,632882,632899,17
MTE1,9788,632940,632957,17
MTE1,9792,632998,633015,17
MTE1,9796,633040,633057,17
MTE1,9800,633098,633115,17
MTE1,9804,633156,633173,17
MTE1,9808,633214,633231,17
MTE1,9812,633272,633289,17
MTE1,9816,633330,633347,17
MTE1,9820,633388,633405,17
MTE1,9826,633682,633763,81
MTE1,9830,633916,633997,81
MTE1,9834,634078,634159,81
MTE1,9838,634240,634321,81
MTE1,9842,634402,634483,81
MTE1,9846,634564,634645,81
MTE1,9850,634726,634807,81
MTE1,9854,634888,634969,81
MTE1,9858,635050,635131,81
MTE1,9862,635212,635293,81
MTE1,9866,635374,635455,81
MTE1,9870,635536,635617,81
MTE1,9874,635770,635851,81
MTE1,9878,635932,636013,81
MTE1,9882,636094,636175,81
MTE1,9886,636328,636409,81
MTE1,9890,636562,636643,81
MTE1,9894,636724,636805,81
MTE1,9898,636958,637039,81
MTE1,9902,637192,637273,81
MTE1,9906,637354,637435,81
MTE1,9910,637588,637669,81
MTE1,9914,637822,637903,81
MTE1,9918,637984,638065,81
MTE1,9922,638218,638299,81
MTE1,9926,638452,638533,81
MTE1,9930,638614,638695,81
MTE1,9934,638848,638929,81
MTE1,9938,639082,639163,81
MTE1,9942,639244,639325,81
MTE1,9946,639478,639559,81
MTE1,9950,640006,640087,81
MTE1,9954,640381,640462,81
MTE1,9958,640909,640990,81
MTE1,9962,642084,642165,81
MTE1,9966,642614,642631,17
MTE1,9970,642932,642949,17
MTE1,9974,643098,643115,17
MTE1,9978,643416,643433,17
MTE1,9982,644267,644284,17
MTE1,9986,644585,644602,17
MTE1,9990,644751,644768,17
MTE1,9994,645069,645086,17
MTE1,9998,645235,645252,17
MTE1,10002,645553,645570,17
MTE1,10006,645719,645736,17
MTE1,10010,646037,646054,17
MTE1,10014,646203,646220,17
MTE1,10018,646521,646538,17
MTE1,10022,646687,646704,17
MTE1,10026,647005,647022,17
MTE1,10030,647323,647340,17
MTE1,10034,647489,647506,17
MTE1,10038,648595,648612,17
MTE1,10042,649142,649159,17
MTE1,10046,649308,649325,17
MTE1,10050,649474,649491,17
MTE1,10054,649640,649657,17
MTE1,10058,649806,649823,17
MTE1,10062,649972,649989,17
MTE1,10066,650290,650307,17
MTE1,10070,650456,650473,17
MTE1,10074,650622,650639,17
MTE1,10078,650788,650805,17
MTE1,10082,650954,650971,17
MTE1,10086,651120,651137,17
MTE1,10090,651286,651303,17
MTE1,10094,651452,651469,17
MTE1,10098,651618,651635,17
MTE1,10102,651936,651953,17
MTE1,10106,652102,652119,17
MTE1,10110,652268,652285,17
MTE1,10114,652755,652772,17
MTE1,10118,652921,652938,17
MTE1,10122,653087,653104,17
MTE1,10126,653253,653270,17
MTE1,10130,653419,653436,17
MTE1,10134,653585,653602,17
MTE1,10138,653903,653920,17
MTE1,10142,654069,654086,17
MTE1,10146,654235,654252,17
MTE1,10150,654401,654418,17
MTE1,10154,654567,654584,17
MTE1,10158,654733,654750,17
MTE1,10162,654899,654916,17
MTE1,10166,655065,655082,17
MTE1,10170,655231,655248,17
MTE1,10174,655549,655566,17
MTE1,10178,655715,655732,17
MTE1,10182,655881,655898,17
MTE1,10186,656368,656385,17
MTE1,10190,656534,656551,17
MTE1,10194,656700,656717,17
MTE1,10198,656866,656883,17
MTE1,10202,657032,657049,17
MTE1,10206,657198,657215,17
MTE1,10210,657516,657533,17
MTE1,10214,657682,657699,17
MTE1,10218,657848,657865,17
MTE1,10222,658014,658031,17
MTE1,10226,658180,658197,17
MTE1,10230,658346,658363,17
MTE1,10234,658512,658529,17
MTE1,10238,658678,658695,17
MTE1,10242,658844,658861,17
MTE1,10246,659162,659179,17
MTE1,10252,659328,659345,17
MTE1,10256,659494,659511,17
MTE1,10260,660220,660237,17
MTE1,10264,660278,660295,17
MTE1,10268,660336,660353,17
MTE1,10272,660394,660411,17
MTE1,10276,660452,660469,17
MTE1,10280,660510,660527,17
MTE1,10284,660568,660585,17
MTE1,10288,660626,660643,17
MTE1,10292,660668,660685,17
MTE1,10296,660710,660727,17
MTE1,10300,660768,660785,17
MTE1,10304,660826,660843,17
MTE1,10308,660884,660901,17
MTE1,10312,660942,660959,17
MTE1,10316,661000,661017,17
MTE1,10322,661058,661075,17
MTE1,10326,661116,661133,17
MTE1,10330,661174,661191,17
MTE1,10334,661216,661233,17
MTE1,10338,661274,661291,17
MTE1,10342,661332,661349,17
MTE1,10346,661390,661407,17
MTE1,10350,661448,661465,17
MTE1,10354,661506,661523,17
MTE1,10360,661564,661581,17
MTE1,10364,661622,661639,17
MTE1,10368,661680,661697,17
MTE1,10372,661722,661739,17
MTE1,10376,661780,661797,17
MTE1,10380,661838,661855,17
MTE1,10384,661896,661913,17
MTE1,10388,661954,661971,17
MTE1,10392,662012,662029,17
MTE1,10398,662070,662087,17
MTE1,10402,662128,662145,17
MTE1,10406,662186,662203,17
MTE1,10410,662228,662245,17
MTE1,10414,662286,662303,17
MTE1,10418,662344,662361,17
MTE1,10422,662402,662419,17
MTE1,10426,662460,662477,17
MTE1,10430,662518,662535,17
MTE1,10436,662576,662593,17
MTE1,10440,662634,662651,17
MTE1,10444,662692,662709,17
MTE1,10448,662734,662751,17
MTE1,10452,662792,662809,17
MTE1,10456,662850,662867,17
MTE1,10460,662908,662925,17
MTE1,10464,662966,662983,17
MTE1,10468,663024,663041,17
MTE1,10474,663082,663099,17
MTE1,10478,663140,663157,17
MTE1,10482,663198,663215,17
MTE1,10486,663240,663257,17
MTE1,10490,663298,663315,17
MTE1,10494,663356,663373,17
MTE1,10498,663414,663431,17
MTE1,10502,663472,663489,17
MTE1,10506,663530,663547,17
MTE1,10512,663588,663605,17
MTE1,10516,663646,663663,17
MTE1,10520,663704,663721,17
MTE1,10524,663746,663763,17
MTE1,10528,663804,663821,17
MTE1,10532,663862,663879,17
MTE1,10536,663920,663937,17
MTE1,10540,663978,663995,17
MTE1,10544,664036,664053,17
MTE1,10550,664094,664111,17
MTE1,10554,664152,664169,17
MTE1,10558,664210,664291,81
MTE1,10562,664372,664389,17
MTE1,10566,664414,664431,17
MTE1,10570,664472,664489,17
MTE1,10574,664530,664547,17
MTE1,10578,664588,664605,17
MTE1,10582,664646,664663,17
MTE1,10586,664704,664721,17
MTE1,10590,664762,664779,17
MTE1,10594,664820,664901,81
MTE1,10598,665054,665071,17
MTE1,10602,665096,665113,17
MTE1,10606,665154,665171,17
MTE1,10610,665212,665229,17
MTE1,10614,665270,665287,17
MTE1,10618,665328,665345,17
MTE1,10622,665386,665403,17
MTE1,10626,665444,665461,17
MTE1,10630,665738,665819,81
MTE1,10634,666255,666272,17
MTE1,10638,666297,666314,17
MTE1,10642,666355,666372,17
MTE1,10646,666434,666451,17
MTE1,10650,666600,666617,17
MTE1,10654,666766,666783,17
MTE1,10658,666932,666949,17
MTE1,10662,667098,667115,17
MTE1,10666,667392,667473,81
MTE1,10670,667909,667926,17
MTE1,10674,667951,667968,17
MTE1,10678,668009,668026,17
MTE1,10682,668067,668084,17
MTE1,10686,668125,668142,17
MTE1,10690,668183,668200,17
MTE1,10694,668241,668258,17
MTE1,10698,668299,668316,17
MTE1,10702,668593,668674,81
MTE1,10706,669110,669127,17
MTE1,10710,669152,669169,17
MTE1,10714,669210,669227,17
MTE1,10718,669289,669306,17
MTE1,10722,669455,669472,17
MTE1,10726,669621,669638,17
MTE1,10730,669787,669804,17
MTE1,10734,669953,669970,17
MTE1,10738,670247,670328,81
MTE1,10742,670764,670781,17
MTE1,10746,670806,670823,17
MTE1,10750,670864,670881,17
MTE1,10754,670943,670960,17
MTE1,10758,671109,671126,17
MTE1,10762,671275,671292,17
MTE1,10766,671441,671458,17
MTE1,10770,671607,671624,17
MTE1,10774,672150,672231,81
MTE1,10778,672485,672502,17
MTE1,10782,672527,672544,17
MTE1,10786,673072,673089,17
MTE1,10790,673130,673147,17
MTE1,10794,673188,673205,17
MTE1,10798,673246,673263,17
MTE1,10802,673304,673321,17
MTE1,10806,673362,673379,17
MTE1,10810,673420,673501,81
MTE1,10814,673654,673735,81
MTE1,10818,673816,673897,81
MTE1,10822,673978,674059,81
MTE1,10826,674140,674221,81
MTE1,10830,674302,674383,81
MTE1,10834,674464,674545,81
MTE1,10838,674626,674707,81
MTE1,10842,674860,674941,81
MTE1,10846,675022,675103,81
MTE1,10850,675184,675265,81
MTE1,10854,675418,675499,81
MTE1,10858,675652,675733,81
MTE1,10862,675814,675895,81
MTE1,10866,676048,676129,81
MTE1,10870,676282,676363,81
MTE1,10874,676444,676525,81
MTE1,10878,676678,676759,81
MTE1,10882,676912,676993,81
MTE1,10886,677074,677155,81
MTE1,10890,677308,677389,81
MTE1,10894,677542,677623,81
MTE1,10898,677704,677785,81
MTE1,10902,678232,678313,81
MTE1,10906,678890,678971,81
MTE1,10910,679265,679346,81
MTE1,10914,679640,679721,81
MTE1,10918,680451,680532,81
MTE1,10922,680826,680907,81
MTE1,10926,681354,681435,81
MTE1,10930,682012,682093,81
MTE1,10934,682542,682559,17
MTE1,10938,682860,682877,17
MTE1,10942,683026,683043,17
MTE1,10946,683344,683361,17
MTE1,10950,683510,683527,17
MTE1,10954,683828,683845,17
MTE1,10958,683994,684011,17
MTE1,10962,684312,684329,17
MTE1,10966,684478,684495,17
MTE1,10970,684796,684813,17
MTE1,10974,684962,684979,17
MTE1,10978,685280,685297,17
MTE1,10982,685446,685463,17
MTE1,10986,685764,685781,17
MTE1,10990,685930,685947,17
MTE1,10994,686273,686290,17
MTE1,10998,686591,686608,17
MTE1,11002,686757,686774,17
MTE1,11006,686923,686940,17
MTE1,11010,687089,687106,17
MTE1,11014,687313,687330,17
MTE1,11018,687479,687496,17
MTE1,11022,687645,687662,17
MTE1,11026,687811,687828,17
MTE1,11030,687977,687994,17
MTE1,11034,688295,688312,17
MTE1,11038,688461,688478,17
MTE1,11042,688627,688644,17
MTE1,11046,688793,688810,17
MTE1,11050,688959,688976,17
MTE1,11054,689125,689142,17
MTE1,11058,689291,689308,17
MTE1,11062,689457,689474,17
MTE1,11066,689623,689640,17
MTE1,11070,689941,689958,17
MTE1,11074,690107,690124,17
MTE1,11078,690273,690290,17
MTE1,11082,690439,690456,17
MTE1,11086,690605,690622,17
MTE1,11090,690829,690846,17
MTE1,11094,690995,691012,17
MTE1,11098,691161,691178,17
MTE1,11102,691327,691344,17
MTE1,11106,691645,691662,17
MTE1,11110,691811,691828,17
MTE1,11114,691977,691994,17
MTE1,11118,692143,692160,17
MTE1,11122,692309,692326,17
MTE1,11126,692475,692492,17
MTE1,11130,692641,692658,17
MTE1,11134,692807,692824,17
MTE1,11138,692973,692990,17
MTE1,11142,693291,693308,17
MTE1,11146,693457,693474,17
MTE1,11150,693623,693640,17
MTE1,11154,693789,693806,17
MTE1,11158,693955,693972,17
MTE1,11162,694121,694138,17
MTE1,11166,694345,694362,17
MTE1,11170,694511,694528,17
MTE1,11174,694677,694694,17
MTE1,11178,694995,695012,17
MTE1,11182,695161,695178,17
MTE1,11186,695327,695344,17
MTE1,11190,695493,695510,17
MTE1,11194,695659,695676,17
MTE1,11198,695825,695842,17
MTE1,11202,695991,696008,17
MTE1,11206,696157,696174,17
MTE1,11210,696323,696340,17
MTE1,11214,696641,696658,17
MTE1,11220,696807,696824,17
MTE1,11224,697015,697032,17
MTE1,11228,697073,697090,17
MTE1,11232,697131,697148,17
MTE1,11236,697189,697206,17
MTE1,11240,697247,697264,17
MTE1,11244,697305,697322,17
MTE1,11248,697363,697380,17
MTE1,11252,697421,697438,17
MTE1,11256,697479,697496,17
MTE1,11260,697521,697538,17
MTE1,11264,697563,697580,17
MTE1,11268,697621,697638,17
MTE1,11272,697679,697696,17
MTE1,11276,697737,697754,17
MTE1,11280,697795,697812,17
MTE1,11284,697853,697870,17
MTE1,11290,697911,697928,17
MTE1,11294,697969,697986,17
MTE1,11298,698027,698044,17
MTE1,11302,698069,698086,17
MTE1,11306,698127,698144,17
MTE1,11310,698185,698202,17
MTE1,11314,698243,698260,17
MTE1,11318,698301,698318,17
MTE1,11322,698359,698376,17
MTE1,11328,698417,698434,17
MTE1,11332,698475,698492,17
MTE1,11336,698533,698550,17
MTE1,11340,698575,698592,17
MTE1,11344,698633,698650,17
MTE1,11348,698691,698708,17
MTE1,11352,698749,698766,17
MTE1,11356,698807,698824,17
MTE1,11360,698865,698882,17
MTE1,11366,698923,698940,17
MTE1,11370,698981,698998,17
MTE1,11374,699039,699056,17
MTE1,11378,699081,699098,17
MTE1,11382,699139,699156,17
MTE1,11386,699197,699214,17
MTE1,11390,699255,699272,17
MTE1,11394,699313,699330,17
MTE1,11398,699371,699388,17
MTE1,11404,699429,699446,17
MTE1,11408,699487,699504,17
MTE1,11412,699545,699562,17
MTE1,11416,699587,699604,17
MTE1,11420,699645,699662,17
MTE1,11424,699703,699720,17
MTE1,11428,699761,699778,17
MTE1,11432,699819,699836,17
MTE1,11436,699877,699894,17
MTE1,11442,699935,699952,17
MTE1,11446,699993,700010,17
MTE1,11450,700051,700068,17
MTE1,11454,700093,700110,17
MTE1,11458,700151,700168,17
MTE1,11462,700209,700226,17
MTE1,11466,700267,700284,17
MTE1,11470,700325,700342,17
MTE1,11474,700383,700400,17
MTE1,11480,700441,700458,17
MTE1,11484,700499,700516,17
MTE1,11488,700557,700574,17
MTE1,11492,700599,700616,17
MTE1,11496,700657,700674,17
MTE1,11500,700715,700732,17
MTE1,11504,700773,700790,17
MTE1,11508,700831,700848,17
MTE1,11512,700889,700906,17
MTE1,11518,700947,700964,17
MTE1,11522,701144,701161,17
MTE1,11526,701202,701283,81
MTE1,11530,701364,701381,17
MTE1,11534,701406,701423,17
MTE1,11538,701464,701481,17
MTE1,11542,701522,701539,17
MTE1,11546,701580,701597,17
MTE1,11550,701638,701655,17
MTE1,11554,701696,701713,17
MTE1,11558,701754,701771,17
MTE1,11562,701812,701893,81
MTE1,11566,702046,702063,17
MTE1,11570,702088,702105,17
MTE1,11574,702146,702163,17
MTE1,11578,702204,702221,17
MTE1,11582,702262,702279,17
MTE1,11586,702320,702337,17
MTE1,11590,702378,702395,17
MTE1,11594,702436,702453,17
MTE1,11598,702494,702575,81
MTE1,11602,702728,702745,17
MTE1,11606,702770,702787,17
MTE1,11610,702828,702845,17
MTE1,11614,702886,702903,17
MTE1,11618,702944,702961,17
MTE1,11622,703002,703019,17
MTE1,11626,703060,703077,17
MTE1,11630,703118,703135,17
MTE1,11634,703176,703257,81
MTE1,11638,703410,703427,17
MTE1,11642,703452,703469,17
MTE1,11646,703510,703527,17
MTE1,11650,703568,703585,17
MTE1,11654,703626,703643,17
MTE1,11658,703684,703701,17
MTE1,11662,703742,703759,17
MTE1,11666,703800,703817,17
MTE1,11670,703858,703939,81
MTE1,11674,704092,704109,17
MTE1,11678,704134,704151,17
MTE1,11682,704192,704209,17
MTE1,11686,704250,704267,17
MTE1,11690,704308,704325,17
MTE1,11694,704366,704383,17
MTE1,11698,704424,704441,17
MTE1,11702,704482,704499,17
MTE1,11706,704540,704621,81
MTE1,11710,704774,704791,17
MTE1,11714,704816,704833,17
MTE1,11718,704874,704891,17
MTE1,11722,704932,704949,17
MTE1,11726,704990,705007,17
MTE1,11730,705048,705065,17
MTE1,11734,705106,705123,17
MTE1,11738,705164,705181,17
MTE1,11742,705222,705303,81
MTE1,11746,705456,705473,17
MTE1,11750,705498,705515,17
MTE1,11754,705556,705573,17
MTE1,11758,705614,705631,17
MTE1,11762,705672,705689,17
MTE1,11766,705730,705747,17
MTE1,11770,705788,705805,17
MTE1,11774,705846,705863,17
MTE1,11778,705904,705985,81
MTE1,11784,706138,706219,81
MTE1,11790,707140,707221,81
MTE1,11796,707798,707879,81
MTE1,11802,708456,708537,81
MTE1,11808,709114,709195,81
MTE1,11814,709772,709853,81
MTE1,11820,710430,710511,81
MTE1,11826,711088,711169,81
MTE1,11832,711746,711827,81
MTE1,11836,712081,712162,81
MTE1,11840,712243,712324,81
MTE1,11844,712477,712558,81
MTE1,11848,712711,712792,81
MTE1,11852,712945,713026,81
MTE1,11856,713179,713260,81
MTE1,11860,713413,713494,81
MTE1,11864,713647,713728,81
MTE1,11868,713881,713962,81
MTE1,11872,714043,714124,81
MTE1,11876,714277,714358,81
MTE1,11880,714511,714592,81
MTE1,11884,714745,714826,81
MTE1,11888,714979,715060,81
MTE1,11892,715213,715294,81
MTE1,11896,715447,715528,81
MTE1,11902,715822,715903,81
MTE1,11908,716896,716977,81
MTE1,11914,717190,717271,81
MTE1,11920,717484,717565,81
MTE1,11926,717778,717859,81
MTE1,11932,718072,718153,81
MTE1,11938,718366,718447,81
MTE1,11944,718660,718741,81
MTE1,11950,718954,719035,81
MTE1,11954,719188,719269,81
MTE1,11958,719350,719431,81
MTE1,11962,719584,719665,81
MTE1,11966,719818,719899,81
MTE1,11970,720052,720133,81
MTE1,11974,720286,720367,81
MTE1,11978,720520,720601,81
MTE1,11982,720754,720835,81
MTE1,11986,720988,721069,81
MTE1,11990,721150,721231,81
MTE1,11994,721384,721465,81
MTE1,11998,721618,721699,81
MTE1,12002,721852,721933,81
MTE1,12006,722086,722167,81
MTE1,12010,722320,722401,81
MTE1,12014,722554,722635,81
MTE1,12020,722929,723010,81
MTE1,12026,724003,724084,81
MTE1,12032,724641,724722,81
MTE1,12038,725351,725432,81
MTE1,12044,726061,726142,81
MTE1,12050,726771,726852,81
MTE1,12056,727481,727562,81
MTE1,12062,728191,728272,81
MTE1,12068,728901,728982,81
MTE1,12072,729135,729216,81
MTE1,12076,729297,729378,81
MTE1,12080,729531,729612,81
MTE1,12084,729765,729846,81
MTE1,12088,729999,730080,81
MTE1,12092,730233,730314,81
MTE1,12096,730467,730548,81
MTE1,12100,730701,730782,81
MTE1,12104,730935,731016,81
MTE1,12108,731097,731178,81
MTE1,12112,731331,731412,81
MTE1,12116,731565,731646,81
MTE1,12120,731799,731880,81
MTE1,12124,732033,732114,81
MTE1,12128,732267,732348,81
MTE1,12132,732501,732582,81
MTE1,12138,732735,732816,81
MTE1,12142,732969,733050,81
MTE1,12146,733131,733212,81
MTE1,12150,733365,733446,81
MTE1,12154,733599,733680,81
MTE1,12158,733833,733914,81
MTE1,12162,734067,734148,81
MTE1,12166,734301,734382,81
MTE1,12170,734535,734616,81
MTE1,12174,734769,734850,81
MTE1,12178,734931,734948,17
MTE1,12182,734973,734990,17
MTE1,12186,735015,735032,17
MTE1,12190,735057,735074,17
MTE1,12194,735115,735132,17
MTE1,12198,735157,735174,17
MTE1,12202,735215,735232,17
MTE1,12206,735257,735274,17
MTE1,12210,735315,735332,17
MTE1,12214,735357,735374,17
MTE1,12218,735415,735432,17
MTE1,12222,735457,735474,17
MTE1,12226,735515,735532,17
MTE1,12230,735557,735574,17
MTE1,12234,735615,735632,17
MTE1,12238,735657,735674,17
MTE1,12242,735715,735732,17
MTE1,12246,735757,735774,17
MTE1,12250,735799,735816,17
MTE1,12254,735857,735874,17
MTE1,12258,735915,735932,17
MTE1,12262,735973,735990,17
MTE1,12266,736031,736048,17
MTE1,12270,736089,736106,17
MTE1,12274,736147,736164,17
MTE1,12278,736205,736222,17
MTE1,12282,736263,736280,17
MTE1,12286,736305,736322,17
MTE1,12290,736363,736380,17
MTE1,12294,736421,736438,17
MTE1,12298,736479,736496,17
MTE1,12302,736537,736554,17
MTE1,12306,736595,736612,17
MTE1,12310,736653,736670,17
MTE1,12314,736711,736728,17
MTE1,12318,736769,736786,17
MTE1,12322,736811,736828,17
MTE1,12326,736869,736886,17
MTE1,12330,736927,736944,17
MTE1,12334,736985,737002,17
MTE1,12338,737043,737060,17
MTE1,12342,737101,737118,17
MTE1,12346,737159,737176,17
MTE1,12350,737217,737234,17
MTE1,12354,737275,737292,17
MTE1,12358,737317,737334,17
MTE1,12362,737375,737392,17
MTE1,12366,737433,737450,17
MTE1,12370,737491,737508,17
MTE1,12374,737549,737566,17
MTE1,12378,737607,737624,17
MTE1,12382,737665,737682,17
MTE1,12386,737723,737740,17
MTE1,12390,737781,737798,17
MTE1,12394,737823,737840,17
MTE1,12398,737881,737898,17
MTE1,12402,737939,737956,17
MTE1,12406,737997,738014,17
MTE1,12410,738055,738072,17
MTE1,12414,738113,738130,17
MTE1,12418,738171,738188,17
MTE1,12422,738229,738246,17
MTE1,12426,738287,738304,17
MTE1,12430,738329,738346,17
MTE1,12434,738387,738404,17
MTE1,12438,738445,738462,17
MTE1,12442,738503,738520,17
MTE1,12446,738561,738578,17
MTE1,12450,738619,738636,17
MTE1,12454,738677,738694,17
MTE1,12458,738735,738752,17
MTE1,12464,738793,738810,17
MTE1,12468,738835,738852,17
MTE1,12472,738893,738910,17
MTE1,12476,738951,738968,17
MTE1,12480,739009,739026,17
MTE1,12484,739067,739084,17
MTE1,12488,739125,739142,17
MTE1,12492,739183,739200,17
MTE1,12496,739241,739258,17
MTE1,12500,739299,739316,17
MTE1,12504,739341,739358,17
MTE1,12508,739383,739400,17
MTE1,12512,739441,739458,17
MTE1,12516,739499,739516,17
MTE1,12520,739557,739574,17
MTE1,12524,739615,739632,17
MTE1,12528,739673,739690,17
MTE1,12534,739731,739748,17
MTE1,12538,739789,739806,17
MTE1,12542,739847,739864,17
MTE1,12546,739889,739906,17
MTE1,12550,739947,739964,17
MTE1,12554,740005,740022,17
MTE1,12558,740063,740080,17
MTE1,12562,740121,740138,17
MTE1,12566,740179,740196,17
MTE1,12572,740237,740254,17
MTE1,12576,740295,740312,17
MTE1,12580,740353,740370,17
MTE1,12584,740395,740412,17
MTE1,12588,740453,740470,17
MTE1,12592,740511,740528,17
MTE1,12596,740569,740586,17
MTE1,12600,740627,740644,17
MTE1,12604,740685,740702,17
MTE1,12610,740743,740760,17
MTE1,12614,740801,740818,17
MTE1,12618,740859,740876,17
MTE1,12622,740901,740918,17
MTE1,12626,740959,740976,17
MTE1,12630,741017,741034,17
MTE1,12634,741075,741092,17
MTE1,12638,741133,741150,17
MTE1,12642,741191,741208,17
MTE1,12648,741249,741266,17
MTE1,12652,741307,741324,17
MTE1,12656,741365,741382,17
MTE1,12660,741407,741424,17
MTE1,12664,741465,741482,17
MTE1,12668,741523,741540,17
MTE1,12672,741581,741598,17
MTE1,12676,741639,741656,17
MTE1,12680,741697,741714,17
MTE1,12686,741755,741772,17
MTE1,12690,741813,741830,17
MTE1,12694,741871,741888,17
MTE1,12698,741913,741930,17
MTE1,12702,741971,741988,17
MTE1,12706,742029,742046,17
MTE1,12710,742087,742104,17
MTE1,12714,742145,742162,17
MTE1,12718,742203,742220,17
MTE1,12724,742261,742278,17
MTE1,12728,742319,742336,17
MTE1,12732,742377,742394,17
MTE1,12736,742419,742436,17
MTE1,12740,742477,742494,17
MTE1,12744,742535,742552,17
MTE1,12748,742593,742610,17
MTE1,12752,742651,742668,17
MTE1,12756,742709,742726,17
MTE1,12762,742767,742784,17
MTE1,12766,742825,742842,17
MTE1,12770,742883,742964,81
MTE1,12774,743045,743062,17
MTE1,12778,743087,743104,17
MTE1,12782,743145,743162,17
MTE1,12786,743203,743220,17
MTE1,12790,743261,743278,17
MTE1,12794,743319,743336,17
MTE1,12798,743377,743394,17
MTE1,12802,743435,743452,17
MTE1,12806,743493,743574,81
MTE1,12810,743727,743744,17
MTE1,12814,743769,743786,17
MTE1,12818,743827,743844,17
MTE1,12822,743885,743902,17
MTE1,12826,743943,743960,17
MTE1,12830,744001,744018,17
MTE1,12834,744059,744076,17
MTE1,12838,744117,744134,17
MTE1,12842,744175,744256,81
MTE1,12846,744409,744426,17
MTE1,12850,744451,744468,17
MTE1,12854,744509,744526,17
MTE1,12858,744567,744584,17
MTE1,12862,744625,744642,17
MTE1,12866,744683,744700,17
MTE1,12870,744741,744758,17
MTE1,12874,744799,744816,17
MTE1,12878,744857,744938,81
MTE1,12882,745091,745108,17
MTE1,12886,745133,745150,17
MTE1,12890,745191,745208,17
MTE1,12894,745347,745364,17
MTE1,12898,745513,745530,17
MTE1,12902,745679,745696,17
MTE1,12906,745845,745862,17
MTE1,12910,746011,746028,17
MTE1,12914,746305,746386,81
MTE1,12918,746539,746556,17
MTE1,12922,746637,746654,17
MTE1,12926,746803,746820,17
MTE1,12930,746969,746986,17
MTE1,12934,747135,747152,17
MTE1,12938,747301,747318,17
MTE1,12942,747467,747484,17
MTE1,12946,747633,747650,17
MTE1,12950,747927,748008,81
MTE1,12954,748161,748178,17
MTE1,12958,748259,748276,17
MTE1,12962,748425,748442,17
MTE1,12966,748591,748608,17
MTE1,12970,748757,748774,17
MTE1,12974,748923,748940,17
MTE1,12978,749089,749106,17
MTE1,12982,749255,749272,17
MTE1,12986,749549,749630,81
MTE1,12990,749783,749800,17
MTE1,12994,749991,750008,17
MTE1,12998,750157,750174,17
MTE1,13002,750323,750340,17
MTE1,13006,750489,750506,17
MTE1,13010,750655,750672,17
MTE1,13014,750821,750838,17
MTE1,13018,750987,751004,17
MTE1,13022,751281,751362,81
MTE1,13026,751575,751656,81
MTE1,13030,752233,752314,81
MTE1,13034,752527,752608,81
MTE1,13038,753055,753136,81
MTE1,13042,753430,753511,81
MTE1,13046,753805,753886,81
MTE1,13050,754180,754261,81
MTE1,13054,754555,754636,81
MTE1,13058,754930,755011,81
MTE1,13062,755305,755386,81
MTE1,13066,756662,756743,81
MTE1,13070,757037,757118,81
MTE1,13074,757412,757493,81
MTE1,13078,757787,757868,81
MTE1,13082,758162,758243,81
MTE1,13086,758537,758618,81
MTE1,13090,758912,758993,81
MTE1,13094,759287,759368,81
MTE1,13098,759662,759743,81
MTE1,13102,760179,760260,81
MTE1,13106,760341,760422,81
MTE1,13110,760575,760656,81
MTE1,13114,760809,760890,81
MTE1,13118,761043,761124,81
MTE1,13122,761277,761358,81
MTE1,13126,761511,761592,81
MTE1,13130,761745,761826,81
MTE1,13134,761979,762060,81
MTE1,13138,762213,762294,81
MTE1,13142,762375,762392,17
MTE1,13146,762417,762434,17
MTE1,13150,762459,762476,17
MTE1,13154,762501,762518,17
MTE1,13158,762559,762576,17
MTE1,13162,762601,762618,17
MTE1,13166,762659,762676,17
MTE1,13170,762701,762718,17
MTE1,13174,762759,762776,17
MTE1,13178,762801,762818,17
MTE1,13182,762859,762876,17
MTE1,13186,762901,762918,17
MTE1,13190,762959,762976,17
MTE1,13194,763001,763018,17
MTE1,13198,764123,764140,17
MTE1,13202,764165,764182,17
MTE1,13206,764223,764240,17
MTE1,13210,764265,764282,17
MTE1,13214,764307,764324,17
MTE1,13218,765579,765596,17
MTE1,13222,765637,765654,17
MTE1,13226,765695,765712,17
MTE1,13230,765753,765770,17
MTE1,13234,765811,765828,17
MTE1,13238,765869,765886,17
MTE1,13242,765927,765944,17
MTE1,13246,765985,766002,17
MTE1,13250,766027,766044,17
MTE1,13254,766085,766102,17
MTE1,13258,766143,766160,17
MTE1,13262,766201,766218,17
MTE1,13266,766259,766276,17
MTE1,13270,766317,766334,17
MTE1,13274,766375,766392,17
MTE1,13278,766433,766450,17
MTE1,13282,766491,766508,17
MTE1,13286,766533,766550,17
MTE1,13290,766591,766608,17
MTE1,13294,766649,766666,17
MTE1,13298,766707,766724,17
MTE1,13302,766765,766782,17
MTE1,13306,766823,766840,17
MTE1,13310,766881,766898,17
MTE1,13314,766939,766956,17
MTE1,13318,766997,767014,17
MTE1,13322,767039,767056,17
MTE1,13326,767097,767114,17
MTE1,13330,767155,767172,17
MTE1,13334,767213,767230,17
MTE1,13338,767271,767288,17
MTE1,13342,767329,767346,17
MTE1,13346,767387,767404,17
MTE1,13350,767445,767462,17
MTE1,13354,767503,767520,17
MTE1,13358,767545,767562,17
MTE1,13362,767603,767620,17
MTE1,13366,767661,767678,17
MTE1,13370,767719,767736,17
MTE1,13374,767777,767794,17
MTE1,13378,767835,767852,17
MTE1,13382,767893,767910,17
MTE1,13386,767951,767968,17
MTE1,13390,768009,768026,17
MTE1,13394,768051,768068,17
MTE1,13398,768109,768126,17
MTE1,13402,768167,768184,17
MTE1,13406,768225,768242,17
MTE1,13410,768283,768300,17
MTE1,13414,768341,768358,17
MTE1,13418,768399,768416,17
MTE1,13422,768457,768474,17
MTE1,13428,768515,768532,17
MTE1,13432,768557,768574,17
MTE1,13436,768615,768632,17
MTE1,13440,768673,768690,17
MTE1,13444,768731,768748,17
MTE1,13448,768789,768806,17
MTE1,13452,768847,768864,17
MTE1,13456,768905,768922,17
MTE1,13460,768963,768980,17
MTE1,13464,769218,769235,17
MTE1,13468,769260,769277,17
MTE1,13472,769302,769319,17
MTE1,13476,769360,769377,17
MTE1,13480,769418,769435,17
MTE1,13484,769476,769493,17
MTE1,13488,769534,769551,17
MTE1,13492,769592,769609,17
MTE1,13498,769650,769667,17
MTE1,13502,769708,769725,17
MTE1,13506,769766,769783,17
MTE1,13510,769808,769825,17
MTE1,13514,769866,769883,17
MTE1,13518,769924,769941,17
MTE1,13522,769982,769999,17
MTE1,13526,770040,770057,17
MTE1,13530,770098,770115,17
MTE1,13536,770156,770173,17
MTE1,13540,770214,770231,17
MTE1,13544,770272,770289,17
MTE1,13548,770314,770331,17
MTE1,13552,770372,770389,17
MTE1,13556,770430,770447,17
MTE1,13560,770488,770505,17
MTE1,13564,770546,770563,17
MTE1,13568,770604,770621,17
MTE1,13574,770662,770679,17
MTE1,13578,770720,770737,17
MTE1,13582,770778,770795,17
MTE1,13586,770820,770837,17
MTE1,13590,770878,770895,17
MTE1,13594,770936,770953,17
MTE1,13598,770994,771011,17
MTE1,13602,771052,771069,17
MTE1,13606,771110,771127,17
MTE1,13612,771168,771185,17
MTE1,13616,771226,771243,17
MTE1,13620,771284,771301,17
MTE1,13624,771326,771343,17
MTE1,13628,771384,771401,17
MTE1,13632,771442,771459,17
MTE1,13636,771500,771517,17
MTE1,13640,771558,771575,17
MTE1,13644,771616,771633,17
MTE1,13650,771674,771691,17
MTE1,13654,771732,771749,17
MTE1,13658,771790,771807,17
MTE1,13662,771832,771849,17
MTE1,13666,771890,771907,17
MTE1,13670,771948,771965,17
MTE1,13674,772006,772023,17
MTE1,13678,772064,772081,17
MTE1,13682,772122,772139,17
MTE1,13688,772180,772197,17
MTE1,13692,772238,772255,17
MTE1,13696,772296,772313,17
MTE1,13700,772338,772355,17
MTE1,13704,772396,772413,17
MTE1,13708,772454,772471,17
MTE1,13712,772512,772529,17
MTE1,13716,772570,772587,17
MTE1,13720,772628,772645,17
MTE1,13726,772686,772703,17
MTE1,13730,772941,772958,17
MTE1,13734,772999,773080,81
MTE1,13738,773161,773178,17
MTE1,13742,773203,773220,17
MTE1,13746,773261,773278,17
MTE1,13750,773319,773336,17
MTE1,13754,773377,773394,17
MTE1,13758,773435,773452,17
MTE1,13762,773493,773510,17
MTE1,13766,773551,773568,17
MTE1,13770,773609,773690,81
MTE1,13774,773843,773860,17
MTE1,13778,773885,773902,17
MTE1,13782,773943,773960,17
MTE1,13786,774001,774018,17
MTE1,13790,774059,774076,17
MTE1,13794,774117,774134,17
MTE1,13798,774175,774192,17
MTE1,13802,774233,774250,17
MTE1,13806,774291,774372,81
MTE1,13810,774525,774542,17
MTE1,13814,774567,774584,17
MTE1,13818,774625,774642,17
MTE1,13822,774683,774700,17
MTE1,13826,774741,774758,17
MTE1,13830,774799,774816,17
MTE1,13834,774857,774874,17
MTE1,13838,774915,774932,17
MTE1,13842,774973,775054,81
MTE1,13846,775207,775224,17
MTE1,13850,775249,775266,17
MTE1,13854,775307,775324,17
MTE1,13858,775365,775382,17
MTE1,13862,775423,775440,17
MTE1,13866,775481,775498,17
MTE1,13870,775539,775556,17
MTE1,13874,775597,775614,17
MTE1,13878,775655,775736,81
MTE1,13882,775889,775906,17
MTE1,13886,775931,775948,17
MTE1,13890,775989,776006,17
MTE1,13894,776047,776064,17
MTE1,13898,776105,776122,17
MTE1,13902,776163,776180,17
MTE1,13906,776221,776238,17
MTE1,13910,776279,776296,17
MTE1,13914,776337,776418,81
MTE1,13918,776571,776588,17
MTE1,13922,776613,776630,17
MTE1,13926,776671,776688,17
MTE1,13930,776729,776746,17
MTE1,13934,776787,776804,17
MTE1,13938,776845,776862,17
MTE1,13942,776903,776920,17
MTE1,13946,776961,776978,17
MTE1,13950,777019,777100,81
MTE1,13954,777253,777270,17
MTE1,13958,777295,777312,17
MTE1,13962,777353,777370,17
MTE1,13966,777411,777428,17
MTE1,13970,777469,777486,17
MTE1,13974,777527,777544,17
MTE1,13978,777585,777602,17
MTE1,13982,777643,777660,17
MTE1,13986,777701,777782,81
MTE1,13990,777935,778016,81
MTE1,13994,778097,778178,81
MTE1,13998,778259,778340,81
MTE1,14002,778493,778574,81
MTE1,14006,778727,778808,81
MTE1,14010,778961,779042,81
MTE1,14014,779489,779570,81
MTE1,14018,779783,779864,81
MTE1,14022,780311,780392,81
MTE1,14026,780605,780686,81
MTE1,14030,781263,781344,81
MTE1,14034,781557,781638,81
MTE1,14038,781851,781932,81
MTE1,14042,782145,782226,81
MTE1,14046,782673,782754,81
MTE1,14050,783201,783282,81
MTE1,14054,783495,783576,81
MTE1,14058,783789,783870,81
MTE1,14062,784023,784104,81
MTE1,14066,784257,784338,81
MTE1,14070,784419,784500,81
MTE1,14074,784653,784734,81
MTE1,14078,784887,784968,81
MTE1,14082,785121,785202,81
MTE1,14086,785355,785436,81
MTE1,14090,785589,785670,81
MTE1,14094,785823,785904,81
MTE1,14098,786057,786138,81
MTE1,14104,786291,786372,81
MTE1,14110,786453,786534,81
MTE1,14116,786921,787002,81
MTE1,14122,787579,787660,81
MTE1,14128,788237,788318,81
MTE1,14132,788754,788835,81
MTE1,14136,788916,788997,81
MTE1,14140,789150,789231,81
MTE1,14144,789384,789465,81
MTE1,14148,789618,789699,81
MTE1,14152,789780,789861,81
MTE1,14156,790014,790095,81
MTE1,14160,790248,790329,81
MTE1,14166,790623,790704,81
MTE1,14172,791697,791778,81
MTE1,14178,791991,792072,81
MTE1,14184,792285,792366,81
MTE1,14190,792579,792660,81
MTE1,14194,792813,792894,81
MTE1,14198,792975,793056,81
MTE1,14202,793209,793290,81
MTE1,14206,793443,793524,81
MTE1,14210,793677,793758,81
MTE1,14214,793839,793920,81
MTE1,14218,794073,794154,81
MTE1,14222,794307,794388,81
MTE1,14228,794682,794763,81
MTE1,14234,795756,795837,81
MTE1,14240,796394,796475,81
MTE1,14246,797104,797185,81
MTE1,14252,797814,797895,81
MTE1,14256,798048,798129,81
MTE1,14260,798210,798291,81
MTE1,14264,798444,798525,81
MTE1,14268,798678,798759,81
MTE1,14272,798912,798993,81
MTE1,14276,799074,799155,81
MTE1,14280,799308,799389,81
MTE1,14284,799542,799623,81
MTE1,14290,800616,800697,81
MTE1,14294,800850,800931,81
MTE1,14298,801012,801093,81
MTE1,14302,801246,801327,81
MTE1,14306,801480,801561,81
MTE1,14310,801714,801795,81
MTE1,14314,801948,802029,81
MTE1,14318,802182,802263,81
MTE1,14322,802416,802497,81
MTE1,14326,802650,802731,81
MTE1,14330,802812,802893,81
MTE1,14334,802974,803055,81
MTE1,14338,803208,803289,81
MTE1,14342,803442,803523,81
MTE1,14346,803676,803757,81
MTE1,14350,803910,803991,81
MTE1,14354,804144,804225,81
MTE1,14358,804378,804459,81
MTE1,14362,804612,804693,81
MTE1,14366,804846,804927,81
MTE1,14370,805008,805089,81
MTE1,14374,805242,805323,81
MTE1,14378,805476,805557,81
MTE1,14382,805710,805791,81
MTE1,14386,805944,806025,81
MTE1,14390,806178,806259,81
MTE1,14394,806412,806493,81
MTE1,14398,806646,806727,81
MTE1,14402,806880,806961,81
MTE1,14406,807042,807123,81
MTE1,14410,807276,807357,81
MTE1,14414,807510,807591,81
MTE1,14418,807744,807825,81
MTE1,14422,807978,808059,81
MTE1,14426,808212,808293,81
MTE1,14430,808446,808527,81
MTE1,14434,808680,808761,81
MTE1,14438,808914,808995,81
MTE1,14442,809076,809157,81
MTE1,14446,809238,809319,81
MTE1,14450,809472,809553,81
MTE1,14454,809752,809833,81
MTE1,14458,810046,810127,81
MTE1,14462,810704,810785,81
MTE1,14466,810998,811079,81
MTE1,14470,811292,811373,81
MTE1,14474,811586,811667,81
MTE1,14478,811880,811961,81
MTE1,14482,812397,812478,81
MTE1,14486,812559,812640,81
MTE1,14490,812793,812874,81
MTE1,14494,813027,813108,81
MTE1,14498,813261,813342,81
MTE1,14502,813495,813576,81
MTE1,14506,813657,813738,81
MTE1,14510,813891,813972,81
MTE1,14514,814125,814206,81
MTE1,14518,814359,814440,81
MTE1,14522,814521,814602,81
MTE1,14526,814683,814764,81
MTE1,14530,814917,814998,81
MTE1,14534,815151,815232,81
MTE1,14538,815385,815466,81
MTE1,14542,815619,815700,81
MTE1,14546,815781,815862,81
MTE1,14550,816015,816096,81
MTE1,14554,816249,816330,81
MTE1,14558,816483,816564,81
MTE1,14562,816717,816798,81
MTE1,14566,816879,816960,81
MTE1,14570,817113,817194,81
MTE1,14574,817347,817428,81
MTE1,14578,817581,817662,81
MTE1,14584,817815,817896,81
MTE1,14590,818016,818097,81
MTE1,14596,818492,818573,81
MTE1,14602,818968,819049,81
MTE1,14608,819444,819525,81
MTE1,14612,819779,819860,81
MTE1,14616,819941,820022,81
MTE1,14620,820175,820256,81
MTE1,14624,820409,820490,81
MTE1,14628,820643,820724,81
MTE1,14632,820805,820886,81
MTE1,14636,821039,821120,81
MTE1,14640,821273,821354,81
MTE1,14646,821801,821882,81
MTE1,14652,822095,822176,81
MTE1,14658,822389,822470,81
MTE1,14664,822683,822764,81
MTE1,14670,823211,823292,81
MTE1,14674,823546,823627,81
MTE1,14678,823708,823789,81
MTE1,14682,823942,824023,81
MTE1,14686,824176,824257,81
MTE1,14690,824410,824491,81
MTE1,14694,824572,824653,81
MTE1,14698,824806,824887,81
MTE1,14702,825040,825121,81
MTE1,14708,825334,825415,81
MTE1,14714,825628,825709,81
MTE1,14720,825922,826003,81
MTE1,14726,826632,826713,81
MTE1,14732,827160,827241,81
MTE1,14736,827495,827576,81
MTE1,14740,827657,827738,81
MTE1,14744,828194,828275,81
MTE1,14748,828428,828509,81
MTE1,14752,828662,828743,81
MTE1,14756,828824,828905,81
MTE1,14760,829058,829139,81
MTE1,14764,829292,829373,81
MTE1,14770,829586,829667,81
MTE1,14774,829820,829901,81
MTE1,14778,829982,830063,81
MTE1,14782,830216,830297,81
MTE1,14786,830450,830531,81
MTE1,14790,830684,830765,81
MTE1,14794,830846,830927,81
MTE1,14798,831008,831089,81
MTE1,14802,831242,831323,81
MTE1,14806,831476,831557,81
MTE1,14810,831710,831791,81
MTE1,14814,831944,832025,81
MTE1,14818,832106,832187,81
MTE1,14822,832340,832421,81
MTE1,14826,832574,832655,81
MTE1,14830,832808,832889,81
MTE1,14834,833042,833123,81
MTE1,14838,833204,833285,81
MTE1,14842,833438,833519,81
MTE1,14846,833672,833753,81
MTE1,14850,833906,833987,81
MTE1,14854,834140,834221,81
MTE1,14858,834302,834383,81
MTE1,14862,834536,834617,81
MTE1,14866,834770,834851,81
MTE1,14872,835004,835085,81
MTE1,14878,835166,835247,81
MTE1,14884,835439,835520,81
MTE1,14890,835733,835814,81
MTE1,14896,836027,836108,81
MTE1,14900,836261,836342,81
MTE1,14904,836423,836504,81
MTE1,14908,836657,836738,81
MTE1,14912,836891,836972,81
MTE1,14916,837125,837206,81
MTE1,14920,837287,837368,81
MTE1,14924,837521,837602,81
MTE1,14928,837755,837836,81
MTE1,14934,838130,838211,81
MTE1,14940,838424,838505,81
MTE1,14946,838718,838799,81
MTE1,14952,839012,839093,81
MTE1,14958,839306,839387,81
MTE1,14962,839540,839621,81
MTE1,14966,839702,839783,81
MTE1,14970,839936,840017,81
MTE1,14974,840170,840251,81
MTE1,14978,840404,840485,81
MTE1,14982,840566,840647,81
MTE1,14986,840800,840881,81
MTE1,14990,841034,841115,81
MTE1,14996,841409,841490,81
MTE1,15002,841703,841784,81
MTE1,15008,841997,842078,81
MTE1,15014,842291,842372,81
MTE1,15020,843001,843082,81
MTE1,15024,843235,843316,81
MTE1,15028,843397,843478,81
MTE1,15032,843631,843712,81
MTE1,15036,843865,843946,81
MTE1,15040,844099,844180,81
MTE1,15044,844261,844342,81
MTE1,15048,844495,844576,81
MTE1,15052,844729,844810,81
MTE1,15058,845104,845185,81
MTE1,15062,845338,845419,81
MTE1,15066,845500,845581,81
MTE1,15070,845734,845815,81
MTE1,15074,845968,846049,81
MTE1,15080,846202,846283,81
MTE1,15086,846577,846658,81
MTE1,15092,846871,846952,81
MTE1,15098,847165,847246,81
MTE1,15104,847459,847540,81
MTE1,15108,847693,847774,81
MTE1,15112,847855,847936,81
MTE1,15116,848089,848170,81
MTE1,15120,848323,848404,81
MTE1,15126,848698,848779,81
MTE1,15132,849226,849307,81
MTE1,15138,849520,849601,81
MTE1,15144,849814,849895,81
MTE1,15150,850108,850189,81
MTE1,15154,850342,850423,81
MTE1,15158,850504,850585,81
MTE1,15162,850738,850819,81
MTE1,15166,850972,851053,81
MTE1,15172,851347,851428,81
MTE1,15178,851722,851803,81
MTE1,15184,852016,852097,81
MTE1,15190,852310,852391,81
MTE1,15196,852604,852685,81
MTE1,15200,852838,852919,81
MTE1,15204,853000,853081,81
MTE1,15208,853234,853315,81
MTE1,15212,853468,853549,81
MTE1,15218,853843,853924,81
MTE1,15224,854077,854094,17
MTE1,15230,854627,854708,81
MTE1,15236,855002,855083,81
MTE1,15242,855377,855458,81
MTE1,15248,855752,855833,81
MTE1,15254,855986,856003,17
MTE1,15260,856552,856633,81
MTE1,15266,856927,857008,81
MTE1,15272,857302,857383,81
MTE1,15278,857677,857758,81
MTE1,15284,857911,857928,17
MTE1,15290,858477,858558,81
MTE1,15296,858852,858933,81
MTE1,15302,859227,859308,81
MTE1,15308,859602,859683,81
MTE1,15314,859836,859853,17
MTE1,15319,860427,860508,81
MTE1,15323,860936,861017,81
MTE1,15327,861363,861444,81
MTE1,15331,861658,861739,81
MTE1,15335,862380,862461,81
MTE1,15339,862675,862756,81
MTE1,15343,863611,863692,81
MTE1,15347,863906,863987,81
MTE1,15351,864333,864414,81
MTE1,15355,865072,865153,81
MTE1,15359,865234,865315,81
MTE1,15363,865609,865690,81
MTE1,15367,866117,866198,81
MTE1,15371,867220,867301,81
MTE1,15375,868023,868104,81
MTE1,15379,868551,868632,81
MTE1,15383,869726,869807,81
MTE1,15387,870101,870182,81
MTE1,15391,870476,870557,81
MTE1,15395,871287,871368,81
MTE1,15399,872026,872107,81
MTE1,15403,872554,872635,81
MTE1,15407,873729,873810,81
MTE1,15411,874104,874185,81
MTE1,15415,874479,874560,81
MTE1,15419,875290,875371,81
MTE1,15423,876029,876110,81
MTE1,15427,876557,876638,81
MTE1,15431,877732,877813,81
MTE1,15435,878107,878188,81
MTE1,15439,878482,878563,81
MTE1,15443,879293,879374,81
MTE1,15447,880032,880113,81
MTE1,15451,880560,880641,81
MTE1,15455,881735,881816,81
MTE1,15459,882265,882282,17
MTE1,15463,882583,882600,17
MTE1,15467,882749,882766,17
MTE1,15471,883067,883084,17
MTE1,15475,883233,883250,17
MTE1,15479,883551,883568,17
MTE1,15483,883717,883734,17
MTE1,15487,884035,884052,17
MTE1,15491,884201,884218,17
MTE1,15495,884519,884536,17
MTE1,15499,884685,884702,17
MTE1,15503,885003,885020,17
MTE1,15507,886337,886354,17
MTE1,15511,886614,886631,17
MTE1,15515,886780,886797,17
MTE1,15519,887098,887115,17
MTE1,15523,887416,887433,17
MTE1,15527,887582,887599,17
MTE1,15531,888221,888238,17
MTE1,15535,888707,888724,17
MTE1,15539,888765,888782,17
MTE1,15543,888832,888849,17
MTE1,15547,888998,889015,17
MTE1,15551,889164,889181,17
MTE1,15555,889330,889347,17
MTE1,15559,889648,889665,17
MTE1,15563,889814,889831,17
MTE1,15567,889980,889997,17
MTE1,15571,890315,890332,17
MTE1,15575,890481,890498,17
MTE1,15579,890647,890664,17
MTE1,15583,890813,890830,17
MTE1,15587,890979,890996,17
MTE1,15591,891145,891162,17
MTE1,15595,891463,891480,17
MTE1,15599,891629,891646,17
MTE1,15603,891795,891812,17
MTE1,15607,891961,891978,17
MTE1,15611,892127,892144,17
MTE1,15615,892293,892310,17
MTE1,15619,892459,892476,17
MTE1,15623,892625,892642,17
MTE1,15627,892791,892808,17
MTE1,15631,893109,893126,17
MTE1,15635,893275,893292,17
MTE1,15639,893441,893458,17
MTE1,15643,895259,895276,17
MTE1,15647,895317,895334,17
MTE1,15651,895375,895392,17
MTE1,15655,895433,895450,17
MTE1,15659,895491,895508,17
MTE1,15663,895550,895567,17
MTE1,15667,895868,895885,17
MTE1,15671,896034,896051,17
MTE1,15675,896200,896217,17
MTE1,15679,896366,896383,17
MTE1,15683,896532,896549,17
MTE1,15687,896698,896715,17
MTE1,15691,896864,896881,17
MTE1,15695,897030,897047,17
MTE1,15699,897196,897213,17
MTE1,15703,897514,897531,17
MTE1,15707,897680,897697,17
MTE1,15711,897846,897863,17
MTE1,15715,898012,898029,17
MTE1,15719,898178,898195,17
MTE1,15723,898344,898361,17
MTE1,15727,898510,898527,17
MTE1,15731,898676,898693,17
MTE1,15735,898842,898859,17
MTE1,15739,899160,899177,17
MTE1,15745,899326,899343,17
MTE1,15749,899492,899509,17
MTE1,15753,899658,899675,17
MTE1,15757,899824,899841,17
MTE1,15761,899990,900007,17
MTE1,15765,900156,900173,17
MTE1,15769,900322,900339,17
MTE1,15773,900488,900505,17
MTE1,15777,900847,900864,17
MTE1,15781,901227,901244,17
MTE1,15785,901393,901410,17
MTE1,15789,901559,901576,17
MTE1,15793,901725,901742,17
MTE1,15797,901891,901908,17
MTE1,15801,902057,902074,17
MTE1,15805,902223,902240,17
MTE1,15809,902389,902406,17
MTE1,15815,902555,902572,17
MTE1,15819,902935,902952,17
MTE1,15823,903101,903118,17
MTE1,15827,903267,903284,17
MTE1,15831,903433,903450,17
MTE1,15835,903599,903616,17
MTE1,15839,903765,903782,17
MTE1,15843,903931,903948,17
MTE1,15847,904155,904172,17
MTE1,15853,904321,904338,17
MTE1,15857,904742,904759,17
MTE1,15861,904908,904925,17
MTE1,15865,905074,905091,17
MTE1,15869,905240,905257,17
MTE1,15873,905464,905481,17
MTE1,15877,905688,905705,17
MTE1,15881,905912,905929,17
MTE1,15885,906136,906153,17
MTE1,15891,906360,906377,17
MTE1,15895,906781,906798,17
MTE1,15899,906947,906964,17
MTE1,15903,907113,907130,17
MTE1,15907,908143,908160,17
MTE1,15911,908201,908218,17
MTE1,15915,908259,908276,17
MTE1,15919,908317,908334,17
MTE1,15923,908375,908392,17
MTE1,15929,908433,908450,17
MTE1,15933,908782,908799,17
MTE1,15937,908948,908965,17
MTE1,15941,909114,909131,17
MTE1,15945,909280,909297,17
MTE1,15949,909446,909463,17
MTE1,15953,909612,909629,17
MTE1,15957,909778,909795,17
MTE1,15961,909944,909961,17
MTE1,15967,910110,910127,17
MTE1,15971,910490,910507,17
MTE1,15975,910656,910673,17
MTE1,15979,910822,910839,17
MTE1,15983,910988,911005,17
MTE1,15987,911154,911171,17
MTE1,15991,911320,911337,17
MTE1,15995,911486,911503,17
MTE1,15999,911652,911669,17
MTE1,16005,911818,911835,17
MTE1,16009,912198,912215,17
MTE1,16013,912364,912381,17
MTE1,16017,912530,912547,17
MTE1,16021,912696,912713,17
MTE1,16025,912862,912879,17
MTE1,16029,913028,913045,17
MTE1,16033,913194,913211,17
MTE1,16037,913360,913377,17
MTE1,16043,913526,913543,17
MTE1,16047,913906,913923,17
MTE1,16051,913964,914045,81
MTE1,16055,914436,914453,17
MTE1,16059,914602,914619,17
MTE1,16063,914768,914785,17
MTE1,16067,914934,914951,17
MTE1,16071,915100,915117,17
MTE1,16075,915266,915283,17
MTE1,16079,915432,915449,17
MTE1,16083,915598,915615,17
MTE1,16087,915656,915737,81
MTE1,16091,916128,916145,17
MTE1,16095,916294,916311,17
MTE1,16099,916460,916477,17
MTE1,16103,916626,916643,17
MTE1,16107,916792,916809,17
MTE1,16111,916958,916975,17
MTE1,16115,917124,917141,17
MTE1,16119,917290,917307,17
MTE1,16123,917348,917429,81
MTE1,16127,917820,917837,17
MTE1,16131,917986,918003,17
MTE1,16135,918152,918169,17
MTE1,16139,918318,918335,17
MTE1,16143,918484,918501,17
MTE1,16147,918650,918667,17
MTE1,16151,918816,918833,17
MTE1,16155,919040,919057,17
MTE1,16159,919098,919179,81
MTE1,16163,919570,919587,17
MTE1,16167,919736,919753,17
MTE1,16171,919902,919919,17
MTE1,16175,920068,920085,17
MTE1,16179,920234,920251,17
MTE1,16183,920400,920417,17
MTE1,16187,920566,920583,17
MTE1,16191,920732,920749,17
MTE1,16195,920790,920871,81
MTE1,16199,921320,921337,17
MTE1,16203,921486,921503,17
MTE1,16207,921669,921686,17
MTE1,16211,921835,921852,17
MTE1,16215,922001,922018,17
MTE1,16219,922167,922184,17
MTE1,16223,922333,922350,17
MTE1,16227,922557,922574,17
MTE1,16231,922615,922696,81
MTE1,16235,923087,923104,17
MTE1,16239,923270,923287,17
MTE1,16243,923453,923470,17
MTE1,16247,923677,923694,17
MTE1,16251,923901,923918,17
MTE1,16255,924125,924142,17
MTE1,16259,924349,924366,17
MTE1,16263,924573,924590,17
MTE1,16267,924631,924712,81
MTE1,16271,925103,925120,17
MTE1,16275,925311,925328,17
MTE1,16279,925494,925511,17
MTE1,16283,925660,925677,17
MTE1,16287,925826,925843,17
MTE1,16291,925992,926009,17
MTE1,16295,926158,926175,17
MTE1,16299,926324,926341,17
MTE1,16303,926382,926463,81
MTE1,16307,926841,926922,81
MTE1,16311,927133,927214,81
MTE1,16315,927295,927376,81
MTE1,16319,927529,927610,81
MTE1,16323,927763,927844,81
MTE1,16327,927997,928078,81
MTE1,16331,928231,928312,81
MTE1,16335,928465,928546,81
MTE1,16339,928699,928780,81
MTE1,16343,928933,929014,81
MTE1,16347,929216,929297,81
MTE1,16351,929378,929459,81
MTE1,16355,929612,929693,81
MTE1,16359,929846,929927,81
MTE1,16363,930080,930161,81
MTE1,16367,930314,930395,81
MTE1,16371,930689,930770,81
MTE1,16375,931217,931298,81
MTE1,16379,931592,931673,81
MTE1,16383,932331,932412,81
MTE1,16387,932706,932787,81
MTE1,16391,933081,933162,81
MTE1,16395,933609,933690,81
MTE1,16399,933984,934065,81
MTE1,16403,934512,934593,81
MTE1,16407,934887,934968,81
MTE1,16411,935415,935496,81
MTE1,16415,935790,935871,81
MTE1,16419,936307,936388,81
MTE1,16423,936812,936893,81
MTE1,16427,937187,937268,81
MTE1,16431,937562,937643,81
MTE1,16435,938090,938171,81
MTE1,16439,938324,938405,81
MTE1,16443,938699,938780,81
MTE1,16447,939074,939155,81
MTE1,16451,939449,939530,81
MTE1,16455,939977,940058,81
MTE1,16459,940211,940292,81
MTE1,16463,940586,940667,81
MTE1,16467,940961,941042,81
MTE1,16471,941336,941417,81
MTE1,16475,941864,941945,81
MTE1,16479,942098,942179,81
MTE1,16483,942332,942413,81
MTE1,16487,942494,942575,81
MTE1,16491,942869,942950,81
MTE1,16495,943103,943184,81
MTE1,16499,943337,943418,81
MTE1,16503,943571,943652,81
MTE1,16507,943805,943886,81
MTE1,16511,943967,944048,81
MTE1,16515,944201,944282,81
MTE1,16519,944435,944516,81
MTE1,16523,944729,944810,81
MTE1,16527,945205,945286,81
MTE1,16531,945580,945661,81
MTE1,16535,945955,946036,81
MTE1,16539,946483,946564,81
MTE1,16543,946858,946939,81
MTE1,16547,947092,947173,81
MTE1,16551,947467,947548,81
MTE1,16555,947842,947923,81
MTE1,16559,948217,948298,81
MTE1,16563,948745,948826,81
MTE1,16567,948979,949060,81
MTE1,16571,949354,949435,81
MTE1,16575,949729,949810,81
MTE1,16579,950104,950185,81
MTE1,16583,950632,950713,81
MTE1,16587,951007,951088,81
MTE1,16591,951665,951746,81
MTE1,16595,952040,952121,81
MTE1,16599,952415,952496,81
MTE1,16603,952943,953024,81
MTE1,16607,953318,953399,81
MTE1,16611,953976,954057,81
MTE1,16615,954634,954715,81
MTE1,16619,955009,955090,81
MTE1,16623,955537,955618,81
MTE1,16627,956065,956146,81
MTE1,16631,956593,956674,81
MTE1,16635,957251,957332,81
MTE1,16639,957626,957707,81
MTE1,16643,958365,958446,81
MTE1,16647,958893,958974,81
MTE1,16651,959268,959349,81
MTE1,16655,960079,960160,81
MTE1,16659,960454,960535,81
MTE1,16663,960982,961063,81
MTE1,16667,961510,961591,81
MTE1,16671,962038,962119,81
MTE1,16675,962568,962585,17
MTE1,16679,963118,963199,81
MTE1,16683,963493,963574,81
MTE1,16687,964021,964102,81
MTE1,16691,964549,964630,81
MTE1,16695,964783,964800,17
MTE1,16699,965349,965430,81
MTE1,16703,965724,965805,81
MTE1,16707,966099,966180,81
MTE1,16711,966627,966708,81
MTE1,16715,966861,966878,17
MTE1,16719,967213,967294,81
MTE1,16723,967588,967669,81
MTE1,16727,968116,968197,81
MTE1,16731,968644,968725,81
MTE1,16735,968878,968895,17
MTE1,16740,969172,969253,81
MTE1,16744,969894,969975,81
MTE1,16748,970189,970270,81
MTE1,16752,970697,970778,81
MTE1,16756,970992,971073,81
MTE1,16760,971419,971500,81
MTE1,16764,975070,975151,81
MTE1,16768,975232,975313,81
MTE1,16772,975607,975688,81
MTE1,16776,976268,976349,81
MTE1,16780,977371,977452,81
MTE1,16784,977746,977827,81
MTE1,16788,978274,978355,81
MTE1,16792,979449,979530,81
MTE1,16796,979824,979905,81
MTE1,16800,980199,980280,81
MTE1,16804,981010,981091,81
MTE1,16808,981749,981830,81
MTE1,16812,982277,982358,81
MTE1,16816,983452,983533,81
MTE1,16820,983827,983908,81
MTE1,16824,984202,984283,81
MTE1,16828,985013,985094,81
MTE1,16832,985752,985833,81
MTE1,16836,986280,986361,81
MTE1,16840,987455,987536,81
MTE1,16844,987830,987911,81
MTE1,16848,988205,988286,81
MTE1,16852,989016,989097,81
MTE1,16856,989472,989553,81
MTE1,16860,990000,990081,81
MTE1,16864,990658,990739,81
MTE1,16868,991188,991205,17
MTE1,16872,991506,991523,17
MTE1,16876,991672,991689,17
MTE1,16880,991990,992007,17
MTE1,16884,992841,992858,17
MTE1,16888,993159,993176,17
MTE1,16892,993325,993342,17
MTE1,16896,993643,993660,17
MTE1,16900,994494,994511,17
MTE1,16904,994812,994829,17
MTE1,16908,994978,994995,17
MTE1,16912,995296,995313,17
MTE1,16916,995783,995800,17
MTE1,16920,996101,996118,17
MTE1,16924,996267,996284,17
MTE1,16928,996585,996602,17
MTE1,16932,996903,996920,17
MTE1,16936,997069,997086,17
MTE1,16940,997931,997948,17
MTE1,16944,998631,998648,17
MTE1,16948,998689,998706,17
MTE1,16952,998747,998764,17
MTE1,16956,998805,998822,17
MTE1,16960,998863,998880,17
MTE1,16964,998944,998961,17
MTE1,16968,999262,999279,17
MTE1,16972,999428,999445,17
MTE1,16976,999594,999611,17
MTE1,16980,999760,999777,17
MTE1,16984,999926,999943,17
MTE1,16988,1000092,1000109,17
MTE1,16992,1000258,1000275,17
MTE1,16996,1000424,1000441,17
MTE1,17000,1000590,1000607,17
MTE1,17004,1000908,1000925,17
MTE1,17008,1001074,1001091,17
MTE1,17012,1001240,1001257,17
MTE1,17016,1001816,1001833,17
MTE1,17020,1001893,1001910,17
MTE1,17024,1002059,1002076,17
MTE1,17028,1002225,1002242,17
MTE1,17032,1002391,1002408,17
MTE1,17036,1002557,1002574,17
MTE1,17040,1002875,1002892,17
MTE1,17044,1003041,1003058,17
MTE1,17048,1003207,1003224,17
MTE1,17052,1003373,1003390,17
MTE1,17056,1003539,1003556,17
MTE1,17060,1003705,1003722,17
MTE1,17064,1003871,1003888,17
MTE1,17068,1004037,1004054,17
MTE1,17072,1004203,1004220,17
MTE1,17076,1004521,1004538,17
MTE1,17080,1004687,1004704,17
MTE1,17084,1004853,1004870,17
MTE1,17088,1005019,1005036,17
MTE1,17092,1005185,1005202,17
MTE1,17096,1005351,1005368,17
MTE1,17100,1005517,1005534,17
MTE1,17104,1005683,1005700,17
MTE1,17108,1005849,1005866,17
MTE1,17112,1006167,1006184,17
MTE1,17116,1006333,1006350,17
MTE1,17120,1006499,1006516,17
MTE1,17124,1007138,1007155,17
MTE1,17128,1007304,1007321,17
MTE1,17132,1007470,1007487,17
MTE1,17136,1007636,1007653,17
MTE1,17140,1007802,1007819,17
MTE1,17144,1007968,1007985,17
MTE1,17148,1008286,1008303,17
MTE1,17154,1008452,1008469,17
MTE1,17158,1008618,1008635,17
MTE1,17162,1008784,1008801,17
MTE1,17166,1008950,1008967,17
MTE1,17170,1009116,1009133,17
MTE1,17174,1009282,1009299,17
MTE1,17178,1009448,1009465,17
MTE1,17182,1009614,1009631,17
MTE1,17186,1009932,1009949,17
MTE1,17190,1010312,1010329,17
MTE1,17194,1010478,1010495,17
MTE1,17198,1010644,1010661,17
MTE1,17202,1010810,1010827,17
MTE1,17206,1010976,1010993,17
MTE1,17210,1011142,1011159,17
MTE1,17214,1011308,1011325,17
MTE1,17218,1011474,1011491,17
MTE1,17224,1011640,1011657,17
MTE1,17228,1012020,1012037,17
MTE1,17232,1012186,1012203,17
MTE1,17236,1012352,1012369,17
MTE1,17240,1012518,1012535,17
MTE1,17244,1012684,1012701,17
MTE1,17248,1012850,1012867,17
MTE1,17252,1013016,1013033,17
MTE1,17256,1013182,1013199,17
MTE1,17262,1013348,1013365,17
MTE1,17266,1013728,1013745,17
MTE1,17270,1013894,1013911,17
MTE1,17274,1014060,1014077,17
MTE1,17278,1014226,1014243,17
MTE1,17282,1014392,1014409,17
MTE1,17286,1014558,1014575,17
MTE1,17290,1014724,1014741,17
MTE1,17294,1014948,1014965,17
MTE1,17300,1015114,1015131,17
MTE1,17304,1015494,1015511,17
MTE1,17308,1015660,1015677,17
MTE1,17312,1015826,1015843,17
MTE1,17316,1015884,1015901,17
MTE1,17320,1015942,1015959,17
MTE1,17324,1016000,1016017,17
MTE1,17328,1016058,1016075,17
MTE1,17332,1016116,1016133,17
MTE1,17338,1016174,1016191,17
MTE1,17342,1016429,1016446,17
MTE1,17346,1016487,1016504,17
MTE1,17350,1016529,1016546,17
MTE1,17354,1016587,1016604,17
MTE1,17358,1016645,1016662,17
MTE1,17362,1016703,1016720,17
MTE1,17366,1016761,1016778,17
MTE1,17370,1016819,1016836,17
MTE1,17376,1016877,1016894,17
MTE1,17380,1017132,1017149,17
MTE1,17384,1017190,1017207,17
MTE1,17388,1017232,1017249,17
MTE1,17392,1017290,1017307,17
MTE1,17396,1017348,1017365,17
MTE1,17400,1017406,1017423,17
MTE1,17404,1017464,1017481,17
MTE1,17408,1017522,1017539,17
MTE1,17414,1017580,1017597,17
MTE1,17418,1017835,1017852,17
MTE1,17422,1017893,1017910,17
MTE1,17426,1017935,1017952,17
MTE1,17430,1017993,1018010,17
MTE1,17434,1018051,1018068,17
MTE1,17438,1018109,1018126,17
MTE1,17442,1018167,1018184,17
MTE1,17446,1018225,1018242,17
MTE1,17452,1018283,1018300,17
MTE1,17456,1018364,1018381,17
MTE1,17460,1018422,1018503,81
MTE1,17464,1018584,1018601,17
MTE1,17468,1018626,1018643,17
MTE1,17472,1018684,1018701,17
MTE1,17476,1018742,1018759,17
MTE1,17480,1018800,1018817,17
MTE1,17484,1018858,1018875,17
MTE1,17488,1018916,1018933,17
MTE1,17492,1018974,1018991,17
MTE1,17496,1019032,1019113,81
MTE1,17500,1019266,1019283,17
MTE1,17504,1019308,1019325,17
MTE1,17508,1019366,1019383,17
MTE1,17512,1019424,1019441,17
MTE1,17516,1019482,1019499,17
MTE1,17520,1019540,1019557,17
MTE1,17524,1019598,1019615,17
MTE1,17528,1019656,1019673,17
MTE1,17532,1019714,1019795,81
MTE1,17536,1019948,1019965,17
MTE1,17540,1019990,1020007,17
MTE1,17544,1020048,1020065,17
MTE1,17548,1020106,1020123,17
MTE1,17552,1020164,1020181,17
MTE1,17556,1020222,1020239,17
MTE1,17560,1020280,1020297,17
MTE1,17564,1020338,1020355,17
MTE1,17568,1020396,1020477,81
MTE1,17572,1020630,1020647,17
MTE1,17576,1020672,1020689,17
MTE1,17580,1020730,1020747,17
MTE1,17584,1020788,1020805,17
MTE1,17588,1020846,1020863,17
MTE1,17592,1020904,1020921,17
MTE1,17596,1020962,1020979,17
MTE1,17600,1021020,1021037,17
MTE1,17604,1021078,1021159,81
MTE1,17608,1021312,1021329,17
MTE1,17612,1021354,1021371,17
MTE1,17616,1021412,1021429,17
MTE1,17620,1021470,1021487,17
MTE1,17624,1021528,1021545,17
MTE1,17628,1021586,1021603,17
MTE1,17632,1021644,1021661,17
MTE1,17636,1021702,1021719,17
MTE1,17640,1022013,1022094,81
MTE1,17644,1022247,1022264,17
MTE1,17648,1022345,1022362,17
MTE1,17652,1022403,1022420,17
MTE1,17656,1022461,1022478,17
MTE1,17660,1022519,1022536,17
MTE1,17664,1022677,1022694,17
MTE1,17668,1022843,1022860,17
MTE1,17672,1022901,1022918,17
MTE1,17676,1023212,1023293,81
MTE1,17680,1023446,1023463,17
MTE1,17684,1023544,1023561,17
MTE1,17688,1023602,1023619,17
MTE1,17692,1023660,1023677,17
MTE1,17696,1023718,1023735,17
MTE1,17700,1023776,1023793,17
MTE1,17704,1023834,1023851,17
MTE1,17708,1023892,1023909,17
MTE1,17712,1023950,1024031,81
MTE1,17716,1024184,1024265,81
MTE1,17720,1024346,1024427,81
MTE1,17724,1024508,1024589,81
MTE1,17728,1024742,1024823,81
MTE1,17732,1024976,1025057,81
MTE1,17736,1025210,1025291,81
MTE1,17740,1025444,1025525,81
MTE1,17744,1025678,1025759,81
MTE1,17748,1025912,1025993,81
MTE1,17752,1026146,1026227,81
MTE1,17756,1026380,1026461,81
MTE1,17760,1026542,1026623,81
MTE1,17764,1026776,1026857,81
MTE1,17768,1027010,1027091,81
MTE1,17772,1027385,1027466,81
MTE1,17776,1027760,1027841,81
MTE1,17780,1028135,1028216,81
MTE1,17784,1028510,1028591,81
MTE1,17788,1028885,1028966,81
MTE1,17792,1029413,1029494,81
MTE1,17796,1029788,1029869,81
MTE1,17800,1030163,1030244,81
MTE1,17804,1030538,1030619,81
MTE1,17808,1030913,1030994,81
MTE1,17812,1031288,1031369,81
MTE1,17816,1031522,1031603,81
MTE1,17820,1031897,1031978,81
MTE1,17824,1032272,1032353,81
MTE1,17828,1032647,1032728,81
MTE1,17832,1033022,1033103,81
MTE1,17836,1033397,1033478,81
MTE1,17840,1033631,1033712,81
MTE1,17844,1034006,1034087,81
MTE1,17848,1034381,1034462,81
MTE1,17852,1034756,1034837,81
MTE1,17856,1035131,1035212,81
MTE1,17860,1035365,1035446,81
MTE1,17864,1035740,1035821,81
MTE1,17868,1036115,1036196,81
MTE1,17872,1036490,1036571,81
MTE1,17876,1036865,1036946,81
MTE1,17880,1037099,1037180,81
MTE1,17884,1037474,1037555,81
MTE1,17888,1037708,1037789,81
MTE1,17892,1037942,1038023,81
MTE1,17896,1038317,1038398,81
MTE1,17900,1038692,1038773,81
MTE1,17904,1038926,1039007,81
MTE1,17908,1039160,1039241,81
MTE1,17912,1039394,1039475,81
MTE1,17916,1039769,1039850,81
MTE1,17920,1040144,1040225,81
MTE1,17924,1040519,1040600,81
MTE1,17928,1040894,1040975,81
MTE1,17932,1041269,1041350,81
MTE1,17936,1041927,1042008,81
MTE1,17940,1042302,1042383,81
MTE1,17944,1042677,1042758,81
MTE1,17948,1043052,1043133,81
MTE1,17952,1043580,1043661,81
MTE1,17956,1044238,1044319,81
MTE1,17960,1044896,1044977,81
MTE1,17964,1045271,1045352,81
MTE1,17968,1045646,1045727,81
MTE1,17972,1046021,1046102,81
MTE1,17976,1046396,1046477,81
MTE1,17980,1047054,1047135,81
MTE1,17984,1047429,1047510,81
MTE1,17988,1047804,1047885,81
MTE1,17992,1048179,1048260,81
MTE1,17996,1048554,1048635,81
MTE1,18000,1049212,1049293,81
MTE1,18004,1049587,1049668,81
MTE1,18008,1049962,1050043,81
MTE1,18012,1050337,1050418,81
MTE1,18016,1050712,1050793,81
MTE1,18020,1051370,1051451,81
MTE1,18024,1052028,1052109,81
MTE1,18028,1052403,1052484,81
MTE1,18032,1052778,1052859,81
MTE1,18036,1053153,1053234,81
MTE1,18040,1053528,1053609,81
MTE1,18044,1054186,1054267,81
MTE1,18048,1054561,1054642,81
MTE1,18052,1054936,1055017,81
MTE1,18056,1055311,1055392,81
MTE1,18060,1055686,1055767,81
MTE1,18064,1056344,1056425,81
MTE1,18068,1056719,1056800,81
MTE1,18072,1058339,1058420,81
MTE1,18076,1058867,1058948,81
MTE1,18080,1059242,1059323,81
MTE1,18084,1059772,1059789,17
MTE1,18088,1060322,1060403,81
MTE1,18092,1060697,1060778,81
MTE1,18096,1061072,1061153,81
MTE1,18100,1061600,1061681,81
MTE1,18104,1061834,1061851,17
MTE1,18108,1062400,1062481,81
MTE1,18112,1062775,1062856,81
MTE1,18116,1063150,1063231,81
MTE1,18120,1063678,1063759,81
MTE1,18124,1063912,1063929,17
MTE1,18128,1064478,1064559,81
MTE1,18132,1064853,1064934,81
MTE1,18136,1065228,1065309,81
MTE1,18140,1065756,1065837,81
MTE1,18144,1065990,1066007,17
MTE1,18149,1066581,1066662,81
MTE1,18153,1067303,1067384,81
MTE1,18157,1067811,1067892,81
MTE1,18161,1068186,1068267,81
MTE1,18165,1068694,1068775,81
MTE1,18169,1069797,1069878,81
MTE1,18173,1070091,1070172,81
MTE1,18177,1070466,1070547,81
MTE1,18181,1071641,1071722,81
MTE1,18185,1072016,1072097,81
MTE1,18189,1072391,1072472,81
MTE1,18193,1073384,1073465,81
MTE1,18197,1073678,1073759,81
MTE1,18201,1074053,1074134,81
MTE1,18205,1075228,1075309,81
MTE1,18209,1075603,1075684,81
MTE1,18213,1075978,1076059,81
MTE1,18217,1076971,1077052,81
MTE1,18221,1077265,1077346,81
MTE1,18225,1077640,1077721,81
MTE1,18229,1078815,1078896,81
MTE1,18233,1079190,1079271,81
MTE1,18237,1079565,1079646,81
MTE1,18241,1080558,1080639,81
MTE1,18245,1080852,1080933,81
MTE1,18249,1081227,1081308,81
MTE1,18253,1081885,1081966,81
MTE1,18257,1082415,1082432,17
MTE1,18261,1082733,1082750,17
MTE1,18265,1082899,1082916,17
MTE1,18269,1083217,1083234,17
MTE1,18273,1083383,1083400,17
MTE1,18277,1083701,1083718,17
MTE1,18281,1083867,1083884,17
MTE1,18285,1084185,1084202,17
MTE1,18289,1085215,1085232,17
MTE1,18293,1085294,1085311,17
MTE1,18297,1085460,1085477,17
MTE1,18301,1085778,1085795,17
MTE1,18305,1086629,1086646,17
MTE1,18309,1086947,1086964,17
MTE1,18313,1087113,1087130,17
MTE1,18317,1087431,1087448,17
MTE1,18321,1087749,1087766,17
MTE1,18325,1087915,1087932,17
MTE1,18329,1089505,1089522,17
MTE1,18333,1091383,1091400,17
MTE1,18337,1091441,1091458,17
MTE1,18341,1091499,1091516,17
MTE1,18345,1091557,1091574,17
MTE1,18349,1091615,1091632,17
MTE1,18353,1091673,1091690,17
MTE1,18357,1091731,1091748,17
MTE1,18361,1091789,1091806,17
MTE1,18365,1091831,1091848,17
MTE1,18369,1091889,1091906,17
MTE1,18373,1091947,1091964,17
MTE1,18377,1092005,1092022,17
MTE1,18381,1092063,1092080,17
MTE1,18385,1092121,1092138,17
MTE1,18389,1092179,1092196,17
MTE1,18393,1092482,1092499,17
MTE1,18397,1092648,1092665,17
MTE1,18401,1092814,1092831,17
MTE1,18405,1092980,1092997,17
MTE1,18409,1093146,1093163,17
MTE1,18413,1093312,1093329,17
MTE1,18417,1093478,1093495,17
MTE1,18421,1093644,1093661,17
MTE1,18425,1093810,1093827,17
MTE1,18429,1094128,1094145,17
MTE1,18433,1094294,1094311,17
MTE1,18437,1094460,1094477,17
MTE1,18441,1094626,1094643,17
MTE1,18445,1094792,1094809,17
MTE1,18449,1094958,1094975,17
MTE1,18453,1095124,1095141,17
MTE1,18457,1095290,1095307,17
MTE1,18461,1095456,1095473,17
MTE1,18465,1095774,1095791,17
MTE1,18469,1095940,1095957,17
MTE1,18473,1096106,1096123,17
MTE1,18477,1096330,1096347,17
MTE1,18481,1096554,1096571,17
MTE1,18485,1096778,1096795,17
MTE1,18489,1097002,1097019,17
MTE1,18493,1097226,1097243,17
MTE1,18497,1097450,1097467,17
MTE1,18501,1097768,1097785,17
MTE1,18505,1097934,1097951,17
MTE1,18509,1098100,1098117,17
MTE1,18513,1098918,1098935,17
MTE1,18517,1098976,1098993,17
MTE1,18521,1099034,1099051,17
MTE1,18525,1099092,1099109,17
MTE1,18529,1099150,1099167,17
MTE1,18533,1099208,1099225,17
MTE1,18537,1099266,1099283,17
MTE1,18543,1099324,1099341,17
MTE1,18547,1099366,1099383,17
MTE1,18551,1099424,1099441,17
MTE1,18555,1099482,1099499,17
MTE1,18559,1099540,1099557,17
MTE1,18563,1099598,1099615,17
MTE1,18567,1099656,1099673,17
MTE1,18571,1099714,1099731,17
MTE1,18575,1099772,1099789,17
MTE1,18579,1100027,1100044,17
MTE1,18583,1100069,1100086,17
MTE1,18587,1100111,1100128,17
MTE1,18591,1100169,1100186,17
MTE1,18595,1100227,1100244,17
MTE1,18599,1100285,1100302,17
MTE1,18603,1100343,1100360,17
MTE1,18607,1100401,1100418,17
MTE1,18613,1100459,1100476,17
MTE1,18617,1100517,1100534,17
MTE1,18621,1100575,1100592,17
MTE1,18625,1100617,1100634,17
MTE1,18629,1100675,1100692,17
MTE1,18633,1100733,1100750,17
MTE1,18637,1100791,1100808,17
MTE1,18641,1100849,1100866,17
MTE1,18645,1100907,1100924,17
MTE1,18651,1101071,1101088,17
MTE1,18655,1101451,1101468,17
MTE1,18659,1101617,1101634,17
MTE1,18663,1101783,1101800,17
MTE1,18667,1101949,1101966,17
MTE1,18671,1102115,1102132,17
MTE1,18675,1102281,1102298,17
MTE1,18679,1102447,1102464,17
MTE1,18683,1102613,1102630,17
MTE1,18689,1102779,1102796,17
MTE1,18693,1103159,1103176,17
MTE1,18697,1103325,1103342,17
MTE1,18701,1103491,1103508,17
MTE1,18705,1103657,1103674,17
MTE1,18709,1103823,1103840,17
MTE1,18713,1103989,1104006,17
MTE1,18717,1104155,1104172,17
MTE1,18721,1104321,1104338,17
MTE1,18727,1104487,1104504,17
MTE1,18731,1104867,1104884,17
MTE1,18735,1105033,1105050,17
MTE1,18739,1105199,1105216,17
MTE1,18743,1105365,1105382,17
MTE1,18747,1105531,1105548,17
MTE1,18751,1105697,1105714,17
MTE1,18755,1105863,1105880,17
MTE1,18759,1106029,1106046,17
MTE1,18765,1106195,1106212,17
MTE1,18769,1106575,1106592,17
MTE1,18773,1106799,1106816,17
MTE1,18777,1106965,1106982,17
MTE1,18781,1107131,1107148,17
MTE1,18785,1107297,1107314,17
MTE1,18789,1107463,1107480,17
MTE1,18793,1107629,1107646,17
MTE1,18797,1107795,1107812,17
MTE1,18803,1107961,1107978,17
MTE1,18807,1108341,1108358,17
MTE1,18811,1108507,1108524,17
MTE1,18815,1108715,1108732,17
MTE1,18819,1108773,1108790,17
MTE1,18823,1108831,1108848,17
MTE1,18827,1108889,1108906,17
MTE1,18831,1108947,1108964,17
MTE1,18835,1109005,1109022,17
MTE1,18841,1109063,1109080,17
MTE1,18845,1109202,1109219,17
MTE1,18849,1109260,1109341,81
MTE1,18853,1109422,1109439,17
MTE1,18857,1109464,1109481,17
MTE1,18861,1109522,1109539,17
MTE1,18865,1109580,1109597,17
MTE1,18869,1109638,1109655,17
MTE1,18873,1109696,1109713,17
MTE1,18877,1109754,1109771,17
MTE1,18881,1109812,1109829,17
MTE1,18885,1109870,1109951,81
MTE1,18889,1110104,1110121,17
MTE1,18893,1110146,1110163,17
MTE1,18897,1110204,1110221,17
MTE1,18901,1110262,1110279,17
MTE1,18905,1110320,1110337,17
MTE1,18909,1110378,1110395,17
MTE1,18913,1110436,1110453,17
MTE1,18917,1110494,1110511,17
MTE1,18921,1110552,1110633,81
MTE1,18925,1110786,1110803,17
MTE1,18929,1110828,1110845,17
MTE1,18933,1110886,1110903,17
MTE1,18937,1110944,1110961,17
MTE1,18941,1111002,1111019,17
MTE1,18945,1111060,1111077,17
MTE1,18949,1111118,1111135,17
MTE1,18953,1111176,1111193,17
MTE1,18957,1111234,1111315,81
MTE1,18961,1111468,1111485,17
MTE1,18965,1111510,1111527,17
MTE1,18969,1111568,1111585,17
MTE1,18973,1111626,1111643,17
MTE1,18977,1111684,1111701,17
MTE1,18981,1111742,1111759,17
MTE1,18985,1111800,1111817,17
MTE1,18989,1111858,1111875,17
MTE1,18993,1111916,1111997,81
MTE1,18997,1112150,1112167,17
MTE1,19001,1112192,1112209,17
MTE1,19005,1112250,1112267,17
MTE1,19009,1112308,1112325,17
MTE1,19013,1112366,1112383,17
MTE1,19017,1112424,1112441,17
MTE1,19021,1112482,1112499,17
MTE1,19025,1112540,1112557,17
MTE1,19029,1112834,1112915,81
MTE1,19033,1113068,1113085,17
MTE1,19037,1113166,1113183,17
MTE1,19041,1113349,1113366,17
MTE1,19045,1113515,1113532,17
MTE1,19049,1113681,1113698,17
MTE1,19053,1113847,1113864,17
MTE1,19057,1114013,1114030,17
MTE1,19061,1114179,1114196,17
MTE1,19065,1114237,1114318,81
MTE1,19069,1114471,1114488,17
MTE1,19073,1114513,1114530,17
MTE1,19077,1114571,1114588,17
MTE1,19081,1114629,1114646,17
MTE1,19085,1114687,1114704,17
MTE1,19089,1114745,1114762,17
MTE1,19093,1114803,1114820,17
MTE1,19097,1114861,1114878,17
MTE1,19101,1114919,1115000,81
MTE1,19105,1115153,1115234,81
MTE1,19109,1115315,1115396,81
MTE1,19113,1115477,1115558,81
MTE1,19117,1115711,1115792,81
MTE1,19121,1115945,1116026,81
MTE1,19125,1116179,1116260,81
MTE1,19129,1116413,1116494,81
MTE1,19133,1116647,1116728,81
MTE1,19137,1116881,1116962,81
MTE1,19141,1117115,1117196,81
MTE1,19145,1117349,1117430,81
MTE1,19149,1117511,1117592,81
MTE1,19153,1117745,1117826,81
MTE1,19157,1118120,1118201,81
MTE1,19161,1118495,1118576,81
MTE1,19165,1118870,1118951,81
MTE1,19169,1119245,1119326,81
MTE1,19173,1119620,1119701,81
MTE1,19177,1119995,1120076,81
MTE1,19181,1120370,1120451,81
MTE1,19185,1120745,1120826,81
MTE1,19189,1121120,1121201,81
MTE1,19193,1121495,1121576,81
MTE1,19197,1121870,1121951,81
MTE1,19201,1122104,1122185,81
MTE1,19205,1122479,1122560,81
MTE1,19209,1122854,1122935,81
MTE1,19213,1123229,1123310,81
MTE1,19217,1123604,1123685,81
MTE1,19221,1123979,1124060,81
MTE1,19225,1124141,1124222,81
MTE1,19229,1124516,1124597,81
MTE1,19233,1124891,1124972,81
MTE1,19237,1125266,1125347,81
MTE1,19241,1125641,1125722,81
MTE1,19245,1125803,1125884,81
MTE1,19249,1126178,1126259,81
MTE1,19253,1126553,1126634,81
MTE1,19257,1126928,1127009,81
MTE1,19261,1127303,1127384,81
MTE1,19265,1127465,1127546,81
MTE1,19269,1127840,1127921,81
MTE1,19273,1128074,1128155,81
MTE1,19277,1128308,1128389,81
MTE1,19281,1128683,1128764,81
MTE1,19285,1129058,1129139,81
MTE1,19289,1129220,1129301,81
MTE1,19293,1129595,1129676,81
MTE1,19297,1129970,1130051,81
MTE1,19301,1130345,1130426,81
MTE1,19305,1131003,1131084,81
MTE1,19309,1131378,1131459,81
MTE1,19313,1131753,1131834,81
MTE1,19317,1132128,1132209,81
MTE1,19321,1132503,1132584,81
MTE1,19325,1133161,1133242,81
MTE1,19329,1133536,1133617,81
MTE1,19333,1133911,1133992,81
MTE1,19337,1134286,1134367,81
MTE1,19341,1134661,1134742,81
MTE1,19345,1135319,1135400,81
MTE1,19349,1135977,1136058,81
MTE1,19353,1136352,1136433,81
MTE1,19357,1136727,1136808,81
MTE1,19361,1137102,1137183,81
MTE1,19365,1137477,1137558,81
MTE1,19369,1138135,1138216,81
MTE1,19373,1138510,1138591,81
MTE1,19377,1138885,1138966,81
MTE1,19381,1139260,1139341,81
MTE1,19385,1139635,1139716,81
MTE1,19389,1140293,1140374,81
MTE1,19393,1140668,1140749,81
MTE1,19397,1141043,1141124,81
MTE1,19401,1141418,1141499,81
MTE1,19405,1141793,1141874,81
MTE1,19409,1142451,1142532,81
MTE1,19413,1143109,1143190,81
MTE1,19417,1143484,1143565,81
MTE1,19421,1144951,1145032,81
MTE1,19425,1145479,1145560,81
MTE1,19429,1145854,1145935,81
MTE1,19433,1146512,1146593,81
MTE1,19437,1146887,1146968,81
MTE1,19441,1147262,1147343,81
MTE1,19445,1147790,1147871,81
MTE1,19449,1148165,1148246,81
MTE1,19453,1148823,1148904,81
MTE1,19457,1149198,1149279,81
MTE1,19461,1149573,1149654,81
MTE1,19465,1150101,1150182,81
MTE1,19469,1150476,1150557,81
MTE1,19473,1151006,1151023,17
MTE1,19477,1151556,1151637,81
MTE1,19481,1151931,1152012,81
MTE1,19485,1152306,1152387,81
MTE1,19489,1152834,1152915,81
MTE1,19493,1153068,1153085,17
MTE1,19497,1153634,1153715,81
MTE1,19501,1154009,1154090,81
MTE1,19505,1154384,1154465,81
MTE1,19509,1154912,1154993,81
MTE1,19513,1155146,1155163,17
MTE1,19517,1155712,1155793,81
MTE1,19521,1156087,1156168,81
MTE1,19525,1156462,1156543,81
MTE1,19529,1156990,1157071,81
MTE1,19533,1157224,1157241,17
MTE1,19538,1157815,1157896,81
MTE1,19542,1158473,1158554,81
MTE1,19546,1159131,1159212,81
MTE1,19550,1159789,1159870,81
MTE1,19554,1160447,1160528,81
MTE1,19558,1161105,1161186,81
MTE1,19562,1161763,1161844,81
MTE1,19566,1162421,1162502,81
MTE1,19570,1163079,1163160,81
MTE1,19574,1163609,1163626,17
MTE1,19578,1163927,1163944,17
MTE1,19582,1164093,1164110,17
MTE1,19586,1164411,1164428,17
MTE1,19590,1165262,1165279,17
MTE1,19594,1165580,1165597,17
MTE1,19598,1165746,1165763,17
MTE1,19602,1166064,1166081,17
MTE1,19606,1166551,1166568,17
MTE1,19610,1166869,1166886,17
MTE1,19614,1167035,1167052,17
MTE1,19618,1167353,1167370,17
MTE1,19622,1171355,1171372,17
MTE1,19626,1171480,1171497,17
MTE1,19630,1171646,1171663,17
MTE1,19634,1171964,1171981,17
MTE1,19638,1172282,1172299,17
MTE1,19642,1172448,1172465,17
MTE1,19646,1172614,1172631,17
MTE1,19650,1173253,1173270,17
MTE1,19654,1173419,1173436,17
MTE1,19658,1173585,1173602,17
MTE1,19662,1173751,1173768,17
MTE1,19666,1173917,1173934,17
MTE1,19670,1174083,1174100,17
MTE1,19674,1174401,1174418,17
MTE1,19678,1174567,1174584,17
MTE1,19682,1174733,1174750,17
MTE1,19686,1174899,1174916,17
MTE1,19690,1175065,1175082,17
MTE1,19694,1175231,1175248,17
MTE1,19698,1175397,1175414,17
MTE1,19702,1175563,1175580,17
MTE1,19706,1175729,1175746,17
MTE1,19710,1176047,1176064,17
MTE1,19714,1176213,1176230,17
MTE1,19718,1176379,1176396,17
MTE1,19722,1176545,1176562,17
MTE1,19726,1176711,1176728,17
MTE1,19730,1176877,1176894,17
MTE1,19734,1177043,1177060,17
MTE1,19738,1177209,1177226,17
MTE1,19742,1177375,1177392,17
MTE1,19746,1177693,1177710,17
MTE1,19750,1177859,1177876,17
MTE1,19754,1178025,1178042,17
MTE1,19758,1178191,1178208,17
MTE1,19762,1178357,1178374,17
MTE1,19766,1178523,1178540,17
MTE1,19770,1178689,1178706,17
MTE1,19774,1178855,1178872,17
MTE1,19778,1179021,1179038,17
MTE1,19782,1179339,1179356,17
MTE1,19786,1179505,1179522,17
MTE1,19790,1179671,1179688,17
MTE1,19794,1180337,1180354,17
MTE1,19798,1180462,1180479,17
MTE1,19802,1180628,1180645,17
MTE1,19806,1180794,1180811,17
MTE1,19810,1180960,1180977,17
MTE1,19814,1181126,1181143,17
MTE1,19818,1181444,1181461,17
MTE1,19822,1181610,1181627,17
MTE1,19826,1181776,1181793,17
MTE1,19830,1181834,1181851,17
MTE1,19834,1181892,1181909,17
MTE1,19838,1181950,1181967,17
MTE1,19842,1182008,1182025,17
MTE1,19846,1182066,1182083,17
MTE1,19850,1182124,1182141,17
MTE1,19854,1182182,1182199,17
MTE1,19860,1182240,1182257,17
MTE1,19864,1182282,1182299,17
MTE1,19868,1182340,1182357,17
MTE1,19872,1182398,1182415,17
MTE1,19876,1182456,1182473,17
MTE1,19880,1182514,1182531,17
MTE1,19884,1182572,1182589,17
MTE1,19888,1182630,1182647,17
MTE1,19892,1182688,1182705,17
MTE1,19896,1182746,1182763,17
MTE1,19900,1182788,1182805,17
MTE1,19904,1182830,1182847,17
MTE1,19908,1182888,1182905,17
MTE1,19912,1182946,1182963,17
MTE1,19916,1183004,1183021,17
MTE1,19920,1183062,1183079,17
MTE1,19924,1183120,1183137,17
MTE1,19930,1183178,1183195,17
MTE1,19934,1183236,1183253,17
MTE1,19938,1183294,1183311,17
MTE1,19942,1183336,1183353,17
MTE1,19946,1183394,1183411,17
MTE1,19950,1183452,1183469,17
MTE1,19954,1183510,1183527,17
MTE1,19958,1183568,1183585,17
MTE1,19962,1183626,1183643,17
MTE1,19968,1183684,1183701,17
MTE1,19972,1183742,1183759,17
MTE1,19976,1183800,1183817,17
MTE1,19980,1183842,1183859,17
MTE1,19984,1183900,1183917,17
MTE1,19988,1183958,1183975,17
MTE1,19992,1184016,1184033,17
MTE1,19996,1184074,1184091,17
MTE1,20000,1184132,1184149,17
MTE1,20006,1184190,1184207,17
MTE1,20010,1184248,1184265,17
MTE1,20014,1184306,1184323,17
MTE1,20018,1184348,1184365,17
MTE1,20022,1184406,1184423,17
MTE1,20026,1184464,1184481,17
MTE1,20030,1184522,1184539,17
MTE1,20034,1184580,1184597,17
MTE1,20038,1184638,1184655,17
MTE1,20044,1184696,1184713,17
MTE1,20048,1184754,1184771,17
MTE1,20052,1184812,1184829,17
MTE1,20056,1184854,1184871,17
MTE1,20060,1184912,1184929,17
MTE1,20064,1184970,1184987,17
MTE1,20068,1185028,1185045,17
MTE1,20072,1185086,1185103,17
MTE1,20076,1185144,1185161,17
MTE1,20082,1185202,1185219,17
MTE1,20086,1185260,1185277,17
MTE1,20090,1185318,1185335,17
MTE1,20094,1185360,1185377,17
MTE1,20098,1185418,1185435,17
MTE1,20102,1185476,1185493,17
MTE1,20106,1185534,1185551,17
MTE1,20110,1185592,1185609,17
MTE1,20114,1185650,1185667,17
MTE1,20120,1185708,1185725,17
MTE1,20124,1185766,1185783,17
MTE1,20128,1185824,1185841,17
MTE1,20132,1185866,1185883,17
MTE1,20136,1185924,1185941,17
MTE1,20140,1185982,1185999,17
MTE1,20144,1186040,1186057,17
MTE1,20148,1186098,1186115,17
MTE1,20152,1186156,1186173,17
MTE1,20158,1186214,1186231,17
MTE1,20162,1186272,1186289,17
MTE1,20166,1186330,1186411,81
MTE1,20170,1186492,1186509,17
MTE1,20174,1186534,1186551,17
MTE1,20178,1186592,1186609,17
MTE1,20182,1186650,1186667,17
MTE1,20186,1186708,1186725,17
MTE1,20190,1186766,1186783,17
MTE1,20194,1186824,1186841,17
MTE1,20198,1186882,1186899,17
MTE1,20202,1186940,1187021,81
MTE1,20206,1187174,1187191,17
MTE1,20210,1187216,1187233,17
MTE1,20214,1187274,1187291,17
MTE1,20218,1187332,1187349,17
MTE1,20222,1187390,1187407,17
MTE1,20226,1187448,1187465,17
MTE1,20230,1187506,1187523,17
MTE1,20234,1187564,1187581,17
MTE1,20238,1187622,1187703,81
MTE1,20242,1187856,1187873,17
MTE1,20246,1187898,1187915,17
MTE1,20250,1187956,1187973,17
MTE1,20254,1188014,1188031,17
MTE1,20258,1188072,1188089,17
MTE1,20262,1188130,1188147,17
MTE1,20266,1188188,1188205,17
MTE1,20270,1188246,1188263,17
MTE1,20274,1188304,1188385,81
MTE1,20278,1188538,1188555,17
MTE1,20282,1188580,1188597,17
MTE1,20286,1188638,1188655,17
MTE1,20290,1188696,1188713,17
MTE1,20294,1188754,1188771,17
MTE1,20298,1188812,1188829,17
MTE1,20302,1188870,1188887,17
MTE1,20306,1188928,1188945,17
MTE1,20310,1188986,1189067,81
MTE1,20314,1189220,1189237,17
MTE1,20318,1189262,1189279,17
MTE1,20322,1189320,1189337,17
MTE1,20326,1189378,1189395,17
MTE1,20330,1189436,1189453,17
MTE1,20334,1189494,1189511,17
MTE1,20338,1189552,1189569,17
MTE1,20342,1189610,1189627,17
MTE1,20346,1189668,1189749,81
MTE1,20350,1189902,1189919,17
MTE1,20354,1189944,1189961,17
MTE1,20358,1190002,1190019,17
MTE1,20362,1190060,1190077,17
MTE1,20366,1190118,1190135,17
MTE1,20370,1190176,1190193,17
MTE1,20374,1190234,1190251,17
MTE1,20378,1190292,1190309,17
MTE1,20382,1190350,1190431,81
MTE1,20386,1190584,1190601,17
MTE1,20390,1190626,1190643,17
MTE1,20394,1190684,1190701,17
MTE1,20398,1190742,1190759,17
MTE1,20402,1190800,1190817,17
MTE1,20406,1190858,1190875,17
MTE1,20410,1190916,1190933,17
MTE1,20414,1190974,1190991,17
MTE1,20418,1191032,1191113,81
MTE1,20422,1191266,1191347,81
MTE1,20426,1191428,1191509,81
MTE1,20430,1191590,1191671,81
MTE1,20434,1191824,1191905,81
MTE1,20438,1192058,1192139,81
MTE1,20442,1192292,1192373,81
MTE1,20446,1192526,1192607,81
MTE1,20450,1192760,1192841,81
MTE1,20454,1192994,1193075,81
MTE1,20458,1193228,1193309,81
MTE1,20462,1193462,1193543,81
MTE1,20466,1193624,1193705,81
MTE1,20470,1193999,1194080,81
MTE1,20474,1194374,1194455,81
MTE1,20478,1194749,1194830,81
MTE1,20482,1195124,1195205,81
MTE1,20486,1195499,1195580,81
MTE1,20490,1195874,1195955,81
MTE1,20494,1196249,1196330,81
MTE1,20498,1196624,1196705,81
MTE1,20502,1197080,1197161,81
MTE1,20506,1197374,1197455,81
MTE1,20510,1197668,1197749,81
MTE1,20514,1197902,1197983,81
MTE1,20518,1198277,1198358,81
MTE1,20522,1198652,1198733,81
MTE1,20526,1199027,1199108,81
MTE1,20530,1199402,1199483,81
MTE1,20534,1199777,1199858,81
MTE1,20538,1199939,1200020,81
MTE1,20542,1200314,1200395,81
MTE1,20546,1200689,1200770,81
MTE1,20550,1201064,1201145,81
MTE1,20554,1201439,1201520,81
MTE1,20558,1201673,1201754,81
MTE1,20562,1202048,1202129,81
MTE1,20566,1202423,1202504,81
MTE1,20570,1202798,1202879,81
MTE1,20574,1203173,1203254,81
MTE1,20578,1203548,1203629,81
MTE1,20582,1203923,1204004,81
MTE1,20586,1204298,1204379,81
MTE1,20590,1204673,1204754,81
MTE1,20594,1205048,1205129,81
MTE1,20598,1205706,1205787,81
MTE1,20602,1206364,1206445,81
MTE1,20606,1206739,1206820,81
MTE1,20610,1207114,1207195,81
MTE1,20614,1207489,1207570,81
MTE1,20618,1207864,1207945,81
MTE1,20622,1208522,1208603,81
MTE1,20626,1208897,1208978,81
MTE1,20630,1209272,1209353,81
MTE1,20634,1209647,1209728,81
MTE1,20638,1210022,1210103,81
MTE1,20642,1210680,1210761,81
MTE1,20646,1211055,1211136,81
MTE1,20650,1211430,1211511,81
MTE1,20654,1211805,1211886,81
MTE1,20658,1212180,1212261,81
MTE1,20662,1212838,1212919,81
MTE1,20666,1213496,1213577,81
MTE1,20670,1213871,1213952,81
MTE1,20674,1214246,1214327,81
MTE1,20678,1214621,1214702,81
MTE1,20682,1214996,1215077,81
MTE1,20686,1215654,1215735,81
MTE1,20690,1216029,1216110,81
MTE1,20694,1216404,1216485,81
MTE1,20698,1216779,1216860,81
MTE1,20702,1217154,1217235,81
MTE1,20706,1217812,1217893,81
MTE1,20710,1218187,1218268,81
MTE1,20714,1218562,1218643,81
MTE1,20718,1218937,1219018,81
MTE1,20722,1219312,1219393,81
MTE1,20726,1219970,1220051,81
MTE1,20730,1220628,1220709,81
MTE1,20734,1221003,1221084,81
MTE1,20738,1223926,1224007,81
MTE1,20742,1224454,1224535,81
MTE1,20746,1224829,1224910,81
MTE1,20750,1225487,1225568,81
MTE1,20754,1225862,1225943,81
MTE1,20758,1226237,1226318,81
MTE1,20762,1226765,1226846,81
MTE1,20766,1227140,1227221,81
MTE1,20770,1227798,1227879,81
MTE1,20774,1228173,1228254,81
MTE1,20778,1228548,1228629,81
MTE1,20782,1229076,1229157,81
MTE1,20786,1229451,1229532,81
MTE1,20790,1229981,1229998,17
MTE1,20794,1230531,1230612,81
MTE1,20798,1230906,1230987,81
MTE1,20802,1231281,1231362,81
MTE1,20806,1231809,1231890,81
MTE1,20810,1232043,1232060,17
MTE1,20814,1232609,1232690,81
MTE1,20818,1232984,1233065,81
MTE1,20822,1233359,1233440,81
MTE1,20826,1233887,1233968,81
MTE1,20830,1234121,1234138,17
MTE1,20834,1234687,1234768,81
MTE1,20838,1235062,1235143,81
MTE1,20842,1235437,1235518,81
MTE1,20846,1235965,1236046,81
MTE1,20850,1236199,1236216,17
MTE1,20855,1236790,1236871,81
MTE1,20859,1237320,1237337,17
MTE1,20863,1237638,1237655,17
MTE1,20867,1237821,1237838,17
MTE1,20871,1238139,1238156,17
MTE1,20875,1238322,1238339,17
MTE1,20879,1238640,1238657,17
MTE1,20883,1238823,1238840,17
MTE1,20887,1239141,1239158,17
MTE1,20891,1239324,1239341,17
MTE1,20895,1239642,1239659,17
MTE1,20899,1239808,1239825,17
MTE1,20903,1240126,1240143,17
MTE1,20907,1240292,1240309,17
MTE1,20911,1240610,1240627,17
MTE1,20915,1240776,1240793,17
MTE1,20919,1241094,1241111,17
MTE1,20923,1241412,1241429,17
MTE1,20927,1241595,1241612,17
MTE1,20931,1241778,1241795,17
MTE1,20935,1241961,1241978,17
MTE1,20939,1242144,1242161,17
MTE1,20943,1242327,1242344,17
MTE1,20947,1242510,1242527,17
MTE1,20951,1242693,1242710,17
MTE1,20955,1242876,1242893,17
MTE1,20959,1243194,1243211,17
MTE1,20963,1243377,1243394,17
MTE1,20967,1243560,1243577,17
MTE1,20971,1243743,1243760,17
MTE1,20975,1243926,1243943,17
MTE1,20979,1244109,1244126,17
MTE1,20983,1244292,1244309,17
MTE1,20987,1244475,1244492,17
MTE1,20991,1244658,1244675,17
MTE1,20995,1244976,1244993,17
MTE1,20999,1245159,1245176,17
MTE1,21003,1245342,1245359,17
MTE1,21007,1245525,1245542,17
MTE1,21011,1245708,1245725,17
MTE1,21015,1245891,1245908,17
MTE1,21019,1246074,1246091,17
MTE1,21023,1246257,1246274,17
MTE1,21027,1246440,1246457,17
MTE1,21031,1246758,1246775,17
MTE1,21035,1246941,1246958,17
MTE1,21039,1247124,1247141,17
MTE1,21043,1247307,1247324,17
MTE1,21047,1247490,1247507,17
MTE1,21051,1247673,1247690,17
MTE1,21055,1247856,1247873,17
MTE1,21059,1248039,1248056,17
MTE1,21063,1248222,1248239,17
MTE1,21067,1248540,1248557,17
MTE1,21071,1248723,1248740,17
MTE1,21075,1248906,1248923,17
MTE1,21079,1248964,1248981,17
MTE1,21083,1249022,1249039,17
MTE1,21087,1249080,1249097,17
MTE1,21091,1249138,1249155,17
MTE1,21095,1249196,1249213,17
MTE1,21099,1249254,1249271,17
MTE1,21103,1249312,1249329,17
MTE1,21107,1249370,1249387,17
MTE1,21111,1249412,1249429,17
MTE1,21115,1249470,1249487,17
MTE1,21119,1249528,1249545,17
MTE1,21123,1249586,1249603,17
MTE1,21127,1249644,1249661,17
MTE1,21131,1249702,1249719,17
MTE1,21135,1249760,1249777,17
MTE1,21139,1249818,1249835,17
MTE1,21145,1249876,1249893,17
MTE1,21149,1249918,1249935,17
MTE1,21153,1249976,1249993,17
MTE1,21157,1250034,1250051,17
MTE1,21161,1250092,1250109,17
MTE1,21165,1250150,1250167,17
MTE1,21169,1250208,1250225,17
MTE1,21173,1250266,1250283,17
MTE1,21177,1250324,1250341,17
MTE1,21181,1250382,1250399,17
MTE1,21185,1250424,1250441,17
MTE1,21189,1250466,1250483,17
MTE1,21193,1250524,1250541,17
MTE1,21197,1250582,1250599,17
MTE1,21201,1250640,1250657,17
MTE1,21205,1250698,1250715,17
MTE1,21209,1250756,1250773,17
MTE1,21215,1250814,1250831,17
MTE1,21219,1250872,1250889,17
MTE1,21223,1250930,1250947,17
MTE1,21227,1250972,1250989,17
MTE1,21231,1251030,1251047,17
MTE1,21235,1251088,1251105,17
MTE1,21239,1251146,1251163,17
MTE1,21243,1251204,1251221,17
MTE1,21247,1251262,1251279,17
MTE1,21253,1251320,1251337,17
MTE1,21257,1251378,1251395,17
MTE1,21261,1251436,1251453,17
MTE1,21265,1251478,1251495,17
MTE1,21269,1251536,1251553,17
MTE1,21273,1251594,1251611,17
MTE1,21277,1251652,1251669,17
MTE1,21281,1251710,1251727,17
MTE1,21285,1251768,1251785,17
MTE1,21291,1251826,1251843,17
MTE1,21295,1251884,1251901,17
MTE1,21299,1251942,1251959,17
MTE1,21303,1251984,1252001,17
MTE1,21307,1252042,1252059,17
MTE1,21311,1252100,1252117,17
MTE1,21315,1252158,1252175,17
MTE1,21319,1252216,1252233,17
MTE1,21323,1252274,1252291,17
MTE1,21329,1252332,1252349,17
MTE1,21333,1252390,1252407,17
MTE1,21337,1252448,1252465,17
MTE1,21341,1252490,1252507,17
MTE1,21345,1252548,1252565,17
MTE1,21349,1252606,1252623,17
MTE1,21353,1252664,1252681,17
MTE1,21357,1252722,1252739,17
MTE1,21361,1252780,1252797,17
MTE1,21367,1252838,1252855,17
MTE1,21371,1252896,1252913,17
MTE1,21375,1252954,1252971,17
MTE1,21379,1252996,1253013,17
MTE1,21383,1253054,1253071,17
MTE1,21387,1253112,1253129,17
MTE1,21391,1253170,1253187,17
MTE1,21395,1253228,1253245,17
MTE1,21399,1253286,1253303,17
MTE1,21405,1253344,1253361,17
MTE1,21409,1253402,1253419,17
MTE1,21413,1253460,1253477,17
MTE1,21417,1253502,1253519,17
MTE1,21421,1253560,1253577,17
MTE1,21425,1253618,1253635,17
MTE1,21429,1253676,1253693,17
MTE1,21433,1253734,1253751,17
MTE1,21437,1253792,1253809,17
MTE1,21443,1253850,1253867,17
MTE1,21447,1253908,1253925,17
MTE1,21451,1253966,1254047,81
MTE1,21455,1254128,1254145,17
MTE1,21459,1254170,1254187,17
MTE1,21463,1254228,1254245,17
MTE1,21467,1254286,1254303,17
MTE1,21471,1254344,1254361,17
MTE1,21475,1254402,1254419,17
MTE1,21479,1254460,1254477,17
MTE1,21483,1254518,1254535,17
MTE1,21487,1254576,1254657,81
MTE1,21491,1254810,1254827,17
MTE1,21495,1254852,1254869,17
MTE1,21499,1254910,1254927,17
MTE1,21503,1254968,1254985,17
MTE1,21507,1255026,1255043,17
MTE1,21511,1255084,1255101,17
MTE1,21515,1255142,1255159,17
MTE1,21519,1255200,1255217,17
MTE1,21523,1255258,1255339,81
MTE1,21527,1255492,1255509,17
MTE1,21531,1255534,1255551,17
MTE1,21535,1255592,1255609,17
MTE1,21539,1255650,1255667,17
MTE1,21543,1255708,1255725,17
MTE1,21547,1255766,1255783,17
MTE1,21551,1255824,1255841,17
MTE1,21555,1255882,1255899,17
MTE1,21559,1255940,1256021,81
MTE1,21563,1256174,1256191,17
MTE1,21567,1256216,1256233,17
MTE1,21571,1256274,1256291,17
MTE1,21575,1256332,1256349,17
MTE1,21579,1256390,1256407,17
MTE1,21583,1256448,1256465,17
MTE1,21587,1256506,1256523,17
MTE1,21591,1256564,1256581,17
MTE1,21595,1256622,1256703,81
MTE1,21599,1256856,1256873,17
MTE1,21603,1256898,1256915,17
MTE1,21607,1256956,1256973,17
MTE1,21611,1257014,1257031,17
MTE1,21615,1257072,1257089,17
MTE1,21619,1257130,1257147,17
MTE1,21623,1257188,1257205,17
MTE1,21627,1257246,1257263,17
MTE1,21631,1257304,1257385,81
MTE1,21635,1257538,1257555,17
MTE1,21639,1257580,1257597,17
MTE1,21643,1257638,1257655,17
MTE1,21647,1257696,1257713,17
MTE1,21651,1257754,1257771,17
MTE1,21655,1257812,1257829,17
MTE1,21659,1257870,1257887,17
MTE1,21663,1257928,1257945,17
MTE1,21667,1257986,1258067,81
MTE1,21671,1258220,1258237,17
MTE1,21675,1258262,1258279,17
MTE1,21679,1258320,1258337,17
MTE1,21683,1258378,1258395,17
MTE1,21687,1258436,1258453,17
MTE1,21691,1258494,1258511,17
MTE1,21695,1258552,1258569,17
MTE1,21699,1258610,1258627,17
MTE1,21703,1258668,1258749,81
MTE1,21707,1258902,1258983,81
MTE1,21711,1259064,1259145,81
MTE1,21715,1259226,1259307,81
MTE1,21719,1259460,1259541,81
MTE1,21723,1259694,1259775,81
MTE1,21727,1259928,1260009,81
MTE1,21731,1260162,1260243,81
MTE1,21735,1260396,1260477,81
MTE1,21739,1260630,1260711,81
MTE1,21743,1260864,1260945,81
MTE1,21747,1261098,1261179,81
MTE1,21751,1261260,1261341,81
MTE1,21755,1261788,1261869,81
MTE1,21759,1262316,1262397,81
MTE1,21763,1262844,1262925,81
MTE1,21767,1263372,1263453,81
MTE1,21771,1263666,1263747,81
MTE1,21775,1263960,1264041,81
MTE1,21779,1264254,1264335,81
MTE1,21783,1264488,1264569,81
MTE1,21787,1264650,1264731,81
MTE1,21791,1264884,1264965,81
MTE1,21795,1265118,1265199,81
MTE1,21799,1265412,1265493,81
MTE1,21803,1265940,1266021,81
MTE1,21807,1266234,1266315,81
MTE1,21811,1266528,1266609,81
MTE1,21815,1267056,1267137,81
MTE1,21819,1267350,1267431,81
MTE1,21823,1268008,1268089,81
MTE1,21827,1268383,1268464,81
MTE1,21831,1268758,1268839,81
MTE1,21835,1269133,1269214,81
MTE1,21839,1269508,1269589,81
MTE1,21843,1270166,1270247,81
MTE1,21847,1270541,1270622,81
MTE1,21851,1270916,1270997,81
MTE1,21855,1271291,1271372,81
MTE1,21859,1271666,1271747,81
MTE1,21863,1272324,1272405,81
MTE1,21867,1272699,1272780,81
MTE1,21871,1273074,1273155,81
MTE1,21875,1273449,1273530,81
MTE1,21879,1273824,1273905,81
MTE1,21883,1274482,1274563,81
MTE1,21887,1275140,1275221,81
MTE1,21891,1275515,1275596,81
MTE1,21895,1275890,1275971,81
MTE1,21899,1276265,1276346,81
MTE1,21903,1276640,1276721,81
MTE1,21907,1277298,1277379,81
MTE1,21911,1277673,1277754,81
MTE1,21915,1278048,1278129,81
MTE1,21919,1278423,1278504,81
MTE1,21923,1278798,1278879,81
MTE1,21927,1279456,1279537,81
MTE1,21931,1279831,1279912,81
MTE1,21935,1280206,1280287,81
MTE1,21939,1280581,1280662,81
MTE1,21943,1280956,1281037,81
MTE1,21947,1281767,1281848,81
MTE1,21951,1282425,1282506,81
MTE1,21955,1282800,1282881,81
MTE1,21959,1283175,1283256,81
MTE1,21963,1283703,1283784,81
MTE1,21967,1284078,1284159,81
MTE1,21971,1284736,1284817,81
MTE1,21975,1285111,1285192,81
MTE1,21979,1285486,1285567,81
MTE1,21983,1286014,1286095,81
MTE1,21987,1286389,1286470,81
MTE1,21991,1287047,1287128,81
MTE1,21995,1287422,1287503,81
MTE1,21999,1287797,1287878,81
MTE1,22003,1288325,1288406,81
MTE1,22007,1288700,1288781,81
MTE1,22011,1289358,1289439,81
MTE1,22015,1290016,1290097,81
MTE1,22019,1290391,1290472,81
MTE1,22023,1290766,1290847,81
MTE1,22027,1291294,1291375,81
MTE1,22031,1291669,1291750,81
MTE1,22035,1292327,1292408,81
MTE1,22039,1292702,1292783,81
MTE1,22043,1293077,1293158,81
MTE1,22047,1293605,1293686,81
MTE1,22051,1293980,1294061,81
MTE1,22055,1294638,1294719,81
MTE1,22059,1295013,1295094,81
MTE1,22063,1295388,1295469,81
MTE1,22067,1295916,1295997,81
MTE1,22071,1296291,1296372,81
MTE1,22075,1296821,1296838,17
MTE1,22079,1297371,1297452,81
MTE1,22083,1297746,1297827,81
MTE1,22087,1298121,1298202,81
MTE1,22091,1298649,1298730,81
MTE1,22095,1298883,1298900,17
MTE1,22099,1299449,1299530,81
MTE1,22103,1299824,1299905,81
MTE1,22107,1300199,1300280,81
MTE1,22111,1300727,1300808,81
MTE1,22115,1300961,1300978,17
MTE1,22119,1301527,1301608,81
MTE1,22123,1301902,1301983,81
MTE1,22127,1302277,1302358,81
MTE1,22131,1302805,1302886,81
MTE1,22135,1303039,1303056,17
MTE1,22140,1303097,1303178,81
MTE1,22144,1303259,1303340,81
MTE1,22148,1303493,1303574,81
MTE1,22152,1303727,1303808,81
MTE1,22156,1303961,1304042,81
MTE1,22160,1304195,1304276,81
MTE1,22164,1304429,1304510,81
MTE1,22168,1304663,1304744,81
MTE1,22172,1304897,1304978,81
MTE1,22176,1305059,1305140,81
MTE1,22180,1305221,1305302,81
MTE1,22184,1305455,1305536,81
MTE1,22188,1305689,1305770,81
MTE1,22192,1305923,1306004,81
MTE1,22196,1306157,1306238,81
MTE1,22200,1306391,1306472,81
MTE1,22204,1306625,1306706,81
MTE1,22208,1306859,1306940,81
MTE1,22212,1307093,1307174,81
MTE1,22216,1307255,1307336,81
MTE1,22220,1307489,1307570,81
MTE1,22224,1307723,1307804,81
MTE1,22228,1307957,1308038,81
MTE1,22232,1308191,1308272,81
MTE1,22236,1308425,1308506,81
MTE1,22240,1308659,1308740,81
MTE1,22244,1308893,1308974,81
MTE1,22248,1309127,1309208,81
MTE1,22252,1309289,1309370,81
MTE1,22256,1309523,1309604,81
MTE1,22260,1309757,1309838,81
MTE1,22264,1309991,1310072,81
MTE1,22268,1310225,1310306,81
MTE1,22272,1310459,1310540,81
MTE1,22276,1310693,1310774,81
MTE1,22280,1310927,1311008,81
MTE1,22284,1311161,1311242,81
MTE1,22288,1311323,1311404,81
MTE1,22292,1311485,1311566,81
MTE1,22296,1312013,1312094,81
MTE1,22300,1312541,1312622,81
MTE1,22304,1313069,1313150,81
MTE1,22308,1313597,1313678,81
MTE1,22312,1313891,1313972,81
MTE1,22316,1314419,1314500,81
MTE1,22320,1314947,1315028,81
MTE1,22324,1315475,1315556,81
MTE1,22328,1316003,1316084,81
MTE1,22332,1316297,1316378,81
MTE1,22336,1316591,1316672,81
MTE1,22340,1316885,1316966,81
MTE1,22344,1317179,1317260,81
MTE1,22348,1317707,1317788,81
MTE1,22352,1318001,1318082,81
MTE1,22356,1318295,1318376,81
MTE1,22360,1318589,1318670,81
MTE1,22364,1319117,1319198,81
MTE1,22368,1319411,1319492,81
MTE1,22372,1319705,1319786,81
MTE1,22376,1319999,1320080,81
MTE1,22380,1320293,1320374,81
MTE1,22384,1320587,1320668,81
MTE1,22388,1320881,1320962,81
MTE1,22392,1321175,1321256,81
MTE1,22396,1321469,1321550,81
MTE1,22400,1321763,1321844,81
MTE1,22404,1322057,1322138,81
MTE1,22408,1322351,1322432,81
MTE1,22412,1322645,1322726,81
MTE1,22416,1322939,1323020,81
MTE1,22420,1323314,1323395,81
MTE1,22424,1323689,1323770,81
MTE1,22428,1324064,1324145,81
MTE1,22432,1324439,1324520,81
MTE1,22436,1324814,1324895,81
MTE1,22440,1325189,1325270,81
MTE1,22444,1325564,1325645,81
MTE1,22448,1325939,1326020,81
MTE1,22452,1326314,1326395,81
MTE1,22456,1326689,1326770,81
MTE1,22460,1327064,1327145,81
MTE1,22464,1327439,1327520,81
MTE1,22468,1327814,1327895,81
MTE1,22472,1328189,1328270,81
MTE1,22476,1328564,1328645,81
MTE1,22480,1328939,1329020,81
MTE1,22484,1329314,1329395,81
MTE1,22488,1329689,1329770,81
MTE1,22492,1330064,1330145,81
MTE1,22496,1330439,1330520,81
MTE1,22500,1330814,1330895,81
MTE1,22504,1331189,1331270,81
MTE1,22508,1331564,1331645,81
MTE1,22512,1331939,1332020,81
MTE1,22516,1332314,1332395,81
MTE1,22520,1332689,1332770,81
MTE1,22524,1333064,1333145,81
MTE1,22528,1333439,1333520,81
MTE1,22532,1333814,1333895,81
MTE1,22536,1334189,1334270,81
MTE1,22540,1334423,1334440,17
MTE1,22544,1334973,1335054,81
MTE1,22548,1335348,1335429,81
MTE1,22552,1335723,1335804,81
MTE1,22556,1336098,1336179,81
MTE1,22560,1336332,1336349,17
MTE1,22564,1336898,1336979,81
MTE1,22568,1337273,1337354,81
MTE1,22572,1337648,1337729,81
MTE1,22576,1338023,1338104,81
MTE1,22580,1338257,1338274,17
MTE1,22584,1338823,1338904,81
MTE1,22588,1339198,1339279,81
MTE1,22592,1339432,1339513,81
MTE1,22596,1339960,1340041,81
MTE1,22600,1340194,1340211,17
MTE1,22605,1340252,1340333,81
MTE1,22609,1340414,1340495,81
MTE1,22613,1340648,1340729,81
MTE1,22617,1340882,1340963,81
MTE1,22621,1341116,1341197,81
MTE1,22625,1341278,1341359,81
MTE1,22629,1341440,1341521,81
MTE1,22633,1341674,1341755,81
MTE1,22637,1341908,1341989,81
MTE1,22641,1342142,1342223,81
MTE1,22645,1342376,1342457,81
MTE1,22649,1342538,1342619,81
MTE1,22653,1342772,1342853,81
MTE1,22657,1343006,1343087,81
MTE1,22661,1343240,1343321,81
MTE1,22665,1343474,1343555,81
MTE1,22669,1343636,1343717,81
MTE1,22673,1343870,1343951,81
MTE1,22677,1344104,1344185,81
MTE1,22681,1344338,1344419,81
MTE1,22685,1344572,1344653,81
MTE1,22689,1344734,1344815,81
MTE1,22693,1344896,1344977,81
MTE1,22697,1345130,1345211,81
MTE1,22701,1345364,1345445,81
MTE1,22705,1345598,1345679,81
MTE1,22709,1345832,1345913,81
MTE1,22713,1345994,1346075,81
MTE1,22717,1346228,1346309,81
MTE1,22721,1346462,1346543,81
MTE1,22725,1346696,1346777,81
MTE1,22729,1346930,1347011,81
MTE1,22733,1347092,1347173,81
MTE1,22737,1347326,1347407,81
MTE1,22741,1347560,1347641,81
MTE1,22745,1347794,1347875,81
MTE1,22749,1348028,1348109,81
MTE1,22753,1348190,1348271,81
MTE1,22757,1348382,1348463,81
MTE1,22761,1348910,1348991,81
MTE1,22765,1349438,1349519,81
MTE1,22769,1349966,1350047,81
MTE1,22773,1350260,1350341,81
MTE1,22777,1350554,1350635,81
MTE1,22781,1350848,1350929,81
MTE1,22785,1351376,1351457,81
MTE1,22789,1351670,1351751,81
MTE1,22793,1352198,1352279,81
MTE1,22797,1352492,1352573,81
MTE1,22801,1352786,1352867,81
MTE1,22805,1353080,1353161,81
MTE1,22809,1353374,1353455,81
MTE1,22813,1353668,1353749,81
MTE1,22817,1353962,1354043,81
MTE1,22821,1354337,1354418,81
MTE1,22825,1354712,1354793,81
MTE1,22829,1355087,1355168,81
MTE1,22833,1355462,1355543,81
MTE1,22837,1355837,1355918,81
MTE1,22841,1356212,1356293,81
MTE1,22845,1356587,1356668,81
MTE1,22849,1356962,1357043,81
MTE1,22853,1357337,1357418,81
MTE1,22857,1357712,1357793,81
MTE1,22861,1358087,1358168,81
MTE1,22865,1358462,1358543,81
MTE1,22869,1358837,1358918,81
MTE1,22873,1359212,1359293,81
MTE1,22877,1359446,1359463,17
MTE1,22881,1359996,1360077,81
MTE1,22885,1360371,1360452,81
MTE1,22889,1360746,1360827,81
MTE1,22893,1361121,1361202,81
MTE1,22897,1361355,1361372,17
MTE1,22901,1361921,1362002,81
MTE1,22905,1362296,1362377,81
MTE1,22909,1362671,1362752,81
MTE1,22913,1363046,1363127,81
MTE1,22917,1363280,1363297,17
MTE1,22921,1363846,1363927,81
MTE1,22925,1364008,1364089,81
MTE1,22929,1364242,1364323,81
MTE1,22933,1364476,1364557,81
MTE1,22937,1364710,1364727,17
MTE1,22942,1364768,1364849,81
MTE1,22946,1364930,1365011,81
MTE1,22950,1365164,1365245,81
MTE1,22954,1365398,1365479,81
MTE1,22958,1365632,1365713,81
MTE1,22962,1365794,1365875,81
MTE1,22966,1365956,1366037,81
MTE1,22970,1366190,1366271,81
MTE1,22974,1366424,1366505,81
MTE1,22978,1366658,1366739,81
MTE1,22982,1366892,1366973,81
MTE1,22986,1367054,1367135,81
MTE1,22990,1367288,1367369,81
MTE1,22994,1367522,1367603,81
MTE1,22998,1367756,1367837,81
MTE1,23002,1367990,1368071,81
MTE1,23006,1368152,1368233,81
MTE1,23010,1368386,1368467,81
MTE1,23014,1368620,1368701,81
MTE1,23018,1368854,1368935,81
MTE1,23022,1369088,1369169,81
MTE1,23026,1369250,1369331,81
MTE1,23030,1369412,1369493,81
MTE1,23034,1369646,1369727,81
MTE1,23038,1369880,1369961,81
MTE1,23042,1370114,1370195,81
MTE1,23046,1370348,1370429,81
MTE1,23050,1370510,1370591,81
MTE1,23054,1370744,1370825,81
MTE1,23058,1370978,1371059,81
MTE1,23062,1371212,1371293,81
MTE1,23066,1371446,1371527,81
MTE1,23070,1371608,1371689,81
MTE1,23074,1371842,1371923,81
MTE1,23078,1372076,1372157,81
MTE1,23082,1372310,1372391,81
MTE1,23086,1372544,1372625,81
MTE1,23090,1372706,1372787,81
MTE1,23094,1372868,1372949,81
MTE1,23098,1373102,1373183,81
MTE1,23102,1373630,1373711,81
MTE1,23106,1373924,1374005,81
MTE1,23110,1374218,1374299,81
MTE1,23114,1374512,1374593,81
MTE1,23118,1374806,1374887,81
MTE1,23122,1375100,1375181,81
MTE1,23126,1375394,1375475,81
MTE1,23130,1375688,1375769,81
MTE1,23134,1375982,1376063,81
MTE1,23138,1376276,1376357,81
MTE1,23142,1376570,1376651,81
MTE1,23146,1376864,1376945,81
MTE1,23150,1377098,1377115,17
MTE1,23154,1377324,1377405,81
MTE1,23158,1377618,1377699,81
MTE1,23162,1377912,1377993,81
MTE1,23166,1378287,1378368,81
MTE1,23170,1378521,1378538,17
MTE1,23174,1379087,1379168,81
MTE1,23178,1379462,1379543,81
MTE1,23182,1379837,1379918,81
MTE1,23186,1380212,1380293,81
MTE1,23190,1380446,1380463,17
MTE1,23194,1380504,1380585,81
MTE1,23198,1380666,1380747,81
MTE1,23202,1380900,1380981,81
MTE1,23206,1381134,1381215,81
MTE1,23210,1381368,1381385,17
MTE1,23215,1381426,1381507,81
MTE1,23219,1381588,1381669,81
MTE1,23223,1381822,1381903,81
MTE1,23227,1382056,1382137,81
MTE1,23231,1382290,1382371,81
MTE1,23235,1382452,1382533,81
MTE1,23239,1382614,1382695,81
MTE1,23243,1382848,1382929,81
MTE1,23247,1383082,1383163,81
MTE1,23251,1383316,1383397,81
MTE1,23255,1383550,1383631,81
MTE1,23259,1383712,1383793,81
MTE1,23263,1383946,1384027,81
MTE1,23267,1384180,1384261,81
MTE1,23271,1384414,1384495,81
MTE1,23275,1384648,1384729,81
MTE1,23279,1384810,1384891,81
MTE1,23283,1385044,1385125,81
MTE1,23287,1385278,1385359,81
MTE1,23291,1385512,1385593,81
MTE1,23295,1385746,1385827,81
MTE1,23299,1385908,1385989,81
MTE1,23303,1386070,1386151,81
MTE1,23307,1386304,1386385,81
MTE1,23311,1386538,1386619,81
MTE1,23315,1386772,1386853,81
MTE1,23319,1387006,1387087,81
MTE1,23323,1387168,1387249,81
MTE1,23327,1387402,1387483,81
MTE1,23331,1387636,1387717,81
MTE1,23335,1387870,1387951,81
MTE1,23339,1388104,1388185,81
MTE1,23343,1388266,1388347,81
MTE1,23347,1388500,1388581,81
MTE1,23351,1388734,1388815,81
MTE1,23355,1388968,1389049,81
MTE1,23359,1389202,1389219,17
MTE1,23363,1389244,1389325,81
MTE1,23367,1389406,1389487,81
MTE1,23371,1389934,1390015,81
MTE1,23375,1390462,1390543,81
MTE1,23379,1390696,1390713,17
MTE1,23383,1390922,1391003,81
MTE1,23387,1391216,1391297,81
MTE1,23391,1391510,1391591,81
MTE1,23395,1391744,1391825,81
MTE1,23399,1391978,1391995,17
MTE1,23403,1392036,1392117,81
MTE1,23407,1392198,1392279,81
MTE1,23411,1392432,1392513,81
MTE1,23415,1392666,1392747,81
MTE1,23419,1392900,1392917,17
MTE1,23424,1392958,1393039,81
MTE1,23428,1393120,1393201,81
MTE1,23432,1393354,1393435,81
MTE1,23436,1393588,1393669,81
MTE1,23440,1393822,1393903,81
MTE1,23444,1393984,1394065,81
MTE1,23448,1394146,1394227,81
MTE1,23452,1394380,1394461,81
MTE1,23456,1394614,1394695,81
MTE1,23460,1394848,1394929,81
MTE1,23464,1395082,1395163,81
MTE1,23468,1395244,1395325,81
MTE1,23472,1395478,1395559,81
MTE1,23476,1395712,1395793,81
MTE1,23480,1395946,1396027,81
MTE1,23484,1396180,1396261,81
MTE1,23488,1396342,1396423,81
MTE1,23492,1396576,1396657,81
MTE1,23496,1396810,1396891,81
MTE1,23500,1397044,1397125,81
MTE1,23504,1397278,1397295,17
MTE1,23508,1397320,1397401,81
MTE1,23512,1397482,1397563,81
MTE1,23516,1397716,1397797,81
MTE1,23520,1397950,1398031,81
MTE1,23524,1398184,1398201,17
MTE1,23528,1398242,1398323,81
MTE1,23532,1398404,1398485,81
MTE1,23536,1398638,1398719,81
MTE1,23540,1398872,1398953,81
MTE1,23544,1399106,1399123,17
MTE1,23548,1399164,1399245,81
MTE1,23552,1399326,1399407,81
MTE1,23556,1399560,1399641,81
MTE1,23560,1399794,1399875,81
MTE1,23564,1400028,1400045,17
MTE1,23569,1400086,1400167,81
MTE1,23573,1400248,1400329,81
MTE1,23577,1400482,1400563,81
MTE1,23581,1400716,1400797,81
MTE1,23585,1400950,1400967,17
MTE1,23589,1400992,1401073,81
MTE1,23593,1401154,1401235,81
MTE1,23597,1401388,1401469,81
MTE1,23601,1401622,1401703,81
MTE1,23605,1401856,1401873,17
MTE1,23609,1401914,1401995,81
MTE1,23613,1402076,1402157,81
MTE1,23617,1402310,1402391,81
MTE1,23621,1402544,1402625,81
MTE1,23625,1402778,1402795,17
MTE1,23629,1402836,1402917,81
MTE1,23633,1402998,1403079,81
MTE1,23637,1403232,1403313,81
MTE1,23641,1403466,1403547,81
MTE1,23645,1403700,1403717,17
MTE1,23652,1403758,1403775,17
MTE1,23658,1404163,1404180,17
MTE1,23664,1404543,1404560,17
MTE1,23670,1404923,1404940,17
MTE1,23675,1405178,1405195,17
MTE1,23679,1405442,1405459,17
MTE1,23683,1405672,1405689,17
MTE1,23687,1405886,1405903,17
MTE1,23692,1406141,1406158,17
MTE1,23696,1406405,1406422,17
MTE1,23700,1406635,1406652,17
MTE1,23704,1406849,1406866,17
MTE1,23709,1407104,1407121,17
MTE1,23713,1407368,1407385,17
MTE1,23717,1407598,1407615,17
MTE1,23721,1407812,1407829,17
MTE1,23726,1408067,1408084,17
MTE1,23730,1408331,1408348,17
MTE1,23734,1408561,1408578,17
MTE1,23738,1408775,1408792,17
MTE1,23743,1409030,1409047,17
MTE1,23747,1409294,1409311,17
MTE1,23751,1409524,1409541,17
MTE1,23755,1409738,1409755,17
MTE1,23760,1409993,1410010,17
MTE1,23764,1410257,1410274,17
MTE1,23768,1410487,1410504,17
MTE1,23772,1410701,1410718,17
MTE1,23777,1410956,1410973,17
MTE1,23781,1411220,1411237,17
MTE1,23785,1411450,1411467,17
MTE1,23789,1411664,1411681,17
MTE1,23794,1411919,1411936,17
MTE1,23798,1412183,1412200,17
MTE1,23802,1412413,1412430,17
MTE1,23806,1412471,1412488,17
MTE1,23811,1412529,1412546,17
MTE1,23815,1412571,1412588,17
MTE1,23819,1412629,1412646,17
MTE1,23823,1412687,1412704,17
MTE1,23828,1412745,1412762,17
MTE1,23832,1412787,1412804,17
MTE1,23836,1412845,1412862,17
MTE1,23840,1412903,1412920,17
MTE1,23845,1412961,1412978,17
MTE1,23849,1413003,1413020,17
MTE1,23853,1413061,1413078,17
MTE1,23857,1413119,1413136,17
MTE1,23864,1413177,1413194,17
MTE1,23870,1413310,1413327,17
MTE1,23876,1413476,1413493,17
MTE1,23882,1413642,1413659,17
MTE1,23887,1413700,1413717,17
MTE1,23891,1413742,1413759,17
MTE1,23895,1413800,1413817,17
MTE1,23899,1413858,1413875,17
MTE1,23904,1413916,1413933,17
MTE1,23908,1413958,1413975,17
MTE1,23912,1414016,1414033,17
MTE1,23916,1414074,1414091,17
MTE1,23921,1414132,1414149,17
MTE1,23925,1414174,1414191,17
MTE1,23929,1414232,1414249,17
MTE1,23933,1414290,1414307,17
MTE1,23938,1414348,1414365,17
MTE1,23942,1414390,1414407,17
MTE1,23946,1414448,1414465,17
MTE1,23950,1414506,1414523,17
MTE1,23955,1414564,1414581,17
MTE1,23959,1414606,1414623,17
MTE1,23963,1414664,1414681,17
MTE1,23967,1414722,1414739,17
MTE1,23972,1414780,1414797,17
MTE1,23976,1414822,1414839,17
MTE1,23980,1414880,1414897,17
MTE1,23984,1414938,1414955,17
MTE1,23989,1414996,1415013,17
MTE1,23993,1415038,1415055,17
MTE1,23997,1415096,1415113,17
MTE1,24001,1415154,1415171,17
MTE1,24006,1415212,1415229,17
MTE1,24010,1415254,1415271,17
MTE1,24014,1415312,1415329,17
MTE1,24018,1415370,1415387,17
MTE1,24023,1415428,1415445,17
MTE1,24027,1415478,1415495,17
MTE1,24031,1415536,1415553,17
MTE1,24035,1415594,1415611,17
MTE1,24040,1415652,1415669,17
MTE1,24044,1415694,1415711,17
MTE1,24048,1415752,1415769,17
MTE1,24052,1415810,1415827,17
MTE1,24057,1415868,1415885,17
MTE1,24061,1415910,1415927,17
MTE1,24065,1415968,1415985,17
MTE1,24069,1416026,1416043,17
MTE2,2543,0,80,80
MTE2,2557,80,160,80
MTE2,4878,160,240,80
MTE2,4886,240,320,80
MTE2,4894,320,400,80
MTE2,4902,400,480,80
MTE2,4910,480,560,80
MTE2,4918,560,640,80
MTE2,4926,640,720,80
MTE2,4940,720,800,80
MTE2,4954,800,880,80
MTE2,4962,880,960,80
MTE2,4970,960,1040,80
MTE2,4978,1040,1120,80
MTE2,4986,1120,1200,80
MTE2,4994,1200,1280,80
MTE2,5002,1280,1360,80
MTE2,5016,1360,1440,80
MTE2,5030,1440,1520,80
MTE2,5038,1520,1600,80
MTE2,5046,1600,1680,80
MTE2,5054,1680,1760,80
MTE2,5062,1760,1840,80
MTE2,5070,1840,1920,80
MTE2,5078,1920,2000,80
MTE2,5092,2000,2080,80
MTE2,5106,2080,2160,80
MTE2,5114,2160,2240,80
MTE2,5122,2240,2320,80
MTE2,5130,2320,2400,80
MTE2,5138,2400,2480,80
MTE2,5146,2480,2560,80
MTE2,5154,2560,2640,80
MTE2,5168,2640,2720,80
MTE2,5182,2720,2800,80
MTE2,5190,2800,2880,80
MTE2,5198,2880,2960,80
MTE2,5206,2960,3040,80
MTE2,5214,3040,3120,80
MTE2,5222,3120,3200,80
MTE2,5230,3200,3280,80
MTE2,5244,3280,3360,80
MTE2,5258,3360,3440,80
MTE2,5266,3440,3520,80
MTE2,5274,3520,3600,80
MTE2,5282,3600,3680,80
MTE2,5290,3680,3760,80
MTE2,5298,3760,3840,80
MTE2,5306,3840,3920,80
MTE2,5320,3920,4000,80
MTE2,5334,4000,4080,80
MTE2,5342,4080,4160,80
MTE2,5350,4160,4240,80
MTE2,5358,4240,4320,80
MTE2,5366,4320,4400,80
MTE2,5374,4400,4480,80
MTE2,5382,4480,4560,80
MTE2,5396,4560,4640,80
MTE2,5410,4640,4720,80
MTE2,5412,4720,4800,80
MTE2,5420,4800,4880,80
MTE2,5428,4880,4960,80
MTE2,5436,4960,5040,80
MTE2,5444,5040,5120,80
MTE2,5452,5120,5200,80
MTE2,5460,5200,5280,80
MTE2,5474,5280,5360,80
MTE2,5542,5360,5440,80
MTE2,5604,5440,5520,80
MTE2,5666,5520,5600,80
MTE2,5728,5600,5680,80
MTE2,5790,5680,5760,80
MTE2,5852,5760,5840,80
MTE2,5914,5840,5920,80
MTE2,57,5920,6005,85
MTE2,3585,6005,6090,85
MTE2,3617,6090,6175,85
MTE2,3649,6175,6260,85
MTE2,3681,6260,6345,85
MTE2,3713,6345,6430,85
MTE2,3745,6430,6515,85
MTE2,3777,6515,6600,85
MTE2,3809,6600,6685,85
MTE2,319,6685,6777,92
MTE2,2545,6777,6869,92
MTE2,2551,6869,6961,92
MTE2,2559,6961,7053,92
MTE2,2565,7053,7145,92
MTE2,2571,7145,7237,92
MTE2,2577,7237,7329,92
MTE2,2583,7329,7421,92
MTE2,2589,7421,7513,92
MTE2,3243,7513,7605,92
MTE2,3249,7605,7697,92
MTE2,3816,7697,7789,92
MTE2,3822,7789,7881,92
MTE2,3828,7881,7973,92
MTE2,3834,7973,8065,92
MTE2,3840,8065,8157,92
MTE2,3846,8157,8249,92
MTE2,3852,8249,8341,92
MTE2,3858,8341,8433,92
MTE2,3865,8433,8525,92
MTE2,3871,8525,8617,92
MTE2,3877,8617,8709,92
MTE2,3883,8709,8801,92
MTE2,3889,8801,8893,92
MTE2,3895,8893,8985,92
MTE2,3901,8985,9077,92
MTE2,3907,9077,9169,92
MTE2,3914,9169,9261,92
MTE2,3920,9261,9353,92
MTE2,3926,9353,9445,92
MTE2,3932,9445,9537,92
MTE2,3938,9537,9629,92
MTE2,3944,9629,9721,92
MTE2,3950,9721,9813,92
MTE2,3956,9813,9905,92
MTE2,3963,9905,9997,92
MTE2,3969,9997,10089,92
MTE2,3975,10089,10181,92
MTE2,3981,10181,10273,92
MTE2,3987,10273,10365,92
MTE2,3993,10365,10457,92
MTE2,3999,10457,10549,92
MTE2,4005,10549,10641,92
MTE2,4880,10641,10733,92
MTE2,4888,10733,10825,92
MTE2,4896,10825,10917,92
MTE2,4904,10917,11009,92
MTE2,4912,11009,11101,92
MTE2,4920,11101,11193,92
MTE2,4928,11193,11285,92
MTE2,4934,11285,11377,92
MTE2,4942,11377,11469,92
MTE2,4948,11469,11561,92
MTE2,4956,11561,11653,92
MTE2,4964,11653,11745,92
MTE2,4972,11745,11837,92
MTE2,4980,11837,11929,92
MTE2,4988,11929,12021,92
MTE2,4996,12021,12113,92
MTE2,5004,12113,12205,92
MTE2,5010,12205,12297,92
MTE2,5018,12297,12389,92
MTE2,5024,12389,12481,92
MTE2,5032,12481,12573,92
MTE2,5040,12573,12665,92
MTE2,5048,12665,12757,92
MTE2,5056,12757,12849,92
MTE2,5064,12849,12941,92
MTE2,5072,12941,13033,92
MTE2,5080,13033,13125,92
MTE2,5086,13125,13217,92
MTE2,5094,13217,13309,92
MTE2,5100,13309,13401,92
MTE2,5108,13401,13493,92
MTE2,5116,13493,13585,92
MTE2,5124,13585,13677,92
MTE2,5132,13677,13769,92
MTE2,5140,13769,13861,92
MTE2,5148,13861,13953,92
MTE2,5156,13953,14045,92
MTE2,5162,14045,14137,92
MTE2,5170,14137,14229,92
MTE2,5176,14229,14321,92
MTE2,5184,14321,14413,92
MTE2,5192,14413,14505,92
MTE2,5200,14505,14597,92
MTE2,5208,14597,14689,92
MTE2,5216,14689,14781,92
MTE2,5224,14781,14873,92
MTE2,5232,14873,14965,92
MTE2,5238,14965,15057,92
MTE2,5246,15057,15149,92
MTE2,5252,15149,15241,92
MTE2,5260,15241,15333,92
MTE2,5268,15333,15425,92
MTE2,5276,15425,15517,92
MTE2,5284,15517,15609,92
MTE2,5292,15609,15701,92
MTE2,5300,15701,15793,92
MTE2,5308,15793,15885,92
MTE2,5314,15885,15977,92
MTE2,5322,15977,16069,92
MTE2,5328,16069,16161,92
MTE2,5336,16161,16253,92
MTE2,5344,16253,16345,92
MTE2,5352,16345,16437,92
MTE2,5360,16437,16529,92
MTE2,5368,16529,16621,92
MTE2,5376,16621,16713,92
MTE2,5384,16713,16805,92
MTE2,5390,16805,16897,92
MTE2,5398,16897,16989,92
MTE2,5404,16989,17081,92
MTE2,5414,17081,17173,92
MTE2,5422,17173,17265,92
MTE2,5430,17265,17357,92
MTE2,5438,17357,17449,92
MTE2,5446,17449,17541,92
MTE2,5454,17541,17633,92
MTE2,5462,17633,17725,92
MTE2,5468,17725,17817,92
MTE2,5476,17817,17909,92
MTE2,5482,17909,18001,92
MTE2,5488,18001,18093,92
MTE2,5494,18093,18185,92
MTE2,5500,18185,18277,92
MTE2,5506,18277,18369,92
MTE2,5512,18369,18461,92
MTE2,5518,18461,18553,92
MTE2,5524,18553,18645,92
MTE2,5530,18645,18737,92
MTE2,5536,18737,18829,92
MTE2,5544,18829,18921,92
MTE2,5550,18921,19013,92
MTE2,5556,19013,19105,92
MTE2,5562,19105,19197,92
MTE2,5568,19197,19289,92
MTE2,5574,19289,19381,92
MTE2,5580,19381,19473,92
MTE2,5586,19473,19565,92
MTE2,5592,19565,19657,92
MTE2,5598,19657,19749,92
MTE2,5606,19749,19841,92
MTE2,5612,19841,19933,92
MTE2,5618,19933,20025,92
MTE2,5624,20025,20117,92
MTE2,5630,20117,20209,92
MTE2,5636,20209,20301,92
MTE2,5642,20301,20393,92
MTE2,5648,20393,20485,92
MTE2,5654,20485,20577,92
MTE2,5660,20577,20669,92
MTE2,5668,20669,20761,92
MTE2,5674,20761,20853,92
MTE2,5680,20853,20945,92
MTE2,5686,20945,21037,92
MTE2,5692,21037,21129,92
MTE2,5698,21129,21221,92
MTE2,5704,21221,21313,92
MTE2,5710,21313,21405,92
MTE2,5716,21405,21497,92
MTE2,5722,21497,21589,92
MTE2,5730,21589,21681,92
MTE2,5736,21681,21773,92
MTE2,5742,21773,21865,92
MTE2,5748,21865,21957,92
MTE2,5754,21957,22049,92
MTE2,5760,22049,22141,92
MTE2,5766,22141,22233,92
MTE2,5772,22233,22325,92
MTE2,5778,22325,22417,92
MTE2,5784,22417,22509,92
MTE2,5792,22509,22601,92
MTE2,5798,22601,22693,92
MTE2,5804,22693,22785,92
MTE2,5810,22785,22877,92
MTE2,5816,22877,22969,92
MTE2,5822,22969,23061,92
MTE2,5828,23061,23153,92
MTE2,5834,23153,23245,92
MTE2,5840,23245,23337,92
MTE2,5846,23337,23429,92
MTE2,5854,23429,23521,92
MTE2,5860,23521,23613,92
MTE2,5866,23613,23705,92
MTE2,5872,23705,23797,92
MTE2,5878,23797,23889,92
MTE2,5884,23889,23981,92
MTE2,5890,23981,24073,92
MTE2,5896,24073,24165,92
MTE2,5902,24165,24257,92
MTE2,5908,24257,24349,92
MTE2,5916,24349,24441,92
MTE2,5922,24441,24533,92
MTE2,5928,24533,24625,92
MTE2,5934,24625,24717,92
MTE2,5940,24717,24809,92
MTE2,5946,24809,24901,92
MTE2,5952,24901,24993,92
MTE2,5958,24993,25085,92
MTE2,5964,25085,25177,92
MTE2,5970,25177,25269,92
MTE2,5976,25269,25361,92
MTE2,5982,25361,25453,92
MTE2,5988,25453,25545,92
MTE2,5994,25545,25637,92
MTE2,6000,25637,25729,92
MTE2,6006,25729,25821,92
MTE2,6012,25821,25913,92
MTE2,6018,25913,26005,92
MTE2,6024,26005,26097,92
MTE2,6030,26097,26189,92
MTE2,6036,26189,26281,92
MTE2,6042,26281,26373,92
MTE2,6048,26373,26465,92
MTE2,6054,26465,26557,92
MTE2,6060,26557,26649,92
MTE2,6066,26649,26741,92
MTE2,6072,26741,26833,92
MTE2,6078,26833,26925,92
MTE2,6084,26925,27017,92
MTE2,6090,27017,27109,92
MTE2,6096,27109,27201,92
MTE2,6102,27201,27293,92
MTE2,6108,27293,27385,92
MTE2,6114,27385,27477,92
MTE2,6120,27477,27569,92
MTE2,6126,27569,27661,92
MTE2,6132,27661,27753,92
MTE2,6138,27753,27845,92
MTE2,6144,27845,27937,92
MTE2,6150,27937,28029,92
MTE2,6156,28029,28121,92
MTE2,6162,28121,28213,92
MTE2,6168,28213,28305,92
MTE2,6174,28305,28397,92
MTE2,6180,28397,28489,92
MTE2,6186,28489,28581,92
MTE2,6192,28581,28673,92
MTE2,6198,28673,28765,92
MTE2,6204,28765,28857,92
MTE2,6210,28857,28949,92
MTE2,6216,28949,29041,92
MTE2,6222,29041,29133,92
MTE2,6228,29133,29225,92
MTE2,6234,29225,29317,92
MTE2,6240,29317,29409,92
MTE2,6246,29409,29501,92
MTE2,6252,29501,29593,92
MTE2,6258,29593,29685,92
MTE2,6264,29685,29777,92
MTE2,6270,29777,29869,92
MTE2,6276,29869,29961,92
MTE2,6282,29961,30053,92
MTE2,6288,30053,30145,92
MTE2,6294,30145,30237,92
MTE2,6300,30237,30329,92
MTE2,6306,30329,30421,92
MTE2,6312,30421,30513,92
MTE2,6318,30513,30605,92
MTE2,6324,30605,30697,92
MTE2,6330,30697,30789,92
MTE2,6336,30789,30881,92
MTE2,6342,30881,30973,92
MTE2,6348,30973,31065,92
MTE2,6354,31065,31157,92
MTE2,6360,31157,31249,92
MTE2,6366,31249,31341,92
MTE2,6372,31341,31433,92
MTE2,6378,31433,31525,92
MTE2,6384,31525,31617,92
MTE2,6390,31617,31709,92
MTE2,6396,31709,31801,92
MTE2,6402,31801,31893,92
MTE2,6408,31893,31985,92
MTE2,6414,31985,32077,92
MTE2,6420,32077,32169,92
MTE2,6426,32169,32261,92
MTE2,6432,32261,32353,92
MTE2,6438,32353,32445,92
MTE2,6444,32445,32537,92
MTE2,6450,32537,32629,92
MTE2,6456,32629,32721,92
MTE2,6462,32721,32813,92
MTE2,6468,32813,32905,92
MTE2,6474,32905,32997,92
MTE2,6480,32997,33089,92
MTE2,6486,33089,33181,92
MTE2,6492,33181,33273,92
MTE2,6498,33273,33365,92
MTE2,6504,33365,33457,92
MTE2,6510,33457,33549,92
MTE2,6516,33549,33641,92
MTE2,6522,33641,33733,92
MTE2,6528,33733,33825,92
MTE2,6534,33825,33917,92
MTE2,6540,33917,34009,92
MTE2,6546,34009,34101,92
MTE2,6552,34101,34193,92
MTE2,6558,34193,34285,92
MTE2,6564,34285,34377,92
MTE2,6570,34377,34469,92
MTE2,6576,34469,34561,92
MTE2,6582,34561,34653,92
MTE2,6588,34653,34745,92
MTE2,6594,34745,34837,92
MTE2,6600,34837,34929,92
MTE2,6606,34929,35021,92
MTE2,6612,35021,35113,92
MTE2,6618,35113,35205,92
MTE2,6624,35205,35297,92
MTE2,6630,35297,35389,92
MTE2,6636,35389,35481,92
MTE2,6642,35481,35573,92
MTE2,6648,35573,35665,92
MTE2,6654,35665,35757,92
MTE2,6660,35757,35849,92
MTE2,6666,35849,35941,92
MTE2,6672,35941,36033,92
MTE2,6678,36033,36125,92
MTE2,6684,36125,36217,92
MTE2,6690,36217,36309,92
MTE2,6696,36309,36401,92
MTE2,6702,36401,36493,92
MTE2,6708,36493,36585,92
MTE2,6714,36585,36677,92
MTE2,6720,36677,36769,92
MTE2,6726,36769,36861,92
MTE2,6732,36861,36953,92
MTE2,6738,36953,37045,92
MTE2,6744,37045,37137,92
MTE2,6750,37137,37229,92
MTE2,6756,37229,37321,92
MTE2,6762,37321,37413,92
MTE2,6768,37413,37505,92
MTE2,6774,37505,37597,92
MTE2,6780,37597,37689,92
MTE2,6786,37689,37781,92
MTE2,6792,37781,37873,92
MTE2,6798,37873,37965,92
MTE2,6804,37965,38057,92
MTE2,6810,38057,38149,92
MTE2,6816,38149,38241,92
MTE2,6822,38241,38333,92
MTE2,6828,38333,38425,92
MTE2,6834,38425,38517,92
MTE2,6840,38517,38609,92
MTE2,6846,38609,38701,92
MTE2,6852,38701,38793,92
MTE2,6858,38793,38885,92
MTE2,6864,38885,38977,92
MTE2,6870,38977,39069,92
MTE2,6876,39069,39161,92
MTE2,6882,39161,39253,92
MTE2,6888,39253,39345,92
MTE2,6894,39345,39437,92
MTE2,6900,39437,39529,92
MTE2,6906,39529,39621,92
MTE2,6912,39621,39713,92
MTE2,6918,39713,39805,92
MTE2,6924,39805,39897,92
MTE2,6930,39897,39989,92
MTE2,6936,39989,40081,92
MTE2,6942,40081,40173,92
MTE2,6948,40173,40265,92
MTE2,6954,40265,40357,92
MTE2,6960,40357,40449,92
MTE2,6966,40449,40541,92
MTE2,6972,40541,40633,92
MTE2,6978,40633,40725,92
MTE2,6984,40725,40817,92
MTE2,6990,40817,40909,92
MTE2,6996,40909,41001,92
MTE2,7002,41001,41093,92
MTE2,7008,41093,41185,92
MTE2,7014,41185,41277,92
MTE2,7020,41277,41369,92
MTE2,7026,41369,41461,92
MTE2,7034,41461,41553,92
MTE2,7040,41553,41645,92
MTE2,7046,41645,41737,92
MTE2,7052,41737,41829,92
MTE2,7058,41829,41921,92
MTE2,7064,41921,42013,92
MTE2,7070,42013,42105,92
MTE2,7076,42105,42197,92
MTE2,7082,42197,42289,92
MTE2,7088,42289,42381,92
MTE2,7094,42381,42473,92
MTE2,7100,42473,42565,92
MTE2,7106,42565,42657,92
MTE2,7112,42657,42749,92
MTE2,7118,42749,42841,92
MTE2,7124,42841,42933,92
MTE2,7130,42933,43025,92
MTE2,7136,43025,43117,92
MTE2,7142,43117,43209,92
MTE2,7148,43209,43301,92
MTE2,7154,43301,43393,92
MTE2,7160,43393,43485,92
MTE2,7166,43485,43577,92
MTE2,7172,43577,43669,92
MTE2,7178,43669,43761,92
MTE2,7186,43761,43853,92
MTE2,7192,43853,43945,92
MTE2,7198,43945,44037,92
MTE2,7204,44037,44129,92
MTE2,7210,44129,44221,92
MTE2,7216,44221,44313,92
MTE2,7222,44313,44405,92
MTE2,7228,44405,44497,92
MTE2,7234,44497,44589,92
MTE2,7242,44589,44681,92
MTE2,7248,44681,44773,92
MTE2,7254,44773,44865,92
MTE2,7260,44865,44957,92
MTE2,7266,44957,45049,92
MTE2,7272,45049,45141,92
MTE2,7278,45141,45233,92
MTE2,7284,45233,45325,92
MTE2,7290,45325,45417,92
MTE2,7298,45417,45509,92
MTE2,7304,45509,45601,92
MTE2,7310,45601,45693,92
MTE2,7316,45693,45785,92
MTE2,7322,45785,45877,92
MTE2,7328,45877,45969,92
MTE2,7334,45969,46061,92
MTE2,7340,46061,46153,92
MTE2,7346,46153,46245,92
MTE2,7354,46245,46337,92
MTE2,7360,46337,46429,92
MTE2,7366,46429,46521,92
MTE2,7372,46521,46613,92
MTE2,7378,46613,46705,92
MTE2,7384,46705,46797,92
MTE2,7390,46797,46889,92
MTE2,7396,46889,46981,92
MTE2,7402,46981,47073,92
MTE2,7410,47073,47165,92
MTE2,7416,47165,47257,92
MTE2,7422,47257,47349,92
MTE2,7428,47349,47441,92
MTE2,7434,47441,47533,92
MTE2,7440,47533,47625,92
MTE2,7446,47625,47717,92
MTE2,7452,47717,47809,92
MTE2,7458,47809,47901,92
MTE2,7466,47901,47993,92
MTE2,7472,47993,48085,92
MTE2,7478,48085,48177,92
MTE2,7484,48177,48269,92
MTE2,7490,48269,48361,92
MTE2,7496,48361,48453,92
MTE2,7502,48453,48545,92
MTE2,7508,48545,48637,92
MTE2,7514,48637,48729,92
MTE2,7522,48729,48821,92
MTE2,7528,48821,48913,92
MTE2,9004,48913,49005,92
MTE2,9010,49005,49097,92
MTE2,9016,49097,49189,92
MTE2,9022,49189,49281,92
MTE2,9028,49281,49373,92
MTE2,9034,49373,49465,92
MTE2,9040,49465,49557,92
MTE2,9046,49557,49649,92
MTE2,9122,49649,49741,92
MTE2,9128,49741,49833,92
MTE2,9134,49833,49925,92
MTE2,9140,49925,50017,92
MTE2,9146,50017,50109,92
MTE2,9152,50109,50201,92
MTE2,9158,50201,50293,92
MTE2,9164,50293,50385,92
MTE2,9240,50385,50477,92
MTE2,9246,50477,50569,92
MTE2,9252,50569,50661,92
MTE2,9258,50661,50753,92
MTE2,9264,50753,50845,92
MTE2,9270,50845,50937,92
MTE2,9276,50937,51029,92
MTE2,9282,51029,51121,92
MTE2,9358,51121,51213,92
MTE2,9364,51213,51305,92
MTE2,9370,51305,51397,92
MTE2,9376,51397,51489,92
MTE2,9382,51489,51581,92
MTE2,9388,51581,51673,92
MTE2,9394,51673,51765,92
MTE2,9400,51765,51857,92
MTE2,9476,51857,51949,92
MTE2,9482,51949,52041,92
MTE2,9488,52041,52133,92
MTE2,9494,52133,52225,92
MTE2,9500,52225,52317,92
MTE2,9506,52317,52409,92
MTE2,9512,52409,52501,92
MTE2,9518,52501,52593,92
MTE2,9594,52593,52685,92
MTE2,9600,52685,52777,92
MTE2,9606,52777,52869,92
MTE2,9612,52869,52961,92
MTE2,9618,52961,53053,92
MTE2,9624,53053,53145,92
MTE2,9630,53145,53237,92
MTE2,9636,53237,53329,92
MTE2,9712,53329,53421,92
MTE2,9718,53421,53513,92
MTE2,9724,53513,53605,92
MTE2,9730,53605,53697,92
MTE2,9736,53697,53789,92
MTE2,9742,53789,53881,92
MTE2,9748,53881,53973,92
MTE2,9754,53973,54065,92
MTE2,15222,54065,54157,92
MTE2,15252,54157,54249,92
MTE2,15282,54249,54341,92
MTE2,15312,54341,54433,92
MTE2,23650,54433,54525,92
MTE2,23656,54525,54617,92
MTE2,23662,54617,54709,92
MTE2,23668,54709,54801,92
MTE2,23862,54801,54893,92
MTE2,23868,54893,54985,92
MTE2,23874,54985,55077,92
MTE2,23880,55077,55169,92
MTE2,7032,55169,55305,136
MTE2,7184,55305,55441,136
MTE2,7240,55441,55577,136
MTE2,7296,55577,55713,136
MTE2,7352,55713,55849,136
MTE2,7408,55849,55985,136
MTE2,7464,55985,56121,136
MTE2,7520,56121,56257,136
MTE2,7958,56257,56393,136
MTE2,8028,56393,56529,136
MTE2,8066,56529,56665,136
MTE2,8104,56665,56801,136
MTE2,8142,56801,56937,136
MTE2,8180,56937,57073,136
MTE2,8218,57073,57209,136
MTE2,8256,57209,57345,136
MTE2,8690,57345,57481,136
MTE2,8760,57481,57617,136
MTE2,8798,57617,57753,136
MTE2,8836,57753,57889,136
MTE2,8874,57889,58025,136
MTE2,8912,58025,58161,136
MTE2,8950,58161,58297,136
MTE2,8988,58297,58433,136
MTE2,10250,58433,58569,136
MTE2,10320,58569,58705,136
MTE2,10358,58705,58841,136
MTE2,10396,58841,58977,136
MTE2,10434,58977,59113,136
MTE2,10472,59113,59249,136
MTE2,10510,59249,59385,136
MTE2,10548,59385,59521,136
MTE2,11218,59521,59657,136
MTE2,11288,59657,59793,136
MTE2,11326,59793,59929,136
MTE2,11364,59929,60065,136
MTE2,11402,60065,60201,136
MTE2,11440,60201,60337,136
MTE2,11478,60337,60473,136
MTE2,11516,60473,60609,136
MTE2,12462,60609,60745,136
MTE2,12532,60745,60881,136
MTE2,12570,60881,61017,136
MTE2,12608,61017,61153,136
MTE2,12646,61153,61289,136
MTE2,12684,61289,61425,136
MTE2,12722,61425,61561,136
MTE2,12760,61561,61697,136
MTE2,13426,61697,61833,136
MTE2,13496,61833,61969,136
MTE2,13534,61969,62105,136
MTE2,13572,62105,62241,136
MTE2,13610,62241,62377,136
MTE2,13648,62377,62513,136
MTE2,13686,62513,62649,136
MTE2,13724,62649,62785,136
MTE2,15743,62785,62921,136
MTE2,15813,62921,63057,136
MTE2,15851,63057,63193,136
MTE2,15889,63193,63329,136
MTE2,15927,63329,63465,136
MTE2,15965,63465,63601,136
MTE2,16003,63601,63737,136
MTE2,16041,63737,63873,136
MTE2,17152,63873,64009,136
MTE2,17222,64009,64145,136
MTE2,17260,64145,64281,136
MTE2,17298,64281,64417,136
MTE2,17336,64417,64553,136
MTE2,17374,64553,64689,136
MTE2,17412,64689,64825,136
MTE2,17450,64825,64961,136
MTE2,18541,64961,65097,136
MTE2,18611,65097,65233,136
MTE2,18649,65233,65369,136
MTE2,18687,65369,65505,136
MTE2,18725,65505,65641,136
MTE2,18763,65641,65777,136
MTE2,18801,65777,65913,136
MTE2,18839,65913,66049,136
MTE2,19858,66049,66185,136
MTE2,19928,66185,66321,136
MTE2,19966,66321,66457,136
MTE2,20004,66457,66593,136
MTE2,20042,66593,66729,136
MTE2,20080,66729,66865,136
MTE2,20118,66865,67001,136
MTE2,20156,67001,67137,136
MTE2,21143,67137,67273,136
MTE2,21213,67273,67409,136
MTE2,21251,67409,67545,136
MTE2,21289,67545,67681,136
MTE2,21327,67681,67817,136
MTE2,21365,67817,67953,136
MTE2,21403,67953,68089,136
MTE2,21441,68089,68225,136
MTE2,5,68225,68368,143
MTE2,21,68368,68511,143
MTE2,51,68511,68654,143
MTE2,95,68654,68797,143
MTE2,143,68797,68995,198
MTE2,145,68995,69193,198
MTE2,193,69193,69391,198
MTE2,195,69391,69589,198
MTE2,197,69589,69787,198
MTE2,249,69787,69985,198
MTE2,251,69985,70183,198
MTE2,253,70183,70381,198
MTE2,299,70381,70579,198
MTE2,301,70579,70777,198
MTE2,303,70777,70975,198
MTE2,365,70975,71173,198
MTE2,367,71173,71371,198
MTE2,369,71371,71569,198
MTE2,415,71569,71767,198
MTE2,417,71767,71965,198
MTE2,419,71965,72163,198
MTE2,483,72163,72361,198
MTE2,485,72361,72559,198
MTE2,487,72559,72757,198
MTE2,533,72757,72955,198
MTE2,535,72955,73153,198
MTE2,537,73153,73351,198
MTE2,605,73351,73549,198
MTE2,607,73549,73747,198
MTE2,609,73747,73945,198
MTE2,655,73945,74143,198
MTE2,657,74143,74341,198
MTE2,659,74341,74539,198
MTE2,731,74539,74737,198
MTE2,733,74737,74935,198
MTE2,735,74935,75133,198
MTE2,781,75133,75331,198
MTE2,783,75331,75529,198
MTE2,785,75529,75727,198
MTE2,851,75727,75925,198
MTE2,853,75925,76123,198
MTE2,855,76123,76321,198
MTE2,901,76321,76519,198
MTE2,903,76519,76717,198
MTE2,905,76717,76915,198
MTE2,997,76915,77113,198
MTE2,999,77113,77311,198
MTE2,1001,77311,77509,198
MTE2,1047,77509,77707,198
MTE2,1049,77707,77905,198
MTE2,1051,77905,78103,198
MTE2,1117,78103,78301,198
MTE2,1119,78301,78499,198
MTE2,1121,78499,78697,198
MTE2,1167,78697,78895,198
MTE2,1169,78895,79093,198
MTE2,1171,79093,79291,198
MTE2,1241,79291,79489,198
MTE2,1243,79489,79687,198
MTE2,1245,79687,79885,198
MTE2,1291,79885,80083,198
MTE2,1293,80083,80281,198
MTE2,1295,80281,80479,198
MTE2,1361,80479,80677,198
MTE2,1363,80677,80875,198
MTE2,1365,80875,81073,198
MTE2,1411,81073,81271,198
MTE2,1413,81271,81469,198
MTE2,1415,81469,81667,198
MTE2,1533,81667,81865,198
MTE2,1535,81865,82063,198
MTE2,1537,82063,82261,198
MTE2,1583,82261,82459,198
MTE2,1585,82459,82657,198
MTE2,1587,82657,82855,198
MTE2,1653,82855,83053,198
MTE2,1655,83053,83251,198
MTE2,1657,83251,83449,198
MTE2,1703,83449,83647,198
MTE2,1705,83647,83845,198
MTE2,1707,83845,84043,198
MTE2,1777,84043,84241,198
MTE2,1779,84241,84439,198
MTE2,1781,84439,84637,198
MTE2,1827,84637,84835,198
MTE2,1829,84835,85033,198
MTE2,1831,85033,85231,198
MTE2,1897,85231,85429,198
MTE2,1899,85429,85627,198
MTE2,1901,85627,85825,198
MTE2,1947,85825,86023,198
MTE2,1949,86023,86221,198
MTE2,1951,86221,86419,198
MTE2,2037,86419,86617,198
MTE2,2039,86617,86815,198
MTE2,2041,86815,87013,198
MTE2,2087,87013,87211,198
MTE2,2089,87211,87409,198
MTE2,2091,87409,87607,198
MTE2,2157,87607,87805,198
MTE2,2159,87805,88003,198
MTE2,2161,88003,88201,198
MTE2,2207,88201,88399,198
MTE2,2209,88399,88597,198
MTE2,2211,88597,88795,198
MTE2,2281,88795,88993,198
MTE2,2283,88993,89191,198
MTE2,2285,89191,89389,198
MTE2,2331,89389,89587,198
MTE2,2333,89587,89785,198
MTE2,2335,89785,89983,198
MTE2,2401,89983,90181,198
MTE2,2403,90181,90379,198
MTE2,2405,90379,90577,198
MTE2,2451,90577,90775,198
MTE2,2453,90775,90973,198
MTE2,2455,90973,91171,198
MTE2,2649,91171,91369,198
MTE2,2651,91369,91567,198
MTE2,2653,91567,91765,198
MTE2,2699,91765,91963,198
MTE2,2701,91963,92161,198
MTE2,2703,92161,92359,198
MTE2,2769,92359,92557,198
MTE2,2771,92557,92755,198
MTE2,2773,92755,92953,198
MTE2,2819,92953,93151,198
MTE2,2821,93151,93349,198
MTE2,2823,93349,93547,198
MTE2,2893,93547,93745,198
MTE2,2895,93745,93943,198
MTE2,2897,93943,94141,198
MTE2,2943,94141,94339,198
MTE2,2945,94339,94537,198
MTE2,2947,94537,94735,198
MTE2,3013,94735,94933,198
MTE2,3015,94933,95131,198
MTE2,3017,95131,95329,198
MTE2,3039,95329,95527,198
MTE2,3041,95527,95725,198
MTE2,3043,95725,95923,198
MTE2,3097,95923,96121,198
MTE2,3099,96121,96319,198
MTE2,3101,96319,96517,198
MTE2,3111,96517,96715,198
MTE2,3113,96715,96913,198
MTE2,137,96913,97127,214
MTE2,147,97127,97341,214
MTE2,203,97341,97555,214
MTE2,313,97555,97769,214
MTE2,437,97769,97983,214
MTE2,559,97983,98197,214
MTE2,685,98197,98411,214
MTE2,935,98411,98625,214
MTE2,941,98625,98839,214
MTE2,951,98839,99053,214
MTE2,1461,99053,99267,214
MTE2,1467,99267,99481,214
MTE2,1473,99481,99695,214
MTE2,1487,99695,99909,214
MTE2,2525,99909,100123,214
MTE2,2531,100123,100337,214
MTE2,2537,100337,100551,214
MTE2,2603,100551,100765,214
MTE2,3231,100765,100979,214
MTE2,3237,100979,101193,214
MTE2,3255,101193,101407,214
MTE2,3269,101407,101621,214
MTE2,3299,101621,101835,214
MTE2,3305,101835,102049,214
MTE2,3311,102049,102263,214
MTE2,3325,102263,102477,214
MTE2,3355,102477,102691,214
MTE2,3361,102691,102905,214
MTE2,3367,102905,103119,214
MTE2,3381,103119,103333,214
MTE2,3411,103333,103547,214
MTE2,3417,103547,103761,214
MTE2,3423,103761,103975,214
MTE2,3437,103975,104189,214
MTE2,3467,104189,104403,214
MTE2,3473,104403,104617,214
MTE2,3479,104617,104831,214
MTE2,3493,104831,105045,214
MTE2,3523,105045,105259,214
MTE2,3529,105259,105473,214
MTE2,3535,105473,105687,214
MTE2,3549,105687,105901,214
MTE2,3591,105901,106115,214
MTE2,3597,106115,106329,214
MTE2,3623,106329,106543,214
MTE2,3629,106543,106757,214
MTE2,3655,106757,106971,214
MTE2,3661,106971,107185,214
MTE2,3687,107185,107399,214
MTE2,3693,107399,107613,214
MTE2,3719,107613,107827,214
MTE2,3725,107827,108041,214
MTE2,3751,108041,108255,214
MTE2,3757,108255,108469,214
MTE2,3783,108469,108683,214
MTE2,3789,108683,108897,214
MTE2,4012,108897,109111,214
MTE2,4018,109111,109325,214
MTE2,4032,109325,109539,214
MTE2,4038,109539,109753,214
MTE2,4044,109753,109967,214
MTE2,4058,109967,110181,214
MTE2,4099,110181,110395,214
MTE2,4105,110395,110609,214
MTE2,4130,110609,110823,214
MTE2,4144,110823,111037,214
MTE2,4166,111037,111251,214
MTE2,4196,111251,111465,214
MTE2,4234,111465,111679,214
MTE2,4240,111679,111893,214
MTE2,4254,111893,112107,214
MTE2,4356,112107,112321,214
MTE2,4362,112321,112535,214
MTE2,4368,112535,112749,214
MTE2,4390,112749,112963,214
MTE2,4396,112963,113177,214
MTE2,4402,113177,113391,214
MTE2,4424,113391,113605,214
MTE2,4430,113605,113819,214
MTE2,4436,113819,114033,214
MTE2,4458,114033,114247,214
MTE2,4464,114247,114461,214
MTE2,4470,114461,114675,214
MTE2,4492,114675,114889,214
MTE2,4498,114889,115103,214
MTE2,4504,115103,115317,214
MTE2,4526,115317,115531,214
MTE2,4532,115531,115745,214
MTE2,4538,115745,115959,214
MTE2,4560,115959,116173,214
MTE2,4566,116173,116387,214
MTE2,4572,116387,116601,214
MTE2,4594,116601,116815,214
MTE2,4872,116815,117029,214
MTE2,8998,117029,117243,214
MTE2,9116,117243,117457,214
MTE2,9234,117457,117671,214
MTE2,9352,117671,117885,214
MTE2,9470,117885,118099,214
MTE2,9588,118099,118313,214
MTE2,9706,118313,118527,214
MTE2,9824,118527,118741,214
MTE2,11782,118741,118955,214
MTE2,11788,118955,119169,214
MTE2,11794,119169,119383,214
MTE2,11800,119383,119597,214
MTE2,11806,119597,119811,214
MTE2,11812,119811,120025,214
MTE2,11818,120025,120239,214
MTE2,11824,120239,120453,214
MTE2,11830,120453,120667,214
MTE2,11900,120667,120881,214
MTE2,11906,120881,121095,214
MTE2,11912,121095,121309,214
MTE2,11918,121309,121523,214
MTE2,11924,121523,121737,214
MTE2,11930,121737,121951,214
MTE2,11936,121951,122165,214
MTE2,11942,122165,122379,214
MTE2,11948,122379,122593,214
MTE2,12018,122593,122807,214
MTE2,12024,122807,123021,214
MTE2,12030,123021,123235,214
MTE2,12036,123235,123449,214
MTE2,12042,123449,123663,214
MTE2,12048,123663,123877,214
MTE2,12054,123877,124091,214
MTE2,12060,124091,124305,214
MTE2,12066,124305,124519,214
MTE2,12136,124519,124733,214
MTE2,14102,124733,124947,214
MTE2,14108,124947,125161,214
MTE2,14114,125161,125375,214
MTE2,14120,125375,125589,214
MTE2,14126,125589,125803,214
MTE2,14164,125803,126017,214
MTE2,14170,126017,126231,214
MTE2,14176,126231,126445,214
MTE2,14182,126445,126659,214
MTE2,14188,126659,126873,214
MTE2,14226,126873,127087,214
MTE2,14232,127087,127301,214
MTE2,14238,127301,127515,214
MTE2,14244,127515,127729,214
MTE2,14250,127729,127943,214
MTE2,14288,127943,128157,214
MTE2,14582,128157,128371,214
MTE2,14588,128371,128585,214
MTE2,14594,128585,128799,214
MTE2,14600,128799,129013,214
MTE2,14606,129013,129227,214
MTE2,14644,129227,129441,214
MTE2,14650,129441,129655,214
MTE2,14656,129655,129869,214
MTE2,14662,129869,130083,214
MTE2,14668,130083,130297,214
MTE2,14706,130297,130511,214
MTE2,14712,130511,130725,214
MTE2,14718,130725,130939,214
MTE2,14724,130939,131153,214
MTE2,14730,131153,131367,214
MTE2,14768,131367,131581,214
MTE2,14870,131581,131795,214
MTE2,14876,131795,132009,214
MTE2,14882,132009,132223,214
MTE2,14888,132223,132437,214
MTE2,14894,132437,132651,214
MTE2,14932,132651,132865,214
MTE2,14938,132865,133079,214
MTE2,14944,133079,133293,214
MTE2,14950,133293,133507,214
MTE2,14956,133507,133721,214
MTE2,14994,133721,133935,214
MTE2,15000,133935,134149,214
MTE2,15006,134149,134363,214
MTE2,15012,134363,134577,214
MTE2,15018,134577,134791,214
MTE2,15056,134791,135005,214
MTE2,15078,135005,135219,214
MTE2,15084,135219,135433,214
MTE2,15090,135433,135647,214
MTE2,15096,135647,135861,214
MTE2,15102,135861,136075,214
MTE2,15124,136075,136289,214
MTE2,15130,136289,136503,214
MTE2,15136,136503,136717,214
MTE2,15142,136717,136931,214
MTE2,15148,136931,137145,214
MTE2,15170,137145,137359,214
MTE2,15176,137359,137573,214
MTE2,15182,137573,137787,214
MTE2,15188,137787,138001,214
MTE2,15194,138001,138215,214
MTE2,15216,138215,138429,214
MTE2,15228,138429,138643,214
MTE2,15234,138643,138857,214
MTE2,15240,138857,139071,214
MTE2,15246,139071,139285,214
MTE2,15258,139285,139499,214
MTE2,15264,139499,139713,214
MTE2,15270,139713,139927,214
MTE2,15276,139927,140141,214
MTE2,15288,140141,140355,214
MTE2,15294,140355,140569,214
MTE2,15300,140569,140783,214
MTE2,15306,140783,140997,214
MTE2,3579,140997,141258,261
MTE2,3611,141258,141519,261
MTE2,3643,141519,141780,261
MTE2,3675,141780,142041,261
MTE2,3707,142041,142302,261
MTE2,3739,142302,142563,261
MTE2,3771,142563,142824,261
MTE2,3803,142824,143085,261
MTE2,1,143085,143666,581
MTE2,3,143666,144247,581
MTE2,11,144384,144965,581
MTE2,13,144965,145546,581
MTE2,15,145546,146127,581
MTE2,27,146264,146845,581
MTE2,29,146845,147426,581
MTE2,31,147426,148007,581
MTE2,37,148144,148725,581
MTE2,39,148725,149306,581
MTE2,41,149306,149887,581
MTE2,63,150024,150605,581
MTE2,65,150605,151186,581
MTE2,67,151186,151767,581
MTE2,73,151904,152485,581
MTE2,75,152485,153066,581
MTE2,77,153066,153647,581
MTE2,101,153784,154365,581
MTE2,103,154365,154946,581
MTE2,105,154946,155527,581
MTE2,111,155664,156245,581
MTE2,113,156245,156826,581
MTE2,115,156826,157407,581
MTE2,153,157544,158125,581
MTE2,155,158436,159017,581
MTE2,157,159017,159598,581
MTE2,163,159735,160316,581
MTE2,165,160316,160897,581
MTE2,167,160897,161478,581
MTE2,209,162507,163088,581
MTE2,211,163088,163669,581
MTE2,213,163669,164250,581
MTE2,219,164387,164968,581
MTE2,221,164968,165549,581
MTE2,223,165549,166130,581
MTE2,259,166997,167578,581
MTE2,261,167578,168159,581
MTE2,263,168159,168740,581
MTE2,269,168877,169458,581
MTE2,271,169458,170039,581
MTE2,273,170039,170620,581
MTE2,325,172063,172644,581
MTE2,327,172644,173225,581
MTE2,329,173225,173806,581
MTE2,335,173943,174524,581
MTE2,337,174524,175105,581
MTE2,339,175105,175686,581
MTE2,375,175823,176404,581
MTE2,377,176404,176985,581
MTE2,379,176985,177566,581
MTE2,385,177703,178284,581
MTE2,387,178284,178865,581
MTE2,389,178865,179446,581
MTE2,443,180033,180614,581
MTE2,445,180889,181470,581
MTE2,447,181470,182051,581
MTE2,453,182188,182769,581
MTE2,455,182769,183350,581
MTE2,457,183350,183931,581
MTE2,493,184068,184649,581
MTE2,495,184649,185230,581
MTE2,497,185230,185811,581
MTE2,503,185948,186529,581
MTE2,505,186529,187110,581
MTE2,507,187110,187691,581
MTE2,565,188720,189301,581
MTE2,567,189301,189882,581
MTE2,569,189882,190463,581
MTE2,575,190600,191181,581
MTE2,577,191181,191762,581
MTE2,579,191762,192343,581
MTE2,38143,193210,193488,278
MTE2,38145,193488,193766,278
MTE2,615,193847,194428,581
MTE2,617,194428,195009,581
MTE2,619,195009,195590,581
MTE2,625,195727,196308,581
MTE2,627,196308,196889,581
MTE2,629,196889,197470,581
MTE2,38137,198337,198615,278
MTE2,38139,198615,198893,278
MTE2,38141,198893,199171,278
MTE2,38135,199252,199546,294
MTE2,691,199546,200127,581
MTE2,693,200127,200708,581
MTE2,695,200708,201289,581
MTE2,701,201426,202007,581
MTE2,703,202007,202588,581
MTE2,705,202588,203169,581
MTE2,38129,204036,204314,278
MTE2,38131,204314,204592,278
MTE2,38133,204592,204870,278
MTE2,741,204870,205451,581
MTE2,743,205451,206032,581
MTE2,745,206032,206613,581
MTE2,751,206750,207331,581
MTE2,753,207331,207912,581
MTE2,755,207912,208493,581
MTE2,38123,209360,209638,278
MTE2,38125,209638,209916,278
MTE2,38127,209916,210194,278
MTE2,811,210275,210856,581
MTE2,813,210856,211437,581
MTE2,815,211437,212018,581
MTE2,821,212155,212736,581
MTE2,823,212736,213317,581
MTE2,825,213317,213898,581
MTE2,38117,214765,215043,278
MTE2,38119,215043,215321,278
MTE2,38121,215321,215599,278
MTE2,861,215599,216180,581
MTE2,863,216180,216761,581
MTE2,865,216761,217342,581
MTE2,871,217479,218060,581
MTE2,873,218060,218641,581
MTE2,875,218641,219222,581
MTE2,38111,220089,220367,278
MTE2,38113,220367,220645,278
MTE2,38115,220645,220923,278
MTE2,38109,221004,221298,294
MTE2,38107,221298,221592,294
MTE2,38105,221592,221886,294
MTE2,957,221886,222467,581
MTE2,959,222467,223048,581
MTE2,961,223048,223629,581
MTE2,967,223766,224347,581
MTE2,969,224347,224928,581
MTE2,971,224928,225509,581
MTE2,38099,226096,226374,278
MTE2,38101,226376,226654,278
MTE2,38103,226654,226932,278
MTE2,1007,226932,227513,581
MTE2,1009,227513,228094,581
MTE2,1011,228094,228675,581
MTE2,1017,228812,229393,581
MTE2,1019,229393,229974,581
MTE2,1021,229974,230555,581
MTE2,37685,231422,231700,278
MTE2,38095,231700,231978,278
MTE2,38097,231978,232256,278
MTE2,1077,232337,232918,581
MTE2,1079,232918,233499,581
MTE2,1081,233499,234080,581
MTE2,1087,234217,234798,581
MTE2,1089,234798,235379,581
MTE2,1091,235379,235960,581
MTE2,37679,236827,237105,278
MTE2,37681,237105,237383,278
MTE2,37683,237383,237661,278
MTE2,1127,237661,238242,581
MTE2,1129,238242,238823,581
MTE2,1131,238823,239404,581
MTE2,1137,239541,240122,581
MTE2,1139,240122,240703,581
MTE2,1141,240703,241284,581
MTE2,37673,242151,242429,278
MTE2,37675,242429,242707,278
MTE2,37677,242707,242985,278
MTE2,1201,243066,243647,581
MTE2,1203,243647,244228,581
MTE2,1205,244228,244809,581
MTE2,1211,244946,245527,581
MTE2,1213,245527,246108,581
MTE2,1215,246108,246689,581
MTE2,37667,247556,247834,278
MTE2,37669,247834,248112,278
MTE2,37671,248112,248390,278
MTE2,1251,248390,248971,581
MTE2,1253,248971,249552,581
MTE2,1255,249552,250133,581
MTE2,1261,250270,250851,581
MTE2,1263,250851,251432,581
MTE2,1265,251432,252013,581
MTE2,37661,252880,253158,278
MTE2,37663,253158,253436,278
MTE2,37665,253436,253714,278
MTE2,1321,253795,254376,581
MTE2,1323,254376,254957,581
MTE2,1325,254957,255538,581
MTE2,1331,255675,256256,581
MTE2,1333,256256,256837,581
MTE2,1335,256837,257418,581
MTE2,37495,258005,258283,278
MTE2,37497,258285,258563,278
MTE2,37499,258563,258841,278
MTE2,1371,258922,259503,581
MTE2,1373,259503,260084,581
MTE2,1375,260084,260665,581
MTE2,1381,260802,261383,581
MTE2,1383,261383,261964,581
MTE2,1385,261964,262545,581
MTE2,37501,263412,263690,278
MTE2,37503,263690,263968,278
MTE2,37505,263968,264246,278
MTE2,37687,265065,265359,294
MTE2,37689,265359,265653,294
MTE2,37691,265653,265947,294
MTE2,37693,266667,266961,294
MTE2,1493,266961,267542,581
MTE2,1495,267542,268123,581
MTE2,1497,268123,268704,581
MTE2,1503,268841,269422,581
MTE2,1505,269422,270003,581
MTE2,1507,270003,270584,581
MTE2,37507,270721,270999,278
MTE2,37509,271451,271729,278
MTE2,37511,271729,272007,278
MTE2,1543,272088,272669,581
MTE2,1545,272669,273250,581
MTE2,1547,273250,273831,581
MTE2,1553,273968,274549,581
MTE2,1555,274549,275130,581
MTE2,1557,275130,275711,581
MTE2,37513,276578,276856,278
MTE2,37515,276856,277134,278
MTE2,37517,277134,277412,278
MTE2,1613,277493,278074,581
MTE2,1615,278074,278655,581
MTE2,1617,278655,279236,581
MTE2,1623,279373,279954,581
MTE2,1625,279954,280535,581
MTE2,1627,280535,281116,581
MTE2,37519,281703,281981,278
MTE2,37521,281981,282259,278
MTE2,37523,282259,282537,278
MTE2,1663,282618,283199,581
MTE2,1665,283199,283780,581
MTE2,1667,283780,284361,581
MTE2,1673,284498,285079,581
MTE2,1675,285079,285660,581
MTE2,1677,285660,286241,581
MTE2,37525,286378,286656,278
MTE2,37527,286656,286934,278
MTE2,37529,286934,287212,278
MTE2,1737,287707,288288,581
MTE2,1739,288288,288869,581
MTE2,1741,288869,289450,581
MTE2,1747,289587,290168,581
MTE2,1749,290168,290749,581
MTE2,1751,290749,291330,581
MTE2,37531,292197,292475,278
MTE2,37533,292475,292753,278
MTE2,37535,292753,293031,278
MTE2,1787,293112,293693,581
MTE2,1789,293693,294274,581
MTE2,1791,294274,294855,581
MTE2,1797,294992,295573,581
MTE2,1799,295573,296154,581
MTE2,1801,296154,296735,581
MTE2,37537,296872,297150,278
MTE2,37539,297602,297880,278
MTE2,37541,297880,298158,278
MTE2,1857,298239,298820,581
MTE2,1859,298820,299401,581
MTE2,1861,299401,299982,581
MTE2,1867,300119,300700,581
MTE2,1869,300700,301281,581
MTE2,1871,301281,301862,581
MTE2,37543,301862,302140,278
MTE2,37545,302140,302418,278
MTE2,37547,302449,302727,278
MTE2,1907,302891,303472,581
MTE2,1909,303472,304053,581
MTE2,1911,304053,304634,581
MTE2,1917,304771,305352,581
MTE2,1919,305352,305933,581
MTE2,1921,305933,306514,581
MTE2,37549,306651,306929,278
MTE2,37551,306929,307207,278
MTE2,37553,307207,307485,278
MTE2,1997,307566,308147,581
MTE2,1999,308147,308728,581
MTE2,2001,308728,309309,581
MTE2,2007,309446,310027,581
MTE2,2009,310027,310608,581
MTE2,2011,310608,311189,581
MTE2,37555,312056,312334,278
MTE2,37557,312334,312612,278
MTE2,37559,312612,312890,278
MTE2,2047,312971,313552,581
MTE2,2049,313552,314133,581
MTE2,2051,314133,314714,581
MTE2,2057,314851,315432,581
MTE2,2059,315432,316013,581
MTE2,2061,316013,316594,581
MTE2,37561,317461,317739,278
MTE2,37563,317739,318017,278
MTE2,37565,318017,318295,278
MTE2,2117,318376,318957,581
MTE2,2119,318957,319538,581
MTE2,2121,319538,320119,581
MTE2,2127,320256,320837,581
MTE2,2129,320837,321418,581
MTE2,2131,321418,321999,581
MTE2,37567,322136,322414,278
MTE2,37569,322414,322692,278
MTE2,37571,322866,323144,278
MTE2,2167,323225,323806,581
MTE2,2169,323806,324387,581
MTE2,2171,324387,324968,581
MTE2,2177,325105,325686,581
MTE2,2179,325686,326267,581
MTE2,2181,326267,326848,581
MTE2,37573,326985,327263,278
MTE2,37575,327263,327541,278
MTE2,37577,327541,327819,278
MTE2,2241,327819,328400,581
MTE2,2243,328400,328981,581
MTE2,2245,328981,329562,581
MTE2,2251,329699,330280,581
MTE2,2253,330280,330861,581
MTE2,2255,330861,331442,581
MTE2,37579,332029,332307,278
MTE2,37581,332309,332587,278
MTE2,37583,332587,332865,278
MTE2,2291,332946,333527,581
MTE2,2293,333527,334108,581
MTE2,2295,334108,334689,581
MTE2,2301,334826,335407,581
MTE2,2303,335407,335988,581
MTE2,2305,335988,336569,581
MTE2,37585,337436,337714,278
MTE2,37587,337714,337992,278
MTE2,37589,337992,338270,278
MTE2,2361,338270,338851,581
MTE2,2363,338851,339432,581
MTE2,2365,339432,340013,581
MTE2,2371,340150,340731,581
MTE2,2373,340731,341312,581
MTE2,2375,341312,341893,581
MTE2,37591,342760,343038,278
MTE2,37593,343038,343316,278
MTE2,37595,343316,343594,278
MTE2,2411,343675,344256,581
MTE2,2413,344256,344837,581
MTE2,2415,344837,345418,581
MTE2,2421,345555,346136,581
MTE2,2423,346136,346717,581
MTE2,2425,346717,347298,581
MTE2,37597,348165,348443,278
MTE2,37599,348443,348721,278
MTE2,37601,348721,348999,278
MTE2,37695,349494,349788,294
MTE2,37697,349818,350112,294
MTE2,37699,350112,350406,294
MTE2,37493,352212,352378,166
MTE2,37491,352378,352530,152
MTE2,37489,352530,352696,166
MTE2,37487,352713,352879,166
MTE2,37485,352896,353048,152
MTE2,37483,353065,353231,166
MTE2,37481,353248,353414,166
MTE2,37479,353431,353597,166
MTE2,37477,353597,353763,166
MTE2,37475,353805,353971,166
MTE2,37701,353971,354265,294
MTE2,2609,354265,354846,581
MTE2,2611,354846,355427,581
MTE2,2613,355427,356008,581
MTE2,2619,356145,356726,581
MTE2,2621,356726,357307,581
MTE2,2623,357307,357888,581
MTE2,37603,358755,359033,278
MTE2,37605,359033,359311,278
MTE2,37607,359311,359589,278
MTE2,2659,359670,360251,581
MTE2,2661,360251,360832,581
MTE2,2663,360832,361413,581
MTE2,2669,361550,362131,581
MTE2,2671,362131,362712,581
MTE2,2673,362712,363293,581
MTE2,37609,364160,364438,278
MTE2,37611,364438,364716,278
MTE2,37613,364716,364994,278
MTE2,2729,365075,365656,581
MTE2,2731,365656,366237,581
MTE2,2733,366237,366818,581
MTE2,2739,366955,367536,581
MTE2,2741,367536,368117,581
MTE2,2743,368117,368698,581
MTE2,37615,369565,369843,278
MTE2,37617,369843,370121,278
MTE2,37619,370121,370399,278
MTE2,2779,370480,371061,581
MTE2,2781,371061,371642,581
MTE2,2783,371642,372223,581
MTE2,2789,372360,372941,581
MTE2,2791,372941,373522,581
MTE2,2793,373522,374103,581
MTE2,37621,374970,375248,278
MTE2,37623,375248,375526,278
MTE2,37625,375526,375804,278
MTE2,2853,375804,376385,581
MTE2,2855,376385,376966,581
MTE2,2857,376966,377547,581
MTE2,2863,377684,378265,581
MTE2,2865,378265,378846,581
MTE2,2867,378846,379427,581
MTE2,37627,380294,380572,278
MTE2,37629,380572,380850,278
MTE2,37631,380850,381128,278
MTE2,2903,381209,381790,581
MTE2,2905,381790,382371,581
MTE2,2907,382371,382952,581
MTE2,2913,383089,383670,581
MTE2,2915,383670,384251,581
MTE2,2917,384251,384832,581
MTE2,37633,385419,385697,278
MTE2,37635,385699,385977,278
MTE2,37637,385977,386255,278
MTE2,2973,386336,386917,581
MTE2,2975,386917,387498,581
MTE2,2977,387498,388079,581
MTE2,2983,388216,388797,581
MTE2,2985,388797,389378,581
MTE2,2987,389378,389959,581
MTE2,37639,390826,391104,278
MTE2,37641,391104,391382,278
MTE2,37643,391382,391660,278
MTE2,37645,392009,392287,278
MTE2,37647,392287,392565,278
MTE2,37649,392565,392843,278
MTE2,37651,393338,393616,278
MTE2,37653,394824,395102,278
MTE2,37655,395102,395380,278
MTE2,37657,395461,395739,278
MTE2,37659,395739,396017,278
MTE2,38191,396017,396311,294
MTE2,38189,400535,400829,294
MTE2,38183,400829,400987,158
MTE2,38185,400987,401145,158
MTE2,38187,401145,401297,152
MTE2,37703,401297,401591,294
MTE2,38181,401591,401749,158
MTE2,37705,401749,402043,294
MTE2,37473,402043,402209,166
MTE2,38179,402209,402361,152
MTE2,37471,402361,402527,166
MTE2,38177,402527,402679,152
MTE2,37707,402679,402973,294
MTE2,37709,402973,403267,294
MTE2,37711,404476,404770,294
MTE2,37713,404770,405064,294
MTE2,37715,405064,405358,294
MTE2,37717,405358,405652,294
MTE2,37719,407023,407317,294
MTE2,37721,407317,407611,294
MTE2,37723,407611,407905,294
MTE2,37725,407905,408199,294
MTE2,37727,409723,410017,294
MTE2,37729,410017,410311,294
MTE2,37731,410311,410605,294
MTE2,37733,410605,410899,294
MTE2,37735,412108,412402,294
MTE2,37737,412402,412696,294
MTE2,37739,412696,412990,294
MTE2,37741,412990,413284,294
MTE2,37743,414808,415102,294
MTE2,37745,415102,415396,294
MTE2,37747,415396,415690,294
MTE2,37749,415690,415984,294
MTE2,38079,417508,417850,342
MTE2,37469,418060,418218,158
MTE2,37751,418218,418512,294
MTE2,37753,418512,418806,294
MTE2,38081,419283,419625,342
MTE2,37467,419835,419993,158
MTE2,37755,419993,420287,294
MTE2,37757,420287,420581,294
MTE2,38083,421058,421400,342
MTE2,37465,421610,421768,158
MTE2,37759,421768,422062,294
MTE2,37761,422062,422356,294
MTE2,38085,422833,423175,342
MTE2,37463,423385,423543,158
MTE2,37763,423543,423837,294
MTE2,37765,423837,424131,294
MTE2,38087,424608,424950,342
MTE2,37461,424950,425108,158
MTE2,37767,425108,425402,294
MTE2,37769,425402,425696,294
MTE2,38089,426173,426515,342
MTE2,37459,426725,426883,158
MTE2,37771,426883,427177,294
MTE2,37773,427177,427471,294
MTE2,38091,427948,428290,342
MTE2,37457,428290,428448,158
MTE2,37775,428448,428742,294
MTE2,37777,428742,429036,294
MTE2,38093,429513,429855,342
MTE2,37455,429855,430013,158
MTE2,37453,430013,430179,166
MTE2,37451,430196,430362,166
MTE2,37449,430379,430545,166
MTE2,37447,430562,430728,166
MTE2,37445,430745,430911,166
MTE2,37443,430928,431094,166
MTE2,37441,431111,431277,166
MTE2,37439,431294,431460,166
MTE2,37437,431477,431643,166
MTE2,37435,431660,431826,166
MTE2,37433,431843,432009,166
MTE2,37431,432026,432192,166
MTE2,37429,432209,432375,166
MTE2,37427,432392,432558,166
MTE2,37425,432575,432741,166
MTE2,37423,432758,432924,166
MTE2,37421,432941,433107,166
MTE2,37419,433124,433290,166
MTE2,37417,433307,433473,166
MTE2,37415,433490,433656,166
MTE2,37413,433673,433839,166
MTE2,37411,433856,434022,166
MTE2,37409,434039,434205,166
MTE2,37407,434222,434388,166
MTE2,37405,434405,434571,166
MTE2,37403,434588,434754,166
MTE2,37401,434771,434937,166
MTE2,37399,434954,435120,166
MTE2,37397,435137,435303,166
MTE2,37395,435320,435486,166
MTE2,37393,435503,435669,166
MTE2,37391,435686,435852,166
MTE2,37779,435852,436146,294
MTE2,37781,436146,436440,294
MTE2,37783,436440,436734,294
MTE2,37785,436734,437028,294
MTE2,37787,437028,437322,294
MTE2,37789,437322,437616,294
MTE2,37791,439842,440136,294
MTE2,37793,440136,440430,294
MTE2,37795,441303,441597,294
MTE2,38171,441597,441811,214
MTE2,38173,441811,442025,214
MTE2,38175,442025,442239,214
MTE2,38169,442239,442453,214
MTE2,38167,442453,442667,214
MTE2,37797,442667,442961,294
MTE2,38165,442961,443175,214
MTE2,38163,443175,443389,214
MTE2,37799,443389,443683,294
MTE2,38161,443683,443897,214
MTE2,38159,443897,444111,214
MTE2,37801,444111,444405,294
MTE2,38157,444405,444619,214
MTE2,38155,444619,444833,214
MTE2,37803,444833,445127,294
MTE2,37805,445127,445421,294
MTE2,37807,445421,445715,294
MTE2,38153,447245,447459,214
MTE2,38151,447459,447673,214
MTE2,38149,449394,449608,214
MTE2,37809,451543,451837,294
MTE2,37811,451837,452131,294
MTE2,37813,452131,452425,294
MTE2,37815,452425,452719,294
MTE2,37817,452719,453013,294
MTE2,37819,453013,453307,294
MTE2,37821,453307,453601,294
MTE2,37823,453601,453895,294
MTE2,37825,453895,454189,294
MTE2,37827,454189,454483,294
MTE2,37829,454483,454777,294
MTE2,37831,454777,455071,294
MTE2,37833,455071,455365,294
MTE2,37835,455365,455659,294
MTE2,37837,455659,455953,294
MTE2,37839,455953,456247,294
MTE2,37841,456247,456541,294
MTE2,37843,456541,456835,294
MTE2,37845,456835,457129,294
MTE2,37847,457129,457423,294
MTE2,37849,457423,457717,294
MTE2,37851,457717,458011,294
MTE2,37853,475159,475453,294
MTE2,37389,475453,475619,166
MTE2,37387,475619,475771,152
MTE2,37385,475771,475937,166
MTE2,37383,475937,476089,152
MTE2,37381,476089,476255,166
MTE2,37379,476255,476407,152
MTE2,37377,476407,476573,166
MTE2,37375,476573,476725,152
MTE2,37373,476725,476891,166
MTE2,37371,476891,477043,152
MTE2,37369,477043,477209,166
MTE2,37367,477209,477361,152
MTE2,37365,477361,477527,166
MTE2,37363,477527,477679,152
MTE2,37361,477679,477845,166
MTE2,37359,477862,478028,166
MTE2,37357,478028,478180,152
MTE2,37355,478180,478346,166
MTE2,37353,478363,478529,166
MTE2,37351,478529,478681,152
MTE2,37349,478681,478847,166
MTE2,37347,478847,478999,152
MTE2,37345,478999,479165,166
MTE2,37343,479165,479317,152
MTE2,37341,479317,479483,166
MTE2,37339,479483,479635,152
MTE2,37337,479635,479801,166
MTE2,37335,479801,479953,152
MTE2,37333,479953,480119,166
MTE2,37331,480119,480271,152
MTE2,37329,480271,480437,166
MTE2,37327,480437,480589,152
MTE2,37325,480589,480755,166
MTE2,37323,480772,480938,166
MTE2,37321,480938,481090,152
MTE2,37319,481090,481256,166
MTE2,37317,481273,481439,166
MTE2,37315,481439,481591,152
MTE2,37313,481591,481757,166
MTE2,37311,481757,481909,152
MTE2,37309,481909,482075,166
MTE2,37307,482075,482227,152
MTE2,37305,482227,482393,166
MTE2,37303,482393,482545,152
MTE2,37301,482545,482711,166
MTE2,37299,482711,482863,152
MTE2,37297,482863,483029,166
MTE2,37295,483029,483181,152
MTE2,37293,483181,483347,166
MTE2,37291,483347,483499,152
MTE2,37289,483499,483665,166
MTE2,37287,483682,483848,166
MTE2,37285,483848,484000,152
MTE2,37283,484000,484166,166
MTE2,37281,484183,484349,166
MTE2,37279,484349,484501,152
MTE2,37277,484501,484667,166
MTE2,37275,484667,484819,152
MTE2,37273,484819,484985,166
MTE2,37271,484985,485137,152
MTE2,37269,485137,485303,166
MTE2,37267,485303,485455,152
MTE2,37265,485455,485621,166
MTE2,37263,485621,485773,152
MTE2,37261,485773,485939,166
MTE2,37259,485939,486091,152
MTE2,37257,486091,486257,166
MTE2,37255,486257,486409,152
MTE2,37253,486409,486575,166
MTE2,37251,486592,486758,166
MTE2,37249,486758,486910,152
MTE2,37247,486910,487076,166
MTE2,37245,487093,487259,166
MTE2,37243,487259,487411,152
MTE2,37241,487411,487577,166
MTE2,37239,487577,487729,152
MTE2,37237,487729,487895,166
MTE2,37235,487895,488047,152
MTE2,37233,488047,488213,166
MTE2,37231,488213,488365,152
MTE2,37229,488365,488531,166
MTE2,37227,488531,488683,152
MTE2,37225,488683,488849,166
MTE2,37223,488849,489001,152
MTE2,37221,489001,489167,166
MTE2,37219,489167,489319,152
MTE2,37217,489319,489485,166
MTE2,37215,489485,489651,166
MTE2,37213,489668,489820,152
MTE2,37211,489845,490011,166
MTE2,37209,490028,490194,166
MTE2,37207,490194,490346,152
MTE2,37205,490346,490512,166
MTE2,37203,490529,490681,152
MTE2,37201,490706,490872,166
MTE2,37199,490889,491041,152
MTE2,37197,491066,491232,166
MTE2,37195,491249,491401,152
MTE2,37193,491426,491592,166
MTE2,37191,491609,491761,152
MTE2,37189,491786,491952,166
MTE2,37187,491969,492121,152
MTE2,37185,492146,492312,166
MTE2,37183,492329,492481,152
MTE2,37181,492506,492672,166
MTE2,37179,492689,492855,166
MTE2,37177,492872,493024,152
MTE2,37175,493024,493190,166
MTE2,37173,493207,493373,166
MTE2,37171,493373,493525,152
MTE2,37169,493525,493691,166
MTE2,37167,493691,493843,152
MTE2,37165,493843,494009,166
MTE2,37163,494009,494161,152
MTE2,37161,494161,494327,166
MTE2,37159,494327,494479,152
MTE2,37157,494479,494645,166
MTE2,37155,494645,494797,152
MTE2,37153,494797,494963,166
MTE2,37151,494963,495115,152
MTE2,37149,495115,495281,166
MTE2,37147,495281,495433,152
MTE2,37145,495433,495599,166
MTE2,37143,495599,495765,166
MTE2,37141,495765,495917,152
MTE2,37139,495917,496083,166
MTE2,37137,496100,496266,166
MTE2,37135,496266,496418,152
MTE2,37133,496418,496584,166
MTE2,37131,496584,496736,152
MTE2,37129,496736,496902,166
MTE2,37127,496902,497054,152
MTE2,37125,497054,497220,166
MTE2,37123,497220,497372,152
MTE2,37121,497372,497538,166
MTE2,37119,497538,497690,152
MTE2,37117,497690,497856,166
MTE2,37115,497856,498008,152
MTE2,37113,498008,498174,166
MTE2,37111,498174,498326,152
MTE2,37109,498326,498492,166
MTE2,37107,498509,498675,166
MTE2,37105,498675,498827,152
MTE2,37103,498827,498993,166
MTE2,37101,498993,499145,152
MTE2,37099,499145,499311,166
MTE2,37097,499328,499494,166
MTE2,37095,499511,499677,166
MTE2,37093,499694,499860,166
MTE2,37091,499877,500043,166
MTE2,37089,500060,500226,166
MTE2,37087,500243,500409,166
MTE2,37085,500426,500592,166
MTE2,37083,500609,500775,166
MTE2,37081,500792,500958,166
MTE2,37079,500958,501110,152
MTE2,37077,501110,501276,166
MTE2,37075,501293,501459,166
MTE2,37073,501476,501642,166
MTE2,37071,501659,501825,166
MTE2,37069,501842,502008,166
MTE2,37067,502025,502191,166
MTE2,37065,502208,502374,166
MTE2,37063,502391,502557,166
MTE2,37061,502574,502740,166
MTE2,37059,502757,502923,166
MTE2,37057,502923,503075,152
MTE2,37055,503075,503241,166
MTE2,37053,503258,503424,166
MTE2,37051,503441,503607,166
MTE2,37049,503624,503790,166
MTE2,37047,503807,503973,166
MTE2,37045,503990,504156,166
MTE2,37043,504173,504339,166
MTE2,37041,504356,504522,166
MTE2,37039,504539,504705,166
MTE2,37037,504722,504888,166
MTE2,37035,504888,505040,152
MTE2,37033,505040,505206,166
MTE2,37031,505223,505389,166
MTE2,37029,505406,505572,166
MTE2,37027,505589,505755,166
MTE2,37025,505772,505938,166
MTE2,37023,505955,506121,166
MTE2,37021,506138,506304,166
MTE2,37019,506321,506487,166
MTE2,37017,506504,506670,166
MTE2,37015,506687,506853,166
MTE2,37013,506853,507005,152
MTE2,37011,507005,507171,166
MTE2,37009,507188,507354,166
MTE2,37007,507371,507537,166
MTE2,37005,507554,507720,166
MTE2,37003,507737,507903,166
MTE2,37001,507920,508086,166
MTE2,36999,508103,508269,166
MTE2,36997,508286,508452,166
MTE2,36995,508469,508635,166
MTE2,36993,508652,508818,166
MTE2,36991,508818,508970,152
MTE2,36989,508970,509136,166
MTE2,36987,509153,509319,166
MTE2,36985,509336,509502,166
MTE2,36983,509519,509685,166
MTE2,36981,509702,509868,166
MTE2,36979,509885,510051,166
MTE2,36977,510068,510234,166
MTE2,36975,510251,510417,166
MTE2,36973,510434,510600,166
MTE2,36971,510617,510783,166
MTE2,36969,510800,510952,152
MTE2,36967,510977,511143,166
MTE2,36965,511160,511326,166
MTE2,36963,511343,511509,166
MTE2,36961,511526,511692,166
MTE2,36959,511709,511875,166
MTE2,36957,511892,512058,166
MTE2,36955,512075,512241,166
MTE2,36953,512258,512424,166
MTE2,36951,512441,512607,166
MTE2,36949,512624,512790,166
MTE2,36947,512790,512942,152
MTE2,36945,512942,513108,166
MTE2,36943,513125,513291,166
MTE2,36941,513308,513474,166
MTE2,36939,513474,513640,166
MTE2,36937,513640,513806,166
MTE2,36935,513823,513989,166
MTE2,36933,514006,514172,166
MTE2,36931,514189,514355,166
MTE2,36929,514372,514538,166
MTE2,36927,514555,514721,166
MTE2,36925,514738,514904,166
MTE2,36923,514921,515087,166
MTE2,36921,515104,515270,166
MTE2,36919,515270,515436,166
MTE2,36917,515436,515602,166
MTE2,36915,515619,515785,166
MTE2,36913,515802,515968,166
MTE2,36911,515985,516151,166
MTE2,36909,516168,516334,166
MTE2,36907,516351,516517,166
MTE2,36905,516534,516700,166
MTE2,36903,516717,516883,166
MTE2,36901,516900,517066,166
MTE2,36899,517066,517232,166
MTE2,36897,517232,517398,166
MTE2,36895,517415,517581,166
MTE2,36893,517598,517764,166
MTE2,36891,517781,517947,166
MTE2,36889,517964,518130,166
MTE2,36887,518147,518313,166
MTE2,36885,518330,518496,166
MTE2,36883,518513,518679,166
MTE2,36881,518696,518862,166
MTE2,36879,518862,519028,166
MTE2,36877,519028,519194,166
MTE2,36875,519211,519377,166
MTE2,36873,519394,519560,166
MTE2,36871,519577,519743,166
MTE2,36869,519760,519926,166
MTE2,36867,519943,520109,166
MTE2,36865,520126,520292,166
MTE2,36863,520309,520475,166
MTE2,36861,520492,520658,166
MTE2,36859,520658,520824,166
MTE2,36857,520824,520990,166
MTE2,36855,521007,521173,166
MTE2,36853,521190,521356,166
MTE2,36851,521373,521539,166
MTE2,36849,521556,521722,166
MTE2,36847,521739,521905,166
MTE2,36845,521922,522088,166
MTE2,36843,522105,522271,166
MTE2,36841,522288,522454,166
MTE2,36839,522454,522620,166
MTE2,36837,522678,522844,166
MTE2,36835,522861,523027,166
MTE2,36833,523044,523210,166
MTE2,36831,523227,523393,166
MTE2,36829,523410,523576,166
MTE2,36827,523593,523759,166
MTE2,36825,523776,523942,166
MTE2,36823,523959,524125,166
MTE2,36821,524142,524308,166
MTE2,36819,524308,524474,166
MTE2,36817,524474,524640,166
MTE2,36815,524657,524823,166
MTE2,36813,524840,525006,166
MTE2,36811,525023,525189,166
MTE2,36809,525206,525372,166
MTE2,36807,525389,525555,166
MTE2,36805,525572,525738,166
MTE2,36803,525755,525921,166
MTE2,36801,525938,526104,166
MTE2,36799,526104,526270,166
MTE2,36797,526287,526453,166
MTE2,36795,526470,526636,166
MTE2,36793,526653,526819,166
MTE2,36791,526836,527002,166
MTE2,36789,527019,527185,166
MTE2,36787,527202,527368,166
MTE2,36785,527385,527551,166
MTE2,36783,527568,527734,166
MTE2,36781,527734,527900,166
MTE2,36779,527900,528066,166
MTE2,36777,528066,528232,166
MTE2,36775,528232,528398,166
MTE2,36773,528398,528564,166
MTE2,36771,528564,528730,166
MTE2,36769,528730,528896,166
MTE2,36767,528896,529062,166
MTE2,36765,529062,529228,166
MTE2,36763,529245,529411,166
MTE2,36761,529428,529594,166
MTE2,36759,529611,529777,166
MTE2,36757,529794,529960,166
MTE2,36755,529977,530143,166
MTE2,36753,530160,530326,166
MTE2,36751,530343,530509,166
MTE2,36749,530526,530692,166
MTE2,36747,530692,530858,166
MTE2,36745,530858,531024,166
MTE2,36743,531024,531190,166
MTE2,36741,531190,531356,166
MTE2,36739,531356,531522,166
MTE2,36737,531522,531688,166
MTE2,36735,531688,531854,166
MTE2,36733,531854,532020,166
MTE2,36731,532020,532186,166
MTE2,36729,532203,532369,166
MTE2,36727,532386,532552,166
MTE2,36725,532569,532735,166
MTE2,36723,532752,532918,166
MTE2,36721,532935,533101,166
MTE2,36719,533118,533284,166
MTE2,36717,533301,533467,166
MTE2,36715,533484,533650,166
MTE2,36713,533650,533816,166
MTE2,36711,533816,533982,166
MTE2,36709,533982,534148,166
MTE2,36707,534148,534314,166
MTE2,36705,534314,534480,166
MTE2,36703,534480,534646,166
MTE2,36701,534646,534812,166
MTE2,36699,534812,534978,166
MTE2,36697,534978,535144,166
MTE2,36695,535161,535327,166
MTE2,36693,535344,535510,166
MTE2,36691,535527,535693,166
MTE2,36689,535710,535876,166
MTE2,36687,535893,536059,166
MTE2,36685,536076,536242,166
MTE2,36683,536259,536425,166
MTE2,36681,536442,536608,166
MTE2,36679,536608,536774,166
MTE2,36677,536774,536940,166
MTE2,36675,536940,537106,166
MTE2,36673,537106,537272,166
MTE2,36671,537272,537438,166
MTE2,36669,537438,537604,166
MTE2,36667,537604,537770,166
MTE2,36665,537770,537936,166
MTE2,36663,537936,538102,166
MTE2,36661,538119,538285,166
MTE2,36659,538302,538468,166
MTE2,36657,538485,538651,166
MTE2,36655,538668,538834,166
MTE2,36653,538851,539017,166
MTE2,36651,539034,539200,166
MTE2,36649,539217,539383,166
MTE2,36647,539400,539566,166
MTE2,36645,539566,539732,166
MTE2,36643,539732,539898,166
MTE2,36641,539898,540064,166
MTE2,36639,540064,540230,166
MTE2,36637,540230,540396,166
MTE2,36635,540396,540562,166
MTE2,36633,540562,540728,166
MTE2,36631,540786,540952,166
MTE2,36629,540952,541118,166
MTE2,36627,541135,541301,166
MTE2,36625,541318,541484,166
MTE2,36623,541501,541667,166
MTE2,36621,541684,541850,166
MTE2,36619,541867,542033,166
MTE2,36617,542050,542216,166
MTE2,36615,542233,542399,166
MTE2,36613,542416,542582,166
MTE2,36611,542582,542748,166
MTE2,36609,542748,542914,166
MTE2,36607,542914,543080,166
MTE2,36605,543080,543246,166
MTE2,36603,543246,543412,166
MTE2,36601,543412,543578,166
MTE2,36599,543636,543802,166
MTE2,36597,543802,543968,166
MTE2,36595,543968,544134,166
MTE2,36593,544151,544317,166
MTE2,36591,544334,544500,166
MTE2,36589,544517,544683,166
MTE2,36587,544700,544866,166
MTE2,36585,544883,545049,166
MTE2,36583,545066,545232,166
MTE2,36581,545249,545415,166
MTE2,36579,545432,545598,166
MTE2,36577,545598,545764,166
MTE2,36575,545764,545930,166
MTE2,36573,545972,546138,166
MTE2,36571,546138,546304,166
MTE2,36569,546304,546470,166
MTE2,36567,546470,546636,166
MTE2,36565,546636,546802,166
MTE2,36563,546802,546968,166
MTE2,36561,546968,547134,166
MTE2,36559,547151,547317,166
MTE2,36557,547334,547500,166
MTE2,36555,547517,547683,166
MTE2,36553,547700,547866,166
MTE2,36551,547883,548049,166
MTE2,36549,548066,548232,166
MTE2,36547,548249,548415,166
MTE2,36545,548432,548598,166
MTE2,36543,548598,548764,166
MTE2,36541,548764,548978,214
MTE2,36539,548978,549144,166
MTE2,36537,549144,549310,166
MTE2,36535,549310,549476,166
MTE2,36533,549476,549642,166
MTE2,36531,549642,549808,166
MTE2,36529,549808,549974,166
MTE2,36527,549974,550140,166
MTE2,36525,550140,550306,166
MTE2,36523,550306,550472,166
MTE2,36521,550472,550686,214
MTE2,36519,550686,550852,166
MTE2,36517,550852,551018,166
MTE2,36515,551018,551184,166
MTE2,36513,551184,551350,166
MTE2,36511,551350,551516,166
MTE2,36509,551516,551682,166
MTE2,36507,551682,551848,166
MTE2,36505,551906,552072,166
MTE2,36503,552072,552238,166
MTE2,36501,552238,552452,214
MTE2,36499,552452,552618,166
MTE2,36497,552676,552842,166
MTE2,36495,552842,553008,166
MTE2,36493,553008,553174,166
MTE2,36491,553174,553340,166
MTE2,36489,553398,553564,166
MTE2,36487,553622,553788,166
MTE2,36485,553846,554012,166
MTE2,36483,554070,554236,166
MTE2,36481,554236,554450,214
MTE2,36479,554491,554657,166
MTE2,36477,554657,554823,166
MTE2,36475,554823,554989,166
MTE2,36473,555047,555213,166
MTE2,36471,555271,555437,166
MTE2,36469,555495,555661,166
MTE2,36467,555719,555885,166
MTE2,36465,555943,556109,166
MTE2,36463,556167,556333,166
MTE2,36461,556333,556547,214
MTE2,36459,556588,556754,166
MTE2,36457,556754,556920,166
MTE2,36455,556920,557086,166
MTE2,36453,557144,557310,166
MTE2,36451,557368,557534,166
MTE2,36449,557592,557758,166
MTE2,36447,557816,557982,166
MTE2,36445,558040,558206,166
MTE2,36443,558264,558430,166
MTE2,36441,558430,558644,214
MTE2,36439,558685,558851,166
MTE2,36437,558851,559017,166
MTE2,36435,559017,559183,166
MTE2,36433,559241,559407,166
MTE2,36431,559465,559631,166
MTE2,36429,559689,559855,166
MTE2,36427,559913,560079,166
MTE2,36425,560137,560303,166
MTE2,36423,560361,560527,166
MTE2,36421,560527,560741,214
MTE2,36419,560782,560948,166
MTE2,36417,560948,561114,166
MTE2,36415,561114,561280,166
MTE2,36413,561338,561504,166
MTE2,36411,561504,561670,166
MTE2,36409,561670,561836,166
MTE2,36407,561836,562002,166
MTE2,36405,562002,562168,166
MTE2,36403,562168,562334,166
MTE2,36401,562334,562548,214
MTE2,36399,562589,562755,166
MTE2,38251,571622,571788,166
MTE2,36223,576340,576554,214
MTE2,36225,576787,577001,214
MTE2,38257,577001,577167,166
MTE2,36227,577277,577491,214
MTE2,38263,577491,577657,166
MTE2,38261,577657,577823,166
MTE2,38265,577823,577989,166
MTE2,38267,577989,578155,166
MTE2,38269,578155,578321,166
MTE2,38279,578321,578487,166
MTE2,36229,578487,578701,214
MTE2,38277,578701,578867,166
MTE2,38275,578867,579033,166
MTE2,38273,579033,579199,166
MTE2,38281,579199,579365,166
MTE2,38283,579365,579531,166
MTE2,38285,579531,579697,166
MTE2,38287,579697,579863,166
MTE2,38289,579863,580029,166
MTE2,38299,580029,580195,166
MTE2,36231,580195,580409,214
MTE2,38297,580409,580575,166
MTE2,38295,580575,580741,166
MTE2,38293,580741,580907,166
MTE2,38301,580907,581073,166
MTE2,38303,581073,581239,166
MTE2,38305,581239,581405,166
MTE2,38307,581405,581571,166
MTE2,38309,581571,581737,166
MTE2,38319,581737,581903,166
MTE2,36233,581903,582117,214
MTE2,38317,582158,582324,166
MTE2,38315,582324,582490,166
MTE2,38313,582490,582656,166
MTE2,38321,582656,582822,166
MTE2,38323,582822,582988,166
MTE2,38325,582988,583154,166
MTE2,38327,583154,583320,166
MTE2,38329,583320,583486,166
MTE2,38339,583486,583652,166
MTE2,36235,583652,583866,214
MTE2,38337,583866,584032,166
MTE2,38335,584032,584198,166
MTE2,38333,584240,584406,166
MTE2,36237,584522,584736,214
MTE2,38249,584812,585026,214
MTE2,38247,585026,585240,214
MTE2,38413,585240,585534,294
MTE2,38409,591065,591247,182
MTE2,38411,591247,591429,182
MTE2,38405,591429,591723,294
MTE2,38401,591723,591905,182
MTE2,38403,591905,592087,182
MTE2,38399,592087,592253,166
MTE2,38397,592253,592405,152
MTE2,38395,592405,592571,166
MTE2,38393,592571,592737,166
MTE2,38391,592737,592889,152
MTE2,38389,592889,593055,166
MTE2,38387,593055,593221,166
MTE2,38385,593221,593373,152
MTE2,38383,593373,593539,166
MTE2,38381,593539,593705,166
MTE2,38379,593705,593857,152
MTE2,38377,593857,594023,166
MTE2,38375,594023,594189,166
MTE2,38373,594189,594341,152
MTE2,38371,594341,594507,166
MTE2,38369,594507,594673,166
MTE2,38367,594673,594825,152
MTE2,38365,594825,594991,166
MTE2,38363,595049,595215,166
MTE2,38361,595215,595367,152
MTE2,38359,595367,595533,166
MTE2,38357,595591,595757,166
MTE2,38355,595757,595909,152
MTE2,38353,595934,596100,166
MTE2,38351,596100,596252,152
MTE2,38349,596252,596418,166
MTE2,38347,596418,596584,166
MTE2,38407,597513,597679,166
MTE2,38519,598375,598541,166
MTE2,38517,598541,598707,166
MTE2,38515,598707,598873,166
MTE2,38513,598873,599039,166
MTE2,38511,599039,599205,166
MTE2,38509,599205,599371,166
MTE2,38507,599371,599537,166
MTE2,38505,599537,599703,166
MTE2,38503,599703,599869,166
MTE2,38501,599869,600021,152
MTE2,38499,600021,600187,166
MTE2,38497,600187,600353,166
MTE2,38495,600353,600519,166
MTE2,38493,600519,600685,166
MTE2,38491,600685,600851,166
MTE2,38489,600851,601017,166
MTE2,38487,601017,601183,166
MTE2,38485,601183,601349,166
MTE2,38483,601349,601515,166
MTE2,38481,601515,601667,152
MTE2,38479,601667,601833,166
MTE2,38477,601833,601999,166
MTE2,38475,601999,602165,166
MTE2,38473,602165,602331,166
MTE2,38471,602331,602497,166
MTE2,38469,602555,602721,166
MTE2,38467,602779,602945,166
MTE2,38465,603003,603169,166
MTE2,38463,603227,603393,166
MTE2,38461,603393,603545,152
MTE2,38459,603545,603711,166
MTE2,38457,603711,603877,166
MTE2,38455,603877,604043,166
MTE2,38453,604516,604682,166
MTE2,38451,604682,604848,166
MTE2,38449,604848,605014,166
MTE2,38447,605014,605180,166
MTE2,38445,605180,605346,166
MTE2,38443,605346,605512,166
MTE2,38441,605512,605664,152
MTE2,38439,605664,605830,166
MTE2,38437,605830,605996,166
MTE2,38435,605996,606162,166
MTE2,38433,606162,606328,166
MTE2,38431,606328,606494,166
MTE2,38429,606494,606660,166
MTE2,38427,606660,606826,166
MTE2,38425,606826,606992,166
MTE2,38423,606992,607158,166
MTE2,38421,607158,607310,152
MTE2,38419,607310,607476,166
MTE2,38417,607476,607642,166
MTE2,38415,607642,607808,166
MTE2,36239,608460,608674,214
MTE2,36241,608715,608929,214
MTE2,36243,609205,609419,214
MTE2,36245,609711,609925,214
MTE2,36247,610217,610431,214
MTE2,36249,610723,610937,214
MTE2,36251,610937,611151,214
MTE2,36253,612183,612397,214
MTE2,37855,612397,612691,294
MTE2,38345,612691,612873,182
MTE2,36221,612873,613039,166
MTE2,38255,613039,613221,182
MTE2,36219,613221,613387,166
MTE2,38253,613387,613569,182
MTE2,36217,613569,613735,166
MTE2,38259,613735,613917,182
MTE2,36215,613917,614083,166
MTE2,38271,614083,614265,182
MTE2,36213,614306,614472,166
MTE2,38291,614472,614654,182
MTE2,36211,614654,614820,166
MTE2,38311,614820,615002,182
MTE2,36209,615002,615168,166
MTE2,38331,615168,615350,182
MTE2,36207,615350,615516,166
MTE2,38343,615516,615698,182
MTE2,37857,616577,616871,294
MTE2,36205,617105,617271,166
MTE2,36203,617271,617437,166
MTE2,36201,617437,617603,166
MTE2,36199,617603,617769,166
MTE2,36197,617769,617935,166
MTE2,36195,617935,618101,166
MTE2,36193,618101,618267,166
MTE2,36191,618267,618433,166
MTE2,37859,619329,619623,294
MTE2,36189,619623,619789,166
MTE2,36187,619789,619955,166
MTE2,36185,619955,620121,166
MTE2,36183,620121,620287,166
MTE2,36181,620345,620511,166
MTE2,36179,620511,620677,166
MTE2,36177,620677,620843,166
MTE2,36175,620843,621009,166
MTE2,37861,621922,622216,294
MTE2,36173,622216,622382,166
MTE2,36171,622382,622548,166
MTE2,36169,622548,622714,166
MTE2,36167,622714,622880,166
MTE2,36165,622880,623046,166
MTE2,36163,623046,623212,166
MTE2,36161,623270,623436,166
MTE2,36159,623436,623602,166
MTE2,37863,624556,624850,294
MTE2,36157,624850,625016,166
MTE2,36155,625016,625182,166
MTE2,36137,625630,625796,166
MTE2,36135,625796,625962,166
MTE2,36133,625962,626128,166
MTE2,36131,626128,626294,166
MTE2,36087,626294,626460,166
MTE2,36089,626460,626626,166
MTE2,37865,627539,627833,294
MTE2,36091,627833,627999,166
MTE2,36093,627999,628165,166
MTE2,36095,628613,628779,166
MTE2,36097,628779,628945,166
MTE2,36099,628945,629111,166
MTE2,36101,629111,629277,166
MTE2,36103,629277,629443,166
MTE2,36105,629443,629609,166
MTE2,37867,630563,630857,294
MTE2,36107,630938,631104,166
MTE2,36109,631104,631270,166
MTE2,36111,631496,631662,166
MTE2,36113,631662,631828,166
MTE2,36115,631828,631994,166
MTE2,36117,631994,632160,166
MTE2,36119,632160,632326,166
MTE2,36121,632326,632492,166
MTE2,37869,633388,633682,294
MTE2,38711,639712,640006,294
MTE2,38669,640087,640381,294
MTE2,38587,640615,640909,294
MTE2,38583,640909,641091,182
MTE2,38585,641091,641273,182
MTE2,38579,641790,642084,294
MTE2,38575,642084,642266,182
MTE2,38577,642266,642448,182
MTE2,38573,642448,642614,166
MTE2,38571,642614,642766,152
MTE2,38569,642766,642932,166
MTE2,38567,642932,643098,166
MTE2,38565,643098,643250,152
MTE2,38563,643250,643416,166
MTE2,38561,644101,644267,166
MTE2,38559,644267,644419,152
MTE2,38557,644419,644585,166
MTE2,38555,644585,644751,166
MTE2,38553,644751,644903,152
MTE2,38551,644903,645069,166
MTE2,38549,645069,645235,166
MTE2,38547,645235,645387,152
MTE2,38545,645387,645553,166
MTE2,38543,645553,645719,166
MTE2,38541,645719,645871,152
MTE2,38539,645871,646037,166
MTE2,38537,646037,646203,166
MTE2,38535,646203,646355,152
MTE2,38533,646355,646521,166
MTE2,38531,646521,646687,166
MTE2,38529,646687,646839,152
MTE2,38527,646839,647005,166
MTE2,38525,647005,647157,152
MTE2,38523,647157,647323,166
MTE2,38521,647323,647489,166
MTE2,38581,648418,648584,166
MTE2,38667,648976,649142,166
MTE2,38665,649142,649308,166
MTE2,38663,649308,649474,166
MTE2,38661,649474,649640,166
MTE2,38659,649640,649806,166
MTE2,38657,649806,649972,166
MTE2,38655,649972,650124,152
MTE2,38653,650124,650290,166
MTE2,38651,650290,650456,166
MTE2,38649,650456,650622,166
MTE2,38647,650622,650788,166
MTE2,38645,650788,650954,166
MTE2,38643,650954,651120,166
MTE2,38641,651120,651286,166
MTE2,38639,651286,651452,166
MTE2,38637,651452,651618,166
MTE2,38635,651618,651770,152
MTE2,38633,651770,651936,166
MTE2,38631,651936,652102,166
MTE2,38629,652102,652268,166
MTE2,38627,652589,652755,166
MTE2,38625,652755,652921,166
MTE2,38623,652921,653087,166
MTE2,38621,653087,653253,166
MTE2,38619,653253,653419,166
MTE2,38617,653419,653585,166
MTE2,38615,653585,653737,152
MTE2,38613,653737,653903,166
MTE2,38611,653903,654069,166
MTE2,38609,654069,654235,166
MTE2,38607,654235,654401,166
MTE2,38605,654401,654567,166
MTE2,38589,654567,654733,166
MTE2,38591,654733,654899,166
MTE2,38593,654899,655065,166
MTE2,38603,655065,655231,166
MTE2,38601,655231,655383,152
MTE2,38599,655383,655549,166
MTE2,38597,655549,655715,166
MTE2,38595,655715,655881,166
MTE2,38709,656202,656368,166
MTE2,38707,656368,656534,166
MTE2,38705,656534,656700,166
MTE2,38703,656700,656866,166
MTE2,38701,656866,657032,166
MTE2,38699,657032,657198,166
MTE2,38697,657198,657350,152
MTE2,38695,657350,657516,166
MTE2,38693,657516,657682,166
MTE2,38691,657682,657848,166
MTE2,38689,657848,658014,166
MTE2,38687,658014,658180,166
MTE2,38685,658180,658346,166
MTE2,38683,658346,658512,166
MTE2,38681,658512,658678,166
MTE2,38679,658678,658844,166
MTE2,38677,658844,658996,152
MTE2,38675,658996,659162,166
MTE2,38673,659162,659328,166
MTE2,38671,659328,659494,166
MTE2,36255,660220,660434,214
MTE2,36257,660626,660840,214
MTE2,36259,661116,661330,214
MTE2,36261,661622,661836,214
MTE2,36263,662128,662342,214
MTE2,36265,662634,662848,214
MTE2,36267,663140,663354,214
MTE2,36269,663646,663860,214
MTE2,38723,665444,665738,294
MTE2,38719,665738,665920,182
MTE2,38721,665920,666102,182
MTE2,38735,666102,666268,166
MTE2,38733,666268,666434,166
MTE2,38731,666434,666600,166
MTE2,38729,666600,666766,166
MTE2,38727,666766,666932,166
MTE2,38725,666932,667098,166
MTE2,38743,667098,667392,294
MTE2,38739,667392,667574,182
MTE2,38741,667574,667756,182
MTE2,38745,667756,667922,166
MTE2,38753,668299,668593,294
MTE2,38749,668593,668775,182
MTE2,38751,668775,668957,182
MTE2,38765,668957,669123,166
MTE2,38763,669123,669289,166
MTE2,38761,669289,669455,166
MTE2,38759,669455,669621,166
MTE2,38757,669621,669787,166
MTE2,38755,669787,669953,166
MTE2,38773,669953,670247,294
MTE2,38769,670247,670429,182
MTE2,38771,670429,670611,182
MTE2,38785,670611,670777,166
MTE2,38783,670777,670943,166
MTE2,38781,670943,671109,166
MTE2,38779,671109,671275,166
MTE2,38777,671275,671441,166
MTE2,38775,671441,671607,166
MTE2,38787,671856,672150,294
MTE2,38791,672150,672332,182
MTE2,39007,677938,678232,294
MTE2,39003,678232,678414,182
MTE2,39005,678414,678596,182
MTE2,38961,678596,678890,294
MTE2,38919,678971,679265,294
MTE2,38877,679346,679640,294
MTE2,38873,679640,679822,182
MTE2,38875,679822,680004,182
MTE2,38801,680157,680451,294
MTE2,38869,680532,680826,294
MTE2,38807,681060,681354,294
MTE2,38803,681354,681536,182
MTE2,38805,681536,681718,182
MTE2,38825,681718,682012,294
MTE2,38821,682012,682194,182
MTE2,38823,682194,682376,182
MTE2,38819,682376,682542,166
MTE2,38817,682542,682694,152
MTE2,38815,682694,682860,166
MTE2,38813,682860,683026,166
MTE2,38811,683026,683178,152
MTE2,38809,683178,683344,166
MTE2,38867,683344,683510,166
MTE2,38865,683510,683662,152
MTE2,38863,683662,683828,166
MTE2,38861,683828,683994,166
MTE2,38859,683994,684146,152
MTE2,38857,684146,684312,166
MTE2,38855,684312,684478,166
MTE2,38853,684478,684630,152
MTE2,38851,684630,684796,166
MTE2,38849,684796,684962,166
MTE2,38847,684962,685114,152
MTE2,38845,685114,685280,166
MTE2,38843,685280,685446,166
MTE2,38841,685446,685598,152
MTE2,38839,685598,685764,166
MTE2,38837,685764,685930,166
MTE2,38835,685930,686082,152
MTE2,38833,686107,686273,166
MTE2,38831,686273,686425,152
MTE2,38829,686425,686591,166
MTE2,38827,686591,686757,166
MTE2,38871,686757,686923,166
MTE2,38917,686923,687089,166
MTE2,38915,687147,687313,166
MTE2,38913,687313,687479,166
MTE2,38911,687479,687645,166
MTE2,38909,687645,687811,166
MTE2,38907,687811,687977,166
MTE2,38905,687977,688129,152
MTE2,38903,688129,688295,166
MTE2,38901,688295,688461,166
MTE2,38899,688461,688627,166
MTE2,38897,688627,688793,166
MTE2,38895,688793,688959,166
MTE2,38893,688959,689125,166
MTE2,38891,689125,689291,166
MTE2,38889,689291,689457,166
MTE2,38887,689457,689623,166
MTE2,38885,689623,689775,152
MTE2,38883,689775,689941,166
MTE2,38881,689941,690107,166
MTE2,38879,690107,690273,166
MTE2,38959,690273,690439,166
MTE2,38957,690439,690605,166
MTE2,38955,690663,690829,166
MTE2,38953,690829,690995,166
MTE2,38951,690995,691161,166
MTE2,38949,691161,691327,166
MTE2,38947,691327,691479,152
MTE2,38945,691479,691645,166
MTE2,38943,691645,691811,166
MTE2,38941,691811,691977,166
MTE2,38939,691977,692143,166
MTE2,38937,692143,692309,166
MTE2,38935,692309,692475,166
MTE2,38933,692475,692641,166
MTE2,38931,692641,692807,166
MTE2,38929,692807,692973,166
MTE2,38927,692973,693125,152
MTE2,38925,693125,693291,166
MTE2,38923,693291,693457,166
MTE2,38921,693457,693623,166
MTE2,39001,693623,693789,166
MTE2,38999,693789,693955,166
MTE2,38997,693955,694121,166
MTE2,38995,694179,694345,166
MTE2,38993,694345,694511,166
MTE2,38991,694511,694677,166
MTE2,38989,694677,694829,152
MTE2,38987,694829,694995,166
MTE2,38985,694995,695161,166
MTE2,38983,695161,695327,166
MTE2,38981,695327,695493,166
MTE2,38979,695493,695659,166
MTE2,38977,695659,695825,166
MTE2,38975,695825,695991,166
MTE2,38973,695991,696157,166
MTE2,38971,696157,696323,166
MTE2,38969,696323,696475,152
MTE2,38967,696475,696641,166
MTE2,38965,696641,696807,166
MTE2,38963,696849,697015,166
MTE2,36271,697073,697287,214
MTE2,36273,697287,697501,214
MTE2,36275,697969,698183,214
MTE2,36277,698183,698397,214
MTE2,36279,698981,699195,214
MTE2,36281,699195,699409,214
MTE2,36283,699993,700207,214
MTE2,36285,700889,701103,214
MTE2,39031,701103,701269,166
MTE2,39029,701269,701435,166
MTE2,39027,701435,701601,166
MTE2,39025,701601,701767,166
MTE2,39023,701767,701933,166
MTE2,39021,701933,702099,166
MTE2,39043,702099,702393,294
MTE2,39039,702393,702575,182
MTE2,39041,702575,702757,182
MTE2,39037,702757,702923,166
MTE2,39035,702923,703089,166
MTE2,37871,703089,703383,294
MTE2,38799,705614,705796,182
MTE2,37873,706846,707140,294
MTE2,38717,707140,707322,182
MTE2,39019,707322,707504,182
MTE2,37875,707504,707798,294
MTE2,38715,707798,707980,182
MTE2,39017,707980,708162,182
MTE2,37877,708162,708456,294
MTE2,38713,708456,708638,182
MTE2,39015,708638,708820,182
MTE2,37879,708820,709114,294
MTE2,38737,709114,709296,182
MTE2,39013,709296,709478,182
MTE2,37881,709478,709772,294
MTE2,38747,709772,709954,182
MTE2,39011,709954,710136,182
MTE2,37883,710136,710430,294
MTE2,38767,710430,710612,182
MTE2,39009,710612,710794,182
MTE2,37885,710794,711088,294
MTE2,38789,711088,711270,182
MTE2,39033,711270,711452,182
MTE2,37887,711452,711746,294
MTE2,38797,711746,711928,182
MTE2,37889,715528,715822,294
MTE2,37891,716602,716896,294
MTE2,37893,716896,717190,294
MTE2,37895,717190,717484,294
MTE2,37897,717484,717778,294
MTE2,37899,717778,718072,294
MTE2,37901,718072,718366,294
MTE2,37903,718366,718660,294
MTE2,37905,718660,718954,294
MTE2,37907,722635,722929,294
MTE2,37909,723709,724003,294
MTE2,37911,724347,724641,294
MTE2,37913,725057,725351,294
MTE2,37915,725767,726061,294
MTE2,37917,726477,726771,294
MTE2,37919,727187,727481,294
MTE2,37921,727897,728191,294
MTE2,37923,728607,728901,294
MTE2,37925,732209,732503,294
MTE2,36287,738893,739107,214
MTE2,36289,739299,739513,214
MTE2,36291,739789,740003,214
MTE2,36293,740295,740509,214
MTE2,36295,740801,741015,214
MTE2,36297,741307,741521,214
MTE2,36299,741813,742027,214
MTE2,36301,742319,742533,214
MTE2,39181,742767,743061,294
MTE2,39179,743061,743227,166
MTE2,39177,743227,743393,166
MTE2,39175,743393,743559,166
MTE2,39173,743559,743725,166
MTE2,39171,743725,743891,166
MTE2,39169,743891,744057,166
MTE2,39167,744057,744223,166
MTE2,39165,744223,744389,166
MTE2,39163,744389,744683,294
MTE2,39161,744683,744849,166
MTE2,39159,744849,745015,166
MTE2,39157,745015,745181,166
MTE2,39155,745181,745347,166
MTE2,39153,745347,745513,166
MTE2,39151,745513,745679,166
MTE2,39149,745679,745845,166
MTE2,39147,745845,746011,166
MTE2,39145,746011,746305,294
MTE2,39143,746305,746471,166
MTE2,39141,746471,746637,166
MTE2,39139,746637,746803,166
MTE2,39137,746803,746969,166
MTE2,39135,746969,747135,166
MTE2,39133,747135,747301,166
MTE2,39131,747301,747467,166
MTE2,39129,747467,747633,166
MTE2,39127,747633,747927,294
MTE2,39125,747927,748093,166
MTE2,39123,748093,748259,166
MTE2,39121,748259,748425,166
MTE2,39119,748425,748591,166
MTE2,39117,748591,748757,166
MTE2,39115,748757,748923,166
MTE2,39113,748923,749089,166
MTE2,39111,749089,749255,166
MTE2,39109,749255,749549,294
MTE2,39107,749549,749715,166
MTE2,39105,749825,749991,166
MTE2,39103,749991,750157,166
MTE2,39101,750157,750323,166
MTE2,39099,750323,750489,166
MTE2,39097,750489,750655,166
MTE2,39095,750655,750821,166
MTE2,39093,750821,750987,166
MTE2,39091,750987,751281,294
MTE2,39089,751281,751575,294
MTE2,39085,751575,751757,182
MTE2,39087,751757,751939,182
MTE2,39205,751939,752233,294
MTE2,39203,752233,752527,294
MTE2,39201,752761,753055,294
MTE2,39199,753136,753430,294
MTE2,39197,753511,753805,294
MTE2,39195,753886,754180,294
MTE2,39193,754261,754555,294
MTE2,39183,754636,754930,294
MTE2,39191,755011,755305,294
MTE2,39187,755305,755487,182
MTE2,39189,755487,755669,182
MTE2,39243,756368,756662,294
MTE2,39239,756743,757037,294
MTE2,39235,757118,757412,294
MTE2,39231,757493,757787,294
MTE2,39227,757868,758162,294
MTE2,39223,758243,758537,294
MTE2,39219,758618,758912,294
MTE2,39207,758993,759287,294
MTE2,39215,759368,759662,294
MTE2,39211,759662,759844,182
MTE2,39213,759844,760026,182
MTE2,36303,768963,769177,214
MTE2,36305,769218,769432,214
MTE2,36307,769708,769922,214
MTE2,36309,770214,770428,214
MTE2,36311,770720,770934,214
MTE2,36313,771226,771440,214
MTE2,36315,771732,771946,214
MTE2,36317,772686,772900,214
MTE2,39285,772900,773194,294
MTE2,39287,773194,773488,294
MTE2,39289,773488,773782,294
MTE2,39291,779195,779489,294
MTE2,39293,779489,779783,294
MTE2,39295,780017,780311,294
MTE2,39303,780311,780605,294
MTE2,39299,780605,780787,182
MTE2,39301,780787,780969,182
MTE2,39305,780969,781263,294
MTE2,39307,781263,781557,294
MTE2,39309,781557,781851,294
MTE2,39311,781851,782145,294
MTE2,39313,782379,782673,294
MTE2,39315,782907,783201,294
MTE2,39317,783201,783495,294
MTE2,39319,783495,783789,294
MTE2,39389,784653,784947,294
MTE2,39385,784947,785129,182
MTE2,39387,785129,785311,182
MTE2,37927,785311,785605,294
MTE2,39283,785605,785787,182
MTE2,39383,785787,785969,182
MTE2,37929,785969,786263,294
MTE2,39083,786263,786445,182
MTE2,39281,786445,786627,182
MTE2,37931,786627,786921,294
MTE2,39185,786921,787103,182
MTE2,39297,787103,787285,182
MTE2,37933,787285,787579,294
MTE2,39209,787579,787761,182
MTE2,39381,787761,787943,182
MTE2,37935,787943,788237,294
MTE2,39279,788237,788419,182
MTE2,39379,788419,788601,182
MTE2,37937,790329,790623,294
MTE2,37939,791403,791697,294
MTE2,37941,791697,791991,294
MTE2,37943,791991,792285,294
MTE2,37945,792285,792579,294
MTE2,37947,794388,794682,294
MTE2,37949,795462,795756,294
MTE2,37951,796100,796394,294
MTE2,37953,796810,797104,294
MTE2,37955,797520,797814,294
MTE2,37957,800322,800616,294
MTE2,39773,807510,807804,294
MTE2,39769,808212,808394,182
MTE2,39771,808394,808576,182
MTE2,39789,808576,808870,294
MTE2,39787,808870,809164,294
MTE2,39785,809164,809458,294
MTE2,39775,809458,809752,294
MTE2,39783,809752,810046,294
MTE2,39779,810046,810228,182
MTE2,39781,810228,810410,182
MTE2,39811,810410,810704,294
MTE2,39807,810704,810998,294
MTE2,39803,810998,811292,294
MTE2,39791,811292,811586,294
MTE2,39799,811586,811880,294
MTE2,39795,811880,812062,182
MTE2,39797,812062,812244,182
MTE2,39829,812244,812538,294
MTE2,37959,817428,817722,294
MTE2,37961,817722,818016,294
MTE2,39767,818016,818198,182
MTE2,37963,818198,818492,294
MTE2,39777,818492,818674,182
MTE2,37965,818674,818968,294
MTE2,39793,818968,819150,182
MTE2,37967,819150,819444,294
MTE2,39827,819444,819626,182
MTE2,37969,821507,821801,294
MTE2,37971,821801,822095,294
MTE2,37973,822095,822389,294
MTE2,37975,822389,822683,294
MTE2,37977,822917,823211,294
MTE2,39825,823211,823393,182
MTE2,37979,825040,825334,294
MTE2,37981,825334,825628,294
MTE2,37983,825628,825922,294
MTE2,37985,826338,826632,294
MTE2,37987,826866,827160,294
MTE2,39823,827160,827342,182
MTE2,37989,829292,829586,294
MTE2,37991,833672,833966,294
MTE2,37993,834851,835145,294
MTE2,37995,835145,835439,294
MTE2,37997,835439,835733,294
MTE2,37999,835733,836027,294
MTE2,38001,837836,838130,294
MTE2,38003,838130,838424,294
MTE2,38005,838424,838718,294
MTE2,38007,838718,839012,294
MTE2,38009,839012,839306,294
MTE2,38011,841115,841409,294
MTE2,38013,841409,841703,294
MTE2,38015,841703,841997,294
MTE2,38017,841997,842291,294
MTE2,38019,842707,843001,294
MTE2,38021,844810,845104,294
MTE2,38023,845338,845632,294
MTE2,38025,846283,846577,294
MTE2,38027,846577,846871,294
MTE2,38029,846871,847165,294
MTE2,38031,847165,847459,294
MTE2,38033,848404,848698,294
MTE2,38035,848932,849226,294
MTE2,38037,849226,849520,294
MTE2,38039,849520,849814,294
MTE2,38041,849814,850108,294
MTE2,38043,851053,851347,294
MTE2,38045,851428,851722,294
MTE2,38047,851722,852016,294
MTE2,38049,852016,852310,294
MTE2,38051,852310,852604,294
MTE2,38053,853549,853843,294
MTE2,36123,853843,854009,166
MTE2,38055,854333,854627,294
MTE2,38057,854708,855002,294
MTE2,38059,855083,855377,294
MTE2,38061,855458,855752,294
MTE2,36125,855752,855918,166
MTE2,38063,856258,856552,294
MTE2,38065,856633,856927,294
MTE2,38067,857008,857302,294
MTE2,38069,857383,857677,294
MTE2,36127,857677,857843,166
MTE2,38071,858183,858477,294
MTE2,38073,858558,858852,294
MTE2,38075,858933,859227,294
MTE2,38077,859308,859602,294
MTE2,36129,859602,859768,166
MTE2,38795,860133,860427,294
MTE2,38147,860427,860641,214
MTE2,38245,860641,860855,214
MTE2,38243,860855,861069,214
MTE2,38793,861069,861363,294
MTE2,38241,861363,861577,214
MTE2,38239,861577,861791,214
MTE2,39081,862086,862380,294
MTE2,38237,862380,862594,214
MTE2,38235,862594,862808,214
MTE2,39079,863317,863611,294
MTE2,38233,863611,863825,214
MTE2,38231,863825,864039,214
MTE2,39077,864039,864333,294
MTE2,38229,864414,864628,214
MTE2,39075,864778,865072,294
MTE2,39073,865315,865609,294
MTE2,38227,865609,865823,214
MTE2,39277,865823,866117,294
MTE2,38223,866117,866299,182
MTE2,38225,866299,866481,182
MTE2,39071,866926,867220,294
MTE2,39069,867729,868023,294
MTE2,39275,868257,868551,294
MTE2,38219,868551,868733,182
MTE2,38221,868733,868915,182
MTE2,39067,869432,869726,294
MTE2,39065,869807,870101,294
MTE2,39273,870182,870476,294
MTE2,38215,870476,870658,182
MTE2,38217,870658,870840,182
MTE2,39063,870993,871287,294
MTE2,39061,871732,872026,294
MTE2,39271,872260,872554,294
MTE2,38211,872554,872736,182
MTE2,38213,872736,872918,182
MTE2,39059,873435,873729,294
MTE2,39057,873810,874104,294
MTE2,39269,874185,874479,294
MTE2,38207,874479,874661,182
MTE2,38209,874661,874843,182
MTE2,39053,874996,875290,294
MTE2,39045,875735,876029,294
MTE2,39267,876263,876557,294
MTE2,38203,876557,876739,182
MTE2,38205,876739,876921,182
MTE2,39047,877438,877732,294
MTE2,39049,877813,878107,294
MTE2,39265,878188,878482,294
MTE2,38199,878482,878664,182
MTE2,38201,878664,878846,182
MTE2,39051,878999,879293,294
MTE2,39055,879738,880032,294
MTE2,39263,880266,880560,294
MTE2,38195,880560,880742,182
MTE2,38197,880742,880924,182
MTE2,39363,881441,881735,294
MTE2,38193,881735,881917,182
MTE2,38341,881917,882099,182
MTE2,39361,882099,882265,166
MTE2,39359,882265,882417,152
MTE2,39357,882417,882583,166
MTE2,39355,882583,882749,166
MTE2,39353,882749,882901,152
MTE2,39351,882901,883067,166
MTE2,39349,883067,883233,166
MTE2,39347,883233,883385,152
MTE2,39345,883385,883551,166
MTE2,39343,883551,883717,166
MTE2,39341,883717,883869,152
MTE2,39339,883869,884035,166
MTE2,39337,884035,884201,166
MTE2,39335,884201,884353,152
MTE2,39333,884353,884519,166
MTE2,39331,884519,884685,166
MTE2,39329,884685,884837,152
MTE2,39327,884837,885003,166
MTE2,39325,885932,886098,166
MTE2,39323,886296,886448,152
MTE2,39321,886448,886614,166
MTE2,39377,886614,886780,166
MTE2,39375,886780,886932,152
MTE2,39373,886932,887098,166
MTE2,39371,887098,887250,152
MTE2,39369,887250,887416,166
MTE2,39367,887416,887582,166
MTE2,39365,888055,888221,166
MTE2,39765,888238,888404,166
MTE2,39763,888404,888570,166
MTE2,39761,888666,888832,166
MTE2,39759,888832,888998,166
MTE2,39757,888998,889164,166
MTE2,39755,889164,889330,166
MTE2,39753,889330,889482,152
MTE2,39751,889482,889648,166
MTE2,39749,889648,889814,166
MTE2,39747,889814,889980,166
MTE2,39745,890149,890315,166
MTE2,39743,890315,890481,166
MTE2,39741,890481,890647,166
MTE2,39739,890647,890813,166
MTE2,39737,890813,890979,166
MTE2,39735,890979,891145,166
MTE2,39733,891145,891297,152
MTE2,39731,891297,891463,166
MTE2,39729,891463,891629,166
MTE2,39727,891629,891795,166
MTE2,39725,891795,891961,166
MTE2,39723,891961,892127,166
MTE2,39721,892127,892293,166
MTE2,39719,892293,892459,166
MTE2,39717,892459,892625,166
MTE2,39715,892625,892791,166
MTE2,39713,892791,892943,152
MTE2,39711,892943,893109,166
MTE2,39709,893109,893275,166
MTE2,39707,893275,893441,166
MTE2,39705,893762,893928,166
MTE2,39703,893928,894094,166
MTE2,39701,894094,894260,166
MTE2,39699,894260,894426,166
MTE2,39697,895218,895384,166
MTE2,39695,895384,895550,166
MTE2,39693,895550,895702,152
MTE2,39691,895702,895868,166
MTE2,39689,895868,896034,166
MTE2,39687,896034,896200,166
MTE2,39685,896200,896366,166
MTE2,39683,896366,896532,166
MTE2,39681,896532,896698,166
MTE2,39679,896698,896864,166
MTE2,39677,896864,897030,166
MTE2,39675,897030,897196,166
MTE2,39673,897196,897348,152
MTE2,39671,897348,897514,166
MTE2,39669,897514,897680,166
MTE2,39667,897680,897846,166
MTE2,39665,897846,898012,166
MTE2,39663,898012,898178,166
MTE2,39661,898178,898344,166
MTE2,39659,898344,898510,166
MTE2,39657,898510,898676,166
MTE2,39655,898676,898842,166
MTE2,39653,898842,898994,152
MTE2,39651,898994,899160,166
MTE2,39649,899160,899326,166
MTE2,39647,899326,899492,166
MTE2,39645,899492,899658,166
MTE2,39643,899658,899824,166
MTE2,39641,899824,899990,166
MTE2,39639,899990,900156,166
MTE2,39637,900156,900322,166
MTE2,39635,900322,900488,166
MTE2,39633,900488,900640,152
MTE2,39631,900681,900847,166
MTE2,36319,900847,901061,214
MTE2,39629,901061,901227,166
MTE2,39627,901227,901393,166
MTE2,39625,901393,901559,166
MTE2,39623,901559,901725,166
MTE2,39621,901725,901891,166
MTE2,39619,901891,902057,166
MTE2,39617,902057,902223,166
MTE2,39615,902223,902389,166
MTE2,39613,902389,902555,166
MTE2,36321,902555,902769,214
MTE2,39611,902769,902935,166
MTE2,39609,902935,903101,166
MTE2,39607,903101,903267,166
MTE2,39605,903267,903433,166
MTE2,39603,903433,903599,166
MTE2,39601,903599,903765,166
MTE2,39599,903765,903931,166
MTE2,39597,903989,904155,166
MTE2,39595,904155,904321,166
MTE2,36323,904321,904535,214
MTE2,39593,904576,904742,166
MTE2,39591,904742,904908,166
MTE2,39589,904908,905074,166
MTE2,39587,905074,905240,166
MTE2,39585,905298,905464,166
MTE2,39583,905522,905688,166
MTE2,39581,905746,905912,166
MTE2,39579,905970,906136,166
MTE2,39577,906194,906360,166
MTE2,36325,906360,906574,214
MTE2,39575,906615,906781,166
MTE2,39573,906781,906947,166
MTE2,39571,906947,907113,166
MTE2,39569,907130,907296,166
MTE2,39567,907296,907462,166
MTE2,39565,907738,907904,166
MTE2,39563,907904,908070,166
MTE2,39561,908070,908236,166
MTE2,39559,908236,908402,166
MTE2,36327,908402,908616,214
MTE2,39557,908616,908782,166
MTE2,39555,908782,908948,166
MTE2,39553,908948,909114,166
MTE2,39551,909114,909280,166
MTE2,39549,909280,909446,166
MTE2,39547,909446,909612,166
MTE2,39545,909612,909778,166
MTE2,39543,909778,909944,166
MTE2,39541,909944,910110,166
MTE2,36329,910110,910324,214
MTE2,39539,910324,910490,166
MTE2,39537,910490,910656,166
MTE2,39535,910656,910822,166
MTE2,39533,910822,910988,166
MTE2,39531,910988,911154,166
MTE2,39529,911154,911320,166
MTE2,39527,911320,911486,166
MTE2,39525,911486,911652,166
MTE2,39523,911652,911818,166
MTE2,36331,911818,912032,214
MTE2,39521,912032,912198,166
MTE2,39519,912198,912364,166
MTE2,39517,912364,912530,166
MTE2,39515,912530,912696,166
MTE2,39513,912696,912862,166
MTE2,39511,912862,913028,166
MTE2,39509,913028,913194,166
MTE2,39507,913194,913360,166
MTE2,39505,913360,913526,166
MTE2,36333,913526,913740,214
MTE2,39503,913740,913906,166
MTE2,39217,913906,914088,182
MTE2,39261,914088,914270,182
MTE2,39501,914270,914436,166
MTE2,39499,914436,914602,166
MTE2,39497,914602,914768,166
MTE2,39495,914768,914934,166
MTE2,39493,914934,915100,166
MTE2,39491,915100,915266,166
MTE2,39489,915266,915432,166
MTE2,39487,915432,915598,166
MTE2,39221,915598,915780,182
MTE2,39259,915780,915962,182
MTE2,39485,915962,916128,166
MTE2,39483,916128,916294,166
MTE2,39481,916294,916460,166
MTE2,39479,916460,916626,166
MTE2,39477,916626,916792,166
MTE2,39475,916792,916958,166
MTE2,39473,916958,917124,166
MTE2,39471,917124,917290,166
MTE2,39225,917290,917472,182
MTE2,39257,917472,917654,182
MTE2,39469,917654,917820,166
MTE2,39467,917820,917986,166
MTE2,39465,917986,918152,166
MTE2,39463,918152,918318,166
MTE2,39461,918318,918484,166
MTE2,39459,918484,918650,166
MTE2,39457,918650,918816,166
MTE2,39455,918874,919040,166
MTE2,39229,919040,919222,182
MTE2,39255,919222,919404,182
MTE2,39453,919404,919570,166
MTE2,39451,919570,919736,166
MTE2,39449,919736,919902,166
MTE2,39447,919902,920068,166
MTE2,39445,920068,920234,166
MTE2,39443,920234,920400,166
MTE2,39441,920400,920566,166
MTE2,39439,920566,920732,166
MTE2,39233,920790,920972,182
MTE2,39253,920972,921154,182
MTE2,39437,921154,921320,166
MTE2,39435,921320,921486,166
MTE2,39433,921503,921669,166
MTE2,39431,921669,921835,166
MTE2,39429,921835,922001,166
MTE2,39427,922001,922167,166
MTE2,39425,922167,922333,166
MTE2,39423,922391,922557,166
MTE2,39237,922557,922739,182
MTE2,39251,922739,922921,182
MTE2,39421,922921,923087,166
MTE2,39419,923104,923270,166
MTE2,39417,923287,923453,166
MTE2,39415,923511,923677,166
MTE2,39413,923735,923901,166
MTE2,39411,923959,924125,166
MTE2,39409,924183,924349,166
MTE2,39407,924407,924573,166
MTE2,39241,924573,924755,182
MTE2,39249,924755,924937,182
MTE2,39405,924937,925103,166
MTE2,39403,925145,925311,166
MTE2,39401,925328,925494,166
MTE2,39399,925494,925660,166
MTE2,39397,925660,925826,166
MTE2,39395,925826,925992,166
MTE2,39393,925992,926158,166
MTE2,39391,926158,926324,166
MTE2,39245,926324,926506,182
MTE2,39247,926506,926688,182
MTE2,39801,926688,926870,182
MTE2,39821,926870,927052,182
MTE2,39805,928699,928881,182
MTE2,39819,928881,929063,182
MTE2,39887,930395,930689,294
MTE2,39847,930923,931217,294
MTE2,39879,931298,931592,294
MTE2,39809,931673,931855,182
MTE2,39817,931855,932037,182
MTE2,39845,932037,932331,294
MTE2,39843,932412,932706,294
MTE2,39841,932787,933081,294
MTE2,39839,933315,933609,294
MTE2,39837,933690,933984,294
MTE2,39835,934218,934512,294
MTE2,39833,934593,934887,294
MTE2,39831,935121,935415,294
MTE2,39875,935496,935790,294
MTE2,39813,935790,935972,182
MTE2,39815,935972,936154,182
MTE2,39873,936154,936336,182
MTE2,39885,936336,936518,182
MTE2,39871,936518,936812,294
MTE2,39869,936893,937187,294
MTE2,39867,937268,937562,294
MTE2,39865,937796,938090,294
MTE2,39877,938090,938272,182
MTE2,39863,938405,938699,294
MTE2,39861,938780,939074,294
MTE2,39859,939155,939449,294
MTE2,39857,939683,939977,294
MTE2,39883,939977,940159,182
MTE2,39855,940292,940586,294
MTE2,39853,940667,940961,294
MTE2,39851,941042,941336,294
MTE2,39849,941570,941864,294
MTE2,39881,941945,942127,182
MTE2,39889,942575,942869,294
MTE2,39919,944435,944729,294
MTE2,39917,944729,944911,182
MTE2,39907,944911,945205,294
MTE2,39897,945286,945580,294
MTE2,39895,945661,945955,294
MTE2,39893,946189,946483,294
MTE2,39891,946564,946858,294
MTE2,39905,947173,947467,294
MTE2,39903,947548,947842,294
MTE2,39901,947923,948217,294
MTE2,39899,948451,948745,294
MTE2,39915,949060,949354,294
MTE2,39913,949435,949729,294
MTE2,39911,949810,950104,294
MTE2,39909,950338,950632,294
MTE2,40389,950713,951007,294
MTE2,40385,951007,951189,182
MTE2,40387,951189,951371,182
MTE2,40247,951371,951665,294
MTE2,39929,951746,952040,294
MTE2,39927,952121,952415,294
MTE2,39921,952649,952943,294
MTE2,39925,953024,953318,294
MTE2,40243,953318,953500,182
MTE2,40245,953500,953682,182
MTE2,39923,953682,953976,294
MTE2,40239,953976,954158,182
MTE2,40241,954158,954340,182
MTE2,39939,954340,954634,294
MTE2,39937,954715,955009,294
MTE2,39935,955243,955537,294
MTE2,39931,955771,956065,294
MTE2,39933,956299,956593,294
MTE2,40235,956593,956775,182
MTE2,40237,956775,956957,182
MTE2,39949,956957,957251,294
MTE2,39947,957332,957626,294
MTE2,39945,958071,958365,294
MTE2,39941,958599,958893,294
MTE2,39943,958974,959268,294
MTE2,40231,959268,959450,182
MTE2,40233,959450,959632,182
MTE2,40189,959785,960079,294
MTE2,40033,960160,960454,294
MTE2,40015,960688,960982,294
MTE2,39951,961216,961510,294
MTE2,39957,961744,962038,294
MTE2,40011,962038,962220,182
MTE2,40013,962220,962402,182
MTE2,39955,962402,962568,166
MTE2,39959,962824,963118,294
MTE2,39961,963199,963493,294
MTE2,39963,963727,964021,294
MTE2,39969,964255,964549,294
MTE2,39967,964549,964715,166
MTE2,39971,965055,965349,294
MTE2,39973,965430,965724,294
MTE2,39975,965805,966099,294
MTE2,39981,966333,966627,294
MTE2,39979,966627,966793,166
MTE2,39983,966919,967213,294
MTE2,39985,967294,967588,294
MTE2,39987,967822,968116,294
MTE2,39993,968350,968644,294
MTE2,39991,968644,968810,166
MTE2,39999,968878,969172,294
MTE2,39995,969172,969386,214
MTE2,39997,969386,969600,214
MTE2,40005,969600,969894,294
MTE2,40003,969894,970108,214
MTE2,40001,970108,970322,214
MTE2,40007,970403,970697,294
MTE2,40031,970697,970911,214
MTE2,40029,970911,971125,214
MTE2,40009,971125,971419,294
MTE2,40167,971500,971714,214
MTE2,40017,974776,975070,294
MTE2,40019,975313,975607,294
MTE2,40165,975607,975821,214
MTE2,40025,975974,976268,294
MTE2,40021,976268,976450,182
MTE2,40023,976450,976632,182
MTE2,40027,977077,977371,294
MTE2,40041,977452,977746,294
MTE2,40035,977980,978274,294
MTE2,40037,978274,978456,182
MTE2,40039,978456,978638,182
MTE2,40043,979155,979449,294
MTE2,40045,979530,979824,294
MTE2,40053,979905,980199,294
MTE2,40049,980199,980381,182
MTE2,40051,980381,980563,182
MTE2,40047,980716,981010,294
MTE2,40061,981455,981749,294
MTE2,40055,981983,982277,294
MTE2,40057,982277,982459,182
MTE2,40059,982459,982641,182
MTE2,40063,983158,983452,294
MTE2,40065,983533,983827,294
MTE2,40073,983908,984202,294
MTE2,40069,984202,984384,182
MTE2,40071,984384,984566,182
MTE2,40067,984719,985013,294
MTE2,40081,985458,985752,294
MTE2,40075,985986,986280,294
MTE2,40077,986280,986462,182
MTE2,40079,986462,986644,182
MTE2,40083,987161,987455,294
MTE2,40085,987536,987830,294
MTE2,40093,987911,988205,294
MTE2,40089,988205,988387,182
MTE2,40091,988387,988569,182
MTE2,40087,988722,989016,294
MTE2,40161,989178,989472,294
MTE2,40099,989706,990000,294
MTE2,40095,990000,990182,182
MTE2,40097,990182,990364,182
MTE2,40141,990364,990658,294
MTE2,40137,990658,990840,182
MTE2,40139,990840,991022,182
MTE2,40135,991022,991188,166
MTE2,40133,991188,991340,152
MTE2,40131,991340,991506,166
MTE2,40129,991506,991672,166
MTE2,40127,991672,991824,152
MTE2,40125,991824,991990,166
MTE2,40123,992675,992841,166
MTE2,40121,992841,992993,152
MTE2,40119,992993,993159,166
MTE2,40117,993159,993325,166
MTE2,40115,993325,993477,152
MTE2,40113,993477,993643,166
MTE2,40111,994328,994494,166
MTE2,40109,994494,994646,152
MTE2,40107,994646,994812,166
MTE2,40105,994812,994978,166
MTE2,40103,994978,995130,152
MTE2,40101,995130,995296,166
MTE2,40159,995617,995783,166
MTE2,40157,995783,995935,152
MTE2,40155,995935,996101,166
MTE2,40153,996101,996267,166
MTE2,40151,996267,996419,152
MTE2,40149,996419,996585,166
MTE2,40147,996585,996737,152
MTE2,40145,996737,996903,166
MTE2,40143,996903,997069,166
MTE2,40163,997390,997556,166
MTE2,40187,997948,998114,166
MTE2,40185,998114,998280,166
MTE2,40183,998280,998446,166
MTE2,40181,998446,998612,166
MTE2,40179,998612,998778,166
MTE2,40177,998778,998944,166
MTE2,40175,998944,999096,152
MTE2,40173,999096,999262,166
MTE2,40171,999262,999428,166
MTE2,40169,999428,999594,166
MTE2,40229,999594,999760,166
MTE2,40227,999760,999926,166
MTE2,40225,999926,1000092,166
MTE2,40223,1000092,1000258,166
MTE2,40221,1000258,1000424,166
MTE2,40219,1000424,1000590,166
MTE2,40217,1000590,1000742,152
MTE2,40215,1000742,1000908,166
MTE2,40213,1000908,1001074,166
MTE2,40211,1001074,1001240,166
MTE2,40209,1001561,1001727,166
MTE2,40207,1001727,1001893,166
MTE2,40205,1001893,1002059,166
MTE2,40203,1002059,1002225,166
MTE2,40201,1002225,1002391,166
MTE2,40199,1002391,1002557,166
MTE2,40197,1002557,1002709,152
MTE2,40195,1002709,1002875,166
MTE2,40193,1002875,1003041,166
MTE2,40191,1003041,1003207,166
MTE2,40383,1003207,1003373,166
MTE2,40381,1003373,1003539,166
MTE2,40379,1003539,1003705,166
MTE2,40377,1003705,1003871,166
MTE2,40375,1003871,1004037,166
MTE2,40373,1004037,1004203,166
MTE2,40371,1004203,1004355,152
MTE2,40369,1004355,1004521,166
MTE2,40367,1004521,1004687,166
MTE2,40365,1004687,1004853,166
MTE2,40363,1004853,1005019,166
MTE2,40361,1005019,1005185,166
MTE2,40359,1005185,1005351,166
MTE2,40357,1005351,1005517,166
MTE2,40355,1005517,1005683,166
MTE2,40353,1005683,1005849,166
MTE2,40351,1005849,1006001,152
MTE2,40349,1006001,1006167,166
MTE2,40347,1006167,1006333,166
MTE2,40345,1006333,1006499,166
MTE2,40343,1006972,1007138,166
MTE2,40341,1007138,1007304,166
MTE2,40339,1007304,1007470,166
MTE2,40337,1007470,1007636,166
MTE2,40335,1007636,1007802,166
MTE2,40333,1007802,1007968,166
MTE2,40331,1007968,1008120,152
MTE2,40329,1008120,1008286,166
MTE2,40327,1008286,1008452,166
MTE2,40325,1008452,1008618,166
MTE2,40323,1008618,1008784,166
MTE2,40321,1008784,1008950,166
MTE2,40319,1008950,1009116,166
MTE2,40317,1009116,1009282,166
MTE2,40315,1009282,1009448,166
MTE2,40313,1009448,1009614,166
MTE2,40311,1009614,1009766,152
MTE2,40309,1009766,1009932,166
MTE2,36335,1009932,1010146,214
MTE2,40307,1010146,1010312,166
MTE2,40305,1010312,1010478,166
MTE2,40303,1010478,1010644,166
MTE2,40301,1010644,1010810,166
MTE2,40299,1010810,1010976,166
MTE2,40297,1010976,1011142,166
MTE2,40295,1011142,1011308,166
MTE2,40293,1011308,1011474,166
MTE2,40291,1011474,1011640,166
MTE2,36337,1011640,1011854,214
MTE2,40289,1011854,1012020,166
MTE2,40287,1012020,1012186,166
MTE2,40285,1012186,1012352,166
MTE2,40283,1012352,1012518,166
MTE2,40281,1012518,1012684,166
MTE2,40279,1012684,1012850,166
MTE2,40277,1012850,1013016,166
MTE2,40275,1013016,1013182,166
MTE2,40273,1013182,1013348,166
MTE2,36339,1013348,1013562,214
MTE2,40271,1013562,1013728,166
MTE2,40269,1013728,1013894,166
MTE2,40267,1013894,1014060,166
MTE2,40265,1014060,1014226,166
MTE2,40249,1014226,1014392,166
MTE2,40251,1014392,1014558,166
MTE2,40253,1014558,1014724,166
MTE2,40255,1014782,1014948,166
MTE2,40263,1014948,1015114,166
MTE2,36341,1015114,1015328,214
MTE2,40261,1015328,1015494,166
MTE2,40259,1015494,1015660,166
MTE2,40257,1015660,1015826,166
MTE2,36343,1016174,1016388,214
MTE2,36345,1016877,1017091,214
MTE2,36347,1017580,1017794,214
MTE2,36349,1018109,1018323,214
MTE2,40395,1018323,1018617,294
MTE2,40393,1018617,1018783,166
MTE2,40391,1018783,1018949,166
MTE2,40401,1021719,1022013,294
MTE2,40397,1022013,1022179,166
MTE2,40399,1022179,1022345,166
MTE2,40403,1022345,1022511,166
MTE2,40405,1022511,1022677,166
MTE2,40407,1022677,1022843,166
MTE2,40413,1022918,1023212,294
MTE2,40411,1023212,1023378,166
MTE2,40409,1023378,1023544,166
MTE2,40415,1023718,1024012,294
MTE2,40429,1027091,1027385,294
MTE2,40417,1027466,1027760,294
MTE2,40423,1027841,1028135,294
MTE2,40419,1028216,1028510,294
MTE2,40421,1028591,1028885,294
MTE2,40425,1029119,1029413,294
MTE2,40427,1029494,1029788,294
MTE2,40433,1029869,1030163,294
MTE2,40431,1030244,1030538,294
MTE2,40437,1030619,1030913,294
MTE2,40435,1030994,1031288,294
MTE2,40439,1031603,1031897,294
MTE2,40447,1031978,1032272,294
MTE2,40441,1032353,1032647,294
MTE2,40443,1032728,1033022,294
MTE2,40445,1033103,1033397,294
MTE2,40455,1033712,1034006,294
MTE2,40449,1034087,1034381,294
MTE2,40451,1034462,1034756,294
MTE2,40453,1034837,1035131,294
MTE2,40463,1035446,1035740,294
MTE2,40457,1035821,1036115,294
MTE2,40459,1036196,1036490,294
MTE2,40461,1036571,1036865,294
MTE2,40465,1037180,1037474,294
MTE2,40467,1038023,1038317,294
MTE2,40469,1038398,1038692,294
MTE2,40887,1039475,1039769,294
MTE2,40825,1039850,1040144,294
MTE2,40633,1040225,1040519,294
MTE2,40477,1040600,1040894,294
MTE2,40471,1040975,1041269,294
MTE2,40629,1041269,1041451,182
MTE2,40631,1041451,1041633,182
MTE2,40473,1041633,1041927,294
MTE2,40475,1042008,1042302,294
MTE2,40535,1042383,1042677,294
MTE2,40479,1042758,1043052,294
MTE2,40487,1043286,1043580,294
MTE2,40531,1043580,1043762,182
MTE2,40533,1043762,1043944,182
MTE2,40481,1043944,1044238,294
MTE2,40625,1044238,1044420,182
MTE2,40627,1044420,1044602,182
MTE2,40483,1044602,1044896,294
MTE2,40485,1044977,1045271,294
MTE2,40525,1045352,1045646,294
MTE2,40495,1045727,1046021,294
MTE2,40489,1046102,1046396,294
MTE2,40621,1046396,1046578,182
MTE2,40623,1046578,1046760,182
MTE2,40491,1046760,1047054,294
MTE2,40493,1047135,1047429,294
MTE2,40505,1047510,1047804,294
MTE2,40497,1047885,1048179,294
MTE2,40499,1048260,1048554,294
MTE2,40617,1048554,1048736,182
MTE2,40619,1048736,1048918,182
MTE2,40501,1048918,1049212,294
MTE2,40503,1049293,1049587,294
MTE2,40515,1049668,1049962,294
MTE2,40507,1050043,1050337,294
MTE2,40509,1050418,1050712,294
MTE2,40613,1050712,1050894,182
MTE2,40615,1050894,1051076,182
MTE2,40511,1051076,1051370,294
MTE2,40609,1051370,1051552,182
MTE2,40611,1051552,1051734,182
MTE2,40513,1051734,1052028,294
MTE2,40517,1052109,1052403,294
MTE2,40519,1052484,1052778,294
MTE2,40523,1052859,1053153,294
MTE2,40521,1053234,1053528,294
MTE2,40605,1053528,1053710,182
MTE2,40607,1053710,1053892,182
MTE2,40527,1053892,1054186,294
MTE2,40529,1054267,1054561,294
MTE2,40571,1054642,1054936,294
MTE2,40537,1055017,1055311,294
MTE2,40541,1055392,1055686,294
MTE2,40601,1055686,1055868,182
MTE2,40603,1055868,1056050,182
MTE2,40539,1056050,1056344,294
MTE2,40543,1056425,1056719,294
MTE2,40545,1058045,1058339,294
MTE2,40555,1058573,1058867,294
MTE2,40551,1058948,1059242,294
MTE2,40597,1059242,1059424,182
MTE2,40599,1059424,1059606,182
MTE2,40549,1059606,1059772,166
MTE2,40553,1060028,1060322,294
MTE2,40557,1060403,1060697,294
MTE2,40559,1060778,1061072,294
MTE2,40565,1061306,1061600,294
MTE2,40563,1061600,1061766,166
MTE2,40567,1062106,1062400,294
MTE2,40569,1062481,1062775,294
MTE2,40595,1062856,1063150,294
MTE2,40579,1063384,1063678,294
MTE2,40577,1063678,1063844,166
MTE2,40575,1064184,1064478,294
MTE2,40581,1064559,1064853,294
MTE2,40583,1064934,1065228,294
MTE2,40589,1065462,1065756,294
MTE2,40587,1065756,1065922,166
MTE2,40591,1066287,1066581,294
MTE2,40781,1066581,1066795,214
MTE2,40823,1066795,1067009,214
MTE2,40593,1067009,1067303,294
MTE2,40779,1067303,1067517,214
MTE2,40635,1067517,1067811,294
MTE2,40645,1067892,1068186,294
MTE2,40777,1068186,1068400,214
MTE2,40641,1068400,1068694,294
MTE2,40637,1068694,1068876,182
MTE2,40639,1068876,1069058,182
MTE2,40643,1069503,1069797,294
MTE2,40653,1069797,1070091,294
MTE2,40647,1070172,1070466,294
MTE2,40649,1070466,1070648,182
MTE2,40651,1070648,1070830,182
MTE2,40655,1071347,1071641,294
MTE2,40657,1071722,1072016,294
MTE2,40665,1072097,1072391,294
MTE2,40661,1072391,1072573,182
MTE2,40663,1072573,1072755,182
MTE2,40659,1073090,1073384,294
MTE2,40673,1073384,1073678,294
MTE2,40667,1073759,1074053,294
MTE2,40669,1074053,1074235,182
MTE2,40671,1074235,1074417,182
MTE2,40675,1074934,1075228,294
MTE2,40677,1075309,1075603,294
MTE2,40685,1075684,1075978,294
MTE2,40681,1075978,1076160,182
MTE2,40683,1076160,1076342,182
MTE2,40679,1076677,1076971,294
MTE2,40693,1076971,1077265,294
MTE2,40687,1077346,1077640,294
MTE2,40689,1077640,1077822,182
MTE2,40691,1077822,1078004,182
MTE2,40695,1078521,1078815,294
MTE2,40697,1078896,1079190,294
MTE2,40773,1079271,1079565,294
MTE2,40769,1079565,1079747,182
MTE2,40771,1079747,1079929,182
MTE2,40699,1080264,1080558,294
MTE2,40749,1080558,1080852,294
MTE2,40735,1080933,1081227,294
MTE2,40731,1081227,1081409,182
MTE2,40733,1081409,1081591,182
MTE2,40717,1081591,1081885,294
MTE2,40713,1081885,1082067,182
MTE2,40715,1082067,1082249,182
MTE2,40711,1082249,1082415,166
MTE2,40709,1082415,1082567,152
MTE2,40707,1082567,1082733,166
MTE2,40705,1082733,1082899,166
MTE2,40703,1082899,1083051,152
MTE2,40701,1083051,1083217,166
MTE2,40729,1083217,1083383,166
MTE2,40727,1083383,1083535,152
MTE2,40725,1083535,1083701,166
MTE2,40723,1083701,1083867,166
MTE2,40721,1083867,1084019,152
MTE2,40719,1084019,1084185,166
MTE2,40747,1084810,1084976,166
MTE2,40745,1084976,1085128,152
MTE2,40743,1085128,1085294,166
MTE2,40741,1085294,1085460,166
MTE2,40739,1085460,1085612,152
MTE2,40737,1085612,1085778,166
MTE2,40767,1086463,1086629,166
MTE2,40765,1086629,1086781,152
MTE2,40763,1086781,1086947,166
MTE2,40761,1086947,1087113,166
MTE2,40759,1087113,1087265,152
MTE2,40757,1087265,1087431,166
MTE2,40755,1087431,1087583,152
MTE2,40753,1087583,1087749,166
MTE2,40751,1087749,1087915,166
MTE2,40775,1088388,1088554,166
MTE2,40821,1089522,1089688,166
MTE2,40819,1089688,1089854,166
MTE2,40817,1089854,1090020,166
MTE2,40815,1090020,1090186,166
MTE2,40813,1090186,1090352,166
MTE2,40811,1090352,1090518,166
MTE2,40809,1090518,1090670,152
MTE2,40807,1090670,1090836,166
MTE2,40805,1090836,1091002,166
MTE2,40803,1091002,1091168,166
MTE2,40801,1091168,1091334,166
MTE2,40799,1091334,1091500,166
MTE2,40797,1091500,1091666,166
MTE2,40795,1091666,1091832,166
MTE2,40793,1091832,1091998,166
MTE2,40791,1091998,1092164,166
MTE2,40789,1092164,1092316,152
MTE2,40787,1092316,1092482,166
MTE2,40785,1092482,1092648,166
MTE2,40783,1092648,1092814,166
MTE2,40885,1092814,1092980,166
MTE2,40883,1092980,1093146,166
MTE2,40881,1093146,1093312,166
MTE2,40879,1093312,1093478,166
MTE2,40877,1093478,1093644,166
MTE2,40875,1093644,1093810,166
MTE2,40873,1093810,1093962,152
MTE2,40871,1093962,1094128,166
MTE2,40869,1094128,1094294,166
MTE2,40867,1094294,1094460,166
MTE2,40865,1094460,1094626,166
MTE2,40863,1094626,1094792,166
MTE2,40861,1094792,1094958,166
MTE2,40859,1094958,1095124,166
MTE2,40857,1095124,1095290,166
MTE2,40855,1095290,1095456,166
MTE2,40853,1095456,1095608,152
MTE2,40851,1095608,1095774,166
MTE2,40849,1095774,1095940,166
MTE2,40847,1095940,1096106,166
MTE2,40845,1096164,1096330,166
MTE2,40843,1096388,1096554,166
MTE2,40841,1096612,1096778,166
MTE2,40839,1096836,1097002,166
MTE2,40837,1097060,1097226,166
MTE2,40835,1097284,1097450,166
MTE2,40833,1097450,1097602,152
MTE2,40831,1097602,1097768,166
MTE2,40829,1097768,1097934,166
MTE2,40827,1097934,1098100,166
MTE2,36351,1099772,1099986,214
MTE2,36353,1100027,1100241,214
MTE2,40975,1100241,1100407,166
MTE2,40973,1100407,1100573,166
MTE2,40971,1100573,1100739,166
MTE2,40969,1100739,1100905,166
MTE2,40967,1100905,1101071,166
MTE2,36355,1101071,1101285,214
MTE2,40965,1101285,1101451,166
MTE2,40963,1101451,1101617,166
MTE2,40961,1101617,1101783,166
MTE2,40959,1101783,1101949,166
MTE2,40957,1101949,1102115,166
MTE2,40955,1102115,1102281,166
MTE2,40953,1102281,1102447,166
MTE2,40951,1102447,1102613,166
MTE2,40949,1102613,1102779,166
MTE2,36357,1102779,1102993,214
MTE2,40947,1102993,1103159,166
MTE2,40945,1103159,1103325,166
MTE2,40943,1103325,1103491,166
MTE2,40941,1103491,1103657,166
MTE2,40939,1103657,1103823,166
MTE2,40937,1103823,1103989,166
MTE2,40935,1103989,1104155,166
MTE2,40933,1104155,1104321,166
MTE2,40931,1104321,1104487,166
MTE2,36359,1104487,1104701,214
MTE2,40929,1104701,1104867,166
MTE2,40927,1104867,1105033,166
MTE2,40925,1105033,1105199,166
MTE2,40923,1105199,1105365,166
MTE2,40921,1105365,1105531,166
MTE2,40919,1105531,1105697,166
MTE2,40917,1105697,1105863,166
MTE2,40915,1105863,1106029,166
MTE2,40913,1106029,1106195,166
MTE2,36361,1106195,1106409,214
MTE2,40911,1106409,1106575,166
MTE2,40909,1106633,1106799,166
MTE2,40907,1106799,1106965,166
MTE2,40905,1106965,1107131,166
MTE2,40903,1107131,1107297,166
MTE2,40901,1107297,1107463,166
MTE2,40899,1107463,1107629,166
MTE2,40897,1107629,1107795,166
MTE2,40895,1107795,1107961,166
MTE2,36363,1107961,1108175,214
MTE2,40893,1108175,1108341,166
MTE2,40891,1108341,1108507,166
MTE2,40889,1108549,1108715,166
MTE2,36365,1108947,1109161,214
MTE2,40983,1109161,1109327,166
MTE2,40981,1109327,1109493,166
MTE2,40979,1109493,1109659,166
MTE2,40977,1109659,1109825,166
MTE2,41001,1112540,1112834,294
MTE2,40999,1112834,1113000,166
MTE2,40997,1113000,1113166,166
MTE2,40995,1113183,1113349,166
MTE2,40993,1113349,1113515,166
MTE2,40991,1113515,1113681,166
MTE2,40989,1113681,1113847,166
MTE2,40987,1113847,1114013,166
MTE2,40985,1114013,1114179,166
MTE2,41003,1117826,1118120,294
MTE2,41005,1118201,1118495,294
MTE2,41007,1118576,1118870,294
MTE2,41009,1118951,1119245,294
MTE2,41011,1119326,1119620,294
MTE2,41013,1119701,1119995,294
MTE2,41015,1120076,1120370,294
MTE2,41017,1120451,1120745,294
MTE2,41019,1120826,1121120,294
MTE2,41021,1121201,1121495,294
MTE2,41023,1121576,1121870,294
MTE2,41025,1122185,1122479,294
MTE2,41027,1122560,1122854,294
MTE2,41029,1122935,1123229,294
MTE2,41031,1123310,1123604,294
MTE2,41033,1123685,1123979,294
MTE2,41035,1124222,1124516,294
MTE2,41037,1124597,1124891,294
MTE2,41039,1124972,1125266,294
MTE2,41041,1125347,1125641,294
MTE2,41043,1125884,1126178,294
MTE2,41045,1126259,1126553,294
MTE2,41047,1126634,1126928,294
MTE2,41049,1127009,1127303,294
MTE2,41051,1127546,1127840,294
MTE2,41053,1128389,1128683,294
MTE2,41055,1128764,1129058,294
MTE2,41439,1129301,1129595,294
MTE2,41337,1129676,1129970,294
MTE2,41057,1130051,1130345,294
MTE2,41333,1130345,1130527,182
MTE2,41335,1130527,1130709,182
MTE2,41059,1130709,1131003,294
MTE2,41061,1131084,1131378,294
MTE2,41063,1131459,1131753,294
MTE2,41065,1131834,1132128,294
MTE2,41067,1132209,1132503,294
MTE2,41329,1132503,1132685,182
MTE2,41331,1132685,1132867,182
MTE2,41069,1132867,1133161,294
MTE2,41071,1133242,1133536,294
MTE2,41073,1133617,1133911,294
MTE2,41147,1133992,1134286,294
MTE2,41075,1134367,1134661,294
MTE2,41143,1134661,1134843,182
MTE2,41145,1134843,1135025,182
MTE2,41077,1135025,1135319,294
MTE2,41139,1135319,1135501,182
MTE2,41141,1135501,1135683,182
MTE2,41079,1135683,1135977,294
MTE2,41081,1136058,1136352,294
MTE2,41083,1136433,1136727,294
MTE2,41085,1136808,1137102,294
MTE2,41087,1137183,1137477,294
MTE2,41135,1137477,1137659,182
MTE2,41137,1137659,1137841,182
MTE2,41089,1137841,1138135,294
MTE2,41091,1138216,1138510,294
MTE2,41093,1138591,1138885,294
MTE2,41095,1138966,1139260,294
MTE2,41097,1139341,1139635,294
MTE2,41325,1139635,1139817,182
MTE2,41327,1139817,1139999,182
MTE2,41099,1139999,1140293,294
MTE2,41101,1140374,1140668,294
MTE2,41103,1140749,1141043,294
MTE2,41105,1141124,1141418,294
MTE2,41107,1141499,1141793,294
MTE2,41321,1141793,1141975,182
MTE2,41323,1141975,1142157,182
MTE2,41109,1142157,1142451,294
MTE2,41317,1142451,1142633,182
MTE2,41319,1142633,1142815,182
MTE2,41111,1142815,1143109,294
MTE2,41113,1143190,1143484,294
MTE2,41115,1144657,1144951,294
MTE2,41117,1145185,1145479,294
MTE2,41119,1145560,1145854,294
MTE2,41311,1145854,1146036,182
MTE2,41313,1146036,1146218,182
MTE2,41121,1146218,1146512,294
MTE2,41123,1146593,1146887,294
MTE2,41125,1146968,1147262,294
MTE2,41127,1147496,1147790,294
MTE2,41129,1147871,1148165,294
MTE2,41307,1148165,1148347,182
MTE2,41309,1148347,1148529,182
MTE2,41131,1148529,1148823,294
MTE2,41133,1148904,1149198,294
MTE2,41161,1149279,1149573,294
MTE2,41149,1149807,1150101,294
MTE2,41155,1150182,1150476,294
MTE2,41303,1150476,1150658,182
MTE2,41305,1150658,1150840,182
MTE2,41153,1150840,1151006,166
MTE2,41157,1151262,1151556,294
MTE2,41159,1151637,1151931,294
MTE2,41173,1152012,1152306,294
MTE2,41167,1152540,1152834,294
MTE2,41165,1152834,1153000,166
MTE2,41169,1153340,1153634,294
MTE2,41171,1153715,1154009,294
MTE2,41185,1154090,1154384,294
MTE2,41179,1154618,1154912,294
MTE2,41177,1154912,1155078,166
MTE2,41181,1155418,1155712,294
MTE2,41183,1155793,1156087,294
MTE2,41199,1156168,1156462,294
MTE2,41191,1156696,1156990,294
MTE2,41189,1156990,1157156,166
MTE2,41197,1157521,1157815,294
MTE2,41193,1157815,1157997,182
MTE2,41195,1157997,1158179,182
MTE2,41205,1158179,1158473,294
MTE2,41201,1158473,1158655,182
MTE2,41203,1158655,1158837,182
MTE2,41211,1158837,1159131,294
MTE2,41207,1159131,1159313,182
MTE2,41209,1159313,1159495,182
MTE2,41217,1159495,1159789,294
MTE2,41213,1159789,1159971,182
MTE2,41215,1159971,1160153,182
MTE2,41223,1160153,1160447,294
MTE2,41219,1160447,1160629,182
MTE2,41221,1160629,1160811,182
MTE2,41229,1160811,1161105,294
MTE2,41225,1161105,1161287,182
MTE2,41227,1161287,1161469,182
MTE2,41235,1161469,1161763,294
MTE2,41231,1161763,1161945,182
MTE2,41233,1161945,1162127,182
MTE2,41283,1162127,1162421,294
MTE2,41279,1162421,1162603,182
MTE2,41281,1162603,1162785,182
MTE2,41265,1162785,1163079,294
MTE2,41261,1163079,1163261,182
MTE2,41263,1163261,1163443,182
MTE2,41259,1163443,1163609,166
MTE2,41257,1163609,1163761,152
MTE2,41255,1163761,1163927,166
MTE2,41253,1163927,1164093,166
MTE2,41251,1164093,1164245,152
MTE2,41249,1164245,1164411,166
MTE2,41247,1165096,1165262,166
MTE2,41245,1165262,1165414,152
MTE2,41243,1165414,1165580,166
MTE2,41241,1165580,1165746,166
MTE2,41239,1165746,1165898,152
MTE2,41237,1165898,1166064,166
MTE2,41277,1166385,1166551,166
MTE2,41275,1166551,1166703,152
MTE2,41273,1166703,1166869,166
MTE2,41271,1166869,1167035,166
MTE2,41269,1167035,1167187,152
MTE2,41267,1167187,1167353,166
MTE2,41301,1167522,1167688,166
MTE2,41299,1167688,1167840,152
MTE2,41297,1171314,1171480,166
MTE2,41295,1171480,1171646,166
MTE2,41293,1171646,1171798,152
MTE2,41291,1171798,1171964,166
MTE2,41289,1171964,1172116,152
MTE2,41287,1172116,1172282,166
MTE2,41285,1172282,1172448,166
MTE2,41315,1172448,1172614,166
MTE2,41437,1173087,1173253,166
MTE2,41435,1173253,1173419,166
MTE2,41433,1173419,1173585,166
MTE2,41431,1173585,1173751,166
MTE2,41429,1173751,1173917,166
MTE2,41427,1173917,1174083,166
MTE2,41425,1174083,1174235,152
MTE2,41423,1174235,1174401,166
MTE2,41421,1174401,1174567,166
MTE2,41419,1174567,1174733,166
MTE2,41417,1174733,1174899,166
MTE2,41415,1174899,1175065,166
MTE2,41413,1175065,1175231,166
MTE2,41411,1175231,1175397,166
MTE2,41409,1175397,1175563,166
MTE2,41407,1175563,1175729,166
MTE2,41405,1175729,1175881,152
MTE2,41403,1175881,1176047,166
MTE2,41401,1176047,1176213,166
MTE2,41399,1176213,1176379,166
MTE2,41397,1176379,1176545,166
MTE2,41395,1176545,1176711,166
MTE2,41393,1176711,1176877,166
MTE2,41391,1176877,1177043,166
MTE2,41389,1177043,1177209,166
MTE2,41387,1177209,1177375,166
MTE2,41385,1177375,1177527,152
MTE2,41383,1177527,1177693,166
MTE2,41381,1177693,1177859,166
MTE2,41379,1177859,1178025,166
MTE2,41377,1178025,1178191,166
MTE2,41375,1178191,1178357,166
MTE2,41373,1178357,1178523,166
MTE2,41371,1178523,1178689,166
MTE2,41369,1178689,1178855,166
MTE2,41367,1178855,1179021,166
MTE2,41365,1179021,1179173,152
MTE2,41363,1179173,1179339,166
MTE2,41361,1179339,1179505,166
MTE2,41339,1179505,1179671,166
MTE2,41341,1179992,1180158,166
MTE2,41343,1180296,1180462,166
MTE2,41345,1180462,1180628,166
MTE2,41347,1180628,1180794,166
MTE2,41349,1180794,1180960,166
MTE2,41359,1180960,1181126,166
MTE2,41357,1181126,1181278,152
MTE2,41355,1181278,1181444,166
MTE2,41353,1181444,1181610,166
MTE2,41351,1181610,1181776,166
MTE2,36367,1182124,1182338,214
MTE2,36369,1182746,1182960,214
MTE2,36371,1183236,1183450,214
MTE2,36373,1183742,1183956,214
MTE2,36375,1184248,1184462,214
MTE2,36377,1184754,1184968,214
MTE2,36379,1185260,1185474,214
MTE2,36381,1185982,1186196,214
MTE2,41445,1186196,1186490,294
MTE2,41443,1186490,1186656,166
MTE2,41441,1186656,1186822,166
MTE2,41447,1193705,1193999,294
MTE2,41449,1194080,1194374,294
MTE2,41451,1194455,1194749,294
MTE2,41453,1194830,1195124,294
MTE2,41455,1195205,1195499,294
MTE2,41457,1195580,1195874,294
MTE2,41459,1195955,1196249,294
MTE2,41461,1196330,1196624,294
MTE2,41463,1196786,1197080,294
MTE2,41465,1197080,1197374,294
MTE2,41467,1197374,1197668,294
MTE2,41469,1197983,1198277,294
MTE2,41471,1198358,1198652,294
MTE2,41473,1198733,1199027,294
MTE2,41475,1199108,1199402,294
MTE2,41477,1199483,1199777,294
MTE2,41479,1200020,1200314,294
MTE2,41481,1200395,1200689,294
MTE2,41483,1200770,1201064,294
MTE2,41485,1201145,1201439,294
MTE2,41487,1201754,1202048,294
MTE2,41489,1202129,1202423,294
MTE2,41491,1202504,1202798,294
MTE2,41493,1202879,1203173,294
MTE2,41833,1203254,1203548,294
MTE2,41495,1203629,1203923,294
MTE2,41751,1204004,1204298,294
MTE2,41729,1204379,1204673,294
MTE2,41497,1204754,1205048,294
MTE2,41725,1205048,1205230,182
MTE2,41727,1205230,1205412,182
MTE2,41499,1205412,1205706,294
MTE2,41721,1205706,1205888,182
MTE2,41723,1205888,1206070,182
MTE2,41579,1206070,1206364,294
MTE2,41501,1206445,1206739,294
MTE2,41503,1206820,1207114,294
MTE2,41505,1207195,1207489,294
MTE2,41507,1207570,1207864,294
MTE2,41575,1207864,1208046,182
MTE2,41577,1208046,1208228,182
MTE2,41509,1208228,1208522,294
MTE2,41511,1208603,1208897,294
MTE2,41513,1208978,1209272,294
MTE2,41515,1209353,1209647,294
MTE2,41517,1209728,1210022,294
MTE2,41571,1210022,1210204,182
MTE2,41573,1210204,1210386,182
MTE2,41519,1210386,1210680,294
MTE2,41521,1210761,1211055,294
MTE2,41523,1211136,1211430,294
MTE2,41525,1211511,1211805,294
MTE2,41527,1211886,1212180,294
MTE2,41567,1212180,1212362,182
MTE2,41569,1212362,1212544,182
MTE2,41529,1212544,1212838,294
MTE2,41717,1212838,1213020,182
MTE2,41719,1213020,1213202,182
MTE2,41531,1213202,1213496,294
MTE2,41533,1213577,1213871,294
MTE2,41535,1213952,1214246,294
MTE2,41537,1214327,1214621,294
MTE2,41539,1214702,1214996,294
MTE2,41713,1214996,1215178,182
MTE2,41715,1215178,1215360,182
MTE2,41541,1215360,1215654,294
MTE2,41543,1215735,1216029,294
MTE2,41545,1216110,1216404,294
MTE2,41547,1216485,1216779,294
MTE2,41549,1216860,1217154,294
MTE2,41709,1217154,1217336,182
MTE2,41711,1217336,1217518,182
MTE2,41551,1217518,1217812,294
MTE2,41553,1217893,1218187,294
MTE2,41555,1218268,1218562,294
MTE2,41557,1218643,1218937,294
MTE2,41559,1219018,1219312,294
MTE2,41705,1219312,1219494,182
MTE2,41707,1219494,1219676,182
MTE2,41561,1219676,1219970,294
MTE2,41701,1219970,1220152,182
MTE2,41703,1220152,1220334,182
MTE2,41563,1220334,1220628,294
MTE2,41565,1220709,1221003,294
MTE2,41589,1223632,1223926,294
MTE2,41581,1224160,1224454,294
MTE2,41583,1224535,1224829,294
MTE2,41697,1224829,1225011,182
MTE2,41699,1225011,1225193,182
MTE2,41585,1225193,1225487,294
MTE2,41587,1225568,1225862,294
MTE2,41599,1225943,1226237,294
MTE2,41591,1226471,1226765,294
MTE2,41593,1226846,1227140,294
MTE2,41693,1227140,1227322,182
MTE2,41695,1227322,1227504,182
MTE2,41595,1227504,1227798,294
MTE2,41597,1227879,1228173,294
MTE2,41613,1228254,1228548,294
MTE2,41601,1228782,1229076,294
MTE2,41607,1229157,1229451,294
MTE2,41689,1229451,1229633,182
MTE2,41691,1229633,1229815,182
MTE2,41605,1229815,1229981,166
MTE2,41609,1230237,1230531,294
MTE2,41611,1230612,1230906,294
MTE2,41625,1230987,1231281,294
MTE2,41619,1231515,1231809,294
MTE2,41617,1231809,1231975,166
MTE2,41621,1232315,1232609,294
MTE2,41623,1232690,1232984,294
MTE2,41637,1233065,1233359,294
MTE2,41631,1233593,1233887,294
MTE2,41629,1233887,1234053,166
MTE2,41633,1234393,1234687,294
MTE2,41635,1234768,1235062,294
MTE2,41675,1235143,1235437,294
MTE2,41643,1235671,1235965,294
MTE2,41641,1235965,1236131,166
MTE2,41661,1236496,1236790,294
MTE2,41657,1236790,1236972,182
MTE2,41659,1236972,1237154,182
MTE2,41655,1237154,1237320,166
MTE2,41653,1237320,1237472,152
MTE2,41651,1237472,1237638,166
MTE2,41649,1237655,1237821,166
MTE2,41647,1237821,1237973,152
MTE2,41645,1237973,1238139,166
MTE2,41673,1238156,1238322,166
MTE2,41671,1238322,1238474,152
MTE2,41669,1238474,1238640,166
MTE2,41667,1238657,1238823,166
MTE2,41665,1238823,1238975,152
MTE2,41663,1238975,1239141,166
MTE2,41687,1239158,1239324,166
MTE2,41685,1239324,1239476,152
MTE2,41683,1239476,1239642,166
MTE2,41681,1239642,1239808,166
MTE2,41679,1239808,1239960,152
MTE2,41677,1239960,1240126,166
MTE2,41749,1240126,1240292,166
MTE2,41747,1240292,1240444,152
MTE2,41745,1240444,1240610,166
MTE2,41743,1240610,1240776,166
MTE2,41741,1240776,1240928,152
MTE2,41739,1240928,1241094,166
MTE2,41737,1241094,1241246,152
MTE2,41735,1241246,1241412,166
MTE2,41733,1241429,1241595,166
MTE2,41731,1241612,1241778,166
MTE2,41831,1241795,1241961,166
MTE2,41829,1241978,1242144,166
MTE2,41827,1242161,1242327,166
MTE2,41825,1242344,1242510,166
MTE2,41823,1242527,1242693,166
MTE2,41821,1242710,1242876,166
MTE2,41819,1242876,1243028,152
MTE2,41817,1243028,1243194,166
MTE2,41815,1243211,1243377,166
MTE2,41813,1243394,1243560,166
MTE2,41811,1243577,1243743,166
MTE2,41809,1243760,1243926,166
MTE2,41807,1243943,1244109,166
MTE2,41805,1244126,1244292,166
MTE2,41803,1244309,1244475,166
MTE2,41801,1244492,1244658,166
MTE2,41799,1244658,1244810,152
MTE2,41797,1244810,1244976,166
MTE2,41795,1244993,1245159,166
MTE2,41793,1245176,1245342,166
MTE2,41791,1245359,1245525,166
MTE2,41789,1245542,1245708,166
MTE2,41787,1245725,1245891,166
MTE2,41785,1245908,1246074,166
MTE2,41783,1246091,1246257,166
MTE2,41781,1246274,1246440,166
MTE2,41779,1246440,1246592,152
MTE2,41777,1246592,1246758,166
MTE2,41775,1246775,1246941,166
MTE2,41773,1246958,1247124,166
MTE2,41771,1247141,1247307,166
MTE2,41769,1247324,1247490,166
MTE2,41767,1247507,1247673,166
MTE2,41765,1247690,1247856,166
MTE2,41763,1247873,1248039,166
MTE2,41761,1248056,1248222,166
MTE2,41759,1248222,1248374,152
MTE2,41757,1248374,1248540,166
MTE2,41755,1248557,1248723,166
MTE2,41753,1248740,1248906,166
MTE2,36383,1249835,1250049,214
MTE2,36385,1250382,1250596,214
MTE2,36387,1250872,1251086,214
MTE2,36389,1251378,1251592,214
MTE2,36391,1251884,1252098,214
MTE2,36393,1252390,1252604,214
MTE2,36395,1252896,1253110,214
MTE2,36397,1253402,1253616,214
MTE2,41835,1260630,1260924,294
MTE2,41837,1261494,1261788,294
MTE2,41839,1262022,1262316,294
MTE2,41841,1262550,1262844,294
MTE2,41843,1263078,1263372,294
MTE2,41845,1263372,1263666,294
MTE2,41847,1263666,1263960,294
MTE2,41849,1263960,1264254,294
MTE2,41851,1265118,1265412,294
MTE2,41853,1265646,1265940,294
MTE2,41855,1265940,1266234,294
MTE2,41857,1266234,1266528,294
MTE2,41859,1266762,1267056,294
MTE2,42091,1267056,1267350,294
MTE2,42087,1267350,1267532,182
MTE2,42089,1267532,1267714,182
MTE2,41861,1267714,1268008,294
MTE2,41863,1268089,1268383,294
MTE2,41865,1268464,1268758,294
MTE2,41867,1268839,1269133,294
MTE2,41987,1269214,1269508,294
MTE2,41983,1269508,1269690,182
MTE2,41985,1269690,1269872,182
MTE2,41869,1269872,1270166,294
MTE2,41871,1270247,1270541,294
MTE2,41873,1270622,1270916,294
MTE2,41875,1270997,1271291,294
MTE2,41877,1271372,1271666,294
MTE2,41979,1271666,1271848,182
MTE2,41981,1271848,1272030,182
MTE2,41879,1272030,1272324,294
MTE2,41881,1272405,1272699,294
MTE2,41883,1272780,1273074,294
MTE2,41885,1273155,1273449,294
MTE2,41887,1273530,1273824,294
MTE2,41975,1273824,1274006,182
MTE2,41977,1274006,1274188,182
MTE2,41889,1274188,1274482,294
MTE2,41971,1274482,1274664,182
MTE2,41973,1274664,1274846,182
MTE2,41891,1274846,1275140,294
MTE2,41893,1275221,1275515,294
MTE2,41895,1275596,1275890,294
MTE2,41897,1275971,1276265,294
MTE2,41899,1276346,1276640,294
MTE2,41967,1276640,1276822,182
MTE2,41969,1276822,1277004,182
MTE2,41901,1277004,1277298,294
MTE2,41903,1277379,1277673,294
MTE2,41905,1277754,1278048,294
MTE2,41907,1278129,1278423,294
MTE2,41909,1278504,1278798,294
MTE2,41963,1278798,1278980,182
MTE2,41965,1278980,1279162,182
MTE2,41911,1279162,1279456,294
MTE2,41913,1279537,1279831,294
MTE2,41915,1279912,1280206,294
MTE2,41917,1280287,1280581,294
MTE2,41919,1280662,1280956,294
MTE2,41959,1280956,1281138,182
MTE2,41961,1281138,1281320,182
MTE2,41921,1281473,1281767,294
MTE2,42083,1281767,1281949,182
MTE2,42085,1281949,1282131,182
MTE2,41923,1282131,1282425,294
MTE2,41925,1282506,1282800,294
MTE2,41927,1282881,1283175,294
MTE2,41929,1283409,1283703,294
MTE2,41931,1283784,1284078,294
MTE2,42079,1284078,1284260,182
MTE2,42081,1284260,1284442,182
MTE2,41933,1284442,1284736,294
MTE2,41935,1284817,1285111,294
MTE2,41937,1285192,1285486,294
MTE2,41939,1285720,1286014,294
MTE2,41941,1286095,1286389,294
MTE2,42075,1286389,1286571,182
MTE2,42077,1286571,1286753,182
MTE2,41943,1286753,1287047,294
MTE2,41945,1287128,1287422,294
MTE2,41947,1287503,1287797,294
MTE2,41949,1288031,1288325,294
MTE2,41951,1288406,1288700,294
MTE2,42071,1288700,1288882,182
MTE2,42073,1288882,1289064,182
MTE2,41953,1289064,1289358,294
MTE2,42067,1289358,1289540,182
MTE2,42069,1289540,1289722,182
MTE2,41955,1289722,1290016,294
MTE2,41957,1290097,1290391,294
MTE2,41997,1290472,1290766,294
MTE2,41989,1291000,1291294,294
MTE2,41991,1291375,1291669,294
MTE2,42063,1291669,1291851,182
MTE2,42065,1291851,1292033,182
MTE2,41993,1292033,1292327,294
MTE2,41995,1292408,1292702,294
MTE2,42007,1292783,1293077,294
MTE2,41999,1293311,1293605,294
MTE2,42001,1293686,1293980,294
MTE2,42059,1293980,1294162,182
MTE2,42061,1294162,1294344,182
MTE2,42003,1294344,1294638,294
MTE2,42005,1294719,1295013,294
MTE2,42021,1295094,1295388,294
MTE2,42009,1295622,1295916,294
MTE2,42015,1295997,1296291,294
MTE2,42055,1296291,1296473,182
MTE2,42057,1296473,1296655,182
MTE2,42013,1296655,1296821,166
MTE2,42017,1297077,1297371,294
MTE2,42019,1297452,1297746,294
MTE2,42033,1297827,1298121,294
MTE2,42027,1298355,1298649,294
MTE2,42025,1298649,1298815,166
MTE2,42029,1299155,1299449,294
MTE2,42031,1299530,1299824,294
MTE2,42045,1299905,1300199,294
MTE2,42039,1300433,1300727,294
MTE2,42037,1300727,1300893,166
MTE2,42041,1301233,1301527,294
MTE2,42043,1301608,1301902,294
MTE2,42053,1301983,1302277,294
MTE2,42051,1302511,1302805,294
MTE2,42049,1302805,1302971,166
MTE2,42093,1309838,1310132,294
MTE2,42095,1310693,1310987,294
MTE2,42097,1311719,1312013,294
MTE2,42099,1312247,1312541,294
MTE2,42101,1312775,1313069,294
MTE2,42103,1313303,1313597,294
MTE2,42105,1313597,1313891,294
MTE2,42107,1314125,1314419,294
MTE2,42109,1314653,1314947,294
MTE2,42111,1315181,1315475,294
MTE2,42113,1315709,1316003,294
MTE2,42115,1316003,1316297,294
MTE2,42117,1316297,1316591,294
MTE2,42119,1316591,1316885,294
MTE2,42121,1316885,1317179,294
MTE2,42123,1317413,1317707,294
MTE2,42125,1317707,1318001,294
MTE2,42127,1318001,1318295,294
MTE2,42129,1318295,1318589,294
MTE2,42131,1318823,1319117,294
MTE2,42133,1319117,1319411,294
MTE2,42135,1319411,1319705,294
MTE2,42137,1319705,1319999,294
MTE2,42139,1319999,1320293,294
MTE2,42141,1320293,1320587,294
MTE2,42143,1320587,1320881,294
MTE2,42145,1320881,1321175,294
MTE2,42147,1321175,1321469,294
MTE2,42149,1321469,1321763,294
MTE2,42151,1321763,1322057,294
MTE2,42159,1322057,1322351,294
MTE2,42153,1322351,1322645,294
MTE2,42155,1322645,1322939,294
MTE2,42157,1323020,1323314,294
MTE2,42169,1323395,1323689,294
MTE2,42161,1323770,1324064,294
MTE2,42163,1324145,1324439,294
MTE2,42165,1324520,1324814,294
MTE2,42167,1324895,1325189,294
MTE2,42179,1325270,1325564,294
MTE2,42171,1325645,1325939,294
MTE2,42173,1326020,1326314,294
MTE2,42175,1326395,1326689,294
MTE2,42177,1326770,1327064,294
MTE2,42191,1327145,1327439,294
MTE2,42181,1327520,1327814,294
MTE2,42183,1327895,1328189,294
MTE2,42185,1328270,1328564,294
MTE2,42187,1328645,1328939,294
MTE2,42189,1329020,1329314,294
MTE2,42201,1329395,1329689,294
MTE2,42193,1329770,1330064,294
MTE2,42195,1330145,1330439,294
MTE2,42197,1330520,1330814,294
MTE2,42199,1330895,1331189,294
MTE2,42211,1331270,1331564,294
MTE2,42203,1331645,1331939,294
MTE2,42205,1332020,1332314,294
MTE2,42207,1332395,1332689,294
MTE2,42209,1332770,1333064,294
MTE2,42225,1333145,1333439,294
MTE2,42213,1333520,1333814,294
MTE2,42219,1333895,1334189,294
MTE2,42217,1334189,1334355,166
MTE2,42221,1334679,1334973,294
MTE2,42223,1335054,1335348,294
MTE2,42237,1335429,1335723,294
MTE2,42227,1335804,1336098,294
MTE2,42235,1336098,1336264,166
MTE2,42231,1336604,1336898,294
MTE2,42233,1336979,1337273,294
MTE2,42249,1337354,1337648,294
MTE2,42239,1337729,1338023,294
MTE2,42247,1338023,1338189,166
MTE2,42243,1338529,1338823,294
MTE2,42245,1338904,1339198,294
MTE2,42251,1339666,1339960,294
MTE2,42255,1347794,1348088,294
MTE2,42257,1348088,1348382,294
MTE2,42259,1348616,1348910,294
MTE2,42261,1349144,1349438,294
MTE2,42263,1349672,1349966,294
MTE2,42265,1349966,1350260,294
MTE2,42267,1350260,1350554,294
MTE2,42269,1350554,1350848,294
MTE2,42271,1351082,1351376,294
MTE2,42273,1351376,1351670,294
MTE2,42275,1351904,1352198,294
MTE2,42277,1352198,1352492,294
MTE2,42279,1352492,1352786,294
MTE2,42281,1352786,1353080,294
MTE2,42283,1353080,1353374,294
MTE2,42285,1353374,1353668,294
MTE2,42287,1353668,1353962,294
MTE2,42289,1354043,1354337,294
MTE2,42291,1354418,1354712,294
MTE2,42293,1354793,1355087,294
MTE2,42295,1355168,1355462,294
MTE2,42297,1355543,1355837,294
MTE2,42299,1355918,1356212,294
MTE2,42301,1356293,1356587,294
MTE2,42303,1356668,1356962,294
MTE2,42305,1357043,1357337,294
MTE2,42307,1357418,1357712,294
MTE2,42309,1357793,1358087,294
MTE2,42311,1358168,1358462,294
MTE2,42313,1358543,1358837,294
MTE2,42319,1358918,1359212,294
MTE2,42317,1359212,1359378,166
MTE2,42321,1359702,1359996,294
MTE2,42323,1360077,1360371,294
MTE2,42325,1360452,1360746,294
MTE2,42331,1360827,1361121,294
MTE2,42329,1361121,1361287,166
MTE2,42333,1361627,1361921,294
MTE2,42335,1362002,1362296,294
MTE2,42337,1362377,1362671,294
MTE2,42343,1362752,1363046,294
MTE2,42341,1363046,1363212,166
MTE2,42345,1363552,1363846,294
MTE2,42349,1366973,1367267,294
MTE2,42351,1368071,1368365,294
MTE2,42353,1368365,1368659,294
MTE2,42355,1373336,1373630,294
MTE2,42357,1373630,1373924,294
MTE2,42359,1373924,1374218,294
MTE2,42361,1374218,1374512,294
MTE2,42363,1374512,1374806,294
MTE2,42365,1374806,1375100,294
MTE2,42367,1375100,1375394,294
MTE2,42369,1375394,1375688,294
MTE2,42371,1375688,1375982,294
MTE2,42373,1375982,1376276,294
MTE2,42375,1376276,1376570,294
MTE2,42381,1376570,1376864,294
MTE2,42379,1376864,1377030,166
MTE2,42383,1377030,1377324,294
MTE2,42385,1377324,1377618,294
MTE2,42387,1377618,1377912,294
MTE2,42393,1377993,1378287,294
MTE2,42391,1378287,1378453,166
MTE2,42395,1378793,1379087,294
MTE2,42397,1379168,1379462,294
MTE2,42399,1379543,1379837,294
MTE2,42405,1379918,1380212,294
MTE2,42403,1380212,1380378,166
MTE2,42411,1389640,1389934,294
MTE2,42417,1390168,1390462,294
MTE2,42415,1390462,1390628,166
MTE2,42419,1390628,1390922,294
MTE2,42421,1390922,1391216,294
MTE2,42423,1391216,1391510,294
MTE2,36139,1396261,1396427,166
MTE2,39953,1403783,1403997,214
MTE2,36141,1403997,1404163,166
MTE2,39965,1404163,1404377,214
MTE2,36143,1404377,1404543,166
MTE2,39977,1404543,1404757,214
MTE2,36145,1404757,1404923,166
MTE2,39989,1404923,1405137,214
MTE2,40547,1405203,1405417,214
MTE2,40561,1405417,1405631,214
MTE2,40573,1405631,1405845,214
MTE2,40585,1405886,1406100,214
MTE2,41151,1406166,1406380,214
MTE2,41163,1406380,1406594,214
MTE2,41175,1406594,1406808,214
MTE2,41187,1406849,1407063,214
MTE2,41603,1407129,1407343,214
MTE2,41615,1407343,1407557,214
MTE2,41627,1407557,1407771,214
MTE2,41639,1407812,1408026,214
MTE2,42011,1408092,1408306,214
MTE2,42023,1408306,1408520,214
MTE2,42035,1408520,1408734,214
MTE2,42047,1408775,1408989,214
MTE2,42215,1409055,1409269,214
MTE2,42229,1409269,1409483,214
MTE2,42241,1409483,1409697,214
MTE2,42253,1409738,1409952,214
MTE2,42315,1410018,1410232,214
MTE2,42327,1410232,1410446,214
MTE2,42339,1410446,1410660,214
MTE2,42347,1410701,1410915,214
MTE2,42377,1410981,1411195,214
MTE2,42389,1411195,1411409,214
MTE2,42401,1411409,1411623,214
MTE2,42409,1411664,1411878,214
MTE2,42407,1411944,1412158,214
MTE2,42413,1412158,1412372,214
MTE2,36147,1412978,1413144,166
MTE2,36149,1413144,1413310,166
MTE2,36151,1413310,1413476,166
MTE2,36153,1413476,1413642,166
MTE3,36086,52501,52501,0
MTE3,36088,52593,52593,0
MTE3,36090,52685,52685,0
MTE3,36092,52777,52777,0
MTE3,36094,52869,52869,0
MTE3,36096,52961,52961,0
MTE3,36098,53053,53053,0
MTE3,36100,53145,53145,0
MTE3,36102,53237,53237,0
MTE3,36104,53329,53329,0
MTE3,36106,53421,53421,0
MTE3,36108,53513,53513,0
MTE3,36110,53605,53605,0
MTE3,36112,53697,53697,0
MTE3,36114,53789,53789,0
MTE3,36116,53881,53881,0
MTE3,36118,53973,53973,0
MTE3,36120,54065,54065,0
MTE3,36122,54157,54157,0
MTE3,36124,54249,54249,0
MTE3,36126,54341,54341,0
MTE3,36128,54433,54433,0
MTE3,36130,54433,54433,0
MTE3,36132,54433,54433,0
MTE3,36134,54433,54433,0
MTE3,36136,54433,54433,0
MTE3,36138,54525,54525,0
MTE3,36140,54617,54617,0
MTE3,36142,54709,54709,0
MTE3,36144,54801,54801,0
MTE3,36146,54893,54893,0
MTE3,36148,54985,54985,0
MTE3,36150,55077,55077,0
MTE3,36152,55169,55169,0
MTE3,36154,55169,55169,0
MTE3,36156,55169,55169,0
MTE3,36158,55169,55169,0
MTE3,36160,55169,55169,0
MTE3,36162,55169,55169,0
MTE3,36164,55169,55169,0
MTE3,36166,55169,55169,0
MTE3,36168,55169,55169,0
MTE3,36170,55169,55169,0
MTE3,36172,55169,55169,0
MTE3,36174,55169,55169,0
MTE3,36176,55169,55169,0
MTE3,36178,55169,55169,0
MTE3,36180,55169,55169,0
MTE3,36182,55169,55169,0
MTE3,36184,55169,55169,0
MTE3,36186,55169,55169,0
MTE3,36188,55169,55169,0
MTE3,36190,55169,55169,0
MTE3,36192,55169,55169,0
MTE3,36194,55169,55169,0
MTE3,36196,55169,55169,0
MTE3,36198,55169,55169,0
MTE3,36200,55169,55169,0
MTE3,36202,55169,55169,0
MTE3,36204,55169,55169,0
MTE3,36206,55169,55169,0
MTE3,36208,55169,55169,0
MTE3,36210,55169,55169,0
MTE3,36212,55169,55169,0
MTE3,36214,55169,55169,0
MTE3,36216,55169,55169,0
MTE3,36218,55169,55169,0
MTE3,36220,55169,55169,0
MTE3,36222,56393,56393,0
MTE3,36224,56529,56529,0
MTE3,36226,56665,56665,0
MTE3,36228,56801,56801,0
MTE3,36230,56937,56937,0
MTE3,36232,57073,57073,0
MTE3,36234,57209,57209,0
MTE3,36236,57345,57345,0
MTE3,36238,57481,57481,0
MTE3,36240,57617,57617,0
MTE3,36242,57753,57753,0
MTE3,36244,57889,57889,0
MTE3,36246,58025,58025,0
MTE3,36248,58161,58161,0
MTE3,36250,58297,58297,0
MTE3,36252,58433,58433,0
MTE3,36254,58569,58569,0
MTE3,36256,58705,58705,0
MTE3,36258,58841,58841,0
MTE3,36260,58977,58977,0
MTE3,36262,59113,59113,0
MTE3,36264,59249,59249,0
MTE3,36266,59385,59385,0
MTE3,36268,59521,59521,0
MTE3,36270,59657,59657,0
MTE3,36272,59793,59793,0
MTE3,36274,59929,59929,0
MTE3,36276,60065,60065,0
MTE3,36278,60201,60201,0
MTE3,36280,60337,60337,0
MTE3,36282,60473,60473,0
MTE3,36284,60609,60609,0
MTE3,36286,60745,60745,0
MTE3,36288,60881,60881,0
MTE3,36290,61017,61017,0
MTE3,36292,61153,61153,0
MTE3,36294,61289,61289,0
MTE3,36296,61425,61425,0
MTE3,36298,61561,61561,0
MTE3,36300,61697,61697,0
MTE3,36302,61833,61833,0
MTE3,36304,61969,61969,0
MTE3,36306,62105,62105,0
MTE3,36308,62241,62241,0
MTE3,36310,62377,62377,0
MTE3,36312,62513,62513,0
MTE3,36314,62649,62649,0
MTE3,36316,62785,62785,0
MTE3,36318,62921,62921,0
MTE3,36320,63057,63057,0
MTE3,36322,63193,63193,0
MTE3,36324,63329,63329,0
MTE3,36326,63465,63465,0
MTE3,36328,63601,63601,0
MTE3,36330,63737,63737,0
MTE3,36332,63873,63873,0
MTE3,36334,64009,64009,0
MTE3,36336,64145,64145,0
MTE3,36338,64281,64281,0
MTE3,36340,64417,64417,0
MTE3,36342,64553,64553,0
MTE3,36344,64689,64689,0
MTE3,36346,64825,64825,0
MTE3,36348,64961,64961,0
MTE3,36350,65097,65097,0
MTE3,36352,65233,65233,0
MTE3,36354,65369,65369,0
MTE3,36356,65505,65505,0
MTE3,36358,65641,65641,0
MTE3,36360,65777,65777,0
MTE3,36362,65913,65913,0
MTE3,36364,66049,66049,0
MTE3,36366,66185,66185,0
MTE3,36368,66321,66321,0
MTE3,36370,66457,66457,0
MTE3,36372,66593,66593,0
MTE3,36374,66729,66729,0
MTE3,36376,66865,66865,0
MTE3,36378,67001,67001,0
MTE3,36380,67137,67137,0
MTE3,36382,67273,67273,0
MTE3,36384,67409,67409,0
MTE3,36386,67545,67545,0
MTE3,36388,67681,67681,0
MTE3,36390,67817,67817,0
MTE3,36392,67953,67953,0
MTE3,36394,68089,68089,0
MTE3,36396,68225,68225,0
MTE3,36398,68225,68225,0
MTE3,36400,68225,68225,0
MTE3,36402,68225,68225,0
MTE3,36404,68225,68225,0
MTE3,36406,68225,68225,0
MTE3,36408,68225,68225,0
MTE3,36410,68225,68225,0
MTE3,36412,68225,68225,0
MTE3,36414,68225,68225,0
MTE3,36416,68225,68225,0
MTE3,36418,68225,68225,0
MTE3,36420,68225,68225,0
MTE3,36422,68225,68225,0
MTE3,36424,68225,68225,0
MTE3,36426,68225,68225,0
MTE3,36428,68225,68225,0
MTE3,36430,68225,68225,0
MTE3,36432,68225,68225,0
MTE3,36434,68225,68225,0
MTE3,36436,68225,68225,0
MTE3,36438,68225,68225,0
MTE3,36440,68225,68225,0
MTE3,36442,68225,68225,0
MTE3,36444,68225,68225,0
MTE3,36446,68225,68225,0
MTE3,36448,68225,68225,0
MTE3,36450,68225,68225,0
MTE3,36452,68225,68225,0
MTE3,36454,68225,68225,0
MTE3,36456,68225,68225,0
MTE3,36458,68225,68225,0
MTE3,36460,68225,68225,0
MTE3,36462,68225,68225,0
MTE3,36464,68225,68225,0
MTE3,36466,68225,68225,0
MTE3,36468,68225,68225,0
MTE3,36470,68225,68225,0
MTE3,36472,68225,68225,0
MTE3,36474,68225,68225,0
MTE3,36476,68225,68225,0
MTE3,36478,68225,68225,0
MTE3,36480,68225,68225,0
MTE3,36482,68225,68225,0
MTE3,36484,68225,68225,0
MTE3,36486,68225,68225,0
MTE3,36488,68225,68225,0
MTE3,36490,68225,68225,0
MTE3,36492,68225,68225,0
MTE3,36494,68225,68225,0
MTE3,36496,68225,68225,0
MTE3,36498,68225,68225,0
MTE3,36500,68225,68225,0
MTE3,36502,68225,68225,0
MTE3,36504,68225,68225,0
MTE3,36506,68225,68225,0
MTE3,36508,68225,68225,0
MTE3,36510,68225,68225,0
MTE3,36512,68225,68225,0
MTE3,36514,68225,68225,0
MTE3,36516,68225,68225,0
MTE3,36518,68225,68225,0
MTE3,36520,68225,68225,0
MTE3,36522,68225,68225,0
MTE3,36524,68225,68225,0
MTE3,36526,68225,68225,0
MTE3,36528,68225,68225,0
MTE3,36530,68225,68225,0
MTE3,36532,68225,68225,0
MTE3,36534,68225,68225,0
MTE3,36536,68225,68225,0
MTE3,36538,68225,68225,0
MTE3,36540,68225,68225,0
MTE3,36542,68225,68225,0
MTE3,36544,68225,68225,0
MTE3,36546,68225,68225,0
MTE3,36548,68225,68225,0
MTE3,36550,68225,68225,0
MTE3,36552,68225,68225,0
MTE3,36554,68225,68225,0
MTE3,36556,68225,68225,0
MTE3,36558,68225,68225,0
MTE3,36560,68225,68225,0
MTE3,36562,68225,68225,0
MTE3,36564,68225,68225,0
MTE3,36566,68225,68225,0
MTE3,36568,68225,68225,0
MTE3,36570,68225,68225,0
MTE3,36572,68225,68225,0
MTE3,36574,68225,68225,0
MTE3,36576,68225,68225,0
MTE3,36578,68225,68225,0
MTE3,36580,68225,68225,0
MTE3,36582,68225,68225,0
MTE3,36584,68225,68225,0
MTE3,36586,68225,68225,0
MTE3,36588,68225,68225,0
MTE3,36590,68225,68225,0
MTE3,36592,68225,68225,0
MTE3,36594,68225,68225,0
MTE3,36596,68225,68225,0
MTE3,36598,68225,68225,0
MTE3,36600,68225,68225,0
MTE3,36602,68225,68225,0
MTE3,36604,68225,68225,0
MTE3,36606,68225,68225,0
MTE3,36608,68225,68225,0
MTE3,36610,68225,68225,0
MTE3,36612,68225,68225,0
MTE3,36614,68225,68225,0
MTE3,36616,68225,68225,0
MTE3,36618,68225,68225,0
MTE3,36620,68225,68225,0
MTE3,36622,68225,68225,0
MTE3,36624,68225,68225,0
MTE3,36626,68225,68225,0
MTE3,36628,68225,68225,0
MTE3,36630,68225,68225,0
MTE3,36632,68225,68225,0
MTE3,36634,68225,68225,0
MTE3,36636,68225,68225,0
MTE3,36638,68225,68225,0
MTE3,36640,68225,68225,0
MTE3,36642,68225,68225,0
MTE3,36644,68225,68225,0
MTE3,36646,68225,68225,0
MTE3,36648,68225,68225,0
MTE3,36650,68225,68225,0
MTE3,36652,68225,68225,0
MTE3,36654,68225,68225,0
MTE3,36656,68225,68225,0
MTE3,36658,68225,68225,0
MTE3,36660,68225,68225,0
MTE3,36662,68225,68225,0
MTE3,36664,68225,68225,0
MTE3,36666,68225,68225,0
MTE3,36668,68225,68225,0
MTE3,36670,68225,68225,0
MTE3,36672,68225,68225,0
MTE3,36674,68225,68225,0
MTE3,36676,68225,68225,0
MTE3,36678,68225,68225,0
MTE3,36680,68225,68225,0
MTE3,36682,68225,68225,0
MTE3,36684,68225,68225,0
MTE3,36686,68225,68225,0
MTE3,36688,68225,68225,0
MTE3,36690,68225,68225,0
MTE3,36692,68225,68225,0
MTE3,36694,68225,68225,0
MTE3,36696,68225,68225,0
MTE3,36698,68225,68225,0
MTE3,36700,68225,68225,0
MTE3,36702,68225,68225,0
MTE3,36704,68225,68225,0
MTE3,36706,68225,68225,0
MTE3,36708,68225,68225,0
MTE3,36710,68225,68225,0
MTE3,36712,68225,68225,0
MTE3,36714,68225,68225,0
MTE3,36716,68225,68225,0
MTE3,36718,68225,68225,0
MTE3,36720,68225,68225,0
MTE3,36722,68225,68225,0
MTE3,36724,68225,68225,0
MTE3,36726,68225,68225,0
MTE3,36728,68225,68225,0
MTE3,36730,68225,68225,0
MTE3,36732,68225,68225,0
MTE3,36734,68225,68225,0
MTE3,36736,68225,68225,0
MTE3,36738,68225,68225,0
MTE3,36740,68225,68225,0
MTE3,36742,68225,68225,0
MTE3,36744,68225,68225,0
MTE3,36746,68225,68225,0
MTE3,36748,68225,68225,0
MTE3,36750,68225,68225,0
MTE3,36752,68225,68225,0
MTE3,36754,68225,68225,0
MTE3,36756,68225,68225,0
MTE3,36758,68225,68225,0
MTE3,36760,68225,68225,0
MTE3,36762,68225,68225,0
MTE3,36764,68225,68225,0
MTE3,36766,68225,68225,0
MTE3,36768,68225,68225,0
MTE3,36770,68225,68225,0
MTE3,36772,68225,68225,0
MTE3,36774,68225,68225,0
MTE3,36776,68225,68225,0
MTE3,36778,68225,68225,0
MTE3,36780,68225,68225,0
MTE3,36782,68225,68225,0
MTE3,36784,68225,68225,0
MTE3,36786,68225,68225,0
MTE3,36788,68225,68225,0
MTE3,36790,68225,68225,0
MTE3,36792,68225,68225,0
MTE3,36794,68225,68225,0
MTE3,36796,68225,68225,0
MTE3,36798,68225,68225,0
MTE3,36800,68225,68225,0
MTE3,36802,68225,68225,0
MTE3,36804,68225,68225,0
MTE3,36806,68225,68225,0
MTE3,36808,68225,68225,0
MTE3,36810,68225,68225,0
MTE3,36812,68225,68225,0
MTE3,36814,68225,68225,0
MTE3,36816,68225,68225,0
MTE3,36818,68225,68225,0
MTE3,36820,68225,68225,0
MTE3,36822,68225,68225,0
MTE3,36824,68225,68225,0
MTE3,36826,68225,68225,0
MTE3,36828,68225,68225,0
MTE3,36830,68225,68225,0
MTE3,36832,68225,68225,0
MTE3,36834,68225,68225,0
MTE3,36836,68225,68225,0
MTE3,36838,68225,68225,0
MTE3,36840,68225,68225,0
MTE3,36842,68225,68225,0
MTE3,36844,68225,68225,0
MTE3,36846,68225,68225,0
MTE3,36848,68225,68225,0
MTE3,36850,68225,68225,0
MTE3,36852,68225,68225,0
MTE3,36854,68225,68225,0
MTE3,36856,68225,68225,0
MTE3,36858,68225,68225,0
MTE3,36860,68225,68225,0
MTE3,36862,68225,68225,0
MTE3,36864,68225,68225,0
MTE3,36866,68225,68225,0
MTE3,36868,68225,68225,0
MTE3,36870,68225,68225,0
MTE3,36872,68225,68225,0
MTE3,36874,68225,68225,0
MTE3,36876,68225,68225,0
MTE3,36878,68225,68225,0
MTE3,36880,68225,68225,0
MTE3,36882,68225,68225,0
MTE3,36884,68225,68225,0
MTE3,36886,68225,68225,0
MTE3,36888,68225,68225,0
MTE3,36890,68225,68225,0
MTE3,36892,68225,68225,0
MTE3,36894,68225,68225,0
MTE3,36896,68225,68225,0
MTE3,36898,68225,68225,0
MTE3,36900,68225,68225,0
MTE3,36902,68225,68225,0
MTE3,36904,68225,68225,0
MTE3,36906,68225,68225,0
MTE3,36908,68225,68225,0
MTE3,36910,68225,68225,0
MTE3,36912,68225,68225,0
MTE3,36914,68225,68225,0
MTE3,36916,68225,68225,0
MTE3,36918,68225,68225,0
MTE3,36920,68225,68225,0
MTE3,36922,68225,68225,0
MTE3,36924,68225,68225,0
MTE3,36926,68225,68225,0
MTE3,36928,68225,68225,0
MTE3,36930,68225,68225,0
MTE3,36932,68225,68225,0
MTE3,36934,68225,68225,0
MTE3,36936,68225,68225,0
MTE3,36938,68225,68225,0
MTE3,36940,68225,68225,0
MTE3,36942,68225,68225,0
MTE3,36944,68225,68225,0
MTE3,36946,68225,68225,0
MTE3,36948,68225,68225,0
MTE3,36950,68225,68225,0
MTE3,36952,68225,68225,0
MTE3,36954,68225,68225,0
MTE3,36956,68225,68225,0
MTE3,36958,68225,68225,0
MTE3,36960,68225,68225,0
MTE3,36962,68225,68225,0
MTE3,36964,68225,68225,0
MTE3,36966,68225,68225,0
MTE3,36968,68225,68225,0
MTE3,36970,68225,68225,0
MTE3,36972,68225,68225,0
MTE3,36974,68225,68225,0
MTE3,36976,68225,68225,0
MTE3,36978,68225,68225,0
MTE3,36980,68225,68225,0
MTE3,36982,68225,68225,0
MTE3,36984,68225,68225,0
MTE3,36986,68225,68225,0
MTE3,36988,68225,68225,0
MTE3,36990,68225,68225,0
MTE3,36992,68225,68225,0
MTE3,36994,68225,68225,0
MTE3,36996,68225,68225,0
MTE3,36998,68225,68225,0
MTE3,37000,68225,68225,0
MTE3,37002,68225,68225,0
MTE3,37004,68225,68225,0
MTE3,37006,68225,68225,0
MTE3,37008,68225,68225,0
MTE3,37010,68225,68225,0
MTE3,37012,68225,68225,0
MTE3,37014,68225,68225,0
MTE3,37016,68225,68225,0
MTE3,37018,68225,68225,0
MTE3,37020,68225,68225,0
MTE3,37022,68225,68225,0
MTE3,37024,68225,68225,0
MTE3,37026,68225,68225,0
MTE3,37028,68225,68225,0
MTE3,37030,68225,68225,0
MTE3,37032,68225,68225,0
MTE3,37034,68225,68225,0
MTE3,37036,68225,68225,0
MTE3,37038,68225,68225,0
MTE3,37040,68225,68225,0
MTE3,37042,68225,68225,0
MTE3,37044,68225,68225,0
MTE3,37046,68225,68225,0
MTE3,37048,68225,68225,0
MTE3,37050,68225,68225,0
MTE3,37052,68225,68225,0
MTE3,37054,68225,68225,0
MTE3,37056,68225,68225,0
MTE3,37058,68225,68225,0
MTE3,37060,68225,68225,0
MTE3,37062,68225,68225,0
MTE3,37064,68225,68225,0
MTE3,37066,68225,68225,0
MTE3,37068,68225,68225,0
MTE3,37070,68225,68225,0
MTE3,37072,68225,68225,0
MTE3,37074,68225,68225,0
MTE3,37076,68225,68225,0
MTE3,37078,68225,68225,0
MTE3,37080,68225,68225,0
MTE3,37082,68225,68225,0
MTE3,37084,68225,68225,0
MTE3,37086,68225,68225,0
MTE3,37088,68225,68225,0
MTE3,37090,68225,68225,0
MTE3,37092,68225,68225,0
MTE3,37094,68225,68225,0
MTE3,37096,68225,68225,0
MTE3,37098,68225,68225,0
MTE3,37100,68225,68225,0
MTE3,37102,68225,68225,0
MTE3,37104,68225,68225,0
MTE3,37106,68225,68225,0
MTE3,37108,68225,68225,0
MTE3,37110,68225,68225,0
MTE3,37112,68225,68225,0
MTE3,37114,68225,68225,0
MTE3,37116,68225,68225,0
MTE3,37118,68225,68225,0
MTE3,37120,68225,68225,0
MTE3,37122,68225,68225,0
MTE3,37124,68225,68225,0
MTE3,37126,68225,68225,0
MTE3,37128,68225,68225,0
MTE3,37130,68225,68225,0
MTE3,37132,68225,68225,0
MTE3,37134,68225,68225,0
MTE3,37136,68225,68225,0
MTE3,37138,68225,68225,0
MTE3,37140,68225,68225,0
MTE3,37142,68225,68225,0
MTE3,37144,68225,68225,0
MTE3,37146,68225,68225,0
MTE3,37148,68225,68225,0
MTE3,37150,68225,68225,0
MTE3,37152,68225,68225,0
MTE3,37154,68225,68225,0
MTE3,37156,68225,68225,0
MTE3,37158,68225,68225,0
MTE3,37160,68225,68225,0
MTE3,37162,68225,68225,0
MTE3,37164,68225,68225,0
MTE3,37166,68225,68225,0
MTE3,37168,68225,68225,0
MTE3,37170,68225,68225,0
MTE3,37172,68225,68225,0
MTE3,37174,68225,68225,0
MTE3,37176,68225,68225,0
MTE3,37178,68225,68225,0
MTE3,37180,68225,68225,0
MTE3,37182,68225,68225,0
MTE3,37184,68225,68225,0
MTE3,37186,68225,68225,0
MTE3,37188,68225,68225,0
MTE3,37190,68225,68225,0
MTE3,37192,68225,68225,0
MTE3,37194,68225,68225,0
MTE3,37196,68225,68225,0
MTE3,37198,68225,68225,0
MTE3,37200,68225,68225,0
MTE3,37202,68225,68225,0
MTE3,37204,68225,68225,0
MTE3,37206,68225,68225,0
MTE3,37208,68225,68225,0
MTE3,37210,68225,68225,0
MTE3,37212,68225,68225,0
MTE3,37214,68225,68225,0
MTE3,37216,68225,68225,0
MTE3,37218,68225,68225,0
MTE3,37220,68225,68225,0
MTE3,37222,68225,68225,0
MTE3,37224,68225,68225,0
MTE3,37226,68225,68225,0
MTE3,37228,68225,68225,0
MTE3,37230,68225,68225,0
MTE3,37232,68225,68225,0
MTE3,37234,68225,68225,0
MTE3,37236,68225,68225,0
MTE3,37238,68225,68225,0
MTE3,37240,68225,68225,0
MTE3,37242,68225,68225,0
MTE3,37244,68225,68225,0
MTE3,37246,68225,68225,0
MTE3,37248,68225,68225,0
MTE3,37250,68225,68225,0
MTE3,37252,68225,68225,0
MTE3,37254,68225,68225,0
MTE3,37256,68225,68225,0
MTE3,37258,68225,68225,0
MTE3,37260,68225,68225,0
MTE3,37262,68225,68225,0
MTE3,37264,68225,68225,0
MTE3,37266,68225,68225,0
MTE3,37268,68225,68225,0
MTE3,37270,68225,68225,0
MTE3,37272,68225,68225,0
MTE3,37274,68225,68225,0
MTE3,37276,68225,68225,0
MTE3,37278,68225,68225,0
MTE3,37280,68225,68225,0
MTE3,37282,68225,68225,0
MTE3,37284,68225,68225,0
MTE3,37286,68225,68225,0
MTE3,37288,68225,68225,0
MTE3,37290,68225,68225,0
MTE3,37292,68225,68225,0
MTE3,37294,68225,68225,0
MTE3,37296,68225,68225,0
MTE3,37298,68225,68225,0
MTE3,37300,68225,68225,0
MTE3,37302,68225,68225,0
MTE3,37304,68225,68225,0
MTE3,37306,68225,68225,0
MTE3,37308,68225,68225,0
MTE3,37310,68225,68225,0
MTE3,37312,68225,68225,0
MTE3,37314,68225,68225,0
MTE3,37316,68225,68225,0
MTE3,37318,68225,68225,0
MTE3,37320,68225,68225,0
MTE3,37322,68225,68225,0
MTE3,37324,68225,68225,0
MTE3,37326,68225,68225,0
MTE3,37328,68225,68225,0
MTE3,37330,68225,68225,0
MTE3,37332,68225,68225,0
MTE3,37334,68225,68225,0
MTE3,37336,68225,68225,0
MTE3,37338,68225,68225,0
MTE3,37340,68225,68225,0
MTE3,37342,68225,68225,0
MTE3,37344,68225,68225,0
MTE3,37346,68225,68225,0
MTE3,37348,68225,68225,0
MTE3,37350,68225,68225,0
MTE3,37352,68225,68225,0
MTE3,37354,68225,68225,0
MTE3,37356,68225,68225,0
MTE3,37358,68225,68225,0
MTE3,37360,68225,68225,0
MTE3,37362,68225,68225,0
MTE3,37364,68225,68225,0
MTE3,37366,68225,68225,0
MTE3,37368,68225,68225,0
MTE3,37370,68225,68225,0
MTE3,37372,68225,68225,0
MTE3,37374,68225,68225,0
MTE3,37376,68225,68225,0
MTE3,37378,68225,68225,0
MTE3,37380,68225,68225,0
MTE3,37382,68225,68225,0
MTE3,37384,68225,68225,0
MTE3,37386,68225,68225,0
MTE3,37388,68225,68225,0
MTE3,37390,68225,68225,0
MTE3,37392,68225,68225,0
MTE3,37394,68225,68225,0
MTE3,37396,68225,68225,0
MTE3,37398,68225,68225,0
MTE3,37400,68225,68225,0
MTE3,37402,68225,68225,0
MTE3,37404,68225,68225,0
MTE3,37406,68225,68225,0
MTE3,37408,68225,68225,0
MTE3,37410,68225,68225,0
MTE3,37412,68225,68225,0
MTE3,37414,68225,68225,0
MTE3,37416,68225,68225,0
MTE3,37418,68225,68225,0
MTE3,37420,68225,68225,0
MTE3,37422,68225,68225,0
MTE3,37424,68225,68225,0
MTE3,37426,68225,68225,0
MTE3,37428,68225,68225,0
MTE3,37430,68225,68225,0
MTE3,37432,68225,68225,0
MTE3,37434,68225,68225,0
MTE3,37436,68225,68225,0
MTE3,37438,68225,68225,0
MTE3,37440,68225,68225,0
MTE3,37442,68225,68225,0
MTE3,37444,68225,68225,0
MTE3,37446,68225,68225,0
MTE3,37448,68225,68225,0
MTE3,37450,68225,68225,0
MTE3,37452,68225,68225,0
MTE3,37454,68225,68225,0
MTE3,37456,68225,68225,0
MTE3,37458,68225,68225,0
MTE3,37460,68225,68225,0
MTE3,37462,68225,68225,0
MTE3,37464,68225,68225,0
MTE3,37466,68225,68225,0
MTE3,37468,68225,68225,0
MTE3,37470,68225,68225,0
MTE3,37472,68225,68225,0
MTE3,37474,68225,68225,0
MTE3,37476,68225,68225,0
MTE3,37478,68225,68225,0
MTE3,37480,68225,68225,0
MTE3,37482,68225,68225,0
MTE3,37484,68225,68225,0
MTE3,37486,68225,68225,0
MTE3,37488,68225,68225,0
MTE3,37490,68225,68225,0
MTE3,37492,68225,68225,0
MTE3,37494,80677,80677,0
MTE3,37496,80875,80875,0
MTE3,37498,81073,81073,0
MTE3,37500,81271,81271,0
MTE3,37502,81469,81469,0
MTE3,37504,81667,81667,0
MTE3,37506,81865,81865,0
MTE3,37508,82063,82063,0
MTE3,37510,82261,82261,0
MTE3,37512,82459,82459,0
MTE3,37514,82657,82657,0
MTE3,37516,82855,82855,0
MTE3,37518,83053,83053,0
MTE3,37520,83251,83251,0
MTE3,37522,83449,83449,0
MTE3,37524,83647,83647,0
MTE3,37526,83845,83845,0
MTE3,37528,84043,84043,0
MTE3,37530,84241,84241,0
MTE3,37532,84439,84439,0
MTE3,37534,84637,84637,0
MTE3,37536,84835,84835,0
MTE3,37538,85033,85033,0
MTE3,37540,85231,85231,0
MTE3,37542,85429,85429,0
MTE3,37544,85627,85627,0
MTE3,37546,85825,85825,0
MTE3,37548,86023,86023,0
MTE3,37550,86221,86221,0
MTE3,37552,86419,86419,0
MTE3,37554,86617,86617,0
MTE3,37556,86815,86815,0
MTE3,37558,87013,87013,0
MTE3,37560,87211,87211,0
MTE3,37562,87409,87409,0
MTE3,37564,87607,87607,0
MTE3,37566,87805,87805,0
MTE3,37568,88003,88003,0
MTE3,37570,88201,88201,0
MTE3,37572,88399,88399,0
MTE3,37574,88597,88597,0
MTE3,37576,88795,88795,0
MTE3,37578,88993,88993,0
MTE3,37580,89191,89191,0
MTE3,37582,89389,89389,0
MTE3,37584,89587,89587,0
MTE3,37586,89785,89785,0
MTE3,37588,89983,89983,0
MTE3,37590,90181,90181,0
MTE3,37592,90379,90379,0
MTE3,37594,90577,90577,0
MTE3,37596,90775,90775,0
MTE3,37598,90973,90973,0
MTE3,37600,91171,91171,0
MTE3,37602,91369,91369,0
MTE3,37604,91567,91567,0
MTE3,37606,91765,91765,0
MTE3,37608,91963,91963,0
MTE3,37610,92161,92161,0
MTE3,37612,92359,92359,0
MTE3,37614,92557,92557,0
MTE3,37616,92755,92755,0
MTE3,37618,92953,92953,0
MTE3,37620,93151,93151,0
MTE3,37622,93349,93349,0
MTE3,37624,93547,93547,0
MTE3,37626,93745,93745,0
MTE3,37628,93943,93943,0
MTE3,37630,94141,94141,0
MTE3,37632,94339,94339,0
MTE3,37634,94537,94537,0
MTE3,37636,94735,94735,0
MTE3,37638,94933,94933,0
MTE3,37640,95131,95131,0
MTE3,37642,95329,95329,0
MTE3,37644,95527,95527,0
MTE3,37646,95725,95725,0
MTE3,37648,95923,95923,0
MTE3,37650,96121,96121,0
MTE3,37652,96319,96319,0
MTE3,37654,96517,96517,0
MTE3,37656,96715,96715,0
MTE3,37658,96913,96913,0
MTE3,37660,96913,96913,0
MTE3,37662,96913,96913,0
MTE3,37664,96913,96913,0
MTE3,37666,96913,96913,0
MTE3,37668,96913,96913,0
MTE3,37670,96913,96913,0
MTE3,37672,96913,96913,0
MTE3,37674,96913,96913,0
MTE3,37676,96913,96913,0
MTE3,37678,96913,96913,0
MTE3,37680,96913,96913,0
MTE3,37682,96913,96913,0
MTE3,37684,96913,96913,0
MTE3,37686,99267,99267,0
MTE3,37688,99481,99481,0
MTE3,37690,99695,99695,0
MTE3,37692,99909,99909,0
MTE3,37694,100123,100123,0
MTE3,37696,100337,100337,0
MTE3,37698,100551,100551,0
MTE3,37700,100765,100765,0
MTE3,37702,100979,100979,0
MTE3,37704,101193,101193,0
MTE3,37706,101407,101407,0
MTE3,37708,101621,101621,0
MTE3,37710,101835,101835,0
MTE3,37712,102049,102049,0
MTE3,37714,102263,102263,0
MTE3,37716,102477,102477,0
MTE3,37718,102691,102691,0
MTE3,37720,102905,102905,0
MTE3,37722,103119,103119,0
MTE3,37724,103333,103333,0
MTE3,37726,103547,103547,0
MTE3,37728,103761,103761,0
MTE3,37730,103975,103975,0
MTE3,37732,104189,104189,0
MTE3,37734,104403,104403,0
MTE3,37736,104617,104617,0
MTE3,37738,104831,104831,0
MTE3,37740,105045,105045,0
MTE3,37742,105259,105259,0
MTE3,37744,105473,105473,0
MTE3,37746,105687,105687,0
MTE3,37748,105901,105901,0
MTE3,37750,106115,106115,0
MTE3,37752,106329,106329,0
MTE3,37754,106543,106543,0
MTE3,37756,106757,106757,0
MTE3,37758,106971,106971,0
MTE3,37760,107185,107185,0
MTE3,37762,107399,107399,0
MTE3,37764,107613,107613,0
MTE3,37766,107827,107827,0
MTE3,37768,108041,108041,0
MTE3,37770,108255,108255,0
MTE3,37772,108469,108469,0
MTE3,37774,108683,108683,0
MTE3,37776,108897,108897,0
MTE3,37778,109111,109111,0
MTE3,37780,109325,109325,0
MTE3,37782,109539,109539,0
MTE3,37784,109753,109753,0
MTE3,37786,109967,109967,0
MTE3,37788,110181,110181,0
MTE3,37790,110395,110395,0
MTE3,37792,110609,110609,0
MTE3,37794,110823,110823,0
MTE3,37796,111037,111037,0
MTE3,37798,111251,111251,0
MTE3,37800,111465,111465,0
MTE3,37802,111679,111679,0
MTE3,37804,111893,111893,0
MTE3,37806,112107,112107,0
MTE3,37808,112321,112321,0
MTE3,37810,112535,112535,0
MTE3,37812,112749,112749,0
MTE3,37814,112963,112963,0
MTE3,37816,113177,113177,0
MTE3,37818,113391,113391,0
MTE3,37820,113605,113605,0
MTE3,37822,113819,113819,0
MTE3,37824,114033,114033,0
MTE3,37826,114247,114247,0
MTE3,37828,114461,114461,0
MTE3,37830,114675,114675,0
MTE3,37832,114889,114889,0
MTE3,37834,115103,115103,0
MTE3,37836,115317,115317,0
MTE3,37838,115531,115531,0
MTE3,37840,115745,115745,0
MTE3,37842,115959,115959,0
MTE3,37844,116173,116173,0
MTE3,37846,116387,116387,0
MTE3,37848,116601,116601,0
MTE3,37850,116815,116815,0
MTE3,37852,117029,117029,0
MTE3,37854,117243,117243,0
MTE3,37856,117457,117457,0
MTE3,37858,117671,117671,0
MTE3,37860,117885,117885,0
MTE3,37862,118099,118099,0
MTE3,37864,118313,118313,0
MTE3,37866,118527,118527,0
MTE3,37868,118741,118741,0
MTE3,37870,118955,118955,0
MTE3,37872,119169,119169,0
MTE3,37874,119383,119383,0
MTE3,37876,119597,119597,0
MTE3,37878,119811,119811,0
MTE3,37880,120025,120025,0
MTE3,37882,120239,120239,0
MTE3,37884,120453,120453,0
MTE3,37886,120667,120667,0
MTE3,37888,120881,120881,0
MTE3,37890,121095,121095,0
MTE3,37892,121309,121309,0
MTE3,37894,121523,121523,0
MTE3,37896,121737,121737,0
MTE3,37898,121951,121951,0
MTE3,37900,122165,122165,0
MTE3,37902,122379,122379,0
MTE3,37904,122593,122593,0
MTE3,37906,122807,122807,0
MTE3,37908,123021,123021,0
MTE3,37910,123235,123235,0
MTE3,37912,123449,123449,0
MTE3,37914,123663,123663,0
MTE3,37916,123877,123877,0
MTE3,37918,124091,124091,0
MTE3,37920,124305,124305,0
MTE3,37922,124519,124519,0
MTE3,37924,124733,124733,0
MTE3,37926,124947,124947,0
MTE3,37928,125161,125161,0
MTE3,37930,125375,125375,0
MTE3,37932,125589,125589,0
MTE3,37934,125803,125803,0
MTE3,37936,126017,126017,0
MTE3,37938,126231,126231,0
MTE3,37940,126445,126445,0
MTE3,37942,126659,126659,0
MTE3,37944,126873,126873,0
MTE3,37946,127087,127087,0
MTE3,37948,127301,127301,0
MTE3,37950,127515,127515,0
MTE3,37952,127729,127729,0
MTE3,37954,127943,127943,0
MTE3,37956,128157,128157,0
MTE3,37958,128371,128371,0
MTE3,37960,128585,128585,0
MTE3,37962,128799,128799,0
MTE3,37964,129013,129013,0
MTE3,37966,129227,129227,0
MTE3,37968,129441,129441,0
MTE3,37970,129655,129655,0
MTE3,37972,129869,129869,0
MTE3,37974,130083,130083,0
MTE3,37976,130297,130297,0
MTE3,37978,130511,130511,0
MTE3,37980,130725,130725,0
MTE3,37982,130939,130939,0
MTE3,37984,131153,131153,0
MTE3,37986,131367,131367,0
MTE3,37988,131581,131581,0
MTE3,37990,131795,131795,0
MTE3,37992,132009,132009,0
MTE3,37994,132223,132223,0
MTE3,37996,132437,132437,0
MTE3,37998,132651,132651,0
MTE3,38000,132865,132865,0
MTE3,38002,133079,133079,0
MTE3,38004,133293,133293,0
MTE3,38006,133507,133507,0
MTE3,38008,133721,133721,0
MTE3,38010,133935,133935,0
MTE3,38012,134149,134149,0
MTE3,38014,134363,134363,0
MTE3,38016,134577,134577,0
MTE3,38018,134791,134791,0
MTE3,38020,135005,135005,0
MTE3,38022,135219,135219,0
MTE3,38024,135433,135433,0
MTE3,38026,135647,135647,0
MTE3,38028,135861,135861,0
MTE3,38030,136075,136075,0
MTE3,38032,136289,136289,0
MTE3,38034,136503,136503,0
MTE3,38036,136717,136717,0
MTE3,38038,136931,136931,0
MTE3,38040,137145,137145,0
MTE3,38042,137359,137359,0
MTE3,38044,137573,137573,0
MTE3,38046,137787,137787,0
MTE3,38048,138001,138001,0
MTE3,38050,138215,138215,0
MTE3,38052,138429,138429,0
MTE3,38054,138643,138643,0
MTE3,38056,138857,138857,0
MTE3,38058,139071,139071,0
MTE3,38060,139285,139285,0
MTE3,38062,139499,139499,0
MTE3,38064,139713,139713,0
MTE3,38066,139927,139927,0
MTE3,38068,140141,140141,0
MTE3,38070,140355,140355,0
MTE3,38072,140569,140569,0
MTE3,38074,140783,140783,0
MTE3,38076,140997,140997,0
MTE3,38078,141258,141258,0
MTE3,38080,141519,141519,0
MTE3,38082,141780,141780,0
MTE3,38084,142041,142041,0
MTE3,38086,142302,142302,0
MTE3,38088,142563,142563,0
MTE3,38090,142824,142824,0
MTE3,38092,143085,143085,0
MTE3,38094,143085,143085,0
MTE3,38096,143085,143085,0
MTE3,38098,143085,143085,0
MTE3,38100,143085,143085,0
MTE3,38102,143085,143085,0
MTE3,38104,143085,143085,0
MTE3,38106,143085,143085,0
MTE3,38108,143085,143085,0
MTE3,38110,143085,143085,0
MTE3,38112,143085,143085,0
MTE3,38114,143085,143085,0
MTE3,38116,143085,143085,0
MTE3,38118,143085,143085,0
MTE3,38120,143085,143085,0
MTE3,38122,143085,143085,0
MTE3,38124,143085,143085,0
MTE3,38126,143085,143085,0
MTE3,38128,143085,143085,0
MTE3,38130,143085,143085,0
MTE3,38132,143085,143085,0
MTE3,38134,143085,143085,0
MTE3,38136,143085,143085,0
MTE3,38138,143085,143085,0
MTE3,38140,143085,143085,0
MTE3,38142,143085,143085,0
MTE3,38144,143085,143085,0
MTE3,38146,222228,222442,214
MTE3,38148,350466,350680,214
MTE3,38150,350680,350894,214
MTE3,38152,350894,351108,214
MTE3,38154,351108,351322,214
MTE3,38156,351322,351536,214
MTE3,38158,351536,351750,214
MTE3,38160,351750,351964,214
MTE3,38162,351964,352178,214
MTE3,38164,352178,352392,214
MTE3,38166,352392,352606,214
MTE3,38168,352606,352820,214
MTE3,38170,352820,353034,214
MTE3,38172,353034,353248,214
MTE3,38174,353248,353462,214
MTE3,38176,354013,354165,152
MTE3,38178,354165,354317,152
MTE3,38180,354643,354801,158
MTE3,38182,354801,354959,158
MTE3,38184,354959,355117,158
MTE3,38186,355117,355269,152
MTE3,38188,355269,355269,0
MTE3,38190,355269,355269,0
MTE3,3814,430095,430105,10
MTE3,3863,431502,431512,10
MTE3,3912,432966,432976,10
MTE3,3961,434430,434440,10
MTE3,4010,435894,435904,10
MTE3,4063,438258,438271,13
MTE3,4088,439446,439459,13
MTE3,4097,439842,439855,13
MTE3,4110,440664,440677,13
MTE3,4119,441060,441073,13
MTE3,4128,441456,441469,13
MTE3,38192,475615,475797,182
MTE3,38194,475797,475979,182
MTE3,38196,475979,476161,182
MTE3,38198,476161,476343,182
MTE3,38200,476343,476525,182
MTE3,38202,476525,476707,182
MTE3,38204,476707,476889,182
MTE3,38206,476889,477071,182
MTE3,38208,477071,477253,182
MTE3,38210,477253,477435,182
MTE3,38212,477435,477617,182
MTE3,38214,477617,477799,182
MTE3,38216,477799,477981,182
MTE3,38218,477981,478163,182
MTE3,38220,478163,478345,182
MTE3,38222,478345,478527,182
MTE3,38224,478527,478709,182
MTE3,38226,478709,478923,214
MTE3,38228,478923,479137,214
MTE3,38230,479137,479351,214
MTE3,38232,479351,479565,214
MTE3,38234,479565,479779,214
MTE3,38236,479779,479993,214
MTE3,38238,479993,480207,214
MTE3,38240,480207,480421,214
MTE3,38242,480421,480635,214
MTE3,38244,480635,480849,214
MTE3,38246,480849,481063,214
MTE3,38248,481063,481277,214
MTE3,38250,543819,543819,0
MTE3,38252,550910,551092,182
MTE3,38254,551092,551274,182
MTE3,38256,552089,552089,0
MTE3,38258,552676,552858,182
MTE3,38260,553025,553025,0
MTE3,38262,553025,553025,0
MTE3,38264,553581,553581,0
MTE3,38266,553805,553805,0
MTE3,38268,554029,554029,0
MTE3,38270,554715,554897,182
MTE3,38272,555006,555006,0
MTE3,38274,555006,555006,0
MTE3,38276,555006,555006,0
MTE3,38278,555006,555006,0
MTE3,38280,555230,555230,0
MTE3,38282,555454,555454,0
MTE3,38284,555678,555678,0
MTE3,38286,555902,555902,0
MTE3,38288,556126,556126,0
MTE3,38290,556812,556994,182
MTE3,38292,557103,557103,0
MTE3,38294,557103,557103,0
MTE3,38296,557103,557103,0
MTE3,38298,557103,557103,0
MTE3,38300,557327,557327,0
MTE3,38302,557551,557551,0
MTE3,38304,557775,557775,0
MTE3,38306,557999,557999,0
MTE3,38308,558223,558223,0
MTE3,38310,558909,559091,182
MTE3,38312,559200,559200,0
MTE3,38314,559200,559200,0
MTE3,38316,559200,559200,0
MTE3,38318,559200,559200,0
MTE3,38320,559424,559424,0
MTE3,38322,559648,559648,0
MTE3,38324,559872,559872,0
MTE3,38326,560096,560096,0
MTE3,38328,560320,560320,0
MTE3,38330,561006,561188,182
MTE3,38332,561297,561297,0
MTE3,38334,561297,561297,0
MTE3,38336,561297,561297,0
MTE3,38338,561297,561297,0
MTE3,38340,569563,569745,182
MTE3,38342,569745,569927,182
MTE3,38344,569927,570109,182
MTE3,38346,570406,570406,0
MTE3,38348,570406,570406,0
MTE3,38350,570406,570558,152
MTE3,38352,570558,570558,0
MTE3,38354,570558,570710,152
MTE3,38356,570710,570710,0
MTE3,38358,570710,570710,0
MTE3,38360,570710,570862,152
MTE3,38362,570862,570862,0
MTE3,38364,570862,570862,0
MTE3,38366,570862,571014,152
MTE3,38368,571014,571014,0
MTE3,38370,571014,571014,0
MTE3,38372,571014,571166,152
MTE3,38374,571166,571166,0
MTE3,38376,571166,571166,0
MTE3,38378,571166,571318,152
MTE3,38380,571318,571318,0
MTE3,38382,571318,571318,0
MTE3,38384,571318,571470,152
MTE3,38386,571470,571470,0
MTE3,38388,571470,571470,0
MTE3,38390,571470,571622,152
MTE3,38392,571622,571622,0
MTE3,38394,571622,571622,0
MTE3,38396,571622,571774,152
MTE3,38398,571774,571774,0
MTE3,38400,571774,571956,182
MTE3,38402,571956,572138,182
MTE3,38404,572138,572138,0
MTE3,38406,572180,572180,0
MTE3,38408,572180,572362,182
MTE3,38410,572362,572544,182
MTE3,38412,572544,572544,0
MTE3,38414,575580,575580,0
MTE3,38416,575580,575580,0
MTE3,38418,575580,575580,0
MTE3,38420,575580,575732,152
MTE3,38422,575732,575732,0
MTE3,38424,575732,575732,0
MTE3,38426,575732,575732,0
MTE3,38428,575732,575732,0
MTE3,38430,575732,575732,0
MTE3,38432,575732,575732,0
MTE3,38434,575732,575732,0
MTE3,38436,575732,575732,0
MTE3,38438,575732,575732,0
MTE3,38440,575732,575884,152
MTE3,38442,575884,575884,0
MTE3,38444,575884,575884,0
MTE3,38446,575884,575884,0
MTE3,38448,575884,575884,0
MTE3,38450,575884,575884,0
MTE3,38452,575884,575884,0
MTE3,38454,575884,575884,0
MTE3,38456,575884,575884,0
MTE3,38458,575884,575884,0
MTE3,38460,575884,576036,152
MTE3,38462,576036,576036,0
MTE3,38464,576036,576036,0
MTE3,38466,576036,576036,0
MTE3,38468,576036,576036,0
MTE3,38470,576036,576036,0
MTE3,38472,576036,576036,0
MTE3,38474,576036,576036,0
MTE3,38476,576036,576036,0
MTE3,38478,576036,576036,0
MTE3,38480,576036,576188,152
MTE3,38482,576188,576188,0
MTE3,38484,576188,576188,0
MTE3,38486,576188,576188,0
MTE3,38488,576188,576188,0
MTE3,38490,576188,576188,0
MTE3,38492,576188,576188,0
MTE3,38494,576188,576188,0
MTE3,38496,576188,576188,0
MTE3,38498,576188,576188,0
MTE3,38500,576188,576340,152
MTE3,38502,576340,576340,0
MTE3,38504,576340,576340,0
MTE3,38506,576340,576340,0
MTE3,38508,576340,576340,0
MTE3,38510,576340,576340,0
MTE3,38512,576340,576340,0
MTE3,38514,576340,576340,0
MTE3,38516,576340,576340,0
MTE3,38518,576340,576340,0
MTE3,38520,596601,596601,0
MTE3,38522,596601,596601,0
MTE3,38524,596601,596753,152
MTE3,38526,596753,596753,0
MTE3,38528,596753,596905,152
MTE3,38530,596905,596905,0
MTE3,38532,596905,596905,0
MTE3,38534,596905,597057,152
MTE3,38536,597057,597057,0
MTE3,38538,597057,597057,0
MTE3,38540,597057,597209,152
MTE3,38542,597209,597209,0
MTE3,38544,597209,597209,0
MTE3,38546,597209,597361,152
MTE3,38548,597361,597361,0
MTE3,38550,597361,597361,0
MTE3,38552,597361,597513,152
MTE3,38554,597513,597513,0
MTE3,38556,597513,597513,0
MTE3,38558,597513,597665,152
MTE3,38560,597665,597665,0
MTE3,38562,597665,597665,0
MTE3,38564,597665,597817,152
MTE3,38566,597817,597817,0
MTE3,38568,597817,597817,0
MTE3,38570,597817,597969,152
MTE3,38572,597969,597969,0
MTE3,38574,597969,598151,182
MTE3,38576,598151,598333,182
MTE3,38578,598333,598333,0
MTE3,38580,598375,598375,0
MTE3,38582,598375,598557,182
MTE3,38584,598557,598739,182
MTE3,38586,598739,598739,0
MTE3,38588,602738,602738,0
MTE3,38590,602962,602962,0
MTE3,38592,603186,603186,0
MTE3,38594,604060,604060,0
MTE3,38596,604060,604060,0
MTE3,38598,604060,604060,0
MTE3,38600,604060,604212,152
MTE3,38602,604212,604212,0
MTE3,38604,604212,604212,0
MTE3,38606,604212,604212,0
MTE3,38608,604212,604212,0
MTE3,38610,604212,604212,0
MTE3,38612,604212,604212,0
MTE3,38614,604212,604364,152
MTE3,38616,604364,604364,0
MTE3,38618,604364,604364,0
MTE3,38620,604364,604364,0
MTE3,38622,604364,604364,0
MTE3,38624,604364,604364,0
MTE3,38626,604364,604364,0
MTE3,38628,604364,604364,0
MTE3,38630,604364,604364,0
MTE3,38632,604364,604364,0
MTE3,38634,604364,604516,152
MTE3,38636,604516,604516,0
MTE3,38638,604516,604516,0
MTE3,38640,604516,604516,0
MTE3,38642,604516,604516,0
MTE3,38644,604516,604516,0
MTE3,38646,604516,604516,0
MTE3,38648,604516,604516,0
MTE3,38650,604516,604516,0
MTE3,38652,604516,604516,0
MTE3,38654,604516,604668,152
MTE3,38656,604668,604668,0
MTE3,38658,604668,604668,0
MTE3,38660,604668,604668,0
MTE3,38662,604668,604668,0
MTE3,38664,604668,604668,0
MTE3,38666,604668,604668,0
MTE3,38668,604668,604668,0
MTE3,38670,607825,607825,0
MTE3,38672,607825,607825,0
MTE3,38674,607825,607825,0
MTE3,38676,607825,607977,152
MTE3,38678,607977,607977,0
MTE3,38680,607977,607977,0
MTE3,38682,607977,607977,0
MTE3,38684,607977,607977,0
MTE3,38686,607977,607977,0
MTE3,38688,607977,607977,0
MTE3,38690,607977,607977,0
MTE3,38692,607977,607977,0
MTE3,38694,607977,607977,0
MTE3,38696,607977,608129,152
MTE3,38698,608129,608129,0
MTE3,38700,608129,608129,0
MTE3,38702,608129,608129,0
MTE3,38704,608129,608129,0
MTE3,38706,608129,608129,0
MTE3,38708,608129,608129,0
MTE3,38710,608129,608129,0
MTE3,38712,619857,620039,182
MTE3,38714,620039,620221,182
MTE3,38716,620221,620403,182
MTE3,38718,620403,620585,182
MTE3,38720,620585,620767,182
MTE3,38722,620767,620767,0
MTE3,38724,621922,621922,0
MTE3,38726,621922,621922,0
MTE3,38728,621922,621922,0
MTE3,38730,621922,621922,0
MTE3,38732,621922,621922,0
MTE3,38734,621922,621922,0
MTE3,38736,622450,622632,182
MTE3,38738,622632,622814,182
MTE3,38740,622814,622996,182
MTE3,38742,622996,622996,0
MTE3,38744,624515,624515,0
MTE3,38746,625084,625266,182
MTE3,38748,625266,625448,182
MTE3,38750,625448,625630,182
MTE3,38752,625630,625630,0
MTE3,38754,627539,627539,0
MTE3,38756,627539,627539,0
MTE3,38758,627539,627539,0
MTE3,38760,627539,627539,0
MTE3,38762,627539,627539,0
MTE3,38764,627539,627539,0
MTE3,38766,628067,628249,182
MTE3,38768,628249,628431,182
MTE3,38770,628431,628613,182
MTE3,38772,628613,628613,0
MTE3,38774,630522,630522,0
MTE3,38776,630522,630522,0
MTE3,38778,630522,630522,0
MTE3,38780,630522,630522,0
MTE3,38782,630522,630522,0
MTE3,38784,630522,630522,0
MTE3,38786,630938,630938,0
MTE3,38788,631091,631273,182
MTE3,38790,631273,631455,182
MTE3,38792,634645,634645,0
MTE3,38794,634645,634645,0
MTE3,38796,634645,634827,182
MTE3,38798,634827,635009,182
MTE3,38800,640087,640087,0
MTE3,38802,641426,641608,182
MTE3,38804,641608,641790,182
MTE3,38806,641790,641790,0
MTE3,38808,643433,643433,0
MTE3,38810,643433,643585,152
MTE3,38812,643585,643585,0
MTE3,38814,643585,643585,0
MTE3,38816,643585,643737,152
MTE3,38818,643737,643737,0
MTE3,38820,643737,643919,182
MTE3,38822,643919,644101,182
MTE3,38824,644101,644101,0
MTE3,38826,647506,647506,0
MTE3,38828,647506,647506,0
MTE3,38830,647506,647658,152
MTE3,38832,647658,647658,0
MTE3,38834,647658,647810,152
MTE3,38836,647810,647810,0
MTE3,38838,647810,647810,0
MTE3,38840,647810,647962,152
MTE3,38842,647962,647962,0
MTE3,38844,647962,647962,0
MTE3,38846,647962,648114,152
MTE3,38848,648114,648114,0
MTE3,38850,648114,648114,0
MTE3,38852,648114,648266,152
MTE3,38854,648266,648266,0
MTE3,38856,648266,648266,0
MTE3,38858,648266,648418,152
MTE3,38860,648418,648418,0
MTE3,38862,648418,648418,0
MTE3,38864,648418,648570,152
MTE3,38866,648570,648570,0
MTE3,38868,648570,648570,0
MTE3,38870,648612,648612,0
MTE3,38872,648612,648794,182
MTE3,38874,648794,648976,182
MTE3,38876,648976,648976,0
MTE3,38878,652285,652285,0
MTE3,38880,652285,652285,0
MTE3,38882,652285,652285,0
MTE3,38884,652285,652437,152
MTE3,38886,652437,652437,0
MTE3,38888,652437,652437,0
MTE3,38890,652437,652437,0
MTE3,38892,652437,652437,0
MTE3,38894,652437,652437,0
MTE3,38896,652437,652437,0
MTE3,38898,652437,652437,0
MTE3,38900,652437,652437,0
MTE3,38902,652437,652437,0
MTE3,38904,652437,652589,152
MTE3,38906,652589,652589,0
MTE3,38908,652589,652589,0
MTE3,38910,652589,652589,0
MTE3,38912,652589,652589,0
MTE3,38914,652589,652589,0
MTE3,38916,652589,652589,0
MTE3,38918,652589,652589,0
MTE3,38920,655898,655898,0
MTE3,38922,655898,655898,0
MTE3,38924,655898,655898,0
MTE3,38926,655898,656050,152
MTE3,38928,656050,656050,0
MTE3,38930,656050,656050,0
MTE3,38932,656050,656050,0
MTE3,38934,656050,656050,0
MTE3,38936,656050,656050,0
MTE3,38938,656050,656050,0
MTE3,38940,656050,656050,0
MTE3,38942,656050,656050,0
MTE3,38944,656050,656050,0
MTE3,38946,656050,656202,152
MTE3,38948,656202,656202,0
MTE3,38950,656202,656202,0
MTE3,38952,656202,656202,0
MTE3,38954,656202,656202,0
MTE3,38956,656202,656202,0
MTE3,38958,656202,656202,0
MTE3,38960,656202,656202,0
MTE3,38962,659511,659511,0
MTE3,38964,659511,659511,0
MTE3,38966,659511,659511,0
MTE3,38968,659511,659663,152
MTE3,38970,659663,659663,0
MTE3,38972,659663,659663,0
MTE3,38974,659663,659663,0
MTE3,38976,659663,659663,0
MTE3,38978,659663,659663,0
MTE3,38980,659663,659663,0
MTE3,38982,659663,659663,0
MTE3,38984,659663,659663,0
MTE3,38986,659663,659663,0
MTE3,38988,659663,659815,152
MTE3,38990,659815,659815,0
MTE3,38992,659815,659815,0
MTE3,38994,659815,659815,0
MTE3,38996,659815,659815,0
MTE3,38998,659815,659815,0
MTE3,39000,659815,659815,0
MTE3,39002,659815,659997,182
MTE3,39004,659997,660179,182
MTE3,39006,660179,660179,0
MTE3,39008,670764,670946,182
MTE3,39010,670946,671128,182
MTE3,39012,671128,671310,182
MTE3,39014,671310,671492,182
MTE3,39016,671492,671674,182
MTE3,39018,671674,671856,182
MTE3,39020,671856,671856,0
MTE3,39022,671856,671856,0
MTE3,39024,671856,671856,0
MTE3,39026,671856,671856,0
MTE3,39028,671856,671856,0
MTE3,39030,671856,671856,0
MTE3,39032,672485,672667,182
MTE3,39034,672667,672667,0
MTE3,39036,672667,672667,0
MTE3,39038,672667,672849,182
MTE3,39040,672849,673031,182
MTE3,39042,673031,673031,0
MTE3,39044,677785,677785,0
MTE3,39046,678971,678971,0
MTE3,39048,679346,679346,0
MTE3,39050,680532,680532,0
MTE3,39052,680532,680532,0
MTE3,39054,680907,680907,0
MTE3,39056,680907,680907,0
MTE3,39058,680907,680907,0
MTE3,39060,680907,680907,0
MTE3,39062,680907,680907,0
MTE3,39064,680907,680907,0
MTE3,39066,680907,680907,0
MTE3,39068,680907,680907,0
MTE3,39070,680907,680907,0
MTE3,39072,680907,680907,0
MTE3,39074,680907,680907,0
MTE3,39076,680907,680907,0
MTE3,39078,680907,680907,0
MTE3,39080,680907,680907,0
MTE3,39082,706300,706482,182
MTE3,39084,706482,706664,182
MTE3,39086,706664,706846,182
MTE3,39088,706846,706846,0
MTE3,39090,706846,706846,0
MTE3,39092,706846,706846,0
MTE3,39094,706846,706846,0
MTE3,39096,706846,706846,0
MTE3,39098,706846,706846,0
MTE3,39100,706846,706846,0
MTE3,39102,706846,706846,0
MTE3,39104,706846,706846,0
MTE3,39106,706846,706846,0
MTE3,39108,706846,706846,0
MTE3,39110,706846,706846,0
MTE3,39112,706846,706846,0
MTE3,39114,706846,706846,0
MTE3,39116,706846,706846,0
MTE3,39118,706846,706846,0
MTE3,39120,706846,706846,0
MTE3,39122,706846,706846,0
MTE3,39124,706846,706846,0
MTE3,39126,706846,706846,0
MTE3,39128,706846,706846,0
MTE3,39130,706846,706846,0
MTE3,39132,706846,706846,0
MTE3,39134,706846,706846,0
MTE3,39136,706846,706846,0
MTE3,39138,706846,706846,0
MTE3,39140,706846,706846,0
MTE3,39142,706846,706846,0
MTE3,39144,706846,706846,0
MTE3,39146,706846,706846,0
MTE3,39148,706846,706846,0
MTE3,39150,706846,706846,0
MTE3,39152,706846,706846,0
MTE3,39154,706846,706846,0
MTE3,39156,706846,706846,0
MTE3,39158,706846,706846,0
MTE3,39160,706846,706846,0
MTE3,39162,706846,706846,0
MTE3,39164,706846,706846,0
MTE3,39166,706846,706846,0
MTE3,39168,706846,706846,0
MTE3,39170,706846,706846,0
MTE3,39172,706846,706846,0
MTE3,39174,706846,706846,0
MTE3,39176,706846,706846,0
MTE3,39178,706846,706846,0
MTE3,39180,706846,706846,0
MTE3,39182,715528,715528,0
MTE3,39184,716056,716238,182
MTE3,39186,716238,716420,182
MTE3,39188,716420,716602,182
MTE3,39190,716602,716602,0
MTE3,39192,716602,716602,0
MTE3,39194,716602,716602,0
MTE3,39196,716602,716602,0
MTE3,39198,716602,716602,0
MTE3,39200,716602,716602,0
MTE3,39202,716602,716602,0
MTE3,39204,716602,716602,0
MTE3,39206,722635,722635,0
MTE3,39208,723163,723345,182
MTE3,39210,723345,723527,182
MTE3,39212,723527,723709,182
MTE3,39214,723709,723709,0
MTE3,39216,724165,724347,182
MTE3,39218,724347,724347,0
MTE3,39220,724875,725057,182
MTE3,39222,725057,725057,0
MTE3,39224,725585,725767,182
MTE3,39226,725767,725767,0
MTE3,39228,726295,726477,182
MTE3,39230,726477,726477,0
MTE3,39232,727005,727187,182
MTE3,39234,727187,727187,0
MTE3,39236,727715,727897,182
MTE3,39238,727897,727897,0
MTE3,39240,728425,728607,182
MTE3,39242,728607,728607,0
MTE3,39244,729135,729317,182
MTE3,39246,730935,731117,182
MTE3,39248,731117,731299,182
MTE3,39250,731299,731481,182
MTE3,39252,731481,731663,182
MTE3,39254,731663,731845,182
MTE3,39256,731845,732027,182
MTE3,39258,732027,732209,182
MTE3,39260,732209,732391,182
MTE3,39262,734616,734616,0
MTE3,39264,734616,734616,0
MTE3,39266,734616,734616,0
MTE3,39268,734616,734616,0
MTE3,39270,734616,734616,0
MTE3,39272,734616,734616,0
MTE3,39274,734616,734616,0
MTE3,39276,734616,734616,0
MTE3,39278,734616,734798,182
MTE3,39280,752020,752202,182
MTE3,39282,752202,752384,182
MTE3,39284,753136,753136,0
MTE3,39286,753511,753511,0
MTE3,39288,753886,753886,0
MTE3,39290,754261,754261,0
MTE3,39292,754636,754636,0
MTE3,39294,755011,755011,0
MTE3,39296,755822,756004,182
MTE3,39298,756004,756186,182
MTE3,39300,756186,756368,182
MTE3,39302,756368,756368,0
MTE3,39304,756743,756743,0
MTE3,39306,757118,757118,0
MTE3,39308,757493,757493,0
MTE3,39310,757868,757868,0
MTE3,39312,758243,758243,0
MTE3,39314,758618,758618,0
MTE3,39316,758993,758993,0
MTE3,39318,759368,759368,0
MTE3,39320,763018,763018,0
MTE3,39322,763018,763170,152
MTE3,39324,763170,763170,0
MTE3,39326,763170,763170,0
MTE3,39328,763170,763322,152
MTE3,39330,763322,763322,0
MTE3,39332,763322,763322,0
MTE3,39334,763322,763474,152
MTE3,39336,763474,763474,0
MTE3,39338,763474,763474,0
MTE3,39340,763474,763626,152
MTE3,39342,763626,763626,0
MTE3,39344,763626,763626,0
MTE3,39346,763626,763778,152
MTE3,39348,763778,763778,0
MTE3,39350,763778,763778,0
MTE3,39352,763778,763930,152
MTE3,39354,763930,763930,0
MTE3,39356,763930,763930,0
MTE3,39358,763930,764082,152
MTE3,39360,764082,764082,0
MTE3,39362,764082,764082,0
MTE3,39364,764324,764324,0
MTE3,39366,764324,764324,0
MTE3,39368,764324,764324,0
MTE3,39370,764324,764476,152
MTE3,39372,764476,764476,0
MTE3,39374,764476,764628,152
MTE3,39376,764628,764628,0
MTE3,39378,764628,764810,182
MTE3,39380,764810,764992,182
MTE3,39382,764992,765174,182
MTE3,39384,765174,765356,182
MTE3,39386,765356,765538,182
MTE3,39388,765538,765538,0
MTE3,39390,777660,777660,0
MTE3,39392,777660,777660,0
MTE3,39394,777660,777660,0
MTE3,39396,777660,777660,0
MTE3,39398,777660,777660,0
MTE3,39400,777660,777660,0
MTE3,39402,777660,777660,0
MTE3,39404,777660,777660,0
MTE3,39406,777660,777660,0
MTE3,39408,777660,777660,0
MTE3,39410,777660,777660,0
MTE3,39412,777660,777660,0
MTE3,39414,777660,777660,0
MTE3,39416,777660,777660,0
MTE3,39418,777660,777660,0
MTE3,39420,777660,777660,0
MTE3,39422,777660,777660,0
MTE3,39424,777660,777660,0
MTE3,39426,777660,777660,0
MTE3,39428,777660,777660,0
MTE3,39430,777660,777660,0
MTE3,39432,777660,777660,0
MTE3,39434,777660,777660,0
MTE3,39436,777660,777660,0
MTE3,39438,777660,777660,0
MTE3,39440,777660,777660,0
MTE3,39442,777660,777660,0
MTE3,39444,777660,777660,0
MTE3,39446,777660,777660,0
MTE3,39448,777660,777660,0
MTE3,39450,777660,777660,0
MTE3,39452,777660,777660,0
MTE3,39454,777660,777660,0
MTE3,39456,777660,777660,0
MTE3,39458,777660,777660,0
MTE3,39460,777660,777660,0
MTE3,39462,777660,777660,0
MTE3,39464,777660,777660,0
MTE3,39466,777660,777660,0
MTE3,39468,777660,777660,0
MTE3,39470,777660,777660,0
MTE3,39472,777660,777660,0
MTE3,39474,777660,777660,0
MTE3,39476,777660,777660,0
MTE3,39478,777660,777660,0
MTE3,39480,777660,777660,0
MTE3,39482,777660,777660,0
MTE3,39484,777660,777660,0
MTE3,39486,777660,777660,0
MTE3,39488,777660,777660,0
MTE3,39490,777660,777660,0
MTE3,39492,777660,777660,0
MTE3,39494,777660,777660,0
MTE3,39496,777660,777660,0
MTE3,39498,777660,777660,0
MTE3,39500,777660,777660,0
MTE3,39502,777660,777660,0
MTE3,39504,777660,777660,0
MTE3,39506,777660,777660,0
MTE3,39508,777660,777660,0
MTE3,39510,777660,777660,0
MTE3,39512,777660,777660,0
MTE3,39514,777660,777660,0
MTE3,39516,777660,777660,0
MTE3,39518,777660,777660,0
MTE3,39520,777660,777660,0
MTE3,39522,777660,777660,0
MTE3,39524,777660,777660,0
MTE3,39526,777660,777660,0
MTE3,39528,777660,777660,0
MTE3,39530,777660,777660,0
MTE3,39532,777660,777660,0
MTE3,39534,777660,777660,0
MTE3,39536,777660,777660,0
MTE3,39538,777660,777660,0
MTE3,39540,777660,777660,0
MTE3,39542,777660,777660,0
MTE3,39544,777660,777660,0
MTE3,39546,777660,777660,0
MTE3,39548,777660,777660,0
MTE3,39550,777660,777660,0
MTE3,39552,777660,777660,0
MTE3,39554,777660,777660,0
MTE3,39556,777660,777660,0
MTE3,39558,777660,777660,0
MTE3,39560,777660,777660,0
MTE3,39562,777660,777660,0
MTE3,39564,777660,777660,0
MTE3,39566,777660,777660,0
MTE3,39568,777660,777660,0
MTE3,39570,777660,777660,0
MTE3,39572,777660,777660,0
MTE3,39574,777660,777660,0
MTE3,39576,777660,777660,0
MTE3,39578,777660,777660,0
MTE3,39580,777660,777660,0
MTE3,39582,777660,777660,0
MTE3,39584,777660,777660,0
MTE3,39586,777660,777660,0
MTE3,39588,777660,777660,0
MTE3,39590,777660,777660,0
MTE3,39592,777660,777660,0
MTE3,39594,777660,777660,0
MTE3,39596,777660,777660,0
MTE3,39598,777660,777660,0
MTE3,39600,777660,777660,0
MTE3,39602,777660,777660,0
MTE3,39604,777660,777660,0
MTE3,39606,777660,777660,0
MTE3,39608,777660,777660,0
MTE3,39610,777660,777660,0
MTE3,39612,777660,777660,0
MTE3,39614,777660,777660,0
MTE3,39616,777660,777660,0
MTE3,39618,777660,777660,0
MTE3,39620,777660,777660,0
MTE3,39622,777660,777660,0
MTE3,39624,777660,777660,0
MTE3,39626,777660,777660,0
MTE3,39628,777660,777660,0
MTE3,39630,777660,777660,0
MTE3,39632,777660,777812,152
MTE3,39634,777812,777812,0
MTE3,39636,777812,777812,0
MTE3,39638,777812,777812,0
MTE3,39640,777812,777812,0
MTE3,39642,777812,777812,0
MTE3,39644,777812,777812,0
MTE3,39646,777812,777812,0
MTE3,39648,777812,777812,0
MTE3,39650,777812,777812,0
MTE3,39652,777812,777964,152
MTE3,39654,777964,777964,0
MTE3,39656,777964,777964,0
MTE3,39658,777964,777964,0
MTE3,39660,777964,777964,0
MTE3,39662,777964,777964,0
MTE3,39664,777964,777964,0
MTE3,39666,777964,777964,0
MTE3,39668,777964,777964,0
MTE3,39670,777964,777964,0
MTE3,39672,777964,778116,152
MTE3,39674,778116,778116,0
MTE3,39676,778116,778116,0
MTE3,39678,778116,778116,0
MTE3,39680,778116,778116,0
MTE3,39682,778116,778116,0
MTE3,39684,778116,778116,0
MTE3,39686,778116,778116,0
MTE3,39688,778116,778116,0
MTE3,39690,778116,778116,0
MTE3,39692,778116,778268,152
MTE3,39694,778268,778268,0
MTE3,39696,778268,778268,0
MTE3,39698,778268,778268,0
MTE3,39700,778268,778268,0
MTE3,39702,778268,778268,0
MTE3,39704,778268,778268,0
MTE3,39706,778268,778268,0
MTE3,39708,778268,778268,0
MTE3,39710,778268,778268,0
MTE3,39712,778268,778420,152
MTE3,39714,778420,778420,0
MTE3,39716,778420,778420,0
MTE3,39718,778420,778420,0
MTE3,39720,778420,778420,0
MTE3,39722,778420,778420,0
MTE3,39724,778420,778420,0
MTE3,39726,778420,778420,0
MTE3,39728,778420,778420,0
MTE3,39730,778420,778420,0
MTE3,39732,778420,778572,152
MTE3,39734,778572,778572,0
MTE3,39736,778572,778572,0
MTE3,39738,778572,778572,0
MTE3,39740,778572,778572,0
MTE3,39742,778572,778572,0
MTE3,39744,778572,778572,0
MTE3,39746,778572,778572,0
MTE3,39748,778572,778572,0
MTE3,39750,778572,778572,0
MTE3,39752,778572,778724,152
MTE3,39754,778724,778724,0
MTE3,39756,778724,778724,0
MTE3,39758,778724,778724,0
MTE3,39760,778724,778724,0
MTE3,39762,778724,778724,0
MTE3,39764,778724,778724,0
MTE3,39766,786453,786635,182
MTE3,39768,786635,786817,182
MTE3,39770,786817,786999,182
MTE3,39772,786999,786999,0
MTE3,39774,790329,790329,0
MTE3,39776,790857,791039,182
MTE3,39778,791039,791221,182
MTE3,39780,791221,791403,182
MTE3,39782,791403,791403,0
MTE3,39784,791403,791403,0
MTE3,39786,791403,791403,0
MTE3,39788,791403,791403,0
MTE3,39790,794388,794388,0
MTE3,39792,794916,795098,182
MTE3,39794,795098,795280,182
MTE3,39796,795280,795462,182
MTE3,39798,795462,795462,0
MTE3,39800,795918,796100,182
MTE3,39802,796100,796100,0
MTE3,39804,796628,796810,182
MTE3,39806,796810,796810,0
MTE3,39808,797338,797520,182
MTE3,39810,797520,797520,0
MTE3,39812,798048,798230,182
MTE3,39814,798912,799094,182
MTE3,39816,799094,799276,182
MTE3,39818,799276,799458,182
MTE3,39820,799458,799640,182
MTE3,39822,799776,799958,182
MTE3,39824,799958,800140,182
MTE3,39826,800140,800322,182
MTE3,39828,800322,800322,0
MTE3,39830,808527,808527,0
MTE3,39832,808527,808527,0
MTE3,39834,808527,808527,0
MTE3,39836,808527,808527,0
MTE3,39838,808527,808527,0
MTE3,39840,808527,808527,0
MTE3,39842,808527,808527,0
MTE3,39844,808527,808527,0
MTE3,39846,808527,808527,0
MTE3,39848,817428,817428,0
MTE3,39850,817428,817428,0
MTE3,39852,817428,817428,0
MTE3,39854,817428,817428,0
MTE3,39856,817428,817428,0
MTE3,39858,817428,817428,0
MTE3,39860,817428,817428,0
MTE3,39862,817428,817428,0
MTE3,39864,817428,817428,0
MTE3,39866,817428,817428,0
MTE3,39868,817428,817428,0
MTE3,39870,817428,817428,0
MTE3,39872,825790,825972,182
MTE3,39874,825972,825972,0
MTE3,39876,826156,826338,182
MTE3,39878,826338,826338,0
MTE3,39880,827495,827677,182
MTE3,39882,827677,827859,182
MTE3,39884,827859,828041,182
MTE3,39886,828041,828041,0
MTE3,39888,831089,831089,0
MTE3,39890,834851,834851,0
MTE3,39892,834851,834851,0
MTE3,39894,834851,834851,0
MTE3,39896,834851,834851,0
MTE3,39898,837836,837836,0
MTE3,39900,837836,837836,0
MTE3,39902,837836,837836,0
MTE3,39904,837836,837836,0
MTE3,39906,837836,837836,0
MTE3,39908,841115,841115,0
MTE3,39910,841115,841115,0
MTE3,39912,841115,841115,0
MTE3,39914,841115,841115,0
MTE3,39916,842525,842707,182
MTE3,39918,842707,842707,0
MTE3,39920,844810,844810,0
MTE3,39922,846283,846283,0
MTE3,39924,846283,846283,0
MTE3,39926,846283,846283,0
MTE3,39928,846283,846283,0
MTE3,39930,848404,848404,0
MTE3,39932,848779,848779,0
MTE3,39934,848779,848779,0
MTE3,39936,848779,848779,0
MTE3,39938,848779,848779,0
MTE3,39940,851053,851053,0
MTE3,39942,851428,851428,0
MTE3,39944,851428,851428,0
MTE3,39946,851428,851428,0
MTE3,39948,851428,851428,0
MTE3,39950,853549,853549,0
MTE3,39952,854119,854333,214
MTE3,39954,854333,854333,0
MTE3,39956,854333,854333,0
MTE3,39958,854708,854708,0
MTE3,39960,855083,855083,0
MTE3,39962,855458,855458,0
MTE3,39964,856044,856258,214
MTE3,39966,856258,856258,0
MTE3,39968,856258,856258,0
MTE3,39970,856633,856633,0
MTE3,39972,857008,857008,0
MTE3,39974,857383,857383,0
MTE3,39976,857969,858183,214
MTE3,39978,858183,858183,0
MTE3,39980,858183,858183,0
MTE3,39982,858558,858558,0
MTE3,39984,858933,858933,0
MTE3,39986,859308,859308,0
MTE3,15317,859894,859919,25
MTE3,39988,859919,860133,214
MTE3,39990,860133,860133,0
MTE3,39992,860133,860133,0
MTE3,39994,861658,861872,214
MTE3,39996,861872,862086,214
MTE3,39998,862086,862086,0
MTE3,40000,862889,863103,214
MTE3,40002,863103,863317,214
MTE3,40004,863317,863317,0
MTE3,40006,863987,863987,0
MTE3,40008,864414,864414,0
MTE3,40010,864414,864596,182
MTE3,40012,864596,864778,182
MTE3,40014,864778,864778,0
MTE3,40016,865315,865315,0
MTE3,40018,865690,865690,0
MTE3,40020,866562,866744,182
MTE3,40022,866744,866926,182
MTE3,40024,866926,866926,0
MTE3,40026,867301,867301,0
MTE3,40028,867301,867515,214
MTE3,40030,867515,867729,214
MTE3,40032,867729,867729,0
MTE3,40034,868632,868632,0
MTE3,40036,869068,869250,182
MTE3,40038,869250,869432,182
MTE3,40040,869432,869432,0
MTE3,40042,869807,869807,0
MTE3,40044,870182,870182,0
MTE3,40046,871368,871368,0
MTE3,40048,871368,871550,182
MTE3,40050,871550,871732,182
MTE3,40052,871732,871732,0
MTE3,40054,872635,872635,0
MTE3,40056,873071,873253,182
MTE3,40058,873253,873435,182
MTE3,40060,873435,873435,0
MTE3,40062,873810,873810,0
MTE3,40064,874185,874185,0
MTE3,40066,875371,875371,0
MTE3,40068,875371,875553,182
MTE3,40070,875553,875735,182
MTE3,40072,875735,875735,0
MTE3,40074,876638,876638,0
MTE3,40076,877074,877256,182
MTE3,40078,877256,877438,182
MTE3,40080,877438,877438,0
MTE3,40082,877813,877813,0
MTE3,40084,878188,878188,0
MTE3,40086,879374,879374,0
MTE3,40088,879374,879556,182
MTE3,40090,879556,879738,182
MTE3,40092,879738,879738,0
MTE3,40094,881077,881259,182
MTE3,40096,881259,881441,182
MTE3,40098,881441,881441,0
MTE3,40100,885020,885020,0
MTE3,40102,885020,885172,152
MTE3,40104,885172,885172,0
MTE3,40106,885172,885172,0
MTE3,40108,885172,885324,152
MTE3,40110,885324,885324,0
MTE3,40112,885324,885324,0
MTE3,40114,885324,885476,152
MTE3,40116,885476,885476,0
MTE3,40118,885476,885476,0
MTE3,40120,885476,885628,152
MTE3,40122,885628,885628,0
MTE3,40124,885628,885628,0
MTE3,40126,885628,885780,152
MTE3,40128,885780,885780,0
MTE3,40130,885780,885780,0
MTE3,40132,885780,885932,152
MTE3,40134,885932,885932,0
MTE3,40136,885932,886114,182
MTE3,40138,886114,886296,182
MTE3,40140,886296,886296,0
MTE3,40142,887599,887599,0
MTE3,40144,887599,887599,0
MTE3,40146,887599,887751,152
MTE3,40148,887751,887751,0
MTE3,40150,887751,887903,152
MTE3,40152,887903,887903,0
MTE3,40154,887903,887903,0
MTE3,40156,887903,888055,152
MTE3,40158,888055,888055,0
MTE3,40160,888055,888055,0
MTE3,40162,888238,888238,0
MTE3,40164,888238,888452,214
MTE3,40166,888452,888666,214
MTE3,40168,889997,889997,0
MTE3,40170,889997,889997,0
MTE3,40172,889997,889997,0
MTE3,40174,889997,890149,152
MTE3,40176,890149,890149,0
MTE3,40178,890149,890149,0
MTE3,40180,890149,890149,0
MTE3,40182,890149,890149,0
MTE3,40184,890149,890149,0
MTE3,40186,890149,890149,0
MTE3,40188,890149,890149,0
MTE3,40190,893458,893458,0
MTE3,40192,893458,893458,0
MTE3,40194,893458,893458,0
MTE3,40196,893458,893610,152
MTE3,40198,893610,893610,0
MTE3,40200,893610,893610,0
MTE3,40202,893610,893610,0
MTE3,40204,893610,893610,0
MTE3,40206,893610,893610,0
MTE3,40208,893610,893610,0
MTE3,40210,893610,893610,0
MTE3,40212,893610,893610,0
MTE3,40214,893610,893610,0
MTE3,40216,893610,893762,152
MTE3,40218,893762,893762,0
MTE3,40220,893762,893762,0
MTE3,40222,893762,893762,0
MTE3,40224,893762,893762,0
MTE3,40226,893762,893762,0
MTE3,40228,893762,893762,0
MTE3,40230,893762,893944,182
MTE3,40232,893944,894126,182
MTE3,40234,894126,894308,182
MTE3,40236,894308,894490,182
MTE3,40238,894490,894672,182
MTE3,40240,894672,894854,182
MTE3,40242,894854,895036,182
MTE3,40244,895036,895218,182
MTE3,40246,895218,895218,0
MTE3,40248,905481,905481,0
MTE3,40250,905705,905705,0
MTE3,40252,905929,905929,0
MTE3,40254,906153,906153,0
MTE3,40256,907130,907130,0
MTE3,40258,907130,907130,0
MTE3,40260,907130,907130,0
MTE3,40262,907130,907130,0
MTE3,40264,907130,907130,0
MTE3,40266,907130,907130,0
MTE3,40268,907130,907130,0
MTE3,40270,907130,907130,0
MTE3,40272,907130,907130,0
MTE3,40274,907130,907130,0
MTE3,40276,907130,907130,0
MTE3,40278,907130,907130,0
MTE3,40280,907130,907130,0
MTE3,40282,907130,907130,0
MTE3,40284,907130,907130,0
MTE3,40286,907130,907130,0
MTE3,40288,907130,907130,0
MTE3,40290,907130,907130,0
MTE3,40292,907130,907130,0
MTE3,40294,907130,907130,0
MTE3,40296,907130,907130,0
MTE3,40298,907130,907130,0
MTE3,40300,907130,907130,0
MTE3,40302,907130,907130,0
MTE3,40304,907130,907130,0
MTE3,40306,907130,907130,0
MTE3,40308,907130,907130,0
MTE3,40310,907130,907282,152
MTE3,40312,907282,907282,0
MTE3,40314,907282,907282,0
MTE3,40316,907282,907282,0
MTE3,40318,907282,907282,0
MTE3,40320,907282,907282,0
MTE3,40322,907282,907282,0
MTE3,40324,907282,907282,0
MTE3,40326,907282,907282,0
MTE3,40328,907282,907282,0
MTE3,40330,907282,907434,152
MTE3,40332,907434,907434,0
MTE3,40334,907434,907434,0
MTE3,40336,907434,907434,0
MTE3,40338,907434,907434,0
MTE3,40340,907434,907434,0
MTE3,40342,907434,907434,0
MTE3,40344,907434,907434,0
MTE3,40346,907434,907434,0
MTE3,40348,907434,907434,0
MTE3,40350,907434,907586,152
MTE3,40352,907586,907586,0
MTE3,40354,907586,907586,0
MTE3,40356,907586,907586,0
MTE3,40358,907586,907586,0
MTE3,40360,907586,907586,0
MTE3,40362,907586,907586,0
MTE3,40364,907586,907586,0
MTE3,40366,907586,907586,0
MTE3,40368,907586,907586,0
MTE3,40370,907586,907738,152
MTE3,40372,907738,907738,0
MTE3,40374,907738,907738,0
MTE3,40376,907738,907738,0
MTE3,40378,907738,907738,0
MTE3,40380,907738,907738,0
MTE3,40382,907738,907738,0
MTE3,40384,907738,907920,182
MTE3,40386,907920,908102,182
MTE3,40388,908102,908102,0
MTE3,40390,921503,921503,0
MTE3,40392,921503,921503,0
MTE3,40394,921503,921503,0
MTE3,40396,923104,923104,0
MTE3,40398,923287,923287,0
MTE3,40400,923287,923287,0
MTE3,40402,923918,923918,0
MTE3,40404,924142,924142,0
MTE3,40406,924366,924366,0
MTE3,40408,925328,925328,0
MTE3,40410,925328,925328,0
MTE3,40412,925328,925328,0
MTE3,40414,929459,929459,0
MTE3,40416,930395,930395,0
MTE3,40418,931298,931298,0
MTE3,40420,931673,931673,0
MTE3,40422,931673,931673,0
MTE3,40424,932412,932412,0
MTE3,40426,932787,932787,0
MTE3,40428,932787,932787,0
MTE3,40430,933690,933690,0
MTE3,40432,933690,933690,0
MTE3,40434,934593,934593,0
MTE3,40436,934593,934593,0
MTE3,40438,935496,935496,0
MTE3,40440,936388,936388,0
MTE3,40442,936893,936893,0
MTE3,40444,937268,937268,0
MTE3,40446,937268,937268,0
MTE3,40448,938405,938405,0
MTE3,40450,938780,938780,0
MTE3,40452,939155,939155,0
MTE3,40454,939155,939155,0
MTE3,40456,940292,940292,0
MTE3,40458,940667,940667,0
MTE3,40460,941042,941042,0
MTE3,40462,941042,941042,0
MTE3,40464,941945,941945,0
MTE3,40466,942575,942575,0
MTE3,40468,942950,942950,0
MTE3,40470,944810,944810,0
MTE3,40472,945286,945286,0
MTE3,40474,945661,945661,0
MTE3,40476,945661,945661,0
MTE3,40478,946564,946564,0
MTE3,40480,947173,947173,0
MTE3,40482,947548,947548,0
MTE3,40484,947923,947923,0
MTE3,40486,947923,947923,0
MTE3,40488,949060,949060,0
MTE3,40490,949435,949435,0
MTE3,40492,949810,949810,0
MTE3,40494,949810,949810,0
MTE3,40496,950713,950713,0
MTE3,40498,951088,951088,0
MTE3,40500,951746,951746,0
MTE3,40502,952121,952121,0
MTE3,40504,952121,952121,0
MTE3,40506,953024,953024,0
MTE3,40508,953399,953399,0
MTE3,40510,954057,954057,0
MTE3,40512,954715,954715,0
MTE3,40514,954715,954715,0
MTE3,40516,955090,955090,0
MTE3,40518,955618,955618,0
MTE3,40520,956674,956674,0
MTE3,40522,956674,956674,0
MTE3,40524,956674,956674,0
MTE3,40526,957332,957332,0
MTE3,40528,957707,957707,0
MTE3,40530,957707,957889,182
MTE3,40532,957889,958071,182
MTE3,40534,958071,958071,0
MTE3,40536,958974,958974,0
MTE3,40538,960160,960160,0
MTE3,40540,960160,960160,0
MTE3,40542,960535,960535,0
MTE3,40544,961063,961063,0
MTE3,40546,962610,962824,214
MTE3,40548,962824,962824,0
MTE3,40550,962824,962824,0
MTE3,40552,963199,963199,0
MTE3,40554,963199,963199,0
MTE3,40556,963574,963574,0
MTE3,40558,964102,964102,0
MTE3,40560,964841,965055,214
MTE3,40562,965055,965055,0
MTE3,40564,965055,965055,0
MTE3,40566,965430,965430,0
MTE3,40568,965805,965805,0
MTE3,40570,965805,965805,0
MTE3,40572,966919,967133,214
MTE3,40574,967294,967294,0
MTE3,40576,967294,967294,0
MTE3,40578,967294,967294,0
MTE3,40580,967669,967669,0
MTE3,40582,968197,968197,0
MTE3,16738,968936,968961,25
MTE3,40584,968961,969175,214
MTE3,40586,969175,969175,0
MTE3,40588,969175,969175,0
MTE3,40590,971073,971073,0
MTE3,40592,971500,971500,0
MTE3,40594,971500,971500,0
MTE3,40596,971500,971682,182
MTE3,40598,971682,971864,182
MTE3,40600,971864,972046,182
MTE3,40602,972046,972228,182
MTE3,40604,972228,972410,182
MTE3,40606,972410,972592,182
MTE3,40608,972592,972774,182
MTE3,40610,972774,972956,182
MTE3,40612,972956,973138,182
MTE3,40614,973138,973320,182
MTE3,40616,973320,973502,182
MTE3,40618,973502,973684,182
MTE3,40620,973684,973866,182
MTE3,40622,973866,974048,182
MTE3,40624,974048,974230,182
MTE3,40626,974230,974412,182
MTE3,40628,974412,974594,182
MTE3,40630,974594,974776,182
MTE3,40632,974776,974776,0
MTE3,40634,975313,975313,0
MTE3,40636,976713,976895,182
MTE3,40638,976895,977077,182
MTE3,40640,977077,977077,0
MTE3,40642,977452,977452,0
MTE3,40644,977452,977452,0
MTE3,40646,978355,978355,0
MTE3,40648,978791,978973,182
MTE3,40650,978973,979155,182
MTE3,40652,979155,979155,0
MTE3,40654,979530,979530,0
MTE3,40656,979905,979905,0
MTE3,40658,981091,981091,0
MTE3,40660,981091,981273,182
MTE3,40662,981273,981455,182
MTE3,40664,981455,981455,0
MTE3,40666,982358,982358,0
MTE3,40668,982794,982976,182
MTE3,40670,982976,983158,182
MTE3,40672,983158,983158,0
MTE3,40674,983533,983533,0
MTE3,40676,983908,983908,0
MTE3,40678,985094,985094,0
MTE3,40680,985094,985276,182
MTE3,40682,985276,985458,182
MTE3,40684,985458,985458,0
MTE3,40686,986361,986361,0
MTE3,40688,986797,986979,182
MTE3,40690,986979,987161,182
MTE3,40692,987161,987161,0
MTE3,40694,987536,987536,0
MTE3,40696,987911,987911,0
MTE3,40698,989097,989097,0
MTE3,40700,992007,992007,0
MTE3,40702,992007,992159,152
MTE3,40704,992159,992159,0
MTE3,40706,992159,992159,0
MTE3,40708,992159,992311,152
MTE3,40710,992311,992311,0
MTE3,40712,992311,992493,182
MTE3,40714,992493,992675,182
MTE3,40716,992675,992675,0
MTE3,40718,993660,993660,0
MTE3,40720,993660,993812,152
MTE3,40722,993812,993812,0
MTE3,40724,993812,993812,0
MTE3,40726,993812,993964,152
MTE3,40728,993964,993964,0
MTE3,40730,993964,994146,182
MTE3,40732,994146,994328,182
MTE3,40734,994328,994328,0
MTE3,40736,995313,995313,0
MTE3,40738,995313,995465,152
MTE3,40740,995465,995465,0
MTE3,40742,995465,995465,0
MTE3,40744,995465,995617,152
MTE3,40746,995617,995617,0
MTE3,40748,995617,995617,0
MTE3,40750,997086,997086,0
MTE3,40752,997086,997086,0
MTE3,40754,997086,997238,152
MTE3,40756,997238,997238,0
MTE3,40758,997238,997390,152
MTE3,40760,997390,997390,0
MTE3,40762,997390,997390,0
MTE3,40764,997390,997542,152
MTE3,40766,997542,997542,0
MTE3,40768,997542,997724,182
MTE3,40770,997724,997906,182
MTE3,40772,997906,997906,0
MTE3,40774,997948,997948,0
MTE3,40776,997948,998162,214
MTE3,40778,998162,998376,214
MTE3,40780,998376,998590,214
MTE3,40782,1001257,1001257,0
MTE3,40784,1001257,1001257,0
MTE3,40786,1001257,1001257,0
MTE3,40788,1001257,1001409,152
MTE3,40790,1001409,1001409,0
MTE3,40792,1001409,1001409,0
MTE3,40794,1001409,1001409,0
MTE3,40796,1001409,1001409,0
MTE3,40798,1001409,1001409,0
MTE3,40800,1001409,1001409,0
MTE3,40802,1001409,1001409,0
MTE3,40804,1001409,1001409,0
MTE3,40806,1001409,1001409,0
MTE3,40808,1001409,1001561,152
MTE3,40810,1001561,1001561,0
MTE3,40812,1001561,1001561,0
MTE3,40814,1001561,1001561,0
MTE3,40816,1001561,1001561,0
MTE3,40818,1001561,1001561,0
MTE3,40820,1001561,1001561,0
MTE3,40822,1001561,1001775,214
MTE3,40824,1001775,1001775,0
MTE3,40826,1006516,1006516,0
MTE3,40828,1006516,1006516,0
MTE3,40830,1006516,1006516,0
MTE3,40832,1006516,1006668,152
MTE3,40834,1006668,1006668,0
MTE3,40836,1006668,1006668,0
MTE3,40838,1006668,1006668,0
MTE3,40840,1006668,1006668,0
MTE3,40842,1006668,1006668,0
MTE3,40844,1006668,1006668,0
MTE3,40846,1006668,1006668,0
MTE3,40848,1006668,1006668,0
MTE3,40850,1006668,1006668,0
MTE3,40852,1006668,1006820,152
MTE3,40854,1006820,1006820,0
MTE3,40856,1006820,1006820,0
MTE3,40858,1006820,1006820,0
MTE3,40860,1006820,1006820,0
MTE3,40862,1006820,1006820,0
MTE3,40864,1006820,1006820,0
MTE3,40866,1006820,1006820,0
MTE3,40868,1006820,1006820,0
MTE3,40870,1006820,1006820,0
MTE3,40872,1006820,1006972,152
MTE3,40874,1006972,1006972,0
MTE3,40876,1006972,1006972,0
MTE3,40878,1006972,1006972,0
MTE3,40880,1006972,1006972,0
MTE3,40882,1006972,1006972,0
MTE3,40884,1006972,1006972,0
MTE3,40886,1006972,1006972,0
MTE3,40888,1017952,1017952,0
MTE3,40890,1017952,1017952,0
MTE3,40892,1017952,1017952,0
MTE3,40894,1017952,1017952,0
MTE3,40896,1017952,1017952,0
MTE3,40898,1017952,1017952,0
MTE3,40900,1017952,1017952,0
MTE3,40902,1017952,1017952,0
MTE3,40904,1017952,1017952,0
MTE3,40906,1017952,1017952,0
MTE3,40908,1017952,1017952,0
MTE3,40910,1017952,1017952,0
MTE3,40912,1017952,1017952,0
MTE3,40914,1017952,1017952,0
MTE3,40916,1017952,1017952,0
MTE3,40918,1017952,1017952,0
MTE3,40920,1017952,1017952,0
MTE3,40922,1017952,1017952,0
MTE3,40924,1017952,1017952,0
MTE3,40926,1017952,1017952,0
MTE3,40928,1017952,1017952,0
MTE3,40930,1017952,1017952,0
MTE3,40932,1017952,1017952,0
MTE3,40934,1017952,1017952,0
MTE3,40936,1017952,1017952,0
MTE3,40938,1017952,1017952,0
MTE3,40940,1017952,1017952,0
MTE3,40942,1017952,1017952,0
MTE3,40944,1017952,1017952,0
MTE3,40946,1017952,1017952,0
MTE3,40948,1017952,1017952,0
MTE3,40950,1017952,1017952,0
MTE3,40952,1017952,1017952,0
MTE3,40954,1017952,1017952,0
MTE3,40956,1017952,1017952,0
MTE3,40958,1017952,1017952,0
MTE3,40960,1017952,1017952,0
MTE3,40962,1017952,1017952,0
MTE3,40964,1017952,1017952,0
MTE3,40966,1017952,1017952,0
MTE3,40968,1017952,1017952,0
MTE3,40970,1017952,1017952,0
MTE3,40972,1017952,1017952,0
MTE3,40974,1017952,1017952,0
MTE3,40976,1021719,1021719,0
MTE3,40978,1021719,1021719,0
MTE3,40980,1021719,1021719,0
MTE3,40982,1021719,1021719,0
MTE3,40984,1022918,1022918,0
MTE3,40986,1022918,1022918,0
MTE3,40988,1022918,1022918,0
MTE3,40990,1022918,1022918,0
MTE3,40992,1022918,1022918,0
MTE3,40994,1022918,1022918,0
MTE3,40996,1022918,1022918,0
MTE3,40998,1022918,1022918,0
MTE3,41000,1022918,1022918,0
MTE3,41002,1027091,1027091,0
MTE3,41004,1027466,1027466,0
MTE3,41006,1027841,1027841,0
MTE3,41008,1028216,1028216,0
MTE3,41010,1028591,1028591,0
MTE3,41012,1028966,1028966,0
MTE3,41014,1029494,1029494,0
MTE3,41016,1029869,1029869,0
MTE3,41018,1030244,1030244,0
MTE3,41020,1030619,1030619,0
MTE3,41022,1030994,1030994,0
MTE3,41024,1031603,1031603,0
MTE3,41026,1031978,1031978,0
MTE3,41028,1032353,1032353,0
MTE3,41030,1032728,1032728,0
MTE3,41032,1033103,1033103,0
MTE3,41034,1033712,1033712,0
MTE3,41036,1034087,1034087,0
MTE3,41038,1034462,1034462,0
MTE3,41040,1034837,1034837,0
MTE3,41042,1035446,1035446,0
MTE3,41044,1035821,1035821,0
MTE3,41046,1036196,1036196,0
MTE3,41048,1036571,1036571,0
MTE3,41050,1037180,1037180,0
MTE3,41052,1038023,1038023,0
MTE3,41054,1038398,1038398,0
MTE3,41056,1039475,1039475,0
MTE3,41058,1039850,1039850,0
MTE3,41060,1040225,1040225,0
MTE3,41062,1040600,1040600,0
MTE3,41064,1040975,1040975,0
MTE3,41066,1041350,1041350,0
MTE3,41068,1042008,1042008,0
MTE3,41070,1042383,1042383,0
MTE3,41072,1042758,1042758,0
MTE3,41074,1043661,1043661,0
MTE3,41076,1044319,1044319,0
MTE3,41078,1044977,1044977,0
MTE3,41080,1045352,1045352,0
MTE3,41082,1045727,1045727,0
MTE3,41084,1046102,1046102,0
MTE3,41086,1046477,1046477,0
MTE3,41088,1047135,1047135,0
MTE3,41090,1047510,1047510,0
MTE3,41092,1047885,1047885,0
MTE3,41094,1048260,1048260,0
MTE3,41096,1048635,1048635,0
MTE3,41098,1049293,1049293,0
MTE3,41100,1049668,1049668,0
MTE3,41102,1050043,1050043,0
MTE3,41104,1050418,1050418,0
MTE3,41106,1050793,1050793,0
MTE3,41108,1051451,1051451,0
MTE3,41110,1052109,1052109,0
MTE3,41112,1052484,1052484,0
MTE3,41114,1052859,1052859,0
MTE3,41116,1053234,1053234,0
MTE3,41118,1053609,1053609,0
MTE3,41120,1054267,1054267,0
MTE3,41122,1054642,1054642,0
MTE3,41124,1055017,1055017,0
MTE3,41126,1055392,1055392,0
MTE3,41128,1055767,1055767,0
MTE3,41130,1056425,1056425,0
MTE3,41132,1056800,1056800,0
MTE3,41134,1056953,1057135,182
MTE3,41136,1057135,1057317,182
MTE3,41138,1057317,1057499,182
MTE3,41140,1057499,1057681,182
MTE3,41142,1057681,1057863,182
MTE3,41144,1057863,1058045,182
MTE3,41146,1058045,1058045,0
MTE3,41148,1058948,1058948,0
MTE3,41150,1059814,1060028,214
MTE3,41152,1060028,1060028,0
MTE3,41154,1060028,1060028,0
MTE3,41156,1060403,1060403,0
MTE3,41158,1060778,1060778,0
MTE3,41160,1060778,1060778,0
MTE3,41162,1061892,1062106,214
MTE3,41164,1062106,1062106,0
MTE3,41166,1062106,1062106,0
MTE3,41168,1062481,1062481,0
MTE3,41170,1062856,1062856,0
MTE3,41172,1062856,1062856,0
MTE3,41174,1063970,1064184,214
MTE3,41176,1064184,1064184,0
MTE3,41178,1064184,1064184,0
MTE3,41180,1064559,1064559,0
MTE3,41182,1064934,1064934,0
MTE3,41184,1064934,1064934,0
MTE3,18147,1066048,1066073,25
MTE3,41186,1066073,1066287,214
MTE3,41188,1066287,1066287,0
MTE3,41190,1066287,1066287,0
MTE3,41192,1069139,1069321,182
MTE3,41194,1069321,1069503,182
MTE3,41196,1069503,1069503,0
MTE3,41198,1069503,1069503,0
MTE3,41200,1070983,1071165,182
MTE3,41202,1071165,1071347,182
MTE3,41204,1071347,1071347,0
MTE3,41206,1072908,1073090,182
MTE3,41208,1073090,1073272,182
MTE3,41210,1073272,1073272,0
MTE3,41212,1074570,1074752,182
MTE3,41214,1074752,1074934,182
MTE3,41216,1074934,1074934,0
MTE3,41218,1076495,1076677,182
MTE3,41220,1076677,1076859,182
MTE3,41222,1076859,1076859,0
MTE3,41224,1078157,1078339,182
MTE3,41226,1078339,1078521,182
MTE3,41228,1078521,1078521,0
MTE3,41230,1080082,1080264,182
MTE3,41232,1080264,1080446,182
MTE3,41234,1080446,1080446,0
MTE3,41236,1084202,1084202,0
MTE3,41238,1084202,1084354,152
MTE3,41240,1084354,1084354,0
MTE3,41242,1084354,1084354,0
MTE3,41244,1084354,1084506,152
MTE3,41246,1084506,1084506,0
MTE3,41248,1084506,1084506,0
MTE3,41250,1084506,1084658,152
MTE3,41252,1084658,1084658,0
MTE3,41254,1084658,1084658,0
MTE3,41256,1084658,1084810,152
MTE3,41258,1084810,1084810,0
MTE3,41260,1084810,1084992,182
MTE3,41262,1084992,1085174,182
MTE3,41264,1085174,1085174,0
MTE3,41266,1085795,1085795,0
MTE3,41268,1085795,1085947,152
MTE3,41270,1085947,1085947,0
MTE3,41272,1085947,1085947,0
MTE3,41274,1085947,1086099,152
MTE3,41276,1086099,1086099,0
MTE3,41278,1086099,1086281,182
MTE3,41280,1086281,1086463,182
MTE3,41282,1086463,1086463,0
MTE3,41284,1087932,1087932,0
MTE3,41286,1087932,1087932,0
MTE3,41288,1087932,1088084,152
MTE3,41290,1088084,1088084,0
MTE3,41292,1088084,1088236,152
MTE3,41294,1088236,1088236,0
MTE3,41296,1088236,1088236,0
MTE3,41298,1088236,1088388,152
MTE3,41300,1088388,1088388,0
MTE3,41302,1088388,1088570,182
MTE3,41304,1088570,1088752,182
MTE3,41306,1088752,1088934,182
MTE3,41308,1088934,1089116,182
MTE3,41310,1089116,1089298,182
MTE3,41312,1089298,1089480,182
MTE3,41314,1089522,1089522,0
MTE3,41316,1089522,1089704,182
MTE3,41318,1089704,1089886,182
MTE3,41320,1089886,1090068,182
MTE3,41322,1090068,1090250,182
MTE3,41324,1090250,1090432,182
MTE3,41326,1090432,1090614,182
MTE3,41328,1090614,1090796,182
MTE3,41330,1090796,1090978,182
MTE3,41332,1090978,1091160,182
MTE3,41334,1091160,1091342,182
MTE3,41336,1091342,1091342,0
MTE3,41338,1096123,1096123,0
MTE3,41340,1096347,1096347,0
MTE3,41342,1096571,1096571,0
MTE3,41344,1096795,1096795,0
MTE3,41346,1097019,1097019,0
MTE3,41348,1097243,1097243,0
MTE3,41350,1098117,1098117,0
MTE3,41352,1098117,1098117,0
MTE3,41354,1098117,1098117,0
MTE3,41356,1098117,1098269,152
MTE3,41358,1098269,1098269,0
MTE3,41360,1098269,1098269,0
MTE3,41362,1098269,1098269,0
MTE3,41364,1098269,1098421,152
MTE3,41366,1098421,1098421,0
MTE3,41368,1098421,1098421,0
MTE3,41370,1098421,1098421,0
MTE3,41372,1098421,1098421,0
MTE3,41374,1098421,1098421,0
MTE3,41376,1098421,1098421,0
MTE3,41378,1098421,1098421,0
MTE3,41380,1098421,1098421,0
MTE3,41382,1098421,1098421,0
MTE3,41384,1098421,1098573,152
MTE3,41386,1098573,1098573,0
MTE3,41388,1098573,1098573,0
MTE3,41390,1098573,1098573,0
MTE3,41392,1098573,1098573,0
MTE3,41394,1098573,1098573,0
MTE3,41396,1098573,1098573,0
MTE3,41398,1098573,1098573,0
MTE3,41400,1098573,1098573,0
MTE3,41402,1098573,1098573,0
MTE3,41404,1098573,1098725,152
MTE3,41406,1098725,1098725,0
MTE3,41408,1098725,1098725,0
MTE3,41410,1098725,1098725,0
MTE3,41412,1098725,1098725,0
MTE3,41414,1098725,1098725,0
MTE3,41416,1098725,1098725,0
MTE3,41418,1098725,1098725,0
MTE3,41420,1098725,1098725,0
MTE3,41422,1098725,1098725,0
MTE3,41424,1098725,1098877,152
MTE3,41426,1098877,1098877,0
MTE3,41428,1098877,1098877,0
MTE3,41430,1098877,1098877,0
MTE3,41432,1098877,1098877,0
MTE3,41434,1098877,1098877,0
MTE3,41436,1098877,1098877,0
MTE3,41438,1098877,1098877,0
MTE3,41440,1113183,1113183,0
MTE3,41442,1113183,1113183,0
MTE3,41444,1113183,1113183,0
MTE3,41446,1117826,1117826,0
MTE3,41448,1118201,1118201,0
MTE3,41450,1118576,1118576,0
MTE3,41452,1118951,1118951,0
MTE3,41454,1119326,1119326,0
MTE3,41456,1119701,1119701,0
MTE3,41458,1120076,1120076,0
MTE3,41460,1120451,1120451,0
MTE3,41462,1120826,1120826,0
MTE3,41464,1121201,1121201,0
MTE3,41466,1121576,1121576,0
MTE3,41468,1122185,1122185,0
MTE3,41470,1122560,1122560,0
MTE3,41472,1122935,1122935,0
MTE3,41474,1123310,1123310,0
MTE3,41476,1123685,1123685,0
MTE3,41478,1124222,1124222,0
MTE3,41480,1124597,1124597,0
MTE3,41482,1124972,1124972,0
MTE3,41484,1125347,1125347,0
MTE3,41486,1125884,1125884,0
MTE3,41488,1126259,1126259,0
MTE3,41490,1126634,1126634,0
MTE3,41492,1127009,1127009,0
MTE3,41494,1127546,1127546,0
MTE3,41496,1128389,1128389,0
MTE3,41498,1128764,1128764,0
MTE3,41500,1129301,1129301,0
MTE3,41502,1129676,1129676,0
MTE3,41504,1130051,1130051,0
MTE3,41506,1130426,1130426,0
MTE3,41508,1131084,1131084,0
MTE3,41510,1131459,1131459,0
MTE3,41512,1131834,1131834,0
MTE3,41514,1132209,1132209,0
MTE3,41516,1132584,1132584,0
MTE3,41518,1133242,1133242,0
MTE3,41520,1133617,1133617,0
MTE3,41522,1133992,1133992,0
MTE3,41524,1134367,1134367,0
MTE3,41526,1134742,1134742,0
MTE3,41528,1135400,1135400,0
MTE3,41530,1136058,1136058,0
MTE3,41532,1136433,1136433,0
MTE3,41534,1136808,1136808,0
MTE3,41536,1137183,1137183,0
MTE3,41538,1137558,1137558,0
MTE3,41540,1138216,1138216,0
MTE3,41542,1138591,1138591,0
MTE3,41544,1138966,1138966,0
MTE3,41546,1139341,1139341,0
MTE3,41548,1139716,1139716,0
MTE3,41550,1140374,1140374,0
MTE3,41552,1140749,1140749,0
MTE3,41554,1141124,1141124,0
MTE3,41556,1141499,1141499,0
MTE3,41558,1141874,1141874,0
MTE3,41560,1142532,1142532,0
MTE3,41562,1143190,1143190,0
MTE3,41564,1143565,1143565,0
MTE3,41566,1143565,1143747,182
MTE3,41568,1143747,1143929,182
MTE3,41570,1143929,1144111,182
MTE3,41572,1144111,1144293,182
MTE3,41574,1144293,1144475,182
MTE3,41576,1144475,1144657,182
MTE3,41578,1144657,1144657,0
MTE3,41580,1145560,1145560,0
MTE3,41582,1145935,1145935,0
MTE3,41584,1146593,1146593,0
MTE3,41586,1146968,1146968,0
MTE3,41588,1146968,1146968,0
MTE3,41590,1147871,1147871,0
MTE3,41592,1148246,1148246,0
MTE3,41594,1148904,1148904,0
MTE3,41596,1149279,1149279,0
MTE3,41598,1149279,1149279,0
MTE3,41600,1150182,1150182,0
MTE3,41602,1151048,1151262,214
MTE3,41604,1151262,1151262,0
MTE3,41606,1151262,1151262,0
MTE3,41608,1151637,1151637,0
MTE3,41610,1152012,1152012,0
MTE3,41612,1152012,1152012,0
MTE3,41614,1153126,1153340,214
MTE3,41616,1153340,1153340,0
MTE3,41618,1153340,1153340,0
MTE3,41620,1153715,1153715,0
MTE3,41622,1154090,1154090,0
MTE3,41624,1154090,1154090,0
MTE3,41626,1155204,1155418,214
MTE3,41628,1155418,1155418,0
MTE3,41630,1155418,1155418,0
MTE3,41632,1155793,1155793,0
MTE3,41634,1156168,1156168,0
MTE3,41636,1156168,1156168,0
MTE3,19536,1157282,1157307,25
MTE3,41638,1157307,1157521,214
MTE3,41640,1157521,1157521,0
MTE3,41642,1157521,1157521,0
MTE3,41644,1164428,1164428,0
MTE3,41646,1164428,1164580,152
MTE3,41648,1164580,1164580,0
MTE3,41650,1164580,1164580,0
MTE3,41652,1164580,1164732,152
MTE3,41654,1164732,1164732,0
MTE3,41656,1164732,1164914,182
MTE3,41658,1164914,1165096,182
MTE3,41660,1165096,1165096,0
MTE3,41662,1166081,1166081,0
MTE3,41664,1166081,1166233,152
MTE3,41666,1166233,1166233,0
MTE3,41668,1166233,1166233,0
MTE3,41670,1166233,1166385,152
MTE3,41672,1166385,1166385,0
MTE3,41674,1166385,1166385,0
MTE3,41676,1167370,1167370,0
MTE3,41678,1167370,1167522,152
MTE3,41680,1167522,1167522,0
MTE3,41682,1167522,1167522,0
MTE3,41684,1167522,1167674,152
MTE3,41686,1167674,1167674,0
MTE3,41688,1167674,1167856,182
MTE3,41690,1167856,1168038,182
MTE3,41692,1168038,1168220,182
MTE3,41694,1168220,1168402,182
MTE3,41696,1168402,1168584,182
MTE3,41698,1168584,1168766,182
MTE3,41700,1168766,1168948,182
MTE3,41702,1168948,1169130,182
MTE3,41704,1169130,1169312,182
MTE3,41706,1169312,1169494,182
MTE3,41708,1169494,1169676,182
MTE3,41710,1169676,1169858,182
MTE3,41712,1169858,1170040,182
MTE3,41714,1170040,1170222,182
MTE3,41716,1170222,1170404,182
MTE3,41718,1170404,1170586,182
MTE3,41720,1170586,1170768,182
MTE3,41722,1170768,1170950,182
MTE3,41724,1170950,1171132,182
MTE3,41726,1171132,1171314,182
MTE3,41728,1171314,1171314,0
MTE3,41730,1172631,1172631,0
MTE3,41732,1172631,1172631,0
MTE3,41734,1172631,1172631,0
MTE3,41736,1172631,1172783,152
MTE3,41738,1172783,1172783,0
MTE3,41740,1172783,1172935,152
MTE3,41742,1172935,1172935,0
MTE3,41744,1172935,1172935,0
MTE3,41746,1172935,1173087,152
MTE3,41748,1173087,1173087,0
MTE3,41750,1173087,1173087,0
MTE3,41752,1179688,1179688,0
MTE3,41754,1179688,1179688,0
MTE3,41756,1179688,1179688,0
MTE3,41758,1179688,1179840,152
MTE3,41760,1179840,1179840,0
MTE3,41762,1179840,1179840,0
MTE3,41764,1179840,1179840,0
MTE3,41766,1179840,1179840,0
MTE3,41768,1179840,1179840,0
MTE3,41770,1179840,1179840,0
MTE3,41772,1179840,1179840,0
MTE3,41774,1179840,1179840,0
MTE3,41776,1179840,1179840,0
MTE3,41778,1179840,1179992,152
MTE3,41780,1179992,1179992,0
MTE3,41782,1179992,1179992,0
MTE3,41784,1179992,1179992,0
MTE3,41786,1179992,1179992,0
MTE3,41788,1179992,1179992,0
MTE3,41790,1179992,1179992,0
MTE3,41792,1179992,1179992,0
MTE3,41794,1179992,1179992,0
MTE3,41796,1179992,1179992,0
MTE3,41798,1179992,1180144,152
MTE3,41800,1180144,1180144,0
MTE3,41802,1180144,1180144,0
MTE3,41804,1180144,1180144,0
MTE3,41806,1180144,1180144,0
MTE3,41808,1180144,1180144,0
MTE3,41810,1180144,1180144,0
MTE3,41812,1180144,1180144,0
MTE3,41814,1180144,1180144,0
MTE3,41816,1180144,1180144,0
MTE3,41818,1180144,1180296,152
MTE3,41820,1180296,1180296,0
MTE3,41822,1180296,1180296,0
MTE3,41824,1180296,1180296,0
MTE3,41826,1180296,1180296,0
MTE3,41828,1180296,1180296,0
MTE3,41830,1180296,1180296,0
MTE3,41832,1180296,1180296,0
MTE3,41834,1193705,1193705,0
MTE3,41836,1194080,1194080,0
MTE3,41838,1194455,1194455,0
MTE3,41840,1194830,1194830,0
MTE3,41842,1195205,1195205,0
MTE3,41844,1195580,1195580,0
MTE3,41846,1195955,1195955,0
MTE3,41848,1196330,1196330,0
MTE3,41850,1197983,1197983,0
MTE3,41852,1198358,1198358,0
MTE3,41854,1198733,1198733,0
MTE3,41856,1199108,1199108,0
MTE3,41858,1199483,1199483,0
MTE3,41860,1200020,1200020,0
MTE3,41862,1200395,1200395,0
MTE3,41864,1200770,1200770,0
MTE3,41866,1201145,1201145,0
MTE3,41868,1201754,1201754,0
MTE3,41870,1202129,1202129,0
MTE3,41872,1202504,1202504,0
MTE3,41874,1202879,1202879,0
MTE3,41876,1203254,1203254,0
MTE3,41878,1203629,1203629,0
MTE3,41880,1204004,1204004,0
MTE3,41882,1204379,1204379,0
MTE3,41884,1204754,1204754,0
MTE3,41886,1205129,1205129,0
MTE3,41888,1205787,1205787,0
MTE3,41890,1206445,1206445,0
MTE3,41892,1206820,1206820,0
MTE3,41894,1207195,1207195,0
MTE3,41896,1207570,1207570,0
MTE3,41898,1207945,1207945,0
MTE3,41900,1208603,1208603,0
MTE3,41902,1208978,1208978,0
MTE3,41904,1209353,1209353,0
MTE3,41906,1209728,1209728,0
MTE3,41908,1210103,1210103,0
MTE3,41910,1210761,1210761,0
MTE3,41912,1211136,1211136,0
MTE3,41914,1211511,1211511,0
MTE3,41916,1211886,1211886,0
MTE3,41918,1212261,1212261,0
MTE3,41920,1212919,1212919,0
MTE3,41922,1213577,1213577,0
MTE3,41924,1213952,1213952,0
MTE3,41926,1214327,1214327,0
MTE3,41928,1214702,1214702,0
MTE3,41930,1215077,1215077,0
MTE3,41932,1215735,1215735,0
MTE3,41934,1216110,1216110,0
MTE3,41936,1216485,1216485,0
MTE3,41938,1216860,1216860,0
MTE3,41940,1217235,1217235,0
MTE3,41942,1217893,1217893,0
MTE3,41944,1218268,1218268,0
MTE3,41946,1218643,1218643,0
MTE3,41948,1219018,1219018,0
MTE3,41950,1219393,1219393,0
MTE3,41952,1220051,1220051,0
MTE3,41954,1220709,1220709,0
MTE3,41956,1221084,1221084,0
MTE3,41958,1221084,1221266,182
MTE3,41960,1221266,1221448,182
MTE3,41962,1221448,1221630,182
MTE3,41964,1221630,1221812,182
MTE3,41966,1221812,1221994,182
MTE3,41968,1221994,1222176,182
MTE3,41970,1222176,1222358,182
MTE3,41972,1222358,1222540,182
MTE3,41974,1222540,1222722,182
MTE3,41976,1222722,1222904,182
MTE3,41978,1222904,1223086,182
MTE3,41980,1223086,1223268,182
MTE3,41982,1223268,1223450,182
MTE3,41984,1223450,1223632,182
MTE3,41986,1223632,1223632,0
MTE3,41988,1224535,1224535,0
MTE3,41990,1224910,1224910,0
MTE3,41992,1225568,1225568,0
MTE3,41994,1225943,1225943,0
MTE3,41996,1225943,1225943,0
MTE3,41998,1226846,1226846,0
MTE3,42000,1227221,1227221,0
MTE3,42002,1227879,1227879,0
MTE3,42004,1228254,1228254,0
MTE3,42006,1228254,1228254,0
MTE3,42008,1229157,1229157,0
MTE3,42010,1230023,1230237,214
MTE3,42012,1230237,1230237,0
MTE3,42014,1230237,1230237,0
MTE3,42016,1230612,1230612,0
MTE3,42018,1230987,1230987,0
MTE3,42020,1230987,1230987,0
MTE3,42022,1232101,1232315,214
MTE3,42024,1232315,1232315,0
MTE3,42026,1232315,1232315,0
MTE3,42028,1232690,1232690,0
MTE3,42030,1233065,1233065,0
MTE3,42032,1233065,1233065,0
MTE3,42034,1234179,1234393,214
MTE3,42036,1234393,1234393,0
MTE3,42038,1234393,1234393,0
MTE3,42040,1234768,1234768,0
MTE3,42042,1235143,1235143,0
MTE3,42044,1235143,1235143,0
MTE3,20853,1236257,1236282,25
MTE3,42046,1236282,1236496,214
MTE3,42048,1236496,1236496,0
MTE3,42050,1236496,1236496,0
MTE3,42052,1236496,1236496,0
MTE3,42054,1236496,1236678,182
MTE3,42056,1236678,1236860,182
MTE3,42058,1236860,1237042,182
MTE3,42060,1237042,1237224,182
MTE3,42062,1237224,1237406,182
MTE3,42064,1237406,1237588,182
MTE3,42066,1237588,1237770,182
MTE3,42068,1237770,1237952,182
MTE3,42070,1237952,1238134,182
MTE3,42072,1238134,1238316,182
MTE3,42074,1238316,1238498,182
MTE3,42076,1238498,1238680,182
MTE3,42078,1238680,1238862,182
MTE3,42080,1238862,1239044,182
MTE3,42082,1239044,1239226,182
MTE3,42084,1239226,1239408,182
MTE3,42086,1239408,1239590,182
MTE3,42088,1239590,1239772,182
MTE3,42090,1239772,1239772,0
MTE3,42092,1268089,1268089,0
MTE3,42094,1268464,1268464,0
MTE3,42096,1268839,1268839,0
MTE3,42098,1269214,1269214,0
MTE3,42100,1269589,1269589,0
MTE3,42102,1270247,1270247,0
MTE3,42104,1270622,1270622,0
MTE3,42106,1270997,1270997,0
MTE3,42108,1271372,1271372,0
MTE3,42110,1271747,1271747,0
MTE3,42112,1272405,1272405,0
MTE3,42114,1272780,1272780,0
MTE3,42116,1273155,1273155,0
MTE3,42118,1273530,1273530,0
MTE3,42120,1273905,1273905,0
MTE3,42122,1274563,1274563,0
MTE3,42124,1275221,1275221,0
MTE3,42126,1275596,1275596,0
MTE3,42128,1275971,1275971,0
MTE3,42130,1276346,1276346,0
MTE3,42132,1276721,1276721,0
MTE3,42134,1277379,1277379,0
MTE3,42136,1277754,1277754,0
MTE3,42138,1278129,1278129,0
MTE3,42140,1278504,1278504,0
MTE3,42142,1278879,1278879,0
MTE3,42144,1279537,1279537,0
MTE3,42146,1279912,1279912,0
MTE3,42148,1280287,1280287,0
MTE3,42150,1280662,1280662,0
MTE3,42152,1281848,1281848,0
MTE3,42154,1282506,1282506,0
MTE3,42156,1282881,1282881,0
MTE3,42158,1282881,1282881,0
MTE3,42160,1283784,1283784,0
MTE3,42162,1284159,1284159,0
MTE3,42164,1284817,1284817,0
MTE3,42166,1285192,1285192,0
MTE3,42168,1285192,1285192,0
MTE3,42170,1286095,1286095,0
MTE3,42172,1286470,1286470,0
MTE3,42174,1287128,1287128,0
MTE3,42176,1287503,1287503,0
MTE3,42178,1287503,1287503,0
MTE3,42180,1288406,1288406,0
MTE3,42182,1288781,1288781,0
MTE3,42184,1289439,1289439,0
MTE3,42186,1290097,1290097,0
MTE3,42188,1290472,1290472,0
MTE3,42190,1290472,1290472,0
MTE3,42192,1291375,1291375,0
MTE3,42194,1291750,1291750,0
MTE3,42196,1292408,1292408,0
MTE3,42198,1292783,1292783,0
MTE3,42200,1292783,1292783,0
MTE3,42202,1293686,1293686,0
MTE3,42204,1294061,1294061,0
MTE3,42206,1294719,1294719,0
MTE3,42208,1295094,1295094,0
MTE3,42210,1295094,1295094,0
MTE3,42212,1295997,1295997,0
MTE3,42214,1296863,1297077,214
MTE3,42216,1297077,1297077,0
MTE3,42218,1297077,1297077,0
MTE3,42220,1297452,1297452,0
MTE3,42222,1297827,1297827,0
MTE3,42224,1297827,1297827,0
MTE3,42226,1298730,1298730,0
MTE3,42228,1298941,1299155,214
MTE3,42230,1299530,1299530,0
MTE3,42232,1299905,1299905,0
MTE3,42234,1299905,1299905,0
MTE3,42236,1299905,1299905,0
MTE3,42238,1300808,1300808,0
MTE3,42240,1301019,1301233,214
MTE3,42242,1301608,1301608,0
MTE3,42244,1301983,1301983,0
MTE3,42246,1301983,1301983,0
MTE3,42248,1301983,1301983,0
MTE3,42250,1302886,1302886,0
MTE3,22138,1303097,1303122,25
MTE3,42252,1303122,1303336,214
MTE3,42254,1323020,1323020,0
MTE3,42256,1323395,1323395,0
MTE3,42258,1323770,1323770,0
MTE3,42260,1324145,1324145,0
MTE3,42262,1324520,1324520,0
MTE3,42264,1324895,1324895,0
MTE3,42266,1325270,1325270,0
MTE3,42268,1325645,1325645,0
MTE3,42270,1326020,1326020,0
MTE3,42272,1326395,1326395,0
MTE3,42274,1326770,1326770,0
MTE3,42276,1327145,1327145,0
MTE3,42278,1327520,1327520,0
MTE3,42280,1327895,1327895,0
MTE3,42282,1328270,1328270,0
MTE3,42284,1328645,1328645,0
MTE3,42286,1329020,1329020,0
MTE3,42288,1329395,1329395,0
MTE3,42290,1329770,1329770,0
MTE3,42292,1330145,1330145,0
MTE3,42294,1330520,1330520,0
MTE3,42296,1330895,1330895,0
MTE3,42298,1331270,1331270,0
MTE3,42300,1331645,1331645,0
MTE3,42302,1332020,1332020,0
MTE3,42304,1332395,1332395,0
MTE3,42306,1332770,1332770,0
MTE3,42308,1333145,1333145,0
MTE3,42310,1333520,1333520,0
MTE3,42312,1333895,1333895,0
MTE3,42314,1334465,1334679,214
MTE3,42316,1334679,1334679,0
MTE3,42318,1334679,1334679,0
MTE3,42320,1335054,1335054,0
MTE3,42322,1335429,1335429,0
MTE3,42324,1335804,1335804,0
MTE3,42326,1336390,1336604,214
MTE3,42328,1336604,1336604,0
MTE3,42330,1336604,1336604,0
MTE3,42332,1336979,1336979,0
MTE3,42334,1337354,1337354,0
MTE3,42336,1337729,1337729,0
MTE3,42338,1338315,1338529,214
MTE3,42340,1338529,1338529,0
MTE3,42342,1338529,1338529,0
MTE3,42344,1338904,1338904,0
MTE3,22603,1340252,1340277,25
MTE3,42346,1340277,1340491,214
MTE3,42348,1354043,1354043,0
MTE3,42350,1354418,1354418,0
MTE3,42352,1354793,1354793,0
MTE3,42354,1355168,1355168,0
MTE3,42356,1355543,1355543,0
MTE3,42358,1355918,1355918,0
MTE3,42360,1356293,1356293,0
MTE3,42362,1356668,1356668,0
MTE3,42364,1357043,1357043,0
MTE3,42366,1357418,1357418,0
MTE3,42368,1357793,1357793,0
MTE3,42370,1358168,1358168,0
MTE3,42372,1358543,1358543,0
MTE3,42374,1358918,1358918,0
MTE3,42376,1359488,1359702,214
MTE3,42378,1359702,1359702,0
MTE3,42380,1359702,1359702,0
MTE3,42382,1360077,1360077,0
MTE3,42384,1360452,1360452,0
MTE3,42386,1360827,1360827,0
MTE3,42388,1361413,1361627,214
MTE3,42390,1361627,1361627,0
MTE3,42392,1361627,1361627,0
MTE3,42394,1362002,1362002,0
MTE3,42396,1362377,1362377,0
MTE3,42398,1362752,1362752,0
MTE3,42400,1363338,1363552,214
MTE3,42402,1363552,1363552,0
MTE3,42404,1363552,1363552,0
MTE3,22940,1364768,1364793,25
MTE3,42406,1377140,1377354,214
MTE3,42408,1377354,1377568,214
MTE3,42410,1377993,1377993,0
MTE3,42412,1378579,1378793,214
MTE3,42414,1378793,1378793,0
MTE3,42416,1378793,1378793,0
MTE3,42418,1379168,1379168,0
MTE3,42420,1379543,1379543,0
MTE3,42422,1379918,1379918,0
MTE3,23213,1381426,1381451,25
MTE3,23422,1392958,1392983,25
MTE3,23567,1400086,1400111,25
MTE3,23648,1403758,1403783,25
MTE3,23673,1405178,1405203,25
MTE3,23690,1406141,1406166,25
MTE3,23707,1407104,1407129,25
MTE3,23724,1408067,1408092,25
MTE3,23741,1409030,1409055,25
MTE3,23758,1409993,1410018,25
MTE3,23775,1410956,1410981,25
MTE3,23792,1411919,1411944,25
MTE3,23809,1412529,1412554,25
MTE3,23826,1412745,1412770,25
MTE3,23843,1412961,1412986,25
MTE3,23860,1413177,1413202,25
MTE3,23885,1413700,1413725,25
MTE3,23902,1413916,1413941,25
MTE3,23919,1414132,1414157,25
MTE3,23936,1414348,1414373,25
MTE3,23953,1414564,1414589,25
MTE3,23970,1414780,1414805,25
MTE3,23987,1414996,1415021,25
MTE3,24004,1415212,1415237,25
MTE3,24021,1415428,1415453,25
MTE3,24038,1415652,1415677,25
MTE3,24055,1415868,1415893,25
MTE3,24072,1416084,1416109,25
