node_id,op,pipe,cycles,start,finish,latest_start,slack,on_representative_critical_path,on_any_critical_path
18,ALLOC,,0,0,0,322,322,0,0
2,ALLOC,,0,0,0,0,0,1,1
3,COPY_IN,MTE2,80,0,80,0,0,1,1
4,ALLOC,,0,0,0,80,80,0,0
5,COPY_IN,MTE2,106,80,186,80,0,1,1
8,ALLOC,,0,0,0,186,186,0,0
9,MOVE,MTE1,30,186,216,186,0,1,1
1752,FREE,,0,216,216,216,0,1,1
0,ALLOC,,0,216,216,368,152,0,0
10,CONV,CUBE,30,216,246,368,152,0,0
1754,FREE,,0,246,246,398,152,0,0
6,ALLOC,,0,216,216,216,0,1,1
7,COPY_IN,MTE2,106,216,322,216,0,1,1
11,ALLOC,,0,246,246,398,152,0,0
12,MOVE,MTE1,30,322,352,398,76,0,0
1753,FREE,,0,352,352,428,76,0,0
1,ALLOC,,0,352,352,446,94,0,0
13,CONV,CUBE,30,352,382,446,94,0,0
1751,FREE,,0,382,382,864,482,0,0
1755,FREE,,0,382,382,476,94,0,0
19,COPY_IN,MTE2,106,322,428,322,0,1,1
26,ALLOC,,0,382,382,476,94,0,0
27,MOVE,MTE1,30,428,458,476,48,0,0
1760,FREE,,0,458,458,506,48,0,0
15,ALLOC,,0,458,458,506,48,0,0
28,CONV,CUBE,28,458,486,506,48,0,0
1764,FREE,,0,486,486,534,48,0,0
20,ALLOC,,0,352,352,428,76,0,0
21,COPY_IN,MTE2,106,428,534,428,0,1,1
29,ALLOC,,0,486,486,534,48,0,0
30,MOVE,MTE1,30,534,564,534,0,1,1
1761,FREE,,0,564,564,564,0,1,1
14,ALLOC,,0,458,458,642,184,0,0
31,CONV,CUBE,28,564,592,642,78,0,0
1757,FREE,,0,592,592,778,186,0,0
1765,FREE,,0,592,592,670,78,0,0
22,ALLOC,,0,564,564,564,0,1,1
23,COPY_IN,MTE2,106,564,670,564,0,1,1
32,ALLOC,,0,592,592,670,78,0,0
33,MOVE,MTE1,30,670,700,670,0,1,1
1762,FREE,,0,700,700,700,0,1,1
17,ALLOC,,0,592,592,778,186,0,0
34,CONV,CUBE,28,700,728,778,78,0,0
1749,FREE,,0,728,728,864,136,0,0
1766,FREE,,0,728,728,806,78,0,0
24,ALLOC,,0,700,700,700,0,1,1
25,COPY_IN,MTE2,106,700,806,700,0,1,1
35,ALLOC,,0,728,728,806,78,0,0
36,MOVE,MTE1,30,806,836,806,0,1,1
1763,FREE,,0,836,836,864,28,0,0
16,ALLOC,,0,458,458,836,378,0,0
37,CONV,CUBE,28,836,864,836,0,1,1
1759,FREE,,0,864,864,1078,214,0,0
1750,FREE,,0,864,864,864,0,1,1
1767,FREE,,0,864,864,970,106,0,0
42,ALLOC,,0,864,864,864,0,1,1
43,COPY_IN,MTE2,106,864,970,864,0,1,1
50,ALLOC,,0,864,864,970,106,0,0
51,MOVE,MTE1,30,970,1000,970,0,1,1
1772,FREE,,0,1000,1000,1000,0,1,1
39,ALLOC,,0,864,864,1078,214,0,0
52,CONV,CUBE,28,1000,1028,1078,78,0,0
1776,FREE,,0,1028,1028,1106,78,0,0
44,ALLOC,,0,1000,1000,1000,0,1,1
45,COPY_IN,MTE2,106,1000,1106,1000,0,1,1
53,ALLOC,,0,1028,1028,1106,78,0,0
54,MOVE,MTE1,30,1106,1136,1106,0,1,1
1773,FREE,,0,1136,1136,1136,0,1,1
38,ALLOC,,0,1136,1136,1214,78,0,0
55,CONV,CUBE,28,1136,1164,1214,78,0,0
1769,FREE,,0,1164,1164,1350,186,0,0
1777,FREE,,0,1164,1164,1242,78,0,0
46,ALLOC,,0,1136,1136,1136,0,1,1
47,COPY_IN,MTE2,106,1136,1242,1136,0,1,1
56,ALLOC,,0,1164,1164,1242,78,0,0
57,MOVE,MTE1,30,1242,1272,1242,0,1,1
1774,FREE,,0,1272,1272,1272,0,1,1
41,ALLOC,,0,1164,1164,1350,186,0,0
58,CONV,CUBE,28,1272,1300,1350,78,0,0
1756,FREE,,0,1300,1300,11645,10345,0,0
1778,FREE,,0,1300,1300,1378,78,0,0
48,ALLOC,,0,1272,1272,1272,0,1,1
49,COPY_IN,MTE2,106,1272,1378,1272,0,1,1
59,ALLOC,,0,1300,1300,1378,78,0,0
60,MOVE,MTE1,30,1378,1408,1378,0,1,1
1775,FREE,,0,1408,1408,1408,0,1,1
40,ALLOC,,0,1300,1300,11645,10345,0,0
61,CONV,CUBE,28,1408,1436,11645,10237,0,0
1771,FREE,,0,1436,1436,102379,100943,0,0
1758,FREE,,0,1436,1436,102379,100943,0,0
1779,FREE,,0,1436,1436,11673,10237,0,0
80,ALLOC,,0,1408,1408,1408,0,1,1
81,COPY_IN,MTE2,106,1408,1514,1408,0,1,1
82,ALLOC,,0,836,836,1514,678,0,0
83,COPY_IN,MTE2,106,1514,1620,1514,0,1,1
329,ALLOC,,0,0,0,1620,1620,0,0
330,COPY_IN,MTE2,106,1620,1726,1620,0,1,1
331,ALLOC,,0,0,0,1726,1726,0,0
332,COPY_IN,MTE2,106,1726,1832,1726,0,1,1
333,ALLOC,,0,0,0,1832,1832,0,0
334,COPY_IN,MTE2,106,1832,1938,1832,0,1,1
335,ALLOC,,0,0,0,1938,1938,0,0
336,COPY_IN,MTE2,106,1938,2044,1938,0,1,1
337,ALLOC,,0,0,0,2044,2044,0,0
338,COPY_IN,MTE2,106,2044,2150,2044,0,1,1
339,ALLOC,,0,0,0,2150,2150,0,0
340,COPY_IN,MTE2,106,2150,2256,2150,0,1,1
341,ALLOC,,0,0,0,2256,2256,0,0
342,COPY_IN,MTE2,106,2256,2362,2256,0,1,1
343,ALLOC,,0,0,0,2362,2362,0,0
344,COPY_IN,MTE2,106,2362,2468,2362,0,1,1
377,ALLOC,,0,0,0,2468,2468,0,0
378,COPY_IN,MTE2,106,2468,2574,2468,0,1,1
379,ALLOC,,0,0,0,2574,2574,0,0
380,COPY_IN,MTE2,106,2574,2680,2574,0,1,1
381,ALLOC,,0,0,0,2680,2680,0,0
382,COPY_IN,MTE2,106,2680,2786,2680,0,1,1
383,ALLOC,,0,0,0,2786,2786,0,0
384,COPY_IN,MTE2,106,2786,2892,2786,0,1,1
385,ALLOC,,0,0,0,2892,2892,0,0
386,COPY_IN,MTE2,106,2892,2998,2892,0,1,1
387,ALLOC,,0,0,0,2998,2998,0,0
388,COPY_IN,MTE2,106,2998,3104,2998,0,1,1
389,ALLOC,,0,0,0,3104,3104,0,0
390,COPY_IN,MTE2,106,3104,3210,3104,0,1,1
391,ALLOC,,0,0,0,3210,3210,0,0
392,COPY_IN,MTE2,106,3210,3316,3210,0,1,1
425,ALLOC,,0,0,0,3316,3316,0,0
426,COPY_IN,MTE2,106,3316,3422,3316,0,1,1
427,ALLOC,,0,0,0,3422,3422,0,0
428,COPY_IN,MTE2,106,3422,3528,3422,0,1,1
429,ALLOC,,0,0,0,3528,3528,0,0
430,COPY_IN,MTE2,106,3528,3634,3528,0,1,1
431,ALLOC,,0,0,0,3634,3634,0,0
432,COPY_IN,MTE2,106,3634,3740,3634,0,1,1
433,ALLOC,,0,0,0,3740,3740,0,0
434,COPY_IN,MTE2,106,3740,3846,3740,0,1,1
435,ALLOC,,0,0,0,3846,3846,0,0
436,COPY_IN,MTE2,106,3846,3952,3846,0,1,1
437,ALLOC,,0,0,0,3952,3952,0,0
438,COPY_IN,MTE2,106,3952,4058,3952,0,1,1
439,ALLOC,,0,0,0,4058,4058,0,0
440,COPY_IN,MTE2,106,4058,4164,4058,0,1,1
288,ALLOC,,0,0,0,4164,4164,0,0
289,COPY_IN,MTE2,136,4164,4300,4164,0,1,1
290,ALLOC,,0,0,0,4300,4300,0,0
291,COPY_IN,MTE2,136,4300,4436,4300,0,1,1
292,ALLOC,,0,0,0,4436,4436,0,0
293,COPY_IN,MTE2,136,4436,4572,4436,0,1,1
294,ALLOC,,0,0,0,4572,4572,0,0
295,COPY_IN,MTE2,136,4572,4708,4572,0,1,1
296,ALLOC,,0,0,0,4708,4708,0,0
297,COPY_IN,MTE2,136,4708,4844,4708,0,1,1
298,ALLOC,,0,0,0,4844,4844,0,0
299,COPY_IN,MTE2,136,4844,4980,4844,0,1,1
778,ALLOC,,0,0,0,4980,4980,0,0
779,COPY_IN,MTE2,198,4980,5178,4980,0,1,1
784,ALLOC,,0,0,0,5178,5178,0,0
785,COPY_IN,MTE2,198,5178,5376,5178,0,1,1
790,ALLOC,,0,0,0,5376,5376,0,0
791,COPY_IN,MTE2,198,5376,5574,5376,0,1,1
796,ALLOC,,0,0,0,5574,5574,0,0
797,COPY_IN,MTE2,198,5574,5772,5574,0,1,1
802,ALLOC,,0,0,0,5772,5772,0,0
803,COPY_IN,MTE2,198,5772,5970,5772,0,1,1
808,ALLOC,,0,0,0,5970,5970,0,0
809,COPY_IN,MTE2,198,5970,6168,5970,0,1,1
814,ALLOC,,0,0,0,6168,6168,0,0
815,COPY_IN,MTE2,198,6168,6366,6168,0,1,1
820,ALLOC,,0,0,0,6366,6366,0,0
821,COPY_IN,MTE2,198,6366,6564,6366,0,1,1
826,ALLOC,,0,0,0,6564,6564,0,0
827,COPY_IN,MTE2,198,6564,6762,6564,0,1,1
832,ALLOC,,0,0,0,6762,6762,0,0
833,COPY_IN,MTE2,198,6762,6960,6762,0,1,1
838,ALLOC,,0,0,0,6960,6960,0,0
839,COPY_IN,MTE2,198,6960,7158,6960,0,1,1
844,ALLOC,,0,0,0,7158,7158,0,0
845,COPY_IN,MTE2,198,7158,7356,7158,0,1,1
850,ALLOC,,0,0,0,7356,7356,0,0
851,COPY_IN,MTE2,198,7356,7554,7356,0,1,1
856,ALLOC,,0,0,0,7554,7554,0,0
857,COPY_IN,MTE2,198,7554,7752,7554,0,1,1
862,ALLOC,,0,0,0,7752,7752,0,0
863,COPY_IN,MTE2,198,7752,7950,7752,0,1,1
868,ALLOC,,0,0,0,7950,7950,0,0
869,COPY_IN,MTE2,198,7950,8148,7950,0,1,1
1062,ALLOC,,0,0,0,8148,8148,0,0
1063,COPY_IN,MTE2,198,8148,8346,8148,0,1,1
1068,ALLOC,,0,0,0,8346,8346,0,0
1069,COPY_IN,MTE2,198,8346,8544,8346,0,1,1
1074,ALLOC,,0,0,0,8544,8544,0,0
1075,COPY_IN,MTE2,198,8544,8742,8544,0,1,1
1080,ALLOC,,0,0,0,8742,8742,0,0
1081,COPY_IN,MTE2,198,8742,8940,8742,0,1,1
1086,ALLOC,,0,0,0,8940,8940,0,0
1087,COPY_IN,MTE2,198,8940,9138,8940,0,1,1
1092,ALLOC,,0,0,0,9138,9138,0,0
1093,COPY_IN,MTE2,198,9138,9336,9138,0,1,1
1098,ALLOC,,0,0,0,9336,9336,0,0
1099,COPY_IN,MTE2,198,9336,9534,9336,0,1,1
1104,ALLOC,,0,0,0,9534,9534,0,0
1105,COPY_IN,MTE2,198,9534,9732,9534,0,1,1
1110,ALLOC,,0,0,0,9732,9732,0,0
1111,COPY_IN,MTE2,198,9732,9930,9732,0,1,1
1116,ALLOC,,0,0,0,9930,9930,0,0
1117,COPY_IN,MTE2,198,9930,10128,9930,0,1,1
1122,ALLOC,,0,0,0,10128,10128,0,0
1123,COPY_IN,MTE2,198,10128,10326,10128,0,1,1
1128,ALLOC,,0,0,0,10326,10326,0,0
1129,COPY_IN,MTE2,198,10326,10524,10326,0,1,1
1134,ALLOC,,0,0,0,10524,10524,0,0
1135,COPY_IN,MTE2,198,10524,10722,10524,0,1,1
1140,ALLOC,,0,0,0,10722,10722,0,0
1141,COPY_IN,MTE2,198,10722,10920,10722,0,1,1
1146,ALLOC,,0,0,0,10920,10920,0,0
1147,COPY_IN,MTE2,198,10920,11118,10920,0,1,1
1152,ALLOC,,0,0,0,11118,11118,0,0
1153,COPY_IN,MTE2,198,11118,11316,11118,0,1,1
68,ALLOC,,0,0,0,11316,11316,0,0
69,COPY_IN,MTE2,357,11316,11673,11316,0,1,1
72,ALLOC,,0,1436,1436,11673,10237,0,0
73,MOVE,MTE1,63,11673,11736,11673,0,1,1
1784,FREE,,0,11736,11736,11736,0,1,1
70,ALLOC,,0,11736,11736,11736,0,1,1
71,COPY_IN,MTE2,357,11736,12093,11736,0,1,1
94,ALLOC,,0,0,0,12093,12093,0,0
95,COPY_IN,MTE2,357,12093,12450,12093,0,1,1
96,ALLOC,,0,0,0,12450,12450,0,0
97,COPY_IN,MTE2,357,12450,12807,12450,0,1,1
98,ALLOC,,0,0,0,12807,12807,0,0
99,COPY_IN,MTE2,357,12807,13164,12807,0,1,1
100,ALLOC,,0,0,0,13164,13164,0,0
101,COPY_IN,MTE2,357,13164,13521,13164,0,1,1
118,ALLOC,,0,0,0,13521,13521,0,0
119,COPY_IN,MTE2,357,13521,13878,13521,0,1,1
120,ALLOC,,0,0,0,13878,13878,0,0
121,COPY_IN,MTE2,357,13878,14235,13878,0,1,1
122,ALLOC,,0,0,0,14235,14235,0,0
123,COPY_IN,MTE2,357,14235,14592,14235,0,1,1
124,ALLOC,,0,0,0,14592,14592,0,0
125,COPY_IN,MTE2,357,14592,14949,14592,0,1,1
2580,SPILL_OUT,MTE3,0,11316,11316,14949,3633,0,0
2582,SPILL_OUT,MTE3,0,11316,11316,14949,3633,0,0
2584,SPILL_OUT,MTE3,0,11316,11316,14949,3633,0,0
142,ALLOC,,0,11316,11316,14949,3633,0,0
143,COPY_IN,MTE2,357,14949,15306,14949,0,1,1
2586,SPILL_OUT,MTE3,0,11316,11316,15306,3990,0,0
2588,SPILL_OUT,MTE3,0,11316,11316,15306,3990,0,0
2590,SPILL_OUT,MTE3,0,11316,11316,15306,3990,0,0
144,ALLOC,,0,11316,11316,15306,3990,0,0
145,COPY_IN,MTE2,357,15306,15663,15306,0,1,1
2592,SPILL_OUT,MTE3,0,11316,11316,15663,4347,0,0
2594,SPILL_OUT,MTE3,0,11316,11316,15663,4347,0,0
2596,SPILL_OUT,MTE3,0,11316,11316,15663,4347,0,0
146,ALLOC,,0,11316,11316,15663,4347,0,0
147,COPY_IN,MTE2,357,15663,16020,15663,0,1,1
2598,SPILL_OUT,MTE3,0,11316,11316,16020,4704,0,0
2600,SPILL_OUT,MTE3,0,11316,11316,16020,4704,0,0
2602,SPILL_OUT,MTE3,0,11316,11316,16020,4704,0,0
148,ALLOC,,0,11316,11316,16020,4704,0,0
149,COPY_IN,MTE2,357,16020,16377,16020,0,1,1
2604,SPILL_OUT,MTE3,0,11316,11316,16377,5061,0,0
2606,SPILL_OUT,MTE3,0,11316,11316,16377,5061,0,0
2608,SPILL_OUT,MTE3,0,11316,11316,16377,5061,0,0
166,ALLOC,,0,11316,11316,16377,5061,0,0
167,COPY_IN,MTE2,357,16377,16734,16377,0,1,1
2610,SPILL_OUT,MTE3,0,11316,11316,16734,5418,0,0
2612,SPILL_OUT,MTE3,0,11316,11316,16734,5418,0,0
2614,SPILL_OUT,MTE3,0,11316,11316,16734,5418,0,0
168,ALLOC,,0,11316,11316,16734,5418,0,0
169,COPY_IN,MTE2,357,16734,17091,16734,0,1,1
2616,SPILL_OUT,MTE3,0,11316,11316,17091,5775,0,0
2618,SPILL_OUT,MTE3,0,11316,11316,17091,5775,0,0
2620,SPILL_OUT,MTE3,0,11316,11316,17091,5775,0,0
170,ALLOC,,0,11316,11316,17091,5775,0,0
171,COPY_IN,MTE2,357,17091,17448,17091,0,1,1
2622,SPILL_OUT,MTE3,0,11316,11316,17448,6132,0,0
2624,SPILL_OUT,MTE3,0,11316,11316,17448,6132,0,0
2626,SPILL_OUT,MTE3,0,11316,11316,17448,6132,0,0
172,ALLOC,,0,11316,11316,17448,6132,0,0
173,COPY_IN,MTE2,357,17448,17805,17448,0,1,1
2628,SPILL_OUT,MTE3,0,11316,11316,17805,6489,0,0
2630,SPILL_OUT,MTE3,0,11316,11316,17805,6489,0,0
2632,SPILL_OUT,MTE3,0,11316,11316,17805,6489,0,0
190,ALLOC,,0,11316,11316,17805,6489,0,0
191,COPY_IN,MTE2,357,17805,18162,17805,0,1,1
2634,SPILL_OUT,MTE3,0,11316,11316,18162,6846,0,0
2636,SPILL_OUT,MTE3,0,11316,11316,18162,6846,0,0
2638,SPILL_OUT,MTE3,0,11316,11316,18162,6846,0,0
192,ALLOC,,0,11316,11316,18162,6846,0,0
193,COPY_IN,MTE2,357,18162,18519,18162,0,1,1
2640,SPILL_OUT,MTE3,0,11316,11316,18519,7203,0,0
2642,SPILL_OUT,MTE3,0,11316,11316,18519,7203,0,0
2644,SPILL_OUT,MTE3,0,11316,11316,18519,7203,0,0
2646,SPILL_OUT,MTE3,0,11316,11316,18519,7203,0,0
2648,SPILL_OUT,MTE3,0,11316,11316,18519,7203,0,0
2650,SPILL_OUT,MTE3,0,11316,11316,18519,7203,0,0
2652,SPILL_OUT,MTE3,0,11316,11316,18519,7203,0,0
2654,SPILL_OUT,MTE3,0,11316,11316,18519,7203,0,0
2656,SPILL_OUT,MTE3,0,11316,11316,18519,7203,0,0
2658,SPILL_OUT,MTE3,0,11316,11316,18519,7203,0,0
2660,SPILL_OUT,MTE3,0,11316,11316,18519,7203,0,0
194,ALLOC,,0,11316,11316,18519,7203,0,0
195,COPY_IN,MTE2,357,18519,18876,18519,0,1,1
2662,SPILL_OUT,MTE3,0,11316,11316,18876,7560,0,0
2664,SPILL_OUT,MTE3,0,11316,11316,18876,7560,0,0
2666,SPILL_OUT,MTE3,0,11316,11316,18876,7560,0,0
2668,SPILL_OUT,MTE3,0,11316,11316,18876,7560,0,0
2670,SPILL_OUT,MTE3,0,11316,11316,18876,7560,0,0
2672,SPILL_OUT,MTE3,0,11316,11316,18876,7560,0,0
2674,SPILL_OUT,MTE3,0,11316,11316,18876,7560,0,0
2676,SPILL_OUT,MTE3,0,11316,11316,18876,7560,0,0
2678,SPILL_OUT,MTE3,0,11316,11316,18876,7560,0,0
196,ALLOC,,0,11316,11316,18876,7560,0,0
197,COPY_IN,MTE2,357,18876,19233,18876,0,1,1
2680,SPILL_OUT,MTE3,0,11316,11316,19233,7917,0,0
2682,SPILL_OUT,MTE3,0,11316,11316,19233,7917,0,0
2684,SPILL_OUT,MTE3,0,11316,11316,19233,7917,0,0
2686,SPILL_OUT,MTE3,0,11316,11316,19233,7917,0,0
2688,SPILL_OUT,MTE3,0,11316,11316,19233,7917,0,0
2690,SPILL_OUT,MTE3,0,11316,11316,19233,7917,0,0
2692,SPILL_OUT,MTE3,0,11316,11316,19233,7917,0,0
214,ALLOC,,0,11316,11316,19233,7917,0,0
215,COPY_IN,MTE2,357,19233,19590,19233,0,1,1
2694,SPILL_OUT,MTE3,0,11316,11316,19590,8274,0,0
2696,SPILL_OUT,MTE3,0,11316,11316,19590,8274,0,0
2698,SPILL_OUT,MTE3,0,11316,11316,19590,8274,0,0
2700,SPILL_OUT,MTE3,0,11316,11316,19590,8274,0,0
2702,SPILL_OUT,MTE3,0,11316,11316,19590,8274,0,0
216,ALLOC,,0,11316,11316,19590,8274,0,0
217,COPY_IN,MTE2,357,19590,19947,19590,0,1,1
2704,SPILL_OUT,MTE3,0,19947,19947,19947,0,0,1
218,ALLOC,,0,19947,19947,19947,0,0,1
219,COPY_IN,MTE2,357,19947,20304,19947,0,1,1
2706,SPILL_OUT,MTE3,0,20304,20304,20304,0,0,1
220,ALLOC,,0,20304,20304,20304,0,0,1
221,COPY_IN,MTE2,357,20304,20661,20304,0,1,1
2708,SPILL_OUT,MTE3,0,20661,20661,20661,0,0,1
238,ALLOC,,0,20661,20661,20661,0,0,1
239,COPY_IN,MTE2,357,20661,21018,20661,0,1,1
2710,SPILL_OUT,MTE3,0,21018,21018,21018,0,0,1
240,ALLOC,,0,21018,21018,21018,0,0,1
241,COPY_IN,MTE2,357,21018,21375,21018,0,1,1
2712,SPILL_OUT,MTE3,0,21375,21375,21375,0,0,1
242,ALLOC,,0,21375,21375,21375,0,0,1
243,COPY_IN,MTE2,357,21375,21732,21375,0,1,1
2714,SPILL_OUT,MTE3,0,21732,21732,21732,0,0,1
244,ALLOC,,0,21732,21732,21732,0,0,1
245,COPY_IN,MTE2,357,21732,22089,21732,0,1,1
2716,SPILL_OUT,MTE3,0,22089,22089,22089,0,0,1
473,ALLOC,,0,22089,22089,22089,0,0,1
474,COPY_IN,MTE2,357,22089,22446,22089,0,1,1
2718,SPILL_OUT,MTE3,0,22446,22446,22446,0,0,1
475,ALLOC,,0,22446,22446,22446,0,0,1
476,COPY_IN,MTE2,357,22446,22803,22446,0,1,1
2720,SPILL_OUT,MTE3,0,22803,22803,22803,0,0,1
477,ALLOC,,0,22803,22803,22803,0,0,1
478,COPY_IN,MTE2,357,22803,23160,22803,0,1,1
2722,SPILL_OUT,MTE3,0,23160,23160,23160,0,0,1
479,ALLOC,,0,23160,23160,23160,0,0,1
480,COPY_IN,MTE2,357,23160,23517,23160,0,1,1
2724,SPILL_OUT,MTE3,0,23517,23517,23517,0,0,1
481,ALLOC,,0,23517,23517,23517,0,0,1
482,COPY_IN,MTE2,357,23517,23874,23517,0,1,1
2726,SPILL_OUT,MTE3,0,23874,23874,23874,0,0,1
483,ALLOC,,0,23874,23874,23874,0,0,1
484,COPY_IN,MTE2,357,23874,24231,23874,0,1,1
2728,SPILL_OUT,MTE3,0,24231,24231,24231,0,0,1
485,ALLOC,,0,24231,24231,24231,0,0,1
486,COPY_IN,MTE2,357,24231,24588,24231,0,1,1
2730,SPILL_OUT,MTE3,0,24588,24588,24588,0,0,1
487,ALLOC,,0,24588,24588,24588,0,0,1
488,COPY_IN,MTE2,357,24588,24945,24588,0,1,1
2732,SPILL_OUT,MTE3,0,24945,24945,24945,0,0,1
521,ALLOC,,0,24945,24945,24945,0,0,1
522,COPY_IN,MTE2,357,24945,25302,24945,0,1,1
2734,SPILL_OUT,MTE3,0,25302,25302,25302,0,0,1
523,ALLOC,,0,25302,25302,25302,0,0,1
524,COPY_IN,MTE2,357,25302,25659,25302,0,1,1
2736,SPILL_OUT,MTE3,0,25659,25659,25659,0,0,1
525,ALLOC,,0,25659,25659,25659,0,0,1
526,COPY_IN,MTE2,357,25659,26016,25659,0,1,1
2738,SPILL_OUT,MTE3,0,26016,26016,26016,0,0,1
527,ALLOC,,0,26016,26016,26016,0,0,1
528,COPY_IN,MTE2,357,26016,26373,26016,0,1,1
2740,SPILL_OUT,MTE3,0,26373,26373,26373,0,0,1
529,ALLOC,,0,26373,26373,26373,0,0,1
530,COPY_IN,MTE2,357,26373,26730,26373,0,1,1
2742,SPILL_OUT,MTE3,0,26730,26730,26730,0,0,1
531,ALLOC,,0,26730,26730,26730,0,0,1
532,COPY_IN,MTE2,357,26730,27087,26730,0,1,1
2744,SPILL_OUT,MTE3,0,27087,27087,27087,0,0,1
533,ALLOC,,0,27087,27087,27087,0,0,1
534,COPY_IN,MTE2,357,27087,27444,27087,0,1,1
2746,SPILL_OUT,MTE3,0,27444,27444,27444,0,0,1
535,ALLOC,,0,27444,27444,27444,0,0,1
536,COPY_IN,MTE2,357,27444,27801,27444,0,1,1
2748,SPILL_OUT,MTE3,0,27801,27801,27801,0,0,1
537,ALLOC,,0,27801,27801,27801,0,0,1
538,COPY_IN,MTE2,357,27801,28158,27801,0,1,1
2750,SPILL_OUT,MTE3,0,28158,28158,28158,0,0,1
539,ALLOC,,0,28158,28158,28158,0,0,1
540,COPY_IN,MTE2,357,28158,28515,28158,0,1,1
2752,SPILL_OUT,MTE3,0,28515,28515,28515,0,0,1
541,ALLOC,,0,28515,28515,28515,0,0,1
542,COPY_IN,MTE2,357,28515,28872,28515,0,1,1
2754,SPILL_OUT,MTE3,0,28872,28872,28872,0,0,1
543,ALLOC,,0,28872,28872,28872,0,0,1
544,COPY_IN,MTE2,357,28872,29229,28872,0,1,1
2756,SPILL_OUT,MTE3,0,29229,29229,29229,0,0,1
545,ALLOC,,0,29229,29229,29229,0,0,1
546,COPY_IN,MTE2,357,29229,29586,29229,0,1,1
2758,SPILL_OUT,MTE3,0,29586,29586,29586,0,0,1
547,ALLOC,,0,29586,29586,29586,0,0,1
548,COPY_IN,MTE2,357,29586,29943,29586,0,1,1
2760,SPILL_OUT,MTE3,0,29943,29943,29943,0,0,1
549,ALLOC,,0,29943,29943,29943,0,0,1
550,COPY_IN,MTE2,357,29943,30300,29943,0,1,1
2762,SPILL_OUT,MTE3,0,30300,30300,30300,0,0,1
551,ALLOC,,0,30300,30300,30300,0,0,1
552,COPY_IN,MTE2,357,30300,30657,30300,0,1,1
2764,SPILL_OUT,MTE3,0,30657,30657,30657,0,0,1
609,ALLOC,,0,30657,30657,30657,0,0,1
610,COPY_IN,MTE2,357,30657,31014,30657,0,1,1
2766,SPILL_OUT,MTE3,0,31014,31014,31014,0,0,1
611,ALLOC,,0,31014,31014,31014,0,0,1
612,COPY_IN,MTE2,357,31014,31371,31014,0,1,1
2768,SPILL_OUT,MTE3,0,31371,31371,31371,0,0,1
613,ALLOC,,0,31371,31371,31371,0,0,1
614,COPY_IN,MTE2,357,31371,31728,31371,0,1,1
2770,SPILL_OUT,MTE3,0,31728,31728,31728,0,0,1
615,ALLOC,,0,31728,31728,31728,0,0,1
616,COPY_IN,MTE2,357,31728,32085,31728,0,1,1
2772,SPILL_OUT,MTE3,0,32085,32085,32085,0,0,1
617,ALLOC,,0,32085,32085,32085,0,0,1
618,COPY_IN,MTE2,357,32085,32442,32085,0,1,1
2774,SPILL_OUT,MTE3,0,32442,32442,32442,0,0,1
619,ALLOC,,0,32442,32442,32442,0,0,1
620,COPY_IN,MTE2,357,32442,32799,32442,0,1,1
2776,SPILL_OUT,MTE3,0,32799,32799,32799,0,0,1
621,ALLOC,,0,32799,32799,32799,0,0,1
622,COPY_IN,MTE2,357,32799,33156,32799,0,1,1
2778,SPILL_OUT,MTE3,0,33156,33156,33156,0,0,1
623,ALLOC,,0,33156,33156,33156,0,0,1
624,COPY_IN,MTE2,357,33156,33513,33156,0,1,1
2780,SPILL_OUT,MTE3,0,33513,33513,33513,0,0,1
625,ALLOC,,0,33513,33513,33513,0,0,1
626,COPY_IN,MTE2,357,33513,33870,33513,0,1,1
2782,SPILL_OUT,MTE3,0,33870,33870,33870,0,0,1
627,ALLOC,,0,33870,33870,33870,0,0,1
628,COPY_IN,MTE2,357,33870,34227,33870,0,1,1
2784,SPILL_OUT,MTE3,0,34227,34227,34227,0,0,1
629,ALLOC,,0,34227,34227,34227,0,0,1
630,COPY_IN,MTE2,357,34227,34584,34227,0,1,1
2786,SPILL_OUT,MTE3,0,34584,34584,34584,0,0,1
631,ALLOC,,0,34584,34584,34584,0,0,1
632,COPY_IN,MTE2,357,34584,34941,34584,0,1,1
2788,SPILL_OUT,MTE3,0,34941,34941,34941,0,0,1
633,ALLOC,,0,34941,34941,34941,0,0,1
634,COPY_IN,MTE2,357,34941,35298,34941,0,1,1
2790,SPILL_OUT,MTE3,0,35298,35298,35298,0,0,1
635,ALLOC,,0,35298,35298,35298,0,0,1
636,COPY_IN,MTE2,357,35298,35655,35298,0,1,1
2792,SPILL_OUT,MTE3,0,35655,35655,35655,0,0,1
637,ALLOC,,0,35655,35655,35655,0,0,1
638,COPY_IN,MTE2,357,35655,36012,35655,0,1,1
2794,SPILL_OUT,MTE3,0,36012,36012,36012,0,0,1
639,ALLOC,,0,36012,36012,36012,0,0,1
640,COPY_IN,MTE2,357,36012,36369,36012,0,1,1
2796,SPILL_OUT,MTE3,0,36369,36369,36369,0,0,1
697,ALLOC,,0,36369,36369,36369,0,0,1
698,COPY_IN,MTE2,357,36369,36726,36369,0,1,1
2798,SPILL_OUT,MTE3,0,36726,36726,36726,0,0,1
699,ALLOC,,0,36726,36726,36726,0,0,1
700,COPY_IN,MTE2,357,36726,37083,36726,0,1,1
2800,SPILL_OUT,MTE3,0,37083,37083,37083,0,0,1
701,ALLOC,,0,37083,37083,37083,0,0,1
702,COPY_IN,MTE2,357,37083,37440,37083,0,1,1
2802,SPILL_OUT,MTE3,0,37440,37440,37440,0,0,1
703,ALLOC,,0,37440,37440,37440,0,0,1
704,COPY_IN,MTE2,357,37440,37797,37440,0,1,1
2804,SPILL_OUT,MTE3,0,37797,37797,37797,0,0,1
705,ALLOC,,0,37797,37797,37797,0,0,1
706,COPY_IN,MTE2,357,37797,38154,37797,0,1,1
2806,SPILL_OUT,MTE3,0,38154,38154,38154,0,0,1
707,ALLOC,,0,38154,38154,38154,0,0,1
708,COPY_IN,MTE2,357,38154,38511,38154,0,1,1
2808,SPILL_OUT,MTE3,0,38511,38511,38511,0,0,1
709,ALLOC,,0,38511,38511,38511,0,0,1
710,COPY_IN,MTE2,357,38511,38868,38511,0,1,1
2810,SPILL_OUT,MTE3,0,38868,38868,38868,0,0,1
711,ALLOC,,0,38868,38868,38868,0,0,1
712,COPY_IN,MTE2,357,38868,39225,38868,0,1,1
2812,SPILL_OUT,MTE3,0,39225,39225,39225,0,0,1
713,ALLOC,,0,39225,39225,39225,0,0,1
714,COPY_IN,MTE2,357,39225,39582,39225,0,1,1
2814,SPILL_OUT,MTE3,0,39582,39582,39582,0,0,1
715,ALLOC,,0,39582,39582,39582,0,0,1
716,COPY_IN,MTE2,357,39582,39939,39582,0,1,1
2816,SPILL_OUT,MTE3,0,39939,39939,39939,0,0,1
717,ALLOC,,0,39939,39939,39939,0,0,1
718,COPY_IN,MTE2,357,39939,40296,39939,0,1,1
2818,SPILL_OUT,MTE3,0,40296,40296,40296,0,0,1
719,ALLOC,,0,40296,40296,40296,0,0,1
720,COPY_IN,MTE2,357,40296,40653,40296,0,1,1
2820,SPILL_OUT,MTE3,0,40653,40653,40653,0,0,1
721,ALLOC,,0,40653,40653,40653,0,0,1
722,COPY_IN,MTE2,357,40653,41010,40653,0,1,1
2822,SPILL_OUT,MTE3,0,41010,41010,41010,0,0,1
723,ALLOC,,0,41010,41010,41010,0,0,1
724,COPY_IN,MTE2,357,41010,41367,41010,0,1,1
2824,SPILL_OUT,MTE3,0,41367,41367,41367,0,0,1
725,ALLOC,,0,41367,41367,41367,0,0,1
726,COPY_IN,MTE2,357,41367,41724,41367,0,1,1
2826,SPILL_OUT,MTE3,0,41724,41724,41724,0,0,1
727,ALLOC,,0,41724,41724,41724,0,0,1
728,COPY_IN,MTE2,357,41724,42081,41724,0,1,1
2828,SPILL_OUT,MTE3,0,42081,42081,42081,0,0,1
893,ALLOC,,0,42081,42081,42081,0,0,1
894,COPY_IN,MTE2,357,42081,42438,42081,0,1,1
2830,SPILL_OUT,MTE3,0,42438,42438,42438,0,0,1
895,ALLOC,,0,42438,42438,42438,0,0,1
896,COPY_IN,MTE2,357,42438,42795,42438,0,1,1
2832,SPILL_OUT,MTE3,0,42795,42795,42795,0,0,1
897,ALLOC,,0,42795,42795,42795,0,0,1
898,COPY_IN,MTE2,357,42795,43152,42795,0,1,1
2834,SPILL_OUT,MTE3,0,43152,43152,43152,0,0,1
899,ALLOC,,0,43152,43152,43152,0,0,1
900,COPY_IN,MTE2,357,43152,43509,43152,0,1,1
2836,SPILL_OUT,MTE3,0,43509,43509,43509,0,0,1
901,ALLOC,,0,43509,43509,43509,0,0,1
902,COPY_IN,MTE2,357,43509,43866,43509,0,1,1
2838,SPILL_OUT,MTE3,0,43866,43866,43866,0,0,1
903,ALLOC,,0,43866,43866,43866,0,0,1
904,COPY_IN,MTE2,357,43866,44223,43866,0,1,1
2840,SPILL_OUT,MTE3,0,44223,44223,44223,0,0,1
905,ALLOC,,0,44223,44223,44223,0,0,1
906,COPY_IN,MTE2,357,44223,44580,44223,0,1,1
2842,SPILL_OUT,MTE3,0,44580,44580,44580,0,0,1
907,ALLOC,,0,44580,44580,44580,0,0,1
908,COPY_IN,MTE2,357,44580,44937,44580,0,1,1
2844,SPILL_OUT,MTE3,0,44937,44937,44937,0,0,1
909,ALLOC,,0,44937,44937,44937,0,0,1
910,COPY_IN,MTE2,357,44937,45294,44937,0,1,1
2846,SPILL_OUT,MTE3,0,45294,45294,45294,0,0,1
911,ALLOC,,0,45294,45294,45294,0,0,1
912,COPY_IN,MTE2,357,45294,45651,45294,0,1,1
2848,SPILL_OUT,MTE3,0,45651,45651,45651,0,0,1
913,ALLOC,,0,45651,45651,45651,0,0,1
914,COPY_IN,MTE2,357,45651,46008,45651,0,1,1
2850,SPILL_OUT,MTE3,0,46008,46008,46008,0,0,1
915,ALLOC,,0,46008,46008,46008,0,0,1
916,COPY_IN,MTE2,357,46008,46365,46008,0,1,1
2852,SPILL_OUT,MTE3,0,46365,46365,46365,0,0,1
917,ALLOC,,0,46365,46365,46365,0,0,1
918,COPY_IN,MTE2,357,46365,46722,46365,0,1,1
2854,SPILL_OUT,MTE3,0,46722,46722,46722,0,0,1
919,ALLOC,,0,46722,46722,46722,0,0,1
920,COPY_IN,MTE2,357,46722,47079,46722,0,1,1
2856,SPILL_OUT,MTE3,0,47079,47079,47079,0,0,1
921,ALLOC,,0,47079,47079,47079,0,0,1
922,COPY_IN,MTE2,357,47079,47436,47079,0,1,1
2858,SPILL_OUT,MTE3,0,47436,47436,47436,0,0,1
923,ALLOC,,0,47436,47436,47436,0,0,1
924,COPY_IN,MTE2,357,47436,47793,47436,0,1,1
2860,SPILL_OUT,MTE3,0,47793,47793,47793,0,0,1
981,ALLOC,,0,47793,47793,47793,0,0,1
982,COPY_IN,MTE2,357,47793,48150,47793,0,1,1
2862,SPILL_OUT,MTE3,0,48150,48150,48150,0,0,1
983,ALLOC,,0,48150,48150,48150,0,0,1
984,COPY_IN,MTE2,357,48150,48507,48150,0,1,1
2864,SPILL_OUT,MTE3,0,48507,48507,48507,0,0,1
985,ALLOC,,0,48507,48507,48507,0,0,1
986,COPY_IN,MTE2,357,48507,48864,48507,0,1,1
2866,SPILL_OUT,MTE3,0,48864,48864,48864,0,0,1
987,ALLOC,,0,48864,48864,48864,0,0,1
988,COPY_IN,MTE2,357,48864,49221,48864,0,1,1
2868,SPILL_OUT,MTE3,0,49221,49221,49221,0,0,1
989,ALLOC,,0,49221,49221,49221,0,0,1
990,COPY_IN,MTE2,357,49221,49578,49221,0,1,1
2870,SPILL_OUT,MTE3,0,49578,49578,49578,0,0,1
991,ALLOC,,0,49578,49578,49578,0,0,1
992,COPY_IN,MTE2,357,49578,49935,49578,0,1,1
2872,SPILL_OUT,MTE3,0,49935,49935,49935,0,0,1
993,ALLOC,,0,49935,49935,49935,0,0,1
994,COPY_IN,MTE2,357,49935,50292,49935,0,1,1
2874,SPILL_OUT,MTE3,0,50292,50292,50292,0,0,1
995,ALLOC,,0,50292,50292,50292,0,0,1
996,COPY_IN,MTE2,357,50292,50649,50292,0,1,1
2876,SPILL_OUT,MTE3,0,50649,50649,50649,0,0,1
997,ALLOC,,0,50649,50649,50649,0,0,1
998,COPY_IN,MTE2,357,50649,51006,50649,0,1,1
2878,SPILL_OUT,MTE3,0,51006,51006,51006,0,0,1
999,ALLOC,,0,51006,51006,51006,0,0,1
1000,COPY_IN,MTE2,357,51006,51363,51006,0,1,1
2880,SPILL_OUT,MTE3,0,51363,51363,51363,0,0,1
1001,ALLOC,,0,51363,51363,51363,0,0,1
1002,COPY_IN,MTE2,357,51363,51720,51363,0,1,1
2882,SPILL_OUT,MTE3,0,51720,51720,51720,0,0,1
1003,ALLOC,,0,51720,51720,51720,0,0,1
1004,COPY_IN,MTE2,357,51720,52077,51720,0,1,1
2884,SPILL_OUT,MTE3,0,52077,52077,52077,0,0,1
1005,ALLOC,,0,52077,52077,52077,0,0,1
1006,COPY_IN,MTE2,357,52077,52434,52077,0,1,1
2886,SPILL_OUT,MTE3,0,52434,52434,52434,0,0,1
1007,ALLOC,,0,52434,52434,52434,0,0,1
1008,COPY_IN,MTE2,357,52434,52791,52434,0,1,1
2888,SPILL_OUT,MTE3,0,52791,52791,52791,0,0,1
1009,ALLOC,,0,52791,52791,52791,0,0,1
1010,COPY_IN,MTE2,357,52791,53148,52791,0,1,1
2890,SPILL_OUT,MTE3,0,53148,53148,53148,0,0,1
1011,ALLOC,,0,53148,53148,53148,0,0,1
1012,COPY_IN,MTE2,357,53148,53505,53148,0,1,1
2892,SPILL_OUT,MTE3,0,53505,53505,53505,0,0,1
1177,ALLOC,,0,53505,53505,53505,0,0,1
1178,COPY_IN,MTE2,357,53505,53862,53505,0,1,1
2894,SPILL_OUT,MTE3,0,53862,53862,53862,0,0,1
1179,ALLOC,,0,53862,53862,53862,0,0,1
1180,COPY_IN,MTE2,357,53862,54219,53862,0,1,1
2896,SPILL_OUT,MTE3,0,54219,54219,54219,0,0,1
1181,ALLOC,,0,54219,54219,54219,0,0,1
1182,COPY_IN,MTE2,357,54219,54576,54219,0,1,1
2898,SPILL_OUT,MTE3,0,54576,54576,54576,0,0,1
1183,ALLOC,,0,54576,54576,54576,0,0,1
1184,COPY_IN,MTE2,357,54576,54933,54576,0,1,1
2900,SPILL_OUT,MTE3,0,54933,54933,54933,0,0,1
1185,ALLOC,,0,54933,54933,54933,0,0,1
1186,COPY_IN,MTE2,357,54933,55290,54933,0,1,1
2902,SPILL_OUT,MTE3,0,55290,55290,55290,0,0,1
1187,ALLOC,,0,55290,55290,55290,0,0,1
1188,COPY_IN,MTE2,357,55290,55647,55290,0,1,1
2904,SPILL_OUT,MTE3,0,55647,55647,55647,0,0,1
1189,ALLOC,,0,55647,55647,55647,0,0,1
1190,COPY_IN,MTE2,357,55647,56004,55647,0,1,1
2906,SPILL_OUT,MTE3,0,56004,56004,56004,0,0,1
1191,ALLOC,,0,56004,56004,56004,0,0,1
1192,COPY_IN,MTE2,357,56004,56361,56004,0,1,1
2908,SPILL_OUT,MTE3,0,56361,56361,56361,0,0,1
1225,ALLOC,,0,56361,56361,56361,0,0,1
1226,COPY_IN,MTE2,357,56361,56718,56361,0,1,1
2910,SPILL_OUT,MTE3,0,56718,56718,56718,0,0,1
1227,ALLOC,,0,56718,56718,56718,0,0,1
1228,COPY_IN,MTE2,357,56718,57075,56718,0,1,1
2912,SPILL_OUT,MTE3,0,57075,57075,57075,0,0,1
1229,ALLOC,,0,57075,57075,57075,0,0,1
1230,COPY_IN,MTE2,357,57075,57432,57075,0,1,1
2914,SPILL_OUT,MTE3,0,57432,57432,57432,0,0,1
1231,ALLOC,,0,57432,57432,57432,0,0,1
1232,COPY_IN,MTE2,357,57432,57789,57432,0,1,1
2916,SPILL_OUT,MTE3,0,57789,57789,57789,0,0,1
1233,ALLOC,,0,57789,57789,57789,0,0,1
1234,COPY_IN,MTE2,357,57789,58146,57789,0,1,1
2918,SPILL_OUT,MTE3,0,58146,58146,58146,0,0,1
1235,ALLOC,,0,58146,58146,58146,0,0,1
1236,COPY_IN,MTE2,357,58146,58503,58146,0,1,1
2920,SPILL_OUT,MTE3,0,58503,58503,58503,0,0,1
1237,ALLOC,,0,58503,58503,58503,0,0,1
1238,COPY_IN,MTE2,357,58503,58860,58503,0,1,1
2922,SPILL_OUT,MTE3,0,58860,58860,58860,0,0,1
1239,ALLOC,,0,58860,58860,58860,0,0,1
1240,COPY_IN,MTE2,357,58860,59217,58860,0,1,1
2924,SPILL_OUT,MTE3,0,59217,59217,59217,0,0,1
1241,ALLOC,,0,59217,59217,59217,0,0,1
1242,COPY_IN,MTE2,357,59217,59574,59217,0,1,1
2926,SPILL_OUT,MTE3,0,59574,59574,59574,0,0,1
1243,ALLOC,,0,59574,59574,59574,0,0,1
1244,COPY_IN,MTE2,357,59574,59931,59574,0,1,1
2928,SPILL_OUT,MTE3,0,59931,59931,59931,0,0,1
1245,ALLOC,,0,59931,59931,59931,0,0,1
1246,COPY_IN,MTE2,357,59931,60288,59931,0,1,1
2930,SPILL_OUT,MTE3,0,60288,60288,60288,0,0,1
1247,ALLOC,,0,60288,60288,60288,0,0,1
1248,COPY_IN,MTE2,357,60288,60645,60288,0,1,1
2932,SPILL_OUT,MTE3,0,60645,60645,60645,0,0,1
1249,ALLOC,,0,60645,60645,60645,0,0,1
1250,COPY_IN,MTE2,357,60645,61002,60645,0,1,1
2934,SPILL_OUT,MTE3,0,61002,61002,61002,0,0,1
1251,ALLOC,,0,61002,61002,61002,0,0,1
1252,COPY_IN,MTE2,357,61002,61359,61002,0,1,1
2936,SPILL_OUT,MTE3,0,61359,61359,61359,0,0,1
1253,ALLOC,,0,61359,61359,61359,0,0,1
1254,COPY_IN,MTE2,357,61359,61716,61359,0,1,1
2938,SPILL_OUT,MTE3,0,61716,61716,61716,0,0,1
1255,ALLOC,,0,61716,61716,61716,0,0,1
1256,COPY_IN,MTE2,357,61716,62073,61716,0,1,1
2940,SPILL_OUT,MTE3,0,62073,62073,62073,0,0,1
1313,ALLOC,,0,62073,62073,62073,0,0,1
1314,COPY_IN,MTE2,357,62073,62430,62073,0,1,1
2942,SPILL_OUT,MTE3,0,62430,62430,62430,0,0,1
1315,ALLOC,,0,62430,62430,62430,0,0,1
1316,COPY_IN,MTE2,357,62430,62787,62430,0,1,1
2944,SPILL_OUT,MTE3,0,62787,62787,62787,0,0,1
1317,ALLOC,,0,62787,62787,62787,0,0,1
1318,COPY_IN,MTE2,357,62787,63144,62787,0,1,1
2946,SPILL_OUT,MTE3,0,63144,63144,63144,0,0,1
1319,ALLOC,,0,63144,63144,63144,0,0,1
1320,COPY_IN,MTE2,357,63144,63501,63144,0,1,1
2948,SPILL_OUT,MTE3,0,63501,63501,63501,0,0,1
1321,ALLOC,,0,63501,63501,63501,0,0,1
1322,COPY_IN,MTE2,357,63501,63858,63501,0,1,1
2950,SPILL_OUT,MTE3,0,63858,63858,63858,0,0,1
1323,ALLOC,,0,63858,63858,63858,0,0,1
1324,COPY_IN,MTE2,357,63858,64215,63858,0,1,1
2952,SPILL_OUT,MTE3,0,64215,64215,64215,0,0,1
1325,ALLOC,,0,64215,64215,64215,0,0,1
1326,COPY_IN,MTE2,357,64215,64572,64215,0,1,1
2954,SPILL_OUT,MTE3,0,64572,64572,64572,0,0,1
1327,ALLOC,,0,64572,64572,64572,0,0,1
1328,COPY_IN,MTE2,357,64572,64929,64572,0,1,1
2956,SPILL_OUT,MTE3,0,64929,64929,64929,0,0,1
1329,ALLOC,,0,64929,64929,64929,0,0,1
1330,COPY_IN,MTE2,357,64929,65286,64929,0,1,1
2958,SPILL_OUT,MTE3,0,65286,65286,65286,0,0,1
1331,ALLOC,,0,65286,65286,65286,0,0,1
1332,COPY_IN,MTE2,357,65286,65643,65286,0,1,1
2960,SPILL_OUT,MTE3,0,65643,65643,65643,0,0,1
1333,ALLOC,,0,65643,65643,65643,0,0,1
1334,COPY_IN,MTE2,357,65643,66000,65643,0,1,1
2962,SPILL_OUT,MTE3,0,66000,66000,66000,0,0,1
1335,ALLOC,,0,66000,66000,66000,0,0,1
1336,COPY_IN,MTE2,357,66000,66357,66000,0,1,1
2964,SPILL_OUT,MTE3,0,66357,66357,66357,0,0,1
1337,ALLOC,,0,66357,66357,66357,0,0,1
1338,COPY_IN,MTE2,357,66357,66714,66357,0,1,1
2966,SPILL_OUT,MTE3,0,66714,66714,66714,0,0,1
1339,ALLOC,,0,66714,66714,66714,0,0,1
1340,COPY_IN,MTE2,357,66714,67071,66714,0,1,1
2968,SPILL_OUT,MTE3,0,67071,67071,67071,0,0,1
1341,ALLOC,,0,67071,67071,67071,0,0,1
1342,COPY_IN,MTE2,357,67071,67428,67071,0,1,1
2970,SPILL_OUT,MTE3,0,67428,67428,67428,0,0,1
1343,ALLOC,,0,67428,67428,67428,0,0,1
1344,COPY_IN,MTE2,357,67428,67785,67428,0,1,1
2972,SPILL_OUT,MTE3,0,67785,67785,67785,0,0,1
1401,ALLOC,,0,67785,67785,67785,0,0,1
1402,COPY_IN,MTE2,357,67785,68142,67785,0,1,1
2974,SPILL_OUT,MTE3,0,68142,68142,68142,0,0,1
1403,ALLOC,,0,68142,68142,68142,0,0,1
1404,COPY_IN,MTE2,357,68142,68499,68142,0,1,1
2976,SPILL_OUT,MTE3,0,68499,68499,68499,0,0,1
1405,ALLOC,,0,68499,68499,68499,0,0,1
1406,COPY_IN,MTE2,357,68499,68856,68499,0,1,1
2978,SPILL_OUT,MTE3,0,68856,68856,68856,0,0,1
1407,ALLOC,,0,68856,68856,68856,0,0,1
1408,COPY_IN,MTE2,357,68856,69213,68856,0,1,1
2980,SPILL_OUT,MTE3,0,69213,69213,69213,0,0,1
1409,ALLOC,,0,69213,69213,69213,0,0,1
1410,COPY_IN,MTE2,357,69213,69570,69213,0,1,1
2982,SPILL_OUT,MTE3,0,69570,69570,69570,0,0,1
1411,ALLOC,,0,69570,69570,69570,0,0,1
1412,COPY_IN,MTE2,357,69570,69927,69570,0,1,1
2984,SPILL_OUT,MTE3,0,69927,69927,69927,0,0,1
1413,ALLOC,,0,69927,69927,69927,0,0,1
1414,COPY_IN,MTE2,357,69927,70284,69927,0,1,1
2986,SPILL_OUT,MTE3,0,70284,70284,70284,0,0,1
1415,ALLOC,,0,70284,70284,70284,0,0,1
1416,COPY_IN,MTE2,357,70284,70641,70284,0,1,1
2988,SPILL_OUT,MTE3,0,70641,70641,70641,0,0,1
1417,ALLOC,,0,70641,70641,70641,0,0,1
1418,COPY_IN,MTE2,357,70641,70998,70641,0,1,1
2990,SPILL_OUT,MTE3,0,70998,70998,70998,0,0,1
1419,ALLOC,,0,70998,70998,70998,0,0,1
1420,COPY_IN,MTE2,357,70998,71355,70998,0,1,1
2992,SPILL_OUT,MTE3,0,71355,71355,71355,0,0,1
1421,ALLOC,,0,71355,71355,71355,0,0,1
1422,COPY_IN,MTE2,357,71355,71712,71355,0,1,1
2994,SPILL_OUT,MTE3,0,71712,71712,71712,0,0,1
1423,ALLOC,,0,71712,71712,71712,0,0,1
1424,COPY_IN,MTE2,357,71712,72069,71712,0,1,1
2996,SPILL_OUT,MTE3,0,72069,72069,72069,0,0,1
1425,ALLOC,,0,72069,72069,72069,0,0,1
1426,COPY_IN,MTE2,357,72069,72426,72069,0,1,1
2998,SPILL_OUT,MTE3,0,72426,72426,72426,0,0,1
1427,ALLOC,,0,72426,72426,72426,0,0,1
1428,COPY_IN,MTE2,357,72426,72783,72426,0,1,1
3000,SPILL_OUT,MTE3,0,72783,72783,72783,0,0,1
1429,ALLOC,,0,72783,72783,72783,0,0,1
1430,COPY_IN,MTE2,357,72783,73140,72783,0,1,1
3002,SPILL_OUT,MTE3,0,73140,73140,73140,0,0,1
1431,ALLOC,,0,73140,73140,73140,0,0,1
1432,COPY_IN,MTE2,357,73140,73497,73140,0,1,1
3004,SPILL_OUT,MTE3,0,73497,73497,73497,0,0,1
1489,ALLOC,,0,73497,73497,73497,0,0,1
1490,COPY_IN,MTE2,357,73497,73854,73497,0,1,1
3006,SPILL_OUT,MTE3,0,73854,73854,73854,0,0,1
1491,ALLOC,,0,73854,73854,73854,0,0,1
1492,COPY_IN,MTE2,357,73854,74211,73854,0,1,1
3008,SPILL_OUT,MTE3,0,74211,74211,74211,0,0,1
1493,ALLOC,,0,74211,74211,74211,0,0,1
1494,COPY_IN,MTE2,357,74211,74568,74211,0,1,1
3010,SPILL_OUT,MTE3,0,74568,74568,74568,0,0,1
1495,ALLOC,,0,74568,74568,74568,0,0,1
1496,COPY_IN,MTE2,357,74568,74925,74568,0,1,1
3012,SPILL_OUT,MTE3,0,74925,74925,74925,0,0,1
1497,ALLOC,,0,74925,74925,74925,0,0,1
1498,COPY_IN,MTE2,357,74925,75282,74925,0,1,1
3014,SPILL_OUT,MTE3,0,75282,75282,75282,0,0,1
1499,ALLOC,,0,75282,75282,75282,0,0,1
1500,COPY_IN,MTE2,357,75282,75639,75282,0,1,1
3016,SPILL_OUT,MTE3,0,75639,75639,75639,0,0,1
1501,ALLOC,,0,75639,75639,75639,0,0,1
1502,COPY_IN,MTE2,357,75639,75996,75639,0,1,1
3018,SPILL_OUT,MTE3,0,75996,75996,75996,0,0,1
1503,ALLOC,,0,75996,75996,75996,0,0,1
1504,COPY_IN,MTE2,357,75996,76353,75996,0,1,1
3020,SPILL_OUT,MTE3,0,76353,76353,76353,0,0,1
1505,ALLOC,,0,76353,76353,76353,0,0,1
1506,COPY_IN,MTE2,357,76353,76710,76353,0,1,1
3022,SPILL_OUT,MTE3,0,76710,76710,76710,0,0,1
1507,ALLOC,,0,76710,76710,76710,0,0,1
1508,COPY_IN,MTE2,357,76710,77067,76710,0,1,1
3024,SPILL_OUT,MTE3,0,77067,77067,77067,0,0,1
1509,ALLOC,,0,77067,77067,77067,0,0,1
1510,COPY_IN,MTE2,357,77067,77424,77067,0,1,1
3026,SPILL_OUT,MTE3,0,77424,77424,77424,0,0,1
1511,ALLOC,,0,77424,77424,77424,0,0,1
1512,COPY_IN,MTE2,357,77424,77781,77424,0,1,1
3028,SPILL_OUT,MTE3,0,77781,77781,77781,0,0,1
1513,ALLOC,,0,77781,77781,77781,0,0,1
1514,COPY_IN,MTE2,357,77781,78138,77781,0,1,1
3030,SPILL_OUT,MTE3,0,78138,78138,78138,0,0,1
1515,ALLOC,,0,78138,78138,78138,0,0,1
1516,COPY_IN,MTE2,357,78138,78495,78138,0,1,1
3032,SPILL_OUT,MTE3,0,78495,78495,78495,0,0,1
1517,ALLOC,,0,78495,78495,78495,0,0,1
1518,COPY_IN,MTE2,357,78495,78852,78495,0,1,1
3034,SPILL_OUT,MTE3,0,78852,78852,78852,0,0,1
1519,ALLOC,,0,78852,78852,78852,0,0,1
1520,COPY_IN,MTE2,357,78852,79209,78852,0,1,1
3036,SPILL_OUT,MTE3,0,79209,79209,79209,0,0,1
1577,ALLOC,,0,79209,79209,79209,0,0,1
1578,COPY_IN,MTE2,357,79209,79566,79209,0,1,1
3038,SPILL_OUT,MTE3,0,79566,79566,79566,0,0,1
1579,ALLOC,,0,79566,79566,79566,0,0,1
1580,COPY_IN,MTE2,357,79566,79923,79566,0,1,1
3040,SPILL_OUT,MTE3,0,79923,79923,79923,0,0,1
1581,ALLOC,,0,79923,79923,79923,0,0,1
1582,COPY_IN,MTE2,357,79923,80280,79923,0,1,1
3042,SPILL_OUT,MTE3,0,80280,80280,80280,0,0,1
1583,ALLOC,,0,80280,80280,80280,0,0,1
1584,COPY_IN,MTE2,357,80280,80637,80280,0,1,1
3044,SPILL_OUT,MTE3,0,80637,80637,80637,0,0,1
1585,ALLOC,,0,80637,80637,80637,0,0,1
1586,COPY_IN,MTE2,357,80637,80994,80637,0,1,1
3046,SPILL_OUT,MTE3,0,80994,80994,80994,0,0,1
1587,ALLOC,,0,80994,80994,80994,0,0,1
1588,COPY_IN,MTE2,357,80994,81351,80994,0,1,1
3048,SPILL_OUT,MTE3,0,81351,81351,81351,0,0,1
1589,ALLOC,,0,81351,81351,81351,0,0,1
1590,COPY_IN,MTE2,357,81351,81708,81351,0,1,1
3050,SPILL_OUT,MTE3,0,81708,81708,81708,0,0,1
1591,ALLOC,,0,81708,81708,81708,0,0,1
1592,COPY_IN,MTE2,357,81708,82065,81708,0,1,1
3052,SPILL_OUT,MTE3,0,82065,82065,82065,0,0,1
1593,ALLOC,,0,82065,82065,82065,0,0,1
1594,COPY_IN,MTE2,357,82065,82422,82065,0,1,1
3054,SPILL_OUT,MTE3,0,82422,82422,82422,0,0,1
1595,ALLOC,,0,82422,82422,82422,0,0,1
1596,COPY_IN,MTE2,357,82422,82779,82422,0,1,1
3056,SPILL_OUT,MTE3,0,82779,82779,82779,0,0,1
1597,ALLOC,,0,82779,82779,82779,0,0,1
1598,COPY_IN,MTE2,357,82779,83136,82779,0,1,1
3058,SPILL_OUT,MTE3,0,83136,83136,83136,0,0,1
1599,ALLOC,,0,83136,83136,83136,0,0,1
1600,COPY_IN,MTE2,357,83136,83493,83136,0,1,1
3060,SPILL_OUT,MTE3,0,83493,83493,83493,0,0,1
1601,ALLOC,,0,83493,83493,83493,0,0,1
1602,COPY_IN,MTE2,357,83493,83850,83493,0,1,1
3062,SPILL_OUT,MTE3,0,83850,83850,83850,0,0,1
1603,ALLOC,,0,83850,83850,83850,0,0,1
1604,COPY_IN,MTE2,357,83850,84207,83850,0,1,1
3064,SPILL_OUT,MTE3,0,84207,84207,84207,0,0,1
1605,ALLOC,,0,84207,84207,84207,0,0,1
1606,COPY_IN,MTE2,357,84207,84564,84207,0,1,1
3066,SPILL_OUT,MTE3,0,84564,84564,84564,0,0,1
1607,ALLOC,,0,84564,84564,84564,0,0,1
1608,COPY_IN,MTE2,357,84564,84921,84564,0,1,1
3068,SPILL_OUT,MTE3,0,84921,84921,84921,0,0,1
1665,ALLOC,,0,84921,84921,84921,0,0,1
1666,COPY_IN,MTE2,357,84921,85278,84921,0,1,1
3070,SPILL_OUT,MTE3,0,85278,85278,85278,0,0,1
1667,ALLOC,,0,85278,85278,85278,0,0,1
1668,COPY_IN,MTE2,357,85278,85635,85278,0,1,1
3072,SPILL_OUT,MTE3,0,85635,85635,85635,0,0,1
1669,ALLOC,,0,85635,85635,85635,0,0,1
1670,COPY_IN,MTE2,357,85635,85992,85635,0,1,1
3074,SPILL_OUT,MTE3,0,85992,85992,85992,0,0,1
1671,ALLOC,,0,85992,85992,85992,0,0,1
1672,COPY_IN,MTE2,357,85992,86349,85992,0,1,1
3076,SPILL_OUT,MTE3,0,86349,86349,86349,0,0,1
1673,ALLOC,,0,86349,86349,86349,0,0,1
1674,COPY_IN,MTE2,357,86349,86706,86349,0,1,1
3078,SPILL_OUT,MTE3,0,86706,86706,86706,0,0,1
1675,ALLOC,,0,86706,86706,86706,0,0,1
1676,COPY_IN,MTE2,357,86706,87063,86706,0,1,1
3080,SPILL_OUT,MTE3,0,87063,87063,87063,0,0,1
1677,ALLOC,,0,87063,87063,87063,0,0,1
1678,COPY_IN,MTE2,357,87063,87420,87063,0,1,1
3082,SPILL_OUT,MTE3,0,87420,87420,87420,0,0,1
1679,ALLOC,,0,87420,87420,87420,0,0,1
1680,COPY_IN,MTE2,357,87420,87777,87420,0,1,1
3084,SPILL_OUT,MTE3,0,87777,87777,87777,0,0,1
1681,ALLOC,,0,87777,87777,87777,0,0,1
1682,COPY_IN,MTE2,357,87777,88134,87777,0,1,1
3086,SPILL_OUT,MTE3,0,88134,88134,88134,0,0,1
1683,ALLOC,,0,88134,88134,88134,0,0,1
1684,COPY_IN,MTE2,357,88134,88491,88134,0,1,1
3088,SPILL_OUT,MTE3,0,88491,88491,88491,0,0,1
1685,ALLOC,,0,88491,88491,88491,0,0,1
1686,COPY_IN,MTE2,357,88491,88848,88491,0,1,1
3090,SPILL_OUT,MTE3,0,88848,88848,88848,0,0,1
1687,ALLOC,,0,88848,88848,88848,0,0,1
1688,COPY_IN,MTE2,357,88848,89205,88848,0,1,1
3092,SPILL_OUT,MTE3,0,89205,89205,89205,0,0,1
1689,ALLOC,,0,89205,89205,89205,0,0,1
1690,COPY_IN,MTE2,357,89205,89562,89205,0,1,1
3094,SPILL_OUT,MTE3,0,89562,89562,89562,0,0,1
1691,ALLOC,,0,89562,89562,89562,0,0,1
1692,COPY_IN,MTE2,357,89562,89919,89562,0,1,1
3096,SPILL_OUT,MTE3,0,89919,89919,89919,0,0,1
1693,ALLOC,,0,89919,89919,89919,0,0,1
1694,COPY_IN,MTE2,357,89919,90276,89919,0,1,1
3098,SPILL_OUT,MTE3,0,90276,90276,90276,0,0,1
1695,ALLOC,,0,90276,90276,90276,0,0,1
1696,COPY_IN,MTE2,357,90276,90633,90276,0,1,1
3100,SPILL_OUT,MTE3,0,90633,90633,90633,0,1,1
3102,SPILL_OUT,MTE3,0,90633,90633,90633,0,0,1
262,ALLOC,,0,90633,90633,90633,0,1,1
263,COPY_IN,MTE2,453,90633,91086,90633,0,1,1
3104,SPILL_OUT,MTE3,0,91086,91086,91086,0,0,1
264,ALLOC,,0,91086,91086,91086,0,0,1
265,COPY_IN,MTE2,453,91086,91539,91086,0,1,1
3106,SPILL_OUT,MTE3,0,91539,91539,91539,0,0,1
266,ALLOC,,0,91539,91539,91539,0,0,1
267,COPY_IN,MTE2,453,91539,91992,91539,0,1,1
3108,SPILL_OUT,MTE3,0,91992,91992,91992,0,0,1
268,ALLOC,,0,91992,91992,91992,0,0,1
269,COPY_IN,MTE2,453,91992,92445,91992,0,1,1
3110,SPILL_OUT,MTE3,0,92445,92445,92445,0,1,1
3112,SPILL_OUT,MTE3,152,92445,92597,92445,0,1,1
3114,SPILL_OUT,MTE3,0,92597,92597,92597,0,1,1
3116,SPILL_OUT,MTE3,0,92597,92597,92597,0,1,1
3118,SPILL_OUT,MTE3,152,92597,92749,92597,0,1,1
3120,SPILL_OUT,MTE3,0,92749,92749,92749,0,1,1
64,ALLOC,,0,92749,92749,92749,0,1,1
65,COPY_IN,MTE2,1605,92749,94354,92749,0,1,1
3122,SPILL_OUT,MTE3,0,92749,92749,94354,1605,0,0
3124,SPILL_OUT,MTE3,0,92749,92749,94354,1605,0,0
3126,SPILL_OUT,MTE3,0,92749,92749,94354,1605,0,0
3128,SPILL_OUT,MTE3,0,92749,92749,94354,1605,0,0
66,ALLOC,,0,92749,92749,94354,1605,0,0
67,COPY_IN,MTE2,1605,94354,95959,94354,0,1,1
3130,SPILL_OUT,MTE3,0,92749,92749,95959,3210,0,0
3132,SPILL_OUT,MTE3,0,92749,92749,95959,3210,0,0
62,ALLOC,,0,92749,92749,95959,3210,0,0
74,CONV,CUBE,1879,95959,97838,95959,0,1,1
1786,FREE,,0,97838,97838,97838,0,1,1
75,ALLOC,,0,97838,97838,97838,0,1,1
76,MOVE,MTE1,63,97838,97901,97838,0,1,1
1785,FREE,,0,97901,97901,104225,6324,0,0
3134,SPILL_OUT,MTE3,0,92749,92749,97901,5152,0,0
3136,SPILL_OUT,MTE3,0,92749,92749,97901,5152,0,0
63,ALLOC,,0,92749,92749,97901,5152,0,0
77,CONV,CUBE,1879,97901,99780,97901,0,1,1
1787,FREE,,0,99780,99780,99780,0,1,1
84,ALLOC,,0,99780,99780,99780,0,1,1
85,MOVE,MTE1,30,99780,99810,99780,0,1,1
1790,FREE,,0,99810,99810,102379,2569,0,0
3138,SPILL_OUT,MTE3,0,92749,92749,99810,7061,0,0
3140,SPILL_OUT,MTE3,0,92749,92749,99810,7061,0,0
3142,SPILL_OUT,MTE3,0,92749,92749,99810,7061,0,0
3144,SPILL_OUT,MTE3,0,92749,92749,99810,7061,0,0
3146,SPILL_OUT,MTE3,0,92749,92749,99810,7061,0,0
3148,SPILL_OUT,MTE3,0,92749,92749,99810,7061,0,0
78,ALLOC,,0,92749,92749,99810,7061,0,0
86,CONV,CUBE,410,99810,100220,99810,0,1,1
1792,FREE,,0,100220,100220,101876,1656,0,0
87,ALLOC,,0,100220,100220,101876,1656,0,0
88,MOVE,MTE1,30,100220,100250,101876,1656,0,0
1791,FREE,,0,100250,100250,102379,2129,0,0
3150,SPILL_OUT,MTE3,0,92749,92749,100220,7471,0,0
3152,SPILL_OUT,MTE3,1686,100220,101906,100220,0,1,1
79,ALLOC,,0,101906,101906,101906,0,1,1
89,CONV,CUBE,410,101906,102316,101906,0,1,1
1782,FREE,,0,102316,102316,102379,63,0,0
1783,FREE,,0,102316,102316,102379,63,0,0
1793,FREE,,0,102316,102316,102316,0,1,1
102,ALLOC,,0,102316,102316,102316,0,1,1
103,MOVE,MTE1,63,102316,102379,102316,0,1,1
1798,FREE,,0,102379,102379,104225,1846,0,0
91,ALLOC,,0,102316,102316,102379,63,0,0
104,CONV,CUBE,1783,102379,104162,102379,0,1,1
1802,FREE,,0,104162,104162,104162,0,1,1
105,ALLOC,,0,104162,104162,104162,0,1,1
106,MOVE,MTE1,63,104162,104225,104162,0,1,1
1799,FREE,,0,104225,104225,104225,0,1,1
90,ALLOC,,0,97901,97901,105911,8010,0,0
3154,SPILL_OUT,MTE3,1686,102316,104002,102539,223,0,0
3153,SPILL_IN,MTE2,1686,104225,105911,104225,0,1,1
107,CONV_ADD,CUBE,2003,105911,107914,105911,0,1,1
1795,FREE,,0,107914,107914,108415,501,0,0
1788,FREE,,0,107914,107914,107914,0,1,1
1803,FREE,,0,107914,107914,108352,438,0,0
108,ALLOC,,0,107914,107914,108352,438,0,0
3151,SPILL_IN,MTE2,438,107914,108352,107914,0,1,1
109,MOVE,MTE1,63,108352,108415,108352,0,1,1
1800,FREE,,0,108415,108415,110636,2221,0,0
93,ALLOC,,0,107914,107914,108415,501,0,0
110,CONV,CUBE,1783,108415,110198,108415,0,1,1
1780,FREE,,0,110198,110198,110198,0,1,1
1804,FREE,,0,110198,110198,112259,2061,0,0
111,ALLOC,,0,110198,110198,112259,2061,0,0
3149,SPILL_IN,MTE2,438,110198,110636,110198,0,1,1
112,MOVE,MTE1,63,110636,110699,112259,1623,0,0
1801,FREE,,0,110699,110699,112322,1623,0,0
92,ALLOC,,0,110699,110699,112322,1623,0,0
3155,SPILL_IN,MTE2,1686,110636,112322,110636,0,1,1
113,CONV_ADD,CUBE,2003,112322,114325,112322,0,1,1
1797,FREE,,0,114325,114325,114826,501,0,0
1789,FREE,,0,114325,114325,118012,3687,0,0
1781,FREE,,0,114325,114325,114325,0,1,1
1805,FREE,,0,114325,114325,114763,438,0,0
126,ALLOC,,0,114325,114325,114763,438,0,0
3147,SPILL_IN,MTE2,438,114325,114763,114325,0,1,1
127,MOVE,MTE1,63,114763,114826,114763,0,1,1
1810,FREE,,0,114826,114826,116171,1345,0,0
115,ALLOC,,0,114325,114325,114826,501,0,0
128,CONV,CUBE,1783,114826,116609,114826,0,1,1
1814,FREE,,0,116609,116609,116609,0,1,1
129,ALLOC,,0,116609,116609,116609,0,1,1
3145,SPILL_IN,MTE2,438,114826,115264,116171,1345,0,0
130,MOVE,MTE1,63,116609,116672,116609,0,1,1
1811,FREE,,0,116672,116672,116672,0,1,1
114,ALLOC,,0,116672,116672,116672,0,1,1
131,CONV,CUBE,1778,116672,118450,116672,0,1,1
1807,FREE,,0,118450,118450,118513,63,0,0
1815,FREE,,0,118450,118450,118450,0,1,1
132,ALLOC,,0,118450,118450,118450,0,1,1
3143,SPILL_IN,MTE2,438,115264,115702,118012,2748,0,0
133,MOVE,MTE1,63,118450,118513,118450,0,1,1
1812,FREE,,0,118513,118513,119858,1345,0,0
117,ALLOC,,0,118450,118450,118513,63,0,0
134,CONV,CUBE,1783,118513,120296,118513,0,1,1
1816,FREE,,0,120296,120296,120296,0,1,1
135,ALLOC,,0,120296,120296,120296,0,1,1
3141,SPILL_IN,MTE2,438,118513,118951,119858,1345,0,0
136,MOVE,MTE1,63,120296,120359,120296,0,1,1
1813,FREE,,0,120359,120359,120359,0,1,1
116,ALLOC,,0,120359,120359,120359,0,1,1
137,CONV,CUBE,1778,120359,122137,120359,0,1,1
1809,FREE,,0,122137,122137,122200,63,0,0
1817,FREE,,0,122137,122137,122137,0,1,1
150,ALLOC,,0,122137,122137,122137,0,1,1
3139,SPILL_IN,MTE2,438,118951,119389,121699,2748,0,0
151,MOVE,MTE1,63,122137,122200,122137,0,1,1
1822,FREE,,0,122200,122200,123545,1345,0,0
139,ALLOC,,0,122137,122137,122200,63,0,0
152,CONV,CUBE,1783,122200,123983,122200,0,1,1
1826,FREE,,0,123983,123983,123983,0,1,1
153,ALLOC,,0,123983,123983,123983,0,1,1
3137,SPILL_IN,MTE2,438,122200,122638,123545,1345,0,0
154,MOVE,MTE1,63,123983,124046,123983,0,1,1
1823,FREE,,0,124046,124046,124046,0,1,1
138,ALLOC,,0,124046,124046,124046,0,1,1
155,CONV_ADD,CUBE,1811,124046,125857,124046,0,1,1
1819,FREE,,0,125857,125857,126358,501,0,0
1794,FREE,,0,125857,125857,125857,0,1,1
1827,FREE,,0,125857,125857,126295,438,0,0
156,ALLOC,,0,125857,125857,126295,438,0,0
3135,SPILL_IN,MTE2,438,125857,126295,125857,0,1,1
157,MOVE,MTE1,63,126295,126358,126295,0,1,1
1824,FREE,,0,126358,126358,193418,67060,0,0
141,ALLOC,,0,125857,125857,126358,501,0,0
158,CONV,CUBE,1783,126358,128141,126358,0,1,1
1806,FREE,,0,128141,128141,191267,63126,0,0
1828,FREE,,0,128141,128141,128141,0,1,1
159,ALLOC,,0,128141,128141,128141,0,1,1
3133,SPILL_IN,MTE2,438,126295,126733,127703,1408,0,0
160,MOVE,MTE1,63,128141,128204,128141,0,1,1
1825,FREE,,0,128204,128204,128204,0,1,1
140,ALLOC,,0,128204,128204,128204,0,1,1
161,CONV_ADD,CUBE,1811,128204,130015,128204,0,1,1
1821,FREE,,0,130015,130015,130078,63,0,0
1796,FREE,,0,130015,130015,189116,59101,0,0
1808,FREE,,0,130015,130015,216022,86007,0,0
1829,FREE,,0,130015,130015,130015,0,1,1
174,ALLOC,,0,130015,130015,130015,0,1,1
3131,SPILL_IN,MTE2,438,126733,127171,129577,2844,0,0
175,MOVE,MTE1,63,130015,130078,130015,0,1,1
1834,FREE,,0,130078,130078,130132,54,0,0
163,ALLOC,,0,130015,130015,130078,63,0,0
176,CONV,CUBE,492,130078,130570,130078,0,1,1
1838,FREE,,0,130570,130570,130570,0,1,1
177,ALLOC,,0,130570,130570,130570,0,1,1
3129,SPILL_IN,MTE2,438,130078,130516,130132,54,0,0
178,MOVE,MTE1,63,130570,130633,130570,0,1,1
1835,FREE,,0,130633,130633,130633,0,1,1
162,ALLOC,,0,130633,130633,130633,0,1,1
179,CONV,CUBE,513,130633,131146,130633,0,1,1
1831,FREE,,0,131146,131146,131146,0,1,1
1839,FREE,,0,131146,131146,131584,438,0,0
180,ALLOC,,0,131146,131146,131584,438,0,0
3127,SPILL_IN,MTE2,438,131146,131584,131146,0,1,1
181,MOVE,MTE1,63,131584,131647,131584,0,1,1
1836,FREE,,0,131647,131647,131647,0,1,1
165,ALLOC,,0,131647,131647,131647,0,1,1
182,CONV,CUBE,492,131647,132139,131647,0,1,1
1840,FREE,,0,132139,132139,132139,0,1,1
183,ALLOC,,0,132139,132139,132139,0,1,1
3125,SPILL_IN,MTE2,438,131584,132022,131701,117,0,0
184,MOVE,MTE1,63,132139,132202,132139,0,1,1
1837,FREE,,0,132202,132202,150477,18275,0,0
164,ALLOC,,0,130633,130633,132202,1569,0,0
185,CONV,CUBE,513,132202,132715,132202,0,1,1
1833,FREE,,0,132715,132715,132715,0,1,1
1841,FREE,,0,132715,132715,133153,438,0,0
198,ALLOC,,0,132715,132715,133153,438,0,0
3123,SPILL_IN,MTE2,438,132715,133153,132715,0,1,1
199,MOVE,MTE1,63,133153,133216,133153,0,1,1
1846,FREE,,0,133216,133216,133216,0,1,1
187,ALLOC,,0,133216,133216,133598,382,0,0
200,CONV,CUBE,145,133216,133361,133598,382,0,0
1850,FREE,,0,133361,133361,133743,382,0,0
201,ALLOC,,0,133361,133361,133743,382,0,0
3121,SPILL_IN,MTE2,438,133216,133654,133216,0,1,1
202,MOVE,MTE1,63,133654,133717,133743,89,0,0
1847,FREE,,0,133717,133717,133974,257,0,0
186,ALLOC,,0,0,0,133806,133806,0,0
3119,SPILL_IN,MTE2,152,133654,133806,133654,0,1,1
203,CONV_ADD,CUBE,168,133806,133974,133806,0,1,1
1843,FREE,,0,133974,133974,133974,0,1,1
1768,FREE,,0,133974,133974,134913,939,0,0
1851,FREE,,0,133974,133974,134412,438,0,0
204,ALLOC,,0,133974,133974,134412,438,0,0
3117,SPILL_IN,MTE2,438,133974,134412,133974,0,1,1
205,MOVE,MTE1,63,134412,134475,134412,0,1,1
1848,FREE,,0,134475,134475,134475,0,1,1
189,ALLOC,,0,134475,134475,134857,382,0,0
206,CONV,CUBE,145,134475,134620,134857,382,0,0
1830,FREE,,0,134620,134620,135065,445,0,0
1852,FREE,,0,134620,134620,135002,382,0,0
207,ALLOC,,0,134620,134620,135002,382,0,0
3115,SPILL_IN,MTE2,438,134475,134913,134475,0,1,1
208,MOVE,MTE1,63,134913,134976,135002,89,0,0
1849,FREE,,0,134976,134976,135671,695,0,0
188,ALLOC,,0,134620,134620,135065,445,0,0
3113,SPILL_IN,MTE2,152,134913,135065,134913,0,1,1
209,CONV_ADD,CUBE,168,135065,135233,135065,0,1,1
1832,FREE,,0,135233,135233,135233,0,1,1
1845,FREE,,0,135233,135233,135671,438,0,0
1770,FREE,,0,135233,135233,146387,11154,0,0
1853,FREE,,0,135233,135233,135894,661,0,0
222,ALLOC,,0,135233,135233,135894,661,0,0
3103,SPILL_IN,MTE2,438,135233,135671,135233,0,1,1
223,MOVE,MTE1,63,135671,135734,135894,223,0,0
1858,FREE,,0,135734,135734,135957,223,0,0
211,ALLOC,,0,135734,135734,135957,223,0,0
224,CONV,CUBE,152,135734,135886,135957,223,0,0
1862,FREE,,0,135886,135886,136109,223,0,0
225,ALLOC,,0,135886,135886,136109,223,0,0
2705,SPILL_IN,MTE2,438,135671,136109,135671,0,1,1
226,MOVE,MTE1,63,136109,136172,136109,0,1,1
1859,FREE,,0,136172,136172,136172,0,1,1
210,ALLOC,,0,135734,135734,136451,717,0,0
227,CONV,CUBE,159,136172,136331,136451,279,0,0
1855,FREE,,0,136331,136331,136959,628,0,0
1863,FREE,,0,136331,136331,136610,279,0,0
228,ALLOC,,0,136331,136331,136610,279,0,0
2707,SPILL_IN,MTE2,438,136172,136610,136172,0,1,1
229,MOVE,MTE1,63,136610,136673,136610,0,1,1
1860,FREE,,0,136673,136673,136673,0,1,1
213,ALLOC,,0,136331,136331,136959,628,0,0
230,CONV,CUBE,152,136673,136825,136959,286,0,0
1842,FREE,,0,136825,136825,138530,1705,0,0
1864,FREE,,0,136825,136825,137111,286,0,0
231,ALLOC,,0,136825,136825,137111,286,0,0
2709,SPILL_IN,MTE2,438,136673,137111,136673,0,1,1
232,MOVE,MTE1,63,137111,137174,137111,0,1,1
1861,FREE,,0,137174,137174,137174,0,1,1
212,ALLOC,,0,135734,135734,137453,1719,0,0
233,CONV,CUBE,159,137174,137333,137453,279,0,0
1857,FREE,,0,137333,137333,138760,1427,0,0
1844,FREE,,0,137333,137333,138760,1427,0,0
1865,FREE,,0,137333,137333,137612,279,0,0
246,ALLOC,,0,137333,137333,137612,279,0,0
2711,SPILL_IN,MTE2,438,137174,137612,137174,0,1,1
247,MOVE,MTE1,63,137612,137675,137612,0,1,1
1870,FREE,,0,137675,137675,137675,0,1,1
235,ALLOC,,0,135233,135233,138030,2797,0,0
248,CONV,CUBE,83,137675,137758,138030,355,0,0
1874,FREE,,0,137758,137758,138113,355,0,0
249,ALLOC,,0,137758,137758,138113,355,0,0
2713,SPILL_IN,MTE2,438,137675,138113,137675,0,1,1
250,MOVE,MTE1,63,138113,138176,138113,0,1,1
1871,FREE,,0,138176,138176,138176,0,1,1
234,ALLOC,,0,136825,136825,138530,1705,0,0
251,CONV,CUBE,84,138176,138260,138530,354,0,0
1867,FREE,,0,138260,138260,138677,417,0,0
1875,FREE,,0,138260,138260,138614,354,0,0
252,ALLOC,,0,138260,138260,138614,354,0,0
2715,SPILL_IN,MTE2,438,138176,138614,138176,0,1,1
253,MOVE,MTE1,63,138614,138677,138614,0,1,1
1872,FREE,,0,138677,138677,148854,10177,0,0
237,ALLOC,,0,138260,138260,138677,417,0,0
254,CONV,CUBE,83,138677,138760,138677,0,1,1
1854,FREE,,0,138760,138760,138760,0,1,1
1876,FREE,,0,138760,138760,139198,438,0,0
255,ALLOC,,0,138760,138760,139198,438,0,0
2717,SPILL_IN,MTE2,438,138760,139198,138760,0,1,1
256,MOVE,MTE1,63,139198,139261,139198,0,1,1
1873,FREE,,0,139261,139261,139345,84,0,0
236,ALLOC,,0,136825,136825,139261,2436,0,0
257,CONV,CUBE,84,139261,139345,139261,0,1,1
1856,FREE,,0,139345,139345,139345,0,1,1
1869,FREE,,0,139345,139345,139345,0,0,1
1877,FREE,,0,139345,139345,139879,534,0,0
270,ALLOC,,0,139345,139345,139879,534,0,0
3105,SPILL_IN,MTE2,534,139345,139879,139345,0,1,1
271,MOVE,MTE1,74,139879,139953,139879,0,1,1
1882,FREE,,0,139953,139953,139953,0,1,1
259,ALLOC,,0,136825,136825,140437,3612,0,0
272,CONV,CUBE,50,139953,140003,140437,484,0,0
1886,FREE,,0,140003,140003,140487,484,0,0
273,ALLOC,,0,140003,140003,140487,484,0,0
3107,SPILL_IN,MTE2,534,139953,140487,139953,0,1,1
274,MOVE,MTE1,74,140487,140561,140487,0,1,1
1883,FREE,,0,140561,140561,140561,0,1,1
258,ALLOC,,0,136825,136825,141045,4220,0,0
275,CONV,CUBE,50,140561,140611,141045,484,0,0
1879,FREE,,0,140611,140611,141653,1042,0,0
1887,FREE,,0,140611,140611,141095,484,0,0
276,ALLOC,,0,140611,140611,141095,484,0,0
3109,SPILL_IN,MTE2,534,140561,141095,140561,0,1,1
277,MOVE,MTE1,74,141095,141169,141095,0,1,1
1884,FREE,,0,141169,141169,141169,0,1,1
261,ALLOC,,0,140611,140611,141653,1042,0,0
278,CONV,CUBE,50,141169,141219,141653,484,0,0
1866,FREE,,0,141219,141219,150978,9759,0,0
1888,FREE,,0,141219,141219,141703,484,0,0
279,ALLOC,,0,141219,141219,141703,484,0,0
3111,SPILL_IN,MTE2,534,141169,141703,141169,0,1,1
280,MOVE,MTE1,74,141703,141777,141703,0,1,1
1885,FREE,,0,141777,141777,141777,0,1,1
260,ALLOC,,0,136825,136825,141941,5116,0,0
281,CONV,CUBE,50,141777,141827,141941,164,0,0
1868,FREE,,0,141827,141827,185865,44038,0,0
1881,FREE,,0,141827,141827,185865,44038,0,0
1889,FREE,,0,141827,141827,141991,164,0,0
300,ALLOC,,0,141827,141827,141991,164,0,0
2703,SPILL_IN,MTE2,214,141777,141991,141777,0,1,1
301,MOVE,MTE1,34,141991,142025,141991,0,1,1
1896,FREE,,0,142025,142025,142025,0,1,1
283,ALLOC,,0,136825,136825,142209,5384,0,0
302,CONV,CUBE,30,142025,142055,142209,184,0,0
1902,FREE,,0,142055,142055,142239,184,0,0
303,ALLOC,,0,142055,142055,142239,184,0,0
2701,SPILL_IN,MTE2,214,142025,142239,142025,0,1,1
304,MOVE,MTE1,34,142239,142273,142239,0,1,1
1897,FREE,,0,142273,142273,142273,0,1,1
282,ALLOC,,0,136825,136825,142458,5633,0,0
305,CONV,CUBE,29,142273,142302,142458,185,0,0
1891,FREE,,0,142302,142302,142705,403,0,0
1903,FREE,,0,142302,142302,142487,185,0,0
318,COPY_OUT,MTE3,174,142302,142476,142780,478,0,0
1890,FREE,,0,142476,142476,142954,478,0,0
306,ALLOC,,0,142302,142302,142487,185,0,0
2699,SPILL_IN,MTE2,214,142273,142487,142273,0,1,1
307,MOVE,MTE1,34,142487,142521,142487,0,1,1
1898,FREE,,0,142521,142521,142521,0,1,1
285,ALLOC,,0,142302,142302,142705,403,0,0
308,CONV,CUBE,30,142521,142551,142705,184,0,0
1904,FREE,,0,142551,142551,142735,184,0,0
309,ALLOC,,0,142551,142551,142735,184,0,0
2697,SPILL_IN,MTE2,214,142521,142735,142521,0,1,1
310,MOVE,MTE1,34,142735,142769,142735,0,1,1
1899,FREE,,0,142769,142769,142769,0,1,1
284,ALLOC,,0,142476,142476,142954,478,0,0
311,CONV,CUBE,29,142769,142798,142954,185,0,0
1893,FREE,,0,142798,142798,143201,403,0,0
1905,FREE,,0,142798,142798,142983,185,0,0
319,COPY_OUT,MTE3,174,142798,142972,143244,446,0,0
1892,FREE,,0,142972,142972,143418,446,0,0
312,ALLOC,,0,142798,142798,142983,185,0,0
2695,SPILL_IN,MTE2,214,142769,142983,142769,0,1,1
313,MOVE,MTE1,34,142983,143017,142983,0,1,1
1900,FREE,,0,143017,143017,143017,0,1,1
287,ALLOC,,0,142798,142798,143201,403,0,0
314,CONV,CUBE,30,143017,143047,143201,184,0,0
1906,FREE,,0,143047,143047,143231,184,0,0
315,ALLOC,,0,143047,143047,143231,184,0,0
2693,SPILL_IN,MTE2,214,143017,143231,143017,0,1,1
316,MOVE,MTE1,34,143231,143265,143231,0,1,1
1901,FREE,,0,143265,143265,143265,0,1,1
286,ALLOC,,0,142972,142972,143418,446,0,0
317,CONV,CUBE,29,143265,143294,143418,153,0,0
1895,FREE,,0,143294,143294,143631,337,0,0
1907,FREE,,0,143294,143294,143447,153,0,0
320,COPY_OUT,MTE3,174,143294,143468,144517,1223,0,0
1894,FREE,,0,143468,143468,144691,1223,0,0
345,ALLOC,,0,143294,143294,143447,153,0,0
2691,SPILL_IN,MTE2,182,143265,143447,143265,0,1,1
346,MOVE,MTE1,30,143447,143477,143447,0,1,1
1916,FREE,,0,143477,143477,143477,0,1,1
322,ALLOC,,0,143294,143294,143631,337,0,0
347,CONV,CUBE,28,143477,143505,143631,154,0,0
1924,FREE,,0,143505,143505,143659,154,0,0
348,ALLOC,,0,143505,143505,143659,154,0,0
2689,SPILL_IN,MTE2,182,143477,143659,143477,0,1,1
349,MOVE,MTE1,30,143659,143689,143659,0,1,1
1917,FREE,,0,143689,143689,143689,0,1,1
321,ALLOC,,0,143294,143294,143843,549,0,0
350,CONV,CUBE,28,143689,143717,143843,154,0,0
1909,FREE,,0,143717,143717,144055,338,0,0
1925,FREE,,0,143717,143717,143871,154,0,0
351,ALLOC,,0,143717,143717,143871,154,0,0
2687,SPILL_IN,MTE2,182,143689,143871,143689,0,1,1
352,MOVE,MTE1,30,143871,143901,143871,0,1,1
1918,FREE,,0,143901,143901,143901,0,1,1
324,ALLOC,,0,143717,143717,144055,338,0,0
353,CONV,CUBE,28,143901,143929,144055,154,0,0
1926,FREE,,0,143929,143929,144083,154,0,0
354,ALLOC,,0,143929,143929,144083,154,0,0
2685,SPILL_IN,MTE2,182,143901,144083,143901,0,1,1
355,MOVE,MTE1,30,144083,144113,144083,0,1,1
1919,FREE,,0,144113,144113,144113,0,1,1
323,ALLOC,,0,143294,143294,144267,973,0,0
356,CONV,CUBE,28,144113,144141,144267,154,0,0
1911,FREE,,0,144141,144141,144479,338,0,0
1927,FREE,,0,144141,144141,144295,154,0,0
357,ALLOC,,0,144141,144141,144295,154,0,0
2683,SPILL_IN,MTE2,182,144113,144295,144113,0,1,1
358,MOVE,MTE1,30,144295,144325,144295,0,1,1
1920,FREE,,0,144325,144325,144325,0,1,1
326,ALLOC,,0,144141,144141,144479,338,0,0
359,CONV,CUBE,28,144325,144353,144479,154,0,0
1928,FREE,,0,144353,144353,144507,154,0,0
360,ALLOC,,0,144353,144353,144507,154,0,0
2681,SPILL_IN,MTE2,182,144325,144507,144325,0,1,1
361,MOVE,MTE1,30,144507,144537,144507,0,1,1
1921,FREE,,0,144537,144537,144537,0,1,1
325,ALLOC,,0,143468,143468,144691,1223,0,0
362,CONV,CUBE,28,144537,144565,144691,154,0,0
1913,FREE,,0,144565,144565,144903,338,0,0
1929,FREE,,0,144565,144565,144719,154,0,0
363,ALLOC,,0,144565,144565,144719,154,0,0
2679,SPILL_IN,MTE2,182,144537,144719,144537,0,1,1
364,MOVE,MTE1,30,144719,144749,144719,0,1,1
1922,FREE,,0,144749,144749,144749,0,1,1
328,ALLOC,,0,144565,144565,144903,338,0,0
365,CONV,CUBE,28,144749,144777,144903,154,0,0
1930,FREE,,0,144777,144777,144931,154,0,0
366,ALLOC,,0,144777,144777,144931,154,0,0
2677,SPILL_IN,MTE2,182,144749,144931,144749,0,1,1
367,MOVE,MTE1,30,144931,144961,144931,0,1,1
1923,FREE,,0,144961,144961,144961,0,1,1
327,ALLOC,,0,143468,143468,145115,1647,0,0
368,CONV,CUBE,28,144961,144989,145115,154,0,0
1915,FREE,,0,144989,144989,145327,338,0,0
1931,FREE,,0,144989,144989,145143,154,0,0
393,ALLOC,,0,144989,144989,145143,154,0,0
2675,SPILL_IN,MTE2,182,144961,145143,144961,0,1,1
394,MOVE,MTE1,30,145143,145173,145143,0,1,1
1940,FREE,,0,145173,145173,145173,0,1,1
370,ALLOC,,0,144989,144989,145327,338,0,0
395,CONV,CUBE,28,145173,145201,145327,154,0,0
1948,FREE,,0,145201,145201,145355,154,0,0
396,ALLOC,,0,145201,145201,145355,154,0,0
2673,SPILL_IN,MTE2,182,145173,145355,145173,0,1,1
397,MOVE,MTE1,30,145355,145385,145355,0,1,1
1941,FREE,,0,145385,145385,145385,0,1,1
369,ALLOC,,0,136825,136825,145539,8714,0,0
398,CONV,CUBE,28,145385,145413,145539,154,0,0
1933,FREE,,0,145413,145413,145751,338,0,0
1949,FREE,,0,145413,145413,145567,154,0,0
399,ALLOC,,0,145413,145413,145567,154,0,0
2671,SPILL_IN,MTE2,182,145385,145567,145385,0,1,1
400,MOVE,MTE1,30,145567,145597,145567,0,1,1
1942,FREE,,0,145597,145597,145597,0,1,1
372,ALLOC,,0,145413,145413,145751,338,0,0
401,CONV,CUBE,28,145597,145625,145751,154,0,0
1950,FREE,,0,145625,145625,145779,154,0,0
402,ALLOC,,0,145625,145625,145779,154,0,0
2669,SPILL_IN,MTE2,182,145597,145779,145597,0,1,1
403,MOVE,MTE1,30,145779,145809,145779,0,1,1
1943,FREE,,0,145809,145809,145809,0,1,1
371,ALLOC,,0,136825,136825,145963,9138,0,0
404,CONV,CUBE,28,145809,145837,145963,154,0,0
1935,FREE,,0,145837,145837,146175,338,0,0
1951,FREE,,0,145837,145837,145991,154,0,0
405,ALLOC,,0,145837,145837,145991,154,0,0
2667,SPILL_IN,MTE2,182,145809,145991,145809,0,1,1
406,MOVE,MTE1,30,145991,146021,145991,0,1,1
1944,FREE,,0,146021,146021,146021,0,1,1
374,ALLOC,,0,145837,145837,146175,338,0,0
407,CONV,CUBE,28,146021,146049,146175,154,0,0
1952,FREE,,0,146049,146049,146203,154,0,0
408,ALLOC,,0,146049,146049,146203,154,0,0
2665,SPILL_IN,MTE2,182,146021,146203,146021,0,1,1
409,MOVE,MTE1,30,146203,146233,146203,0,1,1
1945,FREE,,0,146233,146233,146233,0,1,1
373,ALLOC,,0,135233,135233,146387,11154,0,0
410,CONV,CUBE,28,146233,146261,146387,154,0,0
1937,FREE,,0,146261,146261,146599,338,0,0
1953,FREE,,0,146261,146261,146415,154,0,0
411,ALLOC,,0,146261,146261,146415,154,0,0
2663,SPILL_IN,MTE2,182,146233,146415,146233,0,1,1
412,MOVE,MTE1,30,146415,146445,146415,0,1,1
1946,FREE,,0,146445,146445,146445,0,1,1
376,ALLOC,,0,146261,146261,146599,338,0,0
413,CONV,CUBE,28,146445,146473,146599,154,0,0
1954,FREE,,0,146473,146473,146627,154,0,0
414,ALLOC,,0,146473,146473,146627,154,0,0
2661,SPILL_IN,MTE2,182,146445,146627,146445,0,1,1
415,MOVE,MTE1,30,146627,146657,146627,0,1,1
1947,FREE,,0,146657,146657,146657,0,1,1
375,ALLOC,,0,0,0,146811,146811,0,0
416,CONV,CUBE,28,146657,146685,146811,154,0,0
1939,FREE,,0,146685,146685,147023,338,0,0
1955,FREE,,0,146685,146685,146839,154,0,0
441,ALLOC,,0,146685,146685,146839,154,0,0
2659,SPILL_IN,MTE2,182,146657,146839,146657,0,1,1
442,MOVE,MTE1,30,146839,146869,146839,0,1,1
1964,FREE,,0,146869,146869,146869,0,1,1
418,ALLOC,,0,146685,146685,147023,338,0,0
443,CONV,CUBE,28,146869,146897,147023,154,0,0
1972,FREE,,0,146897,146897,147051,154,0,0
444,ALLOC,,0,146897,146897,147051,154,0,0
2657,SPILL_IN,MTE2,182,146869,147051,146869,0,1,1
445,MOVE,MTE1,30,147051,147081,147051,0,1,1
1965,FREE,,0,147081,147081,147081,0,1,1
417,ALLOC,,0,0,0,147235,147235,0,0
446,CONV,CUBE,28,147081,147109,147235,154,0,0
1957,FREE,,0,147109,147109,147447,338,0,0
1973,FREE,,0,147109,147109,147263,154,0,0
447,ALLOC,,0,147109,147109,147263,154,0,0
2655,SPILL_IN,MTE2,182,147081,147263,147081,0,1,1
448,MOVE,MTE1,30,147263,147293,147263,0,1,1
1966,FREE,,0,147293,147293,147293,0,1,1
420,ALLOC,,0,147109,147109,147447,338,0,0
449,CONV,CUBE,28,147293,147321,147447,154,0,0
1974,FREE,,0,147321,147321,147475,154,0,0
450,ALLOC,,0,147321,147321,147475,154,0,0
2653,SPILL_IN,MTE2,182,147293,147475,147293,0,1,1
451,MOVE,MTE1,30,147475,147505,147475,0,1,1
1967,FREE,,0,147505,147505,147505,0,1,1
419,ALLOC,,0,147505,147505,147659,154,0,0
452,CONV,CUBE,28,147505,147533,147659,154,0,0
1959,FREE,,0,147533,147533,147871,338,0,0
1975,FREE,,0,147533,147533,147687,154,0,0
453,ALLOC,,0,147533,147533,147687,154,0,0
2651,SPILL_IN,MTE2,182,147505,147687,147505,0,1,1
454,MOVE,MTE1,30,147687,147717,147687,0,1,1
1968,FREE,,0,147717,147717,147717,0,1,1
422,ALLOC,,0,147533,147533,147871,338,0,0
455,CONV,CUBE,28,147717,147745,147871,154,0,0
1976,FREE,,0,147745,147745,147899,154,0,0
456,ALLOC,,0,147745,147745,147899,154,0,0
2649,SPILL_IN,MTE2,182,147717,147899,147717,0,1,1
457,MOVE,MTE1,30,147899,147929,147899,0,1,1
1969,FREE,,0,147929,147929,147929,0,1,1
421,ALLOC,,0,147929,147929,148083,154,0,0
458,CONV,CUBE,28,147929,147957,148083,154,0,0
1961,FREE,,0,147957,147957,148295,338,0,0
1977,FREE,,0,147957,147957,148111,154,0,0
459,ALLOC,,0,147957,147957,148111,154,0,0
2647,SPILL_IN,MTE2,182,147929,148111,147929,0,1,1
460,MOVE,MTE1,30,148111,148141,148111,0,1,1
1970,FREE,,0,148141,148141,148141,0,1,1
424,ALLOC,,0,147957,147957,148295,338,0,0
461,CONV,CUBE,28,148141,148169,148295,154,0,0
1878,FREE,,0,148169,148169,185865,37696,0,0
1978,FREE,,0,148169,148169,148323,154,0,0
462,ALLOC,,0,148169,148169,148323,154,0,0
2645,SPILL_IN,MTE2,182,148141,148323,148141,0,1,1
463,MOVE,MTE1,30,148323,148353,148323,0,1,1
1971,FREE,,0,148353,148353,148353,0,1,1
423,ALLOC,,0,148353,148353,148763,410,0,0
464,CONV,CUBE,28,148353,148381,148763,410,0,0
1963,FREE,,0,148381,148381,185865,37484,0,0
1880,FREE,,0,148381,148381,185865,37484,0,0
1979,FREE,,0,148381,148381,148791,410,0,0
489,ALLOC,,0,148381,148381,148791,410,0,0
2719,SPILL_IN,MTE2,438,148353,148791,148353,0,1,1
490,MOVE,MTE1,63,148791,148854,148791,0,1,1
1988,FREE,,0,148854,148854,148908,54,0,0
466,ALLOC,,0,138677,138677,148854,10177,0,0
491,CONV,CUBE,492,148854,149346,148854,0,1,1
1996,FREE,,0,149346,149346,149346,0,1,1
492,ALLOC,,0,149346,149346,149346,0,1,1
2721,SPILL_IN,MTE2,438,148854,149292,148908,54,0,0
493,MOVE,MTE1,63,149346,149409,149346,0,1,1
1989,FREE,,0,149409,149409,149409,0,1,1
465,ALLOC,,0,149409,149409,149409,0,1,1
494,CONV,CUBE,513,149409,149922,149409,0,1,1
1981,FREE,,0,149922,149922,149922,0,1,1
1997,FREE,,0,149922,149922,150360,438,0,0
495,ALLOC,,0,149922,149922,150360,438,0,0
2723,SPILL_IN,MTE2,438,149922,150360,149922,0,1,1
496,MOVE,MTE1,63,150360,150423,150360,0,1,1
1990,FREE,,0,150423,150423,150423,0,1,1
468,ALLOC,,0,150423,150423,150423,0,1,1
497,CONV,CUBE,492,150423,150915,150423,0,1,1
1998,FREE,,0,150915,150915,150915,0,1,1
498,ALLOC,,0,150915,150915,150915,0,1,1
2725,SPILL_IN,MTE2,438,150360,150798,150477,117,0,0
499,MOVE,MTE1,63,150915,150978,150915,0,1,1
1991,FREE,,0,150978,150978,152046,1068,0,0
467,ALLOC,,0,149409,149409,150978,1569,0,0
500,CONV,CUBE,513,150978,151491,150978,0,1,1
1983,FREE,,0,151491,151491,151491,0,1,1
1999,FREE,,0,151491,151491,151929,438,0,0
501,ALLOC,,0,151491,151491,151929,438,0,0
2727,SPILL_IN,MTE2,438,151491,151929,151491,0,1,1
502,MOVE,MTE1,63,151929,151992,151929,0,1,1
1992,FREE,,0,151992,151992,151992,0,1,1
470,ALLOC,,0,151992,151992,151992,0,1,1
503,CONV,CUBE,492,151992,152484,151992,0,1,1
2000,FREE,,0,152484,152484,152484,0,1,1
504,ALLOC,,0,152484,152484,152484,0,1,1
2729,SPILL_IN,MTE2,438,151929,152367,152046,117,0,0
505,MOVE,MTE1,63,152484,152547,152484,0,1,1
1993,FREE,,0,152547,152547,152547,0,1,1
469,ALLOC,,0,152547,152547,152547,0,1,1
506,CONV,CUBE,513,152547,153060,152547,0,1,1
1985,FREE,,0,153060,153060,153060,0,1,1
2001,FREE,,0,153060,153060,153498,438,0,0
507,ALLOC,,0,153060,153060,153498,438,0,0
2731,SPILL_IN,MTE2,438,153060,153498,153060,0,1,1
508,MOVE,MTE1,63,153498,153561,153498,0,1,1
1994,FREE,,0,153561,153561,153561,0,1,1
472,ALLOC,,0,153561,153561,153561,0,1,1
509,CONV,CUBE,492,153561,154053,153561,0,1,1
2002,FREE,,0,154053,154053,154053,0,1,1
510,ALLOC,,0,154053,154053,154053,0,1,1
2733,SPILL_IN,MTE2,438,153498,153936,153615,117,0,0
511,MOVE,MTE1,63,154053,154116,154053,0,1,1
1995,FREE,,0,154116,154116,154116,0,1,1
471,ALLOC,,0,154116,154116,154116,0,1,1
512,CONV,CUBE,513,154116,154629,154116,0,1,1
1987,FREE,,0,154629,154629,154629,0,1,1
2003,FREE,,0,154629,154629,155067,438,0,0
553,ALLOC,,0,154629,154629,155067,438,0,0
2735,SPILL_IN,MTE2,438,154629,155067,154629,0,1,1
554,MOVE,MTE1,63,155067,155130,155067,0,1,1
2012,FREE,,0,155130,155130,155130,0,1,1
514,ALLOC,,0,155130,155130,155130,0,1,1
555,CONV,CUBE,481,155130,155611,155130,0,1,1
2028,FREE,,0,155611,155611,155611,0,1,1
556,ALLOC,,0,155611,155611,155611,0,1,1
2737,SPILL_IN,MTE2,438,155067,155505,155173,106,0,0
557,MOVE,MTE1,63,155611,155674,155611,0,1,1
2013,FREE,,0,155674,155674,155726,52,0,0
558,CONV,CUBE,490,155674,156164,155674,0,1,1
2029,FREE,,0,156164,156164,156164,0,1,1
559,ALLOC,,0,156164,156164,156164,0,1,1
2739,SPILL_IN,MTE2,438,155674,156112,155726,52,0,0
560,MOVE,MTE1,63,156164,156227,156164,0,1,1
2014,FREE,,0,156227,156227,156279,52,0,0
561,CONV,CUBE,490,156227,156717,156227,0,1,1
2030,FREE,,0,156717,156717,156717,0,1,1
562,ALLOC,,0,156717,156717,156717,0,1,1
2741,SPILL_IN,MTE2,438,156227,156665,156279,52,0,0
563,MOVE,MTE1,63,156717,156780,156717,0,1,1
2015,FREE,,0,156780,156780,156780,0,1,1
513,ALLOC,,0,156780,156780,156780,0,1,1
564,CONV,CUBE,482,156780,157262,156780,0,1,1
2005,FREE,,0,157262,157262,157262,0,1,1
2031,FREE,,0,157262,157262,157700,438,0,0
565,ALLOC,,0,157262,157262,157700,438,0,0
2743,SPILL_IN,MTE2,438,157262,157700,157262,0,1,1
566,MOVE,MTE1,63,157700,157763,157700,0,1,1
2016,FREE,,0,157763,157763,157763,0,1,1
516,ALLOC,,0,157763,157763,157763,0,1,1
567,CONV,CUBE,481,157763,158244,157763,0,1,1
2032,FREE,,0,158244,158244,158244,0,1,1
568,ALLOC,,0,158244,158244,158244,0,1,1
2745,SPILL_IN,MTE2,438,157700,158138,157806,106,0,0
569,MOVE,MTE1,63,158244,158307,158244,0,1,1
2017,FREE,,0,158307,158307,158359,52,0,0
570,CONV,CUBE,490,158307,158797,158307,0,1,1
2033,FREE,,0,158797,158797,158797,0,1,1
571,ALLOC,,0,158797,158797,158797,0,1,1
2747,SPILL_IN,MTE2,438,158307,158745,158359,52,0,0
572,MOVE,MTE1,63,158797,158860,158797,0,1,1
2018,FREE,,0,158860,158860,158912,52,0,0
573,CONV,CUBE,490,158860,159350,158860,0,1,1
2034,FREE,,0,159350,159350,159350,0,1,1
574,ALLOC,,0,159350,159350,159350,0,1,1
2749,SPILL_IN,MTE2,438,158860,159298,158912,52,0,0
575,MOVE,MTE1,63,159350,159413,159350,0,1,1
2019,FREE,,0,159413,159413,159413,0,1,1
515,ALLOC,,0,159413,159413,159413,0,1,1
576,CONV,CUBE,482,159413,159895,159413,0,1,1
2007,FREE,,0,159895,159895,159895,0,1,1
2035,FREE,,0,159895,159895,160333,438,0,0
577,ALLOC,,0,159895,159895,160333,438,0,0
2751,SPILL_IN,MTE2,438,159895,160333,159895,0,1,1
578,MOVE,MTE1,63,160333,160396,160333,0,1,1
2020,FREE,,0,160396,160396,160396,0,1,1
518,ALLOC,,0,160396,160396,160396,0,1,1
579,CONV,CUBE,481,160396,160877,160396,0,1,1
2036,FREE,,0,160877,160877,160877,0,1,1
580,ALLOC,,0,160877,160877,160877,0,1,1
2753,SPILL_IN,MTE2,438,160333,160771,160439,106,0,0
581,MOVE,MTE1,63,160877,160940,160877,0,1,1
2021,FREE,,0,160940,160940,160992,52,0,0
582,CONV,CUBE,490,160940,161430,160940,0,1,1
2037,FREE,,0,161430,161430,161430,0,1,1
583,ALLOC,,0,161430,161430,161430,0,1,1
2755,SPILL_IN,MTE2,438,160940,161378,160992,52,0,0
584,MOVE,MTE1,63,161430,161493,161430,0,1,1
2022,FREE,,0,161493,161493,161545,52,0,0
585,CONV,CUBE,490,161493,161983,161493,0,1,1
2038,FREE,,0,161983,161983,161983,0,1,1
586,ALLOC,,0,161983,161983,161983,0,1,1
2757,SPILL_IN,MTE2,438,161493,161931,161545,52,0,0
587,MOVE,MTE1,63,161983,162046,161983,0,1,1
2023,FREE,,0,162046,162046,162046,0,1,1
517,ALLOC,,0,162046,162046,162046,0,1,1
588,CONV,CUBE,482,162046,162528,162046,0,1,1
2009,FREE,,0,162528,162528,162528,0,1,1
2039,FREE,,0,162528,162528,162966,438,0,0
589,ALLOC,,0,162528,162528,162966,438,0,0
2759,SPILL_IN,MTE2,438,162528,162966,162528,0,1,1
590,MOVE,MTE1,63,162966,163029,162966,0,1,1
2024,FREE,,0,163029,163029,163029,0,1,1
520,ALLOC,,0,163029,163029,163029,0,1,1
591,CONV,CUBE,481,163029,163510,163029,0,1,1
1980,FREE,,0,163510,163510,164063,553,0,0
2040,FREE,,0,163510,163510,163510,0,1,1
592,ALLOC,,0,163510,163510,163510,0,1,1
2761,SPILL_IN,MTE2,438,162966,163404,163072,106,0,0
593,MOVE,MTE1,63,163510,163573,163510,0,1,1
2025,FREE,,0,163573,163573,184127,20554,0,0
594,CONV,CUBE,490,163573,164063,163573,0,1,1
1982,FREE,,0,164063,164063,164063,0,1,1
2041,FREE,,0,164063,164063,164501,438,0,0
595,ALLOC,,0,164063,164063,164501,438,0,0
2763,SPILL_IN,MTE2,438,164063,164501,164063,0,1,1
596,MOVE,MTE1,63,164501,164564,164501,0,1,1
2026,FREE,,0,164564,164564,164616,52,0,0
597,CONV,CUBE,490,164564,165054,164564,0,1,1
1984,FREE,,0,165054,165054,165117,63,0,0
2042,FREE,,0,165054,165054,165054,0,1,1
598,ALLOC,,0,165054,165054,165054,0,1,1
2765,SPILL_IN,MTE2,438,164564,165002,164616,52,0,0
599,MOVE,MTE1,63,165054,165117,165054,0,1,1
2027,FREE,,0,165117,165117,165161,44,0,0
519,ALLOC,,0,165054,165054,165117,63,0,0
600,CONV,CUBE,482,165117,165599,165117,0,1,1
2011,FREE,,0,165599,165599,171110,5511,0,0
1986,FREE,,0,165599,165599,165955,356,0,0
2043,FREE,,0,165599,165599,165599,0,1,1
641,ALLOC,,0,165599,165599,165599,0,1,1
2767,SPILL_IN,MTE2,438,165117,165555,165161,44,0,0
642,MOVE,MTE1,63,165599,165662,165599,0,1,1
2052,FREE,,0,165662,165662,165662,0,1,1
602,ALLOC,,0,165599,165599,165955,356,0,0
643,CONV,CUBE,145,165662,165807,165955,293,0,0
2068,FREE,,0,165807,165807,166100,293,0,0
644,ALLOC,,0,165807,165807,166100,293,0,0
2769,SPILL_IN,MTE2,438,165662,166100,165662,0,1,1
645,MOVE,MTE1,63,166100,166163,166100,0,1,1
2053,FREE,,0,166163,166163,166163,0,1,1
646,CONV,CUBE,146,166163,166309,166455,292,0,0
2069,FREE,,0,166309,166309,166601,292,0,0
647,ALLOC,,0,166309,166309,166601,292,0,0
2771,SPILL_IN,MTE2,438,166163,166601,166163,0,1,1
648,MOVE,MTE1,63,166601,166664,166601,0,1,1
2054,FREE,,0,166664,166664,166664,0,1,1
649,CONV,CUBE,146,166664,166810,166956,292,0,0
2070,FREE,,0,166810,166810,167102,292,0,0
650,ALLOC,,0,166810,166810,167102,292,0,0
2773,SPILL_IN,MTE2,438,166664,167102,166664,0,1,1
651,MOVE,MTE1,63,167102,167165,167102,0,1,1
2055,FREE,,0,167165,167165,167165,0,1,1
601,ALLOC,,0,167165,167165,167458,293,0,0
652,CONV,CUBE,145,167165,167310,167458,293,0,0
2045,FREE,,0,167310,167310,167959,649,0,0
2071,FREE,,0,167310,167310,167603,293,0,0
653,ALLOC,,0,167310,167310,167603,293,0,0
2775,SPILL_IN,MTE2,438,167165,167603,167165,0,1,1
654,MOVE,MTE1,63,167603,167666,167603,0,1,1
2056,FREE,,0,167666,167666,167666,0,1,1
604,ALLOC,,0,167310,167310,167959,649,0,0
655,CONV,CUBE,145,167666,167811,167959,293,0,0
2072,FREE,,0,167811,167811,168104,293,0,0
656,ALLOC,,0,167811,167811,168104,293,0,0
2777,SPILL_IN,MTE2,438,167666,168104,167666,0,1,1
657,MOVE,MTE1,63,168104,168167,168104,0,1,1
2057,FREE,,0,168167,168167,168167,0,1,1
658,CONV,CUBE,146,168167,168313,168459,292,0,0
2073,FREE,,0,168313,168313,168605,292,0,0
659,ALLOC,,0,168313,168313,168605,292,0,0
2779,SPILL_IN,MTE2,438,168167,168605,168167,0,1,1
660,MOVE,MTE1,63,168605,168668,168605,0,1,1
2058,FREE,,0,168668,168668,168668,0,1,1
661,CONV,CUBE,146,168668,168814,168960,292,0,0
2074,FREE,,0,168814,168814,169106,292,0,0
662,ALLOC,,0,168814,168814,169106,292,0,0
2781,SPILL_IN,MTE2,438,168668,169106,168668,0,1,1
663,MOVE,MTE1,63,169106,169169,169106,0,1,1
2059,FREE,,0,169169,169169,169169,0,1,1
603,ALLOC,,0,169169,169169,169462,293,0,0
664,CONV,CUBE,145,169169,169314,169462,293,0,0
2047,FREE,,0,169314,169314,169963,649,0,0
2075,FREE,,0,169314,169314,169607,293,0,0
665,ALLOC,,0,169314,169314,169607,293,0,0
2783,SPILL_IN,MTE2,438,169169,169607,169169,0,1,1
666,MOVE,MTE1,63,169607,169670,169607,0,1,1
2060,FREE,,0,169670,169670,169670,0,1,1
606,ALLOC,,0,169314,169314,169963,649,0,0
667,CONV,CUBE,145,169670,169815,169963,293,0,0
2076,FREE,,0,169815,169815,170108,293,0,0
668,ALLOC,,0,169815,169815,170108,293,0,0
2785,SPILL_IN,MTE2,438,169670,170108,169670,0,1,1
669,MOVE,MTE1,63,170108,170171,170108,0,1,1
2061,FREE,,0,170171,170171,170171,0,1,1
670,CONV,CUBE,146,170171,170317,170463,292,0,0
2077,FREE,,0,170317,170317,170609,292,0,0
671,ALLOC,,0,170317,170317,170609,292,0,0
2787,SPILL_IN,MTE2,438,170171,170609,170171,0,1,1
672,MOVE,MTE1,63,170609,170672,170609,0,1,1
2062,FREE,,0,170672,170672,170672,0,1,1
673,CONV,CUBE,146,170672,170818,171194,522,0,0
2078,FREE,,0,170818,170818,171340,522,0,0
674,ALLOC,,0,170818,170818,171340,522,0,0
2789,SPILL_IN,MTE2,438,170672,171110,170672,0,1,1
675,MOVE,MTE1,63,171110,171173,171340,230,0,0
2063,FREE,,0,171173,171173,171403,230,0,0
605,ALLOC,,0,171173,171173,171403,230,0,0
676,CONV,CUBE,145,171173,171318,171403,230,0,0
2049,FREE,,0,171318,171318,171904,586,0,0
2079,FREE,,0,171318,171318,171548,230,0,0
677,ALLOC,,0,171318,171318,171548,230,0,0
2791,SPILL_IN,MTE2,438,171110,171548,171110,0,1,1
678,MOVE,MTE1,63,171548,171611,171548,0,1,1
2064,FREE,,0,171611,171611,171611,0,1,1
608,ALLOC,,0,171318,171318,171904,586,0,0
679,CONV,CUBE,145,171611,171756,171904,293,0,0
2080,FREE,,0,171756,171756,172049,293,0,0
680,ALLOC,,0,171756,171756,172049,293,0,0
2793,SPILL_IN,MTE2,438,171611,172049,171611,0,1,1
681,MOVE,MTE1,63,172049,172112,172049,0,1,1
2065,FREE,,0,172112,172112,172112,0,1,1
682,CONV,CUBE,146,172112,172258,172404,292,0,0
2081,FREE,,0,172258,172258,172550,292,0,0
683,ALLOC,,0,172258,172258,172550,292,0,0
2795,SPILL_IN,MTE2,438,172112,172550,172112,0,1,1
684,MOVE,MTE1,63,172550,172613,172550,0,1,1
2066,FREE,,0,172613,172613,172613,0,1,1
685,CONV,CUBE,146,172613,172759,172905,292,0,0
2082,FREE,,0,172759,172759,173051,292,0,0
686,ALLOC,,0,172759,172759,173051,292,0,0
2797,SPILL_IN,MTE2,438,172613,173051,172613,0,1,1
687,MOVE,MTE1,63,173051,173114,173051,0,1,1
2067,FREE,,0,173114,173114,173114,0,1,1
607,ALLOC,,0,171173,171173,173407,2234,0,0
688,CONV,CUBE,145,173114,173259,173407,293,0,0
2051,FREE,,0,173259,173259,173901,642,0,0
2083,FREE,,0,173259,173259,173552,293,0,0
729,ALLOC,,0,173259,173259,173552,293,0,0
2799,SPILL_IN,MTE2,438,173114,173552,173114,0,1,1
730,MOVE,MTE1,63,173552,173615,173552,0,1,1
2092,FREE,,0,173615,173615,173615,0,1,1
690,ALLOC,,0,173259,173259,173901,642,0,0
731,CONV,CUBE,152,173615,173767,173901,286,0,0
2108,FREE,,0,173767,173767,174053,286,0,0
732,ALLOC,,0,173767,173767,174053,286,0,0
2801,SPILL_IN,MTE2,438,173615,174053,173615,0,1,1
733,MOVE,MTE1,63,174053,174116,174053,0,1,1
2093,FREE,,0,174116,174116,174116,0,1,1
734,CONV,CUBE,159,174116,174275,174395,279,0,0
2109,FREE,,0,174275,174275,174554,279,0,0
735,ALLOC,,0,174275,174275,174554,279,0,0
2803,SPILL_IN,MTE2,438,174116,174554,174116,0,1,1
736,MOVE,MTE1,63,174554,174617,174554,0,1,1
2094,FREE,,0,174617,174617,174617,0,1,1
737,CONV,CUBE,159,174617,174776,174896,279,0,0
2110,FREE,,0,174776,174776,175055,279,0,0
738,ALLOC,,0,174776,174776,175055,279,0,0
2805,SPILL_IN,MTE2,438,174617,175055,174617,0,1,1
739,MOVE,MTE1,63,175055,175118,175055,0,1,1
2095,FREE,,0,175118,175118,175118,0,1,1
689,ALLOC,,0,171173,171173,175362,4189,0,0
740,CONV_ADD,CUBE,194,175118,175312,175362,244,0,0
2085,FREE,,0,175312,175312,175905,593,0,0
1908,FREE,,0,175312,175312,185865,10553,0,0
2111,FREE,,0,175312,175312,175556,244,0,0
741,ALLOC,,0,175312,175312,175556,244,0,0
2807,SPILL_IN,MTE2,438,175118,175556,175118,0,1,1
742,MOVE,MTE1,63,175556,175619,175556,0,1,1
2096,FREE,,0,175619,175619,175619,0,1,1
692,ALLOC,,0,175312,175312,175905,593,0,0
743,CONV,CUBE,152,175619,175771,175905,286,0,0
2112,FREE,,0,175771,175771,176057,286,0,0
744,ALLOC,,0,175771,175771,176057,286,0,0
2809,SPILL_IN,MTE2,438,175619,176057,175619,0,1,1
745,MOVE,MTE1,63,176057,176120,176057,0,1,1
2097,FREE,,0,176120,176120,176120,0,1,1
746,CONV,CUBE,159,176120,176279,176399,279,0,0
2113,FREE,,0,176279,176279,176558,279,0,0
747,ALLOC,,0,176279,176279,176558,279,0,0
2811,SPILL_IN,MTE2,438,176120,176558,176120,0,1,1
748,MOVE,MTE1,63,176558,176621,176558,0,1,1
2098,FREE,,0,176621,176621,176621,0,1,1
749,CONV,CUBE,159,176621,176780,176900,279,0,0
2114,FREE,,0,176780,176780,177059,279,0,0
750,ALLOC,,0,176780,176780,177059,279,0,0
2813,SPILL_IN,MTE2,438,176621,177059,176621,0,1,1
751,MOVE,MTE1,63,177059,177122,177059,0,1,1
2099,FREE,,0,177122,177122,177122,0,1,1
691,ALLOC,,0,171173,171173,177366,6193,0,0
752,CONV_ADD,CUBE,194,177122,177316,177366,244,0,0
2087,FREE,,0,177316,177316,177909,593,0,0
1910,FREE,,0,177316,177316,784914,607598,0,0
2115,FREE,,0,177316,177316,177560,244,0,0
753,ALLOC,,0,177316,177316,177560,244,0,0
2815,SPILL_IN,MTE2,438,177122,177560,177122,0,1,1
754,MOVE,MTE1,63,177560,177623,177560,0,1,1
2100,FREE,,0,177623,177623,177623,0,1,1
694,ALLOC,,0,177316,177316,177909,593,0,0
755,CONV,CUBE,152,177623,177775,177909,286,0,0
2116,FREE,,0,177775,177775,178061,286,0,0
756,ALLOC,,0,177775,177775,178061,286,0,0
2817,SPILL_IN,MTE2,438,177623,178061,177623,0,1,1
757,MOVE,MTE1,63,178061,178124,178061,0,1,1
2101,FREE,,0,178124,178124,178124,0,1,1
758,CONV,CUBE,159,178124,178283,178403,279,0,0
2117,FREE,,0,178283,178283,178562,279,0,0
759,ALLOC,,0,178283,178283,178562,279,0,0
2819,SPILL_IN,MTE2,438,178124,178562,178124,0,1,1
760,MOVE,MTE1,63,178562,178625,178562,0,1,1
2102,FREE,,0,178625,178625,178625,0,1,1
761,CONV,CUBE,159,178625,178784,178904,279,0,0
2118,FREE,,0,178784,178784,179063,279,0,0
762,ALLOC,,0,178784,178784,179063,279,0,0
2821,SPILL_IN,MTE2,438,178625,179063,178625,0,1,1
763,MOVE,MTE1,63,179063,179126,179063,0,1,1
2103,FREE,,0,179126,179126,179126,0,1,1
693,ALLOC,,0,179126,179126,179370,244,0,0
764,CONV_ADD,CUBE,194,179126,179320,179370,244,0,0
2089,FREE,,0,179320,179320,179913,593,0,0
1912,FREE,,0,179320,179320,784914,605594,0,0
2119,FREE,,0,179320,179320,179564,244,0,0
765,ALLOC,,0,179320,179320,179564,244,0,0
2823,SPILL_IN,MTE2,438,179126,179564,179126,0,1,1
766,MOVE,MTE1,63,179564,179627,179564,0,1,1
2104,FREE,,0,179627,179627,179627,0,1,1
696,ALLOC,,0,179320,179320,179913,593,0,0
767,CONV,CUBE,152,179627,179779,179913,286,0,0
2044,FREE,,0,179779,179779,181130,1351,0,0
2120,FREE,,0,179779,179779,180065,286,0,0
768,ALLOC,,0,179779,179779,180065,286,0,0
2825,SPILL_IN,MTE2,438,179627,180065,179627,0,1,1
769,MOVE,MTE1,63,180065,180128,180065,0,1,1
2105,FREE,,0,180128,180128,180128,0,1,1
770,CONV,CUBE,159,180128,180287,180407,279,0,0
2046,FREE,,0,180287,180287,181130,843,0,0
2121,FREE,,0,180287,180287,180566,279,0,0
771,ALLOC,,0,180287,180287,180566,279,0,0
2827,SPILL_IN,MTE2,438,180128,180566,180128,0,1,1
772,MOVE,MTE1,63,180566,180629,180566,0,1,1
2106,FREE,,0,180629,180629,180629,0,1,1
773,CONV,CUBE,159,180629,180788,180908,279,0,0
2048,FREE,,0,180788,180788,181892,1104,0,0
2122,FREE,,0,180788,180788,181067,279,0,0
774,ALLOC,,0,180788,180788,181067,279,0,0
2829,SPILL_IN,MTE2,438,180629,181067,180629,0,1,1
775,MOVE,MTE1,63,181067,181130,181067,0,1,1
2107,FREE,,0,181130,181130,181923,793,0,0
695,ALLOC,,0,180287,180287,181130,843,0,0
776,CONV_ADD,CUBE,194,181130,181324,181130,0,1,1
2091,FREE,,0,181324,181324,181324,0,1,1
2050,FREE,,0,181324,181324,181892,568,0,0
1914,FREE,,0,181324,181324,784914,603590,0,0
2123,FREE,,0,181324,181324,181602,278,0,0
780,ALLOC,,0,181324,181324,181602,278,0,0
2643,SPILL_IN,MTE2,278,181324,181602,181324,0,1,1
781,MOVE,MTE1,43,181602,181645,181602,0,1,1
2125,FREE,,0,181645,181645,181645,0,1,1
777,ALLOC,,0,181324,181324,181892,568,0,0
782,CONV,CUBE,133,181645,181778,181892,247,0,0
2126,FREE,,0,181778,181778,182025,247,0,0
786,ALLOC,,0,181778,181778,182025,247,0,0
2641,SPILL_IN,MTE2,278,181645,181923,181645,0,1,1
787,MOVE,MTE1,43,181923,181966,182025,102,0,0
2128,FREE,,0,181966,181966,182068,102,0,0
783,ALLOC,,0,181966,181966,182068,102,0,0
788,CONV,CUBE,133,181966,182099,182068,102,0,0
2129,FREE,,0,182099,182099,182201,102,0,0
792,ALLOC,,0,182099,182099,182201,102,0,0
2639,SPILL_IN,MTE2,278,181923,182201,181923,0,1,1
793,MOVE,MTE1,43,182201,182244,182201,0,1,1
2131,FREE,,0,182244,182244,182244,0,1,1
789,ALLOC,,0,181966,181966,182389,423,0,0
794,CONV,CUBE,133,182244,182377,182389,145,0,0
2132,FREE,,0,182377,182377,182522,145,0,0
798,ALLOC,,0,182377,182377,182522,145,0,0
2637,SPILL_IN,MTE2,278,182244,182522,182244,0,1,1
799,MOVE,MTE1,43,182522,182565,182522,0,1,1
2134,FREE,,0,182565,182565,182565,0,1,1
795,ALLOC,,0,182565,182565,182710,145,0,0
800,CONV,CUBE,133,182565,182698,182710,145,0,0
2135,FREE,,0,182698,182698,182843,145,0,0
804,ALLOC,,0,182698,182698,182843,145,0,0
2635,SPILL_IN,MTE2,278,182565,182843,182565,0,1,1
805,MOVE,MTE1,43,182843,182886,182843,0,1,1
2137,FREE,,0,182886,182886,182886,0,1,1
801,ALLOC,,0,182886,182886,183031,145,0,0
806,CONV,CUBE,133,182886,183019,183031,145,0,0
2138,FREE,,0,183019,183019,183164,145,0,0
810,ALLOC,,0,183019,183019,183164,145,0,0
2633,SPILL_IN,MTE2,278,182886,183164,182886,0,1,1
811,MOVE,MTE1,43,183164,183207,183164,0,1,1
2140,FREE,,0,183207,183207,183207,0,1,1
807,ALLOC,,0,183207,183207,183352,145,0,0
812,CONV,CUBE,133,183207,183340,183352,145,0,0
2141,FREE,,0,183340,183340,183485,145,0,0
816,ALLOC,,0,183340,183340,183485,145,0,0
2631,SPILL_IN,MTE2,278,183207,183485,183207,0,1,1
817,MOVE,MTE1,43,183485,183528,183485,0,1,1
2143,FREE,,0,183528,183528,183528,0,1,1
813,ALLOC,,0,183528,183528,183673,145,0,0
818,CONV,CUBE,133,183528,183661,183673,145,0,0
2144,FREE,,0,183661,183661,183806,145,0,0
822,ALLOC,,0,183661,183661,183806,145,0,0
2629,SPILL_IN,MTE2,278,183528,183806,183528,0,1,1
823,MOVE,MTE1,43,183806,183849,183806,0,1,1
2146,FREE,,0,183849,183849,183849,0,1,1
819,ALLOC,,0,183849,183849,184096,247,0,0
824,CONV,CUBE,133,183849,183982,184096,247,0,0
2147,FREE,,0,183982,183982,184229,247,0,0
828,ALLOC,,0,183982,183982,184229,247,0,0
2627,SPILL_IN,MTE2,278,183849,184127,183849,0,1,1
829,MOVE,MTE1,43,184127,184170,184229,102,0,0
2149,FREE,,0,184170,184170,184272,102,0,0
825,ALLOC,,0,184170,184170,184272,102,0,0
830,CONV,CUBE,133,184170,184303,184272,102,0,0
2150,FREE,,0,184303,184303,184405,102,0,0
834,ALLOC,,0,184303,184303,184405,102,0,0
2625,SPILL_IN,MTE2,278,184127,184405,184127,0,1,1
835,MOVE,MTE1,43,184405,184448,184405,0,1,1
2152,FREE,,0,184448,184448,184448,0,1,1
831,ALLOC,,0,184170,184170,184593,423,0,0
836,CONV,CUBE,133,184448,184581,184593,145,0,0
2153,FREE,,0,184581,184581,184726,145,0,0
840,ALLOC,,0,184581,184581,184726,145,0,0
2623,SPILL_IN,MTE2,278,184448,184726,184448,0,1,1
841,MOVE,MTE1,43,184726,184769,184726,0,1,1
2155,FREE,,0,184769,184769,184769,0,1,1
837,ALLOC,,0,184769,184769,184914,145,0,0
842,CONV,CUBE,133,184769,184902,184914,145,0,0
2156,FREE,,0,184902,184902,185047,145,0,0
846,ALLOC,,0,184902,184902,185047,145,0,0
2621,SPILL_IN,MTE2,278,184769,185047,184769,0,1,1
847,MOVE,MTE1,43,185047,185090,185047,0,1,1
2158,FREE,,0,185090,185090,185090,0,1,1
843,ALLOC,,0,185090,185090,185235,145,0,0
848,CONV,CUBE,133,185090,185223,185235,145,0,0
2159,FREE,,0,185223,185223,185368,145,0,0
852,ALLOC,,0,185223,185223,185368,145,0,0
2619,SPILL_IN,MTE2,278,185090,185368,185090,0,1,1
853,MOVE,MTE1,43,185368,185411,185368,0,1,1
2161,FREE,,0,185411,185411,185411,0,1,1
849,ALLOC,,0,185411,185411,185556,145,0,0
854,CONV,CUBE,133,185411,185544,185556,145,0,0
2084,FREE,,0,185544,185544,185732,188,0,0
2162,FREE,,0,185544,185544,185689,145,0,0
858,ALLOC,,0,185544,185544,185689,145,0,0
2617,SPILL_IN,MTE2,278,185411,185689,185411,0,1,1
859,MOVE,MTE1,43,185689,185732,185689,0,1,1
2164,FREE,,0,185732,185732,186143,411,0,0
855,ALLOC,,0,185544,185544,185732,188,0,0
860,CONV,CUBE,133,185732,185865,185732,0,1,1
2086,FREE,,0,185865,185865,185865,0,1,1
2165,FREE,,0,185865,185865,186245,380,0,0
864,ALLOC,,0,185865,185865,186245,380,0,0
2615,SPILL_IN,MTE2,278,185865,186143,185865,0,1,1
865,MOVE,MTE1,43,186143,186186,186245,102,0,0
2167,FREE,,0,186186,186186,186288,102,0,0
861,ALLOC,,0,186186,186186,186288,102,0,0
866,CONV,CUBE,133,186186,186319,186288,102,0,0
2088,FREE,,0,186319,186319,186769,450,0,0
2168,FREE,,0,186319,186319,186421,102,0,0
870,ALLOC,,0,186319,186319,186421,102,0,0
2613,SPILL_IN,MTE2,278,186143,186421,186143,0,1,1
871,MOVE,MTE1,43,186421,186464,186421,0,1,1
2170,FREE,,0,186464,186464,186464,0,1,1
867,ALLOC,,0,186319,186319,186769,450,0,0
872,CONV,CUBE,133,186464,186597,186769,305,0,0
2090,FREE,,0,186597,186597,285446,98849,0,0
2171,FREE,,0,186597,186597,186902,305,0,0
925,ALLOC,,0,186597,186597,186902,305,0,0
2831,SPILL_IN,MTE2,438,186464,186902,186464,0,1,1
926,MOVE,MTE1,63,186902,186965,186902,0,1,1
2188,FREE,,0,186965,186965,186965,0,1,1
886,ALLOC,,0,186965,186965,186965,0,1,1
927,CONV,CUBE,481,186965,187446,186965,0,1,1
2204,FREE,,0,187446,187446,187446,0,1,1
928,ALLOC,,0,187446,187446,187446,0,1,1
2833,SPILL_IN,MTE2,438,186902,187340,187008,106,0,0
929,MOVE,MTE1,63,187446,187509,187446,0,1,1
2189,FREE,,0,187509,187509,187561,52,0,0
930,CONV,CUBE,490,187509,187999,187509,0,1,1
2205,FREE,,0,187999,187999,187999,0,1,1
931,ALLOC,,0,187999,187999,187999,0,1,1
2835,SPILL_IN,MTE2,438,187509,187947,187561,52,0,0
932,MOVE,MTE1,63,187999,188062,187999,0,1,1
2190,FREE,,0,188062,188062,188114,52,0,0
933,CONV,CUBE,490,188062,188552,188062,0,1,1
2206,FREE,,0,188552,188552,188552,0,1,1
934,ALLOC,,0,188552,188552,188552,0,1,1
2837,SPILL_IN,MTE2,438,188062,188500,188114,52,0,0
935,MOVE,MTE1,63,188552,188615,188552,0,1,1
2191,FREE,,0,188615,188615,188615,0,1,1
937,ALLOC,,0,141827,141827,189053,47226,0,0
2839,SPILL_IN,MTE2,438,188615,189053,188615,0,1,1
938,MOVE,MTE1,63,189053,189116,189053,0,1,1
2192,FREE,,0,189116,189116,189116,0,1,1
888,ALLOC,,0,189116,189116,189116,0,1,1
939,CONV,CUBE,481,189116,189597,189116,0,1,1
2208,FREE,,0,189597,189597,189597,0,1,1
940,ALLOC,,0,189597,189597,189597,0,1,1
2841,SPILL_IN,MTE2,438,189053,189491,189159,106,0,0
941,MOVE,MTE1,63,189597,189660,189597,0,1,1
2193,FREE,,0,189660,189660,189712,52,0,0
942,CONV,CUBE,490,189660,190150,189660,0,1,1
2209,FREE,,0,190150,190150,190150,0,1,1
943,ALLOC,,0,190150,190150,190150,0,1,1
2843,SPILL_IN,MTE2,438,189660,190098,189712,52,0,0
944,MOVE,MTE1,63,190150,190213,190150,0,1,1
2194,FREE,,0,190213,190213,190265,52,0,0
945,CONV,CUBE,490,190213,190703,190213,0,1,1
2210,FREE,,0,190703,190703,190703,0,1,1
946,ALLOC,,0,190703,190703,190703,0,1,1
2845,SPILL_IN,MTE2,438,190213,190651,190265,52,0,0
947,MOVE,MTE1,63,190703,190766,190703,0,1,1
2195,FREE,,0,190766,190766,190766,0,1,1
949,ALLOC,,0,0,0,191204,191204,0,0
2847,SPILL_IN,MTE2,438,190766,191204,190766,0,1,1
950,MOVE,MTE1,63,191204,191267,191204,0,1,1
2196,FREE,,0,191267,191267,191267,0,1,1
890,ALLOC,,0,191267,191267,191267,0,1,1
951,CONV,CUBE,481,191267,191748,191267,0,1,1
2212,FREE,,0,191748,191748,191748,0,1,1
952,ALLOC,,0,191748,191748,191748,0,1,1
2849,SPILL_IN,MTE2,438,191204,191642,191310,106,0,0
953,MOVE,MTE1,63,191748,191811,191748,0,1,1
2197,FREE,,0,191811,191811,191863,52,0,0
954,CONV,CUBE,490,191811,192301,191811,0,1,1
2213,FREE,,0,192301,192301,192301,0,1,1
955,ALLOC,,0,192301,192301,192301,0,1,1
2851,SPILL_IN,MTE2,438,191811,192249,191863,52,0,0
956,MOVE,MTE1,63,192301,192364,192301,0,1,1
2198,FREE,,0,192364,192364,192416,52,0,0
957,CONV,CUBE,490,192364,192854,192364,0,1,1
2214,FREE,,0,192854,192854,192854,0,1,1
958,ALLOC,,0,192854,192854,192854,0,1,1
2853,SPILL_IN,MTE2,438,192364,192802,192416,52,0,0
959,MOVE,MTE1,63,192854,192917,192854,0,1,1
2199,FREE,,0,192917,192917,192917,0,1,1
3156,SPILL_OUT,MTE3,294,192917,193211,193061,144,0,0
961,ALLOC,,0,193211,193211,193355,144,0,0
2855,SPILL_IN,MTE2,438,192917,193355,192917,0,1,1
962,MOVE,MTE1,63,193355,193418,193355,0,1,1
2200,FREE,,0,193418,193418,193418,0,1,1
892,ALLOC,,0,193418,193418,193418,0,1,1
963,CONV,CUBE,481,193418,193899,193418,0,1,1
2004,FREE,,0,193899,193899,194452,553,0,0
2216,FREE,,0,193899,193899,193899,0,1,1
964,ALLOC,,0,193899,193899,193899,0,1,1
2857,SPILL_IN,MTE2,438,193355,193793,193461,106,0,0
965,MOVE,MTE1,63,193899,193962,193899,0,1,1
2201,FREE,,0,193962,193962,216022,22060,0,0
966,CONV,CUBE,490,193962,194452,193962,0,1,1
2006,FREE,,0,194452,194452,194452,0,1,1
2217,FREE,,0,194452,194452,194890,438,0,0
967,ALLOC,,0,194452,194452,194890,438,0,0
2859,SPILL_IN,MTE2,438,194452,194890,194452,0,1,1
968,MOVE,MTE1,63,194890,194953,194890,0,1,1
2202,FREE,,0,194953,194953,195005,52,0,0
969,CONV,CUBE,490,194953,195443,194953,0,1,1
2008,FREE,,0,195443,195443,282050,86607,0,0
2218,FREE,,0,195443,195443,195443,0,1,1
970,ALLOC,,0,195443,195443,195443,0,1,1
2861,SPILL_IN,MTE2,438,194953,195391,195005,52,0,0
971,MOVE,MTE1,63,195443,195506,195443,0,1,1
2203,FREE,,0,195506,195506,195506,0,1,1
3158,SPILL_OUT,MTE3,294,195506,195800,195650,144,0,0
1013,ALLOC,,0,195800,195800,195944,144,0,0
2863,SPILL_IN,MTE2,438,195506,195944,195506,0,1,1
1014,MOVE,MTE1,63,195944,196007,195944,0,1,1
2228,FREE,,0,196007,196007,196007,0,1,1
3160,SPILL_OUT,MTE3,294,195800,196094,196151,351,0,0
1016,ALLOC,,0,196094,196094,196445,351,0,0
2865,SPILL_IN,MTE2,438,196007,196445,196007,0,1,1
1017,MOVE,MTE1,63,196445,196508,196445,0,1,1
2229,FREE,,0,196508,196508,196508,0,1,1
3162,SPILL_OUT,MTE3,294,196508,196802,196652,144,0,0
1019,ALLOC,,0,196802,196802,196946,144,0,0
2867,SPILL_IN,MTE2,438,196508,196946,196508,0,1,1
1020,MOVE,MTE1,63,196946,197009,196946,0,1,1
2230,FREE,,0,197009,197009,197009,0,1,1
3164,SPILL_OUT,MTE3,294,197009,197303,197153,144,0,0
1022,ALLOC,,0,197303,197303,197447,144,0,0
2869,SPILL_IN,MTE2,438,197009,197447,197009,0,1,1
1023,MOVE,MTE1,63,197447,197510,197447,0,1,1
2231,FREE,,0,197510,197510,197510,0,1,1
3166,SPILL_OUT,MTE3,294,197510,197804,197654,144,0,0
1025,ALLOC,,0,197804,197804,197948,144,0,0
2871,SPILL_IN,MTE2,438,197510,197948,197510,0,1,1
1026,MOVE,MTE1,63,197948,198011,197948,0,1,1
2232,FREE,,0,198011,198011,198011,0,1,1
3168,SPILL_OUT,MTE3,294,198011,198305,198155,144,0,0
1028,ALLOC,,0,198305,198305,198449,144,0,0
2873,SPILL_IN,MTE2,438,198011,198449,198011,0,1,1
1029,MOVE,MTE1,63,198449,198512,198449,0,1,1
2233,FREE,,0,198512,198512,198512,0,1,1
3170,SPILL_OUT,MTE3,294,198512,198806,198656,144,0,0
1031,ALLOC,,0,198806,198806,198950,144,0,0
2875,SPILL_IN,MTE2,438,198512,198950,198512,0,1,1
1032,MOVE,MTE1,63,198950,199013,198950,0,1,1
2234,FREE,,0,199013,199013,199013,0,1,1
3172,SPILL_OUT,MTE3,294,199013,199307,199157,144,0,0
1034,ALLOC,,0,199307,199307,199451,144,0,0
2877,SPILL_IN,MTE2,438,199013,199451,199013,0,1,1
1035,MOVE,MTE1,63,199451,199514,199451,0,1,1
2235,FREE,,0,199514,199514,199514,0,1,1
3174,SPILL_OUT,MTE3,294,199514,199808,199658,144,0,0
1037,ALLOC,,0,199808,199808,199952,144,0,0
2879,SPILL_IN,MTE2,438,199514,199952,199514,0,1,1
1038,MOVE,MTE1,63,199952,200015,199952,0,1,1
2236,FREE,,0,200015,200015,200015,0,1,1
3176,SPILL_OUT,MTE3,294,200015,200309,200159,144,0,0
1040,ALLOC,,0,200309,200309,200453,144,0,0
2881,SPILL_IN,MTE2,438,200015,200453,200015,0,1,1
1041,MOVE,MTE1,63,200453,200516,200453,0,1,1
2237,FREE,,0,200516,200516,200516,0,1,1
3178,SPILL_OUT,MTE3,294,200516,200810,200660,144,0,0
1043,ALLOC,,0,200810,200810,200954,144,0,0
2883,SPILL_IN,MTE2,438,200516,200954,200516,0,1,1
1044,MOVE,MTE1,63,200954,201017,200954,0,1,1
2238,FREE,,0,201017,201017,201017,0,1,1
3180,SPILL_OUT,MTE3,294,201017,201311,201161,144,0,0
1046,ALLOC,,0,201311,201311,201455,144,0,0
2885,SPILL_IN,MTE2,438,201017,201455,201017,0,1,1
1047,MOVE,MTE1,63,201455,201518,201455,0,1,1
2239,FREE,,0,201518,201518,201518,0,1,1
3182,SPILL_OUT,MTE3,294,201518,201812,201662,144,0,0
1049,ALLOC,,0,201812,201812,201956,144,0,0
2887,SPILL_IN,MTE2,438,201518,201956,201518,0,1,1
1050,MOVE,MTE1,63,201956,202019,201956,0,1,1
2240,FREE,,0,202019,202019,202019,0,1,1
3184,SPILL_OUT,MTE3,294,202019,202313,202163,144,0,0
1052,ALLOC,,0,202313,202313,202457,144,0,0
2889,SPILL_IN,MTE2,438,202019,202457,202019,0,1,1
1053,MOVE,MTE1,63,202457,202520,202457,0,1,1
2241,FREE,,0,202520,202520,202520,0,1,1
3186,SPILL_OUT,MTE3,294,202520,202814,202664,144,0,0
1055,ALLOC,,0,202814,202814,202958,144,0,0
2891,SPILL_IN,MTE2,438,202520,202958,202520,0,1,1
1056,MOVE,MTE1,63,202958,203021,202958,0,1,1
2242,FREE,,0,203021,203021,203021,0,1,1
3188,SPILL_OUT,MTE3,294,203021,203315,203165,144,0,0
1058,ALLOC,,0,203315,203315,203459,144,0,0
2893,SPILL_IN,MTE2,438,203021,203459,203021,0,1,1
1059,MOVE,MTE1,63,203459,203522,203459,0,1,1
2243,FREE,,0,203522,203522,203522,0,1,1
1064,ALLOC,,0,0,0,203800,203800,0,0
2611,SPILL_IN,MTE2,278,203522,203800,203522,0,1,1
1065,MOVE,MTE1,43,203800,203843,203800,0,1,1
2261,FREE,,0,203843,203843,203843,0,1,1
3190,SPILL_OUT,MTE3,214,203843,204057,203907,64,0,0
1070,ALLOC,,0,204057,204057,204121,64,0,0
2609,SPILL_IN,MTE2,278,203843,204121,203843,0,1,1
1071,MOVE,MTE1,43,204121,204164,204121,0,1,1
2264,FREE,,0,204164,204164,204164,0,1,1
3192,SPILL_OUT,MTE3,214,204164,204378,204228,64,0,0
1076,ALLOC,,0,204378,204378,204442,64,0,0
2607,SPILL_IN,MTE2,278,204164,204442,204164,0,1,1
1077,MOVE,MTE1,43,204442,204485,204442,0,1,1
2267,FREE,,0,204485,204485,204485,0,1,1
3194,SPILL_OUT,MTE3,214,204485,204699,204549,64,0,0
1082,ALLOC,,0,204699,204699,204763,64,0,0
2605,SPILL_IN,MTE2,278,204485,204763,204485,0,1,1
1083,MOVE,MTE1,43,204763,204806,204763,0,1,1
2270,FREE,,0,204806,204806,204806,0,1,1
3196,SPILL_OUT,MTE3,214,204806,205020,204870,64,0,0
1088,ALLOC,,0,205020,205020,205084,64,0,0
2603,SPILL_IN,MTE2,278,204806,205084,204806,0,1,1
1089,MOVE,MTE1,43,205084,205127,205084,0,1,1
2273,FREE,,0,205127,205127,205127,0,1,1
3198,SPILL_OUT,MTE3,214,205127,205341,205191,64,0,0
1094,ALLOC,,0,205341,205341,205405,64,0,0
2601,SPILL_IN,MTE2,278,205127,205405,205127,0,1,1
1095,MOVE,MTE1,43,205405,205448,205405,0,1,1
2276,FREE,,0,205448,205448,205448,0,1,1
3200,SPILL_OUT,MTE3,214,205448,205662,205512,64,0,0
1100,ALLOC,,0,205662,205662,205726,64,0,0
2599,SPILL_IN,MTE2,278,205448,205726,205448,0,1,1
1101,MOVE,MTE1,43,205726,205769,205726,0,1,1
2279,FREE,,0,205769,205769,205769,0,1,1
3202,SPILL_OUT,MTE3,214,205769,205983,205833,64,0,0
1106,ALLOC,,0,205983,205983,206047,64,0,0
2597,SPILL_IN,MTE2,278,205769,206047,205769,0,1,1
1107,MOVE,MTE1,43,206047,206090,206047,0,1,1
2282,FREE,,0,206090,206090,206090,0,1,1
3204,SPILL_OUT,MTE3,214,206090,206304,206154,64,0,0
1112,ALLOC,,0,206304,206304,206368,64,0,0
2595,SPILL_IN,MTE2,278,206090,206368,206090,0,1,1
1113,MOVE,MTE1,43,206368,206411,206368,0,1,1
2285,FREE,,0,206411,206411,206411,0,1,1
3206,SPILL_OUT,MTE3,214,206411,206625,206475,64,0,0
1118,ALLOC,,0,206625,206625,206689,64,0,0
2593,SPILL_IN,MTE2,278,206411,206689,206411,0,1,1
1119,MOVE,MTE1,43,206689,206732,206689,0,1,1
2288,FREE,,0,206732,206732,206732,0,1,1
3208,SPILL_OUT,MTE3,214,206732,206946,206796,64,0,0
1124,ALLOC,,0,206946,206946,207010,64,0,0
2591,SPILL_IN,MTE2,278,206732,207010,206732,0,1,1
1125,MOVE,MTE1,43,207010,207053,207010,0,1,1
2291,FREE,,0,207053,207053,207053,0,1,1
3210,SPILL_OUT,MTE3,214,207053,207267,207117,64,0,0
1130,ALLOC,,0,207267,207267,207331,64,0,0
2589,SPILL_IN,MTE2,278,207053,207331,207053,0,1,1
1131,MOVE,MTE1,43,207331,207374,207331,0,1,1
2294,FREE,,0,207374,207374,207374,0,1,1
3212,SPILL_OUT,MTE3,214,207374,207588,207438,64,0,0
1136,ALLOC,,0,207588,207588,207652,64,0,0
2587,SPILL_IN,MTE2,278,207374,207652,207374,0,1,1
1137,MOVE,MTE1,43,207652,207695,207652,0,1,1
2297,FREE,,0,207695,207695,207695,0,1,1
3214,SPILL_OUT,MTE3,214,207695,207909,207759,64,0,0
1142,ALLOC,,0,207909,207909,207973,64,0,0
2585,SPILL_IN,MTE2,278,207695,207973,207695,0,1,1
1143,MOVE,MTE1,43,207973,208016,207973,0,1,1
2300,FREE,,0,208016,208016,208016,0,1,1
3216,SPILL_OUT,MTE3,214,208016,208230,208080,64,0,0
1148,ALLOC,,0,208230,208230,208294,64,0,0
2583,SPILL_IN,MTE2,278,208016,208294,208016,0,1,1
1149,MOVE,MTE1,43,208294,208337,208294,0,1,1
2303,FREE,,0,208337,208337,208337,0,1,1
3218,SPILL_OUT,MTE3,214,208337,208551,208401,64,0,0
1154,ALLOC,,0,208551,208551,208615,64,0,0
2581,SPILL_IN,MTE2,278,208337,208615,208337,0,1,1
1155,MOVE,MTE1,43,208615,208658,208615,0,1,1
2306,FREE,,0,208658,208658,215521,6863,0,0
3220,SPILL_OUT,MTE3,214,208658,208872,208658,0,1,1
3222,SPILL_OUT,MTE3,294,208872,209166,208872,0,1,1
1193,ALLOC,,0,209166,209166,215959,6793,0,0
2895,SPILL_IN,MTE2,438,208658,209096,215521,6863,0,0
1194,MOVE,MTE1,63,209166,209229,215959,6793,0,0
2324,FREE,,0,209229,209229,233453,24224,0,0
3224,SPILL_OUT,MTE3,152,209166,209318,209166,0,1,1
3226,SPILL_OUT,MTE3,152,209318,209470,209318,0,1,1
3228,SPILL_OUT,MTE3,152,209470,209622,209470,0,1,1
3230,SPILL_OUT,MTE3,152,209622,209774,209622,0,1,1
3232,SPILL_OUT,MTE3,918,209774,210692,209774,0,1,1
3234,SPILL_OUT,MTE3,152,210692,210844,210692,0,1,1
3236,SPILL_OUT,MTE3,152,210844,210996,210844,0,1,1
3238,SPILL_OUT,MTE3,152,210996,211148,210996,0,1,1
3240,SPILL_OUT,MTE3,152,211148,211300,211148,0,1,1
3242,SPILL_OUT,MTE3,918,211300,212218,211300,0,1,1
3244,SPILL_OUT,MTE3,246,212218,212464,212218,0,1,1
3246,SPILL_OUT,MTE3,246,212464,212710,212464,0,1,1
3248,SPILL_OUT,MTE3,246,212710,212956,212710,0,1,1
3250,SPILL_OUT,MTE3,246,212956,213202,212956,0,1,1
3252,SPILL_OUT,MTE3,918,213202,214120,213202,0,1,1
3254,SPILL_OUT,MTE3,246,214120,214366,214120,0,1,1
3256,SPILL_OUT,MTE3,246,214366,214612,214366,0,1,1
3258,SPILL_OUT,MTE3,246,214612,214858,214612,0,1,1
3260,SPILL_OUT,MTE3,246,214858,215104,214858,0,1,1
3262,SPILL_OUT,MTE3,918,215104,216022,215104,0,1,1
1170,ALLOC,,0,216022,216022,216022,0,1,1
1195,CONV,CUBE,1783,216022,217805,216022,0,1,1
2332,FREE,,0,217805,217805,217805,0,1,1
1196,ALLOC,,0,217805,217805,217805,0,1,1
2897,SPILL_IN,MTE2,438,209096,209534,217367,8271,0,0
1197,MOVE,MTE1,63,217805,217868,217805,0,1,1
2325,FREE,,0,217868,217868,220883,3015,0,0
3264,SPILL_OUT,MTE3,294,217868,218162,217868,0,1,1
1199,ALLOC,,0,218162,218162,221321,3159,0,0
2899,SPILL_IN,MTE2,438,217868,218306,220883,3015,0,0
1200,MOVE,MTE1,63,218306,218369,221321,3015,0,0
2326,FREE,,0,218369,218369,222729,4360,0,0
3266,SPILL_OUT,MTE3,3222,218162,221384,218162,0,1,1
1172,ALLOC,,0,221384,221384,221384,0,1,1
1201,CONV,CUBE,1783,221384,223167,221384,0,1,1
2334,FREE,,0,223167,223167,223167,0,1,1
1202,ALLOC,,0,223167,223167,223167,0,1,1
2901,SPILL_IN,MTE2,438,218369,218807,222729,4360,0,0
1203,MOVE,MTE1,63,223167,223230,223167,0,1,1
2327,FREE,,0,223230,223230,226245,3015,0,0
3268,SPILL_OUT,MTE3,294,223230,223524,223230,0,1,1
1205,ALLOC,,0,223524,223524,226683,3159,0,0
2903,SPILL_IN,MTE2,438,223230,223668,226245,3015,0,0
1206,MOVE,MTE1,63,223668,223731,226683,3015,0,0
2328,FREE,,0,223731,223731,228091,4360,0,0
3270,SPILL_OUT,MTE3,3222,223524,226746,223524,0,1,1
1174,ALLOC,,0,226746,226746,226746,0,1,1
1207,CONV,CUBE,1783,226746,228529,226746,0,1,1
2336,FREE,,0,228529,228529,228529,0,1,1
1208,ALLOC,,0,228529,228529,228529,0,1,1
2905,SPILL_IN,MTE2,438,223731,224169,228091,4360,0,0
1209,MOVE,MTE1,63,228529,228592,228529,0,1,1
2329,FREE,,0,228592,228592,231607,3015,0,0
3272,SPILL_OUT,MTE3,294,228592,228886,228592,0,1,1
1211,ALLOC,,0,228886,228886,232045,3159,0,0
2907,SPILL_IN,MTE2,438,228592,229030,231607,3015,0,0
1212,MOVE,MTE1,63,229030,229093,232045,3015,0,0
2330,FREE,,0,229093,229093,284234,55141,0,0
3274,SPILL_OUT,MTE3,3222,228886,232108,228886,0,1,1
1176,ALLOC,,0,232108,232108,232108,0,1,1
1213,CONV,CUBE,1783,232108,233891,232108,0,1,1
1818,FREE,,0,233891,233891,284234,50343,0,0
2338,FREE,,0,233891,233891,233891,0,1,1
1214,ALLOC,,0,233891,233891,233891,0,1,1
2909,SPILL_IN,MTE2,438,229030,229468,233453,4423,0,0
1215,MOVE,MTE1,63,233891,233954,233891,0,1,1
2331,FREE,,0,233954,233954,233954,0,1,1
3276,SPILL_OUT,MTE3,294,233954,234248,234098,144,0,0
1257,ALLOC,,0,234248,234248,234392,144,0,0
2911,SPILL_IN,MTE2,438,233954,234392,233954,0,1,1
1258,MOVE,MTE1,63,234392,234455,234392,0,1,1
2348,FREE,,0,234455,234455,234455,0,1,1
3278,SPILL_OUT,MTE3,294,234455,234749,234599,144,0,0
1260,ALLOC,,0,234749,234749,234893,144,0,0
2913,SPILL_IN,MTE2,438,234455,234893,234455,0,1,1
1261,MOVE,MTE1,63,234893,234956,234893,0,1,1
2349,FREE,,0,234956,234956,234956,0,1,1
3280,SPILL_OUT,MTE3,294,234956,235250,235100,144,0,0
1263,ALLOC,,0,235250,235250,235394,144,0,0
2915,SPILL_IN,MTE2,438,234956,235394,234956,0,1,1
1264,MOVE,MTE1,63,235394,235457,235394,0,1,1
2350,FREE,,0,235457,235457,235457,0,1,1
3282,SPILL_OUT,MTE3,294,235457,235751,235601,144,0,0
1266,ALLOC,,0,235751,235751,235895,144,0,0
2917,SPILL_IN,MTE2,438,235457,235895,235457,0,1,1
1267,MOVE,MTE1,63,235895,235958,235895,0,1,1
2351,FREE,,0,235958,235958,235958,0,1,1
3284,SPILL_OUT,MTE3,294,235958,236252,236102,144,0,0
1269,ALLOC,,0,236252,236252,236396,144,0,0
2919,SPILL_IN,MTE2,438,235958,236396,235958,0,1,1
1270,MOVE,MTE1,63,236396,236459,236396,0,1,1
2352,FREE,,0,236459,236459,236459,0,1,1
3286,SPILL_OUT,MTE3,294,236459,236753,236603,144,0,0
1272,ALLOC,,0,236753,236753,236897,144,0,0
2921,SPILL_IN,MTE2,438,236459,236897,236459,0,1,1
1273,MOVE,MTE1,63,236897,236960,236897,0,1,1
2353,FREE,,0,236960,236960,236960,0,1,1
3288,SPILL_OUT,MTE3,294,236960,237254,237104,144,0,0
1275,ALLOC,,0,237254,237254,237398,144,0,0
2923,SPILL_IN,MTE2,438,236960,237398,236960,0,1,1
1276,MOVE,MTE1,63,237398,237461,237398,0,1,1
2354,FREE,,0,237461,237461,237461,0,1,1
3290,SPILL_OUT,MTE3,294,237461,237755,237605,144,0,0
1278,ALLOC,,0,237755,237755,237899,144,0,0
2925,SPILL_IN,MTE2,438,237461,237899,237461,0,1,1
1279,MOVE,MTE1,63,237899,237962,237899,0,1,1
2355,FREE,,0,237962,237962,237962,0,1,1
3292,SPILL_OUT,MTE3,294,237962,238256,238106,144,0,0
1281,ALLOC,,0,238256,238256,238400,144,0,0
2927,SPILL_IN,MTE2,438,237962,238400,237962,0,1,1
1282,MOVE,MTE1,63,238400,238463,238400,0,1,1
2356,FREE,,0,238463,238463,238463,0,1,1
3294,SPILL_OUT,MTE3,294,238463,238757,238607,144,0,0
1284,ALLOC,,0,238757,238757,238901,144,0,0
2929,SPILL_IN,MTE2,438,238463,238901,238463,0,1,1
1285,MOVE,MTE1,63,238901,238964,238901,0,1,1
2357,FREE,,0,238964,238964,238964,0,1,1
3296,SPILL_OUT,MTE3,294,238964,239258,239108,144,0,0
1287,ALLOC,,0,239258,239258,239402,144,0,0
2931,SPILL_IN,MTE2,438,238964,239402,238964,0,1,1
1288,MOVE,MTE1,63,239402,239465,239402,0,1,1
2358,FREE,,0,239465,239465,239465,0,1,1
3298,SPILL_OUT,MTE3,294,239465,239759,239609,144,0,0
1290,ALLOC,,0,239759,239759,239903,144,0,0
2933,SPILL_IN,MTE2,438,239465,239903,239465,0,1,1
1291,MOVE,MTE1,63,239903,239966,239903,0,1,1
2359,FREE,,0,239966,239966,239966,0,1,1
3300,SPILL_OUT,MTE3,294,239966,240260,240110,144,0,0
1293,ALLOC,,0,240260,240260,240404,144,0,0
2935,SPILL_IN,MTE2,438,239966,240404,239966,0,1,1
1294,MOVE,MTE1,63,240404,240467,240404,0,1,1
2360,FREE,,0,240467,240467,240467,0,1,1
3302,SPILL_OUT,MTE3,294,240467,240761,240611,144,0,0
1296,ALLOC,,0,240761,240761,240905,144,0,0
2937,SPILL_IN,MTE2,438,240467,240905,240467,0,1,1
1297,MOVE,MTE1,63,240905,240968,240905,0,1,1
2361,FREE,,0,240968,240968,240968,0,1,1
3304,SPILL_OUT,MTE3,294,240968,241262,241112,144,0,0
1299,ALLOC,,0,241262,241262,241406,144,0,0
2939,SPILL_IN,MTE2,438,240968,241406,240968,0,1,1
1300,MOVE,MTE1,63,241406,241469,241406,0,1,1
2362,FREE,,0,241469,241469,241469,0,1,1
3306,SPILL_OUT,MTE3,294,241469,241763,241613,144,0,0
1302,ALLOC,,0,241763,241763,241907,144,0,0
2941,SPILL_IN,MTE2,438,241469,241907,241469,0,1,1
1303,MOVE,MTE1,63,241907,241970,241907,0,1,1
2363,FREE,,0,241970,241970,241970,0,1,1
3308,SPILL_OUT,MTE3,294,241970,242264,242114,144,0,0
1345,ALLOC,,0,242264,242264,242408,144,0,0
2943,SPILL_IN,MTE2,438,241970,242408,241970,0,1,1
1346,MOVE,MTE1,63,242408,242471,242408,0,1,1
2388,FREE,,0,242471,242471,242471,0,1,1
3310,SPILL_OUT,MTE3,294,242471,242765,242615,144,0,0
1348,ALLOC,,0,242765,242765,242909,144,0,0
2945,SPILL_IN,MTE2,438,242471,242909,242471,0,1,1
1349,MOVE,MTE1,63,242909,242972,242909,0,1,1
2389,FREE,,0,242972,242972,242972,0,1,1
3312,SPILL_OUT,MTE3,294,242972,243266,243116,144,0,0
1351,ALLOC,,0,243266,243266,243410,144,0,0
2947,SPILL_IN,MTE2,438,242972,243410,242972,0,1,1
1352,MOVE,MTE1,63,243410,243473,243410,0,1,1
2390,FREE,,0,243473,243473,243473,0,1,1
3314,SPILL_OUT,MTE3,294,243473,243767,243617,144,0,0
1354,ALLOC,,0,243767,243767,243911,144,0,0
2949,SPILL_IN,MTE2,438,243473,243911,243473,0,1,1
1355,MOVE,MTE1,63,243911,243974,243911,0,1,1
2391,FREE,,0,243974,243974,243974,0,1,1
3316,SPILL_OUT,MTE3,294,243974,244268,244118,144,0,0
1357,ALLOC,,0,244268,244268,244412,144,0,0
2951,SPILL_IN,MTE2,438,243974,244412,243974,0,1,1
1358,MOVE,MTE1,63,244412,244475,244412,0,1,1
2392,FREE,,0,244475,244475,244475,0,1,1
3318,SPILL_OUT,MTE3,294,244475,244769,244619,144,0,0
1360,ALLOC,,0,244769,244769,244913,144,0,0
2953,SPILL_IN,MTE2,438,244475,244913,244475,0,1,1
1361,MOVE,MTE1,63,244913,244976,244913,0,1,1
2393,FREE,,0,244976,244976,244976,0,1,1
3320,SPILL_OUT,MTE3,294,244976,245270,245120,144,0,0
1363,ALLOC,,0,245270,245270,245414,144,0,0
2955,SPILL_IN,MTE2,438,244976,245414,244976,0,1,1
1364,MOVE,MTE1,63,245414,245477,245414,0,1,1
2394,FREE,,0,245477,245477,245477,0,1,1
3322,SPILL_OUT,MTE3,294,245477,245771,245621,144,0,0
1366,ALLOC,,0,245771,245771,245915,144,0,0
2957,SPILL_IN,MTE2,438,245477,245915,245477,0,1,1
1367,MOVE,MTE1,63,245915,245978,245915,0,1,1
2395,FREE,,0,245978,245978,245978,0,1,1
3324,SPILL_OUT,MTE3,294,245978,246272,246122,144,0,0
1369,ALLOC,,0,246272,246272,246416,144,0,0
2959,SPILL_IN,MTE2,438,245978,246416,245978,0,1,1
1370,MOVE,MTE1,63,246416,246479,246416,0,1,1
2396,FREE,,0,246479,246479,246479,0,1,1
3326,SPILL_OUT,MTE3,294,246479,246773,246623,144,0,0
1372,ALLOC,,0,246773,246773,246917,144,0,0
2961,SPILL_IN,MTE2,438,246479,246917,246479,0,1,1
1373,MOVE,MTE1,63,246917,246980,246917,0,1,1
2397,FREE,,0,246980,246980,246980,0,1,1
3328,SPILL_OUT,MTE3,294,246980,247274,247124,144,0,0
1375,ALLOC,,0,247274,247274,247418,144,0,0
2963,SPILL_IN,MTE2,438,246980,247418,246980,0,1,1
1376,MOVE,MTE1,63,247418,247481,247418,0,1,1
2398,FREE,,0,247481,247481,247481,0,1,1
3330,SPILL_OUT,MTE3,294,247481,247775,247625,144,0,0
1378,ALLOC,,0,247775,247775,247919,144,0,0
2965,SPILL_IN,MTE2,438,247481,247919,247481,0,1,1
1379,MOVE,MTE1,63,247919,247982,247919,0,1,1
2399,FREE,,0,247982,247982,247982,0,1,1
3332,SPILL_OUT,MTE3,294,247982,248276,248126,144,0,0
1381,ALLOC,,0,248276,248276,248420,144,0,0
2967,SPILL_IN,MTE2,438,247982,248420,247982,0,1,1
1382,MOVE,MTE1,63,248420,248483,248420,0,1,1
2400,FREE,,0,248483,248483,248483,0,1,1
3334,SPILL_OUT,MTE3,294,248483,248777,248627,144,0,0
1384,ALLOC,,0,248777,248777,248921,144,0,0
2969,SPILL_IN,MTE2,438,248483,248921,248483,0,1,1
1385,MOVE,MTE1,63,248921,248984,248921,0,1,1
2401,FREE,,0,248984,248984,248984,0,1,1
3336,SPILL_OUT,MTE3,294,248984,249278,249128,144,0,0
1387,ALLOC,,0,249278,249278,249422,144,0,0
2971,SPILL_IN,MTE2,438,248984,249422,248984,0,1,1
1388,MOVE,MTE1,63,249422,249485,249422,0,1,1
2402,FREE,,0,249485,249485,249485,0,1,1
3338,SPILL_OUT,MTE3,294,249485,249779,249629,144,0,0
1390,ALLOC,,0,249779,249779,249923,144,0,0
2973,SPILL_IN,MTE2,438,249485,249923,249485,0,1,1
1391,MOVE,MTE1,63,249923,249986,249923,0,1,1
2403,FREE,,0,249986,249986,249986,0,1,1
3340,SPILL_OUT,MTE3,294,249986,250280,250130,144,0,0
1433,ALLOC,,0,250280,250280,250424,144,0,0
2975,SPILL_IN,MTE2,438,249986,250424,249986,0,1,1
1434,MOVE,MTE1,63,250424,250487,250424,0,1,1
2428,FREE,,0,250487,250487,250487,0,1,1
3342,SPILL_OUT,MTE3,294,250487,250781,250631,144,0,0
1436,ALLOC,,0,250781,250781,250925,144,0,0
2977,SPILL_IN,MTE2,438,250487,250925,250487,0,1,1
1437,MOVE,MTE1,63,250925,250988,250925,0,1,1
2429,FREE,,0,250988,250988,250988,0,1,1
3344,SPILL_OUT,MTE3,294,250988,251282,251132,144,0,0
1439,ALLOC,,0,251282,251282,251426,144,0,0
2979,SPILL_IN,MTE2,438,250988,251426,250988,0,1,1
1440,MOVE,MTE1,63,251426,251489,251426,0,1,1
2430,FREE,,0,251489,251489,251489,0,1,1
3346,SPILL_OUT,MTE3,294,251489,251783,251633,144,0,0
1442,ALLOC,,0,251783,251783,251927,144,0,0
2981,SPILL_IN,MTE2,438,251489,251927,251489,0,1,1
1443,MOVE,MTE1,63,251927,251990,251927,0,1,1
2431,FREE,,0,251990,251990,251990,0,1,1
3348,SPILL_OUT,MTE3,294,251990,252284,252134,144,0,0
1445,ALLOC,,0,252284,252284,252428,144,0,0
2983,SPILL_IN,MTE2,438,251990,252428,251990,0,1,1
1446,MOVE,MTE1,63,252428,252491,252428,0,1,1
2432,FREE,,0,252491,252491,252491,0,1,1
3350,SPILL_OUT,MTE3,294,252491,252785,252635,144,0,0
1448,ALLOC,,0,252785,252785,252929,144,0,0
2985,SPILL_IN,MTE2,438,252491,252929,252491,0,1,1
1449,MOVE,MTE1,63,252929,252992,252929,0,1,1
2433,FREE,,0,252992,252992,252992,0,1,1
3352,SPILL_OUT,MTE3,294,252992,253286,253136,144,0,0
1451,ALLOC,,0,253286,253286,253430,144,0,0
2987,SPILL_IN,MTE2,438,252992,253430,252992,0,1,1
1452,MOVE,MTE1,63,253430,253493,253430,0,1,1
2434,FREE,,0,253493,253493,253493,0,1,1
3354,SPILL_OUT,MTE3,294,253493,253787,253637,144,0,0
1454,ALLOC,,0,253787,253787,253931,144,0,0
2989,SPILL_IN,MTE2,438,253493,253931,253493,0,1,1
1455,MOVE,MTE1,63,253931,253994,253931,0,1,1
2435,FREE,,0,253994,253994,253994,0,1,1
3356,SPILL_OUT,MTE3,294,253994,254288,254138,144,0,0
1457,ALLOC,,0,254288,254288,254432,144,0,0
2991,SPILL_IN,MTE2,438,253994,254432,253994,0,1,1
1458,MOVE,MTE1,63,254432,254495,254432,0,1,1
2436,FREE,,0,254495,254495,254495,0,1,1
3358,SPILL_OUT,MTE3,294,254495,254789,254639,144,0,0
1460,ALLOC,,0,254789,254789,254933,144,0,0
2993,SPILL_IN,MTE2,438,254495,254933,254495,0,1,1
1461,MOVE,MTE1,63,254933,254996,254933,0,1,1
2437,FREE,,0,254996,254996,254996,0,1,1
3360,SPILL_OUT,MTE3,294,254996,255290,255140,144,0,0
1463,ALLOC,,0,255290,255290,255434,144,0,0
2995,SPILL_IN,MTE2,438,254996,255434,254996,0,1,1
1464,MOVE,MTE1,63,255434,255497,255434,0,1,1
2438,FREE,,0,255497,255497,255497,0,1,1
3362,SPILL_OUT,MTE3,294,255497,255791,255641,144,0,0
1466,ALLOC,,0,255791,255791,255935,144,0,0
2997,SPILL_IN,MTE2,438,255497,255935,255497,0,1,1
1467,MOVE,MTE1,63,255935,255998,255935,0,1,1
2439,FREE,,0,255998,255998,255998,0,1,1
3364,SPILL_OUT,MTE3,294,255998,256292,256142,144,0,0
1469,ALLOC,,0,256292,256292,256436,144,0,0
2999,SPILL_IN,MTE2,438,255998,256436,255998,0,1,1
1470,MOVE,MTE1,63,256436,256499,256436,0,1,1
2440,FREE,,0,256499,256499,256499,0,1,1
3366,SPILL_OUT,MTE3,294,256499,256793,256643,144,0,0
1472,ALLOC,,0,256793,256793,256937,144,0,0
3001,SPILL_IN,MTE2,438,256499,256937,256499,0,1,1
1473,MOVE,MTE1,63,256937,257000,256937,0,1,1
2441,FREE,,0,257000,257000,257000,0,1,1
3368,SPILL_OUT,MTE3,294,257000,257294,257144,144,0,0
1475,ALLOC,,0,257294,257294,257438,144,0,0
3003,SPILL_IN,MTE2,438,257000,257438,257000,0,1,1
1476,MOVE,MTE1,63,257438,257501,257438,0,1,1
2442,FREE,,0,257501,257501,257501,0,1,1
3370,SPILL_OUT,MTE3,294,257501,257795,257645,144,0,0
1478,ALLOC,,0,257795,257795,257939,144,0,0
3005,SPILL_IN,MTE2,438,257501,257939,257501,0,1,1
1479,MOVE,MTE1,63,257939,258002,257939,0,1,1
2443,FREE,,0,258002,258002,258002,0,1,1
3372,SPILL_OUT,MTE3,294,258002,258296,258146,144,0,0
1521,ALLOC,,0,258296,258296,258440,144,0,0
3007,SPILL_IN,MTE2,438,258002,258440,258002,0,1,1
1522,MOVE,MTE1,63,258440,258503,258440,0,1,1
2468,FREE,,0,258503,258503,258503,0,1,1
3374,SPILL_OUT,MTE3,294,258503,258797,258647,144,0,0
1524,ALLOC,,0,258797,258797,258941,144,0,0
3009,SPILL_IN,MTE2,438,258503,258941,258503,0,1,1
1525,MOVE,MTE1,63,258941,259004,258941,0,1,1
2469,FREE,,0,259004,259004,259004,0,1,1
3376,SPILL_OUT,MTE3,294,259004,259298,259148,144,0,0
1527,ALLOC,,0,259298,259298,259442,144,0,0
3011,SPILL_IN,MTE2,438,259004,259442,259004,0,1,1
1528,MOVE,MTE1,63,259442,259505,259442,0,1,1
2470,FREE,,0,259505,259505,259505,0,1,1
3378,SPILL_OUT,MTE3,294,259505,259799,259649,144,0,0
1530,ALLOC,,0,259799,259799,259943,144,0,0
3013,SPILL_IN,MTE2,438,259505,259943,259505,0,1,1
1531,MOVE,MTE1,63,259943,260006,259943,0,1,1
2471,FREE,,0,260006,260006,260006,0,1,1
3380,SPILL_OUT,MTE3,294,260006,260300,260150,144,0,0
1533,ALLOC,,0,260300,260300,260444,144,0,0
3015,SPILL_IN,MTE2,438,260006,260444,260006,0,1,1
1534,MOVE,MTE1,63,260444,260507,260444,0,1,1
2472,FREE,,0,260507,260507,260507,0,1,1
3382,SPILL_OUT,MTE3,294,260507,260801,260651,144,0,0
1536,ALLOC,,0,260801,260801,260945,144,0,0
3017,SPILL_IN,MTE2,438,260507,260945,260507,0,1,1
1537,MOVE,MTE1,63,260945,261008,260945,0,1,1
2473,FREE,,0,261008,261008,261008,0,1,1
3384,SPILL_OUT,MTE3,294,261008,261302,261152,144,0,0
1539,ALLOC,,0,261302,261302,261446,144,0,0
3019,SPILL_IN,MTE2,438,261008,261446,261008,0,1,1
1540,MOVE,MTE1,63,261446,261509,261446,0,1,1
2474,FREE,,0,261509,261509,261509,0,1,1
3386,SPILL_OUT,MTE3,294,261509,261803,261653,144,0,0
1542,ALLOC,,0,261803,261803,261947,144,0,0
3021,SPILL_IN,MTE2,438,261509,261947,261509,0,1,1
1543,MOVE,MTE1,63,261947,262010,261947,0,1,1
2475,FREE,,0,262010,262010,262010,0,1,1
3388,SPILL_OUT,MTE3,294,262010,262304,262154,144,0,0
1545,ALLOC,,0,262304,262304,262448,144,0,0
3023,SPILL_IN,MTE2,438,262010,262448,262010,0,1,1
1546,MOVE,MTE1,63,262448,262511,262448,0,1,1
2476,FREE,,0,262511,262511,262511,0,1,1
3390,SPILL_OUT,MTE3,294,262511,262805,262655,144,0,0
1548,ALLOC,,0,262805,262805,262949,144,0,0
3025,SPILL_IN,MTE2,438,262511,262949,262511,0,1,1
1549,MOVE,MTE1,63,262949,263012,262949,0,1,1
2477,FREE,,0,263012,263012,263012,0,1,1
3392,SPILL_OUT,MTE3,294,263012,263306,263156,144,0,0
1551,ALLOC,,0,263306,263306,263450,144,0,0
3027,SPILL_IN,MTE2,438,263012,263450,263012,0,1,1
1552,MOVE,MTE1,63,263450,263513,263450,0,1,1
2478,FREE,,0,263513,263513,263513,0,1,1
3394,SPILL_OUT,MTE3,294,263513,263807,263657,144,0,0
1554,ALLOC,,0,263807,263807,263951,144,0,0
3029,SPILL_IN,MTE2,438,263513,263951,263513,0,1,1
1555,MOVE,MTE1,63,263951,264014,263951,0,1,1
2479,FREE,,0,264014,264014,264014,0,1,1
3396,SPILL_OUT,MTE3,294,264014,264308,264158,144,0,0
1557,ALLOC,,0,264308,264308,264452,144,0,0
3031,SPILL_IN,MTE2,438,264014,264452,264014,0,1,1
1558,MOVE,MTE1,63,264452,264515,264452,0,1,1
2480,FREE,,0,264515,264515,264515,0,1,1
3398,SPILL_OUT,MTE3,294,264515,264809,264659,144,0,0
1560,ALLOC,,0,264809,264809,264953,144,0,0
3033,SPILL_IN,MTE2,438,264515,264953,264515,0,1,1
1561,MOVE,MTE1,63,264953,265016,264953,0,1,1
2481,FREE,,0,265016,265016,265016,0,1,1
3400,SPILL_OUT,MTE3,294,265016,265310,265160,144,0,0
1563,ALLOC,,0,265310,265310,265454,144,0,0
3035,SPILL_IN,MTE2,438,265016,265454,265016,0,1,1
1564,MOVE,MTE1,63,265454,265517,265454,0,1,1
2482,FREE,,0,265517,265517,265517,0,1,1
3402,SPILL_OUT,MTE3,294,265517,265811,265661,144,0,0
1566,ALLOC,,0,265811,265811,265955,144,0,0
3037,SPILL_IN,MTE2,438,265517,265955,265517,0,1,1
1567,MOVE,MTE1,63,265955,266018,265955,0,1,1
2483,FREE,,0,266018,266018,266018,0,1,1
3404,SPILL_OUT,MTE3,294,266018,266312,266162,144,0,0
1609,ALLOC,,0,266312,266312,266456,144,0,0
3039,SPILL_IN,MTE2,438,266018,266456,266018,0,1,1
1610,MOVE,MTE1,63,266456,266519,266456,0,1,1
2508,FREE,,0,266519,266519,266519,0,1,1
3406,SPILL_OUT,MTE3,294,266519,266813,266663,144,0,0
1612,ALLOC,,0,266813,266813,266957,144,0,0
3041,SPILL_IN,MTE2,438,266519,266957,266519,0,1,1
1613,MOVE,MTE1,63,266957,267020,266957,0,1,1
2509,FREE,,0,267020,267020,267020,0,1,1
3408,SPILL_OUT,MTE3,294,267020,267314,267164,144,0,0
1615,ALLOC,,0,267314,267314,267458,144,0,0
3043,SPILL_IN,MTE2,438,267020,267458,267020,0,1,1
1616,MOVE,MTE1,63,267458,267521,267458,0,1,1
2510,FREE,,0,267521,267521,267521,0,1,1
3410,SPILL_OUT,MTE3,294,267521,267815,267665,144,0,0
1618,ALLOC,,0,267815,267815,267959,144,0,0
3045,SPILL_IN,MTE2,438,267521,267959,267521,0,1,1
1619,MOVE,MTE1,63,267959,268022,267959,0,1,1
2511,FREE,,0,268022,268022,268022,0,1,1
3412,SPILL_OUT,MTE3,294,268022,268316,268166,144,0,0
1621,ALLOC,,0,268316,268316,268460,144,0,0
3047,SPILL_IN,MTE2,438,268022,268460,268022,0,1,1
1622,MOVE,MTE1,63,268460,268523,268460,0,1,1
2512,FREE,,0,268523,268523,268523,0,1,1
3414,SPILL_OUT,MTE3,294,268523,268817,268667,144,0,0
1624,ALLOC,,0,268817,268817,268961,144,0,0
3049,SPILL_IN,MTE2,438,268523,268961,268523,0,1,1
1625,MOVE,MTE1,63,268961,269024,268961,0,1,1
2513,FREE,,0,269024,269024,269024,0,1,1
3416,SPILL_OUT,MTE3,294,269024,269318,269168,144,0,0
1627,ALLOC,,0,269318,269318,269462,144,0,0
3051,SPILL_IN,MTE2,438,269024,269462,269024,0,1,1
1628,MOVE,MTE1,63,269462,269525,269462,0,1,1
2514,FREE,,0,269525,269525,269525,0,1,1
3418,SPILL_OUT,MTE3,294,269525,269819,269669,144,0,0
1630,ALLOC,,0,269819,269819,269963,144,0,0
3053,SPILL_IN,MTE2,438,269525,269963,269525,0,1,1
1631,MOVE,MTE1,63,269963,270026,269963,0,1,1
2515,FREE,,0,270026,270026,270026,0,1,1
3420,SPILL_OUT,MTE3,294,270026,270320,270170,144,0,0
1633,ALLOC,,0,270320,270320,270464,144,0,0
3055,SPILL_IN,MTE2,438,270026,270464,270026,0,1,1
1634,MOVE,MTE1,63,270464,270527,270464,0,1,1
2516,FREE,,0,270527,270527,270527,0,1,1
3422,SPILL_OUT,MTE3,294,270527,270821,270671,144,0,0
1636,ALLOC,,0,270821,270821,270965,144,0,0
3057,SPILL_IN,MTE2,438,270527,270965,270527,0,1,1
1637,MOVE,MTE1,63,270965,271028,270965,0,1,1
2517,FREE,,0,271028,271028,271028,0,1,1
3424,SPILL_OUT,MTE3,294,271028,271322,271172,144,0,0
1639,ALLOC,,0,271322,271322,271466,144,0,0
3059,SPILL_IN,MTE2,438,271028,271466,271028,0,1,1
1640,MOVE,MTE1,63,271466,271529,271466,0,1,1
2518,FREE,,0,271529,271529,271529,0,1,1
3426,SPILL_OUT,MTE3,294,271529,271823,271673,144,0,0
1642,ALLOC,,0,271823,271823,271967,144,0,0
3061,SPILL_IN,MTE2,438,271529,271967,271529,0,1,1
1643,MOVE,MTE1,63,271967,272030,271967,0,1,1
2519,FREE,,0,272030,272030,272030,0,1,1
3428,SPILL_OUT,MTE3,294,272030,272324,272174,144,0,0
1645,ALLOC,,0,272324,272324,272468,144,0,0
3063,SPILL_IN,MTE2,438,272030,272468,272030,0,1,1
1646,MOVE,MTE1,63,272468,272531,272468,0,1,1
2520,FREE,,0,272531,272531,272531,0,1,1
3430,SPILL_OUT,MTE3,294,272531,272825,272675,144,0,0
1648,ALLOC,,0,272825,272825,272969,144,0,0
3065,SPILL_IN,MTE2,438,272531,272969,272531,0,1,1
1649,MOVE,MTE1,63,272969,273032,272969,0,1,1
2521,FREE,,0,273032,273032,273032,0,1,1
3432,SPILL_OUT,MTE3,294,273032,273326,273176,144,0,0
1651,ALLOC,,0,273326,273326,273470,144,0,0
3067,SPILL_IN,MTE2,438,273032,273470,273032,0,1,1
1652,MOVE,MTE1,63,273470,273533,273470,0,1,1
2522,FREE,,0,273533,273533,273533,0,1,1
3434,SPILL_OUT,MTE3,294,273533,273827,273677,144,0,0
1654,ALLOC,,0,273827,273827,273971,144,0,0
3069,SPILL_IN,MTE2,438,273533,273971,273533,0,1,1
1655,MOVE,MTE1,63,273971,274034,273971,0,1,1
2523,FREE,,0,274034,274034,274034,0,1,1
3436,SPILL_OUT,MTE3,294,274034,274328,274178,144,0,0
1697,ALLOC,,0,274328,274328,274472,144,0,0
3071,SPILL_IN,MTE2,438,274034,274472,274034,0,1,1
1698,MOVE,MTE1,63,274472,274535,274472,0,1,1
2548,FREE,,0,274535,274535,274535,0,1,1
3438,SPILL_OUT,MTE3,294,274535,274829,274679,144,0,0
1700,ALLOC,,0,274829,274829,274973,144,0,0
3073,SPILL_IN,MTE2,438,274535,274973,274535,0,1,1
1701,MOVE,MTE1,63,274973,275036,274973,0,1,1
2549,FREE,,0,275036,275036,275036,0,1,1
3440,SPILL_OUT,MTE3,294,275036,275330,275180,144,0,0
1703,ALLOC,,0,275330,275330,275474,144,0,0
3075,SPILL_IN,MTE2,438,275036,275474,275036,0,1,1
1704,MOVE,MTE1,63,275474,275537,275474,0,1,1
2550,FREE,,0,275537,275537,275537,0,1,1
3442,SPILL_OUT,MTE3,294,275537,275831,275681,144,0,0
1706,ALLOC,,0,275831,275831,275975,144,0,0
3077,SPILL_IN,MTE2,438,275537,275975,275537,0,1,1
1707,MOVE,MTE1,63,275975,276038,275975,0,1,1
2551,FREE,,0,276038,276038,276038,0,1,1
3444,SPILL_OUT,MTE3,294,276038,276332,276182,144,0,0
1709,ALLOC,,0,276332,276332,276476,144,0,0
3079,SPILL_IN,MTE2,438,276038,276476,276038,0,1,1
1710,MOVE,MTE1,63,276476,276539,276476,0,1,1
2552,FREE,,0,276539,276539,276539,0,1,1
3446,SPILL_OUT,MTE3,294,276539,276833,276683,144,0,0
1712,ALLOC,,0,276833,276833,276977,144,0,0
3081,SPILL_IN,MTE2,438,276539,276977,276539,0,1,1
1713,MOVE,MTE1,63,276977,277040,276977,0,1,1
2553,FREE,,0,277040,277040,277040,0,1,1
3448,SPILL_OUT,MTE3,294,277040,277334,277184,144,0,0
1715,ALLOC,,0,277334,277334,277478,144,0,0
3083,SPILL_IN,MTE2,438,277040,277478,277040,0,1,1
1716,MOVE,MTE1,63,277478,277541,277478,0,1,1
2554,FREE,,0,277541,277541,277541,0,1,1
3450,SPILL_OUT,MTE3,294,277541,277835,277685,144,0,0
1718,ALLOC,,0,277835,277835,277979,144,0,0
3085,SPILL_IN,MTE2,438,277541,277979,277541,0,1,1
1719,MOVE,MTE1,63,277979,278042,277979,0,1,1
2555,FREE,,0,278042,278042,278042,0,1,1
3452,SPILL_OUT,MTE3,294,278042,278336,278186,144,0,0
1721,ALLOC,,0,278336,278336,278480,144,0,0
3087,SPILL_IN,MTE2,438,278042,278480,278042,0,1,1
1722,MOVE,MTE1,63,278480,278543,278480,0,1,1
2556,FREE,,0,278543,278543,278543,0,1,1
3454,SPILL_OUT,MTE3,294,278543,278837,278687,144,0,0
1724,ALLOC,,0,278837,278837,278981,144,0,0
3089,SPILL_IN,MTE2,438,278543,278981,278543,0,1,1
1725,MOVE,MTE1,63,278981,279044,278981,0,1,1
2557,FREE,,0,279044,279044,279044,0,1,1
3456,SPILL_OUT,MTE3,294,279044,279338,279188,144,0,0
1727,ALLOC,,0,279338,279338,279482,144,0,0
3091,SPILL_IN,MTE2,438,279044,279482,279044,0,1,1
1728,MOVE,MTE1,63,279482,279545,279482,0,1,1
2558,FREE,,0,279545,279545,279545,0,1,1
3458,SPILL_OUT,MTE3,294,279545,279839,279689,144,0,0
1730,ALLOC,,0,279839,279839,279983,144,0,0
3093,SPILL_IN,MTE2,438,279545,279983,279545,0,1,1
1731,MOVE,MTE1,63,279983,280046,279983,0,1,1
2559,FREE,,0,280046,280046,280046,0,1,1
3460,SPILL_OUT,MTE3,294,280046,280340,280190,144,0,0
1733,ALLOC,,0,280340,280340,280484,144,0,0
3095,SPILL_IN,MTE2,438,280046,280484,280046,0,1,1
1734,MOVE,MTE1,63,280484,280547,280484,0,1,1
2560,FREE,,0,280547,280547,280547,0,1,1
3462,SPILL_OUT,MTE3,294,280547,280841,280691,144,0,0
1736,ALLOC,,0,280841,280841,280985,144,0,0
3097,SPILL_IN,MTE2,438,280547,280985,280547,0,1,1
1737,MOVE,MTE1,63,280985,281048,280985,0,1,1
2561,FREE,,0,281048,281048,281048,0,1,1
3464,SPILL_OUT,MTE3,294,281048,281342,281192,144,0,0
1739,ALLOC,,0,281342,281342,281486,144,0,0
3099,SPILL_IN,MTE2,438,281048,281486,281048,0,1,1
1740,MOVE,MTE1,63,281486,281549,281486,0,1,1
2562,FREE,,0,281549,281549,281549,0,1,1
3466,SPILL_OUT,MTE3,294,281549,281843,281693,144,0,0
1742,ALLOC,,0,281843,281843,281987,144,0,0
3101,SPILL_IN,MTE2,438,281549,281987,281549,0,1,1
1743,MOVE,MTE1,63,281987,282050,281987,0,1,1
2563,FREE,,0,282050,282050,282050,0,1,1
873,ALLOC,,0,282050,282050,282050,0,1,1
874,ALLOC,,0,214858,214858,282050,67192,0,0
875,D2S,MTE1,338,282050,282388,282050,0,1,1
2173,FREE,,0,282388,282388,282978,590,0,0
2124,FREE,,0,282388,282388,286702,4314,0,0
2136,FREE,,0,282388,282388,285784,3396,0,0
2148,FREE,,0,282388,282388,285784,3396,0,0
2160,FREE,,0,282388,282388,283459,1071,0,0
885,ALLOC,,0,213202,213202,282388,69186,0,0
936,CONV_ADD,CUBE,590,282388,282978,282388,0,1,1
2181,FREE,,0,282978,282978,283459,481,0,0
2172,FREE,,0,282978,282978,282978,0,0,1
2207,FREE,,0,282978,282978,283165,187,0,0
974,ALLOC,,0,282978,282978,282978,0,0,1
1015,CONV,CUBE,481,282978,283459,282978,0,1,1
2244,FREE,,0,283459,283459,784914,501455,0,0
976,ALLOC,,0,282978,282978,283459,481,0,0
3169,SPILL_IN,MTE2,294,282978,283272,283165,187,0,0
1027,CONV,CUBE,481,283459,283940,283459,0,1,1
2248,FREE,,0,283940,283940,283940,0,1,1
978,ALLOC,,0,233891,233891,284234,50343,0,0
3177,SPILL_IN,MTE2,294,283940,284234,283940,0,1,1
1039,CONV,CUBE,481,284234,284715,284234,0,1,1
2252,FREE,,0,284715,284715,284715,0,1,1
980,ALLOC,,0,233891,233891,285009,51118,0,0
3185,SPILL_IN,MTE2,294,284715,285009,284715,0,1,1
1051,CONV,CUBE,481,285009,285490,285009,0,1,1
2180,FREE,,0,285490,285490,285784,294,0,0
2256,FREE,,0,285490,285490,285490,0,1,1
876,ALLOC,,0,210692,210692,285446,74754,0,0
3468,SPILL_OUT,MTE3,3222,281843,285065,282224,381,0,0
877,ALLOC,,0,285065,285065,285446,381,0,0
878,D2S,MTE1,338,285065,285403,285446,381,0,0
2175,FREE,,0,285403,285403,304938,19535,0,0
2127,FREE,,0,285403,285403,289938,4535,0,0
2139,FREE,,0,285403,285403,285784,381,0,0
2151,FREE,,0,285403,285403,285784,381,0,0
2163,FREE,,0,285403,285403,286702,1299,0,0
887,ALLOC,,0,285403,285403,286702,1299,0,0
3161,SPILL_IN,MTE2,294,285490,285784,285490,0,1,1
3263,SPILL_IN,MTE2,918,285784,286702,285784,0,1,1
948,CONV_ADD,CUBE,590,286702,287292,286702,0,1,1
2183,FREE,,0,287292,287292,290922,3630,0,0
2174,FREE,,0,287292,287292,290184,2892,0,0
2211,FREE,,0,287292,287292,287292,0,1,1
3163,SPILL_IN,MTE2,294,287292,287586,287292,0,1,1
1018,CONV,CUBE,490,287586,288076,287586,0,1,1
2245,FREE,,0,288076,288076,288076,0,1,1
3171,SPILL_IN,MTE2,294,288076,288370,288076,0,1,1
1030,CONV,CUBE,490,288370,288860,288370,0,1,1
2249,FREE,,0,288860,288860,288860,0,1,1
3179,SPILL_IN,MTE2,294,288860,289154,288860,0,1,1
1042,CONV,CUBE,490,289154,289644,289154,0,1,1
2253,FREE,,0,289644,289644,289644,0,1,1
3187,SPILL_IN,MTE2,294,289644,289938,289644,0,1,1
1054,CONV,CUBE,490,289938,290428,290476,538,0,0
2182,FREE,,0,290428,290428,291260,832,0,0
2257,FREE,,0,290428,290428,290966,538,0,0
879,ALLOC,,0,287292,287292,290922,3630,0,0
880,ALLOC,,0,287292,287292,290922,3630,0,0
3255,SPILL_IN,MTE2,246,289938,290184,289938,0,1,1
3257,SPILL_IN,MTE2,246,290184,290430,290184,0,1,1
3259,SPILL_IN,MTE2,246,290430,290676,290430,0,1,1
3261,SPILL_IN,MTE2,246,290676,290922,290676,0,1,1
881,D2S,MTE1,338,290922,291260,290922,0,1,1
2177,FREE,,0,291260,291260,292178,918,0,0
2130,FREE,,0,291260,291260,295414,4154,0,0
2142,FREE,,0,291260,291260,291260,0,1,1
2154,FREE,,0,291260,291260,291260,0,0,1
2166,FREE,,0,291260,291260,291260,0,0,1
889,ALLOC,,0,291260,291260,292178,918,0,0
3157,SPILL_IN,MTE2,294,290922,291216,290966,44,0,0
3253,SPILL_IN,MTE2,918,291260,292178,291260,0,1,1
960,CONV_ADD,CUBE,590,292178,292768,292178,0,1,1
2185,FREE,,0,292768,292768,295660,2892,0,0
2176,FREE,,0,292768,292768,296398,3630,0,0
2215,FREE,,0,292768,292768,292768,0,1,1
3165,SPILL_IN,MTE2,294,292768,293062,292768,0,1,1
1021,CONV,CUBE,490,293062,293552,293062,0,1,1
2246,FREE,,0,293552,293552,293552,0,1,1
3173,SPILL_IN,MTE2,294,293552,293846,293552,0,1,1
1033,CONV,CUBE,490,293846,294336,293846,0,1,1
2250,FREE,,0,294336,294336,294336,0,1,1
3181,SPILL_IN,MTE2,294,294336,294630,294336,0,1,1
1045,CONV,CUBE,490,294630,295120,294630,0,1,1
2254,FREE,,0,295120,295120,295120,0,1,1
3189,SPILL_IN,MTE2,294,295120,295414,295120,0,1,1
1057,CONV,CUBE,490,295414,295904,295908,494,0,0
2184,FREE,,0,295904,295904,296398,494,0,0
2258,FREE,,0,295904,295904,296442,538,0,0
882,ALLOC,,0,292768,292768,296398,3630,0,0
883,ALLOC,,0,295904,295904,296398,494,0,0
3245,SPILL_IN,MTE2,246,295414,295660,295414,0,1,1
3247,SPILL_IN,MTE2,246,295660,295906,295660,0,1,1
3249,SPILL_IN,MTE2,246,295906,296152,295906,0,1,1
3251,SPILL_IN,MTE2,246,296152,296398,296152,0,1,1
884,D2S,MTE1,338,296398,296736,296398,0,1,1
2179,FREE,,0,296736,296736,297654,918,0,0
2133,FREE,,0,296736,296736,302410,5674,0,0
2145,FREE,,0,296736,296736,296736,0,1,1
2157,FREE,,0,296736,296736,296736,0,0,1
2169,FREE,,0,296736,296736,296736,0,0,1
891,ALLOC,,0,296736,296736,297654,918,0,0
3159,SPILL_IN,MTE2,294,296398,296692,296442,44,0,0
3243,SPILL_IN,MTE2,918,296736,297654,296736,0,1,1
972,CONV_ADD,CUBE,590,297654,298244,297654,0,1,1
2187,FREE,,0,298244,298244,299526,1282,0,0
2178,FREE,,0,298244,298244,298690,446,0,0
2010,FREE,,0,298244,298244,301654,3410,0,0
2219,FREE,,0,298244,298244,298244,0,1,1
973,ALLOC,,0,298244,298244,298690,446,0,0
3167,SPILL_IN,MTE2,294,298244,298538,298244,0,1,1
3241,SPILL_IN,MTE2,152,298538,298690,298538,0,1,1
1024,CONV_ADD,CUBE,542,298690,299232,298690,0,1,1
2221,FREE,,0,299232,299232,302410,3178,0,0
1932,FREE,,0,299232,299232,301654,2422,0,0
2247,FREE,,0,299232,299232,299232,0,1,1
975,ALLOC,,0,298244,298244,299678,1434,0,0
3175,SPILL_IN,MTE2,294,299232,299526,299232,0,1,1
3239,SPILL_IN,MTE2,152,299526,299678,299526,0,1,1
1036,CONV_ADD,CUBE,542,299678,300220,299678,0,1,1
2223,FREE,,0,300220,300220,303674,3454,0,0
1934,FREE,,0,300220,300220,300666,446,0,0
2251,FREE,,0,300220,300220,300220,0,1,1
977,ALLOC,,0,300220,300220,300666,446,0,0
3183,SPILL_IN,MTE2,294,300220,300514,300220,0,1,1
3237,SPILL_IN,MTE2,152,300514,300666,300514,0,1,1
1048,CONV_ADD,CUBE,542,300666,301208,300666,0,1,1
2225,FREE,,0,301208,301208,309994,8786,0,0
1936,FREE,,0,301208,301208,301502,294,0,0
2255,FREE,,0,301208,301208,301208,0,1,1
979,ALLOC,,0,299232,299232,301654,2422,0,0
3223,SPILL_IN,MTE2,294,301208,301502,301208,0,1,1
3235,SPILL_IN,MTE2,152,301502,301654,301502,0,1,1
1060,CONV_ADD,CUBE,542,301654,302196,301654,0,1,1
2227,FREE,,0,302196,302196,311890,9694,0,0
2186,FREE,,0,302196,302196,325419,23223,0,0
1938,FREE,,0,302196,302196,784914,482718,0,0
2259,FREE,,0,302196,302196,302196,0,1,1
1061,ALLOC,,0,299232,299232,302410,3178,0,0
3191,SPILL_IN,MTE2,214,302196,302410,302196,0,1,1
1066,CONV,CUBE,418,302410,302828,302410,0,1,1
2262,FREE,,0,302828,302828,302828,0,1,1
1067,ALLOC,,0,299232,299232,303042,3810,0,0
3193,SPILL_IN,MTE2,214,302828,303042,302828,0,1,1
1072,CONV,CUBE,418,303042,303460,303042,0,1,1
2265,FREE,,0,303460,303460,303460,0,1,1
1073,ALLOC,,0,300220,300220,303674,3454,0,0
3195,SPILL_IN,MTE2,214,303460,303674,303460,0,1,1
1078,CONV,CUBE,418,303674,304092,303674,0,1,1
2268,FREE,,0,304092,304092,304092,0,1,1
1079,ALLOC,,0,300220,300220,304306,4086,0,0
3197,SPILL_IN,MTE2,214,304092,304306,304092,0,1,1
1084,CONV,CUBE,418,304306,304724,304306,0,1,1
2271,FREE,,0,304724,304724,304724,0,1,1
1085,ALLOC,,0,300220,300220,304938,4718,0,0
3199,SPILL_IN,MTE2,214,304724,304938,304724,0,1,1
1090,CONV,CUBE,418,304938,305356,304938,0,1,1
2274,FREE,,0,305356,305356,305356,0,1,1
1091,ALLOC,,0,285403,285403,305570,20167,0,0
3201,SPILL_IN,MTE2,214,305356,305570,305356,0,1,1
1096,CONV,CUBE,418,305570,305988,305570,0,1,1
2277,FREE,,0,305988,305988,305988,0,1,1
1097,ALLOC,,0,285065,285065,306202,21137,0,0
3203,SPILL_IN,MTE2,214,305988,306202,305988,0,1,1
1102,CONV,CUBE,418,306202,306620,306202,0,1,1
2280,FREE,,0,306620,306620,306620,0,1,1
1103,ALLOC,,0,285065,285065,306834,21769,0,0
3205,SPILL_IN,MTE2,214,306620,306834,306620,0,1,1
1108,CONV,CUBE,418,306834,307252,306834,0,1,1
2283,FREE,,0,307252,307252,307252,0,1,1
1109,ALLOC,,0,285065,285065,307466,22401,0,0
3207,SPILL_IN,MTE2,214,307252,307466,307252,0,1,1
1114,CONV,CUBE,418,307466,307884,307466,0,1,1
2286,FREE,,0,307884,307884,307884,0,1,1
1115,ALLOC,,0,285065,285065,308098,23033,0,0
3209,SPILL_IN,MTE2,214,307884,308098,307884,0,1,1
1120,CONV,CUBE,418,308098,308516,308098,0,1,1
2289,FREE,,0,308516,308516,308516,0,1,1
1121,ALLOC,,0,285065,285065,308730,23665,0,0
3211,SPILL_IN,MTE2,214,308516,308730,308516,0,1,1
1126,CONV,CUBE,418,308730,309148,308730,0,1,1
2292,FREE,,0,309148,309148,309148,0,1,1
1127,ALLOC,,0,285065,285065,309362,24297,0,0
3213,SPILL_IN,MTE2,214,309148,309362,309148,0,1,1
1132,CONV,CUBE,418,309362,309780,309362,0,1,1
2295,FREE,,0,309780,309780,309780,0,1,1
1133,ALLOC,,0,301208,301208,309994,8786,0,0
3215,SPILL_IN,MTE2,214,309780,309994,309780,0,1,1
1138,CONV,CUBE,418,309994,310412,309994,0,1,1
2220,FREE,,0,310412,310412,310626,214,0,0
2298,FREE,,0,310412,310412,310412,0,1,1
1139,ALLOC,,0,310412,310412,310626,214,0,0
3217,SPILL_IN,MTE2,214,310412,310626,310412,0,1,1
1144,CONV,CUBE,418,310626,311044,310626,0,1,1
2222,FREE,,0,311044,311044,319784,8740,0,0
2301,FREE,,0,311044,311044,311044,0,1,1
1145,ALLOC,,0,301208,301208,311258,10050,0,0
3219,SPILL_IN,MTE2,214,311044,311258,311044,0,1,1
1150,CONV,CUBE,418,311258,311676,311258,0,1,1
2224,FREE,,0,311676,311676,319784,8108,0,0
2304,FREE,,0,311676,311676,311676,0,1,1
1151,ALLOC,,0,302196,302196,311890,9694,0,0
3221,SPILL_IN,MTE2,214,311676,311890,311676,0,1,1
1156,CONV,CUBE,418,311890,312308,311890,0,1,1
2226,FREE,,0,312308,312308,320985,8677,0,0
2307,FREE,,0,312308,312308,321903,9595,0,0
3470,SPILL_OUT,MTE3,534,312308,312842,312308,0,1,1
1157,ALLOC,,0,312842,312842,319784,6942,0,0
3472,SPILL_OUT,MTE3,534,312842,313376,312842,0,1,1
3474,SPILL_OUT,MTE3,534,313376,313910,313376,0,1,1
3476,SPILL_OUT,MTE3,534,313910,314444,313910,0,1,1
3478,SPILL_OUT,MTE3,534,314444,314978,314444,0,1,1
3480,SPILL_OUT,MTE3,534,314978,315512,314978,0,1,1
3482,SPILL_OUT,MTE3,534,315512,316046,315512,0,1,1
3484,SPILL_OUT,MTE3,534,316046,316580,316046,0,1,1
3486,SPILL_OUT,MTE3,534,316580,317114,316580,0,1,1
3488,SPILL_OUT,MTE3,534,317114,317648,317114,0,1,1
3490,SPILL_OUT,MTE3,534,317648,318182,317648,0,1,1
3492,SPILL_OUT,MTE3,534,318182,318716,318182,0,1,1
3494,SPILL_OUT,MTE3,534,318716,319250,318716,0,1,1
1158,ALLOC,,0,319250,319250,319784,534,0,0
3495,SPILL_IN,MTE2,534,319250,319784,319250,0,1,1
1159,D2S,MTE1,1201,319784,320985,319784,0,1,1
2309,FREE,,0,320985,320985,320985,0,0,1
2260,FREE,,0,320985,320985,320985,0,1,1
2272,FREE,,0,320985,320985,329793,8808,0,0
2284,FREE,,0,320985,320985,322197,1212,0,0
2296,FREE,,0,320985,320985,329793,8808,0,0
1169,ALLOC,,0,318716,318716,325419,6703,0,0
3233,SPILL_IN,MTE2,918,320985,321903,320985,0,1,1
3265,SPILL_IN,MTE2,294,321903,322197,321903,0,1,1
3267,SPILL_IN,MTE2,3222,322197,325419,322197,0,1,1
1198,CONV_ADD,CUBE,2003,325419,327422,325419,0,1,1
2317,FREE,,0,327422,327422,327716,294,0,0
2308,FREE,,0,327422,327422,329793,2371,0,0
2333,FREE,,0,327422,327422,327422,0,1,1
1218,ALLOC,,0,327422,327422,327716,294,0,0
3279,SPILL_IN,MTE2,294,327422,327716,327422,0,1,1
1259,CONV,CUBE,1783,327716,329499,327716,0,1,1
2364,FREE,,0,329499,329499,329499,0,1,1
1220,ALLOC,,0,327422,327422,329793,2371,0,0
3287,SPILL_IN,MTE2,294,329499,329793,329499,0,1,1
1271,CONV,CUBE,1783,329793,331576,329793,0,1,1
2368,FREE,,0,331576,331576,334504,2928,0,0
3496,SPILL_OUT,MTE3,3222,331576,334798,331576,0,1,1
1222,ALLOC,,0,334798,334798,334798,0,1,1
3295,SPILL_IN,MTE2,294,331576,331870,334504,2928,0,0
1283,CONV,CUBE,1783,334798,336581,334798,0,1,1
2372,FREE,,0,336581,336581,339509,2928,0,0
3498,SPILL_OUT,MTE3,3222,336581,339803,336581,0,1,1
1224,ALLOC,,0,339803,339803,339803,0,1,1
3303,SPILL_IN,MTE2,294,336581,336875,339509,2928,0,0
1295,CONV,CUBE,1783,339803,341586,339803,0,1,1
2316,FREE,,0,341586,341586,346962,5376,0,0
2376,FREE,,0,341586,341586,349471,7885,0,0
3500,SPILL_OUT,MTE3,3222,341586,344808,341586,0,1,1
1160,ALLOC,,0,344808,344808,348564,3756,0,0
1161,ALLOC,,0,344808,344808,348564,3756,0,0
3487,SPILL_IN,MTE2,534,336875,337409,346428,9553,0,0
3489,SPILL_IN,MTE2,534,341586,342120,346962,5376,0,0
3491,SPILL_IN,MTE2,534,342120,342654,347496,5376,0,0
3502,SPILL_OUT,MTE3,3222,344808,348030,344808,0,1,1
3493,SPILL_IN,MTE2,534,348030,348564,348030,0,1,1
1162,D2S,MTE1,1201,348564,349765,348564,0,1,1
2311,FREE,,0,349765,349765,360585,10820,0,0
2263,FREE,,0,349765,349765,386892,37127,0,0
2275,FREE,,0,349765,349765,352987,3222,0,0
2287,FREE,,0,349765,349765,352987,3222,0,0
2299,FREE,,0,349765,349765,349765,0,1,1
1171,ALLOC,,0,349765,349765,352987,3222,0,0
3269,SPILL_IN,MTE2,294,348564,348858,349471,907,0,0
3271,SPILL_IN,MTE2,3222,349765,352987,349765,0,1,1
1204,CONV_ADD,CUBE,2003,352987,354990,352987,0,1,1
2319,FREE,,0,354990,354990,355284,294,0,0
2310,FREE,,0,354990,354990,360585,5595,0,0
2335,FREE,,0,354990,354990,354990,0,1,1
3281,SPILL_IN,MTE2,294,354990,355284,354990,0,1,1
3503,SPILL_IN,MTE2,3222,355284,358506,355284,0,1,1
1262,CONV,CUBE,1785,358506,360291,358506,0,1,1
2365,FREE,,0,360291,360291,360291,0,1,1
3289,SPILL_IN,MTE2,294,360291,360585,360291,0,1,1
3497,SPILL_IN,MTE2,3222,360585,363807,360585,0,1,1
1274,CONV,CUBE,1785,363807,365592,363807,0,1,1
2369,FREE,,0,365592,365592,368520,2928,0,0
3297,SPILL_IN,MTE2,294,365592,365886,368520,2928,0,0
3504,SPILL_OUT,MTE3,3222,365592,368814,365592,0,1,1
3499,SPILL_IN,MTE2,3222,368814,372036,368814,0,1,1
1286,CONV,CUBE,1785,372036,373821,372036,0,1,1
2373,FREE,,0,373821,373821,376749,2928,0,0
3305,SPILL_IN,MTE2,294,373821,374115,376749,2928,0,0
3506,SPILL_OUT,MTE3,3222,373821,377043,373821,0,1,1
3501,SPILL_IN,MTE2,3222,377043,380265,377043,0,1,1
1298,CONV,CUBE,1785,380265,382050,380265,0,1,1
2318,FREE,,0,382050,382050,387426,5376,0,0
2377,FREE,,0,382050,382050,389935,7885,0,0
3508,SPILL_OUT,MTE3,3222,382050,385272,382050,0,1,1
1163,ALLOC,,0,385272,385272,389028,3756,0,0
1164,ALLOC,,0,385272,385272,389028,3756,0,0
3479,SPILL_IN,MTE2,534,380265,380799,386892,6627,0,0
3481,SPILL_IN,MTE2,534,382050,382584,387426,5376,0,0
3483,SPILL_IN,MTE2,534,382584,383118,387960,5376,0,0
3510,SPILL_OUT,MTE3,3222,385272,388494,385272,0,1,1
3485,SPILL_IN,MTE2,534,388494,389028,388494,0,1,1
1165,D2S,MTE1,1201,389028,390229,389028,0,1,1
2313,FREE,,0,390229,390229,401049,10820,0,0
2266,FREE,,0,390229,390229,427356,37127,0,0
2278,FREE,,0,390229,390229,393451,3222,0,0
2290,FREE,,0,390229,390229,393451,3222,0,0
2302,FREE,,0,390229,390229,390229,0,1,1
1173,ALLOC,,0,390229,390229,393451,3222,0,0
3273,SPILL_IN,MTE2,294,389028,389322,389935,907,0,0
3275,SPILL_IN,MTE2,3222,390229,393451,390229,0,1,1
1210,CONV_ADD,CUBE,2003,393451,395454,393451,0,1,1
2321,FREE,,0,395454,395454,395748,294,0,0
2312,FREE,,0,395454,395454,401049,5595,0,0
2337,FREE,,0,395454,395454,395454,0,1,1
3283,SPILL_IN,MTE2,294,395454,395748,395454,0,1,1
3511,SPILL_IN,MTE2,3222,395748,398970,395748,0,1,1
1265,CONV,CUBE,1785,398970,400755,398970,0,1,1
2366,FREE,,0,400755,400755,400755,0,1,1
3291,SPILL_IN,MTE2,294,400755,401049,400755,0,1,1
3505,SPILL_IN,MTE2,3222,401049,404271,401049,0,1,1
1277,CONV,CUBE,1785,404271,406056,404271,0,1,1
2370,FREE,,0,406056,406056,408984,2928,0,0
3299,SPILL_IN,MTE2,294,406056,406350,408984,2928,0,0
3512,SPILL_OUT,MTE3,3222,406056,409278,406056,0,1,1
3507,SPILL_IN,MTE2,3222,409278,412500,409278,0,1,1
1289,CONV,CUBE,1785,412500,414285,412500,0,1,1
2374,FREE,,0,414285,414285,417213,2928,0,0
3307,SPILL_IN,MTE2,294,414285,414579,417213,2928,0,0
3514,SPILL_OUT,MTE3,3222,414285,417507,414285,0,1,1
3509,SPILL_IN,MTE2,3222,417507,420729,417507,0,1,1
1301,CONV,CUBE,1785,420729,422514,420729,0,1,1
2320,FREE,,0,422514,422514,427890,5376,0,0
2378,FREE,,0,422514,422514,430399,7885,0,0
3516,SPILL_OUT,MTE3,3222,422514,425736,422514,0,1,1
1166,ALLOC,,0,425736,425736,429492,3756,0,0
1167,ALLOC,,0,425736,425736,429492,3756,0,0
3471,SPILL_IN,MTE2,534,420729,421263,427356,6627,0,0
3473,SPILL_IN,MTE2,534,422514,423048,427890,5376,0,0
3475,SPILL_IN,MTE2,534,423048,423582,428424,5376,0,0
3518,SPILL_OUT,MTE3,3222,425736,428958,425736,0,1,1
3477,SPILL_IN,MTE2,534,428958,429492,428958,0,1,1
1168,D2S,MTE1,1201,429492,430693,429492,0,1,1
2315,FREE,,0,430693,430693,452094,21401,0,0
2269,FREE,,0,430693,430693,433915,3222,0,0
2281,FREE,,0,430693,430693,433915,3222,0,0
2293,FREE,,0,430693,430693,430693,0,1,1
2305,FREE,,0,430693,430693,471517,40824,0,0
1175,ALLOC,,0,430693,430693,433915,3222,0,0
3277,SPILL_IN,MTE2,294,429492,429786,430399,907,0,0
3469,SPILL_IN,MTE2,3222,430693,433915,430693,0,1,1
1216,CONV_ADD,CUBE,2003,433915,435918,433915,0,1,1
2323,FREE,,0,435918,435918,436212,294,0,0
2314,FREE,,0,435918,435918,441506,5588,0,0
1820,FREE,,0,435918,435918,439434,3516,0,0
2339,FREE,,0,435918,435918,435918,0,1,1
1217,ALLOC,,0,435918,435918,439434,3516,0,0
3285,SPILL_IN,MTE2,294,435918,436212,435918,0,1,1
3519,SPILL_IN,MTE2,3222,436212,439434,436212,0,1,1
1268,CONV,CUBE,1778,439434,441212,439434,0,1,1
2341,FREE,,0,441212,441212,441506,294,0,0
2367,FREE,,0,441212,441212,441212,0,1,1
1219,ALLOC,,0,441212,441212,444728,3516,0,0
3293,SPILL_IN,MTE2,294,441212,441506,441212,0,1,1
3513,SPILL_IN,MTE2,3222,441506,444728,441506,0,1,1
1280,CONV,CUBE,1778,444728,446506,444728,0,1,1
2343,FREE,,0,446506,446506,446800,294,0,0
2371,FREE,,0,446506,446506,446506,0,1,1
1221,ALLOC,,0,446506,446506,450022,3516,0,0
3301,SPILL_IN,MTE2,294,446506,446800,446506,0,1,1
3515,SPILL_IN,MTE2,3222,446800,450022,446800,0,1,1
1292,CONV,CUBE,1778,450022,451800,450022,0,1,1
2345,FREE,,0,451800,451800,452094,294,0,0
2375,FREE,,0,451800,451800,451800,0,1,1
1223,ALLOC,,0,451800,451800,455316,3516,0,0
3309,SPILL_IN,MTE2,294,451800,452094,451800,0,1,1
3517,SPILL_IN,MTE2,3222,452094,455316,452094,0,1,1
1304,CONV,CUBE,1778,455316,457094,455316,0,1,1
2347,FREE,,0,457094,457094,457388,294,0,0
2322,FREE,,0,457094,457094,463623,6529,0,0
2379,FREE,,0,457094,457094,457094,0,1,1
1306,ALLOC,,0,457094,457094,457388,294,0,0
3311,SPILL_IN,MTE2,294,457094,457388,457094,0,1,1
1347,CONV,CUBE,1783,457388,459171,457388,0,1,1
2404,FREE,,0,459171,459171,459171,0,1,1
3313,SPILL_IN,MTE2,294,459171,459465,459171,0,1,1
1350,CONV,CUBE,1785,459465,461250,459465,0,1,1
2405,FREE,,0,461250,461250,461250,0,1,1
3315,SPILL_IN,MTE2,294,461250,461544,461250,0,1,1
1353,CONV,CUBE,1785,461544,463329,461544,0,1,1
2406,FREE,,0,463329,463329,463329,0,1,1
1305,ALLOC,,0,457094,457094,463623,6529,0,0
3231,SPILL_IN,MTE2,152,461544,461696,463177,1633,0,0
3317,SPILL_IN,MTE2,294,463329,463623,463329,0,1,1
1356,CONV_ADD,CUBE,1811,463623,465434,463623,0,1,1
2381,FREE,,0,465434,465434,465728,294,0,0
1956,FREE,,0,465434,465434,471963,6529,0,0
2407,FREE,,0,465434,465434,465434,0,1,1
1308,ALLOC,,0,465434,465434,465728,294,0,0
3319,SPILL_IN,MTE2,294,465434,465728,465434,0,1,1
1359,CONV,CUBE,1783,465728,467511,465728,0,1,1
2408,FREE,,0,467511,467511,467511,0,1,1
3321,SPILL_IN,MTE2,294,467511,467805,467511,0,1,1
1362,CONV,CUBE,1785,467805,469590,467805,0,1,1
2409,FREE,,0,469590,469590,469590,0,1,1
3323,SPILL_IN,MTE2,294,469590,469884,469590,0,1,1
1365,CONV,CUBE,1785,469884,471669,469884,0,1,1
2410,FREE,,0,471669,471669,471669,0,1,1
1307,ALLOC,,0,465434,465434,471963,6529,0,0
3229,SPILL_IN,MTE2,152,469884,470036,471517,1633,0,0
3325,SPILL_IN,MTE2,294,471669,471963,471669,0,1,1
1368,CONV_ADD,CUBE,1811,471963,473774,471963,0,1,1
2383,FREE,,0,473774,473774,474068,294,0,0
1958,FREE,,0,473774,473774,479857,6083,0,0
2411,FREE,,0,473774,473774,473774,0,1,1
1310,ALLOC,,0,473774,473774,474068,294,0,0
3327,SPILL_IN,MTE2,294,473774,474068,473774,0,1,1
1371,CONV,CUBE,1783,474068,475851,474068,0,1,1
2412,FREE,,0,475851,475851,475851,0,1,1
3329,SPILL_IN,MTE2,294,475851,476145,475851,0,1,1
1374,CONV,CUBE,1785,476145,477930,476145,0,1,1
2413,FREE,,0,477930,477930,477930,0,1,1
3331,SPILL_IN,MTE2,294,477930,478224,477930,0,1,1
1377,CONV,CUBE,1785,478224,480009,478224,0,1,1
2414,FREE,,0,480009,480009,480009,0,1,1
3520,SPILL_OUT,MTE3,918,473774,474692,479385,5611,0,0
1309,ALLOC,,0,474692,474692,480303,5611,0,0
3227,SPILL_IN,MTE2,152,478224,478376,479857,1633,0,0
3333,SPILL_IN,MTE2,294,480009,480303,480009,0,1,1
1380,CONV_ADD,CUBE,1811,480303,482114,480303,0,1,1
2385,FREE,,0,482114,482114,482408,294,0,0
1960,FREE,,0,482114,482114,488197,6083,0,0
2415,FREE,,0,482114,482114,482114,0,1,1
1312,ALLOC,,0,482114,482114,482408,294,0,0
3335,SPILL_IN,MTE2,294,482114,482408,482114,0,1,1
1383,CONV,CUBE,1783,482408,484191,482408,0,1,1
2340,FREE,,0,484191,484191,488643,4452,0,0
2416,FREE,,0,484191,484191,484191,0,1,1
3337,SPILL_IN,MTE2,294,484191,484485,484191,0,1,1
1386,CONV,CUBE,1785,484485,486270,484485,0,1,1
2342,FREE,,0,486270,486270,490748,4478,0,0
2417,FREE,,0,486270,486270,486270,0,1,1
3339,SPILL_IN,MTE2,294,486270,486564,486270,0,1,1
1389,CONV,CUBE,1785,486564,488349,486564,0,1,1
2344,FREE,,0,488349,488349,490748,2399,0,0
2418,FREE,,0,488349,488349,488349,0,1,1
1311,ALLOC,,0,484191,484191,488643,4452,0,0
3225,SPILL_IN,MTE2,152,486564,486716,488197,1633,0,0
3341,SPILL_IN,MTE2,294,488349,488643,488349,0,1,1
1392,CONV_ADD,CUBE,1811,488643,490454,488643,0,1,1
2387,FREE,,0,490454,490454,490748,294,0,0
2346,FREE,,0,490454,490454,490748,294,0,0
1962,FREE,,0,490454,490454,784914,294460,0,0
2419,FREE,,0,490454,490454,490454,0,1,1
1394,ALLOC,,0,490454,490454,490748,294,0,0
3343,SPILL_IN,MTE2,294,490454,490748,490454,0,1,1
1435,CONV,CUBE,1783,490748,492531,490748,0,1,1
2444,FREE,,0,492531,492531,492531,0,1,1
3345,SPILL_IN,MTE2,294,492531,492825,492531,0,1,1
3521,SPILL_IN,MTE2,918,492825,493743,492825,0,1,1
1438,CONV,CUBE,1785,493743,495528,493743,0,1,1
2445,FREE,,0,495528,495528,495528,0,1,1
3347,SPILL_IN,MTE2,294,495528,495822,495528,0,1,1
1441,CONV,CUBE,1785,495822,497607,495822,0,1,1
2446,FREE,,0,497607,497607,497607,0,1,1
1393,ALLOC,,0,490454,490454,497901,7447,0,0
3349,SPILL_IN,MTE2,294,497607,497901,497607,0,1,1
1444,CONV,CUBE,1778,497901,499679,497901,0,1,1
2421,FREE,,0,499679,499679,499973,294,0,0
2447,FREE,,0,499679,499679,499679,0,1,1
1396,ALLOC,,0,499679,499679,499973,294,0,0
3351,SPILL_IN,MTE2,294,499679,499973,499679,0,1,1
1447,CONV,CUBE,1783,499973,501756,499973,0,1,1
2448,FREE,,0,501756,501756,501756,0,1,1
3353,SPILL_IN,MTE2,294,501756,502050,501756,0,1,1
1450,CONV,CUBE,1785,502050,503835,502050,0,1,1
2449,FREE,,0,503835,503835,503835,0,1,1
3355,SPILL_IN,MTE2,294,503835,504129,503835,0,1,1
1453,CONV,CUBE,1785,504129,505914,504129,0,1,1
2450,FREE,,0,505914,505914,505914,0,1,1
3522,SPILL_OUT,MTE3,1686,499679,501365,504522,4843,0,0
1395,ALLOC,,0,501365,501365,506208,4843,0,0
3357,SPILL_IN,MTE2,294,505914,506208,505914,0,1,1
1456,CONV,CUBE,1778,506208,507986,506208,0,1,1
2423,FREE,,0,507986,507986,508280,294,0,0
2451,FREE,,0,507986,507986,507986,0,1,1
1398,ALLOC,,0,507986,507986,508280,294,0,0
3359,SPILL_IN,MTE2,294,507986,508280,507986,0,1,1
1459,CONV,CUBE,1783,508280,510063,508280,0,1,1
2452,FREE,,0,510063,510063,510063,0,1,1
3361,SPILL_IN,MTE2,294,510063,510357,510063,0,1,1
1462,CONV,CUBE,1785,510357,512142,510357,0,1,1
2453,FREE,,0,512142,512142,512142,0,1,1
3363,SPILL_IN,MTE2,294,512142,512436,512142,0,1,1
1465,CONV,CUBE,1785,512436,514221,512436,0,1,1
2454,FREE,,0,514221,514221,514221,0,1,1
3524,SPILL_OUT,MTE3,1686,507986,509672,512829,4843,0,0
1397,ALLOC,,0,509672,509672,514515,4843,0,0
3365,SPILL_IN,MTE2,294,514221,514515,514221,0,1,1
1468,CONV,CUBE,1778,514515,516293,514515,0,1,1
2425,FREE,,0,516293,516293,516587,294,0,0
2455,FREE,,0,516293,516293,516293,0,1,1
1400,ALLOC,,0,516293,516293,516587,294,0,0
3367,SPILL_IN,MTE2,294,516293,516587,516293,0,1,1
1471,CONV,CUBE,1783,516587,518370,516587,0,1,1
2380,FREE,,0,518370,518370,526580,8210,0,0
2456,FREE,,0,518370,518370,518370,0,1,1
3369,SPILL_IN,MTE2,294,518370,518664,518370,0,1,1
1474,CONV,CUBE,1785,518664,520449,518664,0,1,1
2382,FREE,,0,520449,520449,522822,2373,0,0
2457,FREE,,0,520449,520449,520449,0,1,1
3371,SPILL_IN,MTE2,294,520449,520743,520449,0,1,1
1477,CONV,CUBE,1785,520743,522528,520743,0,1,1
2384,FREE,,0,522528,522528,530379,7851,0,0
2458,FREE,,0,522528,522528,522528,0,1,1
3526,SPILL_OUT,MTE3,1686,516293,517979,521136,4843,0,0
1399,ALLOC,,0,520449,520449,522822,2373,0,0
3373,SPILL_IN,MTE2,294,522528,522822,522528,0,1,1
1480,CONV,CUBE,1778,522822,524600,522822,0,1,1
2427,FREE,,0,524600,524600,524894,294,0,0
2386,FREE,,0,524600,524600,526580,1980,0,0
2459,FREE,,0,524600,524600,524600,0,1,1
1482,ALLOC,,0,524600,524600,526580,1980,0,0
3375,SPILL_IN,MTE2,294,524600,524894,524600,0,1,1
3523,SPILL_IN,MTE2,1686,524894,526580,524894,0,1,1
1523,CONV,CUBE,3505,526580,530085,526580,0,1,1
2484,FREE,,0,530085,530085,530085,0,1,1
3377,SPILL_IN,MTE2,294,530085,530379,530085,0,1,1
3525,SPILL_IN,MTE2,1686,530379,532065,530379,0,1,1
1526,CONV,CUBE,3771,532065,535836,532065,0,1,1
2485,FREE,,0,535836,535836,537228,1392,0,0
3379,SPILL_IN,MTE2,294,535836,536130,537228,1392,0,0
3528,SPILL_OUT,MTE3,1686,535836,537522,535836,0,1,1
3527,SPILL_IN,MTE2,1686,537522,539208,537522,0,1,1
1529,CONV,CUBE,3771,539208,542979,539208,0,1,1
2486,FREE,,0,542979,542979,544371,1392,0,0
3530,SPILL_OUT,MTE3,1686,542979,544665,542979,0,1,1
1481,ALLOC,,0,544665,544665,544665,0,1,1
3381,SPILL_IN,MTE2,294,542979,543273,544371,1392,0,0
1532,CONV,CUBE,3506,544665,548171,544665,0,1,1
2461,FREE,,0,548171,548171,548465,294,0,0
2487,FREE,,0,548171,548171,548171,0,1,1
1484,ALLOC,,0,548171,548171,548465,294,0,0
3383,SPILL_IN,MTE2,294,548171,548465,548171,0,1,1
1535,CONV,CUBE,3505,548465,551970,548465,0,1,1
2488,FREE,,0,551970,551970,551970,0,1,1
3385,SPILL_IN,MTE2,294,551970,552264,551970,0,1,1
3532,SPILL_OUT,MTE3,1686,548171,549857,550578,2407,0,0
3529,SPILL_IN,MTE2,1686,552264,553950,552264,0,1,1
1538,CONV,CUBE,3771,553950,557721,553950,0,1,1
2489,FREE,,0,557721,557721,559113,1392,0,0
3387,SPILL_IN,MTE2,294,557721,558015,559113,1392,0,0
3534,SPILL_OUT,MTE3,1686,557721,559407,557721,0,1,1
3531,SPILL_IN,MTE2,1686,559407,561093,559407,0,1,1
1541,CONV,CUBE,3771,561093,564864,561093,0,1,1
2490,FREE,,0,564864,564864,566256,1392,0,0
3536,SPILL_OUT,MTE3,1686,564864,566550,564864,0,1,1
1483,ALLOC,,0,566550,566550,566550,0,1,1
3389,SPILL_IN,MTE2,294,564864,565158,566256,1392,0,0
1544,CONV,CUBE,3506,566550,570056,566550,0,1,1
2463,FREE,,0,570056,570056,570350,294,0,0
2491,FREE,,0,570056,570056,570056,0,1,1
1486,ALLOC,,0,570056,570056,570350,294,0,0
3391,SPILL_IN,MTE2,294,570056,570350,570056,0,1,1
1547,CONV,CUBE,3505,570350,573855,570350,0,1,1
2492,FREE,,0,573855,573855,573855,0,1,1
3393,SPILL_IN,MTE2,294,573855,574149,573855,0,1,1
3538,SPILL_OUT,MTE3,1686,570056,571742,572463,2407,0,0
3535,SPILL_IN,MTE2,1686,574149,575835,574149,0,1,1
1550,CONV,CUBE,3771,575835,579606,575835,0,1,1
2493,FREE,,0,579606,579606,580998,1392,0,0
3395,SPILL_IN,MTE2,294,579606,579900,580998,1392,0,0
3540,SPILL_OUT,MTE3,1686,579606,581292,579606,0,1,1
3537,SPILL_IN,MTE2,1686,581292,582978,581292,0,1,1
1553,CONV,CUBE,3771,582978,586749,582978,0,1,1
2494,FREE,,0,586749,586749,588141,1392,0,0
3542,SPILL_OUT,MTE3,1686,586749,588435,586749,0,1,1
1485,ALLOC,,0,588435,588435,588435,0,1,1
3397,SPILL_IN,MTE2,294,586749,587043,588141,1392,0,0
1556,CONV,CUBE,3506,588435,591941,588435,0,1,1
2465,FREE,,0,591941,591941,592235,294,0,0
2495,FREE,,0,591941,591941,591941,0,1,1
1488,ALLOC,,0,591941,591941,592235,294,0,0
3399,SPILL_IN,MTE2,294,591941,592235,591941,0,1,1
1559,CONV,CUBE,3505,592235,595740,592235,0,1,1
2420,FREE,,0,595740,595740,596034,294,0,0
2496,FREE,,0,595740,595740,595740,0,1,1
3401,SPILL_IN,MTE2,294,595740,596034,595740,0,1,1
3541,SPILL_IN,MTE2,1686,596034,597720,596034,0,1,1
1562,CONV,CUBE,3771,597720,601491,597720,0,1,1
2422,FREE,,0,601491,601491,601785,294,0,0
2497,FREE,,0,601491,601491,601491,0,1,1
3403,SPILL_IN,MTE2,294,601491,601785,601491,0,1,1
3543,SPILL_IN,MTE2,1686,601785,603471,601785,0,1,1
1565,CONV,CUBE,3771,603471,607242,603471,0,1,1
2424,FREE,,0,607242,607242,607536,294,0,0
2498,FREE,,0,607242,607242,607242,0,1,1
1487,ALLOC,,0,607242,607242,607536,294,0,0
3405,SPILL_IN,MTE2,294,607242,607536,607242,0,1,1
1568,CONV,CUBE,3506,607536,611042,607536,0,1,1
2467,FREE,,0,611042,611042,613022,1980,0,0
2426,FREE,,0,611042,611042,611336,294,0,0
2499,FREE,,0,611042,611042,611042,0,1,1
1570,ALLOC,,0,611042,611042,613022,1980,0,0
3407,SPILL_IN,MTE2,294,611042,611336,611042,0,1,1
3533,SPILL_IN,MTE2,1686,611336,613022,611336,0,1,1
1611,CONV,CUBE,3505,613022,616527,613022,0,1,1
2524,FREE,,0,616527,616527,617919,1392,0,0
3409,SPILL_IN,MTE2,294,616527,616821,617919,1392,0,0
3544,SPILL_OUT,MTE3,1686,616527,618213,616527,0,1,1
3539,SPILL_IN,MTE2,1686,618213,619899,618213,0,1,1
1614,CONV,CUBE,3771,619899,623670,619899,0,1,1
2525,FREE,,0,623670,623670,623670,0,1,1
3411,SPILL_IN,MTE2,294,623670,623964,623670,0,1,1
1617,CONV,CUBE,3771,623964,627735,623964,0,1,1
2526,FREE,,0,627735,627735,629127,1392,0,0
3546,SPILL_OUT,MTE3,1686,627735,629421,627735,0,1,1
1569,ALLOC,,0,629421,629421,629421,0,1,1
3413,SPILL_IN,MTE2,294,627735,628029,629127,1392,0,0
1620,CONV,CUBE,3506,629421,632927,629421,0,1,1
2501,FREE,,0,632927,632927,636299,3372,0,0
2527,FREE,,0,632927,632927,634319,1392,0,0
1572,ALLOC,,0,632927,632927,636299,3372,0,0
3415,SPILL_IN,MTE2,294,632927,633221,634319,1392,0,0
3548,SPILL_OUT,MTE3,1686,632927,634613,632927,0,1,1
3545,SPILL_IN,MTE2,1686,634613,636299,634613,0,1,1
1623,CONV,CUBE,3505,636299,639804,636299,0,1,1
2528,FREE,,0,639804,639804,639804,0,1,1
3417,SPILL_IN,MTE2,294,639804,640098,639804,0,1,1
1626,CONV,CUBE,3771,640098,643869,640098,0,1,1
2529,FREE,,0,643869,643869,645261,1392,0,0
3419,SPILL_IN,MTE2,294,643869,644163,645261,1392,0,0
3550,SPILL_OUT,MTE3,1686,643869,645555,643869,0,1,1
3547,SPILL_IN,MTE2,1686,645555,647241,645555,0,1,1
1629,CONV,CUBE,3771,647241,651012,647241,0,1,1
2530,FREE,,0,651012,651012,652404,1392,0,0
3552,SPILL_OUT,MTE3,1686,651012,652698,651012,0,1,1
1571,ALLOC,,0,652698,652698,652698,0,1,1
3421,SPILL_IN,MTE2,294,651012,651306,652404,1392,0,0
1632,CONV,CUBE,3506,652698,656204,652698,0,1,1
2503,FREE,,0,656204,656204,656498,294,0,0
2531,FREE,,0,656204,656204,656204,0,1,1
1574,ALLOC,,0,656204,656204,656498,294,0,0
3423,SPILL_IN,MTE2,294,656204,656498,656204,0,1,1
1635,CONV,CUBE,3505,656498,660003,656498,0,1,1
2532,FREE,,0,660003,660003,660003,0,1,1
3425,SPILL_IN,MTE2,294,660003,660297,660003,0,1,1
3554,SPILL_OUT,MTE3,1686,656204,657890,658611,2407,0,0
3551,SPILL_IN,MTE2,1686,660297,661983,660297,0,1,1
1638,CONV,CUBE,3771,661983,665754,661983,0,1,1
2533,FREE,,0,665754,665754,667146,1392,0,0
3427,SPILL_IN,MTE2,294,665754,666048,667146,1392,0,0
3556,SPILL_OUT,MTE3,1686,665754,667440,665754,0,1,1
3553,SPILL_IN,MTE2,1686,667440,669126,667440,0,1,1
1641,CONV,CUBE,3771,669126,672897,669126,0,1,1
2534,FREE,,0,672897,672897,674289,1392,0,0
3558,SPILL_OUT,MTE3,1686,672897,674583,672897,0,1,1
1573,ALLOC,,0,674583,674583,674583,0,1,1
3429,SPILL_IN,MTE2,294,672897,673191,674289,1392,0,0
1644,CONV,CUBE,3506,674583,678089,674583,0,1,1
2505,FREE,,0,678089,678089,678383,294,0,0
2535,FREE,,0,678089,678089,678089,0,1,1
1576,ALLOC,,0,678089,678089,678383,294,0,0
3431,SPILL_IN,MTE2,294,678089,678383,678089,0,1,1
1647,CONV,CUBE,3505,678383,681888,678383,0,1,1
2460,FREE,,0,681888,681888,682182,294,0,0
2536,FREE,,0,681888,681888,681888,0,1,1
3433,SPILL_IN,MTE2,294,681888,682182,681888,0,1,1
3557,SPILL_IN,MTE2,1686,682182,683868,682182,0,1,1
1650,CONV,CUBE,3771,683868,687639,683868,0,1,1
2462,FREE,,0,687639,687639,687933,294,0,0
2537,FREE,,0,687639,687639,687639,0,1,1
3435,SPILL_IN,MTE2,294,687639,687933,687639,0,1,1
3559,SPILL_IN,MTE2,1686,687933,689619,687933,0,1,1
1653,CONV,CUBE,3771,689619,693390,689619,0,1,1
2464,FREE,,0,693390,693390,693684,294,0,0
2538,FREE,,0,693390,693390,693390,0,1,1
1575,ALLOC,,0,693390,693390,693684,294,0,0
3437,SPILL_IN,MTE2,294,693390,693684,693390,0,1,1
1656,CONV,CUBE,3506,693684,697190,693684,0,1,1
2507,FREE,,0,697190,697190,699170,1980,0,0
2466,FREE,,0,697190,697190,697484,294,0,0
2539,FREE,,0,697190,697190,697190,0,1,1
1658,ALLOC,,0,697190,697190,699170,1980,0,0
3439,SPILL_IN,MTE2,294,697190,697484,697190,0,1,1
3549,SPILL_IN,MTE2,1686,697484,699170,697484,0,1,1
1699,CONV,CUBE,3505,699170,702675,699170,0,1,1
2564,FREE,,0,702675,702675,704067,1392,0,0
3441,SPILL_IN,MTE2,294,702675,702969,704067,1392,0,0
3560,SPILL_OUT,MTE3,1686,702675,704361,702675,0,1,1
3555,SPILL_IN,MTE2,1686,704361,706047,704361,0,1,1
1702,CONV,CUBE,3771,706047,709818,706047,0,1,1
2565,FREE,,0,709818,709818,709818,0,1,1
3443,SPILL_IN,MTE2,294,709818,710112,709818,0,1,1
1705,CONV,CUBE,3771,710112,713883,710112,0,1,1
2566,FREE,,0,713883,713883,715275,1392,0,0
3562,SPILL_OUT,MTE3,1686,713883,715569,713883,0,1,1
1657,ALLOC,,0,715569,715569,715569,0,1,1
3445,SPILL_IN,MTE2,294,713883,714177,715275,1392,0,0
1708,CONV,CUBE,3506,715569,719075,715569,0,1,1
2541,FREE,,0,719075,719075,722539,3464,0,0
2567,FREE,,0,719075,719075,720559,1484,0,0
1745,COPY_OUT,MTE3,1778,719075,720853,719075,0,1,1
2540,FREE,,0,720853,720853,720853,0,1,1
1660,ALLOC,,0,719075,719075,722539,3464,0,0
3447,SPILL_IN,MTE2,294,719075,719369,720559,1484,0,0
3561,SPILL_IN,MTE2,1686,720853,722539,720853,0,1,1
1711,CONV,CUBE,3505,722539,726044,722539,0,1,1
2568,FREE,,0,726044,726044,726044,0,1,1
3449,SPILL_IN,MTE2,294,726044,726338,726044,0,1,1
1714,CONV,CUBE,3771,726338,730109,726338,0,1,1
2569,FREE,,0,730109,730109,731501,1392,0,0
3451,SPILL_IN,MTE2,294,730109,730403,731501,1392,0,0
3564,SPILL_OUT,MTE3,1686,730109,731795,730109,0,1,1
3563,SPILL_IN,MTE2,1686,731795,733481,731795,0,1,1
1717,CONV,CUBE,3771,733481,737252,733481,0,1,1
2570,FREE,,0,737252,737252,738644,1392,0,0
3566,SPILL_OUT,MTE3,1686,737252,738938,737252,0,1,1
1659,ALLOC,,0,738938,738938,738938,0,1,1
3453,SPILL_IN,MTE2,294,737252,737546,738644,1392,0,0
1720,CONV,CUBE,3506,738938,742444,738938,0,1,1
2543,FREE,,0,742444,742444,742738,294,0,0
2571,FREE,,0,742444,742444,742444,0,1,1
1746,COPY_OUT,MTE3,1778,742444,744222,744759,2315,0,0
2542,FREE,,0,744222,744222,746537,2315,0,0
1662,ALLOC,,0,742444,742444,742738,294,0,0
3455,SPILL_IN,MTE2,294,742444,742738,742444,0,1,1
1723,CONV,CUBE,3505,742738,746243,742738,0,1,1
2572,FREE,,0,746243,746243,746243,0,1,1
3457,SPILL_IN,MTE2,294,746243,746537,746243,0,1,1
3565,SPILL_IN,MTE2,1686,746537,748223,746537,0,1,1
1726,CONV,CUBE,3771,748223,751994,748223,0,1,1
2573,FREE,,0,751994,751994,753386,1392,0,0
3459,SPILL_IN,MTE2,294,751994,752288,753386,1392,0,0
3568,SPILL_OUT,MTE3,1686,751994,753680,751994,0,1,1
3567,SPILL_IN,MTE2,1686,753680,755366,753680,0,1,1
1729,CONV,CUBE,3771,755366,759137,755366,0,1,1
2574,FREE,,0,759137,759137,760529,1392,0,0
3570,SPILL_OUT,MTE3,1686,759137,760823,759137,0,1,1
1661,ALLOC,,0,760823,760823,760823,0,1,1
3461,SPILL_IN,MTE2,294,759137,759431,760529,1392,0,0
1732,CONV,CUBE,3506,760823,764329,760823,0,1,1
2545,FREE,,0,764329,764329,764623,294,0,0
2575,FREE,,0,764329,764329,764329,0,1,1
1747,COPY_OUT,MTE3,1778,764329,766107,766644,2315,0,0
2544,FREE,,0,766107,766107,768422,2315,0,0
1664,ALLOC,,0,764329,764329,764623,294,0,0
3463,SPILL_IN,MTE2,294,764329,764623,764329,0,1,1
1735,CONV,CUBE,3505,764623,768128,764623,0,1,1
2500,FREE,,0,768128,768128,784914,16786,0,0
2576,FREE,,0,768128,768128,768128,0,1,1
3465,SPILL_IN,MTE2,294,768128,768422,768128,0,1,1
3569,SPILL_IN,MTE2,1686,768422,770108,768422,0,1,1
1738,CONV,CUBE,3771,770108,773879,770108,0,1,1
2502,FREE,,0,773879,773879,774173,294,0,0
2577,FREE,,0,773879,773879,773879,0,1,1
3467,SPILL_IN,MTE2,294,773879,774173,773879,0,1,1
3571,SPILL_IN,MTE2,1686,774173,775859,774173,0,1,1
1741,CONV,CUBE,3771,775859,779630,775859,0,1,1
2504,FREE,,0,779630,779630,779630,0,1,1
2578,FREE,,0,779630,779630,784914,5284,0,0
1663,ALLOC,,0,779630,779630,779630,0,1,1
1744,CONV,CUBE,3506,779630,783136,779630,0,1,1
2547,FREE,,0,783136,783136,784914,1778,0,0
2506,FREE,,0,783136,783136,784914,1778,0,0
2579,FREE,,0,783136,783136,784914,1778,0,0
1748,COPY_OUT,MTE3,1778,783136,784914,783136,0,1,1
2546,FREE,,0,784914,784914,784914,0,0,1
