node_id,op,pipe,cycles,start,finish,latest_start,slack,on_representative_critical_path,on_any_critical_path
46,ALLOC,,0,0,0,3160,3160,0,0
1,ALLOC,,0,0,0,0,0,1,1
3,COPY_IN,MTE2,581,0,581,0,0,1,1
5,ALLOC,,0,0,0,2080,2080,0,0
7,MOVE,MTE1,31,581,612,2080,1499,0,0
2,ALLOC,,0,0,0,581,581,0,0
4,COPY_IN,MTE2,581,581,1162,581,0,1,1
6,ALLOC,,0,0,0,2111,2111,0,0
8,MOVE,MTE1,54,1162,1216,2111,949,0,0
0,ALLOC,,0,0,0,2165,2165,0,0
9,MATMUL,CUBE,128,1216,1344,2165,949,0,0
4627,FREE,,0,1344,1344,2293,949,0,0
4628,FREE,,0,1344,1344,2324,980,0,0
10,ALLOC,,0,0,0,1162,1162,0,0
12,COPY_IN,MTE2,581,1162,1743,1162,0,1,1
14,ALLOC,,0,1344,1344,2293,949,0,0
16,MOVE,MTE1,31,1743,1774,2293,550,0,0
11,ALLOC,,0,0,0,1743,1743,0,0
13,COPY_IN,MTE2,581,1743,2324,1743,0,1,1
15,ALLOC,,0,1344,1344,2324,980,0,0
17,MOVE,MTE1,54,2324,2378,2324,0,1,1
18,MATMUL,CUBE,128,2378,2506,2378,0,1,1
4631,FREE,,0,2506,2506,3497,991,0,0
4632,FREE,,0,2506,2506,3528,1022,0,0
19,ALLOC,,0,0,0,2506,2506,0,0
21,COPY,FIXP,41,2506,2547,2506,0,1,1
4624,FREE,,0,2547,2547,3582,1035,0,0
20,ALLOC,,0,0,0,2547,2547,0,0
22,ROWMAX,VECTOR,310,2547,2857,2547,0,1,1
26,ALLOC,,0,0,0,2857,2857,0,0
27,SUB,VECTOR,151,2857,3008,2857,0,1,1
4633,FREE,,0,3008,3008,3008,0,0,1
28,ALLOC,,0,3008,3008,3008,0,0,1
29,EXP,VECTOR,218,3008,3226,3008,0,1,1
4637,FREE,,0,3226,3226,4125,899,0,0
30,ALLOC,,0,3226,3226,4125,899,0,0
31,ROWSUM,VECTOR,342,3226,3568,4125,899,0,0
36,ALLOC,,0,0,0,3226,3226,0,0
38,COPY,MTE3,271,3226,3497,3226,0,1,1
4638,FREE,,0,3568,3568,4467,899,0,0
40,ALLOC,,0,2506,2506,3497,991,0,0
42,MOVE,MTE1,31,3497,3528,3497,0,1,1
37,ALLOC,,0,0,0,2579,2579,0,0
39,COPY_IN,MTE2,581,2324,2905,2579,255,0,0
41,ALLOC,,0,2506,2506,3528,1022,0,0
43,MOVE,MTE1,54,3528,3582,3528,0,1,1
35,ALLOC,,0,2547,2547,3582,1035,0,0
44,MATMUL,CUBE,128,3582,3710,3582,0,1,1
4645,FREE,,0,3710,3710,3710,0,1,1
4646,FREE,,0,3710,3710,4454,744,0,0
53,ALLOC,,0,3568,3568,4467,899,0,0
54,COPY,FIXP,41,3710,3751,4467,757,0,0
4642,FREE,,0,3751,3751,4508,757,0,0
48,ALLOC,,0,3710,3710,3710,0,1,1
50,MOVE,MTE1,31,3710,3741,3710,0,1,1
4643,FREE,,0,3741,3741,3741,0,1,1
47,COPY_IN,MTE2,581,2905,3486,3160,255,0,0
49,ALLOC,,0,3710,3710,4454,744,0,0
51,MOVE,MTE1,54,3741,3795,4454,713,0,0
45,ALLOC,,0,3751,3751,4508,757,0,0
52,MATMUL,CUBE,128,3795,3923,4508,713,0,0
4649,FREE,,0,3923,3923,4690,767,0,0
4650,FREE,,0,3923,3923,4636,713,0,0
55,ALLOC,,0,0,0,4680,4680,0,0
56,COPY,FIXP,41,3923,3964,4680,757,0,0
4647,FREE,,0,3964,3964,4721,757,0,0
61,ALLOC,,0,3923,3923,4636,713,0,0
63,MOVE,MTE1,54,3923,3977,4636,713,0,0
58,ALLOC,,0,3741,3741,3741,0,1,1
59,COPY_IN,MTE2,581,3741,4322,3741,0,1,1
60,ALLOC,,0,3923,3923,4690,767,0,0
62,MOVE,MTE1,31,4322,4353,4690,368,0,0
57,ALLOC,,0,3964,3964,4721,757,0,0
64,MATMUL,CUBE,128,4353,4481,4721,368,0,0
4655,FREE,,0,4481,4481,4903,422,0,0
4656,FREE,,0,4481,4481,4849,368,0,0
68,ALLOC,,0,4481,4481,4849,368,0,0
70,MOVE,MTE1,54,4481,4535,4849,368,0,0
65,ALLOC,,0,0,0,4322,4322,0,0
66,COPY_IN,MTE2,581,4322,4903,4322,0,1,1
67,ALLOC,,0,4481,4481,4903,422,0,0
69,MOVE,MTE1,31,4903,4934,4903,0,1,1
71,MATMUL,CUBE,128,4934,5062,4934,0,1,1
4658,FREE,,0,5062,5062,6053,991,0,0
4659,FREE,,0,5062,5062,5999,937,0,0
72,ALLOC,,0,0,0,5062,5062,0,0
74,COPY,FIXP,41,5062,5103,5062,0,1,1
4653,FREE,,0,5103,5103,6084,981,0,0
73,ALLOC,,0,0,0,5103,5103,0,0
75,ROWMAX,VECTOR,310,5103,5413,5103,0,1,1
79,ALLOC,,0,0,0,5413,5413,0,0
80,SUB,VECTOR,151,5413,5564,5413,0,1,1
4660,FREE,,0,5564,5564,5564,0,0,1
81,ALLOC,,0,5564,5564,5564,0,0,1
82,EXP,VECTOR,218,5564,5782,5564,0,1,1
4664,FREE,,0,5782,5782,6145,363,0,0
83,ALLOC,,0,5782,5782,6145,363,0,0
84,ROWSUM,VECTOR,342,5782,6124,6145,363,0,0
92,ALLOC,,0,5062,5062,5999,937,0,0
94,MOVE,MTE1,54,5062,5116,5999,937,0,0
89,ALLOC,,0,0,0,5782,5782,0,0
90,COPY,MTE3,271,5782,6053,5782,0,1,1
4665,FREE,,0,6124,6124,6487,363,0,0
91,ALLOC,,0,5062,5062,6053,991,0,0
93,MOVE,MTE1,31,6053,6084,6053,0,1,1
88,ALLOC,,0,5103,5103,6084,981,0,0
95,MATMUL,CUBE,128,6084,6212,6084,0,1,1
4671,FREE,,0,6212,6212,6212,0,1,1
4672,FREE,,0,6212,6212,6474,262,0,0
102,ALLOC,,0,6124,6124,6487,363,0,0
103,COPY,FIXP,41,6212,6253,6487,275,0,0
4669,FREE,,0,6253,6253,6528,275,0,0
97,ALLOC,,0,6212,6212,6212,0,1,1
99,MOVE,MTE1,31,6212,6243,6212,0,1,1
4670,FREE,,0,6243,6243,6243,0,1,1
98,ALLOC,,0,6212,6212,6474,262,0,0
100,MOVE,MTE1,54,6243,6297,6474,231,0,0
96,ALLOC,,0,6253,6253,6528,275,0,0
101,MATMUL,CUBE,128,6297,6425,6528,231,0,0
4674,FREE,,0,6425,6425,7192,767,0,0
4675,FREE,,0,6425,6425,7138,713,0,0
104,ALLOC,,0,0,0,6656,6656,0,0
105,COPY,FIXP,41,6425,6466,6656,231,0,0
4673,FREE,,0,6466,6466,7223,757,0,0
110,ALLOC,,0,6425,6425,7138,713,0,0
112,MOVE,MTE1,54,6425,6479,7138,713,0,0
107,ALLOC,,0,6243,6243,6243,0,1,1
108,COPY_IN,MTE2,581,6243,6824,6243,0,1,1
109,ALLOC,,0,6425,6425,7192,767,0,0
111,MOVE,MTE1,31,6824,6855,7192,368,0,0
106,ALLOC,,0,6466,6466,7223,757,0,0
113,MATMUL,CUBE,128,6855,6983,7223,368,0,0
4680,FREE,,0,6983,6983,7405,422,0,0
4681,FREE,,0,6983,6983,7351,368,0,0
117,ALLOC,,0,6983,6983,7351,368,0,0
119,MOVE,MTE1,54,6983,7037,7351,368,0,0
114,ALLOC,,0,0,0,6824,6824,0,0
115,COPY_IN,MTE2,581,6824,7405,6824,0,1,1
116,ALLOC,,0,6983,6983,7405,422,0,0
118,MOVE,MTE1,31,7405,7436,7405,0,1,1
120,MATMUL,CUBE,128,7436,7564,7436,0,1,1
4683,FREE,,0,7564,7564,8555,991,0,0
4684,FREE,,0,7564,7564,8501,937,0,0
6952,SPILL_OUT,MTE3,406,6466,6872,6697,231,0,0
121,ALLOC,,0,6872,6872,7564,692,0,0
123,COPY,FIXP,41,7564,7605,7564,0,1,1
4678,FREE,,0,7605,7605,8586,981,0,0
6954,SPILL_OUT,MTE3,406,6872,7278,7103,231,0,0
122,ALLOC,,0,7278,7278,7605,327,0,0
124,ROWMAX,VECTOR,310,7605,7915,7605,0,1,1
6956,SPILL_OUT,MTE3,406,7278,7684,7509,231,0,0
128,ALLOC,,0,7684,7684,7915,231,0,0
129,SUB,VECTOR,151,7915,8066,7915,0,1,1
4685,FREE,,0,8066,8066,8066,0,0,1
130,ALLOC,,0,8066,8066,8066,0,0,1
131,EXP,VECTOR,218,8066,8284,8066,0,1,1
4689,FREE,,0,8284,8284,8372,88,0,0
132,ALLOC,,0,8284,8284,8372,88,0,0
133,ROWSUM,VECTOR,342,8284,8626,8372,88,0,0
141,ALLOC,,0,7564,7564,8501,937,0,0
143,MOVE,MTE1,54,7564,7618,8501,937,0,0
138,ALLOC,,0,0,0,8284,8284,0,0
139,COPY,MTE3,271,8284,8555,8284,0,1,1
4690,FREE,,0,8626,8626,8714,88,0,0
140,ALLOC,,0,7564,7564,8555,991,0,0
142,MOVE,MTE1,31,8555,8586,8555,0,1,1
137,ALLOC,,0,7605,7605,8586,981,0,0
144,MATMUL,CUBE,128,8586,8714,8586,0,1,1
4696,FREE,,0,8714,8714,8717,3,0,0
4697,FREE,,0,8714,8714,8979,265,0,0
151,ALLOC,,0,8626,8626,8714,88,0,0
152,COPY,FIXP,41,8714,8755,8714,0,1,1
4694,FREE,,0,8755,8755,9033,278,0,0
146,ALLOC,,0,8714,8714,8717,3,0,0
148,MOVE,MTE1,31,8714,8745,8717,3,0,0
4695,FREE,,0,8745,8745,8748,3,0,0
147,ALLOC,,0,8714,8714,8979,265,0,0
149,MOVE,MTE1,54,8745,8799,8979,234,0,0
145,ALLOC,,0,8755,8755,9033,278,0,0
150,MATMUL,CUBE,128,8799,8927,9033,234,0,0
4699,FREE,,0,8927,8927,9697,770,0,0
4700,FREE,,0,8927,8927,9643,716,0,0
6958,SPILL_OUT,MTE3,406,8755,9161,8755,0,1,1
153,ALLOC,,0,9161,9161,9161,0,1,1
154,COPY,FIXP,41,9161,9202,9161,0,1,1
4698,FREE,,0,9202,9202,9728,526,0,0
159,ALLOC,,0,8927,8927,9643,716,0,0
161,MOVE,MTE1,54,8927,8981,9643,716,0,0
156,ALLOC,,0,8745,8745,8748,3,0,0
157,COPY_IN,MTE2,581,8745,9326,8748,3,0,0
158,ALLOC,,0,8927,8927,9697,770,0,0
160,MOVE,MTE1,31,9326,9357,9697,371,0,0
155,ALLOC,,0,9202,9202,9728,526,0,0
162,MATMUL,CUBE,128,9357,9485,9728,371,0,0
4705,FREE,,0,9485,9485,9910,425,0,0
4706,FREE,,0,9485,9485,9856,371,0,0
166,ALLOC,,0,9485,9485,9856,371,0,0
168,MOVE,MTE1,54,9485,9539,9856,371,0,0
163,ALLOC,,0,0,0,9329,9329,0,0
164,COPY_IN,MTE2,581,9326,9907,9329,3,0,0
165,ALLOC,,0,9485,9485,9910,425,0,0
167,MOVE,MTE1,31,9907,9938,9910,3,0,0
169,MATMUL,CUBE,128,9938,10066,9941,3,0,0
4708,FREE,,0,10066,10066,11060,994,0,0
4709,FREE,,0,10066,10066,11006,940,0,0
6960,SPILL_OUT,MTE3,406,9202,9608,9202,0,1,1
170,ALLOC,,0,9608,9608,10069,461,0,0
172,COPY,FIXP,41,10066,10107,10069,3,0,0
4703,FREE,,0,10107,10107,11091,984,0,0
6962,SPILL_OUT,MTE3,406,9608,10014,9608,0,1,1
171,ALLOC,,0,10014,10014,10110,96,0,0
173,ROWMAX,VECTOR,310,10107,10417,10110,3,0,0
6964,SPILL_OUT,MTE3,406,10014,10420,10014,0,1,1
177,ALLOC,,0,10420,10420,10420,0,1,1
178,SUB,VECTOR,151,10420,10571,10420,0,1,1
4710,FREE,,0,10571,10571,10571,0,0,1
179,ALLOC,,0,10571,10571,10571,0,0,1
180,EXP,VECTOR,218,10571,10789,10571,0,1,1
4714,FREE,,0,10789,10789,10877,88,0,0
181,ALLOC,,0,10789,10789,10877,88,0,0
182,ROWSUM,VECTOR,342,10789,11131,10877,88,0,0
190,ALLOC,,0,10066,10066,11006,940,0,0
192,MOVE,MTE1,54,10066,10120,11006,940,0,0
187,ALLOC,,0,0,0,10789,10789,0,0
188,COPY,MTE3,271,10789,11060,10789,0,1,1
4715,FREE,,0,11131,11131,11219,88,0,0
189,ALLOC,,0,10066,10066,11060,994,0,0
191,MOVE,MTE1,31,11060,11091,11060,0,1,1
186,ALLOC,,0,10107,10107,11091,984,0,0
193,MATMUL,CUBE,128,11091,11219,11091,0,1,1
4721,FREE,,0,11219,11219,11222,3,0,0
4722,FREE,,0,11219,11219,11484,265,0,0
200,ALLOC,,0,11131,11131,11219,88,0,0
201,COPY,FIXP,41,11219,11260,11219,0,1,1
4719,FREE,,0,11260,11260,11538,278,0,0
195,ALLOC,,0,11219,11219,11222,3,0,0
197,MOVE,MTE1,31,11219,11250,11222,3,0,0
4720,FREE,,0,11250,11250,11253,3,0,0
196,ALLOC,,0,11219,11219,11484,265,0,0
198,MOVE,MTE1,54,11250,11304,11484,234,0,0
194,ALLOC,,0,11260,11260,11538,278,0,0
199,MATMUL,CUBE,128,11304,11432,11538,234,0,0
4724,FREE,,0,11432,11432,12202,770,0,0
4725,FREE,,0,11432,11432,12148,716,0,0
6966,SPILL_OUT,MTE3,406,11260,11666,11260,0,1,1
202,ALLOC,,0,11666,11666,11666,0,1,1
203,COPY,FIXP,41,11666,11707,11666,0,1,1
4723,FREE,,0,11707,11707,12233,526,0,0
208,ALLOC,,0,11432,11432,12148,716,0,0
210,MOVE,MTE1,54,11432,11486,12148,716,0,0
205,ALLOC,,0,11250,11250,11253,3,0,0
206,COPY_IN,MTE2,581,11250,11831,11253,3,0,0
207,ALLOC,,0,11432,11432,12202,770,0,0
209,MOVE,MTE1,31,11831,11862,12202,371,0,0
204,ALLOC,,0,11707,11707,12233,526,0,0
211,MATMUL,CUBE,128,11862,11990,12233,371,0,0
4730,FREE,,0,11990,11990,12415,425,0,0
4731,FREE,,0,11990,11990,12361,371,0,0
215,ALLOC,,0,11990,11990,12361,371,0,0
217,MOVE,MTE1,54,11990,12044,12361,371,0,0
212,ALLOC,,0,0,0,11834,11834,0,0
213,COPY_IN,MTE2,581,11831,12412,11834,3,0,0
214,ALLOC,,0,11990,11990,12415,425,0,0
216,MOVE,MTE1,31,12412,12443,12415,3,0,0
218,MATMUL,CUBE,128,12443,12571,12446,3,0,0
4733,FREE,,0,12571,12571,13565,994,0,0
4734,FREE,,0,12571,12571,13511,940,0,0
6968,SPILL_OUT,MTE3,406,11707,12113,11707,0,1,1
219,ALLOC,,0,12113,12113,12574,461,0,0
221,COPY,FIXP,41,12571,12612,12574,3,0,0
4728,FREE,,0,12612,12612,13596,984,0,0
6970,SPILL_OUT,MTE3,406,12113,12519,12113,0,1,1
220,ALLOC,,0,12519,12519,12615,96,0,0
222,ROWMAX,VECTOR,310,12612,12922,12615,3,0,0
6972,SPILL_OUT,MTE3,406,12519,12925,12519,0,1,1
226,ALLOC,,0,12925,12925,12925,0,1,1
227,SUB,VECTOR,151,12925,13076,12925,0,1,1
4735,FREE,,0,13076,13076,13076,0,0,1
228,ALLOC,,0,13076,13076,13076,0,0,1
229,EXP,VECTOR,218,13076,13294,13076,0,1,1
4739,FREE,,0,13294,13294,13382,88,0,0
230,ALLOC,,0,13294,13294,13382,88,0,0
231,ROWSUM,VECTOR,342,13294,13636,13382,88,0,0
239,ALLOC,,0,12571,12571,13511,940,0,0
241,MOVE,MTE1,54,12571,12625,13511,940,0,0
236,ALLOC,,0,0,0,13294,13294,0,0
237,COPY,MTE3,271,13294,13565,13294,0,1,1
4740,FREE,,0,13636,13636,13724,88,0,0
238,ALLOC,,0,12571,12571,13565,994,0,0
240,MOVE,MTE1,31,13565,13596,13565,0,1,1
235,ALLOC,,0,12612,12612,13596,984,0,0
242,MATMUL,CUBE,128,13596,13724,13596,0,1,1
4746,FREE,,0,13724,13724,13727,3,0,0
4747,FREE,,0,13724,13724,13989,265,0,0
249,ALLOC,,0,13636,13636,13724,88,0,0
250,COPY,FIXP,41,13724,13765,13724,0,1,1
4744,FREE,,0,13765,13765,14043,278,0,0
244,ALLOC,,0,13724,13724,13727,3,0,0
246,MOVE,MTE1,31,13724,13755,13727,3,0,0
4745,FREE,,0,13755,13755,13758,3,0,0
245,ALLOC,,0,13724,13724,13989,265,0,0
247,MOVE,MTE1,54,13755,13809,13989,234,0,0
243,ALLOC,,0,13765,13765,14043,278,0,0
248,MATMUL,CUBE,128,13809,13937,14043,234,0,0
4749,FREE,,0,13937,13937,14707,770,0,0
4750,FREE,,0,13937,13937,14653,716,0,0
6974,SPILL_OUT,MTE3,406,13765,14171,13765,0,1,1
251,ALLOC,,0,14171,14171,14171,0,1,1
252,COPY,FIXP,41,14171,14212,14171,0,1,1
4748,FREE,,0,14212,14212,14738,526,0,0
257,ALLOC,,0,13937,13937,14653,716,0,0
259,MOVE,MTE1,54,13937,13991,14653,716,0,0
254,ALLOC,,0,13755,13755,13758,3,0,0
255,COPY_IN,MTE2,581,13755,14336,13758,3,0,0
256,ALLOC,,0,13937,13937,14707,770,0,0
258,MOVE,MTE1,31,14336,14367,14707,371,0,0
253,ALLOC,,0,14212,14212,14738,526,0,0
260,MATMUL,CUBE,128,14367,14495,14738,371,0,0
4755,FREE,,0,14495,14495,14920,425,0,0
4756,FREE,,0,14495,14495,14866,371,0,0
264,ALLOC,,0,14495,14495,14866,371,0,0
266,MOVE,MTE1,54,14495,14549,14866,371,0,0
261,ALLOC,,0,0,0,14339,14339,0,0
262,COPY_IN,MTE2,581,14336,14917,14339,3,0,0
263,ALLOC,,0,14495,14495,14920,425,0,0
265,MOVE,MTE1,31,14917,14948,14920,3,0,0
267,MATMUL,CUBE,128,14948,15076,14951,3,0,0
4758,FREE,,0,15076,15076,16070,994,0,0
4759,FREE,,0,15076,15076,16016,940,0,0
6976,SPILL_OUT,MTE3,406,14212,14618,14212,0,1,1
268,ALLOC,,0,14618,14618,15079,461,0,0
270,COPY,FIXP,41,15076,15117,15079,3,0,0
4753,FREE,,0,15117,15117,16101,984,0,0
6978,SPILL_OUT,MTE3,406,14618,15024,14618,0,1,1
269,ALLOC,,0,15024,15024,15120,96,0,0
271,ROWMAX,VECTOR,310,15117,15427,15120,3,0,0
6980,SPILL_OUT,MTE3,406,15024,15430,15024,0,1,1
275,ALLOC,,0,15430,15430,15430,0,1,1
276,SUB,VECTOR,151,15430,15581,15430,0,1,1
4760,FREE,,0,15581,15581,15581,0,0,1
277,ALLOC,,0,15581,15581,15581,0,0,1
278,EXP,VECTOR,218,15581,15799,15581,0,1,1
4764,FREE,,0,15799,15799,16042,243,0,0
279,ALLOC,,0,15799,15799,16042,243,0,0
280,ROWSUM,VECTOR,342,15799,16141,16042,243,0,0
288,ALLOC,,0,15076,15076,16016,940,0,0
290,MOVE,MTE1,54,15076,15130,16016,940,0,0
6982,SPILL_OUT,MTE3,0,15430,15430,15799,369,0,0
285,ALLOC,,0,15430,15430,15799,369,0,0
286,COPY,MTE3,271,15799,16070,15799,0,1,1
4765,FREE,,0,16141,16141,16384,243,0,0
287,ALLOC,,0,15076,15076,16070,994,0,0
289,MOVE,MTE1,31,16070,16101,16070,0,1,1
284,ALLOC,,0,15117,15117,16101,984,0,0
291,MATMUL,CUBE,128,16101,16229,16101,0,1,1
4771,FREE,,0,16229,16229,16229,0,1,1
4772,FREE,,0,16229,16229,16605,376,0,0
298,ALLOC,,0,16141,16141,16384,243,0,0
299,COPY,FIXP,41,16229,16270,16384,155,0,0
4769,FREE,,0,16270,16270,16659,389,0,0
293,ALLOC,,0,16229,16229,16229,0,1,1
295,MOVE,MTE1,31,16229,16260,16229,0,1,1
4770,FREE,,0,16260,16260,16260,0,1,1
294,ALLOC,,0,16229,16229,16605,376,0,0
296,MOVE,MTE1,54,16260,16314,16605,345,0,0
292,ALLOC,,0,16270,16270,16659,389,0,0
297,MATMUL,CUBE,128,16314,16442,16659,345,0,0
4774,FREE,,0,16442,16442,16841,399,0,0
4775,FREE,,0,16442,16442,16787,345,0,0
6984,SPILL_OUT,MTE3,406,16270,16676,16425,155,0,0
300,ALLOC,,0,16676,16676,16831,155,0,0
301,COPY,FIXP,41,16676,16717,16831,155,0,0
4773,FREE,,0,16717,16717,17398,681,0,0
306,ALLOC,,0,16442,16442,16787,345,0,0
308,MOVE,MTE1,54,16442,16496,16787,345,0,0
303,ALLOC,,0,16260,16260,16260,0,1,1
304,COPY_IN,MTE2,581,16260,16841,16260,0,1,1
305,ALLOC,,0,16442,16442,16841,399,0,0
307,MOVE,MTE1,31,16841,16872,16841,0,1,1
302,ALLOC,,0,16717,16717,17398,681,0,0
309,MATMUL,CUBE,128,16872,17000,17398,526,0,0
4780,FREE,,0,17000,17000,17580,580,0,0
4781,FREE,,0,17000,17000,17526,526,0,0
313,ALLOC,,0,17000,17000,17526,526,0,0
315,MOVE,MTE1,54,17000,17054,17526,526,0,0
6986,SPILL_OUT,MTE3,0,16872,16872,16872,0,1,1
310,ALLOC,,0,16872,16872,16999,127,0,0
311,COPY_IN,MTE2,581,16872,17453,16999,127,0,0
312,ALLOC,,0,17000,17000,17580,580,0,0
314,MOVE,MTE1,31,17453,17484,17580,127,0,0
316,MATMUL,CUBE,128,17484,17612,17611,127,0,0
4783,FREE,,0,17612,17612,18730,1118,0,0
4784,FREE,,0,17612,17612,18676,1064,0,0
6988,SPILL_OUT,MTE3,406,16872,17278,16872,0,1,1
317,ALLOC,,0,17278,17278,17739,461,0,0
319,COPY,FIXP,41,17612,17653,17739,127,0,0
4778,FREE,,0,17653,17653,18761,1108,0,0
6990,SPILL_OUT,MTE3,406,17278,17684,17278,0,1,1
318,ALLOC,,0,17684,17684,17780,96,0,0
320,ROWMAX,VECTOR,310,17684,17994,17780,96,0,0
6992,SPILL_OUT,MTE3,406,17684,18090,17684,0,1,1
324,ALLOC,,0,18090,18090,18090,0,1,1
325,SUB,VECTOR,151,18090,18241,18090,0,1,1
4785,FREE,,0,18241,18241,18241,0,0,1
326,ALLOC,,0,18241,18241,18241,0,0,1
327,EXP,VECTOR,218,18241,18459,18241,0,1,1
4789,FREE,,0,18459,18459,18591,132,0,0
328,ALLOC,,0,18459,18459,18591,132,0,0
329,ROWSUM,VECTOR,342,18459,18801,18591,132,0,0
337,ALLOC,,0,17612,17612,18676,1064,0,0
339,MOVE,MTE1,54,17612,17666,18676,1064,0,0
6994,SPILL_OUT,MTE3,0,18090,18090,18459,369,0,0
334,ALLOC,,0,18090,18090,18459,369,0,0
335,COPY,MTE3,271,18459,18730,18459,0,1,1
4790,FREE,,0,18801,18801,18933,132,0,0
336,ALLOC,,0,17612,17612,18730,1118,0,0
338,MOVE,MTE1,31,18730,18761,18730,0,1,1
333,ALLOC,,0,17653,17653,18761,1108,0,0
340,MATMUL,CUBE,128,18761,18889,18761,0,1,1
4796,FREE,,0,18889,18889,18889,0,1,1
4797,FREE,,0,18889,18889,18920,31,0,0
347,ALLOC,,0,18801,18801,18933,132,0,0
348,COPY,FIXP,41,18889,18930,18933,44,0,0
4794,FREE,,0,18930,18930,18974,44,0,0
342,ALLOC,,0,18889,18889,18889,0,1,1
344,MOVE,MTE1,31,18889,18920,18889,0,1,1
4795,FREE,,0,18920,18920,23989,5069,0,0
343,ALLOC,,0,18889,18889,18920,31,0,0
345,MOVE,MTE1,54,18920,18974,18920,0,1,1
341,ALLOC,,0,18930,18930,18974,44,0,0
346,MATMUL,CUBE,128,18974,19102,18974,0,1,1
4799,FREE,,0,19102,19102,19737,635,0,0
4800,FREE,,0,19102,19102,19102,0,1,1
6996,SPILL_OUT,MTE3,406,18930,19336,19321,391,0,0
349,ALLOC,,0,19336,19336,19727,391,0,0
350,COPY,FIXP,41,19336,19377,19727,391,0,0
4798,FREE,,0,19377,19377,19768,391,0,0
355,ALLOC,,0,19102,19102,19102,0,1,1
357,MOVE,MTE1,54,19102,19156,19102,0,1,1
4626,FREE,,0,19156,19156,19156,0,1,1
352,ALLOC,,0,19156,19156,19156,0,1,1
353,COPY_IN,MTE2,581,19156,19737,19156,0,1,1
354,ALLOC,,0,19102,19102,19737,635,0,0
356,MOVE,MTE1,31,19737,19768,19737,0,1,1
351,ALLOC,,0,19377,19377,19768,391,0,0
358,MATMUL,CUBE,128,19768,19896,19768,0,1,1
4805,FREE,,0,19896,19896,20531,635,0,0
4806,FREE,,0,19896,19896,19896,0,1,1
362,ALLOC,,0,19896,19896,19896,0,1,1
364,MOVE,MTE1,54,19896,19950,19896,0,1,1
4630,FREE,,0,19950,19950,19950,0,1,1
359,ALLOC,,0,19950,19950,19950,0,1,1
360,COPY_IN,MTE2,581,19950,20531,19950,0,1,1
361,ALLOC,,0,19896,19896,20531,635,0,0
363,MOVE,MTE1,31,20531,20562,20531,0,1,1
365,MATMUL,CUBE,128,20562,20690,20562,0,1,1
4808,FREE,,0,20690,20690,21681,991,0,0
4809,FREE,,0,20690,20690,21356,666,0,0
6998,SPILL_OUT,MTE3,406,19377,19783,19823,446,0,0
366,ALLOC,,0,19783,19783,20690,907,0,0
368,COPY,FIXP,41,20690,20731,20690,0,1,1
4803,FREE,,0,20731,20731,21712,981,0,0
7000,SPILL_OUT,MTE3,406,19783,20189,20229,446,0,0
367,ALLOC,,0,20189,20189,20731,542,0,0
369,ROWMAX,VECTOR,310,20731,21041,20731,0,1,1
7002,SPILL_OUT,MTE3,406,20189,20595,20635,446,0,0
373,ALLOC,,0,20595,20595,21041,446,0,0
374,SUB,VECTOR,151,21041,21192,21041,0,1,1
4810,FREE,,0,21192,21192,21192,0,0,1
375,ALLOC,,0,21192,21192,21192,0,0,1
376,EXP,VECTOR,218,21192,21410,21192,0,1,1
4814,FREE,,0,21410,21410,21572,162,0,0
377,ALLOC,,0,21410,21410,21572,162,0,0
378,ROWSUM,VECTOR,342,21410,21752,21572,162,0,0
386,ALLOC,,0,20690,20690,21356,666,0,0
388,MOVE,MTE1,54,20690,20744,21356,666,0,0
4644,FREE,,0,20744,20744,21410,666,0,0
383,ALLOC,,0,20744,20744,21410,666,0,0
384,COPY,MTE3,271,21410,21681,21410,0,1,1
4815,FREE,,0,21752,21752,21914,162,0,0
385,ALLOC,,0,20690,20690,21681,991,0,0
387,MOVE,MTE1,31,21681,21712,21681,0,1,1
382,ALLOC,,0,20731,20731,21712,981,0,0
389,MATMUL,CUBE,128,21712,21840,21712,0,1,1
4821,FREE,,0,21840,21840,21840,0,1,1
4822,FREE,,0,21840,21840,21871,31,0,0
396,ALLOC,,0,21752,21752,21914,162,0,0
397,COPY,FIXP,41,21840,21881,21914,74,0,0
4819,FREE,,0,21881,21881,22233,352,0,0
391,ALLOC,,0,21840,21840,21840,0,1,1
393,MOVE,MTE1,31,21840,21871,21840,0,1,1
4820,FREE,,0,21871,21871,22506,635,0,0
392,ALLOC,,0,21840,21840,21871,31,0,0
394,MOVE,MTE1,54,21871,21925,21871,0,1,1
4648,FREE,,0,21925,21925,21925,0,1,1
390,ALLOC,,0,21881,21881,22233,352,0,0
395,MATMUL,CUBE,128,21925,22053,22233,308,0,0
4824,FREE,,0,22053,22053,22843,790,0,0
4825,FREE,,0,22053,22053,22874,821,0,0
7004,SPILL_OUT,MTE3,406,21881,22287,21955,74,0,0
398,ALLOC,,0,22287,22287,22361,74,0,0
399,COPY,FIXP,41,22287,22328,22361,74,0,0
4823,FREE,,0,22328,22328,22928,600,0,0
403,ALLOC,,0,22053,22053,22843,790,0,0
405,MOVE,MTE1,31,22053,22084,22843,790,0,0
401,ALLOC,,0,21925,21925,21925,0,1,1
402,COPY_IN,MTE2,581,21925,22506,21925,0,1,1
404,ALLOC,,0,22053,22053,22874,821,0,0
406,MOVE,MTE1,54,22506,22560,22874,368,0,0
400,ALLOC,,0,22328,22328,22928,600,0,0
407,MATMUL,CUBE,128,22560,22688,22928,368,0,0
4830,FREE,,0,22688,22688,23056,368,0,0
4831,FREE,,0,22688,22688,23087,399,0,0
410,ALLOC,,0,22688,22688,23056,368,0,0
412,MOVE,MTE1,31,22688,22719,23056,368,0,0
408,ALLOC,,0,21871,21871,22506,635,0,0
409,COPY_IN,MTE2,581,22506,23087,22506,0,1,1
411,ALLOC,,0,22688,22688,23087,399,0,0
413,MOVE,MTE1,54,23087,23141,23087,0,1,1
414,MATMUL,CUBE,128,23141,23269,23141,0,1,1
4833,FREE,,0,23269,23269,24810,1541,0,0
4834,FREE,,0,23269,23269,24841,1572,0,0
7006,SPILL_OUT,MTE3,406,22328,22734,22402,74,0,0
415,ALLOC,,0,22734,22734,23269,535,0,0
417,COPY,FIXP,41,23269,23310,23269,0,1,1
4828,FREE,,0,23310,23310,24895,1585,0,0
7008,SPILL_OUT,MTE3,406,22734,23140,22808,74,0,0
416,ALLOC,,0,23140,23140,23310,170,0,0
418,ROWMAX,VECTOR,310,23310,23620,23310,0,1,1
7010,SPILL_OUT,MTE3,406,23140,23546,23214,74,0,0
422,ALLOC,,0,23546,23546,23620,74,0,0
423,SUB,VECTOR,151,23620,23771,23620,0,1,1
4835,FREE,,0,23771,23771,23771,0,0,1
424,ALLOC,,0,23771,23771,23771,0,0,1
425,EXP,VECTOR,218,23771,23989,23771,0,1,1
4839,FREE,,0,23989,23989,25069,1080,0,0
426,ALLOC,,0,23989,23989,25069,1080,0,0
427,ROWSUM,VECTOR,342,23989,24331,25069,1080,0,0
448,ALLOC,,0,18920,18920,23989,5069,0,0
450,COPY,MTE3,271,23989,24260,23989,0,1,1
4840,FREE,,0,24331,24331,25648,1317,0,0
452,ALLOC,,0,23269,23269,24810,1541,0,0
454,MOVE,MTE1,31,24260,24291,24810,550,0,0
7012,SPILL_OUT,MTE3,0,24260,24260,24260,0,1,1
449,ALLOC,,0,24260,24260,24260,0,1,1
451,COPY_IN,MTE2,581,24260,24841,24260,0,1,1
453,ALLOC,,0,23269,23269,24841,1572,0,0
455,MOVE,MTE1,54,24841,24895,24841,0,1,1
447,ALLOC,,0,23310,23310,24895,1585,0,0
456,MATMUL,CUBE,128,24895,25023,24895,0,1,1
4855,FREE,,0,25023,25023,25023,0,1,1
4856,FREE,,0,25023,25023,25635,612,0,0
465,ALLOC,,0,24331,24331,25648,1317,0,0
467,COPY,FIXP,41,25023,25064,25648,625,0,0
4852,FREE,,0,25064,25064,25689,625,0,0
460,ALLOC,,0,25023,25023,25023,0,1,1
462,MOVE,MTE1,31,25023,25054,25023,0,1,1
4853,FREE,,0,25054,25054,25054,0,1,1
458,ALLOC,,0,25054,25054,25054,0,1,1
459,COPY_IN,MTE2,581,25054,25635,25054,0,1,1
461,ALLOC,,0,25023,25023,25635,612,0,0
463,MOVE,MTE1,54,25635,25689,25635,0,1,1
457,ALLOC,,0,25064,25064,25689,625,0,0
464,MATMUL,CUBE,128,25689,25817,25689,0,1,1
4859,FREE,,0,25817,25817,26299,482,0,0
4860,FREE,,0,25817,25817,26330,513,0,0
7014,SPILL_OUT,MTE3,406,24331,24737,25411,1080,0,0
469,ALLOC,,0,24737,24737,25817,1080,0,0
471,COPY,FIXP,41,25817,25858,25817,0,1,1
4857,FREE,,0,25858,25858,26384,526,0,0
482,ALLOC,,0,25817,25817,26299,482,0,0
484,MOVE,MTE1,31,25817,25848,26299,482,0,0
483,ALLOC,,0,25817,25817,26330,513,0,0
485,MOVE,MTE1,54,25848,25902,26330,482,0,0
481,ALLOC,,0,25858,25858,26384,526,0,0
486,MATMUL,CUBE,128,25902,26030,26384,482,0,0
4870,FREE,,0,26030,26030,26512,482,0,0
4871,FREE,,0,26030,26030,26543,513,0,0
487,ALLOC,,0,26030,26030,26512,482,0,0
489,MOVE,MTE1,31,26030,26061,26512,482,0,0
488,ALLOC,,0,26030,26030,26543,513,0,0
490,MOVE,MTE1,54,26061,26115,26543,482,0,0
491,MATMUL,CUBE,128,26115,26243,26597,482,0,0
4872,FREE,,0,26243,26243,27821,1578,0,0
4873,FREE,,0,26243,26243,27767,1524,0,0
7016,SPILL_OUT,MTE3,406,25858,26264,25858,0,1,1
492,ALLOC,,0,26264,26264,26725,461,0,0
494,COPY,FIXP,41,26264,26305,26725,461,0,0
4869,FREE,,0,26305,26305,27852,1547,0,0
7018,SPILL_OUT,MTE3,406,26264,26670,26264,0,1,1
493,ALLOC,,0,26670,26670,26766,96,0,0
495,ROWMAX,VECTOR,310,26670,26980,26766,96,0,0
7020,SPILL_OUT,MTE3,406,26670,27076,26670,0,1,1
499,ALLOC,,0,27076,27076,27076,0,1,1
500,SUB,VECTOR,151,27076,27227,27076,0,1,1
4874,FREE,,0,27227,27227,27227,0,0,1
501,ALLOC,,0,27227,27227,27227,0,0,1
502,EXP,VECTOR,218,27227,27445,27227,0,1,1
4878,FREE,,0,27445,27445,27445,0,0,1
503,ALLOC,,0,27445,27445,27445,0,0,1
504,ROWSUM,VECTOR,342,27445,27787,27445,0,1,1
528,ALLOC,,0,26243,26243,27767,1524,0,0
530,MOVE,MTE1,54,26243,26297,27767,1524,0,0
7022,SPILL_OUT,MTE3,0,27076,27076,27516,440,0,0
525,ALLOC,,0,27076,27076,27516,440,0,0
526,COPY,MTE3,271,27445,27716,27516,71,0,0
4879,FREE,,0,27787,27787,28024,237,0,0
527,ALLOC,,0,26243,26243,27821,1578,0,0
529,MOVE,MTE1,31,27716,27747,27821,105,0,0
524,ALLOC,,0,26305,26305,27852,1547,0,0
531,MATMUL,CUBE,128,27747,27875,27852,105,0,0
4893,FREE,,0,27875,27875,27980,105,0,0
4894,FREE,,0,27875,27875,28011,136,0,0
538,ALLOC,,0,27787,27787,28024,237,0,0
540,COPY,FIXP,41,27875,27916,28024,149,0,0
4891,FREE,,0,27916,27916,28065,149,0,0
533,ALLOC,,0,27875,27875,27980,105,0,0
535,MOVE,MTE1,31,27875,27906,27980,105,0,0
4892,FREE,,0,27906,27906,29892,1986,0,0
534,ALLOC,,0,27875,27875,28011,136,0,0
536,MOVE,MTE1,54,27906,27960,28011,105,0,0
532,ALLOC,,0,27916,27916,28065,149,0,0
537,MATMUL,CUBE,128,27960,28088,28065,105,0,0
4896,FREE,,0,28088,28088,28675,587,0,0
4897,FREE,,0,28088,28088,28706,618,0,0
7024,SPILL_OUT,MTE3,406,27787,28193,27787,0,1,1
542,ALLOC,,0,28193,28193,28193,0,1,1
544,COPY,FIXP,41,28193,28234,28193,0,1,1
4895,FREE,,0,28234,28234,28760,526,0,0
555,ALLOC,,0,28088,28088,28675,587,0,0
557,MOVE,MTE1,31,28088,28119,28675,587,0,0
556,ALLOC,,0,28088,28088,28706,618,0,0
558,MOVE,MTE1,54,28119,28173,28706,587,0,0
554,ALLOC,,0,28234,28234,28760,526,0,0
559,MATMUL,CUBE,128,28234,28362,28760,526,0,0
4907,FREE,,0,28362,28362,28888,526,0,0
4908,FREE,,0,28362,28362,28919,557,0,0
560,ALLOC,,0,28362,28362,28888,526,0,0
562,MOVE,MTE1,31,28362,28393,28888,526,0,0
561,ALLOC,,0,28362,28362,28919,557,0,0
563,MOVE,MTE1,54,28393,28447,28919,526,0,0
564,MATMUL,CUBE,128,28447,28575,28973,526,0,0
4909,FREE,,0,28575,28575,30197,1622,0,0
4910,FREE,,0,28575,28575,30143,1568,0,0
7026,SPILL_OUT,MTE3,406,28234,28640,28234,0,1,1
565,ALLOC,,0,28640,28640,29101,461,0,0
567,COPY,FIXP,41,28640,28681,29101,461,0,0
4906,FREE,,0,28681,28681,30228,1547,0,0
7028,SPILL_OUT,MTE3,406,28640,29046,28640,0,1,1
566,ALLOC,,0,29046,29046,29142,96,0,0
568,ROWMAX,VECTOR,310,29046,29356,29142,96,0,0
7030,SPILL_OUT,MTE3,406,29046,29452,29046,0,1,1
572,ALLOC,,0,29452,29452,29452,0,1,1
573,SUB,VECTOR,151,29452,29603,29452,0,1,1
4911,FREE,,0,29603,29603,29603,0,0,1
574,ALLOC,,0,29603,29603,29603,0,0,1
575,EXP,VECTOR,218,29603,29821,29603,0,1,1
4915,FREE,,0,29821,29821,29821,0,0,1
576,ALLOC,,0,29821,29821,29821,0,0,1
577,ROWSUM,VECTOR,342,29821,30163,29821,0,1,1
601,ALLOC,,0,28575,28575,30143,1568,0,0
603,MOVE,MTE1,54,28575,28629,30143,1568,0,0
598,ALLOC,,0,27906,27906,29892,1986,0,0
599,COPY,MTE3,271,29821,30092,29892,71,0,0
4916,FREE,,0,30163,30163,30400,237,0,0
600,ALLOC,,0,28575,28575,30197,1622,0,0
602,MOVE,MTE1,31,30092,30123,30197,105,0,0
597,ALLOC,,0,28681,28681,30228,1547,0,0
604,MATMUL,CUBE,128,30123,30251,30228,105,0,0
4930,FREE,,0,30251,30251,30356,105,0,0
4931,FREE,,0,30251,30251,30387,136,0,0
611,ALLOC,,0,30163,30163,30400,237,0,0
613,COPY,FIXP,41,30251,30292,30400,149,0,0
4928,FREE,,0,30292,30292,30441,149,0,0
606,ALLOC,,0,30251,30251,30356,105,0,0
608,MOVE,MTE1,31,30251,30282,30356,105,0,0
4929,FREE,,0,30282,30282,32268,1986,0,0
607,ALLOC,,0,30251,30251,30387,136,0,0
609,MOVE,MTE1,54,30282,30336,30387,105,0,0
605,ALLOC,,0,30292,30292,30441,149,0,0
610,MATMUL,CUBE,128,30336,30464,30441,105,0,0
4933,FREE,,0,30464,30464,31051,587,0,0
4934,FREE,,0,30464,30464,31082,618,0,0
7032,SPILL_OUT,MTE3,406,30163,30569,30163,0,1,1
615,ALLOC,,0,30569,30569,30569,0,1,1
617,COPY,FIXP,41,30569,30610,30569,0,1,1
4932,FREE,,0,30610,30610,31136,526,0,0
628,ALLOC,,0,30464,30464,31051,587,0,0
630,MOVE,MTE1,31,30464,30495,31051,587,0,0
629,ALLOC,,0,30464,30464,31082,618,0,0
631,MOVE,MTE1,54,30495,30549,31082,587,0,0
627,ALLOC,,0,30610,30610,31136,526,0,0
632,MATMUL,CUBE,128,30610,30738,31136,526,0,0
4944,FREE,,0,30738,30738,31264,526,0,0
4945,FREE,,0,30738,30738,31295,557,0,0
633,ALLOC,,0,30738,30738,31264,526,0,0
635,MOVE,MTE1,31,30738,30769,31264,526,0,0
634,ALLOC,,0,30738,30738,31295,557,0,0
636,MOVE,MTE1,54,30769,30823,31295,526,0,0
637,MATMUL,CUBE,128,30823,30951,31349,526,0,0
4946,FREE,,0,30951,30951,32573,1622,0,0
4947,FREE,,0,30951,30951,32519,1568,0,0
7034,SPILL_OUT,MTE3,406,30610,31016,30610,0,1,1
638,ALLOC,,0,31016,31016,31477,461,0,0
640,COPY,FIXP,41,31016,31057,31477,461,0,0
4943,FREE,,0,31057,31057,32604,1547,0,0
7036,SPILL_OUT,MTE3,406,31016,31422,31016,0,1,1
639,ALLOC,,0,31422,31422,31518,96,0,0
641,ROWMAX,VECTOR,310,31422,31732,31518,96,0,0
7038,SPILL_OUT,MTE3,406,31422,31828,31422,0,1,1
645,ALLOC,,0,31828,31828,31828,0,1,1
646,SUB,VECTOR,151,31828,31979,31828,0,1,1
4948,FREE,,0,31979,31979,31979,0,0,1
647,ALLOC,,0,31979,31979,31979,0,0,1
648,EXP,VECTOR,218,31979,32197,31979,0,1,1
4952,FREE,,0,32197,32197,32197,0,0,1
649,ALLOC,,0,32197,32197,32197,0,0,1
650,ROWSUM,VECTOR,342,32197,32539,32197,0,1,1
674,ALLOC,,0,30951,30951,32519,1568,0,0
676,MOVE,MTE1,54,30951,31005,32519,1568,0,0
671,ALLOC,,0,30282,30282,32268,1986,0,0
672,COPY,MTE3,271,32197,32468,32268,71,0,0
4953,FREE,,0,32539,32539,32776,237,0,0
673,ALLOC,,0,30951,30951,32573,1622,0,0
675,MOVE,MTE1,31,32468,32499,32573,105,0,0
670,ALLOC,,0,31057,31057,32604,1547,0,0
677,MATMUL,CUBE,128,32499,32627,32604,105,0,0
4967,FREE,,0,32627,32627,32732,105,0,0
4968,FREE,,0,32627,32627,32763,136,0,0
684,ALLOC,,0,32539,32539,32776,237,0,0
686,COPY,FIXP,41,32627,32668,32776,149,0,0
4965,FREE,,0,32668,32668,32817,149,0,0
679,ALLOC,,0,32627,32627,32732,105,0,0
681,MOVE,MTE1,31,32627,32658,32732,105,0,0
4966,FREE,,0,32658,32658,34644,1986,0,0
680,ALLOC,,0,32627,32627,32763,136,0,0
682,MOVE,MTE1,54,32658,32712,32763,105,0,0
678,ALLOC,,0,32668,32668,32817,149,0,0
683,MATMUL,CUBE,128,32712,32840,32817,105,0,0
4970,FREE,,0,32840,32840,33427,587,0,0
4971,FREE,,0,32840,32840,33458,618,0,0
7040,SPILL_OUT,MTE3,406,32539,32945,32539,0,1,1
688,ALLOC,,0,32945,32945,32945,0,1,1
690,COPY,FIXP,41,32945,32986,32945,0,1,1
4969,FREE,,0,32986,32986,33512,526,0,0
701,ALLOC,,0,32840,32840,33427,587,0,0
703,MOVE,MTE1,31,32840,32871,33427,587,0,0
702,ALLOC,,0,32840,32840,33458,618,0,0
704,MOVE,MTE1,54,32871,32925,33458,587,0,0
700,ALLOC,,0,32986,32986,33512,526,0,0
705,MATMUL,CUBE,128,32986,33114,33512,526,0,0
4981,FREE,,0,33114,33114,33640,526,0,0
4982,FREE,,0,33114,33114,33671,557,0,0
706,ALLOC,,0,33114,33114,33640,526,0,0
708,MOVE,MTE1,31,33114,33145,33640,526,0,0
707,ALLOC,,0,33114,33114,33671,557,0,0
709,MOVE,MTE1,54,33145,33199,33671,526,0,0
710,MATMUL,CUBE,128,33199,33327,33725,526,0,0
4983,FREE,,0,33327,33327,34949,1622,0,0
4984,FREE,,0,33327,33327,34895,1568,0,0
7042,SPILL_OUT,MTE3,406,32986,33392,32986,0,1,1
711,ALLOC,,0,33392,33392,33853,461,0,0
713,COPY,FIXP,41,33392,33433,33853,461,0,0
4980,FREE,,0,33433,33433,34980,1547,0,0
7044,SPILL_OUT,MTE3,406,33392,33798,33392,0,1,1
712,ALLOC,,0,33798,33798,33894,96,0,0
714,ROWMAX,VECTOR,310,33798,34108,33894,96,0,0
7046,SPILL_OUT,MTE3,406,33798,34204,33798,0,1,1
718,ALLOC,,0,34204,34204,34204,0,1,1
719,SUB,VECTOR,151,34204,34355,34204,0,1,1
4985,FREE,,0,34355,34355,34355,0,0,1
720,ALLOC,,0,34355,34355,34355,0,0,1
721,EXP,VECTOR,218,34355,34573,34355,0,1,1
4989,FREE,,0,34573,34573,34573,0,0,1
722,ALLOC,,0,34573,34573,34573,0,0,1
723,ROWSUM,VECTOR,342,34573,34915,34573,0,1,1
747,ALLOC,,0,33327,33327,34895,1568,0,0
749,MOVE,MTE1,54,33327,33381,34895,1568,0,0
744,ALLOC,,0,32658,32658,34644,1986,0,0
745,COPY,MTE3,271,34573,34844,34644,71,0,0
4990,FREE,,0,34915,34915,35152,237,0,0
746,ALLOC,,0,33327,33327,34949,1622,0,0
748,MOVE,MTE1,31,34844,34875,34949,105,0,0
743,ALLOC,,0,33433,33433,34980,1547,0,0
750,MATMUL,CUBE,128,34875,35003,34980,105,0,0
5004,FREE,,0,35003,35003,35108,105,0,0
5005,FREE,,0,35003,35003,35139,136,0,0
757,ALLOC,,0,34915,34915,35152,237,0,0
759,COPY,FIXP,41,35003,35044,35152,149,0,0
5002,FREE,,0,35044,35044,35193,149,0,0
752,ALLOC,,0,35003,35003,35108,105,0,0
754,MOVE,MTE1,31,35003,35034,35108,105,0,0
5003,FREE,,0,35034,35034,35354,320,0,0
753,ALLOC,,0,35003,35003,35139,136,0,0
755,MOVE,MTE1,54,35034,35088,35139,105,0,0
751,ALLOC,,0,35044,35044,35193,149,0,0
756,MATMUL,CUBE,128,35088,35216,35193,105,0,0
5007,FREE,,0,35216,35216,35803,587,0,0
5008,FREE,,0,35216,35216,35834,618,0,0
7048,SPILL_OUT,MTE3,406,34915,35321,34915,0,1,1
761,ALLOC,,0,35321,35321,35321,0,1,1
763,COPY,FIXP,41,35321,35362,35321,0,1,1
5006,FREE,,0,35362,35362,35888,526,0,0
774,ALLOC,,0,35216,35216,35803,587,0,0
776,MOVE,MTE1,31,35216,35247,35803,587,0,0
775,ALLOC,,0,35216,35216,35834,618,0,0
777,MOVE,MTE1,54,35247,35301,35834,587,0,0
773,ALLOC,,0,35362,35362,35888,526,0,0
778,MATMUL,CUBE,128,35362,35490,35888,526,0,0
5018,FREE,,0,35490,35490,36016,526,0,0
5019,FREE,,0,35490,35490,36047,557,0,0
779,ALLOC,,0,35490,35490,36016,526,0,0
6983,SPILL_IN,MTE2,662,35034,35696,35354,320,0,0
781,MOVE,MTE1,31,35696,35727,36016,320,0,0
780,ALLOC,,0,35490,35490,36047,557,0,0
782,MOVE,MTE1,54,35727,35781,36047,320,0,0
783,MATMUL,CUBE,128,35781,35909,36101,320,0,0
5020,FREE,,0,35909,35909,37220,1311,0,0
5021,FREE,,0,35909,35909,37166,1257,0,0
7050,SPILL_OUT,MTE3,406,35362,35768,35362,0,1,1
784,ALLOC,,0,35768,35768,36229,461,0,0
786,COPY,FIXP,41,35909,35950,36229,320,0,0
5017,FREE,,0,35950,35950,37251,1301,0,0
7052,SPILL_OUT,MTE3,406,35768,36174,35768,0,1,1
785,ALLOC,,0,36174,36174,36270,96,0,0
787,ROWMAX,VECTOR,310,36174,36484,36270,96,0,0
7054,SPILL_OUT,MTE3,406,36174,36580,36174,0,1,1
791,ALLOC,,0,36580,36580,36580,0,1,1
792,SUB,VECTOR,151,36580,36731,36580,0,1,1
5022,FREE,,0,36731,36731,36731,0,0,1
793,ALLOC,,0,36731,36731,36731,0,0,1
794,EXP,VECTOR,218,36731,36949,36731,0,1,1
5026,FREE,,0,36949,36949,37322,373,0,0
795,ALLOC,,0,36949,36949,37322,373,0,0
796,ROWSUM,VECTOR,342,36949,37291,37322,373,0,0
820,ALLOC,,0,35909,35909,37166,1257,0,0
822,MOVE,MTE1,54,35909,35963,37166,1257,0,0
7056,SPILL_OUT,MTE3,0,36580,36580,36949,369,0,0
817,ALLOC,,0,36580,36580,36949,369,0,0
818,COPY,MTE3,271,36949,37220,36949,0,1,1
5027,FREE,,0,37291,37291,37901,610,0,0
819,ALLOC,,0,35909,35909,37220,1311,0,0
821,MOVE,MTE1,31,37220,37251,37220,0,1,1
816,ALLOC,,0,35950,35950,37251,1301,0,0
823,MATMUL,CUBE,128,37251,37379,37251,0,1,1
5041,FREE,,0,37379,37379,37379,0,1,1
5042,FREE,,0,37379,37379,37888,509,0,0
830,ALLOC,,0,37291,37291,37901,610,0,0
832,COPY,FIXP,41,37379,37420,37901,522,0,0
5039,FREE,,0,37420,37420,37942,522,0,0
825,ALLOC,,0,37379,37379,37379,0,1,1
827,MOVE,MTE1,31,37379,37410,37379,0,1,1
5040,FREE,,0,37410,37410,37410,0,1,1
826,ALLOC,,0,37379,37379,37888,509,0,0
828,MOVE,MTE1,54,37410,37464,37888,478,0,0
824,ALLOC,,0,37420,37420,37942,522,0,0
829,MATMUL,CUBE,128,37464,37592,37942,478,0,0
5044,FREE,,0,37592,37592,38072,480,0,0
5045,FREE,,0,37592,37592,38583,991,0,0
7058,SPILL_OUT,MTE3,406,37291,37697,37664,373,0,0
834,ALLOC,,0,37697,37697,38070,373,0,0
836,COPY,FIXP,41,37697,37738,38070,373,0,0
5043,FREE,,0,37738,37738,38637,899,0,0
847,ALLOC,,0,37592,37592,38072,480,0,0
6987,SPILL_IN,MTE2,662,37410,38072,37410,0,1,1
849,MOVE,MTE1,31,38072,38103,38072,0,1,1
848,ALLOC,,0,37592,37592,38583,991,0,0
850,MOVE,MTE1,54,38103,38157,38583,480,0,0
846,ALLOC,,0,37738,37738,38637,899,0,0
851,MATMUL,CUBE,128,38157,38285,38637,480,0,0
5055,FREE,,0,38285,38285,38765,480,0,0
5056,FREE,,0,38285,38285,38796,511,0,0
852,ALLOC,,0,38285,38285,38765,480,0,0
7060,SPILL_OUT,MTE3,0,38103,38103,38103,0,1,1
6995,SPILL_IN,MTE2,662,38103,38765,38103,0,1,1
854,MOVE,MTE1,31,38765,38796,38765,0,1,1
853,ALLOC,,0,38285,38285,38796,511,0,0
855,MOVE,MTE1,54,38796,38850,38796,0,1,1
856,MATMUL,CUBE,128,38850,38978,38850,0,1,1
5057,FREE,,0,38978,38978,40074,1096,0,0
5058,FREE,,0,38978,38978,40020,1042,0,0
7062,SPILL_OUT,MTE3,406,38103,38509,38111,8,0,0
857,ALLOC,,0,38509,38509,38978,469,0,0
859,COPY,FIXP,41,38978,39019,38978,0,1,1
5054,FREE,,0,39019,39019,40105,1086,0,0
7064,SPILL_OUT,MTE3,406,38509,38915,38517,8,0,0
858,ALLOC,,0,38915,38915,39019,104,0,0
860,ROWMAX,VECTOR,310,39019,39329,39019,0,1,1
7066,SPILL_OUT,MTE3,406,38915,39321,38923,8,0,0
864,ALLOC,,0,39321,39321,39329,8,0,0
865,SUB,VECTOR,151,39329,39480,39329,0,1,1
5059,FREE,,0,39480,39480,39480,0,0,1
866,ALLOC,,0,39480,39480,39480,0,0,1
867,EXP,VECTOR,218,39480,39698,39480,0,1,1
5063,FREE,,0,39698,39698,39698,0,0,1
868,ALLOC,,0,39698,39698,39698,0,0,1
869,ROWSUM,VECTOR,342,39698,40040,39698,0,1,1
893,ALLOC,,0,38978,38978,40020,1042,0,0
895,MOVE,MTE1,54,38978,39032,40020,1042,0,0
7068,SPILL_OUT,MTE3,0,39321,39321,39769,448,0,0
890,ALLOC,,0,39321,39321,39769,448,0,0
891,COPY,MTE3,271,39698,39969,39769,71,0,0
5064,FREE,,0,40040,40040,40277,237,0,0
892,ALLOC,,0,38978,38978,40074,1096,0,0
894,MOVE,MTE1,31,39969,40000,40074,105,0,0
889,ALLOC,,0,39019,39019,40105,1086,0,0
896,MATMUL,CUBE,128,40000,40128,40105,105,0,0
5078,FREE,,0,40128,40128,40233,105,0,0
5079,FREE,,0,40128,40128,40264,136,0,0
903,ALLOC,,0,40040,40040,40277,237,0,0
905,COPY,FIXP,41,40128,40169,40277,149,0,0
5076,FREE,,0,40169,40169,40318,149,0,0
898,ALLOC,,0,40128,40128,40233,105,0,0
900,MOVE,MTE1,31,40128,40159,40233,105,0,0
5077,FREE,,0,40159,40159,44982,4823,0,0
899,ALLOC,,0,40128,40128,40264,136,0,0
901,MOVE,MTE1,54,40159,40213,40264,105,0,0
897,ALLOC,,0,40169,40169,40318,149,0,0
902,MATMUL,CUBE,128,40213,40341,40318,105,0,0
5081,FREE,,0,40341,40341,40928,587,0,0
5082,FREE,,0,40341,40341,40959,618,0,0
7070,SPILL_OUT,MTE3,406,40040,40446,40040,0,1,1
907,ALLOC,,0,40446,40446,40446,0,1,1
909,COPY,FIXP,41,40446,40487,40446,0,1,1
5080,FREE,,0,40487,40487,41013,526,0,0
920,ALLOC,,0,40341,40341,40928,587,0,0
922,MOVE,MTE1,31,40341,40372,40928,587,0,0
921,ALLOC,,0,40341,40341,40959,618,0,0
923,MOVE,MTE1,54,40372,40426,40959,587,0,0
4829,FREE,,0,40426,40426,42074,1648,0,0
919,ALLOC,,0,40487,40487,41013,526,0,0
924,MATMUL,CUBE,128,40487,40615,41013,526,0,0
5092,FREE,,0,40615,40615,41141,526,0,0
5093,FREE,,0,40615,40615,41172,557,0,0
925,ALLOC,,0,40615,40615,41141,526,0,0
927,MOVE,MTE1,31,40615,40646,41141,526,0,0
926,ALLOC,,0,40615,40615,41172,557,0,0
928,MOVE,MTE1,54,40646,40700,41172,526,0,0
4832,FREE,,0,40700,40700,45261,4561,0,0
929,MATMUL,CUBE,128,40700,40828,41226,526,0,0
5094,FREE,,0,40828,40828,42345,1517,0,0
5095,FREE,,0,40828,40828,42291,1463,0,0
7072,SPILL_OUT,MTE3,406,40487,40893,40487,0,1,1
930,ALLOC,,0,40893,40893,41354,461,0,0
932,COPY,FIXP,41,40893,40934,41354,461,0,0
5091,FREE,,0,40934,40934,42376,1442,0,0
7074,SPILL_OUT,MTE3,406,40893,41299,40893,0,1,1
931,ALLOC,,0,41299,41299,41395,96,0,0
933,ROWMAX,VECTOR,310,41299,41609,41395,96,0,0
7076,SPILL_OUT,MTE3,406,41299,41705,41299,0,1,1
937,ALLOC,,0,41705,41705,41705,0,1,1
938,SUB,VECTOR,151,41705,41856,41705,0,1,1
5096,FREE,,0,41856,41856,41856,0,0,1
939,ALLOC,,0,41856,41856,41856,0,0,1
940,EXP,VECTOR,218,41856,42074,41856,0,1,1
5100,FREE,,0,42074,42074,42885,811,0,0
941,ALLOC,,0,42074,42074,42885,811,0,0
942,ROWSUM,VECTOR,342,42074,42416,42885,811,0,0
966,ALLOC,,0,40828,40828,42291,1463,0,0
968,MOVE,MTE1,54,40828,40882,42291,1463,0,0
4854,FREE,,0,40882,40882,43116,2234,0,0
963,ALLOC,,0,40426,40426,42074,1648,0,0
964,COPY,MTE3,271,42074,42345,42074,0,1,1
5101,FREE,,0,42416,42416,43464,1048,0,0
965,ALLOC,,0,40828,40828,42345,1517,0,0
967,MOVE,MTE1,31,42345,42376,42345,0,1,1
962,ALLOC,,0,40934,40934,42376,1442,0,0
969,MATMUL,CUBE,128,42376,42504,42376,0,1,1
5115,FREE,,0,42504,42504,42504,0,1,1
5116,FREE,,0,42504,42504,43451,947,0,0
976,ALLOC,,0,42416,42416,43464,1048,0,0
978,COPY,FIXP,41,42504,42545,43464,960,0,0
5113,FREE,,0,42545,42545,43505,960,0,0
971,ALLOC,,0,42504,42504,42504,0,1,1
973,MOVE,MTE1,31,42504,42535,42504,0,1,1
5114,FREE,,0,42535,42535,42535,0,1,1
972,ALLOC,,0,42504,42504,43451,947,0,0
974,MOVE,MTE1,54,42535,42589,43451,916,0,0
4858,FREE,,0,42589,42589,43778,1189,0,0
970,ALLOC,,0,42545,42545,43505,960,0,0
975,MATMUL,CUBE,128,42589,42717,43505,916,0,0
5118,FREE,,0,42717,42717,44115,1398,0,0
5119,FREE,,0,42717,42717,44146,1429,0,0
7078,SPILL_OUT,MTE3,406,42416,42822,43227,811,0,0
980,ALLOC,,0,42822,42822,43633,811,0,0
982,COPY,FIXP,41,42822,42863,43633,811,0,0
5117,FREE,,0,42863,42863,44200,1337,0,0
995,ALLOC,,0,42717,42717,44115,1398,0,0
997,MOVE,MTE1,31,42717,42748,44115,1398,0,0
993,ALLOC,,0,42535,42535,42535,0,1,1
994,COPY_IN,MTE2,581,42535,43116,42535,0,1,1
996,ALLOC,,0,42717,42717,44146,1429,0,0
998,MOVE,MTE1,54,43116,43170,44146,1030,0,0
992,ALLOC,,0,42863,42863,44200,1337,0,0
999,MATMUL,CUBE,128,43170,43298,44200,1030,0,0
5130,FREE,,0,43298,43298,44328,1030,0,0
5131,FREE,,0,43298,43298,44359,1061,0,0
1002,ALLOC,,0,43298,43298,44328,1030,0,0
7013,SPILL_IN,MTE2,662,43116,43778,43116,0,1,1
1004,MOVE,MTE1,31,43778,43809,44328,550,0,0
1000,ALLOC,,0,42589,42589,43778,1189,0,0
1001,COPY_IN,MTE2,581,43778,44359,43778,0,1,1
1003,ALLOC,,0,43298,43298,44359,1061,0,0
1005,MOVE,MTE1,54,44359,44413,44359,0,1,1
1006,MATMUL,CUBE,128,44413,44541,44413,0,1,1
5133,FREE,,0,44541,44541,45532,991,0,0
5134,FREE,,0,44541,44541,45563,1022,0,0
7080,SPILL_OUT,MTE3,406,42863,43269,43674,811,0,0
1007,ALLOC,,0,43269,43269,44541,1272,0,0
1009,COPY,FIXP,41,44541,44582,44541,0,1,1
5128,FREE,,0,44582,44582,45617,1035,0,0
7082,SPILL_OUT,MTE3,406,43269,43675,44080,811,0,0
1008,ALLOC,,0,43675,43675,44582,907,0,0
1010,ROWMAX,VECTOR,310,44582,44892,44582,0,1,1
7084,SPILL_OUT,MTE3,406,43675,44081,44486,811,0,0
1014,ALLOC,,0,44081,44081,44892,811,0,0
1015,SUB,VECTOR,151,44892,45043,44892,0,1,1
5135,FREE,,0,45043,45043,45043,0,0,1
1016,ALLOC,,0,45043,45043,45043,0,0,1
1017,EXP,VECTOR,218,45043,45261,45043,0,1,1
5139,FREE,,0,45261,45261,45791,530,0,0
1018,ALLOC,,0,45261,45261,45791,530,0,0
1019,ROWSUM,VECTOR,342,45261,45603,45791,530,0,0
1040,ALLOC,,0,40700,40700,45261,4561,0,0
1042,COPY,MTE3,271,45261,45532,45261,0,1,1
5140,FREE,,0,45603,45603,46370,767,0,0
1044,ALLOC,,0,44541,44541,45532,991,0,0
1046,MOVE,MTE1,31,45532,45563,45532,0,1,1
1041,ALLOC,,0,40159,40159,44982,4823,0,0
1043,COPY_IN,MTE2,581,44359,44940,44982,623,0,0
1045,ALLOC,,0,44541,44541,45563,1022,0,0
1047,MOVE,MTE1,54,45563,45617,45563,0,1,1
1039,ALLOC,,0,44582,44582,45617,1035,0,0
1048,MATMUL,CUBE,128,45617,45745,45617,0,1,1
5155,FREE,,0,45745,45745,45745,0,1,1
5156,FREE,,0,45745,45745,46357,612,0,0
1057,ALLOC,,0,45603,45603,46370,767,0,0
1059,COPY,FIXP,41,45745,45786,46370,625,0,0
5152,FREE,,0,45786,45786,46411,625,0,0
1052,ALLOC,,0,45745,45745,45745,0,1,1
1054,MOVE,MTE1,31,45745,45776,45745,0,1,1
5153,FREE,,0,45776,45776,45776,0,1,1
1050,ALLOC,,0,45776,45776,45776,0,1,1
1051,COPY_IN,MTE2,581,45776,46357,45776,0,1,1
1053,ALLOC,,0,45745,45745,46357,612,0,0
1055,MOVE,MTE1,54,46357,46411,46357,0,1,1
1049,ALLOC,,0,45786,45786,46411,625,0,0
1056,MATMUL,CUBE,128,46411,46539,46411,0,1,1
5159,FREE,,0,46539,46539,46541,2,0,0
5160,FREE,,0,46539,46539,47052,513,0,0
7086,SPILL_OUT,MTE3,406,45603,46009,46133,530,0,0
1061,ALLOC,,0,46009,46009,46539,530,0,0
1063,COPY,FIXP,41,46539,46580,46539,0,1,1
5157,FREE,,0,46580,46580,47106,526,0,0
1074,ALLOC,,0,46539,46539,46541,2,0,0
1076,MOVE,MTE1,31,46539,46570,46541,2,0,0
1075,ALLOC,,0,46539,46539,47052,513,0,0
1077,MOVE,MTE1,54,46570,46624,47052,482,0,0
1073,ALLOC,,0,46580,46580,47106,526,0,0
1078,MATMUL,CUBE,128,46624,46752,47106,482,0,0
5170,FREE,,0,46752,46752,47234,482,0,0
5171,FREE,,0,46752,46752,47265,513,0,0
1079,ALLOC,,0,46752,46752,47234,482,0,0
7088,SPILL_OUT,MTE3,0,46570,46570,46572,2,0,0
7023,SPILL_IN,MTE2,662,46570,47232,46572,2,0,0
1081,MOVE,MTE1,31,47232,47263,47234,2,0,0
1080,ALLOC,,0,46752,46752,47265,513,0,0
1082,MOVE,MTE1,54,47263,47317,47265,2,0,0
1083,MATMUL,CUBE,128,47317,47445,47319,2,0,0
5172,FREE,,0,47445,47445,48543,1098,0,0
5173,FREE,,0,47445,47445,48489,1044,0,0
7090,SPILL_OUT,MTE3,406,46580,46986,46580,0,1,1
1084,ALLOC,,0,46986,46986,47447,461,0,0
1086,COPY,FIXP,41,47445,47486,47447,2,0,0
5169,FREE,,0,47486,47486,48574,1088,0,0
7092,SPILL_OUT,MTE3,406,46986,47392,46986,0,1,1
1085,ALLOC,,0,47392,47392,47488,96,0,0
1087,ROWMAX,VECTOR,310,47486,47796,47488,2,0,0
7094,SPILL_OUT,MTE3,406,47392,47798,47392,0,1,1
1091,ALLOC,,0,47798,47798,47798,0,1,1
1092,SUB,VECTOR,151,47798,47949,47798,0,1,1
5174,FREE,,0,47949,47949,47949,0,0,1
1093,ALLOC,,0,47949,47949,47949,0,0,1
1094,EXP,VECTOR,218,47949,48167,47949,0,1,1
5178,FREE,,0,48167,48167,48167,0,0,1
1095,ALLOC,,0,48167,48167,48167,0,0,1
1096,ROWSUM,VECTOR,342,48167,48509,48167,0,1,1
1120,ALLOC,,0,47445,47445,48489,1044,0,0
1122,MOVE,MTE1,54,47445,47499,48489,1044,0,0
7096,SPILL_OUT,MTE3,0,47798,47798,48238,440,0,0
1117,ALLOC,,0,47798,47798,48238,440,0,0
1118,COPY,MTE3,271,48167,48438,48238,71,0,0
5179,FREE,,0,48509,48509,48746,237,0,0
1119,ALLOC,,0,47445,47445,48543,1098,0,0
1121,MOVE,MTE1,31,48438,48469,48543,105,0,0
1116,ALLOC,,0,47486,47486,48574,1088,0,0
1123,MATMUL,CUBE,128,48469,48597,48574,105,0,0
5193,FREE,,0,48597,48597,48702,105,0,0
5194,FREE,,0,48597,48597,48733,136,0,0
1130,ALLOC,,0,48509,48509,48746,237,0,0
1132,COPY,FIXP,41,48597,48638,48746,149,0,0
5191,FREE,,0,48638,48638,48787,149,0,0
1125,ALLOC,,0,48597,48597,48702,105,0,0
1127,MOVE,MTE1,31,48597,48628,48702,105,0,0
5192,FREE,,0,48628,48628,50614,1986,0,0
1126,ALLOC,,0,48597,48597,48733,136,0,0
1128,MOVE,MTE1,54,48628,48682,48733,105,0,0
1124,ALLOC,,0,48638,48638,48787,149,0,0
1129,MATMUL,CUBE,128,48682,48810,48787,105,0,0
5196,FREE,,0,48810,48810,49397,587,0,0
5197,FREE,,0,48810,48810,49428,618,0,0
7098,SPILL_OUT,MTE3,406,48509,48915,48509,0,1,1
1134,ALLOC,,0,48915,48915,48915,0,1,1
1136,COPY,FIXP,41,48915,48956,48915,0,1,1
5195,FREE,,0,48956,48956,49482,526,0,0
1147,ALLOC,,0,48810,48810,49397,587,0,0
1149,MOVE,MTE1,31,48810,48841,49397,587,0,0
1148,ALLOC,,0,48810,48810,49428,618,0,0
1150,MOVE,MTE1,54,48841,48895,49428,587,0,0
1146,ALLOC,,0,48956,48956,49482,526,0,0
1151,MATMUL,CUBE,128,48956,49084,49482,526,0,0
5207,FREE,,0,49084,49084,49610,526,0,0
5208,FREE,,0,49084,49084,49641,557,0,0
1152,ALLOC,,0,49084,49084,49610,526,0,0
1154,MOVE,MTE1,31,49084,49115,49610,526,0,0
1153,ALLOC,,0,49084,49084,49641,557,0,0
1155,MOVE,MTE1,54,49115,49169,49641,526,0,0
1156,MATMUL,CUBE,128,49169,49297,49695,526,0,0
5209,FREE,,0,49297,49297,50919,1622,0,0
5210,FREE,,0,49297,49297,50865,1568,0,0
7100,SPILL_OUT,MTE3,406,48956,49362,48956,0,1,1
1157,ALLOC,,0,49362,49362,49823,461,0,0
1159,COPY,FIXP,41,49362,49403,49823,461,0,0
5206,FREE,,0,49403,49403,50950,1547,0,0
7102,SPILL_OUT,MTE3,406,49362,49768,49362,0,1,1
1158,ALLOC,,0,49768,49768,49864,96,0,0
1160,ROWMAX,VECTOR,310,49768,50078,49864,96,0,0
7104,SPILL_OUT,MTE3,406,49768,50174,49768,0,1,1
1164,ALLOC,,0,50174,50174,50174,0,1,1
1165,SUB,VECTOR,151,50174,50325,50174,0,1,1
5211,FREE,,0,50325,50325,50325,0,0,1
1166,ALLOC,,0,50325,50325,50325,0,0,1
1167,EXP,VECTOR,218,50325,50543,50325,0,1,1
5215,FREE,,0,50543,50543,50543,0,0,1
1168,ALLOC,,0,50543,50543,50543,0,0,1
1169,ROWSUM,VECTOR,342,50543,50885,50543,0,1,1
1193,ALLOC,,0,49297,49297,50865,1568,0,0
1195,MOVE,MTE1,54,49297,49351,50865,1568,0,0
1190,ALLOC,,0,48628,48628,50614,1986,0,0
1191,COPY,MTE3,271,50543,50814,50614,71,0,0
5216,FREE,,0,50885,50885,51122,237,0,0
1192,ALLOC,,0,49297,49297,50919,1622,0,0
1194,MOVE,MTE1,31,50814,50845,50919,105,0,0
1189,ALLOC,,0,49403,49403,50950,1547,0,0
1196,MATMUL,CUBE,128,50845,50973,50950,105,0,0
5230,FREE,,0,50973,50973,51078,105,0,0
5231,FREE,,0,50973,50973,51109,136,0,0
1203,ALLOC,,0,50885,50885,51122,237,0,0
1205,COPY,FIXP,41,50973,51014,51122,149,0,0
5228,FREE,,0,51014,51014,51163,149,0,0
1198,ALLOC,,0,50973,50973,51078,105,0,0
1200,MOVE,MTE1,31,50973,51004,51078,105,0,0
5229,FREE,,0,51004,51004,52990,1986,0,0
1199,ALLOC,,0,50973,50973,51109,136,0,0
1201,MOVE,MTE1,54,51004,51058,51109,105,0,0
1197,ALLOC,,0,51014,51014,51163,149,0,0
1202,MATMUL,CUBE,128,51058,51186,51163,105,0,0
5233,FREE,,0,51186,51186,51773,587,0,0
5234,FREE,,0,51186,51186,51804,618,0,0
7106,SPILL_OUT,MTE3,406,50885,51291,50885,0,1,1
1207,ALLOC,,0,51291,51291,51291,0,1,1
1209,COPY,FIXP,41,51291,51332,51291,0,1,1
5232,FREE,,0,51332,51332,51858,526,0,0
1220,ALLOC,,0,51186,51186,51773,587,0,0
1222,MOVE,MTE1,31,51186,51217,51773,587,0,0
1221,ALLOC,,0,51186,51186,51804,618,0,0
1223,MOVE,MTE1,54,51217,51271,51804,587,0,0
1219,ALLOC,,0,51332,51332,51858,526,0,0
1224,MATMUL,CUBE,128,51332,51460,51858,526,0,0
5244,FREE,,0,51460,51460,51986,526,0,0
5245,FREE,,0,51460,51460,52017,557,0,0
1225,ALLOC,,0,51460,51460,51986,526,0,0
1227,MOVE,MTE1,31,51460,51491,51986,526,0,0
1226,ALLOC,,0,51460,51460,52017,557,0,0
1228,MOVE,MTE1,54,51491,51545,52017,526,0,0
1229,MATMUL,CUBE,128,51545,51673,52071,526,0,0
5246,FREE,,0,51673,51673,53295,1622,0,0
5247,FREE,,0,51673,51673,53241,1568,0,0
7108,SPILL_OUT,MTE3,406,51332,51738,51332,0,1,1
1230,ALLOC,,0,51738,51738,52199,461,0,0
1232,COPY,FIXP,41,51738,51779,52199,461,0,0
5243,FREE,,0,51779,51779,53326,1547,0,0
7110,SPILL_OUT,MTE3,406,51738,52144,51738,0,1,1
1231,ALLOC,,0,52144,52144,52240,96,0,0
1233,ROWMAX,VECTOR,310,52144,52454,52240,96,0,0
7112,SPILL_OUT,MTE3,406,52144,52550,52144,0,1,1
1237,ALLOC,,0,52550,52550,52550,0,1,1
1238,SUB,VECTOR,151,52550,52701,52550,0,1,1
5248,FREE,,0,52701,52701,52701,0,0,1
1239,ALLOC,,0,52701,52701,52701,0,0,1
1240,EXP,VECTOR,218,52701,52919,52701,0,1,1
5252,FREE,,0,52919,52919,52919,0,0,1
1241,ALLOC,,0,52919,52919,52919,0,0,1
1242,ROWSUM,VECTOR,342,52919,53261,52919,0,1,1
1266,ALLOC,,0,51673,51673,53241,1568,0,0
1268,MOVE,MTE1,54,51673,51727,53241,1568,0,0
1263,ALLOC,,0,51004,51004,52990,1986,0,0
1264,COPY,MTE3,271,52919,53190,52990,71,0,0
5253,FREE,,0,53261,53261,53498,237,0,0
1265,ALLOC,,0,51673,51673,53295,1622,0,0
1267,MOVE,MTE1,31,53190,53221,53295,105,0,0
1262,ALLOC,,0,51779,51779,53326,1547,0,0
1269,MATMUL,CUBE,128,53221,53349,53326,105,0,0
5267,FREE,,0,53349,53349,53454,105,0,0
5268,FREE,,0,53349,53349,53485,136,0,0
1276,ALLOC,,0,53261,53261,53498,237,0,0
1278,COPY,FIXP,41,53349,53390,53498,149,0,0
5265,FREE,,0,53390,53390,53539,149,0,0
1271,ALLOC,,0,53349,53349,53454,105,0,0
1273,MOVE,MTE1,31,53349,53380,53454,105,0,0
5266,FREE,,0,53380,53380,55366,1986,0,0
1272,ALLOC,,0,53349,53349,53485,136,0,0
1274,MOVE,MTE1,54,53380,53434,53485,105,0,0
1270,ALLOC,,0,53390,53390,53539,149,0,0
1275,MATMUL,CUBE,128,53434,53562,53539,105,0,0
5270,FREE,,0,53562,53562,54149,587,0,0
5271,FREE,,0,53562,53562,54180,618,0,0
7114,SPILL_OUT,MTE3,406,53261,53667,53261,0,1,1
1280,ALLOC,,0,53667,53667,53667,0,1,1
1282,COPY,FIXP,41,53667,53708,53667,0,1,1
5269,FREE,,0,53708,53708,54234,526,0,0
1293,ALLOC,,0,53562,53562,54149,587,0,0
1295,MOVE,MTE1,31,53562,53593,54149,587,0,0
1294,ALLOC,,0,53562,53562,54180,618,0,0
1296,MOVE,MTE1,54,53593,53647,54180,587,0,0
1292,ALLOC,,0,53708,53708,54234,526,0,0
1297,MATMUL,CUBE,128,53708,53836,54234,526,0,0
5281,FREE,,0,53836,53836,54362,526,0,0
5282,FREE,,0,53836,53836,54393,557,0,0
1298,ALLOC,,0,53836,53836,54362,526,0,0
1300,MOVE,MTE1,31,53836,53867,54362,526,0,0
1299,ALLOC,,0,53836,53836,54393,557,0,0
1301,MOVE,MTE1,54,53867,53921,54393,526,0,0
1302,MATMUL,CUBE,128,53921,54049,54447,526,0,0
5283,FREE,,0,54049,54049,55671,1622,0,0
5284,FREE,,0,54049,54049,55617,1568,0,0
7116,SPILL_OUT,MTE3,406,53708,54114,53708,0,1,1
1303,ALLOC,,0,54114,54114,54575,461,0,0
1305,COPY,FIXP,41,54114,54155,54575,461,0,0
5280,FREE,,0,54155,54155,55702,1547,0,0
7118,SPILL_OUT,MTE3,406,54114,54520,54114,0,1,1
1304,ALLOC,,0,54520,54520,54616,96,0,0
1306,ROWMAX,VECTOR,310,54520,54830,54616,96,0,0
7120,SPILL_OUT,MTE3,406,54520,54926,54520,0,1,1
1310,ALLOC,,0,54926,54926,54926,0,1,1
1311,SUB,VECTOR,151,54926,55077,54926,0,1,1
5285,FREE,,0,55077,55077,55077,0,0,1
1312,ALLOC,,0,55077,55077,55077,0,0,1
1313,EXP,VECTOR,218,55077,55295,55077,0,1,1
5289,FREE,,0,55295,55295,55295,0,0,1
1314,ALLOC,,0,55295,55295,55295,0,0,1
1315,ROWSUM,VECTOR,342,55295,55637,55295,0,1,1
1339,ALLOC,,0,54049,54049,55617,1568,0,0
1341,MOVE,MTE1,54,54049,54103,55617,1568,0,0
1336,ALLOC,,0,53380,53380,55366,1986,0,0
1337,COPY,MTE3,271,55295,55566,55366,71,0,0
5290,FREE,,0,55637,55637,55874,237,0,0
1338,ALLOC,,0,54049,54049,55671,1622,0,0
1340,MOVE,MTE1,31,55566,55597,55671,105,0,0
1335,ALLOC,,0,54155,54155,55702,1547,0,0
1342,MATMUL,CUBE,128,55597,55725,55702,105,0,0
5304,FREE,,0,55725,55725,55830,105,0,0
5305,FREE,,0,55725,55725,55861,136,0,0
1349,ALLOC,,0,55637,55637,55874,237,0,0
1351,COPY,FIXP,41,55725,55766,55874,149,0,0
5302,FREE,,0,55766,55766,55915,149,0,0
1344,ALLOC,,0,55725,55725,55830,105,0,0
1346,MOVE,MTE1,31,55725,55756,55830,105,0,0
5303,FREE,,0,55756,55756,56076,320,0,0
1345,ALLOC,,0,55725,55725,55861,136,0,0
1347,MOVE,MTE1,54,55756,55810,55861,105,0,0
1343,ALLOC,,0,55766,55766,55915,149,0,0
1348,MATMUL,CUBE,128,55810,55938,55915,105,0,0
5307,FREE,,0,55938,55938,56525,587,0,0
5308,FREE,,0,55938,55938,56556,618,0,0
7122,SPILL_OUT,MTE3,406,55637,56043,55637,0,1,1
1353,ALLOC,,0,56043,56043,56043,0,1,1
1355,COPY,FIXP,41,56043,56084,56043,0,1,1
5306,FREE,,0,56084,56084,56610,526,0,0
1366,ALLOC,,0,55938,55938,56525,587,0,0
1368,MOVE,MTE1,31,55938,55969,56525,587,0,0
1367,ALLOC,,0,55938,55938,56556,618,0,0
1369,MOVE,MTE1,54,55969,56023,56556,587,0,0
1365,ALLOC,,0,56084,56084,56610,526,0,0
1370,MATMUL,CUBE,128,56084,56212,56610,526,0,0
5318,FREE,,0,56212,56212,56738,526,0,0
5319,FREE,,0,56212,56212,56769,557,0,0
1371,ALLOC,,0,56212,56212,56738,526,0,0
7057,SPILL_IN,MTE2,662,55756,56418,56076,320,0,0
1373,MOVE,MTE1,31,56418,56449,56738,320,0,0
1372,ALLOC,,0,56212,56212,56769,557,0,0
1374,MOVE,MTE1,54,56449,56503,56769,320,0,0
1375,MATMUL,CUBE,128,56503,56631,56823,320,0,0
5320,FREE,,0,56631,56631,57942,1311,0,0
5321,FREE,,0,56631,56631,57888,1257,0,0
7124,SPILL_OUT,MTE3,406,56084,56490,56084,0,1,1
1376,ALLOC,,0,56490,56490,56951,461,0,0
1378,COPY,FIXP,41,56631,56672,56951,320,0,0
5317,FREE,,0,56672,56672,57973,1301,0,0
7126,SPILL_OUT,MTE3,406,56490,56896,56490,0,1,1
1377,ALLOC,,0,56896,56896,56992,96,0,0
1379,ROWMAX,VECTOR,310,56896,57206,56992,96,0,0
7128,SPILL_OUT,MTE3,406,56896,57302,56896,0,1,1
1383,ALLOC,,0,57302,57302,57302,0,1,1
1384,SUB,VECTOR,151,57302,57453,57302,0,1,1
5322,FREE,,0,57453,57453,57453,0,0,1
1385,ALLOC,,0,57453,57453,57453,0,0,1
1386,EXP,VECTOR,218,57453,57671,57453,0,1,1
5326,FREE,,0,57671,57671,58044,373,0,0
1387,ALLOC,,0,57671,57671,58044,373,0,0
1388,ROWSUM,VECTOR,342,57671,58013,58044,373,0,0
1412,ALLOC,,0,56631,56631,57888,1257,0,0
1414,MOVE,MTE1,54,56631,56685,57888,1257,0,0
7130,SPILL_OUT,MTE3,0,57302,57302,57671,369,0,0
1409,ALLOC,,0,57302,57302,57671,369,0,0
1410,COPY,MTE3,271,57671,57942,57671,0,1,1
5327,FREE,,0,58013,58013,58623,610,0,0
1411,ALLOC,,0,56631,56631,57942,1311,0,0
1413,MOVE,MTE1,31,57942,57973,57942,0,1,1
1408,ALLOC,,0,56672,56672,57973,1301,0,0
1415,MATMUL,CUBE,128,57973,58101,57973,0,1,1
5341,FREE,,0,58101,58101,58101,0,1,1
5342,FREE,,0,58101,58101,58610,509,0,0
1422,ALLOC,,0,58013,58013,58623,610,0,0
1424,COPY,FIXP,41,58101,58142,58623,522,0,0
5339,FREE,,0,58142,58142,58664,522,0,0
1417,ALLOC,,0,58101,58101,58101,0,1,1
1419,MOVE,MTE1,31,58101,58132,58101,0,1,1
5340,FREE,,0,58132,58132,58132,0,1,1
1418,ALLOC,,0,58101,58101,58610,509,0,0
1420,MOVE,MTE1,54,58132,58186,58610,478,0,0
1416,ALLOC,,0,58142,58142,58664,522,0,0
1421,MATMUL,CUBE,128,58186,58314,58664,478,0,0
5344,FREE,,0,58314,58314,58794,480,0,0
5345,FREE,,0,58314,58314,59305,991,0,0
7132,SPILL_OUT,MTE3,406,58013,58419,58386,373,0,0
1426,ALLOC,,0,58419,58419,58792,373,0,0
1428,COPY,FIXP,41,58419,58460,58792,373,0,0
5343,FREE,,0,58460,58460,59359,899,0,0
1439,ALLOC,,0,58314,58314,58794,480,0,0
7061,SPILL_IN,MTE2,662,58132,58794,58132,0,1,1
1441,MOVE,MTE1,31,58794,58825,58794,0,1,1
1440,ALLOC,,0,58314,58314,59305,991,0,0
1442,MOVE,MTE1,54,58825,58879,59305,480,0,0
1438,ALLOC,,0,58460,58460,59359,899,0,0
1443,MATMUL,CUBE,128,58879,59007,59359,480,0,0
5355,FREE,,0,59007,59007,59487,480,0,0
5356,FREE,,0,59007,59007,59518,511,0,0
1444,ALLOC,,0,59007,59007,59487,480,0,0
7134,SPILL_OUT,MTE3,0,58825,58825,58825,0,1,1
7069,SPILL_IN,MTE2,662,58825,59487,58825,0,1,1
1446,MOVE,MTE1,31,59487,59518,59487,0,1,1
1445,ALLOC,,0,59007,59007,59518,511,0,0
1447,MOVE,MTE1,54,59518,59572,59518,0,1,1
1448,MATMUL,CUBE,128,59572,59700,59572,0,1,1
5357,FREE,,0,59700,59700,60796,1096,0,0
5358,FREE,,0,59700,59700,60742,1042,0,0
7136,SPILL_OUT,MTE3,406,58825,59231,58833,8,0,0
1449,ALLOC,,0,59231,59231,59700,469,0,0
1451,COPY,FIXP,41,59700,59741,59700,0,1,1
5354,FREE,,0,59741,59741,60827,1086,0,0
7138,SPILL_OUT,MTE3,406,59231,59637,59239,8,0,0
1450,ALLOC,,0,59637,59637,59741,104,0,0
1452,ROWMAX,VECTOR,310,59741,60051,59741,0,1,1
7140,SPILL_OUT,MTE3,406,59637,60043,59645,8,0,0
1456,ALLOC,,0,60043,60043,60051,8,0,0
1457,SUB,VECTOR,151,60051,60202,60051,0,1,1
5359,FREE,,0,60202,60202,60202,0,0,1
1458,ALLOC,,0,60202,60202,60202,0,0,1
1459,EXP,VECTOR,218,60202,60420,60202,0,1,1
5363,FREE,,0,60420,60420,60420,0,0,1
1460,ALLOC,,0,60420,60420,60420,0,0,1
1461,ROWSUM,VECTOR,342,60420,60762,60420,0,1,1
1485,ALLOC,,0,59700,59700,60742,1042,0,0
1487,MOVE,MTE1,54,59700,59754,60742,1042,0,0
7142,SPILL_OUT,MTE3,0,60043,60043,60491,448,0,0
1482,ALLOC,,0,60043,60043,60491,448,0,0
1483,COPY,MTE3,271,60420,60691,60491,71,0,0
5364,FREE,,0,60762,60762,60999,237,0,0
1484,ALLOC,,0,59700,59700,60796,1096,0,0
1486,MOVE,MTE1,31,60691,60722,60796,105,0,0
1481,ALLOC,,0,59741,59741,60827,1086,0,0
1488,MATMUL,CUBE,128,60722,60850,60827,105,0,0
5378,FREE,,0,60850,60850,60955,105,0,0
5379,FREE,,0,60850,60850,60986,136,0,0
1495,ALLOC,,0,60762,60762,60999,237,0,0
1497,COPY,FIXP,41,60850,60891,60999,149,0,0
5376,FREE,,0,60891,60891,61040,149,0,0
1490,ALLOC,,0,60850,60850,60955,105,0,0
1492,MOVE,MTE1,31,60850,60881,60955,105,0,0
5377,FREE,,0,60881,60881,65321,4440,0,0
1491,ALLOC,,0,60850,60850,60986,136,0,0
1493,MOVE,MTE1,54,60881,60935,60986,105,0,0
1489,ALLOC,,0,60891,60891,61040,149,0,0
1494,MATMUL,CUBE,128,60935,61063,61040,105,0,0
5381,FREE,,0,61063,61063,61650,587,0,0
5382,FREE,,0,61063,61063,61681,618,0,0
7144,SPILL_OUT,MTE3,406,60762,61168,60762,0,1,1
1499,ALLOC,,0,61168,61168,61168,0,1,1
1501,COPY,FIXP,41,61168,61209,61168,0,1,1
5380,FREE,,0,61209,61209,61735,526,0,0
1512,ALLOC,,0,61063,61063,61650,587,0,0
1514,MOVE,MTE1,31,61063,61094,61650,587,0,0
1513,ALLOC,,0,61063,61063,61681,618,0,0
1515,MOVE,MTE1,54,61094,61148,61681,587,0,0
5129,FREE,,0,61148,61148,62796,1648,0,0
1511,ALLOC,,0,61209,61209,61735,526,0,0
1516,MATMUL,CUBE,128,61209,61337,61735,526,0,0
5392,FREE,,0,61337,61337,61863,526,0,0
5393,FREE,,0,61337,61337,61894,557,0,0
1517,ALLOC,,0,61337,61337,61863,526,0,0
1519,MOVE,MTE1,31,61337,61368,61863,526,0,0
1518,ALLOC,,0,61337,61337,61894,557,0,0
1520,MOVE,MTE1,54,61368,61422,61894,526,0,0
5132,FREE,,0,61422,61422,63838,2416,0,0
1521,MATMUL,CUBE,128,61422,61550,61948,526,0,0
5394,FREE,,0,61550,61550,63067,1517,0,0
5395,FREE,,0,61550,61550,63013,1463,0,0
7146,SPILL_OUT,MTE3,406,61209,61615,61209,0,1,1
1522,ALLOC,,0,61615,61615,62076,461,0,0
1524,COPY,FIXP,41,61615,61656,62076,461,0,0
5391,FREE,,0,61656,61656,63098,1442,0,0
7148,SPILL_OUT,MTE3,406,61615,62021,61615,0,1,1
1523,ALLOC,,0,62021,62021,62117,96,0,0
1525,ROWMAX,VECTOR,310,62021,62331,62117,96,0,0
7150,SPILL_OUT,MTE3,406,62021,62427,62021,0,1,1
1529,ALLOC,,0,62427,62427,62427,0,1,1
1530,SUB,VECTOR,151,62427,62578,62427,0,1,1
5396,FREE,,0,62578,62578,62578,0,0,1
1531,ALLOC,,0,62578,62578,62578,0,0,1
1532,EXP,VECTOR,218,62578,62796,62578,0,1,1
5400,FREE,,0,62796,62796,62945,149,0,0
1533,ALLOC,,0,62796,62796,62945,149,0,0
1534,ROWSUM,VECTOR,342,62796,63138,62945,149,0,0
1558,ALLOC,,0,61550,61550,63013,1463,0,0
1560,MOVE,MTE1,54,61550,61604,63013,1463,0,0
5154,FREE,,0,61604,61604,66417,4813,0,0
1555,ALLOC,,0,61148,61148,62796,1648,0,0
1556,COPY,MTE3,271,62796,63067,62796,0,1,1
5401,FREE,,0,63138,63138,63524,386,0,0
1557,ALLOC,,0,61550,61550,63067,1517,0,0
1559,MOVE,MTE1,31,63067,63098,63067,0,1,1
1554,ALLOC,,0,61656,61656,63098,1442,0,0
1561,MATMUL,CUBE,128,63098,63226,63098,0,1,1
5415,FREE,,0,63226,63226,63226,0,1,1
5416,FREE,,0,63226,63226,63511,285,0,0
1568,ALLOC,,0,63138,63138,63524,386,0,0
1570,COPY,FIXP,41,63226,63267,63524,298,0,0
5413,FREE,,0,63267,63267,63565,298,0,0
1563,ALLOC,,0,63226,63226,63226,0,1,1
1565,MOVE,MTE1,31,63226,63257,63226,0,1,1
5414,FREE,,0,63257,63257,63257,0,1,1
1564,ALLOC,,0,63226,63226,63511,285,0,0
1566,MOVE,MTE1,54,63257,63311,63511,254,0,0
5158,FREE,,0,63311,63311,65042,1731,0,0
1562,ALLOC,,0,63267,63267,63565,298,0,0
1567,MATMUL,CUBE,128,63311,63439,63565,254,0,0
5418,FREE,,0,63439,63439,64175,736,0,0
5419,FREE,,0,63439,63439,64206,767,0,0
7152,SPILL_OUT,MTE3,406,63138,63544,63287,149,0,0
1572,ALLOC,,0,63544,63544,63693,149,0,0
1574,COPY,FIXP,41,63544,63585,63693,149,0,0
5417,FREE,,0,63585,63585,64260,675,0,0
1587,ALLOC,,0,63439,63439,64175,736,0,0
1589,MOVE,MTE1,31,63439,63470,64175,736,0,0
1585,ALLOC,,0,63257,63257,63257,0,1,1
1586,COPY_IN,MTE2,581,63257,63838,63257,0,1,1
1588,ALLOC,,0,63439,63439,64206,767,0,0
1590,MOVE,MTE1,54,63838,63892,64206,368,0,0
1584,ALLOC,,0,63585,63585,64260,675,0,0
1591,MATMUL,CUBE,128,63892,64020,64260,368,0,0
5430,FREE,,0,64020,64020,64388,368,0,0
5431,FREE,,0,64020,64020,64419,399,0,0
1594,ALLOC,,0,64020,64020,64388,368,0,0
1596,MOVE,MTE1,31,64020,64051,64388,368,0,0
1592,ALLOC,,0,61422,61422,63838,2416,0,0
1593,COPY_IN,MTE2,581,63838,64419,63838,0,1,1
1595,ALLOC,,0,64020,64020,64419,399,0,0
1597,MOVE,MTE1,54,64419,64473,64419,0,1,1
1598,MATMUL,CUBE,128,64473,64601,64473,0,1,1
5433,FREE,,0,64601,64601,65592,991,0,0
5434,FREE,,0,64601,64601,65623,1022,0,0
7154,SPILL_OUT,MTE3,406,63585,63991,63734,149,0,0
1599,ALLOC,,0,63991,63991,64601,610,0,0
1601,COPY,FIXP,41,64601,64642,64601,0,1,1
5428,FREE,,0,64642,64642,65677,1035,0,0
7156,SPILL_OUT,MTE3,406,63991,64397,64140,149,0,0
1600,ALLOC,,0,64397,64397,64642,245,0,0
1602,ROWMAX,VECTOR,310,64642,64952,64642,0,1,1
7158,SPILL_OUT,MTE3,406,64397,64803,64546,149,0,0
1606,ALLOC,,0,64803,64803,64952,149,0,0
1607,SUB,VECTOR,151,64952,65103,64952,0,1,1
5435,FREE,,0,65103,65103,65103,0,0,1
1608,ALLOC,,0,65103,65103,65103,0,0,1
1609,EXP,VECTOR,218,65103,65321,65103,0,1,1
5439,FREE,,0,65321,65321,66329,1008,0,0
1610,ALLOC,,0,65321,65321,66329,1008,0,0
1611,ROWSUM,VECTOR,342,65321,65663,66329,1008,0,0
1632,ALLOC,,0,60881,60881,65321,4440,0,0
1634,COPY,MTE3,271,65321,65592,65321,0,1,1
5440,FREE,,0,65663,65663,66908,1245,0,0
1636,ALLOC,,0,64601,64601,65592,991,0,0
1638,MOVE,MTE1,31,65592,65623,65592,0,1,1
1633,ALLOC,,0,63311,63311,65042,1731,0,0
1635,COPY_IN,MTE2,581,64419,65000,65042,623,0,0
1637,ALLOC,,0,64601,64601,65623,1022,0,0
1639,MOVE,MTE1,54,65623,65677,65623,0,1,1
1631,ALLOC,,0,64642,64642,65677,1035,0,0
1640,MATMUL,CUBE,128,65677,65805,65677,0,1,1
5455,FREE,,0,65805,65805,65805,0,1,1
5456,FREE,,0,65805,65805,66895,1090,0,0
1649,ALLOC,,0,65663,65663,66908,1245,0,0
1651,COPY,FIXP,41,65805,65846,66908,1103,0,0
5452,FREE,,0,65846,65846,66949,1103,0,0
1644,ALLOC,,0,65805,65805,65805,0,1,1
1646,MOVE,MTE1,31,65805,65836,65805,0,1,1
5453,FREE,,0,65836,65836,65836,0,1,1
1642,ALLOC,,0,65836,65836,65836,0,1,1
1643,COPY_IN,MTE2,581,65836,66417,65836,0,1,1
1645,ALLOC,,0,65805,65805,66895,1090,0,0
1647,MOVE,MTE1,54,66417,66471,66895,478,0,0
1641,ALLOC,,0,65846,65846,66949,1103,0,0
1648,MATMUL,CUBE,128,66471,66599,66949,478,0,0
5459,FREE,,0,66599,66599,67079,480,0,0
5460,FREE,,0,66599,66599,67590,991,0,0
7160,SPILL_OUT,MTE3,406,65663,66069,66671,1008,0,0
1653,ALLOC,,0,66069,66069,67077,1008,0,0
1655,COPY,FIXP,41,66599,66640,67077,478,0,0
5457,FREE,,0,66640,66640,67644,1004,0,0
1666,ALLOC,,0,66599,66599,67079,480,0,0
7089,SPILL_IN,MTE2,662,66417,67079,66417,0,1,1
1668,MOVE,MTE1,31,67079,67110,67079,0,1,1
1667,ALLOC,,0,66599,66599,67590,991,0,0
1669,MOVE,MTE1,54,67110,67164,67590,480,0,0
1665,ALLOC,,0,66640,66640,67644,1004,0,0
1670,MATMUL,CUBE,128,67164,67292,67644,480,0,0
5470,FREE,,0,67292,67292,67772,480,0,0
5471,FREE,,0,67292,67292,67803,511,0,0
1671,ALLOC,,0,67292,67292,67772,480,0,0
7162,SPILL_OUT,MTE3,0,67110,67110,67110,0,1,1
7097,SPILL_IN,MTE2,662,67110,67772,67110,0,1,1
1673,MOVE,MTE1,31,67772,67803,67772,0,1,1
1672,ALLOC,,0,67292,67292,67803,511,0,0
1674,MOVE,MTE1,54,67803,67857,67803,0,1,1
1675,MATMUL,CUBE,128,67857,67985,67857,0,1,1
5472,FREE,,0,67985,67985,69081,1096,0,0
5473,FREE,,0,67985,67985,69027,1042,0,0
7164,SPILL_OUT,MTE3,406,67110,67516,67118,8,0,0
1676,ALLOC,,0,67516,67516,67985,469,0,0
1678,COPY,FIXP,41,67985,68026,67985,0,1,1
5469,FREE,,0,68026,68026,69112,1086,0,0
7166,SPILL_OUT,MTE3,406,67516,67922,67524,8,0,0
1677,ALLOC,,0,67922,67922,68026,104,0,0
1679,ROWMAX,VECTOR,310,68026,68336,68026,0,1,1
7168,SPILL_OUT,MTE3,406,67922,68328,67930,8,0,0
1683,ALLOC,,0,68328,68328,68336,8,0,0
1684,SUB,VECTOR,151,68336,68487,68336,0,1,1
5474,FREE,,0,68487,68487,68487,0,0,1
1685,ALLOC,,0,68487,68487,68487,0,0,1
1686,EXP,VECTOR,218,68487,68705,68487,0,1,1
5478,FREE,,0,68705,68705,68705,0,0,1
1687,ALLOC,,0,68705,68705,68705,0,0,1
1688,ROWSUM,VECTOR,342,68705,69047,68705,0,1,1
1712,ALLOC,,0,67985,67985,69027,1042,0,0
1714,MOVE,MTE1,54,67985,68039,69027,1042,0,0
7170,SPILL_OUT,MTE3,0,68328,68328,68776,448,0,0
1709,ALLOC,,0,68328,68328,68776,448,0,0
1710,COPY,MTE3,271,68705,68976,68776,71,0,0
5479,FREE,,0,69047,69047,69284,237,0,0
1711,ALLOC,,0,67985,67985,69081,1096,0,0
1713,MOVE,MTE1,31,68976,69007,69081,105,0,0
1708,ALLOC,,0,68026,68026,69112,1086,0,0
1715,MATMUL,CUBE,128,69007,69135,69112,105,0,0
5493,FREE,,0,69135,69135,69240,105,0,0
5494,FREE,,0,69135,69135,69271,136,0,0
1722,ALLOC,,0,69047,69047,69284,237,0,0
1724,COPY,FIXP,41,69135,69176,69284,149,0,0
5491,FREE,,0,69176,69176,69325,149,0,0
1717,ALLOC,,0,69135,69135,69240,105,0,0
1719,MOVE,MTE1,31,69135,69166,69240,105,0,0
5492,FREE,,0,69166,69166,71152,1986,0,0
1718,ALLOC,,0,69135,69135,69271,136,0,0
1720,MOVE,MTE1,54,69166,69220,69271,105,0,0
1716,ALLOC,,0,69176,69176,69325,149,0,0
1721,MATMUL,CUBE,128,69220,69348,69325,105,0,0
5496,FREE,,0,69348,69348,69935,587,0,0
5497,FREE,,0,69348,69348,69966,618,0,0
7172,SPILL_OUT,MTE3,406,69047,69453,69047,0,1,1
1726,ALLOC,,0,69453,69453,69453,0,1,1
1728,COPY,FIXP,41,69453,69494,69453,0,1,1
5495,FREE,,0,69494,69494,70020,526,0,0
1739,ALLOC,,0,69348,69348,69935,587,0,0
1741,MOVE,MTE1,31,69348,69379,69935,587,0,0
1740,ALLOC,,0,69348,69348,69966,618,0,0
1742,MOVE,MTE1,54,69379,69433,69966,587,0,0
1738,ALLOC,,0,69494,69494,70020,526,0,0
1743,MATMUL,CUBE,128,69494,69622,70020,526,0,0
5507,FREE,,0,69622,69622,70148,526,0,0
5508,FREE,,0,69622,69622,70179,557,0,0
1744,ALLOC,,0,69622,69622,70148,526,0,0
1746,MOVE,MTE1,31,69622,69653,70148,526,0,0
1745,ALLOC,,0,69622,69622,70179,557,0,0
1747,MOVE,MTE1,54,69653,69707,70179,526,0,0
1748,MATMUL,CUBE,128,69707,69835,70233,526,0,0
5509,FREE,,0,69835,69835,71457,1622,0,0
5510,FREE,,0,69835,69835,71403,1568,0,0
7174,SPILL_OUT,MTE3,406,69494,69900,69494,0,1,1
1749,ALLOC,,0,69900,69900,70361,461,0,0
1751,COPY,FIXP,41,69900,69941,70361,461,0,0
5506,FREE,,0,69941,69941,71488,1547,0,0
7176,SPILL_OUT,MTE3,406,69900,70306,69900,0,1,1
1750,ALLOC,,0,70306,70306,70402,96,0,0
1752,ROWMAX,VECTOR,310,70306,70616,70402,96,0,0
7178,SPILL_OUT,MTE3,406,70306,70712,70306,0,1,1
1756,ALLOC,,0,70712,70712,70712,0,1,1
1757,SUB,VECTOR,151,70712,70863,70712,0,1,1
5511,FREE,,0,70863,70863,70863,0,0,1
1758,ALLOC,,0,70863,70863,70863,0,0,1
1759,EXP,VECTOR,218,70863,71081,70863,0,1,1
5515,FREE,,0,71081,71081,71081,0,0,1
1760,ALLOC,,0,71081,71081,71081,0,0,1
1761,ROWSUM,VECTOR,342,71081,71423,71081,0,1,1
1785,ALLOC,,0,69835,69835,71403,1568,0,0
1787,MOVE,MTE1,54,69835,69889,71403,1568,0,0
1782,ALLOC,,0,69166,69166,71152,1986,0,0
1783,COPY,MTE3,271,71081,71352,71152,71,0,0
5516,FREE,,0,71423,71423,71660,237,0,0
1784,ALLOC,,0,69835,69835,71457,1622,0,0
1786,MOVE,MTE1,31,71352,71383,71457,105,0,0
1781,ALLOC,,0,69941,69941,71488,1547,0,0
1788,MATMUL,CUBE,128,71383,71511,71488,105,0,0
5530,FREE,,0,71511,71511,71616,105,0,0
5531,FREE,,0,71511,71511,71647,136,0,0
1795,ALLOC,,0,71423,71423,71660,237,0,0
1797,COPY,FIXP,41,71511,71552,71660,149,0,0
5528,FREE,,0,71552,71552,71701,149,0,0
1790,ALLOC,,0,71511,71511,71616,105,0,0
1792,MOVE,MTE1,31,71511,71542,71616,105,0,0
5529,FREE,,0,71542,71542,73528,1986,0,0
1791,ALLOC,,0,71511,71511,71647,136,0,0
1793,MOVE,MTE1,54,71542,71596,71647,105,0,0
1789,ALLOC,,0,71552,71552,71701,149,0,0
1794,MATMUL,CUBE,128,71596,71724,71701,105,0,0
5533,FREE,,0,71724,71724,72311,587,0,0
5534,FREE,,0,71724,71724,72342,618,0,0
7180,SPILL_OUT,MTE3,406,71423,71829,71423,0,1,1
1799,ALLOC,,0,71829,71829,71829,0,1,1
1801,COPY,FIXP,41,71829,71870,71829,0,1,1
5532,FREE,,0,71870,71870,72396,526,0,0
1812,ALLOC,,0,71724,71724,72311,587,0,0
1814,MOVE,MTE1,31,71724,71755,72311,587,0,0
1813,ALLOC,,0,71724,71724,72342,618,0,0
1815,MOVE,MTE1,54,71755,71809,72342,587,0,0
1811,ALLOC,,0,71870,71870,72396,526,0,0
1816,MATMUL,CUBE,128,71870,71998,72396,526,0,0
5544,FREE,,0,71998,71998,72524,526,0,0
5545,FREE,,0,71998,71998,72555,557,0,0
1817,ALLOC,,0,71998,71998,72524,526,0,0
1819,MOVE,MTE1,31,71998,72029,72524,526,0,0
1818,ALLOC,,0,71998,71998,72555,557,0,0
1820,MOVE,MTE1,54,72029,72083,72555,526,0,0
1821,MATMUL,CUBE,128,72083,72211,72609,526,0,0
5546,FREE,,0,72211,72211,73833,1622,0,0
5547,FREE,,0,72211,72211,73779,1568,0,0
7182,SPILL_OUT,MTE3,406,71870,72276,71870,0,1,1
1822,ALLOC,,0,72276,72276,72737,461,0,0
1824,COPY,FIXP,41,72276,72317,72737,461,0,0
5543,FREE,,0,72317,72317,73864,1547,0,0
7184,SPILL_OUT,MTE3,406,72276,72682,72276,0,1,1
1823,ALLOC,,0,72682,72682,72778,96,0,0
1825,ROWMAX,VECTOR,310,72682,72992,72778,96,0,0
7186,SPILL_OUT,MTE3,406,72682,73088,72682,0,1,1
1829,ALLOC,,0,73088,73088,73088,0,1,1
1830,SUB,VECTOR,151,73088,73239,73088,0,1,1
5548,FREE,,0,73239,73239,73239,0,0,1
1831,ALLOC,,0,73239,73239,73239,0,0,1
1832,EXP,VECTOR,218,73239,73457,73239,0,1,1
5552,FREE,,0,73457,73457,73457,0,0,1
1833,ALLOC,,0,73457,73457,73457,0,0,1
1834,ROWSUM,VECTOR,342,73457,73799,73457,0,1,1
1858,ALLOC,,0,72211,72211,73779,1568,0,0
1860,MOVE,MTE1,54,72211,72265,73779,1568,0,0
1855,ALLOC,,0,71542,71542,73528,1986,0,0
1856,COPY,MTE3,271,73457,73728,73528,71,0,0
5553,FREE,,0,73799,73799,74036,237,0,0
1857,ALLOC,,0,72211,72211,73833,1622,0,0
1859,MOVE,MTE1,31,73728,73759,73833,105,0,0
1854,ALLOC,,0,72317,72317,73864,1547,0,0
1861,MATMUL,CUBE,128,73759,73887,73864,105,0,0
5567,FREE,,0,73887,73887,73992,105,0,0
5568,FREE,,0,73887,73887,74023,136,0,0
1868,ALLOC,,0,73799,73799,74036,237,0,0
1870,COPY,FIXP,41,73887,73928,74036,149,0,0
5565,FREE,,0,73928,73928,74077,149,0,0
1863,ALLOC,,0,73887,73887,73992,105,0,0
1865,MOVE,MTE1,31,73887,73918,73992,105,0,0
5566,FREE,,0,73918,73918,75904,1986,0,0
1864,ALLOC,,0,73887,73887,74023,136,0,0
1866,MOVE,MTE1,54,73918,73972,74023,105,0,0
1862,ALLOC,,0,73928,73928,74077,149,0,0
1867,MATMUL,CUBE,128,73972,74100,74077,105,0,0
5570,FREE,,0,74100,74100,74687,587,0,0
5571,FREE,,0,74100,74100,74718,618,0,0
7188,SPILL_OUT,MTE3,406,73799,74205,73799,0,1,1
1872,ALLOC,,0,74205,74205,74205,0,1,1
1874,COPY,FIXP,41,74205,74246,74205,0,1,1
5569,FREE,,0,74246,74246,74772,526,0,0
1885,ALLOC,,0,74100,74100,74687,587,0,0
1887,MOVE,MTE1,31,74100,74131,74687,587,0,0
1886,ALLOC,,0,74100,74100,74718,618,0,0
1888,MOVE,MTE1,54,74131,74185,74718,587,0,0
1884,ALLOC,,0,74246,74246,74772,526,0,0
1889,MATMUL,CUBE,128,74246,74374,74772,526,0,0
5581,FREE,,0,74374,74374,74900,526,0,0
5582,FREE,,0,74374,74374,74931,557,0,0
1890,ALLOC,,0,74374,74374,74900,526,0,0
1892,MOVE,MTE1,31,74374,74405,74900,526,0,0
1891,ALLOC,,0,74374,74374,74931,557,0,0
1893,MOVE,MTE1,54,74405,74459,74931,526,0,0
1894,MATMUL,CUBE,128,74459,74587,74985,526,0,0
5583,FREE,,0,74587,74587,76209,1622,0,0
5584,FREE,,0,74587,74587,76155,1568,0,0
7190,SPILL_OUT,MTE3,406,74246,74652,74246,0,1,1
1895,ALLOC,,0,74652,74652,75113,461,0,0
1897,COPY,FIXP,41,74652,74693,75113,461,0,0
5580,FREE,,0,74693,74693,76240,1547,0,0
7192,SPILL_OUT,MTE3,406,74652,75058,74652,0,1,1
1896,ALLOC,,0,75058,75058,75154,96,0,0
1898,ROWMAX,VECTOR,310,75058,75368,75154,96,0,0
7194,SPILL_OUT,MTE3,406,75058,75464,75058,0,1,1
1902,ALLOC,,0,75464,75464,75464,0,1,1
1903,SUB,VECTOR,151,75464,75615,75464,0,1,1
5585,FREE,,0,75615,75615,75615,0,0,1
1904,ALLOC,,0,75615,75615,75615,0,0,1
1905,EXP,VECTOR,218,75615,75833,75615,0,1,1
5589,FREE,,0,75833,75833,75833,0,0,1
1906,ALLOC,,0,75833,75833,75833,0,0,1
1907,ROWSUM,VECTOR,342,75833,76175,75833,0,1,1
1931,ALLOC,,0,74587,74587,76155,1568,0,0
1933,MOVE,MTE1,54,74587,74641,76155,1568,0,0
1928,ALLOC,,0,73918,73918,75904,1986,0,0
1929,COPY,MTE3,271,75833,76104,75904,71,0,0
5590,FREE,,0,76175,76175,76412,237,0,0
1930,ALLOC,,0,74587,74587,76209,1622,0,0
1932,MOVE,MTE1,31,76104,76135,76209,105,0,0
1927,ALLOC,,0,74693,74693,76240,1547,0,0
1934,MATMUL,CUBE,128,76135,76263,76240,105,0,0
5604,FREE,,0,76263,76263,76368,105,0,0
5605,FREE,,0,76263,76263,76399,136,0,0
1941,ALLOC,,0,76175,76175,76412,237,0,0
1943,COPY,FIXP,41,76263,76304,76412,149,0,0
5602,FREE,,0,76304,76304,76453,149,0,0
1936,ALLOC,,0,76263,76263,76368,105,0,0
1938,MOVE,MTE1,31,76263,76294,76368,105,0,0
5603,FREE,,0,76294,76294,76614,320,0,0
1937,ALLOC,,0,76263,76263,76399,136,0,0
1939,MOVE,MTE1,54,76294,76348,76399,105,0,0
1935,ALLOC,,0,76304,76304,76453,149,0,0
1940,MATMUL,CUBE,128,76348,76476,76453,105,0,0
5607,FREE,,0,76476,76476,77063,587,0,0
5608,FREE,,0,76476,76476,77094,618,0,0
7196,SPILL_OUT,MTE3,406,76175,76581,76175,0,1,1
1945,ALLOC,,0,76581,76581,76581,0,1,1
1947,COPY,FIXP,41,76581,76622,76581,0,1,1
5606,FREE,,0,76622,76622,77148,526,0,0
1958,ALLOC,,0,76476,76476,77063,587,0,0
1960,MOVE,MTE1,31,76476,76507,77063,587,0,0
1959,ALLOC,,0,76476,76476,77094,618,0,0
1961,MOVE,MTE1,54,76507,76561,77094,587,0,0
1957,ALLOC,,0,76622,76622,77148,526,0,0
1962,MATMUL,CUBE,128,76622,76750,77148,526,0,0
5618,FREE,,0,76750,76750,77276,526,0,0
5619,FREE,,0,76750,76750,77307,557,0,0
1963,ALLOC,,0,76750,76750,77276,526,0,0
7131,SPILL_IN,MTE2,662,76294,76956,76614,320,0,0
1965,MOVE,MTE1,31,76956,76987,77276,320,0,0
1964,ALLOC,,0,76750,76750,77307,557,0,0
1966,MOVE,MTE1,54,76987,77041,77307,320,0,0
1967,MATMUL,CUBE,128,77041,77169,77361,320,0,0
5620,FREE,,0,77169,77169,78480,1311,0,0
5621,FREE,,0,77169,77169,78426,1257,0,0
7198,SPILL_OUT,MTE3,406,76622,77028,76622,0,1,1
1968,ALLOC,,0,77028,77028,77489,461,0,0
1970,COPY,FIXP,41,77169,77210,77489,320,0,0
5617,FREE,,0,77210,77210,78511,1301,0,0
7200,SPILL_OUT,MTE3,406,77028,77434,77028,0,1,1
1969,ALLOC,,0,77434,77434,77530,96,0,0
1971,ROWMAX,VECTOR,310,77434,77744,77530,96,0,0
7202,SPILL_OUT,MTE3,406,77434,77840,77434,0,1,1
1975,ALLOC,,0,77840,77840,77840,0,1,1
1976,SUB,VECTOR,151,77840,77991,77840,0,1,1
5622,FREE,,0,77991,77991,77991,0,0,1
1977,ALLOC,,0,77991,77991,77991,0,0,1
1978,EXP,VECTOR,218,77991,78209,77991,0,1,1
5626,FREE,,0,78209,78209,78582,373,0,0
1979,ALLOC,,0,78209,78209,78582,373,0,0
1980,ROWSUM,VECTOR,342,78209,78551,78582,373,0,0
2004,ALLOC,,0,77169,77169,78426,1257,0,0
2006,MOVE,MTE1,54,77169,77223,78426,1257,0,0
7204,SPILL_OUT,MTE3,0,77840,77840,78209,369,0,0
2001,ALLOC,,0,77840,77840,78209,369,0,0
2002,COPY,MTE3,271,78209,78480,78209,0,1,1
5627,FREE,,0,78551,78551,79161,610,0,0
2003,ALLOC,,0,77169,77169,78480,1311,0,0
2005,MOVE,MTE1,31,78480,78511,78480,0,1,1
2000,ALLOC,,0,77210,77210,78511,1301,0,0
2007,MATMUL,CUBE,128,78511,78639,78511,0,1,1
5641,FREE,,0,78639,78639,78639,0,1,1
5642,FREE,,0,78639,78639,79148,509,0,0
2014,ALLOC,,0,78551,78551,79161,610,0,0
2016,COPY,FIXP,41,78639,78680,79161,522,0,0
5639,FREE,,0,78680,78680,79202,522,0,0
2009,ALLOC,,0,78639,78639,78639,0,1,1
2011,MOVE,MTE1,31,78639,78670,78639,0,1,1
5640,FREE,,0,78670,78670,78670,0,1,1
2010,ALLOC,,0,78639,78639,79148,509,0,0
2012,MOVE,MTE1,54,78670,78724,79148,478,0,0
2008,ALLOC,,0,78680,78680,79202,522,0,0
2013,MATMUL,CUBE,128,78724,78852,79202,478,0,0
5644,FREE,,0,78852,78852,79332,480,0,0
5645,FREE,,0,78852,78852,79843,991,0,0
7206,SPILL_OUT,MTE3,406,78551,78957,78924,373,0,0
2018,ALLOC,,0,78957,78957,79330,373,0,0
2020,COPY,FIXP,41,78957,78998,79330,373,0,0
5643,FREE,,0,78998,78998,79897,899,0,0
2031,ALLOC,,0,78852,78852,79332,480,0,0
7135,SPILL_IN,MTE2,662,78670,79332,78670,0,1,1
2033,MOVE,MTE1,31,79332,79363,79332,0,1,1
2032,ALLOC,,0,78852,78852,79843,991,0,0
2034,MOVE,MTE1,54,79363,79417,79843,480,0,0
2030,ALLOC,,0,78998,78998,79897,899,0,0
2035,MATMUL,CUBE,128,79417,79545,79897,480,0,0
5655,FREE,,0,79545,79545,80025,480,0,0
5656,FREE,,0,79545,79545,80056,511,0,0
2036,ALLOC,,0,79545,79545,80025,480,0,0
7208,SPILL_OUT,MTE3,0,79363,79363,79363,0,1,1
7143,SPILL_IN,MTE2,662,79363,80025,79363,0,1,1
2038,MOVE,MTE1,31,80025,80056,80025,0,1,1
2037,ALLOC,,0,79545,79545,80056,511,0,0
2039,MOVE,MTE1,54,80056,80110,80056,0,1,1
2040,MATMUL,CUBE,128,80110,80238,80110,0,1,1
5657,FREE,,0,80238,80238,81334,1096,0,0
5658,FREE,,0,80238,80238,81280,1042,0,0
7210,SPILL_OUT,MTE3,406,79363,79769,79371,8,0,0
2041,ALLOC,,0,79769,79769,80238,469,0,0
2043,COPY,FIXP,41,80238,80279,80238,0,1,1
5654,FREE,,0,80279,80279,81365,1086,0,0
7212,SPILL_OUT,MTE3,406,79769,80175,79777,8,0,0
2042,ALLOC,,0,80175,80175,80279,104,0,0
2044,ROWMAX,VECTOR,310,80279,80589,80279,0,1,1
7214,SPILL_OUT,MTE3,406,80175,80581,80183,8,0,0
2048,ALLOC,,0,80581,80581,80589,8,0,0
2049,SUB,VECTOR,151,80589,80740,80589,0,1,1
5659,FREE,,0,80740,80740,80740,0,0,1
2050,ALLOC,,0,80740,80740,80740,0,0,1
2051,EXP,VECTOR,218,80740,80958,80740,0,1,1
5663,FREE,,0,80958,80958,80958,0,0,1
2052,ALLOC,,0,80958,80958,80958,0,0,1
2053,ROWSUM,VECTOR,342,80958,81300,80958,0,1,1
2077,ALLOC,,0,80238,80238,81280,1042,0,0
2079,MOVE,MTE1,54,80238,80292,81280,1042,0,0
7216,SPILL_OUT,MTE3,0,80581,80581,81029,448,0,0
2074,ALLOC,,0,80581,80581,81029,448,0,0
2075,COPY,MTE3,271,80958,81229,81029,71,0,0
5664,FREE,,0,81300,81300,81537,237,0,0
2076,ALLOC,,0,80238,80238,81334,1096,0,0
2078,MOVE,MTE1,31,81229,81260,81334,105,0,0
2073,ALLOC,,0,80279,80279,81365,1086,0,0
2080,MATMUL,CUBE,128,81260,81388,81365,105,0,0
5678,FREE,,0,81388,81388,81493,105,0,0
5679,FREE,,0,81388,81388,81524,136,0,0
2087,ALLOC,,0,81300,81300,81537,237,0,0
2089,COPY,FIXP,41,81388,81429,81537,149,0,0
5676,FREE,,0,81429,81429,81578,149,0,0
2082,ALLOC,,0,81388,81388,81493,105,0,0
2084,MOVE,MTE1,31,81388,81419,81493,105,0,0
5677,FREE,,0,81419,81419,86955,5536,0,0
2083,ALLOC,,0,81388,81388,81524,136,0,0
2085,MOVE,MTE1,54,81419,81473,81524,105,0,0
2081,ALLOC,,0,81429,81429,81578,149,0,0
2086,MATMUL,CUBE,128,81473,81601,81578,105,0,0
5681,FREE,,0,81601,81601,82188,587,0,0
5682,FREE,,0,81601,81601,82219,618,0,0
7218,SPILL_OUT,MTE3,406,81300,81706,81300,0,1,1
2091,ALLOC,,0,81706,81706,81706,0,1,1
2093,COPY,FIXP,41,81706,81747,81706,0,1,1
5680,FREE,,0,81747,81747,82273,526,0,0
2104,ALLOC,,0,81601,81601,82188,587,0,0
2106,MOVE,MTE1,31,81601,81632,82188,587,0,0
2105,ALLOC,,0,81601,81601,82219,618,0,0
2107,MOVE,MTE1,54,81632,81686,82219,587,0,0
5429,FREE,,0,81686,81686,83334,1648,0,0
2103,ALLOC,,0,81747,81747,82273,526,0,0
2108,MATMUL,CUBE,128,81747,81875,82273,526,0,0
5692,FREE,,0,81875,81875,82401,526,0,0
5693,FREE,,0,81875,81875,82432,557,0,0
2109,ALLOC,,0,81875,81875,82401,526,0,0
2111,MOVE,MTE1,31,81875,81906,82401,526,0,0
2110,ALLOC,,0,81875,81875,82432,557,0,0
2112,MOVE,MTE1,54,81906,81960,82432,526,0,0
5432,FREE,,0,81960,81960,84376,2416,0,0
2113,MATMUL,CUBE,128,81960,82088,82486,526,0,0
5694,FREE,,0,82088,82088,83605,1517,0,0
5695,FREE,,0,82088,82088,83551,1463,0,0
7220,SPILL_OUT,MTE3,406,81747,82153,81747,0,1,1
2114,ALLOC,,0,82153,82153,82614,461,0,0
2116,COPY,FIXP,41,82153,82194,82614,461,0,0
5691,FREE,,0,82194,82194,83636,1442,0,0
7222,SPILL_OUT,MTE3,406,82153,82559,82153,0,1,1
2115,ALLOC,,0,82559,82559,82655,96,0,0
2117,ROWMAX,VECTOR,310,82559,82869,82655,96,0,0
7224,SPILL_OUT,MTE3,406,82559,82965,82559,0,1,1
2121,ALLOC,,0,82965,82965,82965,0,1,1
2122,SUB,VECTOR,151,82965,83116,82965,0,1,1
5696,FREE,,0,83116,83116,83116,0,0,1
2123,ALLOC,,0,83116,83116,83116,0,0,1
2124,EXP,VECTOR,218,83116,83334,83116,0,1,1
5700,FREE,,0,83334,83334,83483,149,0,0
2125,ALLOC,,0,83334,83334,83483,149,0,0
2126,ROWSUM,VECTOR,342,83334,83676,83483,149,0,0
2150,ALLOC,,0,82088,82088,83551,1463,0,0
2152,MOVE,MTE1,54,82088,82142,83551,1463,0,0
5454,FREE,,0,82142,82142,85580,3438,0,0
2147,ALLOC,,0,81686,81686,83334,1648,0,0
2148,COPY,MTE3,271,83334,83605,83334,0,1,1
5701,FREE,,0,83676,83676,84062,386,0,0
2149,ALLOC,,0,82088,82088,83605,1517,0,0
2151,MOVE,MTE1,31,83605,83636,83605,0,1,1
2146,ALLOC,,0,82194,82194,83636,1442,0,0
2153,MATMUL,CUBE,128,83636,83764,83636,0,1,1
5715,FREE,,0,83764,83764,83764,0,1,1
5716,FREE,,0,83764,83764,84049,285,0,0
2160,ALLOC,,0,83676,83676,84062,386,0,0
2162,COPY,FIXP,41,83764,83805,84062,298,0,0
5713,FREE,,0,83805,83805,84103,298,0,0
2155,ALLOC,,0,83764,83764,83764,0,1,1
2157,MOVE,MTE1,31,83764,83795,83764,0,1,1
5714,FREE,,0,83795,83795,83795,0,1,1
2156,ALLOC,,0,83764,83764,84049,285,0,0
2158,MOVE,MTE1,54,83795,83849,84049,254,0,0
5458,FREE,,0,83849,83849,85859,2010,0,0
2154,ALLOC,,0,83805,83805,84103,298,0,0
2159,MATMUL,CUBE,128,83849,83977,84103,254,0,0
5718,FREE,,0,83977,83977,84713,736,0,0
5719,FREE,,0,83977,83977,84744,767,0,0
7226,SPILL_OUT,MTE3,406,83676,84082,83825,149,0,0
2164,ALLOC,,0,84082,84082,84231,149,0,0
2166,COPY,FIXP,41,84082,84123,84231,149,0,0
5717,FREE,,0,84123,84123,84798,675,0,0
2179,ALLOC,,0,83977,83977,84713,736,0,0
2181,MOVE,MTE1,31,83977,84008,84713,736,0,0
2177,ALLOC,,0,83795,83795,83795,0,1,1
2178,COPY_IN,MTE2,581,83795,84376,83795,0,1,1
2180,ALLOC,,0,83977,83977,84744,767,0,0
2182,MOVE,MTE1,54,84376,84430,84744,368,0,0
2176,ALLOC,,0,84123,84123,84798,675,0,0
2183,MATMUL,CUBE,128,84430,84558,84798,368,0,0
5730,FREE,,0,84558,84558,84926,368,0,0
5731,FREE,,0,84558,84558,84957,399,0,0
2186,ALLOC,,0,84558,84558,84926,368,0,0
2188,MOVE,MTE1,31,84558,84589,84926,368,0,0
2184,ALLOC,,0,81960,81960,84376,2416,0,0
2185,COPY_IN,MTE2,581,84376,84957,84376,0,1,1
2187,ALLOC,,0,84558,84558,84957,399,0,0
2189,MOVE,MTE1,54,84957,85011,84957,0,1,1
2190,MATMUL,CUBE,128,85011,85139,85011,0,1,1
5733,FREE,,0,85139,85139,86130,991,0,0
5734,FREE,,0,85139,85139,86161,1022,0,0
7228,SPILL_OUT,MTE3,406,84123,84529,84272,149,0,0
2191,ALLOC,,0,84529,84529,85139,610,0,0
2193,COPY,FIXP,41,85139,85180,85139,0,1,1
5728,FREE,,0,85180,85180,86215,1035,0,0
7230,SPILL_OUT,MTE3,406,84529,84935,84678,149,0,0
2192,ALLOC,,0,84935,84935,85180,245,0,0
2194,ROWMAX,VECTOR,310,85180,85490,85180,0,1,1
7232,SPILL_OUT,MTE3,406,84935,85341,85084,149,0,0
2198,ALLOC,,0,85341,85341,85490,149,0,0
2199,SUB,VECTOR,151,85490,85641,85490,0,1,1
5735,FREE,,0,85641,85641,85641,0,0,1
2200,ALLOC,,0,85641,85641,85641,0,0,1
2201,EXP,VECTOR,218,85641,85859,85641,0,1,1
5739,FREE,,0,85859,85859,86867,1008,0,0
2202,ALLOC,,0,85859,85859,86867,1008,0,0
2203,ROWSUM,VECTOR,342,85859,86201,86867,1008,0,0
2224,ALLOC,,0,83849,83849,85859,2010,0,0
2226,COPY,MTE3,271,85859,86130,85859,0,1,1
5740,FREE,,0,86201,86201,87446,1245,0,0
2228,ALLOC,,0,85139,85139,86130,991,0,0
2230,MOVE,MTE1,31,86130,86161,86130,0,1,1
2225,ALLOC,,0,82142,82142,85580,3438,0,0
2227,COPY_IN,MTE2,581,84957,85538,85580,623,0,0
2229,ALLOC,,0,85139,85139,86161,1022,0,0
2231,MOVE,MTE1,54,86161,86215,86161,0,1,1
2223,ALLOC,,0,85180,85180,86215,1035,0,0
2232,MATMUL,CUBE,128,86215,86343,86215,0,1,1
5755,FREE,,0,86343,86343,86343,0,1,1
5756,FREE,,0,86343,86343,87433,1090,0,0
2241,ALLOC,,0,86201,86201,87446,1245,0,0
2243,COPY,FIXP,41,86343,86384,87446,1103,0,0
5752,FREE,,0,86384,86384,87487,1103,0,0
2236,ALLOC,,0,86343,86343,86343,0,1,1
2238,MOVE,MTE1,31,86343,86374,86343,0,1,1
5753,FREE,,0,86374,86374,86374,0,1,1
2234,ALLOC,,0,86374,86374,86374,0,1,1
2235,COPY_IN,MTE2,581,86374,86955,86374,0,1,1
2237,ALLOC,,0,86343,86343,87433,1090,0,0
2239,MOVE,MTE1,54,86955,87009,87433,478,0,0
2233,ALLOC,,0,86384,86384,87487,1103,0,0
2240,MATMUL,CUBE,128,87009,87137,87487,478,0,0
5759,FREE,,0,87137,87137,87617,480,0,0
5760,FREE,,0,87137,87137,88128,991,0,0
7234,SPILL_OUT,MTE3,406,86201,86607,87209,1008,0,0
2245,ALLOC,,0,86607,86607,87615,1008,0,0
2247,COPY,FIXP,41,87137,87178,87615,478,0,0
5757,FREE,,0,87178,87178,88182,1004,0,0
2258,ALLOC,,0,87137,87137,87617,480,0,0
7163,SPILL_IN,MTE2,662,86955,87617,86955,0,1,1
2260,MOVE,MTE1,31,87617,87648,87617,0,1,1
2259,ALLOC,,0,87137,87137,88128,991,0,0
2261,MOVE,MTE1,54,87648,87702,88128,480,0,0
2257,ALLOC,,0,87178,87178,88182,1004,0,0
2262,MATMUL,CUBE,128,87702,87830,88182,480,0,0
5770,FREE,,0,87830,87830,88310,480,0,0
5771,FREE,,0,87830,87830,88341,511,0,0
2263,ALLOC,,0,87830,87830,88310,480,0,0
7236,SPILL_OUT,MTE3,0,87648,87648,87648,0,1,1
7171,SPILL_IN,MTE2,662,87648,88310,87648,0,1,1
2265,MOVE,MTE1,31,88310,88341,88310,0,1,1
2264,ALLOC,,0,87830,87830,88341,511,0,0
2266,MOVE,MTE1,54,88341,88395,88341,0,1,1
2267,MATMUL,CUBE,128,88395,88523,88395,0,1,1
5772,FREE,,0,88523,88523,89619,1096,0,0
5773,FREE,,0,88523,88523,89565,1042,0,0
7238,SPILL_OUT,MTE3,406,87648,88054,87656,8,0,0
2268,ALLOC,,0,88054,88054,88523,469,0,0
2270,COPY,FIXP,41,88523,88564,88523,0,1,1
5769,FREE,,0,88564,88564,89650,1086,0,0
7240,SPILL_OUT,MTE3,406,88054,88460,88062,8,0,0
2269,ALLOC,,0,88460,88460,88564,104,0,0
2271,ROWMAX,VECTOR,310,88564,88874,88564,0,1,1
7242,SPILL_OUT,MTE3,406,88460,88866,88468,8,0,0
2275,ALLOC,,0,88866,88866,88874,8,0,0
2276,SUB,VECTOR,151,88874,89025,88874,0,1,1
5774,FREE,,0,89025,89025,89025,0,0,1
2277,ALLOC,,0,89025,89025,89025,0,0,1
2278,EXP,VECTOR,218,89025,89243,89025,0,1,1
5778,FREE,,0,89243,89243,89243,0,0,1
2279,ALLOC,,0,89243,89243,89243,0,0,1
2280,ROWSUM,VECTOR,342,89243,89585,89243,0,1,1
2304,ALLOC,,0,88523,88523,89565,1042,0,0
2306,MOVE,MTE1,54,88523,88577,89565,1042,0,0
7244,SPILL_OUT,MTE3,0,88866,88866,89314,448,0,0
2301,ALLOC,,0,88866,88866,89314,448,0,0
2302,COPY,MTE3,271,89243,89514,89314,71,0,0
5779,FREE,,0,89585,89585,89822,237,0,0
2303,ALLOC,,0,88523,88523,89619,1096,0,0
2305,MOVE,MTE1,31,89514,89545,89619,105,0,0
2300,ALLOC,,0,88564,88564,89650,1086,0,0
2307,MATMUL,CUBE,128,89545,89673,89650,105,0,0
5793,FREE,,0,89673,89673,89778,105,0,0
5794,FREE,,0,89673,89673,89809,136,0,0
2314,ALLOC,,0,89585,89585,89822,237,0,0
2316,COPY,FIXP,41,89673,89714,89822,149,0,0
5791,FREE,,0,89714,89714,89863,149,0,0
2309,ALLOC,,0,89673,89673,89778,105,0,0
2311,MOVE,MTE1,31,89673,89704,89778,105,0,0
5792,FREE,,0,89704,89704,91690,1986,0,0
2310,ALLOC,,0,89673,89673,89809,136,0,0
2312,MOVE,MTE1,54,89704,89758,89809,105,0,0
2308,ALLOC,,0,89714,89714,89863,149,0,0
2313,MATMUL,CUBE,128,89758,89886,89863,105,0,0
5796,FREE,,0,89886,89886,90473,587,0,0
5797,FREE,,0,89886,89886,90504,618,0,0
7246,SPILL_OUT,MTE3,406,89585,89991,89585,0,1,1
2318,ALLOC,,0,89991,89991,89991,0,1,1
2320,COPY,FIXP,41,89991,90032,89991,0,1,1
5795,FREE,,0,90032,90032,90558,526,0,0
2331,ALLOC,,0,89886,89886,90473,587,0,0
2333,MOVE,MTE1,31,89886,89917,90473,587,0,0
2332,ALLOC,,0,89886,89886,90504,618,0,0
2334,MOVE,MTE1,54,89917,89971,90504,587,0,0
2330,ALLOC,,0,90032,90032,90558,526,0,0
2335,MATMUL,CUBE,128,90032,90160,90558,526,0,0
5807,FREE,,0,90160,90160,90686,526,0,0
5808,FREE,,0,90160,90160,90717,557,0,0
2336,ALLOC,,0,90160,90160,90686,526,0,0
2338,MOVE,MTE1,31,90160,90191,90686,526,0,0
2337,ALLOC,,0,90160,90160,90717,557,0,0
2339,MOVE,MTE1,54,90191,90245,90717,526,0,0
2340,MATMUL,CUBE,128,90245,90373,90771,526,0,0
5809,FREE,,0,90373,90373,91995,1622,0,0
5810,FREE,,0,90373,90373,91941,1568,0,0
7248,SPILL_OUT,MTE3,406,90032,90438,90032,0,1,1
2341,ALLOC,,0,90438,90438,90899,461,0,0
2343,COPY,FIXP,41,90438,90479,90899,461,0,0
5806,FREE,,0,90479,90479,92026,1547,0,0
7250,SPILL_OUT,MTE3,406,90438,90844,90438,0,1,1
2342,ALLOC,,0,90844,90844,90940,96,0,0
2344,ROWMAX,VECTOR,310,90844,91154,90940,96,0,0
7252,SPILL_OUT,MTE3,406,90844,91250,90844,0,1,1
2348,ALLOC,,0,91250,91250,91250,0,1,1
2349,SUB,VECTOR,151,91250,91401,91250,0,1,1
5811,FREE,,0,91401,91401,91401,0,0,1
2350,ALLOC,,0,91401,91401,91401,0,0,1
2351,EXP,VECTOR,218,91401,91619,91401,0,1,1
5815,FREE,,0,91619,91619,91619,0,0,1
2352,ALLOC,,0,91619,91619,91619,0,0,1
2353,ROWSUM,VECTOR,342,91619,91961,91619,0,1,1
2377,ALLOC,,0,90373,90373,91941,1568,0,0
2379,MOVE,MTE1,54,90373,90427,91941,1568,0,0
2374,ALLOC,,0,89704,89704,91690,1986,0,0
2375,COPY,MTE3,271,91619,91890,91690,71,0,0
5816,FREE,,0,91961,91961,92198,237,0,0
2376,ALLOC,,0,90373,90373,91995,1622,0,0
2378,MOVE,MTE1,31,91890,91921,91995,105,0,0
2373,ALLOC,,0,90479,90479,92026,1547,0,0
2380,MATMUL,CUBE,128,91921,92049,92026,105,0,0
5830,FREE,,0,92049,92049,92154,105,0,0
5831,FREE,,0,92049,92049,92185,136,0,0
2387,ALLOC,,0,91961,91961,92198,237,0,0
2389,COPY,FIXP,41,92049,92090,92198,149,0,0
5828,FREE,,0,92090,92090,92239,149,0,0
2382,ALLOC,,0,92049,92049,92154,105,0,0
2384,MOVE,MTE1,31,92049,92080,92154,105,0,0
5829,FREE,,0,92080,92080,94066,1986,0,0
2383,ALLOC,,0,92049,92049,92185,136,0,0
2385,MOVE,MTE1,54,92080,92134,92185,105,0,0
2381,ALLOC,,0,92090,92090,92239,149,0,0
2386,MATMUL,CUBE,128,92134,92262,92239,105,0,0
5833,FREE,,0,92262,92262,92849,587,0,0
5834,FREE,,0,92262,92262,92880,618,0,0
7254,SPILL_OUT,MTE3,406,91961,92367,91961,0,1,1
2391,ALLOC,,0,92367,92367,92367,0,1,1
2393,COPY,FIXP,41,92367,92408,92367,0,1,1
5832,FREE,,0,92408,92408,92934,526,0,0
2404,ALLOC,,0,92262,92262,92849,587,0,0
2406,MOVE,MTE1,31,92262,92293,92849,587,0,0
2405,ALLOC,,0,92262,92262,92880,618,0,0
2407,MOVE,MTE1,54,92293,92347,92880,587,0,0
2403,ALLOC,,0,92408,92408,92934,526,0,0
2408,MATMUL,CUBE,128,92408,92536,92934,526,0,0
5844,FREE,,0,92536,92536,93062,526,0,0
5845,FREE,,0,92536,92536,93093,557,0,0
2409,ALLOC,,0,92536,92536,93062,526,0,0
2411,MOVE,MTE1,31,92536,92567,93062,526,0,0
2410,ALLOC,,0,92536,92536,93093,557,0,0
2412,MOVE,MTE1,54,92567,92621,93093,526,0,0
2413,MATMUL,CUBE,128,92621,92749,93147,526,0,0
5846,FREE,,0,92749,92749,94371,1622,0,0
5847,FREE,,0,92749,92749,94317,1568,0,0
7256,SPILL_OUT,MTE3,406,92408,92814,92408,0,1,1
2414,ALLOC,,0,92814,92814,93275,461,0,0
2416,COPY,FIXP,41,92814,92855,93275,461,0,0
5843,FREE,,0,92855,92855,94402,1547,0,0
7258,SPILL_OUT,MTE3,406,92814,93220,92814,0,1,1
2415,ALLOC,,0,93220,93220,93316,96,0,0
2417,ROWMAX,VECTOR,310,93220,93530,93316,96,0,0
7260,SPILL_OUT,MTE3,406,93220,93626,93220,0,1,1
2421,ALLOC,,0,93626,93626,93626,0,1,1
2422,SUB,VECTOR,151,93626,93777,93626,0,1,1
5848,FREE,,0,93777,93777,93777,0,0,1
2423,ALLOC,,0,93777,93777,93777,0,0,1
2424,EXP,VECTOR,218,93777,93995,93777,0,1,1
5852,FREE,,0,93995,93995,93995,0,0,1
2425,ALLOC,,0,93995,93995,93995,0,0,1
2426,ROWSUM,VECTOR,342,93995,94337,93995,0,1,1
2450,ALLOC,,0,92749,92749,94317,1568,0,0
2452,MOVE,MTE1,54,92749,92803,94317,1568,0,0
2447,ALLOC,,0,92080,92080,94066,1986,0,0
2448,COPY,MTE3,271,93995,94266,94066,71,0,0
5853,FREE,,0,94337,94337,94574,237,0,0
2449,ALLOC,,0,92749,92749,94371,1622,0,0
2451,MOVE,MTE1,31,94266,94297,94371,105,0,0
2446,ALLOC,,0,92855,92855,94402,1547,0,0
2453,MATMUL,CUBE,128,94297,94425,94402,105,0,0
5867,FREE,,0,94425,94425,94530,105,0,0
5868,FREE,,0,94425,94425,94561,136,0,0
2460,ALLOC,,0,94337,94337,94574,237,0,0
2462,COPY,FIXP,41,94425,94466,94574,149,0,0
5865,FREE,,0,94466,94466,94615,149,0,0
2455,ALLOC,,0,94425,94425,94530,105,0,0
2457,MOVE,MTE1,31,94425,94456,94530,105,0,0
5866,FREE,,0,94456,94456,96442,1986,0,0
2456,ALLOC,,0,94425,94425,94561,136,0,0
2458,MOVE,MTE1,54,94456,94510,94561,105,0,0
2454,ALLOC,,0,94466,94466,94615,149,0,0
2459,MATMUL,CUBE,128,94510,94638,94615,105,0,0
5870,FREE,,0,94638,94638,95225,587,0,0
5871,FREE,,0,94638,94638,95256,618,0,0
7262,SPILL_OUT,MTE3,406,94337,94743,94337,0,1,1
2464,ALLOC,,0,94743,94743,94743,0,1,1
2466,COPY,FIXP,41,94743,94784,94743,0,1,1
5869,FREE,,0,94784,94784,95310,526,0,0
2477,ALLOC,,0,94638,94638,95225,587,0,0
2479,MOVE,MTE1,31,94638,94669,95225,587,0,0
2478,ALLOC,,0,94638,94638,95256,618,0,0
2480,MOVE,MTE1,54,94669,94723,95256,587,0,0
2476,ALLOC,,0,94784,94784,95310,526,0,0
2481,MATMUL,CUBE,128,94784,94912,95310,526,0,0
5881,FREE,,0,94912,94912,95438,526,0,0
5882,FREE,,0,94912,94912,95469,557,0,0
2482,ALLOC,,0,94912,94912,95438,526,0,0
2484,MOVE,MTE1,31,94912,94943,95438,526,0,0
2483,ALLOC,,0,94912,94912,95469,557,0,0
2485,MOVE,MTE1,54,94943,94997,95469,526,0,0
2486,MATMUL,CUBE,128,94997,95125,95523,526,0,0
5883,FREE,,0,95125,95125,96747,1622,0,0
5884,FREE,,0,95125,95125,96693,1568,0,0
7264,SPILL_OUT,MTE3,406,94784,95190,94784,0,1,1
2487,ALLOC,,0,95190,95190,95651,461,0,0
2489,COPY,FIXP,41,95190,95231,95651,461,0,0
5880,FREE,,0,95231,95231,96778,1547,0,0
7266,SPILL_OUT,MTE3,406,95190,95596,95190,0,1,1
2488,ALLOC,,0,95596,95596,95692,96,0,0
2490,ROWMAX,VECTOR,310,95596,95906,95692,96,0,0
7268,SPILL_OUT,MTE3,406,95596,96002,95596,0,1,1
2494,ALLOC,,0,96002,96002,96002,0,1,1
2495,SUB,VECTOR,151,96002,96153,96002,0,1,1
5885,FREE,,0,96153,96153,96153,0,0,1
2496,ALLOC,,0,96153,96153,96153,0,0,1
2497,EXP,VECTOR,218,96153,96371,96153,0,1,1
5889,FREE,,0,96371,96371,96371,0,0,1
2498,ALLOC,,0,96371,96371,96371,0,0,1
2499,ROWSUM,VECTOR,342,96371,96713,96371,0,1,1
2523,ALLOC,,0,95125,95125,96693,1568,0,0
2525,MOVE,MTE1,54,95125,95179,96693,1568,0,0
2520,ALLOC,,0,94456,94456,96442,1986,0,0
2521,COPY,MTE3,271,96371,96642,96442,71,0,0
5890,FREE,,0,96713,96713,96950,237,0,0
2522,ALLOC,,0,95125,95125,96747,1622,0,0
2524,MOVE,MTE1,31,96642,96673,96747,105,0,0
2519,ALLOC,,0,95231,95231,96778,1547,0,0
2526,MATMUL,CUBE,128,96673,96801,96778,105,0,0
5904,FREE,,0,96801,96801,96906,105,0,0
5905,FREE,,0,96801,96801,96937,136,0,0
2533,ALLOC,,0,96713,96713,96950,237,0,0
2535,COPY,FIXP,41,96801,96842,96950,149,0,0
5902,FREE,,0,96842,96842,96991,149,0,0
2528,ALLOC,,0,96801,96801,96906,105,0,0
2530,MOVE,MTE1,31,96801,96832,96906,105,0,0
5903,FREE,,0,96832,96832,97152,320,0,0
2529,ALLOC,,0,96801,96801,96937,136,0,0
2531,MOVE,MTE1,54,96832,96886,96937,105,0,0
2527,ALLOC,,0,96842,96842,96991,149,0,0
2532,MATMUL,CUBE,128,96886,97014,96991,105,0,0
5907,FREE,,0,97014,97014,97601,587,0,0
5908,FREE,,0,97014,97014,97632,618,0,0
7270,SPILL_OUT,MTE3,406,96713,97119,96713,0,1,1
2537,ALLOC,,0,97119,97119,97119,0,1,1
2539,COPY,FIXP,41,97119,97160,97119,0,1,1
5906,FREE,,0,97160,97160,97686,526,0,0
2550,ALLOC,,0,97014,97014,97601,587,0,0
2552,MOVE,MTE1,31,97014,97045,97601,587,0,0
2551,ALLOC,,0,97014,97014,97632,618,0,0
2553,MOVE,MTE1,54,97045,97099,97632,587,0,0
2549,ALLOC,,0,97160,97160,97686,526,0,0
2554,MATMUL,CUBE,128,97160,97288,97686,526,0,0
5918,FREE,,0,97288,97288,97814,526,0,0
5919,FREE,,0,97288,97288,97845,557,0,0
2555,ALLOC,,0,97288,97288,97814,526,0,0
7205,SPILL_IN,MTE2,662,96832,97494,97152,320,0,0
2557,MOVE,MTE1,31,97494,97525,97814,320,0,0
2556,ALLOC,,0,97288,97288,97845,557,0,0
2558,MOVE,MTE1,54,97525,97579,97845,320,0,0
2559,MATMUL,CUBE,128,97579,97707,97899,320,0,0
5920,FREE,,0,97707,97707,99018,1311,0,0
5921,FREE,,0,97707,97707,98964,1257,0,0
7272,SPILL_OUT,MTE3,406,97160,97566,97160,0,1,1
2560,ALLOC,,0,97566,97566,98027,461,0,0
2562,COPY,FIXP,41,97707,97748,98027,320,0,0
5917,FREE,,0,97748,97748,99049,1301,0,0
7274,SPILL_OUT,MTE3,406,97566,97972,97566,0,1,1
2561,ALLOC,,0,97972,97972,98068,96,0,0
2563,ROWMAX,VECTOR,310,97972,98282,98068,96,0,0
7276,SPILL_OUT,MTE3,406,97972,98378,97972,0,1,1
2567,ALLOC,,0,98378,98378,98378,0,1,1
2568,SUB,VECTOR,151,98378,98529,98378,0,1,1
5922,FREE,,0,98529,98529,98529,0,0,1
2569,ALLOC,,0,98529,98529,98529,0,0,1
2570,EXP,VECTOR,218,98529,98747,98529,0,1,1
5926,FREE,,0,98747,98747,99120,373,0,0
2571,ALLOC,,0,98747,98747,99120,373,0,0
2572,ROWSUM,VECTOR,342,98747,99089,99120,373,0,0
2596,ALLOC,,0,97707,97707,98964,1257,0,0
2598,MOVE,MTE1,54,97707,97761,98964,1257,0,0
7278,SPILL_OUT,MTE3,0,98378,98378,98747,369,0,0
2593,ALLOC,,0,98378,98378,98747,369,0,0
2594,COPY,MTE3,271,98747,99018,98747,0,1,1
5927,FREE,,0,99089,99089,99699,610,0,0
2595,ALLOC,,0,97707,97707,99018,1311,0,0
2597,MOVE,MTE1,31,99018,99049,99018,0,1,1
2592,ALLOC,,0,97748,97748,99049,1301,0,0
2599,MATMUL,CUBE,128,99049,99177,99049,0,1,1
5941,FREE,,0,99177,99177,99177,0,1,1
5942,FREE,,0,99177,99177,99686,509,0,0
2606,ALLOC,,0,99089,99089,99699,610,0,0
2608,COPY,FIXP,41,99177,99218,99699,522,0,0
5939,FREE,,0,99218,99218,99740,522,0,0
2601,ALLOC,,0,99177,99177,99177,0,1,1
2603,MOVE,MTE1,31,99177,99208,99177,0,1,1
5940,FREE,,0,99208,99208,99208,0,1,1
2602,ALLOC,,0,99177,99177,99686,509,0,0
2604,MOVE,MTE1,54,99208,99262,99686,478,0,0
2600,ALLOC,,0,99218,99218,99740,522,0,0
2605,MATMUL,CUBE,128,99262,99390,99740,478,0,0
5944,FREE,,0,99390,99390,99870,480,0,0
5945,FREE,,0,99390,99390,100381,991,0,0
7280,SPILL_OUT,MTE3,406,99089,99495,99462,373,0,0
2610,ALLOC,,0,99495,99495,99868,373,0,0
2612,COPY,FIXP,41,99495,99536,99868,373,0,0
5943,FREE,,0,99536,99536,100435,899,0,0
2623,ALLOC,,0,99390,99390,99870,480,0,0
7209,SPILL_IN,MTE2,662,99208,99870,99208,0,1,1
2625,MOVE,MTE1,31,99870,99901,99870,0,1,1
2624,ALLOC,,0,99390,99390,100381,991,0,0
2626,MOVE,MTE1,54,99901,99955,100381,480,0,0
2622,ALLOC,,0,99536,99536,100435,899,0,0
2627,MATMUL,CUBE,128,99955,100083,100435,480,0,0
5955,FREE,,0,100083,100083,100563,480,0,0
5956,FREE,,0,100083,100083,100594,511,0,0
2628,ALLOC,,0,100083,100083,100563,480,0,0
7282,SPILL_OUT,MTE3,0,99901,99901,99901,0,1,1
7217,SPILL_IN,MTE2,662,99901,100563,99901,0,1,1
2630,MOVE,MTE1,31,100563,100594,100563,0,1,1
2629,ALLOC,,0,100083,100083,100594,511,0,0
2631,MOVE,MTE1,54,100594,100648,100594,0,1,1
2632,MATMUL,CUBE,128,100648,100776,100648,0,1,1
5957,FREE,,0,100776,100776,101872,1096,0,0
5958,FREE,,0,100776,100776,101818,1042,0,0
7284,SPILL_OUT,MTE3,406,99901,100307,99909,8,0,0
2633,ALLOC,,0,100307,100307,100776,469,0,0
2635,COPY,FIXP,41,100776,100817,100776,0,1,1
5954,FREE,,0,100817,100817,101903,1086,0,0
7286,SPILL_OUT,MTE3,406,100307,100713,100315,8,0,0
2634,ALLOC,,0,100713,100713,100817,104,0,0
2636,ROWMAX,VECTOR,310,100817,101127,100817,0,1,1
7288,SPILL_OUT,MTE3,406,100713,101119,100721,8,0,0
2640,ALLOC,,0,101119,101119,101127,8,0,0
2641,SUB,VECTOR,151,101127,101278,101127,0,1,1
5959,FREE,,0,101278,101278,101278,0,0,1
2642,ALLOC,,0,101278,101278,101278,0,0,1
2643,EXP,VECTOR,218,101278,101496,101278,0,1,1
5963,FREE,,0,101496,101496,101496,0,0,1
2644,ALLOC,,0,101496,101496,101496,0,0,1
2645,ROWSUM,VECTOR,342,101496,101838,101496,0,1,1
2669,ALLOC,,0,100776,100776,101818,1042,0,0
2671,MOVE,MTE1,54,100776,100830,101818,1042,0,0
7290,SPILL_OUT,MTE3,0,101119,101119,101567,448,0,0
2666,ALLOC,,0,101119,101119,101567,448,0,0
2667,COPY,MTE3,271,101496,101767,101567,71,0,0
5964,FREE,,0,101838,101838,102075,237,0,0
2668,ALLOC,,0,100776,100776,101872,1096,0,0
2670,MOVE,MTE1,31,101767,101798,101872,105,0,0
2665,ALLOC,,0,100817,100817,101903,1086,0,0
2672,MATMUL,CUBE,128,101798,101926,101903,105,0,0
5978,FREE,,0,101926,101926,102031,105,0,0
5979,FREE,,0,101926,101926,102062,136,0,0
2679,ALLOC,,0,101838,101838,102075,237,0,0
2681,COPY,FIXP,41,101926,101967,102075,149,0,0
5976,FREE,,0,101967,101967,102116,149,0,0
2674,ALLOC,,0,101926,101926,102031,105,0,0
2676,MOVE,MTE1,31,101926,101957,102031,105,0,0
5977,FREE,,0,101957,101957,107493,5536,0,0
2675,ALLOC,,0,101926,101926,102062,136,0,0
2677,MOVE,MTE1,54,101957,102011,102062,105,0,0
2673,ALLOC,,0,101967,101967,102116,149,0,0
2678,MATMUL,CUBE,128,102011,102139,102116,105,0,0
5981,FREE,,0,102139,102139,102726,587,0,0
5982,FREE,,0,102139,102139,102757,618,0,0
7292,SPILL_OUT,MTE3,406,101838,102244,101838,0,1,1
2683,ALLOC,,0,102244,102244,102244,0,1,1
2685,COPY,FIXP,41,102244,102285,102244,0,1,1
5980,FREE,,0,102285,102285,102811,526,0,0
2696,ALLOC,,0,102139,102139,102726,587,0,0
2698,MOVE,MTE1,31,102139,102170,102726,587,0,0
2697,ALLOC,,0,102139,102139,102757,618,0,0
2699,MOVE,MTE1,54,102170,102224,102757,587,0,0
5729,FREE,,0,102224,102224,103872,1648,0,0
2695,ALLOC,,0,102285,102285,102811,526,0,0
2700,MATMUL,CUBE,128,102285,102413,102811,526,0,0
5992,FREE,,0,102413,102413,102939,526,0,0
5993,FREE,,0,102413,102413,102970,557,0,0
2701,ALLOC,,0,102413,102413,102939,526,0,0
2703,MOVE,MTE1,31,102413,102444,102939,526,0,0
2702,ALLOC,,0,102413,102413,102970,557,0,0
2704,MOVE,MTE1,54,102444,102498,102970,526,0,0
5732,FREE,,0,102498,102498,104914,2416,0,0
2705,MATMUL,CUBE,128,102498,102626,103024,526,0,0
5994,FREE,,0,102626,102626,104143,1517,0,0
5995,FREE,,0,102626,102626,104089,1463,0,0
7294,SPILL_OUT,MTE3,406,102285,102691,102285,0,1,1
2706,ALLOC,,0,102691,102691,103152,461,0,0
2708,COPY,FIXP,41,102691,102732,103152,461,0,0
5991,FREE,,0,102732,102732,104174,1442,0,0
7296,SPILL_OUT,MTE3,406,102691,103097,102691,0,1,1
2707,ALLOC,,0,103097,103097,103193,96,0,0
2709,ROWMAX,VECTOR,310,103097,103407,103193,96,0,0
7298,SPILL_OUT,MTE3,406,103097,103503,103097,0,1,1
2713,ALLOC,,0,103503,103503,103503,0,1,1
2714,SUB,VECTOR,151,103503,103654,103503,0,1,1
5996,FREE,,0,103654,103654,103654,0,0,1
2715,ALLOC,,0,103654,103654,103654,0,0,1
2716,EXP,VECTOR,218,103654,103872,103654,0,1,1
6000,FREE,,0,103872,103872,104021,149,0,0
2717,ALLOC,,0,103872,103872,104021,149,0,0
2718,ROWSUM,VECTOR,342,103872,104214,104021,149,0,0
2742,ALLOC,,0,102626,102626,104089,1463,0,0
2744,MOVE,MTE1,54,102626,102680,104089,1463,0,0
5754,FREE,,0,102680,102680,106118,3438,0,0
2739,ALLOC,,0,102224,102224,103872,1648,0,0
2740,COPY,MTE3,271,103872,104143,103872,0,1,1
6001,FREE,,0,104214,104214,104600,386,0,0
2741,ALLOC,,0,102626,102626,104143,1517,0,0
2743,MOVE,MTE1,31,104143,104174,104143,0,1,1
2738,ALLOC,,0,102732,102732,104174,1442,0,0
2745,MATMUL,CUBE,128,104174,104302,104174,0,1,1
6015,FREE,,0,104302,104302,104302,0,1,1
6016,FREE,,0,104302,104302,104587,285,0,0
2752,ALLOC,,0,104214,104214,104600,386,0,0
2754,COPY,FIXP,41,104302,104343,104600,298,0,0
6013,FREE,,0,104343,104343,104641,298,0,0
2747,ALLOC,,0,104302,104302,104302,0,1,1
2749,MOVE,MTE1,31,104302,104333,104302,0,1,1
6014,FREE,,0,104333,104333,104333,0,1,1
2748,ALLOC,,0,104302,104302,104587,285,0,0
2750,MOVE,MTE1,54,104333,104387,104587,254,0,0
5758,FREE,,0,104387,104387,106397,2010,0,0
2746,ALLOC,,0,104343,104343,104641,298,0,0
2751,MATMUL,CUBE,128,104387,104515,104641,254,0,0
6018,FREE,,0,104515,104515,105251,736,0,0
6019,FREE,,0,104515,104515,105282,767,0,0
7300,SPILL_OUT,MTE3,406,104214,104620,104363,149,0,0
2756,ALLOC,,0,104620,104620,104769,149,0,0
2758,COPY,FIXP,41,104620,104661,104769,149,0,0
6017,FREE,,0,104661,104661,105336,675,0,0
2771,ALLOC,,0,104515,104515,105251,736,0,0
2773,MOVE,MTE1,31,104515,104546,105251,736,0,0
2769,ALLOC,,0,104333,104333,104333,0,1,1
2770,COPY_IN,MTE2,581,104333,104914,104333,0,1,1
2772,ALLOC,,0,104515,104515,105282,767,0,0
2774,MOVE,MTE1,54,104914,104968,105282,368,0,0
2768,ALLOC,,0,104661,104661,105336,675,0,0
2775,MATMUL,CUBE,128,104968,105096,105336,368,0,0
6030,FREE,,0,105096,105096,105464,368,0,0
6031,FREE,,0,105096,105096,105495,399,0,0
2778,ALLOC,,0,105096,105096,105464,368,0,0
2780,MOVE,MTE1,31,105096,105127,105464,368,0,0
2776,ALLOC,,0,102498,102498,104914,2416,0,0
2777,COPY_IN,MTE2,581,104914,105495,104914,0,1,1
2779,ALLOC,,0,105096,105096,105495,399,0,0
2781,MOVE,MTE1,54,105495,105549,105495,0,1,1
2782,MATMUL,CUBE,128,105549,105677,105549,0,1,1
6033,FREE,,0,105677,105677,106668,991,0,0
6034,FREE,,0,105677,105677,106699,1022,0,0
7302,SPILL_OUT,MTE3,406,104661,105067,104810,149,0,0
2783,ALLOC,,0,105067,105067,105677,610,0,0
2785,COPY,FIXP,41,105677,105718,105677,0,1,1
6028,FREE,,0,105718,105718,106753,1035,0,0
7304,SPILL_OUT,MTE3,406,105067,105473,105216,149,0,0
2784,ALLOC,,0,105473,105473,105718,245,0,0
2786,ROWMAX,VECTOR,310,105718,106028,105718,0,1,1
7306,SPILL_OUT,MTE3,406,105473,105879,105622,149,0,0
2790,ALLOC,,0,105879,105879,106028,149,0,0
2791,SUB,VECTOR,151,106028,106179,106028,0,1,1
6035,FREE,,0,106179,106179,106179,0,0,1
2792,ALLOC,,0,106179,106179,106179,0,0,1
2793,EXP,VECTOR,218,106179,106397,106179,0,1,1
6039,FREE,,0,106397,106397,107405,1008,0,0
2794,ALLOC,,0,106397,106397,107405,1008,0,0
2795,ROWSUM,VECTOR,342,106397,106739,107405,1008,0,0
2816,ALLOC,,0,104387,104387,106397,2010,0,0
2818,COPY,MTE3,271,106397,106668,106397,0,1,1
6040,FREE,,0,106739,106739,107984,1245,0,0
2820,ALLOC,,0,105677,105677,106668,991,0,0
2822,MOVE,MTE1,31,106668,106699,106668,0,1,1
2817,ALLOC,,0,102680,102680,106118,3438,0,0
2819,COPY_IN,MTE2,581,105495,106076,106118,623,0,0
2821,ALLOC,,0,105677,105677,106699,1022,0,0
2823,MOVE,MTE1,54,106699,106753,106699,0,1,1
2815,ALLOC,,0,105718,105718,106753,1035,0,0
2824,MATMUL,CUBE,128,106753,106881,106753,0,1,1
6055,FREE,,0,106881,106881,106881,0,1,1
6056,FREE,,0,106881,106881,107971,1090,0,0
2833,ALLOC,,0,106739,106739,107984,1245,0,0
2835,COPY,FIXP,41,106881,106922,107984,1103,0,0
6052,FREE,,0,106922,106922,108025,1103,0,0
2828,ALLOC,,0,106881,106881,106881,0,1,1
2830,MOVE,MTE1,31,106881,106912,106881,0,1,1
6053,FREE,,0,106912,106912,106912,0,1,1
2826,ALLOC,,0,106912,106912,106912,0,1,1
2827,COPY_IN,MTE2,581,106912,107493,106912,0,1,1
2829,ALLOC,,0,106881,106881,107971,1090,0,0
2831,MOVE,MTE1,54,107493,107547,107971,478,0,0
2825,ALLOC,,0,106922,106922,108025,1103,0,0
2832,MATMUL,CUBE,128,107547,107675,108025,478,0,0
6059,FREE,,0,107675,107675,108155,480,0,0
6060,FREE,,0,107675,107675,108666,991,0,0
7308,SPILL_OUT,MTE3,406,106739,107145,107747,1008,0,0
2837,ALLOC,,0,107145,107145,108153,1008,0,0
2839,COPY,FIXP,41,107675,107716,108153,478,0,0
6057,FREE,,0,107716,107716,108720,1004,0,0
2850,ALLOC,,0,107675,107675,108155,480,0,0
7237,SPILL_IN,MTE2,662,107493,108155,107493,0,1,1
2852,MOVE,MTE1,31,108155,108186,108155,0,1,1
2851,ALLOC,,0,107675,107675,108666,991,0,0
2853,MOVE,MTE1,54,108186,108240,108666,480,0,0
2849,ALLOC,,0,107716,107716,108720,1004,0,0
2854,MATMUL,CUBE,128,108240,108368,108720,480,0,0
6070,FREE,,0,108368,108368,108848,480,0,0
6071,FREE,,0,108368,108368,108879,511,0,0
2855,ALLOC,,0,108368,108368,108848,480,0,0
7310,SPILL_OUT,MTE3,0,108186,108186,108186,0,1,1
7245,SPILL_IN,MTE2,662,108186,108848,108186,0,1,1
2857,MOVE,MTE1,31,108848,108879,108848,0,1,1
2856,ALLOC,,0,108368,108368,108879,511,0,0
2858,MOVE,MTE1,54,108879,108933,108879,0,1,1
2859,MATMUL,CUBE,128,108933,109061,108933,0,1,1
6072,FREE,,0,109061,109061,110157,1096,0,0
6073,FREE,,0,109061,109061,110103,1042,0,0
7312,SPILL_OUT,MTE3,406,108186,108592,108194,8,0,0
2860,ALLOC,,0,108592,108592,109061,469,0,0
2862,COPY,FIXP,41,109061,109102,109061,0,1,1
6069,FREE,,0,109102,109102,110188,1086,0,0
7314,SPILL_OUT,MTE3,406,108592,108998,108600,8,0,0
2861,ALLOC,,0,108998,108998,109102,104,0,0
2863,ROWMAX,VECTOR,310,109102,109412,109102,0,1,1
7316,SPILL_OUT,MTE3,406,108998,109404,109006,8,0,0
2867,ALLOC,,0,109404,109404,109412,8,0,0
2868,SUB,VECTOR,151,109412,109563,109412,0,1,1
6074,FREE,,0,109563,109563,109563,0,0,1
2869,ALLOC,,0,109563,109563,109563,0,0,1
2870,EXP,VECTOR,218,109563,109781,109563,0,1,1
6078,FREE,,0,109781,109781,109781,0,0,1
2871,ALLOC,,0,109781,109781,109781,0,0,1
2872,ROWSUM,VECTOR,342,109781,110123,109781,0,1,1
2896,ALLOC,,0,109061,109061,110103,1042,0,0
2898,MOVE,MTE1,54,109061,109115,110103,1042,0,0
7318,SPILL_OUT,MTE3,0,109404,109404,109852,448,0,0
2893,ALLOC,,0,109404,109404,109852,448,0,0
2894,COPY,MTE3,271,109781,110052,109852,71,0,0
6079,FREE,,0,110123,110123,110360,237,0,0
2895,ALLOC,,0,109061,109061,110157,1096,0,0
2897,MOVE,MTE1,31,110052,110083,110157,105,0,0
2892,ALLOC,,0,109102,109102,110188,1086,0,0
2899,MATMUL,CUBE,128,110083,110211,110188,105,0,0
6093,FREE,,0,110211,110211,110316,105,0,0
6094,FREE,,0,110211,110211,110347,136,0,0
2906,ALLOC,,0,110123,110123,110360,237,0,0
2908,COPY,FIXP,41,110211,110252,110360,149,0,0
6091,FREE,,0,110252,110252,110401,149,0,0
2901,ALLOC,,0,110211,110211,110316,105,0,0
2903,MOVE,MTE1,31,110211,110242,110316,105,0,0
6092,FREE,,0,110242,110242,112228,1986,0,0
2902,ALLOC,,0,110211,110211,110347,136,0,0
2904,MOVE,MTE1,54,110242,110296,110347,105,0,0
2900,ALLOC,,0,110252,110252,110401,149,0,0
2905,MATMUL,CUBE,128,110296,110424,110401,105,0,0
6096,FREE,,0,110424,110424,111011,587,0,0
6097,FREE,,0,110424,110424,111042,618,0,0
7320,SPILL_OUT,MTE3,406,110123,110529,110123,0,1,1
2910,ALLOC,,0,110529,110529,110529,0,1,1
2912,COPY,FIXP,41,110529,110570,110529,0,1,1
6095,FREE,,0,110570,110570,111096,526,0,0
2923,ALLOC,,0,110424,110424,111011,587,0,0
2925,MOVE,MTE1,31,110424,110455,111011,587,0,0
2924,ALLOC,,0,110424,110424,111042,618,0,0
2926,MOVE,MTE1,54,110455,110509,111042,587,0,0
2922,ALLOC,,0,110570,110570,111096,526,0,0
2927,MATMUL,CUBE,128,110570,110698,111096,526,0,0
6107,FREE,,0,110698,110698,111224,526,0,0
6108,FREE,,0,110698,110698,111255,557,0,0
2928,ALLOC,,0,110698,110698,111224,526,0,0
2930,MOVE,MTE1,31,110698,110729,111224,526,0,0
2929,ALLOC,,0,110698,110698,111255,557,0,0
2931,MOVE,MTE1,54,110729,110783,111255,526,0,0
2932,MATMUL,CUBE,128,110783,110911,111309,526,0,0
6109,FREE,,0,110911,110911,112533,1622,0,0
6110,FREE,,0,110911,110911,112479,1568,0,0
7322,SPILL_OUT,MTE3,406,110570,110976,110570,0,1,1
2933,ALLOC,,0,110976,110976,111437,461,0,0
2935,COPY,FIXP,41,110976,111017,111437,461,0,0
6106,FREE,,0,111017,111017,112564,1547,0,0
7324,SPILL_OUT,MTE3,406,110976,111382,110976,0,1,1
2934,ALLOC,,0,111382,111382,111478,96,0,0
2936,ROWMAX,VECTOR,310,111382,111692,111478,96,0,0
7326,SPILL_OUT,MTE3,406,111382,111788,111382,0,1,1
2940,ALLOC,,0,111788,111788,111788,0,1,1
2941,SUB,VECTOR,151,111788,111939,111788,0,1,1
6111,FREE,,0,111939,111939,111939,0,0,1
2942,ALLOC,,0,111939,111939,111939,0,0,1
2943,EXP,VECTOR,218,111939,112157,111939,0,1,1
6115,FREE,,0,112157,112157,112157,0,0,1
2944,ALLOC,,0,112157,112157,112157,0,0,1
2945,ROWSUM,VECTOR,342,112157,112499,112157,0,1,1
2969,ALLOC,,0,110911,110911,112479,1568,0,0
2971,MOVE,MTE1,54,110911,110965,112479,1568,0,0
2966,ALLOC,,0,110242,110242,112228,1986,0,0
2967,COPY,MTE3,271,112157,112428,112228,71,0,0
6116,FREE,,0,112499,112499,112736,237,0,0
2968,ALLOC,,0,110911,110911,112533,1622,0,0
2970,MOVE,MTE1,31,112428,112459,112533,105,0,0
2965,ALLOC,,0,111017,111017,112564,1547,0,0
2972,MATMUL,CUBE,128,112459,112587,112564,105,0,0
6130,FREE,,0,112587,112587,112692,105,0,0
6131,FREE,,0,112587,112587,112723,136,0,0
2979,ALLOC,,0,112499,112499,112736,237,0,0
2981,COPY,FIXP,41,112587,112628,112736,149,0,0
6128,FREE,,0,112628,112628,112777,149,0,0
2974,ALLOC,,0,112587,112587,112692,105,0,0
2976,MOVE,MTE1,31,112587,112618,112692,105,0,0
6129,FREE,,0,112618,112618,114604,1986,0,0
2975,ALLOC,,0,112587,112587,112723,136,0,0
2977,MOVE,MTE1,54,112618,112672,112723,105,0,0
2973,ALLOC,,0,112628,112628,112777,149,0,0
2978,MATMUL,CUBE,128,112672,112800,112777,105,0,0
6133,FREE,,0,112800,112800,113387,587,0,0
6134,FREE,,0,112800,112800,113418,618,0,0
7328,SPILL_OUT,MTE3,406,112499,112905,112499,0,1,1
2983,ALLOC,,0,112905,112905,112905,0,1,1
2985,COPY,FIXP,41,112905,112946,112905,0,1,1
6132,FREE,,0,112946,112946,113472,526,0,0
2996,ALLOC,,0,112800,112800,113387,587,0,0
2998,MOVE,MTE1,31,112800,112831,113387,587,0,0
2997,ALLOC,,0,112800,112800,113418,618,0,0
2999,MOVE,MTE1,54,112831,112885,113418,587,0,0
2995,ALLOC,,0,112946,112946,113472,526,0,0
3000,MATMUL,CUBE,128,112946,113074,113472,526,0,0
6144,FREE,,0,113074,113074,113600,526,0,0
6145,FREE,,0,113074,113074,113631,557,0,0
3001,ALLOC,,0,113074,113074,113600,526,0,0
3003,MOVE,MTE1,31,113074,113105,113600,526,0,0
3002,ALLOC,,0,113074,113074,113631,557,0,0
3004,MOVE,MTE1,54,113105,113159,113631,526,0,0
3005,MATMUL,CUBE,128,113159,113287,113685,526,0,0
6146,FREE,,0,113287,113287,114909,1622,0,0
6147,FREE,,0,113287,113287,114855,1568,0,0
7330,SPILL_OUT,MTE3,406,112946,113352,112946,0,1,1
3006,ALLOC,,0,113352,113352,113813,461,0,0
3008,COPY,FIXP,41,113352,113393,113813,461,0,0
6143,FREE,,0,113393,113393,114940,1547,0,0
7332,SPILL_OUT,MTE3,406,113352,113758,113352,0,1,1
3007,ALLOC,,0,113758,113758,113854,96,0,0
3009,ROWMAX,VECTOR,310,113758,114068,113854,96,0,0
7334,SPILL_OUT,MTE3,406,113758,114164,113758,0,1,1
3013,ALLOC,,0,114164,114164,114164,0,1,1
3014,SUB,VECTOR,151,114164,114315,114164,0,1,1
6148,FREE,,0,114315,114315,114315,0,0,1
3015,ALLOC,,0,114315,114315,114315,0,0,1
3016,EXP,VECTOR,218,114315,114533,114315,0,1,1
6152,FREE,,0,114533,114533,114533,0,0,1
3017,ALLOC,,0,114533,114533,114533,0,0,1
3018,ROWSUM,VECTOR,342,114533,114875,114533,0,1,1
3042,ALLOC,,0,113287,113287,114855,1568,0,0
3044,MOVE,MTE1,54,113287,113341,114855,1568,0,0
3039,ALLOC,,0,112618,112618,114604,1986,0,0
3040,COPY,MTE3,271,114533,114804,114604,71,0,0
6153,FREE,,0,114875,114875,115112,237,0,0
3041,ALLOC,,0,113287,113287,114909,1622,0,0
3043,MOVE,MTE1,31,114804,114835,114909,105,0,0
3038,ALLOC,,0,113393,113393,114940,1547,0,0
3045,MATMUL,CUBE,128,114835,114963,114940,105,0,0
6167,FREE,,0,114963,114963,115068,105,0,0
6168,FREE,,0,114963,114963,115099,136,0,0
3052,ALLOC,,0,114875,114875,115112,237,0,0
3054,COPY,FIXP,41,114963,115004,115112,149,0,0
6165,FREE,,0,115004,115004,115153,149,0,0
3047,ALLOC,,0,114963,114963,115068,105,0,0
3049,MOVE,MTE1,31,114963,114994,115068,105,0,0
6166,FREE,,0,114994,114994,116980,1986,0,0
3048,ALLOC,,0,114963,114963,115099,136,0,0
3050,MOVE,MTE1,54,114994,115048,115099,105,0,0
3046,ALLOC,,0,115004,115004,115153,149,0,0
3051,MATMUL,CUBE,128,115048,115176,115153,105,0,0
6170,FREE,,0,115176,115176,115763,587,0,0
6171,FREE,,0,115176,115176,115794,618,0,0
7336,SPILL_OUT,MTE3,406,114875,115281,114875,0,1,1
3056,ALLOC,,0,115281,115281,115281,0,1,1
3058,COPY,FIXP,41,115281,115322,115281,0,1,1
6169,FREE,,0,115322,115322,115848,526,0,0
3069,ALLOC,,0,115176,115176,115763,587,0,0
3071,MOVE,MTE1,31,115176,115207,115763,587,0,0
3070,ALLOC,,0,115176,115176,115794,618,0,0
3072,MOVE,MTE1,54,115207,115261,115794,587,0,0
3068,ALLOC,,0,115322,115322,115848,526,0,0
3073,MATMUL,CUBE,128,115322,115450,115848,526,0,0
6181,FREE,,0,115450,115450,115976,526,0,0
6182,FREE,,0,115450,115450,116007,557,0,0
3074,ALLOC,,0,115450,115450,115976,526,0,0
3076,MOVE,MTE1,31,115450,115481,115976,526,0,0
3075,ALLOC,,0,115450,115450,116007,557,0,0
3077,MOVE,MTE1,54,115481,115535,116007,526,0,0
3078,MATMUL,CUBE,128,115535,115663,116061,526,0,0
6183,FREE,,0,115663,115663,117285,1622,0,0
6184,FREE,,0,115663,115663,117231,1568,0,0
7338,SPILL_OUT,MTE3,406,115322,115728,115322,0,1,1
3079,ALLOC,,0,115728,115728,116189,461,0,0
3081,COPY,FIXP,41,115728,115769,116189,461,0,0
6180,FREE,,0,115769,115769,117316,1547,0,0
7340,SPILL_OUT,MTE3,406,115728,116134,115728,0,1,1
3080,ALLOC,,0,116134,116134,116230,96,0,0
3082,ROWMAX,VECTOR,310,116134,116444,116230,96,0,0
7342,SPILL_OUT,MTE3,406,116134,116540,116134,0,1,1
3086,ALLOC,,0,116540,116540,116540,0,1,1
3087,SUB,VECTOR,151,116540,116691,116540,0,1,1
6185,FREE,,0,116691,116691,116691,0,0,1
3088,ALLOC,,0,116691,116691,116691,0,0,1
3089,EXP,VECTOR,218,116691,116909,116691,0,1,1
6189,FREE,,0,116909,116909,116909,0,0,1
3090,ALLOC,,0,116909,116909,116909,0,0,1
3091,ROWSUM,VECTOR,342,116909,117251,116909,0,1,1
3115,ALLOC,,0,115663,115663,117231,1568,0,0
3117,MOVE,MTE1,54,115663,115717,117231,1568,0,0
3112,ALLOC,,0,114994,114994,116980,1986,0,0
3113,COPY,MTE3,271,116909,117180,116980,71,0,0
6190,FREE,,0,117251,117251,117488,237,0,0
3114,ALLOC,,0,115663,115663,117285,1622,0,0
3116,MOVE,MTE1,31,117180,117211,117285,105,0,0
3111,ALLOC,,0,115769,115769,117316,1547,0,0
3118,MATMUL,CUBE,128,117211,117339,117316,105,0,0
6204,FREE,,0,117339,117339,117444,105,0,0
6205,FREE,,0,117339,117339,117475,136,0,0
3125,ALLOC,,0,117251,117251,117488,237,0,0
3127,COPY,FIXP,41,117339,117380,117488,149,0,0
6202,FREE,,0,117380,117380,117529,149,0,0
3120,ALLOC,,0,117339,117339,117444,105,0,0
3122,MOVE,MTE1,31,117339,117370,117444,105,0,0
6203,FREE,,0,117370,117370,117690,320,0,0
3121,ALLOC,,0,117339,117339,117475,136,0,0
3123,MOVE,MTE1,54,117370,117424,117475,105,0,0
3119,ALLOC,,0,117380,117380,117529,149,0,0
3124,MATMUL,CUBE,128,117424,117552,117529,105,0,0
6207,FREE,,0,117552,117552,118139,587,0,0
6208,FREE,,0,117552,117552,118170,618,0,0
7344,SPILL_OUT,MTE3,406,117251,117657,117251,0,1,1
3129,ALLOC,,0,117657,117657,117657,0,1,1
3131,COPY,FIXP,41,117657,117698,117657,0,1,1
6206,FREE,,0,117698,117698,118224,526,0,0
3142,ALLOC,,0,117552,117552,118139,587,0,0
3144,MOVE,MTE1,31,117552,117583,118139,587,0,0
3143,ALLOC,,0,117552,117552,118170,618,0,0
3145,MOVE,MTE1,54,117583,117637,118170,587,0,0
3141,ALLOC,,0,117698,117698,118224,526,0,0
3146,MATMUL,CUBE,128,117698,117826,118224,526,0,0
6218,FREE,,0,117826,117826,118352,526,0,0
6219,FREE,,0,117826,117826,118383,557,0,0
3147,ALLOC,,0,117826,117826,118352,526,0,0
7279,SPILL_IN,MTE2,662,117370,118032,117690,320,0,0
3149,MOVE,MTE1,31,118032,118063,118352,320,0,0
3148,ALLOC,,0,117826,117826,118383,557,0,0
3150,MOVE,MTE1,54,118063,118117,118383,320,0,0
3151,MATMUL,CUBE,128,118117,118245,118437,320,0,0
6220,FREE,,0,118245,118245,119556,1311,0,0
6221,FREE,,0,118245,118245,119502,1257,0,0
7346,SPILL_OUT,MTE3,406,117698,118104,117698,0,1,1
3152,ALLOC,,0,118104,118104,118565,461,0,0
3154,COPY,FIXP,41,118245,118286,118565,320,0,0
6217,FREE,,0,118286,118286,119587,1301,0,0
7348,SPILL_OUT,MTE3,406,118104,118510,118104,0,1,1
3153,ALLOC,,0,118510,118510,118606,96,0,0
3155,ROWMAX,VECTOR,310,118510,118820,118606,96,0,0
7350,SPILL_OUT,MTE3,406,118510,118916,118510,0,1,1
3159,ALLOC,,0,118916,118916,118916,0,1,1
3160,SUB,VECTOR,151,118916,119067,118916,0,1,1
6222,FREE,,0,119067,119067,119067,0,0,1
3161,ALLOC,,0,119067,119067,119067,0,0,1
3162,EXP,VECTOR,218,119067,119285,119067,0,1,1
6226,FREE,,0,119285,119285,119658,373,0,0
3163,ALLOC,,0,119285,119285,119658,373,0,0
3164,ROWSUM,VECTOR,342,119285,119627,119658,373,0,0
3188,ALLOC,,0,118245,118245,119502,1257,0,0
3190,MOVE,MTE1,54,118245,118299,119502,1257,0,0
7352,SPILL_OUT,MTE3,0,118916,118916,119285,369,0,0
3185,ALLOC,,0,118916,118916,119285,369,0,0
3186,COPY,MTE3,271,119285,119556,119285,0,1,1
6227,FREE,,0,119627,119627,120237,610,0,0
3187,ALLOC,,0,118245,118245,119556,1311,0,0
3189,MOVE,MTE1,31,119556,119587,119556,0,1,1
3184,ALLOC,,0,118286,118286,119587,1301,0,0
3191,MATMUL,CUBE,128,119587,119715,119587,0,1,1
6241,FREE,,0,119715,119715,119715,0,1,1
6242,FREE,,0,119715,119715,120224,509,0,0
3198,ALLOC,,0,119627,119627,120237,610,0,0
3200,COPY,FIXP,41,119715,119756,120237,522,0,0
6239,FREE,,0,119756,119756,120278,522,0,0
3193,ALLOC,,0,119715,119715,119715,0,1,1
3195,MOVE,MTE1,31,119715,119746,119715,0,1,1
6240,FREE,,0,119746,119746,119746,0,1,1
3194,ALLOC,,0,119715,119715,120224,509,0,0
3196,MOVE,MTE1,54,119746,119800,120224,478,0,0
3192,ALLOC,,0,119756,119756,120278,522,0,0
3197,MATMUL,CUBE,128,119800,119928,120278,478,0,0
6244,FREE,,0,119928,119928,120408,480,0,0
6245,FREE,,0,119928,119928,120919,991,0,0
7354,SPILL_OUT,MTE3,406,119627,120033,120000,373,0,0
3202,ALLOC,,0,120033,120033,120406,373,0,0
3204,COPY,FIXP,41,120033,120074,120406,373,0,0
6243,FREE,,0,120074,120074,120973,899,0,0
3215,ALLOC,,0,119928,119928,120408,480,0,0
7283,SPILL_IN,MTE2,662,119746,120408,119746,0,1,1
3217,MOVE,MTE1,31,120408,120439,120408,0,1,1
3216,ALLOC,,0,119928,119928,120919,991,0,0
3218,MOVE,MTE1,54,120439,120493,120919,480,0,0
3214,ALLOC,,0,120074,120074,120973,899,0,0
3219,MATMUL,CUBE,128,120493,120621,120973,480,0,0
6255,FREE,,0,120621,120621,121101,480,0,0
6256,FREE,,0,120621,120621,121132,511,0,0
3220,ALLOC,,0,120621,120621,121101,480,0,0
7356,SPILL_OUT,MTE3,0,120439,120439,120439,0,1,1
7291,SPILL_IN,MTE2,662,120439,121101,120439,0,1,1
3222,MOVE,MTE1,31,121101,121132,121101,0,1,1
3221,ALLOC,,0,120621,120621,121132,511,0,0
3223,MOVE,MTE1,54,121132,121186,121132,0,1,1
3224,MATMUL,CUBE,128,121186,121314,121186,0,1,1
6257,FREE,,0,121314,121314,122410,1096,0,0
6258,FREE,,0,121314,121314,122356,1042,0,0
7358,SPILL_OUT,MTE3,406,120439,120845,120447,8,0,0
3225,ALLOC,,0,120845,120845,121314,469,0,0
3227,COPY,FIXP,41,121314,121355,121314,0,1,1
6254,FREE,,0,121355,121355,122441,1086,0,0
7360,SPILL_OUT,MTE3,406,120845,121251,120853,8,0,0
3226,ALLOC,,0,121251,121251,121355,104,0,0
3228,ROWMAX,VECTOR,310,121355,121665,121355,0,1,1
7362,SPILL_OUT,MTE3,406,121251,121657,121259,8,0,0
3232,ALLOC,,0,121657,121657,121665,8,0,0
3233,SUB,VECTOR,151,121665,121816,121665,0,1,1
6259,FREE,,0,121816,121816,121816,0,0,1
3234,ALLOC,,0,121816,121816,121816,0,0,1
3235,EXP,VECTOR,218,121816,122034,121816,0,1,1
6263,FREE,,0,122034,122034,122034,0,0,1
3236,ALLOC,,0,122034,122034,122034,0,0,1
3237,ROWSUM,VECTOR,342,122034,122376,122034,0,1,1
3261,ALLOC,,0,121314,121314,122356,1042,0,0
3263,MOVE,MTE1,54,121314,121368,122356,1042,0,0
7364,SPILL_OUT,MTE3,0,121657,121657,122105,448,0,0
3258,ALLOC,,0,121657,121657,122105,448,0,0
3259,COPY,MTE3,271,122034,122305,122105,71,0,0
6264,FREE,,0,122376,122376,122613,237,0,0
3260,ALLOC,,0,121314,121314,122410,1096,0,0
3262,MOVE,MTE1,31,122305,122336,122410,105,0,0
3257,ALLOC,,0,121355,121355,122441,1086,0,0
3264,MATMUL,CUBE,128,122336,122464,122441,105,0,0
6278,FREE,,0,122464,122464,122569,105,0,0
6279,FREE,,0,122464,122464,122600,136,0,0
3271,ALLOC,,0,122376,122376,122613,237,0,0
3273,COPY,FIXP,41,122464,122505,122613,149,0,0
6276,FREE,,0,122505,122505,122654,149,0,0
3266,ALLOC,,0,122464,122464,122569,105,0,0
3268,MOVE,MTE1,31,122464,122495,122569,105,0,0
6277,FREE,,0,122495,122495,128031,5536,0,0
3267,ALLOC,,0,122464,122464,122600,136,0,0
3269,MOVE,MTE1,54,122495,122549,122600,105,0,0
3265,ALLOC,,0,122505,122505,122654,149,0,0
3270,MATMUL,CUBE,128,122549,122677,122654,105,0,0
6281,FREE,,0,122677,122677,123264,587,0,0
6282,FREE,,0,122677,122677,123295,618,0,0
7366,SPILL_OUT,MTE3,406,122376,122782,122376,0,1,1
3275,ALLOC,,0,122782,122782,122782,0,1,1
3277,COPY,FIXP,41,122782,122823,122782,0,1,1
6280,FREE,,0,122823,122823,123349,526,0,0
3288,ALLOC,,0,122677,122677,123264,587,0,0
3290,MOVE,MTE1,31,122677,122708,123264,587,0,0
3289,ALLOC,,0,122677,122677,123295,618,0,0
3291,MOVE,MTE1,54,122708,122762,123295,587,0,0
6029,FREE,,0,122762,122762,124410,1648,0,0
3287,ALLOC,,0,122823,122823,123349,526,0,0
3292,MATMUL,CUBE,128,122823,122951,123349,526,0,0
6292,FREE,,0,122951,122951,123477,526,0,0
6293,FREE,,0,122951,122951,123508,557,0,0
3293,ALLOC,,0,122951,122951,123477,526,0,0
3295,MOVE,MTE1,31,122951,122982,123477,526,0,0
3294,ALLOC,,0,122951,122951,123508,557,0,0
3296,MOVE,MTE1,54,122982,123036,123508,526,0,0
6032,FREE,,0,123036,123036,125452,2416,0,0
3297,MATMUL,CUBE,128,123036,123164,123562,526,0,0
6294,FREE,,0,123164,123164,124681,1517,0,0
6295,FREE,,0,123164,123164,124627,1463,0,0
7368,SPILL_OUT,MTE3,406,122823,123229,122823,0,1,1
3298,ALLOC,,0,123229,123229,123690,461,0,0
3300,COPY,FIXP,41,123229,123270,123690,461,0,0
6291,FREE,,0,123270,123270,124712,1442,0,0
7370,SPILL_OUT,MTE3,406,123229,123635,123229,0,1,1
3299,ALLOC,,0,123635,123635,123731,96,0,0
3301,ROWMAX,VECTOR,310,123635,123945,123731,96,0,0
7372,SPILL_OUT,MTE3,406,123635,124041,123635,0,1,1
3305,ALLOC,,0,124041,124041,124041,0,1,1
3306,SUB,VECTOR,151,124041,124192,124041,0,1,1
6296,FREE,,0,124192,124192,124192,0,0,1
3307,ALLOC,,0,124192,124192,124192,0,0,1
3308,EXP,VECTOR,218,124192,124410,124192,0,1,1
6300,FREE,,0,124410,124410,124559,149,0,0
3309,ALLOC,,0,124410,124410,124559,149,0,0
3310,ROWSUM,VECTOR,342,124410,124752,124559,149,0,0
3334,ALLOC,,0,123164,123164,124627,1463,0,0
3336,MOVE,MTE1,54,123164,123218,124627,1463,0,0
6054,FREE,,0,123218,123218,126656,3438,0,0
3331,ALLOC,,0,122762,122762,124410,1648,0,0
3332,COPY,MTE3,271,124410,124681,124410,0,1,1
6301,FREE,,0,124752,124752,125138,386,0,0
3333,ALLOC,,0,123164,123164,124681,1517,0,0
3335,MOVE,MTE1,31,124681,124712,124681,0,1,1
3330,ALLOC,,0,123270,123270,124712,1442,0,0
3337,MATMUL,CUBE,128,124712,124840,124712,0,1,1
6315,FREE,,0,124840,124840,124840,0,1,1
6316,FREE,,0,124840,124840,125125,285,0,0
3344,ALLOC,,0,124752,124752,125138,386,0,0
3346,COPY,FIXP,41,124840,124881,125138,298,0,0
6313,FREE,,0,124881,124881,125179,298,0,0
3339,ALLOC,,0,124840,124840,124840,0,1,1
3341,MOVE,MTE1,31,124840,124871,124840,0,1,1
6314,FREE,,0,124871,124871,124871,0,1,1
3340,ALLOC,,0,124840,124840,125125,285,0,0
3342,MOVE,MTE1,54,124871,124925,125125,254,0,0
6058,FREE,,0,124925,124925,126935,2010,0,0
3338,ALLOC,,0,124881,124881,125179,298,0,0
3343,MATMUL,CUBE,128,124925,125053,125179,254,0,0
6318,FREE,,0,125053,125053,125789,736,0,0
6319,FREE,,0,125053,125053,125820,767,0,0
7374,SPILL_OUT,MTE3,406,124752,125158,124901,149,0,0
3348,ALLOC,,0,125158,125158,125307,149,0,0
3350,COPY,FIXP,41,125158,125199,125307,149,0,0
6317,FREE,,0,125199,125199,125874,675,0,0
3363,ALLOC,,0,125053,125053,125789,736,0,0
3365,MOVE,MTE1,31,125053,125084,125789,736,0,0
3361,ALLOC,,0,124871,124871,124871,0,1,1
3362,COPY_IN,MTE2,581,124871,125452,124871,0,1,1
3364,ALLOC,,0,125053,125053,125820,767,0,0
3366,MOVE,MTE1,54,125452,125506,125820,368,0,0
3360,ALLOC,,0,125199,125199,125874,675,0,0
3367,MATMUL,CUBE,128,125506,125634,125874,368,0,0
6330,FREE,,0,125634,125634,126002,368,0,0
6331,FREE,,0,125634,125634,126033,399,0,0
3370,ALLOC,,0,125634,125634,126002,368,0,0
3372,MOVE,MTE1,31,125634,125665,126002,368,0,0
3368,ALLOC,,0,123036,123036,125452,2416,0,0
3369,COPY_IN,MTE2,581,125452,126033,125452,0,1,1
3371,ALLOC,,0,125634,125634,126033,399,0,0
3373,MOVE,MTE1,54,126033,126087,126033,0,1,1
3374,MATMUL,CUBE,128,126087,126215,126087,0,1,1
6333,FREE,,0,126215,126215,127206,991,0,0
6334,FREE,,0,126215,126215,127237,1022,0,0
7376,SPILL_OUT,MTE3,406,125199,125605,125348,149,0,0
3375,ALLOC,,0,125605,125605,126215,610,0,0
3377,COPY,FIXP,41,126215,126256,126215,0,1,1
6328,FREE,,0,126256,126256,127291,1035,0,0
7378,SPILL_OUT,MTE3,406,125605,126011,125754,149,0,0
3376,ALLOC,,0,126011,126011,126256,245,0,0
3378,ROWMAX,VECTOR,310,126256,126566,126256,0,1,1
7380,SPILL_OUT,MTE3,406,126011,126417,126160,149,0,0
3382,ALLOC,,0,126417,126417,126566,149,0,0
3383,SUB,VECTOR,151,126566,126717,126566,0,1,1
6335,FREE,,0,126717,126717,126717,0,0,1
3384,ALLOC,,0,126717,126717,126717,0,0,1
3385,EXP,VECTOR,218,126717,126935,126717,0,1,1
6339,FREE,,0,126935,126935,127943,1008,0,0
3386,ALLOC,,0,126935,126935,127943,1008,0,0
3387,ROWSUM,VECTOR,342,126935,127277,127943,1008,0,0
3408,ALLOC,,0,124925,124925,126935,2010,0,0
3410,COPY,MTE3,271,126935,127206,126935,0,1,1
6340,FREE,,0,127277,127277,128522,1245,0,0
3412,ALLOC,,0,126215,126215,127206,991,0,0
3414,MOVE,MTE1,31,127206,127237,127206,0,1,1
3409,ALLOC,,0,123218,123218,126656,3438,0,0
3411,COPY_IN,MTE2,581,126033,126614,126656,623,0,0
3413,ALLOC,,0,126215,126215,127237,1022,0,0
3415,MOVE,MTE1,54,127237,127291,127237,0,1,1
3407,ALLOC,,0,126256,126256,127291,1035,0,0
3416,MATMUL,CUBE,128,127291,127419,127291,0,1,1
6355,FREE,,0,127419,127419,127419,0,1,1
6356,FREE,,0,127419,127419,128509,1090,0,0
3425,ALLOC,,0,127277,127277,128522,1245,0,0
3427,COPY,FIXP,41,127419,127460,128522,1103,0,0
6352,FREE,,0,127460,127460,128563,1103,0,0
3420,ALLOC,,0,127419,127419,127419,0,1,1
3422,MOVE,MTE1,31,127419,127450,127419,0,1,1
6353,FREE,,0,127450,127450,127450,0,1,1
3418,ALLOC,,0,127450,127450,127450,0,1,1
3419,COPY_IN,MTE2,581,127450,128031,127450,0,1,1
3421,ALLOC,,0,127419,127419,128509,1090,0,0
3423,MOVE,MTE1,54,128031,128085,128509,478,0,0
3417,ALLOC,,0,127460,127460,128563,1103,0,0
3424,MATMUL,CUBE,128,128085,128213,128563,478,0,0
6359,FREE,,0,128213,128213,128693,480,0,0
6360,FREE,,0,128213,128213,129204,991,0,0
7382,SPILL_OUT,MTE3,406,127277,127683,128285,1008,0,0
3429,ALLOC,,0,127683,127683,128691,1008,0,0
3431,COPY,FIXP,41,128213,128254,128691,478,0,0
6357,FREE,,0,128254,128254,129258,1004,0,0
3442,ALLOC,,0,128213,128213,128693,480,0,0
7311,SPILL_IN,MTE2,662,128031,128693,128031,0,1,1
3444,MOVE,MTE1,31,128693,128724,128693,0,1,1
3443,ALLOC,,0,128213,128213,129204,991,0,0
3445,MOVE,MTE1,54,128724,128778,129204,480,0,0
3441,ALLOC,,0,128254,128254,129258,1004,0,0
3446,MATMUL,CUBE,128,128778,128906,129258,480,0,0
6370,FREE,,0,128906,128906,129386,480,0,0
6371,FREE,,0,128906,128906,129417,511,0,0
3447,ALLOC,,0,128906,128906,129386,480,0,0
7384,SPILL_OUT,MTE3,0,128724,128724,128724,0,1,1
7319,SPILL_IN,MTE2,662,128724,129386,128724,0,1,1
3449,MOVE,MTE1,31,129386,129417,129386,0,1,1
3448,ALLOC,,0,128906,128906,129417,511,0,0
3450,MOVE,MTE1,54,129417,129471,129417,0,1,1
3451,MATMUL,CUBE,128,129471,129599,129471,0,1,1
6372,FREE,,0,129599,129599,130695,1096,0,0
6373,FREE,,0,129599,129599,130641,1042,0,0
7386,SPILL_OUT,MTE3,406,128724,129130,128732,8,0,0
3452,ALLOC,,0,129130,129130,129599,469,0,0
3454,COPY,FIXP,41,129599,129640,129599,0,1,1
6369,FREE,,0,129640,129640,130726,1086,0,0
7388,SPILL_OUT,MTE3,406,129130,129536,129138,8,0,0
3453,ALLOC,,0,129536,129536,129640,104,0,0
3455,ROWMAX,VECTOR,310,129640,129950,129640,0,1,1
7390,SPILL_OUT,MTE3,406,129536,129942,129544,8,0,0
3459,ALLOC,,0,129942,129942,129950,8,0,0
3460,SUB,VECTOR,151,129950,130101,129950,0,1,1
6374,FREE,,0,130101,130101,130101,0,0,1
3461,ALLOC,,0,130101,130101,130101,0,0,1
3462,EXP,VECTOR,218,130101,130319,130101,0,1,1
6378,FREE,,0,130319,130319,130319,0,0,1
3463,ALLOC,,0,130319,130319,130319,0,0,1
3464,ROWSUM,VECTOR,342,130319,130661,130319,0,1,1
3488,ALLOC,,0,129599,129599,130641,1042,0,0
3490,MOVE,MTE1,54,129599,129653,130641,1042,0,0
7392,SPILL_OUT,MTE3,0,129942,129942,130390,448,0,0
3485,ALLOC,,0,129942,129942,130390,448,0,0
3486,COPY,MTE3,271,130319,130590,130390,71,0,0
6379,FREE,,0,130661,130661,130898,237,0,0
3487,ALLOC,,0,129599,129599,130695,1096,0,0
3489,MOVE,MTE1,31,130590,130621,130695,105,0,0
3484,ALLOC,,0,129640,129640,130726,1086,0,0
3491,MATMUL,CUBE,128,130621,130749,130726,105,0,0
6393,FREE,,0,130749,130749,130854,105,0,0
6394,FREE,,0,130749,130749,130885,136,0,0
3498,ALLOC,,0,130661,130661,130898,237,0,0
3500,COPY,FIXP,41,130749,130790,130898,149,0,0
6391,FREE,,0,130790,130790,130939,149,0,0
3493,ALLOC,,0,130749,130749,130854,105,0,0
3495,MOVE,MTE1,31,130749,130780,130854,105,0,0
6392,FREE,,0,130780,130780,132766,1986,0,0
3494,ALLOC,,0,130749,130749,130885,136,0,0
3496,MOVE,MTE1,54,130780,130834,130885,105,0,0
3492,ALLOC,,0,130790,130790,130939,149,0,0
3497,MATMUL,CUBE,128,130834,130962,130939,105,0,0
6396,FREE,,0,130962,130962,131549,587,0,0
6397,FREE,,0,130962,130962,131580,618,0,0
7394,SPILL_OUT,MTE3,406,130661,131067,130661,0,1,1
3502,ALLOC,,0,131067,131067,131067,0,1,1
3504,COPY,FIXP,41,131067,131108,131067,0,1,1
6395,FREE,,0,131108,131108,131634,526,0,0
3515,ALLOC,,0,130962,130962,131549,587,0,0
3517,MOVE,MTE1,31,130962,130993,131549,587,0,0
3516,ALLOC,,0,130962,130962,131580,618,0,0
3518,MOVE,MTE1,54,130993,131047,131580,587,0,0
3514,ALLOC,,0,131108,131108,131634,526,0,0
3519,MATMUL,CUBE,128,131108,131236,131634,526,0,0
6407,FREE,,0,131236,131236,131762,526,0,0
6408,FREE,,0,131236,131236,131793,557,0,0
3520,ALLOC,,0,131236,131236,131762,526,0,0
3522,MOVE,MTE1,31,131236,131267,131762,526,0,0
3521,ALLOC,,0,131236,131236,131793,557,0,0
3523,MOVE,MTE1,54,131267,131321,131793,526,0,0
3524,MATMUL,CUBE,128,131321,131449,131847,526,0,0
6409,FREE,,0,131449,131449,133071,1622,0,0
6410,FREE,,0,131449,131449,133017,1568,0,0
7396,SPILL_OUT,MTE3,406,131108,131514,131108,0,1,1
3525,ALLOC,,0,131514,131514,131975,461,0,0
3527,COPY,FIXP,41,131514,131555,131975,461,0,0
6406,FREE,,0,131555,131555,133102,1547,0,0
7398,SPILL_OUT,MTE3,406,131514,131920,131514,0,1,1
3526,ALLOC,,0,131920,131920,132016,96,0,0
3528,ROWMAX,VECTOR,310,131920,132230,132016,96,0,0
7400,SPILL_OUT,MTE3,406,131920,132326,131920,0,1,1
3532,ALLOC,,0,132326,132326,132326,0,1,1
3533,SUB,VECTOR,151,132326,132477,132326,0,1,1
6411,FREE,,0,132477,132477,132477,0,0,1
3534,ALLOC,,0,132477,132477,132477,0,0,1
3535,EXP,VECTOR,218,132477,132695,132477,0,1,1
6415,FREE,,0,132695,132695,132695,0,0,1
3536,ALLOC,,0,132695,132695,132695,0,0,1
3537,ROWSUM,VECTOR,342,132695,133037,132695,0,1,1
3561,ALLOC,,0,131449,131449,133017,1568,0,0
3563,MOVE,MTE1,54,131449,131503,133017,1568,0,0
3558,ALLOC,,0,130780,130780,132766,1986,0,0
3559,COPY,MTE3,271,132695,132966,132766,71,0,0
6416,FREE,,0,133037,133037,133274,237,0,0
3560,ALLOC,,0,131449,131449,133071,1622,0,0
3562,MOVE,MTE1,31,132966,132997,133071,105,0,0
3557,ALLOC,,0,131555,131555,133102,1547,0,0
3564,MATMUL,CUBE,128,132997,133125,133102,105,0,0
6430,FREE,,0,133125,133125,133230,105,0,0
6431,FREE,,0,133125,133125,133261,136,0,0
3571,ALLOC,,0,133037,133037,133274,237,0,0
3573,COPY,FIXP,41,133125,133166,133274,149,0,0
6428,FREE,,0,133166,133166,133315,149,0,0
3566,ALLOC,,0,133125,133125,133230,105,0,0
3568,MOVE,MTE1,31,133125,133156,133230,105,0,0
6429,FREE,,0,133156,133156,135142,1986,0,0
3567,ALLOC,,0,133125,133125,133261,136,0,0
3569,MOVE,MTE1,54,133156,133210,133261,105,0,0
3565,ALLOC,,0,133166,133166,133315,149,0,0
3570,MATMUL,CUBE,128,133210,133338,133315,105,0,0
6433,FREE,,0,133338,133338,133925,587,0,0
6434,FREE,,0,133338,133338,133956,618,0,0
7402,SPILL_OUT,MTE3,406,133037,133443,133037,0,1,1
3575,ALLOC,,0,133443,133443,133443,0,1,1
3577,COPY,FIXP,41,133443,133484,133443,0,1,1
6432,FREE,,0,133484,133484,134010,526,0,0
3588,ALLOC,,0,133338,133338,133925,587,0,0
3590,MOVE,MTE1,31,133338,133369,133925,587,0,0
3589,ALLOC,,0,133338,133338,133956,618,0,0
3591,MOVE,MTE1,54,133369,133423,133956,587,0,0
3587,ALLOC,,0,133484,133484,134010,526,0,0
3592,MATMUL,CUBE,128,133484,133612,134010,526,0,0
6444,FREE,,0,133612,133612,134138,526,0,0
6445,FREE,,0,133612,133612,134169,557,0,0
3593,ALLOC,,0,133612,133612,134138,526,0,0
3595,MOVE,MTE1,31,133612,133643,134138,526,0,0
3594,ALLOC,,0,133612,133612,134169,557,0,0
3596,MOVE,MTE1,54,133643,133697,134169,526,0,0
3597,MATMUL,CUBE,128,133697,133825,134223,526,0,0
6446,FREE,,0,133825,133825,135447,1622,0,0
6447,FREE,,0,133825,133825,135393,1568,0,0
7404,SPILL_OUT,MTE3,406,133484,133890,133484,0,1,1
3598,ALLOC,,0,133890,133890,134351,461,0,0
3600,COPY,FIXP,41,133890,133931,134351,461,0,0
6443,FREE,,0,133931,133931,135478,1547,0,0
7406,SPILL_OUT,MTE3,406,133890,134296,133890,0,1,1
3599,ALLOC,,0,134296,134296,134392,96,0,0
3601,ROWMAX,VECTOR,310,134296,134606,134392,96,0,0
7408,SPILL_OUT,MTE3,406,134296,134702,134296,0,1,1
3605,ALLOC,,0,134702,134702,134702,0,1,1
3606,SUB,VECTOR,151,134702,134853,134702,0,1,1
6448,FREE,,0,134853,134853,134853,0,0,1
3607,ALLOC,,0,134853,134853,134853,0,0,1
3608,EXP,VECTOR,218,134853,135071,134853,0,1,1
6452,FREE,,0,135071,135071,135071,0,0,1
3609,ALLOC,,0,135071,135071,135071,0,0,1
3610,ROWSUM,VECTOR,342,135071,135413,135071,0,1,1
3634,ALLOC,,0,133825,133825,135393,1568,0,0
3636,MOVE,MTE1,54,133825,133879,135393,1568,0,0
3631,ALLOC,,0,133156,133156,135142,1986,0,0
3632,COPY,MTE3,271,135071,135342,135142,71,0,0
6453,FREE,,0,135413,135413,135650,237,0,0
3633,ALLOC,,0,133825,133825,135447,1622,0,0
3635,MOVE,MTE1,31,135342,135373,135447,105,0,0
3630,ALLOC,,0,133931,133931,135478,1547,0,0
3637,MATMUL,CUBE,128,135373,135501,135478,105,0,0
6467,FREE,,0,135501,135501,135606,105,0,0
6468,FREE,,0,135501,135501,135637,136,0,0
3644,ALLOC,,0,135413,135413,135650,237,0,0
3646,COPY,FIXP,41,135501,135542,135650,149,0,0
6465,FREE,,0,135542,135542,135691,149,0,0
3639,ALLOC,,0,135501,135501,135606,105,0,0
3641,MOVE,MTE1,31,135501,135532,135606,105,0,0
6466,FREE,,0,135532,135532,137518,1986,0,0
3640,ALLOC,,0,135501,135501,135637,136,0,0
3642,MOVE,MTE1,54,135532,135586,135637,105,0,0
3638,ALLOC,,0,135542,135542,135691,149,0,0
3643,MATMUL,CUBE,128,135586,135714,135691,105,0,0
6470,FREE,,0,135714,135714,136301,587,0,0
6471,FREE,,0,135714,135714,136332,618,0,0
7410,SPILL_OUT,MTE3,406,135413,135819,135413,0,1,1
3648,ALLOC,,0,135819,135819,135819,0,1,1
3650,COPY,FIXP,41,135819,135860,135819,0,1,1
6469,FREE,,0,135860,135860,136386,526,0,0
3661,ALLOC,,0,135714,135714,136301,587,0,0
3663,MOVE,MTE1,31,135714,135745,136301,587,0,0
3662,ALLOC,,0,135714,135714,136332,618,0,0
3664,MOVE,MTE1,54,135745,135799,136332,587,0,0
3660,ALLOC,,0,135860,135860,136386,526,0,0
3665,MATMUL,CUBE,128,135860,135988,136386,526,0,0
6481,FREE,,0,135988,135988,136514,526,0,0
6482,FREE,,0,135988,135988,136545,557,0,0
3666,ALLOC,,0,135988,135988,136514,526,0,0
3668,MOVE,MTE1,31,135988,136019,136514,526,0,0
3667,ALLOC,,0,135988,135988,136545,557,0,0
3669,MOVE,MTE1,54,136019,136073,136545,526,0,0
3670,MATMUL,CUBE,128,136073,136201,136599,526,0,0
6483,FREE,,0,136201,136201,137823,1622,0,0
6484,FREE,,0,136201,136201,137769,1568,0,0
7412,SPILL_OUT,MTE3,406,135860,136266,135860,0,1,1
3671,ALLOC,,0,136266,136266,136727,461,0,0
3673,COPY,FIXP,41,136266,136307,136727,461,0,0
6480,FREE,,0,136307,136307,137854,1547,0,0
7414,SPILL_OUT,MTE3,406,136266,136672,136266,0,1,1
3672,ALLOC,,0,136672,136672,136768,96,0,0
3674,ROWMAX,VECTOR,310,136672,136982,136768,96,0,0
7416,SPILL_OUT,MTE3,406,136672,137078,136672,0,1,1
3678,ALLOC,,0,137078,137078,137078,0,1,1
3679,SUB,VECTOR,151,137078,137229,137078,0,1,1
6485,FREE,,0,137229,137229,137229,0,0,1
3680,ALLOC,,0,137229,137229,137229,0,0,1
3681,EXP,VECTOR,218,137229,137447,137229,0,1,1
6489,FREE,,0,137447,137447,137447,0,0,1
3682,ALLOC,,0,137447,137447,137447,0,0,1
3683,ROWSUM,VECTOR,342,137447,137789,137447,0,1,1
3707,ALLOC,,0,136201,136201,137769,1568,0,0
3709,MOVE,MTE1,54,136201,136255,137769,1568,0,0
3704,ALLOC,,0,135532,135532,137518,1986,0,0
3705,COPY,MTE3,271,137447,137718,137518,71,0,0
6490,FREE,,0,137789,137789,138026,237,0,0
3706,ALLOC,,0,136201,136201,137823,1622,0,0
3708,MOVE,MTE1,31,137718,137749,137823,105,0,0
3703,ALLOC,,0,136307,136307,137854,1547,0,0
3710,MATMUL,CUBE,128,137749,137877,137854,105,0,0
6504,FREE,,0,137877,137877,137982,105,0,0
6505,FREE,,0,137877,137877,138013,136,0,0
3717,ALLOC,,0,137789,137789,138026,237,0,0
3719,COPY,FIXP,41,137877,137918,138026,149,0,0
6502,FREE,,0,137918,137918,138067,149,0,0
3712,ALLOC,,0,137877,137877,137982,105,0,0
3714,MOVE,MTE1,31,137877,137908,137982,105,0,0
6503,FREE,,0,137908,137908,138228,320,0,0
3713,ALLOC,,0,137877,137877,138013,136,0,0
3715,MOVE,MTE1,54,137908,137962,138013,105,0,0
3711,ALLOC,,0,137918,137918,138067,149,0,0
3716,MATMUL,CUBE,128,137962,138090,138067,105,0,0
6507,FREE,,0,138090,138090,138677,587,0,0
6508,FREE,,0,138090,138090,138708,618,0,0
7418,SPILL_OUT,MTE3,406,137789,138195,137789,0,1,1
3721,ALLOC,,0,138195,138195,138195,0,1,1
3723,COPY,FIXP,41,138195,138236,138195,0,1,1
6506,FREE,,0,138236,138236,138762,526,0,0
3734,ALLOC,,0,138090,138090,138677,587,0,0
3736,MOVE,MTE1,31,138090,138121,138677,587,0,0
3735,ALLOC,,0,138090,138090,138708,618,0,0
3737,MOVE,MTE1,54,138121,138175,138708,587,0,0
3733,ALLOC,,0,138236,138236,138762,526,0,0
3738,MATMUL,CUBE,128,138236,138364,138762,526,0,0
6518,FREE,,0,138364,138364,138890,526,0,0
6519,FREE,,0,138364,138364,138921,557,0,0
3739,ALLOC,,0,138364,138364,138890,526,0,0
7353,SPILL_IN,MTE2,662,137908,138570,138228,320,0,0
3741,MOVE,MTE1,31,138570,138601,138890,320,0,0
3740,ALLOC,,0,138364,138364,138921,557,0,0
3742,MOVE,MTE1,54,138601,138655,138921,320,0,0
3743,MATMUL,CUBE,128,138655,138783,138975,320,0,0
6520,FREE,,0,138783,138783,140094,1311,0,0
6521,FREE,,0,138783,138783,140040,1257,0,0
7420,SPILL_OUT,MTE3,406,138236,138642,138236,0,1,1
3744,ALLOC,,0,138642,138642,139103,461,0,0
3746,COPY,FIXP,41,138783,138824,139103,320,0,0
6517,FREE,,0,138824,138824,140125,1301,0,0
7422,SPILL_OUT,MTE3,406,138642,139048,138642,0,1,1
3745,ALLOC,,0,139048,139048,139144,96,0,0
3747,ROWMAX,VECTOR,310,139048,139358,139144,96,0,0
7424,SPILL_OUT,MTE3,406,139048,139454,139048,0,1,1
3751,ALLOC,,0,139454,139454,139454,0,1,1
3752,SUB,VECTOR,151,139454,139605,139454,0,1,1
6522,FREE,,0,139605,139605,139605,0,0,1
3753,ALLOC,,0,139605,139605,139605,0,0,1
3754,EXP,VECTOR,218,139605,139823,139605,0,1,1
6526,FREE,,0,139823,139823,140196,373,0,0
3755,ALLOC,,0,139823,139823,140196,373,0,0
3756,ROWSUM,VECTOR,342,139823,140165,140196,373,0,0
3780,ALLOC,,0,138783,138783,140040,1257,0,0
3782,MOVE,MTE1,54,138783,138837,140040,1257,0,0
7426,SPILL_OUT,MTE3,0,139454,139454,139823,369,0,0
3777,ALLOC,,0,139454,139454,139823,369,0,0
3778,COPY,MTE3,271,139823,140094,139823,0,1,1
6527,FREE,,0,140165,140165,140775,610,0,0
3779,ALLOC,,0,138783,138783,140094,1311,0,0
3781,MOVE,MTE1,31,140094,140125,140094,0,1,1
3776,ALLOC,,0,138824,138824,140125,1301,0,0
3783,MATMUL,CUBE,128,140125,140253,140125,0,1,1
6541,FREE,,0,140253,140253,140253,0,1,1
6542,FREE,,0,140253,140253,140762,509,0,0
3790,ALLOC,,0,140165,140165,140775,610,0,0
3792,COPY,FIXP,41,140253,140294,140775,522,0,0
6539,FREE,,0,140294,140294,140816,522,0,0
3785,ALLOC,,0,140253,140253,140253,0,1,1
3787,MOVE,MTE1,31,140253,140284,140253,0,1,1
6540,FREE,,0,140284,140284,140284,0,1,1
3786,ALLOC,,0,140253,140253,140762,509,0,0
3788,MOVE,MTE1,54,140284,140338,140762,478,0,0
3784,ALLOC,,0,140294,140294,140816,522,0,0
3789,MATMUL,CUBE,128,140338,140466,140816,478,0,0
6544,FREE,,0,140466,140466,140946,480,0,0
6545,FREE,,0,140466,140466,141457,991,0,0
7428,SPILL_OUT,MTE3,406,140165,140571,140538,373,0,0
3794,ALLOC,,0,140571,140571,140944,373,0,0
3796,COPY,FIXP,41,140571,140612,140944,373,0,0
6543,FREE,,0,140612,140612,141511,899,0,0
3807,ALLOC,,0,140466,140466,140946,480,0,0
7357,SPILL_IN,MTE2,662,140284,140946,140284,0,1,1
3809,MOVE,MTE1,31,140946,140977,140946,0,1,1
3808,ALLOC,,0,140466,140466,141457,991,0,0
3810,MOVE,MTE1,54,140977,141031,141457,480,0,0
3806,ALLOC,,0,140612,140612,141511,899,0,0
3811,MATMUL,CUBE,128,141031,141159,141511,480,0,0
6555,FREE,,0,141159,141159,141639,480,0,0
6556,FREE,,0,141159,141159,141670,511,0,0
3812,ALLOC,,0,141159,141159,141639,480,0,0
7430,SPILL_OUT,MTE3,0,140977,140977,140977,0,1,1
7365,SPILL_IN,MTE2,662,140977,141639,140977,0,1,1
3814,MOVE,MTE1,31,141639,141670,141639,0,1,1
3813,ALLOC,,0,141159,141159,141670,511,0,0
3815,MOVE,MTE1,54,141670,141724,141670,0,1,1
3816,MATMUL,CUBE,128,141724,141852,141724,0,1,1
6557,FREE,,0,141852,141852,142948,1096,0,0
6558,FREE,,0,141852,141852,142894,1042,0,0
7432,SPILL_OUT,MTE3,406,140977,141383,140985,8,0,0
3817,ALLOC,,0,141383,141383,141852,469,0,0
3819,COPY,FIXP,41,141852,141893,141852,0,1,1
6554,FREE,,0,141893,141893,142979,1086,0,0
7434,SPILL_OUT,MTE3,406,141383,141789,141391,8,0,0
3818,ALLOC,,0,141789,141789,141893,104,0,0
3820,ROWMAX,VECTOR,310,141893,142203,141893,0,1,1
7436,SPILL_OUT,MTE3,406,141789,142195,141797,8,0,0
3824,ALLOC,,0,142195,142195,142203,8,0,0
3825,SUB,VECTOR,151,142203,142354,142203,0,1,1
6559,FREE,,0,142354,142354,142354,0,0,1
3826,ALLOC,,0,142354,142354,142354,0,0,1
3827,EXP,VECTOR,218,142354,142572,142354,0,1,1
6563,FREE,,0,142572,142572,142572,0,0,1
3828,ALLOC,,0,142572,142572,142572,0,0,1
3829,ROWSUM,VECTOR,342,142572,142914,142572,0,1,1
3853,ALLOC,,0,141852,141852,142894,1042,0,0
3855,MOVE,MTE1,54,141852,141906,142894,1042,0,0
7438,SPILL_OUT,MTE3,0,142195,142195,142643,448,0,0
3850,ALLOC,,0,142195,142195,142643,448,0,0
3851,COPY,MTE3,271,142572,142843,142643,71,0,0
6564,FREE,,0,142914,142914,143151,237,0,0
3852,ALLOC,,0,141852,141852,142948,1096,0,0
3854,MOVE,MTE1,31,142843,142874,142948,105,0,0
3849,ALLOC,,0,141893,141893,142979,1086,0,0
3856,MATMUL,CUBE,128,142874,143002,142979,105,0,0
6578,FREE,,0,143002,143002,143107,105,0,0
6579,FREE,,0,143002,143002,143138,136,0,0
3863,ALLOC,,0,142914,142914,143151,237,0,0
3865,COPY,FIXP,41,143002,143043,143151,149,0,0
6576,FREE,,0,143043,143043,143192,149,0,0
3858,ALLOC,,0,143002,143002,143107,105,0,0
3860,MOVE,MTE1,31,143002,143033,143107,105,0,0
6577,FREE,,0,143033,143033,340244,197211,0,0
3859,ALLOC,,0,143002,143002,143138,136,0,0
3861,MOVE,MTE1,54,143033,143087,143138,105,0,0
3857,ALLOC,,0,143043,143043,143192,149,0,0
3862,MATMUL,CUBE,128,143087,143215,143192,105,0,0
6581,FREE,,0,143215,143215,143802,587,0,0
6582,FREE,,0,143215,143215,143833,618,0,0
7440,SPILL_OUT,MTE3,406,142914,143320,142914,0,1,1
3867,ALLOC,,0,143320,143320,143320,0,1,1
3869,COPY,FIXP,41,143320,143361,143320,0,1,1
6580,FREE,,0,143361,143361,143887,526,0,0
3880,ALLOC,,0,143215,143215,143802,587,0,0
3882,MOVE,MTE1,31,143215,143246,143802,587,0,0
3881,ALLOC,,0,143215,143215,143833,618,0,0
3883,MOVE,MTE1,54,143246,143300,143833,587,0,0
6329,FREE,,0,143300,143300,145009,1709,0,0
3879,ALLOC,,0,143361,143361,143887,526,0,0
3884,MATMUL,CUBE,128,143361,143489,143887,526,0,0
6592,FREE,,0,143489,143489,144015,526,0,0
6593,FREE,,0,143489,143489,144046,557,0,0
3885,ALLOC,,0,143489,143489,144015,526,0,0
3887,MOVE,MTE1,31,143489,143520,144015,526,0,0
3886,ALLOC,,0,143489,143489,144046,557,0,0
3888,MOVE,MTE1,54,143520,143574,144046,526,0,0
6332,FREE,,0,143574,143574,145102,1528,0,0
3889,MATMUL,CUBE,128,143574,143702,144100,526,0,0
6594,FREE,,0,143702,143702,145280,1578,0,0
6595,FREE,,0,143702,143702,145226,1524,0,0
7442,SPILL_OUT,MTE3,406,143361,143767,143361,0,1,1
3890,ALLOC,,0,143767,143767,144228,461,0,0
3892,COPY,FIXP,41,143767,143808,144228,461,0,0
6591,FREE,,0,143808,143808,145311,1503,0,0
7444,SPILL_OUT,MTE3,406,143767,144173,143767,0,1,1
3891,ALLOC,,0,144173,144173,144269,96,0,0
3893,ROWMAX,VECTOR,310,144173,144483,144269,96,0,0
7446,SPILL_OUT,MTE3,406,144173,144579,144173,0,1,1
3897,ALLOC,,0,144579,144579,144579,0,1,1
3898,SUB,VECTOR,151,144579,144730,144579,0,1,1
6596,FREE,,0,144730,144730,144730,0,0,1
3899,ALLOC,,0,144730,144730,144730,0,0,1
3900,EXP,VECTOR,218,144730,144948,144730,0,1,1
6600,FREE,,0,144948,144948,144948,0,0,1
3901,ALLOC,,0,144948,144948,144948,0,0,1
3902,ROWSUM,VECTOR,342,144948,145290,144948,0,1,1
3926,ALLOC,,0,143702,143702,145226,1524,0,0
3928,MOVE,MTE1,54,143702,143756,145226,1524,0,0
6354,FREE,,0,143756,143756,340244,196488,0,0
3923,ALLOC,,0,143300,143300,145009,1709,0,0
3924,COPY,MTE3,271,144948,145219,145009,61,0,0
6601,FREE,,0,145290,145290,145483,193,0,0
3925,ALLOC,,0,143702,143702,145280,1578,0,0
3927,MOVE,MTE1,31,145219,145250,145280,61,0,0
3922,ALLOC,,0,143808,143808,145311,1503,0,0
3929,MATMUL,CUBE,128,145250,145378,145311,61,0,0
6615,FREE,,0,145378,145378,145439,61,0,0
6616,FREE,,0,145378,145378,145470,92,0,0
3936,ALLOC,,0,145290,145290,145483,193,0,0
3938,COPY,FIXP,41,145378,145419,145483,105,0,0
6613,FREE,,0,145419,145419,145524,105,0,0
3931,ALLOC,,0,145378,145378,145439,61,0,0
3933,MOVE,MTE1,31,145378,145409,145439,61,0,0
6614,FREE,,0,145409,145409,147379,1970,0,0
3932,ALLOC,,0,145378,145378,145470,92,0,0
3934,MOVE,MTE1,54,145409,145463,145470,61,0,0
6358,FREE,,0,145463,145463,148475,3012,0,0
3930,ALLOC,,0,145419,145419,145524,105,0,0
3935,MATMUL,CUBE,128,145463,145591,145524,61,0,0
6618,FREE,,0,145591,145591,145652,61,0,0
6619,FREE,,0,145591,145591,145683,92,0,0
7448,SPILL_OUT,MTE3,406,145290,145696,145290,0,1,1
3940,ALLOC,,0,145696,145696,145696,0,1,1
3942,COPY,FIXP,41,145696,145737,145696,0,1,1
6617,FREE,,0,145737,145737,145737,0,1,1
3955,ALLOC,,0,145591,145591,145652,61,0,0
3957,MOVE,MTE1,31,145591,145622,145652,61,0,0
4625,FREE,,0,145622,145622,147100,1478,0,0
3953,ALLOC,,0,143574,143574,145102,1528,0,0
3954,COPY_IN,MTE2,581,143574,144155,145102,1528,0,0
3956,ALLOC,,0,145591,145591,145683,92,0,0
3958,MOVE,MTE1,54,145622,145676,145683,61,0,0
3952,ALLOC,,0,145737,145737,145737,0,1,1
3959,MATMUL,CUBE,128,145737,145865,145737,0,1,1
6630,FREE,,0,145865,145865,145865,0,1,1
6631,FREE,,0,145865,145865,146477,612,0,0
3962,ALLOC,,0,145865,145865,145865,0,1,1
3964,MOVE,MTE1,31,145865,145896,145865,0,1,1
4629,FREE,,0,145896,145896,145896,0,1,1
3960,ALLOC,,0,145896,145896,145896,0,1,1
3961,COPY_IN,MTE2,581,145896,146477,145896,0,1,1
3963,ALLOC,,0,145865,145865,146477,612,0,0
3965,MOVE,MTE1,54,146477,146531,146477,0,1,1
3966,MATMUL,CUBE,128,146531,146659,146531,0,1,1
6633,FREE,,0,146659,146659,147650,991,0,0
6634,FREE,,0,146659,146659,147681,1022,0,0
7450,SPILL_OUT,MTE3,406,145737,146143,145792,55,0,0
3967,ALLOC,,0,146143,146143,146659,516,0,0
3969,COPY,FIXP,41,146659,146700,146659,0,1,1
6628,FREE,,0,146700,146700,147735,1035,0,0
7452,SPILL_OUT,MTE3,406,146143,146549,146198,55,0,0
3968,ALLOC,,0,146549,146549,146700,151,0,0
3970,ROWMAX,VECTOR,310,146700,147010,146700,0,1,1
7454,SPILL_OUT,MTE3,406,146549,146955,146604,55,0,0
3974,ALLOC,,0,146955,146955,147010,55,0,0
3975,SUB,VECTOR,151,147010,147161,147010,0,1,1
6635,FREE,,0,147161,147161,147161,0,0,1
3976,ALLOC,,0,147161,147161,147161,0,0,1
3977,EXP,VECTOR,218,147161,147379,147161,0,1,1
6639,FREE,,0,147379,147379,148387,1008,0,0
3978,ALLOC,,0,147379,147379,148387,1008,0,0
3979,ROWSUM,VECTOR,342,147379,147721,148387,1008,0,0
4000,ALLOC,,0,145409,145409,147379,1970,0,0
4002,COPY,MTE3,271,147379,147650,147379,0,1,1
6640,FREE,,0,147721,147721,148966,1245,0,0
4004,ALLOC,,0,146659,146659,147650,991,0,0
4006,MOVE,MTE1,31,147650,147681,147650,0,1,1
4001,ALLOC,,0,145622,145622,147100,1478,0,0
4003,COPY_IN,MTE2,581,146477,147058,147100,623,0,0
4005,ALLOC,,0,146659,146659,147681,1022,0,0
4007,MOVE,MTE1,54,147681,147735,147681,0,1,1
3999,ALLOC,,0,146700,146700,147735,1035,0,0
4008,MATMUL,CUBE,128,147735,147863,147735,0,1,1
6655,FREE,,0,147863,147863,147863,0,1,1
6656,FREE,,0,147863,147863,148953,1090,0,0
4017,ALLOC,,0,147721,147721,148966,1245,0,0
4019,COPY,FIXP,41,147863,147904,148966,1103,0,0
6652,FREE,,0,147904,147904,149007,1103,0,0
4012,ALLOC,,0,147863,147863,147863,0,1,1
4014,MOVE,MTE1,31,147863,147894,147863,0,1,1
6653,FREE,,0,147894,147894,147894,0,1,1
4010,ALLOC,,0,147894,147894,147894,0,1,1
4011,COPY_IN,MTE2,581,147894,148475,147894,0,1,1
4013,ALLOC,,0,147863,147863,148953,1090,0,0
4015,MOVE,MTE1,54,148475,148529,148953,478,0,0
4009,ALLOC,,0,147904,147904,149007,1103,0,0
4016,MATMUL,CUBE,128,148529,148657,149007,478,0,0
6659,FREE,,0,148657,148657,149137,480,0,0
6660,FREE,,0,148657,148657,149648,991,0,0
7456,SPILL_OUT,MTE3,406,147721,148127,148729,1008,0,0
4021,ALLOC,,0,148127,148127,149135,1008,0,0
4023,COPY,FIXP,41,148657,148698,149135,478,0,0
6657,FREE,,0,148698,148698,149702,1004,0,0
4044,ALLOC,,0,148657,148657,149137,480,0,0
7385,SPILL_IN,MTE2,662,148475,149137,148475,0,1,1
4046,MOVE,MTE1,31,149137,149168,149137,0,1,1
4654,FREE,,0,149168,149168,149168,0,1,1
4045,ALLOC,,0,148657,148657,149648,991,0,0
4047,MOVE,MTE1,54,149168,149222,149648,480,0,0
4043,ALLOC,,0,148698,148698,149702,1004,0,0
4048,MATMUL,CUBE,128,149222,149350,149702,480,0,0
6673,FREE,,0,149350,149350,149830,480,0,0
6674,FREE,,0,149350,149350,149861,511,0,0
4049,ALLOC,,0,149350,149350,149830,480,0,0
7393,SPILL_IN,MTE2,662,149168,149830,149168,0,1,1
4051,MOVE,MTE1,31,149830,149861,149830,0,1,1
4657,FREE,,0,149861,149861,150834,973,0,0
4050,ALLOC,,0,149350,149350,149861,511,0,0
4052,MOVE,MTE1,54,149861,149915,149861,0,1,1
4053,MATMUL,CUBE,128,149915,150043,149915,0,1,1
6675,FREE,,0,150043,150043,151139,1096,0,0
6676,FREE,,0,150043,150043,151085,1042,0,0
7458,SPILL_OUT,MTE3,406,148698,149104,149176,478,0,0
4054,ALLOC,,0,149104,149104,150043,939,0,0
4056,COPY,FIXP,41,150043,150084,150043,0,1,1
6672,FREE,,0,150084,150084,151170,1086,0,0
7460,SPILL_OUT,MTE3,406,149104,149510,149582,478,0,0
4055,ALLOC,,0,149510,149510,150084,574,0,0
4057,ROWMAX,VECTOR,310,150084,150394,150084,0,1,1
7462,SPILL_OUT,MTE3,406,149510,149916,149988,478,0,0
4061,ALLOC,,0,149916,149916,150394,478,0,0
4062,SUB,VECTOR,151,150394,150545,150394,0,1,1
6677,FREE,,0,150545,150545,150545,0,0,1
4063,ALLOC,,0,150545,150545,150545,0,0,1
4064,EXP,VECTOR,218,150545,150763,150545,0,1,1
6681,FREE,,0,150763,150763,150763,0,0,1
4065,ALLOC,,0,150763,150763,150763,0,0,1
4066,ROWSUM,VECTOR,342,150763,151105,150763,0,1,1
4090,ALLOC,,0,150043,150043,151085,1042,0,0
4092,MOVE,MTE1,54,150043,150097,151085,1042,0,0
4087,ALLOC,,0,149861,149861,150834,973,0,0
4088,COPY,MTE3,271,150763,151034,150834,71,0,0
6682,FREE,,0,151105,151105,151342,237,0,0
4089,ALLOC,,0,150043,150043,151139,1096,0,0
4091,MOVE,MTE1,31,151034,151065,151139,105,0,0
4086,ALLOC,,0,150084,150084,151170,1086,0,0
4093,MATMUL,CUBE,128,151065,151193,151170,105,0,0
6696,FREE,,0,151193,151193,151298,105,0,0
6697,FREE,,0,151193,151193,151329,136,0,0
4100,ALLOC,,0,151105,151105,151342,237,0,0
4102,COPY,FIXP,41,151193,151234,151342,149,0,0
6694,FREE,,0,151234,151234,151383,149,0,0
4095,ALLOC,,0,151193,151193,151298,105,0,0
4097,MOVE,MTE1,31,151193,151224,151298,105,0,0
6695,FREE,,0,151224,151224,153210,1986,0,0
4096,ALLOC,,0,151193,151193,151329,136,0,0
4098,MOVE,MTE1,54,151224,151278,151329,105,0,0
4094,ALLOC,,0,151234,151234,151383,149,0,0
4099,MATMUL,CUBE,128,151278,151406,151383,105,0,0
6699,FREE,,0,151406,151406,151993,587,0,0
6700,FREE,,0,151406,151406,152024,618,0,0
7464,SPILL_OUT,MTE3,406,151105,151511,151105,0,1,1
4104,ALLOC,,0,151511,151511,151511,0,1,1
4106,COPY,FIXP,41,151511,151552,151511,0,1,1
6698,FREE,,0,151552,151552,152078,526,0,0
4127,ALLOC,,0,151406,151406,151993,587,0,0
4129,MOVE,MTE1,31,151406,151437,151993,587,0,0
4679,FREE,,0,151437,151437,340244,188807,0,0
4128,ALLOC,,0,151406,151406,152024,618,0,0
4130,MOVE,MTE1,54,151437,151491,152024,587,0,0
4126,ALLOC,,0,151552,151552,152078,526,0,0
4131,MATMUL,CUBE,128,151552,151680,152078,526,0,0
6713,FREE,,0,151680,151680,152206,526,0,0
6714,FREE,,0,151680,151680,152237,557,0,0
4132,ALLOC,,0,151680,151680,152206,526,0,0
4134,MOVE,MTE1,31,151680,151711,152206,526,0,0
4682,FREE,,0,151711,151711,340244,188533,0,0
4133,ALLOC,,0,151680,151680,152237,557,0,0
4135,MOVE,MTE1,54,151711,151765,152237,526,0,0
4136,MATMUL,CUBE,128,151765,151893,152291,526,0,0
6715,FREE,,0,151893,151893,153515,1622,0,0
6716,FREE,,0,151893,151893,153461,1568,0,0
7466,SPILL_OUT,MTE3,406,151552,151958,151552,0,1,1
4137,ALLOC,,0,151958,151958,152419,461,0,0
4139,COPY,FIXP,41,151958,151999,152419,461,0,0
6712,FREE,,0,151999,151999,153546,1547,0,0
7468,SPILL_OUT,MTE3,406,151958,152364,151958,0,1,1
4138,ALLOC,,0,152364,152364,152460,96,0,0
4140,ROWMAX,VECTOR,310,152364,152674,152460,96,0,0
7470,SPILL_OUT,MTE3,406,152364,152770,152364,0,1,1
4144,ALLOC,,0,152770,152770,152770,0,1,1
4145,SUB,VECTOR,151,152770,152921,152770,0,1,1
6717,FREE,,0,152921,152921,152921,0,0,1
4146,ALLOC,,0,152921,152921,152921,0,0,1
4147,EXP,VECTOR,218,152921,153139,152921,0,1,1
6721,FREE,,0,153139,153139,153139,0,0,1
4148,ALLOC,,0,153139,153139,153139,0,0,1
4149,ROWSUM,VECTOR,342,153139,153481,153139,0,1,1
4173,ALLOC,,0,151893,151893,153461,1568,0,0
4175,MOVE,MTE1,54,151893,151947,153461,1568,0,0
4170,ALLOC,,0,151224,151224,153210,1986,0,0
4171,COPY,MTE3,271,153139,153410,153210,71,0,0
6722,FREE,,0,153481,153481,153718,237,0,0
4172,ALLOC,,0,151893,151893,153515,1622,0,0
4174,MOVE,MTE1,31,153410,153441,153515,105,0,0
4169,ALLOC,,0,151999,151999,153546,1547,0,0
4176,MATMUL,CUBE,128,153441,153569,153546,105,0,0
6736,FREE,,0,153569,153569,153674,105,0,0
6737,FREE,,0,153569,153569,153705,136,0,0
4183,ALLOC,,0,153481,153481,153718,237,0,0
4185,COPY,FIXP,41,153569,153610,153718,149,0,0
6734,FREE,,0,153610,153610,153759,149,0,0
4178,ALLOC,,0,153569,153569,153674,105,0,0
4180,MOVE,MTE1,31,153569,153600,153674,105,0,0
6735,FREE,,0,153600,153600,155586,1986,0,0
4179,ALLOC,,0,153569,153569,153705,136,0,0
4181,MOVE,MTE1,54,153600,153654,153705,105,0,0
4177,ALLOC,,0,153610,153610,153759,149,0,0
4182,MATMUL,CUBE,128,153654,153782,153759,105,0,0
6739,FREE,,0,153782,153782,154369,587,0,0
6740,FREE,,0,153782,153782,154400,618,0,0
7472,SPILL_OUT,MTE3,406,153481,153887,153481,0,1,1
4187,ALLOC,,0,153887,153887,153887,0,1,1
4189,COPY,FIXP,41,153887,153928,153887,0,1,1
6738,FREE,,0,153928,153928,154454,526,0,0
4210,ALLOC,,0,153782,153782,154369,587,0,0
4212,MOVE,MTE1,31,153782,153813,154369,587,0,0
4704,FREE,,0,153813,153813,340244,186431,0,0
4211,ALLOC,,0,153782,153782,154400,618,0,0
4213,MOVE,MTE1,54,153813,153867,154400,587,0,0
4209,ALLOC,,0,153928,153928,154454,526,0,0
4214,MATMUL,CUBE,128,153928,154056,154454,526,0,0
6753,FREE,,0,154056,154056,154582,526,0,0
6754,FREE,,0,154056,154056,154613,557,0,0
4215,ALLOC,,0,154056,154056,154582,526,0,0
4217,MOVE,MTE1,31,154056,154087,154582,526,0,0
4707,FREE,,0,154087,154087,340244,186157,0,0
4216,ALLOC,,0,154056,154056,154613,557,0,0
4218,MOVE,MTE1,54,154087,154141,154613,526,0,0
4219,MATMUL,CUBE,128,154141,154269,154667,526,0,0
6755,FREE,,0,154269,154269,155891,1622,0,0
6756,FREE,,0,154269,154269,155837,1568,0,0
7474,SPILL_OUT,MTE3,406,153928,154334,153928,0,1,1
4220,ALLOC,,0,154334,154334,154795,461,0,0
4222,COPY,FIXP,41,154334,154375,154795,461,0,0
6752,FREE,,0,154375,154375,155922,1547,0,0
7476,SPILL_OUT,MTE3,406,154334,154740,154334,0,1,1
4221,ALLOC,,0,154740,154740,154836,96,0,0
4223,ROWMAX,VECTOR,310,154740,155050,154836,96,0,0
7478,SPILL_OUT,MTE3,406,154740,155146,154740,0,1,1
4227,ALLOC,,0,155146,155146,155146,0,1,1
4228,SUB,VECTOR,151,155146,155297,155146,0,1,1
6757,FREE,,0,155297,155297,155297,0,0,1
4229,ALLOC,,0,155297,155297,155297,0,0,1
4230,EXP,VECTOR,218,155297,155515,155297,0,1,1
6761,FREE,,0,155515,155515,155515,0,0,1
4231,ALLOC,,0,155515,155515,155515,0,0,1
4232,ROWSUM,VECTOR,342,155515,155857,155515,0,1,1
4256,ALLOC,,0,154269,154269,155837,1568,0,0
4258,MOVE,MTE1,54,154269,154323,155837,1568,0,0
4253,ALLOC,,0,153600,153600,155586,1986,0,0
4254,COPY,MTE3,271,155515,155786,155586,71,0,0
6762,FREE,,0,155857,155857,156094,237,0,0
4255,ALLOC,,0,154269,154269,155891,1622,0,0
4257,MOVE,MTE1,31,155786,155817,155891,105,0,0
4252,ALLOC,,0,154375,154375,155922,1547,0,0
4259,MATMUL,CUBE,128,155817,155945,155922,105,0,0
6776,FREE,,0,155945,155945,156050,105,0,0
6777,FREE,,0,155945,155945,156081,136,0,0
4266,ALLOC,,0,155857,155857,156094,237,0,0
4268,COPY,FIXP,41,155945,155986,156094,149,0,0
6774,FREE,,0,155986,155986,156135,149,0,0
4261,ALLOC,,0,155945,155945,156050,105,0,0
4263,MOVE,MTE1,31,155945,155976,156050,105,0,0
6775,FREE,,0,155976,155976,157962,1986,0,0
4262,ALLOC,,0,155945,155945,156081,136,0,0
4264,MOVE,MTE1,54,155976,156030,156081,105,0,0
4260,ALLOC,,0,155986,155986,156135,149,0,0
4265,MATMUL,CUBE,128,156030,156158,156135,105,0,0
6779,FREE,,0,156158,156158,156745,587,0,0
6780,FREE,,0,156158,156158,156776,618,0,0
7480,SPILL_OUT,MTE3,406,155857,156263,155857,0,1,1
4270,ALLOC,,0,156263,156263,156263,0,1,1
4272,COPY,FIXP,41,156263,156304,156263,0,1,1
6778,FREE,,0,156304,156304,156830,526,0,0
4293,ALLOC,,0,156158,156158,156745,587,0,0
4295,MOVE,MTE1,31,156158,156189,156745,587,0,0
4729,FREE,,0,156189,156189,340244,184055,0,0
4294,ALLOC,,0,156158,156158,156776,618,0,0
4296,MOVE,MTE1,54,156189,156243,156776,587,0,0
4292,ALLOC,,0,156304,156304,156830,526,0,0
4297,MATMUL,CUBE,128,156304,156432,156830,526,0,0
6793,FREE,,0,156432,156432,156958,526,0,0
6794,FREE,,0,156432,156432,156989,557,0,0
4298,ALLOC,,0,156432,156432,156958,526,0,0
4300,MOVE,MTE1,31,156432,156463,156958,526,0,0
4732,FREE,,0,156463,156463,340244,183781,0,0
4299,ALLOC,,0,156432,156432,156989,557,0,0
4301,MOVE,MTE1,54,156463,156517,156989,526,0,0
4302,MATMUL,CUBE,128,156517,156645,157043,526,0,0
6795,FREE,,0,156645,156645,158267,1622,0,0
6796,FREE,,0,156645,156645,158213,1568,0,0
7482,SPILL_OUT,MTE3,406,156304,156710,156304,0,1,1
4303,ALLOC,,0,156710,156710,157171,461,0,0
4305,COPY,FIXP,41,156710,156751,157171,461,0,0
6792,FREE,,0,156751,156751,158298,1547,0,0
7484,SPILL_OUT,MTE3,406,156710,157116,156710,0,1,1
4304,ALLOC,,0,157116,157116,157212,96,0,0
4306,ROWMAX,VECTOR,310,157116,157426,157212,96,0,0
7486,SPILL_OUT,MTE3,406,157116,157522,157116,0,1,1
4310,ALLOC,,0,157522,157522,157522,0,1,1
4311,SUB,VECTOR,151,157522,157673,157522,0,1,1
6797,FREE,,0,157673,157673,157673,0,0,1
4312,ALLOC,,0,157673,157673,157673,0,0,1
4313,EXP,VECTOR,218,157673,157891,157673,0,1,1
6801,FREE,,0,157891,157891,157891,0,0,1
4314,ALLOC,,0,157891,157891,157891,0,0,1
4315,ROWSUM,VECTOR,342,157891,158233,157891,0,1,1
4339,ALLOC,,0,156645,156645,158213,1568,0,0
4341,MOVE,MTE1,54,156645,156699,158213,1568,0,0
4336,ALLOC,,0,155976,155976,157962,1986,0,0
4337,COPY,MTE3,271,157891,158162,157962,71,0,0
6802,FREE,,0,158233,158233,158470,237,0,0
4338,ALLOC,,0,156645,156645,158267,1622,0,0
4340,MOVE,MTE1,31,158162,158193,158267,105,0,0
4335,ALLOC,,0,156751,156751,158298,1547,0,0
4342,MATMUL,CUBE,128,158193,158321,158298,105,0,0
6816,FREE,,0,158321,158321,158426,105,0,0
6817,FREE,,0,158321,158321,158457,136,0,0
4349,ALLOC,,0,158233,158233,158470,237,0,0
4351,COPY,FIXP,41,158321,158362,158470,149,0,0
6814,FREE,,0,158362,158362,158511,149,0,0
4344,ALLOC,,0,158321,158321,158426,105,0,0
4346,MOVE,MTE1,31,158321,158352,158426,105,0,0
6815,FREE,,0,158352,158352,158672,320,0,0
4345,ALLOC,,0,158321,158321,158457,136,0,0
4347,MOVE,MTE1,54,158352,158406,158457,105,0,0
4343,ALLOC,,0,158362,158362,158511,149,0,0
4348,MATMUL,CUBE,128,158406,158534,158511,105,0,0
6819,FREE,,0,158534,158534,159121,587,0,0
6820,FREE,,0,158534,158534,159152,618,0,0
7488,SPILL_OUT,MTE3,406,158233,158639,158233,0,1,1
4353,ALLOC,,0,158639,158639,158639,0,1,1
4355,COPY,FIXP,41,158639,158680,158639,0,1,1
6818,FREE,,0,158680,158680,159206,526,0,0
4376,ALLOC,,0,158534,158534,159121,587,0,0
4378,MOVE,MTE1,31,158534,158565,159121,587,0,0
4754,FREE,,0,158565,158565,340244,181679,0,0
4377,ALLOC,,0,158534,158534,159152,618,0,0
4379,MOVE,MTE1,54,158565,158619,159152,587,0,0
4375,ALLOC,,0,158680,158680,159206,526,0,0
4380,MATMUL,CUBE,128,158680,158808,159206,526,0,0
6833,FREE,,0,158808,158808,159334,526,0,0
6834,FREE,,0,158808,158808,159365,557,0,0
4381,ALLOC,,0,158808,158808,159334,526,0,0
7427,SPILL_IN,MTE2,662,158352,159014,158672,320,0,0
4383,MOVE,MTE1,31,159014,159045,159334,320,0,0
4757,FREE,,0,159045,159045,160267,1222,0,0
4382,ALLOC,,0,158808,158808,159365,557,0,0
4384,MOVE,MTE1,54,159045,159099,159365,320,0,0
4385,MATMUL,CUBE,128,159099,159227,159419,320,0,0
6835,FREE,,0,159227,159227,160538,1311,0,0
6836,FREE,,0,159227,159227,160484,1257,0,0
7490,SPILL_OUT,MTE3,406,158680,159086,158680,0,1,1
4386,ALLOC,,0,159086,159086,159547,461,0,0
4388,COPY,FIXP,41,159227,159268,159547,320,0,0
6832,FREE,,0,159268,159268,160569,1301,0,0
7492,SPILL_OUT,MTE3,406,159086,159492,159086,0,1,1
4387,ALLOC,,0,159492,159492,159588,96,0,0
4389,ROWMAX,VECTOR,310,159492,159802,159588,96,0,0
7494,SPILL_OUT,MTE3,406,159492,159898,159492,0,1,1
4393,ALLOC,,0,159898,159898,159898,0,1,1
4394,SUB,VECTOR,151,159898,160049,159898,0,1,1
6837,FREE,,0,160049,160049,160049,0,0,1
4395,ALLOC,,0,160049,160049,160049,0,0,1
4396,EXP,VECTOR,218,160049,160267,160049,0,1,1
6841,FREE,,0,160267,160267,160640,373,0,0
4397,ALLOC,,0,160267,160267,160640,373,0,0
4398,ROWSUM,VECTOR,342,160267,160609,160640,373,0,0
4422,ALLOC,,0,159227,159227,160484,1257,0,0
4424,MOVE,MTE1,54,159227,159281,160484,1257,0,0
4419,ALLOC,,0,159045,159045,160267,1222,0,0
4420,COPY,MTE3,271,160267,160538,160267,0,1,1
6842,FREE,,0,160609,160609,161219,610,0,0
4421,ALLOC,,0,159227,159227,160538,1311,0,0
4423,MOVE,MTE1,31,160538,160569,160538,0,1,1
4418,ALLOC,,0,159268,159268,160569,1301,0,0
4425,MATMUL,CUBE,128,160569,160697,160569,0,1,1
6856,FREE,,0,160697,160697,160697,0,1,1
6857,FREE,,0,160697,160697,161206,509,0,0
4432,ALLOC,,0,160609,160609,161219,610,0,0
4434,COPY,FIXP,41,160697,160738,161219,522,0,0
6854,FREE,,0,160738,160738,161260,522,0,0
4427,ALLOC,,0,160697,160697,160697,0,1,1
4429,MOVE,MTE1,31,160697,160728,160697,0,1,1
6855,FREE,,0,160728,160728,160728,0,1,1
4428,ALLOC,,0,160697,160697,161206,509,0,0
4430,MOVE,MTE1,54,160728,160782,161206,478,0,0
4426,ALLOC,,0,160738,160738,161260,522,0,0
4431,MATMUL,CUBE,128,160782,160910,161260,478,0,0
6859,FREE,,0,160910,160910,161390,480,0,0
6860,FREE,,0,160910,160910,161901,991,0,0
7496,SPILL_OUT,MTE3,406,160609,161015,160982,373,0,0
4436,ALLOC,,0,161015,161015,161388,373,0,0
4438,COPY,FIXP,41,161015,161056,161388,373,0,0
6858,FREE,,0,161056,161056,161955,899,0,0
4459,ALLOC,,0,160910,160910,161390,480,0,0
7431,SPILL_IN,MTE2,662,160728,161390,160728,0,1,1
4461,MOVE,MTE1,31,161390,161421,161390,0,1,1
4779,FREE,,0,161421,161421,161421,0,1,1
4460,ALLOC,,0,160910,160910,161901,991,0,0
4462,MOVE,MTE1,54,161421,161475,161901,480,0,0
4458,ALLOC,,0,161056,161056,161955,899,0,0
4463,MATMUL,CUBE,128,161475,161603,161955,480,0,0
6873,FREE,,0,161603,161603,162083,480,0,0
6874,FREE,,0,161603,161603,162114,511,0,0
4464,ALLOC,,0,161603,161603,162083,480,0,0
7439,SPILL_IN,MTE2,662,161421,162083,161421,0,1,1
4466,MOVE,MTE1,31,162083,162114,162083,0,1,1
4782,FREE,,0,162114,162114,163087,973,0,0
4465,ALLOC,,0,161603,161603,162114,511,0,0
4467,MOVE,MTE1,54,162114,162168,162114,0,1,1
4468,MATMUL,CUBE,128,162168,162296,162168,0,1,1
6875,FREE,,0,162296,162296,163392,1096,0,0
6876,FREE,,0,162296,162296,163338,1042,0,0
7498,SPILL_OUT,MTE3,406,161056,161462,161429,373,0,0
4469,ALLOC,,0,161462,161462,162296,834,0,0
4471,COPY,FIXP,41,162296,162337,162296,0,1,1
6872,FREE,,0,162337,162337,163423,1086,0,0
7500,SPILL_OUT,MTE3,406,161462,161868,161835,373,0,0
4470,ALLOC,,0,161868,161868,162337,469,0,0
4472,ROWMAX,VECTOR,310,162337,162647,162337,0,1,1
7502,SPILL_OUT,MTE3,406,161868,162274,162241,373,0,0
4476,ALLOC,,0,162274,162274,162647,373,0,0
4477,SUB,VECTOR,151,162647,162798,162647,0,1,1
6877,FREE,,0,162798,162798,162798,0,0,1
4478,ALLOC,,0,162798,162798,162798,0,0,1
4479,EXP,VECTOR,218,162798,163016,162798,0,1,1
6881,FREE,,0,163016,163016,163016,0,0,1
4480,ALLOC,,0,163016,163016,163016,0,0,1
4481,ROWSUM,VECTOR,342,163016,163358,163016,0,1,1
4505,ALLOC,,0,162296,162296,163338,1042,0,0
4507,MOVE,MTE1,54,162296,162350,163338,1042,0,0
4502,ALLOC,,0,162114,162114,163087,973,0,0
4503,COPY,MTE3,271,163016,163287,163087,71,0,0
6882,FREE,,0,163358,163358,163595,237,0,0
4504,ALLOC,,0,162296,162296,163392,1096,0,0
4506,MOVE,MTE1,31,163287,163318,163392,105,0,0
4501,ALLOC,,0,162337,162337,163423,1086,0,0
4508,MATMUL,CUBE,128,163318,163446,163423,105,0,0
6896,FREE,,0,163446,163446,163551,105,0,0
6897,FREE,,0,163446,163446,163582,136,0,0
4515,ALLOC,,0,163358,163358,163595,237,0,0
4517,COPY,FIXP,41,163446,163487,163595,149,0,0
6894,FREE,,0,163487,163487,163636,149,0,0
4510,ALLOC,,0,163446,163446,163551,105,0,0
4512,MOVE,MTE1,31,163446,163477,163551,105,0,0
6895,FREE,,0,163477,163477,340244,176767,0,0
4511,ALLOC,,0,163446,163446,163582,136,0,0
4513,MOVE,MTE1,54,163477,163531,163582,105,0,0
4509,ALLOC,,0,163487,163487,163636,149,0,0
4514,MATMUL,CUBE,128,163531,163659,163636,105,0,0
6899,FREE,,0,163659,163659,164246,587,0,0
6900,FREE,,0,163659,163659,164277,618,0,0
7504,SPILL_OUT,MTE3,406,163358,163764,163358,0,1,1
4519,ALLOC,,0,163764,163764,163764,0,1,1
4521,COPY,FIXP,41,163764,163805,163764,0,1,1
6898,FREE,,0,163805,163805,164331,526,0,0
4542,ALLOC,,0,163659,163659,164246,587,0,0
4544,MOVE,MTE1,31,163659,163690,164246,587,0,0
4804,FREE,,0,163690,163690,340244,176554,0,0
4543,ALLOC,,0,163659,163659,164277,618,0,0
4545,MOVE,MTE1,54,163690,163744,164277,587,0,0
6629,FREE,,0,163744,163744,340244,176500,0,0
4541,ALLOC,,0,163805,163805,164331,526,0,0
4546,MATMUL,CUBE,128,163805,163933,164331,526,0,0
6913,FREE,,0,163933,163933,164459,526,0,0
6914,FREE,,0,163933,163933,164490,557,0,0
4547,ALLOC,,0,163933,163933,164459,526,0,0
4549,MOVE,MTE1,31,163933,163964,164459,526,0,0
4807,FREE,,0,163964,163964,340244,176280,0,0
4548,ALLOC,,0,163933,163933,164490,557,0,0
4550,MOVE,MTE1,54,163964,164018,164490,526,0,0
6632,FREE,,0,164018,164018,340244,176226,0,0
4551,MATMUL,CUBE,128,164018,164146,164544,526,0,0
6915,FREE,,0,164146,164146,165768,1622,0,0
6916,FREE,,0,164146,164146,165409,1263,0,0
7506,SPILL_OUT,MTE3,406,163805,164211,163805,0,1,1
4552,ALLOC,,0,164211,164211,164672,461,0,0
4554,COPY,FIXP,41,164211,164252,164672,461,0,0
6912,FREE,,0,164252,164252,165799,1547,0,0
7508,SPILL_OUT,MTE3,406,164211,164617,164211,0,1,1
4553,ALLOC,,0,164617,164617,164713,96,0,0
4555,ROWMAX,VECTOR,310,164617,164927,164713,96,0,0
7510,SPILL_OUT,MTE3,406,164617,165023,164617,0,1,1
4559,ALLOC,,0,165023,165023,165023,0,1,1
4560,SUB,VECTOR,151,165023,165174,165023,0,1,1
6917,FREE,,0,165174,165174,165174,0,0,1
4561,ALLOC,,0,165174,165174,165174,0,0,1
4562,EXP,VECTOR,218,165174,165392,165174,0,1,1
6921,FREE,,0,165392,165392,165392,0,0,1
4563,ALLOC,,0,165392,165392,165392,0,0,1
4564,ROWSUM,VECTOR,342,165392,165734,165392,0,1,1
4588,ALLOC,,0,164146,164146,165409,1263,0,0
4590,MOVE,MTE1,54,164146,164200,165409,1263,0,0
6654,FREE,,0,164200,164200,165463,1263,0,0
4585,ALLOC,,0,164200,164200,165463,1263,0,0
4586,COPY,MTE3,271,165392,165663,165463,71,0,0
6922,FREE,,0,165734,165734,165971,237,0,0
4587,ALLOC,,0,164146,164146,165768,1622,0,0
4589,MOVE,MTE1,31,165663,165694,165768,105,0,0
4584,ALLOC,,0,164252,164252,165799,1547,0,0
4591,MATMUL,CUBE,128,165694,165822,165799,105,0,0
6936,FREE,,0,165822,165822,165927,105,0,0
6937,FREE,,0,165822,165822,165958,136,0,0
4598,ALLOC,,0,165734,165734,165971,237,0,0
4600,COPY,FIXP,41,165822,165863,165971,149,0,0
6934,FREE,,0,165863,165863,166012,149,0,0
4593,ALLOC,,0,165822,165822,165927,105,0,0
4595,MOVE,MTE1,31,165822,165853,165927,105,0,0
6935,FREE,,0,165853,165853,340244,174391,0,0
4594,ALLOC,,0,165822,165822,165958,136,0,0
4596,MOVE,MTE1,54,165853,165907,165958,105,0,0
6658,FREE,,0,165907,165907,340244,174337,0,0
4592,ALLOC,,0,165863,165863,166012,149,0,0
4597,MATMUL,CUBE,128,165907,166035,166012,105,0,0
6939,FREE,,0,166035,166035,340244,174209,0,0
6940,FREE,,0,166035,166035,340244,174209,0,0
7512,SPILL_OUT,MTE3,406,165734,166140,165734,0,1,1
4602,ALLOC,,0,166140,166140,166140,0,1,1
4604,COPY,FIXP,41,166140,166181,166140,0,1,1
6938,FREE,,0,166181,166181,340244,174063,0,0
7514,SPILL_OUT,MTE3,406,166181,166587,166181,0,1,1
23,ALLOC,,0,166587,166587,166587,0,1,1
24,ALLOC,,0,166587,166587,166587,0,0,1
25,COMPACT,VECTOR,113,166587,166700,166587,0,1,1
4636,FREE,,0,166700,166700,166700,0,0,1
4634,FREE,,0,166700,166700,166813,113,0,0
32,ALLOC,,0,166700,166700,166700,0,0,1
33,ALLOC,,0,166700,166700,166700,0,0,1
34,COMPACT,VECTOR,113,166700,166813,166700,0,1,1
4639,FREE,,0,166813,166813,166813,0,1,1
4641,FREE,,0,166813,166813,166880,67,0,0
76,ALLOC,,0,166813,166813,166880,67,0,0
77,ALLOC,,0,166813,166813,166880,67,0,0
78,COMPACT,VECTOR,113,166813,166926,166880,67,0,0
4663,FREE,,0,166926,166926,166993,67,0,0
4661,FREE,,0,166926,166926,173334,6408,0,0
85,ALLOC,,0,166926,166926,166993,67,0,0
86,ALLOC,,0,166926,166926,166993,67,0,0
87,COMPACT,VECTOR,113,166926,167039,166993,67,0,0
4666,FREE,,0,167039,167039,173740,6701,0,0
4668,FREE,,0,167039,167039,167106,67,0,0
125,ALLOC,,0,167039,167039,167106,67,0,0
126,ALLOC,,0,167039,167039,167106,67,0,0
127,COMPACT,VECTOR,113,167039,167152,167106,67,0,0
4688,FREE,,0,167152,167152,172928,5776,0,0
4686,FREE,,0,167152,167152,172928,5776,0,0
134,ALLOC,,0,166700,166700,167219,519,0,0
135,ALLOC,,0,166700,166700,167219,519,0,0
6965,SPILL_IN,MTE2,406,166813,167219,166813,0,1,1
136,COMPACT,VECTOR,113,167219,167332,167219,0,1,1
4691,FREE,,0,167332,167332,167332,0,1,1
4693,FREE,,0,167332,167332,167738,406,0,0
174,ALLOC,,0,167332,167332,167738,406,0,0
175,ALLOC,,0,167332,167332,167738,406,0,0
6973,SPILL_IN,MTE2,406,167332,167738,167332,0,1,1
176,COMPACT,VECTOR,113,167738,167851,167738,0,1,1
4713,FREE,,0,167851,167851,168257,406,0,0
4711,FREE,,0,167851,167851,167851,0,1,1
183,ALLOC,,0,167851,167851,168257,406,0,0
184,ALLOC,,0,167851,167851,168257,406,0,0
6971,SPILL_IN,MTE2,406,167851,168257,167851,0,1,1
185,COMPACT,VECTOR,113,168257,168370,168257,0,1,1
4716,FREE,,0,168370,168370,168370,0,1,1
4718,FREE,,0,168370,168370,168776,406,0,0
223,ALLOC,,0,168370,168370,168776,406,0,0
224,ALLOC,,0,168370,168370,168776,406,0,0
6981,SPILL_IN,MTE2,406,168370,168776,168370,0,1,1
225,COMPACT,VECTOR,113,168776,168889,168776,0,1,1
4738,FREE,,0,168889,168889,169295,406,0,0
4736,FREE,,0,168889,168889,168889,0,1,1
232,ALLOC,,0,168889,168889,169295,406,0,0
233,ALLOC,,0,168889,168889,169295,406,0,0
6979,SPILL_IN,MTE2,406,168889,169295,168889,0,1,1
234,COMPACT,VECTOR,113,169295,169408,169295,0,1,1
4741,FREE,,0,169408,169408,169408,0,1,1
4743,FREE,,0,169408,169408,169814,406,0,0
272,ALLOC,,0,169408,169408,169814,406,0,0
273,ALLOC,,0,169408,169408,169814,406,0,0
6993,SPILL_IN,MTE2,406,169408,169814,169408,0,1,1
274,COMPACT,VECTOR,113,169814,169927,169814,0,1,1
4763,FREE,,0,169927,169927,170333,406,0,0
4761,FREE,,0,169927,169927,169927,0,1,1
281,ALLOC,,0,169927,169927,170333,406,0,0
282,ALLOC,,0,169927,169927,170333,406,0,0
6991,SPILL_IN,MTE2,406,169927,170333,169927,0,1,1
283,COMPACT,VECTOR,113,170333,170446,170333,0,1,1
4766,FREE,,0,170446,170446,170446,0,1,1
4768,FREE,,0,170446,170446,170852,406,0,0
321,ALLOC,,0,170446,170446,170852,406,0,0
322,ALLOC,,0,170446,170446,170852,406,0,0
7003,SPILL_IN,MTE2,406,170446,170852,170446,0,1,1
323,COMPACT,VECTOR,113,170852,170965,170852,0,1,1
4788,FREE,,0,170965,170965,171371,406,0,0
4786,FREE,,0,170965,170965,170965,0,1,1
330,ALLOC,,0,170965,170965,171371,406,0,0
331,ALLOC,,0,170965,170965,171371,406,0,0
7001,SPILL_IN,MTE2,406,170965,171371,170965,0,1,1
332,COMPACT,VECTOR,113,171371,171484,171371,0,1,1
4791,FREE,,0,171484,171484,171484,0,1,1
4793,FREE,,0,171484,171484,171890,406,0,0
370,ALLOC,,0,171484,171484,171890,406,0,0
371,ALLOC,,0,171484,171484,171890,406,0,0
7011,SPILL_IN,MTE2,406,171484,171890,171484,0,1,1
372,COMPACT,VECTOR,113,171890,172003,171890,0,1,1
4813,FREE,,0,172003,172003,172409,406,0,0
4811,FREE,,0,172003,172003,172003,0,1,1
379,ALLOC,,0,172003,172003,172409,406,0,0
380,ALLOC,,0,172003,172003,172409,406,0,0
7009,SPILL_IN,MTE2,406,172003,172409,172003,0,1,1
381,COMPACT,VECTOR,113,172409,172522,172409,0,1,1
4816,FREE,,0,172522,172522,172522,0,1,1
4818,FREE,,0,172522,172522,173799,1277,0,0
419,ALLOC,,0,172522,172522,173799,1277,0,0
420,ALLOC,,0,172522,172522,173799,1277,0,0
7021,SPILL_IN,MTE2,406,172522,172928,172522,0,1,1
421,COMPACT,VECTOR,113,172928,173041,173799,871,0,0
4838,FREE,,0,173041,173041,173912,871,0,0
4836,FREE,,0,173041,173041,174070,1029,0,0
431,ALLOC,,0,173041,173041,173912,871,0,0
432,MAX,VECTOR,23,173041,173064,173912,871,0,0
433,ALLOC,,0,173041,173041,173935,894,0,0
434,SUB,VECTOR,24,173064,173088,173935,871,0,0
4635,FREE,,0,173088,173088,179101,6013,0,0
435,ALLOC,,0,173041,173041,173959,918,0,0
436,EXP,VECTOR,31,173088,173119,173959,871,0,0
4845,FREE,,0,173119,173119,173990,871,0,0
437,ALLOC,,0,173119,173119,173990,871,0,0
438,SUB,VECTOR,24,173119,173143,173990,871,0,0
4837,FREE,,0,173143,173143,174014,871,0,0
439,ALLOC,,0,173143,173143,174014,871,0,0
440,EXP,VECTOR,31,173143,173174,174014,871,0,0
4847,FREE,,0,173174,173174,174045,871,0,0
443,ALLOC,,0,173174,173174,174045,871,0,0
444,MUL,VECTOR,25,173174,173199,174045,871,0,0
4640,FREE,,0,173199,173199,179101,5902,0,0
473,ALLOC,,0,173041,173041,174070,1029,0,0
6963,SPILL_IN,MTE2,406,172928,173334,172928,0,1,1
474,MUL,VECTOR,38,173334,173372,174070,736,0,0
4651,FREE,,0,173372,173372,174108,736,0,0
475,ALLOC,,0,173372,173372,174108,736,0,0
6957,SPILL_IN,MTE2,406,173334,173740,173334,0,1,1
476,MUL,VECTOR,38,173740,173778,174108,368,0,0
4652,FREE,,0,173778,173778,174146,368,0,0
4846,FREE,,0,173778,173778,174221,443,0,0
466,ALLOC,,0,173778,173778,174146,368,0,0
7019,SPILL_IN,MTE2,406,173740,174146,173740,0,1,1
468,MUL,VECTOR,38,174146,174184,174146,0,1,1
4861,FREE,,0,174184,174184,174184,0,0,1
477,ALLOC,,0,174184,174184,174184,0,0,1
478,ADD,VECTOR,37,174184,174221,174184,0,1,1
4862,FREE,,0,174221,174221,174627,406,0,0
4865,FREE,,0,174221,174221,174221,0,1,1
470,ALLOC,,0,174221,174221,174627,406,0,0
7017,SPILL_IN,MTE2,406,174221,174627,174221,0,1,1
472,MUL,VECTOR,38,174627,174665,174627,0,1,1
4863,FREE,,0,174665,174665,174665,0,0,1
479,ALLOC,,0,174665,174665,174665,0,0,1
480,ADD,VECTOR,37,174665,174702,174665,0,1,1
4864,FREE,,0,174702,174702,175627,925,0,0
4866,FREE,,0,174702,174702,174702,0,1,1
428,ALLOC,,0,174221,174221,175108,887,0,0
429,ALLOC,,0,173041,173041,175108,2067,0,0
7015,SPILL_IN,MTE2,406,174702,175108,174702,0,1,1
430,COMPACT,VECTOR,113,175108,175221,175108,0,1,1
4841,FREE,,0,175221,175221,175221,0,1,1
4843,FREE,,0,175221,175221,176449,1228,0,0
441,ALLOC,,0,175221,175221,176449,1228,0,0
442,MUL,VECTOR,25,175221,175246,176449,1228,0,0
4842,FREE,,0,175246,175246,176498,1252,0,0
4848,FREE,,0,175246,175246,176474,1228,0,0
445,ALLOC,,0,175246,175246,176474,1228,0,0
446,ADD,VECTOR,24,175246,175270,176474,1228,0,0
4849,FREE,,0,175270,175270,176498,1228,0,0
4850,FREE,,0,175270,175270,176498,1228,0,0
496,ALLOC,,0,175270,175270,176498,1228,0,0
497,ALLOC,,0,175270,175270,176498,1228,0,0
7031,SPILL_IN,MTE2,406,175221,175627,175221,0,1,1
498,COMPACT,VECTOR,113,175627,175740,176498,871,0,0
4877,FREE,,0,175740,175740,176611,871,0,0
4875,FREE,,0,175740,175740,176769,1029,0,0
508,ALLOC,,0,175740,175740,176611,871,0,0
509,MAX,VECTOR,23,175740,175763,176611,871,0,0
510,ALLOC,,0,175740,175740,176634,894,0,0
511,SUB,VECTOR,24,175763,175787,176634,871,0,0
4662,FREE,,0,175787,175787,179101,3314,0,0
512,ALLOC,,0,175740,175740,176658,918,0,0
513,EXP,VECTOR,31,175787,175818,176658,871,0,0
4884,FREE,,0,175818,175818,176689,871,0,0
514,ALLOC,,0,175818,175818,176689,871,0,0
515,SUB,VECTOR,24,175818,175842,176689,871,0,0
4876,FREE,,0,175842,175842,176713,871,0,0
516,ALLOC,,0,175842,175842,176713,871,0,0
517,EXP,VECTOR,31,175842,175873,176713,871,0,0
4886,FREE,,0,175873,175873,176744,871,0,0
520,ALLOC,,0,175873,175873,176744,871,0,0
521,MUL,VECTOR,25,175873,175898,176744,871,0,0
4667,FREE,,0,175898,175898,179101,3203,0,0
546,ALLOC,,0,175740,175740,176769,1029,0,0
6955,SPILL_IN,MTE2,406,175627,176033,175627,0,1,1
547,MUL,VECTOR,38,176033,176071,176769,736,0,0
4676,FREE,,0,176071,176071,176807,736,0,0
548,ALLOC,,0,176071,176071,176807,736,0,0
7516,SPILL_OUT,MTE3,406,166587,166993,175627,9040,0,0
6953,SPILL_IN,MTE2,406,176033,176439,176033,0,1,1
549,MUL,VECTOR,38,176439,176477,176807,368,0,0
4677,FREE,,0,176477,176477,176845,368,0,0
4885,FREE,,0,176477,176477,177807,1330,0,0
539,ALLOC,,0,176477,176477,176845,368,0,0
7518,SPILL_OUT,MTE3,406,166993,167399,176033,9040,0,0
7029,SPILL_IN,MTE2,406,176439,176845,176439,0,1,1
541,MUL,VECTOR,38,176845,176883,176845,0,1,1
4898,FREE,,0,176883,176883,176883,0,0,1
550,ALLOC,,0,176883,176883,176883,0,0,1
551,ADD,VECTOR,37,176883,176920,176883,0,1,1
4899,FREE,,0,176920,176920,177326,406,0,0
4902,FREE,,0,176920,176920,176920,0,1,1
543,ALLOC,,0,176920,176920,177326,406,0,0
7027,SPILL_IN,MTE2,406,176920,177326,176920,0,1,1
545,MUL,VECTOR,38,177326,177364,177326,0,1,1
4900,FREE,,0,177364,177364,177364,0,0,1
552,ALLOC,,0,177364,177364,177364,0,0,1
553,ADD,VECTOR,37,177364,177401,177364,0,1,1
4901,FREE,,0,177401,177401,177401,0,1,1
4903,FREE,,0,177401,177401,179837,2436,0,0
505,ALLOC,,0,176477,176477,177807,1330,0,0
506,ALLOC,,0,175740,175740,177807,2067,0,0
7025,SPILL_IN,MTE2,406,177401,177807,177401,0,1,1
507,COMPACT,VECTOR,113,177807,177920,177807,0,1,1
4880,FREE,,0,177920,177920,177920,0,1,1
4882,FREE,,0,177920,177920,178277,357,0,0
518,ALLOC,,0,177920,177920,178277,357,0,0
519,MUL,VECTOR,25,177920,177945,178277,357,0,0
4881,FREE,,0,177945,177945,178326,381,0,0
4887,FREE,,0,177945,177945,178302,357,0,0
522,ALLOC,,0,177945,177945,178302,357,0,0
523,ADD,VECTOR,24,177945,177969,178302,357,0,0
4888,FREE,,0,177969,177969,178326,357,0,0
4889,FREE,,0,177969,177969,178326,357,0,0
569,ALLOC,,0,177969,177969,178326,357,0,0
570,ALLOC,,0,177969,177969,178326,357,0,0
7039,SPILL_IN,MTE2,406,177920,178326,177920,0,1,1
571,COMPACT,VECTOR,113,178326,178439,178326,0,1,1
4914,FREE,,0,178439,178439,178439,0,0,1
4912,FREE,,0,178439,178439,178695,256,0,0
581,ALLOC,,0,178439,178439,178439,0,0,1
582,MAX,VECTOR,23,178439,178462,178439,0,1,1
583,ALLOC,,0,178439,178439,178462,23,0,0
584,SUB,VECTOR,24,178462,178486,178462,0,1,1
4687,FREE,,0,178486,178486,179101,615,0,0
585,ALLOC,,0,178439,178439,178486,47,0,0
586,EXP,VECTOR,31,178486,178517,178486,0,1,1
4921,FREE,,0,178517,178517,178517,0,0,1
587,ALLOC,,0,178517,178517,178517,0,0,1
588,SUB,VECTOR,24,178517,178541,178517,0,1,1
4913,FREE,,0,178541,178541,179781,1240,0,0
589,ALLOC,,0,178541,178541,179781,1240,0,0
590,EXP,VECTOR,31,178541,178572,179781,1240,0,0
4923,FREE,,0,178572,178572,179812,1240,0,0
593,ALLOC,,0,178572,178572,179812,1240,0,0
594,MUL,VECTOR,25,178572,178597,179812,1240,0,0
4692,FREE,,0,178597,178597,199186,20589,0,0
619,ALLOC,,0,177401,177401,179837,2436,0,0
6959,SPILL_IN,MTE2,406,178439,178845,178695,256,0,0
620,MUL,VECTOR,38,178845,178883,179837,992,0,0
4701,FREE,,0,178883,178883,179875,992,0,0
621,ALLOC,,0,178883,178883,179875,992,0,0
7520,SPILL_OUT,MTE3,154,178541,178695,178541,0,1,1
7522,SPILL_OUT,MTE3,406,178695,179101,178695,0,1,1
6961,SPILL_IN,MTE2,406,179101,179507,179101,0,1,1
622,MUL,VECTOR,38,179507,179545,179875,368,0,0
4702,FREE,,0,179545,179545,179913,368,0,0
4922,FREE,,0,179545,179545,179913,368,0,0
612,ALLOC,,0,179545,179545,179913,368,0,0
7524,SPILL_OUT,MTE3,406,179101,179507,179101,0,0,1
7037,SPILL_IN,MTE2,406,179507,179913,179507,0,1,1
614,MUL,VECTOR,38,179913,179951,179913,0,1,1
4935,FREE,,0,179951,179951,179951,0,0,1
623,ALLOC,,0,179951,179951,179951,0,0,1
624,ADD,VECTOR,37,179951,179988,179951,0,1,1
4936,FREE,,0,179988,179988,180394,406,0,0
4939,FREE,,0,179988,179988,179988,0,1,1
616,ALLOC,,0,179988,179988,180394,406,0,0
7035,SPILL_IN,MTE2,406,179988,180394,179988,0,1,1
618,MUL,VECTOR,38,180394,180432,180394,0,1,1
4937,FREE,,0,180432,180432,180432,0,0,1
625,ALLOC,,0,180432,180432,180432,0,0,1
626,ADD,VECTOR,37,180432,180469,180432,0,1,1
4938,FREE,,0,180469,180469,180469,0,1,1
4940,FREE,,0,180469,180469,180875,406,0,0
578,ALLOC,,0,178695,178695,181119,2424,0,0
579,ALLOC,,0,179988,179988,181119,1131,0,0
7033,SPILL_IN,MTE2,406,180469,180875,180469,0,1,1
580,COMPACT,VECTOR,113,180875,180988,181119,244,0,0
4917,FREE,,0,180988,180988,182056,1068,0,0
4919,FREE,,0,180988,180988,181232,244,0,0
591,ALLOC,,0,180988,180988,181232,244,0,0
592,MUL,VECTOR,25,180988,181013,181232,244,0,0
4918,FREE,,0,181013,181013,182792,1779,0,0
4924,FREE,,0,181013,181013,181257,244,0,0
595,ALLOC,,0,181013,181013,181257,244,0,0
596,ADD,VECTOR,24,181013,181037,181257,244,0,0
4925,FREE,,0,181037,181037,181281,244,0,0
4926,FREE,,0,181037,181037,182792,1755,0,0
642,ALLOC,,0,181037,181037,181281,244,0,0
643,ALLOC,,0,180988,180988,181281,293,0,0
7047,SPILL_IN,MTE2,406,180875,181281,180875,0,1,1
644,COMPACT,VECTOR,113,181281,181394,181281,0,1,1
4951,FREE,,0,181394,181394,181394,0,0,1
4949,FREE,,0,181394,181394,181650,256,0,0
654,ALLOC,,0,181394,181394,181394,0,0,1
655,MAX,VECTOR,23,181394,181417,181394,0,1,1
656,ALLOC,,0,181394,181394,181417,23,0,0
657,SUB,VECTOR,24,181417,181441,181417,0,1,1
4712,FREE,,0,181441,181441,199186,17745,0,0
658,ALLOC,,0,181394,181394,181441,47,0,0
659,EXP,VECTOR,31,181441,181472,181441,0,1,1
4958,FREE,,0,181472,181472,181472,0,0,1
660,ALLOC,,0,181472,181472,181472,0,0,1
661,SUB,VECTOR,24,181472,181496,181472,0,1,1
4950,FREE,,0,181496,181496,182736,1240,0,0
662,ALLOC,,0,181496,181496,182736,1240,0,0
663,EXP,VECTOR,31,181496,181527,182736,1240,0,0
4960,FREE,,0,181527,181527,182767,1240,0,0
666,ALLOC,,0,181527,181527,182767,1240,0,0
667,MUL,VECTOR,25,181527,181552,182767,1240,0,0
4717,FREE,,0,181552,181552,199186,17634,0,0
692,ALLOC,,0,181037,181037,182792,1755,0,0
6967,SPILL_IN,MTE2,406,181394,181800,181650,256,0,0
693,MUL,VECTOR,38,181800,181838,182792,992,0,0
4726,FREE,,0,181838,181838,182830,992,0,0
694,ALLOC,,0,181838,181838,182830,992,0,0
7526,SPILL_OUT,MTE3,154,181496,181650,181496,0,1,1
7528,SPILL_OUT,MTE3,406,181650,182056,181650,0,1,1
6969,SPILL_IN,MTE2,406,182056,182462,182056,0,1,1
695,MUL,VECTOR,38,182462,182500,182830,368,0,0
4727,FREE,,0,182500,182500,182868,368,0,0
4959,FREE,,0,182500,182500,183830,1330,0,0
685,ALLOC,,0,182500,182500,182868,368,0,0
7530,SPILL_OUT,MTE3,406,182056,182462,182056,0,0,1
7045,SPILL_IN,MTE2,406,182462,182868,182462,0,1,1
687,MUL,VECTOR,38,182868,182906,182868,0,1,1
4972,FREE,,0,182906,182906,182906,0,0,1
696,ALLOC,,0,182906,182906,182906,0,0,1
697,ADD,VECTOR,37,182906,182943,182906,0,1,1
4973,FREE,,0,182943,182943,182943,0,1,1
4976,FREE,,0,182943,182943,183349,406,0,0
689,ALLOC,,0,182943,182943,183349,406,0,0
7043,SPILL_IN,MTE2,406,182943,183349,182943,0,1,1
691,MUL,VECTOR,38,183349,183387,183349,0,1,1
4974,FREE,,0,183387,183387,183387,0,0,1
698,ALLOC,,0,183387,183387,183387,0,0,1
699,ADD,VECTOR,37,183387,183424,183387,0,1,1
4975,FREE,,0,183424,183424,183424,0,1,1
4977,FREE,,0,183424,183424,184718,1294,0,0
651,ALLOC,,0,181650,181650,183830,2180,0,0
652,ALLOC,,0,182500,182500,183830,1330,0,0
7041,SPILL_IN,MTE2,406,183424,183830,183424,0,1,1
653,COMPACT,VECTOR,113,183830,183943,183830,0,1,1
4954,FREE,,0,183943,183943,183943,0,1,1
4956,FREE,,0,183943,183943,184349,406,0,0
664,ALLOC,,0,182056,182056,184300,2244,0,0
665,MUL,VECTOR,25,183943,183968,184300,357,0,0
4955,FREE,,0,183968,183968,184349,381,0,0
4961,FREE,,0,183968,183968,184349,381,0,0
668,ALLOC,,0,182056,182056,184325,2269,0,0
669,ADD,VECTOR,24,183968,183992,184325,357,0,0
4962,FREE,,0,183992,183992,184349,357,0,0
4963,FREE,,0,183992,183992,184349,357,0,0
715,ALLOC,,0,183992,183992,184349,357,0,0
716,ALLOC,,0,183992,183992,184349,357,0,0
7055,SPILL_IN,MTE2,406,183943,184349,183943,0,1,1
717,COMPACT,VECTOR,113,184349,184462,184349,0,1,1
4988,FREE,,0,184462,184462,184462,0,0,1
4986,FREE,,0,184462,184462,185860,1398,0,0
727,ALLOC,,0,184462,184462,184462,0,0,1
728,MAX,VECTOR,23,184462,184485,184462,0,1,1
729,ALLOC,,0,184462,184462,184485,23,0,0
730,SUB,VECTOR,24,184485,184509,184485,0,1,1
4737,FREE,,0,184509,184509,199186,14677,0,0
731,ALLOC,,0,184462,184462,184509,47,0,0
732,EXP,VECTOR,31,184509,184540,184509,0,1,1
4995,FREE,,0,184540,184540,184540,0,0,1
733,ALLOC,,0,184540,184540,184540,0,0,1
734,SUB,VECTOR,24,184540,184564,184540,0,1,1
4987,FREE,,0,184564,184564,185804,1240,0,0
735,ALLOC,,0,184564,184564,185804,1240,0,0
736,EXP,VECTOR,31,184564,184595,185804,1240,0,0
4997,FREE,,0,184595,184595,185835,1240,0,0
739,ALLOC,,0,184595,184595,185835,1240,0,0
740,MUL,VECTOR,25,184595,184620,185835,1240,0,0
4742,FREE,,0,184620,184620,199186,14566,0,0
765,ALLOC,,0,184462,184462,185860,1398,0,0
6975,SPILL_IN,MTE2,406,184349,184755,184718,369,0,0
766,MUL,VECTOR,38,184755,184793,185860,1105,0,0
4751,FREE,,0,184793,184793,185898,1105,0,0
767,ALLOC,,0,184793,184793,185898,1105,0,0
7532,SPILL_OUT,MTE3,154,184564,184718,184564,0,1,1
7534,SPILL_OUT,MTE3,406,184718,185124,184718,0,1,1
6977,SPILL_IN,MTE2,406,185124,185530,185124,0,1,1
768,MUL,VECTOR,38,185530,185568,185898,368,0,0
4752,FREE,,0,185568,185568,185936,368,0,0
4996,FREE,,0,185568,185568,186898,1330,0,0
758,ALLOC,,0,185568,185568,185936,368,0,0
7536,SPILL_OUT,MTE3,406,185124,185530,185124,0,0,1
7053,SPILL_IN,MTE2,406,185530,185936,185530,0,1,1
760,MUL,VECTOR,38,185936,185974,185936,0,1,1
5009,FREE,,0,185974,185974,185974,0,0,1
769,ALLOC,,0,185974,185974,185974,0,0,1
770,ADD,VECTOR,37,185974,186011,185974,0,1,1
5010,FREE,,0,186011,186011,186011,0,1,1
5013,FREE,,0,186011,186011,186417,406,0,0
762,ALLOC,,0,186011,186011,186417,406,0,0
7051,SPILL_IN,MTE2,406,186011,186417,186011,0,1,1
764,MUL,VECTOR,38,186417,186455,186417,0,1,1
5011,FREE,,0,186455,186455,186455,0,0,1
771,ALLOC,,0,186455,186455,186455,0,0,1
772,ADD,VECTOR,37,186455,186492,186455,0,1,1
5012,FREE,,0,186492,186492,186492,0,1,1
5014,FREE,,0,186492,186492,187786,1294,0,0
724,ALLOC,,0,184718,184718,186898,2180,0,0
725,ALLOC,,0,185568,185568,186898,1330,0,0
7049,SPILL_IN,MTE2,406,186492,186898,186492,0,1,1
726,COMPACT,VECTOR,113,186898,187011,186898,0,1,1
4991,FREE,,0,187011,187011,187011,0,1,1
4993,FREE,,0,187011,187011,187368,357,0,0
737,ALLOC,,0,187011,187011,187368,357,0,0
738,MUL,VECTOR,25,187011,187036,187368,357,0,0
4992,FREE,,0,187036,187036,187417,381,0,0
4998,FREE,,0,187036,187036,187393,357,0,0
741,ALLOC,,0,187036,187036,187393,357,0,0
742,ADD,VECTOR,24,187036,187060,187393,357,0,0
4999,FREE,,0,187060,187060,187417,357,0,0
5000,FREE,,0,187060,187060,187417,357,0,0
788,ALLOC,,0,187036,187036,187417,381,0,0
789,ALLOC,,0,187060,187060,187417,357,0,0
7067,SPILL_IN,MTE2,406,187011,187417,187011,0,1,1
790,COMPACT,VECTOR,113,187417,187530,187417,0,1,1
5025,FREE,,0,187530,187530,187530,0,0,1
5023,FREE,,0,187530,187530,188928,1398,0,0
800,ALLOC,,0,187530,187530,187530,0,0,1
801,MAX,VECTOR,23,187530,187553,187530,0,1,1
802,ALLOC,,0,187530,187530,187553,23,0,0
803,SUB,VECTOR,24,187553,187577,187553,0,1,1
4762,FREE,,0,187577,187577,199186,11609,0,0
804,ALLOC,,0,187530,187530,187577,47,0,0
805,EXP,VECTOR,31,187577,187608,187577,0,1,1
5032,FREE,,0,187608,187608,187608,0,0,1
806,ALLOC,,0,187608,187608,187608,0,0,1
807,SUB,VECTOR,24,187608,187632,187608,0,1,1
5024,FREE,,0,187632,187632,188872,1240,0,0
808,ALLOC,,0,187632,187632,188872,1240,0,0
809,EXP,VECTOR,31,187632,187663,188872,1240,0,0
5034,FREE,,0,187663,187663,188903,1240,0,0
812,ALLOC,,0,187663,187663,188903,1240,0,0
813,MUL,VECTOR,25,187663,187688,188903,1240,0,0
4767,FREE,,0,187688,187688,199186,11498,0,0
838,ALLOC,,0,187530,187530,188928,1398,0,0
6985,SPILL_IN,MTE2,406,187417,187823,187786,369,0,0
839,MUL,VECTOR,38,187823,187861,188928,1105,0,0
4776,FREE,,0,187861,187861,188966,1105,0,0
840,ALLOC,,0,187861,187861,188966,1105,0,0
7538,SPILL_OUT,MTE3,154,187632,187786,187632,0,1,1
7540,SPILL_OUT,MTE3,406,187786,188192,187786,0,1,1
6989,SPILL_IN,MTE2,406,188192,188598,188192,0,1,1
841,MUL,VECTOR,38,188598,188636,188966,368,0,0
4777,FREE,,0,188636,188636,189004,368,0,0
5033,FREE,,0,188636,188636,189966,1330,0,0
831,ALLOC,,0,188636,188636,189004,368,0,0
7542,SPILL_OUT,MTE3,406,188192,188598,188192,0,0,1
7065,SPILL_IN,MTE2,406,188598,189004,188598,0,1,1
833,MUL,VECTOR,38,189004,189042,189004,0,1,1
5046,FREE,,0,189042,189042,189042,0,0,1
842,ALLOC,,0,189042,189042,189042,0,0,1
843,ADD,VECTOR,37,189042,189079,189042,0,1,1
5047,FREE,,0,189079,189079,189079,0,1,1
5050,FREE,,0,189079,189079,189485,406,0,0
835,ALLOC,,0,189079,189079,189485,406,0,0
7063,SPILL_IN,MTE2,406,189079,189485,189079,0,1,1
837,MUL,VECTOR,38,189485,189523,189485,0,1,1
5048,FREE,,0,189523,189523,189523,0,0,1
844,ALLOC,,0,189523,189523,189523,0,0,1
845,ADD,VECTOR,37,189523,189560,189523,0,1,1
5049,FREE,,0,189560,189560,189560,0,1,1
5051,FREE,,0,189560,189560,190854,1294,0,0
797,ALLOC,,0,187786,187786,189966,2180,0,0
798,ALLOC,,0,188636,188636,189966,1330,0,0
7059,SPILL_IN,MTE2,406,189560,189966,189560,0,1,1
799,COMPACT,VECTOR,113,189966,190079,189966,0,1,1
5028,FREE,,0,190079,190079,190079,0,1,1
5030,FREE,,0,190079,190079,190436,357,0,0
810,ALLOC,,0,190079,190079,190436,357,0,0
811,MUL,VECTOR,25,190079,190104,190436,357,0,0
5029,FREE,,0,190104,190104,190485,381,0,0
5035,FREE,,0,190104,190104,190461,357,0,0
814,ALLOC,,0,190104,190104,190461,357,0,0
815,ADD,VECTOR,24,190104,190128,190461,357,0,0
5036,FREE,,0,190128,190128,190485,357,0,0
5037,FREE,,0,190128,190128,190485,357,0,0
861,ALLOC,,0,190104,190104,190485,381,0,0
862,ALLOC,,0,190128,190128,190485,357,0,0
7077,SPILL_IN,MTE2,406,190079,190485,190079,0,1,1
863,COMPACT,VECTOR,113,190485,190598,190485,0,1,1
5062,FREE,,0,190598,190598,190598,0,0,1
5060,FREE,,0,190598,190598,191996,1398,0,0
873,ALLOC,,0,190598,190598,190598,0,0,1
874,MAX,VECTOR,23,190598,190621,190598,0,1,1
875,ALLOC,,0,190598,190598,190621,23,0,0
876,SUB,VECTOR,24,190621,190645,190621,0,1,1
4787,FREE,,0,190645,190645,199186,8541,0,0
877,ALLOC,,0,190598,190598,190645,47,0,0
878,EXP,VECTOR,31,190645,190676,190645,0,1,1
5069,FREE,,0,190676,190676,190676,0,0,1
879,ALLOC,,0,190676,190676,190676,0,0,1
880,SUB,VECTOR,24,190676,190700,190676,0,1,1
5061,FREE,,0,190700,190700,191940,1240,0,0
881,ALLOC,,0,190700,190700,191940,1240,0,0
882,EXP,VECTOR,31,190700,190731,191940,1240,0,0
5071,FREE,,0,190731,190731,191971,1240,0,0
885,ALLOC,,0,190731,190731,191971,1240,0,0
886,MUL,VECTOR,25,190731,190756,191971,1240,0,0
4792,FREE,,0,190756,190756,199186,8430,0,0
911,ALLOC,,0,190598,190598,191996,1398,0,0
6997,SPILL_IN,MTE2,406,190485,190891,190854,369,0,0
912,MUL,VECTOR,38,190891,190929,191996,1105,0,0
4801,FREE,,0,190929,190929,192034,1105,0,0
913,ALLOC,,0,190929,190929,192034,1105,0,0
7544,SPILL_OUT,MTE3,154,190700,190854,190700,0,1,1
7546,SPILL_OUT,MTE3,406,190854,191260,190854,0,1,1
6999,SPILL_IN,MTE2,406,191260,191666,191260,0,1,1
914,MUL,VECTOR,38,191666,191704,192034,368,0,0
4802,FREE,,0,191704,191704,192072,368,0,0
5070,FREE,,0,191704,191704,193034,1330,0,0
904,ALLOC,,0,191704,191704,192072,368,0,0
7548,SPILL_OUT,MTE3,406,191260,191666,191260,0,0,1
7075,SPILL_IN,MTE2,406,191666,192072,191666,0,1,1
906,MUL,VECTOR,38,192072,192110,192072,0,1,1
5083,FREE,,0,192110,192110,192110,0,0,1
915,ALLOC,,0,192110,192110,192110,0,0,1
916,ADD,VECTOR,37,192110,192147,192110,0,1,1
5084,FREE,,0,192147,192147,192147,0,1,1
5087,FREE,,0,192147,192147,192553,406,0,0
908,ALLOC,,0,192147,192147,192553,406,0,0
7073,SPILL_IN,MTE2,406,192147,192553,192147,0,1,1
910,MUL,VECTOR,38,192553,192591,192553,0,1,1
5085,FREE,,0,192591,192591,192591,0,0,1
917,ALLOC,,0,192591,192591,192591,0,0,1
918,ADD,VECTOR,37,192591,192628,192591,0,1,1
5086,FREE,,0,192628,192628,192628,0,1,1
5088,FREE,,0,192628,192628,193922,1294,0,0
870,ALLOC,,0,190854,190854,193034,2180,0,0
871,ALLOC,,0,191704,191704,193034,1330,0,0
7071,SPILL_IN,MTE2,406,192628,193034,192628,0,1,1
872,COMPACT,VECTOR,113,193034,193147,193034,0,1,1
5065,FREE,,0,193147,193147,193147,0,1,1
5067,FREE,,0,193147,193147,193504,357,0,0
883,ALLOC,,0,193147,193147,193504,357,0,0
884,MUL,VECTOR,25,193147,193172,193504,357,0,0
5066,FREE,,0,193172,193172,193553,381,0,0
5072,FREE,,0,193172,193172,193529,357,0,0
887,ALLOC,,0,193172,193172,193529,357,0,0
888,ADD,VECTOR,24,193172,193196,193529,357,0,0
5073,FREE,,0,193196,193196,193553,357,0,0
5074,FREE,,0,193196,193196,193553,357,0,0
934,ALLOC,,0,193172,193172,193553,381,0,0
935,ALLOC,,0,193196,193196,193553,357,0,0
7085,SPILL_IN,MTE2,406,193147,193553,193147,0,1,1
936,COMPACT,VECTOR,113,193553,193666,193553,0,1,1
5099,FREE,,0,193666,193666,193666,0,0,1
5097,FREE,,0,193666,193666,195064,1398,0,0
946,ALLOC,,0,193666,193666,193666,0,0,1
947,MAX,VECTOR,23,193666,193689,193666,0,1,1
948,ALLOC,,0,193666,193666,193689,23,0,0
949,SUB,VECTOR,24,193689,193713,193689,0,1,1
4812,FREE,,0,193713,193713,199186,5473,0,0
950,ALLOC,,0,193666,193666,193713,47,0,0
951,EXP,VECTOR,31,193713,193744,193713,0,1,1
5106,FREE,,0,193744,193744,193744,0,0,1
952,ALLOC,,0,193744,193744,193744,0,0,1
953,SUB,VECTOR,24,193744,193768,193744,0,1,1
5098,FREE,,0,193768,193768,195008,1240,0,0
954,ALLOC,,0,193768,193768,195008,1240,0,0
955,EXP,VECTOR,31,193768,193799,195008,1240,0,0
5108,FREE,,0,193799,193799,195039,1240,0,0
958,ALLOC,,0,193799,193799,195039,1240,0,0
959,MUL,VECTOR,25,193799,193824,195039,1240,0,0
4817,FREE,,0,193824,193824,199186,5362,0,0
984,ALLOC,,0,193666,193666,195064,1398,0,0
7005,SPILL_IN,MTE2,406,193553,193959,193922,369,0,0
985,MUL,VECTOR,38,193959,193997,195064,1105,0,0
4826,FREE,,0,193997,193997,195102,1105,0,0
986,ALLOC,,0,193997,193997,195102,1105,0,0
7550,SPILL_OUT,MTE3,154,193768,193922,193768,0,1,1
7552,SPILL_OUT,MTE3,406,193922,194328,193922,0,1,1
7007,SPILL_IN,MTE2,406,194328,194734,194328,0,1,1
987,MUL,VECTOR,38,194734,194772,195102,368,0,0
4827,FREE,,0,194772,194772,195140,368,0,0
5107,FREE,,0,194772,194772,196102,1330,0,0
977,ALLOC,,0,194772,194772,195140,368,0,0
7554,SPILL_OUT,MTE3,406,194328,194734,194328,0,0,1
7083,SPILL_IN,MTE2,406,194734,195140,194734,0,1,1
979,MUL,VECTOR,38,195140,195178,195140,0,1,1
5120,FREE,,0,195178,195178,195178,0,0,1
988,ALLOC,,0,195178,195178,195178,0,0,1
989,ADD,VECTOR,37,195178,195215,195178,0,1,1
5121,FREE,,0,195215,195215,195215,0,1,1
5124,FREE,,0,195215,195215,195621,406,0,0
981,ALLOC,,0,195215,195215,195621,406,0,0
7081,SPILL_IN,MTE2,406,195215,195621,195215,0,1,1
983,MUL,VECTOR,38,195621,195659,195621,0,1,1
5122,FREE,,0,195659,195659,195659,0,0,1
990,ALLOC,,0,195659,195659,195659,0,0,1
991,ADD,VECTOR,37,195659,195696,195659,0,1,1
5123,FREE,,0,195696,195696,195696,0,1,1
5125,FREE,,0,195696,195696,197298,1602,0,0
943,ALLOC,,0,193922,193922,196102,2180,0,0
944,ALLOC,,0,194772,194772,196102,1330,0,0
7079,SPILL_IN,MTE2,406,195696,196102,195696,0,1,1
945,COMPACT,VECTOR,113,196102,196215,196102,0,1,1
5102,FREE,,0,196215,196215,196215,0,1,1
5104,FREE,,0,196215,196215,196572,357,0,0
956,ALLOC,,0,196215,196215,196572,357,0,0
957,MUL,VECTOR,25,196215,196240,196572,357,0,0
5103,FREE,,0,196240,196240,196621,381,0,0
5109,FREE,,0,196240,196240,196597,357,0,0
960,ALLOC,,0,196240,196240,196597,357,0,0
961,ADD,VECTOR,24,196240,196264,196597,357,0,0
5110,FREE,,0,196264,196264,196621,357,0,0
5111,FREE,,0,196264,196264,196621,357,0,0
1011,ALLOC,,0,196240,196240,196621,381,0,0
1012,ALLOC,,0,196264,196264,196621,357,0,0
7095,SPILL_IN,MTE2,406,196215,196621,196215,0,1,1
1013,COMPACT,VECTOR,113,196621,196734,196621,0,1,1
5138,FREE,,0,196734,196734,196734,0,0,1
5136,FREE,,0,196734,196734,196892,158,0,0
1023,ALLOC,,0,196734,196734,196734,0,0,1
1024,MAX,VECTOR,23,196734,196757,196734,0,1,1
1025,ALLOC,,0,196734,196734,196757,23,0,0
1026,SUB,VECTOR,24,196757,196781,196757,0,1,1
4844,FREE,,0,196781,196781,196781,0,0,1
1027,ALLOC,,0,196781,196781,196781,0,0,1
1028,EXP,VECTOR,31,196781,196812,196781,0,1,1
5145,FREE,,0,196812,196812,196812,0,0,1
1029,ALLOC,,0,196812,196812,196812,0,0,1
1030,SUB,VECTOR,24,196812,196836,196812,0,1,1
5137,FREE,,0,196836,196836,196836,0,0,1
1031,ALLOC,,0,196836,196836,196836,0,0,1
1032,EXP,VECTOR,31,196836,196867,196836,0,1,1
5147,FREE,,0,196867,196867,196867,0,0,1
1035,ALLOC,,0,196867,196867,196867,0,0,1
1036,MUL,VECTOR,25,196867,196892,196867,0,1,1
4851,FREE,,0,196892,196892,199186,2294,0,0
1065,ALLOC,,0,196734,196734,196892,158,0,0
1066,MUL,VECTOR,38,196892,196930,196892,0,1,1
4867,FREE,,0,196930,196930,196930,0,1,1
1067,ALLOC,,0,195696,195696,197298,1602,0,0
1068,MUL,VECTOR,38,196930,196968,197298,368,0,0
4868,FREE,,0,196968,196968,197336,368,0,0
5146,FREE,,0,196968,196968,199186,2218,0,0
1058,ALLOC,,0,196968,196968,197336,368,0,0
7093,SPILL_IN,MTE2,406,196930,197336,196930,0,1,1
1060,MUL,VECTOR,38,197336,197374,197336,0,1,1
5161,FREE,,0,197374,197374,197374,0,0,1
1069,ALLOC,,0,197374,197374,197374,0,0,1
1070,ADD,VECTOR,37,197374,197411,197374,0,1,1
5162,FREE,,0,197411,197411,197817,406,0,0
5165,FREE,,0,197411,197411,197411,0,1,1
1062,ALLOC,,0,197411,197411,197817,406,0,0
7091,SPILL_IN,MTE2,406,197411,197817,197411,0,1,1
1064,MUL,VECTOR,38,197817,197855,197817,0,1,1
5163,FREE,,0,197855,197855,197855,0,0,1
1071,ALLOC,,0,197855,197855,197855,0,0,1
1072,ADD,VECTOR,37,197855,197892,197855,0,1,1
5164,FREE,,0,197892,197892,197892,0,1,1
5166,FREE,,0,197892,197892,200328,2436,0,0
1020,ALLOC,,0,196930,196930,198298,1368,0,0
1021,ALLOC,,0,196930,196930,198298,1368,0,0
7087,SPILL_IN,MTE2,406,197892,198298,197892,0,1,1
1022,COMPACT,VECTOR,113,198298,198411,198298,0,1,1
5141,FREE,,0,198411,198411,198411,0,1,1
5143,FREE,,0,198411,198411,198768,357,0,0
1033,ALLOC,,0,198411,198411,198768,357,0,0
1034,MUL,VECTOR,25,198411,198436,198768,357,0,0
5142,FREE,,0,198436,198436,198817,381,0,0
5148,FREE,,0,198436,198436,198793,357,0,0
1037,ALLOC,,0,198436,198436,198793,357,0,0
1038,ADD,VECTOR,24,198436,198460,198793,357,0,0
5149,FREE,,0,198460,198460,198817,357,0,0
5150,FREE,,0,198460,198460,198817,357,0,0
1088,ALLOC,,0,198460,198460,198817,357,0,0
1089,ALLOC,,0,198460,198460,198817,357,0,0
7105,SPILL_IN,MTE2,406,198411,198817,198411,0,1,1
1090,COMPACT,VECTOR,113,198817,198930,198817,0,1,1
5177,FREE,,0,198930,198930,198930,0,0,1
5175,FREE,,0,198930,198930,199186,256,0,0
1100,ALLOC,,0,198930,198930,198930,0,0,1
1101,MAX,VECTOR,23,198930,198953,198930,0,1,1
1102,ALLOC,,0,198930,198930,198953,23,0,0
1103,SUB,VECTOR,24,198953,198977,198953,0,1,1
4883,FREE,,0,198977,198977,202814,3837,0,0
1104,ALLOC,,0,198930,198930,198977,47,0,0
1105,EXP,VECTOR,31,198977,199008,198977,0,1,1
5184,FREE,,0,199008,199008,199008,0,0,1
1106,ALLOC,,0,199008,199008,199008,0,0,1
1107,SUB,VECTOR,24,199008,199032,199008,0,1,1
5176,FREE,,0,199032,199032,199130,98,0,0
1108,ALLOC,,0,199032,199032,199130,98,0,0
1109,EXP,VECTOR,31,199032,199063,199130,98,0,0
5186,FREE,,0,199063,199063,199161,98,0,0
1112,ALLOC,,0,199063,199063,199161,98,0,0
1113,MUL,VECTOR,25,199063,199088,199161,98,0,0
4890,FREE,,0,199088,199088,199186,98,0,0
1138,ALLOC,,0,197892,197892,200328,2436,0,0
7525,SPILL_IN,MTE2,406,199088,199494,199186,98,0,0
1139,MUL,VECTOR,38,199494,199532,200328,834,0,0
4904,FREE,,0,199532,199532,200366,834,0,0
1140,ALLOC,,0,199532,199532,200366,834,0,0
7556,SPILL_OUT,MTE3,154,199032,199186,199032,0,1,1
7558,SPILL_OUT,MTE3,406,199186,199592,199186,0,1,1
7523,SPILL_IN,MTE2,406,199592,199998,199592,0,1,1
1141,MUL,VECTOR,38,199998,200036,200366,368,0,0
4905,FREE,,0,200036,200036,200404,368,0,0
5185,FREE,,0,200036,200036,201366,1330,0,0
1131,ALLOC,,0,200036,200036,200404,368,0,0
7560,SPILL_OUT,MTE3,406,199592,199998,199592,0,0,1
7103,SPILL_IN,MTE2,406,199998,200404,199998,0,1,1
1133,MUL,VECTOR,38,200404,200442,200404,0,1,1
5198,FREE,,0,200442,200442,200442,0,0,1
1142,ALLOC,,0,200442,200442,200442,0,0,1
1143,ADD,VECTOR,37,200442,200479,200442,0,1,1
5199,FREE,,0,200479,200479,200479,0,1,1
5202,FREE,,0,200479,200479,200885,406,0,0
1135,ALLOC,,0,200479,200479,200885,406,0,0
7101,SPILL_IN,MTE2,406,200479,200885,200479,0,1,1
1137,MUL,VECTOR,38,200885,200923,200885,0,1,1
5200,FREE,,0,200923,200923,200923,0,0,1
1144,ALLOC,,0,200923,200923,200923,0,0,1
1145,ADD,VECTOR,37,200923,200960,200923,0,1,1
5201,FREE,,0,200960,200960,200960,0,1,1
5203,FREE,,0,200960,200960,202408,1448,0,0
1097,ALLOC,,0,199186,199186,201366,2180,0,0
1098,ALLOC,,0,200036,200036,201366,1330,0,0
7099,SPILL_IN,MTE2,406,200960,201366,200960,0,1,1
1099,COMPACT,VECTOR,113,201366,201479,201366,0,1,1
5180,FREE,,0,201479,201479,201479,0,1,1
5182,FREE,,0,201479,201479,201836,357,0,0
1110,ALLOC,,0,201479,201479,201836,357,0,0
1111,MUL,VECTOR,25,201479,201504,201836,357,0,0
5181,FREE,,0,201504,201504,201885,381,0,0
5187,FREE,,0,201504,201504,201861,357,0,0
1114,ALLOC,,0,201504,201504,201861,357,0,0
1115,ADD,VECTOR,24,201504,201528,201861,357,0,0
5188,FREE,,0,201528,201528,201885,357,0,0
5189,FREE,,0,201528,201528,201885,357,0,0
1161,ALLOC,,0,201504,201504,201885,381,0,0
1162,ALLOC,,0,201528,201528,201885,357,0,0
7113,SPILL_IN,MTE2,406,201479,201885,201479,0,1,1
1163,COMPACT,VECTOR,113,201885,201998,201885,0,1,1
5214,FREE,,0,201998,201998,201998,0,1,1
5212,FREE,,0,201998,201998,203550,1552,0,0
1173,ALLOC,,0,201998,201998,202152,154,0,0
7521,SPILL_IN,MTE2,154,201998,202152,201998,0,1,1
1174,MAX,VECTOR,23,202152,202175,202152,0,1,1
1175,ALLOC,,0,201998,201998,202175,177,0,0
1176,SUB,VECTOR,24,202175,202199,202175,0,1,1
4920,FREE,,0,202199,202199,202199,0,0,1
1177,ALLOC,,0,202199,202199,202199,0,0,1
1178,EXP,VECTOR,31,202199,202230,202199,0,1,1
5221,FREE,,0,202230,202230,202230,0,0,1
1179,ALLOC,,0,202230,202230,202230,0,0,1
1180,SUB,VECTOR,24,202230,202254,202230,0,1,1
5213,FREE,,0,202254,202254,202758,504,0,0
1181,ALLOC,,0,202254,202254,202758,504,0,0
1182,EXP,VECTOR,31,202254,202285,202758,504,0,0
5223,FREE,,0,202285,202285,202789,504,0,0
1185,ALLOC,,0,202285,202285,202789,504,0,0
1186,MUL,VECTOR,25,202285,202310,202789,504,0,0
4927,FREE,,0,202310,202310,202814,504,0,0
1211,ALLOC,,0,201998,201998,203550,1552,0,0
7531,SPILL_IN,MTE2,406,202152,202558,202408,256,0,0
1212,MUL,VECTOR,38,202558,202596,203550,992,0,0
4941,FREE,,0,202596,202596,203588,992,0,0
1213,ALLOC,,0,202596,202596,203588,992,0,0
7562,SPILL_OUT,MTE3,154,202254,202408,202254,0,1,1
7564,SPILL_OUT,MTE3,406,202408,202814,202408,0,1,1
7529,SPILL_IN,MTE2,406,202814,203220,202814,0,1,1
1214,MUL,VECTOR,38,203220,203258,203588,368,0,0
4942,FREE,,0,203258,203258,203626,368,0,0
5222,FREE,,0,203258,203258,205058,1800,0,0
1204,ALLOC,,0,203258,203258,203626,368,0,0
7566,SPILL_OUT,MTE3,406,202814,203220,202814,0,0,1
7111,SPILL_IN,MTE2,406,203220,203626,203220,0,1,1
1206,MUL,VECTOR,38,203626,203664,203626,0,1,1
5235,FREE,,0,203664,203664,203664,0,0,1
1215,ALLOC,,0,203664,203664,203664,0,0,1
1216,ADD,VECTOR,37,203664,203701,203664,0,1,1
5236,FREE,,0,203701,203701,203701,0,1,1
5239,FREE,,0,203701,203701,204107,406,0,0
1208,ALLOC,,0,203701,203701,204107,406,0,0
7109,SPILL_IN,MTE2,406,203701,204107,203701,0,1,1
1210,MUL,VECTOR,38,204107,204145,204107,0,1,1
5237,FREE,,0,204145,204145,204145,0,0,1
1217,ALLOC,,0,204145,204145,204145,0,0,1
1218,ADD,VECTOR,37,204145,204182,204145,0,1,1
5238,FREE,,0,204182,204182,204182,0,1,1
5240,FREE,,0,204182,204182,205630,1448,0,0
1170,ALLOC,,0,202408,202408,204588,2180,0,0
1171,ALLOC,,0,202814,202814,204588,1774,0,0
7107,SPILL_IN,MTE2,406,204182,204588,204182,0,1,1
1172,COMPACT,VECTOR,113,204588,204701,204588,0,1,1
5217,FREE,,0,204701,204701,204701,0,1,1
5219,FREE,,0,204701,204701,205107,406,0,0
1183,ALLOC,,0,203258,203258,205058,1800,0,0
1184,MUL,VECTOR,25,204701,204726,205058,357,0,0
5218,FREE,,0,204726,204726,218119,13393,0,0
5224,FREE,,0,204726,204726,205083,357,0,0
1187,ALLOC,,0,204726,204726,205083,357,0,0
1188,ADD,VECTOR,24,204726,204750,205083,357,0,0
5225,FREE,,0,204750,204750,218119,13369,0,0
5226,FREE,,0,204750,204750,218119,13369,0,0
1234,ALLOC,,0,204701,204701,205107,406,0,0
1235,ALLOC,,0,204701,204701,205107,406,0,0
7121,SPILL_IN,MTE2,406,204701,205107,204701,0,1,1
1236,COMPACT,VECTOR,113,205107,205220,205107,0,1,1
5251,FREE,,0,205220,205220,205220,0,1,1
5249,FREE,,0,205220,205220,206772,1552,0,0
1246,ALLOC,,0,205220,205220,205374,154,0,0
7527,SPILL_IN,MTE2,154,205220,205374,205220,0,1,1
1247,MAX,VECTOR,23,205374,205397,205374,0,1,1
1248,ALLOC,,0,205220,205220,205397,177,0,0
1249,SUB,VECTOR,24,205397,205421,205397,0,1,1
4957,FREE,,0,205421,205421,205421,0,0,1
1250,ALLOC,,0,205421,205421,205421,0,0,1
1251,EXP,VECTOR,31,205421,205452,205421,0,1,1
5258,FREE,,0,205452,205452,205452,0,0,1
1252,ALLOC,,0,205452,205452,205452,0,0,1
1253,SUB,VECTOR,24,205452,205476,205452,0,1,1
5250,FREE,,0,205476,205476,206716,1240,0,0
1254,ALLOC,,0,205476,205476,206716,1240,0,0
1255,EXP,VECTOR,31,205476,205507,206716,1240,0,0
5260,FREE,,0,205507,205507,206747,1240,0,0
1258,ALLOC,,0,205507,205507,206747,1240,0,0
1259,MUL,VECTOR,25,205507,205532,206747,1240,0,0
4964,FREE,,0,205532,205532,207810,2278,0,0
1284,ALLOC,,0,205220,205220,206772,1552,0,0
7537,SPILL_IN,MTE2,406,205374,205780,205630,256,0,0
1285,MUL,VECTOR,38,205780,205818,206772,992,0,0
4978,FREE,,0,205818,205818,206810,992,0,0
1286,ALLOC,,0,205818,205818,206810,992,0,0
7568,SPILL_OUT,MTE3,154,205476,205630,205476,0,1,1
7570,SPILL_OUT,MTE3,406,205630,206036,205630,0,1,1
7535,SPILL_IN,MTE2,406,206036,206442,206036,0,1,1
1287,MUL,VECTOR,38,206442,206480,206810,368,0,0
4979,FREE,,0,206480,206480,206848,368,0,0
5259,FREE,,0,206480,206480,208329,1849,0,0
1277,ALLOC,,0,206480,206480,206848,368,0,0
7572,SPILL_OUT,MTE3,406,206036,206442,206036,0,0,1
7119,SPILL_IN,MTE2,406,206442,206848,206442,0,1,1
1279,MUL,VECTOR,38,206848,206886,206848,0,1,1
5272,FREE,,0,206886,206886,206886,0,0,1
1288,ALLOC,,0,206886,206886,206886,0,0,1
1289,ADD,VECTOR,37,206886,206923,206886,0,1,1
5273,FREE,,0,206923,206923,206923,0,1,1
5276,FREE,,0,206923,206923,207329,406,0,0
1281,ALLOC,,0,206923,206923,207329,406,0,0
7117,SPILL_IN,MTE2,406,206923,207329,206923,0,1,1
1283,MUL,VECTOR,38,207329,207367,207329,0,1,1
5274,FREE,,0,207367,207367,207367,0,0,1
1290,ALLOC,,0,207367,207367,207367,0,0,1
1291,ADD,VECTOR,37,207367,207404,207367,0,1,1
5275,FREE,,0,207404,207404,207404,0,1,1
5277,FREE,,0,207404,207404,208852,1448,0,0
1243,ALLOC,,0,205532,205532,207810,2278,0,0
1244,ALLOC,,0,205220,205220,207810,2590,0,0
7115,SPILL_IN,MTE2,406,207404,207810,207404,0,1,1
1245,COMPACT,VECTOR,113,207810,207923,207810,0,1,1
5254,FREE,,0,207923,207923,207923,0,1,1
5256,FREE,,0,207923,207923,208329,406,0,0
1256,ALLOC,,0,205630,205630,208280,2650,0,0
1257,MUL,VECTOR,25,207923,207948,208280,357,0,0
5255,FREE,,0,207948,207948,208329,381,0,0
5261,FREE,,0,207948,207948,208305,357,0,0
1260,ALLOC,,0,207948,207948,208305,357,0,0
1261,ADD,VECTOR,24,207948,207972,208305,357,0,0
5262,FREE,,0,207972,207972,208329,357,0,0
5263,FREE,,0,207972,207972,208329,357,0,0
1307,ALLOC,,0,207948,207948,208329,381,0,0
1308,ALLOC,,0,207972,207972,208329,357,0,0
7129,SPILL_IN,MTE2,406,207923,208329,207923,0,1,1
1309,COMPACT,VECTOR,113,208329,208442,208329,0,1,1
5288,FREE,,0,208442,208442,208442,0,1,1
5286,FREE,,0,208442,208442,209994,1552,0,0
1319,ALLOC,,0,208442,208442,208596,154,0,0
7533,SPILL_IN,MTE2,154,208442,208596,208442,0,1,1
1320,MAX,VECTOR,23,208596,208619,208596,0,1,1
1321,ALLOC,,0,208442,208442,208619,177,0,0
1322,SUB,VECTOR,24,208619,208643,208619,0,1,1
4994,FREE,,0,208643,208643,208643,0,0,1
1323,ALLOC,,0,208643,208643,208643,0,0,1
1324,EXP,VECTOR,31,208643,208674,208643,0,1,1
5295,FREE,,0,208674,208674,208674,0,0,1
1325,ALLOC,,0,208674,208674,208674,0,0,1
1326,SUB,VECTOR,24,208674,208698,208674,0,1,1
5287,FREE,,0,208698,208698,209938,1240,0,0
1327,ALLOC,,0,208698,208698,209938,1240,0,0
1328,EXP,VECTOR,31,208698,208729,209938,1240,0,0
5297,FREE,,0,208729,208729,209969,1240,0,0
1331,ALLOC,,0,208729,208729,209969,1240,0,0
1332,MUL,VECTOR,25,208729,208754,209969,1240,0,0
5001,FREE,,0,208754,208754,211032,2278,0,0
1357,ALLOC,,0,208442,208442,209994,1552,0,0
7543,SPILL_IN,MTE2,406,208596,209002,208852,256,0,0
1358,MUL,VECTOR,38,209002,209040,209994,992,0,0
5015,FREE,,0,209040,209040,210032,992,0,0
1359,ALLOC,,0,209040,209040,210032,992,0,0
7574,SPILL_OUT,MTE3,154,208698,208852,208698,0,1,1
7576,SPILL_OUT,MTE3,406,208852,209258,208852,0,1,1
7541,SPILL_IN,MTE2,406,209258,209664,209258,0,1,1
1360,MUL,VECTOR,38,209664,209702,210032,368,0,0
5016,FREE,,0,209702,209702,210070,368,0,0
5296,FREE,,0,209702,209702,211568,1866,0,0
1350,ALLOC,,0,209702,209702,210070,368,0,0
7578,SPILL_OUT,MTE3,406,209258,209664,209258,0,0,1
7127,SPILL_IN,MTE2,406,209664,210070,209664,0,1,1
1352,MUL,VECTOR,38,210070,210108,210070,0,1,1
5309,FREE,,0,210108,210108,210108,0,0,1
1361,ALLOC,,0,210108,210108,210108,0,0,1
1362,ADD,VECTOR,37,210108,210145,210108,0,1,1
5310,FREE,,0,210145,210145,210145,0,1,1
5313,FREE,,0,210145,210145,210551,406,0,0
1354,ALLOC,,0,210145,210145,210551,406,0,0
7125,SPILL_IN,MTE2,406,210145,210551,210145,0,1,1
1356,MUL,VECTOR,38,210551,210589,210551,0,1,1
5311,FREE,,0,210589,210589,210589,0,0,1
1363,ALLOC,,0,210589,210589,210589,0,0,1
1364,ADD,VECTOR,37,210589,210626,210589,0,1,1
5312,FREE,,0,210626,210626,210626,0,1,1
5314,FREE,,0,210626,210626,211961,1335,0,0
1316,ALLOC,,0,208754,208754,211032,2278,0,0
1317,ALLOC,,0,208442,208442,211032,2590,0,0
7123,SPILL_IN,MTE2,406,210626,211032,210626,0,1,1
1318,COMPACT,VECTOR,113,211032,211145,211032,0,1,1
5291,FREE,,0,211145,211145,211145,0,1,1
5293,FREE,,0,211145,211145,211592,447,0,0
1329,ALLOC,,0,208852,208852,211526,2674,0,0
1330,MUL,VECTOR,25,211145,211170,211526,381,0,0
5292,FREE,,0,211170,211170,211705,535,0,0
5298,FREE,,0,211170,211170,211551,381,0,0
1333,ALLOC,,0,209702,209702,211568,1866,0,0
1334,ADD,VECTOR,24,211170,211194,211568,398,0,0
5299,FREE,,0,211194,211194,211592,398,0,0
5300,FREE,,0,211194,211194,211592,398,0,0
1380,ALLOC,,0,211194,211194,211592,398,0,0
1381,ALLOC,,0,211194,211194,211592,398,0,0
7141,SPILL_IN,MTE2,406,211145,211551,211145,0,1,1
1382,COMPACT,VECTOR,113,211551,211664,211592,41,0,0
5325,FREE,,0,211664,211664,211728,64,0,0
5323,FREE,,0,211664,211664,213103,1439,0,0
1392,ALLOC,,0,211170,211170,211705,535,0,0
7539,SPILL_IN,MTE2,154,211551,211705,211551,0,1,1
1393,MAX,VECTOR,23,211705,211728,211705,0,1,1
1394,ALLOC,,0,211664,211664,211728,64,0,0
1395,SUB,VECTOR,24,211728,211752,211728,0,1,1
5031,FREE,,0,211752,211752,211752,0,0,1
1396,ALLOC,,0,211752,211752,211752,0,0,1
1397,EXP,VECTOR,31,211752,211783,211752,0,1,1
5332,FREE,,0,211783,211783,211783,0,0,1
1398,ALLOC,,0,211783,211783,211783,0,0,1
1399,SUB,VECTOR,24,211783,211807,211783,0,1,1
5324,FREE,,0,211807,211807,213047,1240,0,0
1400,ALLOC,,0,211807,211807,213047,1240,0,0
1401,EXP,VECTOR,31,211807,211838,213047,1240,0,0
5334,FREE,,0,211838,211838,213078,1240,0,0
1404,ALLOC,,0,211838,211838,213078,1240,0,0
1405,MUL,VECTOR,25,211838,211863,213078,1240,0,0
5038,FREE,,0,211863,211863,214660,2797,0,0
1430,ALLOC,,0,211664,211664,213103,1439,0,0
7549,SPILL_IN,MTE2,406,211705,212111,211961,256,0,0
1431,MUL,VECTOR,38,212111,212149,213103,992,0,0
5052,FREE,,0,212149,212149,213141,992,0,0
1432,ALLOC,,0,212149,212149,213141,992,0,0
7580,SPILL_OUT,MTE3,154,211807,211961,211807,0,1,1
7582,SPILL_OUT,MTE3,406,211961,212367,211961,0,1,1
7547,SPILL_IN,MTE2,406,212367,212773,212367,0,1,1
1433,MUL,VECTOR,38,212773,212811,213141,368,0,0
5053,FREE,,0,212811,212811,213179,368,0,0
5333,FREE,,0,212811,212811,214652,1841,0,0
1423,ALLOC,,0,212811,212811,213179,368,0,0
7584,SPILL_OUT,MTE3,406,212367,212773,212367,0,0,1
7139,SPILL_IN,MTE2,406,212773,213179,212773,0,1,1
1425,MUL,VECTOR,38,213179,213217,213179,0,1,1
5346,FREE,,0,213217,213217,213217,0,0,1
1434,ALLOC,,0,213217,213217,213217,0,0,1
1435,ADD,VECTOR,37,213217,213254,213217,0,1,1
5347,FREE,,0,213254,213254,213254,0,1,1
5350,FREE,,0,213254,213254,213660,406,0,0
1427,ALLOC,,0,213254,213254,213660,406,0,0
7137,SPILL_IN,MTE2,406,213254,213660,213254,0,1,1
1429,MUL,VECTOR,38,213660,213698,213660,0,1,1
5348,FREE,,0,213698,213698,213698,0,0,1
1436,ALLOC,,0,213698,213698,213698,0,0,1
1437,ADD,VECTOR,37,213698,213735,213698,0,1,1
5349,FREE,,0,213735,213735,213735,0,1,1
5351,FREE,,0,213735,213735,215070,1335,0,0
1389,ALLOC,,0,211961,211961,214141,2180,0,0
1390,ALLOC,,0,211664,211664,214141,2477,0,0
7133,SPILL_IN,MTE2,406,213735,214141,213735,0,1,1
1391,COMPACT,VECTOR,113,214141,214254,214141,0,1,1
5328,FREE,,0,214254,214254,214254,0,1,1
5330,FREE,,0,214254,214254,214701,447,0,0
1402,ALLOC,,0,212811,212811,214652,1841,0,0
1403,MUL,VECTOR,25,214254,214279,214652,398,0,0
5329,FREE,,0,214279,214279,214701,422,0,0
5335,FREE,,0,214279,214279,214677,398,0,0
1406,ALLOC,,0,214279,214279,214677,398,0,0
1407,ADD,VECTOR,24,214279,214303,214677,398,0,0
5336,FREE,,0,214303,214303,214814,511,0,0
5337,FREE,,0,214303,214303,214701,398,0,0
1453,ALLOC,,0,214279,214279,214701,422,0,0
1454,ALLOC,,0,214303,214303,214701,398,0,0
7151,SPILL_IN,MTE2,406,214254,214660,214254,0,1,1
1455,COMPACT,VECTOR,113,214660,214773,214701,41,0,0
5362,FREE,,0,214773,214773,214837,64,0,0
5360,FREE,,0,214773,214773,216212,1439,0,0
1465,ALLOC,,0,214303,214303,214814,511,0,0
7545,SPILL_IN,MTE2,154,214660,214814,214660,0,1,1
1466,MAX,VECTOR,23,214814,214837,214814,0,1,1
1467,ALLOC,,0,214773,214773,214837,64,0,0
1468,SUB,VECTOR,24,214837,214861,214837,0,1,1
5068,FREE,,0,214861,214861,214861,0,0,1
1469,ALLOC,,0,214861,214861,214861,0,0,1
1470,EXP,VECTOR,31,214861,214892,214861,0,1,1
5369,FREE,,0,214892,214892,214892,0,0,1
1471,ALLOC,,0,214892,214892,214892,0,0,1
1472,SUB,VECTOR,24,214892,214916,214892,0,1,1
5361,FREE,,0,214916,214916,216156,1240,0,0
1473,ALLOC,,0,214916,214916,216156,1240,0,0
1474,EXP,VECTOR,31,214916,214947,216156,1240,0,0
5371,FREE,,0,214947,214947,216187,1240,0,0
1477,ALLOC,,0,214947,214947,216187,1240,0,0
1478,MUL,VECTOR,25,214947,214972,216187,1240,0,0
5075,FREE,,0,214972,214972,217745,2773,0,0
1503,ALLOC,,0,214773,214773,216212,1439,0,0
7555,SPILL_IN,MTE2,406,214814,215220,215070,256,0,0
1504,MUL,VECTOR,38,215220,215258,216212,992,0,0
5089,FREE,,0,215258,215258,216250,992,0,0
1505,ALLOC,,0,215258,215258,216250,992,0,0
7586,SPILL_OUT,MTE3,154,214916,215070,214916,0,1,1
7588,SPILL_OUT,MTE3,406,215070,215476,215070,0,1,1
7553,SPILL_IN,MTE2,406,215476,215882,215476,0,1,1
1506,MUL,VECTOR,38,215882,215920,216250,368,0,0
5090,FREE,,0,215920,215920,216288,368,0,0
5370,FREE,,0,215920,215920,217720,1800,0,0
1496,ALLOC,,0,215920,215920,216288,368,0,0
7590,SPILL_OUT,MTE3,406,215476,215882,215476,0,0,1
7149,SPILL_IN,MTE2,406,215882,216288,215882,0,1,1
1498,MUL,VECTOR,38,216288,216326,216288,0,1,1
5383,FREE,,0,216326,216326,216326,0,0,1
1507,ALLOC,,0,216326,216326,216326,0,0,1
1508,ADD,VECTOR,37,216326,216363,216326,0,1,1
5384,FREE,,0,216363,216363,216363,0,1,1
5387,FREE,,0,216363,216363,216769,406,0,0
1500,ALLOC,,0,216363,216363,216769,406,0,0
7147,SPILL_IN,MTE2,406,216363,216769,216363,0,1,1
1502,MUL,VECTOR,38,216769,216807,216769,0,1,1
5385,FREE,,0,216807,216807,216807,0,0,1
1509,ALLOC,,0,216807,216807,216807,0,0,1
1510,ADD,VECTOR,37,216807,216844,216807,0,1,1
5386,FREE,,0,216844,216844,216844,0,1,1
5388,FREE,,0,216844,216844,218487,1643,0,0
1462,ALLOC,,0,215070,215070,217250,2180,0,0
1463,ALLOC,,0,214773,214773,217250,2477,0,0
7145,SPILL_IN,MTE2,406,216844,217250,216844,0,1,1
1464,COMPACT,VECTOR,113,217250,217363,217250,0,1,1
5365,FREE,,0,217363,217363,217363,0,1,1
5367,FREE,,0,217363,217363,217810,447,0,0
1475,ALLOC,,0,215920,215920,217720,1800,0,0
1476,MUL,VECTOR,25,217363,217388,217720,357,0,0
5366,FREE,,0,217388,217388,217923,535,0,0
5372,FREE,,0,217388,217388,217810,422,0,0
1479,ALLOC,,0,214972,214972,217745,2773,0,0
1480,ADD,VECTOR,24,217388,217412,217745,357,0,0
5373,FREE,,0,217412,217412,217769,357,0,0
5374,FREE,,0,217412,217412,217810,398,0,0
1526,ALLOC,,0,217388,217388,217810,422,0,0
1527,ALLOC,,0,217412,217412,217810,398,0,0
7159,SPILL_IN,MTE2,406,217363,217769,217363,0,1,1
1528,COMPACT,VECTOR,113,217769,217882,217810,41,0,0
5399,FREE,,0,217882,217882,217946,64,0,0
5397,FREE,,0,217882,217882,218081,199,0,0
1538,ALLOC,,0,217388,217388,217923,535,0,0
7551,SPILL_IN,MTE2,154,217769,217923,217769,0,1,1
1539,MAX,VECTOR,23,217923,217946,217923,0,1,1
1540,ALLOC,,0,217882,217882,217946,64,0,0
1541,SUB,VECTOR,24,217946,217970,217946,0,1,1
5105,FREE,,0,217970,217970,217970,0,0,1
1542,ALLOC,,0,217970,217970,217970,0,0,1
1543,EXP,VECTOR,31,217970,218001,217970,0,1,1
5406,FREE,,0,218001,218001,218001,0,0,1
1544,ALLOC,,0,218001,218001,218001,0,0,1
1545,SUB,VECTOR,24,218001,218025,218001,0,1,1
5398,FREE,,0,218025,218025,218025,0,0,1
1546,ALLOC,,0,218025,218025,218025,0,0,1
1547,EXP,VECTOR,31,218025,218056,218025,0,1,1
5408,FREE,,0,218056,218056,218056,0,0,1
1550,ALLOC,,0,218056,218056,218056,0,0,1
1551,MUL,VECTOR,25,218056,218081,218056,0,1,1
5112,FREE,,0,218081,218081,219919,1838,0,0
1576,ALLOC,,0,217882,217882,218081,199,0,0
1577,MUL,VECTOR,38,218081,218119,218081,0,1,1
5126,FREE,,0,218119,218119,218119,0,1,1
1578,ALLOC,,0,216844,216844,218487,1643,0,0
1579,MUL,VECTOR,38,218119,218157,218487,368,0,0
5127,FREE,,0,218157,218157,218525,368,0,0
5407,FREE,,0,218157,218157,219412,1255,0,0
1569,ALLOC,,0,218157,218157,218525,368,0,0
7157,SPILL_IN,MTE2,406,218119,218525,218119,0,1,1
1571,MUL,VECTOR,38,218525,218563,218525,0,1,1
5420,FREE,,0,218563,218563,218563,0,0,1
1580,ALLOC,,0,218563,218563,218563,0,0,1
1581,ADD,VECTOR,37,218563,218600,218563,0,1,1
5421,FREE,,0,218600,218600,218600,0,1,1
5424,FREE,,0,218600,218600,219337,737,0,0
1573,ALLOC,,0,218600,218600,219337,737,0,0
7155,SPILL_IN,MTE2,406,218600,219006,218600,0,1,1
1575,MUL,VECTOR,38,219006,219044,219337,331,0,0
5422,FREE,,0,219044,219044,219375,331,0,0
1582,ALLOC,,0,219044,219044,219375,331,0,0
1583,ADD,VECTOR,37,219044,219081,219375,331,0,0
5423,FREE,,0,219081,219081,219931,850,0,0
5425,FREE,,0,219081,219081,220337,1256,0,0
1535,ALLOC,,0,218157,218157,219412,1255,0,0
1536,ALLOC,,0,218157,218157,219412,1255,0,0
7153,SPILL_IN,MTE2,406,219006,219412,219006,0,1,1
1537,COMPACT,VECTOR,113,219412,219525,219412,0,1,1
5402,FREE,,0,219525,219525,219525,0,1,1
5404,FREE,,0,219525,219525,219968,443,0,0
1548,ALLOC,,0,218081,218081,219919,1838,0,0
1549,MUL,VECTOR,25,219525,219550,219919,394,0,0
5403,FREE,,0,219550,219550,219944,394,0,0
5409,FREE,,0,219550,219550,266485,46935,0,0
1552,ALLOC,,0,219550,219550,219944,394,0,0
1553,ADD,VECTOR,24,219550,219574,219944,394,0,0
5410,FREE,,0,219574,219574,220081,507,0,0
5411,FREE,,0,219574,219574,219968,394,0,0
1603,ALLOC,,0,219574,219574,219968,394,0,0
1604,ALLOC,,0,219525,219525,219968,443,0,0
7169,SPILL_IN,MTE2,406,219525,219931,219525,0,1,1
1605,COMPACT,VECTOR,113,219931,220044,219968,37,0,0
5438,FREE,,0,220044,220044,220104,60,0,0
5436,FREE,,0,220044,220044,221073,1029,0,0
1615,ALLOC,,0,219574,219574,220081,507,0,0
1616,MAX,VECTOR,23,220044,220067,220081,37,0,0
1617,ALLOC,,0,220044,220044,220104,60,0,0
1618,SUB,VECTOR,24,220067,220091,220104,37,0,0
5144,FREE,,0,220091,220091,220128,37,0,0
1619,ALLOC,,0,220091,220091,220128,37,0,0
1620,EXP,VECTOR,31,220091,220122,220128,37,0,0
5445,FREE,,0,220122,220122,220159,37,0,0
1621,ALLOC,,0,220122,220122,220159,37,0,0
1622,SUB,VECTOR,24,220122,220146,220159,37,0,0
5437,FREE,,0,220146,220146,221017,871,0,0
1623,ALLOC,,0,220146,220146,221017,871,0,0
1624,EXP,VECTOR,31,220146,220177,221017,871,0,0
5447,FREE,,0,220177,220177,221048,871,0,0
1627,ALLOC,,0,220177,220177,221048,871,0,0
1628,MUL,VECTOR,25,220177,220202,221048,871,0,0
5151,FREE,,0,220202,220202,222622,2420,0,0
1657,ALLOC,,0,220044,220044,221073,1029,0,0
7561,SPILL_IN,MTE2,406,219931,220337,219931,0,1,1
1658,MUL,VECTOR,38,220337,220375,221073,736,0,0
5167,FREE,,0,220375,220375,221111,736,0,0
1659,ALLOC,,0,220375,220375,221111,736,0,0
7559,SPILL_IN,MTE2,406,220337,220743,220337,0,1,1
1660,MUL,VECTOR,38,220743,220781,221111,368,0,0
5168,FREE,,0,220781,220781,221149,368,0,0
5446,FREE,,0,220781,220781,222630,1849,0,0
1650,ALLOC,,0,220781,220781,221149,368,0,0
7592,SPILL_OUT,MTE3,154,220146,220300,220183,37,0,0
7594,SPILL_OUT,MTE3,406,220300,220706,220337,37,0,0
7167,SPILL_IN,MTE2,406,220743,221149,220743,0,1,1
1652,MUL,VECTOR,38,221149,221187,221149,0,1,1
5461,FREE,,0,221187,221187,221187,0,0,1
1661,ALLOC,,0,221187,221187,221187,0,0,1
1662,ADD,VECTOR,37,221187,221224,221187,0,1,1
5462,FREE,,0,221224,221224,221630,406,0,0
5465,FREE,,0,221224,221224,221224,0,1,1
1654,ALLOC,,0,221224,221224,221630,406,0,0
7165,SPILL_IN,MTE2,406,221224,221630,221224,0,1,1
1656,MUL,VECTOR,38,221630,221668,221630,0,1,1
5463,FREE,,0,221668,221668,221668,0,0,1
1663,ALLOC,,0,221668,221668,221668,0,0,1
1664,ADD,VECTOR,37,221668,221705,221668,0,1,1
5464,FREE,,0,221705,221705,223040,1335,0,0
5466,FREE,,0,221705,221705,221705,0,1,1
1612,ALLOC,,0,220300,220300,222111,1811,0,0
1613,ALLOC,,0,220044,220044,222111,2067,0,0
7161,SPILL_IN,MTE2,406,221705,222111,221705,0,1,1
1614,COMPACT,VECTOR,113,222111,222224,222111,0,1,1
5441,FREE,,0,222224,222224,222224,0,1,1
5443,FREE,,0,222224,222224,222671,447,0,0
1625,ALLOC,,0,220202,220202,222622,2420,0,0
1626,MUL,VECTOR,25,222224,222249,222622,398,0,0
5442,FREE,,0,222249,222249,222671,422,0,0
5448,FREE,,0,222249,222249,222647,398,0,0
1629,ALLOC,,0,222249,222249,222647,398,0,0
1630,ADD,VECTOR,24,222249,222273,222647,398,0,0
5449,FREE,,0,222273,222273,222784,511,0,0
5450,FREE,,0,222273,222273,222671,398,0,0
1680,ALLOC,,0,222249,222249,222671,422,0,0
1681,ALLOC,,0,222273,222273,222671,398,0,0
7179,SPILL_IN,MTE2,406,222224,222630,222224,0,1,1
1682,COMPACT,VECTOR,113,222630,222743,222671,41,0,0
5477,FREE,,0,222743,222743,222807,64,0,0
5475,FREE,,0,222743,222743,224182,1439,0,0
1692,ALLOC,,0,222273,222273,222784,511,0,0
7557,SPILL_IN,MTE2,154,222630,222784,222630,0,1,1
1693,MAX,VECTOR,23,222784,222807,222784,0,1,1
1694,ALLOC,,0,222743,222743,222807,64,0,0
1695,SUB,VECTOR,24,222807,222831,222807,0,1,1
5183,FREE,,0,222831,222831,222831,0,0,1
1696,ALLOC,,0,222831,222831,222831,0,0,1
1697,EXP,VECTOR,31,222831,222862,222831,0,1,1
5484,FREE,,0,222862,222862,222862,0,0,1
1698,ALLOC,,0,222862,222862,222862,0,0,1
1699,SUB,VECTOR,24,222862,222886,222862,0,1,1
5476,FREE,,0,222886,222886,224126,1240,0,0
1700,ALLOC,,0,222886,222886,224126,1240,0,0
1701,EXP,VECTOR,31,222886,222917,224126,1240,0,0
5486,FREE,,0,222917,222917,224157,1240,0,0
1704,ALLOC,,0,222917,222917,224157,1240,0,0
1705,MUL,VECTOR,25,222917,222942,224157,1240,0,0
5190,FREE,,0,222942,222942,225715,2773,0,0
1730,ALLOC,,0,222743,222743,224182,1439,0,0
7567,SPILL_IN,MTE2,406,222784,223190,223040,256,0,0
1731,MUL,VECTOR,38,223190,223228,224182,992,0,0
5204,FREE,,0,223228,223228,224220,992,0,0
1732,ALLOC,,0,223228,223228,224220,992,0,0
7596,SPILL_OUT,MTE3,154,222886,223040,222886,0,1,1
7598,SPILL_OUT,MTE3,406,223040,223446,223040,0,1,1
7565,SPILL_IN,MTE2,406,223446,223852,223446,0,1,1
1733,MUL,VECTOR,38,223852,223890,224220,368,0,0
5205,FREE,,0,223890,223890,224258,368,0,0
5485,FREE,,0,223890,223890,225690,1800,0,0
1723,ALLOC,,0,223890,223890,224258,368,0,0
7600,SPILL_OUT,MTE3,406,223446,223852,223446,0,0,1
7177,SPILL_IN,MTE2,406,223852,224258,223852,0,1,1
1725,MUL,VECTOR,38,224258,224296,224258,0,1,1
5498,FREE,,0,224296,224296,224296,0,0,1
1734,ALLOC,,0,224296,224296,224296,0,0,1
1735,ADD,VECTOR,37,224296,224333,224296,0,1,1
5499,FREE,,0,224333,224333,224333,0,1,1
5502,FREE,,0,224333,224333,224739,406,0,0
1727,ALLOC,,0,224333,224333,224739,406,0,0
7175,SPILL_IN,MTE2,406,224333,224739,224333,0,1,1
1729,MUL,VECTOR,38,224739,224777,224739,0,1,1
5500,FREE,,0,224777,224777,224777,0,0,1
1736,ALLOC,,0,224777,224777,224777,0,0,1
1737,ADD,VECTOR,37,224777,224814,224777,0,1,1
5501,FREE,,0,224814,224814,224814,0,1,1
5503,FREE,,0,224814,224814,226149,1335,0,0
1689,ALLOC,,0,223040,223040,225220,2180,0,0
1690,ALLOC,,0,222743,222743,225220,2477,0,0
7173,SPILL_IN,MTE2,406,224814,225220,224814,0,1,1
1691,COMPACT,VECTOR,113,225220,225333,225220,0,1,1
5480,FREE,,0,225333,225333,225333,0,1,1
5482,FREE,,0,225333,225333,225780,447,0,0
1702,ALLOC,,0,223890,223890,225690,1800,0,0
1703,MUL,VECTOR,25,225333,225358,225690,357,0,0
5481,FREE,,0,225358,225358,225893,535,0,0
5487,FREE,,0,225358,225358,225780,422,0,0
1706,ALLOC,,0,222942,222942,225715,2773,0,0
1707,ADD,VECTOR,24,225358,225382,225715,357,0,0
5488,FREE,,0,225382,225382,225739,357,0,0
5489,FREE,,0,225382,225382,225780,398,0,0
1753,ALLOC,,0,225358,225358,225780,422,0,0
1754,ALLOC,,0,225382,225382,225780,398,0,0
7187,SPILL_IN,MTE2,406,225333,225739,225333,0,1,1
1755,COMPACT,VECTOR,113,225739,225852,225780,41,0,0
5514,FREE,,0,225852,225852,225916,64,0,0
5512,FREE,,0,225852,225852,227291,1439,0,0
1765,ALLOC,,0,225358,225358,225893,535,0,0
7563,SPILL_IN,MTE2,154,225739,225893,225739,0,1,1
1766,MAX,VECTOR,23,225893,225916,225893,0,1,1
1767,ALLOC,,0,225852,225852,225916,64,0,0
1768,SUB,VECTOR,24,225916,225940,225916,0,1,1
5220,FREE,,0,225940,225940,225940,0,0,1
1769,ALLOC,,0,225940,225940,225940,0,0,1
1770,EXP,VECTOR,31,225940,225971,225940,0,1,1
5521,FREE,,0,225971,225971,225971,0,0,1
1771,ALLOC,,0,225971,225971,225971,0,0,1
1772,SUB,VECTOR,24,225971,225995,225971,0,1,1
5513,FREE,,0,225995,225995,227235,1240,0,0
1773,ALLOC,,0,225995,225995,227235,1240,0,0
1774,EXP,VECTOR,31,225995,226026,227235,1240,0,0
5523,FREE,,0,226026,226026,227266,1240,0,0
1777,ALLOC,,0,226026,226026,227266,1240,0,0
1778,MUL,VECTOR,25,226026,226051,227266,1240,0,0
5227,FREE,,0,226051,226051,228329,2278,0,0
1803,ALLOC,,0,225852,225852,227291,1439,0,0
7573,SPILL_IN,MTE2,406,225893,226299,226149,256,0,0
1804,MUL,VECTOR,38,226299,226337,227291,992,0,0
5241,FREE,,0,226337,226337,227329,992,0,0
1805,ALLOC,,0,226337,226337,227329,992,0,0
7602,SPILL_OUT,MTE3,154,225995,226149,225995,0,1,1
7604,SPILL_OUT,MTE3,406,226149,226555,226149,0,1,1
7571,SPILL_IN,MTE2,406,226555,226961,226555,0,1,1
1806,MUL,VECTOR,38,226961,226999,227329,368,0,0
5242,FREE,,0,226999,226999,227367,368,0,0
5522,FREE,,0,226999,226999,228848,1849,0,0
1796,ALLOC,,0,226999,226999,227367,368,0,0
7606,SPILL_OUT,MTE3,406,226555,226961,226555,0,0,1
7185,SPILL_IN,MTE2,406,226961,227367,226961,0,1,1
1798,MUL,VECTOR,38,227367,227405,227367,0,1,1
5535,FREE,,0,227405,227405,227405,0,0,1
1807,ALLOC,,0,227405,227405,227405,0,0,1
1808,ADD,VECTOR,37,227405,227442,227405,0,1,1
5536,FREE,,0,227442,227442,227442,0,1,1
5539,FREE,,0,227442,227442,227848,406,0,0
1800,ALLOC,,0,227442,227442,227848,406,0,0
7183,SPILL_IN,MTE2,406,227442,227848,227442,0,1,1
1802,MUL,VECTOR,38,227848,227886,227848,0,1,1
5537,FREE,,0,227886,227886,227886,0,0,1
1809,ALLOC,,0,227886,227886,227886,0,0,1
1810,ADD,VECTOR,37,227886,227923,227886,0,1,1
5538,FREE,,0,227923,227923,227923,0,1,1
5540,FREE,,0,227923,227923,229258,1335,0,0
1762,ALLOC,,0,226051,226051,228329,2278,0,0
1763,ALLOC,,0,225852,225852,228329,2477,0,0
7181,SPILL_IN,MTE2,406,227923,228329,227923,0,1,1
1764,COMPACT,VECTOR,113,228329,228442,228329,0,1,1
5517,FREE,,0,228442,228442,228442,0,1,1
5519,FREE,,0,228442,228442,228889,447,0,0
1775,ALLOC,,0,226149,226149,228840,2691,0,0
1776,MUL,VECTOR,25,228442,228467,228840,398,0,0
5518,FREE,,0,228467,228467,228889,422,0,0
5524,FREE,,0,228467,228467,228865,398,0,0
1779,ALLOC,,0,228467,228467,228865,398,0,0
1780,ADD,VECTOR,24,228467,228491,228865,398,0,0
5525,FREE,,0,228491,228491,229002,511,0,0
5526,FREE,,0,228491,228491,228889,398,0,0
1826,ALLOC,,0,228467,228467,228889,422,0,0
1827,ALLOC,,0,228491,228491,228889,398,0,0
7195,SPILL_IN,MTE2,406,228442,228848,228442,0,1,1
1828,COMPACT,VECTOR,113,228848,228961,228889,41,0,0
5551,FREE,,0,228961,228961,229025,64,0,0
5549,FREE,,0,228961,228961,230400,1439,0,0
1838,ALLOC,,0,228491,228491,229002,511,0,0
7569,SPILL_IN,MTE2,154,228848,229002,228848,0,1,1
1839,MAX,VECTOR,23,229002,229025,229002,0,1,1
1840,ALLOC,,0,228961,228961,229025,64,0,0
1841,SUB,VECTOR,24,229025,229049,229025,0,1,1
5257,FREE,,0,229049,229049,229049,0,0,1
1842,ALLOC,,0,229049,229049,229049,0,0,1
1843,EXP,VECTOR,31,229049,229080,229049,0,1,1
5558,FREE,,0,229080,229080,229080,0,0,1
1844,ALLOC,,0,229080,229080,229080,0,0,1
1845,SUB,VECTOR,24,229080,229104,229080,0,1,1
5550,FREE,,0,229104,229104,230344,1240,0,0
1846,ALLOC,,0,229104,229104,230344,1240,0,0
1847,EXP,VECTOR,31,229104,229135,230344,1240,0,0
5560,FREE,,0,229135,229135,230375,1240,0,0
1850,ALLOC,,0,229135,229135,230375,1240,0,0
1851,MUL,VECTOR,25,229135,229160,230375,1240,0,0
5264,FREE,,0,229160,229160,231438,2278,0,0
1876,ALLOC,,0,228961,228961,230400,1439,0,0
7579,SPILL_IN,MTE2,406,229002,229408,229258,256,0,0
1877,MUL,VECTOR,38,229408,229446,230400,992,0,0
5278,FREE,,0,229446,229446,230438,992,0,0
1878,ALLOC,,0,229446,229446,230438,992,0,0
7608,SPILL_OUT,MTE3,154,229104,229258,229104,0,1,1
7610,SPILL_OUT,MTE3,406,229258,229664,229258,0,1,1
7577,SPILL_IN,MTE2,406,229664,230070,229664,0,1,1
1879,MUL,VECTOR,38,230070,230108,230438,368,0,0
5279,FREE,,0,230108,230108,230476,368,0,0
5559,FREE,,0,230108,230108,231957,1849,0,0
1869,ALLOC,,0,230108,230108,230476,368,0,0
7612,SPILL_OUT,MTE3,406,229664,230070,229664,0,0,1
7193,SPILL_IN,MTE2,406,230070,230476,230070,0,1,1
1871,MUL,VECTOR,38,230476,230514,230476,0,1,1
5572,FREE,,0,230514,230514,230514,0,0,1
1880,ALLOC,,0,230514,230514,230514,0,0,1
1881,ADD,VECTOR,37,230514,230551,230514,0,1,1
5573,FREE,,0,230551,230551,230551,0,1,1
5576,FREE,,0,230551,230551,230957,406,0,0
1873,ALLOC,,0,230551,230551,230957,406,0,0
7191,SPILL_IN,MTE2,406,230551,230957,230551,0,1,1
1875,MUL,VECTOR,38,230957,230995,230957,0,1,1
5574,FREE,,0,230995,230995,230995,0,0,1
1882,ALLOC,,0,230995,230995,230995,0,0,1
1883,ADD,VECTOR,37,230995,231032,230995,0,1,1
5575,FREE,,0,231032,231032,231032,0,1,1
5577,FREE,,0,231032,231032,232367,1335,0,0
1835,ALLOC,,0,229160,229160,231438,2278,0,0
1836,ALLOC,,0,228961,228961,231438,2477,0,0
7189,SPILL_IN,MTE2,406,231032,231438,231032,0,1,1
1837,COMPACT,VECTOR,113,231438,231551,231438,0,1,1
5554,FREE,,0,231551,231551,231551,0,1,1
5556,FREE,,0,231551,231551,231998,447,0,0
1848,ALLOC,,0,229258,229258,231949,2691,0,0
1849,MUL,VECTOR,25,231551,231576,231949,398,0,0
5555,FREE,,0,231576,231576,231974,398,0,0
5561,FREE,,0,231576,231576,231998,422,0,0
1852,ALLOC,,0,231576,231576,231974,398,0,0
1853,ADD,VECTOR,24,231576,231600,231974,398,0,0
5562,FREE,,0,231600,231600,232111,511,0,0
5563,FREE,,0,231600,231600,231998,398,0,0
1899,ALLOC,,0,231576,231576,231998,422,0,0
1900,ALLOC,,0,231600,231600,231998,398,0,0
7203,SPILL_IN,MTE2,406,231551,231957,231551,0,1,1
1901,COMPACT,VECTOR,113,231957,232070,231998,41,0,0
5588,FREE,,0,232070,232070,232134,64,0,0
5586,FREE,,0,232070,232070,233509,1439,0,0
1911,ALLOC,,0,231600,231600,232111,511,0,0
7575,SPILL_IN,MTE2,154,231957,232111,231957,0,1,1
1912,MAX,VECTOR,23,232111,232134,232111,0,1,1
1913,ALLOC,,0,232070,232070,232134,64,0,0
1914,SUB,VECTOR,24,232134,232158,232134,0,1,1
5294,FREE,,0,232158,232158,232158,0,0,1
1915,ALLOC,,0,232158,232158,232158,0,0,1
1916,EXP,VECTOR,31,232158,232189,232158,0,1,1
5595,FREE,,0,232189,232189,232189,0,0,1
1917,ALLOC,,0,232189,232189,232189,0,0,1
1918,SUB,VECTOR,24,232189,232213,232189,0,1,1
5587,FREE,,0,232213,232213,233453,1240,0,0
1919,ALLOC,,0,232213,232213,233453,1240,0,0
1920,EXP,VECTOR,31,232213,232244,233453,1240,0,0
5597,FREE,,0,232244,232244,233484,1240,0,0
1923,ALLOC,,0,232244,232244,233484,1240,0,0
1924,MUL,VECTOR,25,232244,232269,233484,1240,0,0
5301,FREE,,0,232269,232269,234547,2278,0,0
1949,ALLOC,,0,232070,232070,233509,1439,0,0
7585,SPILL_IN,MTE2,406,232111,232517,232367,256,0,0
1950,MUL,VECTOR,38,232517,232555,233509,992,0,0
5315,FREE,,0,232555,232555,233547,992,0,0
1951,ALLOC,,0,232555,232555,233547,992,0,0
7614,SPILL_OUT,MTE3,154,232213,232367,232213,0,1,1
7616,SPILL_OUT,MTE3,406,232367,232773,232367,0,1,1
7583,SPILL_IN,MTE2,406,232773,233179,232773,0,1,1
1952,MUL,VECTOR,38,233179,233217,233547,368,0,0
5316,FREE,,0,233217,233217,233585,368,0,0
5596,FREE,,0,233217,233217,235066,1849,0,0
1942,ALLOC,,0,233217,233217,233585,368,0,0
7618,SPILL_OUT,MTE3,406,232773,233179,232773,0,0,1
7201,SPILL_IN,MTE2,406,233179,233585,233179,0,1,1
1944,MUL,VECTOR,38,233585,233623,233585,0,1,1
5609,FREE,,0,233623,233623,233623,0,0,1
1953,ALLOC,,0,233623,233623,233623,0,0,1
1954,ADD,VECTOR,37,233623,233660,233623,0,1,1
5610,FREE,,0,233660,233660,233660,0,1,1
5613,FREE,,0,233660,233660,234066,406,0,0
1946,ALLOC,,0,233660,233660,234066,406,0,0
7199,SPILL_IN,MTE2,406,233660,234066,233660,0,1,1
1948,MUL,VECTOR,38,234066,234104,234066,0,1,1
5611,FREE,,0,234104,234104,234104,0,0,1
1955,ALLOC,,0,234104,234104,234104,0,0,1
1956,ADD,VECTOR,37,234104,234141,234104,0,1,1
5612,FREE,,0,234141,234141,234141,0,1,1
5614,FREE,,0,234141,234141,235476,1335,0,0
1908,ALLOC,,0,232269,232269,234547,2278,0,0
1909,ALLOC,,0,232070,232070,234547,2477,0,0
7197,SPILL_IN,MTE2,406,234141,234547,234141,0,1,1
1910,COMPACT,VECTOR,113,234547,234660,234547,0,1,1
5591,FREE,,0,234660,234660,234660,0,1,1
5593,FREE,,0,234660,234660,235107,447,0,0
1921,ALLOC,,0,232367,232367,235058,2691,0,0
1922,MUL,VECTOR,25,234660,234685,235058,398,0,0
5592,FREE,,0,234685,234685,235083,398,0,0
5598,FREE,,0,234685,234685,235107,422,0,0
1925,ALLOC,,0,234685,234685,235083,398,0,0
1926,ADD,VECTOR,24,234685,234709,235083,398,0,0
5599,FREE,,0,234709,234709,235220,511,0,0
5600,FREE,,0,234709,234709,235107,398,0,0
1972,ALLOC,,0,234685,234685,235107,422,0,0
1973,ALLOC,,0,234709,234709,235107,398,0,0
7215,SPILL_IN,MTE2,406,234660,235066,234660,0,1,1
1974,COMPACT,VECTOR,113,235066,235179,235107,41,0,0
5625,FREE,,0,235179,235179,235243,64,0,0
5623,FREE,,0,235179,235179,236618,1439,0,0
1984,ALLOC,,0,234709,234709,235220,511,0,0
7581,SPILL_IN,MTE2,154,235066,235220,235066,0,1,1
1985,MAX,VECTOR,23,235220,235243,235220,0,1,1
1986,ALLOC,,0,235179,235179,235243,64,0,0
1987,SUB,VECTOR,24,235243,235267,235243,0,1,1
5331,FREE,,0,235267,235267,235267,0,0,1
1988,ALLOC,,0,235267,235267,235267,0,0,1
1989,EXP,VECTOR,31,235267,235298,235267,0,1,1
5632,FREE,,0,235298,235298,235298,0,0,1
1990,ALLOC,,0,235298,235298,235298,0,0,1
1991,SUB,VECTOR,24,235298,235322,235298,0,1,1
5624,FREE,,0,235322,235322,236562,1240,0,0
1992,ALLOC,,0,235322,235322,236562,1240,0,0
1993,EXP,VECTOR,31,235322,235353,236562,1240,0,0
5634,FREE,,0,235353,235353,236593,1240,0,0
1996,ALLOC,,0,235353,235353,236593,1240,0,0
1997,MUL,VECTOR,25,235353,235378,236593,1240,0,0
5338,FREE,,0,235378,235378,237656,2278,0,0
2022,ALLOC,,0,235179,235179,236618,1439,0,0
7591,SPILL_IN,MTE2,406,235220,235626,235476,256,0,0
2023,MUL,VECTOR,38,235626,235664,236618,992,0,0
5352,FREE,,0,235664,235664,236656,992,0,0
2024,ALLOC,,0,235664,235664,236656,992,0,0
7620,SPILL_OUT,MTE3,154,235322,235476,235322,0,1,1
7622,SPILL_OUT,MTE3,406,235476,235882,235476,0,1,1
7589,SPILL_IN,MTE2,406,235882,236288,235882,0,1,1
2025,MUL,VECTOR,38,236288,236326,236656,368,0,0
5353,FREE,,0,236326,236326,236694,368,0,0
5633,FREE,,0,236326,236326,238175,1849,0,0
2015,ALLOC,,0,236326,236326,236694,368,0,0
7624,SPILL_OUT,MTE3,406,235882,236288,235882,0,0,1
7213,SPILL_IN,MTE2,406,236288,236694,236288,0,1,1
2017,MUL,VECTOR,38,236694,236732,236694,0,1,1
5646,FREE,,0,236732,236732,236732,0,0,1
2026,ALLOC,,0,236732,236732,236732,0,0,1
2027,ADD,VECTOR,37,236732,236769,236732,0,1,1
5647,FREE,,0,236769,236769,236769,0,1,1
5650,FREE,,0,236769,236769,237175,406,0,0
2019,ALLOC,,0,236769,236769,237175,406,0,0
7211,SPILL_IN,MTE2,406,236769,237175,236769,0,1,1
2021,MUL,VECTOR,38,237175,237213,237175,0,1,1
5648,FREE,,0,237213,237213,237213,0,0,1
2028,ALLOC,,0,237213,237213,237213,0,0,1
2029,ADD,VECTOR,37,237213,237250,237213,0,1,1
5649,FREE,,0,237250,237250,237250,0,1,1
5651,FREE,,0,237250,237250,238893,1643,0,0
1981,ALLOC,,0,235378,235378,237656,2278,0,0
1982,ALLOC,,0,235179,235179,237656,2477,0,0
7207,SPILL_IN,MTE2,406,237250,237656,237250,0,1,1
1983,COMPACT,VECTOR,113,237656,237769,237656,0,1,1
5628,FREE,,0,237769,237769,237769,0,1,1
5630,FREE,,0,237769,237769,238216,447,0,0
1994,ALLOC,,0,235476,235476,238167,2691,0,0
1995,MUL,VECTOR,25,237769,237794,238167,398,0,0
5629,FREE,,0,237794,237794,238192,398,0,0
5635,FREE,,0,237794,237794,238216,422,0,0
1998,ALLOC,,0,237794,237794,238192,398,0,0
1999,ADD,VECTOR,24,237794,237818,238192,398,0,0
5636,FREE,,0,237818,237818,238329,511,0,0
5637,FREE,,0,237818,237818,238216,398,0,0
2045,ALLOC,,0,237794,237794,238216,422,0,0
2046,ALLOC,,0,237818,237818,238216,398,0,0
7225,SPILL_IN,MTE2,406,237769,238175,237769,0,1,1
2047,COMPACT,VECTOR,113,238175,238288,238216,41,0,0
5662,FREE,,0,238288,238288,238352,64,0,0
5660,FREE,,0,238288,238288,238487,199,0,0
2057,ALLOC,,0,237818,237818,238329,511,0,0
7587,SPILL_IN,MTE2,154,238175,238329,238175,0,1,1
2058,MAX,VECTOR,23,238329,238352,238329,0,1,1
2059,ALLOC,,0,238288,238288,238352,64,0,0
2060,SUB,VECTOR,24,238352,238376,238352,0,1,1
5368,FREE,,0,238376,238376,238376,0,0,1
2061,ALLOC,,0,238376,238376,238376,0,0,1
2062,EXP,VECTOR,31,238376,238407,238376,0,1,1
5669,FREE,,0,238407,238407,238407,0,0,1
2063,ALLOC,,0,238407,238407,238407,0,0,1
2064,SUB,VECTOR,24,238407,238431,238407,0,1,1
5661,FREE,,0,238431,238431,238431,0,0,1
2065,ALLOC,,0,238431,238431,238431,0,0,1
2066,EXP,VECTOR,31,238431,238462,238431,0,1,1
5671,FREE,,0,238462,238462,238462,0,0,1
2069,ALLOC,,0,238462,238462,238462,0,0,1
2070,MUL,VECTOR,25,238462,238487,238462,0,1,1
5375,FREE,,0,238487,238487,239893,1406,0,0
2095,ALLOC,,0,238288,238288,238487,199,0,0
2096,MUL,VECTOR,38,238487,238525,238487,0,1,1
5389,FREE,,0,238525,238525,238525,0,1,1
2097,ALLOC,,0,237250,237250,238893,1643,0,0
2098,MUL,VECTOR,38,238525,238563,238893,368,0,0
5390,FREE,,0,238563,238563,238931,368,0,0
5670,FREE,,0,238563,238563,240363,1800,0,0
2088,ALLOC,,0,238563,238563,238931,368,0,0
7223,SPILL_IN,MTE2,406,238525,238931,238525,0,1,1
2090,MUL,VECTOR,38,238931,238969,238931,0,1,1
5683,FREE,,0,238969,238969,238969,0,0,1
2099,ALLOC,,0,238969,238969,238969,0,0,1
2100,ADD,VECTOR,37,238969,239006,238969,0,1,1
5684,FREE,,0,239006,239006,239006,0,1,1
5687,FREE,,0,239006,239006,239412,406,0,0
2092,ALLOC,,0,239006,239006,239412,406,0,0
7221,SPILL_IN,MTE2,406,239006,239412,239006,0,1,1
2094,MUL,VECTOR,38,239412,239450,239412,0,1,1
5685,FREE,,0,239450,239450,239450,0,0,1
2101,ALLOC,,0,239450,239450,239450,0,0,1
2102,ADD,VECTOR,37,239450,239487,239450,0,1,1
5686,FREE,,0,239487,239487,239487,0,1,1
5688,FREE,,0,239487,239487,241555,2068,0,0
2054,ALLOC,,0,238487,238487,239893,1406,0,0
2055,ALLOC,,0,238288,238288,239893,1605,0,0
7219,SPILL_IN,MTE2,406,239487,239893,239487,0,1,1
2056,COMPACT,VECTOR,113,239893,240006,239893,0,1,1
5665,FREE,,0,240006,240006,240006,0,1,1
5667,FREE,,0,240006,240006,240412,406,0,0
2067,ALLOC,,0,238563,238563,240363,1800,0,0
2068,MUL,VECTOR,25,240006,240031,240363,357,0,0
5666,FREE,,0,240031,240031,240388,357,0,0
5672,FREE,,0,240031,240031,240525,494,0,0
2071,ALLOC,,0,240031,240031,240388,357,0,0
2072,ADD,VECTOR,24,240031,240055,240388,357,0,0
5673,FREE,,0,240055,240055,240412,357,0,0
5674,FREE,,0,240055,240055,240412,357,0,0
2118,ALLOC,,0,240055,240055,240412,357,0,0
2119,ALLOC,,0,240055,240055,240412,357,0,0
7233,SPILL_IN,MTE2,406,240006,240412,240006,0,1,1
2120,COMPACT,VECTOR,113,240412,240525,240412,0,1,1
5699,FREE,,0,240525,240525,240548,23,0,0
5697,FREE,,0,240525,240525,240743,218,0,0
2130,ALLOC,,0,240031,240031,240525,494,0,0
2131,MAX,VECTOR,23,240525,240548,240525,0,1,1
2132,ALLOC,,0,240525,240525,240548,23,0,0
2133,SUB,VECTOR,24,240548,240572,240548,0,1,1
5405,FREE,,0,240572,240572,266485,25913,0,0
2134,ALLOC,,0,240525,240525,240572,47,0,0
2135,EXP,VECTOR,31,240572,240603,240572,0,1,1
5706,FREE,,0,240603,240603,240603,0,0,1
2136,ALLOC,,0,240603,240603,240603,0,0,1
2137,SUB,VECTOR,24,240603,240627,240603,0,1,1
5698,FREE,,0,240627,240627,240687,60,0,0
2138,ALLOC,,0,240627,240627,240687,60,0,0
2139,EXP,VECTOR,31,240627,240658,240687,60,0,0
5708,FREE,,0,240658,240658,240718,60,0,0
2142,ALLOC,,0,240658,240658,240718,60,0,0
2143,MUL,VECTOR,25,240658,240683,240718,60,0,0
5412,FREE,,0,240683,240683,266485,25802,0,0
2168,ALLOC,,0,240525,240525,240743,218,0,0
2169,MUL,VECTOR,38,240683,240721,240743,60,0,0
5426,FREE,,0,240721,240721,240781,60,0,0
2170,ALLOC,,0,239487,239487,241555,2068,0,0
7595,SPILL_IN,MTE2,406,240721,241127,240781,60,0,0
2171,MUL,VECTOR,38,241127,241165,241555,428,0,0
5427,FREE,,0,241165,241165,241593,428,0,0
5707,FREE,,0,241165,241165,242555,1390,0,0
2161,ALLOC,,0,241165,241165,241593,428,0,0
7626,SPILL_OUT,MTE3,154,240627,240781,240627,0,1,1
7628,SPILL_OUT,MTE3,406,240781,241187,240781,0,1,1
7231,SPILL_IN,MTE2,406,241187,241593,241187,0,1,1
2163,MUL,VECTOR,38,241593,241631,241593,0,1,1
5720,FREE,,0,241631,241631,241631,0,0,1
2172,ALLOC,,0,241631,241631,241631,0,0,1
2173,ADD,VECTOR,37,241631,241668,241631,0,1,1
5721,FREE,,0,241668,241668,241668,0,1,1
5724,FREE,,0,241668,241668,242074,406,0,0
2165,ALLOC,,0,241668,241668,242074,406,0,0
7229,SPILL_IN,MTE2,406,241668,242074,241668,0,1,1
2167,MUL,VECTOR,38,242074,242112,242074,0,1,1
5722,FREE,,0,242112,242112,242112,0,0,1
2174,ALLOC,,0,242112,242112,242112,0,0,1
2175,ADD,VECTOR,37,242112,242149,242112,0,1,1
5723,FREE,,0,242149,242149,242149,0,1,1
5725,FREE,,0,242149,242149,243597,1448,0,0
2127,ALLOC,,0,241668,241668,242555,887,0,0
2128,ALLOC,,0,241165,241165,242555,1390,0,0
7227,SPILL_IN,MTE2,406,242149,242555,242149,0,1,1
2129,COMPACT,VECTOR,113,242555,242668,242555,0,1,1
5702,FREE,,0,242668,242668,242668,0,1,1
5704,FREE,,0,242668,242668,243025,357,0,0
2140,ALLOC,,0,242668,242668,243025,357,0,0
2141,MUL,VECTOR,25,242668,242693,243025,357,0,0
5703,FREE,,0,242693,242693,243074,381,0,0
5709,FREE,,0,242693,242693,243050,357,0,0
2144,ALLOC,,0,242693,242693,243050,357,0,0
2145,ADD,VECTOR,24,242693,242717,243050,357,0,0
5710,FREE,,0,242717,242717,243074,357,0,0
5711,FREE,,0,242717,242717,243074,357,0,0
2195,ALLOC,,0,242693,242693,243074,381,0,0
2196,ALLOC,,0,242717,242717,243074,357,0,0
7243,SPILL_IN,MTE2,406,242668,243074,242668,0,1,1
2197,COMPACT,VECTOR,113,243074,243187,243074,0,1,1
5738,FREE,,0,243187,243187,243187,0,1,1
5736,FREE,,0,243187,243187,244739,1552,0,0
2207,ALLOC,,0,243187,243187,243341,154,0,0
7593,SPILL_IN,MTE2,154,243187,243341,243187,0,1,1
2208,MAX,VECTOR,23,243341,243364,243341,0,1,1
2209,ALLOC,,0,243187,243187,243364,177,0,0
2210,SUB,VECTOR,24,243364,243388,243364,0,1,1
5444,FREE,,0,243388,243388,243388,0,0,1
2211,ALLOC,,0,243388,243388,243388,0,0,1
2212,EXP,VECTOR,31,243388,243419,243388,0,1,1
5745,FREE,,0,243419,243419,243419,0,0,1
2213,ALLOC,,0,243419,243419,243419,0,0,1
2214,SUB,VECTOR,24,243419,243443,243419,0,1,1
5737,FREE,,0,243443,243443,244683,1240,0,0
2215,ALLOC,,0,243443,243443,244683,1240,0,0
2216,EXP,VECTOR,31,243443,243474,244683,1240,0,0
5747,FREE,,0,243474,243474,244714,1240,0,0
2219,ALLOC,,0,243474,243474,244714,1240,0,0
2220,MUL,VECTOR,25,243474,243499,244714,1240,0,0
5451,FREE,,0,243499,243499,245777,2278,0,0
2249,ALLOC,,0,243187,243187,244739,1552,0,0
7601,SPILL_IN,MTE2,406,243341,243747,243597,256,0,0
2250,MUL,VECTOR,38,243747,243785,244739,992,0,0
5467,FREE,,0,243785,243785,244777,992,0,0
2251,ALLOC,,0,243785,243785,244777,992,0,0
7630,SPILL_OUT,MTE3,154,243443,243597,243443,0,1,1
7632,SPILL_OUT,MTE3,406,243597,244003,243597,0,1,1
7599,SPILL_IN,MTE2,406,244003,244409,244003,0,1,1
2252,MUL,VECTOR,38,244409,244447,244777,368,0,0
5468,FREE,,0,244447,244447,244815,368,0,0
5746,FREE,,0,244447,244447,246296,1849,0,0
2242,ALLOC,,0,244447,244447,244815,368,0,0
7634,SPILL_OUT,MTE3,406,244003,244409,244003,0,0,1
7241,SPILL_IN,MTE2,406,244409,244815,244409,0,1,1
2244,MUL,VECTOR,38,244815,244853,244815,0,1,1
5761,FREE,,0,244853,244853,244853,0,0,1
2253,ALLOC,,0,244853,244853,244853,0,0,1
2254,ADD,VECTOR,37,244853,244890,244853,0,1,1
5762,FREE,,0,244890,244890,244890,0,1,1
5765,FREE,,0,244890,244890,245296,406,0,0
2246,ALLOC,,0,244890,244890,245296,406,0,0
7239,SPILL_IN,MTE2,406,244890,245296,244890,0,1,1
2248,MUL,VECTOR,38,245296,245334,245296,0,1,1
5763,FREE,,0,245334,245334,245334,0,0,1
2255,ALLOC,,0,245334,245334,245334,0,0,1
2256,ADD,VECTOR,37,245334,245371,245334,0,1,1
5764,FREE,,0,245371,245371,245371,0,1,1
5766,FREE,,0,245371,245371,246819,1448,0,0
2204,ALLOC,,0,243499,243499,245777,2278,0,0
2205,ALLOC,,0,243187,243187,245777,2590,0,0
7235,SPILL_IN,MTE2,406,245371,245777,245371,0,1,1
2206,COMPACT,VECTOR,113,245777,245890,245777,0,1,1
5741,FREE,,0,245890,245890,245890,0,1,1
5743,FREE,,0,245890,245890,246296,406,0,0
2217,ALLOC,,0,243597,243597,246247,2650,0,0
2218,MUL,VECTOR,25,245890,245915,246247,357,0,0
5742,FREE,,0,245915,245915,246272,357,0,0
5748,FREE,,0,245915,245915,246296,381,0,0
2221,ALLOC,,0,245915,245915,246272,357,0,0
2222,ADD,VECTOR,24,245915,245939,246272,357,0,0
5749,FREE,,0,245939,245939,246296,357,0,0
5750,FREE,,0,245939,245939,246296,357,0,0
2272,ALLOC,,0,245915,245915,246296,381,0,0
2273,ALLOC,,0,245939,245939,246296,357,0,0
7253,SPILL_IN,MTE2,406,245890,246296,245890,0,1,1
2274,COMPACT,VECTOR,113,246296,246409,246296,0,1,1
5777,FREE,,0,246409,246409,246409,0,1,1
5775,FREE,,0,246409,246409,247961,1552,0,0
2284,ALLOC,,0,246409,246409,246563,154,0,0
7597,SPILL_IN,MTE2,154,246409,246563,246409,0,1,1
2285,MAX,VECTOR,23,246563,246586,246563,0,1,1
2286,ALLOC,,0,246409,246409,246586,177,0,0
2287,SUB,VECTOR,24,246586,246610,246586,0,1,1
5483,FREE,,0,246610,246610,246610,0,0,1
2288,ALLOC,,0,246610,246610,246610,0,0,1
2289,EXP,VECTOR,31,246610,246641,246610,0,1,1
5784,FREE,,0,246641,246641,246641,0,0,1
2290,ALLOC,,0,246641,246641,246641,0,0,1
2291,SUB,VECTOR,24,246641,246665,246641,0,1,1
5776,FREE,,0,246665,246665,247905,1240,0,0
2292,ALLOC,,0,246665,246665,247905,1240,0,0
2293,EXP,VECTOR,31,246665,246696,247905,1240,0,0
5786,FREE,,0,246696,246696,247936,1240,0,0
2296,ALLOC,,0,246696,246696,247936,1240,0,0
2297,MUL,VECTOR,25,246696,246721,247936,1240,0,0
5490,FREE,,0,246721,246721,248999,2278,0,0
2322,ALLOC,,0,246409,246409,247961,1552,0,0
7607,SPILL_IN,MTE2,406,246563,246969,246819,256,0,0
2323,MUL,VECTOR,38,246969,247007,247961,992,0,0
5504,FREE,,0,247007,247007,247999,992,0,0
2324,ALLOC,,0,247007,247007,247999,992,0,0
7636,SPILL_OUT,MTE3,154,246665,246819,246665,0,1,1
7638,SPILL_OUT,MTE3,406,246819,247225,246819,0,1,1
7605,SPILL_IN,MTE2,406,247225,247631,247225,0,1,1
2325,MUL,VECTOR,38,247631,247669,247999,368,0,0
5505,FREE,,0,247669,247669,248037,368,0,0
5785,FREE,,0,247669,247669,249535,1866,0,0
2315,ALLOC,,0,247669,247669,248037,368,0,0
7640,SPILL_OUT,MTE3,406,247225,247631,247225,0,0,1
7251,SPILL_IN,MTE2,406,247631,248037,247631,0,1,1
2317,MUL,VECTOR,38,248037,248075,248037,0,1,1
5798,FREE,,0,248075,248075,248075,0,0,1
2326,ALLOC,,0,248075,248075,248075,0,0,1
2327,ADD,VECTOR,37,248075,248112,248075,0,1,1
5799,FREE,,0,248112,248112,248112,0,1,1
5802,FREE,,0,248112,248112,248518,406,0,0
2319,ALLOC,,0,248112,248112,248518,406,0,0
7249,SPILL_IN,MTE2,406,248112,248518,248112,0,1,1
2321,MUL,VECTOR,38,248518,248556,248518,0,1,1
5800,FREE,,0,248556,248556,248556,0,0,1
2328,ALLOC,,0,248556,248556,248556,0,0,1
2329,ADD,VECTOR,37,248556,248593,248556,0,1,1
5801,FREE,,0,248593,248593,248593,0,1,1
5803,FREE,,0,248593,248593,249928,1335,0,0
2281,ALLOC,,0,246721,246721,248999,2278,0,0
2282,ALLOC,,0,246409,246409,248999,2590,0,0
7247,SPILL_IN,MTE2,406,248593,248999,248593,0,1,1
2283,COMPACT,VECTOR,113,248999,249112,248999,0,1,1
5780,FREE,,0,249112,249112,249112,0,1,1
5782,FREE,,0,249112,249112,249559,447,0,0
2294,ALLOC,,0,246819,246819,249493,2674,0,0
2295,MUL,VECTOR,25,249112,249137,249493,381,0,0
5781,FREE,,0,249137,249137,249672,535,0,0
5787,FREE,,0,249137,249137,249518,381,0,0
2298,ALLOC,,0,247669,247669,249535,1866,0,0
2299,ADD,VECTOR,24,249137,249161,249535,398,0,0
5788,FREE,,0,249161,249161,249559,398,0,0
5789,FREE,,0,249161,249161,249559,398,0,0
2345,ALLOC,,0,249161,249161,249559,398,0,0
2346,ALLOC,,0,249161,249161,249559,398,0,0
7261,SPILL_IN,MTE2,406,249112,249518,249112,0,1,1
2347,COMPACT,VECTOR,113,249518,249631,249559,41,0,0
5814,FREE,,0,249631,249631,249695,64,0,0
5812,FREE,,0,249631,249631,251070,1439,0,0
2357,ALLOC,,0,249137,249137,249672,535,0,0
7603,SPILL_IN,MTE2,154,249518,249672,249518,0,1,1
2358,MAX,VECTOR,23,249672,249695,249672,0,1,1
2359,ALLOC,,0,249631,249631,249695,64,0,0
2360,SUB,VECTOR,24,249695,249719,249695,0,1,1
5520,FREE,,0,249719,249719,249719,0,0,1
2361,ALLOC,,0,249719,249719,249719,0,0,1
2362,EXP,VECTOR,31,249719,249750,249719,0,1,1
5821,FREE,,0,249750,249750,249750,0,0,1
2363,ALLOC,,0,249750,249750,249750,0,0,1
2364,SUB,VECTOR,24,249750,249774,249750,0,1,1
5813,FREE,,0,249774,249774,251014,1240,0,0
2365,ALLOC,,0,249774,249774,251014,1240,0,0
2366,EXP,VECTOR,31,249774,249805,251014,1240,0,0
5823,FREE,,0,249805,249805,251045,1240,0,0
2369,ALLOC,,0,249805,249805,251045,1240,0,0
2370,MUL,VECTOR,25,249805,249830,251045,1240,0,0
5527,FREE,,0,249830,249830,252108,2278,0,0
2395,ALLOC,,0,249631,249631,251070,1439,0,0
7613,SPILL_IN,MTE2,406,249672,250078,249928,256,0,0
2396,MUL,VECTOR,38,250078,250116,251070,992,0,0
5541,FREE,,0,250116,250116,251108,992,0,0
2397,ALLOC,,0,250116,250116,251108,992,0,0
7642,SPILL_OUT,MTE3,154,249774,249928,249774,0,1,1
7644,SPILL_OUT,MTE3,406,249928,250334,249928,0,1,1
7611,SPILL_IN,MTE2,406,250334,250740,250334,0,1,1
2398,MUL,VECTOR,38,250740,250778,251108,368,0,0
5542,FREE,,0,250778,250778,251146,368,0,0
5822,FREE,,0,250778,250778,252627,1849,0,0
2388,ALLOC,,0,250778,250778,251146,368,0,0
7646,SPILL_OUT,MTE3,406,250334,250740,250334,0,0,1
7259,SPILL_IN,MTE2,406,250740,251146,250740,0,1,1
2390,MUL,VECTOR,38,251146,251184,251146,0,1,1
5835,FREE,,0,251184,251184,251184,0,0,1
2399,ALLOC,,0,251184,251184,251184,0,0,1
2400,ADD,VECTOR,37,251184,251221,251184,0,1,1
5836,FREE,,0,251221,251221,251221,0,1,1
5839,FREE,,0,251221,251221,251627,406,0,0
2392,ALLOC,,0,251221,251221,251627,406,0,0
7257,SPILL_IN,MTE2,406,251221,251627,251221,0,1,1
2394,MUL,VECTOR,38,251627,251665,251627,0,1,1
5837,FREE,,0,251665,251665,251665,0,0,1
2401,ALLOC,,0,251665,251665,251665,0,0,1
2402,ADD,VECTOR,37,251665,251702,251665,0,1,1
5838,FREE,,0,251702,251702,251702,0,1,1
5840,FREE,,0,251702,251702,253037,1335,0,0
2354,ALLOC,,0,249830,249830,252108,2278,0,0
2355,ALLOC,,0,249631,249631,252108,2477,0,0
7255,SPILL_IN,MTE2,406,251702,252108,251702,0,1,1
2356,COMPACT,VECTOR,113,252108,252221,252108,0,1,1
5817,FREE,,0,252221,252221,252221,0,1,1
5819,FREE,,0,252221,252221,252668,447,0,0
2367,ALLOC,,0,249928,249928,252619,2691,0,0
2368,MUL,VECTOR,25,252221,252246,252619,398,0,0
5818,FREE,,0,252246,252246,252668,422,0,0
5824,FREE,,0,252246,252246,252644,398,0,0
2371,ALLOC,,0,252246,252246,252644,398,0,0
2372,ADD,VECTOR,24,252246,252270,252644,398,0,0
5825,FREE,,0,252270,252270,252781,511,0,0
5826,FREE,,0,252270,252270,252668,398,0,0
2418,ALLOC,,0,252246,252246,252668,422,0,0
2419,ALLOC,,0,252270,252270,252668,398,0,0
7269,SPILL_IN,MTE2,406,252221,252627,252221,0,1,1
2420,COMPACT,VECTOR,113,252627,252740,252668,41,0,0
5851,FREE,,0,252740,252740,252804,64,0,0
5849,FREE,,0,252740,252740,254179,1439,0,0
2430,ALLOC,,0,252270,252270,252781,511,0,0
7609,SPILL_IN,MTE2,154,252627,252781,252627,0,1,1
2431,MAX,VECTOR,23,252781,252804,252781,0,1,1
2432,ALLOC,,0,252740,252740,252804,64,0,0
2433,SUB,VECTOR,24,252804,252828,252804,0,1,1
5557,FREE,,0,252828,252828,252828,0,0,1
2434,ALLOC,,0,252828,252828,252828,0,0,1
2435,EXP,VECTOR,31,252828,252859,252828,0,1,1
5858,FREE,,0,252859,252859,252859,0,0,1
2436,ALLOC,,0,252859,252859,252859,0,0,1
2437,SUB,VECTOR,24,252859,252883,252859,0,1,1
5850,FREE,,0,252883,252883,254123,1240,0,0
2438,ALLOC,,0,252883,252883,254123,1240,0,0
2439,EXP,VECTOR,31,252883,252914,254123,1240,0,0
5860,FREE,,0,252914,252914,254154,1240,0,0
2442,ALLOC,,0,252914,252914,254154,1240,0,0
2443,MUL,VECTOR,25,252914,252939,254154,1240,0,0
5564,FREE,,0,252939,252939,255217,2278,0,0
2468,ALLOC,,0,252740,252740,254179,1439,0,0
7619,SPILL_IN,MTE2,406,252781,253187,253037,256,0,0
2469,MUL,VECTOR,38,253187,253225,254179,992,0,0
5578,FREE,,0,253225,253225,254217,992,0,0
2470,ALLOC,,0,253225,253225,254217,992,0,0
7648,SPILL_OUT,MTE3,154,252883,253037,252883,0,1,1
7650,SPILL_OUT,MTE3,406,253037,253443,253037,0,1,1
7617,SPILL_IN,MTE2,406,253443,253849,253443,0,1,1
2471,MUL,VECTOR,38,253849,253887,254217,368,0,0
5579,FREE,,0,253887,253887,254255,368,0,0
5859,FREE,,0,253887,253887,255736,1849,0,0
2461,ALLOC,,0,253887,253887,254255,368,0,0
7652,SPILL_OUT,MTE3,406,253443,253849,253443,0,0,1
7267,SPILL_IN,MTE2,406,253849,254255,253849,0,1,1
2463,MUL,VECTOR,38,254255,254293,254255,0,1,1
5872,FREE,,0,254293,254293,254293,0,0,1
2472,ALLOC,,0,254293,254293,254293,0,0,1
2473,ADD,VECTOR,37,254293,254330,254293,0,1,1
5873,FREE,,0,254330,254330,254330,0,1,1
5876,FREE,,0,254330,254330,254736,406,0,0
2465,ALLOC,,0,254330,254330,254736,406,0,0
7265,SPILL_IN,MTE2,406,254330,254736,254330,0,1,1
2467,MUL,VECTOR,38,254736,254774,254736,0,1,1
5874,FREE,,0,254774,254774,254774,0,0,1
2474,ALLOC,,0,254774,254774,254774,0,0,1
2475,ADD,VECTOR,37,254774,254811,254774,0,1,1
5875,FREE,,0,254811,254811,254811,0,1,1
5877,FREE,,0,254811,254811,256146,1335,0,0
2427,ALLOC,,0,252939,252939,255217,2278,0,0
2428,ALLOC,,0,252740,252740,255217,2477,0,0
7263,SPILL_IN,MTE2,406,254811,255217,254811,0,1,1
2429,COMPACT,VECTOR,113,255217,255330,255217,0,1,1
5854,FREE,,0,255330,255330,255330,0,1,1
5856,FREE,,0,255330,255330,255777,447,0,0
2440,ALLOC,,0,253037,253037,255728,2691,0,0
2441,MUL,VECTOR,25,255330,255355,255728,398,0,0
5855,FREE,,0,255355,255355,255753,398,0,0
5861,FREE,,0,255355,255355,255777,422,0,0
2444,ALLOC,,0,255355,255355,255753,398,0,0
2445,ADD,VECTOR,24,255355,255379,255753,398,0,0
5862,FREE,,0,255379,255379,255890,511,0,0
5863,FREE,,0,255379,255379,255777,398,0,0
2491,ALLOC,,0,255355,255355,255777,422,0,0
2492,ALLOC,,0,255379,255379,255777,398,0,0
7277,SPILL_IN,MTE2,406,255330,255736,255330,0,1,1
2493,COMPACT,VECTOR,113,255736,255849,255777,41,0,0
5888,FREE,,0,255849,255849,255913,64,0,0
5886,FREE,,0,255849,255849,257288,1439,0,0
2503,ALLOC,,0,255379,255379,255890,511,0,0
7615,SPILL_IN,MTE2,154,255736,255890,255736,0,1,1
2504,MAX,VECTOR,23,255890,255913,255890,0,1,1
2505,ALLOC,,0,255849,255849,255913,64,0,0
2506,SUB,VECTOR,24,255913,255937,255913,0,1,1
5594,FREE,,0,255937,255937,255937,0,0,1
2507,ALLOC,,0,255937,255937,255937,0,0,1
2508,EXP,VECTOR,31,255937,255968,255937,0,1,1
5895,FREE,,0,255968,255968,255968,0,0,1
2509,ALLOC,,0,255968,255968,255968,0,0,1
2510,SUB,VECTOR,24,255968,255992,255968,0,1,1
5887,FREE,,0,255992,255992,257232,1240,0,0
2511,ALLOC,,0,255992,255992,257232,1240,0,0
2512,EXP,VECTOR,31,255992,256023,257232,1240,0,0
5897,FREE,,0,256023,256023,257263,1240,0,0
2515,ALLOC,,0,256023,256023,257263,1240,0,0
2516,MUL,VECTOR,25,256023,256048,257263,1240,0,0
5601,FREE,,0,256048,256048,258326,2278,0,0
2541,ALLOC,,0,255849,255849,257288,1439,0,0
7625,SPILL_IN,MTE2,406,255890,256296,256146,256,0,0
2542,MUL,VECTOR,38,256296,256334,257288,992,0,0
5615,FREE,,0,256334,256334,257326,992,0,0
2543,ALLOC,,0,256334,256334,257326,992,0,0
7654,SPILL_OUT,MTE3,154,255992,256146,255992,0,1,1
7656,SPILL_OUT,MTE3,406,256146,256552,256146,0,1,1
7623,SPILL_IN,MTE2,406,256552,256958,256552,0,1,1
2544,MUL,VECTOR,38,256958,256996,257326,368,0,0
5616,FREE,,0,256996,256996,257364,368,0,0
5896,FREE,,0,256996,256996,258845,1849,0,0
2534,ALLOC,,0,256996,256996,257364,368,0,0
7658,SPILL_OUT,MTE3,406,256552,256958,256552,0,0,1
7275,SPILL_IN,MTE2,406,256958,257364,256958,0,1,1
2536,MUL,VECTOR,38,257364,257402,257364,0,1,1
5909,FREE,,0,257402,257402,257402,0,0,1
2545,ALLOC,,0,257402,257402,257402,0,0,1
2546,ADD,VECTOR,37,257402,257439,257402,0,1,1
5910,FREE,,0,257439,257439,257439,0,1,1
5913,FREE,,0,257439,257439,257845,406,0,0
2538,ALLOC,,0,257439,257439,257845,406,0,0
7273,SPILL_IN,MTE2,406,257439,257845,257439,0,1,1
2540,MUL,VECTOR,38,257845,257883,257845,0,1,1
5911,FREE,,0,257883,257883,257883,0,0,1
2547,ALLOC,,0,257883,257883,257883,0,0,1
2548,ADD,VECTOR,37,257883,257920,257883,0,1,1
5912,FREE,,0,257920,257920,257920,0,1,1
5914,FREE,,0,257920,257920,259195,1275,0,0
2500,ALLOC,,0,256048,256048,258326,2278,0,0
2501,ALLOC,,0,255849,255849,258326,2477,0,0
7271,SPILL_IN,MTE2,406,257920,258326,257920,0,1,1
2502,COMPACT,VECTOR,113,258326,258439,258326,0,1,1
5891,FREE,,0,258439,258439,258439,0,1,1
5893,FREE,,0,258439,258439,258886,447,0,0
2513,ALLOC,,0,256146,256146,258837,2691,0,0
2514,MUL,VECTOR,25,258439,258464,258837,398,0,0
5892,FREE,,0,258464,258464,258862,398,0,0
5898,FREE,,0,258464,258464,258886,422,0,0
2517,ALLOC,,0,258464,258464,258862,398,0,0
2518,ADD,VECTOR,24,258464,258488,258862,398,0,0
5899,FREE,,0,258488,258488,258999,511,0,0
5900,FREE,,0,258488,258488,258886,398,0,0
2564,ALLOC,,0,258464,258464,258886,422,0,0
2565,ALLOC,,0,258488,258488,258886,398,0,0
7289,SPILL_IN,MTE2,406,258439,258845,258439,0,1,1
2566,COMPACT,VECTOR,113,258845,258958,258886,41,0,0
5925,FREE,,0,258958,258958,259022,64,0,0
5923,FREE,,0,258958,258958,259157,199,0,0
2576,ALLOC,,0,258488,258488,258999,511,0,0
7621,SPILL_IN,MTE2,154,258845,258999,258845,0,1,1
2577,MAX,VECTOR,23,258999,259022,258999,0,1,1
2578,ALLOC,,0,258958,258958,259022,64,0,0
2579,SUB,VECTOR,24,259022,259046,259022,0,1,1
5631,FREE,,0,259046,259046,259046,0,0,1
2580,ALLOC,,0,259046,259046,259046,0,0,1
2581,EXP,VECTOR,31,259046,259077,259046,0,1,1
5932,FREE,,0,259077,259077,259077,0,0,1
2582,ALLOC,,0,259077,259077,259077,0,0,1
2583,SUB,VECTOR,24,259077,259101,259077,0,1,1
5924,FREE,,0,259101,259101,259101,0,0,1
2584,ALLOC,,0,259101,259101,259101,0,0,1
2585,EXP,VECTOR,31,259101,259132,259101,0,1,1
5934,FREE,,0,259132,259132,259132,0,0,1
2588,ALLOC,,0,259132,259132,259132,0,0,1
2589,MUL,VECTOR,25,259132,259157,259132,0,1,1
5638,FREE,,0,259157,259157,260601,1444,0,0
2614,ALLOC,,0,258958,258958,259157,199,0,0
2615,MUL,VECTOR,38,259157,259195,259157,0,1,1
5652,FREE,,0,259195,259195,259639,444,0,0
2616,ALLOC,,0,257920,257920,259195,1275,0,0
2617,MUL,VECTOR,38,259195,259233,259195,0,1,1
5653,FREE,,0,259233,259233,259233,0,1,1
5933,FREE,,0,259233,259233,259233,0,0,1
2607,ALLOC,,0,259195,259195,259639,444,0,0
7287,SPILL_IN,MTE2,406,259233,259639,259233,0,1,1
2609,MUL,VECTOR,38,259639,259677,259639,0,1,1
5946,FREE,,0,259677,259677,259677,0,0,1
2618,ALLOC,,0,259677,259677,259677,0,0,1
2619,ADD,VECTOR,37,259677,259714,259677,0,1,1
5947,FREE,,0,259714,259714,259714,0,1,1
5950,FREE,,0,259714,259714,260120,406,0,0
2611,ALLOC,,0,259714,259714,260120,406,0,0
7285,SPILL_IN,MTE2,406,259714,260120,259714,0,1,1
2613,MUL,VECTOR,38,260120,260158,260120,0,1,1
5948,FREE,,0,260158,260158,260158,0,0,1
2620,ALLOC,,0,260158,260158,260158,0,0,1
2621,ADD,VECTOR,37,260158,260195,260158,0,1,1
5949,FREE,,0,260195,260195,260195,0,1,1
5951,FREE,,0,260195,260195,262263,2068,0,0
2573,ALLOC,,0,259157,259157,260601,1444,0,0
2574,ALLOC,,0,258958,258958,260601,1643,0,0
7281,SPILL_IN,MTE2,406,260195,260601,260195,0,1,1
2575,COMPACT,VECTOR,113,260601,260714,260601,0,1,1
5928,FREE,,0,260714,260714,260714,0,1,1
5930,FREE,,0,260714,260714,261071,357,0,0
2586,ALLOC,,0,260714,260714,261071,357,0,0
2587,MUL,VECTOR,25,260714,260739,261071,357,0,0
5929,FREE,,0,260739,260739,261096,357,0,0
5935,FREE,,0,260739,260739,261120,381,0,0
2590,ALLOC,,0,260739,260739,261096,357,0,0
2591,ADD,VECTOR,24,260739,260763,261096,357,0,0
5936,FREE,,0,260763,260763,261120,357,0,0
5937,FREE,,0,260763,260763,261120,357,0,0
2637,ALLOC,,0,260739,260739,261120,381,0,0
2638,ALLOC,,0,260763,260763,261120,357,0,0
7299,SPILL_IN,MTE2,406,260714,261120,260714,0,1,1
2639,COMPACT,VECTOR,113,261120,261233,261120,0,1,1
5962,FREE,,0,261233,261233,261233,0,0,1
5960,FREE,,0,261233,261233,261451,218,0,0
2649,ALLOC,,0,261233,261233,261233,0,0,1
2650,MAX,VECTOR,23,261233,261256,261233,0,1,1
2651,ALLOC,,0,261233,261233,261256,23,0,0
2652,SUB,VECTOR,24,261256,261280,261256,0,1,1
5668,FREE,,0,261280,261280,261280,0,0,1
2653,ALLOC,,0,261280,261280,261280,0,0,1
2654,EXP,VECTOR,31,261280,261311,261280,0,1,1
5969,FREE,,0,261311,261311,261311,0,0,1
2655,ALLOC,,0,261311,261311,261311,0,0,1
2656,SUB,VECTOR,24,261311,261335,261311,0,1,1
5961,FREE,,0,261335,261335,261395,60,0,0
2657,ALLOC,,0,261335,261335,261395,60,0,0
2658,EXP,VECTOR,31,261335,261366,261395,60,0,0
5971,FREE,,0,261366,261366,261426,60,0,0
2661,ALLOC,,0,261366,261366,261426,60,0,0
2662,MUL,VECTOR,25,261366,261391,261426,60,0,0
5675,FREE,,0,261391,261391,269707,8316,0,0
2687,ALLOC,,0,261233,261233,261451,218,0,0
2688,MUL,VECTOR,38,261391,261429,261451,60,0,0
5689,FREE,,0,261429,261429,261489,60,0,0
2689,ALLOC,,0,260195,260195,262263,2068,0,0
7629,SPILL_IN,MTE2,406,261429,261835,261489,60,0,0
2690,MUL,VECTOR,38,261835,261873,262263,428,0,0
5690,FREE,,0,261873,261873,262301,428,0,0
5970,FREE,,0,261873,261873,263733,1860,0,0
2680,ALLOC,,0,261873,261873,262301,428,0,0
7660,SPILL_OUT,MTE3,154,261335,261489,261335,0,1,1
7662,SPILL_OUT,MTE3,406,261489,261895,261489,0,1,1
7297,SPILL_IN,MTE2,406,261895,262301,261895,0,1,1
2682,MUL,VECTOR,38,262301,262339,262301,0,1,1
5983,FREE,,0,262339,262339,262339,0,0,1
2691,ALLOC,,0,262339,262339,262339,0,0,1
2692,ADD,VECTOR,37,262339,262376,262339,0,1,1
5984,FREE,,0,262376,262376,262376,0,1,1
5987,FREE,,0,262376,262376,262782,406,0,0
2684,ALLOC,,0,262376,262376,262782,406,0,0
7295,SPILL_IN,MTE2,406,262376,262782,262376,0,1,1
2686,MUL,VECTOR,38,262782,262820,262782,0,1,1
5985,FREE,,0,262820,262820,262820,0,0,1
2693,ALLOC,,0,262820,262820,262820,0,0,1
2694,ADD,VECTOR,37,262820,262857,262820,0,1,1
5986,FREE,,0,262857,262857,262857,0,1,1
5988,FREE,,0,262857,262857,264305,1448,0,0
2646,ALLOC,,0,261489,261489,263263,1774,0,0
2647,ALLOC,,0,261233,261233,263263,2030,0,0
7293,SPILL_IN,MTE2,406,262857,263263,262857,0,1,1
2648,COMPACT,VECTOR,113,263263,263376,263263,0,1,1
5965,FREE,,0,263376,263376,263376,0,1,1
5967,FREE,,0,263376,263376,263782,406,0,0
2659,ALLOC,,0,261873,261873,263733,1860,0,0
2660,MUL,VECTOR,25,263376,263401,263733,357,0,0
5966,FREE,,0,263401,263401,263758,357,0,0
5972,FREE,,0,263401,263401,287645,24244,0,0
2663,ALLOC,,0,263401,263401,263758,357,0,0
2664,ADD,VECTOR,24,263401,263425,263758,357,0,0
5973,FREE,,0,263425,263425,301101,37676,0,0
5974,FREE,,0,263425,263425,263782,357,0,0
2710,ALLOC,,0,263425,263425,263782,357,0,0
2711,ALLOC,,0,263376,263376,263782,406,0,0
7307,SPILL_IN,MTE2,406,263376,263782,263376,0,1,1
2712,COMPACT,VECTOR,113,263782,263895,263782,0,1,1
5999,FREE,,0,263895,263895,263895,0,1,1
5997,FREE,,0,263895,263895,265447,1552,0,0
2722,ALLOC,,0,263895,263895,264049,154,0,0
7627,SPILL_IN,MTE2,154,263895,264049,263895,0,1,1
2723,MAX,VECTOR,23,264049,264072,264049,0,1,1
2724,ALLOC,,0,263895,263895,264072,177,0,0
2725,SUB,VECTOR,24,264072,264096,264072,0,1,1
5705,FREE,,0,264096,264096,264096,0,0,1
2726,ALLOC,,0,264096,264096,264096,0,0,1
2727,EXP,VECTOR,31,264096,264127,264096,0,1,1
6006,FREE,,0,264127,264127,264127,0,0,1
2728,ALLOC,,0,264127,264127,264127,0,0,1
2729,SUB,VECTOR,24,264127,264151,264127,0,1,1
5998,FREE,,0,264151,264151,265391,1240,0,0
2730,ALLOC,,0,264151,264151,265391,1240,0,0
2731,EXP,VECTOR,31,264151,264182,265391,1240,0,0
6008,FREE,,0,264182,264182,265422,1240,0,0
2734,ALLOC,,0,264182,264182,265422,1240,0,0
2735,MUL,VECTOR,25,264182,264207,265422,1240,0,0
5712,FREE,,0,264207,264207,301101,36894,0,0
2760,ALLOC,,0,263895,263895,265447,1552,0,0
7635,SPILL_IN,MTE2,406,264049,264455,264305,256,0,0
2761,MUL,VECTOR,38,264455,264493,265447,992,0,0
5726,FREE,,0,264493,264493,265485,992,0,0
2762,ALLOC,,0,264493,264493,265485,992,0,0
7664,SPILL_OUT,MTE3,154,264151,264305,264151,0,1,1
7666,SPILL_OUT,MTE3,406,264305,264711,264305,0,1,1
7633,SPILL_IN,MTE2,406,264711,265117,264711,0,1,1
2763,MUL,VECTOR,38,265117,265155,265485,368,0,0
5727,FREE,,0,265155,265155,265523,368,0,0
6007,FREE,,0,265155,265155,266955,1800,0,0
2753,ALLOC,,0,265155,265155,265523,368,0,0
7668,SPILL_OUT,MTE3,406,264711,265117,264711,0,0,1
7305,SPILL_IN,MTE2,406,265117,265523,265117,0,1,1
2755,MUL,VECTOR,38,265523,265561,265523,0,1,1
6020,FREE,,0,265561,265561,265561,0,0,1
2764,ALLOC,,0,265561,265561,265561,0,0,1
2765,ADD,VECTOR,37,265561,265598,265561,0,1,1
6021,FREE,,0,265598,265598,265598,0,1,1
6024,FREE,,0,265598,265598,266004,406,0,0
2757,ALLOC,,0,265598,265598,266004,406,0,0
7303,SPILL_IN,MTE2,406,265598,266004,265598,0,1,1
2759,MUL,VECTOR,38,266004,266042,266004,0,1,1
6022,FREE,,0,266042,266042,266042,0,0,1
2766,ALLOC,,0,266042,266042,266042,0,0,1
2767,ADD,VECTOR,37,266042,266079,266042,0,1,1
6023,FREE,,0,266079,266079,266079,0,1,1
6025,FREE,,0,266079,266079,267527,1448,0,0
2719,ALLOC,,0,264305,264305,266485,2180,0,0
2720,ALLOC,,0,263895,263895,266485,2590,0,0
7301,SPILL_IN,MTE2,406,266079,266485,266079,0,1,1
2721,COMPACT,VECTOR,113,266485,266598,266485,0,1,1
6002,FREE,,0,266598,266598,266598,0,1,1
6004,FREE,,0,266598,266598,267004,406,0,0
2732,ALLOC,,0,265155,265155,266955,1800,0,0
2733,MUL,VECTOR,25,266598,266623,266955,357,0,0
6003,FREE,,0,266623,266623,267004,381,0,0
6009,FREE,,0,266623,266623,266980,357,0,0
2736,ALLOC,,0,266623,266623,266980,357,0,0
2737,ADD,VECTOR,24,266623,266647,266980,357,0,0
6010,FREE,,0,266647,266647,267004,357,0,0
6011,FREE,,0,266647,266647,267004,357,0,0
2787,ALLOC,,0,266623,266623,267004,381,0,0
2788,ALLOC,,0,266647,266647,267004,357,0,0
7317,SPILL_IN,MTE2,406,266598,267004,266598,0,1,1
2789,COMPACT,VECTOR,113,267004,267117,267004,0,1,1
6038,FREE,,0,267117,267117,267117,0,1,1
6036,FREE,,0,267117,267117,268669,1552,0,0
2799,ALLOC,,0,267117,267117,267271,154,0,0
7631,SPILL_IN,MTE2,154,267117,267271,267117,0,1,1
2800,MAX,VECTOR,23,267271,267294,267271,0,1,1
2801,ALLOC,,0,267117,267117,267294,177,0,0
2802,SUB,VECTOR,24,267294,267318,267294,0,1,1
5744,FREE,,0,267318,267318,267318,0,0,1
2803,ALLOC,,0,267318,267318,267318,0,0,1
2804,EXP,VECTOR,31,267318,267349,267318,0,1,1
6045,FREE,,0,267349,267349,267349,0,0,1
2805,ALLOC,,0,267349,267349,267349,0,0,1
2806,SUB,VECTOR,24,267349,267373,267349,0,1,1
6037,FREE,,0,267373,267373,268283,910,0,0
2807,ALLOC,,0,267373,267373,268283,910,0,0
2808,EXP,VECTOR,31,267373,267404,268283,910,0,0
6047,FREE,,0,267404,267404,268314,910,0,0
2811,ALLOC,,0,267404,267404,268314,910,0,0
2812,MUL,VECTOR,25,267404,267429,268314,910,0,0
5751,FREE,,0,267429,267429,268339,910,0,0
2841,ALLOC,,0,267117,267117,268669,1552,0,0
7641,SPILL_IN,MTE2,406,267271,267677,267527,256,0,0
2842,MUL,VECTOR,38,267677,267715,268669,992,0,0
5767,FREE,,0,267715,267715,268707,992,0,0
2843,ALLOC,,0,267715,267715,268707,992,0,0
7670,SPILL_OUT,MTE3,154,267373,267527,267373,0,1,1
7672,SPILL_OUT,MTE3,406,267527,267933,267527,0,1,1
7639,SPILL_IN,MTE2,406,267933,268339,267933,0,1,1
2844,MUL,VECTOR,38,268339,268377,268707,368,0,0
5768,FREE,,0,268377,268377,268745,368,0,0
6046,FREE,,0,268377,268377,270226,1849,0,0
2834,ALLOC,,0,268377,268377,268745,368,0,0
7674,SPILL_OUT,MTE3,406,267933,268339,267933,0,0,1
7315,SPILL_IN,MTE2,406,268339,268745,268339,0,1,1
2836,MUL,VECTOR,38,268745,268783,268745,0,1,1
6061,FREE,,0,268783,268783,268783,0,0,1
2845,ALLOC,,0,268783,268783,268783,0,0,1
2846,ADD,VECTOR,37,268783,268820,268783,0,1,1
6062,FREE,,0,268820,268820,268820,0,1,1
6065,FREE,,0,268820,268820,269226,406,0,0
2838,ALLOC,,0,268820,268820,269226,406,0,0
7313,SPILL_IN,MTE2,406,268820,269226,268820,0,1,1
2840,MUL,VECTOR,38,269226,269264,269226,0,1,1
6063,FREE,,0,269264,269264,269264,0,0,1
2847,ALLOC,,0,269264,269264,269264,0,0,1
2848,ADD,VECTOR,37,269264,269301,269264,0,1,1
6064,FREE,,0,269301,269301,269301,0,1,1
6066,FREE,,0,269301,269301,270749,1448,0,0
2796,ALLOC,,0,268339,268339,269707,1368,0,0
2797,ALLOC,,0,267117,267117,269707,2590,0,0
7309,SPILL_IN,MTE2,406,269301,269707,269301,0,1,1
2798,COMPACT,VECTOR,113,269707,269820,269707,0,1,1
6041,FREE,,0,269820,269820,269820,0,1,1
6043,FREE,,0,269820,269820,270226,406,0,0
2809,ALLOC,,0,267527,267527,270177,2650,0,0
2810,MUL,VECTOR,25,269820,269845,270177,357,0,0
6042,FREE,,0,269845,269845,270202,357,0,0
6048,FREE,,0,269845,269845,270226,381,0,0
2813,ALLOC,,0,269845,269845,270202,357,0,0
2814,ADD,VECTOR,24,269845,269869,270202,357,0,0
6049,FREE,,0,269869,269869,270226,357,0,0
6050,FREE,,0,269869,269869,270226,357,0,0
2864,ALLOC,,0,269845,269845,270226,381,0,0
2865,ALLOC,,0,269869,269869,270226,357,0,0
7327,SPILL_IN,MTE2,406,269820,270226,269820,0,1,1
2866,COMPACT,VECTOR,113,270226,270339,270226,0,1,1
6077,FREE,,0,270339,270339,270339,0,1,1
6075,FREE,,0,270339,270339,271891,1552,0,0
2876,ALLOC,,0,270339,270339,270493,154,0,0
7637,SPILL_IN,MTE2,154,270339,270493,270339,0,1,1
2877,MAX,VECTOR,23,270493,270516,270493,0,1,1
2878,ALLOC,,0,270339,270339,270516,177,0,0
2879,SUB,VECTOR,24,270516,270540,270516,0,1,1
5783,FREE,,0,270540,270540,270540,0,0,1
2880,ALLOC,,0,270540,270540,270540,0,0,1
2881,EXP,VECTOR,31,270540,270571,270540,0,1,1
6084,FREE,,0,270571,270571,270571,0,0,1
2882,ALLOC,,0,270571,270571,270571,0,0,1
2883,SUB,VECTOR,24,270571,270595,270571,0,1,1
6076,FREE,,0,270595,270595,271835,1240,0,0
2884,ALLOC,,0,270595,270595,271835,1240,0,0
2885,EXP,VECTOR,31,270595,270626,271835,1240,0,0
6086,FREE,,0,270626,270626,271866,1240,0,0
2888,ALLOC,,0,270626,270626,271866,1240,0,0
2889,MUL,VECTOR,25,270626,270651,271866,1240,0,0
5790,FREE,,0,270651,270651,272929,2278,0,0
2914,ALLOC,,0,270339,270339,271891,1552,0,0
7647,SPILL_IN,MTE2,406,270493,270899,270749,256,0,0
2915,MUL,VECTOR,38,270899,270937,271891,992,0,0
5804,FREE,,0,270937,270937,271929,992,0,0
2916,ALLOC,,0,270937,270937,271929,992,0,0
7676,SPILL_OUT,MTE3,154,270595,270749,270595,0,1,1
7678,SPILL_OUT,MTE3,406,270749,271155,270749,0,1,1
7645,SPILL_IN,MTE2,406,271155,271561,271155,0,1,1
2917,MUL,VECTOR,38,271561,271599,271929,368,0,0
5805,FREE,,0,271599,271599,271967,368,0,0
6085,FREE,,0,271599,271599,273448,1849,0,0
2907,ALLOC,,0,271599,271599,271967,368,0,0
7680,SPILL_OUT,MTE3,406,271155,271561,271155,0,0,1
7325,SPILL_IN,MTE2,406,271561,271967,271561,0,1,1
2909,MUL,VECTOR,38,271967,272005,271967,0,1,1
6098,FREE,,0,272005,272005,272005,0,0,1
2918,ALLOC,,0,272005,272005,272005,0,0,1
2919,ADD,VECTOR,37,272005,272042,272005,0,1,1
6099,FREE,,0,272042,272042,272042,0,1,1
6102,FREE,,0,272042,272042,272448,406,0,0
2911,ALLOC,,0,272042,272042,272448,406,0,0
7323,SPILL_IN,MTE2,406,272042,272448,272042,0,1,1
2913,MUL,VECTOR,38,272448,272486,272448,0,1,1
6100,FREE,,0,272486,272486,272486,0,0,1
2920,ALLOC,,0,272486,272486,272486,0,0,1
2921,ADD,VECTOR,37,272486,272523,272486,0,1,1
6101,FREE,,0,272523,272523,272523,0,1,1
6103,FREE,,0,272523,272523,273971,1448,0,0
2873,ALLOC,,0,270651,270651,272929,2278,0,0
2874,ALLOC,,0,270339,270339,272929,2590,0,0
7321,SPILL_IN,MTE2,406,272523,272929,272523,0,1,1
2875,COMPACT,VECTOR,113,272929,273042,272929,0,1,1
6080,FREE,,0,273042,273042,273042,0,1,1
6082,FREE,,0,273042,273042,273448,406,0,0
2886,ALLOC,,0,270749,270749,273399,2650,0,0
2887,MUL,VECTOR,25,273042,273067,273399,357,0,0
6081,FREE,,0,273067,273067,273424,357,0,0
6087,FREE,,0,273067,273067,273448,381,0,0
2890,ALLOC,,0,273067,273067,273424,357,0,0
2891,ADD,VECTOR,24,273067,273091,273424,357,0,0
6088,FREE,,0,273091,273091,273448,357,0,0
6089,FREE,,0,273091,273091,273448,357,0,0
2937,ALLOC,,0,273067,273067,273448,381,0,0
2938,ALLOC,,0,273091,273091,273448,357,0,0
7335,SPILL_IN,MTE2,406,273042,273448,273042,0,1,1
2939,COMPACT,VECTOR,113,273448,273561,273448,0,1,1
6114,FREE,,0,273561,273561,273561,0,1,1
6112,FREE,,0,273561,273561,275113,1552,0,0
2949,ALLOC,,0,273561,273561,273715,154,0,0
7643,SPILL_IN,MTE2,154,273561,273715,273561,0,1,1
2950,MAX,VECTOR,23,273715,273738,273715,0,1,1
2951,ALLOC,,0,273561,273561,273738,177,0,0
2952,SUB,VECTOR,24,273738,273762,273738,0,1,1
5820,FREE,,0,273762,273762,273762,0,0,1
2953,ALLOC,,0,273762,273762,273762,0,0,1
2954,EXP,VECTOR,31,273762,273793,273762,0,1,1
6121,FREE,,0,273793,273793,273793,0,0,1
2955,ALLOC,,0,273793,273793,273793,0,0,1
2956,SUB,VECTOR,24,273793,273817,273793,0,1,1
6113,FREE,,0,273817,273817,275057,1240,0,0
2957,ALLOC,,0,273817,273817,275057,1240,0,0
2958,EXP,VECTOR,31,273817,273848,275057,1240,0,0
6123,FREE,,0,273848,273848,275088,1240,0,0
2961,ALLOC,,0,273848,273848,275088,1240,0,0
2962,MUL,VECTOR,25,273848,273873,275088,1240,0,0
5827,FREE,,0,273873,273873,276151,2278,0,0
2987,ALLOC,,0,273561,273561,275113,1552,0,0
7653,SPILL_IN,MTE2,406,273715,274121,273971,256,0,0
2988,MUL,VECTOR,38,274121,274159,275113,992,0,0
5841,FREE,,0,274159,274159,275151,992,0,0
2989,ALLOC,,0,274159,274159,275151,992,0,0
7682,SPILL_OUT,MTE3,154,273817,273971,273817,0,1,1
7684,SPILL_OUT,MTE3,406,273971,274377,273971,0,1,1
7651,SPILL_IN,MTE2,406,274377,274783,274377,0,1,1
2990,MUL,VECTOR,38,274783,274821,275151,368,0,0
5842,FREE,,0,274821,274821,275189,368,0,0
6122,FREE,,0,274821,274821,276670,1849,0,0
2980,ALLOC,,0,274821,274821,275189,368,0,0
7686,SPILL_OUT,MTE3,406,274377,274783,274377,0,0,1
7333,SPILL_IN,MTE2,406,274783,275189,274783,0,1,1
2982,MUL,VECTOR,38,275189,275227,275189,0,1,1
6135,FREE,,0,275227,275227,275227,0,0,1
2991,ALLOC,,0,275227,275227,275227,0,0,1
2992,ADD,VECTOR,37,275227,275264,275227,0,1,1
6136,FREE,,0,275264,275264,275264,0,1,1
6139,FREE,,0,275264,275264,275670,406,0,0
2984,ALLOC,,0,275264,275264,275670,406,0,0
7331,SPILL_IN,MTE2,406,275264,275670,275264,0,1,1
2986,MUL,VECTOR,38,275670,275708,275670,0,1,1
6137,FREE,,0,275708,275708,275708,0,0,1
2993,ALLOC,,0,275708,275708,275708,0,0,1
2994,ADD,VECTOR,37,275708,275745,275708,0,1,1
6138,FREE,,0,275745,275745,275745,0,1,1
6140,FREE,,0,275745,275745,277193,1448,0,0
2946,ALLOC,,0,273873,273873,276151,2278,0,0
2947,ALLOC,,0,273561,273561,276151,2590,0,0
7329,SPILL_IN,MTE2,406,275745,276151,275745,0,1,1
2948,COMPACT,VECTOR,113,276151,276264,276151,0,1,1
6117,FREE,,0,276264,276264,276264,0,1,1
6119,FREE,,0,276264,276264,276670,406,0,0
2959,ALLOC,,0,273971,273971,276621,2650,0,0
2960,MUL,VECTOR,25,276264,276289,276621,357,0,0
6118,FREE,,0,276289,276289,276646,357,0,0
6124,FREE,,0,276289,276289,276670,381,0,0
2963,ALLOC,,0,276289,276289,276646,357,0,0
2964,ADD,VECTOR,24,276289,276313,276646,357,0,0
6125,FREE,,0,276313,276313,276670,357,0,0
6126,FREE,,0,276313,276313,276670,357,0,0
3010,ALLOC,,0,276289,276289,276670,381,0,0
3011,ALLOC,,0,276313,276313,276670,357,0,0
7343,SPILL_IN,MTE2,406,276264,276670,276264,0,1,1
3012,COMPACT,VECTOR,113,276670,276783,276670,0,1,1
6151,FREE,,0,276783,276783,276783,0,1,1
6149,FREE,,0,276783,276783,278335,1552,0,0
3022,ALLOC,,0,276783,276783,276937,154,0,0
7649,SPILL_IN,MTE2,154,276783,276937,276783,0,1,1
3023,MAX,VECTOR,23,276937,276960,276937,0,1,1
3024,ALLOC,,0,276783,276783,276960,177,0,0
3025,SUB,VECTOR,24,276960,276984,276960,0,1,1
5857,FREE,,0,276984,276984,276984,0,0,1
3026,ALLOC,,0,276984,276984,276984,0,0,1
3027,EXP,VECTOR,31,276984,277015,276984,0,1,1
6158,FREE,,0,277015,277015,277015,0,0,1
3028,ALLOC,,0,277015,277015,277015,0,0,1
3029,SUB,VECTOR,24,277015,277039,277015,0,1,1
6150,FREE,,0,277039,277039,278279,1240,0,0
3030,ALLOC,,0,277039,277039,278279,1240,0,0
3031,EXP,VECTOR,31,277039,277070,278279,1240,0,0
6160,FREE,,0,277070,277070,278310,1240,0,0
3034,ALLOC,,0,277070,277070,278310,1240,0,0
3035,MUL,VECTOR,25,277070,277095,278310,1240,0,0
5864,FREE,,0,277095,277095,279373,2278,0,0
3060,ALLOC,,0,276783,276783,278335,1552,0,0
7659,SPILL_IN,MTE2,406,276937,277343,277193,256,0,0
3061,MUL,VECTOR,38,277343,277381,278335,992,0,0
5878,FREE,,0,277381,277381,278373,992,0,0
3062,ALLOC,,0,277381,277381,278373,992,0,0
7688,SPILL_OUT,MTE3,154,277039,277193,277039,0,1,1
7690,SPILL_OUT,MTE3,406,277193,277599,277193,0,1,1
7657,SPILL_IN,MTE2,406,277599,278005,277599,0,1,1
3063,MUL,VECTOR,38,278005,278043,278373,368,0,0
5879,FREE,,0,278043,278043,278411,368,0,0
6159,FREE,,0,278043,278043,279892,1849,0,0
3053,ALLOC,,0,278043,278043,278411,368,0,0
7692,SPILL_OUT,MTE3,406,277599,278005,277599,0,0,1
7341,SPILL_IN,MTE2,406,278005,278411,278005,0,1,1
3055,MUL,VECTOR,38,278411,278449,278411,0,1,1
6172,FREE,,0,278449,278449,278449,0,0,1
3064,ALLOC,,0,278449,278449,278449,0,0,1
3065,ADD,VECTOR,37,278449,278486,278449,0,1,1
6173,FREE,,0,278486,278486,278486,0,1,1
6176,FREE,,0,278486,278486,278892,406,0,0
3057,ALLOC,,0,278486,278486,278892,406,0,0
7339,SPILL_IN,MTE2,406,278486,278892,278486,0,1,1
3059,MUL,VECTOR,38,278892,278930,278892,0,1,1
6174,FREE,,0,278930,278930,278930,0,0,1
3066,ALLOC,,0,278930,278930,278930,0,0,1
3067,ADD,VECTOR,37,278930,278967,278930,0,1,1
6175,FREE,,0,278967,278967,278967,0,1,1
6177,FREE,,0,278967,278967,280355,1388,0,0
3019,ALLOC,,0,277095,277095,279373,2278,0,0
3020,ALLOC,,0,276783,276783,279373,2590,0,0
7337,SPILL_IN,MTE2,406,278967,279373,278967,0,1,1
3021,COMPACT,VECTOR,113,279373,279486,279373,0,1,1
6154,FREE,,0,279486,279486,279486,0,1,1
6156,FREE,,0,279486,279486,279892,406,0,0
3032,ALLOC,,0,277193,277193,279843,2650,0,0
3033,MUL,VECTOR,25,279486,279511,279843,357,0,0
6155,FREE,,0,279511,279511,279868,357,0,0
6161,FREE,,0,279511,279511,279892,381,0,0
3036,ALLOC,,0,279511,279511,279868,357,0,0
3037,ADD,VECTOR,24,279511,279535,279868,357,0,0
6162,FREE,,0,279535,279535,279892,357,0,0
6163,FREE,,0,279535,279535,279892,357,0,0
3083,ALLOC,,0,279511,279511,279892,381,0,0
3084,ALLOC,,0,279535,279535,279892,357,0,0
7351,SPILL_IN,MTE2,406,279486,279892,279486,0,1,1
3085,COMPACT,VECTOR,113,279892,280005,279892,0,1,1
6188,FREE,,0,280005,280005,280005,0,1,1
6186,FREE,,0,280005,280005,280317,312,0,0
3095,ALLOC,,0,280005,280005,280159,154,0,0
7655,SPILL_IN,MTE2,154,280005,280159,280005,0,1,1
3096,MAX,VECTOR,23,280159,280182,280159,0,1,1
3097,ALLOC,,0,280005,280005,280182,177,0,0
3098,SUB,VECTOR,24,280182,280206,280182,0,1,1
5894,FREE,,0,280206,280206,280206,0,0,1
3099,ALLOC,,0,280206,280206,280206,0,0,1
3100,EXP,VECTOR,31,280206,280237,280206,0,1,1
6195,FREE,,0,280237,280237,280237,0,0,1
3101,ALLOC,,0,280237,280237,280237,0,0,1
3102,SUB,VECTOR,24,280237,280261,280237,0,1,1
6187,FREE,,0,280261,280261,280261,0,0,1
3103,ALLOC,,0,280261,280261,280261,0,0,1
3104,EXP,VECTOR,31,280261,280292,280261,0,1,1
6197,FREE,,0,280292,280292,280292,0,0,1
3107,ALLOC,,0,280292,280292,280292,0,0,1
3108,MUL,VECTOR,25,280292,280317,280292,0,1,1
5901,FREE,,0,280317,280317,281761,1444,0,0
3133,ALLOC,,0,280005,280005,280317,312,0,0
3134,MUL,VECTOR,38,280317,280355,280317,0,1,1
5915,FREE,,0,280355,280355,280799,444,0,0
3135,ALLOC,,0,278967,278967,280355,1388,0,0
3136,MUL,VECTOR,38,280355,280393,280355,0,1,1
5916,FREE,,0,280393,280393,280393,0,1,1
6196,FREE,,0,280393,280393,282231,1838,0,0
3126,ALLOC,,0,280355,280355,280799,444,0,0
7349,SPILL_IN,MTE2,406,280393,280799,280393,0,1,1
3128,MUL,VECTOR,38,280799,280837,280799,0,1,1
6209,FREE,,0,280837,280837,280837,0,0,1
3137,ALLOC,,0,280837,280837,280837,0,0,1
3138,ADD,VECTOR,37,280837,280874,280837,0,1,1
6210,FREE,,0,280874,280874,280874,0,1,1
6213,FREE,,0,280874,280874,281280,406,0,0
3130,ALLOC,,0,280874,280874,281280,406,0,0
7347,SPILL_IN,MTE2,406,280874,281280,280874,0,1,1
3132,MUL,VECTOR,38,281280,281318,281280,0,1,1
6211,FREE,,0,281318,281318,281318,0,0,1
3139,ALLOC,,0,281318,281318,281318,0,0,1
3140,ADD,VECTOR,37,281318,281355,281318,0,1,1
6212,FREE,,0,281355,281355,281355,0,1,1
6214,FREE,,0,281355,281355,283423,2068,0,0
3092,ALLOC,,0,280317,280317,281761,1444,0,0
3093,ALLOC,,0,280005,280005,281761,1756,0,0
7345,SPILL_IN,MTE2,406,281355,281761,281355,0,1,1
3094,COMPACT,VECTOR,113,281761,281874,281761,0,1,1
6191,FREE,,0,281874,281874,281874,0,1,1
6193,FREE,,0,281874,281874,282280,406,0,0
3105,ALLOC,,0,280393,280393,282231,1838,0,0
3106,MUL,VECTOR,25,281874,281899,282231,357,0,0
6192,FREE,,0,281899,281899,282256,357,0,0
6198,FREE,,0,281899,281899,282280,381,0,0
3109,ALLOC,,0,281899,281899,282256,357,0,0
3110,ADD,VECTOR,24,281899,281923,282256,357,0,0
6199,FREE,,0,281923,281923,282280,357,0,0
6200,FREE,,0,281923,281923,282280,357,0,0
3156,ALLOC,,0,281899,281899,282280,381,0,0
3157,ALLOC,,0,281923,281923,282280,357,0,0
7363,SPILL_IN,MTE2,406,281874,282280,281874,0,1,1
3158,COMPACT,VECTOR,113,282280,282393,282280,0,1,1
6225,FREE,,0,282393,282393,282393,0,0,1
6223,FREE,,0,282393,282393,282611,218,0,0
3168,ALLOC,,0,282393,282393,282393,0,0,1
3169,MAX,VECTOR,23,282393,282416,282393,0,1,1
3170,ALLOC,,0,282393,282393,282416,23,0,0
3171,SUB,VECTOR,24,282416,282440,282416,0,1,1
5931,FREE,,0,282440,282440,301101,18661,0,0
3172,ALLOC,,0,282393,282393,282440,47,0,0
3173,EXP,VECTOR,31,282440,282471,282440,0,1,1
6232,FREE,,0,282471,282471,282471,0,0,1
3174,ALLOC,,0,282471,282471,282471,0,0,1
3175,SUB,VECTOR,24,282471,282495,282471,0,1,1
6224,FREE,,0,282495,282495,282555,60,0,0
3176,ALLOC,,0,282495,282495,282555,60,0,0
3177,EXP,VECTOR,31,282495,282526,282555,60,0,0
6234,FREE,,0,282526,282526,282586,60,0,0
3180,ALLOC,,0,282526,282526,282586,60,0,0
3181,MUL,VECTOR,25,282526,282551,282586,60,0,0
5938,FREE,,0,282551,282551,284423,1872,0,0
3206,ALLOC,,0,282393,282393,282611,218,0,0
3207,MUL,VECTOR,38,282551,282589,282611,60,0,0
5952,FREE,,0,282589,282589,282649,60,0,0
3208,ALLOC,,0,281355,281355,283423,2068,0,0
7663,SPILL_IN,MTE2,406,282589,282995,282649,60,0,0
3209,MUL,VECTOR,38,282995,283033,283423,428,0,0
5953,FREE,,0,283033,283033,283461,428,0,0
6233,FREE,,0,283033,283033,284423,1390,0,0
3199,ALLOC,,0,283033,283033,283461,428,0,0
7694,SPILL_OUT,MTE3,154,282495,282649,282495,0,1,1
7696,SPILL_OUT,MTE3,406,282649,283055,282649,0,1,1
7361,SPILL_IN,MTE2,406,283055,283461,283055,0,1,1
3201,MUL,VECTOR,38,283461,283499,283461,0,1,1
6246,FREE,,0,283499,283499,283499,0,0,1
3210,ALLOC,,0,283499,283499,283499,0,0,1
3211,ADD,VECTOR,37,283499,283536,283499,0,1,1
6247,FREE,,0,283536,283536,283536,0,1,1
6250,FREE,,0,283536,283536,283942,406,0,0
3203,ALLOC,,0,283536,283536,283942,406,0,0
7359,SPILL_IN,MTE2,406,283536,283942,283536,0,1,1
3205,MUL,VECTOR,38,283942,283980,283942,0,1,1
6248,FREE,,0,283980,283980,283980,0,0,1
3212,ALLOC,,0,283980,283980,283980,0,0,1
3213,ADD,VECTOR,37,283980,284017,283980,0,1,1
6249,FREE,,0,284017,284017,284017,0,1,1
6251,FREE,,0,284017,284017,285465,1448,0,0
3165,ALLOC,,0,282551,282551,284423,1872,0,0
3166,ALLOC,,0,283033,283033,284423,1390,0,0
7355,SPILL_IN,MTE2,406,284017,284423,284017,0,1,1
3167,COMPACT,VECTOR,113,284423,284536,284423,0,1,1
6228,FREE,,0,284536,284536,284536,0,1,1
6230,FREE,,0,284536,284536,284942,406,0,0
3178,ALLOC,,0,282649,282649,284893,2244,0,0
3179,MUL,VECTOR,25,284536,284561,284893,357,0,0
6229,FREE,,0,284561,284561,284918,357,0,0
6235,FREE,,0,284561,284561,284942,381,0,0
3182,ALLOC,,0,284561,284561,284918,357,0,0
3183,ADD,VECTOR,24,284561,284585,284918,357,0,0
6236,FREE,,0,284585,284585,284942,357,0,0
6237,FREE,,0,284585,284585,284942,357,0,0
3229,ALLOC,,0,284561,284561,284942,381,0,0
3230,ALLOC,,0,284585,284585,284942,357,0,0
7373,SPILL_IN,MTE2,406,284536,284942,284536,0,1,1
3231,COMPACT,VECTOR,113,284942,285055,284942,0,1,1
6262,FREE,,0,285055,285055,285055,0,1,1
6260,FREE,,0,285055,285055,286607,1552,0,0
3241,ALLOC,,0,285055,285055,285209,154,0,0
7661,SPILL_IN,MTE2,154,285055,285209,285055,0,1,1
3242,MAX,VECTOR,23,285209,285232,285209,0,1,1
3243,ALLOC,,0,285055,285055,285232,177,0,0
3244,SUB,VECTOR,24,285232,285256,285232,0,1,1
5968,FREE,,0,285256,285256,285256,0,0,1
3245,ALLOC,,0,285256,285256,285256,0,0,1
3246,EXP,VECTOR,31,285256,285287,285256,0,1,1
6269,FREE,,0,285287,285287,285287,0,0,1
3247,ALLOC,,0,285287,285287,285287,0,0,1
3248,SUB,VECTOR,24,285287,285311,285287,0,1,1
6261,FREE,,0,285311,285311,286551,1240,0,0
3249,ALLOC,,0,285311,285311,286551,1240,0,0
3250,EXP,VECTOR,31,285311,285342,286551,1240,0,0
6271,FREE,,0,285342,285342,286582,1240,0,0
3253,ALLOC,,0,285342,285342,286582,1240,0,0
3254,MUL,VECTOR,25,285342,285367,286582,1240,0,0
5975,FREE,,0,285367,285367,287645,2278,0,0
3279,ALLOC,,0,285055,285055,286607,1552,0,0
7669,SPILL_IN,MTE2,406,285209,285615,285465,256,0,0
3280,MUL,VECTOR,38,285615,285653,286607,992,0,0
5989,FREE,,0,285653,285653,286645,992,0,0
3281,ALLOC,,0,285653,285653,286645,992,0,0
7698,SPILL_OUT,MTE3,154,285311,285465,285311,0,1,1
7700,SPILL_OUT,MTE3,406,285465,285871,285465,0,1,1
7667,SPILL_IN,MTE2,406,285871,286277,285871,0,1,1
3282,MUL,VECTOR,38,286277,286315,286645,368,0,0
5990,FREE,,0,286315,286315,286683,368,0,0
6270,FREE,,0,286315,286315,288164,1849,0,0
3272,ALLOC,,0,286315,286315,286683,368,0,0
7702,SPILL_OUT,MTE3,406,285871,286277,285871,0,0,1
7371,SPILL_IN,MTE2,406,286277,286683,286277,0,1,1
3274,MUL,VECTOR,38,286683,286721,286683,0,1,1
6283,FREE,,0,286721,286721,286721,0,0,1
3283,ALLOC,,0,286721,286721,286721,0,0,1
3284,ADD,VECTOR,37,286721,286758,286721,0,1,1
6284,FREE,,0,286758,286758,286758,0,1,1
6287,FREE,,0,286758,286758,287164,406,0,0
3276,ALLOC,,0,286758,286758,287164,406,0,0
7369,SPILL_IN,MTE2,406,286758,287164,286758,0,1,1
3278,MUL,VECTOR,38,287164,287202,287164,0,1,1
6285,FREE,,0,287202,287202,287202,0,0,1
3285,ALLOC,,0,287202,287202,287202,0,0,1
3286,ADD,VECTOR,37,287202,287239,287202,0,1,1
6286,FREE,,0,287239,287239,287239,0,1,1
6288,FREE,,0,287239,287239,288687,1448,0,0
3238,ALLOC,,0,285367,285367,287645,2278,0,0
3239,ALLOC,,0,285055,285055,287645,2590,0,0
7367,SPILL_IN,MTE2,406,287239,287645,287239,0,1,1
3240,COMPACT,VECTOR,113,287645,287758,287645,0,1,1
6265,FREE,,0,287758,287758,287758,0,1,1
6267,FREE,,0,287758,287758,288164,406,0,0
3251,ALLOC,,0,285465,285465,288115,2650,0,0
3252,MUL,VECTOR,25,287758,287783,288115,357,0,0
6266,FREE,,0,287783,287783,288140,357,0,0
6272,FREE,,0,287783,287783,288164,381,0,0
3255,ALLOC,,0,287783,287783,288140,357,0,0
3256,ADD,VECTOR,24,287783,287807,288140,357,0,0
6273,FREE,,0,287807,287807,288164,357,0,0
6274,FREE,,0,287807,287807,288164,357,0,0
3302,ALLOC,,0,287783,287783,288164,381,0,0
3303,ALLOC,,0,287807,287807,288164,357,0,0
7381,SPILL_IN,MTE2,406,287758,288164,287758,0,1,1
3304,COMPACT,VECTOR,113,288164,288277,288164,0,1,1
6299,FREE,,0,288277,288277,288277,0,1,1
6297,FREE,,0,288277,288277,289829,1552,0,0
3314,ALLOC,,0,288277,288277,288431,154,0,0
7665,SPILL_IN,MTE2,154,288277,288431,288277,0,1,1
3315,MAX,VECTOR,23,288431,288454,288431,0,1,1
3316,ALLOC,,0,288277,288277,288454,177,0,0
3317,SUB,VECTOR,24,288454,288478,288454,0,1,1
6005,FREE,,0,288478,288478,288478,0,0,1
3318,ALLOC,,0,288478,288478,288478,0,0,1
3319,EXP,VECTOR,31,288478,288509,288478,0,1,1
6306,FREE,,0,288509,288509,288509,0,0,1
3320,ALLOC,,0,288509,288509,288509,0,0,1
3321,SUB,VECTOR,24,288509,288533,288509,0,1,1
6298,FREE,,0,288533,288533,289773,1240,0,0
3322,ALLOC,,0,288533,288533,289773,1240,0,0
3323,EXP,VECTOR,31,288533,288564,289773,1240,0,0
6308,FREE,,0,288564,288564,289804,1240,0,0
3326,ALLOC,,0,288564,288564,289804,1240,0,0
3327,MUL,VECTOR,25,288564,288589,289804,1240,0,0
6012,FREE,,0,288589,288589,290867,2278,0,0
3352,ALLOC,,0,288277,288277,289829,1552,0,0
7675,SPILL_IN,MTE2,406,288431,288837,288687,256,0,0
3353,MUL,VECTOR,38,288837,288875,289829,992,0,0
6026,FREE,,0,288875,288875,289867,992,0,0
3354,ALLOC,,0,288875,288875,289867,992,0,0
7704,SPILL_OUT,MTE3,154,288533,288687,288533,0,1,1
7706,SPILL_OUT,MTE3,406,288687,289093,288687,0,1,1
7673,SPILL_IN,MTE2,406,289093,289499,289093,0,1,1
3355,MUL,VECTOR,38,289499,289537,289867,368,0,0
6027,FREE,,0,289537,289537,289905,368,0,0
6307,FREE,,0,289537,289537,291403,1866,0,0
3345,ALLOC,,0,289537,289537,289905,368,0,0
7708,SPILL_OUT,MTE3,406,289093,289499,289093,0,0,1
7379,SPILL_IN,MTE2,406,289499,289905,289499,0,1,1
3347,MUL,VECTOR,38,289905,289943,289905,0,1,1
6320,FREE,,0,289943,289943,289943,0,0,1
3356,ALLOC,,0,289943,289943,289943,0,0,1
3357,ADD,VECTOR,37,289943,289980,289943,0,1,1
6321,FREE,,0,289980,289980,289980,0,1,1
6324,FREE,,0,289980,289980,290386,406,0,0
3349,ALLOC,,0,289980,289980,290386,406,0,0
7377,SPILL_IN,MTE2,406,289980,290386,289980,0,1,1
3351,MUL,VECTOR,38,290386,290424,290386,0,1,1
6322,FREE,,0,290424,290424,290424,0,0,1
3358,ALLOC,,0,290424,290424,290424,0,0,1
3359,ADD,VECTOR,37,290424,290461,290424,0,1,1
6323,FREE,,0,290461,290461,290461,0,1,1
6325,FREE,,0,290461,290461,291796,1335,0,0
3311,ALLOC,,0,288589,288589,290867,2278,0,0
3312,ALLOC,,0,288277,288277,290867,2590,0,0
7375,SPILL_IN,MTE2,406,290461,290867,290461,0,1,1
3313,COMPACT,VECTOR,113,290867,290980,290867,0,1,1
6302,FREE,,0,290980,290980,290980,0,1,1
6304,FREE,,0,290980,290980,291427,447,0,0
3324,ALLOC,,0,288687,288687,291361,2674,0,0
3325,MUL,VECTOR,25,290980,291005,291361,381,0,0
6303,FREE,,0,291005,291005,291540,535,0,0
6309,FREE,,0,291005,291005,291386,381,0,0
3328,ALLOC,,0,289537,289537,291403,1866,0,0
3329,ADD,VECTOR,24,291005,291029,291403,398,0,0
6310,FREE,,0,291029,291029,291427,398,0,0
6311,FREE,,0,291029,291029,291427,398,0,0
3379,ALLOC,,0,291029,291029,291427,398,0,0
3380,ALLOC,,0,291029,291029,291427,398,0,0
7391,SPILL_IN,MTE2,406,290980,291386,290980,0,1,1
3381,COMPACT,VECTOR,113,291386,291499,291427,41,0,0
6338,FREE,,0,291499,291499,291563,64,0,0
6336,FREE,,0,291499,291499,292938,1439,0,0
3391,ALLOC,,0,291005,291005,291540,535,0,0
7671,SPILL_IN,MTE2,154,291386,291540,291386,0,1,1
3392,MAX,VECTOR,23,291540,291563,291540,0,1,1
3393,ALLOC,,0,291499,291499,291563,64,0,0
3394,SUB,VECTOR,24,291563,291587,291563,0,1,1
6044,FREE,,0,291587,291587,291587,0,0,1
3395,ALLOC,,0,291587,291587,291587,0,0,1
3396,EXP,VECTOR,31,291587,291618,291587,0,1,1
6345,FREE,,0,291618,291618,291618,0,0,1
3397,ALLOC,,0,291618,291618,291618,0,0,1
3398,SUB,VECTOR,24,291618,291642,291618,0,1,1
6337,FREE,,0,291642,291642,292882,1240,0,0
3399,ALLOC,,0,291642,291642,292882,1240,0,0
3400,EXP,VECTOR,31,291642,291673,292882,1240,0,0
6347,FREE,,0,291673,291673,292913,1240,0,0
3403,ALLOC,,0,291673,291673,292913,1240,0,0
3404,MUL,VECTOR,25,291673,291698,292913,1240,0,0
6051,FREE,,0,291698,291698,293976,2278,0,0
3433,ALLOC,,0,291499,291499,292938,1439,0,0
7681,SPILL_IN,MTE2,406,291540,291946,291796,256,0,0
3434,MUL,VECTOR,38,291946,291984,292938,992,0,0
6067,FREE,,0,291984,291984,292976,992,0,0
3435,ALLOC,,0,291984,291984,292976,992,0,0
7710,SPILL_OUT,MTE3,154,291642,291796,291642,0,1,1
7712,SPILL_OUT,MTE3,406,291796,292202,291796,0,1,1
7679,SPILL_IN,MTE2,406,292202,292608,292202,0,1,1
3436,MUL,VECTOR,38,292608,292646,292976,368,0,0
6068,FREE,,0,292646,292646,293014,368,0,0
6346,FREE,,0,292646,292646,294495,1849,0,0
3426,ALLOC,,0,292646,292646,293014,368,0,0
7714,SPILL_OUT,MTE3,406,292202,292608,292202,0,0,1
7389,SPILL_IN,MTE2,406,292608,293014,292608,0,1,1
3428,MUL,VECTOR,38,293014,293052,293014,0,1,1
6361,FREE,,0,293052,293052,293052,0,0,1
3437,ALLOC,,0,293052,293052,293052,0,0,1
3438,ADD,VECTOR,37,293052,293089,293052,0,1,1
6362,FREE,,0,293089,293089,293089,0,1,1
6365,FREE,,0,293089,293089,293495,406,0,0
3430,ALLOC,,0,293089,293089,293495,406,0,0
7387,SPILL_IN,MTE2,406,293089,293495,293089,0,1,1
3432,MUL,VECTOR,38,293495,293533,293495,0,1,1
6363,FREE,,0,293533,293533,293533,0,0,1
3439,ALLOC,,0,293533,293533,293533,0,0,1
3440,ADD,VECTOR,37,293533,293570,293533,0,1,1
6364,FREE,,0,293570,293570,293570,0,1,1
6366,FREE,,0,293570,293570,294905,1335,0,0
3388,ALLOC,,0,291698,291698,293976,2278,0,0
3389,ALLOC,,0,291499,291499,293976,2477,0,0
7383,SPILL_IN,MTE2,406,293570,293976,293570,0,1,1
3390,COMPACT,VECTOR,113,293976,294089,293976,0,1,1
6341,FREE,,0,294089,294089,294089,0,1,1
6343,FREE,,0,294089,294089,294536,447,0,0
3401,ALLOC,,0,291796,291796,294487,2691,0,0
3402,MUL,VECTOR,25,294089,294114,294487,398,0,0
6342,FREE,,0,294114,294114,294512,398,0,0
6348,FREE,,0,294114,294114,294536,422,0,0
3405,ALLOC,,0,294114,294114,294512,398,0,0
3406,ADD,VECTOR,24,294114,294138,294512,398,0,0
6349,FREE,,0,294138,294138,294649,511,0,0
6350,FREE,,0,294138,294138,294536,398,0,0
3456,ALLOC,,0,294114,294114,294536,422,0,0
3457,ALLOC,,0,294138,294138,294536,398,0,0
7401,SPILL_IN,MTE2,406,294089,294495,294089,0,1,1
3458,COMPACT,VECTOR,113,294495,294608,294536,41,0,0
6377,FREE,,0,294608,294608,294672,64,0,0
6375,FREE,,0,294608,294608,296047,1439,0,0
3468,ALLOC,,0,294138,294138,294649,511,0,0
7677,SPILL_IN,MTE2,154,294495,294649,294495,0,1,1
3469,MAX,VECTOR,23,294649,294672,294649,0,1,1
3470,ALLOC,,0,294608,294608,294672,64,0,0
3471,SUB,VECTOR,24,294672,294696,294672,0,1,1
6083,FREE,,0,294696,294696,294696,0,0,1
3472,ALLOC,,0,294696,294696,294696,0,0,1
3473,EXP,VECTOR,31,294696,294727,294696,0,1,1
6384,FREE,,0,294727,294727,294727,0,0,1
3474,ALLOC,,0,294727,294727,294727,0,0,1
3475,SUB,VECTOR,24,294727,294751,294727,0,1,1
6376,FREE,,0,294751,294751,295991,1240,0,0
3476,ALLOC,,0,294751,294751,295991,1240,0,0
3477,EXP,VECTOR,31,294751,294782,295991,1240,0,0
6386,FREE,,0,294782,294782,296022,1240,0,0
3480,ALLOC,,0,294782,294782,296022,1240,0,0
3481,MUL,VECTOR,25,294782,294807,296022,1240,0,0
6090,FREE,,0,294807,294807,297085,2278,0,0
3506,ALLOC,,0,294608,294608,296047,1439,0,0
7687,SPILL_IN,MTE2,406,294649,295055,294905,256,0,0
3507,MUL,VECTOR,38,295055,295093,296047,992,0,0
6104,FREE,,0,295093,295093,296085,992,0,0
3508,ALLOC,,0,295093,295093,296085,992,0,0
7716,SPILL_OUT,MTE3,154,294751,294905,294751,0,1,1
7718,SPILL_OUT,MTE3,406,294905,295311,294905,0,1,1
7685,SPILL_IN,MTE2,406,295311,295717,295311,0,1,1
3509,MUL,VECTOR,38,295717,295755,296085,368,0,0
6105,FREE,,0,295755,295755,296123,368,0,0
6385,FREE,,0,295755,295755,297604,1849,0,0
3499,ALLOC,,0,295755,295755,296123,368,0,0
7720,SPILL_OUT,MTE3,406,295311,295717,295311,0,0,1
7399,SPILL_IN,MTE2,406,295717,296123,295717,0,1,1
3501,MUL,VECTOR,38,296123,296161,296123,0,1,1
6398,FREE,,0,296161,296161,296161,0,0,1
3510,ALLOC,,0,296161,296161,296161,0,0,1
3511,ADD,VECTOR,37,296161,296198,296161,0,1,1
6399,FREE,,0,296198,296198,296198,0,1,1
6402,FREE,,0,296198,296198,296604,406,0,0
3503,ALLOC,,0,296198,296198,296604,406,0,0
7397,SPILL_IN,MTE2,406,296198,296604,296198,0,1,1
3505,MUL,VECTOR,38,296604,296642,296604,0,1,1
6400,FREE,,0,296642,296642,296642,0,0,1
3512,ALLOC,,0,296642,296642,296642,0,0,1
3513,ADD,VECTOR,37,296642,296679,296642,0,1,1
6401,FREE,,0,296679,296679,296679,0,1,1
6403,FREE,,0,296679,296679,298014,1335,0,0
3465,ALLOC,,0,294807,294807,297085,2278,0,0
3466,ALLOC,,0,294608,294608,297085,2477,0,0
7395,SPILL_IN,MTE2,406,296679,297085,296679,0,1,1
3467,COMPACT,VECTOR,113,297085,297198,297085,0,1,1
6380,FREE,,0,297198,297198,297198,0,1,1
6382,FREE,,0,297198,297198,297645,447,0,0
3478,ALLOC,,0,294905,294905,297596,2691,0,0
3479,MUL,VECTOR,25,297198,297223,297596,398,0,0
6381,FREE,,0,297223,297223,297621,398,0,0
6387,FREE,,0,297223,297223,297645,422,0,0
3482,ALLOC,,0,297223,297223,297621,398,0,0
3483,ADD,VECTOR,24,297223,297247,297621,398,0,0
6388,FREE,,0,297247,297247,297758,511,0,0
6389,FREE,,0,297247,297247,297645,398,0,0
3529,ALLOC,,0,297223,297223,297645,422,0,0
3530,ALLOC,,0,297247,297247,297645,398,0,0
7409,SPILL_IN,MTE2,406,297198,297604,297198,0,1,1
3531,COMPACT,VECTOR,113,297604,297717,297645,41,0,0
6414,FREE,,0,297717,297717,297781,64,0,0
6412,FREE,,0,297717,297717,299156,1439,0,0
3541,ALLOC,,0,297247,297247,297758,511,0,0
7683,SPILL_IN,MTE2,154,297604,297758,297604,0,1,1
3542,MAX,VECTOR,23,297758,297781,297758,0,1,1
3543,ALLOC,,0,297717,297717,297781,64,0,0
3544,SUB,VECTOR,24,297781,297805,297781,0,1,1
6120,FREE,,0,297805,297805,297805,0,0,1
3545,ALLOC,,0,297805,297805,297805,0,0,1
3546,EXP,VECTOR,31,297805,297836,297805,0,1,1
6421,FREE,,0,297836,297836,297836,0,0,1
3547,ALLOC,,0,297836,297836,297836,0,0,1
3548,SUB,VECTOR,24,297836,297860,297836,0,1,1
6413,FREE,,0,297860,297860,299100,1240,0,0
3549,ALLOC,,0,297860,297860,299100,1240,0,0
3550,EXP,VECTOR,31,297860,297891,299100,1240,0,0
6423,FREE,,0,297891,297891,299131,1240,0,0
3553,ALLOC,,0,297891,297891,299131,1240,0,0
3554,MUL,VECTOR,25,297891,297916,299131,1240,0,0
6127,FREE,,0,297916,297916,300194,2278,0,0
3579,ALLOC,,0,297717,297717,299156,1439,0,0
7693,SPILL_IN,MTE2,406,297758,298164,298014,256,0,0
3580,MUL,VECTOR,38,298164,298202,299156,992,0,0
6141,FREE,,0,298202,298202,299194,992,0,0
3581,ALLOC,,0,298202,298202,299194,992,0,0
7722,SPILL_OUT,MTE3,154,297860,298014,297860,0,1,1
7724,SPILL_OUT,MTE3,406,298014,298420,298014,0,1,1
7691,SPILL_IN,MTE2,406,298420,298826,298420,0,1,1
3582,MUL,VECTOR,38,298826,298864,299194,368,0,0
6142,FREE,,0,298864,298864,299232,368,0,0
6422,FREE,,0,298864,298864,300713,1849,0,0
3572,ALLOC,,0,298864,298864,299232,368,0,0
7726,SPILL_OUT,MTE3,406,298420,298826,298420,0,0,1
7407,SPILL_IN,MTE2,406,298826,299232,298826,0,1,1
3574,MUL,VECTOR,38,299232,299270,299232,0,1,1
6435,FREE,,0,299270,299270,299270,0,0,1
3583,ALLOC,,0,299270,299270,299270,0,0,1
3584,ADD,VECTOR,37,299270,299307,299270,0,1,1
6436,FREE,,0,299307,299307,299307,0,1,1
6439,FREE,,0,299307,299307,299713,406,0,0
3576,ALLOC,,0,299307,299307,299713,406,0,0
7405,SPILL_IN,MTE2,406,299307,299713,299307,0,1,1
3578,MUL,VECTOR,38,299713,299751,299713,0,1,1
6437,FREE,,0,299751,299751,299751,0,0,1
3585,ALLOC,,0,299751,299751,299751,0,0,1
3586,ADD,VECTOR,37,299751,299788,299751,0,1,1
6438,FREE,,0,299788,299788,299788,0,1,1
6440,FREE,,0,299788,299788,301063,1275,0,0
3538,ALLOC,,0,297916,297916,300194,2278,0,0
3539,ALLOC,,0,297717,297717,300194,2477,0,0
7403,SPILL_IN,MTE2,406,299788,300194,299788,0,1,1
3540,COMPACT,VECTOR,113,300194,300307,300194,0,1,1
6417,FREE,,0,300307,300307,300307,0,1,1
6419,FREE,,0,300307,300307,300754,447,0,0
3551,ALLOC,,0,298014,298014,300705,2691,0,0
3552,MUL,VECTOR,25,300307,300332,300705,398,0,0
6418,FREE,,0,300332,300332,300730,398,0,0
6424,FREE,,0,300332,300332,300754,422,0,0
3555,ALLOC,,0,300332,300332,300730,398,0,0
3556,ADD,VECTOR,24,300332,300356,300730,398,0,0
6425,FREE,,0,300356,300356,300867,511,0,0
6426,FREE,,0,300356,300356,300754,398,0,0
3602,ALLOC,,0,300332,300332,300754,422,0,0
3603,ALLOC,,0,300356,300356,300754,398,0,0
7417,SPILL_IN,MTE2,406,300307,300713,300307,0,1,1
3604,COMPACT,VECTOR,113,300713,300826,300754,41,0,0
6451,FREE,,0,300826,300826,300890,64,0,0
6449,FREE,,0,300826,300826,301025,199,0,0
3614,ALLOC,,0,300356,300356,300867,511,0,0
7689,SPILL_IN,MTE2,154,300713,300867,300713,0,1,1
3615,MAX,VECTOR,23,300867,300890,300867,0,1,1
3616,ALLOC,,0,300826,300826,300890,64,0,0
3617,SUB,VECTOR,24,300890,300914,300890,0,1,1
6157,FREE,,0,300914,300914,300914,0,0,1
3618,ALLOC,,0,300914,300914,300914,0,0,1
3619,EXP,VECTOR,31,300914,300945,300914,0,1,1
6458,FREE,,0,300945,300945,300945,0,0,1
3620,ALLOC,,0,300945,300945,300945,0,0,1
3621,SUB,VECTOR,24,300945,300969,300945,0,1,1
6450,FREE,,0,300969,300969,300969,0,0,1
3622,ALLOC,,0,300969,300969,300969,0,0,1
3623,EXP,VECTOR,31,300969,301000,300969,0,1,1
6460,FREE,,0,301000,301000,301000,0,0,1
3626,ALLOC,,0,301000,301000,301000,0,0,1
3627,MUL,VECTOR,25,301000,301025,301000,0,1,1
6164,FREE,,0,301025,301025,302469,1444,0,0
3652,ALLOC,,0,300826,300826,301025,199,0,0
3653,MUL,VECTOR,38,301025,301063,301025,0,1,1
6178,FREE,,0,301063,301063,301507,444,0,0
3654,ALLOC,,0,299788,299788,301063,1275,0,0
3655,MUL,VECTOR,38,301063,301101,301063,0,1,1
6179,FREE,,0,301101,301101,301101,0,1,1
6459,FREE,,0,301101,301101,302939,1838,0,0
3645,ALLOC,,0,301063,301063,301507,444,0,0
7415,SPILL_IN,MTE2,406,301101,301507,301101,0,1,1
3647,MUL,VECTOR,38,301507,301545,301507,0,1,1
6472,FREE,,0,301545,301545,301545,0,0,1
3656,ALLOC,,0,301545,301545,301545,0,0,1
3657,ADD,VECTOR,37,301545,301582,301545,0,1,1
6473,FREE,,0,301582,301582,301582,0,1,1
6476,FREE,,0,301582,301582,301988,406,0,0
3649,ALLOC,,0,301582,301582,301988,406,0,0
7413,SPILL_IN,MTE2,406,301582,301988,301582,0,1,1
3651,MUL,VECTOR,38,301988,302026,301988,0,1,1
6474,FREE,,0,302026,302026,302026,0,0,1
3658,ALLOC,,0,302026,302026,302026,0,0,1
3659,ADD,VECTOR,37,302026,302063,302026,0,1,1
6475,FREE,,0,302063,302063,302063,0,1,1
6477,FREE,,0,302063,302063,304131,2068,0,0
3611,ALLOC,,0,301025,301025,302469,1444,0,0
3612,ALLOC,,0,301101,301101,302469,1368,0,0
7411,SPILL_IN,MTE2,406,302063,302469,302063,0,1,1
3613,COMPACT,VECTOR,113,302469,302582,302469,0,1,1
6454,FREE,,0,302582,302582,302582,0,1,1
6456,FREE,,0,302582,302582,302988,406,0,0
3624,ALLOC,,0,301101,301101,302939,1838,0,0
3625,MUL,VECTOR,25,302582,302607,302939,357,0,0
6455,FREE,,0,302607,302607,302964,357,0,0
6461,FREE,,0,302607,302607,303101,494,0,0
3628,ALLOC,,0,302607,302607,302964,357,0,0
3629,ADD,VECTOR,24,302607,302631,302964,357,0,0
6462,FREE,,0,302631,302631,302988,357,0,0
6463,FREE,,0,302631,302631,303124,493,0,0
3675,ALLOC,,0,302631,302631,302988,357,0,0
3676,ALLOC,,0,302582,302582,302988,406,0,0
7425,SPILL_IN,MTE2,406,302582,302988,302582,0,1,1
3677,COMPACT,VECTOR,113,302988,303101,302988,0,1,1
6488,FREE,,0,303101,303101,303357,256,0,0
6486,FREE,,0,303101,303101,303319,218,0,0
3687,ALLOC,,0,302607,302607,303101,494,0,0
3688,MAX,VECTOR,23,303101,303124,303101,0,1,1
3689,ALLOC,,0,302631,302631,303124,493,0,0
3690,SUB,VECTOR,24,303124,303148,303124,0,1,1
6194,FREE,,0,303148,303148,303148,0,0,1
3691,ALLOC,,0,303148,303148,303148,0,0,1
3692,EXP,VECTOR,31,303148,303179,303148,0,1,1
6495,FREE,,0,303179,303179,303179,0,0,1
3693,ALLOC,,0,303179,303179,303179,0,0,1
3694,SUB,VECTOR,24,303179,303203,303179,0,1,1
6487,FREE,,0,303203,303203,303263,60,0,0
3695,ALLOC,,0,303203,303203,303263,60,0,0
3696,EXP,VECTOR,31,303203,303234,303263,60,0,0
6497,FREE,,0,303234,303234,303294,60,0,0
3699,ALLOC,,0,303234,303234,303294,60,0,0
3700,MUL,VECTOR,25,303234,303259,303294,60,0,0
6201,FREE,,0,303259,303259,303763,504,0,0
3725,ALLOC,,0,303101,303101,303319,218,0,0
3726,MUL,VECTOR,38,303259,303297,303319,60,0,0
6215,FREE,,0,303297,303297,303357,60,0,0
3727,ALLOC,,0,302063,302063,304131,2068,0,0
7697,SPILL_IN,MTE2,406,303297,303703,303357,60,0,0
3728,MUL,VECTOR,38,303703,303741,304131,428,0,0
6216,FREE,,0,303741,303741,304169,428,0,0
6496,FREE,,0,303741,303741,305601,1860,0,0
3718,ALLOC,,0,303741,303741,304169,428,0,0
7728,SPILL_OUT,MTE3,154,303203,303357,303203,0,1,1
7730,SPILL_OUT,MTE3,406,303357,303763,303357,0,1,1
7423,SPILL_IN,MTE2,406,303763,304169,303763,0,1,1
3720,MUL,VECTOR,38,304169,304207,304169,0,1,1
6509,FREE,,0,304207,304207,304207,0,0,1
3729,ALLOC,,0,304207,304207,304207,0,0,1
3730,ADD,VECTOR,37,304207,304244,304207,0,1,1
6510,FREE,,0,304244,304244,304244,0,1,1
6513,FREE,,0,304244,304244,304650,406,0,0
3722,ALLOC,,0,304244,304244,304650,406,0,0
7421,SPILL_IN,MTE2,406,304244,304650,304244,0,1,1
3724,MUL,VECTOR,38,304650,304688,304650,0,1,1
6511,FREE,,0,304688,304688,304688,0,0,1
3731,ALLOC,,0,304688,304688,304688,0,0,1
3732,ADD,VECTOR,37,304688,304725,304688,0,1,1
6512,FREE,,0,304725,304725,304725,0,1,1
6514,FREE,,0,304725,304725,306060,1335,0,0
3684,ALLOC,,0,303763,303763,305131,1368,0,0
3685,ALLOC,,0,303297,303297,305131,1834,0,0
7419,SPILL_IN,MTE2,406,304725,305131,304725,0,1,1
3686,COMPACT,VECTOR,113,305131,305244,305131,0,1,1
6491,FREE,,0,305244,305244,305244,0,1,1
6493,FREE,,0,305244,305244,305691,447,0,0
3697,ALLOC,,0,303741,303741,305601,1860,0,0
3698,MUL,VECTOR,25,305244,305269,305601,357,0,0
6492,FREE,,0,305269,305269,305626,357,0,0
6498,FREE,,0,305269,305269,305804,535,0,0
3701,ALLOC,,0,305269,305269,305626,357,0,0
3702,ADD,VECTOR,24,305269,305293,305626,357,0,0
6499,FREE,,0,305293,305293,305650,357,0,0
6500,FREE,,0,305293,305293,305691,398,0,0
3748,ALLOC,,0,305293,305293,305691,398,0,0
3749,ALLOC,,0,305244,305244,305691,447,0,0
7437,SPILL_IN,MTE2,406,305244,305650,305244,0,1,1
3750,COMPACT,VECTOR,113,305650,305763,305691,41,0,0
6525,FREE,,0,305763,305763,308240,2477,0,0
6523,FREE,,0,305763,305763,307202,1439,0,0
3760,ALLOC,,0,305269,305269,305804,535,0,0
7695,SPILL_IN,MTE2,154,305650,305804,305650,0,1,1
3761,MAX,VECTOR,23,305804,305827,305804,0,1,1
3762,ALLOC,,0,303357,303357,305827,2470,0,0
3763,SUB,VECTOR,24,305827,305851,305827,0,1,1
6231,FREE,,0,305851,305851,305851,0,0,1
3764,ALLOC,,0,305851,305851,305851,0,0,1
3765,EXP,VECTOR,31,305851,305882,305851,0,1,1
6532,FREE,,0,305882,305882,305882,0,0,1
3766,ALLOC,,0,305882,305882,305882,0,0,1
3767,SUB,VECTOR,24,305882,305906,305882,0,1,1
6524,FREE,,0,305906,305906,306816,910,0,0
3768,ALLOC,,0,305906,305906,306816,910,0,0
3769,EXP,VECTOR,31,305906,305937,306816,910,0,0
6534,FREE,,0,305937,305937,306847,910,0,0
3772,ALLOC,,0,305937,305937,306847,910,0,0
3773,MUL,VECTOR,25,305937,305962,306847,910,0,0
6238,FREE,,0,305962,305962,306872,910,0,0
3798,ALLOC,,0,305763,305763,307202,1439,0,0
7703,SPILL_IN,MTE2,406,305804,306210,306060,256,0,0
3799,MUL,VECTOR,38,306210,306248,307202,992,0,0
6252,FREE,,0,306248,306248,307240,992,0,0
3800,ALLOC,,0,306248,306248,307240,992,0,0
7732,SPILL_OUT,MTE3,154,305906,306060,305906,0,1,1
7734,SPILL_OUT,MTE3,406,306060,306466,306060,0,1,1
7701,SPILL_IN,MTE2,406,306466,306872,306466,0,1,1
3801,MUL,VECTOR,38,306872,306910,307240,368,0,0
6253,FREE,,0,306910,306910,307278,368,0,0
6533,FREE,,0,306910,306910,308759,1849,0,0
3791,ALLOC,,0,306910,306910,307278,368,0,0
7736,SPILL_OUT,MTE3,406,306466,306872,306466,0,0,1
7435,SPILL_IN,MTE2,406,306872,307278,306872,0,1,1
3793,MUL,VECTOR,38,307278,307316,307278,0,1,1
6546,FREE,,0,307316,307316,307316,0,0,1
3802,ALLOC,,0,307316,307316,307316,0,0,1
3803,ADD,VECTOR,37,307316,307353,307316,0,1,1
6547,FREE,,0,307353,307353,307353,0,1,1
6550,FREE,,0,307353,307353,307759,406,0,0
3795,ALLOC,,0,307353,307353,307759,406,0,0
7433,SPILL_IN,MTE2,406,307353,307759,307353,0,1,1
3797,MUL,VECTOR,38,307759,307797,307759,0,1,1
6548,FREE,,0,307797,307797,307797,0,0,1
3804,ALLOC,,0,307797,307797,307797,0,0,1
3805,ADD,VECTOR,37,307797,307834,307797,0,1,1
6549,FREE,,0,307834,307834,307834,0,1,1
6551,FREE,,0,307834,307834,309169,1335,0,0
3757,ALLOC,,0,306872,306872,308240,1368,0,0
3758,ALLOC,,0,305763,305763,308240,2477,0,0
7429,SPILL_IN,MTE2,406,307834,308240,307834,0,1,1
3759,COMPACT,VECTOR,113,308240,308353,308240,0,1,1
6528,FREE,,0,308353,308353,308353,0,1,1
6530,FREE,,0,308353,308353,308800,447,0,0
3770,ALLOC,,0,306060,306060,308751,2691,0,0
3771,MUL,VECTOR,25,308353,308378,308751,398,0,0
6529,FREE,,0,308378,308378,308776,398,0,0
6535,FREE,,0,308378,308378,308800,422,0,0
3774,ALLOC,,0,308378,308378,308776,398,0,0
3775,ADD,VECTOR,24,308378,308402,308776,398,0,0
6536,FREE,,0,308402,308402,308913,511,0,0
6537,FREE,,0,308402,308402,308936,534,0,0
3821,ALLOC,,0,308378,308378,308800,422,0,0
3822,ALLOC,,0,308353,308353,308800,447,0,0
7447,SPILL_IN,MTE2,406,308353,308759,308353,0,1,1
3823,COMPACT,VECTOR,113,308759,308872,308800,41,0,0
6562,FREE,,0,308872,308872,311349,2477,0,0
6560,FREE,,0,308872,308872,310311,1439,0,0
3833,ALLOC,,0,308402,308402,308913,511,0,0
7699,SPILL_IN,MTE2,154,308759,308913,308759,0,1,1
3834,MAX,VECTOR,23,308913,308936,308913,0,1,1
3835,ALLOC,,0,308402,308402,308936,534,0,0
3836,SUB,VECTOR,24,308936,308960,308936,0,1,1
6268,FREE,,0,308960,308960,308960,0,0,1
3837,ALLOC,,0,308960,308960,308960,0,0,1
3838,EXP,VECTOR,31,308960,308991,308960,0,1,1
6569,FREE,,0,308991,308991,308991,0,0,1
3839,ALLOC,,0,308991,308991,308991,0,0,1
3840,SUB,VECTOR,24,308991,309015,308991,0,1,1
6561,FREE,,0,309015,309015,310255,1240,0,0
3841,ALLOC,,0,309015,309015,310255,1240,0,0
3842,EXP,VECTOR,31,309015,309046,310255,1240,0,0
6571,FREE,,0,309046,309046,310286,1240,0,0
3845,ALLOC,,0,309046,309046,310286,1240,0,0
3846,MUL,VECTOR,25,309046,309071,310286,1240,0,0
6275,FREE,,0,309071,309071,311349,2278,0,0
3871,ALLOC,,0,308872,308872,310311,1439,0,0
7709,SPILL_IN,MTE2,406,308913,309319,309169,256,0,0
3872,MUL,VECTOR,38,309319,309357,310311,992,0,0
6289,FREE,,0,309357,309357,310349,992,0,0
3873,ALLOC,,0,309357,309357,310349,992,0,0
7738,SPILL_OUT,MTE3,154,309015,309169,309015,0,1,1
7740,SPILL_OUT,MTE3,406,309169,309575,309169,0,1,1
7707,SPILL_IN,MTE2,406,309575,309981,309575,0,1,1
3874,MUL,VECTOR,38,309981,310019,310349,368,0,0
6290,FREE,,0,310019,310019,310387,368,0,0
6570,FREE,,0,310019,310019,311868,1849,0,0
3864,ALLOC,,0,310019,310019,310387,368,0,0
7742,SPILL_OUT,MTE3,406,309575,309981,309575,0,0,1
7445,SPILL_IN,MTE2,406,309981,310387,309981,0,1,1
3866,MUL,VECTOR,38,310387,310425,310387,0,1,1
6583,FREE,,0,310425,310425,310425,0,0,1
3875,ALLOC,,0,310425,310425,310425,0,0,1
3876,ADD,VECTOR,37,310425,310462,310425,0,1,1
6584,FREE,,0,310462,310462,310462,0,1,1
6587,FREE,,0,310462,310462,310868,406,0,0
3868,ALLOC,,0,310462,310462,310868,406,0,0
7443,SPILL_IN,MTE2,406,310462,310868,310462,0,1,1
3870,MUL,VECTOR,38,310868,310906,310868,0,1,1
6585,FREE,,0,310906,310906,310906,0,0,1
3877,ALLOC,,0,310906,310906,310906,0,0,1
3878,ADD,VECTOR,37,310906,310943,310906,0,1,1
6586,FREE,,0,310943,310943,310943,0,1,1
6588,FREE,,0,310943,310943,312278,1335,0,0
3830,ALLOC,,0,309071,309071,311349,2278,0,0
3831,ALLOC,,0,308872,308872,311349,2477,0,0
7441,SPILL_IN,MTE2,406,310943,311349,310943,0,1,1
3832,COMPACT,VECTOR,113,311349,311462,311349,0,1,1
6565,FREE,,0,311462,311462,311462,0,1,1
6567,FREE,,0,311462,311462,311909,447,0,0
3843,ALLOC,,0,309169,309169,311860,2691,0,0
3844,MUL,VECTOR,25,311462,311487,311860,398,0,0
6566,FREE,,0,311487,311487,311885,398,0,0
6572,FREE,,0,311487,311487,311909,422,0,0
3847,ALLOC,,0,311487,311487,311885,398,0,0
3848,ADD,VECTOR,24,311487,311511,311885,398,0,0
6573,FREE,,0,311511,311511,312022,511,0,0
6574,FREE,,0,311511,311511,312045,534,0,0
3894,ALLOC,,0,311487,311487,311909,422,0,0
3895,ALLOC,,0,311462,311462,311909,447,0,0
7455,SPILL_IN,MTE2,406,311462,311868,311462,0,1,1
3896,COMPACT,VECTOR,113,311868,311981,311909,41,0,0
6599,FREE,,0,311981,311981,314458,2477,0,0
6597,FREE,,0,311981,311981,313420,1439,0,0
3906,ALLOC,,0,311511,311511,312022,511,0,0
7705,SPILL_IN,MTE2,154,311868,312022,311868,0,1,1
3907,MAX,VECTOR,23,312022,312045,312022,0,1,1
3908,ALLOC,,0,311511,311511,312045,534,0,0
3909,SUB,VECTOR,24,312045,312069,312045,0,1,1
6305,FREE,,0,312069,312069,312069,0,0,1
3910,ALLOC,,0,312069,312069,312069,0,0,1
3911,EXP,VECTOR,31,312069,312100,312069,0,1,1
6606,FREE,,0,312100,312100,312100,0,0,1
3912,ALLOC,,0,312100,312100,312100,0,0,1
3913,SUB,VECTOR,24,312100,312124,312100,0,1,1
6598,FREE,,0,312124,312124,313364,1240,0,0
3914,ALLOC,,0,312124,312124,313364,1240,0,0
3915,EXP,VECTOR,31,312124,312155,313364,1240,0,0
6608,FREE,,0,312155,312155,313395,1240,0,0
3918,ALLOC,,0,312155,312155,313395,1240,0,0
3919,MUL,VECTOR,25,312155,312180,313395,1240,0,0
6312,FREE,,0,312180,312180,314458,2278,0,0
3944,ALLOC,,0,311981,311981,313420,1439,0,0
7715,SPILL_IN,MTE2,406,312022,312428,312278,256,0,0
3945,MUL,VECTOR,38,312428,312466,313420,992,0,0
6326,FREE,,0,312466,312466,313458,992,0,0
3946,ALLOC,,0,312466,312466,313458,992,0,0
7744,SPILL_OUT,MTE3,154,312124,312278,312124,0,1,1
7746,SPILL_OUT,MTE3,406,312278,312684,312278,0,1,1
7713,SPILL_IN,MTE2,406,312684,313090,312684,0,1,1
3947,MUL,VECTOR,38,313090,313128,313458,368,0,0
6327,FREE,,0,313128,313128,313496,368,0,0
6607,FREE,,0,313128,313128,314994,1866,0,0
3937,ALLOC,,0,313128,313128,313496,368,0,0
7748,SPILL_OUT,MTE3,406,312684,313090,312684,0,0,1
7453,SPILL_IN,MTE2,406,313090,313496,313090,0,1,1
3939,MUL,VECTOR,38,313496,313534,313496,0,1,1
6620,FREE,,0,313534,313534,313534,0,0,1
3948,ALLOC,,0,313534,313534,313534,0,0,1
3949,ADD,VECTOR,37,313534,313571,313534,0,1,1
6621,FREE,,0,313571,313571,313571,0,1,1
6624,FREE,,0,313571,313571,313977,406,0,0
3941,ALLOC,,0,313571,313571,313977,406,0,0
7451,SPILL_IN,MTE2,406,313571,313977,313571,0,1,1
3943,MUL,VECTOR,38,313977,314015,313977,0,1,1
6622,FREE,,0,314015,314015,314015,0,0,1
3950,ALLOC,,0,314015,314015,314015,0,0,1
3951,ADD,VECTOR,37,314015,314052,314015,0,1,1
6623,FREE,,0,314052,314052,314052,0,1,1
6625,FREE,,0,314052,314052,315304,1252,0,0
3903,ALLOC,,0,312180,312180,314458,2278,0,0
3904,ALLOC,,0,311981,311981,314458,2477,0,0
7449,SPILL_IN,MTE2,406,314052,314458,314052,0,1,1
3905,COMPACT,VECTOR,113,314458,314571,314458,0,1,1
6602,FREE,,0,314571,314571,314571,0,1,1
6604,FREE,,0,314571,314571,315018,447,0,0
3916,ALLOC,,0,312278,312278,314952,2674,0,0
3917,MUL,VECTOR,25,314571,314596,314952,381,0,0
6603,FREE,,0,314596,314596,314977,381,0,0
6609,FREE,,0,314596,314596,316311,1715,0,0
3920,ALLOC,,0,313128,313128,314994,1866,0,0
3921,ADD,VECTOR,24,314596,314620,314994,398,0,0
6610,FREE,,0,314620,314620,315018,398,0,0
6611,FREE,,0,314620,314620,315131,511,0,0
3971,ALLOC,,0,314620,314620,315018,398,0,0
3972,ALLOC,,0,314571,314571,315018,447,0,0
7463,SPILL_IN,MTE2,406,314571,314977,314571,0,1,1
3973,COMPACT,VECTOR,113,314977,315090,315018,41,0,0
6638,FREE,,0,315090,315090,317484,2394,0,0
6636,FREE,,0,315090,315090,316446,1356,0,0
3983,ALLOC,,0,314620,314620,315131,511,0,0
7711,SPILL_IN,MTE2,154,314977,315131,314977,0,1,1
3984,MAX,VECTOR,23,315131,315154,315131,0,1,1
4042,COPY_OUT,MTE3,150,315154,315304,315154,0,1,1
3985,ALLOC,,0,314596,314596,316311,1715,0,0
3986,SUB,VECTOR,24,315154,315178,316311,1157,0,0
6344,FREE,,0,315178,315178,316335,1157,0,0
3987,ALLOC,,0,315178,315178,316335,1157,0,0
3988,EXP,VECTOR,31,315178,315209,316335,1157,0,0
6645,FREE,,0,315209,315209,316366,1157,0,0
3989,ALLOC,,0,315209,315209,316366,1157,0,0
3990,SUB,VECTOR,24,315209,315233,316366,1157,0,0
6637,FREE,,0,315233,315233,316390,1157,0,0
6644,FREE,,0,315304,315304,316421,1117,0,0
3991,ALLOC,,0,315233,315233,316390,1157,0,0
3992,EXP,VECTOR,31,315233,315264,316390,1157,0,0
6647,FREE,,0,315264,315264,324436,9172,0,0
3995,ALLOC,,0,315304,315304,316421,1117,0,0
3996,MUL,VECTOR,25,315304,315329,316421,1117,0,0
6351,FREE,,0,315329,315329,317484,2155,0,0
4025,ALLOC,,0,315090,315090,316446,1356,0,0
7721,SPILL_IN,MTE2,406,315131,315537,315304,173,0,0
4026,MUL,VECTOR,38,315537,315575,316446,909,0,0
6367,FREE,,0,315575,315575,316484,909,0,0
4027,ALLOC,,0,315575,315575,316484,909,0,0
7750,SPILL_OUT,MTE3,406,315304,315710,315304,0,1,1
7719,SPILL_IN,MTE2,406,315710,316116,315710,0,1,1
4028,MUL,VECTOR,38,316116,316154,316484,368,0,0
6368,FREE,,0,316154,316154,316522,368,0,0
6646,FREE,,0,316154,316154,317597,1443,0,0
4018,ALLOC,,0,316154,316154,316522,368,0,0
7752,SPILL_OUT,MTE3,406,315710,316116,315710,0,0,1
7461,SPILL_IN,MTE2,406,316116,316522,316116,0,1,1
4020,MUL,VECTOR,38,316522,316560,316522,0,1,1
6661,FREE,,0,316560,316560,316560,0,0,1
4029,ALLOC,,0,316560,316560,316560,0,0,1
4030,ADD,VECTOR,37,316560,316597,316560,0,1,1
6662,FREE,,0,316597,316597,316597,0,1,1
6665,FREE,,0,316597,316597,317003,406,0,0
4022,ALLOC,,0,316597,316597,317003,406,0,0
7459,SPILL_IN,MTE2,406,316597,317003,316597,0,1,1
4024,MUL,VECTOR,38,317003,317041,317003,0,1,1
6663,FREE,,0,317041,317041,317041,0,0,1
4031,ALLOC,,0,317041,317041,317041,0,0,1
4032,ADD,VECTOR,37,317041,317078,317041,0,1,1
6664,FREE,,0,317078,317078,317078,0,1,1
6666,FREE,,0,317078,317078,319550,2472,0,0
3980,ALLOC,,0,315329,315329,317484,2155,0,0
3981,ALLOC,,0,315090,315090,317484,2394,0,0
7457,SPILL_IN,MTE2,406,317078,317484,317078,0,1,1
3982,COMPACT,VECTOR,113,317484,317597,317484,0,1,1
6641,FREE,,0,317597,317597,317758,161,0,0
6643,FREE,,0,317597,317597,322159,4562,0,0
3993,ALLOC,,0,316154,316154,317597,1443,0,0
3994,MUL,VECTOR,25,317597,317622,317597,0,1,1
6642,FREE,,0,317622,317622,317622,0,0,1
6648,FREE,,0,317622,317622,317721,99,0,0
3997,ALLOC,,0,317622,317622,317622,0,0,1
3998,ADD,VECTOR,24,317622,317646,317622,0,1,1
6649,FREE,,0,317646,317646,319745,2099,0,0
6650,FREE,,0,317646,317646,318584,938,0,0
4041,COPY_OUT,MTE3,150,317646,317796,317646,0,1,1
4033,ALLOC,,0,317622,317622,317721,99,0,0
4034,REC,VECTOR,37,317646,317683,317721,75,0,0
6651,FREE,,0,317796,317796,319569,1773,0,0
4035,ALLOC,,0,317597,317597,317758,161,0,0
4036,MUL,VECTOR,38,317683,317721,317758,75,0,0
6667,FREE,,0,317721,317721,317949,228,0,0
4039,COPY_OUT,MTE3,191,317796,317987,317796,0,1,1
6670,FREE,,0,317987,317987,319144,1157,0,0
4037,ALLOC,,0,317721,317721,317949,228,0,0
4038,MUL,VECTOR,38,317721,317759,317949,228,0,0
6668,FREE,,0,317759,317759,318738,979,0,0
6669,FREE,,0,317759,317759,319682,1923,0,0
4040,COPY_OUT,MTE3,191,317987,318178,317987,0,1,1
6671,FREE,,0,318178,318178,318178,0,1,1
4058,ALLOC,,0,317796,317796,319569,1773,0,0
4059,ALLOC,,0,259233,259233,319569,60336,0,0
7471,SPILL_IN,MTE2,406,318178,318584,318178,0,1,1
4060,COMPACT,VECTOR,113,318584,318697,319569,985,0,0
6680,FREE,,0,318697,318697,320918,2221,0,0
6678,FREE,,0,318697,318697,319880,1183,0,0
4070,ALLOC,,0,317759,317759,319682,1923,0,0
7717,SPILL_IN,MTE2,154,318584,318738,318584,0,1,1
4071,MAX,VECTOR,23,318738,318761,319682,944,0,0
4125,COPY_OUT,MTE3,150,318761,318911,319705,944,0,0
4072,ALLOC,,0,317646,317646,319745,2099,0,0
4073,SUB,VECTOR,24,318761,318785,319745,984,0,0
6383,FREE,,0,318785,318785,319769,984,0,0
4074,ALLOC,,0,318785,318785,319769,984,0,0
4075,EXP,VECTOR,31,318785,318816,319769,984,0,0
6687,FREE,,0,318816,318816,319800,984,0,0
4076,ALLOC,,0,318816,318816,319800,984,0,0
4077,SUB,VECTOR,24,318816,318840,319800,984,0,0
6679,FREE,,0,318840,318840,319824,984,0,0
6686,FREE,,0,318911,318911,319855,944,0,0
4078,ALLOC,,0,318840,318840,319824,984,0,0
4079,EXP,VECTOR,31,318840,318871,319824,984,0,0
6689,FREE,,0,318871,318871,324436,5565,0,0
4082,ALLOC,,0,318911,318911,319855,944,0,0
4083,MUL,VECTOR,25,318911,318936,319855,944,0,0
6390,FREE,,0,318936,318936,320918,1982,0,0
4108,ALLOC,,0,318697,318697,319880,1183,0,0
7727,SPILL_IN,MTE2,406,318738,319144,318738,0,1,1
4109,MUL,VECTOR,38,319144,319182,319880,736,0,0
6404,FREE,,0,319182,319182,319918,736,0,0
4110,ALLOC,,0,319182,319182,319918,736,0,0
7725,SPILL_IN,MTE2,406,319144,319550,319144,0,1,1
4111,MUL,VECTOR,38,319550,319588,319918,368,0,0
6405,FREE,,0,319588,319588,319956,368,0,0
6688,FREE,,0,319588,319588,321031,1443,0,0
4101,ALLOC,,0,319588,319588,319956,368,0,0
7469,SPILL_IN,MTE2,406,319550,319956,319550,0,1,1
4103,MUL,VECTOR,38,319956,319994,319956,0,1,1
6701,FREE,,0,319994,319994,319994,0,0,1
4112,ALLOC,,0,319994,319994,319994,0,0,1
4113,ADD,VECTOR,37,319994,320031,319994,0,1,1
6702,FREE,,0,320031,320031,320437,406,0,0
6705,FREE,,0,320031,320031,320031,0,1,1
4105,ALLOC,,0,320031,320031,320437,406,0,0
7467,SPILL_IN,MTE2,406,320031,320437,320031,0,1,1
4107,MUL,VECTOR,38,320437,320475,320437,0,1,1
6703,FREE,,0,320475,320475,320475,0,0,1
4114,ALLOC,,0,320475,320475,320475,0,0,1
4115,ADD,VECTOR,37,320475,320512,320475,0,1,1
6704,FREE,,0,320512,320512,320512,0,1,1
6706,FREE,,0,320512,320512,321155,643,0,0
4067,ALLOC,,0,318936,318936,320918,1982,0,0
4068,ALLOC,,0,318697,318697,320918,2221,0,0
7465,SPILL_IN,MTE2,406,320512,320918,320512,0,1,1
4069,COMPACT,VECTOR,113,320918,321031,320918,0,1,1
6683,FREE,,0,321031,321031,321117,86,0,0
6685,FREE,,0,321031,321031,321772,741,0,0
4080,ALLOC,,0,319588,319588,321031,1443,0,0
4081,MUL,VECTOR,25,321031,321056,321031,0,1,1
6684,FREE,,0,321056,321056,321080,24,0,0
6690,FREE,,0,321056,321056,321056,0,0,1
4084,ALLOC,,0,321056,321056,321056,0,0,1
4085,ADD,VECTOR,24,321056,321080,321056,0,1,1
6691,FREE,,0,321080,321080,321948,868,0,0
6692,FREE,,0,321080,321080,321599,519,0,0
4124,COPY_OUT,MTE3,150,321080,321230,321376,296,0,0
4116,ALLOC,,0,321056,321056,321080,24,0,0
4117,REC,VECTOR,37,321080,321117,321080,0,1,1
6693,FREE,,0,321230,321230,321772,542,0,0
4118,ALLOC,,0,321031,321031,321117,86,0,0
4119,MUL,VECTOR,38,321117,321155,321117,0,1,1
6707,FREE,,0,321155,321155,339824,18669,0,0
4122,COPY_OUT,MTE3,191,321230,321421,321526,296,0,0
6710,FREE,,0,321421,321421,321753,332,0,0
4120,ALLOC,,0,320512,320512,321155,643,0,0
4121,MUL,VECTOR,38,321155,321193,321155,0,1,1
6708,FREE,,0,321193,321193,321193,0,1,1
6709,FREE,,0,321193,321193,321885,692,0,0
4123,COPY_OUT,MTE3,191,321421,321612,321717,296,0,0
6711,FREE,,0,321612,321612,322121,509,0,0
4141,ALLOC,,0,321230,321230,321772,542,0,0
4142,ALLOC,,0,321031,321031,321772,741,0,0
7479,SPILL_IN,MTE2,406,321193,321599,321193,0,1,1
4143,COMPACT,VECTOR,113,321599,321712,321772,173,0,0
6720,FREE,,0,321712,321712,340244,18532,0,0
6718,FREE,,0,321712,321712,322083,371,0,0
4153,ALLOC,,0,321193,321193,321885,692,0,0
7723,SPILL_IN,MTE2,154,321599,321753,321599,0,1,1
4154,MAX,VECTOR,23,321753,321776,321885,132,0,0
4208,COPY_OUT,MTE3,150,321776,321926,321908,132,0,0
4155,ALLOC,,0,321080,321080,321948,868,0,0
4156,SUB,VECTOR,24,321776,321800,321948,172,0,0
6420,FREE,,0,321800,321800,321972,172,0,0
4157,ALLOC,,0,321800,321800,321972,172,0,0
4158,EXP,VECTOR,31,321800,321831,321972,172,0,0
6727,FREE,,0,321831,321831,322003,172,0,0
4159,ALLOC,,0,321831,321831,322003,172,0,0
4160,SUB,VECTOR,24,321831,321855,322003,172,0,0
6719,FREE,,0,321855,321855,322027,172,0,0
6726,FREE,,0,321926,321926,322058,132,0,0
4161,ALLOC,,0,321855,321855,322027,172,0,0
4162,EXP,VECTOR,31,321855,321886,322027,172,0,0
6729,FREE,,0,321886,321886,324436,2550,0,0
4165,ALLOC,,0,321926,321926,322058,132,0,0
4166,MUL,VECTOR,25,321926,321951,322058,132,0,0
6427,FREE,,0,321951,321951,323121,1170,0,0
4191,ALLOC,,0,321712,321712,322083,371,0,0
4192,MUL,VECTOR,38,321951,321989,322083,132,0,0
6441,FREE,,0,321989,321989,340244,18255,0,0
4193,ALLOC,,0,321612,321612,322121,509,0,0
4194,MUL,VECTOR,38,321989,322027,322121,132,0,0
6442,FREE,,0,322027,322027,322159,132,0,0
6728,FREE,,0,322027,322027,323234,1207,0,0
4184,ALLOC,,0,322027,322027,322159,132,0,0
7477,SPILL_IN,MTE2,406,321753,322159,321753,0,1,1
4186,MUL,VECTOR,38,322159,322197,322159,0,1,1
6741,FREE,,0,322197,322197,322197,0,0,1
4195,ALLOC,,0,322197,322197,322197,0,0,1
4196,ADD,VECTOR,37,322197,322234,322197,0,1,1
6742,FREE,,0,322234,322234,322234,0,1,1
6745,FREE,,0,322234,322234,322640,406,0,0
4188,ALLOC,,0,322234,322234,322640,406,0,0
7475,SPILL_IN,MTE2,406,322234,322640,322234,0,1,1
4190,MUL,VECTOR,38,322640,322678,322640,0,1,1
6743,FREE,,0,322678,322678,322678,0,0,1
4197,ALLOC,,0,322678,322678,322678,0,0,1
4198,ADD,VECTOR,37,322678,322715,322678,0,1,1
6744,FREE,,0,322715,322715,322715,0,1,1
6746,FREE,,0,322715,322715,323256,541,0,0
4150,ALLOC,,0,321951,321951,323121,1170,0,0
4151,ALLOC,,0,322027,322027,323121,1094,0,0
7473,SPILL_IN,MTE2,406,322715,323121,322715,0,1,1
4152,COMPACT,VECTOR,113,323121,323234,323121,0,1,1
6723,FREE,,0,323234,323234,323395,161,0,0
6725,FREE,,0,323234,323234,325436,2202,0,0
4163,ALLOC,,0,322027,322027,323234,1207,0,0
4164,MUL,VECTOR,25,323234,323259,323234,0,1,1
6724,FREE,,0,323259,323259,324263,1004,0,0
6730,FREE,,0,323259,323259,323259,0,0,1
4167,ALLOC,,0,323259,323259,323259,0,0,1
4168,ADD,VECTOR,24,323259,323283,323259,0,1,1
6731,FREE,,0,323283,323283,323358,75,0,0
6732,FREE,,0,323283,323283,324287,1004,0,0
4207,COPY_OUT,MTE3,150,323283,323433,323283,0,1,1
4199,ALLOC,,0,323283,323283,323358,75,0,0
4200,REC,VECTOR,37,323283,323320,323358,75,0,0
6733,FREE,,0,323433,323433,324169,736,0,0
4201,ALLOC,,0,323234,323234,323395,161,0,0
4202,MUL,VECTOR,38,323320,323358,323395,75,0,0
6747,FREE,,0,323358,323358,324068,710,0,0
4205,COPY_OUT,MTE3,191,323433,323624,323433,0,1,1
6750,FREE,,0,323624,323624,323624,0,1,1
4203,ALLOC,,0,323624,323624,323624,0,1,1
4204,MUL,VECTOR,38,323624,323662,323624,0,1,1
6748,FREE,,0,323662,323662,323662,0,1,1
6749,FREE,,0,323662,323662,324056,394,0,0
4206,COPY_OUT,MTE3,191,323662,323853,323865,203,0,0
6751,FREE,,0,323853,323853,324056,203,0,0
4224,ALLOC,,0,323662,323662,324056,394,0,0
4225,ALLOC,,0,323853,323853,324056,203,0,0
7487,SPILL_IN,MTE2,406,323121,323527,323256,135,0,0
4226,COMPACT,VECTOR,113,323853,323966,324056,203,0,0
6760,FREE,,0,323966,323966,340244,16278,0,0
6758,FREE,,0,323966,323966,324398,432,0,0
4236,ALLOC,,0,323433,323433,324169,736,0,0
4237,MAX,VECTOR,23,323966,323989,324169,203,0,0
4291,COPY_OUT,MTE3,150,323989,324139,324192,203,0,0
4238,ALLOC,,0,323259,323259,324263,1004,0,0
4239,SUB,VECTOR,24,323989,324013,324263,274,0,0
6457,FREE,,0,324013,324013,325549,1536,0,0
4240,ALLOC,,0,323283,323283,324287,1004,0,0
4241,EXP,VECTOR,31,324013,324044,324287,274,0,0
6767,FREE,,0,324044,324044,324318,274,0,0
4242,ALLOC,,0,324044,324044,324318,274,0,0
4243,SUB,VECTOR,24,324044,324068,324318,274,0,0
6759,FREE,,0,324068,324068,327712,3644,0,0
6766,FREE,,0,324139,324139,324342,203,0,0
4244,ALLOC,,0,324139,324139,324342,203,0,0
4245,EXP,VECTOR,31,324139,324170,324342,203,0,0
6769,FREE,,0,324170,324170,324373,203,0,0
4248,ALLOC,,0,324170,324170,324373,203,0,0
4249,MUL,VECTOR,25,324170,324195,324373,203,0,0
6464,FREE,,0,324195,324195,340244,16049,0,0
4274,ALLOC,,0,323966,323966,324398,432,0,0
4275,MUL,VECTOR,38,324195,324233,324398,203,0,0
6478,FREE,,0,324233,324233,324436,203,0,0
4276,ALLOC,,0,324233,324233,324436,203,0,0
7731,SPILL_IN,MTE2,406,323662,324068,323662,0,1,1
4277,MUL,VECTOR,38,324233,324271,324436,203,0,0
6479,FREE,,0,324271,324271,324474,203,0,0
6768,FREE,,0,324271,324271,325436,1165,0,0
4267,ALLOC,,0,324271,324271,324474,203,0,0
7485,SPILL_IN,MTE2,406,324068,324474,324068,0,1,1
4269,MUL,VECTOR,38,324474,324512,324474,0,1,1
6781,FREE,,0,324512,324512,324512,0,0,1
4278,ALLOC,,0,324512,324512,324512,0,0,1
4279,ADD,VECTOR,37,324512,324549,324512,0,1,1
6782,FREE,,0,324549,324549,324549,0,1,1
6785,FREE,,0,324549,324549,324549,0,0,1
4271,ALLOC,,0,324549,324549,324955,406,0,0
7483,SPILL_IN,MTE2,406,324549,324955,324549,0,1,1
4273,MUL,VECTOR,38,324955,324993,324955,0,1,1
6783,FREE,,0,324993,324993,324993,0,0,1
4280,ALLOC,,0,324993,324993,324993,0,0,1
4281,ADD,VECTOR,37,324993,325030,324993,0,1,1
6784,FREE,,0,325030,325030,326168,1138,0,0
6786,FREE,,0,325030,325030,325030,0,1,1
4233,ALLOC,,0,324271,324271,325436,1165,0,0
4234,ALLOC,,0,324549,324549,325436,887,0,0
7481,SPILL_IN,MTE2,406,325030,325436,325030,0,1,1
4235,COMPACT,VECTOR,113,325436,325549,325436,0,1,1
6763,FREE,,0,325549,325549,325710,161,0,0
6765,FREE,,0,325549,325549,328908,3359,0,0
4246,ALLOC,,0,324013,324013,325549,1536,0,0
4247,MUL,VECTOR,25,325549,325574,325549,0,1,1
6764,FREE,,0,325574,325574,327814,2240,0,0
6770,FREE,,0,325574,325574,325574,0,0,1
4250,ALLOC,,0,325574,325574,325574,0,0,1
4251,ADD,VECTOR,24,325574,325598,325574,0,1,1
6771,FREE,,0,325598,325598,326615,1017,0,0
6772,FREE,,0,325598,325598,325673,75,0,0
4290,COPY_OUT,MTE3,150,325598,325748,325598,0,1,1
4282,ALLOC,,0,325598,325598,325673,75,0,0
4283,REC,VECTOR,37,325598,325635,325673,75,0,0
6773,FREE,,0,325748,325748,326574,826,0,0
4284,ALLOC,,0,325549,325549,325710,161,0,0
4285,MUL,VECTOR,38,325635,325673,325710,75,0,0
6787,FREE,,0,325673,325673,327540,1867,0,0
4288,COPY_OUT,MTE3,191,325748,325939,325748,0,1,1
6790,FREE,,0,325939,325939,325939,0,1,1
4286,ALLOC,,0,325939,325939,325939,0,1,1
4287,MUL,VECTOR,38,325939,325977,325939,0,1,1
6788,FREE,,0,325977,325977,327134,1157,0,0
6789,FREE,,0,325977,325977,327735,1758,0,0
4289,COPY_OUT,MTE3,191,325977,326168,325977,0,1,1
6791,FREE,,0,326168,326168,326168,0,1,1
4307,ALLOC,,0,325598,325598,326615,1017,0,0
4308,ALLOC,,0,326168,326168,326615,447,0,0
7495,SPILL_IN,MTE2,406,326168,326574,326168,0,1,1
4309,COMPACT,VECTOR,113,326574,326687,326615,41,0,0
6800,FREE,,0,326687,326687,327870,1183,0,0
6798,FREE,,0,326687,326687,326728,41,0,0
4319,ALLOC,,0,324068,324068,327712,3644,0,0
7729,SPILL_IN,MTE2,154,326574,326728,326574,0,1,1
4320,MAX,VECTOR,23,326728,326751,327712,984,0,0
4374,COPY_OUT,MTE3,150,326751,326901,328920,2169,0,0
4321,ALLOC,,0,325977,325977,327735,1758,0,0
4322,SUB,VECTOR,24,326751,326775,327735,984,0,0
6494,FREE,,0,326775,326775,327759,984,0,0
4323,ALLOC,,0,326775,326775,327759,984,0,0
4324,EXP,VECTOR,31,326775,326806,327759,984,0,0
6807,FREE,,0,326806,326806,327790,984,0,0
4325,ALLOC,,0,326806,326806,327790,984,0,0
4326,SUB,VECTOR,24,326806,326830,327790,984,0,0
6799,FREE,,0,326830,326830,329145,2315,0,0
6806,FREE,,0,326901,326901,331184,4283,0,0
4327,ALLOC,,0,325574,325574,327814,2240,0,0
4328,EXP,VECTOR,31,326830,326861,327814,984,0,0
6809,FREE,,0,326861,326861,327845,984,0,0
4331,ALLOC,,0,326861,326861,327845,984,0,0
4332,MUL,VECTOR,25,326861,326886,327845,984,0,0
6501,FREE,,0,326886,326886,328908,2022,0,0
4357,ALLOC,,0,326687,326687,327870,1183,0,0
7737,SPILL_IN,MTE2,406,326728,327134,326728,0,1,1
4358,MUL,VECTOR,38,327134,327172,327870,736,0,0
6515,FREE,,0,327172,327172,327908,736,0,0
4359,ALLOC,,0,327172,327172,327908,736,0,0
7735,SPILL_IN,MTE2,406,327134,327540,327134,0,1,1
4360,MUL,VECTOR,38,327540,327578,327908,368,0,0
6516,FREE,,0,327578,327578,327946,368,0,0
6808,FREE,,0,327578,327578,329021,1443,0,0
4350,ALLOC,,0,327578,327578,327946,368,0,0
7493,SPILL_IN,MTE2,406,327540,327946,327540,0,1,1
4352,MUL,VECTOR,38,327946,327984,327946,0,1,1
6821,FREE,,0,327984,327984,327984,0,0,1
4361,ALLOC,,0,327984,327984,327984,0,0,1
4362,ADD,VECTOR,37,327984,328021,327984,0,1,1
6822,FREE,,0,328021,328021,328021,0,1,1
6825,FREE,,0,328021,328021,328427,406,0,0
4354,ALLOC,,0,328021,328021,328427,406,0,0
7491,SPILL_IN,MTE2,406,328021,328427,328021,0,1,1
4356,MUL,VECTOR,38,328427,328465,328427,0,1,1
6823,FREE,,0,328465,328465,328465,0,0,1
4363,ALLOC,,0,328465,328465,328465,0,0,1
4364,ADD,VECTOR,37,328465,328502,328465,0,1,1
6824,FREE,,0,328502,328502,328502,0,1,1
6826,FREE,,0,328502,328502,329640,1138,0,0
4316,ALLOC,,0,326886,326886,328908,2022,0,0
4317,ALLOC,,0,325549,325549,328908,3359,0,0
7489,SPILL_IN,MTE2,406,328502,328908,328502,0,1,1
4318,COMPACT,VECTOR,113,328908,329021,328908,0,1,1
6803,FREE,,0,329021,329021,329182,161,0,0
6805,FREE,,0,329021,329021,332380,3359,0,0
4329,ALLOC,,0,327578,327578,329021,1443,0,0
4330,MUL,VECTOR,25,329021,329046,329021,0,1,1
6804,FREE,,0,329046,329046,329046,0,0,1
6810,FREE,,0,329046,329046,332380,3334,0,0
4333,ALLOC,,0,329046,329046,329046,0,0,1
4334,ADD,VECTOR,24,329046,329070,329046,0,1,1
6811,FREE,,0,329070,329070,331207,2137,0,0
6812,FREE,,0,329070,329070,331286,2216,0,0
4373,COPY_OUT,MTE3,150,329070,329220,329070,0,1,1
4365,ALLOC,,0,326830,326830,329145,2315,0,0
4366,REC,VECTOR,37,329070,329107,329145,75,0,0
6813,FREE,,0,329220,329220,330046,826,0,0
4367,ALLOC,,0,329021,329021,329182,161,0,0
4368,MUL,VECTOR,38,329107,329145,329182,75,0,0
6827,FREE,,0,329145,329145,331012,1867,0,0
4371,COPY_OUT,MTE3,191,329220,329411,329220,0,1,1
6830,FREE,,0,329411,329411,329411,0,1,1
4369,ALLOC,,0,329411,329411,329411,0,1,1
4370,MUL,VECTOR,38,329411,329449,329411,0,1,1
6828,FREE,,0,329449,329449,330606,1157,0,0
6829,FREE,,0,329449,329449,330087,638,0,0
4372,COPY_OUT,MTE3,191,329449,329640,329449,0,1,1
6831,FREE,,0,329640,329640,329640,0,1,1
4390,ALLOC,,0,329449,329449,330087,638,0,0
4391,ALLOC,,0,329640,329640,330087,447,0,0
7503,SPILL_IN,MTE2,406,329640,330046,329640,0,1,1
4392,COMPACT,VECTOR,113,330046,330159,330087,41,0,0
6840,FREE,,0,330159,330159,331342,1183,0,0
6838,FREE,,0,330159,330159,330200,41,0,0
4402,ALLOC,,0,326901,326901,331184,4283,0,0
7733,SPILL_IN,MTE2,154,330046,330200,330046,0,1,1
4403,MAX,VECTOR,23,330200,330223,331184,984,0,0
4457,COPY_OUT,MTE3,150,330223,330373,332368,2145,0,0
4404,ALLOC,,0,329070,329070,331207,2137,0,0
4405,SUB,VECTOR,24,330223,330247,331207,984,0,0
6531,FREE,,0,330247,330247,331231,984,0,0
4406,ALLOC,,0,330247,330247,331231,984,0,0
4407,EXP,VECTOR,31,330247,330278,331231,984,0,0
6847,FREE,,0,330278,330278,331262,984,0,0
4408,ALLOC,,0,330278,330278,331262,984,0,0
4409,SUB,VECTOR,24,330278,330302,331262,984,0,0
6839,FREE,,0,330302,330302,332493,2191,0,0
6846,FREE,,0,330373,330373,332518,2145,0,0
4410,ALLOC,,0,329070,329070,331286,2216,0,0
4411,EXP,VECTOR,31,330302,330333,331286,984,0,0
6849,FREE,,0,330333,330333,331317,984,0,0
4414,ALLOC,,0,330333,330333,331317,984,0,0
4415,MUL,VECTOR,25,330333,330358,331317,984,0,0
6538,FREE,,0,330358,330358,340244,9886,0,0
4440,ALLOC,,0,330159,330159,331342,1183,0,0
7743,SPILL_IN,MTE2,406,330200,330606,330200,0,1,1
4441,MUL,VECTOR,38,330606,330644,331342,736,0,0
6552,FREE,,0,330644,330644,331380,736,0,0
4442,ALLOC,,0,330644,330644,331380,736,0,0
7741,SPILL_IN,MTE2,406,330606,331012,330606,0,1,1
4443,MUL,VECTOR,38,331012,331050,331380,368,0,0
6553,FREE,,0,331050,331050,331418,368,0,0
6848,FREE,,0,331050,331050,340244,9194,0,0
4433,ALLOC,,0,331050,331050,331418,368,0,0
7501,SPILL_IN,MTE2,406,331012,331418,331012,0,1,1
4435,MUL,VECTOR,38,331418,331456,331418,0,1,1
6861,FREE,,0,331456,331456,331456,0,0,1
4444,ALLOC,,0,331456,331456,331456,0,0,1
4445,ADD,VECTOR,37,331456,331493,331456,0,1,1
6862,FREE,,0,331493,331493,331493,0,1,1
6865,FREE,,0,331493,331493,331899,406,0,0
4437,ALLOC,,0,331493,331493,331899,406,0,0
7499,SPILL_IN,MTE2,406,331493,331899,331493,0,1,1
4439,MUL,VECTOR,38,331899,331937,331899,0,1,1
6863,FREE,,0,331937,331937,331937,0,0,1
4446,ALLOC,,0,331937,331937,331937,0,0,1
4447,ADD,VECTOR,37,331937,331974,331937,0,1,1
6864,FREE,,0,331974,331974,331974,0,1,1
6866,FREE,,0,331974,331974,333112,1138,0,0
4399,ALLOC,,0,329046,329046,332380,3334,0,0
4400,ALLOC,,0,329021,329021,332380,3359,0,0
7497,SPILL_IN,MTE2,406,331974,332380,331974,0,1,1
4401,COMPACT,VECTOR,113,332380,332493,332380,0,1,1
6843,FREE,,0,332493,332493,332654,161,0,0
6845,FREE,,0,332493,332493,334191,1698,0,0
4412,ALLOC,,0,330302,330302,332493,2191,0,0
4413,MUL,VECTOR,25,332493,332518,332493,0,1,1
6844,FREE,,0,332518,332518,340244,7726,0,0
6850,FREE,,0,332518,332518,340244,7726,0,0
4416,ALLOC,,0,330373,330373,332518,2145,0,0
4417,ADD,VECTOR,24,332518,332542,332518,0,1,1
6851,FREE,,0,332542,332542,332617,75,0,0
6852,FREE,,0,332542,332542,340244,7702,0,0
4456,COPY_OUT,MTE3,150,332542,332692,332542,0,1,1
4448,ALLOC,,0,332542,332542,332617,75,0,0
4449,REC,VECTOR,37,332542,332579,332617,75,0,0
6853,FREE,,0,332692,332692,334729,2037,0,0
4450,ALLOC,,0,332493,332493,332654,161,0,0
4451,MUL,VECTOR,38,332579,332617,332654,75,0,0
6867,FREE,,0,332617,332617,334597,1980,0,0
4454,COPY_OUT,MTE3,191,332692,332883,332692,0,1,1
6870,FREE,,0,332883,332883,332883,0,1,1
4452,ALLOC,,0,332883,332883,332883,0,1,1
4453,MUL,VECTOR,38,332883,332921,332883,0,1,1
6868,FREE,,0,332921,332921,333785,864,0,0
6869,FREE,,0,332921,332921,333518,597,0,0
4455,COPY_OUT,MTE3,191,332921,333112,332921,0,1,1
6871,FREE,,0,333112,333112,333112,0,1,1
4473,ALLOC,,0,332921,332921,333518,597,0,0
4474,ALLOC,,0,333112,333112,333518,406,0,0
7511,SPILL_IN,MTE2,406,333112,333518,333112,0,1,1
4475,COMPACT,VECTOR,113,333518,333631,333518,0,1,1
6880,FREE,,0,333631,333631,333631,0,1,1
6878,FREE,,0,333631,333631,333785,154,0,0
4485,ALLOC,,0,332692,332692,334729,2037,0,0
7739,SPILL_IN,MTE2,154,333631,333785,333631,0,1,1
4486,MAX,VECTOR,23,333785,333808,334729,944,0,0
4540,COPY_OUT,MTE3,150,333808,333958,334752,944,0,0
4487,ALLOC,,0,333631,333631,334792,1161,0,0
4488,SUB,VECTOR,24,333808,333832,334792,984,0,0
6568,FREE,,0,333832,333832,334816,984,0,0
4489,ALLOC,,0,333832,333832,334816,984,0,0
4490,EXP,VECTOR,31,333832,333863,334816,984,0,0
6887,FREE,,0,333863,333863,334847,984,0,0
4491,ALLOC,,0,333863,333863,334847,984,0,0
4492,SUB,VECTOR,24,333863,333887,334847,984,0,0
6879,FREE,,0,333887,333887,334871,984,0,0
6886,FREE,,0,333958,333958,334902,944,0,0
4493,ALLOC,,0,333887,333887,334871,984,0,0
4494,EXP,VECTOR,31,333887,333918,334871,984,0,0
6889,FREE,,0,333918,333918,334927,1009,0,0
4497,ALLOC,,0,333958,333958,334902,944,0,0
4498,MUL,VECTOR,25,333958,333983,334902,944,0,0
6575,FREE,,0,333983,333983,340244,6261,0,0
4523,ALLOC,,0,333918,333918,334927,1009,0,0
7749,SPILL_IN,MTE2,406,333785,334191,333785,0,1,1
4524,MUL,VECTOR,38,334191,334229,334927,736,0,0
6589,FREE,,0,334229,334229,334965,736,0,0
4525,ALLOC,,0,334229,334229,334965,736,0,0
7747,SPILL_IN,MTE2,406,334191,334597,334191,0,1,1
4526,MUL,VECTOR,38,334597,334635,334965,368,0,0
6590,FREE,,0,334635,334635,335003,368,0,0
6888,FREE,,0,334635,334635,335484,849,0,0
4516,ALLOC,,0,334635,334635,335003,368,0,0
7509,SPILL_IN,MTE2,406,334597,335003,334597,0,1,1
4518,MUL,VECTOR,38,335003,335041,335003,0,1,1
6901,FREE,,0,335041,335041,335041,0,0,1
4527,ALLOC,,0,335041,335041,335041,0,0,1
4528,ADD,VECTOR,37,335041,335078,335041,0,1,1
6902,FREE,,0,335078,335078,335078,0,1,1
6905,FREE,,0,335078,335078,335484,406,0,0
4520,ALLOC,,0,335078,335078,335484,406,0,0
7507,SPILL_IN,MTE2,406,335078,335484,335078,0,1,1
4522,MUL,VECTOR,38,335484,335522,335484,0,1,1
6903,FREE,,0,335522,335522,335522,0,0,1
4529,ALLOC,,0,335522,335522,335522,0,0,1
4530,ADD,VECTOR,37,335522,335559,335522,0,1,1
6904,FREE,,0,335559,335559,335559,0,1,1
6906,FREE,,0,335559,335559,336697,1138,0,0
4482,ALLOC,,0,332493,332493,335965,3472,0,0
4483,ALLOC,,0,332493,332493,335965,3472,0,0
7505,SPILL_IN,MTE2,406,335559,335965,335559,0,1,1
4484,COMPACT,VECTOR,113,335965,336078,335965,0,1,1
6883,FREE,,0,336078,336078,336239,161,0,0
6885,FREE,,0,336078,336078,336078,0,0,1
4495,ALLOC,,0,336078,336078,336078,0,0,1
4496,MUL,VECTOR,25,336078,336103,336078,0,1,1
6884,FREE,,0,336103,336103,336103,0,0,1
6890,FREE,,0,336103,336103,340244,4141,0,0
4499,ALLOC,,0,336103,336103,336103,0,0,1
4500,ADD,VECTOR,24,336103,336127,336103,0,1,1
6891,FREE,,0,336127,336127,336202,75,0,0
6892,FREE,,0,336127,336127,340244,4117,0,0
4539,COPY_OUT,MTE3,150,336127,336277,336127,0,1,1
4531,ALLOC,,0,336127,336127,336202,75,0,0
4532,REC,VECTOR,37,336127,336164,336202,75,0,0
6893,FREE,,0,336277,336277,337776,1499,0,0
4533,ALLOC,,0,336078,336078,336239,161,0,0
4534,MUL,VECTOR,38,336164,336202,336239,75,0,0
6907,FREE,,0,336202,336202,338182,1980,0,0
4537,COPY_OUT,MTE3,191,336277,336468,336277,0,1,1
6910,FREE,,0,336468,336468,336468,0,1,1
4535,ALLOC,,0,336468,336468,336468,0,1,1
4536,MUL,VECTOR,38,336468,336506,336468,0,1,1
6908,FREE,,0,336506,336506,337370,864,0,0
6909,FREE,,0,336506,336506,337776,1270,0,0
4538,COPY_OUT,MTE3,191,336506,336697,336506,0,1,1
6911,FREE,,0,336697,336697,336697,0,1,1
4556,ALLOC,,0,336697,336697,337103,406,0,0
4557,ALLOC,,0,336697,336697,337103,406,0,0
7519,SPILL_IN,MTE2,406,336697,337103,336697,0,1,1
4558,COMPACT,VECTOR,113,337103,337216,337103,0,1,1
6920,FREE,,0,337216,337216,337216,0,1,1
6918,FREE,,0,337216,337216,337370,154,0,0
4568,ALLOC,,0,337216,337216,338314,1098,0,0
7745,SPILL_IN,MTE2,154,337216,337370,337216,0,1,1
4569,MAX,VECTOR,23,337370,337393,338314,944,0,0
4623,COPY_OUT,MTE3,150,337393,337543,338337,944,0,0
4570,ALLOC,,0,337216,337216,338377,1161,0,0
4571,SUB,VECTOR,24,337393,337417,338377,984,0,0
6605,FREE,,0,337417,337417,338401,984,0,0
4572,ALLOC,,0,337417,337417,338401,984,0,0
4573,EXP,VECTOR,31,337417,337448,338401,984,0,0
6927,FREE,,0,337448,337448,338432,984,0,0
4574,ALLOC,,0,337448,337448,338432,984,0,0
4575,SUB,VECTOR,24,337448,337472,338432,984,0,0
6919,FREE,,0,337472,337472,338456,984,0,0
6926,FREE,,0,337543,337543,338487,944,0,0
4576,ALLOC,,0,337472,337472,338456,984,0,0
4577,EXP,VECTOR,31,337472,337503,338456,984,0,0
6929,FREE,,0,337503,337503,338512,1009,0,0
4580,ALLOC,,0,337543,337543,338487,944,0,0
4581,MUL,VECTOR,25,337543,337568,338487,944,0,0
6612,FREE,,0,337568,337568,340244,2676,0,0
4606,ALLOC,,0,337503,337503,338512,1009,0,0
7753,SPILL_IN,MTE2,406,337370,337776,337370,0,1,1
4607,MUL,VECTOR,38,337776,337814,338512,736,0,0
6626,FREE,,0,337814,337814,338550,736,0,0
4608,ALLOC,,0,337814,337814,338550,736,0,0
7751,SPILL_IN,MTE2,406,337776,338182,337776,0,1,1
4609,MUL,VECTOR,38,338182,338220,338550,368,0,0
6627,FREE,,0,338220,338220,338588,368,0,0
6928,FREE,,0,338220,338220,339069,849,0,0
4599,ALLOC,,0,338220,338220,338588,368,0,0
7517,SPILL_IN,MTE2,406,338182,338588,338182,0,1,1
4601,MUL,VECTOR,38,338588,338626,338588,0,1,1
6941,FREE,,0,338626,338626,338626,0,0,1
4610,ALLOC,,0,338626,338626,338626,0,0,1
4611,ADD,VECTOR,37,338626,338663,338626,0,1,1
6942,FREE,,0,338663,338663,338663,0,1,1
6945,FREE,,0,338663,338663,339069,406,0,0
4603,ALLOC,,0,338663,338663,339069,406,0,0
7515,SPILL_IN,MTE2,406,338663,339069,338663,0,1,1
4605,MUL,VECTOR,38,339069,339107,339069,0,1,1
6943,FREE,,0,339107,339107,339107,0,0,1
4612,ALLOC,,0,339107,339107,339107,0,0,1
4613,ADD,VECTOR,37,339107,339144,339107,0,1,1
6944,FREE,,0,339144,339144,339144,0,1,1
6946,FREE,,0,339144,339144,340244,1100,0,0
4565,ALLOC,,0,336078,336078,339550,3472,0,0
4566,ALLOC,,0,336078,336078,339550,3472,0,0
7513,SPILL_IN,MTE2,406,339144,339550,339144,0,1,1
4567,COMPACT,VECTOR,113,339550,339663,339550,0,1,1
6923,FREE,,0,339663,339663,340244,581,0,0
6925,FREE,,0,339663,339663,339663,0,0,1
4578,ALLOC,,0,339663,339663,339663,0,0,1
4579,MUL,VECTOR,25,339663,339688,339663,0,1,1
6924,FREE,,0,339688,339688,339688,0,0,1
6930,FREE,,0,339688,339688,340244,556,0,0
4582,ALLOC,,0,339688,339688,339688,0,0,1
4583,ADD,VECTOR,24,339688,339712,339688,0,1,1
6931,FREE,,0,339712,339712,339787,75,0,0
6932,FREE,,0,339712,339712,340244,532,0,0
4622,COPY_OUT,MTE3,150,339712,339862,339712,0,1,1
4614,ALLOC,,0,339712,339712,339787,75,0,0
4615,REC,VECTOR,37,339712,339749,339787,75,0,0
6933,FREE,,0,339862,339862,340244,382,0,0
4616,ALLOC,,0,321155,321155,339824,18669,0,0
4617,MUL,VECTOR,38,339749,339787,339824,75,0,0
6947,FREE,,0,339787,339787,340015,228,0,0
4620,COPY_OUT,MTE3,191,339862,340053,339862,0,1,1
6950,FREE,,0,340053,340053,340244,191,0,0
4618,ALLOC,,0,339787,339787,340015,228,0,0
4619,MUL,VECTOR,38,339787,339825,340015,228,0,0
6948,FREE,,0,339825,339825,340244,419,0,0
6949,FREE,,0,339825,339825,340244,419,0,0
4621,COPY_OUT,MTE3,191,340053,340244,340053,0,1,1
6951,FREE,,0,340244,340244,340244,0,0,1
