pipe,node_id,start,finish,cycles
CUBE,9,681,809,128
CUBE,18,1331,1459,128
CUBE,27,1981,2109,128
CUBE,36,2631,2759,128
CUBE,45,3281,3409,128
CUBE,54,3931,4059,128
CUBE,63,4581,4709,128
CUBE,72,5231,5359,128
CUBE,81,5881,6009,128
CUBE,90,6531,6659,128
CUBE,99,7181,7309,128
CUBE,108,7831,7959,128
CUBE,117,8481,8609,128
CUBE,126,9131,9259,128
CUBE,135,9781,9909,128
CUBE,144,10431,10559,128
CUBE,153,10822,10950,128
CUBE,160,11112,11240,128
CUBE,167,11468,11596,128
CUBE,174,11824,11952,128
CUBE,181,12180,12308,128
CUBE,188,12536,12664,128
CUBE,195,12892,13020,128
CUBE,202,13248,13376,128
CUBE,209,13604,13732,128
CUBE,216,13960,14088,128
CUBE,223,14316,14444,128
CUBE,230,14672,14800,128
CUBE,237,15028,15156,128
CUBE,244,15384,15512,128
CUBE,251,15740,15868,128
CUBE,258,16096,16224,128
CUBE,267,16487,16615,128
CUBE,274,16808,16936,128
CUBE,281,17164,17292,128
CUBE,288,17520,17648,128
CUBE,295,17876,18004,128
CUBE,302,18232,18360,128
CUBE,309,18588,18716,128
CUBE,316,18944,19072,128
CUBE,323,19300,19428,128
CUBE,330,19656,19784,128
CUBE,337,20012,20140,128
CUBE,344,20368,20496,128
CUBE,351,20724,20852,128
CUBE,358,21080,21208,128
CUBE,365,21436,21564,128
CUBE,372,21792,21920,128
CUBE,381,22183,22311,128
CUBE,388,22504,22632,128
CUBE,395,22860,22988,128
CUBE,402,23216,23344,128
CUBE,409,23572,23700,128
CUBE,416,23928,24056,128
CUBE,423,24284,24412,128
CUBE,430,24640,24768,128
CUBE,437,24996,25124,128
CUBE,444,25352,25480,128
CUBE,451,25708,25836,128
CUBE,458,26064,26192,128
CUBE,465,26420,26548,128
CUBE,472,26776,26904,128
CUBE,479,27132,27260,128
CUBE,486,27488,27616,128
CUBE,495,27879,28007,128
CUBE,502,28200,28328,128
CUBE,509,28556,28684,128
CUBE,516,28912,29040,128
CUBE,523,29268,29396,128
CUBE,530,29624,29752,128
CUBE,537,29980,30108,128
CUBE,544,30336,30464,128
CUBE,551,30692,30820,128
CUBE,558,31048,31176,128
CUBE,565,31404,31532,128
CUBE,572,31760,31888,128
CUBE,579,32116,32244,128
CUBE,586,32472,32600,128
CUBE,593,32828,32956,128
CUBE,600,33184,33312,128
CUBE,609,33575,33703,128
CUBE,616,33896,34024,128
CUBE,623,34252,34380,128
CUBE,630,34608,34736,128
CUBE,637,34964,35092,128
CUBE,644,35320,35448,128
CUBE,651,35676,35804,128
CUBE,658,36032,36160,128
CUBE,665,36388,36516,128
CUBE,672,36744,36872,128
CUBE,679,37100,37228,128
CUBE,686,37456,37584,128
CUBE,693,37812,37940,128
CUBE,700,38168,38296,128
CUBE,707,38524,38652,128
CUBE,714,38880,39008,128
CUBE,723,39271,39399,128
CUBE,730,39592,39720,128
CUBE,737,39948,40076,128
CUBE,744,40304,40432,128
CUBE,751,40660,40788,128
CUBE,758,41016,41144,128
CUBE,765,41372,41500,128
CUBE,772,41728,41856,128
CUBE,779,42084,42212,128
CUBE,786,42440,42568,128
CUBE,793,42796,42924,128
CUBE,800,43152,43280,128
CUBE,807,43508,43636,128
CUBE,814,43864,43992,128
CUBE,821,44220,44348,128
CUBE,828,44576,44704,128
CUBE,837,44967,45095,128
CUBE,844,45288,45416,128
CUBE,851,45644,45772,128
CUBE,858,46000,46128,128
CUBE,865,46356,46484,128
CUBE,872,46712,46840,128
CUBE,879,47068,47196,128
CUBE,886,47424,47552,128
CUBE,893,47780,47908,128
CUBE,900,48136,48264,128
CUBE,907,48492,48620,128
CUBE,914,48848,48976,128
CUBE,921,49204,49332,128
CUBE,928,49560,49688,128
CUBE,935,49916,50044,128
CUBE,942,50272,50400,128
CUBE,951,50663,50791,128
CUBE,958,50984,51112,128
CUBE,965,51340,51468,128
CUBE,972,51696,51824,128
CUBE,979,52052,52180,128
CUBE,986,52408,52536,128
CUBE,993,52764,52892,128
CUBE,1000,53120,53248,128
CUBE,1007,53476,53604,128
CUBE,1014,53832,53960,128
CUBE,1021,54188,54316,128
CUBE,1028,54544,54672,128
CUBE,1035,54900,55028,128
CUBE,1042,55256,55384,128
CUBE,1049,55612,55740,128
CUBE,1056,55968,56096,128
CUBE,1065,56359,56487,128
CUBE,1072,56680,56808,128
CUBE,1079,57036,57164,128
CUBE,1086,57392,57520,128
CUBE,1093,57748,57876,128
CUBE,1100,58104,58232,128
CUBE,1107,58460,58588,128
CUBE,1114,58816,58944,128
CUBE,1121,59172,59300,128
CUBE,1128,59528,59656,128
CUBE,1135,59884,60012,128
CUBE,1142,60240,60368,128
CUBE,1149,60596,60724,128
CUBE,1156,60952,61080,128
CUBE,1163,61308,61436,128
CUBE,1170,61664,61792,128
CUBE,1179,62055,62183,128
CUBE,1186,62376,62504,128
CUBE,1193,62732,62860,128
CUBE,1200,63088,63216,128
CUBE,1207,63444,63572,128
CUBE,1214,63800,63928,128
CUBE,1221,64156,64284,128
CUBE,1228,64512,64640,128
CUBE,1235,64868,64996,128
CUBE,1242,65224,65352,128
CUBE,1249,65580,65708,128
CUBE,1256,65936,66064,128
CUBE,1263,66292,66420,128
CUBE,1270,66648,66776,128
CUBE,1277,67004,67132,128
CUBE,1284,67360,67488,128
CUBE,1293,67751,67879,128
CUBE,1300,68072,68200,128
CUBE,1307,68428,68556,128
CUBE,1314,68784,68912,128
CUBE,1321,69140,69268,128
CUBE,1328,69496,69624,128
CUBE,1335,69852,69980,128
CUBE,1342,70208,70336,128
CUBE,1349,70564,70692,128
CUBE,1356,70920,71048,128
CUBE,1363,71276,71404,128
CUBE,1370,71632,71760,128
CUBE,1377,71988,72116,128
CUBE,1384,72344,72472,128
CUBE,1391,72700,72828,128
CUBE,1398,73056,73184,128
CUBE,1407,73447,73575,128
CUBE,1414,73768,73896,128
CUBE,1421,74124,74252,128
CUBE,1428,74480,74608,128
CUBE,1435,74836,74964,128
CUBE,1442,75192,75320,128
CUBE,1449,75548,75676,128
CUBE,1456,75904,76032,128
CUBE,1463,76260,76388,128
CUBE,1470,76616,76744,128
CUBE,1477,76972,77100,128
CUBE,1484,77328,77456,128
CUBE,1491,77684,77812,128
CUBE,1498,78040,78168,128
CUBE,1505,78396,78524,128
CUBE,1512,78752,78880,128
CUBE,1521,79143,79271,128
CUBE,1528,79464,79592,128
CUBE,1535,79820,79948,128
CUBE,1542,80176,80304,128
CUBE,1549,80532,80660,128
CUBE,1556,80888,81016,128
CUBE,1563,81244,81372,128
CUBE,1570,81600,81728,128
CUBE,1577,81956,82084,128
CUBE,1584,82312,82440,128
CUBE,1591,82668,82796,128
CUBE,1598,83024,83152,128
CUBE,1605,83380,83508,128
CUBE,1612,83736,83864,128
CUBE,1619,84092,84220,128
CUBE,1626,84448,84576,128
CUBE,1635,84839,84967,128
CUBE,1642,85160,85288,128
CUBE,1649,85516,85644,128
CUBE,1656,85872,86000,128
CUBE,1663,86228,86356,128
CUBE,1670,86584,86712,128
CUBE,1677,86940,87068,128
CUBE,1684,87296,87424,128
CUBE,1691,87652,87780,128
CUBE,1698,88008,88136,128
CUBE,1705,88364,88492,128
CUBE,1712,88720,88848,128
CUBE,1719,89076,89204,128
CUBE,1726,89432,89560,128
CUBE,1733,89788,89916,128
CUBE,1740,90144,90272,128
CUBE,1749,90659,90787,128
CUBE,1756,91174,91302,128
CUBE,1763,91689,91817,128
CUBE,1770,92204,92332,128
CUBE,1777,92719,92847,128
CUBE,1784,93234,93362,128
CUBE,1791,93749,93877,128
CUBE,1798,94264,94392,128
CUBE,1805,94779,94907,128
CUBE,1812,95294,95422,128
CUBE,1819,95809,95937,128
CUBE,1826,96324,96452,128
CUBE,1833,96839,96967,128
CUBE,1840,97354,97482,128
CUBE,1847,97869,97997,128
CUBE,1854,98384,98512,128
CUBE,1863,98899,99027,128
CUBE,1870,99414,99542,128
CUBE,1877,99929,100057,128
CUBE,1884,100444,100572,128
CUBE,1891,100959,101087,128
CUBE,1898,101474,101602,128
CUBE,1905,101989,102117,128
CUBE,1912,102504,102632,128
CUBE,1919,103019,103147,128
CUBE,1926,103534,103662,128
CUBE,1933,104049,104177,128
CUBE,1940,104564,104692,128
CUBE,1947,105079,105207,128
CUBE,1954,105594,105722,128
CUBE,1961,106356,106484,128
CUBE,1968,107118,107246,128
CUBE,1975,107509,107637,128
CUBE,1980,107745,107873,128
CUBE,1985,108182,108310,128
CUBE,1990,108619,108747,128
CUBE,1995,109056,109184,128
CUBE,2000,109493,109621,128
CUBE,2005,109930,110058,128
CUBE,2010,110367,110495,128
CUBE,2015,110804,110932,128
CUBE,2020,111241,111369,128
CUBE,2025,111678,111806,128
CUBE,2030,112115,112243,128
CUBE,2035,112552,112680,128
CUBE,2040,112989,113117,128
CUBE,2045,113426,113554,128
CUBE,2050,113863,113991,128
CUBE,2057,114300,114428,128
CUBE,2062,114737,114865,128
CUBE,2067,115174,115302,128
CUBE,2072,115611,115739,128
CUBE,2077,116048,116176,128
CUBE,2082,116485,116613,128
CUBE,2087,116922,117050,128
CUBE,2092,117359,117487,128
CUBE,2097,117796,117924,128
CUBE,2102,118233,118361,128
CUBE,2107,118670,118798,128
CUBE,2112,119107,119235,128
CUBE,2117,119544,119672,128
CUBE,2122,119981,120109,128
CUBE,2127,120418,120546,128
CUBE,2132,120855,120983,128
CUBE,2139,121292,121420,128
CUBE,2144,121729,121857,128
CUBE,2149,122166,122294,128
CUBE,2154,122603,122731,128
CUBE,2159,123040,123168,128
CUBE,2164,123477,123605,128
CUBE,2169,123914,124042,128
CUBE,2174,124351,124479,128
CUBE,2179,124788,124916,128
CUBE,2184,125225,125353,128
CUBE,2189,125662,125790,128
CUBE,2194,126099,126227,128
CUBE,2199,126536,126664,128
CUBE,2204,126973,127101,128
CUBE,2209,127410,127538,128
CUBE,2214,127847,127975,128
CUBE,2221,128284,128412,128
CUBE,2226,128721,128849,128
CUBE,2231,129158,129286,128
CUBE,2236,129595,129723,128
CUBE,2241,130032,130160,128
CUBE,2246,130469,130597,128
CUBE,2251,130906,131034,128
CUBE,2256,131343,131471,128
CUBE,2261,131780,131908,128
CUBE,2266,132217,132345,128
CUBE,2271,132654,132782,128
CUBE,2276,133091,133219,128
CUBE,2281,133528,133656,128
CUBE,2286,133965,134093,128
CUBE,2291,134402,134530,128
CUBE,2296,134839,134967,128
CUBE,2303,135276,135404,128
CUBE,2308,135713,135841,128
CUBE,2313,136150,136278,128
CUBE,2318,136587,136715,128
CUBE,2323,137024,137152,128
CUBE,2328,137461,137589,128
CUBE,2333,137898,138026,128
CUBE,2338,138335,138463,128
CUBE,2343,138772,138900,128
CUBE,2348,139209,139337,128
CUBE,2353,139646,139774,128
CUBE,2358,140083,140211,128
CUBE,2363,140520,140648,128
CUBE,2368,140957,141085,128
CUBE,2373,141394,141522,128
CUBE,2378,141831,141959,128
CUBE,2385,142268,142396,128
CUBE,2390,142705,142833,128
CUBE,2395,143142,143270,128
CUBE,2400,143579,143707,128
CUBE,2405,144016,144144,128
CUBE,2410,144453,144581,128
CUBE,2415,144890,145018,128
CUBE,2420,145327,145455,128
CUBE,2425,145764,145892,128
CUBE,2430,146201,146329,128
CUBE,2435,146638,146766,128
CUBE,2440,147075,147203,128
CUBE,2445,147512,147640,128
CUBE,2450,147949,148077,128
CUBE,2455,148386,148514,128
CUBE,2460,148823,148951,128
CUBE,2467,149260,149388,128
CUBE,2472,149697,149825,128
CUBE,2477,150134,150262,128
CUBE,2482,150571,150699,128
CUBE,2487,151008,151136,128
CUBE,2492,151445,151573,128
CUBE,2497,151882,152010,128
CUBE,2502,152319,152447,128
CUBE,2507,152756,152884,128
CUBE,2512,153193,153321,128
CUBE,2517,153630,153758,128
CUBE,2522,154067,154195,128
CUBE,2527,154504,154632,128
CUBE,2532,154941,155069,128
CUBE,2537,155378,155506,128
CUBE,2542,155815,155943,128
CUBE,2549,156252,156380,128
CUBE,2554,156689,156817,128
CUBE,2559,157126,157254,128
CUBE,2564,157563,157691,128
CUBE,2569,158000,158128,128
CUBE,2574,158437,158565,128
CUBE,2579,158874,159002,128
CUBE,2584,159311,159439,128
CUBE,2589,159748,159876,128
CUBE,2594,160185,160313,128
CUBE,2599,160622,160750,128
CUBE,2604,161059,161187,128
CUBE,2609,161496,161624,128
CUBE,2614,161933,162061,128
CUBE,2619,162370,162498,128
CUBE,2624,162807,162935,128
CUBE,2631,163244,163372,128
CUBE,2636,163681,163809,128
CUBE,2641,164118,164246,128
CUBE,2646,164555,164683,128
CUBE,2651,164992,165120,128
CUBE,2656,165429,165557,128
CUBE,2661,165866,165994,128
CUBE,2666,166303,166431,128
CUBE,2671,166740,166868,128
CUBE,2676,167177,167305,128
CUBE,2681,167614,167742,128
CUBE,2686,168051,168179,128
CUBE,2691,168488,168616,128
CUBE,2696,168925,169053,128
CUBE,2701,169362,169490,128
CUBE,2706,169799,169927,128
CUBE,2713,170236,170364,128
CUBE,2718,170673,170801,128
CUBE,2723,171110,171238,128
CUBE,2728,171547,171675,128
CUBE,2733,171984,172112,128
CUBE,2738,172421,172549,128
CUBE,2743,172858,172986,128
CUBE,2748,173295,173423,128
CUBE,2753,173732,173860,128
CUBE,2758,174169,174297,128
CUBE,2763,174606,174734,128
CUBE,2768,175043,175171,128
CUBE,2773,175480,175608,128
CUBE,2778,175917,176045,128
CUBE,2783,176354,176482,128
CUBE,2788,176791,176919,128
CUBE,2795,177228,177356,128
CUBE,2800,177665,177793,128
CUBE,2805,178102,178230,128
CUBE,2810,178539,178667,128
CUBE,2815,178976,179104,128
CUBE,2820,179413,179541,128
CUBE,2825,179850,179978,128
CUBE,2830,180287,180415,128
CUBE,2835,180724,180852,128
CUBE,2840,181161,181289,128
CUBE,2845,181598,181726,128
CUBE,2850,182035,182163,128
CUBE,2855,182472,182600,128
CUBE,2860,182909,183037,128
CUBE,2865,183346,183474,128
CUBE,2870,183783,183911,128
CUBE,2877,184220,184348,128
CUBE,2882,184657,184785,128
CUBE,2887,185094,185222,128
CUBE,2892,185531,185659,128
CUBE,2897,185968,186096,128
CUBE,2902,186405,186533,128
CUBE,2907,186842,186970,128
CUBE,2912,187279,187407,128
CUBE,2917,187716,187844,128
CUBE,2922,188153,188281,128
CUBE,2927,188590,188718,128
CUBE,2932,189027,189155,128
CUBE,2937,189464,189592,128
CUBE,2942,189901,190029,128
CUBE,2947,190338,190466,128
CUBE,2952,190775,190903,128
CUBE,2959,191212,191340,128
CUBE,2964,191649,191777,128
CUBE,2969,192086,192214,128
CUBE,2974,192523,192651,128
CUBE,2979,192960,193088,128
CUBE,2984,193397,193525,128
CUBE,2989,193834,193962,128
CUBE,2994,194271,194399,128
CUBE,2999,194708,194836,128
CUBE,3004,195145,195273,128
CUBE,3009,195582,195710,128
CUBE,3014,196019,196147,128
CUBE,3019,196456,196584,128
CUBE,3024,196893,197021,128
CUBE,3029,197330,197458,128
CUBE,3034,197767,197895,128
CUBE,3041,198204,198332,128
CUBE,3046,198641,198769,128
CUBE,3051,199078,199206,128
CUBE,3056,199515,199643,128
CUBE,3061,199952,200080,128
CUBE,3066,200389,200517,128
CUBE,3071,200826,200954,128
CUBE,3076,201263,201391,128
CUBE,3081,201700,201828,128
CUBE,3086,202137,202265,128
CUBE,3091,202574,202702,128
CUBE,3096,203011,203139,128
CUBE,3101,203448,203576,128
CUBE,3106,203885,204013,128
CUBE,3111,204322,204450,128
CUBE,3116,204512,204640,128
CUBE,3123,204903,205031,128
CUBE,3128,205093,205221,128
CUBE,3133,205283,205411,128
CUBE,3138,205473,205601,128
CUBE,3143,205663,205791,128
CUBE,3148,205853,205981,128
CUBE,3153,206043,206171,128
CUBE,3158,206233,206361,128
CUBE,3163,206423,206551,128
CUBE,3168,206613,206741,128
CUBE,3173,206803,206931,128
CUBE,3178,206993,207121,128
CUBE,3183,207183,207311,128
CUBE,3188,207373,207501,128
CUBE,3193,207563,207691,128
CUBE,3198,207753,207881,128
CUBE,3207,208144,208272,128
CUBE,3214,208334,208462,128
CUBE,3221,208524,208652,128
CUBE,3228,208714,208842,128
CUBE,3235,209169,209297,128
CUBE,3242,209900,210028,128
CUBE,3249,210631,210759,128
CUBE,3256,211393,211521,128
CUBE,3263,212155,212283,128
CUBE,3270,212917,213045,128
CUBE,3277,213679,213807,128
CUBE,3284,214441,214569,128
CUBE,3291,215203,215331,128
CUBE,3298,215965,216093,128
CUBE,3305,216727,216855,128
CUBE,3312,217489,217617,128
CUBE,3319,217895,218023,128
CUBE,3324,218332,218460,128
CUBE,3329,218769,218897,128
CUBE,3334,219206,219334,128
CUBE,3339,219643,219771,128
CUBE,3344,220080,220208,128
CUBE,3349,220517,220645,128
CUBE,3354,220954,221082,128
CUBE,3359,221391,221519,128
CUBE,3364,221828,221956,128
CUBE,3369,222265,222393,128
CUBE,3374,222702,222830,128
CUBE,3379,223139,223267,128
CUBE,3384,223576,223704,128
CUBE,3389,224013,224141,128
CUBE,3394,224450,224578,128
CUBE,3401,224887,225015,128
CUBE,3406,225324,225452,128
CUBE,3411,225761,225889,128
CUBE,3416,226198,226326,128
CUBE,3421,226635,226763,128
CUBE,3426,227072,227200,128
CUBE,3431,227509,227637,128
CUBE,3436,227946,228074,128
CUBE,3441,228383,228511,128
CUBE,3446,228820,228948,128
CUBE,3451,229257,229385,128
CUBE,3456,229694,229822,128
CUBE,3461,230131,230259,128
CUBE,3466,230568,230696,128
CUBE,3471,231005,231133,128
CUBE,3476,231442,231570,128
CUBE,3483,231879,232007,128
CUBE,3488,232316,232444,128
CUBE,3493,232753,232881,128
CUBE,3498,233190,233318,128
CUBE,3503,233627,233755,128
CUBE,3508,234064,234192,128
CUBE,3513,234501,234629,128
CUBE,3518,234938,235066,128
CUBE,3523,235375,235503,128
CUBE,3528,235812,235940,128
CUBE,3533,236249,236377,128
CUBE,3538,236686,236814,128
CUBE,3543,237123,237251,128
CUBE,3548,237560,237688,128
CUBE,3553,237997,238125,128
CUBE,3558,238434,238562,128
CUBE,3565,238871,238999,128
CUBE,3570,239308,239436,128
CUBE,3575,239745,239873,128
CUBE,3580,240182,240310,128
CUBE,3585,240619,240747,128
CUBE,3590,241056,241184,128
CUBE,3595,241493,241621,128
CUBE,3600,241930,242058,128
CUBE,3605,242367,242495,128
CUBE,3610,242804,242932,128
CUBE,3615,243241,243369,128
CUBE,3620,243678,243806,128
CUBE,3625,244115,244243,128
CUBE,3630,244552,244680,128
CUBE,3635,244989,245117,128
CUBE,3640,245426,245554,128
CUBE,3647,245863,245991,128
CUBE,3652,246300,246428,128
CUBE,3657,246737,246865,128
CUBE,3662,247174,247302,128
CUBE,3667,247611,247739,128
CUBE,3672,248048,248176,128
CUBE,3677,248485,248613,128
CUBE,3682,248922,249050,128
CUBE,3687,249359,249487,128
CUBE,3692,249796,249924,128
CUBE,3697,250233,250361,128
CUBE,3702,250670,250798,128
CUBE,3707,251107,251235,128
CUBE,3712,251544,251672,128
CUBE,3717,251981,252109,128
CUBE,3722,252418,252546,128
CUBE,3729,252855,252983,128
CUBE,3734,253292,253420,128
CUBE,3739,253729,253857,128
CUBE,3744,254166,254294,128
CUBE,3749,254603,254731,128
CUBE,3754,255040,255168,128
CUBE,3759,255477,255605,128
CUBE,3764,255914,256042,128
CUBE,3769,256351,256479,128
CUBE,3774,256788,256916,128
CUBE,3779,257225,257353,128
CUBE,3784,257662,257790,128
CUBE,3789,258099,258227,128
CUBE,3794,258536,258664,128
CUBE,3799,258973,259101,128
CUBE,3804,259410,259538,128
CUBE,3811,259847,259975,128
CUBE,3816,260284,260412,128
CUBE,3821,260721,260849,128
CUBE,3826,261158,261286,128
CUBE,3831,261595,261723,128
CUBE,3836,262032,262160,128
CUBE,3841,262469,262597,128
CUBE,3846,262906,263034,128
CUBE,3851,263343,263471,128
CUBE,3856,263780,263908,128
CUBE,3861,264217,264345,128
CUBE,3866,264654,264782,128
CUBE,3871,265091,265219,128
CUBE,3876,265528,265656,128
CUBE,3881,265965,266093,128
CUBE,3886,266402,266530,128
CUBE,3893,266839,266967,128
CUBE,3898,267276,267404,128
CUBE,3903,267713,267841,128
CUBE,3908,268150,268278,128
CUBE,3913,268587,268715,128
CUBE,3918,269024,269152,128
CUBE,3923,269461,269589,128
CUBE,3928,269898,270026,128
CUBE,3933,270335,270463,128
CUBE,3938,270772,270900,128
CUBE,3943,271209,271337,128
CUBE,3948,271646,271774,128
CUBE,3953,272083,272211,128
CUBE,3958,272520,272648,128
CUBE,3963,272957,273085,128
CUBE,3968,273394,273522,128
CUBE,3975,273831,273959,128
CUBE,3980,274268,274396,128
CUBE,3985,274705,274833,128
CUBE,3990,275142,275270,128
CUBE,3995,275579,275707,128
CUBE,4000,276016,276144,128
CUBE,4005,276453,276581,128
CUBE,4010,276890,277018,128
CUBE,4015,277327,277455,128
CUBE,4020,277764,277892,128
CUBE,4025,278201,278329,128
CUBE,4030,278638,278766,128
CUBE,4035,279075,279203,128
CUBE,4040,279512,279640,128
CUBE,4045,279949,280077,128
CUBE,4050,280386,280514,128
CUBE,4057,280823,280951,128
CUBE,4062,281260,281388,128
CUBE,4067,281697,281825,128
CUBE,4072,282134,282262,128
CUBE,4077,282571,282699,128
CUBE,4082,283008,283136,128
CUBE,4087,283445,283573,128
CUBE,4092,283882,284010,128
CUBE,4097,284319,284447,128
CUBE,4102,284756,284884,128
CUBE,4107,285193,285321,128
CUBE,4112,285630,285758,128
CUBE,4117,286067,286195,128
CUBE,4122,286504,286632,128
CUBE,4127,286941,287069,128
CUBE,4132,287378,287506,128
CUBE,4139,287815,287943,128
CUBE,4144,288252,288380,128
CUBE,4149,288689,288817,128
CUBE,4154,289126,289254,128
CUBE,4159,289563,289691,128
CUBE,4164,290000,290128,128
CUBE,4169,290437,290565,128
CUBE,4174,290874,291002,128
CUBE,4179,291311,291439,128
CUBE,4184,291748,291876,128
CUBE,4189,292185,292313,128
CUBE,4194,292622,292750,128
CUBE,4199,293059,293187,128
CUBE,4204,293496,293624,128
CUBE,4209,293933,294061,128
CUBE,4214,294370,294498,128
CUBE,4221,294807,294935,128
CUBE,4226,295244,295372,128
CUBE,4231,295681,295809,128
CUBE,4236,296118,296246,128
CUBE,4241,296555,296683,128
CUBE,4246,296992,297120,128
CUBE,4251,297429,297557,128
CUBE,4256,297866,297994,128
CUBE,4261,298303,298431,128
CUBE,4266,298740,298868,128
CUBE,4271,299177,299305,128
CUBE,4276,299614,299742,128
CUBE,4281,300051,300179,128
CUBE,4286,300488,300616,128
CUBE,4291,300925,301053,128
CUBE,4296,301362,301490,128
CUBE,4303,301799,301927,128
CUBE,4308,302236,302364,128
CUBE,4313,302673,302801,128
CUBE,4318,303110,303238,128
CUBE,4323,303547,303675,128
CUBE,4328,303984,304112,128
CUBE,4333,304421,304549,128
CUBE,4338,304858,304986,128
CUBE,4343,305295,305423,128
CUBE,4348,305732,305860,128
CUBE,4353,306169,306297,128
CUBE,4358,306606,306734,128
CUBE,4363,307043,307171,128
CUBE,4368,307480,307608,128
CUBE,4373,307917,308045,128
CUBE,4378,308354,308482,128
CUBE,4385,308791,308919,128
CUBE,4390,309228,309356,128
CUBE,4395,309665,309793,128
CUBE,4400,310102,310230,128
CUBE,4405,310539,310667,128
CUBE,4410,310976,311104,128
CUBE,4415,311413,311541,128
CUBE,4420,311850,311978,128
CUBE,4425,312287,312415,128
CUBE,4430,312724,312852,128
CUBE,4435,313161,313289,128
CUBE,4440,313598,313726,128
CUBE,4445,314035,314163,128
CUBE,4450,314472,314600,128
CUBE,4455,314662,314790,128
CUBE,4460,314852,314980,128
CUBE,4467,315243,315371,128
CUBE,4472,315433,315561,128
CUBE,4477,315623,315751,128
CUBE,4482,315813,315941,128
CUBE,4487,316003,316131,128
CUBE,4492,316193,316321,128
CUBE,4497,316383,316511,128
CUBE,4502,316573,316701,128
CUBE,4507,316763,316891,128
CUBE,4512,316953,317081,128
CUBE,4517,317143,317271,128
CUBE,4522,317333,317461,128
CUBE,4527,317523,317651,128
CUBE,4532,318119,318247,128
CUBE,4537,318715,318843,128
CUBE,4542,319311,319439,128
CUBE,4551,320042,320170,128
CUBE,4558,320773,320901,128
CUBE,4565,321504,321632,128
CUBE,4572,322235,322363,128
CUBE,4579,322966,323094,128
CUBE,4586,323697,323825,128
CUBE,4593,324459,324587,128
CUBE,4600,325221,325349,128
CUBE,4607,325983,326111,128
CUBE,4614,326745,326873,128
CUBE,4621,327507,327635,128
CUBE,4628,328269,328397,128
CUBE,4635,329031,329159,128
CUBE,4642,329793,329921,128
CUBE,4649,330555,330683,128
CUBE,4656,331317,331445,128
CUBE,4663,331723,331851,128
CUBE,4668,332160,332288,128
CUBE,4673,332597,332725,128
CUBE,4678,333034,333162,128
CUBE,4683,333471,333599,128
CUBE,4688,333908,334036,128
CUBE,4693,334345,334473,128
CUBE,4698,334782,334910,128
CUBE,4703,335219,335347,128
CUBE,4708,335656,335784,128
CUBE,4713,336093,336221,128
CUBE,4718,336530,336658,128
CUBE,4723,336967,337095,128
CUBE,4728,337404,337532,128
CUBE,4733,337841,337969,128
CUBE,4738,338278,338406,128
CUBE,4745,338715,338843,128
CUBE,4750,339152,339280,128
CUBE,4755,339589,339717,128
CUBE,4760,340026,340154,128
CUBE,4765,340463,340591,128
CUBE,4770,340900,341028,128
CUBE,4775,341337,341465,128
CUBE,4780,341774,341902,128
CUBE,4785,342211,342339,128
CUBE,4790,342648,342776,128
CUBE,4795,343085,343213,128
CUBE,4800,343522,343650,128
CUBE,4805,343959,344087,128
CUBE,4810,344396,344524,128
CUBE,4815,344833,344961,128
CUBE,4820,345270,345398,128
CUBE,4827,345707,345835,128
CUBE,4832,346144,346272,128
CUBE,4837,346581,346709,128
CUBE,4842,347018,347146,128
CUBE,4847,347455,347583,128
CUBE,4852,347892,348020,128
CUBE,4857,348329,348457,128
CUBE,4862,348766,348894,128
CUBE,4867,349203,349331,128
CUBE,4872,349640,349768,128
CUBE,4877,350077,350205,128
CUBE,4882,350514,350642,128
CUBE,4887,350951,351079,128
CUBE,4892,351388,351516,128
CUBE,4897,351825,351953,128
CUBE,4902,352262,352390,128
CUBE,4909,352699,352827,128
CUBE,4914,353136,353264,128
CUBE,4919,353573,353701,128
CUBE,4924,354010,354138,128
CUBE,4929,354447,354575,128
CUBE,4934,354884,355012,128
CUBE,4939,355321,355449,128
CUBE,4944,355758,355886,128
CUBE,4949,356195,356323,128
CUBE,4954,356632,356760,128
CUBE,4959,357069,357197,128
CUBE,4964,357506,357634,128
CUBE,4969,357943,358071,128
CUBE,4974,358380,358508,128
CUBE,4979,358817,358945,128
CUBE,4984,359254,359382,128
CUBE,4991,359691,359819,128
CUBE,4996,360128,360256,128
CUBE,5001,360565,360693,128
CUBE,5006,361002,361130,128
CUBE,5011,361439,361567,128
CUBE,5016,361876,362004,128
CUBE,5021,362313,362441,128
CUBE,5026,362750,362878,128
CUBE,5031,363187,363315,128
CUBE,5036,363624,363752,128
CUBE,5041,364061,364189,128
CUBE,5046,364498,364626,128
CUBE,5051,364935,365063,128
CUBE,5056,365372,365500,128
CUBE,5061,365809,365937,128
CUBE,5066,366246,366374,128
CUBE,5073,366683,366811,128
CUBE,5078,367120,367248,128
CUBE,5083,367557,367685,128
CUBE,5088,367994,368122,128
CUBE,5093,368431,368559,128
CUBE,5098,368868,368996,128
CUBE,5103,369305,369433,128
CUBE,5108,369742,369870,128
CUBE,5113,370179,370307,128
CUBE,5118,370616,370744,128
CUBE,5123,371053,371181,128
CUBE,5128,371490,371618,128
CUBE,5133,371927,372055,128
CUBE,5138,372364,372492,128
CUBE,5143,372801,372929,128
CUBE,5148,373238,373366,128
CUBE,5155,373675,373803,128
CUBE,5160,374112,374240,128
CUBE,5165,374549,374677,128
CUBE,5170,374986,375114,128
CUBE,5175,375423,375551,128
CUBE,5180,375860,375988,128
CUBE,5185,376297,376425,128
CUBE,5190,376734,376862,128
CUBE,5195,377171,377299,128
CUBE,5200,377608,377736,128
CUBE,5205,378045,378173,128
CUBE,5210,378482,378610,128
CUBE,5215,378919,379047,128
CUBE,5220,379356,379484,128
CUBE,5225,379793,379921,128
CUBE,5230,380230,380358,128
CUBE,5237,380667,380795,128
CUBE,5242,381104,381232,128
CUBE,5247,381541,381669,128
CUBE,5252,381978,382106,128
CUBE,5257,382415,382543,128
CUBE,5262,382852,382980,128
CUBE,5267,383289,383417,128
CUBE,5272,383726,383854,128
CUBE,5277,384163,384291,128
CUBE,5282,384600,384728,128
CUBE,5287,385037,385165,128
CUBE,5292,385474,385602,128
CUBE,5297,385911,386039,128
CUBE,5302,386348,386476,128
CUBE,5307,386785,386913,128
CUBE,5312,387222,387350,128
CUBE,5319,387659,387787,128
CUBE,5324,388096,388224,128
CUBE,5329,388533,388661,128
CUBE,5334,388970,389098,128
CUBE,5339,389407,389535,128
CUBE,5344,389844,389972,128
CUBE,5349,390281,390409,128
CUBE,5354,390718,390846,128
CUBE,5359,391155,391283,128
CUBE,5364,391592,391720,128
CUBE,5369,392029,392157,128
CUBE,5374,392466,392594,128
CUBE,5379,392903,393031,128
CUBE,5384,393340,393468,128
CUBE,5389,393777,393905,128
CUBE,5394,394214,394342,128
CUBE,5401,394651,394779,128
CUBE,5406,395088,395216,128
CUBE,5411,395525,395653,128
CUBE,5416,395962,396090,128
CUBE,5421,396399,396527,128
CUBE,5426,396836,396964,128
CUBE,5431,397273,397401,128
CUBE,5436,397710,397838,128
CUBE,5441,398147,398275,128
CUBE,5446,398584,398712,128
CUBE,5451,399021,399149,128
CUBE,5456,399458,399586,128
CUBE,5461,399895,400023,128
CUBE,5466,400332,400460,128
CUBE,5471,400769,400897,128
CUBE,5476,401206,401334,128
CUBE,5483,401643,401771,128
CUBE,5488,402080,402208,128
CUBE,5493,402517,402645,128
CUBE,5498,402954,403082,128
CUBE,5503,403391,403519,128
CUBE,5508,403828,403956,128
CUBE,5513,404265,404393,128
CUBE,5518,404702,404830,128
CUBE,5523,405139,405267,128
CUBE,5528,405576,405704,128
CUBE,5533,406013,406141,128
CUBE,5538,406450,406578,128
CUBE,5543,406887,407015,128
CUBE,5548,407324,407452,128
CUBE,5553,407761,407889,128
CUBE,5558,408198,408326,128
CUBE,5565,408635,408763,128
CUBE,5570,409072,409200,128
CUBE,5575,409509,409637,128
CUBE,5580,409946,410074,128
CUBE,5585,410383,410511,128
CUBE,5590,410820,410948,128
CUBE,5595,411257,411385,128
CUBE,5600,411694,411822,128
CUBE,5605,412131,412259,128
CUBE,5610,412568,412696,128
CUBE,5615,413005,413133,128
CUBE,5620,413442,413570,128
CUBE,5625,413879,414007,128
CUBE,5630,414316,414444,128
CUBE,5635,414753,414881,128
CUBE,5640,415190,415318,128
CUBE,5647,415627,415755,128
CUBE,5652,416064,416192,128
CUBE,5657,416501,416629,128
CUBE,5662,416938,417066,128
CUBE,5667,417375,417503,128
CUBE,5672,417812,417940,128
CUBE,5677,418249,418377,128
CUBE,5682,418686,418814,128
CUBE,5687,419123,419251,128
CUBE,5692,419560,419688,128
CUBE,5697,419997,420125,128
CUBE,5702,420434,420562,128
CUBE,5707,420871,420999,128
CUBE,5712,421308,421436,128
CUBE,5717,421745,421873,128
CUBE,5722,422182,422310,128
CUBE,5729,422619,422747,128
CUBE,5734,423056,423184,128
CUBE,5739,423493,423621,128
CUBE,5744,423930,424058,128
CUBE,5749,424367,424495,128
CUBE,5754,424804,424932,128
CUBE,5759,425241,425369,128
CUBE,5764,425678,425806,128
CUBE,5769,426115,426243,128
CUBE,5774,426552,426680,128
CUBE,5779,426989,427117,128
CUBE,5784,427426,427554,128
CUBE,5789,427863,427991,128
CUBE,5794,428053,428181,128
CUBE,5799,428243,428371,128
CUBE,5804,428433,428561,128
CUBE,5811,428824,428952,128
CUBE,5816,429014,429142,128
CUBE,5821,429204,429332,128
CUBE,5826,429394,429522,128
CUBE,5831,429584,429712,128
CUBE,5836,429774,429902,128
CUBE,5841,429964,430092,128
CUBE,5846,430154,430282,128
CUBE,5851,430344,430472,128
CUBE,5856,430534,430662,128
CUBE,5861,430724,430852,128
CUBE,5866,430914,431042,128
CUBE,5871,431510,431638,128
CUBE,5876,432106,432234,128
CUBE,5881,432702,432830,128
CUBE,5886,433298,433426,128
CUBE,5895,434029,434157,128
CUBE,5902,434760,434888,128
CUBE,5909,435491,435619,128
CUBE,5916,436222,436350,128
CUBE,5923,436953,437081,128
CUBE,5930,437684,437812,128
CUBE,5937,438446,438574,128
CUBE,5944,439208,439336,128
CUBE,5951,439970,440098,128
CUBE,5958,440732,440860,128
CUBE,5965,441494,441622,128
CUBE,5972,442256,442384,128
CUBE,5979,443018,443146,128
CUBE,5986,443780,443908,128
CUBE,5993,444542,444670,128
CUBE,6000,445304,445432,128
CUBE,6007,445710,445838,128
CUBE,6012,446147,446275,128
CUBE,6017,446584,446712,128
CUBE,6022,447021,447149,128
CUBE,6027,447458,447586,128
CUBE,6032,447895,448023,128
CUBE,6037,448332,448460,128
CUBE,6042,448769,448897,128
CUBE,6047,449206,449334,128
CUBE,6052,449643,449771,128
CUBE,6057,450080,450208,128
CUBE,6062,450517,450645,128
CUBE,6067,450954,451082,128
CUBE,6072,451391,451519,128
CUBE,6077,451828,451956,128
CUBE,6082,452265,452393,128
CUBE,6089,452702,452830,128
CUBE,6094,453139,453267,128
CUBE,6099,453576,453704,128
CUBE,6104,454013,454141,128
CUBE,6109,454450,454578,128
CUBE,6114,454887,455015,128
CUBE,6119,455324,455452,128
CUBE,6124,455761,455889,128
CUBE,6129,456198,456326,128
CUBE,6134,456635,456763,128
CUBE,6139,457072,457200,128
CUBE,6144,457509,457637,128
CUBE,6149,457946,458074,128
CUBE,6154,458383,458511,128
CUBE,6159,458820,458948,128
CUBE,6164,459257,459385,128
CUBE,6171,459694,459822,128
CUBE,6176,460131,460259,128
CUBE,6181,460568,460696,128
CUBE,6186,461005,461133,128
CUBE,6191,461442,461570,128
CUBE,6196,461879,462007,128
CUBE,6201,462316,462444,128
CUBE,6206,462753,462881,128
CUBE,6211,463190,463318,128
CUBE,6216,463627,463755,128
CUBE,6221,464064,464192,128
CUBE,6226,464501,464629,128
CUBE,6231,464938,465066,128
CUBE,6236,465375,465503,128
CUBE,6241,465812,465940,128
CUBE,6246,466249,466377,128
CUBE,6253,466686,466814,128
CUBE,6258,467123,467251,128
CUBE,6263,467560,467688,128
CUBE,6268,467997,468125,128
CUBE,6273,468434,468562,128
CUBE,6278,468871,468999,128
CUBE,6283,469308,469436,128
CUBE,6288,469745,469873,128
CUBE,6293,470182,470310,128
CUBE,6298,470619,470747,128
CUBE,6303,471056,471184,128
CUBE,6308,471493,471621,128
CUBE,6313,471930,472058,128
CUBE,6318,472367,472495,128
CUBE,6323,472804,472932,128
CUBE,6328,473241,473369,128
CUBE,6335,473678,473806,128
CUBE,6340,474115,474243,128
CUBE,6345,474552,474680,128
CUBE,6350,474989,475117,128
CUBE,6355,475426,475554,128
CUBE,6360,475863,475991,128
CUBE,6365,476300,476428,128
CUBE,6370,476737,476865,128
CUBE,6375,477174,477302,128
CUBE,6380,477611,477739,128
CUBE,6385,478048,478176,128
CUBE,6390,478485,478613,128
CUBE,6395,478922,479050,128
CUBE,6400,479359,479487,128
CUBE,6405,479796,479924,128
CUBE,6410,480233,480361,128
CUBE,6417,480670,480798,128
CUBE,6422,481107,481235,128
CUBE,6427,481544,481672,128
CUBE,6432,481981,482109,128
CUBE,6437,482418,482546,128
CUBE,6442,482855,482983,128
CUBE,6447,483292,483420,128
CUBE,6452,483729,483857,128
CUBE,6457,484166,484294,128
CUBE,6462,484603,484731,128
CUBE,6467,485040,485168,128
CUBE,6472,485477,485605,128
CUBE,6477,485914,486042,128
CUBE,6482,486351,486479,128
CUBE,6487,486788,486916,128
CUBE,6492,487225,487353,128
CUBE,6499,487662,487790,128
CUBE,6504,488099,488227,128
CUBE,6509,488536,488664,128
CUBE,6514,488973,489101,128
CUBE,6519,489410,489538,128
CUBE,6524,489847,489975,128
CUBE,6529,490284,490412,128
CUBE,6534,490721,490849,128
CUBE,6539,491158,491286,128
CUBE,6544,491595,491723,128
CUBE,6549,492032,492160,128
CUBE,6554,492469,492597,128
CUBE,6559,492906,493034,128
CUBE,6564,493343,493471,128
CUBE,6569,493780,493908,128
CUBE,6574,494217,494345,128
CUBE,6581,494654,494782,128
CUBE,6586,495091,495219,128
CUBE,6591,495528,495656,128
CUBE,6596,495965,496093,128
CUBE,6601,496402,496530,128
CUBE,6606,496839,496967,128
CUBE,6611,497276,497404,128
CUBE,6616,497713,497841,128
CUBE,6621,498150,498278,128
CUBE,6626,498587,498715,128
CUBE,6631,499024,499152,128
CUBE,6636,499461,499589,128
CUBE,6641,499898,500026,128
CUBE,6646,500335,500463,128
CUBE,6651,500772,500900,128
CUBE,6656,501209,501337,128
CUBE,6663,501646,501774,128
CUBE,6668,502083,502211,128
CUBE,6673,502520,502648,128
CUBE,6678,502957,503085,128
CUBE,6683,503394,503522,128
CUBE,6688,503831,503959,128
CUBE,6693,504268,504396,128
CUBE,6698,504705,504833,128
CUBE,6703,505142,505270,128
CUBE,6708,505579,505707,128
CUBE,6713,506016,506144,128
CUBE,6718,506453,506581,128
CUBE,6723,506890,507018,128
CUBE,6728,507327,507455,128
CUBE,6733,507764,507892,128
CUBE,6738,508201,508329,128
CUBE,6745,508638,508766,128
CUBE,6750,509075,509203,128
CUBE,6755,509512,509640,128
CUBE,6760,509949,510077,128
CUBE,6765,510386,510514,128
CUBE,6770,510823,510951,128
CUBE,6775,511260,511388,128
CUBE,6780,511697,511825,128
CUBE,6785,512134,512262,128
CUBE,6790,512571,512699,128
CUBE,6795,513008,513136,128
CUBE,6800,513445,513573,128
CUBE,6805,513882,514010,128
CUBE,6810,514319,514447,128
CUBE,6815,514756,514884,128
CUBE,6820,515193,515321,128
CUBE,6827,515630,515758,128
CUBE,6832,516067,516195,128
CUBE,6837,516504,516632,128
CUBE,6842,516941,517069,128
CUBE,6847,517378,517506,128
CUBE,6852,517815,517943,128
CUBE,6857,518252,518380,128
CUBE,6862,518689,518817,128
CUBE,6867,519126,519254,128
CUBE,6872,519563,519691,128
CUBE,6877,520000,520128,128
CUBE,6882,520437,520565,128
CUBE,6887,520874,521002,128
CUBE,6892,521311,521439,128
CUBE,6897,521748,521876,128
CUBE,6902,522185,522313,128
CUBE,6909,522622,522750,128
CUBE,6914,523059,523187,128
CUBE,6919,523496,523624,128
CUBE,6924,523933,524061,128
CUBE,6929,524370,524498,128
CUBE,6934,524807,524935,128
CUBE,6939,525244,525372,128
CUBE,6944,525681,525809,128
CUBE,6949,526118,526246,128
CUBE,6954,526555,526683,128
CUBE,6959,526992,527120,128
CUBE,6964,527429,527557,128
CUBE,6969,527866,527994,128
CUBE,6974,528303,528431,128
CUBE,6979,528740,528868,128
CUBE,6984,529177,529305,128
CUBE,6991,529614,529742,128
CUBE,6996,530051,530179,128
CUBE,7001,530488,530616,128
CUBE,7006,530925,531053,128
CUBE,7011,531362,531490,128
CUBE,7016,531799,531927,128
CUBE,7021,532236,532364,128
CUBE,7026,532673,532801,128
CUBE,7031,533110,533238,128
CUBE,7036,533547,533675,128
CUBE,7041,533984,534112,128
CUBE,7046,534421,534549,128
CUBE,7051,534858,534986,128
CUBE,7056,535295,535423,128
CUBE,7061,535732,535860,128
CUBE,7066,536169,536297,128
CUBE,7073,536606,536734,128
CUBE,7078,537043,537171,128
CUBE,7083,537480,537608,128
CUBE,7088,537917,538045,128
CUBE,7093,538354,538482,128
CUBE,7098,538791,538919,128
CUBE,7103,539228,539356,128
CUBE,7108,539665,539793,128
CUBE,7113,540102,540230,128
CUBE,7118,540539,540667,128
CUBE,7123,540976,541104,128
CUBE,7128,541413,541541,128
CUBE,7133,541603,541731,128
CUBE,7138,541793,541921,128
CUBE,7143,541983,542111,128
CUBE,7148,542173,542301,128
CUBE,7155,542564,542692,128
CUBE,7160,542754,542882,128
CUBE,7165,542944,543072,128
CUBE,7170,543134,543262,128
CUBE,7175,543324,543452,128
CUBE,7180,543514,543642,128
CUBE,7185,543704,543832,128
CUBE,7190,543894,544022,128
CUBE,7195,544084,544212,128
CUBE,7200,544274,544402,128
CUBE,7205,544464,544592,128
CUBE,7210,545060,545188,128
CUBE,7215,545656,545784,128
CUBE,7220,546252,546380,128
CUBE,7225,546848,546976,128
CUBE,7230,547444,547572,128
CUBE,7239,548175,548303,128
CUBE,7246,548906,549034,128
CUBE,7253,549637,549765,128
CUBE,7260,550368,550496,128
CUBE,7267,551099,551227,128
CUBE,7274,551861,551989,128
CUBE,7281,552623,552751,128
CUBE,7288,553385,553513,128
CUBE,7295,554147,554275,128
CUBE,7302,554909,555037,128
CUBE,7309,555671,555799,128
CUBE,7316,556433,556561,128
CUBE,7323,557195,557323,128
CUBE,7330,557957,558085,128
CUBE,7337,558719,558847,128
CUBE,7344,559481,559609,128
CUBE,7351,559887,560015,128
CUBE,7356,560324,560452,128
CUBE,7361,560761,560889,128
CUBE,7366,561198,561326,128
CUBE,7371,561635,561763,128
CUBE,7376,562072,562200,128
CUBE,7381,562509,562637,128
CUBE,7386,562946,563074,128
CUBE,7391,563383,563511,128
CUBE,7396,563820,563948,128
CUBE,7401,564257,564385,128
CUBE,7406,564694,564822,128
CUBE,7411,565131,565259,128
CUBE,7416,565568,565696,128
CUBE,7421,566005,566133,128
CUBE,7426,566442,566570,128
CUBE,7433,566879,567007,128
CUBE,7438,567316,567444,128
CUBE,7443,567753,567881,128
CUBE,7448,568190,568318,128
CUBE,7453,568627,568755,128
CUBE,7458,569064,569192,128
CUBE,7463,569501,569629,128
CUBE,7468,569938,570066,128
CUBE,7473,570375,570503,128
CUBE,7478,570812,570940,128
CUBE,7483,571249,571377,128
CUBE,7488,571686,571814,128
CUBE,7493,572123,572251,128
CUBE,7498,572560,572688,128
CUBE,7503,572997,573125,128
CUBE,7508,573434,573562,128
CUBE,7515,573871,573999,128
CUBE,7520,574308,574436,128
CUBE,7525,574745,574873,128
CUBE,7530,575182,575310,128
CUBE,7535,575619,575747,128
CUBE,7540,576056,576184,128
CUBE,7545,576493,576621,128
CUBE,7550,576930,577058,128
CUBE,7555,577367,577495,128
CUBE,7560,577804,577932,128
CUBE,7565,578241,578369,128
CUBE,7570,578678,578806,128
CUBE,7575,579115,579243,128
CUBE,7580,579552,579680,128
CUBE,7585,579989,580117,128
CUBE,7590,580426,580554,128
CUBE,7597,580863,580991,128
CUBE,7602,581300,581428,128
CUBE,7607,581737,581865,128
CUBE,7612,582174,582302,128
CUBE,7617,582611,582739,128
CUBE,7622,583048,583176,128
CUBE,7627,583485,583613,128
CUBE,7632,583922,584050,128
CUBE,7637,584359,584487,128
CUBE,7642,584796,584924,128
CUBE,7647,585233,585361,128
CUBE,7652,585670,585798,128
CUBE,7657,586107,586235,128
CUBE,7662,586544,586672,128
CUBE,7667,586981,587109,128
CUBE,7672,587418,587546,128
CUBE,7679,587855,587983,128
CUBE,7684,588292,588420,128
CUBE,7689,588729,588857,128
CUBE,7694,589166,589294,128
CUBE,7699,589603,589731,128
CUBE,7704,590040,590168,128
CUBE,7709,590477,590605,128
CUBE,7714,590914,591042,128
CUBE,7719,591351,591479,128
CUBE,7724,591788,591916,128
CUBE,7729,592225,592353,128
CUBE,7734,592662,592790,128
CUBE,7739,593099,593227,128
CUBE,7744,593536,593664,128
CUBE,7749,593973,594101,128
CUBE,7754,594410,594538,128
CUBE,7761,594847,594975,128
CUBE,7766,595284,595412,128
CUBE,7771,595721,595849,128
CUBE,7776,596158,596286,128
CUBE,7781,596595,596723,128
CUBE,7786,597032,597160,128
CUBE,7791,597469,597597,128
CUBE,7796,597906,598034,128
CUBE,7801,598343,598471,128
CUBE,7806,598780,598908,128
CUBE,7811,599217,599345,128
CUBE,7816,599654,599782,128
CUBE,7821,600091,600219,128
CUBE,7826,600528,600656,128
CUBE,7831,600965,601093,128
CUBE,7836,601402,601530,128
CUBE,7843,601839,601967,128
CUBE,7848,602276,602404,128
CUBE,7853,602713,602841,128
CUBE,7858,603150,603278,128
CUBE,7863,603587,603715,128
CUBE,7868,604024,604152,128
CUBE,7873,604461,604589,128
CUBE,7878,604898,605026,128
CUBE,7883,605335,605463,128
CUBE,7888,605772,605900,128
CUBE,7893,606209,606337,128
CUBE,7898,606646,606774,128
CUBE,7903,607083,607211,128
CUBE,7908,607520,607648,128
CUBE,7913,607957,608085,128
CUBE,7918,608394,608522,128
CUBE,7925,608831,608959,128
CUBE,7930,609268,609396,128
CUBE,7935,609705,609833,128
CUBE,7940,610142,610270,128
CUBE,7945,610579,610707,128
CUBE,7950,611016,611144,128
CUBE,7955,611453,611581,128
CUBE,7960,611890,612018,128
CUBE,7965,612327,612455,128
CUBE,7970,612764,612892,128
CUBE,7975,613201,613329,128
CUBE,7980,613638,613766,128
CUBE,7985,614075,614203,128
CUBE,7990,614512,614640,128
CUBE,7995,614949,615077,128
CUBE,8000,615386,615514,128
CUBE,8007,615823,615951,128
CUBE,8012,616260,616388,128
CUBE,8017,616697,616825,128
CUBE,8022,617134,617262,128
CUBE,8027,617571,617699,128
CUBE,8032,618008,618136,128
CUBE,8037,618445,618573,128
CUBE,8042,618882,619010,128
CUBE,8047,619319,619447,128
CUBE,8052,619756,619884,128
CUBE,8057,620193,620321,128
CUBE,8062,620630,620758,128
CUBE,8067,621067,621195,128
CUBE,8072,621504,621632,128
CUBE,8077,621941,622069,128
CUBE,8082,622378,622506,128
CUBE,8089,622815,622943,128
CUBE,8094,623252,623380,128
CUBE,8099,623689,623817,128
CUBE,8104,624126,624254,128
CUBE,8109,624563,624691,128
CUBE,8114,625000,625128,128
CUBE,8119,625437,625565,128
CUBE,8124,625874,626002,128
CUBE,8129,626311,626439,128
CUBE,8134,626748,626876,128
CUBE,8139,627185,627313,128
CUBE,8144,627622,627750,128
CUBE,8149,628059,628187,128
CUBE,8154,628496,628624,128
CUBE,8159,628933,629061,128
CUBE,8164,629370,629498,128
CUBE,8171,629807,629935,128
CUBE,8176,630244,630372,128
CUBE,8181,630681,630809,128
CUBE,8186,631118,631246,128
CUBE,8191,631555,631683,128
CUBE,8196,631992,632120,128
CUBE,8201,632429,632557,128
CUBE,8206,632866,632994,128
CUBE,8211,633303,633431,128
CUBE,8216,633740,633868,128
CUBE,8221,634177,634305,128
CUBE,8226,634614,634742,128
CUBE,8231,635051,635179,128
CUBE,8236,635488,635616,128
CUBE,8241,635925,636053,128
CUBE,8246,636362,636490,128
CUBE,8253,636799,636927,128
CUBE,8258,637236,637364,128
CUBE,8263,637673,637801,128
CUBE,8268,638110,638238,128
CUBE,8273,638547,638675,128
CUBE,8278,638984,639112,128
CUBE,8283,639421,639549,128
CUBE,8288,639858,639986,128
CUBE,8293,640295,640423,128
CUBE,8298,640732,640860,128
CUBE,8303,641169,641297,128
CUBE,8308,641606,641734,128
CUBE,8313,642043,642171,128
CUBE,8318,642480,642608,128
CUBE,8323,642917,643045,128
CUBE,8328,643354,643482,128
CUBE,8335,643791,643919,128
CUBE,8340,644228,644356,128
CUBE,8345,644665,644793,128
CUBE,8350,645102,645230,128
CUBE,8355,645539,645667,128
CUBE,8360,645976,646104,128
CUBE,8365,646413,646541,128
CUBE,8370,646850,646978,128
CUBE,8375,647287,647415,128
CUBE,8380,647724,647852,128
CUBE,8385,648161,648289,128
CUBE,8390,648598,648726,128
CUBE,8395,649035,649163,128
CUBE,8400,649472,649600,128
CUBE,8405,649909,650037,128
CUBE,8410,650346,650474,128
CUBE,8417,650783,650911,128
CUBE,8422,651220,651348,128
CUBE,8427,651657,651785,128
CUBE,8432,652094,652222,128
CUBE,8437,652531,652659,128
CUBE,8442,652968,653096,128
CUBE,8447,653405,653533,128
CUBE,8452,653842,653970,128
CUBE,8457,654279,654407,128
CUBE,8462,654716,654844,128
CUBE,8467,655153,655281,128
CUBE,8472,655343,655471,128
CUBE,8477,655533,655661,128
CUBE,8482,655723,655851,128
CUBE,8487,655913,656041,128
CUBE,8492,656103,656231,128
CUBE,8499,656494,656622,128
CUBE,8504,656684,656812,128
CUBE,8509,656874,657002,128
CUBE,8514,657064,657192,128
CUBE,8519,657254,657382,128
CUBE,8524,657444,657572,128
CUBE,8529,657634,657762,128
CUBE,8534,657824,657952,128
CUBE,8539,658014,658142,128
CUBE,8544,658204,658332,128
CUBE,8549,658800,658928,128
CUBE,8554,659396,659524,128
CUBE,8559,659992,660120,128
CUBE,8564,660588,660716,128
CUBE,8569,661184,661312,128
CUBE,8574,661780,661908,128
CUBE,8583,662511,662639,128
CUBE,8590,663242,663370,128
CUBE,8597,663973,664101,128
CUBE,8604,664704,664832,128
CUBE,8611,665435,665563,128
CUBE,8618,666197,666325,128
CUBE,8625,666959,667087,128
CUBE,8632,667721,667849,128
CUBE,8639,668483,668611,128
CUBE,8646,669245,669373,128
CUBE,8653,670007,670135,128
CUBE,8660,670769,670897,128
CUBE,8667,671531,671659,128
CUBE,8674,672293,672421,128
CUBE,8681,673055,673183,128
CUBE,8688,673817,673945,128
CUBE,8695,674223,674351,128
CUBE,8700,674660,674788,128
CUBE,8705,675097,675225,128
CUBE,8710,675534,675662,128
CUBE,8715,675971,676099,128
CUBE,8720,676408,676536,128
CUBE,8725,676845,676973,128
CUBE,8730,677282,677410,128
CUBE,8735,677719,677847,128
CUBE,8740,678156,678284,128
CUBE,8745,678593,678721,128
CUBE,8750,679030,679158,128
CUBE,8755,679467,679595,128
CUBE,8760,679904,680032,128
CUBE,8765,680341,680469,128
CUBE,8770,680778,680906,128
CUBE,8777,681215,681343,128
CUBE,8782,681652,681780,128
CUBE,8787,682089,682217,128
CUBE,8792,682526,682654,128
CUBE,8797,682963,683091,128
CUBE,8802,683400,683528,128
CUBE,8807,683837,683965,128
CUBE,8812,684274,684402,128
CUBE,8817,684711,684839,128
CUBE,8822,685148,685276,128
CUBE,8827,685585,685713,128
CUBE,8832,686022,686150,128
CUBE,8837,686459,686587,128
CUBE,8842,686896,687024,128
CUBE,8847,687333,687461,128
CUBE,8852,687770,687898,128
CUBE,8859,688207,688335,128
CUBE,8864,688644,688772,128
CUBE,8869,689081,689209,128
CUBE,8874,689518,689646,128
CUBE,8879,689955,690083,128
CUBE,8884,690392,690520,128
CUBE,8889,690829,690957,128
CUBE,8894,691266,691394,128
CUBE,8899,691703,691831,128
CUBE,8904,692140,692268,128
CUBE,8909,692577,692705,128
CUBE,8914,693014,693142,128
CUBE,8919,693451,693579,128
CUBE,8924,693888,694016,128
CUBE,8929,694325,694453,128
CUBE,8934,694762,694890,128
CUBE,8941,695199,695327,128
CUBE,8946,695636,695764,128
CUBE,8951,696073,696201,128
CUBE,8956,696510,696638,128
CUBE,8961,696947,697075,128
CUBE,8966,697384,697512,128
CUBE,8971,697821,697949,128
CUBE,8976,698258,698386,128
CUBE,8981,698695,698823,128
CUBE,8986,699132,699260,128
CUBE,8991,699569,699697,128
CUBE,8996,700006,700134,128
CUBE,9001,700443,700571,128
CUBE,9006,700880,701008,128
CUBE,9011,701317,701445,128
CUBE,9016,701754,701882,128
CUBE,9023,702191,702319,128
CUBE,9028,702628,702756,128
CUBE,9033,703065,703193,128
CUBE,9038,703502,703630,128
CUBE,9043,703939,704067,128
CUBE,9048,704376,704504,128
CUBE,9053,704813,704941,128
CUBE,9058,705250,705378,128
CUBE,9063,705687,705815,128
CUBE,9068,706124,706252,128
CUBE,9073,706561,706689,128
CUBE,9078,706998,707126,128
CUBE,9083,707435,707563,128
CUBE,9088,707872,708000,128
CUBE,9093,708309,708437,128
CUBE,9098,708746,708874,128
CUBE,9105,709183,709311,128
CUBE,9110,709620,709748,128
CUBE,9115,710057,710185,128
CUBE,9120,710494,710622,128
CUBE,9125,710931,711059,128
CUBE,9130,711368,711496,128
CUBE,9135,711805,711933,128
CUBE,9140,712242,712370,128
CUBE,9145,712679,712807,128
CUBE,9150,713116,713244,128
CUBE,9155,713553,713681,128
CUBE,9160,713990,714118,128
CUBE,9165,714427,714555,128
CUBE,9170,714864,714992,128
CUBE,9175,715301,715429,128
CUBE,9180,715738,715866,128
CUBE,9187,716175,716303,128
CUBE,9192,716612,716740,128
CUBE,9197,717049,717177,128
CUBE,9202,717486,717614,128
CUBE,9207,717923,718051,128
CUBE,9212,718360,718488,128
CUBE,9217,718797,718925,128
CUBE,9222,719234,719362,128
CUBE,9227,719671,719799,128
CUBE,9232,720108,720236,128
CUBE,9237,720545,720673,128
CUBE,9242,720982,721110,128
CUBE,9247,721419,721547,128
CUBE,9252,721856,721984,128
CUBE,9257,722293,722421,128
CUBE,9262,722730,722858,128
CUBE,9269,723167,723295,128
CUBE,9274,723604,723732,128
CUBE,9279,724041,724169,128
CUBE,9284,724478,724606,128
CUBE,9289,724915,725043,128
CUBE,9294,725352,725480,128
CUBE,9299,725789,725917,128
CUBE,9304,726226,726354,128
CUBE,9309,726663,726791,128
CUBE,9314,727100,727228,128
CUBE,9319,727537,727665,128
CUBE,9324,727974,728102,128
CUBE,9329,728411,728539,128
CUBE,9334,728848,728976,128
CUBE,9339,729285,729413,128
CUBE,9344,729722,729850,128
CUBE,9351,730159,730287,128
CUBE,9356,730596,730724,128
CUBE,9361,731033,731161,128
CUBE,9366,731470,731598,128
CUBE,9371,731907,732035,128
CUBE,9376,732344,732472,128
CUBE,9381,732781,732909,128
CUBE,9386,733218,733346,128
CUBE,9391,733655,733783,128
CUBE,9396,734092,734220,128
CUBE,9401,734529,734657,128
CUBE,9406,734966,735094,128
CUBE,9411,735403,735531,128
CUBE,9416,735840,735968,128
CUBE,9421,736277,736405,128
CUBE,9426,736714,736842,128
CUBE,9433,737151,737279,128
CUBE,9438,737588,737716,128
CUBE,9443,738025,738153,128
CUBE,9448,738462,738590,128
CUBE,9453,738899,739027,128
CUBE,9458,739336,739464,128
CUBE,9463,739773,739901,128
CUBE,9468,740210,740338,128
CUBE,9473,740647,740775,128
CUBE,9478,741084,741212,128
CUBE,9483,741521,741649,128
CUBE,9488,741958,742086,128
CUBE,9493,742395,742523,128
CUBE,9498,742832,742960,128
CUBE,9503,743269,743397,128
CUBE,9508,743706,743834,128
CUBE,9515,744143,744271,128
CUBE,9520,744580,744708,128
CUBE,9525,745017,745145,128
CUBE,9530,745454,745582,128
CUBE,9535,745891,746019,128
CUBE,9540,746328,746456,128
CUBE,9545,746765,746893,128
CUBE,9550,747202,747330,128
CUBE,9555,747639,747767,128
CUBE,9560,748076,748204,128
CUBE,9565,748513,748641,128
CUBE,9570,748950,749078,128
CUBE,9575,749387,749515,128
CUBE,9580,749824,749952,128
CUBE,9585,750261,750389,128
CUBE,9590,750698,750826,128
CUBE,9597,751135,751263,128
CUBE,9602,751572,751700,128
CUBE,9607,752009,752137,128
CUBE,9612,752446,752574,128
CUBE,9617,752883,753011,128
CUBE,9622,753320,753448,128
CUBE,9627,753757,753885,128
CUBE,9632,754194,754322,128
CUBE,9637,754631,754759,128
CUBE,9642,755068,755196,128
CUBE,9647,755505,755633,128
CUBE,9652,755942,756070,128
CUBE,9657,756379,756507,128
CUBE,9662,756816,756944,128
CUBE,9667,757253,757381,128
CUBE,9672,757690,757818,128
CUBE,9679,758127,758255,128
CUBE,9684,758564,758692,128
CUBE,9689,759001,759129,128
CUBE,9694,759438,759566,128
CUBE,9699,759875,760003,128
CUBE,9704,760312,760440,128
CUBE,9709,760749,760877,128
CUBE,9714,761186,761314,128
CUBE,9719,761623,761751,128
CUBE,9724,762060,762188,128
CUBE,9729,762497,762625,128
CUBE,9734,762934,763062,128
CUBE,9739,763371,763499,128
CUBE,9744,763808,763936,128
CUBE,9749,764245,764373,128
CUBE,9754,764682,764810,128
CUBE,9761,765119,765247,128
CUBE,9766,765556,765684,128
CUBE,9771,765993,766121,128
CUBE,9776,766430,766558,128
CUBE,9781,766867,766995,128
CUBE,9786,767304,767432,128
CUBE,9791,767741,767869,128
CUBE,9796,768178,768306,128
CUBE,9801,768615,768743,128
CUBE,9806,769052,769180,128
CUBE,9811,769242,769370,128
CUBE,9816,769432,769560,128
CUBE,9821,769622,769750,128
CUBE,9826,769812,769940,128
CUBE,9831,770002,770130,128
CUBE,9836,770192,770320,128
CUBE,9843,770583,770711,128
CUBE,9848,770773,770901,128
CUBE,9853,770963,771091,128
CUBE,9858,771153,771281,128
CUBE,9863,771343,771471,128
CUBE,9868,771533,771661,128
CUBE,9873,771723,771851,128
CUBE,9878,771913,772041,128
CUBE,9883,772103,772231,128
CUBE,9888,772699,772827,128
CUBE,9893,773295,773423,128
CUBE,9898,773891,774019,128
CUBE,9903,774487,774615,128
CUBE,9908,775083,775211,128
CUBE,9913,775679,775807,128
CUBE,9918,776275,776403,128
CUBE,9927,777006,777134,128
CUBE,9934,777737,777865,128
CUBE,9941,778468,778596,128
CUBE,9948,779199,779327,128
CUBE,9955,779961,780089,128
CUBE,9962,780723,780851,128
CUBE,9969,781485,781613,128
CUBE,9976,782247,782375,128
CUBE,9983,783009,783137,128
CUBE,9990,783771,783899,128
CUBE,9997,784533,784661,128
CUBE,10004,785295,785423,128
CUBE,10011,786057,786185,128
CUBE,10018,786819,786947,128
CUBE,10025,787581,787709,128
CUBE,10032,788343,788471,128
CUBE,10039,788749,788877,128
CUBE,10044,789186,789314,128
CUBE,10049,789623,789751,128
CUBE,10054,790060,790188,128
CUBE,10059,790497,790625,128
CUBE,10064,790934,791062,128
CUBE,10069,791371,791499,128
CUBE,10074,791808,791936,128
CUBE,10079,792245,792373,128
CUBE,10084,792682,792810,128
CUBE,10089,793119,793247,128
CUBE,10094,793556,793684,128
CUBE,10099,793993,794121,128
CUBE,10104,794430,794558,128
CUBE,10109,794867,794995,128
CUBE,10114,795304,795432,128
CUBE,10121,795741,795869,128
CUBE,10126,796178,796306,128
CUBE,10131,796615,796743,128
CUBE,10136,797052,797180,128
CUBE,10141,797489,797617,128
CUBE,10146,797926,798054,128
CUBE,10151,798363,798491,128
CUBE,10156,798800,798928,128
CUBE,10161,799237,799365,128
CUBE,10166,799674,799802,128
CUBE,10171,800111,800239,128
CUBE,10176,800548,800676,128
CUBE,10181,800985,801113,128
CUBE,10186,801422,801550,128
CUBE,10191,801859,801987,128
CUBE,10196,802296,802424,128
CUBE,10203,802733,802861,128
CUBE,10208,803170,803298,128
CUBE,10213,803607,803735,128
CUBE,10218,804044,804172,128
CUBE,10223,804481,804609,128
CUBE,10228,804918,805046,128
CUBE,10233,805355,805483,128
CUBE,10238,805792,805920,128
CUBE,10243,806229,806357,128
CUBE,10248,806666,806794,128
CUBE,10253,807103,807231,128
CUBE,10258,807540,807668,128
CUBE,10263,807977,808105,128
CUBE,10268,808414,808542,128
CUBE,10273,808851,808979,128
CUBE,10278,809288,809416,128
CUBE,10285,809725,809853,128
CUBE,10290,810162,810290,128
CUBE,10295,810599,810727,128
CUBE,10300,811036,811164,128
CUBE,10305,811473,811601,128
CUBE,10310,811910,812038,128
CUBE,10315,812347,812475,128
CUBE,10320,812784,812912,128
CUBE,10325,813221,813349,128
CUBE,10330,813658,813786,128
CUBE,10335,814095,814223,128
CUBE,10340,814532,814660,128
CUBE,10345,814969,815097,128
CUBE,10350,815406,815534,128
CUBE,10355,815843,815971,128
CUBE,10360,816280,816408,128
CUBE,10367,816717,816845,128
CUBE,10372,817154,817282,128
CUBE,10377,817591,817719,128
CUBE,10382,818028,818156,128
CUBE,10387,818465,818593,128
CUBE,10392,818902,819030,128
CUBE,10397,819339,819467,128
CUBE,10402,819776,819904,128
CUBE,10407,820213,820341,128
CUBE,10412,820650,820778,128
CUBE,10417,821087,821215,128
CUBE,10422,821524,821652,128
CUBE,10427,821961,822089,128
CUBE,10432,822398,822526,128
CUBE,10437,822835,822963,128
CUBE,10442,823272,823400,128
CUBE,10449,823709,823837,128
CUBE,10454,824146,824274,128
CUBE,10459,824583,824711,128
CUBE,10464,825020,825148,128
CUBE,10469,825457,825585,128
CUBE,10474,825894,826022,128
CUBE,10479,826331,826459,128
CUBE,10484,826768,826896,128
CUBE,10489,827205,827333,128
CUBE,10494,827642,827770,128
CUBE,10499,828079,828207,128
CUBE,10504,828516,828644,128
CUBE,10509,828953,829081,128
CUBE,10514,829390,829518,128
CUBE,10519,829827,829955,128
CUBE,10524,830264,830392,128
CUBE,10531,830701,830829,128
CUBE,10536,831138,831266,128
CUBE,10541,831575,831703,128
CUBE,10546,832012,832140,128
CUBE,10551,832449,832577,128
CUBE,10556,832886,833014,128
CUBE,10561,833323,833451,128
CUBE,10566,833760,833888,128
CUBE,10571,834197,834325,128
CUBE,10576,834634,834762,128
CUBE,10581,835071,835199,128
CUBE,10586,835508,835636,128
CUBE,10591,835945,836073,128
CUBE,10596,836382,836510,128
CUBE,10601,836819,836947,128
CUBE,10606,837256,837384,128
CUBE,10613,837693,837821,128
CUBE,10618,838130,838258,128
CUBE,10623,838567,838695,128
CUBE,10628,839004,839132,128
CUBE,10633,839441,839569,128
CUBE,10638,839878,840006,128
CUBE,10643,840315,840443,128
CUBE,10648,840752,840880,128
CUBE,10653,841189,841317,128
CUBE,10658,841626,841754,128
CUBE,10663,842063,842191,128
CUBE,10668,842500,842628,128
CUBE,10673,842937,843065,128
CUBE,10678,843374,843502,128
CUBE,10683,843811,843939,128
CUBE,10688,844248,844376,128
CUBE,10695,844685,844813,128
CUBE,10700,845122,845250,128
CUBE,10705,845559,845687,128
CUBE,10710,845996,846124,128
CUBE,10715,846433,846561,128
CUBE,10720,846870,846998,128
CUBE,10725,847307,847435,128
CUBE,10730,847744,847872,128
CUBE,10735,848181,848309,128
CUBE,10740,848618,848746,128
CUBE,10745,849055,849183,128
CUBE,10750,849492,849620,128
CUBE,10755,849929,850057,128
CUBE,10760,850366,850494,128
CUBE,10765,850803,850931,128
CUBE,10770,851240,851368,128
CUBE,10777,851677,851805,128
CUBE,10782,852114,852242,128
CUBE,10787,852551,852679,128
CUBE,10792,852988,853116,128
CUBE,10797,853425,853553,128
CUBE,10802,853862,853990,128
CUBE,10807,854299,854427,128
CUBE,10812,854736,854864,128
CUBE,10817,855173,855301,128
CUBE,10822,855610,855738,128
CUBE,10827,856047,856175,128
CUBE,10832,856484,856612,128
CUBE,10837,856921,857049,128
CUBE,10842,857358,857486,128
CUBE,10847,857795,857923,128
CUBE,10852,858232,858360,128
CUBE,10859,858669,858797,128
CUBE,10864,859106,859234,128
CUBE,10869,859543,859671,128
CUBE,10874,859980,860108,128
CUBE,10879,860417,860545,128
CUBE,10884,860854,860982,128
CUBE,10889,861291,861419,128
CUBE,10894,861728,861856,128
CUBE,10899,862165,862293,128
CUBE,10904,862602,862730,128
CUBE,10909,863039,863167,128
CUBE,10914,863476,863604,128
CUBE,10919,863913,864041,128
CUBE,10924,864350,864478,128
CUBE,10929,864787,864915,128
CUBE,10934,865224,865352,128
CUBE,10941,865661,865789,128
CUBE,10946,866098,866226,128
CUBE,10951,866535,866663,128
CUBE,10956,866972,867100,128
CUBE,10961,867409,867537,128
CUBE,10966,867846,867974,128
CUBE,10971,868283,868411,128
CUBE,10976,868720,868848,128
CUBE,10981,869157,869285,128
CUBE,10986,869594,869722,128
CUBE,10991,870031,870159,128
CUBE,10996,870468,870596,128
CUBE,11001,870905,871033,128
CUBE,11006,871342,871470,128
CUBE,11011,871779,871907,128
CUBE,11016,872216,872344,128
CUBE,11023,872653,872781,128
CUBE,11028,873090,873218,128
CUBE,11033,873527,873655,128
CUBE,11038,873964,874092,128
CUBE,11043,874401,874529,128
CUBE,11048,874838,874966,128
CUBE,11053,875275,875403,128
CUBE,11058,875712,875840,128
CUBE,11063,876149,876277,128
CUBE,11068,876586,876714,128
CUBE,11073,877023,877151,128
CUBE,11078,877460,877588,128
CUBE,11083,877897,878025,128
CUBE,11088,878334,878462,128
CUBE,11093,878771,878899,128
CUBE,11098,879208,879336,128
CUBE,11105,879645,879773,128
CUBE,11110,880082,880210,128
CUBE,11115,880519,880647,128
CUBE,11120,880956,881084,128
CUBE,11125,881393,881521,128
CUBE,11130,881830,881958,128
CUBE,11135,882267,882395,128
CUBE,11140,882704,882832,128
CUBE,11145,883141,883269,128
CUBE,11150,883331,883459,128
CUBE,11155,883521,883649,128
CUBE,11160,883711,883839,128
CUBE,11165,883901,884029,128
CUBE,11170,884091,884219,128
CUBE,11175,884281,884409,128
CUBE,11180,884471,884599,128
CUBE,11187,884862,884990,128
CUBE,11192,885052,885180,128
CUBE,11197,885242,885370,128
CUBE,11202,885432,885560,128
CUBE,11207,885622,885750,128
CUBE,11212,885812,885940,128
CUBE,11217,886002,886130,128
CUBE,11222,886192,886320,128
CUBE,11227,886788,886916,128
CUBE,11232,887384,887512,128
CUBE,11237,887980,888108,128
CUBE,11242,888576,888704,128
CUBE,11247,889172,889300,128
CUBE,11252,889768,889896,128
CUBE,11257,890364,890492,128
CUBE,11262,890960,891088,128
CUBE,11271,891691,891819,128
CUBE,11278,892422,892550,128
CUBE,11285,893153,893281,128
CUBE,11292,893884,894012,128
CUBE,11299,894646,894774,128
CUBE,11306,895408,895536,128
CUBE,11313,896170,896298,128
CUBE,11320,896932,897060,128
CUBE,11327,897694,897822,128
CUBE,11334,898456,898584,128
CUBE,11341,899218,899346,128
CUBE,11348,899980,900108,128
CUBE,11355,900742,900870,128
CUBE,11362,901504,901632,128
CUBE,11369,902266,902394,128
CUBE,11376,903028,903156,128
CUBE,11383,903434,903562,128
CUBE,11388,903871,903999,128
CUBE,11393,904308,904436,128
CUBE,11398,904745,904873,128
CUBE,11403,905182,905310,128
CUBE,11408,905619,905747,128
CUBE,11413,906056,906184,128
CUBE,11418,906493,906621,128
CUBE,11423,906930,907058,128
CUBE,11428,907367,907495,128
CUBE,11433,907804,907932,128
CUBE,11438,908241,908369,128
CUBE,11443,908678,908806,128
CUBE,11448,909115,909243,128
CUBE,11453,909552,909680,128
CUBE,11458,909989,910117,128
CUBE,11465,910426,910554,128
CUBE,11470,910863,910991,128
CUBE,11475,911300,911428,128
CUBE,11480,911737,911865,128
CUBE,11485,912174,912302,128
CUBE,11490,912611,912739,128
CUBE,11495,913048,913176,128
CUBE,11500,913485,913613,128
CUBE,11505,913922,914050,128
CUBE,11510,914359,914487,128
CUBE,11515,914796,914924,128
CUBE,11520,915233,915361,128
CUBE,11525,915670,915798,128
CUBE,11530,916107,916235,128
CUBE,11535,916544,916672,128
CUBE,11540,916981,917109,128
CUBE,11547,917418,917546,128
CUBE,11552,917855,917983,128
CUBE,11557,918292,918420,128
CUBE,11562,918729,918857,128
CUBE,11567,919166,919294,128
CUBE,11572,919603,919731,128
CUBE,11577,920040,920168,128
CUBE,11582,920477,920605,128
CUBE,11587,920914,921042,128
CUBE,11592,921351,921479,128
CUBE,11597,921788,921916,128
CUBE,11602,922225,922353,128
CUBE,11607,922662,922790,128
CUBE,11612,923099,923227,128
CUBE,11617,923536,923664,128
CUBE,11622,923973,924101,128
CUBE,11629,924410,924538,128
CUBE,11634,924847,924975,128
CUBE,11639,925284,925412,128
CUBE,11644,925721,925849,128
CUBE,11649,926158,926286,128
CUBE,11654,926595,926723,128
CUBE,11659,927032,927160,128
CUBE,11664,927469,927597,128
CUBE,11669,927906,928034,128
CUBE,11674,928343,928471,128
CUBE,11679,928780,928908,128
CUBE,11684,929217,929345,128
CUBE,11689,929654,929782,128
CUBE,11694,930091,930219,128
CUBE,11699,930528,930656,128
CUBE,11704,930965,931093,128
CUBE,11711,931402,931530,128
CUBE,11716,931839,931967,128
CUBE,11721,932276,932404,128
CUBE,11726,932713,932841,128
CUBE,11731,933150,933278,128
CUBE,11736,933587,933715,128
CUBE,11741,934024,934152,128
CUBE,11746,934461,934589,128
CUBE,11751,934898,935026,128
CUBE,11756,935335,935463,128
CUBE,11761,935772,935900,128
CUBE,11766,936209,936337,128
CUBE,11771,936646,936774,128
CUBE,11776,937083,937211,128
CUBE,11781,937520,937648,128
CUBE,11786,937957,938085,128
CUBE,11793,938394,938522,128
CUBE,11798,938831,938959,128
CUBE,11803,939268,939396,128
CUBE,11808,939705,939833,128
CUBE,11813,940142,940270,128
CUBE,11818,940579,940707,128
CUBE,11823,941016,941144,128
CUBE,11828,941453,941581,128
CUBE,11833,941890,942018,128
CUBE,11838,942327,942455,128
CUBE,11843,942764,942892,128
CUBE,11848,943201,943329,128
CUBE,11853,943638,943766,128
CUBE,11858,944075,944203,128
CUBE,11863,944512,944640,128
CUBE,11868,944949,945077,128
CUBE,11875,945386,945514,128
CUBE,11880,945823,945951,128
CUBE,11885,946260,946388,128
CUBE,11890,946697,946825,128
CUBE,11895,947134,947262,128
CUBE,11900,947571,947699,128
CUBE,11905,948008,948136,128
CUBE,11910,948445,948573,128
CUBE,11915,948882,949010,128
CUBE,11920,949319,949447,128
CUBE,11925,949756,949884,128
CUBE,11930,950193,950321,128
CUBE,11935,950630,950758,128
CUBE,11940,951067,951195,128
CUBE,11945,951504,951632,128
CUBE,11950,951941,952069,128
CUBE,11957,952378,952506,128
CUBE,11962,952815,952943,128
CUBE,11967,953252,953380,128
CUBE,11972,953689,953817,128
CUBE,11977,954126,954254,128
CUBE,11982,954563,954691,128
CUBE,11987,955000,955128,128
CUBE,11992,955437,955565,128
CUBE,11997,955874,956002,128
CUBE,12002,956311,956439,128
CUBE,12007,956748,956876,128
CUBE,12012,957185,957313,128
CUBE,12017,957622,957750,128
CUBE,12022,958059,958187,128
CUBE,12027,958496,958624,128
CUBE,12032,958933,959061,128
CUBE,12039,959370,959498,128
CUBE,12044,959807,959935,128
CUBE,12049,960244,960372,128
CUBE,12054,960681,960809,128
CUBE,12059,961118,961246,128
CUBE,12064,961555,961683,128
CUBE,12069,961992,962120,128
CUBE,12074,962429,962557,128
CUBE,12079,962866,962994,128
CUBE,12084,963303,963431,128
CUBE,12089,963740,963868,128
CUBE,12094,964177,964305,128
CUBE,12099,964614,964742,128
CUBE,12104,965051,965179,128
CUBE,12109,965488,965616,128
CUBE,12114,965925,966053,128
CUBE,12121,966362,966490,128
CUBE,12126,966799,966927,128
CUBE,12131,967236,967364,128
CUBE,12136,967673,967801,128
CUBE,12141,968110,968238,128
CUBE,12146,968547,968675,128
CUBE,12151,968984,969112,128
CUBE,12156,969421,969549,128
CUBE,12161,969858,969986,128
CUBE,12166,970295,970423,128
CUBE,12171,970732,970860,128
CUBE,12176,971169,971297,128
CUBE,12181,971606,971734,128
CUBE,12186,972043,972171,128
CUBE,12191,972480,972608,128
CUBE,12196,972917,973045,128
CUBE,12203,973354,973482,128
CUBE,12208,973791,973919,128
CUBE,12213,974228,974356,128
CUBE,12218,974665,974793,128
CUBE,12223,975102,975230,128
CUBE,12228,975539,975667,128
CUBE,12233,975976,976104,128
CUBE,12238,976413,976541,128
CUBE,12243,976850,976978,128
CUBE,12248,977287,977415,128
CUBE,12253,977724,977852,128
CUBE,12258,978161,978289,128
CUBE,12263,978598,978726,128
CUBE,12268,979035,979163,128
CUBE,12273,979472,979600,128
CUBE,12278,979909,980037,128
CUBE,12285,980346,980474,128
CUBE,12290,980783,980911,128
CUBE,12295,981220,981348,128
CUBE,12300,981657,981785,128
CUBE,12305,982094,982222,128
CUBE,12310,982531,982659,128
CUBE,12315,982968,983096,128
CUBE,12320,983405,983533,128
CUBE,12325,983842,983970,128
CUBE,12330,984279,984407,128
CUBE,12335,984716,984844,128
CUBE,12340,985153,985281,128
CUBE,12345,985590,985718,128
CUBE,12350,986027,986155,128
CUBE,12355,986464,986592,128
CUBE,12360,986901,987029,128
CUBE,12367,987338,987466,128
CUBE,12372,987775,987903,128
CUBE,12377,988212,988340,128
CUBE,12382,988649,988777,128
CUBE,12387,989086,989214,128
CUBE,12392,989523,989651,128
CUBE,12397,989960,990088,128
CUBE,12402,990397,990525,128
CUBE,12407,990834,990962,128
CUBE,12412,991271,991399,128
CUBE,12417,991708,991836,128
CUBE,12422,992145,992273,128
CUBE,12427,992582,992710,128
CUBE,12432,993019,993147,128
CUBE,12437,993456,993584,128
CUBE,12442,993893,994021,128
CUBE,12449,994330,994458,128
CUBE,12454,994767,994895,128
CUBE,12459,995204,995332,128
CUBE,12464,995641,995769,128
CUBE,12469,996078,996206,128
CUBE,12474,996515,996643,128
CUBE,12479,996952,997080,128
CUBE,12484,997389,997517,128
CUBE,12489,997579,997707,128
CUBE,12494,997769,997897,128
CUBE,12499,997959,998087,128
CUBE,12504,998149,998277,128
CUBE,12509,998339,998467,128
CUBE,12514,998529,998657,128
CUBE,12519,998719,998847,128
CUBE,12524,998909,999037,128
CUBE,12531,999300,999428,128
CUBE,12536,999490,999618,128
CUBE,12541,999680,999808,128
CUBE,12546,999870,999998,128
CUBE,12551,1000060,1000188,128
CUBE,12556,1000250,1000378,128
CUBE,12561,1000440,1000568,128
CUBE,12566,1001036,1001164,128
CUBE,12571,1001632,1001760,128
CUBE,12576,1002228,1002356,128
CUBE,12581,1002824,1002952,128
CUBE,12586,1003420,1003548,128
CUBE,12591,1004016,1004144,128
CUBE,12596,1004612,1004740,128
CUBE,12601,1005208,1005336,128
CUBE,12606,1005804,1005932,128
CUBE,12615,1006535,1006663,128
CUBE,12622,1007266,1007394,128
CUBE,12629,1007997,1008125,128
CUBE,12636,1008759,1008887,128
CUBE,12643,1009521,1009649,128
CUBE,12650,1010283,1010411,128
CUBE,12657,1011045,1011173,128
CUBE,12664,1011807,1011935,128
CUBE,12671,1012569,1012697,128
CUBE,12678,1013331,1013459,128
CUBE,12685,1014093,1014221,128
CUBE,12692,1014855,1014983,128
CUBE,12699,1015617,1015745,128
CUBE,12706,1016379,1016507,128
CUBE,12713,1017141,1017269,128
CUBE,12720,1017903,1018031,128
CUBE,12727,1018309,1018437,128
CUBE,12732,1018746,1018874,128
CUBE,12737,1019183,1019311,128
CUBE,12742,1019620,1019748,128
CUBE,12747,1020057,1020185,128
CUBE,12752,1020494,1020622,128
CUBE,12757,1020931,1021059,128
CUBE,12762,1021368,1021496,128
CUBE,12767,1021805,1021933,128
CUBE,12772,1022242,1022370,128
CUBE,12777,1022679,1022807,128
CUBE,12782,1023116,1023244,128
CUBE,12787,1023553,1023681,128
CUBE,12792,1023990,1024118,128
CUBE,12797,1024427,1024555,128
CUBE,12802,1024864,1024992,128
CUBE,12809,1025301,1025429,128
CUBE,12814,1025738,1025866,128
CUBE,12819,1026175,1026303,128
CUBE,12824,1026612,1026740,128
CUBE,12829,1027049,1027177,128
CUBE,12834,1027486,1027614,128
CUBE,12839,1027923,1028051,128
CUBE,12844,1028360,1028488,128
CUBE,12849,1028797,1028925,128
CUBE,12854,1029234,1029362,128
CUBE,12859,1029671,1029799,128
CUBE,12864,1030108,1030236,128
CUBE,12869,1030545,1030673,128
CUBE,12874,1030982,1031110,128
CUBE,12879,1031419,1031547,128
CUBE,12884,1031856,1031984,128
CUBE,12891,1032293,1032421,128
CUBE,12896,1032730,1032858,128
CUBE,12901,1033167,1033295,128
CUBE,12906,1033604,1033732,128
CUBE,12911,1034041,1034169,128
CUBE,12916,1034478,1034606,128
CUBE,12921,1034915,1035043,128
CUBE,12926,1035352,1035480,128
CUBE,12931,1035789,1035917,128
CUBE,12936,1036226,1036354,128
CUBE,12941,1036663,1036791,128
CUBE,12946,1037100,1037228,128
CUBE,12951,1037537,1037665,128
CUBE,12956,1037974,1038102,128
CUBE,12961,1038411,1038539,128
CUBE,12966,1038848,1038976,128
CUBE,12973,1039285,1039413,128
CUBE,12978,1039722,1039850,128
CUBE,12983,1040159,1040287,128
CUBE,12988,1040596,1040724,128
CUBE,12993,1041033,1041161,128
CUBE,12998,1041470,1041598,128
CUBE,13003,1041907,1042035,128
CUBE,13008,1042344,1042472,128
CUBE,13013,1042781,1042909,128
CUBE,13018,1043218,1043346,128
CUBE,13023,1043655,1043783,128
CUBE,13028,1044092,1044220,128
CUBE,13033,1044529,1044657,128
CUBE,13038,1044966,1045094,128
CUBE,13043,1045403,1045531,128
CUBE,13048,1045840,1045968,128
CUBE,13055,1046277,1046405,128
CUBE,13060,1046714,1046842,128
CUBE,13065,1047151,1047279,128
CUBE,13070,1047588,1047716,128
CUBE,13075,1048025,1048153,128
CUBE,13080,1048462,1048590,128
CUBE,13085,1048899,1049027,128
CUBE,13090,1049336,1049464,128
CUBE,13095,1049773,1049901,128
CUBE,13100,1050210,1050338,128
CUBE,13105,1050647,1050775,128
CUBE,13110,1051084,1051212,128
CUBE,13115,1051521,1051649,128
CUBE,13120,1051958,1052086,128
CUBE,13125,1052395,1052523,128
CUBE,13130,1052832,1052960,128
CUBE,13137,1053269,1053397,128
CUBE,13142,1053706,1053834,128
CUBE,13147,1054143,1054271,128
CUBE,13152,1054580,1054708,128
CUBE,13157,1055017,1055145,128
CUBE,13162,1055454,1055582,128
CUBE,13167,1055891,1056019,128
CUBE,13172,1056328,1056456,128
CUBE,13177,1056765,1056893,128
CUBE,13182,1057202,1057330,128
CUBE,13187,1057639,1057767,128
CUBE,13192,1058076,1058204,128
CUBE,13197,1058513,1058641,128
CUBE,13202,1058950,1059078,128
CUBE,13207,1059387,1059515,128
CUBE,13212,1059824,1059952,128
CUBE,13219,1060261,1060389,128
CUBE,13224,1060698,1060826,128
CUBE,13229,1061135,1061263,128
CUBE,13234,1061572,1061700,128
CUBE,13239,1062009,1062137,128
CUBE,13244,1062446,1062574,128
CUBE,13249,1062883,1063011,128
CUBE,13254,1063320,1063448,128
CUBE,13259,1063757,1063885,128
CUBE,13264,1064194,1064322,128
CUBE,13269,1064631,1064759,128
CUBE,13274,1065068,1065196,128
CUBE,13279,1065505,1065633,128
CUBE,13284,1065942,1066070,128
CUBE,13289,1066379,1066507,128
CUBE,13294,1066816,1066944,128
CUBE,13301,1067253,1067381,128
CUBE,13306,1067690,1067818,128
CUBE,13311,1068127,1068255,128
CUBE,13316,1068564,1068692,128
CUBE,13321,1069001,1069129,128
CUBE,13326,1069438,1069566,128
CUBE,13331,1069875,1070003,128
CUBE,13336,1070312,1070440,128
CUBE,13341,1070749,1070877,128
CUBE,13346,1071186,1071314,128
CUBE,13351,1071623,1071751,128
CUBE,13356,1072060,1072188,128
CUBE,13361,1072497,1072625,128
CUBE,13366,1072934,1073062,128
CUBE,13371,1073371,1073499,128
CUBE,13376,1073808,1073936,128
CUBE,13383,1074245,1074373,128
CUBE,13388,1074682,1074810,128
CUBE,13393,1075119,1075247,128
CUBE,13398,1075556,1075684,128
CUBE,13403,1075993,1076121,128
CUBE,13408,1076430,1076558,128
CUBE,13413,1076867,1076995,128
CUBE,13418,1077304,1077432,128
CUBE,13423,1077741,1077869,128
CUBE,13428,1078178,1078306,128
CUBE,13433,1078615,1078743,128
CUBE,13438,1079052,1079180,128
CUBE,13443,1079489,1079617,128
CUBE,13448,1079926,1080054,128
CUBE,13453,1080363,1080491,128
CUBE,13458,1080800,1080928,128
CUBE,13465,1081237,1081365,128
CUBE,13470,1081674,1081802,128
CUBE,13475,1082111,1082239,128
CUBE,13480,1082548,1082676,128
CUBE,13485,1082985,1083113,128
CUBE,13490,1083422,1083550,128
CUBE,13495,1083859,1083987,128
CUBE,13500,1084296,1084424,128
CUBE,13505,1084733,1084861,128
CUBE,13510,1085170,1085298,128
CUBE,13515,1085607,1085735,128
CUBE,13520,1086044,1086172,128
CUBE,13525,1086481,1086609,128
CUBE,13530,1086918,1087046,128
CUBE,13535,1087355,1087483,128
CUBE,13540,1087792,1087920,128
CUBE,13547,1088229,1088357,128
CUBE,13552,1088666,1088794,128
CUBE,13557,1089103,1089231,128
CUBE,13562,1089540,1089668,128
CUBE,13567,1089977,1090105,128
CUBE,13572,1090414,1090542,128
CUBE,13577,1090851,1090979,128
CUBE,13582,1091288,1091416,128
CUBE,13587,1091725,1091853,128
CUBE,13592,1092162,1092290,128
CUBE,13597,1092599,1092727,128
CUBE,13602,1093036,1093164,128
CUBE,13607,1093473,1093601,128
CUBE,13612,1093910,1094038,128
CUBE,13617,1094347,1094475,128
CUBE,13622,1094784,1094912,128
CUBE,13629,1095221,1095349,128
CUBE,13634,1095658,1095786,128
CUBE,13639,1096095,1096223,128
CUBE,13644,1096532,1096660,128
CUBE,13649,1096969,1097097,128
CUBE,13654,1097406,1097534,128
CUBE,13659,1097843,1097971,128
CUBE,13664,1098280,1098408,128
CUBE,13669,1098717,1098845,128
CUBE,13674,1099154,1099282,128
CUBE,13679,1099591,1099719,128
CUBE,13684,1100028,1100156,128
CUBE,13689,1100465,1100593,128
CUBE,13694,1100902,1101030,128
CUBE,13699,1101339,1101467,128
CUBE,13704,1101776,1101904,128
CUBE,13711,1102213,1102341,128
CUBE,13716,1102650,1102778,128
CUBE,13721,1103087,1103215,128
CUBE,13726,1103524,1103652,128
CUBE,13731,1103961,1104089,128
CUBE,13736,1104398,1104526,128
CUBE,13741,1104835,1104963,128
CUBE,13746,1105272,1105400,128
CUBE,13751,1105709,1105837,128
CUBE,13756,1106146,1106274,128
CUBE,13761,1106583,1106711,128
CUBE,13766,1107020,1107148,128
CUBE,13771,1107457,1107585,128
CUBE,13776,1107894,1108022,128
CUBE,13781,1108331,1108459,128
CUBE,13786,1108768,1108896,128
CUBE,13793,1109205,1109333,128
CUBE,13798,1109642,1109770,128
CUBE,13803,1110079,1110207,128
CUBE,13808,1110516,1110644,128
CUBE,13813,1110953,1111081,128
CUBE,13818,1111390,1111518,128
CUBE,13823,1111827,1111955,128
CUBE,13828,1112017,1112145,128
CUBE,13833,1112207,1112335,128
CUBE,13838,1112397,1112525,128
CUBE,13843,1112587,1112715,128
CUBE,13848,1112777,1112905,128
CUBE,13853,1112967,1113095,128
CUBE,13858,1113157,1113285,128
CUBE,13863,1113347,1113475,128
CUBE,13868,1113537,1113665,128
CUBE,13875,1113928,1114056,128
CUBE,13880,1114118,1114246,128
CUBE,13885,1114308,1114436,128
CUBE,13890,1114498,1114626,128
CUBE,13895,1114688,1114816,128
CUBE,13900,1114878,1115006,128
CUBE,13905,1115474,1115602,128
CUBE,13910,1116070,1116198,128
CUBE,13915,1116666,1116794,128
CUBE,13920,1117262,1117390,128
CUBE,13925,1117858,1117986,128
CUBE,13930,1118454,1118582,128
CUBE,13935,1119050,1119178,128
CUBE,13940,1119646,1119774,128
CUBE,13945,1120242,1120370,128
CUBE,13950,1120838,1120966,128
CUBE,13959,1121569,1121697,128
CUBE,13966,1122300,1122428,128
CUBE,13973,1123031,1123159,128
CUBE,13980,1123793,1123921,128
CUBE,13987,1124555,1124683,128
CUBE,13994,1125317,1125445,128
CUBE,14001,1126079,1126207,128
CUBE,14008,1126841,1126969,128
CUBE,14015,1127603,1127731,128
CUBE,14022,1128365,1128493,128
CUBE,14029,1129127,1129255,128
CUBE,14036,1129889,1130017,128
CUBE,14043,1130651,1130779,128
CUBE,14050,1131413,1131541,128
CUBE,14057,1132175,1132303,128
CUBE,14064,1132937,1133065,128
CUBE,14071,1133343,1133471,128
CUBE,14076,1133780,1133908,128
CUBE,14081,1134217,1134345,128
CUBE,14086,1134654,1134782,128
CUBE,14091,1135091,1135219,128
CUBE,14096,1135528,1135656,128
CUBE,14101,1135965,1136093,128
CUBE,14106,1136402,1136530,128
CUBE,14111,1136839,1136967,128
CUBE,14116,1137276,1137404,128
CUBE,14121,1137713,1137841,128
CUBE,14126,1138150,1138278,128
CUBE,14131,1138587,1138715,128
CUBE,14136,1139024,1139152,128
CUBE,14141,1139461,1139589,128
CUBE,14146,1139898,1140026,128
CUBE,14153,1140335,1140463,128
CUBE,14158,1140772,1140900,128
CUBE,14163,1141209,1141337,128
CUBE,14168,1141646,1141774,128
CUBE,14173,1142083,1142211,128
CUBE,14178,1142520,1142648,128
CUBE,14183,1142957,1143085,128
CUBE,14188,1143394,1143522,128
CUBE,14193,1143831,1143959,128
CUBE,14198,1144268,1144396,128
CUBE,14203,1144705,1144833,128
CUBE,14208,1145142,1145270,128
CUBE,14213,1145579,1145707,128
CUBE,14218,1146016,1146144,128
CUBE,14223,1146453,1146581,128
CUBE,14228,1146890,1147018,128
CUBE,14235,1147327,1147455,128
CUBE,14240,1147764,1147892,128
CUBE,14245,1148201,1148329,128
CUBE,14250,1148638,1148766,128
CUBE,14255,1149075,1149203,128
CUBE,14260,1149512,1149640,128
CUBE,14265,1149949,1150077,128
CUBE,14270,1150386,1150514,128
CUBE,14275,1150823,1150951,128
CUBE,14280,1151260,1151388,128
CUBE,14285,1151697,1151825,128
CUBE,14290,1152134,1152262,128
CUBE,14295,1152571,1152699,128
CUBE,14300,1153008,1153136,128
CUBE,14305,1153445,1153573,128
CUBE,14310,1153882,1154010,128
CUBE,14317,1154319,1154447,128
CUBE,14322,1154756,1154884,128
CUBE,14327,1155193,1155321,128
CUBE,14332,1155630,1155758,128
CUBE,14337,1156067,1156195,128
CUBE,14342,1156504,1156632,128
CUBE,14347,1156941,1157069,128
CUBE,14352,1157378,1157506,128
CUBE,14357,1157815,1157943,128
CUBE,14362,1158252,1158380,128
CUBE,14367,1158689,1158817,128
CUBE,14372,1159126,1159254,128
CUBE,14377,1159563,1159691,128
CUBE,14382,1160000,1160128,128
CUBE,14387,1160437,1160565,128
CUBE,14392,1160874,1161002,128
CUBE,14399,1161311,1161439,128
CUBE,14404,1161748,1161876,128
CUBE,14409,1162185,1162313,128
CUBE,14414,1162622,1162750,128
CUBE,14419,1163059,1163187,128
CUBE,14424,1163496,1163624,128
CUBE,14429,1163933,1164061,128
CUBE,14434,1164370,1164498,128
CUBE,14439,1164807,1164935,128
CUBE,14444,1165244,1165372,128
CUBE,14449,1165681,1165809,128
CUBE,14454,1166118,1166246,128
CUBE,14459,1166555,1166683,128
CUBE,14464,1166992,1167120,128
CUBE,14469,1167429,1167557,128
CUBE,14474,1167866,1167994,128
CUBE,14481,1168303,1168431,128
CUBE,14486,1168740,1168868,128
CUBE,14491,1169177,1169305,128
CUBE,14496,1169614,1169742,128
CUBE,14501,1170051,1170179,128
CUBE,14506,1170488,1170616,128
CUBE,14511,1170925,1171053,128
CUBE,14516,1171362,1171490,128
CUBE,14521,1171799,1171927,128
CUBE,14526,1172236,1172364,128
CUBE,14531,1172673,1172801,128
CUBE,14536,1173110,1173238,128
CUBE,14541,1173547,1173675,128
CUBE,14546,1173984,1174112,128
CUBE,14551,1174421,1174549,128
CUBE,14556,1174858,1174986,128
CUBE,14563,1175295,1175423,128
CUBE,14568,1175732,1175860,128
CUBE,14573,1176169,1176297,128
CUBE,14578,1176606,1176734,128
CUBE,14583,1177043,1177171,128
CUBE,14588,1177480,1177608,128
CUBE,14593,1177917,1178045,128
CUBE,14598,1178354,1178482,128
CUBE,14603,1178791,1178919,128
CUBE,14608,1179228,1179356,128
CUBE,14613,1179665,1179793,128
CUBE,14618,1180102,1180230,128
CUBE,14623,1180539,1180667,128
CUBE,14628,1180976,1181104,128
CUBE,14633,1181413,1181541,128
CUBE,14638,1181850,1181978,128
CUBE,14645,1182287,1182415,128
CUBE,14650,1182724,1182852,128
CUBE,14655,1183161,1183289,128
CUBE,14660,1183598,1183726,128
CUBE,14665,1184035,1184163,128
CUBE,14670,1184472,1184600,128
CUBE,14675,1184909,1185037,128
CUBE,14680,1185346,1185474,128
CUBE,14685,1185783,1185911,128
CUBE,14690,1186220,1186348,128
CUBE,14695,1186657,1186785,128
CUBE,14700,1187094,1187222,128
CUBE,14705,1187531,1187659,128
CUBE,14710,1187968,1188096,128
CUBE,14715,1188405,1188533,128
CUBE,14720,1188842,1188970,128
CUBE,14727,1189279,1189407,128
CUBE,14732,1189716,1189844,128
CUBE,14737,1190153,1190281,128
CUBE,14742,1190590,1190718,128
CUBE,14747,1191027,1191155,128
CUBE,14752,1191464,1191592,128
CUBE,14757,1191901,1192029,128
CUBE,14762,1192338,1192466,128
CUBE,14767,1192775,1192903,128
CUBE,14772,1193212,1193340,128
CUBE,14777,1193649,1193777,128
CUBE,14782,1194086,1194214,128
CUBE,14787,1194523,1194651,128
CUBE,14792,1194960,1195088,128
CUBE,14797,1195397,1195525,128
CUBE,14802,1195834,1195962,128
CUBE,14809,1196271,1196399,128
CUBE,14814,1196708,1196836,128
CUBE,14819,1197145,1197273,128
CUBE,14824,1197582,1197710,128
CUBE,14829,1198019,1198147,128
CUBE,14834,1198456,1198584,128
CUBE,14839,1198893,1199021,128
CUBE,14844,1199330,1199458,128
CUBE,14849,1199767,1199895,128
CUBE,14854,1200204,1200332,128
CUBE,14859,1200641,1200769,128
CUBE,14864,1201078,1201206,128
CUBE,14869,1201515,1201643,128
CUBE,14874,1201952,1202080,128
CUBE,14879,1202389,1202517,128
CUBE,14884,1202826,1202954,128
CUBE,14891,1203263,1203391,128
CUBE,14896,1203700,1203828,128
CUBE,14901,1204137,1204265,128
CUBE,14906,1204574,1204702,128
CUBE,14911,1205011,1205139,128
CUBE,14916,1205448,1205576,128
CUBE,14921,1205885,1206013,128
CUBE,14926,1206322,1206450,128
CUBE,14931,1206759,1206887,128
CUBE,14936,1207196,1207324,128
CUBE,14941,1207633,1207761,128
CUBE,14946,1208070,1208198,128
CUBE,14951,1208507,1208635,128
CUBE,14956,1208944,1209072,128
CUBE,14961,1209381,1209509,128
CUBE,14966,1209818,1209946,128
CUBE,14973,1210255,1210383,128
CUBE,14978,1210692,1210820,128
CUBE,14983,1211129,1211257,128
CUBE,14988,1211566,1211694,128
CUBE,14993,1212003,1212131,128
CUBE,14998,1212440,1212568,128
CUBE,15003,1212877,1213005,128
CUBE,15008,1213314,1213442,128
CUBE,15013,1213751,1213879,128
CUBE,15018,1214188,1214316,128
CUBE,15023,1214625,1214753,128
CUBE,15028,1215062,1215190,128
CUBE,15033,1215499,1215627,128
CUBE,15038,1215936,1216064,128
CUBE,15043,1216373,1216501,128
CUBE,15048,1216810,1216938,128
CUBE,15055,1217247,1217375,128
CUBE,15060,1217684,1217812,128
CUBE,15065,1218121,1218249,128
CUBE,15070,1218558,1218686,128
CUBE,15075,1218995,1219123,128
CUBE,15080,1219432,1219560,128
CUBE,15085,1219869,1219997,128
CUBE,15090,1220306,1220434,128
CUBE,15095,1220743,1220871,128
CUBE,15100,1221180,1221308,128
CUBE,15105,1221617,1221745,128
CUBE,15110,1222054,1222182,128
CUBE,15115,1222491,1222619,128
CUBE,15120,1222928,1223056,128
CUBE,15125,1223365,1223493,128
CUBE,15130,1223802,1223930,128
CUBE,15137,1224239,1224367,128
CUBE,15142,1224676,1224804,128
CUBE,15147,1225113,1225241,128
CUBE,15152,1225550,1225678,128
CUBE,15157,1225987,1226115,128
CUBE,15162,1226424,1226552,128
CUBE,15167,1226614,1226742,128
CUBE,15172,1226804,1226932,128
CUBE,15177,1226994,1227122,128
CUBE,15182,1227184,1227312,128
CUBE,15187,1227374,1227502,128
CUBE,15192,1227564,1227692,128
CUBE,15197,1227754,1227882,128
CUBE,15202,1227944,1228072,128
CUBE,15207,1228134,1228262,128
CUBE,15212,1228324,1228452,128
CUBE,15219,1228715,1228843,128
CUBE,15224,1228905,1229033,128
CUBE,15229,1229095,1229223,128
CUBE,15234,1229285,1229413,128
CUBE,15239,1229475,1229603,128
CUBE,15244,1230071,1230199,128
CUBE,15249,1230667,1230795,128
CUBE,15254,1231263,1231391,128
CUBE,15259,1231859,1231987,128
CUBE,15264,1232455,1232583,128
CUBE,15269,1233051,1233179,128
CUBE,15274,1233647,1233775,128
CUBE,15279,1234243,1234371,128
CUBE,15284,1234839,1234967,128
CUBE,15289,1235435,1235563,128
CUBE,15294,1236031,1236159,128
CUBE,15303,1236762,1236890,128
CUBE,15310,1237493,1237621,128
CUBE,15317,1238255,1238383,128
CUBE,15324,1239017,1239145,128
CUBE,15331,1239779,1239907,128
CUBE,15338,1240541,1240669,128
CUBE,15345,1241303,1241431,128
CUBE,15352,1242065,1242193,128
CUBE,15359,1242827,1242955,128
CUBE,15366,1243589,1243717,128
CUBE,15373,1244351,1244479,128
CUBE,15380,1245113,1245241,128
CUBE,15387,1245875,1246003,128
CUBE,15394,1246637,1246765,128
CUBE,15401,1247399,1247527,128
CUBE,15408,1248161,1248289,128
CUBE,15415,1248567,1248695,128
CUBE,15420,1249004,1249132,128
CUBE,15425,1249441,1249569,128
CUBE,15430,1249878,1250006,128
CUBE,15435,1250315,1250443,128
CUBE,15440,1250752,1250880,128
CUBE,15445,1251189,1251317,128
CUBE,15450,1251626,1251754,128
CUBE,15455,1252063,1252191,128
CUBE,15460,1252500,1252628,128
CUBE,15465,1252937,1253065,128
CUBE,15470,1253374,1253502,128
CUBE,15475,1253811,1253939,128
CUBE,15480,1254248,1254376,128
CUBE,15485,1254685,1254813,128
CUBE,15490,1255122,1255250,128
CUBE,15497,1255559,1255687,128
CUBE,15502,1255996,1256124,128
CUBE,15507,1256433,1256561,128
CUBE,15512,1256870,1256998,128
CUBE,15517,1257307,1257435,128
CUBE,15522,1257744,1257872,128
CUBE,15527,1258181,1258309,128
CUBE,15532,1258618,1258746,128
CUBE,15537,1259055,1259183,128
CUBE,15542,1259492,1259620,128
CUBE,15547,1259929,1260057,128
CUBE,15552,1260366,1260494,128
CUBE,15557,1260803,1260931,128
CUBE,15562,1261240,1261368,128
CUBE,15567,1261677,1261805,128
CUBE,15572,1262114,1262242,128
CUBE,15579,1262551,1262679,128
CUBE,15584,1262988,1263116,128
CUBE,15589,1263425,1263553,128
CUBE,15594,1263862,1263990,128
CUBE,15599,1264299,1264427,128
CUBE,15604,1264736,1264864,128
CUBE,15609,1265173,1265301,128
CUBE,15614,1265610,1265738,128
CUBE,15619,1266047,1266175,128
CUBE,15624,1266484,1266612,128
CUBE,15629,1266921,1267049,128
CUBE,15634,1267358,1267486,128
CUBE,15639,1267795,1267923,128
CUBE,15644,1268232,1268360,128
CUBE,15649,1268669,1268797,128
CUBE,15654,1269106,1269234,128
CUBE,15661,1269543,1269671,128
CUBE,15666,1269980,1270108,128
CUBE,15671,1270417,1270545,128
CUBE,15676,1270854,1270982,128
CUBE,15681,1271291,1271419,128
CUBE,15686,1271728,1271856,128
CUBE,15691,1272165,1272293,128
CUBE,15696,1272602,1272730,128
CUBE,15701,1273039,1273167,128
CUBE,15706,1273476,1273604,128
CUBE,15711,1273913,1274041,128
CUBE,15716,1274350,1274478,128
CUBE,15721,1274787,1274915,128
CUBE,15726,1275224,1275352,128
CUBE,15731,1275661,1275789,128
CUBE,15736,1276098,1276226,128
CUBE,15743,1276535,1276663,128
CUBE,15748,1276972,1277100,128
CUBE,15753,1277409,1277537,128
CUBE,15758,1277846,1277974,128
CUBE,15763,1278283,1278411,128
CUBE,15768,1278720,1278848,128
CUBE,15773,1279157,1279285,128
CUBE,15778,1279594,1279722,128
CUBE,15783,1280031,1280159,128
CUBE,15788,1280468,1280596,128
CUBE,15793,1280905,1281033,128
CUBE,15798,1281342,1281470,128
CUBE,15803,1281779,1281907,128
CUBE,15808,1282216,1282344,128
CUBE,15813,1282653,1282781,128
CUBE,15818,1283090,1283218,128
CUBE,15825,1283527,1283655,128
CUBE,15830,1283964,1284092,128
CUBE,15835,1284401,1284529,128
CUBE,15840,1284838,1284966,128
CUBE,15845,1285275,1285403,128
CUBE,15850,1285712,1285840,128
CUBE,15855,1286149,1286277,128
CUBE,15860,1286586,1286714,128
CUBE,15865,1287023,1287151,128
CUBE,15870,1287460,1287588,128
CUBE,15875,1287897,1288025,128
CUBE,15880,1288334,1288462,128
CUBE,15885,1288771,1288899,128
CUBE,15890,1289208,1289336,128
CUBE,15895,1289645,1289773,128
CUBE,15900,1290082,1290210,128
CUBE,15907,1290519,1290647,128
CUBE,15912,1290956,1291084,128
CUBE,15917,1291393,1291521,128
CUBE,15922,1291830,1291958,128
CUBE,15927,1292267,1292395,128
CUBE,15932,1292704,1292832,128
CUBE,15937,1293141,1293269,128
CUBE,15942,1293578,1293706,128
CUBE,15947,1294015,1294143,128
CUBE,15952,1294452,1294580,128
CUBE,15957,1294889,1295017,128
CUBE,15962,1295326,1295454,128
CUBE,15967,1295763,1295891,128
CUBE,15972,1296200,1296328,128
CUBE,15977,1296637,1296765,128
CUBE,15982,1297074,1297202,128
CUBE,15989,1297511,1297639,128
CUBE,15994,1297948,1298076,128
CUBE,15999,1298385,1298513,128
CUBE,16004,1298822,1298950,128
CUBE,16009,1299259,1299387,128
CUBE,16014,1299696,1299824,128
CUBE,16019,1300133,1300261,128
CUBE,16024,1300570,1300698,128
CUBE,16029,1301007,1301135,128
CUBE,16034,1301444,1301572,128
CUBE,16039,1301881,1302009,128
CUBE,16044,1302318,1302446,128
CUBE,16049,1302755,1302883,128
CUBE,16054,1303192,1303320,128
CUBE,16059,1303629,1303757,128
CUBE,16064,1304066,1304194,128
CUBE,16071,1304503,1304631,128
CUBE,16076,1304940,1305068,128
CUBE,16081,1305377,1305505,128
CUBE,16086,1305814,1305942,128
CUBE,16091,1306251,1306379,128
CUBE,16096,1306688,1306816,128
CUBE,16101,1307125,1307253,128
CUBE,16106,1307562,1307690,128
CUBE,16111,1307999,1308127,128
CUBE,16116,1308436,1308564,128
CUBE,16121,1308873,1309001,128
CUBE,16126,1309310,1309438,128
CUBE,16131,1309747,1309875,128
CUBE,16136,1310184,1310312,128
CUBE,16141,1310621,1310749,128
CUBE,16146,1311058,1311186,128
CUBE,16153,1311495,1311623,128
CUBE,16158,1311932,1312060,128
CUBE,16163,1312369,1312497,128
CUBE,16168,1312806,1312934,128
CUBE,16173,1313243,1313371,128
CUBE,16178,1313680,1313808,128
CUBE,16183,1314117,1314245,128
CUBE,16188,1314554,1314682,128
CUBE,16193,1314991,1315119,128
CUBE,16198,1315428,1315556,128
CUBE,16203,1315865,1315993,128
CUBE,16208,1316302,1316430,128
CUBE,16213,1316739,1316867,128
CUBE,16218,1317176,1317304,128
CUBE,16223,1317613,1317741,128
CUBE,16228,1318050,1318178,128
CUBE,16235,1318487,1318615,128
CUBE,16240,1318924,1319052,128
CUBE,16245,1319361,1319489,128
CUBE,16250,1319798,1319926,128
CUBE,16255,1320235,1320363,128
CUBE,16260,1320672,1320800,128
CUBE,16265,1321109,1321237,128
CUBE,16270,1321546,1321674,128
CUBE,16275,1321983,1322111,128
CUBE,16280,1322420,1322548,128
CUBE,16285,1322857,1322985,128
CUBE,16290,1323294,1323422,128
CUBE,16295,1323731,1323859,128
CUBE,16300,1324168,1324296,128
CUBE,16305,1324605,1324733,128
CUBE,16310,1325042,1325170,128
CUBE,16317,1325479,1325607,128
CUBE,16322,1325916,1326044,128
CUBE,16327,1326353,1326481,128
CUBE,16332,1326790,1326918,128
CUBE,16337,1327227,1327355,128
CUBE,16342,1327664,1327792,128
CUBE,16347,1328101,1328229,128
CUBE,16352,1328538,1328666,128
CUBE,16357,1328975,1329103,128
CUBE,16362,1329412,1329540,128
CUBE,16367,1329849,1329977,128
CUBE,16372,1330286,1330414,128
CUBE,16377,1330723,1330851,128
CUBE,16382,1331160,1331288,128
CUBE,16387,1331597,1331725,128
CUBE,16392,1332034,1332162,128
CUBE,16399,1332471,1332599,128
CUBE,16404,1332908,1333036,128
CUBE,16409,1333345,1333473,128
CUBE,16414,1333782,1333910,128
CUBE,16419,1334219,1334347,128
CUBE,16424,1334656,1334784,128
CUBE,16429,1335093,1335221,128
CUBE,16434,1335530,1335658,128
CUBE,16439,1335967,1336095,128
CUBE,16444,1336404,1336532,128
CUBE,16449,1336841,1336969,128
CUBE,16454,1337278,1337406,128
CUBE,16459,1337715,1337843,128
CUBE,16464,1338152,1338280,128
CUBE,16469,1338589,1338717,128
CUBE,16474,1339026,1339154,128
CUBE,16481,1339463,1339591,128
CUBE,16486,1339900,1340028,128
CUBE,16491,1340337,1340465,128
CUBE,16496,1340774,1340902,128
CUBE,16501,1341211,1341339,128
CUBE,16506,1341401,1341529,128
CUBE,16511,1341591,1341719,128
CUBE,16516,1341781,1341909,128
CUBE,16521,1341971,1342099,128
CUBE,16526,1342161,1342289,128
CUBE,16531,1342351,1342479,128
CUBE,16536,1342541,1342669,128
CUBE,16541,1342731,1342859,128
CUBE,16546,1342921,1343049,128
CUBE,16551,1343111,1343239,128
CUBE,16556,1343301,1343429,128
CUBE,16563,1343692,1343820,128
CUBE,16568,1343882,1344010,128
CUBE,16573,1344072,1344200,128
CUBE,16578,1344262,1344390,128
CUBE,16583,1344858,1344986,128
CUBE,16588,1345454,1345582,128
CUBE,16593,1346050,1346178,128
CUBE,16598,1346646,1346774,128
CUBE,16603,1347242,1347370,128
CUBE,16608,1347838,1347966,128
CUBE,16613,1348434,1348562,128
CUBE,16618,1349030,1349158,128
CUBE,16623,1349626,1349754,128
CUBE,16628,1350222,1350350,128
CUBE,16633,1350818,1350946,128
CUBE,16638,1351414,1351542,128
CUBE,16647,1352145,1352273,128
CUBE,16654,1352876,1353004,128
CUBE,16661,1353638,1353766,128
CUBE,16668,1354400,1354528,128
CUBE,16675,1355162,1355290,128
CUBE,16682,1355924,1356052,128
CUBE,16689,1356686,1356814,128
CUBE,16696,1357448,1357576,128
CUBE,16703,1358210,1358338,128
CUBE,16710,1358972,1359100,128
CUBE,16717,1359734,1359862,128
CUBE,16724,1360496,1360624,128
CUBE,16731,1361258,1361386,128
CUBE,16738,1362020,1362148,128
CUBE,16745,1362782,1362910,128
CUBE,16752,1363544,1363672,128
CUBE,16759,1363950,1364078,128
CUBE,16764,1364387,1364515,128
CUBE,16769,1364824,1364952,128
CUBE,16774,1365261,1365389,128
CUBE,16779,1365698,1365826,128
CUBE,16784,1366135,1366263,128
CUBE,16789,1366572,1366700,128
CUBE,16794,1367009,1367137,128
CUBE,16799,1367446,1367574,128
CUBE,16804,1367883,1368011,128
CUBE,16809,1368320,1368448,128
CUBE,16814,1368757,1368885,128
CUBE,16819,1369194,1369322,128
CUBE,16824,1369631,1369759,128
CUBE,16829,1370068,1370196,128
CUBE,16834,1370505,1370633,128
CUBE,16841,1370942,1371070,128
CUBE,16846,1371379,1371507,128
CUBE,16851,1371816,1371944,128
CUBE,16856,1372253,1372381,128
CUBE,16861,1372690,1372818,128
CUBE,16866,1373127,1373255,128
CUBE,16871,1373564,1373692,128
CUBE,16876,1374001,1374129,128
CUBE,16881,1374438,1374566,128
CUBE,16886,1374875,1375003,128
CUBE,16891,1375312,1375440,128
CUBE,16896,1375749,1375877,128
CUBE,16901,1376186,1376314,128
CUBE,16906,1376623,1376751,128
CUBE,16911,1377060,1377188,128
CUBE,16916,1377497,1377625,128
CUBE,16923,1377934,1378062,128
CUBE,16928,1378371,1378499,128
CUBE,16933,1378808,1378936,128
CUBE,16938,1379245,1379373,128
CUBE,16943,1379682,1379810,128
CUBE,16948,1380119,1380247,128
CUBE,16953,1380556,1380684,128
CUBE,16958,1380993,1381121,128
CUBE,16963,1381430,1381558,128
CUBE,16968,1381867,1381995,128
CUBE,16973,1382304,1382432,128
CUBE,16978,1382741,1382869,128
CUBE,16983,1383178,1383306,128
CUBE,16988,1383615,1383743,128
CUBE,16993,1384052,1384180,128
CUBE,16998,1384489,1384617,128
CUBE,17005,1384926,1385054,128
CUBE,17010,1385363,1385491,128
CUBE,17015,1385800,1385928,128
CUBE,17020,1386237,1386365,128
CUBE,17025,1386674,1386802,128
CUBE,17030,1387111,1387239,128
CUBE,17035,1387548,1387676,128
CUBE,17040,1387985,1388113,128
CUBE,17045,1388422,1388550,128
CUBE,17050,1388859,1388987,128
CUBE,17055,1389296,1389424,128
CUBE,17060,1389733,1389861,128
CUBE,17065,1390170,1390298,128
CUBE,17070,1390607,1390735,128
CUBE,17075,1391044,1391172,128
CUBE,17080,1391481,1391609,128
CUBE,17087,1391918,1392046,128
CUBE,17092,1392355,1392483,128
CUBE,17097,1392792,1392920,128
CUBE,17102,1393229,1393357,128
CUBE,17107,1393666,1393794,128
CUBE,17112,1394103,1394231,128
CUBE,17117,1394540,1394668,128
CUBE,17122,1394977,1395105,128
CUBE,17127,1395414,1395542,128
CUBE,17132,1395851,1395979,128
CUBE,17137,1396288,1396416,128
CUBE,17142,1396725,1396853,128
CUBE,17147,1397162,1397290,128
CUBE,17152,1397599,1397727,128
CUBE,17157,1398036,1398164,128
CUBE,17162,1398473,1398601,128
CUBE,17169,1398910,1399038,128
CUBE,17174,1399347,1399475,128
CUBE,17179,1399784,1399912,128
CUBE,17184,1400221,1400349,128
CUBE,17189,1400658,1400786,128
CUBE,17194,1401095,1401223,128
CUBE,17199,1401532,1401660,128
CUBE,17204,1401969,1402097,128
CUBE,17209,1402406,1402534,128
CUBE,17214,1402843,1402971,128
CUBE,17219,1403280,1403408,128
CUBE,17224,1403717,1403845,128
CUBE,17229,1404154,1404282,128
CUBE,17234,1404591,1404719,128
CUBE,17239,1405028,1405156,128
CUBE,17244,1405465,1405593,128
CUBE,17251,1405902,1406030,128
CUBE,17256,1406339,1406467,128
CUBE,17261,1406776,1406904,128
CUBE,17266,1407213,1407341,128
CUBE,17271,1407650,1407778,128
CUBE,17276,1408087,1408215,128
CUBE,17281,1408524,1408652,128
CUBE,17286,1408961,1409089,128
CUBE,17291,1409398,1409526,128
CUBE,17296,1409835,1409963,128
CUBE,17301,1410272,1410400,128
CUBE,17306,1410709,1410837,128
CUBE,17311,1411146,1411274,128
CUBE,17316,1411583,1411711,128
CUBE,17321,1412020,1412148,128
CUBE,17326,1412457,1412585,128
CUBE,17333,1412894,1413022,128
CUBE,17338,1413331,1413459,128
CUBE,17343,1413768,1413896,128
CUBE,17348,1414205,1414333,128
CUBE,17353,1414642,1414770,128
CUBE,17358,1415079,1415207,128
CUBE,17363,1415516,1415644,128
CUBE,17368,1415953,1416081,128
CUBE,17373,1416390,1416518,128
CUBE,17378,1416827,1416955,128
CUBE,17383,1417264,1417392,128
CUBE,17388,1417701,1417829,128
CUBE,17393,1418138,1418266,128
CUBE,17398,1418575,1418703,128
CUBE,17403,1419012,1419140,128
CUBE,17408,1419449,1419577,128
CUBE,17415,1419886,1420014,128
CUBE,17420,1420323,1420451,128
CUBE,17425,1420760,1420888,128
CUBE,17430,1421197,1421325,128
CUBE,17435,1421634,1421762,128
CUBE,17440,1422071,1422199,128
CUBE,17445,1422508,1422636,128
CUBE,17450,1422945,1423073,128
CUBE,17455,1423382,1423510,128
CUBE,17460,1423819,1423947,128
CUBE,17465,1424256,1424384,128
CUBE,17470,1424693,1424821,128
CUBE,17475,1425130,1425258,128
CUBE,17480,1425567,1425695,128
CUBE,17485,1426004,1426132,128
CUBE,17490,1426441,1426569,128
CUBE,17497,1426878,1427006,128
CUBE,17502,1427315,1427443,128
CUBE,17507,1427752,1427880,128
CUBE,17512,1428189,1428317,128
CUBE,17517,1428626,1428754,128
CUBE,17522,1429063,1429191,128
CUBE,17527,1429500,1429628,128
CUBE,17532,1429937,1430065,128
CUBE,17537,1430374,1430502,128
CUBE,17542,1430811,1430939,128
CUBE,17547,1431248,1431376,128
CUBE,17552,1431685,1431813,128
CUBE,17557,1432122,1432250,128
CUBE,17562,1432559,1432687,128
CUBE,17567,1432996,1433124,128
CUBE,17572,1433433,1433561,128
CUBE,17579,1433870,1433998,128
CUBE,17584,1434307,1434435,128
CUBE,17589,1434744,1434872,128
CUBE,17594,1435181,1435309,128
CUBE,17599,1435618,1435746,128
CUBE,17604,1436055,1436183,128
CUBE,17609,1436492,1436620,128
CUBE,17614,1436929,1437057,128
CUBE,17619,1437366,1437494,128
CUBE,17624,1437803,1437931,128
CUBE,17629,1438240,1438368,128
CUBE,17634,1438677,1438805,128
CUBE,17639,1439114,1439242,128
CUBE,17644,1439551,1439679,128
CUBE,17649,1439988,1440116,128
CUBE,17654,1440425,1440553,128
CUBE,17661,1440862,1440990,128
CUBE,17666,1441299,1441427,128
CUBE,17671,1441736,1441864,128
CUBE,17676,1442173,1442301,128
CUBE,17681,1442610,1442738,128
CUBE,17686,1443047,1443175,128
CUBE,17691,1443484,1443612,128
CUBE,17696,1443921,1444049,128
CUBE,17701,1444358,1444486,128
CUBE,17706,1444795,1444923,128
CUBE,17711,1445232,1445360,128
CUBE,17716,1445669,1445797,128
CUBE,17721,1446106,1446234,128
CUBE,17726,1446543,1446671,128
CUBE,17731,1446980,1447108,128
CUBE,17736,1447417,1447545,128
CUBE,17743,1447854,1447982,128
CUBE,17748,1448291,1448419,128
CUBE,17753,1448728,1448856,128
CUBE,17758,1449165,1449293,128
CUBE,17763,1449602,1449730,128
CUBE,17768,1450039,1450167,128
CUBE,17773,1450476,1450604,128
CUBE,17778,1450913,1451041,128
CUBE,17783,1451350,1451478,128
CUBE,17788,1451787,1451915,128
CUBE,17793,1452224,1452352,128
CUBE,17798,1452661,1452789,128
CUBE,17803,1453098,1453226,128
CUBE,17808,1453535,1453663,128
CUBE,17813,1453972,1454100,128
CUBE,17818,1454409,1454537,128
CUBE,17825,1454846,1454974,128
CUBE,17830,1455283,1455411,128
CUBE,17835,1455720,1455848,128
CUBE,17840,1456157,1456285,128
CUBE,17845,1456347,1456475,128
CUBE,17850,1456537,1456665,128
CUBE,17855,1456727,1456855,128
CUBE,17860,1456917,1457045,128
CUBE,17865,1457107,1457235,128
CUBE,17870,1457297,1457425,128
CUBE,17875,1457487,1457615,128
CUBE,17880,1457677,1457805,128
CUBE,17885,1457867,1457995,128
CUBE,17890,1458057,1458185,128
CUBE,17895,1458247,1458375,128
CUBE,17900,1458437,1458565,128
CUBE,17907,1458828,1458956,128
CUBE,17912,1459018,1459146,128
CUBE,17917,1459208,1459336,128
CUBE,17922,1459804,1459932,128
CUBE,17927,1460400,1460528,128
CUBE,17932,1460996,1461124,128
CUBE,17937,1461592,1461720,128
CUBE,17942,1462188,1462316,128
CUBE,17947,1462784,1462912,128
CUBE,17952,1463380,1463508,128
CUBE,17957,1463976,1464104,128
CUBE,17962,1464572,1464700,128
CUBE,17967,1465168,1465296,128
CUBE,17972,1465764,1465892,128
CUBE,17977,1466360,1466488,128
CUBE,17982,1466956,1467084,128
CUBE,17991,1467687,1467815,128
CUBE,17998,1468449,1468577,128
CUBE,18005,1469211,1469339,128
CUBE,18012,1469973,1470101,128
CUBE,18019,1470735,1470863,128
CUBE,18026,1471497,1471625,128
CUBE,18033,1472259,1472387,128
CUBE,18040,1473021,1473149,128
CUBE,18047,1473783,1473911,128
CUBE,18054,1474545,1474673,128
CUBE,18061,1475307,1475435,128
CUBE,18068,1476069,1476197,128
CUBE,18075,1476831,1476959,128
CUBE,18082,1477593,1477721,128
CUBE,18089,1478355,1478483,128
CUBE,18096,1479117,1479245,128
CUBE,18103,1479523,1479651,128
CUBE,18108,1479960,1480088,128
CUBE,18113,1480397,1480525,128
CUBE,18118,1480834,1480962,128
CUBE,18123,1481271,1481399,128
CUBE,18128,1481708,1481836,128
CUBE,18133,1482145,1482273,128
CUBE,18138,1482582,1482710,128
CUBE,18143,1483019,1483147,128
CUBE,18148,1483456,1483584,128
CUBE,18153,1483893,1484021,128
CUBE,18158,1484330,1484458,128
CUBE,18163,1484767,1484895,128
CUBE,18168,1485204,1485332,128
CUBE,18173,1485641,1485769,128
CUBE,18178,1486078,1486206,128
CUBE,18185,1486515,1486643,128
CUBE,18190,1486952,1487080,128
CUBE,18195,1487389,1487517,128
CUBE,18200,1487826,1487954,128
CUBE,18205,1488263,1488391,128
CUBE,18210,1488700,1488828,128
CUBE,18215,1489137,1489265,128
CUBE,18220,1489574,1489702,128
CUBE,18225,1490011,1490139,128
CUBE,18230,1490448,1490576,128
CUBE,18235,1490885,1491013,128
CUBE,18240,1491322,1491450,128
CUBE,18245,1491759,1491887,128
CUBE,18250,1492196,1492324,128
CUBE,18255,1492633,1492761,128
CUBE,18260,1493070,1493198,128
CUBE,18267,1493507,1493635,128
CUBE,18272,1493944,1494072,128
CUBE,18277,1494381,1494509,128
CUBE,18282,1494818,1494946,128
CUBE,18287,1495255,1495383,128
CUBE,18292,1495692,1495820,128
CUBE,18297,1496129,1496257,128
CUBE,18302,1496566,1496694,128
CUBE,18307,1497003,1497131,128
CUBE,18312,1497440,1497568,128
CUBE,18317,1497877,1498005,128
CUBE,18322,1498314,1498442,128
CUBE,18327,1498751,1498879,128
CUBE,18332,1499188,1499316,128
CUBE,18337,1499625,1499753,128
CUBE,18342,1500062,1500190,128
CUBE,18349,1500499,1500627,128
CUBE,18354,1500936,1501064,128
CUBE,18359,1501373,1501501,128
CUBE,18364,1501810,1501938,128
CUBE,18369,1502247,1502375,128
CUBE,18374,1502684,1502812,128
CUBE,18379,1503121,1503249,128
CUBE,18384,1503558,1503686,128
CUBE,18389,1503995,1504123,128
CUBE,18394,1504432,1504560,128
CUBE,18399,1504869,1504997,128
CUBE,18404,1505306,1505434,128
CUBE,18409,1505743,1505871,128
CUBE,18414,1506180,1506308,128
CUBE,18419,1506617,1506745,128
CUBE,18424,1507054,1507182,128
CUBE,18431,1507491,1507619,128
CUBE,18436,1507928,1508056,128
CUBE,18441,1508365,1508493,128
CUBE,18446,1508802,1508930,128
CUBE,18451,1509239,1509367,128
CUBE,18456,1509676,1509804,128
CUBE,18461,1510113,1510241,128
CUBE,18466,1510550,1510678,128
CUBE,18471,1510987,1511115,128
CUBE,18476,1511424,1511552,128
CUBE,18481,1511861,1511989,128
CUBE,18486,1512298,1512426,128
CUBE,18491,1512735,1512863,128
CUBE,18496,1513172,1513300,128
CUBE,18501,1513609,1513737,128
CUBE,18506,1514046,1514174,128
CUBE,18513,1514483,1514611,128
CUBE,18518,1514920,1515048,128
CUBE,18523,1515357,1515485,128
CUBE,18528,1515794,1515922,128
CUBE,18533,1516231,1516359,128
CUBE,18538,1516668,1516796,128
CUBE,18543,1517105,1517233,128
CUBE,18548,1517542,1517670,128
CUBE,18553,1517979,1518107,128
CUBE,18558,1518416,1518544,128
CUBE,18563,1518853,1518981,128
CUBE,18568,1519290,1519418,128
CUBE,18573,1519727,1519855,128
CUBE,18578,1520164,1520292,128
CUBE,18583,1520601,1520729,128
CUBE,18588,1521038,1521166,128
CUBE,18595,1521475,1521603,128
CUBE,18600,1521912,1522040,128
CUBE,18605,1522349,1522477,128
CUBE,18610,1522786,1522914,128
CUBE,18615,1523223,1523351,128
CUBE,18620,1523660,1523788,128
CUBE,18625,1524097,1524225,128
CUBE,18630,1524534,1524662,128
CUBE,18635,1524971,1525099,128
CUBE,18640,1525408,1525536,128
CUBE,18645,1525845,1525973,128
CUBE,18650,1526282,1526410,128
CUBE,18655,1526719,1526847,128
CUBE,18660,1527156,1527284,128
CUBE,18665,1527593,1527721,128
CUBE,18670,1528030,1528158,128
CUBE,18677,1528467,1528595,128
CUBE,18682,1528904,1529032,128
CUBE,18687,1529341,1529469,128
CUBE,18692,1529778,1529906,128
CUBE,18697,1530215,1530343,128
CUBE,18702,1530652,1530780,128
CUBE,18707,1531089,1531217,128
CUBE,18712,1531526,1531654,128
CUBE,18717,1531963,1532091,128
CUBE,18722,1532400,1532528,128
CUBE,18727,1532837,1532965,128
CUBE,18732,1533274,1533402,128
CUBE,18737,1533711,1533839,128
CUBE,18742,1534148,1534276,128
CUBE,18747,1534585,1534713,128
CUBE,18752,1535022,1535150,128
CUBE,18759,1535459,1535587,128
CUBE,18764,1535896,1536024,128
CUBE,18769,1536333,1536461,128
CUBE,18774,1536770,1536898,128
CUBE,18779,1537207,1537335,128
CUBE,18784,1537644,1537772,128
CUBE,18789,1538081,1538209,128
CUBE,18794,1538518,1538646,128
CUBE,18799,1538955,1539083,128
CUBE,18804,1539392,1539520,128
CUBE,18809,1539829,1539957,128
CUBE,18814,1540266,1540394,128
CUBE,18819,1540703,1540831,128
CUBE,18824,1541140,1541268,128
CUBE,18829,1541577,1541705,128
CUBE,18834,1542014,1542142,128
CUBE,18841,1542451,1542579,128
CUBE,18846,1542888,1543016,128
CUBE,18851,1543325,1543453,128
CUBE,18856,1543762,1543890,128
CUBE,18861,1544199,1544327,128
CUBE,18866,1544636,1544764,128
CUBE,18871,1545073,1545201,128
CUBE,18876,1545510,1545638,128
CUBE,18881,1545947,1546075,128
CUBE,18886,1546384,1546512,128
CUBE,18891,1546821,1546949,128
CUBE,18896,1547258,1547386,128
CUBE,18901,1547695,1547823,128
CUBE,18906,1548132,1548260,128
CUBE,18911,1548569,1548697,128
CUBE,18916,1549006,1549134,128
CUBE,18923,1549443,1549571,128
CUBE,18928,1549880,1550008,128
CUBE,18933,1550317,1550445,128
CUBE,18938,1550754,1550882,128
CUBE,18943,1551191,1551319,128
CUBE,18948,1551628,1551756,128
CUBE,18953,1552065,1552193,128
CUBE,18958,1552502,1552630,128
CUBE,18963,1552939,1553067,128
CUBE,18968,1553376,1553504,128
CUBE,18973,1553813,1553941,128
CUBE,18978,1554250,1554378,128
CUBE,18983,1554687,1554815,128
CUBE,18988,1555124,1555252,128
CUBE,18993,1555561,1555689,128
CUBE,18998,1555998,1556126,128
CUBE,19005,1556435,1556563,128
CUBE,19010,1556872,1557000,128
CUBE,19015,1557309,1557437,128
CUBE,19020,1557746,1557874,128
CUBE,19025,1558183,1558311,128
CUBE,19030,1558620,1558748,128
CUBE,19035,1559057,1559185,128
CUBE,19040,1559494,1559622,128
CUBE,19045,1559931,1560059,128
CUBE,19050,1560368,1560496,128
CUBE,19055,1560805,1560933,128
CUBE,19060,1561242,1561370,128
CUBE,19065,1561679,1561807,128
CUBE,19070,1562116,1562244,128
CUBE,19075,1562553,1562681,128
CUBE,19080,1562990,1563118,128
CUBE,19087,1563427,1563555,128
CUBE,19092,1563864,1563992,128
CUBE,19097,1564301,1564429,128
CUBE,19102,1564738,1564866,128
CUBE,19107,1565175,1565303,128
CUBE,19112,1565612,1565740,128
CUBE,19117,1566049,1566177,128
CUBE,19122,1566486,1566614,128
CUBE,19127,1566923,1567051,128
CUBE,19132,1567360,1567488,128
CUBE,19137,1567797,1567925,128
CUBE,19142,1568234,1568362,128
CUBE,19147,1568671,1568799,128
CUBE,19152,1569108,1569236,128
CUBE,19157,1569545,1569673,128
CUBE,19162,1569982,1570110,128
CUBE,19169,1570419,1570547,128
CUBE,19174,1570856,1570984,128
CUBE,19179,1571293,1571421,128
CUBE,19184,1571483,1571611,128
CUBE,19189,1571673,1571801,128
CUBE,19194,1571863,1571991,128
CUBE,19199,1572053,1572181,128
CUBE,19204,1572243,1572371,128
CUBE,19209,1572433,1572561,128
CUBE,19214,1572623,1572751,128
CUBE,19219,1572813,1572941,128
CUBE,19224,1573003,1573131,128
CUBE,19229,1573193,1573321,128
CUBE,19234,1573383,1573511,128
CUBE,19239,1573573,1573701,128
CUBE,19244,1573763,1573891,128
CUBE,19251,1574154,1574282,128
CUBE,19256,1574344,1574472,128
CUBE,19261,1574940,1575068,128
CUBE,19266,1575536,1575664,128
CUBE,19271,1576132,1576260,128
CUBE,19276,1576728,1576856,128
CUBE,19281,1577324,1577452,128
CUBE,19286,1577920,1578048,128
CUBE,19291,1578516,1578644,128
CUBE,19296,1579112,1579240,128
CUBE,19301,1579708,1579836,128
CUBE,19306,1580304,1580432,128
CUBE,19311,1580900,1581028,128
CUBE,19316,1581496,1581624,128
CUBE,19321,1582092,1582220,128
CUBE,19326,1582688,1582816,128
CUBE,19335,1583419,1583547,128
CUBE,19342,1584181,1584309,128
CUBE,19349,1584943,1585071,128
CUBE,19356,1585705,1585833,128
CUBE,19363,1586467,1586595,128
CUBE,19370,1587229,1587357,128
CUBE,19377,1587991,1588119,128
CUBE,19384,1588753,1588881,128
CUBE,19391,1589515,1589643,128
CUBE,19398,1590277,1590405,128
CUBE,19405,1591039,1591167,128
CUBE,19412,1591801,1591929,128
CUBE,19419,1592563,1592691,128
CUBE,19426,1593325,1593453,128
CUBE,19433,1594087,1594215,128
CUBE,19440,1594849,1594977,128
CUBE,19447,1595255,1595383,128
CUBE,19452,1595692,1595820,128
CUBE,19457,1596129,1596257,128
CUBE,19462,1596566,1596694,128
CUBE,19467,1597003,1597131,128
CUBE,19472,1597440,1597568,128
CUBE,19477,1597877,1598005,128
CUBE,19482,1598314,1598442,128
CUBE,19487,1598751,1598879,128
CUBE,19492,1599188,1599316,128
CUBE,19497,1599625,1599753,128
CUBE,19502,1600062,1600190,128
CUBE,19507,1600499,1600627,128
CUBE,19512,1600936,1601064,128
CUBE,19517,1601373,1601501,128
CUBE,19522,1601810,1601938,128
CUBE,19529,1602247,1602375,128
CUBE,19534,1602684,1602812,128
CUBE,19539,1603121,1603249,128
CUBE,19544,1603558,1603686,128
CUBE,19549,1603995,1604123,128
CUBE,19554,1604432,1604560,128
CUBE,19559,1604869,1604997,128
CUBE,19564,1605306,1605434,128
CUBE,19569,1605743,1605871,128
CUBE,19574,1606180,1606308,128
CUBE,19579,1606617,1606745,128
CUBE,19584,1607054,1607182,128
CUBE,19589,1607491,1607619,128
CUBE,19594,1607928,1608056,128
CUBE,19599,1608365,1608493,128
CUBE,19604,1608802,1608930,128
CUBE,19611,1609239,1609367,128
CUBE,19616,1609676,1609804,128
CUBE,19621,1610113,1610241,128
CUBE,19626,1610550,1610678,128
CUBE,19631,1610987,1611115,128
CUBE,19636,1611424,1611552,128
CUBE,19641,1611861,1611989,128
CUBE,19646,1612298,1612426,128
CUBE,19651,1612735,1612863,128
CUBE,19656,1613172,1613300,128
CUBE,19661,1613609,1613737,128
CUBE,19666,1614046,1614174,128
CUBE,19671,1614483,1614611,128
CUBE,19676,1614920,1615048,128
CUBE,19681,1615357,1615485,128
CUBE,19686,1615794,1615922,128
CUBE,19693,1616231,1616359,128
CUBE,19698,1616668,1616796,128
CUBE,19703,1617105,1617233,128
CUBE,19708,1617542,1617670,128
CUBE,19713,1617979,1618107,128
CUBE,19718,1618416,1618544,128
CUBE,19723,1618853,1618981,128
CUBE,19728,1619290,1619418,128
CUBE,19733,1619727,1619855,128
CUBE,19738,1620164,1620292,128
CUBE,19743,1620601,1620729,128
CUBE,19748,1621038,1621166,128
CUBE,19753,1621475,1621603,128
CUBE,19758,1621912,1622040,128
CUBE,19763,1622349,1622477,128
CUBE,19768,1622786,1622914,128
CUBE,19775,1623223,1623351,128
CUBE,19780,1623660,1623788,128
CUBE,19785,1624097,1624225,128
CUBE,19790,1624534,1624662,128
CUBE,19795,1624971,1625099,128
CUBE,19800,1625408,1625536,128
CUBE,19805,1625845,1625973,128
CUBE,19810,1626282,1626410,128
CUBE,19815,1626719,1626847,128
CUBE,19820,1627156,1627284,128
CUBE,19825,1627593,1627721,128
CUBE,19830,1628030,1628158,128
CUBE,19835,1628467,1628595,128
CUBE,19840,1628904,1629032,128
CUBE,19845,1629341,1629469,128
CUBE,19850,1629778,1629906,128
CUBE,19857,1630215,1630343,128
CUBE,19862,1630652,1630780,128
CUBE,19867,1631089,1631217,128
CUBE,19872,1631526,1631654,128
CUBE,19877,1631963,1632091,128
CUBE,19882,1632400,1632528,128
CUBE,19887,1632837,1632965,128
CUBE,19892,1633274,1633402,128
CUBE,19897,1633711,1633839,128
CUBE,19902,1634148,1634276,128
CUBE,19907,1634585,1634713,128
CUBE,19912,1635022,1635150,128
CUBE,19917,1635459,1635587,128
CUBE,19922,1635896,1636024,128
CUBE,19927,1636333,1636461,128
CUBE,19932,1636770,1636898,128
CUBE,19939,1637207,1637335,128
CUBE,19944,1637644,1637772,128
CUBE,19949,1638081,1638209,128
CUBE,19954,1638518,1638646,128
CUBE,19959,1638955,1639083,128
CUBE,19964,1639392,1639520,128
CUBE,19969,1639829,1639957,128
CUBE,19974,1640266,1640394,128
CUBE,19979,1640703,1640831,128
CUBE,19984,1641140,1641268,128
CUBE,19989,1641577,1641705,128
CUBE,19994,1642014,1642142,128
CUBE,19999,1642451,1642579,128
CUBE,20004,1642888,1643016,128
CUBE,20009,1643325,1643453,128
CUBE,20014,1643762,1643890,128
CUBE,20021,1644199,1644327,128
CUBE,20026,1644636,1644764,128
CUBE,20031,1645073,1645201,128
CUBE,20036,1645510,1645638,128
CUBE,20041,1645947,1646075,128
CUBE,20046,1646384,1646512,128
CUBE,20051,1646821,1646949,128
CUBE,20056,1647258,1647386,128
CUBE,20061,1647695,1647823,128
CUBE,20066,1648132,1648260,128
CUBE,20071,1648569,1648697,128
CUBE,20076,1649006,1649134,128
CUBE,20081,1649443,1649571,128
CUBE,20086,1649880,1650008,128
CUBE,20091,1650317,1650445,128
CUBE,20096,1650754,1650882,128
CUBE,20103,1651191,1651319,128
CUBE,20108,1651628,1651756,128
CUBE,20113,1652065,1652193,128
CUBE,20118,1652502,1652630,128
CUBE,20123,1652939,1653067,128
CUBE,20128,1653376,1653504,128
CUBE,20133,1653813,1653941,128
CUBE,20138,1654250,1654378,128
CUBE,20143,1654687,1654815,128
CUBE,20148,1655124,1655252,128
CUBE,20153,1655561,1655689,128
CUBE,20158,1655998,1656126,128
CUBE,20163,1656435,1656563,128
CUBE,20168,1656872,1657000,128
CUBE,20173,1657309,1657437,128
CUBE,20178,1657746,1657874,128
CUBE,20185,1658183,1658311,128
CUBE,20190,1658620,1658748,128
CUBE,20195,1659057,1659185,128
CUBE,20200,1659494,1659622,128
CUBE,20205,1659931,1660059,128
CUBE,20210,1660368,1660496,128
CUBE,20215,1660805,1660933,128
CUBE,20220,1661242,1661370,128
CUBE,20225,1661679,1661807,128
CUBE,20230,1662116,1662244,128
CUBE,20235,1662553,1662681,128
CUBE,20240,1662990,1663118,128
CUBE,20245,1663427,1663555,128
CUBE,20250,1663864,1663992,128
CUBE,20255,1664301,1664429,128
CUBE,20260,1664738,1664866,128
CUBE,20267,1665175,1665303,128
CUBE,20272,1665612,1665740,128
CUBE,20277,1666049,1666177,128
CUBE,20282,1666486,1666614,128
CUBE,20287,1666923,1667051,128
CUBE,20292,1667360,1667488,128
CUBE,20297,1667797,1667925,128
CUBE,20302,1668234,1668362,128
CUBE,20307,1668671,1668799,128
CUBE,20312,1669108,1669236,128
CUBE,20317,1669545,1669673,128
CUBE,20322,1669982,1670110,128
CUBE,20327,1670419,1670547,128
CUBE,20332,1670856,1670984,128
CUBE,20337,1671293,1671421,128
CUBE,20342,1671730,1671858,128
CUBE,20349,1672167,1672295,128
CUBE,20354,1672604,1672732,128
CUBE,20359,1673041,1673169,128
CUBE,20364,1673478,1673606,128
CUBE,20369,1673915,1674043,128
CUBE,20374,1674352,1674480,128
CUBE,20379,1674789,1674917,128
CUBE,20384,1675226,1675354,128
CUBE,20389,1675663,1675791,128
CUBE,20394,1676100,1676228,128
CUBE,20399,1676537,1676665,128
CUBE,20404,1676974,1677102,128
CUBE,20409,1677411,1677539,128
CUBE,20414,1677848,1677976,128
CUBE,20419,1678285,1678413,128
CUBE,20424,1678722,1678850,128
CUBE,20431,1679159,1679287,128
CUBE,20436,1679596,1679724,128
CUBE,20441,1680033,1680161,128
CUBE,20446,1680470,1680598,128
CUBE,20451,1680907,1681035,128
CUBE,20456,1681344,1681472,128
CUBE,20461,1681781,1681909,128
CUBE,20466,1682218,1682346,128
CUBE,20471,1682655,1682783,128
CUBE,20476,1683092,1683220,128
CUBE,20481,1683529,1683657,128
CUBE,20486,1683966,1684094,128
CUBE,20491,1684403,1684531,128
CUBE,20496,1684840,1684968,128
CUBE,20501,1685277,1685405,128
CUBE,20506,1685714,1685842,128
CUBE,20513,1686151,1686279,128
CUBE,20518,1686588,1686716,128
CUBE,20523,1686778,1686906,128
CUBE,20528,1686968,1687096,128
CUBE,20533,1687158,1687286,128
CUBE,20538,1687348,1687476,128
CUBE,20543,1687538,1687666,128
CUBE,20548,1687728,1687856,128
CUBE,20553,1687918,1688046,128
CUBE,20558,1688108,1688236,128
CUBE,20563,1688298,1688426,128
CUBE,20568,1688488,1688616,128
CUBE,20573,1688678,1688806,128
CUBE,20578,1688868,1688996,128
CUBE,20583,1689058,1689186,128
CUBE,20588,1689248,1689376,128
CUBE,20595,1689639,1689767,128
CUBE,20600,1690235,1690363,128
CUBE,20605,1690831,1690959,128
CUBE,20610,1691427,1691555,128
CUBE,20615,1692023,1692151,128
CUBE,20620,1692619,1692747,128
CUBE,20625,1693215,1693343,128
CUBE,20630,1693811,1693939,128
CUBE,20635,1694407,1694535,128
CUBE,20640,1695003,1695131,128
CUBE,20645,1695599,1695727,128
CUBE,20650,1696195,1696323,128
CUBE,20655,1696791,1696919,128
CUBE,20660,1697387,1697515,128
CUBE,20665,1697983,1698111,128
CUBE,20670,1698389,1698517,128
CUBE,20679,1699151,1699279,128
CUBE,20686,1699913,1700041,128
CUBE,20693,1700675,1700803,128
CUBE,20700,1701437,1701565,128
CUBE,20707,1702199,1702327,128
CUBE,20714,1702961,1703089,128
CUBE,20721,1703723,1703851,128
CUBE,20728,1704485,1704613,128
CUBE,20735,1705247,1705375,128
CUBE,20742,1706009,1706137,128
CUBE,20749,1706771,1706899,128
CUBE,20756,1707533,1707661,128
CUBE,20763,1708295,1708423,128
CUBE,20770,1709057,1709185,128
CUBE,20777,1709819,1709947,128
CUBE,20784,1710581,1710709,128
CUBE,20791,1710987,1711115,128
CUBE,20796,1711424,1711552,128
CUBE,20801,1711861,1711989,128
CUBE,20806,1712298,1712426,128
CUBE,20811,1712735,1712863,128
CUBE,20816,1713172,1713300,128
CUBE,20821,1713609,1713737,128
CUBE,20826,1714046,1714174,128
CUBE,20831,1714483,1714611,128
CUBE,20836,1714920,1715048,128
CUBE,20841,1715357,1715485,128
CUBE,20846,1715794,1715922,128
CUBE,20851,1716231,1716359,128
CUBE,20856,1716668,1716796,128
CUBE,20861,1717105,1717233,128
CUBE,20866,1717542,1717670,128
CUBE,20873,1717979,1718107,128
CUBE,20878,1718416,1718544,128
CUBE,20883,1718853,1718981,128
CUBE,20888,1719290,1719418,128
CUBE,20893,1719727,1719855,128
CUBE,20898,1720164,1720292,128
CUBE,20903,1720601,1720729,128
CUBE,20908,1721038,1721166,128
CUBE,20913,1721475,1721603,128
CUBE,20918,1721912,1722040,128
CUBE,20923,1722349,1722477,128
CUBE,20928,1722786,1722914,128
CUBE,20933,1723223,1723351,128
CUBE,20938,1723660,1723788,128
CUBE,20943,1724097,1724225,128
CUBE,20948,1724534,1724662,128
CUBE,20955,1724971,1725099,128
CUBE,20960,1725408,1725536,128
CUBE,20965,1725845,1725973,128
CUBE,20970,1726282,1726410,128
CUBE,20975,1726719,1726847,128
CUBE,20980,1727156,1727284,128
CUBE,20985,1727593,1727721,128
CUBE,20990,1728030,1728158,128
CUBE,20995,1728467,1728595,128
CUBE,21000,1728904,1729032,128
CUBE,21005,1729341,1729469,128
CUBE,21010,1729778,1729906,128
CUBE,21015,1730215,1730343,128
CUBE,21020,1730652,1730780,128
CUBE,21025,1731089,1731217,128
CUBE,21030,1731526,1731654,128
CUBE,21037,1731963,1732091,128
CUBE,21042,1732400,1732528,128
CUBE,21047,1732837,1732965,128
CUBE,21052,1733274,1733402,128
CUBE,21057,1733711,1733839,128
CUBE,21062,1734148,1734276,128
CUBE,21067,1734585,1734713,128
CUBE,21072,1735022,1735150,128
CUBE,21077,1735459,1735587,128
CUBE,21082,1735896,1736024,128
CUBE,21087,1736333,1736461,128
CUBE,21092,1736770,1736898,128
CUBE,21097,1737207,1737335,128
CUBE,21102,1737644,1737772,128
CUBE,21107,1738081,1738209,128
CUBE,21112,1738518,1738646,128
CUBE,21119,1738955,1739083,128
CUBE,21124,1739392,1739520,128
CUBE,21129,1739829,1739957,128
CUBE,21134,1740266,1740394,128
CUBE,21139,1740703,1740831,128
CUBE,21144,1741140,1741268,128
CUBE,21149,1741577,1741705,128
CUBE,21154,1742014,1742142,128
CUBE,21159,1742451,1742579,128
CUBE,21164,1742888,1743016,128
CUBE,21169,1743325,1743453,128
CUBE,21174,1743762,1743890,128
CUBE,21179,1744199,1744327,128
CUBE,21184,1744636,1744764,128
CUBE,21189,1745073,1745201,128
CUBE,21194,1745510,1745638,128
CUBE,21201,1745947,1746075,128
CUBE,21206,1746384,1746512,128
CUBE,21211,1746821,1746949,128
CUBE,21216,1747258,1747386,128
CUBE,21221,1747695,1747823,128
CUBE,21226,1748132,1748260,128
CUBE,21231,1748569,1748697,128
CUBE,21236,1749006,1749134,128
CUBE,21241,1749443,1749571,128
CUBE,21246,1749880,1750008,128
CUBE,21251,1750317,1750445,128
CUBE,21256,1750754,1750882,128
CUBE,21261,1751191,1751319,128
CUBE,21266,1751628,1751756,128
CUBE,21271,1752065,1752193,128
CUBE,21276,1752502,1752630,128
CUBE,21283,1752939,1753067,128
CUBE,21288,1753376,1753504,128
CUBE,21293,1753813,1753941,128
CUBE,21298,1754250,1754378,128
CUBE,21303,1754687,1754815,128
CUBE,21308,1755124,1755252,128
CUBE,21313,1755561,1755689,128
CUBE,21318,1755998,1756126,128
CUBE,21323,1756435,1756563,128
CUBE,21328,1756872,1757000,128
CUBE,21333,1757309,1757437,128
CUBE,21338,1757746,1757874,128
CUBE,21343,1758183,1758311,128
CUBE,21348,1758620,1758748,128
CUBE,21353,1759057,1759185,128
CUBE,21358,1759494,1759622,128
CUBE,21365,1759931,1760059,128
CUBE,21370,1760368,1760496,128
CUBE,21375,1760805,1760933,128
CUBE,21380,1761242,1761370,128
CUBE,21385,1761679,1761807,128
CUBE,21390,1762116,1762244,128
CUBE,21395,1762553,1762681,128
CUBE,21400,1762990,1763118,128
CUBE,21405,1763427,1763555,128
CUBE,21410,1763864,1763992,128
CUBE,21415,1764301,1764429,128
CUBE,21420,1764738,1764866,128
CUBE,21425,1765175,1765303,128
CUBE,21430,1765612,1765740,128
CUBE,21435,1766049,1766177,128
CUBE,21440,1766486,1766614,128
CUBE,21447,1766923,1767051,128
CUBE,21452,1767360,1767488,128
CUBE,21457,1767797,1767925,128
CUBE,21462,1768234,1768362,128
CUBE,21467,1768671,1768799,128
CUBE,21472,1769108,1769236,128
CUBE,21477,1769545,1769673,128
CUBE,21482,1769982,1770110,128
CUBE,21487,1770419,1770547,128
CUBE,21492,1770856,1770984,128
CUBE,21497,1771293,1771421,128
CUBE,21502,1771730,1771858,128
CUBE,21507,1772167,1772295,128
CUBE,21512,1772604,1772732,128
CUBE,21517,1773041,1773169,128
CUBE,21522,1773478,1773606,128
CUBE,21529,1773915,1774043,128
CUBE,21534,1774352,1774480,128
CUBE,21539,1774789,1774917,128
CUBE,21544,1775226,1775354,128
CUBE,21549,1775663,1775791,128
CUBE,21554,1776100,1776228,128
CUBE,21559,1776537,1776665,128
CUBE,21564,1776974,1777102,128
CUBE,21569,1777411,1777539,128
CUBE,21574,1777848,1777976,128
CUBE,21579,1778285,1778413,128
CUBE,21584,1778722,1778850,128
CUBE,21589,1779159,1779287,128
CUBE,21594,1779596,1779724,128
CUBE,21599,1780033,1780161,128
CUBE,21604,1780470,1780598,128
CUBE,21611,1780907,1781035,128
CUBE,21616,1781344,1781472,128
CUBE,21621,1781781,1781909,128
CUBE,21626,1782218,1782346,128
CUBE,21631,1782655,1782783,128
CUBE,21636,1783092,1783220,128
CUBE,21641,1783529,1783657,128
CUBE,21646,1783966,1784094,128
CUBE,21651,1784403,1784531,128
CUBE,21656,1784840,1784968,128
CUBE,21661,1785277,1785405,128
CUBE,21666,1785714,1785842,128
CUBE,21671,1786151,1786279,128
CUBE,21676,1786588,1786716,128
CUBE,21681,1787025,1787153,128
CUBE,21686,1787462,1787590,128
CUBE,21693,1787899,1788027,128
CUBE,21698,1788336,1788464,128
CUBE,21703,1788773,1788901,128
CUBE,21708,1789210,1789338,128
CUBE,21713,1789647,1789775,128
CUBE,21718,1790084,1790212,128
CUBE,21723,1790521,1790649,128
CUBE,21728,1790958,1791086,128
CUBE,21733,1791395,1791523,128
CUBE,21738,1791832,1791960,128
CUBE,21743,1792269,1792397,128
CUBE,21748,1792706,1792834,128
CUBE,21753,1793143,1793271,128
CUBE,21758,1793580,1793708,128
CUBE,21763,1794017,1794145,128
CUBE,21768,1794454,1794582,128
CUBE,21775,1794891,1795019,128
CUBE,21780,1795328,1795456,128
CUBE,21785,1795765,1795893,128
CUBE,21790,1796202,1796330,128
CUBE,21795,1796639,1796767,128
CUBE,21800,1797076,1797204,128
CUBE,21805,1797513,1797641,128
CUBE,21810,1797950,1798078,128
CUBE,21815,1798387,1798515,128
CUBE,21820,1798824,1798952,128
CUBE,21825,1799261,1799389,128
CUBE,21830,1799698,1799826,128
CUBE,21835,1800135,1800263,128
CUBE,21840,1800572,1800700,128
CUBE,21845,1801009,1801137,128
CUBE,21850,1801446,1801574,128
CUBE,21857,1801883,1802011,128
CUBE,21862,1802073,1802201,128
CUBE,21867,1802263,1802391,128
CUBE,21872,1802453,1802581,128
CUBE,21877,1802643,1802771,128
CUBE,21882,1802833,1802961,128
CUBE,21887,1803023,1803151,128
CUBE,21892,1803213,1803341,128
CUBE,21897,1803403,1803531,128
CUBE,21902,1803593,1803721,128
CUBE,21907,1803783,1803911,128
CUBE,21912,1803973,1804101,128
CUBE,21917,1804163,1804291,128
CUBE,21922,1804353,1804481,128
CUBE,21927,1804543,1804671,128
CUBE,21932,1804733,1804861,128
CUBE,21939,1805124,1805252,128
CUBE,21944,1805360,1805488,128
CUBE,21949,1805797,1805925,128
CUBE,21954,1806234,1806362,128
CUBE,21959,1806671,1806799,128
CUBE,21964,1807108,1807236,128
CUBE,21969,1807545,1807673,128
CUBE,21974,1807951,1808079,128
CUBE,21979,1808357,1808485,128
CUBE,21984,1808794,1808922,128
CUBE,21989,1809231,1809359,128
CUBE,21994,1809668,1809796,128
CUBE,21999,1810105,1810233,128
CUBE,22004,1810542,1810670,128
CUBE,22009,1810948,1811076,128
CUBE,22014,1811354,1811482,128
FIXP,145,10559,10822,263
FIXP,259,16224,16487,263
FIXP,373,21920,22183,263
FIXP,487,27616,27879,263
FIXP,601,33312,33575,263
FIXP,715,39008,39271,263
FIXP,829,44704,44967,263
FIXP,943,50400,50663,263
FIXP,1057,56096,56359,263
FIXP,1171,61792,62055,263
FIXP,1285,67488,67751,263
FIXP,1399,73184,73447,263
FIXP,1513,78880,79143,263
FIXP,1627,84576,84839,263
FIXP,1741,90272,90535,263
FIXP,1855,98512,98775,263
FIXP,1969,107246,107509,263
FIXP,2051,113991,114254,263
FIXP,2133,120983,121246,263
FIXP,2215,127975,128238,263
FIXP,2297,134967,135230,263
FIXP,2379,141959,142222,263
FIXP,2461,148951,149214,263
FIXP,2543,155943,156206,263
FIXP,2625,162935,163198,263
FIXP,2707,169927,170190,263
FIXP,2789,176919,177182,263
FIXP,2871,183911,184174,263
FIXP,2953,190903,191166,263
FIXP,3035,197895,198158,263
FIXP,3117,204640,204903,263
FIXP,3199,207881,208144,263
FIXP,3313,217617,217880,263
FIXP,3395,224578,224841,263
FIXP,3477,231570,231833,263
FIXP,3559,238562,238825,263
FIXP,3641,245554,245817,263
FIXP,3723,252546,252809,263
FIXP,3805,259538,259801,263
FIXP,3887,266530,266793,263
FIXP,3969,273522,273785,263
FIXP,4051,280514,280777,263
FIXP,4133,287506,287769,263
FIXP,4215,294498,294761,263
FIXP,4297,301490,301753,263
FIXP,4379,308482,308745,263
FIXP,4461,314980,315243,263
FIXP,4543,319439,319702,263
FIXP,4657,331445,331708,263
FIXP,4739,338406,338669,263
FIXP,4821,345398,345661,263
FIXP,4903,352390,352653,263
FIXP,4985,359382,359645,263
FIXP,5067,366374,366637,263
FIXP,5149,373366,373629,263
FIXP,5231,380358,380621,263
FIXP,5313,387350,387613,263
FIXP,5395,394342,394605,263
FIXP,5477,401334,401597,263
FIXP,5559,408326,408589,263
FIXP,5641,415318,415581,263
FIXP,5723,422310,422573,263
FIXP,5805,428561,428824,263
FIXP,5887,433426,433689,263
FIXP,6001,445432,445695,263
FIXP,6083,452393,452656,263
FIXP,6165,459385,459648,263
FIXP,6247,466377,466640,263
FIXP,6329,473369,473632,263
FIXP,6411,480361,480624,263
FIXP,6493,487353,487616,263
FIXP,6575,494345,494608,263
FIXP,6657,501337,501600,263
FIXP,6739,508329,508592,263
FIXP,6821,515321,515584,263
FIXP,6903,522313,522576,263
FIXP,6985,529305,529568,263
FIXP,7067,536297,536560,263
FIXP,7149,542301,542564,263
FIXP,7231,547572,547835,263
FIXP,7345,559609,559872,263
FIXP,7427,566570,566833,263
FIXP,7509,573562,573825,263
FIXP,7591,580554,580817,263
FIXP,7673,587546,587809,263
FIXP,7755,594538,594801,263
FIXP,7837,601530,601793,263
FIXP,7919,608522,608785,263
FIXP,8001,615514,615777,263
FIXP,8083,622506,622769,263
FIXP,8165,629498,629761,263
FIXP,8247,636490,636753,263
FIXP,8329,643482,643745,263
FIXP,8411,650474,650737,263
FIXP,8493,656231,656494,263
FIXP,8575,661908,662171,263
FIXP,8689,673945,674208,263
FIXP,8771,680906,681169,263
FIXP,8853,687898,688161,263
FIXP,8935,694890,695153,263
FIXP,9017,701882,702145,263
FIXP,9099,708874,709137,263
FIXP,9181,715866,716129,263
FIXP,9263,722858,723121,263
FIXP,9345,729850,730113,263
FIXP,9427,736842,737105,263
FIXP,9509,743834,744097,263
FIXP,9591,750826,751089,263
FIXP,9673,757818,758081,263
FIXP,9755,764810,765073,263
FIXP,9837,770320,770583,263
FIXP,9919,776403,776666,263
FIXP,10033,788471,788734,263
FIXP,10115,795432,795695,263
FIXP,10197,802424,802687,263
FIXP,10279,809416,809679,263
FIXP,10361,816408,816671,263
FIXP,10443,823400,823663,263
FIXP,10525,830392,830655,263
FIXP,10607,837384,837647,263
FIXP,10689,844376,844639,263
FIXP,10771,851368,851631,263
FIXP,10853,858360,858623,263
FIXP,10935,865352,865615,263
FIXP,11017,872344,872607,263
FIXP,11099,879336,879599,263
FIXP,11181,884599,884862,263
FIXP,11263,891088,891351,263
FIXP,11377,903156,903419,263
FIXP,11459,910117,910380,263
FIXP,11541,917109,917372,263
FIXP,11623,924101,924364,263
FIXP,11705,931093,931356,263
FIXP,11787,938085,938348,263
FIXP,11869,945077,945340,263
FIXP,11951,952069,952332,263
FIXP,12033,959061,959324,263
FIXP,12115,966053,966316,263
FIXP,12197,973045,973308,263
FIXP,12279,980037,980300,263
FIXP,12361,987029,987292,263
FIXP,12443,994021,994284,263
FIXP,12525,999037,999300,263
FIXP,12607,1005932,1006195,263
FIXP,12721,1018031,1018294,263
FIXP,12803,1024992,1025255,263
FIXP,12885,1031984,1032247,263
FIXP,12967,1038976,1039239,263
FIXP,13049,1045968,1046231,263
FIXP,13131,1052960,1053223,263
FIXP,13213,1059952,1060215,263
FIXP,13295,1066944,1067207,263
FIXP,13377,1073936,1074199,263
FIXP,13459,1080928,1081191,263
FIXP,13541,1087920,1088183,263
FIXP,13623,1094912,1095175,263
FIXP,13705,1101904,1102167,263
FIXP,13787,1108896,1109159,263
FIXP,13869,1113665,1113928,263
FIXP,13951,1120966,1121229,263
FIXP,14065,1133065,1133328,263
FIXP,14147,1140026,1140289,263
FIXP,14229,1147018,1147281,263
FIXP,14311,1154010,1154273,263
FIXP,14393,1161002,1161265,263
FIXP,14475,1167994,1168257,263
FIXP,14557,1174986,1175249,263
FIXP,14639,1181978,1182241,263
FIXP,14721,1188970,1189233,263
FIXP,14803,1195962,1196225,263
FIXP,14885,1202954,1203217,263
FIXP,14967,1209946,1210209,263
FIXP,15049,1216938,1217201,263
FIXP,15131,1223930,1224193,263
FIXP,15213,1228452,1228715,263
FIXP,15295,1236159,1236422,263
FIXP,15409,1248289,1248552,263
FIXP,15491,1255250,1255513,263
FIXP,15573,1262242,1262505,263
FIXP,15655,1269234,1269497,263
FIXP,15737,1276226,1276489,263
FIXP,15819,1283218,1283481,263
FIXP,15901,1290210,1290473,263
FIXP,15983,1297202,1297465,263
FIXP,16065,1304194,1304457,263
FIXP,16147,1311186,1311449,263
FIXP,16229,1318178,1318441,263
FIXP,16311,1325170,1325433,263
FIXP,16393,1332162,1332425,263
FIXP,16475,1339154,1339417,263
FIXP,16557,1343429,1343692,263
FIXP,16639,1351542,1351805,263
FIXP,16753,1363672,1363935,263
FIXP,16835,1370633,1370896,263
FIXP,16917,1377625,1377888,263
FIXP,16999,1384617,1384880,263
FIXP,17081,1391609,1391872,263
FIXP,17163,1398601,1398864,263
FIXP,17245,1405593,1405856,263
FIXP,17327,1412585,1412848,263
FIXP,17409,1419577,1419840,263
FIXP,17491,1426569,1426832,263
FIXP,17573,1433561,1433824,263
FIXP,17655,1440553,1440816,263
FIXP,17737,1447545,1447808,263
FIXP,17819,1454537,1454800,263
FIXP,17901,1458565,1458828,263
FIXP,17983,1467084,1467347,263
FIXP,18097,1479245,1479508,263
FIXP,18179,1486206,1486469,263
FIXP,18261,1493198,1493461,263
FIXP,18343,1500190,1500453,263
FIXP,18425,1507182,1507445,263
FIXP,18507,1514174,1514437,263
FIXP,18589,1521166,1521429,263
FIXP,18671,1528158,1528421,263
FIXP,18753,1535150,1535413,263
FIXP,18835,1542142,1542405,263
FIXP,18917,1549134,1549397,263
FIXP,18999,1556126,1556389,263
FIXP,19081,1563118,1563381,263
FIXP,19163,1570110,1570373,263
FIXP,19245,1573891,1574154,263
FIXP,19327,1582816,1583079,263
FIXP,19441,1594977,1595240,263
FIXP,19523,1601938,1602201,263
FIXP,19605,1608930,1609193,263
FIXP,19687,1615922,1616185,263
FIXP,19769,1622914,1623177,263
FIXP,19851,1629906,1630169,263
FIXP,19933,1636898,1637161,263
FIXP,20015,1643890,1644153,263
FIXP,20097,1650882,1651145,263
FIXP,20179,1657874,1658137,263
FIXP,20261,1664866,1665129,263
FIXP,20343,1671858,1672121,263
FIXP,20425,1678850,1679113,263
FIXP,20507,1685842,1686105,263
FIXP,20589,1689376,1689639,263
FIXP,20671,1698517,1698780,263
FIXP,20785,1710709,1710972,263
FIXP,20867,1717670,1717933,263
FIXP,20949,1724662,1724925,263
FIXP,21031,1731654,1731917,263
FIXP,21113,1738646,1738909,263
FIXP,21195,1745638,1745901,263
FIXP,21277,1752630,1752893,263
FIXP,21359,1759622,1759885,263
FIXP,21441,1766614,1766877,263
FIXP,21523,1773606,1773869,263
FIXP,21605,1780598,1780861,263
FIXP,21687,1787590,1787853,263
FIXP,21769,1794582,1794845,263
FIXP,21851,1801574,1801837,263
FIXP,21933,1804861,1805124,263
FIXP,22015,1811482,1811745,263
MTE1,7,325,356,31
MTE1,8,650,681,31
MTE1,16,975,1006,31
MTE1,17,1300,1331,31
MTE1,25,1625,1656,31
MTE1,26,1950,1981,31
MTE1,34,2275,2306,31
MTE1,35,2600,2631,31
MTE1,43,2925,2956,31
MTE1,44,3250,3281,31
MTE1,52,3575,3606,31
MTE1,53,3900,3931,31
MTE1,61,4225,4256,31
MTE1,62,4550,4581,31
MTE1,70,4875,4906,31
MTE1,71,5200,5231,31
MTE1,79,5525,5556,31
MTE1,80,5850,5881,31
MTE1,88,6175,6206,31
MTE1,89,6500,6531,31
MTE1,97,6825,6856,31
MTE1,98,7150,7181,31
MTE1,106,7475,7506,31
MTE1,107,7800,7831,31
MTE1,115,8125,8156,31
MTE1,116,8450,8481,31
MTE1,124,8775,8806,31
MTE1,125,9100,9131,31
MTE1,133,9425,9456,31
MTE1,134,9750,9781,31
MTE1,142,10075,10106,31
MTE1,143,10400,10431,31
MTE1,151,10559,10590,31
MTE1,152,10756,10787,31
MTE1,158,10950,10981,31
MTE1,159,11081,11112,31
MTE1,165,11240,11271,31
MTE1,166,11437,11468,31
MTE1,172,11596,11627,31
MTE1,173,11793,11824,31
MTE1,179,11952,11983,31
MTE1,180,12149,12180,31
MTE1,186,12308,12339,31
MTE1,187,12505,12536,31
MTE1,193,12664,12695,31
MTE1,194,12861,12892,31
MTE1,200,13020,13051,31
MTE1,201,13217,13248,31
MTE1,207,13376,13407,31
MTE1,208,13573,13604,31
MTE1,214,13732,13763,31
MTE1,215,13929,13960,31
MTE1,221,14088,14119,31
MTE1,222,14285,14316,31
MTE1,228,14444,14475,31
MTE1,229,14641,14672,31
MTE1,235,14800,14831,31
MTE1,236,14997,15028,31
MTE1,242,15156,15187,31
MTE1,243,15353,15384,31
MTE1,249,15512,15543,31
MTE1,250,15709,15740,31
MTE1,256,15868,15899,31
MTE1,257,16065,16096,31
MTE1,265,16224,16255,31
MTE1,266,16421,16452,31
MTE1,272,16615,16646,31
MTE1,273,16777,16808,31
MTE1,279,16936,16967,31
MTE1,280,17133,17164,31
MTE1,286,17292,17323,31
MTE1,287,17489,17520,31
MTE1,293,17648,17679,31
MTE1,294,17845,17876,31
MTE1,300,18004,18035,31
MTE1,301,18201,18232,31
MTE1,307,18360,18391,31
MTE1,308,18557,18588,31
MTE1,314,18716,18747,31
MTE1,315,18913,18944,31
MTE1,321,19072,19103,31
MTE1,322,19269,19300,31
MTE1,328,19428,19459,31
MTE1,329,19625,19656,31
MTE1,335,19784,19815,31
MTE1,336,19981,20012,31
MTE1,342,20140,20171,31
MTE1,343,20337,20368,31
MTE1,349,20496,20527,31
MTE1,350,20693,20724,31
MTE1,356,20852,20883,31
MTE1,357,21049,21080,31
MTE1,363,21208,21239,31
MTE1,364,21405,21436,31
MTE1,370,21564,21595,31
MTE1,371,21761,21792,31
MTE1,379,21920,21951,31
MTE1,380,22117,22148,31
MTE1,386,22311,22342,31
MTE1,387,22473,22504,31
MTE1,393,22632,22663,31
MTE1,394,22829,22860,31
MTE1,400,22988,23019,31
MTE1,401,23185,23216,31
MTE1,407,23344,23375,31
MTE1,408,23541,23572,31
MTE1,414,23700,23731,31
MTE1,415,23897,23928,31
MTE1,421,24056,24087,31
MTE1,422,24253,24284,31
MTE1,428,24412,24443,31
MTE1,429,24609,24640,31
MTE1,435,24768,24799,31
MTE1,436,24965,24996,31
MTE1,442,25124,25155,31
MTE1,443,25321,25352,31
MTE1,449,25480,25511,31
MTE1,450,25677,25708,31
MTE1,456,25836,25867,31
MTE1,457,26033,26064,31
MTE1,463,26192,26223,31
MTE1,464,26389,26420,31
MTE1,470,26548,26579,31
MTE1,471,26745,26776,31
MTE1,477,26904,26935,31
MTE1,478,27101,27132,31
MTE1,484,27260,27291,31
MTE1,485,27457,27488,31
MTE1,493,27616,27647,31
MTE1,494,27813,27844,31
MTE1,500,28007,28038,31
MTE1,501,28169,28200,31
MTE1,507,28328,28359,31
MTE1,508,28525,28556,31
MTE1,514,28684,28715,31
MTE1,515,28881,28912,31
MTE1,521,29040,29071,31
MTE1,522,29237,29268,31
MTE1,528,29396,29427,31
MTE1,529,29593,29624,31
MTE1,535,29752,29783,31
MTE1,536,29949,29980,31
MTE1,542,30108,30139,31
MTE1,543,30305,30336,31
MTE1,549,30464,30495,31
MTE1,550,30661,30692,31
MTE1,556,30820,30851,31
MTE1,557,31017,31048,31
MTE1,563,31176,31207,31
MTE1,564,31373,31404,31
MTE1,570,31532,31563,31
MTE1,571,31729,31760,31
MTE1,577,31888,31919,31
MTE1,578,32085,32116,31
MTE1,584,32244,32275,31
MTE1,585,32441,32472,31
MTE1,591,32600,32631,31
MTE1,592,32797,32828,31
MTE1,598,32956,32987,31
MTE1,599,33153,33184,31
MTE1,607,33312,33343,31
MTE1,608,33509,33540,31
MTE1,614,33703,33734,31
MTE1,615,33865,33896,31
MTE1,621,34024,34055,31
MTE1,622,34221,34252,31
MTE1,628,34380,34411,31
MTE1,629,34577,34608,31
MTE1,635,34736,34767,31
MTE1,636,34933,34964,31
MTE1,642,35092,35123,31
MTE1,643,35289,35320,31
MTE1,649,35448,35479,31
MTE1,650,35645,35676,31
MTE1,656,35804,35835,31
MTE1,657,36001,36032,31
MTE1,663,36160,36191,31
MTE1,664,36357,36388,31
MTE1,670,36516,36547,31
MTE1,671,36713,36744,31
MTE1,677,36872,36903,31
MTE1,678,37069,37100,31
MTE1,684,37228,37259,31
MTE1,685,37425,37456,31
MTE1,691,37584,37615,31
MTE1,692,37781,37812,31
MTE1,698,37940,37971,31
MTE1,699,38137,38168,31
MTE1,705,38296,38327,31
MTE1,706,38493,38524,31
MTE1,712,38652,38683,31
MTE1,713,38849,38880,31
MTE1,721,39008,39039,31
MTE1,722,39205,39236,31
MTE1,728,39399,39430,31
MTE1,729,39561,39592,31
MTE1,735,39720,39751,31
MTE1,736,39917,39948,31
MTE1,742,40076,40107,31
MTE1,743,40273,40304,31
MTE1,749,40432,40463,31
MTE1,750,40629,40660,31
MTE1,756,40788,40819,31
MTE1,757,40985,41016,31
MTE1,763,41144,41175,31
MTE1,764,41341,41372,31
MTE1,770,41500,41531,31
MTE1,771,41697,41728,31
MTE1,777,41856,41887,31
MTE1,778,42053,42084,31
MTE1,784,42212,42243,31
MTE1,785,42409,42440,31
MTE1,791,42568,42599,31
MTE1,792,42765,42796,31
MTE1,798,42924,42955,31
MTE1,799,43121,43152,31
MTE1,805,43280,43311,31
MTE1,806,43477,43508,31
MTE1,812,43636,43667,31
MTE1,813,43833,43864,31
MTE1,819,43992,44023,31
MTE1,820,44189,44220,31
MTE1,826,44348,44379,31
MTE1,827,44545,44576,31
MTE1,835,44704,44735,31
MTE1,836,44901,44932,31
MTE1,842,45095,45126,31
MTE1,843,45257,45288,31
MTE1,849,45416,45447,31
MTE1,850,45613,45644,31
MTE1,856,45772,45803,31
MTE1,857,45969,46000,31
MTE1,863,46128,46159,31
MTE1,864,46325,46356,31
MTE1,870,46484,46515,31
MTE1,871,46681,46712,31
MTE1,877,46840,46871,31
MTE1,878,47037,47068,31
MTE1,884,47196,47227,31
MTE1,885,47393,47424,31
MTE1,891,47552,47583,31
MTE1,892,47749,47780,31
MTE1,898,47908,47939,31
MTE1,899,48105,48136,31
MTE1,905,48264,48295,31
MTE1,906,48461,48492,31
MTE1,912,48620,48651,31
MTE1,913,48817,48848,31
MTE1,919,48976,49007,31
MTE1,920,49173,49204,31
MTE1,926,49332,49363,31
MTE1,927,49529,49560,31
MTE1,933,49688,49719,31
MTE1,934,49885,49916,31
MTE1,940,50044,50075,31
MTE1,941,50241,50272,31
MTE1,949,50400,50431,31
MTE1,950,50597,50628,31
MTE1,956,50791,50822,31
MTE1,957,50953,50984,31
MTE1,963,51112,51143,31
MTE1,964,51309,51340,31
MTE1,970,51468,51499,31
MTE1,971,51665,51696,31
MTE1,977,51824,51855,31
MTE1,978,52021,52052,31
MTE1,984,52180,52211,31
MTE1,985,52377,52408,31
MTE1,991,52536,52567,31
MTE1,992,52733,52764,31
MTE1,998,52892,52923,31
MTE1,999,53089,53120,31
MTE1,1005,53248,53279,31
MTE1,1006,53445,53476,31
MTE1,1012,53604,53635,31
MTE1,1013,53801,53832,31
MTE1,1019,53960,53991,31
MTE1,1020,54157,54188,31
MTE1,1026,54316,54347,31
MTE1,1027,54513,54544,31
MTE1,1033,54672,54703,31
MTE1,1034,54869,54900,31
MTE1,1040,55028,55059,31
MTE1,1041,55225,55256,31
MTE1,1047,55384,55415,31
MTE1,1048,55581,55612,31
MTE1,1054,55740,55771,31
MTE1,1055,55937,55968,31
MTE1,1063,56096,56127,31
MTE1,1064,56293,56324,31
MTE1,1070,56487,56518,31
MTE1,1071,56649,56680,31
MTE1,1077,56808,56839,31
MTE1,1078,57005,57036,31
MTE1,1084,57164,57195,31
MTE1,1085,57361,57392,31
MTE1,1091,57520,57551,31
MTE1,1092,57717,57748,31
MTE1,1098,57876,57907,31
MTE1,1099,58073,58104,31
MTE1,1105,58232,58263,31
MTE1,1106,58429,58460,31
MTE1,1112,58588,58619,31
MTE1,1113,58785,58816,31
MTE1,1119,58944,58975,31
MTE1,1120,59141,59172,31
MTE1,1126,59300,59331,31
MTE1,1127,59497,59528,31
MTE1,1133,59656,59687,31
MTE1,1134,59853,59884,31
MTE1,1140,60012,60043,31
MTE1,1141,60209,60240,31
MTE1,1147,60368,60399,31
MTE1,1148,60565,60596,31
MTE1,1154,60724,60755,31
MTE1,1155,60921,60952,31
MTE1,1161,61080,61111,31
MTE1,1162,61277,61308,31
MTE1,1168,61436,61467,31
MTE1,1169,61633,61664,31
MTE1,1177,61792,61823,31
MTE1,1178,61989,62020,31
MTE1,1184,62183,62214,31
MTE1,1185,62345,62376,31
MTE1,1191,62504,62535,31
MTE1,1192,62701,62732,31
MTE1,1198,62860,62891,31
MTE1,1199,63057,63088,31
MTE1,1205,63216,63247,31
MTE1,1206,63413,63444,31
MTE1,1212,63572,63603,31
MTE1,1213,63769,63800,31
MTE1,1219,63928,63959,31
MTE1,1220,64125,64156,31
MTE1,1226,64284,64315,31
MTE1,1227,64481,64512,31
MTE1,1233,64640,64671,31
MTE1,1234,64837,64868,31
MTE1,1240,64996,65027,31
MTE1,1241,65193,65224,31
MTE1,1247,65352,65383,31
MTE1,1248,65549,65580,31
MTE1,1254,65708,65739,31
MTE1,1255,65905,65936,31
MTE1,1261,66064,66095,31
MTE1,1262,66261,66292,31
MTE1,1268,66420,66451,31
MTE1,1269,66617,66648,31
MTE1,1275,66776,66807,31
MTE1,1276,66973,67004,31
MTE1,1282,67132,67163,31
MTE1,1283,67329,67360,31
MTE1,1291,67488,67519,31
MTE1,1292,67685,67716,31
MTE1,1298,67879,67910,31
MTE1,1299,68041,68072,31
MTE1,1305,68200,68231,31
MTE1,1306,68397,68428,31
MTE1,1312,68556,68587,31
MTE1,1313,68753,68784,31
MTE1,1319,68912,68943,31
MTE1,1320,69109,69140,31
MTE1,1326,69268,69299,31
MTE1,1327,69465,69496,31
MTE1,1333,69624,69655,31
MTE1,1334,69821,69852,31
MTE1,1340,69980,70011,31
MTE1,1341,70177,70208,31
MTE1,1347,70336,70367,31
MTE1,1348,70533,70564,31
MTE1,1354,70692,70723,31
MTE1,1355,70889,70920,31
MTE1,1361,71048,71079,31
MTE1,1362,71245,71276,31
MTE1,1368,71404,71435,31
MTE1,1369,71601,71632,31
MTE1,1375,71760,71791,31
MTE1,1376,71957,71988,31
MTE1,1382,72116,72147,31
MTE1,1383,72313,72344,31
MTE1,1389,72472,72503,31
MTE1,1390,72669,72700,31
MTE1,1396,72828,72859,31
MTE1,1397,73025,73056,31
MTE1,1405,73184,73215,31
MTE1,1406,73381,73412,31
MTE1,1412,73575,73606,31
MTE1,1413,73737,73768,31
MTE1,1419,73896,73927,31
MTE1,1420,74093,74124,31
MTE1,1426,74252,74283,31
MTE1,1427,74449,74480,31
MTE1,1433,74608,74639,31
MTE1,1434,74805,74836,31
MTE1,1440,74964,74995,31
MTE1,1441,75161,75192,31
MTE1,1447,75320,75351,31
MTE1,1448,75517,75548,31
MTE1,1454,75676,75707,31
MTE1,1455,75873,75904,31
MTE1,1461,76032,76063,31
MTE1,1462,76229,76260,31
MTE1,1468,76388,76419,31
MTE1,1469,76585,76616,31
MTE1,1475,76744,76775,31
MTE1,1476,76941,76972,31
MTE1,1482,77100,77131,31
MTE1,1483,77297,77328,31
MTE1,1489,77456,77487,31
MTE1,1490,77653,77684,31
MTE1,1496,77812,77843,31
MTE1,1497,78009,78040,31
MTE1,1503,78168,78199,31
MTE1,1504,78365,78396,31
MTE1,1510,78524,78555,31
MTE1,1511,78721,78752,31
MTE1,1519,78880,78911,31
MTE1,1520,79077,79108,31
MTE1,1526,79271,79302,31
MTE1,1527,79433,79464,31
MTE1,1533,79592,79623,31
MTE1,1534,79789,79820,31
MTE1,1540,79948,79979,31
MTE1,1541,80145,80176,31
MTE1,1547,80304,80335,31
MTE1,1548,80501,80532,31
MTE1,1554,80660,80691,31
MTE1,1555,80857,80888,31
MTE1,1561,81016,81047,31
MTE1,1562,81213,81244,31
MTE1,1568,81372,81403,31
MTE1,1569,81569,81600,31
MTE1,1575,81728,81759,31
MTE1,1576,81925,81956,31
MTE1,1582,82084,82115,31
MTE1,1583,82281,82312,31
MTE1,1589,82440,82471,31
MTE1,1590,82637,82668,31
MTE1,1596,82796,82827,31
MTE1,1597,82993,83024,31
MTE1,1603,83152,83183,31
MTE1,1604,83349,83380,31
MTE1,1610,83508,83539,31
MTE1,1611,83705,83736,31
MTE1,1617,83864,83895,31
MTE1,1618,84061,84092,31
MTE1,1624,84220,84251,31
MTE1,1625,84417,84448,31
MTE1,1633,84576,84607,31
MTE1,1634,84773,84804,31
MTE1,1640,84967,84998,31
MTE1,1641,85129,85160,31
MTE1,1647,85288,85319,31
MTE1,1648,85485,85516,31
MTE1,1654,85644,85675,31
MTE1,1655,85841,85872,31
MTE1,1661,86000,86031,31
MTE1,1662,86197,86228,31
MTE1,1668,86356,86387,31
MTE1,1669,86553,86584,31
MTE1,1675,86712,86743,31
MTE1,1676,86909,86940,31
MTE1,1682,87068,87099,31
MTE1,1683,87265,87296,31
MTE1,1689,87424,87455,31
MTE1,1690,87621,87652,31
MTE1,1696,87780,87811,31
MTE1,1697,87977,88008,31
MTE1,1703,88136,88167,31
MTE1,1704,88333,88364,31
MTE1,1710,88492,88523,31
MTE1,1711,88689,88720,31
MTE1,1717,88848,88879,31
MTE1,1718,89045,89076,31
MTE1,1724,89204,89235,31
MTE1,1725,89401,89432,31
MTE1,1731,89560,89591,31
MTE1,1732,89757,89788,31
MTE1,1738,89916,89947,31
MTE1,1739,90113,90144,31
MTE1,1747,90272,90303,31
MTE1,1748,90628,90659,31
MTE1,1754,90787,90818,31
MTE1,1755,91143,91174,31
MTE1,1761,91302,91333,31
MTE1,1762,91658,91689,31
MTE1,1768,91817,91848,31
MTE1,1769,92173,92204,31
MTE1,1775,92332,92363,31
MTE1,1776,92688,92719,31
MTE1,1782,92847,92878,31
MTE1,1783,93203,93234,31
MTE1,1789,93362,93393,31
MTE1,1790,93718,93749,31
MTE1,1796,93877,93908,31
MTE1,1797,94233,94264,31
MTE1,1803,94392,94423,31
MTE1,1804,94748,94779,31
MTE1,1810,94907,94938,31
MTE1,1811,95263,95294,31
MTE1,1817,95422,95453,31
MTE1,1818,95778,95809,31
MTE1,1824,95937,95968,31
MTE1,1825,96293,96324,31
MTE1,1831,96452,96483,31
MTE1,1832,96808,96839,31
MTE1,1838,96967,96998,31
MTE1,1839,97323,97354,31
MTE1,1845,97482,97513,31
MTE1,1846,97838,97869,31
MTE1,1852,97997,98028,31
MTE1,1853,98353,98384,31
MTE1,1862,98512,98543,31
MTE1,1861,98868,98899,31
MTE1,1869,99027,99058,31
MTE1,1868,99383,99414,31
MTE1,1876,99542,99573,31
MTE1,1875,99898,99929,31
MTE1,1883,100057,100088,31
MTE1,1882,100413,100444,31
MTE1,1890,100572,100603,31
MTE1,1889,100928,100959,31
MTE1,1897,101087,101118,31
MTE1,1896,101443,101474,31
MTE1,1904,101602,101633,31
MTE1,1903,101958,101989,31
MTE1,1911,102117,102148,31
MTE1,1910,102473,102504,31
MTE1,1918,102632,102663,31
MTE1,1917,102988,103019,31
MTE1,1925,103147,103178,31
MTE1,1924,103503,103534,31
MTE1,1932,103662,103693,31
MTE1,1931,104018,104049,31
MTE1,1939,104177,104208,31
MTE1,1938,104533,104564,31
MTE1,1946,104692,104723,31
MTE1,1945,105048,105079,31
MTE1,1953,105207,105238,31
MTE1,1952,105563,105594,31
MTE1,1960,105969,106000,31
MTE1,1959,106325,106356,31
MTE1,1967,106731,106762,31
MTE1,1966,107087,107118,31
MTE1,1973,107246,107277,31
MTE1,1974,107277,107308,31
MTE1,1978,107637,107668,31
MTE1,1979,107714,107745,31
MTE1,1983,107873,107904,31
MTE1,1984,108151,108182,31
MTE1,1988,108310,108341,31
MTE1,1989,108588,108619,31
MTE1,1993,108747,108778,31
MTE1,1994,109025,109056,31
MTE1,1998,109184,109215,31
MTE1,1999,109462,109493,31
MTE1,2003,109621,109652,31
MTE1,2004,109899,109930,31
MTE1,2008,110058,110089,31
MTE1,2009,110336,110367,31
MTE1,2013,110495,110526,31
MTE1,2014,110773,110804,31
MTE1,2018,110932,110963,31
MTE1,2019,111210,111241,31
MTE1,2023,111369,111400,31
MTE1,2024,111647,111678,31
MTE1,2028,111806,111837,31
MTE1,2029,112084,112115,31
MTE1,2033,112243,112274,31
MTE1,2034,112521,112552,31
MTE1,2038,112680,112711,31
MTE1,2039,112958,112989,31
MTE1,2043,113117,113148,31
MTE1,2044,113395,113426,31
MTE1,2048,113554,113585,31
MTE1,2049,113832,113863,31
MTE1,2055,113991,114022,31
MTE1,2056,114269,114300,31
MTE1,2060,114428,114459,31
MTE1,2061,114706,114737,31
MTE1,2065,114865,114896,31
MTE1,2066,115143,115174,31
MTE1,2070,115302,115333,31
MTE1,2071,115580,115611,31
MTE1,2075,115739,115770,31
MTE1,2076,116017,116048,31
MTE1,2080,116176,116207,31
MTE1,2081,116454,116485,31
MTE1,2085,116613,116644,31
MTE1,2086,116891,116922,31
MTE1,2090,117050,117081,31
MTE1,2091,117328,117359,31
MTE1,2095,117487,117518,31
MTE1,2096,117765,117796,31
MTE1,2100,117924,117955,31
MTE1,2101,118202,118233,31
MTE1,2105,118361,118392,31
MTE1,2106,118639,118670,31
MTE1,2110,118798,118829,31
MTE1,2111,119076,119107,31
MTE1,2115,119235,119266,31
MTE1,2116,119513,119544,31
MTE1,2120,119672,119703,31
MTE1,2121,119950,119981,31
MTE1,2125,120109,120140,31
MTE1,2126,120387,120418,31
MTE1,2130,120546,120577,31
MTE1,2131,120824,120855,31
MTE1,2137,120983,121014,31
MTE1,2138,121261,121292,31
MTE1,2142,121420,121451,31
MTE1,2143,121698,121729,31
MTE1,2147,121857,121888,31
MTE1,2148,122135,122166,31
MTE1,2152,122294,122325,31
MTE1,2153,122572,122603,31
MTE1,2157,122731,122762,31
MTE1,2158,123009,123040,31
MTE1,2162,123168,123199,31
MTE1,2163,123446,123477,31
MTE1,2167,123605,123636,31
MTE1,2168,123883,123914,31
MTE1,2172,124042,124073,31
MTE1,2173,124320,124351,31
MTE1,2177,124479,124510,31
MTE1,2178,124757,124788,31
MTE1,2182,124916,124947,31
MTE1,2183,125194,125225,31
MTE1,2187,125353,125384,31
MTE1,2188,125631,125662,31
MTE1,2192,125790,125821,31
MTE1,2193,126068,126099,31
MTE1,2197,126227,126258,31
MTE1,2198,126505,126536,31
MTE1,2202,126664,126695,31
MTE1,2203,126942,126973,31
MTE1,2207,127101,127132,31
MTE1,2208,127379,127410,31
MTE1,2212,127538,127569,31
MTE1,2213,127816,127847,31
MTE1,2219,127975,128006,31
MTE1,2220,128253,128284,31
MTE1,2224,128412,128443,31
MTE1,2225,128690,128721,31
MTE1,2229,128849,128880,31
MTE1,2230,129127,129158,31
MTE1,2234,129286,129317,31
MTE1,2235,129564,129595,31
MTE1,2239,129723,129754,31
MTE1,2240,130001,130032,31
MTE1,2244,130160,130191,31
MTE1,2245,130438,130469,31
MTE1,2249,130597,130628,31
MTE1,2250,130875,130906,31
MTE1,2254,131034,131065,31
MTE1,2255,131312,131343,31
MTE1,2259,131471,131502,31
MTE1,2260,131749,131780,31
MTE1,2264,131908,131939,31
MTE1,2265,132186,132217,31
MTE1,2269,132345,132376,31
MTE1,2270,132623,132654,31
MTE1,2274,132782,132813,31
MTE1,2275,133060,133091,31
MTE1,2279,133219,133250,31
MTE1,2280,133497,133528,31
MTE1,2284,133656,133687,31
MTE1,2285,133934,133965,31
MTE1,2289,134093,134124,31
MTE1,2290,134371,134402,31
MTE1,2294,134530,134561,31
MTE1,2295,134808,134839,31
MTE1,2301,134967,134998,31
MTE1,2302,135245,135276,31
MTE1,2306,135404,135435,31
MTE1,2307,135682,135713,31
MTE1,2311,135841,135872,31
MTE1,2312,136119,136150,31
MTE1,2316,136278,136309,31
MTE1,2317,136556,136587,31
MTE1,2321,136715,136746,31
MTE1,2322,136993,137024,31
MTE1,2326,137152,137183,31
MTE1,2327,137430,137461,31
MTE1,2331,137589,137620,31
MTE1,2332,137867,137898,31
MTE1,2336,138026,138057,31
MTE1,2337,138304,138335,31
MTE1,2341,138463,138494,31
MTE1,2342,138741,138772,31
MTE1,2346,138900,138931,31
MTE1,2347,139178,139209,31
MTE1,2351,139337,139368,31
MTE1,2352,139615,139646,31
MTE1,2356,139774,139805,31
MTE1,2357,140052,140083,31
MTE1,2361,140211,140242,31
MTE1,2362,140489,140520,31
MTE1,2366,140648,140679,31
MTE1,2367,140926,140957,31
MTE1,2371,141085,141116,31
MTE1,2372,141363,141394,31
MTE1,2376,141522,141553,31
MTE1,2377,141800,141831,31
MTE1,2383,141959,141990,31
MTE1,2384,142237,142268,31
MTE1,2388,142396,142427,31
MTE1,2389,142674,142705,31
MTE1,2393,142833,142864,31
MTE1,2394,143111,143142,31
MTE1,2398,143270,143301,31
MTE1,2399,143548,143579,31
MTE1,2403,143707,143738,31
MTE1,2404,143985,144016,31
MTE1,2408,144144,144175,31
MTE1,2409,144422,144453,31
MTE1,2413,144581,144612,31
MTE1,2414,144859,144890,31
MTE1,2418,145018,145049,31
MTE1,2419,145296,145327,31
MTE1,2423,145455,145486,31
MTE1,2424,145733,145764,31
MTE1,2428,145892,145923,31
MTE1,2429,146170,146201,31
MTE1,2433,146329,146360,31
MTE1,2434,146607,146638,31
MTE1,2438,146766,146797,31
MTE1,2439,147044,147075,31
MTE1,2443,147203,147234,31
MTE1,2444,147481,147512,31
MTE1,2448,147640,147671,31
MTE1,2449,147918,147949,31
MTE1,2453,148077,148108,31
MTE1,2454,148355,148386,31
MTE1,2458,148514,148545,31
MTE1,2459,148792,148823,31
MTE1,2465,148951,148982,31
MTE1,2466,149229,149260,31
MTE1,2470,149388,149419,31
MTE1,2471,149666,149697,31
MTE1,2475,149825,149856,31
MTE1,2476,150103,150134,31
MTE1,2480,150262,150293,31
MTE1,2481,150540,150571,31
MTE1,2485,150699,150730,31
MTE1,2486,150977,151008,31
MTE1,2490,151136,151167,31
MTE1,2491,151414,151445,31
MTE1,2495,151573,151604,31
MTE1,2496,151851,151882,31
MTE1,2500,152010,152041,31
MTE1,2501,152288,152319,31
MTE1,2505,152447,152478,31
MTE1,2506,152725,152756,31
MTE1,2510,152884,152915,31
MTE1,2511,153162,153193,31
MTE1,2515,153321,153352,31
MTE1,2516,153599,153630,31
MTE1,2520,153758,153789,31
MTE1,2521,154036,154067,31
MTE1,2525,154195,154226,31
MTE1,2526,154473,154504,31
MTE1,2530,154632,154663,31
MTE1,2531,154910,154941,31
MTE1,2535,155069,155100,31
MTE1,2536,155347,155378,31
MTE1,2540,155506,155537,31
MTE1,2541,155784,155815,31
MTE1,2547,155943,155974,31
MTE1,2548,156221,156252,31
MTE1,2552,156380,156411,31
MTE1,2553,156658,156689,31
MTE1,2557,156817,156848,31
MTE1,2558,157095,157126,31
MTE1,2562,157254,157285,31
MTE1,2563,157532,157563,31
MTE1,2567,157691,157722,31
MTE1,2568,157969,158000,31
MTE1,2572,158128,158159,31
MTE1,2573,158406,158437,31
MTE1,2577,158565,158596,31
MTE1,2578,158843,158874,31
MTE1,2582,159002,159033,31
MTE1,2583,159280,159311,31
MTE1,2587,159439,159470,31
MTE1,2588,159717,159748,31
MTE1,2592,159876,159907,31
MTE1,2593,160154,160185,31
MTE1,2597,160313,160344,31
MTE1,2598,160591,160622,31
MTE1,2602,160750,160781,31
MTE1,2603,161028,161059,31
MTE1,2607,161187,161218,31
MTE1,2608,161465,161496,31
MTE1,2612,161624,161655,31
MTE1,2613,161902,161933,31
MTE1,2617,162061,162092,31
MTE1,2618,162339,162370,31
MTE1,2622,162498,162529,31
MTE1,2623,162776,162807,31
MTE1,2629,162935,162966,31
MTE1,2630,163213,163244,31
MTE1,2634,163372,163403,31
MTE1,2635,163650,163681,31
MTE1,2639,163809,163840,31
MTE1,2640,164087,164118,31
MTE1,2644,164246,164277,31
MTE1,2645,164524,164555,31
MTE1,2649,164683,164714,31
MTE1,2650,164961,164992,31
MTE1,2654,165120,165151,31
MTE1,2655,165398,165429,31
MTE1,2659,165557,165588,31
MTE1,2660,165835,165866,31
MTE1,2664,165994,166025,31
MTE1,2665,166272,166303,31
MTE1,2669,166431,166462,31
MTE1,2670,166709,166740,31
MTE1,2674,166868,166899,31
MTE1,2675,167146,167177,31
MTE1,2679,167305,167336,31
MTE1,2680,167583,167614,31
MTE1,2684,167742,167773,31
MTE1,2685,168020,168051,31
MTE1,2689,168179,168210,31
MTE1,2690,168457,168488,31
MTE1,2694,168616,168647,31
MTE1,2695,168894,168925,31
MTE1,2699,169053,169084,31
MTE1,2700,169331,169362,31
MTE1,2704,169490,169521,31
MTE1,2705,169768,169799,31
MTE1,2711,169927,169958,31
MTE1,2712,170205,170236,31
MTE1,2716,170364,170395,31
MTE1,2717,170642,170673,31
MTE1,2721,170801,170832,31
MTE1,2722,171079,171110,31
MTE1,2726,171238,171269,31
MTE1,2727,171516,171547,31
MTE1,2731,171675,171706,31
MTE1,2732,171953,171984,31
MTE1,2736,172112,172143,31
MTE1,2737,172390,172421,31
MTE1,2741,172549,172580,31
MTE1,2742,172827,172858,31
MTE1,2746,172986,173017,31
MTE1,2747,173264,173295,31
MTE1,2751,173423,173454,31
MTE1,2752,173701,173732,31
MTE1,2756,173860,173891,31
MTE1,2757,174138,174169,31
MTE1,2761,174297,174328,31
MTE1,2762,174575,174606,31
MTE1,2766,174734,174765,31
MTE1,2767,175012,175043,31
MTE1,2771,175171,175202,31
MTE1,2772,175449,175480,31
MTE1,2776,175608,175639,31
MTE1,2777,175886,175917,31
MTE1,2781,176045,176076,31
MTE1,2782,176323,176354,31
MTE1,2786,176482,176513,31
MTE1,2787,176760,176791,31
MTE1,2793,176919,176950,31
MTE1,2794,177197,177228,31
MTE1,2798,177356,177387,31
MTE1,2799,177634,177665,31
MTE1,2803,177793,177824,31
MTE1,2804,178071,178102,31
MTE1,2808,178230,178261,31
MTE1,2809,178508,178539,31
MTE1,2813,178667,178698,31
MTE1,2814,178945,178976,31
MTE1,2818,179104,179135,31
MTE1,2819,179382,179413,31
MTE1,2823,179541,179572,31
MTE1,2824,179819,179850,31
MTE1,2828,179978,180009,31
MTE1,2829,180256,180287,31
MTE1,2833,180415,180446,31
MTE1,2834,180693,180724,31
MTE1,2838,180852,180883,31
MTE1,2839,181130,181161,31
MTE1,2843,181289,181320,31
MTE1,2844,181567,181598,31
MTE1,2848,181726,181757,31
MTE1,2849,182004,182035,31
MTE1,2853,182163,182194,31
MTE1,2854,182441,182472,31
MTE1,2858,182600,182631,31
MTE1,2859,182878,182909,31
MTE1,2863,183037,183068,31
MTE1,2864,183315,183346,31
MTE1,2868,183474,183505,31
MTE1,2869,183752,183783,31
MTE1,2875,183911,183942,31
MTE1,2876,184189,184220,31
MTE1,2880,184348,184379,31
MTE1,2881,184626,184657,31
MTE1,2885,184785,184816,31
MTE1,2886,185063,185094,31
MTE1,2890,185222,185253,31
MTE1,2891,185500,185531,31
MTE1,2895,185659,185690,31
MTE1,2896,185937,185968,31
MTE1,2900,186096,186127,31
MTE1,2901,186374,186405,31
MTE1,2905,186533,186564,31
MTE1,2906,186811,186842,31
MTE1,2910,186970,187001,31
MTE1,2911,187248,187279,31
MTE1,2915,187407,187438,31
MTE1,2916,187685,187716,31
MTE1,2920,187844,187875,31
MTE1,2921,188122,188153,31
MTE1,2925,188281,188312,31
MTE1,2926,188559,188590,31
MTE1,2930,188718,188749,31
MTE1,2931,188996,189027,31
MTE1,2935,189155,189186,31
MTE1,2936,189433,189464,31
MTE1,2940,189592,189623,31
MTE1,2941,189870,189901,31
MTE1,2945,190029,190060,31
MTE1,2946,190307,190338,31
MTE1,2950,190466,190497,31
MTE1,2951,190744,190775,31
MTE1,2957,190903,190934,31
MTE1,2958,191181,191212,31
MTE1,2962,191340,191371,31
MTE1,2963,191618,191649,31
MTE1,2967,191777,191808,31
MTE1,2968,192055,192086,31
MTE1,2972,192214,192245,31
MTE1,2973,192492,192523,31
MTE1,2977,192651,192682,31
MTE1,2978,192929,192960,31
MTE1,2982,193088,193119,31
MTE1,2983,193366,193397,31
MTE1,2987,193525,193556,31
MTE1,2988,193803,193834,31
MTE1,2992,193962,193993,31
MTE1,2993,194240,194271,31
MTE1,2997,194399,194430,31
MTE1,2998,194677,194708,31
MTE1,3002,194836,194867,31
MTE1,3003,195114,195145,31
MTE1,3007,195273,195304,31
MTE1,3008,195551,195582,31
MTE1,3012,195710,195741,31
MTE1,3013,195988,196019,31
MTE1,3017,196147,196178,31
MTE1,3018,196425,196456,31
MTE1,3022,196584,196615,31
MTE1,3023,196862,196893,31
MTE1,3027,197021,197052,31
MTE1,3028,197299,197330,31
MTE1,3032,197458,197489,31
MTE1,3033,197736,197767,31
MTE1,3039,197895,197926,31
MTE1,3040,198173,198204,31
MTE1,3044,198332,198363,31
MTE1,3045,198610,198641,31
MTE1,3049,198769,198800,31
MTE1,3050,199047,199078,31
MTE1,3054,199206,199237,31
MTE1,3055,199484,199515,31
MTE1,3059,199643,199674,31
MTE1,3060,199921,199952,31
MTE1,3064,200080,200111,31
MTE1,3065,200358,200389,31
MTE1,3069,200517,200548,31
MTE1,3070,200795,200826,31
MTE1,3074,200954,200985,31
MTE1,3075,201232,201263,31
MTE1,3079,201391,201422,31
MTE1,3080,201669,201700,31
MTE1,3084,201828,201859,31
MTE1,3085,202106,202137,31
MTE1,3089,202265,202296,31
MTE1,3090,202543,202574,31
MTE1,3094,202702,202733,31
MTE1,3095,202980,203011,31
MTE1,3099,203139,203170,31
MTE1,3100,203417,203448,31
MTE1,3104,203576,203607,31
MTE1,3105,203854,203885,31
MTE1,3109,204013,204044,31
MTE1,3110,204291,204322,31
MTE1,3114,204450,204481,31
MTE1,3115,204481,204512,31
MTE1,3121,204640,204671,31
MTE1,3122,204671,204702,31
MTE1,3126,205031,205062,31
MTE1,3127,205062,205093,31
MTE1,3131,205221,205252,31
MTE1,3132,205252,205283,31
MTE1,3136,205411,205442,31
MTE1,3137,205442,205473,31
MTE1,3141,205601,205632,31
MTE1,3142,205632,205663,31
MTE1,3146,205791,205822,31
MTE1,3147,205822,205853,31
MTE1,3151,205981,206012,31
MTE1,3152,206012,206043,31
MTE1,3156,206171,206202,31
MTE1,3157,206202,206233,31
MTE1,3161,206361,206392,31
MTE1,3162,206392,206423,31
MTE1,3166,206551,206582,31
MTE1,3167,206582,206613,31
MTE1,3171,206741,206772,31
MTE1,3172,206772,206803,31
MTE1,3176,206931,206962,31
MTE1,3177,206962,206993,31
MTE1,3181,207121,207152,31
MTE1,3182,207152,207183,31
MTE1,3186,207311,207342,31
MTE1,3187,207342,207373,31
MTE1,3191,207501,207532,31
MTE1,3192,207532,207563,31
MTE1,3196,207691,207722,31
MTE1,3197,207722,207753,31
MTE1,3206,207881,207912,31
MTE1,3205,207912,207943,31
MTE1,3213,208272,208303,31
MTE1,3212,208303,208334,31
MTE1,3220,208462,208493,31
MTE1,3219,208493,208524,31
MTE1,3227,208652,208683,31
MTE1,3226,208683,208714,31
MTE1,3234,208842,208873,31
MTE1,3233,209138,209169,31
MTE1,3241,209544,209575,31
MTE1,3240,209869,209900,31
MTE1,3248,210275,210306,31
MTE1,3247,210600,210631,31
MTE1,3255,211006,211037,31
MTE1,3254,211362,211393,31
MTE1,3262,211768,211799,31
MTE1,3261,212124,212155,31
MTE1,3269,212530,212561,31
MTE1,3268,212886,212917,31
MTE1,3276,213292,213323,31
MTE1,3275,213648,213679,31
MTE1,3283,214054,214085,31
MTE1,3282,214410,214441,31
MTE1,3290,214816,214847,31
MTE1,3289,215172,215203,31
MTE1,3297,215578,215609,31
MTE1,3296,215934,215965,31
MTE1,3304,216340,216371,31
MTE1,3303,216696,216727,31
MTE1,3311,217102,217133,31
MTE1,3310,217458,217489,31
MTE1,3317,217617,217648,31
MTE1,3318,217864,217895,31
MTE1,3322,218023,218054,31
MTE1,3323,218301,218332,31
MTE1,3327,218460,218491,31
MTE1,3328,218738,218769,31
MTE1,3332,218897,218928,31
MTE1,3333,219175,219206,31
MTE1,3337,219334,219365,31
MTE1,3338,219612,219643,31
MTE1,3342,219771,219802,31
MTE1,3343,220049,220080,31
MTE1,3347,220208,220239,31
MTE1,3348,220486,220517,31
MTE1,3352,220645,220676,31
MTE1,3353,220923,220954,31
MTE1,3357,221082,221113,31
MTE1,3358,221360,221391,31
MTE1,3362,221519,221550,31
MTE1,3363,221797,221828,31
MTE1,3367,221956,221987,31
MTE1,3368,222234,222265,31
MTE1,3372,222393,222424,31
MTE1,3373,222671,222702,31
MTE1,3377,222830,222861,31
MTE1,3378,223108,223139,31
MTE1,3382,223267,223298,31
MTE1,3383,223545,223576,31
MTE1,3387,223704,223735,31
MTE1,3388,223982,224013,31
MTE1,3392,224141,224172,31
MTE1,3393,224419,224450,31
MTE1,3399,224578,224609,31
MTE1,3400,224856,224887,31
MTE1,3404,225015,225046,31
MTE1,3405,225293,225324,31
MTE1,3409,225452,225483,31
MTE1,3410,225730,225761,31
MTE1,3414,225889,225920,31
MTE1,3415,226167,226198,31
MTE1,3419,226326,226357,31
MTE1,3420,226604,226635,31
MTE1,3424,226763,226794,31
MTE1,3425,227041,227072,31
MTE1,3429,227200,227231,31
MTE1,3430,227478,227509,31
MTE1,3434,227637,227668,31
MTE1,3435,227915,227946,31
MTE1,3439,228074,228105,31
MTE1,3440,228352,228383,31
MTE1,3444,228511,228542,31
MTE1,3445,228789,228820,31
MTE1,3449,228948,228979,31
MTE1,3450,229226,229257,31
MTE1,3454,229385,229416,31
MTE1,3455,229663,229694,31
MTE1,3459,229822,229853,31
MTE1,3460,230100,230131,31
MTE1,3464,230259,230290,31
MTE1,3465,230537,230568,31
MTE1,3469,230696,230727,31
MTE1,3470,230974,231005,31
MTE1,3474,231133,231164,31
MTE1,3475,231411,231442,31
MTE1,3481,231570,231601,31
MTE1,3482,231848,231879,31
MTE1,3486,232007,232038,31
MTE1,3487,232285,232316,31
MTE1,3491,232444,232475,31
MTE1,3492,232722,232753,31
MTE1,3496,232881,232912,31
MTE1,3497,233159,233190,31
MTE1,3501,233318,233349,31
MTE1,3502,233596,233627,31
MTE1,3506,233755,233786,31
MTE1,3507,234033,234064,31
MTE1,3511,234192,234223,31
MTE1,3512,234470,234501,31
MTE1,3516,234629,234660,31
MTE1,3517,234907,234938,31
MTE1,3521,235066,235097,31
MTE1,3522,235344,235375,31
MTE1,3526,235503,235534,31
MTE1,3527,235781,235812,31
MTE1,3531,235940,235971,31
MTE1,3532,236218,236249,31
MTE1,3536,236377,236408,31
MTE1,3537,236655,236686,31
MTE1,3541,236814,236845,31
MTE1,3542,237092,237123,31
MTE1,3546,237251,237282,31
MTE1,3547,237529,237560,31
MTE1,3551,237688,237719,31
MTE1,3552,237966,237997,31
MTE1,3556,238125,238156,31
MTE1,3557,238403,238434,31
MTE1,3563,238562,238593,31
MTE1,3564,238840,238871,31
MTE1,3568,238999,239030,31
MTE1,3569,239277,239308,31
MTE1,3573,239436,239467,31
MTE1,3574,239714,239745,31
MTE1,3578,239873,239904,31
MTE1,3579,240151,240182,31
MTE1,3583,240310,240341,31
MTE1,3584,240588,240619,31
MTE1,3588,240747,240778,31
MTE1,3589,241025,241056,31
MTE1,3593,241184,241215,31
MTE1,3594,241462,241493,31
MTE1,3598,241621,241652,31
MTE1,3599,241899,241930,31
MTE1,3603,242058,242089,31
MTE1,3604,242336,242367,31
MTE1,3608,242495,242526,31
MTE1,3609,242773,242804,31
MTE1,3613,242932,242963,31
MTE1,3614,243210,243241,31
MTE1,3618,243369,243400,31
MTE1,3619,243647,243678,31
MTE1,3623,243806,243837,31
MTE1,3624,244084,244115,31
MTE1,3628,244243,244274,31
MTE1,3629,244521,244552,31
MTE1,3633,244680,244711,31
MTE1,3634,244958,244989,31
MTE1,3638,245117,245148,31
MTE1,3639,245395,245426,31
MTE1,3645,245554,245585,31
MTE1,3646,245832,245863,31
MTE1,3650,245991,246022,31
MTE1,3651,246269,246300,31
MTE1,3655,246428,246459,31
MTE1,3656,246706,246737,31
MTE1,3660,246865,246896,31
MTE1,3661,247143,247174,31
MTE1,3665,247302,247333,31
MTE1,3666,247580,247611,31
MTE1,3670,247739,247770,31
MTE1,3671,248017,248048,31
MTE1,3675,248176,248207,31
MTE1,3676,248454,248485,31
MTE1,3680,248613,248644,31
MTE1,3681,248891,248922,31
MTE1,3685,249050,249081,31
MTE1,3686,249328,249359,31
MTE1,3690,249487,249518,31
MTE1,3691,249765,249796,31
MTE1,3695,249924,249955,31
MTE1,3696,250202,250233,31
MTE1,3700,250361,250392,31
MTE1,3701,250639,250670,31
MTE1,3705,250798,250829,31
MTE1,3706,251076,251107,31
MTE1,3710,251235,251266,31
MTE1,3711,251513,251544,31
MTE1,3715,251672,251703,31
MTE1,3716,251950,251981,31
MTE1,3720,252109,252140,31
MTE1,3721,252387,252418,31
MTE1,3727,252546,252577,31
MTE1,3728,252824,252855,31
MTE1,3732,252983,253014,31
MTE1,3733,253261,253292,31
MTE1,3737,253420,253451,31
MTE1,3738,253698,253729,31
MTE1,3742,253857,253888,31
MTE1,3743,254135,254166,31
MTE1,3747,254294,254325,31
MTE1,3748,254572,254603,31
MTE1,3752,254731,254762,31
MTE1,3753,255009,255040,31
MTE1,3757,255168,255199,31
MTE1,3758,255446,255477,31
MTE1,3762,255605,255636,31
MTE1,3763,255883,255914,31
MTE1,3767,256042,256073,31
MTE1,3768,256320,256351,31
MTE1,3772,256479,256510,31
MTE1,3773,256757,256788,31
MTE1,3777,256916,256947,31
MTE1,3778,257194,257225,31
MTE1,3782,257353,257384,31
MTE1,3783,257631,257662,31
MTE1,3787,257790,257821,31
MTE1,3788,258068,258099,31
MTE1,3792,258227,258258,31
MTE1,3793,258505,258536,31
MTE1,3797,258664,258695,31
MTE1,3798,258942,258973,31
MTE1,3802,259101,259132,31
MTE1,3803,259379,259410,31
MTE1,3809,259538,259569,31
MTE1,3810,259816,259847,31
MTE1,3814,259975,260006,31
MTE1,3815,260253,260284,31
MTE1,3819,260412,260443,31
MTE1,3820,260690,260721,31
MTE1,3824,260849,260880,31
MTE1,3825,261127,261158,31
MTE1,3829,261286,261317,31
MTE1,3830,261564,261595,31
MTE1,3834,261723,261754,31
MTE1,3835,262001,262032,31
MTE1,3839,262160,262191,31
MTE1,3840,262438,262469,31
MTE1,3844,262597,262628,31
MTE1,3845,262875,262906,31
MTE1,3849,263034,263065,31
MTE1,3850,263312,263343,31
MTE1,3854,263471,263502,31
MTE1,3855,263749,263780,31
MTE1,3859,263908,263939,31
MTE1,3860,264186,264217,31
MTE1,3864,264345,264376,31
MTE1,3865,264623,264654,31
MTE1,3869,264782,264813,31
MTE1,3870,265060,265091,31
MTE1,3874,265219,265250,31
MTE1,3875,265497,265528,31
MTE1,3879,265656,265687,31
MTE1,3880,265934,265965,31
MTE1,3884,266093,266124,31
MTE1,3885,266371,266402,31
MTE1,3891,266530,266561,31
MTE1,3892,266808,266839,31
MTE1,3896,266967,266998,31
MTE1,3897,267245,267276,31
MTE1,3901,267404,267435,31
MTE1,3902,267682,267713,31
MTE1,3906,267841,267872,31
MTE1,3907,268119,268150,31
MTE1,3911,268278,268309,31
MTE1,3912,268556,268587,31
MTE1,3916,268715,268746,31
MTE1,3917,268993,269024,31
MTE1,3921,269152,269183,31
MTE1,3922,269430,269461,31
MTE1,3926,269589,269620,31
MTE1,3927,269867,269898,31
MTE1,3931,270026,270057,31
MTE1,3932,270304,270335,31
MTE1,3936,270463,270494,31
MTE1,3937,270741,270772,31
MTE1,3941,270900,270931,31
MTE1,3942,271178,271209,31
MTE1,3946,271337,271368,31
MTE1,3947,271615,271646,31
MTE1,3951,271774,271805,31
MTE1,3952,272052,272083,31
MTE1,3956,272211,272242,31
MTE1,3957,272489,272520,31
MTE1,3961,272648,272679,31
MTE1,3962,272926,272957,31
MTE1,3966,273085,273116,31
MTE1,3967,273363,273394,31
MTE1,3973,273522,273553,31
MTE1,3974,273800,273831,31
MTE1,3978,273959,273990,31
MTE1,3979,274237,274268,31
MTE1,3983,274396,274427,31
MTE1,3984,274674,274705,31
MTE1,3988,274833,274864,31
MTE1,3989,275111,275142,31
MTE1,3993,275270,275301,31
MTE1,3994,275548,275579,31
MTE1,3998,275707,275738,31
MTE1,3999,275985,276016,31
MTE1,4003,276144,276175,31
MTE1,4004,276422,276453,31
MTE1,4008,276581,276612,31
MTE1,4009,276859,276890,31
MTE1,4013,277018,277049,31
MTE1,4014,277296,277327,31
MTE1,4018,277455,277486,31
MTE1,4019,277733,277764,31
MTE1,4023,277892,277923,31
MTE1,4024,278170,278201,31
MTE1,4028,278329,278360,31
MTE1,4029,278607,278638,31
MTE1,4033,278766,278797,31
MTE1,4034,279044,279075,31
MTE1,4038,279203,279234,31
MTE1,4039,279481,279512,31
MTE1,4043,279640,279671,31
MTE1,4044,279918,279949,31
MTE1,4048,280077,280108,31
MTE1,4049,280355,280386,31
MTE1,4055,280514,280545,31
MTE1,4056,280792,280823,31
MTE1,4060,280951,280982,31
MTE1,4061,281229,281260,31
MTE1,4065,281388,281419,31
MTE1,4066,281666,281697,31
MTE1,4070,281825,281856,31
MTE1,4071,282103,282134,31
MTE1,4075,282262,282293,31
MTE1,4076,282540,282571,31
MTE1,4080,282699,282730,31
MTE1,4081,282977,283008,31
MTE1,4085,283136,283167,31
MTE1,4086,283414,283445,31
MTE1,4090,283573,283604,31
MTE1,4091,283851,283882,31
MTE1,4095,284010,284041,31
MTE1,4096,284288,284319,31
MTE1,4100,284447,284478,31
MTE1,4101,284725,284756,31
MTE1,4105,284884,284915,31
MTE1,4106,285162,285193,31
MTE1,4110,285321,285352,31
MTE1,4111,285599,285630,31
MTE1,4115,285758,285789,31
MTE1,4116,286036,286067,31
MTE1,4120,286195,286226,31
MTE1,4121,286473,286504,31
MTE1,4125,286632,286663,31
MTE1,4126,286910,286941,31
MTE1,4130,287069,287100,31
MTE1,4131,287347,287378,31
MTE1,4137,287506,287537,31
MTE1,4138,287784,287815,31
MTE1,4142,287943,287974,31
MTE1,4143,288221,288252,31
MTE1,4147,288380,288411,31
MTE1,4148,288658,288689,31
MTE1,4152,288817,288848,31
MTE1,4153,289095,289126,31
MTE1,4157,289254,289285,31
MTE1,4158,289532,289563,31
MTE1,4162,289691,289722,31
MTE1,4163,289969,290000,31
MTE1,4167,290128,290159,31
MTE1,4168,290406,290437,31
MTE1,4172,290565,290596,31
MTE1,4173,290843,290874,31
MTE1,4177,291002,291033,31
MTE1,4178,291280,291311,31
MTE1,4182,291439,291470,31
MTE1,4183,291717,291748,31
MTE1,4187,291876,291907,31
MTE1,4188,292154,292185,31
MTE1,4192,292313,292344,31
MTE1,4193,292591,292622,31
MTE1,4197,292750,292781,31
MTE1,4198,293028,293059,31
MTE1,4202,293187,293218,31
MTE1,4203,293465,293496,31
MTE1,4207,293624,293655,31
MTE1,4208,293902,293933,31
MTE1,4212,294061,294092,31
MTE1,4213,294339,294370,31
MTE1,4219,294498,294529,31
MTE1,4220,294776,294807,31
MTE1,4224,294935,294966,31
MTE1,4225,295213,295244,31
MTE1,4229,295372,295403,31
MTE1,4230,295650,295681,31
MTE1,4234,295809,295840,31
MTE1,4235,296087,296118,31
MTE1,4239,296246,296277,31
MTE1,4240,296524,296555,31
MTE1,4244,296683,296714,31
MTE1,4245,296961,296992,31
MTE1,4249,297120,297151,31
MTE1,4250,297398,297429,31
MTE1,4254,297557,297588,31
MTE1,4255,297835,297866,31
MTE1,4259,297994,298025,31
MTE1,4260,298272,298303,31
MTE1,4264,298431,298462,31
MTE1,4265,298709,298740,31
MTE1,4269,298868,298899,31
MTE1,4270,299146,299177,31
MTE1,4274,299305,299336,31
MTE1,4275,299583,299614,31
MTE1,4279,299742,299773,31
MTE1,4280,300020,300051,31
MTE1,4284,300179,300210,31
MTE1,4285,300457,300488,31
MTE1,4289,300616,300647,31
MTE1,4290,300894,300925,31
MTE1,4294,301053,301084,31
MTE1,4295,301331,301362,31
MTE1,4301,301490,301521,31
MTE1,4302,301768,301799,31
MTE1,4306,301927,301958,31
MTE1,4307,302205,302236,31
MTE1,4311,302364,302395,31
MTE1,4312,302642,302673,31
MTE1,4316,302801,302832,31
MTE1,4317,303079,303110,31
MTE1,4321,303238,303269,31
MTE1,4322,303516,303547,31
MTE1,4326,303675,303706,31
MTE1,4327,303953,303984,31
MTE1,4331,304112,304143,31
MTE1,4332,304390,304421,31
MTE1,4336,304549,304580,31
MTE1,4337,304827,304858,31
MTE1,4341,304986,305017,31
MTE1,4342,305264,305295,31
MTE1,4346,305423,305454,31
MTE1,4347,305701,305732,31
MTE1,4351,305860,305891,31
MTE1,4352,306138,306169,31
MTE1,4356,306297,306328,31
MTE1,4357,306575,306606,31
MTE1,4361,306734,306765,31
MTE1,4362,307012,307043,31
MTE1,4366,307171,307202,31
MTE1,4367,307449,307480,31
MTE1,4371,307608,307639,31
MTE1,4372,307886,307917,31
MTE1,4376,308045,308076,31
MTE1,4377,308323,308354,31
MTE1,4383,308482,308513,31
MTE1,4384,308760,308791,31
MTE1,4388,308919,308950,31
MTE1,4389,309197,309228,31
MTE1,4393,309356,309387,31
MTE1,4394,309634,309665,31
MTE1,4398,309793,309824,31
MTE1,4399,310071,310102,31
MTE1,4403,310230,310261,31
MTE1,4404,310508,310539,31
MTE1,4408,310667,310698,31
MTE1,4409,310945,310976,31
MTE1,4413,311104,311135,31
MTE1,4414,311382,311413,31
MTE1,4418,311541,311572,31
MTE1,4419,311819,311850,31
MTE1,4423,311978,312009,31
MTE1,4424,312256,312287,31
MTE1,4428,312415,312446,31
MTE1,4429,312693,312724,31
MTE1,4433,312852,312883,31
MTE1,4434,313130,313161,31
MTE1,4438,313289,313320,31
MTE1,4439,313567,313598,31
MTE1,4443,313726,313757,31
MTE1,4444,314004,314035,31
MTE1,4448,314163,314194,31
MTE1,4449,314441,314472,31
MTE1,4453,314600,314631,31
MTE1,4454,314631,314662,31
MTE1,4458,314790,314821,31
MTE1,4459,314821,314852,31
MTE1,4465,314980,315011,31
MTE1,4466,315011,315042,31
MTE1,4470,315371,315402,31
MTE1,4471,315402,315433,31
MTE1,4475,315561,315592,31
MTE1,4476,315592,315623,31
MTE1,4480,315751,315782,31
MTE1,4481,315782,315813,31
MTE1,4485,315941,315972,31
MTE1,4486,315972,316003,31
MTE1,4490,316131,316162,31
MTE1,4491,316162,316193,31
MTE1,4495,316321,316352,31
MTE1,4496,316352,316383,31
MTE1,4500,316511,316542,31
MTE1,4501,316542,316573,31
MTE1,4505,316701,316732,31
MTE1,4506,316732,316763,31
MTE1,4510,316891,316922,31
MTE1,4511,316922,316953,31
MTE1,4515,317081,317112,31
MTE1,4516,317112,317143,31
MTE1,4520,317271,317302,31
MTE1,4521,317302,317333,31
MTE1,4525,317461,317492,31
MTE1,4526,317492,317523,31
MTE1,4530,317651,317682,31
MTE1,4531,318088,318119,31
MTE1,4535,318247,318278,31
MTE1,4536,318684,318715,31
MTE1,4540,318843,318874,31
MTE1,4541,319280,319311,31
MTE1,4550,319686,319717,31
MTE1,4549,320011,320042,31
MTE1,4557,320417,320448,31
MTE1,4556,320742,320773,31
MTE1,4564,321148,321179,31
MTE1,4563,321473,321504,31
MTE1,4571,321879,321910,31
MTE1,4570,322204,322235,31
MTE1,4578,322610,322641,31
MTE1,4577,322935,322966,31
MTE1,4585,323341,323372,31
MTE1,4584,323666,323697,31
MTE1,4592,324072,324103,31
MTE1,4591,324428,324459,31
MTE1,4599,324834,324865,31
MTE1,4598,325190,325221,31
MTE1,4606,325596,325627,31
MTE1,4605,325952,325983,31
MTE1,4613,326358,326389,31
MTE1,4612,326714,326745,31
MTE1,4620,327120,327151,31
MTE1,4619,327476,327507,31
MTE1,4627,327882,327913,31
MTE1,4626,328238,328269,31
MTE1,4634,328644,328675,31
MTE1,4633,329000,329031,31
MTE1,4641,329406,329437,31
MTE1,4640,329762,329793,31
MTE1,4648,330168,330199,31
MTE1,4647,330524,330555,31
MTE1,4655,330930,330961,31
MTE1,4654,331286,331317,31
MTE1,4661,331445,331476,31
MTE1,4662,331692,331723,31
MTE1,4666,331851,331882,31
MTE1,4667,332129,332160,31
MTE1,4671,332288,332319,31
MTE1,4672,332566,332597,31
MTE1,4676,332725,332756,31
MTE1,4677,333003,333034,31
MTE1,4681,333162,333193,31
MTE1,4682,333440,333471,31
MTE1,4686,333599,333630,31
MTE1,4687,333877,333908,31
MTE1,4691,334036,334067,31
MTE1,4692,334314,334345,31
MTE1,4696,334473,334504,31
MTE1,4697,334751,334782,31
MTE1,4701,334910,334941,31
MTE1,4702,335188,335219,31
MTE1,4706,335347,335378,31
MTE1,4707,335625,335656,31
MTE1,4711,335784,335815,31
MTE1,4712,336062,336093,31
MTE1,4716,336221,336252,31
MTE1,4717,336499,336530,31
MTE1,4721,336658,336689,31
MTE1,4722,336936,336967,31
MTE1,4726,337095,337126,31
MTE1,4727,337373,337404,31
MTE1,4731,337532,337563,31
MTE1,4732,337810,337841,31
MTE1,4736,337969,338000,31
MTE1,4737,338247,338278,31
MTE1,4743,338406,338437,31
MTE1,4744,338684,338715,31
MTE1,4748,338843,338874,31
MTE1,4749,339121,339152,31
MTE1,4753,339280,339311,31
MTE1,4754,339558,339589,31
MTE1,4758,339717,339748,31
MTE1,4759,339995,340026,31
MTE1,4763,340154,340185,31
MTE1,4764,340432,340463,31
MTE1,4768,340591,340622,31
MTE1,4769,340869,340900,31
MTE1,4773,341028,341059,31
MTE1,4774,341306,341337,31
MTE1,4778,341465,341496,31
MTE1,4779,341743,341774,31
MTE1,4783,341902,341933,31
MTE1,4784,342180,342211,31
MTE1,4788,342339,342370,31
MTE1,4789,342617,342648,31
MTE1,4793,342776,342807,31
MTE1,4794,343054,343085,31
MTE1,4798,343213,343244,31
MTE1,4799,343491,343522,31
MTE1,4803,343650,343681,31
MTE1,4804,343928,343959,31
MTE1,4808,344087,344118,31
MTE1,4809,344365,344396,31
MTE1,4813,344524,344555,31
MTE1,4814,344802,344833,31
MTE1,4818,344961,344992,31
MTE1,4819,345239,345270,31
MTE1,4825,345398,345429,31
MTE1,4826,345676,345707,31
MTE1,4830,345835,345866,31
MTE1,4831,346113,346144,31
MTE1,4835,346272,346303,31
MTE1,4836,346550,346581,31
MTE1,4840,346709,346740,31
MTE1,4841,346987,347018,31
MTE1,4845,347146,347177,31
MTE1,4846,347424,347455,31
MTE1,4850,347583,347614,31
MTE1,4851,347861,347892,31
MTE1,4855,348020,348051,31
MTE1,4856,348298,348329,31
MTE1,4860,348457,348488,31
MTE1,4861,348735,348766,31
MTE1,4865,348894,348925,31
MTE1,4866,349172,349203,31
MTE1,4870,349331,349362,31
MTE1,4871,349609,349640,31
MTE1,4875,349768,349799,31
MTE1,4876,350046,350077,31
MTE1,4880,350205,350236,31
MTE1,4881,350483,350514,31
MTE1,4885,350642,350673,31
MTE1,4886,350920,350951,31
MTE1,4890,351079,351110,31
MTE1,4891,351357,351388,31
MTE1,4895,351516,351547,31
MTE1,4896,351794,351825,31
MTE1,4900,351953,351984,31
MTE1,4901,352231,352262,31
MTE1,4907,352390,352421,31
MTE1,4908,352668,352699,31
MTE1,4912,352827,352858,31
MTE1,4913,353105,353136,31
MTE1,4917,353264,353295,31
MTE1,4918,353542,353573,31
MTE1,4922,353701,353732,31
MTE1,4923,353979,354010,31
MTE1,4927,354138,354169,31
MTE1,4928,354416,354447,31
MTE1,4932,354575,354606,31
MTE1,4933,354853,354884,31
MTE1,4937,355012,355043,31
MTE1,4938,355290,355321,31
MTE1,4942,355449,355480,31
MTE1,4943,355727,355758,31
MTE1,4947,355886,355917,31
MTE1,4948,356164,356195,31
MTE1,4952,356323,356354,31
MTE1,4953,356601,356632,31
MTE1,4957,356760,356791,31
MTE1,4958,357038,357069,31
MTE1,4962,357197,357228,31
MTE1,4963,357475,357506,31
MTE1,4967,357634,357665,31
MTE1,4968,357912,357943,31
MTE1,4972,358071,358102,31
MTE1,4973,358349,358380,31
MTE1,4977,358508,358539,31
MTE1,4978,358786,358817,31
MTE1,4982,358945,358976,31
MTE1,4983,359223,359254,31
MTE1,4989,359382,359413,31
MTE1,4990,359660,359691,31
MTE1,4994,359819,359850,31
MTE1,4995,360097,360128,31
MTE1,4999,360256,360287,31
MTE1,5000,360534,360565,31
MTE1,5004,360693,360724,31
MTE1,5005,360971,361002,31
MTE1,5009,361130,361161,31
MTE1,5010,361408,361439,31
MTE1,5014,361567,361598,31
MTE1,5015,361845,361876,31
MTE1,5019,362004,362035,31
MTE1,5020,362282,362313,31
MTE1,5024,362441,362472,31
MTE1,5025,362719,362750,31
MTE1,5029,362878,362909,31
MTE1,5030,363156,363187,31
MTE1,5034,363315,363346,31
MTE1,5035,363593,363624,31
MTE1,5039,363752,363783,31
MTE1,5040,364030,364061,31
MTE1,5044,364189,364220,31
MTE1,5045,364467,364498,31
MTE1,5049,364626,364657,31
MTE1,5050,364904,364935,31
MTE1,5054,365063,365094,31
MTE1,5055,365341,365372,31
MTE1,5059,365500,365531,31
MTE1,5060,365778,365809,31
MTE1,5064,365937,365968,31
MTE1,5065,366215,366246,31
MTE1,5071,366374,366405,31
MTE1,5072,366652,366683,31
MTE1,5076,366811,366842,31
MTE1,5077,367089,367120,31
MTE1,5081,367248,367279,31
MTE1,5082,367526,367557,31
MTE1,5086,367685,367716,31
MTE1,5087,367963,367994,31
MTE1,5091,368122,368153,31
MTE1,5092,368400,368431,31
MTE1,5096,368559,368590,31
MTE1,5097,368837,368868,31
MTE1,5101,368996,369027,31
MTE1,5102,369274,369305,31
MTE1,5106,369433,369464,31
MTE1,5107,369711,369742,31
MTE1,5111,369870,369901,31
MTE1,5112,370148,370179,31
MTE1,5116,370307,370338,31
MTE1,5117,370585,370616,31
MTE1,5121,370744,370775,31
MTE1,5122,371022,371053,31
MTE1,5126,371181,371212,31
MTE1,5127,371459,371490,31
MTE1,5131,371618,371649,31
MTE1,5132,371896,371927,31
MTE1,5136,372055,372086,31
MTE1,5137,372333,372364,31
MTE1,5141,372492,372523,31
MTE1,5142,372770,372801,31
MTE1,5146,372929,372960,31
MTE1,5147,373207,373238,31
MTE1,5153,373366,373397,31
MTE1,5154,373644,373675,31
MTE1,5158,373803,373834,31
MTE1,5159,374081,374112,31
MTE1,5163,374240,374271,31
MTE1,5164,374518,374549,31
MTE1,5168,374677,374708,31
MTE1,5169,374955,374986,31
MTE1,5173,375114,375145,31
MTE1,5174,375392,375423,31
MTE1,5178,375551,375582,31
MTE1,5179,375829,375860,31
MTE1,5183,375988,376019,31
MTE1,5184,376266,376297,31
MTE1,5188,376425,376456,31
MTE1,5189,376703,376734,31
MTE1,5193,376862,376893,31
MTE1,5194,377140,377171,31
MTE1,5198,377299,377330,31
MTE1,5199,377577,377608,31
MTE1,5203,377736,377767,31
MTE1,5204,378014,378045,31
MTE1,5208,378173,378204,31
MTE1,5209,378451,378482,31
MTE1,5213,378610,378641,31
MTE1,5214,378888,378919,31
MTE1,5218,379047,379078,31
MTE1,5219,379325,379356,31
MTE1,5223,379484,379515,31
MTE1,5224,379762,379793,31
MTE1,5228,379921,379952,31
MTE1,5229,380199,380230,31
MTE1,5235,380358,380389,31
MTE1,5236,380636,380667,31
MTE1,5240,380795,380826,31
MTE1,5241,381073,381104,31
MTE1,5245,381232,381263,31
MTE1,5246,381510,381541,31
MTE1,5250,381669,381700,31
MTE1,5251,381947,381978,31
MTE1,5255,382106,382137,31
MTE1,5256,382384,382415,31
MTE1,5260,382543,382574,31
MTE1,5261,382821,382852,31
MTE1,5265,382980,383011,31
MTE1,5266,383258,383289,31
MTE1,5270,383417,383448,31
MTE1,5271,383695,383726,31
MTE1,5275,383854,383885,31
MTE1,5276,384132,384163,31
MTE1,5280,384291,384322,31
MTE1,5281,384569,384600,31
MTE1,5285,384728,384759,31
MTE1,5286,385006,385037,31
MTE1,5290,385165,385196,31
MTE1,5291,385443,385474,31
MTE1,5295,385602,385633,31
MTE1,5296,385880,385911,31
MTE1,5300,386039,386070,31
MTE1,5301,386317,386348,31
MTE1,5305,386476,386507,31
MTE1,5306,386754,386785,31
MTE1,5310,386913,386944,31
MTE1,5311,387191,387222,31
MTE1,5317,387350,387381,31
MTE1,5318,387628,387659,31
MTE1,5322,387787,387818,31
MTE1,5323,388065,388096,31
MTE1,5327,388224,388255,31
MTE1,5328,388502,388533,31
MTE1,5332,388661,388692,31
MTE1,5333,388939,388970,31
MTE1,5337,389098,389129,31
MTE1,5338,389376,389407,31
MTE1,5342,389535,389566,31
MTE1,5343,389813,389844,31
MTE1,5347,389972,390003,31
MTE1,5348,390250,390281,31
MTE1,5352,390409,390440,31
MTE1,5353,390687,390718,31
MTE1,5357,390846,390877,31
MTE1,5358,391124,391155,31
MTE1,5362,391283,391314,31
MTE1,5363,391561,391592,31
MTE1,5367,391720,391751,31
MTE1,5368,391998,392029,31
MTE1,5372,392157,392188,31
MTE1,5373,392435,392466,31
MTE1,5377,392594,392625,31
MTE1,5378,392872,392903,31
MTE1,5382,393031,393062,31
MTE1,5383,393309,393340,31
MTE1,5387,393468,393499,31
MTE1,5388,393746,393777,31
MTE1,5392,393905,393936,31
MTE1,5393,394183,394214,31
MTE1,5399,394342,394373,31
MTE1,5400,394620,394651,31
MTE1,5404,394779,394810,31
MTE1,5405,395057,395088,31
MTE1,5409,395216,395247,31
MTE1,5410,395494,395525,31
MTE1,5414,395653,395684,31
MTE1,5415,395931,395962,31
MTE1,5419,396090,396121,31
MTE1,5420,396368,396399,31
MTE1,5424,396527,396558,31
MTE1,5425,396805,396836,31
MTE1,5429,396964,396995,31
MTE1,5430,397242,397273,31
MTE1,5434,397401,397432,31
MTE1,5435,397679,397710,31
MTE1,5439,397838,397869,31
MTE1,5440,398116,398147,31
MTE1,5444,398275,398306,31
MTE1,5445,398553,398584,31
MTE1,5449,398712,398743,31
MTE1,5450,398990,399021,31
MTE1,5454,399149,399180,31
MTE1,5455,399427,399458,31
MTE1,5459,399586,399617,31
MTE1,5460,399864,399895,31
MTE1,5464,400023,400054,31
MTE1,5465,400301,400332,31
MTE1,5469,400460,400491,31
MTE1,5470,400738,400769,31
MTE1,5474,400897,400928,31
MTE1,5475,401175,401206,31
MTE1,5481,401334,401365,31
MTE1,5482,401612,401643,31
MTE1,5486,401771,401802,31
MTE1,5487,402049,402080,31
MTE1,5491,402208,402239,31
MTE1,5492,402486,402517,31
MTE1,5496,402645,402676,31
MTE1,5497,402923,402954,31
MTE1,5501,403082,403113,31
MTE1,5502,403360,403391,31
MTE1,5506,403519,403550,31
MTE1,5507,403797,403828,31
MTE1,5511,403956,403987,31
MTE1,5512,404234,404265,31
MTE1,5516,404393,404424,31
MTE1,5517,404671,404702,31
MTE1,5521,404830,404861,31
MTE1,5522,405108,405139,31
MTE1,5526,405267,405298,31
MTE1,5527,405545,405576,31
MTE1,5531,405704,405735,31
MTE1,5532,405982,406013,31
MTE1,5536,406141,406172,31
MTE1,5537,406419,406450,31
MTE1,5541,406578,406609,31
MTE1,5542,406856,406887,31
MTE1,5546,407015,407046,31
MTE1,5547,407293,407324,31
MTE1,5551,407452,407483,31
MTE1,5552,407730,407761,31
MTE1,5556,407889,407920,31
MTE1,5557,408167,408198,31
MTE1,5563,408326,408357,31
MTE1,5564,408604,408635,31
MTE1,5568,408763,408794,31
MTE1,5569,409041,409072,31
MTE1,5573,409200,409231,31
MTE1,5574,409478,409509,31
MTE1,5578,409637,409668,31
MTE1,5579,409915,409946,31
MTE1,5583,410074,410105,31
MTE1,5584,410352,410383,31
MTE1,5588,410511,410542,31
MTE1,5589,410789,410820,31
MTE1,5593,410948,410979,31
MTE1,5594,411226,411257,31
MTE1,5598,411385,411416,31
MTE1,5599,411663,411694,31
MTE1,5603,411822,411853,31
MTE1,5604,412100,412131,31
MTE1,5608,412259,412290,31
MTE1,5609,412537,412568,31
MTE1,5613,412696,412727,31
MTE1,5614,412974,413005,31
MTE1,5618,413133,413164,31
MTE1,5619,413411,413442,31
MTE1,5623,413570,413601,31
MTE1,5624,413848,413879,31
MTE1,5628,414007,414038,31
MTE1,5629,414285,414316,31
MTE1,5633,414444,414475,31
MTE1,5634,414722,414753,31
MTE1,5638,414881,414912,31
MTE1,5639,415159,415190,31
MTE1,5645,415318,415349,31
MTE1,5646,415596,415627,31
MTE1,5650,415755,415786,31
MTE1,5651,416033,416064,31
MTE1,5655,416192,416223,31
MTE1,5656,416470,416501,31
MTE1,5660,416629,416660,31
MTE1,5661,416907,416938,31
MTE1,5665,417066,417097,31
MTE1,5666,417344,417375,31
MTE1,5670,417503,417534,31
MTE1,5671,417781,417812,31
MTE1,5675,417940,417971,31
MTE1,5676,418218,418249,31
MTE1,5680,418377,418408,31
MTE1,5681,418655,418686,31
MTE1,5685,418814,418845,31
MTE1,5686,419092,419123,31
MTE1,5690,419251,419282,31
MTE1,5691,419529,419560,31
MTE1,5695,419688,419719,31
MTE1,5696,419966,419997,31
MTE1,5700,420125,420156,31
MTE1,5701,420403,420434,31
MTE1,5705,420562,420593,31
MTE1,5706,420840,420871,31
MTE1,5710,420999,421030,31
MTE1,5711,421277,421308,31
MTE1,5715,421436,421467,31
MTE1,5716,421714,421745,31
MTE1,5720,421873,421904,31
MTE1,5721,422151,422182,31
MTE1,5727,422310,422341,31
MTE1,5728,422588,422619,31
MTE1,5732,422747,422778,31
MTE1,5733,423025,423056,31
MTE1,5737,423184,423215,31
MTE1,5738,423462,423493,31
MTE1,5742,423621,423652,31
MTE1,5743,423899,423930,31
MTE1,5747,424058,424089,31
MTE1,5748,424336,424367,31
MTE1,5752,424495,424526,31
MTE1,5753,424773,424804,31
MTE1,5757,424932,424963,31
MTE1,5758,425210,425241,31
MTE1,5762,425369,425400,31
MTE1,5763,425647,425678,31
MTE1,5767,425806,425837,31
MTE1,5768,426084,426115,31
MTE1,5772,426243,426274,31
MTE1,5773,426521,426552,31
MTE1,5777,426680,426711,31
MTE1,5778,426958,426989,31
MTE1,5782,427117,427148,31
MTE1,5783,427395,427426,31
MTE1,5787,427554,427585,31
MTE1,5788,427832,427863,31
MTE1,5792,427991,428022,31
MTE1,5793,428022,428053,31
MTE1,5797,428181,428212,31
MTE1,5798,428212,428243,31
MTE1,5802,428371,428402,31
MTE1,5803,428402,428433,31
MTE1,5809,428561,428592,31
MTE1,5810,428592,428623,31
MTE1,5814,428952,428983,31
MTE1,5815,428983,429014,31
MTE1,5819,429142,429173,31
MTE1,5820,429173,429204,31
MTE1,5824,429332,429363,31
MTE1,5825,429363,429394,31
MTE1,5829,429522,429553,31
MTE1,5830,429553,429584,31
MTE1,5834,429712,429743,31
MTE1,5835,429743,429774,31
MTE1,5839,429902,429933,31
MTE1,5840,429933,429964,31
MTE1,5844,430092,430123,31
MTE1,5845,430123,430154,31
MTE1,5849,430282,430313,31
MTE1,5850,430313,430344,31
MTE1,5854,430472,430503,31
MTE1,5855,430503,430534,31
MTE1,5859,430662,430693,31
MTE1,5860,430693,430724,31
MTE1,5864,430852,430883,31
MTE1,5865,430883,430914,31
MTE1,5869,431042,431073,31
MTE1,5870,431479,431510,31
MTE1,5874,431638,431669,31
MTE1,5875,432075,432106,31
MTE1,5879,432234,432265,31
MTE1,5880,432671,432702,31
MTE1,5884,432830,432861,31
MTE1,5885,433267,433298,31
MTE1,5894,433673,433704,31
MTE1,5893,433998,434029,31
MTE1,5901,434404,434435,31
MTE1,5900,434729,434760,31
MTE1,5908,435135,435166,31
MTE1,5907,435460,435491,31
MTE1,5915,435866,435897,31
MTE1,5914,436191,436222,31
MTE1,5922,436597,436628,31
MTE1,5921,436922,436953,31
MTE1,5929,437328,437359,31
MTE1,5928,437653,437684,31
MTE1,5936,438059,438090,31
MTE1,5935,438415,438446,31
MTE1,5943,438821,438852,31
MTE1,5942,439177,439208,31
MTE1,5950,439583,439614,31
MTE1,5949,439939,439970,31
MTE1,5957,440345,440376,31
MTE1,5956,440701,440732,31
MTE1,5964,441107,441138,31
MTE1,5963,441463,441494,31
MTE1,5971,441869,441900,31
MTE1,5970,442225,442256,31
MTE1,5978,442631,442662,31
MTE1,5977,442987,443018,31
MTE1,5985,443393,443424,31
MTE1,5984,443749,443780,31
MTE1,5992,444155,444186,31
MTE1,5991,444511,444542,31
MTE1,5999,444917,444948,31
MTE1,5998,445273,445304,31
MTE1,6005,445432,445463,31
MTE1,6006,445679,445710,31
MTE1,6010,445838,445869,31
MTE1,6011,446116,446147,31
MTE1,6015,446275,446306,31
MTE1,6016,446553,446584,31
MTE1,6020,446712,446743,31
MTE1,6021,446990,447021,31
MTE1,6025,447149,447180,31
MTE1,6026,447427,447458,31
MTE1,6030,447586,447617,31
MTE1,6031,447864,447895,31
MTE1,6035,448023,448054,31
MTE1,6036,448301,448332,31
MTE1,6040,448460,448491,31
MTE1,6041,448738,448769,31
MTE1,6045,448897,448928,31
MTE1,6046,449175,449206,31
MTE1,6050,449334,449365,31
MTE1,6051,449612,449643,31
MTE1,6055,449771,449802,31
MTE1,6056,450049,450080,31
MTE1,6060,450208,450239,31
MTE1,6061,450486,450517,31
MTE1,6065,450645,450676,31
MTE1,6066,450923,450954,31
MTE1,6070,451082,451113,31
MTE1,6071,451360,451391,31
MTE1,6075,451519,451550,31
MTE1,6076,451797,451828,31
MTE1,6080,451956,451987,31
MTE1,6081,452234,452265,31
MTE1,6087,452393,452424,31
MTE1,6088,452671,452702,31
MTE1,6092,452830,452861,31
MTE1,6093,453108,453139,31
MTE1,6097,453267,453298,31
MTE1,6098,453545,453576,31
MTE1,6102,453704,453735,31
MTE1,6103,453982,454013,31
MTE1,6107,454141,454172,31
MTE1,6108,454419,454450,31
MTE1,6112,454578,454609,31
MTE1,6113,454856,454887,31
MTE1,6117,455015,455046,31
MTE1,6118,455293,455324,31
MTE1,6122,455452,455483,31
MTE1,6123,455730,455761,31
MTE1,6127,455889,455920,31
MTE1,6128,456167,456198,31
MTE1,6132,456326,456357,31
MTE1,6133,456604,456635,31
MTE1,6137,456763,456794,31
MTE1,6138,457041,457072,31
MTE1,6142,457200,457231,31
MTE1,6143,457478,457509,31
MTE1,6147,457637,457668,31
MTE1,6148,457915,457946,31
MTE1,6152,458074,458105,31
MTE1,6153,458352,458383,31
MTE1,6157,458511,458542,31
MTE1,6158,458789,458820,31
MTE1,6162,458948,458979,31
MTE1,6163,459226,459257,31
MTE1,6169,459385,459416,31
MTE1,6170,459663,459694,31
MTE1,6174,459822,459853,31
MTE1,6175,460100,460131,31
MTE1,6179,460259,460290,31
MTE1,6180,460537,460568,31
MTE1,6184,460696,460727,31
MTE1,6185,460974,461005,31
MTE1,6189,461133,461164,31
MTE1,6190,461411,461442,31
MTE1,6194,461570,461601,31
MTE1,6195,461848,461879,31
MTE1,6199,462007,462038,31
MTE1,6200,462285,462316,31
MTE1,6204,462444,462475,31
MTE1,6205,462722,462753,31
MTE1,6209,462881,462912,31
MTE1,6210,463159,463190,31
MTE1,6214,463318,463349,31
MTE1,6215,463596,463627,31
MTE1,6219,463755,463786,31
MTE1,6220,464033,464064,31
MTE1,6224,464192,464223,31
MTE1,6225,464470,464501,31
MTE1,6229,464629,464660,31
MTE1,6230,464907,464938,31
MTE1,6234,465066,465097,31
MTE1,6235,465344,465375,31
MTE1,6239,465503,465534,31
MTE1,6240,465781,465812,31
MTE1,6244,465940,465971,31
MTE1,6245,466218,466249,31
MTE1,6251,466377,466408,31
MTE1,6252,466655,466686,31
MTE1,6256,466814,466845,31
MTE1,6257,467092,467123,31
MTE1,6261,467251,467282,31
MTE1,6262,467529,467560,31
MTE1,6266,467688,467719,31
MTE1,6267,467966,467997,31
MTE1,6271,468125,468156,31
MTE1,6272,468403,468434,31
MTE1,6276,468562,468593,31
MTE1,6277,468840,468871,31
MTE1,6281,468999,469030,31
MTE1,6282,469277,469308,31
MTE1,6286,469436,469467,31
MTE1,6287,469714,469745,31
MTE1,6291,469873,469904,31
MTE1,6292,470151,470182,31
MTE1,6296,470310,470341,31
MTE1,6297,470588,470619,31
MTE1,6301,470747,470778,31
MTE1,6302,471025,471056,31
MTE1,6306,471184,471215,31
MTE1,6307,471462,471493,31
MTE1,6311,471621,471652,31
MTE1,6312,471899,471930,31
MTE1,6316,472058,472089,31
MTE1,6317,472336,472367,31
MTE1,6321,472495,472526,31
MTE1,6322,472773,472804,31
MTE1,6326,472932,472963,31
MTE1,6327,473210,473241,31
MTE1,6333,473369,473400,31
MTE1,6334,473647,473678,31
MTE1,6338,473806,473837,31
MTE1,6339,474084,474115,31
MTE1,6343,474243,474274,31
MTE1,6344,474521,474552,31
MTE1,6348,474680,474711,31
MTE1,6349,474958,474989,31
MTE1,6353,475117,475148,31
MTE1,6354,475395,475426,31
MTE1,6358,475554,475585,31
MTE1,6359,475832,475863,31
MTE1,6363,475991,476022,31
MTE1,6364,476269,476300,31
MTE1,6368,476428,476459,31
MTE1,6369,476706,476737,31
MTE1,6373,476865,476896,31
MTE1,6374,477143,477174,31
MTE1,6378,477302,477333,31
MTE1,6379,477580,477611,31
MTE1,6383,477739,477770,31
MTE1,6384,478017,478048,31
MTE1,6388,478176,478207,31
MTE1,6389,478454,478485,31
MTE1,6393,478613,478644,31
MTE1,6394,478891,478922,31
MTE1,6398,479050,479081,31
MTE1,6399,479328,479359,31
MTE1,6403,479487,479518,31
MTE1,6404,479765,479796,31
MTE1,6408,479924,479955,31
MTE1,6409,480202,480233,31
MTE1,6415,480361,480392,31
MTE1,6416,480639,480670,31
MTE1,6420,480798,480829,31
MTE1,6421,481076,481107,31
MTE1,6425,481235,481266,31
MTE1,6426,481513,481544,31
MTE1,6430,481672,481703,31
MTE1,6431,481950,481981,31
MTE1,6435,482109,482140,31
MTE1,6436,482387,482418,31
MTE1,6440,482546,482577,31
MTE1,6441,482824,482855,31
MTE1,6445,482983,483014,31
MTE1,6446,483261,483292,31
MTE1,6450,483420,483451,31
MTE1,6451,483698,483729,31
MTE1,6455,483857,483888,31
MTE1,6456,484135,484166,31
MTE1,6460,484294,484325,31
MTE1,6461,484572,484603,31
MTE1,6465,484731,484762,31
MTE1,6466,485009,485040,31
MTE1,6470,485168,485199,31
MTE1,6471,485446,485477,31
MTE1,6475,485605,485636,31
MTE1,6476,485883,485914,31
MTE1,6480,486042,486073,31
MTE1,6481,486320,486351,31
MTE1,6485,486479,486510,31
MTE1,6486,486757,486788,31
MTE1,6490,486916,486947,31
MTE1,6491,487194,487225,31
MTE1,6497,487353,487384,31
MTE1,6498,487631,487662,31
MTE1,6502,487790,487821,31
MTE1,6503,488068,488099,31
MTE1,6507,488227,488258,31
MTE1,6508,488505,488536,31
MTE1,6512,488664,488695,31
MTE1,6513,488942,488973,31
MTE1,6517,489101,489132,31
MTE1,6518,489379,489410,31
MTE1,6522,489538,489569,31
MTE1,6523,489816,489847,31
MTE1,6527,489975,490006,31
MTE1,6528,490253,490284,31
MTE1,6532,490412,490443,31
MTE1,6533,490690,490721,31
MTE1,6537,490849,490880,31
MTE1,6538,491127,491158,31
MTE1,6542,491286,491317,31
MTE1,6543,491564,491595,31
MTE1,6547,491723,491754,31
MTE1,6548,492001,492032,31
MTE1,6552,492160,492191,31
MTE1,6553,492438,492469,31
MTE1,6557,492597,492628,31
MTE1,6558,492875,492906,31
MTE1,6562,493034,493065,31
MTE1,6563,493312,493343,31
MTE1,6567,493471,493502,31
MTE1,6568,493749,493780,31
MTE1,6572,493908,493939,31
MTE1,6573,494186,494217,31
MTE1,6579,494345,494376,31
MTE1,6580,494623,494654,31
MTE1,6584,494782,494813,31
MTE1,6585,495060,495091,31
MTE1,6589,495219,495250,31
MTE1,6590,495497,495528,31
MTE1,6594,495656,495687,31
MTE1,6595,495934,495965,31
MTE1,6599,496093,496124,31
MTE1,6600,496371,496402,31
MTE1,6604,496530,496561,31
MTE1,6605,496808,496839,31
MTE1,6609,496967,496998,31
MTE1,6610,497245,497276,31
MTE1,6614,497404,497435,31
MTE1,6615,497682,497713,31
MTE1,6619,497841,497872,31
MTE1,6620,498119,498150,31
MTE1,6624,498278,498309,31
MTE1,6625,498556,498587,31
MTE1,6629,498715,498746,31
MTE1,6630,498993,499024,31
MTE1,6634,499152,499183,31
MTE1,6635,499430,499461,31
MTE1,6639,499589,499620,31
MTE1,6640,499867,499898,31
MTE1,6644,500026,500057,31
MTE1,6645,500304,500335,31
MTE1,6649,500463,500494,31
MTE1,6650,500741,500772,31
MTE1,6654,500900,500931,31
MTE1,6655,501178,501209,31
MTE1,6661,501337,501368,31
MTE1,6662,501615,501646,31
MTE1,6666,501774,501805,31
MTE1,6667,502052,502083,31
MTE1,6671,502211,502242,31
MTE1,6672,502489,502520,31
MTE1,6676,502648,502679,31
MTE1,6677,502926,502957,31
MTE1,6681,503085,503116,31
MTE1,6682,503363,503394,31
MTE1,6686,503522,503553,31
MTE1,6687,503800,503831,31
MTE1,6691,503959,503990,31
MTE1,6692,504237,504268,31
MTE1,6696,504396,504427,31
MTE1,6697,504674,504705,31
MTE1,6701,504833,504864,31
MTE1,6702,505111,505142,31
MTE1,6706,505270,505301,31
MTE1,6707,505548,505579,31
MTE1,6711,505707,505738,31
MTE1,6712,505985,506016,31
MTE1,6716,506144,506175,31
MTE1,6717,506422,506453,31
MTE1,6721,506581,506612,31
MTE1,6722,506859,506890,31
MTE1,6726,507018,507049,31
MTE1,6727,507296,507327,31
MTE1,6731,507455,507486,31
MTE1,6732,507733,507764,31
MTE1,6736,507892,507923,31
MTE1,6737,508170,508201,31
MTE1,6743,508329,508360,31
MTE1,6744,508607,508638,31
MTE1,6748,508766,508797,31
MTE1,6749,509044,509075,31
MTE1,6753,509203,509234,31
MTE1,6754,509481,509512,31
MTE1,6758,509640,509671,31
MTE1,6759,509918,509949,31
MTE1,6763,510077,510108,31
MTE1,6764,510355,510386,31
MTE1,6768,510514,510545,31
MTE1,6769,510792,510823,31
MTE1,6773,510951,510982,31
MTE1,6774,511229,511260,31
MTE1,6778,511388,511419,31
MTE1,6779,511666,511697,31
MTE1,6783,511825,511856,31
MTE1,6784,512103,512134,31
MTE1,6788,512262,512293,31
MTE1,6789,512540,512571,31
MTE1,6793,512699,512730,31
MTE1,6794,512977,513008,31
MTE1,6798,513136,513167,31
MTE1,6799,513414,513445,31
MTE1,6803,513573,513604,31
MTE1,6804,513851,513882,31
MTE1,6808,514010,514041,31
MTE1,6809,514288,514319,31
MTE1,6813,514447,514478,31
MTE1,6814,514725,514756,31
MTE1,6818,514884,514915,31
MTE1,6819,515162,515193,31
MTE1,6825,515321,515352,31
MTE1,6826,515599,515630,31
MTE1,6830,515758,515789,31
MTE1,6831,516036,516067,31
MTE1,6835,516195,516226,31
MTE1,6836,516473,516504,31
MTE1,6840,516632,516663,31
MTE1,6841,516910,516941,31
MTE1,6845,517069,517100,31
MTE1,6846,517347,517378,31
MTE1,6850,517506,517537,31
MTE1,6851,517784,517815,31
MTE1,6855,517943,517974,31
MTE1,6856,518221,518252,31
MTE1,6860,518380,518411,31
MTE1,6861,518658,518689,31
MTE1,6865,518817,518848,31
MTE1,6866,519095,519126,31
MTE1,6870,519254,519285,31
MTE1,6871,519532,519563,31
MTE1,6875,519691,519722,31
MTE1,6876,519969,520000,31
MTE1,6880,520128,520159,31
MTE1,6881,520406,520437,31
MTE1,6885,520565,520596,31
MTE1,6886,520843,520874,31
MTE1,6890,521002,521033,31
MTE1,6891,521280,521311,31
MTE1,6895,521439,521470,31
MTE1,6896,521717,521748,31
MTE1,6900,521876,521907,31
MTE1,6901,522154,522185,31
MTE1,6907,522313,522344,31
MTE1,6908,522591,522622,31
MTE1,6912,522750,522781,31
MTE1,6913,523028,523059,31
MTE1,6917,523187,523218,31
MTE1,6918,523465,523496,31
MTE1,6922,523624,523655,31
MTE1,6923,523902,523933,31
MTE1,6927,524061,524092,31
MTE1,6928,524339,524370,31
MTE1,6932,524498,524529,31
MTE1,6933,524776,524807,31
MTE1,6937,524935,524966,31
MTE1,6938,525213,525244,31
MTE1,6942,525372,525403,31
MTE1,6943,525650,525681,31
MTE1,6947,525809,525840,31
MTE1,6948,526087,526118,31
MTE1,6952,526246,526277,31
MTE1,6953,526524,526555,31
MTE1,6957,526683,526714,31
MTE1,6958,526961,526992,31
MTE1,6962,527120,527151,31
MTE1,6963,527398,527429,31
MTE1,6967,527557,527588,31
MTE1,6968,527835,527866,31
MTE1,6972,527994,528025,31
MTE1,6973,528272,528303,31
MTE1,6977,528431,528462,31
MTE1,6978,528709,528740,31
MTE1,6982,528868,528899,31
MTE1,6983,529146,529177,31
MTE1,6989,529305,529336,31
MTE1,6990,529583,529614,31
MTE1,6994,529742,529773,31
MTE1,6995,530020,530051,31
MTE1,6999,530179,530210,31
MTE1,7000,530457,530488,31
MTE1,7004,530616,530647,31
MTE1,7005,530894,530925,31
MTE1,7009,531053,531084,31
MTE1,7010,531331,531362,31
MTE1,7014,531490,531521,31
MTE1,7015,531768,531799,31
MTE1,7019,531927,531958,31
MTE1,7020,532205,532236,31
MTE1,7024,532364,532395,31
MTE1,7025,532642,532673,31
MTE1,7029,532801,532832,31
MTE1,7030,533079,533110,31
MTE1,7034,533238,533269,31
MTE1,7035,533516,533547,31
MTE1,7039,533675,533706,31
MTE1,7040,533953,533984,31
MTE1,7044,534112,534143,31
MTE1,7045,534390,534421,31
MTE1,7049,534549,534580,31
MTE1,7050,534827,534858,31
MTE1,7054,534986,535017,31
MTE1,7055,535264,535295,31
MTE1,7059,535423,535454,31
MTE1,7060,535701,535732,31
MTE1,7064,535860,535891,31
MTE1,7065,536138,536169,31
MTE1,7071,536297,536328,31
MTE1,7072,536575,536606,31
MTE1,7076,536734,536765,31
MTE1,7077,537012,537043,31
MTE1,7081,537171,537202,31
MTE1,7082,537449,537480,31
MTE1,7086,537608,537639,31
MTE1,7087,537886,537917,31
MTE1,7091,538045,538076,31
MTE1,7092,538323,538354,31
MTE1,7096,538482,538513,31
MTE1,7097,538760,538791,31
MTE1,7101,538919,538950,31
MTE1,7102,539197,539228,31
MTE1,7106,539356,539387,31
MTE1,7107,539634,539665,31
MTE1,7111,539793,539824,31
MTE1,7112,540071,540102,31
MTE1,7116,540230,540261,31
MTE1,7117,540508,540539,31
MTE1,7121,540667,540698,31
MTE1,7122,540945,540976,31
MTE1,7126,541104,541135,31
MTE1,7127,541382,541413,31
MTE1,7131,541541,541572,31
MTE1,7132,541572,541603,31
MTE1,7136,541731,541762,31
MTE1,7137,541762,541793,31
MTE1,7141,541921,541952,31
MTE1,7142,541952,541983,31
MTE1,7146,542111,542142,31
MTE1,7147,542142,542173,31
MTE1,7153,542301,542332,31
MTE1,7154,542332,542363,31
MTE1,7158,542692,542723,31
MTE1,7159,542723,542754,31
MTE1,7163,542882,542913,31
MTE1,7164,542913,542944,31
MTE1,7168,543072,543103,31
MTE1,7169,543103,543134,31
MTE1,7173,543262,543293,31
MTE1,7174,543293,543324,31
MTE1,7178,543452,543483,31
MTE1,7179,543483,543514,31
MTE1,7183,543642,543673,31
MTE1,7184,543673,543704,31
MTE1,7188,543832,543863,31
MTE1,7189,543863,543894,31
MTE1,7193,544022,544053,31
MTE1,7194,544053,544084,31
MTE1,7198,544212,544243,31
MTE1,7199,544243,544274,31
MTE1,7203,544402,544433,31
MTE1,7204,544433,544464,31
MTE1,7208,544592,544623,31
MTE1,7209,545029,545060,31
MTE1,7213,545188,545219,31
MTE1,7214,545625,545656,31
MTE1,7218,545784,545815,31
MTE1,7219,546221,546252,31
MTE1,7223,546380,546411,31
MTE1,7224,546817,546848,31
MTE1,7228,546976,547007,31
MTE1,7229,547413,547444,31
MTE1,7238,547819,547850,31
MTE1,7237,548144,548175,31
MTE1,7245,548550,548581,31
MTE1,7244,548875,548906,31
MTE1,7252,549281,549312,31
MTE1,7251,549606,549637,31
MTE1,7259,550012,550043,31
MTE1,7258,550337,550368,31
MTE1,7266,550743,550774,31
MTE1,7265,551068,551099,31
MTE1,7273,551474,551505,31
MTE1,7272,551830,551861,31
MTE1,7280,552236,552267,31
MTE1,7279,552592,552623,31
MTE1,7287,552998,553029,31
MTE1,7286,553354,553385,31
MTE1,7294,553760,553791,31
MTE1,7293,554116,554147,31
MTE1,7301,554522,554553,31
MTE1,7300,554878,554909,31
MTE1,7308,555284,555315,31
MTE1,7307,555640,555671,31
MTE1,7315,556046,556077,31
MTE1,7314,556402,556433,31
MTE1,7322,556808,556839,31
MTE1,7321,557164,557195,31
MTE1,7329,557570,557601,31
MTE1,7328,557926,557957,31
MTE1,7336,558332,558363,31
MTE1,7335,558688,558719,31
MTE1,7343,559094,559125,31
MTE1,7342,559450,559481,31
MTE1,7349,559609,559640,31
MTE1,7350,559856,559887,31
MTE1,7354,560015,560046,31
MTE1,7355,560293,560324,31
MTE1,7359,560452,560483,31
MTE1,7360,560730,560761,31
MTE1,7364,560889,560920,31
MTE1,7365,561167,561198,31
MTE1,7369,561326,561357,31
MTE1,7370,561604,561635,31
MTE1,7374,561763,561794,31
MTE1,7375,562041,562072,31
MTE1,7379,562200,562231,31
MTE1,7380,562478,562509,31
MTE1,7384,562637,562668,31
MTE1,7385,562915,562946,31
MTE1,7389,563074,563105,31
MTE1,7390,563352,563383,31
MTE1,7394,563511,563542,31
MTE1,7395,563789,563820,31
MTE1,7399,563948,563979,31
MTE1,7400,564226,564257,31
MTE1,7404,564385,564416,31
MTE1,7405,564663,564694,31
MTE1,7409,564822,564853,31
MTE1,7410,565100,565131,31
MTE1,7414,565259,565290,31
MTE1,7415,565537,565568,31
MTE1,7419,565696,565727,31
MTE1,7420,565974,566005,31
MTE1,7424,566133,566164,31
MTE1,7425,566411,566442,31
MTE1,7431,566570,566601,31
MTE1,7432,566848,566879,31
MTE1,7436,567007,567038,31
MTE1,7437,567285,567316,31
MTE1,7441,567444,567475,31
MTE1,7442,567722,567753,31
MTE1,7446,567881,567912,31
MTE1,7447,568159,568190,31
MTE1,7451,568318,568349,31
MTE1,7452,568596,568627,31
MTE1,7456,568755,568786,31
MTE1,7457,569033,569064,31
MTE1,7461,569192,569223,31
MTE1,7462,569470,569501,31
MTE1,7466,569629,569660,31
MTE1,7467,569907,569938,31
MTE1,7471,570066,570097,31
MTE1,7472,570344,570375,31
MTE1,7476,570503,570534,31
MTE1,7477,570781,570812,31
MTE1,7481,570940,570971,31
MTE1,7482,571218,571249,31
MTE1,7486,571377,571408,31
MTE1,7487,571655,571686,31
MTE1,7491,571814,571845,31
MTE1,7492,572092,572123,31
MTE1,7496,572251,572282,31
MTE1,7497,572529,572560,31
MTE1,7501,572688,572719,31
MTE1,7502,572966,572997,31
MTE1,7506,573125,573156,31
MTE1,7507,573403,573434,31
MTE1,7513,573562,573593,31
MTE1,7514,573840,573871,31
MTE1,7518,573999,574030,31
MTE1,7519,574277,574308,31
MTE1,7523,574436,574467,31
MTE1,7524,574714,574745,31
MTE1,7528,574873,574904,31
MTE1,7529,575151,575182,31
MTE1,7533,575310,575341,31
MTE1,7534,575588,575619,31
MTE1,7538,575747,575778,31
MTE1,7539,576025,576056,31
MTE1,7543,576184,576215,31
MTE1,7544,576462,576493,31
MTE1,7548,576621,576652,31
MTE1,7549,576899,576930,31
MTE1,7553,577058,577089,31
MTE1,7554,577336,577367,31
MTE1,7558,577495,577526,31
MTE1,7559,577773,577804,31
MTE1,7563,577932,577963,31
MTE1,7564,578210,578241,31
MTE1,7568,578369,578400,31
MTE1,7569,578647,578678,31
MTE1,7573,578806,578837,31
MTE1,7574,579084,579115,31
MTE1,7578,579243,579274,31
MTE1,7579,579521,579552,31
MTE1,7583,579680,579711,31
MTE1,7584,579958,579989,31
MTE1,7588,580117,580148,31
MTE1,7589,580395,580426,31
MTE1,7595,580554,580585,31
MTE1,7596,580832,580863,31
MTE1,7600,580991,581022,31
MTE1,7601,581269,581300,31
MTE1,7605,581428,581459,31
MTE1,7606,581706,581737,31
MTE1,7610,581865,581896,31
MTE1,7611,582143,582174,31
MTE1,7615,582302,582333,31
MTE1,7616,582580,582611,31
MTE1,7620,582739,582770,31
MTE1,7621,583017,583048,31
MTE1,7625,583176,583207,31
MTE1,7626,583454,583485,31
MTE1,7630,583613,583644,31
MTE1,7631,583891,583922,31
MTE1,7635,584050,584081,31
MTE1,7636,584328,584359,31
MTE1,7640,584487,584518,31
MTE1,7641,584765,584796,31
MTE1,7645,584924,584955,31
MTE1,7646,585202,585233,31
MTE1,7650,585361,585392,31
MTE1,7651,585639,585670,31
MTE1,7655,585798,585829,31
MTE1,7656,586076,586107,31
MTE1,7660,586235,586266,31
MTE1,7661,586513,586544,31
MTE1,7665,586672,586703,31
MTE1,7666,586950,586981,31
MTE1,7670,587109,587140,31
MTE1,7671,587387,587418,31
MTE1,7677,587546,587577,31
MTE1,7678,587824,587855,31
MTE1,7682,587983,588014,31
MTE1,7683,588261,588292,31
MTE1,7687,588420,588451,31
MTE1,7688,588698,588729,31
MTE1,7692,588857,588888,31
MTE1,7693,589135,589166,31
MTE1,7697,589294,589325,31
MTE1,7698,589572,589603,31
MTE1,7702,589731,589762,31
MTE1,7703,590009,590040,31
MTE1,7707,590168,590199,31
MTE1,7708,590446,590477,31
MTE1,7712,590605,590636,31
MTE1,7713,590883,590914,31
MTE1,7717,591042,591073,31
MTE1,7718,591320,591351,31
MTE1,7722,591479,591510,31
MTE1,7723,591757,591788,31
MTE1,7727,591916,591947,31
MTE1,7728,592194,592225,31
MTE1,7732,592353,592384,31
MTE1,7733,592631,592662,31
MTE1,7737,592790,592821,31
MTE1,7738,593068,593099,31
MTE1,7742,593227,593258,31
MTE1,7743,593505,593536,31
MTE1,7747,593664,593695,31
MTE1,7748,593942,593973,31
MTE1,7752,594101,594132,31
MTE1,7753,594379,594410,31
MTE1,7759,594538,594569,31
MTE1,7760,594816,594847,31
MTE1,7764,594975,595006,31
MTE1,7765,595253,595284,31
MTE1,7769,595412,595443,31
MTE1,7770,595690,595721,31
MTE1,7774,595849,595880,31
MTE1,7775,596127,596158,31
MTE1,7779,596286,596317,31
MTE1,7780,596564,596595,31
MTE1,7784,596723,596754,31
MTE1,7785,597001,597032,31
MTE1,7789,597160,597191,31
MTE1,7790,597438,597469,31
MTE1,7794,597597,597628,31
MTE1,7795,597875,597906,31
MTE1,7799,598034,598065,31
MTE1,7800,598312,598343,31
MTE1,7804,598471,598502,31
MTE1,7805,598749,598780,31
MTE1,7809,598908,598939,31
MTE1,7810,599186,599217,31
MTE1,7814,599345,599376,31
MTE1,7815,599623,599654,31
MTE1,7819,599782,599813,31
MTE1,7820,600060,600091,31
MTE1,7824,600219,600250,31
MTE1,7825,600497,600528,31
MTE1,7829,600656,600687,31
MTE1,7830,600934,600965,31
MTE1,7834,601093,601124,31
MTE1,7835,601371,601402,31
MTE1,7841,601530,601561,31
MTE1,7842,601808,601839,31
MTE1,7846,601967,601998,31
MTE1,7847,602245,602276,31
MTE1,7851,602404,602435,31
MTE1,7852,602682,602713,31
MTE1,7856,602841,602872,31
MTE1,7857,603119,603150,31
MTE1,7861,603278,603309,31
MTE1,7862,603556,603587,31
MTE1,7866,603715,603746,31
MTE1,7867,603993,604024,31
MTE1,7871,604152,604183,31
MTE1,7872,604430,604461,31
MTE1,7876,604589,604620,31
MTE1,7877,604867,604898,31
MTE1,7881,605026,605057,31
MTE1,7882,605304,605335,31
MTE1,7886,605463,605494,31
MTE1,7887,605741,605772,31
MTE1,7891,605900,605931,31
MTE1,7892,606178,606209,31
MTE1,7896,606337,606368,31
MTE1,7897,606615,606646,31
MTE1,7901,606774,606805,31
MTE1,7902,607052,607083,31
MTE1,7906,607211,607242,31
MTE1,7907,607489,607520,31
MTE1,7911,607648,607679,31
MTE1,7912,607926,607957,31
MTE1,7916,608085,608116,31
MTE1,7917,608363,608394,31
MTE1,7923,608522,608553,31
MTE1,7924,608800,608831,31
MTE1,7928,608959,608990,31
MTE1,7929,609237,609268,31
MTE1,7933,609396,609427,31
MTE1,7934,609674,609705,31
MTE1,7938,609833,609864,31
MTE1,7939,610111,610142,31
MTE1,7943,610270,610301,31
MTE1,7944,610548,610579,31
MTE1,7948,610707,610738,31
MTE1,7949,610985,611016,31
MTE1,7953,611144,611175,31
MTE1,7954,611422,611453,31
MTE1,7958,611581,611612,31
MTE1,7959,611859,611890,31
MTE1,7963,612018,612049,31
MTE1,7964,612296,612327,31
MTE1,7968,612455,612486,31
MTE1,7969,612733,612764,31
MTE1,7973,612892,612923,31
MTE1,7974,613170,613201,31
MTE1,7978,613329,613360,31
MTE1,7979,613607,613638,31
MTE1,7983,613766,613797,31
MTE1,7984,614044,614075,31
MTE1,7988,614203,614234,31
MTE1,7989,614481,614512,31
MTE1,7993,614640,614671,31
MTE1,7994,614918,614949,31
MTE1,7998,615077,615108,31
MTE1,7999,615355,615386,31
MTE1,8005,615514,615545,31
MTE1,8006,615792,615823,31
MTE1,8010,615951,615982,31
MTE1,8011,616229,616260,31
MTE1,8015,616388,616419,31
MTE1,8016,616666,616697,31
MTE1,8020,616825,616856,31
MTE1,8021,617103,617134,31
MTE1,8025,617262,617293,31
MTE1,8026,617540,617571,31
MTE1,8030,617699,617730,31
MTE1,8031,617977,618008,31
MTE1,8035,618136,618167,31
MTE1,8036,618414,618445,31
MTE1,8040,618573,618604,31
MTE1,8041,618851,618882,31
MTE1,8045,619010,619041,31
MTE1,8046,619288,619319,31
MTE1,8050,619447,619478,31
MTE1,8051,619725,619756,31
MTE1,8055,619884,619915,31
MTE1,8056,620162,620193,31
MTE1,8060,620321,620352,31
MTE1,8061,620599,620630,31
MTE1,8065,620758,620789,31
MTE1,8066,621036,621067,31
MTE1,8070,621195,621226,31
MTE1,8071,621473,621504,31
MTE1,8075,621632,621663,31
MTE1,8076,621910,621941,31
MTE1,8080,622069,622100,31
MTE1,8081,622347,622378,31
MTE1,8087,622506,622537,31
MTE1,8088,622784,622815,31
MTE1,8092,622943,622974,31
MTE1,8093,623221,623252,31
MTE1,8097,623380,623411,31
MTE1,8098,623658,623689,31
MTE1,8102,623817,623848,31
MTE1,8103,624095,624126,31
MTE1,8107,624254,624285,31
MTE1,8108,624532,624563,31
MTE1,8112,624691,624722,31
MTE1,8113,624969,625000,31
MTE1,8117,625128,625159,31
MTE1,8118,625406,625437,31
MTE1,8122,625565,625596,31
MTE1,8123,625843,625874,31
MTE1,8127,626002,626033,31
MTE1,8128,626280,626311,31
MTE1,8132,626439,626470,31
MTE1,8133,626717,626748,31
MTE1,8137,626876,626907,31
MTE1,8138,627154,627185,31
MTE1,8142,627313,627344,31
MTE1,8143,627591,627622,31
MTE1,8147,627750,627781,31
MTE1,8148,628028,628059,31
MTE1,8152,628187,628218,31
MTE1,8153,628465,628496,31
MTE1,8157,628624,628655,31
MTE1,8158,628902,628933,31
MTE1,8162,629061,629092,31
MTE1,8163,629339,629370,31
MTE1,8169,629498,629529,31
MTE1,8170,629776,629807,31
MTE1,8174,629935,629966,31
MTE1,8175,630213,630244,31
MTE1,8179,630372,630403,31
MTE1,8180,630650,630681,31
MTE1,8184,630809,630840,31
MTE1,8185,631087,631118,31
MTE1,8189,631246,631277,31
MTE1,8190,631524,631555,31
MTE1,8194,631683,631714,31
MTE1,8195,631961,631992,31
MTE1,8199,632120,632151,31
MTE1,8200,632398,632429,31
MTE1,8204,632557,632588,31
MTE1,8205,632835,632866,31
MTE1,8209,632994,633025,31
MTE1,8210,633272,633303,31
MTE1,8214,633431,633462,31
MTE1,8215,633709,633740,31
MTE1,8219,633868,633899,31
MTE1,8220,634146,634177,31
MTE1,8224,634305,634336,31
MTE1,8225,634583,634614,31
MTE1,8229,634742,634773,31
MTE1,8230,635020,635051,31
MTE1,8234,635179,635210,31
MTE1,8235,635457,635488,31
MTE1,8239,635616,635647,31
MTE1,8240,635894,635925,31
MTE1,8244,636053,636084,31
MTE1,8245,636331,636362,31
MTE1,8251,636490,636521,31
MTE1,8252,636768,636799,31
MTE1,8256,636927,636958,31
MTE1,8257,637205,637236,31
MTE1,8261,637364,637395,31
MTE1,8262,637642,637673,31
MTE1,8266,637801,637832,31
MTE1,8267,638079,638110,31
MTE1,8271,638238,638269,31
MTE1,8272,638516,638547,31
MTE1,8276,638675,638706,31
MTE1,8277,638953,638984,31
MTE1,8281,639112,639143,31
MTE1,8282,639390,639421,31
MTE1,8286,639549,639580,31
MTE1,8287,639827,639858,31
MTE1,8291,639986,640017,31
MTE1,8292,640264,640295,31
MTE1,8296,640423,640454,31
MTE1,8297,640701,640732,31
MTE1,8301,640860,640891,31
MTE1,8302,641138,641169,31
MTE1,8306,641297,641328,31
MTE1,8307,641575,641606,31
MTE1,8311,641734,641765,31
MTE1,8312,642012,642043,31
MTE1,8316,642171,642202,31
MTE1,8317,642449,642480,31
MTE1,8321,642608,642639,31
MTE1,8322,642886,642917,31
MTE1,8326,643045,643076,31
MTE1,8327,643323,643354,31
MTE1,8333,643482,643513,31
MTE1,8334,643760,643791,31
MTE1,8338,643919,643950,31
MTE1,8339,644197,644228,31
MTE1,8343,644356,644387,31
MTE1,8344,644634,644665,31
MTE1,8348,644793,644824,31
MTE1,8349,645071,645102,31
MTE1,8353,645230,645261,31
MTE1,8354,645508,645539,31
MTE1,8358,645667,645698,31
MTE1,8359,645945,645976,31
MTE1,8363,646104,646135,31
MTE1,8364,646382,646413,31
MTE1,8368,646541,646572,31
MTE1,8369,646819,646850,31
MTE1,8373,646978,647009,31
MTE1,8374,647256,647287,31
MTE1,8378,647415,647446,31
MTE1,8379,647693,647724,31
MTE1,8383,647852,647883,31
MTE1,8384,648130,648161,31
MTE1,8388,648289,648320,31
MTE1,8389,648567,648598,31
MTE1,8393,648726,648757,31
MTE1,8394,649004,649035,31
MTE1,8398,649163,649194,31
MTE1,8399,649441,649472,31
MTE1,8403,649600,649631,31
MTE1,8404,649878,649909,31
MTE1,8408,650037,650068,31
MTE1,8409,650315,650346,31
MTE1,8415,650474,650505,31
MTE1,8416,650752,650783,31
MTE1,8420,650911,650942,31
MTE1,8421,651189,651220,31
MTE1,8425,651348,651379,31
MTE1,8426,651626,651657,31
MTE1,8430,651785,651816,31
MTE1,8431,652063,652094,31
MTE1,8435,652222,652253,31
MTE1,8436,652500,652531,31
MTE1,8440,652659,652690,31
MTE1,8441,652937,652968,31
MTE1,8445,653096,653127,31
MTE1,8446,653374,653405,31
MTE1,8450,653533,653564,31
MTE1,8451,653811,653842,31
MTE1,8455,653970,654001,31
MTE1,8456,654248,654279,31
MTE1,8460,654407,654438,31
MTE1,8461,654685,654716,31
MTE1,8465,654844,654875,31
MTE1,8466,655122,655153,31
MTE1,8470,655281,655312,31
MTE1,8471,655312,655343,31
MTE1,8475,655471,655502,31
MTE1,8476,655502,655533,31
MTE1,8480,655661,655692,31
MTE1,8481,655692,655723,31
MTE1,8485,655851,655882,31
MTE1,8486,655882,655913,31
MTE1,8490,656041,656072,31
MTE1,8491,656072,656103,31
MTE1,8497,656231,656262,31
MTE1,8498,656262,656293,31
MTE1,8502,656622,656653,31
MTE1,8503,656653,656684,31
MTE1,8507,656812,656843,31
MTE1,8508,656843,656874,31
MTE1,8512,657002,657033,31
MTE1,8513,657033,657064,31
MTE1,8517,657192,657223,31
MTE1,8518,657223,657254,31
MTE1,8522,657382,657413,31
MTE1,8523,657413,657444,31
MTE1,8527,657572,657603,31
MTE1,8528,657603,657634,31
MTE1,8532,657762,657793,31
MTE1,8533,657793,657824,31
MTE1,8537,657952,657983,31
MTE1,8538,657983,658014,31
MTE1,8542,658142,658173,31
MTE1,8543,658173,658204,31
MTE1,8547,658332,658363,31
MTE1,8548,658769,658800,31
MTE1,8552,658928,658959,31
MTE1,8553,659365,659396,31
MTE1,8557,659524,659555,31
MTE1,8558,659961,659992,31
MTE1,8562,660120,660151,31
MTE1,8563,660557,660588,31
MTE1,8567,660716,660747,31
MTE1,8568,661153,661184,31
MTE1,8572,661312,661343,31
MTE1,8573,661749,661780,31
MTE1,8582,662155,662186,31
MTE1,8581,662480,662511,31
MTE1,8589,662886,662917,31
MTE1,8588,663211,663242,31
MTE1,8596,663617,663648,31
MTE1,8595,663942,663973,31
MTE1,8603,664348,664379,31
MTE1,8602,664673,664704,31
MTE1,8610,665079,665110,31
MTE1,8609,665404,665435,31
MTE1,8617,665810,665841,31
MTE1,8616,666166,666197,31
MTE1,8624,666572,666603,31
MTE1,8623,666928,666959,31
MTE1,8631,667334,667365,31
MTE1,8630,667690,667721,31
MTE1,8638,668096,668127,31
MTE1,8637,668452,668483,31
MTE1,8645,668858,668889,31
MTE1,8644,669214,669245,31
MTE1,8652,669620,669651,31
MTE1,8651,669976,670007,31
MTE1,8659,670382,670413,31
MTE1,8658,670738,670769,31
MTE1,8666,671144,671175,31
MTE1,8665,671500,671531,31
MTE1,8673,671906,671937,31
MTE1,8672,672262,672293,31
MTE1,8680,672668,672699,31
MTE1,8679,673024,673055,31
MTE1,8687,673430,673461,31
MTE1,8686,673786,673817,31
MTE1,8693,673945,673976,31
MTE1,8694,674192,674223,31
MTE1,8698,674351,674382,31
MTE1,8699,674629,674660,31
MTE1,8703,674788,674819,31
MTE1,8704,675066,675097,31
MTE1,8708,675225,675256,31
MTE1,8709,675503,675534,31
MTE1,8713,675662,675693,31
MTE1,8714,675940,675971,31
MTE1,8718,676099,676130,31
MTE1,8719,676377,676408,31
MTE1,8723,676536,676567,31
MTE1,8724,676814,676845,31
MTE1,8728,676973,677004,31
MTE1,8729,677251,677282,31
MTE1,8733,677410,677441,31
MTE1,8734,677688,677719,31
MTE1,8738,677847,677878,31
MTE1,8739,678125,678156,31
MTE1,8743,678284,678315,31
MTE1,8744,678562,678593,31
MTE1,8748,678721,678752,31
MTE1,8749,678999,679030,31
MTE1,8753,679158,679189,31
MTE1,8754,679436,679467,31
MTE1,8758,679595,679626,31
MTE1,8759,679873,679904,31
MTE1,8763,680032,680063,31
MTE1,8764,680310,680341,31
MTE1,8768,680469,680500,31
MTE1,8769,680747,680778,31
MTE1,8775,680906,680937,31
MTE1,8776,681184,681215,31
MTE1,8780,681343,681374,31
MTE1,8781,681621,681652,31
MTE1,8785,681780,681811,31
MTE1,8786,682058,682089,31
MTE1,8790,682217,682248,31
MTE1,8791,682495,682526,31
MTE1,8795,682654,682685,31
MTE1,8796,682932,682963,31
MTE1,8800,683091,683122,31
MTE1,8801,683369,683400,31
MTE1,8805,683528,683559,31
MTE1,8806,683806,683837,31
MTE1,8810,683965,683996,31
MTE1,8811,684243,684274,31
MTE1,8815,684402,684433,31
MTE1,8816,684680,684711,31
MTE1,8820,684839,684870,31
MTE1,8821,685117,685148,31
MTE1,8825,685276,685307,31
MTE1,8826,685554,685585,31
MTE1,8830,685713,685744,31
MTE1,8831,685991,686022,31
MTE1,8835,686150,686181,31
MTE1,8836,686428,686459,31
MTE1,8840,686587,686618,31
MTE1,8841,686865,686896,31
MTE1,8845,687024,687055,31
MTE1,8846,687302,687333,31
MTE1,8850,687461,687492,31
MTE1,8851,687739,687770,31
MTE1,8857,687898,687929,31
MTE1,8858,688176,688207,31
MTE1,8862,688335,688366,31
MTE1,8863,688613,688644,31
MTE1,8867,688772,688803,31
MTE1,8868,689050,689081,31
MTE1,8872,689209,689240,31
MTE1,8873,689487,689518,31
MTE1,8877,689646,689677,31
MTE1,8878,689924,689955,31
MTE1,8882,690083,690114,31
MTE1,8883,690361,690392,31
MTE1,8887,690520,690551,31
MTE1,8888,690798,690829,31
MTE1,8892,690957,690988,31
MTE1,8893,691235,691266,31
MTE1,8897,691394,691425,31
MTE1,8898,691672,691703,31
MTE1,8902,691831,691862,31
MTE1,8903,692109,692140,31
MTE1,8907,692268,692299,31
MTE1,8908,692546,692577,31
MTE1,8912,692705,692736,31
MTE1,8913,692983,693014,31
MTE1,8917,693142,693173,31
MTE1,8918,693420,693451,31
MTE1,8922,693579,693610,31
MTE1,8923,693857,693888,31
MTE1,8927,694016,694047,31
MTE1,8928,694294,694325,31
MTE1,8932,694453,694484,31
MTE1,8933,694731,694762,31
MTE1,8939,694890,694921,31
MTE1,8940,695168,695199,31
MTE1,8944,695327,695358,31
MTE1,8945,695605,695636,31
MTE1,8949,695764,695795,31
MTE1,8950,696042,696073,31
MTE1,8954,696201,696232,31
MTE1,8955,696479,696510,31
MTE1,8959,696638,696669,31
MTE1,8960,696916,696947,31
MTE1,8964,697075,697106,31
MTE1,8965,697353,697384,31
MTE1,8969,697512,697543,31
MTE1,8970,697790,697821,31
MTE1,8974,697949,697980,31
MTE1,8975,698227,698258,31
MTE1,8979,698386,698417,31
MTE1,8980,698664,698695,31
MTE1,8984,698823,698854,31
MTE1,8985,699101,699132,31
MTE1,8989,699260,699291,31
MTE1,8990,699538,699569,31
MTE1,8994,699697,699728,31
MTE1,8995,699975,700006,31
MTE1,8999,700134,700165,31
MTE1,9000,700412,700443,31
MTE1,9004,700571,700602,31
MTE1,9005,700849,700880,31
MTE1,9009,701008,701039,31
MTE1,9010,701286,701317,31
MTE1,9014,701445,701476,31
MTE1,9015,701723,701754,31
MTE1,9021,701882,701913,31
MTE1,9022,702160,702191,31
MTE1,9026,702319,702350,31
MTE1,9027,702597,702628,31
MTE1,9031,702756,702787,31
MTE1,9032,703034,703065,31
MTE1,9036,703193,703224,31
MTE1,9037,703471,703502,31
MTE1,9041,703630,703661,31
MTE1,9042,703908,703939,31
MTE1,9046,704067,704098,31
MTE1,9047,704345,704376,31
MTE1,9051,704504,704535,31
MTE1,9052,704782,704813,31
MTE1,9056,704941,704972,31
MTE1,9057,705219,705250,31
MTE1,9061,705378,705409,31
MTE1,9062,705656,705687,31
MTE1,9066,705815,705846,31
MTE1,9067,706093,706124,31
MTE1,9071,706252,706283,31
MTE1,9072,706530,706561,31
MTE1,9076,706689,706720,31
MTE1,9077,706967,706998,31
MTE1,9081,707126,707157,31
MTE1,9082,707404,707435,31
MTE1,9086,707563,707594,31
MTE1,9087,707841,707872,31
MTE1,9091,708000,708031,31
MTE1,9092,708278,708309,31
MTE1,9096,708437,708468,31
MTE1,9097,708715,708746,31
MTE1,9103,708874,708905,31
MTE1,9104,709152,709183,31
MTE1,9108,709311,709342,31
MTE1,9109,709589,709620,31
MTE1,9113,709748,709779,31
MTE1,9114,710026,710057,31
MTE1,9118,710185,710216,31
MTE1,9119,710463,710494,31
MTE1,9123,710622,710653,31
MTE1,9124,710900,710931,31
MTE1,9128,711059,711090,31
MTE1,9129,711337,711368,31
MTE1,9133,711496,711527,31
MTE1,9134,711774,711805,31
MTE1,9138,711933,711964,31
MTE1,9139,712211,712242,31
MTE1,9143,712370,712401,31
MTE1,9144,712648,712679,31
MTE1,9148,712807,712838,31
MTE1,9149,713085,713116,31
MTE1,9153,713244,713275,31
MTE1,9154,713522,713553,31
MTE1,9158,713681,713712,31
MTE1,9159,713959,713990,31
MTE1,9163,714118,714149,31
MTE1,9164,714396,714427,31
MTE1,9168,714555,714586,31
MTE1,9169,714833,714864,31
MTE1,9173,714992,715023,31
MTE1,9174,715270,715301,31
MTE1,9178,715429,715460,31
MTE1,9179,715707,715738,31
MTE1,9185,715866,715897,31
MTE1,9186,716144,716175,31
MTE1,9190,716303,716334,31
MTE1,9191,716581,716612,31
MTE1,9195,716740,716771,31
MTE1,9196,717018,717049,31
MTE1,9200,717177,717208,31
MTE1,9201,717455,717486,31
MTE1,9205,717614,717645,31
MTE1,9206,717892,717923,31
MTE1,9210,718051,718082,31
MTE1,9211,718329,718360,31
MTE1,9215,718488,718519,31
MTE1,9216,718766,718797,31
MTE1,9220,718925,718956,31
MTE1,9221,719203,719234,31
MTE1,9225,719362,719393,31
MTE1,9226,719640,719671,31
MTE1,9230,719799,719830,31
MTE1,9231,720077,720108,31
MTE1,9235,720236,720267,31
MTE1,9236,720514,720545,31
MTE1,9240,720673,720704,31
MTE1,9241,720951,720982,31
MTE1,9245,721110,721141,31
MTE1,9246,721388,721419,31
MTE1,9250,721547,721578,31
MTE1,9251,721825,721856,31
MTE1,9255,721984,722015,31
MTE1,9256,722262,722293,31
MTE1,9260,722421,722452,31
MTE1,9261,722699,722730,31
MTE1,9267,722858,722889,31
MTE1,9268,723136,723167,31
MTE1,9272,723295,723326,31
MTE1,9273,723573,723604,31
MTE1,9277,723732,723763,31
MTE1,9278,724010,724041,31
MTE1,9282,724169,724200,31
MTE1,9283,724447,724478,31
MTE1,9287,724606,724637,31
MTE1,9288,724884,724915,31
MTE1,9292,725043,725074,31
MTE1,9293,725321,725352,31
MTE1,9297,725480,725511,31
MTE1,9298,725758,725789,31
MTE1,9302,725917,725948,31
MTE1,9303,726195,726226,31
MTE1,9307,726354,726385,31
MTE1,9308,726632,726663,31
MTE1,9312,726791,726822,31
MTE1,9313,727069,727100,31
MTE1,9317,727228,727259,31
MTE1,9318,727506,727537,31
MTE1,9322,727665,727696,31
MTE1,9323,727943,727974,31
MTE1,9327,728102,728133,31
MTE1,9328,728380,728411,31
MTE1,9332,728539,728570,31
MTE1,9333,728817,728848,31
MTE1,9337,728976,729007,31
MTE1,9338,729254,729285,31
MTE1,9342,729413,729444,31
MTE1,9343,729691,729722,31
MTE1,9349,729850,729881,31
MTE1,9350,730128,730159,31
MTE1,9354,730287,730318,31
MTE1,9355,730565,730596,31
MTE1,9359,730724,730755,31
MTE1,9360,731002,731033,31
MTE1,9364,731161,731192,31
MTE1,9365,731439,731470,31
MTE1,9369,731598,731629,31
MTE1,9370,731876,731907,31
MTE1,9374,732035,732066,31
MTE1,9375,732313,732344,31
MTE1,9379,732472,732503,31
MTE1,9380,732750,732781,31
MTE1,9384,732909,732940,31
MTE1,9385,733187,733218,31
MTE1,9389,733346,733377,31
MTE1,9390,733624,733655,31
MTE1,9394,733783,733814,31
MTE1,9395,734061,734092,31
MTE1,9399,734220,734251,31
MTE1,9400,734498,734529,31
MTE1,9404,734657,734688,31
MTE1,9405,734935,734966,31
MTE1,9409,735094,735125,31
MTE1,9410,735372,735403,31
MTE1,9414,735531,735562,31
MTE1,9415,735809,735840,31
MTE1,9419,735968,735999,31
MTE1,9420,736246,736277,31
MTE1,9424,736405,736436,31
MTE1,9425,736683,736714,31
MTE1,9431,736842,736873,31
MTE1,9432,737120,737151,31
MTE1,9436,737279,737310,31
MTE1,9437,737557,737588,31
MTE1,9441,737716,737747,31
MTE1,9442,737994,738025,31
MTE1,9446,738153,738184,31
MTE1,9447,738431,738462,31
MTE1,9451,738590,738621,31
MTE1,9452,738868,738899,31
MTE1,9456,739027,739058,31
MTE1,9457,739305,739336,31
MTE1,9461,739464,739495,31
MTE1,9462,739742,739773,31
MTE1,9466,739901,739932,31
MTE1,9467,740179,740210,31
MTE1,9471,740338,740369,31
MTE1,9472,740616,740647,31
MTE1,9476,740775,740806,31
MTE1,9477,741053,741084,31
MTE1,9481,741212,741243,31
MTE1,9482,741490,741521,31
MTE1,9486,741649,741680,31
MTE1,9487,741927,741958,31
MTE1,9491,742086,742117,31
MTE1,9492,742364,742395,31
MTE1,9496,742523,742554,31
MTE1,9497,742801,742832,31
MTE1,9501,742960,742991,31
MTE1,9502,743238,743269,31
MTE1,9506,743397,743428,31
MTE1,9507,743675,743706,31
MTE1,9513,743834,743865,31
MTE1,9514,744112,744143,31
MTE1,9518,744271,744302,31
MTE1,9519,744549,744580,31
MTE1,9523,744708,744739,31
MTE1,9524,744986,745017,31
MTE1,9528,745145,745176,31
MTE1,9529,745423,745454,31
MTE1,9533,745582,745613,31
MTE1,9534,745860,745891,31
MTE1,9538,746019,746050,31
MTE1,9539,746297,746328,31
MTE1,9543,746456,746487,31
MTE1,9544,746734,746765,31
MTE1,9548,746893,746924,31
MTE1,9549,747171,747202,31
MTE1,9553,747330,747361,31
MTE1,9554,747608,747639,31
MTE1,9558,747767,747798,31
MTE1,9559,748045,748076,31
MTE1,9563,748204,748235,31
MTE1,9564,748482,748513,31
MTE1,9568,748641,748672,31
MTE1,9569,748919,748950,31
MTE1,9573,749078,749109,31
MTE1,9574,749356,749387,31
MTE1,9578,749515,749546,31
MTE1,9579,749793,749824,31
MTE1,9583,749952,749983,31
MTE1,9584,750230,750261,31
MTE1,9588,750389,750420,31
MTE1,9589,750667,750698,31
MTE1,9595,750826,750857,31
MTE1,9596,751104,751135,31
MTE1,9600,751263,751294,31
MTE1,9601,751541,751572,31
MTE1,9605,751700,751731,31
MTE1,9606,751978,752009,31
MTE1,9610,752137,752168,31
MTE1,9611,752415,752446,31
MTE1,9615,752574,752605,31
MTE1,9616,752852,752883,31
MTE1,9620,753011,753042,31
MTE1,9621,753289,753320,31
MTE1,9625,753448,753479,31
MTE1,9626,753726,753757,31
MTE1,9630,753885,753916,31
MTE1,9631,754163,754194,31
MTE1,9635,754322,754353,31
MTE1,9636,754600,754631,31
MTE1,9640,754759,754790,31
MTE1,9641,755037,755068,31
MTE1,9645,755196,755227,31
MTE1,9646,755474,755505,31
MTE1,9650,755633,755664,31
MTE1,9651,755911,755942,31
MTE1,9655,756070,756101,31
MTE1,9656,756348,756379,31
MTE1,9660,756507,756538,31
MTE1,9661,756785,756816,31
MTE1,9665,756944,756975,31
MTE1,9666,757222,757253,31
MTE1,9670,757381,757412,31
MTE1,9671,757659,757690,31
MTE1,9677,757818,757849,31
MTE1,9678,758096,758127,31
MTE1,9682,758255,758286,31
MTE1,9683,758533,758564,31
MTE1,9687,758692,758723,31
MTE1,9688,758970,759001,31
MTE1,9692,759129,759160,31
MTE1,9693,759407,759438,31
MTE1,9697,759566,759597,31
MTE1,9698,759844,759875,31
MTE1,9702,760003,760034,31
MTE1,9703,760281,760312,31
MTE1,9707,760440,760471,31
MTE1,9708,760718,760749,31
MTE1,9712,760877,760908,31
MTE1,9713,761155,761186,31
MTE1,9717,761314,761345,31
MTE1,9718,761592,761623,31
MTE1,9722,761751,761782,31
MTE1,9723,762029,762060,31
MTE1,9727,762188,762219,31
MTE1,9728,762466,762497,31
MTE1,9732,762625,762656,31
MTE1,9733,762903,762934,31
MTE1,9737,763062,763093,31
MTE1,9738,763340,763371,31
MTE1,9742,763499,763530,31
MTE1,9743,763777,763808,31
MTE1,9747,763936,763967,31
MTE1,9748,764214,764245,31
MTE1,9752,764373,764404,31
MTE1,9753,764651,764682,31
MTE1,9759,764810,764841,31
MTE1,9760,765088,765119,31
MTE1,9764,765247,765278,31
MTE1,9765,765525,765556,31
MTE1,9769,765684,765715,31
MTE1,9770,765962,765993,31
MTE1,9774,766121,766152,31
MTE1,9775,766399,766430,31
MTE1,9779,766558,766589,31
MTE1,9780,766836,766867,31
MTE1,9784,766995,767026,31
MTE1,9785,767273,767304,31
MTE1,9789,767432,767463,31
MTE1,9790,767710,767741,31
MTE1,9794,767869,767900,31
MTE1,9795,768147,768178,31
MTE1,9799,768306,768337,31
MTE1,9800,768584,768615,31
MTE1,9804,768743,768774,31
MTE1,9805,769021,769052,31
MTE1,9809,769180,769211,31
MTE1,9810,769211,769242,31
MTE1,9814,769370,769401,31
MTE1,9815,769401,769432,31
MTE1,9819,769560,769591,31
MTE1,9820,769591,769622,31
MTE1,9824,769750,769781,31
MTE1,9825,769781,769812,31
MTE1,9829,769940,769971,31
MTE1,9830,769971,770002,31
MTE1,9834,770130,770161,31
MTE1,9835,770161,770192,31
MTE1,9841,770320,770351,31
MTE1,9842,770351,770382,31
MTE1,9846,770711,770742,31
MTE1,9847,770742,770773,31
MTE1,9851,770901,770932,31
MTE1,9852,770932,770963,31
MTE1,9856,771091,771122,31
MTE1,9857,771122,771153,31
MTE1,9861,771281,771312,31
MTE1,9862,771312,771343,31
MTE1,9866,771471,771502,31
MTE1,9867,771502,771533,31
MTE1,9871,771661,771692,31
MTE1,9872,771692,771723,31
MTE1,9876,771851,771882,31
MTE1,9877,771882,771913,31
MTE1,9881,772041,772072,31
MTE1,9882,772072,772103,31
MTE1,9886,772231,772262,31
MTE1,9887,772668,772699,31
MTE1,9891,772827,772858,31
MTE1,9892,773264,773295,31
MTE1,9896,773423,773454,31
MTE1,9897,773860,773891,31
MTE1,9901,774019,774050,31
MTE1,9902,774456,774487,31
MTE1,9906,774615,774646,31
MTE1,9907,775052,775083,31
MTE1,9911,775211,775242,31
MTE1,9912,775648,775679,31
MTE1,9916,775807,775838,31
MTE1,9917,776244,776275,31
MTE1,9926,776650,776681,31
MTE1,9925,776975,777006,31
MTE1,9933,777381,777412,31
MTE1,9932,777706,777737,31
MTE1,9940,778112,778143,31
MTE1,9939,778437,778468,31
MTE1,9947,778843,778874,31
MTE1,9946,779168,779199,31
MTE1,9954,779574,779605,31
MTE1,9953,779930,779961,31
MTE1,9961,780336,780367,31
MTE1,9960,780692,780723,31
MTE1,9968,781098,781129,31
MTE1,9967,781454,781485,31
MTE1,9975,781860,781891,31
MTE1,9974,782216,782247,31
MTE1,9982,782622,782653,31
MTE1,9981,782978,783009,31
MTE1,9989,783384,783415,31
MTE1,9988,783740,783771,31
MTE1,9996,784146,784177,31
MTE1,9995,784502,784533,31
MTE1,10003,784908,784939,31
MTE1,10002,785264,785295,31
MTE1,10010,785670,785701,31
MTE1,10009,786026,786057,31
MTE1,10017,786432,786463,31
MTE1,10016,786788,786819,31
MTE1,10024,787194,787225,31
MTE1,10023,787550,787581,31
MTE1,10031,787956,787987,31
MTE1,10030,788312,788343,31
MTE1,10037,788471,788502,31
MTE1,10038,788718,788749,31
MTE1,10042,788877,788908,31
MTE1,10043,789155,789186,31
MTE1,10047,789314,789345,31
MTE1,10048,789592,789623,31
MTE1,10052,789751,789782,31
MTE1,10053,790029,790060,31
MTE1,10057,790188,790219,31
MTE1,10058,790466,790497,31
MTE1,10062,790625,790656,31
MTE1,10063,790903,790934,31
MTE1,10067,791062,791093,31
MTE1,10068,791340,791371,31
MTE1,10072,791499,791530,31
MTE1,10073,791777,791808,31
MTE1,10077,791936,791967,31
MTE1,10078,792214,792245,31
MTE1,10082,792373,792404,31
MTE1,10083,792651,792682,31
MTE1,10087,792810,792841,31
MTE1,10088,793088,793119,31
MTE1,10092,793247,793278,31
MTE1,10093,793525,793556,31
MTE1,10097,793684,793715,31
MTE1,10098,793962,793993,31
MTE1,10102,794121,794152,31
MTE1,10103,794399,794430,31
MTE1,10107,794558,794589,31
MTE1,10108,794836,794867,31
MTE1,10112,794995,795026,31
MTE1,10113,795273,795304,31
MTE1,10119,795432,795463,31
MTE1,10120,795710,795741,31
MTE1,10124,795869,795900,31
MTE1,10125,796147,796178,31
MTE1,10129,796306,796337,31
MTE1,10130,796584,796615,31
MTE1,10134,796743,796774,31
MTE1,10135,797021,797052,31
MTE1,10139,797180,797211,31
MTE1,10140,797458,797489,31
MTE1,10144,797617,797648,31
MTE1,10145,797895,797926,31
MTE1,10149,798054,798085,31
MTE1,10150,798332,798363,31
MTE1,10154,798491,798522,31
MTE1,10155,798769,798800,31
MTE1,10159,798928,798959,31
MTE1,10160,799206,799237,31
MTE1,10164,799365,799396,31
MTE1,10165,799643,799674,31
MTE1,10169,799802,799833,31
MTE1,10170,800080,800111,31
MTE1,10174,800239,800270,31
MTE1,10175,800517,800548,31
MTE1,10179,800676,800707,31
MTE1,10180,800954,800985,31
MTE1,10184,801113,801144,31
MTE1,10185,801391,801422,31
MTE1,10189,801550,801581,31
MTE1,10190,801828,801859,31
MTE1,10194,801987,802018,31
MTE1,10195,802265,802296,31
MTE1,10201,802424,802455,31
MTE1,10202,802702,802733,31
MTE1,10206,802861,802892,31
MTE1,10207,803139,803170,31
MTE1,10211,803298,803329,31
MTE1,10212,803576,803607,31
MTE1,10216,803735,803766,31
MTE1,10217,804013,804044,31
MTE1,10221,804172,804203,31
MTE1,10222,804450,804481,31
MTE1,10226,804609,804640,31
MTE1,10227,804887,804918,31
MTE1,10231,805046,805077,31
MTE1,10232,805324,805355,31
MTE1,10236,805483,805514,31
MTE1,10237,805761,805792,31
MTE1,10241,805920,805951,31
MTE1,10242,806198,806229,31
MTE1,10246,806357,806388,31
MTE1,10247,806635,806666,31
MTE1,10251,806794,806825,31
MTE1,10252,807072,807103,31
MTE1,10256,807231,807262,31
MTE1,10257,807509,807540,31
MTE1,10261,807668,807699,31
MTE1,10262,807946,807977,31
MTE1,10266,808105,808136,31
MTE1,10267,808383,808414,31
MTE1,10271,808542,808573,31
MTE1,10272,808820,808851,31
MTE1,10276,808979,809010,31
MTE1,10277,809257,809288,31
MTE1,10283,809416,809447,31
MTE1,10284,809694,809725,31
MTE1,10288,809853,809884,31
MTE1,10289,810131,810162,31
MTE1,10293,810290,810321,31
MTE1,10294,810568,810599,31
MTE1,10298,810727,810758,31
MTE1,10299,811005,811036,31
MTE1,10303,811164,811195,31
MTE1,10304,811442,811473,31
MTE1,10308,811601,811632,31
MTE1,10309,811879,811910,31
MTE1,10313,812038,812069,31
MTE1,10314,812316,812347,31
MTE1,10318,812475,812506,31
MTE1,10319,812753,812784,31
MTE1,10323,812912,812943,31
MTE1,10324,813190,813221,31
MTE1,10328,813349,813380,31
MTE1,10329,813627,813658,31
MTE1,10333,813786,813817,31
MTE1,10334,814064,814095,31
MTE1,10338,814223,814254,31
MTE1,10339,814501,814532,31
MTE1,10343,814660,814691,31
MTE1,10344,814938,814969,31
MTE1,10348,815097,815128,31
MTE1,10349,815375,815406,31
MTE1,10353,815534,815565,31
MTE1,10354,815812,815843,31
MTE1,10358,815971,816002,31
MTE1,10359,816249,816280,31
MTE1,10365,816408,816439,31
MTE1,10366,816686,816717,31
MTE1,10370,816845,816876,31
MTE1,10371,817123,817154,31
MTE1,10375,817282,817313,31
MTE1,10376,817560,817591,31
MTE1,10380,817719,817750,31
MTE1,10381,817997,818028,31
MTE1,10385,818156,818187,31
MTE1,10386,818434,818465,31
MTE1,10390,818593,818624,31
MTE1,10391,818871,818902,31
MTE1,10395,819030,819061,31
MTE1,10396,819308,819339,31
MTE1,10400,819467,819498,31
MTE1,10401,819745,819776,31
MTE1,10405,819904,819935,31
MTE1,10406,820182,820213,31
MTE1,10410,820341,820372,31
MTE1,10411,820619,820650,31
MTE1,10415,820778,820809,31
MTE1,10416,821056,821087,31
MTE1,10420,821215,821246,31
MTE1,10421,821493,821524,31
MTE1,10425,821652,821683,31
MTE1,10426,821930,821961,31
MTE1,10430,822089,822120,31
MTE1,10431,822367,822398,31
MTE1,10435,822526,822557,31
MTE1,10436,822804,822835,31
MTE1,10440,822963,822994,31
MTE1,10441,823241,823272,31
MTE1,10447,823400,823431,31
MTE1,10448,823678,823709,31
MTE1,10452,823837,823868,31
MTE1,10453,824115,824146,31
MTE1,10457,824274,824305,31
MTE1,10458,824552,824583,31
MTE1,10462,824711,824742,31
MTE1,10463,824989,825020,31
MTE1,10467,825148,825179,31
MTE1,10468,825426,825457,31
MTE1,10472,825585,825616,31
MTE1,10473,825863,825894,31
MTE1,10477,826022,826053,31
MTE1,10478,826300,826331,31
MTE1,10482,826459,826490,31
MTE1,10483,826737,826768,31
MTE1,10487,826896,826927,31
MTE1,10488,827174,827205,31
MTE1,10492,827333,827364,31
MTE1,10493,827611,827642,31
MTE1,10497,827770,827801,31
MTE1,10498,828048,828079,31
MTE1,10502,828207,828238,31
MTE1,10503,828485,828516,31
MTE1,10507,828644,828675,31
MTE1,10508,828922,828953,31
MTE1,10512,829081,829112,31
MTE1,10513,829359,829390,31
MTE1,10517,829518,829549,31
MTE1,10518,829796,829827,31
MTE1,10522,829955,829986,31
MTE1,10523,830233,830264,31
MTE1,10529,830392,830423,31
MTE1,10530,830670,830701,31
MTE1,10534,830829,830860,31
MTE1,10535,831107,831138,31
MTE1,10539,831266,831297,31
MTE1,10540,831544,831575,31
MTE1,10544,831703,831734,31
MTE1,10545,831981,832012,31
MTE1,10549,832140,832171,31
MTE1,10550,832418,832449,31
MTE1,10554,832577,832608,31
MTE1,10555,832855,832886,31
MTE1,10559,833014,833045,31
MTE1,10560,833292,833323,31
MTE1,10564,833451,833482,31
MTE1,10565,833729,833760,31
MTE1,10569,833888,833919,31
MTE1,10570,834166,834197,31
MTE1,10574,834325,834356,31
MTE1,10575,834603,834634,31
MTE1,10579,834762,834793,31
MTE1,10580,835040,835071,31
MTE1,10584,835199,835230,31
MTE1,10585,835477,835508,31
MTE1,10589,835636,835667,31
MTE1,10590,835914,835945,31
MTE1,10594,836073,836104,31
MTE1,10595,836351,836382,31
MTE1,10599,836510,836541,31
MTE1,10600,836788,836819,31
MTE1,10604,836947,836978,31
MTE1,10605,837225,837256,31
MTE1,10611,837384,837415,31
MTE1,10612,837662,837693,31
MTE1,10616,837821,837852,31
MTE1,10617,838099,838130,31
MTE1,10621,838258,838289,31
MTE1,10622,838536,838567,31
MTE1,10626,838695,838726,31
MTE1,10627,838973,839004,31
MTE1,10631,839132,839163,31
MTE1,10632,839410,839441,31
MTE1,10636,839569,839600,31
MTE1,10637,839847,839878,31
MTE1,10641,840006,840037,31
MTE1,10642,840284,840315,31
MTE1,10646,840443,840474,31
MTE1,10647,840721,840752,31
MTE1,10651,840880,840911,31
MTE1,10652,841158,841189,31
MTE1,10656,841317,841348,31
MTE1,10657,841595,841626,31
MTE1,10661,841754,841785,31
MTE1,10662,842032,842063,31
MTE1,10666,842191,842222,31
MTE1,10667,842469,842500,31
MTE1,10671,842628,842659,31
MTE1,10672,842906,842937,31
MTE1,10676,843065,843096,31
MTE1,10677,843343,843374,31
MTE1,10681,843502,843533,31
MTE1,10682,843780,843811,31
MTE1,10686,843939,843970,31
MTE1,10687,844217,844248,31
MTE1,10693,844376,844407,31
MTE1,10694,844654,844685,31
MTE1,10698,844813,844844,31
MTE1,10699,845091,845122,31
MTE1,10703,845250,845281,31
MTE1,10704,845528,845559,31
MTE1,10708,845687,845718,31
MTE1,10709,845965,845996,31
MTE1,10713,846124,846155,31
MTE1,10714,846402,846433,31
MTE1,10718,846561,846592,31
MTE1,10719,846839,846870,31
MTE1,10723,846998,847029,31
MTE1,10724,847276,847307,31
MTE1,10728,847435,847466,31
MTE1,10729,847713,847744,31
MTE1,10733,847872,847903,31
MTE1,10734,848150,848181,31
MTE1,10738,848309,848340,31
MTE1,10739,848587,848618,31
MTE1,10743,848746,848777,31
MTE1,10744,849024,849055,31
MTE1,10748,849183,849214,31
MTE1,10749,849461,849492,31
MTE1,10753,849620,849651,31
MTE1,10754,849898,849929,31
MTE1,10758,850057,850088,31
MTE1,10759,850335,850366,31
MTE1,10763,850494,850525,31
MTE1,10764,850772,850803,31
MTE1,10768,850931,850962,31
MTE1,10769,851209,851240,31
MTE1,10775,851368,851399,31
MTE1,10776,851646,851677,31
MTE1,10780,851805,851836,31
MTE1,10781,852083,852114,31
MTE1,10785,852242,852273,31
MTE1,10786,852520,852551,31
MTE1,10790,852679,852710,31
MTE1,10791,852957,852988,31
MTE1,10795,853116,853147,31
MTE1,10796,853394,853425,31
MTE1,10800,853553,853584,31
MTE1,10801,853831,853862,31
MTE1,10805,853990,854021,31
MTE1,10806,854268,854299,31
MTE1,10810,854427,854458,31
MTE1,10811,854705,854736,31
MTE1,10815,854864,854895,31
MTE1,10816,855142,855173,31
MTE1,10820,855301,855332,31
MTE1,10821,855579,855610,31
MTE1,10825,855738,855769,31
MTE1,10826,856016,856047,31
MTE1,10830,856175,856206,31
MTE1,10831,856453,856484,31
MTE1,10835,856612,856643,31
MTE1,10836,856890,856921,31
MTE1,10840,857049,857080,31
MTE1,10841,857327,857358,31
MTE1,10845,857486,857517,31
MTE1,10846,857764,857795,31
MTE1,10850,857923,857954,31
MTE1,10851,858201,858232,31
MTE1,10857,858360,858391,31
MTE1,10858,858638,858669,31
MTE1,10862,858797,858828,31
MTE1,10863,859075,859106,31
MTE1,10867,859234,859265,31
MTE1,10868,859512,859543,31
MTE1,10872,859671,859702,31
MTE1,10873,859949,859980,31
MTE1,10877,860108,860139,31
MTE1,10878,860386,860417,31
MTE1,10882,860545,860576,31
MTE1,10883,860823,860854,31
MTE1,10887,860982,861013,31
MTE1,10888,861260,861291,31
MTE1,10892,861419,861450,31
MTE1,10893,861697,861728,31
MTE1,10897,861856,861887,31
MTE1,10898,862134,862165,31
MTE1,10902,862293,862324,31
MTE1,10903,862571,862602,31
MTE1,10907,862730,862761,31
MTE1,10908,863008,863039,31
MTE1,10912,863167,863198,31
MTE1,10913,863445,863476,31
MTE1,10917,863604,863635,31
MTE1,10918,863882,863913,31
MTE1,10922,864041,864072,31
MTE1,10923,864319,864350,31
MTE1,10927,864478,864509,31
MTE1,10928,864756,864787,31
MTE1,10932,864915,864946,31
MTE1,10933,865193,865224,31
MTE1,10939,865352,865383,31
MTE1,10940,865630,865661,31
MTE1,10944,865789,865820,31
MTE1,10945,866067,866098,31
MTE1,10949,866226,866257,31
MTE1,10950,866504,866535,31
MTE1,10954,866663,866694,31
MTE1,10955,866941,866972,31
MTE1,10959,867100,867131,31
MTE1,10960,867378,867409,31
MTE1,10964,867537,867568,31
MTE1,10965,867815,867846,31
MTE1,10969,867974,868005,31
MTE1,10970,868252,868283,31
MTE1,10974,868411,868442,31
MTE1,10975,868689,868720,31
MTE1,10979,868848,868879,31
MTE1,10980,869126,869157,31
MTE1,10984,869285,869316,31
MTE1,10985,869563,869594,31
MTE1,10989,869722,869753,31
MTE1,10990,870000,870031,31
MTE1,10994,870159,870190,31
MTE1,10995,870437,870468,31
MTE1,10999,870596,870627,31
MTE1,11000,870874,870905,31
MTE1,11004,871033,871064,31
MTE1,11005,871311,871342,31
MTE1,11009,871470,871501,31
MTE1,11010,871748,871779,31
MTE1,11014,871907,871938,31
MTE1,11015,872185,872216,31
MTE1,11021,872344,872375,31
MTE1,11022,872622,872653,31
MTE1,11026,872781,872812,31
MTE1,11027,873059,873090,31
MTE1,11031,873218,873249,31
MTE1,11032,873496,873527,31
MTE1,11036,873655,873686,31
MTE1,11037,873933,873964,31
MTE1,11041,874092,874123,31
MTE1,11042,874370,874401,31
MTE1,11046,874529,874560,31
MTE1,11047,874807,874838,31
MTE1,11051,874966,874997,31
MTE1,11052,875244,875275,31
MTE1,11056,875403,875434,31
MTE1,11057,875681,875712,31
MTE1,11061,875840,875871,31
MTE1,11062,876118,876149,31
MTE1,11066,876277,876308,31
MTE1,11067,876555,876586,31
MTE1,11071,876714,876745,31
MTE1,11072,876992,877023,31
MTE1,11076,877151,877182,31
MTE1,11077,877429,877460,31
MTE1,11081,877588,877619,31
MTE1,11082,877866,877897,31
MTE1,11086,878025,878056,31
MTE1,11087,878303,878334,31
MTE1,11091,878462,878493,31
MTE1,11092,878740,878771,31
MTE1,11096,878899,878930,31
MTE1,11097,879177,879208,31
MTE1,11103,879336,879367,31
MTE1,11104,879614,879645,31
MTE1,11108,879773,879804,31
MTE1,11109,880051,880082,31
MTE1,11113,880210,880241,31
MTE1,11114,880488,880519,31
MTE1,11118,880647,880678,31
MTE1,11119,880925,880956,31
MTE1,11123,881084,881115,31
MTE1,11124,881362,881393,31
MTE1,11128,881521,881552,31
MTE1,11129,881799,881830,31
MTE1,11133,881958,881989,31
MTE1,11134,882236,882267,31
MTE1,11138,882395,882426,31
MTE1,11139,882673,882704,31
MTE1,11143,882832,882863,31
MTE1,11144,883110,883141,31
MTE1,11148,883269,883300,31
MTE1,11149,883300,883331,31
MTE1,11153,883459,883490,31
MTE1,11154,883490,883521,31
MTE1,11158,883649,883680,31
MTE1,11159,883680,883711,31
MTE1,11163,883839,883870,31
MTE1,11164,883870,883901,31
MTE1,11168,884029,884060,31
MTE1,11169,884060,884091,31
MTE1,11173,884219,884250,31
MTE1,11174,884250,884281,31
MTE1,11178,884409,884440,31
MTE1,11179,884440,884471,31
MTE1,11185,884599,884630,31
MTE1,11186,884630,884661,31
MTE1,11190,884990,885021,31
MTE1,11191,885021,885052,31
MTE1,11195,885180,885211,31
MTE1,11196,885211,885242,31
MTE1,11200,885370,885401,31
MTE1,11201,885401,885432,31
MTE1,11205,885560,885591,31
MTE1,11206,885591,885622,31
MTE1,11210,885750,885781,31
MTE1,11211,885781,885812,31
MTE1,11215,885940,885971,31
MTE1,11216,885971,886002,31
MTE1,11220,886130,886161,31
MTE1,11221,886161,886192,31
MTE1,11225,886320,886351,31
MTE1,11226,886757,886788,31
MTE1,11230,886916,886947,31
MTE1,11231,887353,887384,31
MTE1,11235,887512,887543,31
MTE1,11236,887949,887980,31
MTE1,11240,888108,888139,31
MTE1,11241,888545,888576,31
MTE1,11245,888704,888735,31
MTE1,11246,889141,889172,31
MTE1,11250,889300,889331,31
MTE1,11251,889737,889768,31
MTE1,11255,889896,889927,31
MTE1,11256,890333,890364,31
MTE1,11260,890492,890523,31
MTE1,11261,890929,890960,31
MTE1,11270,891335,891366,31
MTE1,11269,891660,891691,31
MTE1,11277,892066,892097,31
MTE1,11276,892391,892422,31
MTE1,11284,892797,892828,31
MTE1,11283,893122,893153,31
MTE1,11291,893528,893559,31
MTE1,11290,893853,893884,31
MTE1,11298,894259,894290,31
MTE1,11297,894615,894646,31
MTE1,11305,895021,895052,31
MTE1,11304,895377,895408,31
MTE1,11312,895783,895814,31
MTE1,11311,896139,896170,31
MTE1,11319,896545,896576,31
MTE1,11318,896901,896932,31
MTE1,11326,897307,897338,31
MTE1,11325,897663,897694,31
MTE1,11333,898069,898100,31
MTE1,11332,898425,898456,31
MTE1,11340,898831,898862,31
MTE1,11339,899187,899218,31
MTE1,11347,899593,899624,31
MTE1,11346,899949,899980,31
MTE1,11354,900355,900386,31
MTE1,11353,900711,900742,31
MTE1,11361,901117,901148,31
MTE1,11360,901473,901504,31
MTE1,11368,901879,901910,31
MTE1,11367,902235,902266,31
MTE1,11375,902641,902672,31
MTE1,11374,902997,903028,31
MTE1,11381,903156,903187,31
MTE1,11382,903403,903434,31
MTE1,11386,903562,903593,31
MTE1,11387,903840,903871,31
MTE1,11391,903999,904030,31
MTE1,11392,904277,904308,31
MTE1,11396,904436,904467,31
MTE1,11397,904714,904745,31
MTE1,11401,904873,904904,31
MTE1,11402,905151,905182,31
MTE1,11406,905310,905341,31
MTE1,11407,905588,905619,31
MTE1,11411,905747,905778,31
MTE1,11412,906025,906056,31
MTE1,11416,906184,906215,31
MTE1,11417,906462,906493,31
MTE1,11421,906621,906652,31
MTE1,11422,906899,906930,31
MTE1,11426,907058,907089,31
MTE1,11427,907336,907367,31
MTE1,11431,907495,907526,31
MTE1,11432,907773,907804,31
MTE1,11436,907932,907963,31
MTE1,11437,908210,908241,31
MTE1,11441,908369,908400,31
MTE1,11442,908647,908678,31
MTE1,11446,908806,908837,31
MTE1,11447,909084,909115,31
MTE1,11451,909243,909274,31
MTE1,11452,909521,909552,31
MTE1,11456,909680,909711,31
MTE1,11457,909958,909989,31
MTE1,11463,910117,910148,31
MTE1,11464,910395,910426,31
MTE1,11468,910554,910585,31
MTE1,11469,910832,910863,31
MTE1,11473,910991,911022,31
MTE1,11474,911269,911300,31
MTE1,11478,911428,911459,31
MTE1,11479,911706,911737,31
MTE1,11483,911865,911896,31
MTE1,11484,912143,912174,31
MTE1,11488,912302,912333,31
MTE1,11489,912580,912611,31
MTE1,11493,912739,912770,31
MTE1,11494,913017,913048,31
MTE1,11498,913176,913207,31
MTE1,11499,913454,913485,31
MTE1,11503,913613,913644,31
MTE1,11504,913891,913922,31
MTE1,11508,914050,914081,31
MTE1,11509,914328,914359,31
MTE1,11513,914487,914518,31
MTE1,11514,914765,914796,31
MTE1,11518,914924,914955,31
MTE1,11519,915202,915233,31
MTE1,11523,915361,915392,31
MTE1,11524,915639,915670,31
MTE1,11528,915798,915829,31
MTE1,11529,916076,916107,31
MTE1,11533,916235,916266,31
MTE1,11534,916513,916544,31
MTE1,11538,916672,916703,31
MTE1,11539,916950,916981,31
MTE1,11545,917109,917140,31
MTE1,11546,917387,917418,31
MTE1,11550,917546,917577,31
MTE1,11551,917824,917855,31
MTE1,11555,917983,918014,31
MTE1,11556,918261,918292,31
MTE1,11560,918420,918451,31
MTE1,11561,918698,918729,31
MTE1,11565,918857,918888,31
MTE1,11566,919135,919166,31
MTE1,11570,919294,919325,31
MTE1,11571,919572,919603,31
MTE1,11575,919731,919762,31
MTE1,11576,920009,920040,31
MTE1,11580,920168,920199,31
MTE1,11581,920446,920477,31
MTE1,11585,920605,920636,31
MTE1,11586,920883,920914,31
MTE1,11590,921042,921073,31
MTE1,11591,921320,921351,31
MTE1,11595,921479,921510,31
MTE1,11596,921757,921788,31
MTE1,11600,921916,921947,31
MTE1,11601,922194,922225,31
MTE1,11605,922353,922384,31
MTE1,11606,922631,922662,31
MTE1,11610,922790,922821,31
MTE1,11611,923068,923099,31
MTE1,11615,923227,923258,31
MTE1,11616,923505,923536,31
MTE1,11620,923664,923695,31
MTE1,11621,923942,923973,31
MTE1,11627,924101,924132,31
MTE1,11628,924379,924410,31
MTE1,11632,924538,924569,31
MTE1,11633,924816,924847,31
MTE1,11637,924975,925006,31
MTE1,11638,925253,925284,31
MTE1,11642,925412,925443,31
MTE1,11643,925690,925721,31
MTE1,11647,925849,925880,31
MTE1,11648,926127,926158,31
MTE1,11652,926286,926317,31
MTE1,11653,926564,926595,31
MTE1,11657,926723,926754,31
MTE1,11658,927001,927032,31
MTE1,11662,927160,927191,31
MTE1,11663,927438,927469,31
MTE1,11667,927597,927628,31
MTE1,11668,927875,927906,31
MTE1,11672,928034,928065,31
MTE1,11673,928312,928343,31
MTE1,11677,928471,928502,31
MTE1,11678,928749,928780,31
MTE1,11682,928908,928939,31
MTE1,11683,929186,929217,31
MTE1,11687,929345,929376,31
MTE1,11688,929623,929654,31
MTE1,11692,929782,929813,31
MTE1,11693,930060,930091,31
MTE1,11697,930219,930250,31
MTE1,11698,930497,930528,31
MTE1,11702,930656,930687,31
MTE1,11703,930934,930965,31
MTE1,11709,931093,931124,31
MTE1,11710,931371,931402,31
MTE1,11714,931530,931561,31
MTE1,11715,931808,931839,31
MTE1,11719,931967,931998,31
MTE1,11720,932245,932276,31
MTE1,11724,932404,932435,31
MTE1,11725,932682,932713,31
MTE1,11729,932841,932872,31
MTE1,11730,933119,933150,31
MTE1,11734,933278,933309,31
MTE1,11735,933556,933587,31
MTE1,11739,933715,933746,31
MTE1,11740,933993,934024,31
MTE1,11744,934152,934183,31
MTE1,11745,934430,934461,31
MTE1,11749,934589,934620,31
MTE1,11750,934867,934898,31
MTE1,11754,935026,935057,31
MTE1,11755,935304,935335,31
MTE1,11759,935463,935494,31
MTE1,11760,935741,935772,31
MTE1,11764,935900,935931,31
MTE1,11765,936178,936209,31
MTE1,11769,936337,936368,31
MTE1,11770,936615,936646,31
MTE1,11774,936774,936805,31
MTE1,11775,937052,937083,31
MTE1,11779,937211,937242,31
MTE1,11780,937489,937520,31
MTE1,11784,937648,937679,31
MTE1,11785,937926,937957,31
MTE1,11791,938085,938116,31
MTE1,11792,938363,938394,31
MTE1,11796,938522,938553,31
MTE1,11797,938800,938831,31
MTE1,11801,938959,938990,31
MTE1,11802,939237,939268,31
MTE1,11806,939396,939427,31
MTE1,11807,939674,939705,31
MTE1,11811,939833,939864,31
MTE1,11812,940111,940142,31
MTE1,11816,940270,940301,31
MTE1,11817,940548,940579,31
MTE1,11821,940707,940738,31
MTE1,11822,940985,941016,31
MTE1,11826,941144,941175,31
MTE1,11827,941422,941453,31
MTE1,11831,941581,941612,31
MTE1,11832,941859,941890,31
MTE1,11836,942018,942049,31
MTE1,11837,942296,942327,31
MTE1,11841,942455,942486,31
MTE1,11842,942733,942764,31
MTE1,11846,942892,942923,31
MTE1,11847,943170,943201,31
MTE1,11851,943329,943360,31
MTE1,11852,943607,943638,31
MTE1,11856,943766,943797,31
MTE1,11857,944044,944075,31
MTE1,11861,944203,944234,31
MTE1,11862,944481,944512,31
MTE1,11866,944640,944671,31
MTE1,11867,944918,944949,31
MTE1,11873,945077,945108,31
MTE1,11874,945355,945386,31
MTE1,11878,945514,945545,31
MTE1,11879,945792,945823,31
MTE1,11883,945951,945982,31
MTE1,11884,946229,946260,31
MTE1,11888,946388,946419,31
MTE1,11889,946666,946697,31
MTE1,11893,946825,946856,31
MTE1,11894,947103,947134,31
MTE1,11898,947262,947293,31
MTE1,11899,947540,947571,31
MTE1,11903,947699,947730,31
MTE1,11904,947977,948008,31
MTE1,11908,948136,948167,31
MTE1,11909,948414,948445,31
MTE1,11913,948573,948604,31
MTE1,11914,948851,948882,31
MTE1,11918,949010,949041,31
MTE1,11919,949288,949319,31
MTE1,11923,949447,949478,31
MTE1,11924,949725,949756,31
MTE1,11928,949884,949915,31
MTE1,11929,950162,950193,31
MTE1,11933,950321,950352,31
MTE1,11934,950599,950630,31
MTE1,11938,950758,950789,31
MTE1,11939,951036,951067,31
MTE1,11943,951195,951226,31
MTE1,11944,951473,951504,31
MTE1,11948,951632,951663,31
MTE1,11949,951910,951941,31
MTE1,11955,952069,952100,31
MTE1,11956,952347,952378,31
MTE1,11960,952506,952537,31
MTE1,11961,952784,952815,31
MTE1,11965,952943,952974,31
MTE1,11966,953221,953252,31
MTE1,11970,953380,953411,31
MTE1,11971,953658,953689,31
MTE1,11975,953817,953848,31
MTE1,11976,954095,954126,31
MTE1,11980,954254,954285,31
MTE1,11981,954532,954563,31
MTE1,11985,954691,954722,31
MTE1,11986,954969,955000,31
MTE1,11990,955128,955159,31
MTE1,11991,955406,955437,31
MTE1,11995,955565,955596,31
MTE1,11996,955843,955874,31
MTE1,12000,956002,956033,31
MTE1,12001,956280,956311,31
MTE1,12005,956439,956470,31
MTE1,12006,956717,956748,31
MTE1,12010,956876,956907,31
MTE1,12011,957154,957185,31
MTE1,12015,957313,957344,31
MTE1,12016,957591,957622,31
MTE1,12020,957750,957781,31
MTE1,12021,958028,958059,31
MTE1,12025,958187,958218,31
MTE1,12026,958465,958496,31
MTE1,12030,958624,958655,31
MTE1,12031,958902,958933,31
MTE1,12037,959061,959092,31
MTE1,12038,959339,959370,31
MTE1,12042,959498,959529,31
MTE1,12043,959776,959807,31
MTE1,12047,959935,959966,31
MTE1,12048,960213,960244,31
MTE1,12052,960372,960403,31
MTE1,12053,960650,960681,31
MTE1,12057,960809,960840,31
MTE1,12058,961087,961118,31
MTE1,12062,961246,961277,31
MTE1,12063,961524,961555,31
MTE1,12067,961683,961714,31
MTE1,12068,961961,961992,31
MTE1,12072,962120,962151,31
MTE1,12073,962398,962429,31
MTE1,12077,962557,962588,31
MTE1,12078,962835,962866,31
MTE1,12082,962994,963025,31
MTE1,12083,963272,963303,31
MTE1,12087,963431,963462,31
MTE1,12088,963709,963740,31
MTE1,12092,963868,963899,31
MTE1,12093,964146,964177,31
MTE1,12097,964305,964336,31
MTE1,12098,964583,964614,31
MTE1,12102,964742,964773,31
MTE1,12103,965020,965051,31
MTE1,12107,965179,965210,31
MTE1,12108,965457,965488,31
MTE1,12112,965616,965647,31
MTE1,12113,965894,965925,31
MTE1,12119,966053,966084,31
MTE1,12120,966331,966362,31
MTE1,12124,966490,966521,31
MTE1,12125,966768,966799,31
MTE1,12129,966927,966958,31
MTE1,12130,967205,967236,31
MTE1,12134,967364,967395,31
MTE1,12135,967642,967673,31
MTE1,12139,967801,967832,31
MTE1,12140,968079,968110,31
MTE1,12144,968238,968269,31
MTE1,12145,968516,968547,31
MTE1,12149,968675,968706,31
MTE1,12150,968953,968984,31
MTE1,12154,969112,969143,31
MTE1,12155,969390,969421,31
MTE1,12159,969549,969580,31
MTE1,12160,969827,969858,31
MTE1,12164,969986,970017,31
MTE1,12165,970264,970295,31
MTE1,12169,970423,970454,31
MTE1,12170,970701,970732,31
MTE1,12174,970860,970891,31
MTE1,12175,971138,971169,31
MTE1,12179,971297,971328,31
MTE1,12180,971575,971606,31
MTE1,12184,971734,971765,31
MTE1,12185,972012,972043,31
MTE1,12189,972171,972202,31
MTE1,12190,972449,972480,31
MTE1,12194,972608,972639,31
MTE1,12195,972886,972917,31
MTE1,12201,973045,973076,31
MTE1,12202,973323,973354,31
MTE1,12206,973482,973513,31
MTE1,12207,973760,973791,31
MTE1,12211,973919,973950,31
MTE1,12212,974197,974228,31
MTE1,12216,974356,974387,31
MTE1,12217,974634,974665,31
MTE1,12221,974793,974824,31
MTE1,12222,975071,975102,31
MTE1,12226,975230,975261,31
MTE1,12227,975508,975539,31
MTE1,12231,975667,975698,31
MTE1,12232,975945,975976,31
MTE1,12236,976104,976135,31
MTE1,12237,976382,976413,31
MTE1,12241,976541,976572,31
MTE1,12242,976819,976850,31
MTE1,12246,976978,977009,31
MTE1,12247,977256,977287,31
MTE1,12251,977415,977446,31
MTE1,12252,977693,977724,31
MTE1,12256,977852,977883,31
MTE1,12257,978130,978161,31
MTE1,12261,978289,978320,31
MTE1,12262,978567,978598,31
MTE1,12266,978726,978757,31
MTE1,12267,979004,979035,31
MTE1,12271,979163,979194,31
MTE1,12272,979441,979472,31
MTE1,12276,979600,979631,31
MTE1,12277,979878,979909,31
MTE1,12283,980037,980068,31
MTE1,12284,980315,980346,31
MTE1,12288,980474,980505,31
MTE1,12289,980752,980783,31
MTE1,12293,980911,980942,31
MTE1,12294,981189,981220,31
MTE1,12298,981348,981379,31
MTE1,12299,981626,981657,31
MTE1,12303,981785,981816,31
MTE1,12304,982063,982094,31
MTE1,12308,982222,982253,31
MTE1,12309,982500,982531,31
MTE1,12313,982659,982690,31
MTE1,12314,982937,982968,31
MTE1,12318,983096,983127,31
MTE1,12319,983374,983405,31
MTE1,12323,983533,983564,31
MTE1,12324,983811,983842,31
MTE1,12328,983970,984001,31
MTE1,12329,984248,984279,31
MTE1,12333,984407,984438,31
MTE1,12334,984685,984716,31
MTE1,12338,984844,984875,31
MTE1,12339,985122,985153,31
MTE1,12343,985281,985312,31
MTE1,12344,985559,985590,31
MTE1,12348,985718,985749,31
MTE1,12349,985996,986027,31
MTE1,12353,986155,986186,31
MTE1,12354,986433,986464,31
MTE1,12358,986592,986623,31
MTE1,12359,986870,986901,31
MTE1,12365,987029,987060,31
MTE1,12366,987307,987338,31
MTE1,12370,987466,987497,31
MTE1,12371,987744,987775,31
MTE1,12375,987903,987934,31
MTE1,12376,988181,988212,31
MTE1,12380,988340,988371,31
MTE1,12381,988618,988649,31
MTE1,12385,988777,988808,31
MTE1,12386,989055,989086,31
MTE1,12390,989214,989245,31
MTE1,12391,989492,989523,31
MTE1,12395,989651,989682,31
MTE1,12396,989929,989960,31
MTE1,12400,990088,990119,31
MTE1,12401,990366,990397,31
MTE1,12405,990525,990556,31
MTE1,12406,990803,990834,31
MTE1,12410,990962,990993,31
MTE1,12411,991240,991271,31
MTE1,12415,991399,991430,31
MTE1,12416,991677,991708,31
MTE1,12420,991836,991867,31
MTE1,12421,992114,992145,31
MTE1,12425,992273,992304,31
MTE1,12426,992551,992582,31
MTE1,12430,992710,992741,31
MTE1,12431,992988,993019,31
MTE1,12435,993147,993178,31
MTE1,12436,993425,993456,31
MTE1,12440,993584,993615,31
MTE1,12441,993862,993893,31
MTE1,12447,994021,994052,31
MTE1,12448,994299,994330,31
MTE1,12452,994458,994489,31
MTE1,12453,994736,994767,31
MTE1,12457,994895,994926,31
MTE1,12458,995173,995204,31
MTE1,12462,995332,995363,31
MTE1,12463,995610,995641,31
MTE1,12467,995769,995800,31
MTE1,12468,996047,996078,31
MTE1,12472,996206,996237,31
MTE1,12473,996484,996515,31
MTE1,12477,996643,996674,31
MTE1,12478,996921,996952,31
MTE1,12482,997080,997111,31
MTE1,12483,997358,997389,31
MTE1,12487,997517,997548,31
MTE1,12488,997548,997579,31
MTE1,12492,997707,997738,31
MTE1,12493,997738,997769,31
MTE1,12497,997897,997928,31
MTE1,12498,997928,997959,31
MTE1,12502,998087,998118,31
MTE1,12503,998118,998149,31
MTE1,12507,998277,998308,31
MTE1,12508,998308,998339,31
MTE1,12512,998467,998498,31
MTE1,12513,998498,998529,31
MTE1,12517,998657,998688,31
MTE1,12518,998688,998719,31
MTE1,12522,998847,998878,31
MTE1,12523,998878,998909,31
MTE1,12529,999037,999068,31
MTE1,12530,999068,999099,31
MTE1,12534,999428,999459,31
MTE1,12535,999459,999490,31
MTE1,12539,999618,999649,31
MTE1,12540,999649,999680,31
MTE1,12544,999808,999839,31
MTE1,12545,999839,999870,31
MTE1,12549,999998,1000029,31
MTE1,12550,1000029,1000060,31
MTE1,12554,1000188,1000219,31
MTE1,12555,1000219,1000250,31
MTE1,12559,1000378,1000409,31
MTE1,12560,1000409,1000440,31
MTE1,12564,1000568,1000599,31
MTE1,12565,1001005,1001036,31
MTE1,12569,1001164,1001195,31
MTE1,12570,1001601,1001632,31
MTE1,12574,1001760,1001791,31
MTE1,12575,1002197,1002228,31
MTE1,12579,1002356,1002387,31
MTE1,12580,1002793,1002824,31
MTE1,12584,1002952,1002983,31
MTE1,12585,1003389,1003420,31
MTE1,12589,1003548,1003579,31
MTE1,12590,1003985,1004016,31
MTE1,12594,1004144,1004175,31
MTE1,12595,1004581,1004612,31
MTE1,12599,1004740,1004771,31
MTE1,12600,1005177,1005208,31
MTE1,12604,1005336,1005367,31
MTE1,12605,1005773,1005804,31
MTE1,12614,1006179,1006210,31
MTE1,12613,1006504,1006535,31
MTE1,12621,1006910,1006941,31
MTE1,12620,1007235,1007266,31
MTE1,12628,1007641,1007672,31
MTE1,12627,1007966,1007997,31
MTE1,12635,1008372,1008403,31
MTE1,12634,1008728,1008759,31
MTE1,12642,1009134,1009165,31
MTE1,12641,1009490,1009521,31
MTE1,12649,1009896,1009927,31
MTE1,12648,1010252,1010283,31
MTE1,12656,1010658,1010689,31
MTE1,12655,1011014,1011045,31
MTE1,12663,1011420,1011451,31
MTE1,12662,1011776,1011807,31
MTE1,12670,1012182,1012213,31
MTE1,12669,1012538,1012569,31
MTE1,12677,1012944,1012975,31
MTE1,12676,1013300,1013331,31
MTE1,12684,1013706,1013737,31
MTE1,12683,1014062,1014093,31
MTE1,12691,1014468,1014499,31
MTE1,12690,1014824,1014855,31
MTE1,12698,1015230,1015261,31
MTE1,12697,1015586,1015617,31
MTE1,12705,1015992,1016023,31
MTE1,12704,1016348,1016379,31
MTE1,12712,1016754,1016785,31
MTE1,12711,1017110,1017141,31
MTE1,12719,1017516,1017547,31
MTE1,12718,1017872,1017903,31
MTE1,12725,1018031,1018062,31
MTE1,12726,1018278,1018309,31
MTE1,12730,1018437,1018468,31
MTE1,12731,1018715,1018746,31
MTE1,12735,1018874,1018905,31
MTE1,12736,1019152,1019183,31
MTE1,12740,1019311,1019342,31
MTE1,12741,1019589,1019620,31
MTE1,12745,1019748,1019779,31
MTE1,12746,1020026,1020057,31
MTE1,12750,1020185,1020216,31
MTE1,12751,1020463,1020494,31
MTE1,12755,1020622,1020653,31
MTE1,12756,1020900,1020931,31
MTE1,12760,1021059,1021090,31
MTE1,12761,1021337,1021368,31
MTE1,12765,1021496,1021527,31
MTE1,12766,1021774,1021805,31
MTE1,12770,1021933,1021964,31
MTE1,12771,1022211,1022242,31
MTE1,12775,1022370,1022401,31
MTE1,12776,1022648,1022679,31
MTE1,12780,1022807,1022838,31
MTE1,12781,1023085,1023116,31
MTE1,12785,1023244,1023275,31
MTE1,12786,1023522,1023553,31
MTE1,12790,1023681,1023712,31
MTE1,12791,1023959,1023990,31
MTE1,12795,1024118,1024149,31
MTE1,12796,1024396,1024427,31
MTE1,12800,1024555,1024586,31
MTE1,12801,1024833,1024864,31
MTE1,12807,1024992,1025023,31
MTE1,12808,1025270,1025301,31
MTE1,12812,1025429,1025460,31
MTE1,12813,1025707,1025738,31
MTE1,12817,1025866,1025897,31
MTE1,12818,1026144,1026175,31
MTE1,12822,1026303,1026334,31
MTE1,12823,1026581,1026612,31
MTE1,12827,1026740,1026771,31
MTE1,12828,1027018,1027049,31
MTE1,12832,1027177,1027208,31
MTE1,12833,1027455,1027486,31
MTE1,12837,1027614,1027645,31
MTE1,12838,1027892,1027923,31
MTE1,12842,1028051,1028082,31
MTE1,12843,1028329,1028360,31
MTE1,12847,1028488,1028519,31
MTE1,12848,1028766,1028797,31
MTE1,12852,1028925,1028956,31
MTE1,12853,1029203,1029234,31
MTE1,12857,1029362,1029393,31
MTE1,12858,1029640,1029671,31
MTE1,12862,1029799,1029830,31
MTE1,12863,1030077,1030108,31
MTE1,12867,1030236,1030267,31
MTE1,12868,1030514,1030545,31
MTE1,12872,1030673,1030704,31
MTE1,12873,1030951,1030982,31
MTE1,12877,1031110,1031141,31
MTE1,12878,1031388,1031419,31
MTE1,12882,1031547,1031578,31
MTE1,12883,1031825,1031856,31
MTE1,12889,1031984,1032015,31
MTE1,12890,1032262,1032293,31
MTE1,12894,1032421,1032452,31
MTE1,12895,1032699,1032730,31
MTE1,12899,1032858,1032889,31
MTE1,12900,1033136,1033167,31
MTE1,12904,1033295,1033326,31
MTE1,12905,1033573,1033604,31
MTE1,12909,1033732,1033763,31
MTE1,12910,1034010,1034041,31
MTE1,12914,1034169,1034200,31
MTE1,12915,1034447,1034478,31
MTE1,12919,1034606,1034637,31
MTE1,12920,1034884,1034915,31
MTE1,12924,1035043,1035074,31
MTE1,12925,1035321,1035352,31
MTE1,12929,1035480,1035511,31
MTE1,12930,1035758,1035789,31
MTE1,12934,1035917,1035948,31
MTE1,12935,1036195,1036226,31
MTE1,12939,1036354,1036385,31
MTE1,12940,1036632,1036663,31
MTE1,12944,1036791,1036822,31
MTE1,12945,1037069,1037100,31
MTE1,12949,1037228,1037259,31
MTE1,12950,1037506,1037537,31
MTE1,12954,1037665,1037696,31
MTE1,12955,1037943,1037974,31
MTE1,12959,1038102,1038133,31
MTE1,12960,1038380,1038411,31
MTE1,12964,1038539,1038570,31
MTE1,12965,1038817,1038848,31
MTE1,12971,1038976,1039007,31
MTE1,12972,1039254,1039285,31
MTE1,12976,1039413,1039444,31
MTE1,12977,1039691,1039722,31
MTE1,12981,1039850,1039881,31
MTE1,12982,1040128,1040159,31
MTE1,12986,1040287,1040318,31
MTE1,12987,1040565,1040596,31
MTE1,12991,1040724,1040755,31
MTE1,12992,1041002,1041033,31
MTE1,12996,1041161,1041192,31
MTE1,12997,1041439,1041470,31
MTE1,13001,1041598,1041629,31
MTE1,13002,1041876,1041907,31
MTE1,13006,1042035,1042066,31
MTE1,13007,1042313,1042344,31
MTE1,13011,1042472,1042503,31
MTE1,13012,1042750,1042781,31
MTE1,13016,1042909,1042940,31
MTE1,13017,1043187,1043218,31
MTE1,13021,1043346,1043377,31
MTE1,13022,1043624,1043655,31
MTE1,13026,1043783,1043814,31
MTE1,13027,1044061,1044092,31
MTE1,13031,1044220,1044251,31
MTE1,13032,1044498,1044529,31
MTE1,13036,1044657,1044688,31
MTE1,13037,1044935,1044966,31
MTE1,13041,1045094,1045125,31
MTE1,13042,1045372,1045403,31
MTE1,13046,1045531,1045562,31
MTE1,13047,1045809,1045840,31
MTE1,13053,1045968,1045999,31
MTE1,13054,1046246,1046277,31
MTE1,13058,1046405,1046436,31
MTE1,13059,1046683,1046714,31
MTE1,13063,1046842,1046873,31
MTE1,13064,1047120,1047151,31
MTE1,13068,1047279,1047310,31
MTE1,13069,1047557,1047588,31
MTE1,13073,1047716,1047747,31
MTE1,13074,1047994,1048025,31
MTE1,13078,1048153,1048184,31
MTE1,13079,1048431,1048462,31
MTE1,13083,1048590,1048621,31
MTE1,13084,1048868,1048899,31
MTE1,13088,1049027,1049058,31
MTE1,13089,1049305,1049336,31
MTE1,13093,1049464,1049495,31
MTE1,13094,1049742,1049773,31
MTE1,13098,1049901,1049932,31
MTE1,13099,1050179,1050210,31
MTE1,13103,1050338,1050369,31
MTE1,13104,1050616,1050647,31
MTE1,13108,1050775,1050806,31
MTE1,13109,1051053,1051084,31
MTE1,13113,1051212,1051243,31
MTE1,13114,1051490,1051521,31
MTE1,13118,1051649,1051680,31
MTE1,13119,1051927,1051958,31
MTE1,13123,1052086,1052117,31
MTE1,13124,1052364,1052395,31
MTE1,13128,1052523,1052554,31
MTE1,13129,1052801,1052832,31
MTE1,13135,1052960,1052991,31
MTE1,13136,1053238,1053269,31
MTE1,13140,1053397,1053428,31
MTE1,13141,1053675,1053706,31
MTE1,13145,1053834,1053865,31
MTE1,13146,1054112,1054143,31
MTE1,13150,1054271,1054302,31
MTE1,13151,1054549,1054580,31
MTE1,13155,1054708,1054739,31
MTE1,13156,1054986,1055017,31
MTE1,13160,1055145,1055176,31
MTE1,13161,1055423,1055454,31
MTE1,13165,1055582,1055613,31
MTE1,13166,1055860,1055891,31
MTE1,13170,1056019,1056050,31
MTE1,13171,1056297,1056328,31
MTE1,13175,1056456,1056487,31
MTE1,13176,1056734,1056765,31
MTE1,13180,1056893,1056924,31
MTE1,13181,1057171,1057202,31
MTE1,13185,1057330,1057361,31
MTE1,13186,1057608,1057639,31
MTE1,13190,1057767,1057798,31
MTE1,13191,1058045,1058076,31
MTE1,13195,1058204,1058235,31
MTE1,13196,1058482,1058513,31
MTE1,13200,1058641,1058672,31
MTE1,13201,1058919,1058950,31
MTE1,13205,1059078,1059109,31
MTE1,13206,1059356,1059387,31
MTE1,13210,1059515,1059546,31
MTE1,13211,1059793,1059824,31
MTE1,13217,1059952,1059983,31
MTE1,13218,1060230,1060261,31
MTE1,13222,1060389,1060420,31
MTE1,13223,1060667,1060698,31
MTE1,13227,1060826,1060857,31
MTE1,13228,1061104,1061135,31
MTE1,13232,1061263,1061294,31
MTE1,13233,1061541,1061572,31
MTE1,13237,1061700,1061731,31
MTE1,13238,1061978,1062009,31
MTE1,13242,1062137,1062168,31
MTE1,13243,1062415,1062446,31
MTE1,13247,1062574,1062605,31
MTE1,13248,1062852,1062883,31
MTE1,13252,1063011,1063042,31
MTE1,13253,1063289,1063320,31
MTE1,13257,1063448,1063479,31
MTE1,13258,1063726,1063757,31
MTE1,13262,1063885,1063916,31
MTE1,13263,1064163,1064194,31
MTE1,13267,1064322,1064353,31
MTE1,13268,1064600,1064631,31
MTE1,13272,1064759,1064790,31
MTE1,13273,1065037,1065068,31
MTE1,13277,1065196,1065227,31
MTE1,13278,1065474,1065505,31
MTE1,13282,1065633,1065664,31
MTE1,13283,1065911,1065942,31
MTE1,13287,1066070,1066101,31
MTE1,13288,1066348,1066379,31
MTE1,13292,1066507,1066538,31
MTE1,13293,1066785,1066816,31
MTE1,13299,1066944,1066975,31
MTE1,13300,1067222,1067253,31
MTE1,13304,1067381,1067412,31
MTE1,13305,1067659,1067690,31
MTE1,13309,1067818,1067849,31
MTE1,13310,1068096,1068127,31
MTE1,13314,1068255,1068286,31
MTE1,13315,1068533,1068564,31
MTE1,13319,1068692,1068723,31
MTE1,13320,1068970,1069001,31
MTE1,13324,1069129,1069160,31
MTE1,13325,1069407,1069438,31
MTE1,13329,1069566,1069597,31
MTE1,13330,1069844,1069875,31
MTE1,13334,1070003,1070034,31
MTE1,13335,1070281,1070312,31
MTE1,13339,1070440,1070471,31
MTE1,13340,1070718,1070749,31
MTE1,13344,1070877,1070908,31
MTE1,13345,1071155,1071186,31
MTE1,13349,1071314,1071345,31
MTE1,13350,1071592,1071623,31
MTE1,13354,1071751,1071782,31
MTE1,13355,1072029,1072060,31
MTE1,13359,1072188,1072219,31
MTE1,13360,1072466,1072497,31
MTE1,13364,1072625,1072656,31
MTE1,13365,1072903,1072934,31
MTE1,13369,1073062,1073093,31
MTE1,13370,1073340,1073371,31
MTE1,13374,1073499,1073530,31
MTE1,13375,1073777,1073808,31
MTE1,13381,1073936,1073967,31
MTE1,13382,1074214,1074245,31
MTE1,13386,1074373,1074404,31
MTE1,13387,1074651,1074682,31
MTE1,13391,1074810,1074841,31
MTE1,13392,1075088,1075119,31
MTE1,13396,1075247,1075278,31
MTE1,13397,1075525,1075556,31
MTE1,13401,1075684,1075715,31
MTE1,13402,1075962,1075993,31
MTE1,13406,1076121,1076152,31
MTE1,13407,1076399,1076430,31
MTE1,13411,1076558,1076589,31
MTE1,13412,1076836,1076867,31
MTE1,13416,1076995,1077026,31
MTE1,13417,1077273,1077304,31
MTE1,13421,1077432,1077463,31
MTE1,13422,1077710,1077741,31
MTE1,13426,1077869,1077900,31
MTE1,13427,1078147,1078178,31
MTE1,13431,1078306,1078337,31
MTE1,13432,1078584,1078615,31
MTE1,13436,1078743,1078774,31
MTE1,13437,1079021,1079052,31
MTE1,13441,1079180,1079211,31
MTE1,13442,1079458,1079489,31
MTE1,13446,1079617,1079648,31
MTE1,13447,1079895,1079926,31
MTE1,13451,1080054,1080085,31
MTE1,13452,1080332,1080363,31
MTE1,13456,1080491,1080522,31
MTE1,13457,1080769,1080800,31
MTE1,13463,1080928,1080959,31
MTE1,13464,1081206,1081237,31
MTE1,13468,1081365,1081396,31
MTE1,13469,1081643,1081674,31
MTE1,13473,1081802,1081833,31
MTE1,13474,1082080,1082111,31
MTE1,13478,1082239,1082270,31
MTE1,13479,1082517,1082548,31
MTE1,13483,1082676,1082707,31
MTE1,13484,1082954,1082985,31
MTE1,13488,1083113,1083144,31
MTE1,13489,1083391,1083422,31
MTE1,13493,1083550,1083581,31
MTE1,13494,1083828,1083859,31
MTE1,13498,1083987,1084018,31
MTE1,13499,1084265,1084296,31
MTE1,13503,1084424,1084455,31
MTE1,13504,1084702,1084733,31
MTE1,13508,1084861,1084892,31
MTE1,13509,1085139,1085170,31
MTE1,13513,1085298,1085329,31
MTE1,13514,1085576,1085607,31
MTE1,13518,1085735,1085766,31
MTE1,13519,1086013,1086044,31
MTE1,13523,1086172,1086203,31
MTE1,13524,1086450,1086481,31
MTE1,13528,1086609,1086640,31
MTE1,13529,1086887,1086918,31
MTE1,13533,1087046,1087077,31
MTE1,13534,1087324,1087355,31
MTE1,13538,1087483,1087514,31
MTE1,13539,1087761,1087792,31
MTE1,13545,1087920,1087951,31
MTE1,13546,1088198,1088229,31
MTE1,13550,1088357,1088388,31
MTE1,13551,1088635,1088666,31
MTE1,13555,1088794,1088825,31
MTE1,13556,1089072,1089103,31
MTE1,13560,1089231,1089262,31
MTE1,13561,1089509,1089540,31
MTE1,13565,1089668,1089699,31
MTE1,13566,1089946,1089977,31
MTE1,13570,1090105,1090136,31
MTE1,13571,1090383,1090414,31
MTE1,13575,1090542,1090573,31
MTE1,13576,1090820,1090851,31
MTE1,13580,1090979,1091010,31
MTE1,13581,1091257,1091288,31
MTE1,13585,1091416,1091447,31
MTE1,13586,1091694,1091725,31
MTE1,13590,1091853,1091884,31
MTE1,13591,1092131,1092162,31
MTE1,13595,1092290,1092321,31
MTE1,13596,1092568,1092599,31
MTE1,13600,1092727,1092758,31
MTE1,13601,1093005,1093036,31
MTE1,13605,1093164,1093195,31
MTE1,13606,1093442,1093473,31
MTE1,13610,1093601,1093632,31
MTE1,13611,1093879,1093910,31
MTE1,13615,1094038,1094069,31
MTE1,13616,1094316,1094347,31
MTE1,13620,1094475,1094506,31
MTE1,13621,1094753,1094784,31
MTE1,13627,1094912,1094943,31
MTE1,13628,1095190,1095221,31
MTE1,13632,1095349,1095380,31
MTE1,13633,1095627,1095658,31
MTE1,13637,1095786,1095817,31
MTE1,13638,1096064,1096095,31
MTE1,13642,1096223,1096254,31
MTE1,13643,1096501,1096532,31
MTE1,13647,1096660,1096691,31
MTE1,13648,1096938,1096969,31
MTE1,13652,1097097,1097128,31
MTE1,13653,1097375,1097406,31
MTE1,13657,1097534,1097565,31
MTE1,13658,1097812,1097843,31
MTE1,13662,1097971,1098002,31
MTE1,13663,1098249,1098280,31
MTE1,13667,1098408,1098439,31
MTE1,13668,1098686,1098717,31
MTE1,13672,1098845,1098876,31
MTE1,13673,1099123,1099154,31
MTE1,13677,1099282,1099313,31
MTE1,13678,1099560,1099591,31
MTE1,13682,1099719,1099750,31
MTE1,13683,1099997,1100028,31
MTE1,13687,1100156,1100187,31
MTE1,13688,1100434,1100465,31
MTE1,13692,1100593,1100624,31
MTE1,13693,1100871,1100902,31
MTE1,13697,1101030,1101061,31
MTE1,13698,1101308,1101339,31
MTE1,13702,1101467,1101498,31
MTE1,13703,1101745,1101776,31
MTE1,13709,1101904,1101935,31
MTE1,13710,1102182,1102213,31
MTE1,13714,1102341,1102372,31
MTE1,13715,1102619,1102650,31
MTE1,13719,1102778,1102809,31
MTE1,13720,1103056,1103087,31
MTE1,13724,1103215,1103246,31
MTE1,13725,1103493,1103524,31
MTE1,13729,1103652,1103683,31
MTE1,13730,1103930,1103961,31
MTE1,13734,1104089,1104120,31
MTE1,13735,1104367,1104398,31
MTE1,13739,1104526,1104557,31
MTE1,13740,1104804,1104835,31
MTE1,13744,1104963,1104994,31
MTE1,13745,1105241,1105272,31
MTE1,13749,1105400,1105431,31
MTE1,13750,1105678,1105709,31
MTE1,13754,1105837,1105868,31
MTE1,13755,1106115,1106146,31
MTE1,13759,1106274,1106305,31
MTE1,13760,1106552,1106583,31
MTE1,13764,1106711,1106742,31
MTE1,13765,1106989,1107020,31
MTE1,13769,1107148,1107179,31
MTE1,13770,1107426,1107457,31
MTE1,13774,1107585,1107616,31
MTE1,13775,1107863,1107894,31
MTE1,13779,1108022,1108053,31
MTE1,13780,1108300,1108331,31
MTE1,13784,1108459,1108490,31
MTE1,13785,1108737,1108768,31
MTE1,13791,1108896,1108927,31
MTE1,13792,1109174,1109205,31
MTE1,13796,1109333,1109364,31
MTE1,13797,1109611,1109642,31
MTE1,13801,1109770,1109801,31
MTE1,13802,1110048,1110079,31
MTE1,13806,1110207,1110238,31
MTE1,13807,1110485,1110516,31
MTE1,13811,1110644,1110675,31
MTE1,13812,1110922,1110953,31
MTE1,13816,1111081,1111112,31
MTE1,13817,1111359,1111390,31
MTE1,13821,1111518,1111549,31
MTE1,13822,1111796,1111827,31
MTE1,13826,1111955,1111986,31
MTE1,13827,1111986,1112017,31
MTE1,13831,1112145,1112176,31
MTE1,13832,1112176,1112207,31
MTE1,13836,1112335,1112366,31
MTE1,13837,1112366,1112397,31
MTE1,13841,1112525,1112556,31
MTE1,13842,1112556,1112587,31
MTE1,13846,1112715,1112746,31
MTE1,13847,1112746,1112777,31
MTE1,13851,1112905,1112936,31
MTE1,13852,1112936,1112967,31
MTE1,13856,1113095,1113126,31
MTE1,13857,1113126,1113157,31
MTE1,13861,1113285,1113316,31
MTE1,13862,1113316,1113347,31
MTE1,13866,1113475,1113506,31
MTE1,13867,1113506,1113537,31
MTE1,13873,1113665,1113696,31
MTE1,13874,1113696,1113727,31
MTE1,13878,1114056,1114087,31
MTE1,13879,1114087,1114118,31
MTE1,13883,1114246,1114277,31
MTE1,13884,1114277,1114308,31
MTE1,13888,1114436,1114467,31
MTE1,13889,1114467,1114498,31
MTE1,13893,1114626,1114657,31
MTE1,13894,1114657,1114688,31
MTE1,13898,1114816,1114847,31
MTE1,13899,1114847,1114878,31
MTE1,13903,1115006,1115037,31
MTE1,13904,1115443,1115474,31
MTE1,13908,1115602,1115633,31
MTE1,13909,1116039,1116070,31
MTE1,13913,1116198,1116229,31
MTE1,13914,1116635,1116666,31
MTE1,13918,1116794,1116825,31
MTE1,13919,1117231,1117262,31
MTE1,13923,1117390,1117421,31
MTE1,13924,1117827,1117858,31
MTE1,13928,1117986,1118017,31
MTE1,13929,1118423,1118454,31
MTE1,13933,1118582,1118613,31
MTE1,13934,1119019,1119050,31
MTE1,13938,1119178,1119209,31
MTE1,13939,1119615,1119646,31
MTE1,13943,1119774,1119805,31
MTE1,13944,1120211,1120242,31
MTE1,13948,1120370,1120401,31
MTE1,13949,1120807,1120838,31
MTE1,13958,1121213,1121244,31
MTE1,13957,1121538,1121569,31
MTE1,13965,1121944,1121975,31
MTE1,13964,1122269,1122300,31
MTE1,13972,1122675,1122706,31
MTE1,13971,1123000,1123031,31
MTE1,13979,1123406,1123437,31
MTE1,13978,1123762,1123793,31
MTE1,13986,1124168,1124199,31
MTE1,13985,1124524,1124555,31
MTE1,13993,1124930,1124961,31
MTE1,13992,1125286,1125317,31
MTE1,14000,1125692,1125723,31
MTE1,13999,1126048,1126079,31
MTE1,14007,1126454,1126485,31
MTE1,14006,1126810,1126841,31
MTE1,14014,1127216,1127247,31
MTE1,14013,1127572,1127603,31
MTE1,14021,1127978,1128009,31
MTE1,14020,1128334,1128365,31
MTE1,14028,1128740,1128771,31
MTE1,14027,1129096,1129127,31
MTE1,14035,1129502,1129533,31
MTE1,14034,1129858,1129889,31
MTE1,14042,1130264,1130295,31
MTE1,14041,1130620,1130651,31
MTE1,14049,1131026,1131057,31
MTE1,14048,1131382,1131413,31
MTE1,14056,1131788,1131819,31
MTE1,14055,1132144,1132175,31
MTE1,14063,1132550,1132581,31
MTE1,14062,1132906,1132937,31
MTE1,14069,1133065,1133096,31
MTE1,14070,1133312,1133343,31
MTE1,14074,1133471,1133502,31
MTE1,14075,1133749,1133780,31
MTE1,14079,1133908,1133939,31
MTE1,14080,1134186,1134217,31
MTE1,14084,1134345,1134376,31
MTE1,14085,1134623,1134654,31
MTE1,14089,1134782,1134813,31
MTE1,14090,1135060,1135091,31
MTE1,14094,1135219,1135250,31
MTE1,14095,1135497,1135528,31
MTE1,14099,1135656,1135687,31
MTE1,14100,1135934,1135965,31
MTE1,14104,1136093,1136124,31
MTE1,14105,1136371,1136402,31
MTE1,14109,1136530,1136561,31
MTE1,14110,1136808,1136839,31
MTE1,14114,1136967,1136998,31
MTE1,14115,1137245,1137276,31
MTE1,14119,1137404,1137435,31
MTE1,14120,1137682,1137713,31
MTE1,14124,1137841,1137872,31
MTE1,14125,1138119,1138150,31
MTE1,14129,1138278,1138309,31
MTE1,14130,1138556,1138587,31
MTE1,14134,1138715,1138746,31
MTE1,14135,1138993,1139024,31
MTE1,14139,1139152,1139183,31
MTE1,14140,1139430,1139461,31
MTE1,14144,1139589,1139620,31
MTE1,14145,1139867,1139898,31
MTE1,14151,1140026,1140057,31
MTE1,14152,1140304,1140335,31
MTE1,14156,1140463,1140494,31
MTE1,14157,1140741,1140772,31
MTE1,14161,1140900,1140931,31
MTE1,14162,1141178,1141209,31
MTE1,14166,1141337,1141368,31
MTE1,14167,1141615,1141646,31
MTE1,14171,1141774,1141805,31
MTE1,14172,1142052,1142083,31
MTE1,14176,1142211,1142242,31
MTE1,14177,1142489,1142520,31
MTE1,14181,1142648,1142679,31
MTE1,14182,1142926,1142957,31
MTE1,14186,1143085,1143116,31
MTE1,14187,1143363,1143394,31
MTE1,14191,1143522,1143553,31
MTE1,14192,1143800,1143831,31
MTE1,14196,1143959,1143990,31
MTE1,14197,1144237,1144268,31
MTE1,14201,1144396,1144427,31
MTE1,14202,1144674,1144705,31
MTE1,14206,1144833,1144864,31
MTE1,14207,1145111,1145142,31
MTE1,14211,1145270,1145301,31
MTE1,14212,1145548,1145579,31
MTE1,14216,1145707,1145738,31
MTE1,14217,1145985,1146016,31
MTE1,14221,1146144,1146175,31
MTE1,14222,1146422,1146453,31
MTE1,14226,1146581,1146612,31
MTE1,14227,1146859,1146890,31
MTE1,14233,1147018,1147049,31
MTE1,14234,1147296,1147327,31
MTE1,14238,1147455,1147486,31
MTE1,14239,1147733,1147764,31
MTE1,14243,1147892,1147923,31
MTE1,14244,1148170,1148201,31
MTE1,14248,1148329,1148360,31
MTE1,14249,1148607,1148638,31
MTE1,14253,1148766,1148797,31
MTE1,14254,1149044,1149075,31
MTE1,14258,1149203,1149234,31
MTE1,14259,1149481,1149512,31
MTE1,14263,1149640,1149671,31
MTE1,14264,1149918,1149949,31
MTE1,14268,1150077,1150108,31
MTE1,14269,1150355,1150386,31
MTE1,14273,1150514,1150545,31
MTE1,14274,1150792,1150823,31
MTE1,14278,1150951,1150982,31
MTE1,14279,1151229,1151260,31
MTE1,14283,1151388,1151419,31
MTE1,14284,1151666,1151697,31
MTE1,14288,1151825,1151856,31
MTE1,14289,1152103,1152134,31
MTE1,14293,1152262,1152293,31
MTE1,14294,1152540,1152571,31
MTE1,14298,1152699,1152730,31
MTE1,14299,1152977,1153008,31
MTE1,14303,1153136,1153167,31
MTE1,14304,1153414,1153445,31
MTE1,14308,1153573,1153604,31
MTE1,14309,1153851,1153882,31
MTE1,14315,1154010,1154041,31
MTE1,14316,1154288,1154319,31
MTE1,14320,1154447,1154478,31
MTE1,14321,1154725,1154756,31
MTE1,14325,1154884,1154915,31
MTE1,14326,1155162,1155193,31
MTE1,14330,1155321,1155352,31
MTE1,14331,1155599,1155630,31
MTE1,14335,1155758,1155789,31
MTE1,14336,1156036,1156067,31
MTE1,14340,1156195,1156226,31
MTE1,14341,1156473,1156504,31
MTE1,14345,1156632,1156663,31
MTE1,14346,1156910,1156941,31
MTE1,14350,1157069,1157100,31
MTE1,14351,1157347,1157378,31
MTE1,14355,1157506,1157537,31
MTE1,14356,1157784,1157815,31
MTE1,14360,1157943,1157974,31
MTE1,14361,1158221,1158252,31
MTE1,14365,1158380,1158411,31
MTE1,14366,1158658,1158689,31
MTE1,14370,1158817,1158848,31
MTE1,14371,1159095,1159126,31
MTE1,14375,1159254,1159285,31
MTE1,14376,1159532,1159563,31
MTE1,14380,1159691,1159722,31
MTE1,14381,1159969,1160000,31
MTE1,14385,1160128,1160159,31
MTE1,14386,1160406,1160437,31
MTE1,14390,1160565,1160596,31
MTE1,14391,1160843,1160874,31
MTE1,14397,1161002,1161033,31
MTE1,14398,1161280,1161311,31
MTE1,14402,1161439,1161470,31
MTE1,14403,1161717,1161748,31
MTE1,14407,1161876,1161907,31
MTE1,14408,1162154,1162185,31
MTE1,14412,1162313,1162344,31
MTE1,14413,1162591,1162622,31
MTE1,14417,1162750,1162781,31
MTE1,14418,1163028,1163059,31
MTE1,14422,1163187,1163218,31
MTE1,14423,1163465,1163496,31
MTE1,14427,1163624,1163655,31
MTE1,14428,1163902,1163933,31
MTE1,14432,1164061,1164092,31
MTE1,14433,1164339,1164370,31
MTE1,14437,1164498,1164529,31
MTE1,14438,1164776,1164807,31
MTE1,14442,1164935,1164966,31
MTE1,14443,1165213,1165244,31
MTE1,14447,1165372,1165403,31
MTE1,14448,1165650,1165681,31
MTE1,14452,1165809,1165840,31
MTE1,14453,1166087,1166118,31
MTE1,14457,1166246,1166277,31
MTE1,14458,1166524,1166555,31
MTE1,14462,1166683,1166714,31
MTE1,14463,1166961,1166992,31
MTE1,14467,1167120,1167151,31
MTE1,14468,1167398,1167429,31
MTE1,14472,1167557,1167588,31
MTE1,14473,1167835,1167866,31
MTE1,14479,1167994,1168025,31
MTE1,14480,1168272,1168303,31
MTE1,14484,1168431,1168462,31
MTE1,14485,1168709,1168740,31
MTE1,14489,1168868,1168899,31
MTE1,14490,1169146,1169177,31
MTE1,14494,1169305,1169336,31
MTE1,14495,1169583,1169614,31
MTE1,14499,1169742,1169773,31
MTE1,14500,1170020,1170051,31
MTE1,14504,1170179,1170210,31
MTE1,14505,1170457,1170488,31
MTE1,14509,1170616,1170647,31
MTE1,14510,1170894,1170925,31
MTE1,14514,1171053,1171084,31
MTE1,14515,1171331,1171362,31
MTE1,14519,1171490,1171521,31
MTE1,14520,1171768,1171799,31
MTE1,14524,1171927,1171958,31
MTE1,14525,1172205,1172236,31
MTE1,14529,1172364,1172395,31
MTE1,14530,1172642,1172673,31
MTE1,14534,1172801,1172832,31
MTE1,14535,1173079,1173110,31
MTE1,14539,1173238,1173269,31
MTE1,14540,1173516,1173547,31
MTE1,14544,1173675,1173706,31
MTE1,14545,1173953,1173984,31
MTE1,14549,1174112,1174143,31
MTE1,14550,1174390,1174421,31
MTE1,14554,1174549,1174580,31
MTE1,14555,1174827,1174858,31
MTE1,14561,1174986,1175017,31
MTE1,14562,1175264,1175295,31
MTE1,14566,1175423,1175454,31
MTE1,14567,1175701,1175732,31
MTE1,14571,1175860,1175891,31
MTE1,14572,1176138,1176169,31
MTE1,14576,1176297,1176328,31
MTE1,14577,1176575,1176606,31
MTE1,14581,1176734,1176765,31
MTE1,14582,1177012,1177043,31
MTE1,14586,1177171,1177202,31
MTE1,14587,1177449,1177480,31
MTE1,14591,1177608,1177639,31
MTE1,14592,1177886,1177917,31
MTE1,14596,1178045,1178076,31
MTE1,14597,1178323,1178354,31
MTE1,14601,1178482,1178513,31
MTE1,14602,1178760,1178791,31
MTE1,14606,1178919,1178950,31
MTE1,14607,1179197,1179228,31
MTE1,14611,1179356,1179387,31
MTE1,14612,1179634,1179665,31
MTE1,14616,1179793,1179824,31
MTE1,14617,1180071,1180102,31
MTE1,14621,1180230,1180261,31
MTE1,14622,1180508,1180539,31
MTE1,14626,1180667,1180698,31
MTE1,14627,1180945,1180976,31
MTE1,14631,1181104,1181135,31
MTE1,14632,1181382,1181413,31
MTE1,14636,1181541,1181572,31
MTE1,14637,1181819,1181850,31
MTE1,14643,1181978,1182009,31
MTE1,14644,1182256,1182287,31
MTE1,14648,1182415,1182446,31
MTE1,14649,1182693,1182724,31
MTE1,14653,1182852,1182883,31
MTE1,14654,1183130,1183161,31
MTE1,14658,1183289,1183320,31
MTE1,14659,1183567,1183598,31
MTE1,14663,1183726,1183757,31
MTE1,14664,1184004,1184035,31
MTE1,14668,1184163,1184194,31
MTE1,14669,1184441,1184472,31
MTE1,14673,1184600,1184631,31
MTE1,14674,1184878,1184909,31
MTE1,14678,1185037,1185068,31
MTE1,14679,1185315,1185346,31
MTE1,14683,1185474,1185505,31
MTE1,14684,1185752,1185783,31
MTE1,14688,1185911,1185942,31
MTE1,14689,1186189,1186220,31
MTE1,14693,1186348,1186379,31
MTE1,14694,1186626,1186657,31
MTE1,14698,1186785,1186816,31
MTE1,14699,1187063,1187094,31
MTE1,14703,1187222,1187253,31
MTE1,14704,1187500,1187531,31
MTE1,14708,1187659,1187690,31
MTE1,14709,1187937,1187968,31
MTE1,14713,1188096,1188127,31
MTE1,14714,1188374,1188405,31
MTE1,14718,1188533,1188564,31
MTE1,14719,1188811,1188842,31
MTE1,14725,1188970,1189001,31
MTE1,14726,1189248,1189279,31
MTE1,14730,1189407,1189438,31
MTE1,14731,1189685,1189716,31
MTE1,14735,1189844,1189875,31
MTE1,14736,1190122,1190153,31
MTE1,14740,1190281,1190312,31
MTE1,14741,1190559,1190590,31
MTE1,14745,1190718,1190749,31
MTE1,14746,1190996,1191027,31
MTE1,14750,1191155,1191186,31
MTE1,14751,1191433,1191464,31
MTE1,14755,1191592,1191623,31
MTE1,14756,1191870,1191901,31
MTE1,14760,1192029,1192060,31
MTE1,14761,1192307,1192338,31
MTE1,14765,1192466,1192497,31
MTE1,14766,1192744,1192775,31
MTE1,14770,1192903,1192934,31
MTE1,14771,1193181,1193212,31
MTE1,14775,1193340,1193371,31
MTE1,14776,1193618,1193649,31
MTE1,14780,1193777,1193808,31
MTE1,14781,1194055,1194086,31
MTE1,14785,1194214,1194245,31
MTE1,14786,1194492,1194523,31
MTE1,14790,1194651,1194682,31
MTE1,14791,1194929,1194960,31
MTE1,14795,1195088,1195119,31
MTE1,14796,1195366,1195397,31
MTE1,14800,1195525,1195556,31
MTE1,14801,1195803,1195834,31
MTE1,14807,1195962,1195993,31
MTE1,14808,1196240,1196271,31
MTE1,14812,1196399,1196430,31
MTE1,14813,1196677,1196708,31
MTE1,14817,1196836,1196867,31
MTE1,14818,1197114,1197145,31
MTE1,14822,1197273,1197304,31
MTE1,14823,1197551,1197582,31
MTE1,14827,1197710,1197741,31
MTE1,14828,1197988,1198019,31
MTE1,14832,1198147,1198178,31
MTE1,14833,1198425,1198456,31
MTE1,14837,1198584,1198615,31
MTE1,14838,1198862,1198893,31
MTE1,14842,1199021,1199052,31
MTE1,14843,1199299,1199330,31
MTE1,14847,1199458,1199489,31
MTE1,14848,1199736,1199767,31
MTE1,14852,1199895,1199926,31
MTE1,14853,1200173,1200204,31
MTE1,14857,1200332,1200363,31
MTE1,14858,1200610,1200641,31
MTE1,14862,1200769,1200800,31
MTE1,14863,1201047,1201078,31
MTE1,14867,1201206,1201237,31
MTE1,14868,1201484,1201515,31
MTE1,14872,1201643,1201674,31
MTE1,14873,1201921,1201952,31
MTE1,14877,1202080,1202111,31
MTE1,14878,1202358,1202389,31
MTE1,14882,1202517,1202548,31
MTE1,14883,1202795,1202826,31
MTE1,14889,1202954,1202985,31
MTE1,14890,1203232,1203263,31
MTE1,14894,1203391,1203422,31
MTE1,14895,1203669,1203700,31
MTE1,14899,1203828,1203859,31
MTE1,14900,1204106,1204137,31
MTE1,14904,1204265,1204296,31
MTE1,14905,1204543,1204574,31
MTE1,14909,1204702,1204733,31
MTE1,14910,1204980,1205011,31
MTE1,14914,1205139,1205170,31
MTE1,14915,1205417,1205448,31
MTE1,14919,1205576,1205607,31
MTE1,14920,1205854,1205885,31
MTE1,14924,1206013,1206044,31
MTE1,14925,1206291,1206322,31
MTE1,14929,1206450,1206481,31
MTE1,14930,1206728,1206759,31
MTE1,14934,1206887,1206918,31
MTE1,14935,1207165,1207196,31
MTE1,14939,1207324,1207355,31
MTE1,14940,1207602,1207633,31
MTE1,14944,1207761,1207792,31
MTE1,14945,1208039,1208070,31
MTE1,14949,1208198,1208229,31
MTE1,14950,1208476,1208507,31
MTE1,14954,1208635,1208666,31
MTE1,14955,1208913,1208944,31
MTE1,14959,1209072,1209103,31
MTE1,14960,1209350,1209381,31
MTE1,14964,1209509,1209540,31
MTE1,14965,1209787,1209818,31
MTE1,14971,1209946,1209977,31
MTE1,14972,1210224,1210255,31
MTE1,14976,1210383,1210414,31
MTE1,14977,1210661,1210692,31
MTE1,14981,1210820,1210851,31
MTE1,14982,1211098,1211129,31
MTE1,14986,1211257,1211288,31
MTE1,14987,1211535,1211566,31
MTE1,14991,1211694,1211725,31
MTE1,14992,1211972,1212003,31
MTE1,14996,1212131,1212162,31
MTE1,14997,1212409,1212440,31
MTE1,15001,1212568,1212599,31
MTE1,15002,1212846,1212877,31
MTE1,15006,1213005,1213036,31
MTE1,15007,1213283,1213314,31
MTE1,15011,1213442,1213473,31
MTE1,15012,1213720,1213751,31
MTE1,15016,1213879,1213910,31
MTE1,15017,1214157,1214188,31
MTE1,15021,1214316,1214347,31
MTE1,15022,1214594,1214625,31
MTE1,15026,1214753,1214784,31
MTE1,15027,1215031,1215062,31
MTE1,15031,1215190,1215221,31
MTE1,15032,1215468,1215499,31
MTE1,15036,1215627,1215658,31
MTE1,15037,1215905,1215936,31
MTE1,15041,1216064,1216095,31
MTE1,15042,1216342,1216373,31
MTE1,15046,1216501,1216532,31
MTE1,15047,1216779,1216810,31
MTE1,15053,1216938,1216969,31
MTE1,15054,1217216,1217247,31
MTE1,15058,1217375,1217406,31
MTE1,15059,1217653,1217684,31
MTE1,15063,1217812,1217843,31
MTE1,15064,1218090,1218121,31
MTE1,15068,1218249,1218280,31
MTE1,15069,1218527,1218558,31
MTE1,15073,1218686,1218717,31
MTE1,15074,1218964,1218995,31
MTE1,15078,1219123,1219154,31
MTE1,15079,1219401,1219432,31
MTE1,15083,1219560,1219591,31
MTE1,15084,1219838,1219869,31
MTE1,15088,1219997,1220028,31
MTE1,15089,1220275,1220306,31
MTE1,15093,1220434,1220465,31
MTE1,15094,1220712,1220743,31
MTE1,15098,1220871,1220902,31
MTE1,15099,1221149,1221180,31
MTE1,15103,1221308,1221339,31
MTE1,15104,1221586,1221617,31
MTE1,15108,1221745,1221776,31
MTE1,15109,1222023,1222054,31
MTE1,15113,1222182,1222213,31
MTE1,15114,1222460,1222491,31
MTE1,15118,1222619,1222650,31
MTE1,15119,1222897,1222928,31
MTE1,15123,1223056,1223087,31
MTE1,15124,1223334,1223365,31
MTE1,15128,1223493,1223524,31
MTE1,15129,1223771,1223802,31
MTE1,15135,1223930,1223961,31
MTE1,15136,1224208,1224239,31
MTE1,15140,1224367,1224398,31
MTE1,15141,1224645,1224676,31
MTE1,15145,1224804,1224835,31
MTE1,15146,1225082,1225113,31
MTE1,15150,1225241,1225272,31
MTE1,15151,1225519,1225550,31
MTE1,15155,1225678,1225709,31
MTE1,15156,1225956,1225987,31
MTE1,15160,1226115,1226146,31
MTE1,15161,1226393,1226424,31
MTE1,15165,1226552,1226583,31
MTE1,15166,1226583,1226614,31
MTE1,15170,1226742,1226773,31
MTE1,15171,1226773,1226804,31
MTE1,15175,1226932,1226963,31
MTE1,15176,1226963,1226994,31
MTE1,15180,1227122,1227153,31
MTE1,15181,1227153,1227184,31
MTE1,15185,1227312,1227343,31
MTE1,15186,1227343,1227374,31
MTE1,15190,1227502,1227533,31
MTE1,15191,1227533,1227564,31
MTE1,15195,1227692,1227723,31
MTE1,15196,1227723,1227754,31
MTE1,15200,1227882,1227913,31
MTE1,15201,1227913,1227944,31
MTE1,15205,1228072,1228103,31
MTE1,15206,1228103,1228134,31
MTE1,15210,1228262,1228293,31
MTE1,15211,1228293,1228324,31
MTE1,15217,1228452,1228483,31
MTE1,15218,1228483,1228514,31
MTE1,15222,1228843,1228874,31
MTE1,15223,1228874,1228905,31
MTE1,15227,1229033,1229064,31
MTE1,15228,1229064,1229095,31
MTE1,15232,1229223,1229254,31
MTE1,15233,1229254,1229285,31
MTE1,15237,1229413,1229444,31
MTE1,15238,1229444,1229475,31
MTE1,15242,1229603,1229634,31
MTE1,15243,1230040,1230071,31
MTE1,15247,1230199,1230230,31
MTE1,15248,1230636,1230667,31
MTE1,15252,1230795,1230826,31
MTE1,15253,1231232,1231263,31
MTE1,15257,1231391,1231422,31
MTE1,15258,1231828,1231859,31
MTE1,15262,1231987,1232018,31
MTE1,15263,1232424,1232455,31
MTE1,15267,1232583,1232614,31
MTE1,15268,1233020,1233051,31
MTE1,15272,1233179,1233210,31
MTE1,15273,1233616,1233647,31
MTE1,15277,1233775,1233806,31
MTE1,15278,1234212,1234243,31
MTE1,15282,1234371,1234402,31
MTE1,15283,1234808,1234839,31
MTE1,15287,1234967,1234998,31
MTE1,15288,1235404,1235435,31
MTE1,15292,1235563,1235594,31
MTE1,15293,1236000,1236031,31
MTE1,15302,1236406,1236437,31
MTE1,15301,1236731,1236762,31
MTE1,15309,1237137,1237168,31
MTE1,15308,1237462,1237493,31
MTE1,15316,1237868,1237899,31
MTE1,15315,1238224,1238255,31
MTE1,15323,1238630,1238661,31
MTE1,15322,1238986,1239017,31
MTE1,15330,1239392,1239423,31
MTE1,15329,1239748,1239779,31
MTE1,15337,1240154,1240185,31
MTE1,15336,1240510,1240541,31
MTE1,15344,1240916,1240947,31
MTE1,15343,1241272,1241303,31
MTE1,15351,1241678,1241709,31
MTE1,15350,1242034,1242065,31
MTE1,15358,1242440,1242471,31
MTE1,15357,1242796,1242827,31
MTE1,15365,1243202,1243233,31
MTE1,15364,1243558,1243589,31
MTE1,15372,1243964,1243995,31
MTE1,15371,1244320,1244351,31
MTE1,15379,1244726,1244757,31
MTE1,15378,1245082,1245113,31
MTE1,15386,1245488,1245519,31
MTE1,15385,1245844,1245875,31
MTE1,15393,1246250,1246281,31
MTE1,15392,1246606,1246637,31
MTE1,15400,1247012,1247043,31
MTE1,15399,1247368,1247399,31
MTE1,15407,1247774,1247805,31
MTE1,15406,1248130,1248161,31
MTE1,15413,1248289,1248320,31
MTE1,15414,1248536,1248567,31
MTE1,15418,1248695,1248726,31
MTE1,15419,1248973,1249004,31
MTE1,15423,1249132,1249163,31
MTE1,15424,1249410,1249441,31
MTE1,15428,1249569,1249600,31
MTE1,15429,1249847,1249878,31
MTE1,15433,1250006,1250037,31
MTE1,15434,1250284,1250315,31
MTE1,15438,1250443,1250474,31
MTE1,15439,1250721,1250752,31
MTE1,15443,1250880,1250911,31
MTE1,15444,1251158,1251189,31
MTE1,15448,1251317,1251348,31
MTE1,15449,1251595,1251626,31
MTE1,15453,1251754,1251785,31
MTE1,15454,1252032,1252063,31
MTE1,15458,1252191,1252222,31
MTE1,15459,1252469,1252500,31
MTE1,15463,1252628,1252659,31
MTE1,15464,1252906,1252937,31
MTE1,15468,1253065,1253096,31
MTE1,15469,1253343,1253374,31
MTE1,15473,1253502,1253533,31
MTE1,15474,1253780,1253811,31
MTE1,15478,1253939,1253970,31
MTE1,15479,1254217,1254248,31
MTE1,15483,1254376,1254407,31
MTE1,15484,1254654,1254685,31
MTE1,15488,1254813,1254844,31
MTE1,15489,1255091,1255122,31
MTE1,15495,1255250,1255281,31
MTE1,15496,1255528,1255559,31
MTE1,15500,1255687,1255718,31
MTE1,15501,1255965,1255996,31
MTE1,15505,1256124,1256155,31
MTE1,15506,1256402,1256433,31
MTE1,15510,1256561,1256592,31
MTE1,15511,1256839,1256870,31
MTE1,15515,1256998,1257029,31
MTE1,15516,1257276,1257307,31
MTE1,15520,1257435,1257466,31
MTE1,15521,1257713,1257744,31
MTE1,15525,1257872,1257903,31
MTE1,15526,1258150,1258181,31
MTE1,15530,1258309,1258340,31
MTE1,15531,1258587,1258618,31
MTE1,15535,1258746,1258777,31
MTE1,15536,1259024,1259055,31
MTE1,15540,1259183,1259214,31
MTE1,15541,1259461,1259492,31
MTE1,15545,1259620,1259651,31
MTE1,15546,1259898,1259929,31
MTE1,15550,1260057,1260088,31
MTE1,15551,1260335,1260366,31
MTE1,15555,1260494,1260525,31
MTE1,15556,1260772,1260803,31
MTE1,15560,1260931,1260962,31
MTE1,15561,1261209,1261240,31
MTE1,15565,1261368,1261399,31
MTE1,15566,1261646,1261677,31
MTE1,15570,1261805,1261836,31
MTE1,15571,1262083,1262114,31
MTE1,15577,1262242,1262273,31
MTE1,15578,1262520,1262551,31
MTE1,15582,1262679,1262710,31
MTE1,15583,1262957,1262988,31
MTE1,15587,1263116,1263147,31
MTE1,15588,1263394,1263425,31
MTE1,15592,1263553,1263584,31
MTE1,15593,1263831,1263862,31
MTE1,15597,1263990,1264021,31
MTE1,15598,1264268,1264299,31
MTE1,15602,1264427,1264458,31
MTE1,15603,1264705,1264736,31
MTE1,15607,1264864,1264895,31
MTE1,15608,1265142,1265173,31
MTE1,15612,1265301,1265332,31
MTE1,15613,1265579,1265610,31
MTE1,15617,1265738,1265769,31
MTE1,15618,1266016,1266047,31
MTE1,15622,1266175,1266206,31
MTE1,15623,1266453,1266484,31
MTE1,15627,1266612,1266643,31
MTE1,15628,1266890,1266921,31
MTE1,15632,1267049,1267080,31
MTE1,15633,1267327,1267358,31
MTE1,15637,1267486,1267517,31
MTE1,15638,1267764,1267795,31
MTE1,15642,1267923,1267954,31
MTE1,15643,1268201,1268232,31
MTE1,15647,1268360,1268391,31
MTE1,15648,1268638,1268669,31
MTE1,15652,1268797,1268828,31
MTE1,15653,1269075,1269106,31
MTE1,15659,1269234,1269265,31
MTE1,15660,1269512,1269543,31
MTE1,15664,1269671,1269702,31
MTE1,15665,1269949,1269980,31
MTE1,15669,1270108,1270139,31
MTE1,15670,1270386,1270417,31
MTE1,15674,1270545,1270576,31
MTE1,15675,1270823,1270854,31
MTE1,15679,1270982,1271013,31
MTE1,15680,1271260,1271291,31
MTE1,15684,1271419,1271450,31
MTE1,15685,1271697,1271728,31
MTE1,15689,1271856,1271887,31
MTE1,15690,1272134,1272165,31
MTE1,15694,1272293,1272324,31
MTE1,15695,1272571,1272602,31
MTE1,15699,1272730,1272761,31
MTE1,15700,1273008,1273039,31
MTE1,15704,1273167,1273198,31
MTE1,15705,1273445,1273476,31
MTE1,15709,1273604,1273635,31
MTE1,15710,1273882,1273913,31
MTE1,15714,1274041,1274072,31
MTE1,15715,1274319,1274350,31
MTE1,15719,1274478,1274509,31
MTE1,15720,1274756,1274787,31
MTE1,15724,1274915,1274946,31
MTE1,15725,1275193,1275224,31
MTE1,15729,1275352,1275383,31
MTE1,15730,1275630,1275661,31
MTE1,15734,1275789,1275820,31
MTE1,15735,1276067,1276098,31
MTE1,15741,1276226,1276257,31
MTE1,15742,1276504,1276535,31
MTE1,15746,1276663,1276694,31
MTE1,15747,1276941,1276972,31
MTE1,15751,1277100,1277131,31
MTE1,15752,1277378,1277409,31
MTE1,15756,1277537,1277568,31
MTE1,15757,1277815,1277846,31
MTE1,15761,1277974,1278005,31
MTE1,15762,1278252,1278283,31
MTE1,15766,1278411,1278442,31
MTE1,15767,1278689,1278720,31
MTE1,15771,1278848,1278879,31
MTE1,15772,1279126,1279157,31
MTE1,15776,1279285,1279316,31
MTE1,15777,1279563,1279594,31
MTE1,15781,1279722,1279753,31
MTE1,15782,1280000,1280031,31
MTE1,15786,1280159,1280190,31
MTE1,15787,1280437,1280468,31
MTE1,15791,1280596,1280627,31
MTE1,15792,1280874,1280905,31
MTE1,15796,1281033,1281064,31
MTE1,15797,1281311,1281342,31
MTE1,15801,1281470,1281501,31
MTE1,15802,1281748,1281779,31
MTE1,15806,1281907,1281938,31
MTE1,15807,1282185,1282216,31
MTE1,15811,1282344,1282375,31
MTE1,15812,1282622,1282653,31
MTE1,15816,1282781,1282812,31
MTE1,15817,1283059,1283090,31
MTE1,15823,1283218,1283249,31
MTE1,15824,1283496,1283527,31
MTE1,15828,1283655,1283686,31
MTE1,15829,1283933,1283964,31
MTE1,15833,1284092,1284123,31
MTE1,15834,1284370,1284401,31
MTE1,15838,1284529,1284560,31
MTE1,15839,1284807,1284838,31
MTE1,15843,1284966,1284997,31
MTE1,15844,1285244,1285275,31
MTE1,15848,1285403,1285434,31
MTE1,15849,1285681,1285712,31
MTE1,15853,1285840,1285871,31
MTE1,15854,1286118,1286149,31
MTE1,15858,1286277,1286308,31
MTE1,15859,1286555,1286586,31
MTE1,15863,1286714,1286745,31
MTE1,15864,1286992,1287023,31
MTE1,15868,1287151,1287182,31
MTE1,15869,1287429,1287460,31
MTE1,15873,1287588,1287619,31
MTE1,15874,1287866,1287897,31
MTE1,15878,1288025,1288056,31
MTE1,15879,1288303,1288334,31
MTE1,15883,1288462,1288493,31
MTE1,15884,1288740,1288771,31
MTE1,15888,1288899,1288930,31
MTE1,15889,1289177,1289208,31
MTE1,15893,1289336,1289367,31
MTE1,15894,1289614,1289645,31
MTE1,15898,1289773,1289804,31
MTE1,15899,1290051,1290082,31
MTE1,15905,1290210,1290241,31
MTE1,15906,1290488,1290519,31
MTE1,15910,1290647,1290678,31
MTE1,15911,1290925,1290956,31
MTE1,15915,1291084,1291115,31
MTE1,15916,1291362,1291393,31
MTE1,15920,1291521,1291552,31
MTE1,15921,1291799,1291830,31
MTE1,15925,1291958,1291989,31
MTE1,15926,1292236,1292267,31
MTE1,15930,1292395,1292426,31
MTE1,15931,1292673,1292704,31
MTE1,15935,1292832,1292863,31
MTE1,15936,1293110,1293141,31
MTE1,15940,1293269,1293300,31
MTE1,15941,1293547,1293578,31
MTE1,15945,1293706,1293737,31
MTE1,15946,1293984,1294015,31
MTE1,15950,1294143,1294174,31
MTE1,15951,1294421,1294452,31
MTE1,15955,1294580,1294611,31
MTE1,15956,1294858,1294889,31
MTE1,15960,1295017,1295048,31
MTE1,15961,1295295,1295326,31
MTE1,15965,1295454,1295485,31
MTE1,15966,1295732,1295763,31
MTE1,15970,1295891,1295922,31
MTE1,15971,1296169,1296200,31
MTE1,15975,1296328,1296359,31
MTE1,15976,1296606,1296637,31
MTE1,15980,1296765,1296796,31
MTE1,15981,1297043,1297074,31
MTE1,15987,1297202,1297233,31
MTE1,15988,1297480,1297511,31
MTE1,15992,1297639,1297670,31
MTE1,15993,1297917,1297948,31
MTE1,15997,1298076,1298107,31
MTE1,15998,1298354,1298385,31
MTE1,16002,1298513,1298544,31
MTE1,16003,1298791,1298822,31
MTE1,16007,1298950,1298981,31
MTE1,16008,1299228,1299259,31
MTE1,16012,1299387,1299418,31
MTE1,16013,1299665,1299696,31
MTE1,16017,1299824,1299855,31
MTE1,16018,1300102,1300133,31
MTE1,16022,1300261,1300292,31
MTE1,16023,1300539,1300570,31
MTE1,16027,1300698,1300729,31
MTE1,16028,1300976,1301007,31
MTE1,16032,1301135,1301166,31
MTE1,16033,1301413,1301444,31
MTE1,16037,1301572,1301603,31
MTE1,16038,1301850,1301881,31
MTE1,16042,1302009,1302040,31
MTE1,16043,1302287,1302318,31
MTE1,16047,1302446,1302477,31
MTE1,16048,1302724,1302755,31
MTE1,16052,1302883,1302914,31
MTE1,16053,1303161,1303192,31
MTE1,16057,1303320,1303351,31
MTE1,16058,1303598,1303629,31
MTE1,16062,1303757,1303788,31
MTE1,16063,1304035,1304066,31
MTE1,16069,1304194,1304225,31
MTE1,16070,1304472,1304503,31
MTE1,16074,1304631,1304662,31
MTE1,16075,1304909,1304940,31
MTE1,16079,1305068,1305099,31
MTE1,16080,1305346,1305377,31
MTE1,16084,1305505,1305536,31
MTE1,16085,1305783,1305814,31
MTE1,16089,1305942,1305973,31
MTE1,16090,1306220,1306251,31
MTE1,16094,1306379,1306410,31
MTE1,16095,1306657,1306688,31
MTE1,16099,1306816,1306847,31
MTE1,16100,1307094,1307125,31
MTE1,16104,1307253,1307284,31
MTE1,16105,1307531,1307562,31
MTE1,16109,1307690,1307721,31
MTE1,16110,1307968,1307999,31
MTE1,16114,1308127,1308158,31
MTE1,16115,1308405,1308436,31
MTE1,16119,1308564,1308595,31
MTE1,16120,1308842,1308873,31
MTE1,16124,1309001,1309032,31
MTE1,16125,1309279,1309310,31
MTE1,16129,1309438,1309469,31
MTE1,16130,1309716,1309747,31
MTE1,16134,1309875,1309906,31
MTE1,16135,1310153,1310184,31
MTE1,16139,1310312,1310343,31
MTE1,16140,1310590,1310621,31
MTE1,16144,1310749,1310780,31
MTE1,16145,1311027,1311058,31
MTE1,16151,1311186,1311217,31
MTE1,16152,1311464,1311495,31
MTE1,16156,1311623,1311654,31
MTE1,16157,1311901,1311932,31
MTE1,16161,1312060,1312091,31
MTE1,16162,1312338,1312369,31
MTE1,16166,1312497,1312528,31
MTE1,16167,1312775,1312806,31
MTE1,16171,1312934,1312965,31
MTE1,16172,1313212,1313243,31
MTE1,16176,1313371,1313402,31
MTE1,16177,1313649,1313680,31
MTE1,16181,1313808,1313839,31
MTE1,16182,1314086,1314117,31
MTE1,16186,1314245,1314276,31
MTE1,16187,1314523,1314554,31
MTE1,16191,1314682,1314713,31
MTE1,16192,1314960,1314991,31
MTE1,16196,1315119,1315150,31
MTE1,16197,1315397,1315428,31
MTE1,16201,1315556,1315587,31
MTE1,16202,1315834,1315865,31
MTE1,16206,1315993,1316024,31
MTE1,16207,1316271,1316302,31
MTE1,16211,1316430,1316461,31
MTE1,16212,1316708,1316739,31
MTE1,16216,1316867,1316898,31
MTE1,16217,1317145,1317176,31
MTE1,16221,1317304,1317335,31
MTE1,16222,1317582,1317613,31
MTE1,16226,1317741,1317772,31
MTE1,16227,1318019,1318050,31
MTE1,16233,1318178,1318209,31
MTE1,16234,1318456,1318487,31
MTE1,16238,1318615,1318646,31
MTE1,16239,1318893,1318924,31
MTE1,16243,1319052,1319083,31
MTE1,16244,1319330,1319361,31
MTE1,16248,1319489,1319520,31
MTE1,16249,1319767,1319798,31
MTE1,16253,1319926,1319957,31
MTE1,16254,1320204,1320235,31
MTE1,16258,1320363,1320394,31
MTE1,16259,1320641,1320672,31
MTE1,16263,1320800,1320831,31
MTE1,16264,1321078,1321109,31
MTE1,16268,1321237,1321268,31
MTE1,16269,1321515,1321546,31
MTE1,16273,1321674,1321705,31
MTE1,16274,1321952,1321983,31
MTE1,16278,1322111,1322142,31
MTE1,16279,1322389,1322420,31
MTE1,16283,1322548,1322579,31
MTE1,16284,1322826,1322857,31
MTE1,16288,1322985,1323016,31
MTE1,16289,1323263,1323294,31
MTE1,16293,1323422,1323453,31
MTE1,16294,1323700,1323731,31
MTE1,16298,1323859,1323890,31
MTE1,16299,1324137,1324168,31
MTE1,16303,1324296,1324327,31
MTE1,16304,1324574,1324605,31
MTE1,16308,1324733,1324764,31
MTE1,16309,1325011,1325042,31
MTE1,16315,1325170,1325201,31
MTE1,16316,1325448,1325479,31
MTE1,16320,1325607,1325638,31
MTE1,16321,1325885,1325916,31
MTE1,16325,1326044,1326075,31
MTE1,16326,1326322,1326353,31
MTE1,16330,1326481,1326512,31
MTE1,16331,1326759,1326790,31
MTE1,16335,1326918,1326949,31
MTE1,16336,1327196,1327227,31
MTE1,16340,1327355,1327386,31
MTE1,16341,1327633,1327664,31
MTE1,16345,1327792,1327823,31
MTE1,16346,1328070,1328101,31
MTE1,16350,1328229,1328260,31
MTE1,16351,1328507,1328538,31
MTE1,16355,1328666,1328697,31
MTE1,16356,1328944,1328975,31
MTE1,16360,1329103,1329134,31
MTE1,16361,1329381,1329412,31
MTE1,16365,1329540,1329571,31
MTE1,16366,1329818,1329849,31
MTE1,16370,1329977,1330008,31
MTE1,16371,1330255,1330286,31
MTE1,16375,1330414,1330445,31
MTE1,16376,1330692,1330723,31
MTE1,16380,1330851,1330882,31
MTE1,16381,1331129,1331160,31
MTE1,16385,1331288,1331319,31
MTE1,16386,1331566,1331597,31
MTE1,16390,1331725,1331756,31
MTE1,16391,1332003,1332034,31
MTE1,16397,1332162,1332193,31
MTE1,16398,1332440,1332471,31
MTE1,16402,1332599,1332630,31
MTE1,16403,1332877,1332908,31
MTE1,16407,1333036,1333067,31
MTE1,16408,1333314,1333345,31
MTE1,16412,1333473,1333504,31
MTE1,16413,1333751,1333782,31
MTE1,16417,1333910,1333941,31
MTE1,16418,1334188,1334219,31
MTE1,16422,1334347,1334378,31
MTE1,16423,1334625,1334656,31
MTE1,16427,1334784,1334815,31
MTE1,16428,1335062,1335093,31
MTE1,16432,1335221,1335252,31
MTE1,16433,1335499,1335530,31
MTE1,16437,1335658,1335689,31
MTE1,16438,1335936,1335967,31
MTE1,16442,1336095,1336126,31
MTE1,16443,1336373,1336404,31
MTE1,16447,1336532,1336563,31
MTE1,16448,1336810,1336841,31
MTE1,16452,1336969,1337000,31
MTE1,16453,1337247,1337278,31
MTE1,16457,1337406,1337437,31
MTE1,16458,1337684,1337715,31
MTE1,16462,1337843,1337874,31
MTE1,16463,1338121,1338152,31
MTE1,16467,1338280,1338311,31
MTE1,16468,1338558,1338589,31
MTE1,16472,1338717,1338748,31
MTE1,16473,1338995,1339026,31
MTE1,16479,1339154,1339185,31
MTE1,16480,1339432,1339463,31
MTE1,16484,1339591,1339622,31
MTE1,16485,1339869,1339900,31
MTE1,16489,1340028,1340059,31
MTE1,16490,1340306,1340337,31
MTE1,16494,1340465,1340496,31
MTE1,16495,1340743,1340774,31
MTE1,16499,1340902,1340933,31
MTE1,16500,1341180,1341211,31
MTE1,16504,1341339,1341370,31
MTE1,16505,1341370,1341401,31
MTE1,16509,1341529,1341560,31
MTE1,16510,1341560,1341591,31
MTE1,16514,1341719,1341750,31
MTE1,16515,1341750,1341781,31
MTE1,16519,1341909,1341940,31
MTE1,16520,1341940,1341971,31
MTE1,16524,1342099,1342130,31
MTE1,16525,1342130,1342161,31
MTE1,16529,1342289,1342320,31
MTE1,16530,1342320,1342351,31
MTE1,16534,1342479,1342510,31
MTE1,16535,1342510,1342541,31
MTE1,16539,1342669,1342700,31
MTE1,16540,1342700,1342731,31
MTE1,16544,1342859,1342890,31
MTE1,16545,1342890,1342921,31
MTE1,16549,1343049,1343080,31
MTE1,16550,1343080,1343111,31
MTE1,16554,1343239,1343270,31
MTE1,16555,1343270,1343301,31
MTE1,16561,1343429,1343460,31
MTE1,16562,1343460,1343491,31
MTE1,16566,1343820,1343851,31
MTE1,16567,1343851,1343882,31
MTE1,16571,1344010,1344041,31
MTE1,16572,1344041,1344072,31
MTE1,16576,1344200,1344231,31
MTE1,16577,1344231,1344262,31
MTE1,16581,1344390,1344421,31
MTE1,16582,1344827,1344858,31
MTE1,16586,1344986,1345017,31
MTE1,16587,1345423,1345454,31
MTE1,16591,1345582,1345613,31
MTE1,16592,1346019,1346050,31
MTE1,16596,1346178,1346209,31
MTE1,16597,1346615,1346646,31
MTE1,16601,1346774,1346805,31
MTE1,16602,1347211,1347242,31
MTE1,16606,1347370,1347401,31
MTE1,16607,1347807,1347838,31
MTE1,16611,1347966,1347997,31
MTE1,16612,1348403,1348434,31
MTE1,16616,1348562,1348593,31
MTE1,16617,1348999,1349030,31
MTE1,16621,1349158,1349189,31
MTE1,16622,1349595,1349626,31
MTE1,16626,1349754,1349785,31
MTE1,16627,1350191,1350222,31
MTE1,16631,1350350,1350381,31
MTE1,16632,1350787,1350818,31
MTE1,16636,1350946,1350977,31
MTE1,16637,1351383,1351414,31
MTE1,16646,1351789,1351820,31
MTE1,16645,1352114,1352145,31
MTE1,16653,1352520,1352551,31
MTE1,16652,1352845,1352876,31
MTE1,16660,1353251,1353282,31
MTE1,16659,1353607,1353638,31
MTE1,16667,1354013,1354044,31
MTE1,16666,1354369,1354400,31
MTE1,16674,1354775,1354806,31
MTE1,16673,1355131,1355162,31
MTE1,16681,1355537,1355568,31
MTE1,16680,1355893,1355924,31
MTE1,16688,1356299,1356330,31
MTE1,16687,1356655,1356686,31
MTE1,16695,1357061,1357092,31
MTE1,16694,1357417,1357448,31
MTE1,16702,1357823,1357854,31
MTE1,16701,1358179,1358210,31
MTE1,16709,1358585,1358616,31
MTE1,16708,1358941,1358972,31
MTE1,16716,1359347,1359378,31
MTE1,16715,1359703,1359734,31
MTE1,16723,1360109,1360140,31
MTE1,16722,1360465,1360496,31
MTE1,16730,1360871,1360902,31
MTE1,16729,1361227,1361258,31
MTE1,16737,1361633,1361664,31
MTE1,16736,1361989,1362020,31
MTE1,16744,1362395,1362426,31
MTE1,16743,1362751,1362782,31
MTE1,16751,1363157,1363188,31
MTE1,16750,1363513,1363544,31
MTE1,16757,1363672,1363703,31
MTE1,16758,1363919,1363950,31
MTE1,16762,1364078,1364109,31
MTE1,16763,1364356,1364387,31
MTE1,16767,1364515,1364546,31
MTE1,16768,1364793,1364824,31
MTE1,16772,1364952,1364983,31
MTE1,16773,1365230,1365261,31
MTE1,16777,1365389,1365420,31
MTE1,16778,1365667,1365698,31
MTE1,16782,1365826,1365857,31
MTE1,16783,1366104,1366135,31
MTE1,16787,1366263,1366294,31
MTE1,16788,1366541,1366572,31
MTE1,16792,1366700,1366731,31
MTE1,16793,1366978,1367009,31
MTE1,16797,1367137,1367168,31
MTE1,16798,1367415,1367446,31
MTE1,16802,1367574,1367605,31
MTE1,16803,1367852,1367883,31
MTE1,16807,1368011,1368042,31
MTE1,16808,1368289,1368320,31
MTE1,16812,1368448,1368479,31
MTE1,16813,1368726,1368757,31
MTE1,16817,1368885,1368916,31
MTE1,16818,1369163,1369194,31
MTE1,16822,1369322,1369353,31
MTE1,16823,1369600,1369631,31
MTE1,16827,1369759,1369790,31
MTE1,16828,1370037,1370068,31
MTE1,16832,1370196,1370227,31
MTE1,16833,1370474,1370505,31
MTE1,16839,1370633,1370664,31
MTE1,16840,1370911,1370942,31
MTE1,16844,1371070,1371101,31
MTE1,16845,1371348,1371379,31
MTE1,16849,1371507,1371538,31
MTE1,16850,1371785,1371816,31
MTE1,16854,1371944,1371975,31
MTE1,16855,1372222,1372253,31
MTE1,16859,1372381,1372412,31
MTE1,16860,1372659,1372690,31
MTE1,16864,1372818,1372849,31
MTE1,16865,1373096,1373127,31
MTE1,16869,1373255,1373286,31
MTE1,16870,1373533,1373564,31
MTE1,16874,1373692,1373723,31
MTE1,16875,1373970,1374001,31
MTE1,16879,1374129,1374160,31
MTE1,16880,1374407,1374438,31
MTE1,16884,1374566,1374597,31
MTE1,16885,1374844,1374875,31
MTE1,16889,1375003,1375034,31
MTE1,16890,1375281,1375312,31
MTE1,16894,1375440,1375471,31
MTE1,16895,1375718,1375749,31
MTE1,16899,1375877,1375908,31
MTE1,16900,1376155,1376186,31
MTE1,16904,1376314,1376345,31
MTE1,16905,1376592,1376623,31
MTE1,16909,1376751,1376782,31
MTE1,16910,1377029,1377060,31
MTE1,16914,1377188,1377219,31
MTE1,16915,1377466,1377497,31
MTE1,16921,1377625,1377656,31
MTE1,16922,1377903,1377934,31
MTE1,16926,1378062,1378093,31
MTE1,16927,1378340,1378371,31
MTE1,16931,1378499,1378530,31
MTE1,16932,1378777,1378808,31
MTE1,16936,1378936,1378967,31
MTE1,16937,1379214,1379245,31
MTE1,16941,1379373,1379404,31
MTE1,16942,1379651,1379682,31
MTE1,16946,1379810,1379841,31
MTE1,16947,1380088,1380119,31
MTE1,16951,1380247,1380278,31
MTE1,16952,1380525,1380556,31
MTE1,16956,1380684,1380715,31
MTE1,16957,1380962,1380993,31
MTE1,16961,1381121,1381152,31
MTE1,16962,1381399,1381430,31
MTE1,16966,1381558,1381589,31
MTE1,16967,1381836,1381867,31
MTE1,16971,1381995,1382026,31
MTE1,16972,1382273,1382304,31
MTE1,16976,1382432,1382463,31
MTE1,16977,1382710,1382741,31
MTE1,16981,1382869,1382900,31
MTE1,16982,1383147,1383178,31
MTE1,16986,1383306,1383337,31
MTE1,16987,1383584,1383615,31
MTE1,16991,1383743,1383774,31
MTE1,16992,1384021,1384052,31
MTE1,16996,1384180,1384211,31
MTE1,16997,1384458,1384489,31
MTE1,17003,1384617,1384648,31
MTE1,17004,1384895,1384926,31
MTE1,17008,1385054,1385085,31
MTE1,17009,1385332,1385363,31
MTE1,17013,1385491,1385522,31
MTE1,17014,1385769,1385800,31
MTE1,17018,1385928,1385959,31
MTE1,17019,1386206,1386237,31
MTE1,17023,1386365,1386396,31
MTE1,17024,1386643,1386674,31
MTE1,17028,1386802,1386833,31
MTE1,17029,1387080,1387111,31
MTE1,17033,1387239,1387270,31
MTE1,17034,1387517,1387548,31
MTE1,17038,1387676,1387707,31
MTE1,17039,1387954,1387985,31
MTE1,17043,1388113,1388144,31
MTE1,17044,1388391,1388422,31
MTE1,17048,1388550,1388581,31
MTE1,17049,1388828,1388859,31
MTE1,17053,1388987,1389018,31
MTE1,17054,1389265,1389296,31
MTE1,17058,1389424,1389455,31
MTE1,17059,1389702,1389733,31
MTE1,17063,1389861,1389892,31
MTE1,17064,1390139,1390170,31
MTE1,17068,1390298,1390329,31
MTE1,17069,1390576,1390607,31
MTE1,17073,1390735,1390766,31
MTE1,17074,1391013,1391044,31
MTE1,17078,1391172,1391203,31
MTE1,17079,1391450,1391481,31
MTE1,17085,1391609,1391640,31
MTE1,17086,1391887,1391918,31
MTE1,17090,1392046,1392077,31
MTE1,17091,1392324,1392355,31
MTE1,17095,1392483,1392514,31
MTE1,17096,1392761,1392792,31
MTE1,17100,1392920,1392951,31
MTE1,17101,1393198,1393229,31
MTE1,17105,1393357,1393388,31
MTE1,17106,1393635,1393666,31
MTE1,17110,1393794,1393825,31
MTE1,17111,1394072,1394103,31
MTE1,17115,1394231,1394262,31
MTE1,17116,1394509,1394540,31
MTE1,17120,1394668,1394699,31
MTE1,17121,1394946,1394977,31
MTE1,17125,1395105,1395136,31
MTE1,17126,1395383,1395414,31
MTE1,17130,1395542,1395573,31
MTE1,17131,1395820,1395851,31
MTE1,17135,1395979,1396010,31
MTE1,17136,1396257,1396288,31
MTE1,17140,1396416,1396447,31
MTE1,17141,1396694,1396725,31
MTE1,17145,1396853,1396884,31
MTE1,17146,1397131,1397162,31
MTE1,17150,1397290,1397321,31
MTE1,17151,1397568,1397599,31
MTE1,17155,1397727,1397758,31
MTE1,17156,1398005,1398036,31
MTE1,17160,1398164,1398195,31
MTE1,17161,1398442,1398473,31
MTE1,17167,1398601,1398632,31
MTE1,17168,1398879,1398910,31
MTE1,17172,1399038,1399069,31
MTE1,17173,1399316,1399347,31
MTE1,17177,1399475,1399506,31
MTE1,17178,1399753,1399784,31
MTE1,17182,1399912,1399943,31
MTE1,17183,1400190,1400221,31
MTE1,17187,1400349,1400380,31
MTE1,17188,1400627,1400658,31
MTE1,17192,1400786,1400817,31
MTE1,17193,1401064,1401095,31
MTE1,17197,1401223,1401254,31
MTE1,17198,1401501,1401532,31
MTE1,17202,1401660,1401691,31
MTE1,17203,1401938,1401969,31
MTE1,17207,1402097,1402128,31
MTE1,17208,1402375,1402406,31
MTE1,17212,1402534,1402565,31
MTE1,17213,1402812,1402843,31
MTE1,17217,1402971,1403002,31
MTE1,17218,1403249,1403280,31
MTE1,17222,1403408,1403439,31
MTE1,17223,1403686,1403717,31
MTE1,17227,1403845,1403876,31
MTE1,17228,1404123,1404154,31
MTE1,17232,1404282,1404313,31
MTE1,17233,1404560,1404591,31
MTE1,17237,1404719,1404750,31
MTE1,17238,1404997,1405028,31
MTE1,17242,1405156,1405187,31
MTE1,17243,1405434,1405465,31
MTE1,17249,1405593,1405624,31
MTE1,17250,1405871,1405902,31
MTE1,17254,1406030,1406061,31
MTE1,17255,1406308,1406339,31
MTE1,17259,1406467,1406498,31
MTE1,17260,1406745,1406776,31
MTE1,17264,1406904,1406935,31
MTE1,17265,1407182,1407213,31
MTE1,17269,1407341,1407372,31
MTE1,17270,1407619,1407650,31
MTE1,17274,1407778,1407809,31
MTE1,17275,1408056,1408087,31
MTE1,17279,1408215,1408246,31
MTE1,17280,1408493,1408524,31
MTE1,17284,1408652,1408683,31
MTE1,17285,1408930,1408961,31
MTE1,17289,1409089,1409120,31
MTE1,17290,1409367,1409398,31
MTE1,17294,1409526,1409557,31
MTE1,17295,1409804,1409835,31
MTE1,17299,1409963,1409994,31
MTE1,17300,1410241,1410272,31
MTE1,17304,1410400,1410431,31
MTE1,17305,1410678,1410709,31
MTE1,17309,1410837,1410868,31
MTE1,17310,1411115,1411146,31
MTE1,17314,1411274,1411305,31
MTE1,17315,1411552,1411583,31
MTE1,17319,1411711,1411742,31
MTE1,17320,1411989,1412020,31
MTE1,17324,1412148,1412179,31
MTE1,17325,1412426,1412457,31
MTE1,17331,1412585,1412616,31
MTE1,17332,1412863,1412894,31
MTE1,17336,1413022,1413053,31
MTE1,17337,1413300,1413331,31
MTE1,17341,1413459,1413490,31
MTE1,17342,1413737,1413768,31
MTE1,17346,1413896,1413927,31
MTE1,17347,1414174,1414205,31
MTE1,17351,1414333,1414364,31
MTE1,17352,1414611,1414642,31
MTE1,17356,1414770,1414801,31
MTE1,17357,1415048,1415079,31
MTE1,17361,1415207,1415238,31
MTE1,17362,1415485,1415516,31
MTE1,17366,1415644,1415675,31
MTE1,17367,1415922,1415953,31
MTE1,17371,1416081,1416112,31
MTE1,17372,1416359,1416390,31
MTE1,17376,1416518,1416549,31
MTE1,17377,1416796,1416827,31
MTE1,17381,1416955,1416986,31
MTE1,17382,1417233,1417264,31
MTE1,17386,1417392,1417423,31
MTE1,17387,1417670,1417701,31
MTE1,17391,1417829,1417860,31
MTE1,17392,1418107,1418138,31
MTE1,17396,1418266,1418297,31
MTE1,17397,1418544,1418575,31
MTE1,17401,1418703,1418734,31
MTE1,17402,1418981,1419012,31
MTE1,17406,1419140,1419171,31
MTE1,17407,1419418,1419449,31
MTE1,17413,1419577,1419608,31
MTE1,17414,1419855,1419886,31
MTE1,17418,1420014,1420045,31
MTE1,17419,1420292,1420323,31
MTE1,17423,1420451,1420482,31
MTE1,17424,1420729,1420760,31
MTE1,17428,1420888,1420919,31
MTE1,17429,1421166,1421197,31
MTE1,17433,1421325,1421356,31
MTE1,17434,1421603,1421634,31
MTE1,17438,1421762,1421793,31
MTE1,17439,1422040,1422071,31
MTE1,17443,1422199,1422230,31
MTE1,17444,1422477,1422508,31
MTE1,17448,1422636,1422667,31
MTE1,17449,1422914,1422945,31
MTE1,17453,1423073,1423104,31
MTE1,17454,1423351,1423382,31
MTE1,17458,1423510,1423541,31
MTE1,17459,1423788,1423819,31
MTE1,17463,1423947,1423978,31
MTE1,17464,1424225,1424256,31
MTE1,17468,1424384,1424415,31
MTE1,17469,1424662,1424693,31
MTE1,17473,1424821,1424852,31
MTE1,17474,1425099,1425130,31
MTE1,17478,1425258,1425289,31
MTE1,17479,1425536,1425567,31
MTE1,17483,1425695,1425726,31
MTE1,17484,1425973,1426004,31
MTE1,17488,1426132,1426163,31
MTE1,17489,1426410,1426441,31
MTE1,17495,1426569,1426600,31
MTE1,17496,1426847,1426878,31
MTE1,17500,1427006,1427037,31
MTE1,17501,1427284,1427315,31
MTE1,17505,1427443,1427474,31
MTE1,17506,1427721,1427752,31
MTE1,17510,1427880,1427911,31
MTE1,17511,1428158,1428189,31
MTE1,17515,1428317,1428348,31
MTE1,17516,1428595,1428626,31
MTE1,17520,1428754,1428785,31
MTE1,17521,1429032,1429063,31
MTE1,17525,1429191,1429222,31
MTE1,17526,1429469,1429500,31
MTE1,17530,1429628,1429659,31
MTE1,17531,1429906,1429937,31
MTE1,17535,1430065,1430096,31
MTE1,17536,1430343,1430374,31
MTE1,17540,1430502,1430533,31
MTE1,17541,1430780,1430811,31
MTE1,17545,1430939,1430970,31
MTE1,17546,1431217,1431248,31
MTE1,17550,1431376,1431407,31
MTE1,17551,1431654,1431685,31
MTE1,17555,1431813,1431844,31
MTE1,17556,1432091,1432122,31
MTE1,17560,1432250,1432281,31
MTE1,17561,1432528,1432559,31
MTE1,17565,1432687,1432718,31
MTE1,17566,1432965,1432996,31
MTE1,17570,1433124,1433155,31
MTE1,17571,1433402,1433433,31
MTE1,17577,1433561,1433592,31
MTE1,17578,1433839,1433870,31
MTE1,17582,1433998,1434029,31
MTE1,17583,1434276,1434307,31
MTE1,17587,1434435,1434466,31
MTE1,17588,1434713,1434744,31
MTE1,17592,1434872,1434903,31
MTE1,17593,1435150,1435181,31
MTE1,17597,1435309,1435340,31
MTE1,17598,1435587,1435618,31
MTE1,17602,1435746,1435777,31
MTE1,17603,1436024,1436055,31
MTE1,17607,1436183,1436214,31
MTE1,17608,1436461,1436492,31
MTE1,17612,1436620,1436651,31
MTE1,17613,1436898,1436929,31
MTE1,17617,1437057,1437088,31
MTE1,17618,1437335,1437366,31
MTE1,17622,1437494,1437525,31
MTE1,17623,1437772,1437803,31
MTE1,17627,1437931,1437962,31
MTE1,17628,1438209,1438240,31
MTE1,17632,1438368,1438399,31
MTE1,17633,1438646,1438677,31
MTE1,17637,1438805,1438836,31
MTE1,17638,1439083,1439114,31
MTE1,17642,1439242,1439273,31
MTE1,17643,1439520,1439551,31
MTE1,17647,1439679,1439710,31
MTE1,17648,1439957,1439988,31
MTE1,17652,1440116,1440147,31
MTE1,17653,1440394,1440425,31
MTE1,17659,1440553,1440584,31
MTE1,17660,1440831,1440862,31
MTE1,17664,1440990,1441021,31
MTE1,17665,1441268,1441299,31
MTE1,17669,1441427,1441458,31
MTE1,17670,1441705,1441736,31
MTE1,17674,1441864,1441895,31
MTE1,17675,1442142,1442173,31
MTE1,17679,1442301,1442332,31
MTE1,17680,1442579,1442610,31
MTE1,17684,1442738,1442769,31
MTE1,17685,1443016,1443047,31
MTE1,17689,1443175,1443206,31
MTE1,17690,1443453,1443484,31
MTE1,17694,1443612,1443643,31
MTE1,17695,1443890,1443921,31
MTE1,17699,1444049,1444080,31
MTE1,17700,1444327,1444358,31
MTE1,17704,1444486,1444517,31
MTE1,17705,1444764,1444795,31
MTE1,17709,1444923,1444954,31
MTE1,17710,1445201,1445232,31
MTE1,17714,1445360,1445391,31
MTE1,17715,1445638,1445669,31
MTE1,17719,1445797,1445828,31
MTE1,17720,1446075,1446106,31
MTE1,17724,1446234,1446265,31
MTE1,17725,1446512,1446543,31
MTE1,17729,1446671,1446702,31
MTE1,17730,1446949,1446980,31
MTE1,17734,1447108,1447139,31
MTE1,17735,1447386,1447417,31
MTE1,17741,1447545,1447576,31
MTE1,17742,1447823,1447854,31
MTE1,17746,1447982,1448013,31
MTE1,17747,1448260,1448291,31
MTE1,17751,1448419,1448450,31
MTE1,17752,1448697,1448728,31
MTE1,17756,1448856,1448887,31
MTE1,17757,1449134,1449165,31
MTE1,17761,1449293,1449324,31
MTE1,17762,1449571,1449602,31
MTE1,17766,1449730,1449761,31
MTE1,17767,1450008,1450039,31
MTE1,17771,1450167,1450198,31
MTE1,17772,1450445,1450476,31
MTE1,17776,1450604,1450635,31
MTE1,17777,1450882,1450913,31
MTE1,17781,1451041,1451072,31
MTE1,17782,1451319,1451350,31
MTE1,17786,1451478,1451509,31
MTE1,17787,1451756,1451787,31
MTE1,17791,1451915,1451946,31
MTE1,17792,1452193,1452224,31
MTE1,17796,1452352,1452383,31
MTE1,17797,1452630,1452661,31
MTE1,17801,1452789,1452820,31
MTE1,17802,1453067,1453098,31
MTE1,17806,1453226,1453257,31
MTE1,17807,1453504,1453535,31
MTE1,17811,1453663,1453694,31
MTE1,17812,1453941,1453972,31
MTE1,17816,1454100,1454131,31
MTE1,17817,1454378,1454409,31
MTE1,17823,1454537,1454568,31
MTE1,17824,1454815,1454846,31
MTE1,17828,1454974,1455005,31
MTE1,17829,1455252,1455283,31
MTE1,17833,1455411,1455442,31
MTE1,17834,1455689,1455720,31
MTE1,17838,1455848,1455879,31
MTE1,17839,1456126,1456157,31
MTE1,17843,1456285,1456316,31
MTE1,17844,1456316,1456347,31
MTE1,17848,1456475,1456506,31
MTE1,17849,1456506,1456537,31
MTE1,17853,1456665,1456696,31
MTE1,17854,1456696,1456727,31
MTE1,17858,1456855,1456886,31
MTE1,17859,1456886,1456917,31
MTE1,17863,1457045,1457076,31
MTE1,17864,1457076,1457107,31
MTE1,17868,1457235,1457266,31
MTE1,17869,1457266,1457297,31
MTE1,17873,1457425,1457456,31
MTE1,17874,1457456,1457487,31
MTE1,17878,1457615,1457646,31
MTE1,17879,1457646,1457677,31
MTE1,17883,1457805,1457836,31
MTE1,17884,1457836,1457867,31
MTE1,17888,1457995,1458026,31
MTE1,17889,1458026,1458057,31
MTE1,17893,1458185,1458216,31
MTE1,17894,1458216,1458247,31
MTE1,17898,1458375,1458406,31
MTE1,17899,1458406,1458437,31
MTE1,17905,1458565,1458596,31
MTE1,17906,1458596,1458627,31
MTE1,17910,1458956,1458987,31
MTE1,17911,1458987,1459018,31
MTE1,17915,1459146,1459177,31
MTE1,17916,1459177,1459208,31
MTE1,17920,1459336,1459367,31
MTE1,17921,1459773,1459804,31
MTE1,17925,1459932,1459963,31
MTE1,17926,1460369,1460400,31
MTE1,17930,1460528,1460559,31
MTE1,17931,1460965,1460996,31
MTE1,17935,1461124,1461155,31
MTE1,17936,1461561,1461592,31
MTE1,17940,1461720,1461751,31
MTE1,17941,1462157,1462188,31
MTE1,17945,1462316,1462347,31
MTE1,17946,1462753,1462784,31
MTE1,17950,1462912,1462943,31
MTE1,17951,1463349,1463380,31
MTE1,17955,1463508,1463539,31
MTE1,17956,1463945,1463976,31
MTE1,17960,1464104,1464135,31
MTE1,17961,1464541,1464572,31
MTE1,17965,1464700,1464731,31
MTE1,17966,1465137,1465168,31
MTE1,17970,1465296,1465327,31
MTE1,17971,1465733,1465764,31
MTE1,17975,1465892,1465923,31
MTE1,17976,1466329,1466360,31
MTE1,17980,1466488,1466519,31
MTE1,17981,1466925,1466956,31
MTE1,17990,1467331,1467362,31
MTE1,17989,1467656,1467687,31
MTE1,17997,1468062,1468093,31
MTE1,17996,1468418,1468449,31
MTE1,18004,1468824,1468855,31
MTE1,18003,1469180,1469211,31
MTE1,18011,1469586,1469617,31
MTE1,18010,1469942,1469973,31
MTE1,18018,1470348,1470379,31
MTE1,18017,1470704,1470735,31
MTE1,18025,1471110,1471141,31
MTE1,18024,1471466,1471497,31
MTE1,18032,1471872,1471903,31
MTE1,18031,1472228,1472259,31
MTE1,18039,1472634,1472665,31
MTE1,18038,1472990,1473021,31
MTE1,18046,1473396,1473427,31
MTE1,18045,1473752,1473783,31
MTE1,18053,1474158,1474189,31
MTE1,18052,1474514,1474545,31
MTE1,18060,1474920,1474951,31
MTE1,18059,1475276,1475307,31
MTE1,18067,1475682,1475713,31
MTE1,18066,1476038,1476069,31
MTE1,18074,1476444,1476475,31
MTE1,18073,1476800,1476831,31
MTE1,18081,1477206,1477237,31
MTE1,18080,1477562,1477593,31
MTE1,18088,1477968,1477999,31
MTE1,18087,1478324,1478355,31
MTE1,18095,1478730,1478761,31
MTE1,18094,1479086,1479117,31
MTE1,18101,1479245,1479276,31
MTE1,18102,1479492,1479523,31
MTE1,18106,1479651,1479682,31
MTE1,18107,1479929,1479960,31
MTE1,18111,1480088,1480119,31
MTE1,18112,1480366,1480397,31
MTE1,18116,1480525,1480556,31
MTE1,18117,1480803,1480834,31
MTE1,18121,1480962,1480993,31
MTE1,18122,1481240,1481271,31
MTE1,18126,1481399,1481430,31
MTE1,18127,1481677,1481708,31
MTE1,18131,1481836,1481867,31
MTE1,18132,1482114,1482145,31
MTE1,18136,1482273,1482304,31
MTE1,18137,1482551,1482582,31
MTE1,18141,1482710,1482741,31
MTE1,18142,1482988,1483019,31
MTE1,18146,1483147,1483178,31
MTE1,18147,1483425,1483456,31
MTE1,18151,1483584,1483615,31
MTE1,18152,1483862,1483893,31
MTE1,18156,1484021,1484052,31
MTE1,18157,1484299,1484330,31
MTE1,18161,1484458,1484489,31
MTE1,18162,1484736,1484767,31
MTE1,18166,1484895,1484926,31
MTE1,18167,1485173,1485204,31
MTE1,18171,1485332,1485363,31
MTE1,18172,1485610,1485641,31
MTE1,18176,1485769,1485800,31
MTE1,18177,1486047,1486078,31
MTE1,18183,1486206,1486237,31
MTE1,18184,1486484,1486515,31
MTE1,18188,1486643,1486674,31
MTE1,18189,1486921,1486952,31
MTE1,18193,1487080,1487111,31
MTE1,18194,1487358,1487389,31
MTE1,18198,1487517,1487548,31
MTE1,18199,1487795,1487826,31
MTE1,18203,1487954,1487985,31
MTE1,18204,1488232,1488263,31
MTE1,18208,1488391,1488422,31
MTE1,18209,1488669,1488700,31
MTE1,18213,1488828,1488859,31
MTE1,18214,1489106,1489137,31
MTE1,18218,1489265,1489296,31
MTE1,18219,1489543,1489574,31
MTE1,18223,1489702,1489733,31
MTE1,18224,1489980,1490011,31
MTE1,18228,1490139,1490170,31
MTE1,18229,1490417,1490448,31
MTE1,18233,1490576,1490607,31
MTE1,18234,1490854,1490885,31
MTE1,18238,1491013,1491044,31
MTE1,18239,1491291,1491322,31
MTE1,18243,1491450,1491481,31
MTE1,18244,1491728,1491759,31
MTE1,18248,1491887,1491918,31
MTE1,18249,1492165,1492196,31
MTE1,18253,1492324,1492355,31
MTE1,18254,1492602,1492633,31
MTE1,18258,1492761,1492792,31
MTE1,18259,1493039,1493070,31
MTE1,18265,1493198,1493229,31
MTE1,18266,1493476,1493507,31
MTE1,18270,1493635,1493666,31
MTE1,18271,1493913,1493944,31
MTE1,18275,1494072,1494103,31
MTE1,18276,1494350,1494381,31
MTE1,18280,1494509,1494540,31
MTE1,18281,1494787,1494818,31
MTE1,18285,1494946,1494977,31
MTE1,18286,1495224,1495255,31
MTE1,18290,1495383,1495414,31
MTE1,18291,1495661,1495692,31
MTE1,18295,1495820,1495851,31
MTE1,18296,1496098,1496129,31
MTE1,18300,1496257,1496288,31
MTE1,18301,1496535,1496566,31
MTE1,18305,1496694,1496725,31
MTE1,18306,1496972,1497003,31
MTE1,18310,1497131,1497162,31
MTE1,18311,1497409,1497440,31
MTE1,18315,1497568,1497599,31
MTE1,18316,1497846,1497877,31
MTE1,18320,1498005,1498036,31
MTE1,18321,1498283,1498314,31
MTE1,18325,1498442,1498473,31
MTE1,18326,1498720,1498751,31
MTE1,18330,1498879,1498910,31
MTE1,18331,1499157,1499188,31
MTE1,18335,1499316,1499347,31
MTE1,18336,1499594,1499625,31
MTE1,18340,1499753,1499784,31
MTE1,18341,1500031,1500062,31
MTE1,18347,1500190,1500221,31
MTE1,18348,1500468,1500499,31
MTE1,18352,1500627,1500658,31
MTE1,18353,1500905,1500936,31
MTE1,18357,1501064,1501095,31
MTE1,18358,1501342,1501373,31
MTE1,18362,1501501,1501532,31
MTE1,18363,1501779,1501810,31
MTE1,18367,1501938,1501969,31
MTE1,18368,1502216,1502247,31
MTE1,18372,1502375,1502406,31
MTE1,18373,1502653,1502684,31
MTE1,18377,1502812,1502843,31
MTE1,18378,1503090,1503121,31
MTE1,18382,1503249,1503280,31
MTE1,18383,1503527,1503558,31
MTE1,18387,1503686,1503717,31
MTE1,18388,1503964,1503995,31
MTE1,18392,1504123,1504154,31
MTE1,18393,1504401,1504432,31
MTE1,18397,1504560,1504591,31
MTE1,18398,1504838,1504869,31
MTE1,18402,1504997,1505028,31
MTE1,18403,1505275,1505306,31
MTE1,18407,1505434,1505465,31
MTE1,18408,1505712,1505743,31
MTE1,18412,1505871,1505902,31
MTE1,18413,1506149,1506180,31
MTE1,18417,1506308,1506339,31
MTE1,18418,1506586,1506617,31
MTE1,18422,1506745,1506776,31
MTE1,18423,1507023,1507054,31
MTE1,18429,1507182,1507213,31
MTE1,18430,1507460,1507491,31
MTE1,18434,1507619,1507650,31
MTE1,18435,1507897,1507928,31
MTE1,18439,1508056,1508087,31
MTE1,18440,1508334,1508365,31
MTE1,18444,1508493,1508524,31
MTE1,18445,1508771,1508802,31
MTE1,18449,1508930,1508961,31
MTE1,18450,1509208,1509239,31
MTE1,18454,1509367,1509398,31
MTE1,18455,1509645,1509676,31
MTE1,18459,1509804,1509835,31
MTE1,18460,1510082,1510113,31
MTE1,18464,1510241,1510272,31
MTE1,18465,1510519,1510550,31
MTE1,18469,1510678,1510709,31
MTE1,18470,1510956,1510987,31
MTE1,18474,1511115,1511146,31
MTE1,18475,1511393,1511424,31
MTE1,18479,1511552,1511583,31
MTE1,18480,1511830,1511861,31
MTE1,18484,1511989,1512020,31
MTE1,18485,1512267,1512298,31
MTE1,18489,1512426,1512457,31
MTE1,18490,1512704,1512735,31
MTE1,18494,1512863,1512894,31
MTE1,18495,1513141,1513172,31
MTE1,18499,1513300,1513331,31
MTE1,18500,1513578,1513609,31
MTE1,18504,1513737,1513768,31
MTE1,18505,1514015,1514046,31
MTE1,18511,1514174,1514205,31
MTE1,18512,1514452,1514483,31
MTE1,18516,1514611,1514642,31
MTE1,18517,1514889,1514920,31
MTE1,18521,1515048,1515079,31
MTE1,18522,1515326,1515357,31
MTE1,18526,1515485,1515516,31
MTE1,18527,1515763,1515794,31
MTE1,18531,1515922,1515953,31
MTE1,18532,1516200,1516231,31
MTE1,18536,1516359,1516390,31
MTE1,18537,1516637,1516668,31
MTE1,18541,1516796,1516827,31
MTE1,18542,1517074,1517105,31
MTE1,18546,1517233,1517264,31
MTE1,18547,1517511,1517542,31
MTE1,18551,1517670,1517701,31
MTE1,18552,1517948,1517979,31
MTE1,18556,1518107,1518138,31
MTE1,18557,1518385,1518416,31
MTE1,18561,1518544,1518575,31
MTE1,18562,1518822,1518853,31
MTE1,18566,1518981,1519012,31
MTE1,18567,1519259,1519290,31
MTE1,18571,1519418,1519449,31
MTE1,18572,1519696,1519727,31
MTE1,18576,1519855,1519886,31
MTE1,18577,1520133,1520164,31
MTE1,18581,1520292,1520323,31
MTE1,18582,1520570,1520601,31
MTE1,18586,1520729,1520760,31
MTE1,18587,1521007,1521038,31
MTE1,18593,1521166,1521197,31
MTE1,18594,1521444,1521475,31
MTE1,18598,1521603,1521634,31
MTE1,18599,1521881,1521912,31
MTE1,18603,1522040,1522071,31
MTE1,18604,1522318,1522349,31
MTE1,18608,1522477,1522508,31
MTE1,18609,1522755,1522786,31
MTE1,18613,1522914,1522945,31
MTE1,18614,1523192,1523223,31
MTE1,18618,1523351,1523382,31
MTE1,18619,1523629,1523660,31
MTE1,18623,1523788,1523819,31
MTE1,18624,1524066,1524097,31
MTE1,18628,1524225,1524256,31
MTE1,18629,1524503,1524534,31
MTE1,18633,1524662,1524693,31
MTE1,18634,1524940,1524971,31
MTE1,18638,1525099,1525130,31
MTE1,18639,1525377,1525408,31
MTE1,18643,1525536,1525567,31
MTE1,18644,1525814,1525845,31
MTE1,18648,1525973,1526004,31
MTE1,18649,1526251,1526282,31
MTE1,18653,1526410,1526441,31
MTE1,18654,1526688,1526719,31
MTE1,18658,1526847,1526878,31
MTE1,18659,1527125,1527156,31
MTE1,18663,1527284,1527315,31
MTE1,18664,1527562,1527593,31
MTE1,18668,1527721,1527752,31
MTE1,18669,1527999,1528030,31
MTE1,18675,1528158,1528189,31
MTE1,18676,1528436,1528467,31
MTE1,18680,1528595,1528626,31
MTE1,18681,1528873,1528904,31
MTE1,18685,1529032,1529063,31
MTE1,18686,1529310,1529341,31
MTE1,18690,1529469,1529500,31
MTE1,18691,1529747,1529778,31
MTE1,18695,1529906,1529937,31
MTE1,18696,1530184,1530215,31
MTE1,18700,1530343,1530374,31
MTE1,18701,1530621,1530652,31
MTE1,18705,1530780,1530811,31
MTE1,18706,1531058,1531089,31
MTE1,18710,1531217,1531248,31
MTE1,18711,1531495,1531526,31
MTE1,18715,1531654,1531685,31
MTE1,18716,1531932,1531963,31
MTE1,18720,1532091,1532122,31
MTE1,18721,1532369,1532400,31
MTE1,18725,1532528,1532559,31
MTE1,18726,1532806,1532837,31
MTE1,18730,1532965,1532996,31
MTE1,18731,1533243,1533274,31
MTE1,18735,1533402,1533433,31
MTE1,18736,1533680,1533711,31
MTE1,18740,1533839,1533870,31
MTE1,18741,1534117,1534148,31
MTE1,18745,1534276,1534307,31
MTE1,18746,1534554,1534585,31
MTE1,18750,1534713,1534744,31
MTE1,18751,1534991,1535022,31
MTE1,18757,1535150,1535181,31
MTE1,18758,1535428,1535459,31
MTE1,18762,1535587,1535618,31
MTE1,18763,1535865,1535896,31
MTE1,18767,1536024,1536055,31
MTE1,18768,1536302,1536333,31
MTE1,18772,1536461,1536492,31
MTE1,18773,1536739,1536770,31
MTE1,18777,1536898,1536929,31
MTE1,18778,1537176,1537207,31
MTE1,18782,1537335,1537366,31
MTE1,18783,1537613,1537644,31
MTE1,18787,1537772,1537803,31
MTE1,18788,1538050,1538081,31
MTE1,18792,1538209,1538240,31
MTE1,18793,1538487,1538518,31
MTE1,18797,1538646,1538677,31
MTE1,18798,1538924,1538955,31
MTE1,18802,1539083,1539114,31
MTE1,18803,1539361,1539392,31
MTE1,18807,1539520,1539551,31
MTE1,18808,1539798,1539829,31
MTE1,18812,1539957,1539988,31
MTE1,18813,1540235,1540266,31
MTE1,18817,1540394,1540425,31
MTE1,18818,1540672,1540703,31
MTE1,18822,1540831,1540862,31
MTE1,18823,1541109,1541140,31
MTE1,18827,1541268,1541299,31
MTE1,18828,1541546,1541577,31
MTE1,18832,1541705,1541736,31
MTE1,18833,1541983,1542014,31
MTE1,18839,1542142,1542173,31
MTE1,18840,1542420,1542451,31
MTE1,18844,1542579,1542610,31
MTE1,18845,1542857,1542888,31
MTE1,18849,1543016,1543047,31
MTE1,18850,1543294,1543325,31
MTE1,18854,1543453,1543484,31
MTE1,18855,1543731,1543762,31
MTE1,18859,1543890,1543921,31
MTE1,18860,1544168,1544199,31
MTE1,18864,1544327,1544358,31
MTE1,18865,1544605,1544636,31
MTE1,18869,1544764,1544795,31
MTE1,18870,1545042,1545073,31
MTE1,18874,1545201,1545232,31
MTE1,18875,1545479,1545510,31
MTE1,18879,1545638,1545669,31
MTE1,18880,1545916,1545947,31
MTE1,18884,1546075,1546106,31
MTE1,18885,1546353,1546384,31
MTE1,18889,1546512,1546543,31
MTE1,18890,1546790,1546821,31
MTE1,18894,1546949,1546980,31
MTE1,18895,1547227,1547258,31
MTE1,18899,1547386,1547417,31
MTE1,18900,1547664,1547695,31
MTE1,18904,1547823,1547854,31
MTE1,18905,1548101,1548132,31
MTE1,18909,1548260,1548291,31
MTE1,18910,1548538,1548569,31
MTE1,18914,1548697,1548728,31
MTE1,18915,1548975,1549006,31
MTE1,18921,1549134,1549165,31
MTE1,18922,1549412,1549443,31
MTE1,18926,1549571,1549602,31
MTE1,18927,1549849,1549880,31
MTE1,18931,1550008,1550039,31
MTE1,18932,1550286,1550317,31
MTE1,18936,1550445,1550476,31
MTE1,18937,1550723,1550754,31
MTE1,18941,1550882,1550913,31
MTE1,18942,1551160,1551191,31
MTE1,18946,1551319,1551350,31
MTE1,18947,1551597,1551628,31
MTE1,18951,1551756,1551787,31
MTE1,18952,1552034,1552065,31
MTE1,18956,1552193,1552224,31
MTE1,18957,1552471,1552502,31
MTE1,18961,1552630,1552661,31
MTE1,18962,1552908,1552939,31
MTE1,18966,1553067,1553098,31
MTE1,18967,1553345,1553376,31
MTE1,18971,1553504,1553535,31
MTE1,18972,1553782,1553813,31
MTE1,18976,1553941,1553972,31
MTE1,18977,1554219,1554250,31
MTE1,18981,1554378,1554409,31
MTE1,18982,1554656,1554687,31
MTE1,18986,1554815,1554846,31
MTE1,18987,1555093,1555124,31
MTE1,18991,1555252,1555283,31
MTE1,18992,1555530,1555561,31
MTE1,18996,1555689,1555720,31
MTE1,18997,1555967,1555998,31
MTE1,19003,1556126,1556157,31
MTE1,19004,1556404,1556435,31
MTE1,19008,1556563,1556594,31
MTE1,19009,1556841,1556872,31
MTE1,19013,1557000,1557031,31
MTE1,19014,1557278,1557309,31
MTE1,19018,1557437,1557468,31
MTE1,19019,1557715,1557746,31
MTE1,19023,1557874,1557905,31
MTE1,19024,1558152,1558183,31
MTE1,19028,1558311,1558342,31
MTE1,19029,1558589,1558620,31
MTE1,19033,1558748,1558779,31
MTE1,19034,1559026,1559057,31
MTE1,19038,1559185,1559216,31
MTE1,19039,1559463,1559494,31
MTE1,19043,1559622,1559653,31
MTE1,19044,1559900,1559931,31
MTE1,19048,1560059,1560090,31
MTE1,19049,1560337,1560368,31
MTE1,19053,1560496,1560527,31
MTE1,19054,1560774,1560805,31
MTE1,19058,1560933,1560964,31
MTE1,19059,1561211,1561242,31
MTE1,19063,1561370,1561401,31
MTE1,19064,1561648,1561679,31
MTE1,19068,1561807,1561838,31
MTE1,19069,1562085,1562116,31
MTE1,19073,1562244,1562275,31
MTE1,19074,1562522,1562553,31
MTE1,19078,1562681,1562712,31
MTE1,19079,1562959,1562990,31
MTE1,19085,1563118,1563149,31
MTE1,19086,1563396,1563427,31
MTE1,19090,1563555,1563586,31
MTE1,19091,1563833,1563864,31
MTE1,19095,1563992,1564023,31
MTE1,19096,1564270,1564301,31
MTE1,19100,1564429,1564460,31
MTE1,19101,1564707,1564738,31
MTE1,19105,1564866,1564897,31
MTE1,19106,1565144,1565175,31
MTE1,19110,1565303,1565334,31
MTE1,19111,1565581,1565612,31
MTE1,19115,1565740,1565771,31
MTE1,19116,1566018,1566049,31
MTE1,19120,1566177,1566208,31
MTE1,19121,1566455,1566486,31
MTE1,19125,1566614,1566645,31
MTE1,19126,1566892,1566923,31
MTE1,19130,1567051,1567082,31
MTE1,19131,1567329,1567360,31
MTE1,19135,1567488,1567519,31
MTE1,19136,1567766,1567797,31
MTE1,19140,1567925,1567956,31
MTE1,19141,1568203,1568234,31
MTE1,19145,1568362,1568393,31
MTE1,19146,1568640,1568671,31
MTE1,19150,1568799,1568830,31
MTE1,19151,1569077,1569108,31
MTE1,19155,1569236,1569267,31
MTE1,19156,1569514,1569545,31
MTE1,19160,1569673,1569704,31
MTE1,19161,1569951,1569982,31
MTE1,19167,1570110,1570141,31
MTE1,19168,1570388,1570419,31
MTE1,19172,1570547,1570578,31
MTE1,19173,1570825,1570856,31
MTE1,19177,1570984,1571015,31
MTE1,19178,1571262,1571293,31
MTE1,19182,1571421,1571452,31
MTE1,19183,1571452,1571483,31
MTE1,19187,1571611,1571642,31
MTE1,19188,1571642,1571673,31
MTE1,19192,1571801,1571832,31
MTE1,19193,1571832,1571863,31
MTE1,19197,1571991,1572022,31
MTE1,19198,1572022,1572053,31
MTE1,19202,1572181,1572212,31
MTE1,19203,1572212,1572243,31
MTE1,19207,1572371,1572402,31
MTE1,19208,1572402,1572433,31
MTE1,19212,1572561,1572592,31
MTE1,19213,1572592,1572623,31
MTE1,19217,1572751,1572782,31
MTE1,19218,1572782,1572813,31
MTE1,19222,1572941,1572972,31
MTE1,19223,1572972,1573003,31
MTE1,19227,1573131,1573162,31
MTE1,19228,1573162,1573193,31
MTE1,19232,1573321,1573352,31
MTE1,19233,1573352,1573383,31
MTE1,19237,1573511,1573542,31
MTE1,19238,1573542,1573573,31
MTE1,19242,1573701,1573732,31
MTE1,19243,1573732,1573763,31
MTE1,19249,1573891,1573922,31
MTE1,19250,1573922,1573953,31
MTE1,19254,1574282,1574313,31
MTE1,19255,1574313,1574344,31
MTE1,19259,1574472,1574503,31
MTE1,19260,1574909,1574940,31
MTE1,19264,1575068,1575099,31
MTE1,19265,1575505,1575536,31
MTE1,19269,1575664,1575695,31
MTE1,19270,1576101,1576132,31
MTE1,19274,1576260,1576291,31
MTE1,19275,1576697,1576728,31
MTE1,19279,1576856,1576887,31
MTE1,19280,1577293,1577324,31
MTE1,19284,1577452,1577483,31
MTE1,19285,1577889,1577920,31
MTE1,19289,1578048,1578079,31
MTE1,19290,1578485,1578516,31
MTE1,19294,1578644,1578675,31
MTE1,19295,1579081,1579112,31
MTE1,19299,1579240,1579271,31
MTE1,19300,1579677,1579708,31
MTE1,19304,1579836,1579867,31
MTE1,19305,1580273,1580304,31
MTE1,19309,1580432,1580463,31
MTE1,19310,1580869,1580900,31
MTE1,19314,1581028,1581059,31
MTE1,19315,1581465,1581496,31
MTE1,19319,1581624,1581655,31
MTE1,19320,1582061,1582092,31
MTE1,19324,1582220,1582251,31
MTE1,19325,1582657,1582688,31
MTE1,19334,1583063,1583094,31
MTE1,19333,1583388,1583419,31
MTE1,19341,1583794,1583825,31
MTE1,19340,1584150,1584181,31
MTE1,19348,1584556,1584587,31
MTE1,19347,1584912,1584943,31
MTE1,19355,1585318,1585349,31
MTE1,19354,1585674,1585705,31
MTE1,19362,1586080,1586111,31
MTE1,19361,1586436,1586467,31
MTE1,19369,1586842,1586873,31
MTE1,19368,1587198,1587229,31
MTE1,19376,1587604,1587635,31
MTE1,19375,1587960,1587991,31
MTE1,19383,1588366,1588397,31
MTE1,19382,1588722,1588753,31
MTE1,19390,1589128,1589159,31
MTE1,19389,1589484,1589515,31
MTE1,19397,1589890,1589921,31
MTE1,19396,1590246,1590277,31
MTE1,19404,1590652,1590683,31
MTE1,19403,1591008,1591039,31
MTE1,19411,1591414,1591445,31
MTE1,19410,1591770,1591801,31
MTE1,19418,1592176,1592207,31
MTE1,19417,1592532,1592563,31
MTE1,19425,1592938,1592969,31
MTE1,19424,1593294,1593325,31
MTE1,19432,1593700,1593731,31
MTE1,19431,1594056,1594087,31
MTE1,19439,1594462,1594493,31
MTE1,19438,1594818,1594849,31
MTE1,19445,1594977,1595008,31
MTE1,19446,1595224,1595255,31
MTE1,19450,1595383,1595414,31
MTE1,19451,1595661,1595692,31
MTE1,19455,1595820,1595851,31
MTE1,19456,1596098,1596129,31
MTE1,19460,1596257,1596288,31
MTE1,19461,1596535,1596566,31
MTE1,19465,1596694,1596725,31
MTE1,19466,1596972,1597003,31
MTE1,19470,1597131,1597162,31
MTE1,19471,1597409,1597440,31
MTE1,19475,1597568,1597599,31
MTE1,19476,1597846,1597877,31
MTE1,19480,1598005,1598036,31
MTE1,19481,1598283,1598314,31
MTE1,19485,1598442,1598473,31
MTE1,19486,1598720,1598751,31
MTE1,19490,1598879,1598910,31
MTE1,19491,1599157,1599188,31
MTE1,19495,1599316,1599347,31
MTE1,19496,1599594,1599625,31
MTE1,19500,1599753,1599784,31
MTE1,19501,1600031,1600062,31
MTE1,19505,1600190,1600221,31
MTE1,19506,1600468,1600499,31
MTE1,19510,1600627,1600658,31
MTE1,19511,1600905,1600936,31
MTE1,19515,1601064,1601095,31
MTE1,19516,1601342,1601373,31
MTE1,19520,1601501,1601532,31
MTE1,19521,1601779,1601810,31
MTE1,19527,1601938,1601969,31
MTE1,19528,1602216,1602247,31
MTE1,19532,1602375,1602406,31
MTE1,19533,1602653,1602684,31
MTE1,19537,1602812,1602843,31
MTE1,19538,1603090,1603121,31
MTE1,19542,1603249,1603280,31
MTE1,19543,1603527,1603558,31
MTE1,19547,1603686,1603717,31
MTE1,19548,1603964,1603995,31
MTE1,19552,1604123,1604154,31
MTE1,19553,1604401,1604432,31
MTE1,19557,1604560,1604591,31
MTE1,19558,1604838,1604869,31
MTE1,19562,1604997,1605028,31
MTE1,19563,1605275,1605306,31
MTE1,19567,1605434,1605465,31
MTE1,19568,1605712,1605743,31
MTE1,19572,1605871,1605902,31
MTE1,19573,1606149,1606180,31
MTE1,19577,1606308,1606339,31
MTE1,19578,1606586,1606617,31
MTE1,19582,1606745,1606776,31
MTE1,19583,1607023,1607054,31
MTE1,19587,1607182,1607213,31
MTE1,19588,1607460,1607491,31
MTE1,19592,1607619,1607650,31
MTE1,19593,1607897,1607928,31
MTE1,19597,1608056,1608087,31
MTE1,19598,1608334,1608365,31
MTE1,19602,1608493,1608524,31
MTE1,19603,1608771,1608802,31
MTE1,19609,1608930,1608961,31
MTE1,19610,1609208,1609239,31
MTE1,19614,1609367,1609398,31
MTE1,19615,1609645,1609676,31
MTE1,19619,1609804,1609835,31
MTE1,19620,1610082,1610113,31
MTE1,19624,1610241,1610272,31
MTE1,19625,1610519,1610550,31
MTE1,19629,1610678,1610709,31
MTE1,19630,1610956,1610987,31
MTE1,19634,1611115,1611146,31
MTE1,19635,1611393,1611424,31
MTE1,19639,1611552,1611583,31
MTE1,19640,1611830,1611861,31
MTE1,19644,1611989,1612020,31
MTE1,19645,1612267,1612298,31
MTE1,19649,1612426,1612457,31
MTE1,19650,1612704,1612735,31
MTE1,19654,1612863,1612894,31
MTE1,19655,1613141,1613172,31
MTE1,19659,1613300,1613331,31
MTE1,19660,1613578,1613609,31
MTE1,19664,1613737,1613768,31
MTE1,19665,1614015,1614046,31
MTE1,19669,1614174,1614205,31
MTE1,19670,1614452,1614483,31
MTE1,19674,1614611,1614642,31
MTE1,19675,1614889,1614920,31
MTE1,19679,1615048,1615079,31
MTE1,19680,1615326,1615357,31
MTE1,19684,1615485,1615516,31
MTE1,19685,1615763,1615794,31
MTE1,19691,1615922,1615953,31
MTE1,19692,1616200,1616231,31
MTE1,19696,1616359,1616390,31
MTE1,19697,1616637,1616668,31
MTE1,19701,1616796,1616827,31
MTE1,19702,1617074,1617105,31
MTE1,19706,1617233,1617264,31
MTE1,19707,1617511,1617542,31
MTE1,19711,1617670,1617701,31
MTE1,19712,1617948,1617979,31
MTE1,19716,1618107,1618138,31
MTE1,19717,1618385,1618416,31
MTE1,19721,1618544,1618575,31
MTE1,19722,1618822,1618853,31
MTE1,19726,1618981,1619012,31
MTE1,19727,1619259,1619290,31
MTE1,19731,1619418,1619449,31
MTE1,19732,1619696,1619727,31
MTE1,19736,1619855,1619886,31
MTE1,19737,1620133,1620164,31
MTE1,19741,1620292,1620323,31
MTE1,19742,1620570,1620601,31
MTE1,19746,1620729,1620760,31
MTE1,19747,1621007,1621038,31
MTE1,19751,1621166,1621197,31
MTE1,19752,1621444,1621475,31
MTE1,19756,1621603,1621634,31
MTE1,19757,1621881,1621912,31
MTE1,19761,1622040,1622071,31
MTE1,19762,1622318,1622349,31
MTE1,19766,1622477,1622508,31
MTE1,19767,1622755,1622786,31
MTE1,19773,1622914,1622945,31
MTE1,19774,1623192,1623223,31
MTE1,19778,1623351,1623382,31
MTE1,19779,1623629,1623660,31
MTE1,19783,1623788,1623819,31
MTE1,19784,1624066,1624097,31
MTE1,19788,1624225,1624256,31
MTE1,19789,1624503,1624534,31
MTE1,19793,1624662,1624693,31
MTE1,19794,1624940,1624971,31
MTE1,19798,1625099,1625130,31
MTE1,19799,1625377,1625408,31
MTE1,19803,1625536,1625567,31
MTE1,19804,1625814,1625845,31
MTE1,19808,1625973,1626004,31
MTE1,19809,1626251,1626282,31
MTE1,19813,1626410,1626441,31
MTE1,19814,1626688,1626719,31
MTE1,19818,1626847,1626878,31
MTE1,19819,1627125,1627156,31
MTE1,19823,1627284,1627315,31
MTE1,19824,1627562,1627593,31
MTE1,19828,1627721,1627752,31
MTE1,19829,1627999,1628030,31
MTE1,19833,1628158,1628189,31
MTE1,19834,1628436,1628467,31
MTE1,19838,1628595,1628626,31
MTE1,19839,1628873,1628904,31
MTE1,19843,1629032,1629063,31
MTE1,19844,1629310,1629341,31
MTE1,19848,1629469,1629500,31
MTE1,19849,1629747,1629778,31
MTE1,19855,1629906,1629937,31
MTE1,19856,1630184,1630215,31
MTE1,19860,1630343,1630374,31
MTE1,19861,1630621,1630652,31
MTE1,19865,1630780,1630811,31
MTE1,19866,1631058,1631089,31
MTE1,19870,1631217,1631248,31
MTE1,19871,1631495,1631526,31
MTE1,19875,1631654,1631685,31
MTE1,19876,1631932,1631963,31
MTE1,19880,1632091,1632122,31
MTE1,19881,1632369,1632400,31
MTE1,19885,1632528,1632559,31
MTE1,19886,1632806,1632837,31
MTE1,19890,1632965,1632996,31
MTE1,19891,1633243,1633274,31
MTE1,19895,1633402,1633433,31
MTE1,19896,1633680,1633711,31
MTE1,19900,1633839,1633870,31
MTE1,19901,1634117,1634148,31
MTE1,19905,1634276,1634307,31
MTE1,19906,1634554,1634585,31
MTE1,19910,1634713,1634744,31
MTE1,19911,1634991,1635022,31
MTE1,19915,1635150,1635181,31
MTE1,19916,1635428,1635459,31
MTE1,19920,1635587,1635618,31
MTE1,19921,1635865,1635896,31
MTE1,19925,1636024,1636055,31
MTE1,19926,1636302,1636333,31
MTE1,19930,1636461,1636492,31
MTE1,19931,1636739,1636770,31
MTE1,19937,1636898,1636929,31
MTE1,19938,1637176,1637207,31
MTE1,19942,1637335,1637366,31
MTE1,19943,1637613,1637644,31
MTE1,19947,1637772,1637803,31
MTE1,19948,1638050,1638081,31
MTE1,19952,1638209,1638240,31
MTE1,19953,1638487,1638518,31
MTE1,19957,1638646,1638677,31
MTE1,19958,1638924,1638955,31
MTE1,19962,1639083,1639114,31
MTE1,19963,1639361,1639392,31
MTE1,19967,1639520,1639551,31
MTE1,19968,1639798,1639829,31
MTE1,19972,1639957,1639988,31
MTE1,19973,1640235,1640266,31
MTE1,19977,1640394,1640425,31
MTE1,19978,1640672,1640703,31
MTE1,19982,1640831,1640862,31
MTE1,19983,1641109,1641140,31
MTE1,19987,1641268,1641299,31
MTE1,19988,1641546,1641577,31
MTE1,19992,1641705,1641736,31
MTE1,19993,1641983,1642014,31
MTE1,19997,1642142,1642173,31
MTE1,19998,1642420,1642451,31
MTE1,20002,1642579,1642610,31
MTE1,20003,1642857,1642888,31
MTE1,20007,1643016,1643047,31
MTE1,20008,1643294,1643325,31
MTE1,20012,1643453,1643484,31
MTE1,20013,1643731,1643762,31
MTE1,20019,1643890,1643921,31
MTE1,20020,1644168,1644199,31
MTE1,20024,1644327,1644358,31
MTE1,20025,1644605,1644636,31
MTE1,20029,1644764,1644795,31
MTE1,20030,1645042,1645073,31
MTE1,20034,1645201,1645232,31
MTE1,20035,1645479,1645510,31
MTE1,20039,1645638,1645669,31
MTE1,20040,1645916,1645947,31
MTE1,20044,1646075,1646106,31
MTE1,20045,1646353,1646384,31
MTE1,20049,1646512,1646543,31
MTE1,20050,1646790,1646821,31
MTE1,20054,1646949,1646980,31
MTE1,20055,1647227,1647258,31
MTE1,20059,1647386,1647417,31
MTE1,20060,1647664,1647695,31
MTE1,20064,1647823,1647854,31
MTE1,20065,1648101,1648132,31
MTE1,20069,1648260,1648291,31
MTE1,20070,1648538,1648569,31
MTE1,20074,1648697,1648728,31
MTE1,20075,1648975,1649006,31
MTE1,20079,1649134,1649165,31
MTE1,20080,1649412,1649443,31
MTE1,20084,1649571,1649602,31
MTE1,20085,1649849,1649880,31
MTE1,20089,1650008,1650039,31
MTE1,20090,1650286,1650317,31
MTE1,20094,1650445,1650476,31
MTE1,20095,1650723,1650754,31
MTE1,20101,1650882,1650913,31
MTE1,20102,1651160,1651191,31
MTE1,20106,1651319,1651350,31
MTE1,20107,1651597,1651628,31
MTE1,20111,1651756,1651787,31
MTE1,20112,1652034,1652065,31
MTE1,20116,1652193,1652224,31
MTE1,20117,1652471,1652502,31
MTE1,20121,1652630,1652661,31
MTE1,20122,1652908,1652939,31
MTE1,20126,1653067,1653098,31
MTE1,20127,1653345,1653376,31
MTE1,20131,1653504,1653535,31
MTE1,20132,1653782,1653813,31
MTE1,20136,1653941,1653972,31
MTE1,20137,1654219,1654250,31
MTE1,20141,1654378,1654409,31
MTE1,20142,1654656,1654687,31
MTE1,20146,1654815,1654846,31
MTE1,20147,1655093,1655124,31
MTE1,20151,1655252,1655283,31
MTE1,20152,1655530,1655561,31
MTE1,20156,1655689,1655720,31
MTE1,20157,1655967,1655998,31
MTE1,20161,1656126,1656157,31
MTE1,20162,1656404,1656435,31
MTE1,20166,1656563,1656594,31
MTE1,20167,1656841,1656872,31
MTE1,20171,1657000,1657031,31
MTE1,20172,1657278,1657309,31
MTE1,20176,1657437,1657468,31
MTE1,20177,1657715,1657746,31
MTE1,20183,1657874,1657905,31
MTE1,20184,1658152,1658183,31
MTE1,20188,1658311,1658342,31
MTE1,20189,1658589,1658620,31
MTE1,20193,1658748,1658779,31
MTE1,20194,1659026,1659057,31
MTE1,20198,1659185,1659216,31
MTE1,20199,1659463,1659494,31
MTE1,20203,1659622,1659653,31
MTE1,20204,1659900,1659931,31
MTE1,20208,1660059,1660090,31
MTE1,20209,1660337,1660368,31
MTE1,20213,1660496,1660527,31
MTE1,20214,1660774,1660805,31
MTE1,20218,1660933,1660964,31
MTE1,20219,1661211,1661242,31
MTE1,20223,1661370,1661401,31
MTE1,20224,1661648,1661679,31
MTE1,20228,1661807,1661838,31
MTE1,20229,1662085,1662116,31
MTE1,20233,1662244,1662275,31
MTE1,20234,1662522,1662553,31
MTE1,20238,1662681,1662712,31
MTE1,20239,1662959,1662990,31
MTE1,20243,1663118,1663149,31
MTE1,20244,1663396,1663427,31
MTE1,20248,1663555,1663586,31
MTE1,20249,1663833,1663864,31
MTE1,20253,1663992,1664023,31
MTE1,20254,1664270,1664301,31
MTE1,20258,1664429,1664460,31
MTE1,20259,1664707,1664738,31
MTE1,20265,1664866,1664897,31
MTE1,20266,1665144,1665175,31
MTE1,20270,1665303,1665334,31
MTE1,20271,1665581,1665612,31
MTE1,20275,1665740,1665771,31
MTE1,20276,1666018,1666049,31
MTE1,20280,1666177,1666208,31
MTE1,20281,1666455,1666486,31
MTE1,20285,1666614,1666645,31
MTE1,20286,1666892,1666923,31
MTE1,20290,1667051,1667082,31
MTE1,20291,1667329,1667360,31
MTE1,20295,1667488,1667519,31
MTE1,20296,1667766,1667797,31
MTE1,20300,1667925,1667956,31
MTE1,20301,1668203,1668234,31
MTE1,20305,1668362,1668393,31
MTE1,20306,1668640,1668671,31
MTE1,20310,1668799,1668830,31
MTE1,20311,1669077,1669108,31
MTE1,20315,1669236,1669267,31
MTE1,20316,1669514,1669545,31
MTE1,20320,1669673,1669704,31
MTE1,20321,1669951,1669982,31
MTE1,20325,1670110,1670141,31
MTE1,20326,1670388,1670419,31
MTE1,20330,1670547,1670578,31
MTE1,20331,1670825,1670856,31
MTE1,20335,1670984,1671015,31
MTE1,20336,1671262,1671293,31
MTE1,20340,1671421,1671452,31
MTE1,20341,1671699,1671730,31
MTE1,20347,1671858,1671889,31
MTE1,20348,1672136,1672167,31
MTE1,20352,1672295,1672326,31
MTE1,20353,1672573,1672604,31
MTE1,20357,1672732,1672763,31
MTE1,20358,1673010,1673041,31
MTE1,20362,1673169,1673200,31
MTE1,20363,1673447,1673478,31
MTE1,20367,1673606,1673637,31
MTE1,20368,1673884,1673915,31
MTE1,20372,1674043,1674074,31
MTE1,20373,1674321,1674352,31
MTE1,20377,1674480,1674511,31
MTE1,20378,1674758,1674789,31
MTE1,20382,1674917,1674948,31
MTE1,20383,1675195,1675226,31
MTE1,20387,1675354,1675385,31
MTE1,20388,1675632,1675663,31
MTE1,20392,1675791,1675822,31
MTE1,20393,1676069,1676100,31
MTE1,20397,1676228,1676259,31
MTE1,20398,1676506,1676537,31
MTE1,20402,1676665,1676696,31
MTE1,20403,1676943,1676974,31
MTE1,20407,1677102,1677133,31
MTE1,20408,1677380,1677411,31
MTE1,20412,1677539,1677570,31
MTE1,20413,1677817,1677848,31
MTE1,20417,1677976,1678007,31
MTE1,20418,1678254,1678285,31
MTE1,20422,1678413,1678444,31
MTE1,20423,1678691,1678722,31
MTE1,20429,1678850,1678881,31
MTE1,20430,1679128,1679159,31
MTE1,20434,1679287,1679318,31
MTE1,20435,1679565,1679596,31
MTE1,20439,1679724,1679755,31
MTE1,20440,1680002,1680033,31
MTE1,20444,1680161,1680192,31
MTE1,20445,1680439,1680470,31
MTE1,20449,1680598,1680629,31
MTE1,20450,1680876,1680907,31
MTE1,20454,1681035,1681066,31
MTE1,20455,1681313,1681344,31
MTE1,20459,1681472,1681503,31
MTE1,20460,1681750,1681781,31
MTE1,20464,1681909,1681940,31
MTE1,20465,1682187,1682218,31
MTE1,20469,1682346,1682377,31
MTE1,20470,1682624,1682655,31
MTE1,20474,1682783,1682814,31
MTE1,20475,1683061,1683092,31
MTE1,20479,1683220,1683251,31
MTE1,20480,1683498,1683529,31
MTE1,20484,1683657,1683688,31
MTE1,20485,1683935,1683966,31
MTE1,20489,1684094,1684125,31
MTE1,20490,1684372,1684403,31
MTE1,20494,1684531,1684562,31
MTE1,20495,1684809,1684840,31
MTE1,20499,1684968,1684999,31
MTE1,20500,1685246,1685277,31
MTE1,20504,1685405,1685436,31
MTE1,20505,1685683,1685714,31
MTE1,20511,1685842,1685873,31
MTE1,20512,1686120,1686151,31
MTE1,20516,1686279,1686310,31
MTE1,20517,1686557,1686588,31
MTE1,20521,1686716,1686747,31
MTE1,20522,1686747,1686778,31
MTE1,20526,1686906,1686937,31
MTE1,20527,1686937,1686968,31
MTE1,20531,1687096,1687127,31
MTE1,20532,1687127,1687158,31
MTE1,20536,1687286,1687317,31
MTE1,20537,1687317,1687348,31
MTE1,20541,1687476,1687507,31
MTE1,20542,1687507,1687538,31
MTE1,20546,1687666,1687697,31
MTE1,20547,1687697,1687728,31
MTE1,20551,1687856,1687887,31
MTE1,20552,1687887,1687918,31
MTE1,20556,1688046,1688077,31
MTE1,20557,1688077,1688108,31
MTE1,20561,1688236,1688267,31
MTE1,20562,1688267,1688298,31
MTE1,20566,1688426,1688457,31
MTE1,20567,1688457,1688488,31
MTE1,20571,1688616,1688647,31
MTE1,20572,1688647,1688678,31
MTE1,20576,1688806,1688837,31
MTE1,20577,1688837,1688868,31
MTE1,20581,1688996,1689027,31
MTE1,20582,1689027,1689058,31
MTE1,20586,1689186,1689217,31
MTE1,20587,1689217,1689248,31
MTE1,20593,1689376,1689407,31
MTE1,20594,1689407,1689438,31
MTE1,20598,1689767,1689798,31
MTE1,20599,1690204,1690235,31
MTE1,20603,1690363,1690394,31
MTE1,20604,1690800,1690831,31
MTE1,20608,1690959,1690990,31
MTE1,20609,1691396,1691427,31
MTE1,20613,1691555,1691586,31
MTE1,20614,1691992,1692023,31
MTE1,20618,1692151,1692182,31
MTE1,20619,1692588,1692619,31
MTE1,20623,1692747,1692778,31
MTE1,20624,1693184,1693215,31
MTE1,20628,1693343,1693374,31
MTE1,20629,1693780,1693811,31
MTE1,20633,1693939,1693970,31
MTE1,20634,1694376,1694407,31
MTE1,20638,1694535,1694566,31
MTE1,20639,1694972,1695003,31
MTE1,20643,1695131,1695162,31
MTE1,20644,1695568,1695599,31
MTE1,20648,1695727,1695758,31
MTE1,20649,1696164,1696195,31
MTE1,20653,1696323,1696354,31
MTE1,20654,1696760,1696791,31
MTE1,20658,1696919,1696950,31
MTE1,20659,1697356,1697387,31
MTE1,20663,1697515,1697546,31
MTE1,20664,1697952,1697983,31
MTE1,20668,1698111,1698142,31
MTE1,20669,1698358,1698389,31
MTE1,20678,1698764,1698795,31
MTE1,20677,1699120,1699151,31
MTE1,20685,1699526,1699557,31
MTE1,20684,1699882,1699913,31
MTE1,20692,1700288,1700319,31
MTE1,20691,1700644,1700675,31
MTE1,20699,1701050,1701081,31
MTE1,20698,1701406,1701437,31
MTE1,20706,1701812,1701843,31
MTE1,20705,1702168,1702199,31
MTE1,20713,1702574,1702605,31
MTE1,20712,1702930,1702961,31
MTE1,20720,1703336,1703367,31
MTE1,20719,1703692,1703723,31
MTE1,20727,1704098,1704129,31
MTE1,20726,1704454,1704485,31
MTE1,20734,1704860,1704891,31
MTE1,20733,1705216,1705247,31
MTE1,20741,1705622,1705653,31
MTE1,20740,1705978,1706009,31
MTE1,20748,1706384,1706415,31
MTE1,20747,1706740,1706771,31
MTE1,20755,1707146,1707177,31
MTE1,20754,1707502,1707533,31
MTE1,20762,1707908,1707939,31
MTE1,20761,1708264,1708295,31
MTE1,20769,1708670,1708701,31
MTE1,20768,1709026,1709057,31
MTE1,20776,1709432,1709463,31
MTE1,20775,1709788,1709819,31
MTE1,20783,1710194,1710225,31
MTE1,20782,1710550,1710581,31
MTE1,20789,1710709,1710740,31
MTE1,20790,1710956,1710987,31
MTE1,20794,1711115,1711146,31
MTE1,20795,1711393,1711424,31
MTE1,20799,1711552,1711583,31
MTE1,20800,1711830,1711861,31
MTE1,20804,1711989,1712020,31
MTE1,20805,1712267,1712298,31
MTE1,20809,1712426,1712457,31
MTE1,20810,1712704,1712735,31
MTE1,20814,1712863,1712894,31
MTE1,20815,1713141,1713172,31
MTE1,20819,1713300,1713331,31
MTE1,20820,1713578,1713609,31
MTE1,20824,1713737,1713768,31
MTE1,20825,1714015,1714046,31
MTE1,20829,1714174,1714205,31
MTE1,20830,1714452,1714483,31
MTE1,20834,1714611,1714642,31
MTE1,20835,1714889,1714920,31
MTE1,20839,1715048,1715079,31
MTE1,20840,1715326,1715357,31
MTE1,20844,1715485,1715516,31
MTE1,20845,1715763,1715794,31
MTE1,20849,1715922,1715953,31
MTE1,20850,1716200,1716231,31
MTE1,20854,1716359,1716390,31
MTE1,20855,1716637,1716668,31
MTE1,20859,1716796,1716827,31
MTE1,20860,1717074,1717105,31
MTE1,20864,1717233,1717264,31
MTE1,20865,1717511,1717542,31
MTE1,20871,1717670,1717701,31
MTE1,20872,1717948,1717979,31
MTE1,20876,1718107,1718138,31
MTE1,20877,1718385,1718416,31
MTE1,20881,1718544,1718575,31
MTE1,20882,1718822,1718853,31
MTE1,20886,1718981,1719012,31
MTE1,20887,1719259,1719290,31
MTE1,20891,1719418,1719449,31
MTE1,20892,1719696,1719727,31
MTE1,20896,1719855,1719886,31
MTE1,20897,1720133,1720164,31
MTE1,20901,1720292,1720323,31
MTE1,20902,1720570,1720601,31
MTE1,20906,1720729,1720760,31
MTE1,20907,1721007,1721038,31
MTE1,20911,1721166,1721197,31
MTE1,20912,1721444,1721475,31
MTE1,20916,1721603,1721634,31
MTE1,20917,1721881,1721912,31
MTE1,20921,1722040,1722071,31
MTE1,20922,1722318,1722349,31
MTE1,20926,1722477,1722508,31
MTE1,20927,1722755,1722786,31
MTE1,20931,1722914,1722945,31
MTE1,20932,1723192,1723223,31
MTE1,20936,1723351,1723382,31
MTE1,20937,1723629,1723660,31
MTE1,20941,1723788,1723819,31
MTE1,20942,1724066,1724097,31
MTE1,20946,1724225,1724256,31
MTE1,20947,1724503,1724534,31
MTE1,20953,1724662,1724693,31
MTE1,20954,1724940,1724971,31
MTE1,20958,1725099,1725130,31
MTE1,20959,1725377,1725408,31
MTE1,20963,1725536,1725567,31
MTE1,20964,1725814,1725845,31
MTE1,20968,1725973,1726004,31
MTE1,20969,1726251,1726282,31
MTE1,20973,1726410,1726441,31
MTE1,20974,1726688,1726719,31
MTE1,20978,1726847,1726878,31
MTE1,20979,1727125,1727156,31
MTE1,20983,1727284,1727315,31
MTE1,20984,1727562,1727593,31
MTE1,20988,1727721,1727752,31
MTE1,20989,1727999,1728030,31
MTE1,20993,1728158,1728189,31
MTE1,20994,1728436,1728467,31
MTE1,20998,1728595,1728626,31
MTE1,20999,1728873,1728904,31
MTE1,21003,1729032,1729063,31
MTE1,21004,1729310,1729341,31
MTE1,21008,1729469,1729500,31
MTE1,21009,1729747,1729778,31
MTE1,21013,1729906,1729937,31
MTE1,21014,1730184,1730215,31
MTE1,21018,1730343,1730374,31
MTE1,21019,1730621,1730652,31
MTE1,21023,1730780,1730811,31
MTE1,21024,1731058,1731089,31
MTE1,21028,1731217,1731248,31
MTE1,21029,1731495,1731526,31
MTE1,21035,1731654,1731685,31
MTE1,21036,1731932,1731963,31
MTE1,21040,1732091,1732122,31
MTE1,21041,1732369,1732400,31
MTE1,21045,1732528,1732559,31
MTE1,21046,1732806,1732837,31
MTE1,21050,1732965,1732996,31
MTE1,21051,1733243,1733274,31
MTE1,21055,1733402,1733433,31
MTE1,21056,1733680,1733711,31
MTE1,21060,1733839,1733870,31
MTE1,21061,1734117,1734148,31
MTE1,21065,1734276,1734307,31
MTE1,21066,1734554,1734585,31
MTE1,21070,1734713,1734744,31
MTE1,21071,1734991,1735022,31
MTE1,21075,1735150,1735181,31
MTE1,21076,1735428,1735459,31
MTE1,21080,1735587,1735618,31
MTE1,21081,1735865,1735896,31
MTE1,21085,1736024,1736055,31
MTE1,21086,1736302,1736333,31
MTE1,21090,1736461,1736492,31
MTE1,21091,1736739,1736770,31
MTE1,21095,1736898,1736929,31
MTE1,21096,1737176,1737207,31
MTE1,21100,1737335,1737366,31
MTE1,21101,1737613,1737644,31
MTE1,21105,1737772,1737803,31
MTE1,21106,1738050,1738081,31
MTE1,21110,1738209,1738240,31
MTE1,21111,1738487,1738518,31
MTE1,21117,1738646,1738677,31
MTE1,21118,1738924,1738955,31
MTE1,21122,1739083,1739114,31
MTE1,21123,1739361,1739392,31
MTE1,21127,1739520,1739551,31
MTE1,21128,1739798,1739829,31
MTE1,21132,1739957,1739988,31
MTE1,21133,1740235,1740266,31
MTE1,21137,1740394,1740425,31
MTE1,21138,1740672,1740703,31
MTE1,21142,1740831,1740862,31
MTE1,21143,1741109,1741140,31
MTE1,21147,1741268,1741299,31
MTE1,21148,1741546,1741577,31
MTE1,21152,1741705,1741736,31
MTE1,21153,1741983,1742014,31
MTE1,21157,1742142,1742173,31
MTE1,21158,1742420,1742451,31
MTE1,21162,1742579,1742610,31
MTE1,21163,1742857,1742888,31
MTE1,21167,1743016,1743047,31
MTE1,21168,1743294,1743325,31
MTE1,21172,1743453,1743484,31
MTE1,21173,1743731,1743762,31
MTE1,21177,1743890,1743921,31
MTE1,21178,1744168,1744199,31
MTE1,21182,1744327,1744358,31
MTE1,21183,1744605,1744636,31
MTE1,21187,1744764,1744795,31
MTE1,21188,1745042,1745073,31
MTE1,21192,1745201,1745232,31
MTE1,21193,1745479,1745510,31
MTE1,21199,1745638,1745669,31
MTE1,21200,1745916,1745947,31
MTE1,21204,1746075,1746106,31
MTE1,21205,1746353,1746384,31
MTE1,21209,1746512,1746543,31
MTE1,21210,1746790,1746821,31
MTE1,21214,1746949,1746980,31
MTE1,21215,1747227,1747258,31
MTE1,21219,1747386,1747417,31
MTE1,21220,1747664,1747695,31
MTE1,21224,1747823,1747854,31
MTE1,21225,1748101,1748132,31
MTE1,21229,1748260,1748291,31
MTE1,21230,1748538,1748569,31
MTE1,21234,1748697,1748728,31
MTE1,21235,1748975,1749006,31
MTE1,21239,1749134,1749165,31
MTE1,21240,1749412,1749443,31
MTE1,21244,1749571,1749602,31
MTE1,21245,1749849,1749880,31
MTE1,21249,1750008,1750039,31
MTE1,21250,1750286,1750317,31
MTE1,21254,1750445,1750476,31
MTE1,21255,1750723,1750754,31
MTE1,21259,1750882,1750913,31
MTE1,21260,1751160,1751191,31
MTE1,21264,1751319,1751350,31
MTE1,21265,1751597,1751628,31
MTE1,21269,1751756,1751787,31
MTE1,21270,1752034,1752065,31
MTE1,21274,1752193,1752224,31
MTE1,21275,1752471,1752502,31
MTE1,21281,1752630,1752661,31
MTE1,21282,1752908,1752939,31
MTE1,21286,1753067,1753098,31
MTE1,21287,1753345,1753376,31
MTE1,21291,1753504,1753535,31
MTE1,21292,1753782,1753813,31
MTE1,21296,1753941,1753972,31
MTE1,21297,1754219,1754250,31
MTE1,21301,1754378,1754409,31
MTE1,21302,1754656,1754687,31
MTE1,21306,1754815,1754846,31
MTE1,21307,1755093,1755124,31
MTE1,21311,1755252,1755283,31
MTE1,21312,1755530,1755561,31
MTE1,21316,1755689,1755720,31
MTE1,21317,1755967,1755998,31
MTE1,21321,1756126,1756157,31
MTE1,21322,1756404,1756435,31
MTE1,21326,1756563,1756594,31
MTE1,21327,1756841,1756872,31
MTE1,21331,1757000,1757031,31
MTE1,21332,1757278,1757309,31
MTE1,21336,1757437,1757468,31
MTE1,21337,1757715,1757746,31
MTE1,21341,1757874,1757905,31
MTE1,21342,1758152,1758183,31
MTE1,21346,1758311,1758342,31
MTE1,21347,1758589,1758620,31
MTE1,21351,1758748,1758779,31
MTE1,21352,1759026,1759057,31
MTE1,21356,1759185,1759216,31
MTE1,21357,1759463,1759494,31
MTE1,21363,1759622,1759653,31
MTE1,21364,1759900,1759931,31
MTE1,21368,1760059,1760090,31
MTE1,21369,1760337,1760368,31
MTE1,21373,1760496,1760527,31
MTE1,21374,1760774,1760805,31
MTE1,21378,1760933,1760964,31
MTE1,21379,1761211,1761242,31
MTE1,21383,1761370,1761401,31
MTE1,21384,1761648,1761679,31
MTE1,21388,1761807,1761838,31
MTE1,21389,1762085,1762116,31
MTE1,21393,1762244,1762275,31
MTE1,21394,1762522,1762553,31
MTE1,21398,1762681,1762712,31
MTE1,21399,1762959,1762990,31
MTE1,21403,1763118,1763149,31
MTE1,21404,1763396,1763427,31
MTE1,21408,1763555,1763586,31
MTE1,21409,1763833,1763864,31
MTE1,21413,1763992,1764023,31
MTE1,21414,1764270,1764301,31
MTE1,21418,1764429,1764460,31
MTE1,21419,1764707,1764738,31
MTE1,21423,1764866,1764897,31
MTE1,21424,1765144,1765175,31
MTE1,21428,1765303,1765334,31
MTE1,21429,1765581,1765612,31
MTE1,21433,1765740,1765771,31
MTE1,21434,1766018,1766049,31
MTE1,21438,1766177,1766208,31
MTE1,21439,1766455,1766486,31
MTE1,21445,1766614,1766645,31
MTE1,21446,1766892,1766923,31
MTE1,21450,1767051,1767082,31
MTE1,21451,1767329,1767360,31
MTE1,21455,1767488,1767519,31
MTE1,21456,1767766,1767797,31
MTE1,21460,1767925,1767956,31
MTE1,21461,1768203,1768234,31
MTE1,21465,1768362,1768393,31
MTE1,21466,1768640,1768671,31
MTE1,21470,1768799,1768830,31
MTE1,21471,1769077,1769108,31
MTE1,21475,1769236,1769267,31
MTE1,21476,1769514,1769545,31
MTE1,21480,1769673,1769704,31
MTE1,21481,1769951,1769982,31
MTE1,21485,1770110,1770141,31
MTE1,21486,1770388,1770419,31
MTE1,21490,1770547,1770578,31
MTE1,21491,1770825,1770856,31
MTE1,21495,1770984,1771015,31
MTE1,21496,1771262,1771293,31
MTE1,21500,1771421,1771452,31
MTE1,21501,1771699,1771730,31
MTE1,21505,1771858,1771889,31
MTE1,21506,1772136,1772167,31
MTE1,21510,1772295,1772326,31
MTE1,21511,1772573,1772604,31
MTE1,21515,1772732,1772763,31
MTE1,21516,1773010,1773041,31
MTE1,21520,1773169,1773200,31
MTE1,21521,1773447,1773478,31
MTE1,21527,1773606,1773637,31
MTE1,21528,1773884,1773915,31
MTE1,21532,1774043,1774074,31
MTE1,21533,1774321,1774352,31
MTE1,21537,1774480,1774511,31
MTE1,21538,1774758,1774789,31
MTE1,21542,1774917,1774948,31
MTE1,21543,1775195,1775226,31
MTE1,21547,1775354,1775385,31
MTE1,21548,1775632,1775663,31
MTE1,21552,1775791,1775822,31
MTE1,21553,1776069,1776100,31
MTE1,21557,1776228,1776259,31
MTE1,21558,1776506,1776537,31
MTE1,21562,1776665,1776696,31
MTE1,21563,1776943,1776974,31
MTE1,21567,1777102,1777133,31
MTE1,21568,1777380,1777411,31
MTE1,21572,1777539,1777570,31
MTE1,21573,1777817,1777848,31
MTE1,21577,1777976,1778007,31
MTE1,21578,1778254,1778285,31
MTE1,21582,1778413,1778444,31
MTE1,21583,1778691,1778722,31
MTE1,21587,1778850,1778881,31
MTE1,21588,1779128,1779159,31
MTE1,21592,1779287,1779318,31
MTE1,21593,1779565,1779596,31
MTE1,21597,1779724,1779755,31
MTE1,21598,1780002,1780033,31
MTE1,21602,1780161,1780192,31
MTE1,21603,1780439,1780470,31
MTE1,21609,1780598,1780629,31
MTE1,21610,1780876,1780907,31
MTE1,21614,1781035,1781066,31
MTE1,21615,1781313,1781344,31
MTE1,21619,1781472,1781503,31
MTE1,21620,1781750,1781781,31
MTE1,21624,1781909,1781940,31
MTE1,21625,1782187,1782218,31
MTE1,21629,1782346,1782377,31
MTE1,21630,1782624,1782655,31
MTE1,21634,1782783,1782814,31
MTE1,21635,1783061,1783092,31
MTE1,21639,1783220,1783251,31
MTE1,21640,1783498,1783529,31
MTE1,21644,1783657,1783688,31
MTE1,21645,1783935,1783966,31
MTE1,21649,1784094,1784125,31
MTE1,21650,1784372,1784403,31
MTE1,21654,1784531,1784562,31
MTE1,21655,1784809,1784840,31
MTE1,21659,1784968,1784999,31
MTE1,21660,1785246,1785277,31
MTE1,21664,1785405,1785436,31
MTE1,21665,1785683,1785714,31
MTE1,21669,1785842,1785873,31
MTE1,21670,1786120,1786151,31
MTE1,21674,1786279,1786310,31
MTE1,21675,1786557,1786588,31
MTE1,21679,1786716,1786747,31
MTE1,21680,1786994,1787025,31
MTE1,21684,1787153,1787184,31
MTE1,21685,1787431,1787462,31
MTE1,21691,1787590,1787621,31
MTE1,21692,1787868,1787899,31
MTE1,21696,1788027,1788058,31
MTE1,21697,1788305,1788336,31
MTE1,21701,1788464,1788495,31
MTE1,21702,1788742,1788773,31
MTE1,21706,1788901,1788932,31
MTE1,21707,1789179,1789210,31
MTE1,21711,1789338,1789369,31
MTE1,21712,1789616,1789647,31
MTE1,21716,1789775,1789806,31
MTE1,21717,1790053,1790084,31
MTE1,21721,1790212,1790243,31
MTE1,21722,1790490,1790521,31
MTE1,21726,1790649,1790680,31
MTE1,21727,1790927,1790958,31
MTE1,21731,1791086,1791117,31
MTE1,21732,1791364,1791395,31
MTE1,21736,1791523,1791554,31
MTE1,21737,1791801,1791832,31
MTE1,21741,1791960,1791991,31
MTE1,21742,1792238,1792269,31
MTE1,21746,1792397,1792428,31
MTE1,21747,1792675,1792706,31
MTE1,21751,1792834,1792865,31
MTE1,21752,1793112,1793143,31
MTE1,21756,1793271,1793302,31
MTE1,21757,1793549,1793580,31
MTE1,21761,1793708,1793739,31
MTE1,21762,1793986,1794017,31
MTE1,21766,1794145,1794176,31
MTE1,21767,1794423,1794454,31
MTE1,21773,1794582,1794613,31
MTE1,21774,1794860,1794891,31
MTE1,21778,1795019,1795050,31
MTE1,21779,1795297,1795328,31
MTE1,21783,1795456,1795487,31
MTE1,21784,1795734,1795765,31
MTE1,21788,1795893,1795924,31
MTE1,21789,1796171,1796202,31
MTE1,21793,1796330,1796361,31
MTE1,21794,1796608,1796639,31
MTE1,21798,1796767,1796798,31
MTE1,21799,1797045,1797076,31
MTE1,21803,1797204,1797235,31
MTE1,21804,1797482,1797513,31
MTE1,21808,1797641,1797672,31
MTE1,21809,1797919,1797950,31
MTE1,21813,1798078,1798109,31
MTE1,21814,1798356,1798387,31
MTE1,21818,1798515,1798546,31
MTE1,21819,1798793,1798824,31
MTE1,21823,1798952,1798983,31
MTE1,21824,1799230,1799261,31
MTE1,21828,1799389,1799420,31
MTE1,21829,1799667,1799698,31
MTE1,21833,1799826,1799857,31
MTE1,21834,1800104,1800135,31
MTE1,21838,1800263,1800294,31
MTE1,21839,1800541,1800572,31
MTE1,21843,1800700,1800731,31
MTE1,21844,1800978,1801009,31
MTE1,21848,1801137,1801168,31
MTE1,21849,1801415,1801446,31
MTE1,21855,1801574,1801605,31
MTE1,21856,1801852,1801883,31
MTE1,21860,1802011,1802042,31
MTE1,21861,1802042,1802073,31
MTE1,21865,1802201,1802232,31
MTE1,21866,1802232,1802263,31
MTE1,21870,1802391,1802422,31
MTE1,21871,1802422,1802453,31
MTE1,21875,1802581,1802612,31
MTE1,21876,1802612,1802643,31
MTE1,21880,1802771,1802802,31
MTE1,21881,1802802,1802833,31
MTE1,21885,1802961,1802992,31
MTE1,21886,1802992,1803023,31
MTE1,21890,1803151,1803182,31
MTE1,21891,1803182,1803213,31
MTE1,21895,1803341,1803372,31
MTE1,21896,1803372,1803403,31
MTE1,21900,1803531,1803562,31
MTE1,21901,1803562,1803593,31
MTE1,21905,1803721,1803752,31
MTE1,21906,1803752,1803783,31
MTE1,21910,1803911,1803942,31
MTE1,21911,1803942,1803973,31
MTE1,21915,1804101,1804132,31
MTE1,21916,1804132,1804163,31
MTE1,21920,1804291,1804322,31
MTE1,21921,1804322,1804353,31
MTE1,21925,1804481,1804512,31
MTE1,21926,1804512,1804543,31
MTE1,21930,1804671,1804702,31
MTE1,21931,1804702,1804733,31
MTE1,21937,1804861,1804892,31
MTE1,21938,1804892,1804923,31
MTE1,21942,1805252,1805283,31
MTE1,21943,1805329,1805360,31
MTE1,21947,1805488,1805519,31
MTE1,21948,1805766,1805797,31
MTE1,21952,1805925,1805956,31
MTE1,21953,1806203,1806234,31
MTE1,21957,1806362,1806393,31
MTE1,21958,1806640,1806671,31
MTE1,21962,1806799,1806830,31
MTE1,21963,1807077,1807108,31
MTE1,21967,1807236,1807267,31
MTE1,21968,1807514,1807545,31
MTE1,21972,1807673,1807704,31
MTE1,21973,1807920,1807951,31
MTE1,21977,1808079,1808110,31
MTE1,21978,1808326,1808357,31
MTE1,21982,1808485,1808516,31
MTE1,21983,1808763,1808794,31
MTE1,21987,1808922,1808953,31
MTE1,21988,1809200,1809231,31
MTE1,21992,1809359,1809390,31
MTE1,21993,1809637,1809668,31
MTE1,21997,1809796,1809827,31
MTE1,21998,1810074,1810105,31
MTE1,22002,1810233,1810264,31
MTE1,22003,1810511,1810542,31
MTE1,22007,1810670,1810701,31
MTE1,22008,1810917,1810948,31
MTE1,22012,1811076,1811107,31
MTE1,22013,1811323,1811354,31
MTE2,3,0,325,325
MTE2,4,325,650,325
MTE2,12,650,975,325
MTE2,13,975,1300,325
MTE2,21,1300,1625,325
MTE2,22,1625,1950,325
MTE2,30,1950,2275,325
MTE2,31,2275,2600,325
MTE2,39,2600,2925,325
MTE2,40,2925,3250,325
MTE2,48,3250,3575,325
MTE2,49,3575,3900,325
MTE2,57,3900,4225,325
MTE2,58,4225,4550,325
MTE2,66,4550,4875,325
MTE2,67,4875,5200,325
MTE2,75,5200,5525,325
MTE2,76,5525,5850,325
MTE2,84,5850,6175,325
MTE2,85,6175,6500,325
MTE2,93,6500,6825,325
MTE2,94,6825,7150,325
MTE2,102,7150,7475,325
MTE2,103,7475,7800,325
MTE2,111,7800,8125,325
MTE2,112,8125,8450,325
MTE2,120,8450,8775,325
MTE2,121,8775,9100,325
MTE2,129,9100,9425,325
MTE2,130,9425,9750,325
MTE2,138,9750,10075,325
MTE2,139,10075,10400,325
MTE2,148,10431,10756,325
MTE2,155,10756,11081,325
MTE2,162,11112,11437,325
MTE2,169,11468,11793,325
MTE2,176,11824,12149,325
MTE2,183,12180,12505,325
MTE2,190,12536,12861,325
MTE2,197,12892,13217,325
MTE2,204,13248,13573,325
MTE2,211,13604,13929,325
MTE2,218,13960,14285,325
MTE2,225,14316,14641,325
MTE2,232,14672,14997,325
MTE2,239,15028,15353,325
MTE2,246,15384,15709,325
MTE2,253,15740,16065,325
MTE2,262,16096,16421,325
MTE2,269,16452,16777,325
MTE2,276,16808,17133,325
MTE2,283,17164,17489,325
MTE2,290,17520,17845,325
MTE2,297,17876,18201,325
MTE2,304,18232,18557,325
MTE2,311,18588,18913,325
MTE2,318,18944,19269,325
MTE2,325,19300,19625,325
MTE2,332,19656,19981,325
MTE2,339,20012,20337,325
MTE2,346,20368,20693,325
MTE2,353,20724,21049,325
MTE2,360,21080,21405,325
MTE2,367,21436,21761,325
MTE2,376,21792,22117,325
MTE2,383,22148,22473,325
MTE2,390,22504,22829,325
MTE2,397,22860,23185,325
MTE2,404,23216,23541,325
MTE2,411,23572,23897,325
MTE2,418,23928,24253,325
MTE2,425,24284,24609,325
MTE2,432,24640,24965,325
MTE2,439,24996,25321,325
MTE2,446,25352,25677,325
MTE2,453,25708,26033,325
MTE2,460,26064,26389,325
MTE2,467,26420,26745,325
MTE2,474,26776,27101,325
MTE2,481,27132,27457,325
MTE2,490,27488,27813,325
MTE2,497,27844,28169,325
MTE2,504,28200,28525,325
MTE2,511,28556,28881,325
MTE2,518,28912,29237,325
MTE2,525,29268,29593,325
MTE2,532,29624,29949,325
MTE2,539,29980,30305,325
MTE2,546,30336,30661,325
MTE2,553,30692,31017,325
MTE2,560,31048,31373,325
MTE2,567,31404,31729,325
MTE2,574,31760,32085,325
MTE2,581,32116,32441,325
MTE2,588,32472,32797,325
MTE2,595,32828,33153,325
MTE2,604,33184,33509,325
MTE2,611,33540,33865,325
MTE2,618,33896,34221,325
MTE2,625,34252,34577,325
MTE2,632,34608,34933,325
MTE2,639,34964,35289,325
MTE2,646,35320,35645,325
MTE2,653,35676,36001,325
MTE2,660,36032,36357,325
MTE2,667,36388,36713,325
MTE2,674,36744,37069,325
MTE2,681,37100,37425,325
MTE2,688,37456,37781,325
MTE2,695,37812,38137,325
MTE2,702,38168,38493,325
MTE2,709,38524,38849,325
MTE2,718,38880,39205,325
MTE2,725,39236,39561,325
MTE2,732,39592,39917,325
MTE2,739,39948,40273,325
MTE2,746,40304,40629,325
MTE2,753,40660,40985,325
MTE2,760,41016,41341,325
MTE2,767,41372,41697,325
MTE2,774,41728,42053,325
MTE2,781,42084,42409,325
MTE2,788,42440,42765,325
MTE2,795,42796,43121,325
MTE2,802,43152,43477,325
MTE2,809,43508,43833,325
MTE2,816,43864,44189,325
MTE2,823,44220,44545,325
MTE2,832,44576,44901,325
MTE2,839,44932,45257,325
MTE2,846,45288,45613,325
MTE2,853,45644,45969,325
MTE2,860,46000,46325,325
MTE2,867,46356,46681,325
MTE2,874,46712,47037,325
MTE2,881,47068,47393,325
MTE2,888,47424,47749,325
MTE2,895,47780,48105,325
MTE2,902,48136,48461,325
MTE2,909,48492,48817,325
MTE2,916,48848,49173,325
MTE2,923,49204,49529,325
MTE2,930,49560,49885,325
MTE2,937,49916,50241,325
MTE2,946,50272,50597,325
MTE2,953,50628,50953,325
MTE2,960,50984,51309,325
MTE2,967,51340,51665,325
MTE2,974,51696,52021,325
MTE2,981,52052,52377,325
MTE2,988,52408,52733,325
MTE2,995,52764,53089,325
MTE2,1002,53120,53445,325
MTE2,1009,53476,53801,325
MTE2,1016,53832,54157,325
MTE2,1023,54188,54513,325
MTE2,1030,54544,54869,325
MTE2,1037,54900,55225,325
MTE2,1044,55256,55581,325
MTE2,1051,55612,55937,325
MTE2,1060,55968,56293,325
MTE2,1067,56324,56649,325
MTE2,1074,56680,57005,325
MTE2,1081,57036,57361,325
MTE2,1088,57392,57717,325
MTE2,1095,57748,58073,325
MTE2,1102,58104,58429,325
MTE2,1109,58460,58785,325
MTE2,1116,58816,59141,325
MTE2,1123,59172,59497,325
MTE2,1130,59528,59853,325
MTE2,1137,59884,60209,325
MTE2,1144,60240,60565,325
MTE2,1151,60596,60921,325
MTE2,1158,60952,61277,325
MTE2,1165,61308,61633,325
MTE2,1174,61664,61989,325
MTE2,1181,62020,62345,325
MTE2,1188,62376,62701,325
MTE2,1195,62732,63057,325
MTE2,1202,63088,63413,325
MTE2,1209,63444,63769,325
MTE2,1216,63800,64125,325
MTE2,1223,64156,64481,325
MTE2,1230,64512,64837,325
MTE2,1237,64868,65193,325
MTE2,1244,65224,65549,325
MTE2,1251,65580,65905,325
MTE2,1258,65936,66261,325
MTE2,1265,66292,66617,325
MTE2,1272,66648,66973,325
MTE2,1279,67004,67329,325
MTE2,1288,67360,67685,325
MTE2,1295,67716,68041,325
MTE2,1302,68072,68397,325
MTE2,1309,68428,68753,325
MTE2,1316,68784,69109,325
MTE2,1323,69140,69465,325
MTE2,1330,69496,69821,325
MTE2,1337,69852,70177,325
MTE2,1344,70208,70533,325
MTE2,1351,70564,70889,325
MTE2,1358,70920,71245,325
MTE2,1365,71276,71601,325
MTE2,1372,71632,71957,325
MTE2,1379,71988,72313,325
MTE2,1386,72344,72669,325
MTE2,1393,72700,73025,325
MTE2,1402,73056,73381,325
MTE2,1409,73412,73737,325
MTE2,1416,73768,74093,325
MTE2,1423,74124,74449,325
MTE2,1430,74480,74805,325
MTE2,1437,74836,75161,325
MTE2,1444,75192,75517,325
MTE2,1451,75548,75873,325
MTE2,1458,75904,76229,325
MTE2,1465,76260,76585,325
MTE2,1472,76616,76941,325
MTE2,1479,76972,77297,325
MTE2,1486,77328,77653,325
MTE2,1493,77684,78009,325
MTE2,1500,78040,78365,325
MTE2,1507,78396,78721,325
MTE2,1516,78752,79077,325
MTE2,1523,79108,79433,325
MTE2,1530,79464,79789,325
MTE2,1537,79820,80145,325
MTE2,1544,80176,80501,325
MTE2,1551,80532,80857,325
MTE2,1558,80888,81213,325
MTE2,1565,81244,81569,325
MTE2,1572,81600,81925,325
MTE2,1579,81956,82281,325
MTE2,1586,82312,82637,325
MTE2,1593,82668,82993,325
MTE2,1600,83024,83349,325
MTE2,1607,83380,83705,325
MTE2,1614,83736,84061,325
MTE2,1621,84092,84417,325
MTE2,1630,84448,84773,325
MTE2,1637,84804,85129,325
MTE2,1644,85160,85485,325
MTE2,1651,85516,85841,325
MTE2,1658,85872,86197,325
MTE2,1665,86228,86553,325
MTE2,1672,86584,86909,325
MTE2,1679,86940,87265,325
MTE2,1686,87296,87621,325
MTE2,1693,87652,87977,325
MTE2,1700,88008,88333,325
MTE2,1707,88364,88689,325
MTE2,1714,88720,89045,325
MTE2,1721,89076,89401,325
MTE2,1728,89432,89757,325
MTE2,1735,89788,90113,325
MTE2,1744,90303,90628,325
MTE2,1751,90818,91143,325
MTE2,1758,91333,91658,325
MTE2,1765,91848,92173,325
MTE2,1772,92363,92688,325
MTE2,1779,92878,93203,325
MTE2,1786,93393,93718,325
MTE2,1793,93908,94233,325
MTE2,1800,94423,94748,325
MTE2,1807,94938,95263,325
MTE2,1814,95453,95778,325
MTE2,1821,95968,96293,325
MTE2,1828,96483,96808,325
MTE2,1835,96998,97323,325
MTE2,1842,97513,97838,325
MTE2,1849,98028,98353,325
MTE2,1858,98543,98868,325
MTE2,1865,99058,99383,325
MTE2,1872,99573,99898,325
MTE2,1879,100088,100413,325
MTE2,1886,100603,100928,325
MTE2,1893,101118,101443,325
MTE2,1900,101633,101958,325
MTE2,1907,102148,102473,325
MTE2,1914,102663,102988,325
MTE2,1921,103178,103503,325
MTE2,1928,103693,104018,325
MTE2,1935,104208,104533,325
MTE2,1942,104723,105048,325
MTE2,1949,105238,105563,325
MTE2,30979,105563,105969,406
MTE2,1956,106000,106325,325
MTE2,30977,106325,106731,406
MTE2,1963,106762,107087,325
MTE2,30981,107308,107714,406
MTE2,30983,107745,108151,406
MTE2,30985,108182,108588,406
MTE2,30987,108619,109025,406
MTE2,30989,109056,109462,406
MTE2,30991,109493,109899,406
MTE2,30993,109930,110336,406
MTE2,30995,110367,110773,406
MTE2,30997,110804,111210,406
MTE2,30999,111241,111647,406
MTE2,31001,111678,112084,406
MTE2,31003,112115,112521,406
MTE2,31005,112552,112958,406
MTE2,31007,112989,113395,406
MTE2,31009,113426,113832,406
MTE2,31011,113863,114269,406
MTE2,31013,114300,114706,406
MTE2,31015,114737,115143,406
MTE2,31017,115174,115580,406
MTE2,31019,115611,116017,406
MTE2,31021,116048,116454,406
MTE2,31023,116485,116891,406
MTE2,31025,116922,117328,406
MTE2,31027,117359,117765,406
MTE2,31029,117796,118202,406
MTE2,31031,118233,118639,406
MTE2,31033,118670,119076,406
MTE2,31035,119107,119513,406
MTE2,31037,119544,119950,406
MTE2,31039,119981,120387,406
MTE2,31041,120418,120824,406
MTE2,31043,120855,121261,406
MTE2,31045,121292,121698,406
MTE2,31047,121729,122135,406
MTE2,31049,122166,122572,406
MTE2,31051,122603,123009,406
MTE2,31053,123040,123446,406
MTE2,31055,123477,123883,406
MTE2,31057,123914,124320,406
MTE2,31059,124351,124757,406
MTE2,31061,124788,125194,406
MTE2,31063,125225,125631,406
MTE2,31065,125662,126068,406
MTE2,31067,126099,126505,406
MTE2,31069,126536,126942,406
MTE2,31071,126973,127379,406
MTE2,31073,127410,127816,406
MTE2,31075,127847,128253,406
MTE2,31077,128284,128690,406
MTE2,31079,128721,129127,406
MTE2,31081,129158,129564,406
MTE2,31083,129595,130001,406
MTE2,31085,130032,130438,406
MTE2,31087,130469,130875,406
MTE2,31089,130906,131312,406
MTE2,31091,131343,131749,406
MTE2,31093,131780,132186,406
MTE2,31095,132217,132623,406
MTE2,31097,132654,133060,406
MTE2,31099,133091,133497,406
MTE2,31101,133528,133934,406
MTE2,31103,133965,134371,406
MTE2,31105,134402,134808,406
MTE2,31107,134839,135245,406
MTE2,31109,135276,135682,406
MTE2,31111,135713,136119,406
MTE2,31113,136150,136556,406
MTE2,31115,136587,136993,406
MTE2,31117,137024,137430,406
MTE2,31119,137461,137867,406
MTE2,31121,137898,138304,406
MTE2,31123,138335,138741,406
MTE2,31125,138772,139178,406
MTE2,31127,139209,139615,406
MTE2,31129,139646,140052,406
MTE2,31131,140083,140489,406
MTE2,31133,140520,140926,406
MTE2,31135,140957,141363,406
MTE2,31137,141394,141800,406
MTE2,31139,141831,142237,406
MTE2,31141,142268,142674,406
MTE2,31143,142705,143111,406
MTE2,31145,143142,143548,406
MTE2,31147,143579,143985,406
MTE2,31149,144016,144422,406
MTE2,31151,144453,144859,406
MTE2,31153,144890,145296,406
MTE2,31155,145327,145733,406
MTE2,31157,145764,146170,406
MTE2,31159,146201,146607,406
MTE2,31161,146638,147044,406
MTE2,31163,147075,147481,406
MTE2,31165,147512,147918,406
MTE2,31167,147949,148355,406
MTE2,31169,148386,148792,406
MTE2,31171,148823,149229,406
MTE2,31173,149260,149666,406
MTE2,31175,149697,150103,406
MTE2,31177,150134,150540,406
MTE2,31179,150571,150977,406
MTE2,31181,151008,151414,406
MTE2,31183,151445,151851,406
MTE2,31185,151882,152288,406
MTE2,31187,152319,152725,406
MTE2,31189,152756,153162,406
MTE2,31191,153193,153599,406
MTE2,31193,153630,154036,406
MTE2,31195,154067,154473,406
MTE2,31197,154504,154910,406
MTE2,31199,154941,155347,406
MTE2,31201,155378,155784,406
MTE2,31203,155815,156221,406
MTE2,31205,156252,156658,406
MTE2,31207,156689,157095,406
MTE2,31209,157126,157532,406
MTE2,31211,157563,157969,406
MTE2,31213,158000,158406,406
MTE2,31215,158437,158843,406
MTE2,31217,158874,159280,406
MTE2,31219,159311,159717,406
MTE2,31221,159748,160154,406
MTE2,31223,160185,160591,406
MTE2,31225,160622,161028,406
MTE2,31227,161059,161465,406
MTE2,31229,161496,161902,406
MTE2,31231,161933,162339,406
MTE2,31233,162370,162776,406
MTE2,31235,162807,163213,406
MTE2,31237,163244,163650,406
MTE2,31239,163681,164087,406
MTE2,31241,164118,164524,406
MTE2,31243,164555,164961,406
MTE2,31245,164992,165398,406
MTE2,31247,165429,165835,406
MTE2,31249,165866,166272,406
MTE2,31251,166303,166709,406
MTE2,31253,166740,167146,406
MTE2,31255,167177,167583,406
MTE2,31257,167614,168020,406
MTE2,31259,168051,168457,406
MTE2,31261,168488,168894,406
MTE2,31263,168925,169331,406
MTE2,31265,169362,169768,406
MTE2,31267,169799,170205,406
MTE2,31269,170236,170642,406
MTE2,31271,170673,171079,406
MTE2,31273,171110,171516,406
MTE2,31275,171547,171953,406
MTE2,31277,171984,172390,406
MTE2,31279,172421,172827,406
MTE2,31281,172858,173264,406
MTE2,31283,173295,173701,406
MTE2,31285,173732,174138,406
MTE2,31287,174169,174575,406
MTE2,31289,174606,175012,406
MTE2,31291,175043,175449,406
MTE2,31293,175480,175886,406
MTE2,31295,175917,176323,406
MTE2,31297,176354,176760,406
MTE2,31299,176791,177197,406
MTE2,31301,177228,177634,406
MTE2,31303,177665,178071,406
MTE2,31305,178102,178508,406
MTE2,31307,178539,178945,406
MTE2,31309,178976,179382,406
MTE2,31311,179413,179819,406
MTE2,31313,179850,180256,406
MTE2,31315,180287,180693,406
MTE2,31317,180724,181130,406
MTE2,31319,181161,181567,406
MTE2,31321,181598,182004,406
MTE2,31323,182035,182441,406
MTE2,31325,182472,182878,406
MTE2,31327,182909,183315,406
MTE2,31329,183346,183752,406
MTE2,31331,183783,184189,406
MTE2,31333,184220,184626,406
MTE2,31335,184657,185063,406
MTE2,31337,185094,185500,406
MTE2,31339,185531,185937,406
MTE2,31341,185968,186374,406
MTE2,31343,186405,186811,406
MTE2,31345,186842,187248,406
MTE2,31347,187279,187685,406
MTE2,31349,187716,188122,406
MTE2,31351,188153,188559,406
MTE2,31353,188590,188996,406
MTE2,31355,189027,189433,406
MTE2,31357,189464,189870,406
MTE2,31359,189901,190307,406
MTE2,31361,190338,190744,406
MTE2,31363,190775,191181,406
MTE2,31365,191212,191618,406
MTE2,31367,191649,192055,406
MTE2,31369,192086,192492,406
MTE2,31371,192523,192929,406
MTE2,31373,192960,193366,406
MTE2,31375,193397,193803,406
MTE2,31377,193834,194240,406
MTE2,31379,194271,194677,406
MTE2,31381,194708,195114,406
MTE2,31383,195145,195551,406
MTE2,31385,195582,195988,406
MTE2,31387,196019,196425,406
MTE2,31389,196456,196862,406
MTE2,31391,196893,197299,406
MTE2,31393,197330,197736,406
MTE2,31395,197767,198173,406
MTE2,31397,198204,198610,406
MTE2,31399,198641,199047,406
MTE2,31401,199078,199484,406
MTE2,31403,199515,199921,406
MTE2,31405,199952,200358,406
MTE2,31407,200389,200795,406
MTE2,31409,200826,201232,406
MTE2,31411,201263,201669,406
MTE2,31413,201700,202106,406
MTE2,31415,202137,202543,406
MTE2,31417,202574,202980,406
MTE2,31419,203011,203417,406
MTE2,31421,203448,203854,406
MTE2,31423,203885,204291,406
MTE2,31457,204671,205077,406
MTE2,31453,205077,205483,406
MTE2,31425,205483,205889,406
MTE2,3202,205889,206214,325
MTE2,31427,206214,206620,406
MTE2,3209,206620,206945,325
MTE2,31429,206945,207351,406
MTE2,3216,207351,207676,325
MTE2,31431,207676,208082,406
MTE2,3223,208082,208407,325
MTE2,31433,208407,208813,406
MTE2,3230,208813,209138,325
MTE2,31435,209138,209544,406
MTE2,3237,209544,209869,325
MTE2,31437,209869,210275,406
MTE2,3244,210275,210600,325
MTE2,31439,210600,211006,406
MTE2,3251,211037,211362,325
MTE2,31441,211362,211768,406
MTE2,3258,211799,212124,325
MTE2,31443,212124,212530,406
MTE2,3265,212561,212886,325
MTE2,31445,212886,213292,406
MTE2,3272,213323,213648,325
MTE2,31447,213648,214054,406
MTE2,3279,214085,214410,325
MTE2,31449,214410,214816,406
MTE2,3286,214847,215172,325
MTE2,31451,215172,215578,406
MTE2,3293,215609,215934,325
MTE2,31455,215934,216340,406
MTE2,3300,216371,216696,325
MTE2,31459,216696,217102,406
MTE2,3307,217133,217458,325
MTE2,31461,217458,217864,406
MTE2,31463,217895,218301,406
MTE2,31465,218332,218738,406
MTE2,31467,218769,219175,406
MTE2,31469,219206,219612,406
MTE2,31471,219643,220049,406
MTE2,31473,220080,220486,406
MTE2,31475,220517,220923,406
MTE2,31477,220954,221360,406
MTE2,31479,221391,221797,406
MTE2,31481,221828,222234,406
MTE2,31483,222265,222671,406
MTE2,31485,222702,223108,406
MTE2,31487,223139,223545,406
MTE2,31489,223576,223982,406
MTE2,31491,224013,224419,406
MTE2,31493,224450,224856,406
MTE2,31495,224887,225293,406
MTE2,31497,225324,225730,406
MTE2,31499,225761,226167,406
MTE2,31501,226198,226604,406
MTE2,31503,226635,227041,406
MTE2,31505,227072,227478,406
MTE2,31507,227509,227915,406
MTE2,31509,227946,228352,406
MTE2,31511,228383,228789,406
MTE2,31513,228820,229226,406
MTE2,31515,229257,229663,406
MTE2,31517,229694,230100,406
MTE2,31519,230131,230537,406
MTE2,31521,230568,230974,406
MTE2,31523,231005,231411,406
MTE2,31525,231442,231848,406
MTE2,31527,231879,232285,406
MTE2,31529,232316,232722,406
MTE2,31531,232753,233159,406
MTE2,31533,233190,233596,406
MTE2,31535,233627,234033,406
MTE2,31537,234064,234470,406
MTE2,31539,234501,234907,406
MTE2,31541,234938,235344,406
MTE2,31543,235375,235781,406
MTE2,31545,235812,236218,406
MTE2,31547,236249,236655,406
MTE2,31549,236686,237092,406
MTE2,31551,237123,237529,406
MTE2,31553,237560,237966,406
MTE2,31555,237997,238403,406
MTE2,31557,238434,238840,406
MTE2,31559,238871,239277,406
MTE2,31561,239308,239714,406
MTE2,31563,239745,240151,406
MTE2,31565,240182,240588,406
MTE2,31567,240619,241025,406
MTE2,31569,241056,241462,406
MTE2,31571,241493,241899,406
MTE2,31573,241930,242336,406
MTE2,31575,242367,242773,406
MTE2,31577,242804,243210,406
MTE2,31579,243241,243647,406
MTE2,31581,243678,244084,406
MTE2,31583,244115,244521,406
MTE2,31585,244552,244958,406
MTE2,31587,244989,245395,406
MTE2,31589,245426,245832,406
MTE2,31591,245863,246269,406
MTE2,31593,246300,246706,406
MTE2,31595,246737,247143,406
MTE2,31597,247174,247580,406
MTE2,31599,247611,248017,406
MTE2,31601,248048,248454,406
MTE2,31603,248485,248891,406
MTE2,31605,248922,249328,406
MTE2,31607,249359,249765,406
MTE2,31609,249796,250202,406
MTE2,31611,250233,250639,406
MTE2,31613,250670,251076,406
MTE2,31615,251107,251513,406
MTE2,31617,251544,251950,406
MTE2,31619,251981,252387,406
MTE2,31621,252418,252824,406
MTE2,31623,252855,253261,406
MTE2,31625,253292,253698,406
MTE2,31627,253729,254135,406
MTE2,31629,254166,254572,406
MTE2,31631,254603,255009,406
MTE2,31633,255040,255446,406
MTE2,31635,255477,255883,406
MTE2,31637,255914,256320,406
MTE2,31639,256351,256757,406
MTE2,31641,256788,257194,406
MTE2,31643,257225,257631,406
MTE2,31645,257662,258068,406
MTE2,31647,258099,258505,406
MTE2,31649,258536,258942,406
MTE2,31651,258973,259379,406
MTE2,31653,259410,259816,406
MTE2,31655,259847,260253,406
MTE2,31657,260284,260690,406
MTE2,31659,260721,261127,406
MTE2,31661,261158,261564,406
MTE2,31663,261595,262001,406
MTE2,31665,262032,262438,406
MTE2,31667,262469,262875,406
MTE2,31669,262906,263312,406
MTE2,31671,263343,263749,406
MTE2,31673,263780,264186,406
MTE2,31675,264217,264623,406
MTE2,31677,264654,265060,406
MTE2,31679,265091,265497,406
MTE2,31681,265528,265934,406
MTE2,31683,265965,266371,406
MTE2,31685,266402,266808,406
MTE2,31687,266839,267245,406
MTE2,31689,267276,267682,406
MTE2,31691,267713,268119,406
MTE2,31693,268150,268556,406
MTE2,31695,268587,268993,406
MTE2,31697,269024,269430,406
MTE2,31699,269461,269867,406
MTE2,31701,269898,270304,406
MTE2,31703,270335,270741,406
MTE2,31705,270772,271178,406
MTE2,31707,271209,271615,406
MTE2,31709,271646,272052,406
MTE2,31711,272083,272489,406
MTE2,31713,272520,272926,406
MTE2,31715,272957,273363,406
MTE2,31717,273394,273800,406
MTE2,31719,273831,274237,406
MTE2,31721,274268,274674,406
MTE2,31723,274705,275111,406
MTE2,31725,275142,275548,406
MTE2,31727,275579,275985,406
MTE2,31729,276016,276422,406
MTE2,31731,276453,276859,406
MTE2,31733,276890,277296,406
MTE2,31735,277327,277733,406
MTE2,31737,277764,278170,406
MTE2,31739,278201,278607,406
MTE2,31741,278638,279044,406
MTE2,31743,279075,279481,406
MTE2,31745,279512,279918,406
MTE2,31747,279949,280355,406
MTE2,31749,280386,280792,406
MTE2,31751,280823,281229,406
MTE2,31753,281260,281666,406
MTE2,31755,281697,282103,406
MTE2,31757,282134,282540,406
MTE2,31759,282571,282977,406
MTE2,31761,283008,283414,406
MTE2,31763,283445,283851,406
MTE2,31765,283882,284288,406
MTE2,31767,284319,284725,406
MTE2,31769,284756,285162,406
MTE2,31771,285193,285599,406
MTE2,31773,285630,286036,406
MTE2,31775,286067,286473,406
MTE2,31777,286504,286910,406
MTE2,31779,286941,287347,406
MTE2,31781,287378,287784,406
MTE2,31783,287815,288221,406
MTE2,31785,288252,288658,406
MTE2,31787,288689,289095,406
MTE2,31789,289126,289532,406
MTE2,31791,289563,289969,406
MTE2,31793,290000,290406,406
MTE2,31795,290437,290843,406
MTE2,31797,290874,291280,406
MTE2,31799,291311,291717,406
MTE2,31801,291748,292154,406
MTE2,31803,292185,292591,406
MTE2,31805,292622,293028,406
MTE2,31807,293059,293465,406
MTE2,31809,293496,293902,406
MTE2,31811,293933,294339,406
MTE2,31813,294370,294776,406
MTE2,31815,294807,295213,406
MTE2,31817,295244,295650,406
MTE2,31819,295681,296087,406
MTE2,31821,296118,296524,406
MTE2,31823,296555,296961,406
MTE2,31825,296992,297398,406
MTE2,31827,297429,297835,406
MTE2,31829,297866,298272,406
MTE2,31831,298303,298709,406
MTE2,31833,298740,299146,406
MTE2,31835,299177,299583,406
MTE2,31837,299614,300020,406
MTE2,31839,300051,300457,406
MTE2,31841,300488,300894,406
MTE2,31843,300925,301331,406
MTE2,31845,301362,301768,406
MTE2,31847,301799,302205,406
MTE2,31849,302236,302642,406
MTE2,31851,302673,303079,406
MTE2,31853,303110,303516,406
MTE2,31855,303547,303953,406
MTE2,31857,303984,304390,406
MTE2,31859,304421,304827,406
MTE2,31861,304858,305264,406
MTE2,31863,305295,305701,406
MTE2,31865,305732,306138,406
MTE2,31867,306169,306575,406
MTE2,31869,306606,307012,406
MTE2,31871,307043,307449,406
MTE2,31873,307480,307886,406
MTE2,31875,307917,308323,406
MTE2,31877,308354,308760,406
MTE2,31879,308791,309197,406
MTE2,31881,309228,309634,406
MTE2,31883,309665,310071,406
MTE2,31885,310102,310508,406
MTE2,31887,310539,310945,406
MTE2,31889,310976,311382,406
MTE2,31891,311413,311819,406
MTE2,31893,311850,312256,406
MTE2,31895,312287,312693,406
MTE2,31897,312724,313130,406
MTE2,31899,313161,313567,406
MTE2,31901,313598,314004,406
MTE2,31903,314035,314441,406
MTE2,31941,317682,318088,406
MTE2,31937,318278,318684,406
MTE2,31933,318874,319280,406
MTE2,31929,319280,319686,406
MTE2,4546,319686,320011,325
MTE2,31925,320011,320417,406
MTE2,4553,320417,320742,325
MTE2,31921,320742,321148,406
MTE2,4560,321148,321473,325
MTE2,31917,321473,321879,406
MTE2,4567,321879,322204,325
MTE2,31913,322204,322610,406
MTE2,4574,322610,322935,325
MTE2,31909,322935,323341,406
MTE2,4581,323341,323666,325
MTE2,31905,323666,324072,406
MTE2,4588,324103,324428,325
MTE2,31907,324428,324834,406
MTE2,4595,324865,325190,325
MTE2,31911,325190,325596,406
MTE2,4602,325627,325952,325
MTE2,31915,325952,326358,406
MTE2,4609,326389,326714,325
MTE2,31919,326714,327120,406
MTE2,4616,327151,327476,325
MTE2,31923,327476,327882,406
MTE2,4623,327913,328238,325
MTE2,31927,328238,328644,406
MTE2,4630,328675,329000,325
MTE2,31931,329000,329406,406
MTE2,4637,329437,329762,325
MTE2,31935,329762,330168,406
MTE2,4644,330199,330524,325
MTE2,31939,330524,330930,406
MTE2,4651,330961,331286,325
MTE2,31943,331286,331692,406
MTE2,31945,331723,332129,406
MTE2,31947,332160,332566,406
MTE2,31949,332597,333003,406
MTE2,31951,333034,333440,406
MTE2,31953,333471,333877,406
MTE2,31955,333908,334314,406
MTE2,31957,334345,334751,406
MTE2,31959,334782,335188,406
MTE2,31961,335219,335625,406
MTE2,31963,335656,336062,406
MTE2,31965,336093,336499,406
MTE2,31967,336530,336936,406
MTE2,31969,336967,337373,406
MTE2,31971,337404,337810,406
MTE2,31973,337841,338247,406
MTE2,31975,338278,338684,406
MTE2,31977,338715,339121,406
MTE2,31979,339152,339558,406
MTE2,31981,339589,339995,406
MTE2,31983,340026,340432,406
MTE2,31985,340463,340869,406
MTE2,31987,340900,341306,406
MTE2,31989,341337,341743,406
MTE2,31991,341774,342180,406
MTE2,31993,342211,342617,406
MTE2,31995,342648,343054,406
MTE2,31997,343085,343491,406
MTE2,31999,343522,343928,406
MTE2,32001,343959,344365,406
MTE2,32003,344396,344802,406
MTE2,32005,344833,345239,406
MTE2,32007,345270,345676,406
MTE2,32009,345707,346113,406
MTE2,32011,346144,346550,406
MTE2,32013,346581,346987,406
MTE2,32015,347018,347424,406
MTE2,32017,347455,347861,406
MTE2,32019,347892,348298,406
MTE2,32021,348329,348735,406
MTE2,32023,348766,349172,406
MTE2,32025,349203,349609,406
MTE2,32027,349640,350046,406
MTE2,32029,350077,350483,406
MTE2,32031,350514,350920,406
MTE2,32033,350951,351357,406
MTE2,32035,351388,351794,406
MTE2,32037,351825,352231,406
MTE2,32039,352262,352668,406
MTE2,32041,352699,353105,406
MTE2,32043,353136,353542,406
MTE2,32045,353573,353979,406
MTE2,32047,354010,354416,406
MTE2,32049,354447,354853,406
MTE2,32051,354884,355290,406
MTE2,32053,355321,355727,406
MTE2,32055,355758,356164,406
MTE2,32057,356195,356601,406
MTE2,32059,356632,357038,406
MTE2,32061,357069,357475,406
MTE2,32063,357506,357912,406
MTE2,32065,357943,358349,406
MTE2,32067,358380,358786,406
MTE2,32069,358817,359223,406
MTE2,32071,359254,359660,406
MTE2,32073,359691,360097,406
MTE2,32075,360128,360534,406
MTE2,32077,360565,360971,406
MTE2,32079,361002,361408,406
MTE2,32081,361439,361845,406
MTE2,32083,361876,362282,406
MTE2,32085,362313,362719,406
MTE2,32087,362750,363156,406
MTE2,32089,363187,363593,406
MTE2,32091,363624,364030,406
MTE2,32093,364061,364467,406
MTE2,32095,364498,364904,406
MTE2,32097,364935,365341,406
MTE2,32099,365372,365778,406
MTE2,32101,365809,366215,406
MTE2,32103,366246,366652,406
MTE2,32105,366683,367089,406
MTE2,32107,367120,367526,406
MTE2,32109,367557,367963,406
MTE2,32111,367994,368400,406
MTE2,32113,368431,368837,406
MTE2,32115,368868,369274,406
MTE2,32117,369305,369711,406
MTE2,32119,369742,370148,406
MTE2,32121,370179,370585,406
MTE2,32123,370616,371022,406
MTE2,32125,371053,371459,406
MTE2,32127,371490,371896,406
MTE2,32129,371927,372333,406
MTE2,32131,372364,372770,406
MTE2,32133,372801,373207,406
MTE2,32135,373238,373644,406
MTE2,32137,373675,374081,406
MTE2,32139,374112,374518,406
MTE2,32141,374549,374955,406
MTE2,32143,374986,375392,406
MTE2,32145,375423,375829,406
MTE2,32147,375860,376266,406
MTE2,32149,376297,376703,406
MTE2,32151,376734,377140,406
MTE2,32153,377171,377577,406
MTE2,32155,377608,378014,406
MTE2,32157,378045,378451,406
MTE2,32159,378482,378888,406
MTE2,32161,378919,379325,406
MTE2,32163,379356,379762,406
MTE2,32165,379793,380199,406
MTE2,32167,380230,380636,406
MTE2,32169,380667,381073,406
MTE2,32171,381104,381510,406
MTE2,32173,381541,381947,406
MTE2,32175,381978,382384,406
MTE2,32177,382415,382821,406
MTE2,32179,382852,383258,406
MTE2,32181,383289,383695,406
MTE2,32183,383726,384132,406
MTE2,32185,384163,384569,406
MTE2,32187,384600,385006,406
MTE2,32189,385037,385443,406
MTE2,32191,385474,385880,406
MTE2,32193,385911,386317,406
MTE2,32195,386348,386754,406
MTE2,32197,386785,387191,406
MTE2,32199,387222,387628,406
MTE2,32201,387659,388065,406
MTE2,32203,388096,388502,406
MTE2,32205,388533,388939,406
MTE2,32207,388970,389376,406
MTE2,32209,389407,389813,406
MTE2,32211,389844,390250,406
MTE2,32213,390281,390687,406
MTE2,32215,390718,391124,406
MTE2,32217,391155,391561,406
MTE2,32219,391592,391998,406
MTE2,32221,392029,392435,406
MTE2,32223,392466,392872,406
MTE2,32225,392903,393309,406
MTE2,32227,393340,393746,406
MTE2,32229,393777,394183,406
MTE2,32231,394214,394620,406
MTE2,32233,394651,395057,406
MTE2,32235,395088,395494,406
MTE2,32237,395525,395931,406
MTE2,32239,395962,396368,406
MTE2,32241,396399,396805,406
MTE2,32243,396836,397242,406
MTE2,32245,397273,397679,406
MTE2,32247,397710,398116,406
MTE2,32249,398147,398553,406
MTE2,32251,398584,398990,406
MTE2,32253,399021,399427,406
MTE2,32255,399458,399864,406
MTE2,32257,399895,400301,406
MTE2,32259,400332,400738,406
MTE2,32261,400769,401175,406
MTE2,32263,401206,401612,406
MTE2,32265,401643,402049,406
MTE2,32267,402080,402486,406
MTE2,32269,402517,402923,406
MTE2,32271,402954,403360,406
MTE2,32273,403391,403797,406
MTE2,32275,403828,404234,406
MTE2,32277,404265,404671,406
MTE2,32279,404702,405108,406
MTE2,32281,405139,405545,406
MTE2,32283,405576,405982,406
MTE2,32285,406013,406419,406
MTE2,32287,406450,406856,406
MTE2,32289,406887,407293,406
MTE2,32291,407324,407730,406
MTE2,32293,407761,408167,406
MTE2,32295,408198,408604,406
MTE2,32297,408635,409041,406
MTE2,32299,409072,409478,406
MTE2,32301,409509,409915,406
MTE2,32303,409946,410352,406
MTE2,32305,410383,410789,406
MTE2,32307,410820,411226,406
MTE2,32309,411257,411663,406
MTE2,32311,411694,412100,406
MTE2,32313,412131,412537,406
MTE2,32315,412568,412974,406
MTE2,32317,413005,413411,406
MTE2,32319,413442,413848,406
MTE2,32321,413879,414285,406
MTE2,32323,414316,414722,406
MTE2,32325,414753,415159,406
MTE2,32327,415190,415596,406
MTE2,32329,415627,416033,406
MTE2,32331,416064,416470,406
MTE2,32333,416501,416907,406
MTE2,32335,416938,417344,406
MTE2,32337,417375,417781,406
MTE2,32339,417812,418218,406
MTE2,32341,418249,418655,406
MTE2,32343,418686,419092,406
MTE2,32345,419123,419529,406
MTE2,32347,419560,419966,406
MTE2,32349,419997,420403,406
MTE2,32351,420434,420840,406
MTE2,32353,420871,421277,406
MTE2,32355,421308,421714,406
MTE2,32357,421745,422151,406
MTE2,32359,422182,422588,406
MTE2,32361,422619,423025,406
MTE2,32363,423056,423462,406
MTE2,32365,423493,423899,406
MTE2,32367,423930,424336,406
MTE2,32369,424367,424773,406
MTE2,32371,424804,425210,406
MTE2,32373,425241,425647,406
MTE2,32375,425678,426084,406
MTE2,32377,426115,426521,406
MTE2,32379,426552,426958,406
MTE2,32381,426989,427395,406
MTE2,32383,427426,427832,406
MTE2,32423,431073,431479,406
MTE2,32419,431669,432075,406
MTE2,32415,432265,432671,406
MTE2,32411,432861,433267,406
MTE2,32407,433267,433673,406
MTE2,5890,433673,433998,325
MTE2,32403,433998,434404,406
MTE2,5897,434404,434729,325
MTE2,32399,434729,435135,406
MTE2,5904,435135,435460,325
MTE2,32395,435460,435866,406
MTE2,5911,435866,436191,325
MTE2,32391,436191,436597,406
MTE2,5918,436597,436922,325
MTE2,32387,436922,437328,406
MTE2,5925,437328,437653,325
MTE2,32385,437653,438059,406
MTE2,5932,438090,438415,325
MTE2,32389,438415,438821,406
MTE2,5939,438852,439177,325
MTE2,32393,439177,439583,406
MTE2,5946,439614,439939,325
MTE2,32397,439939,440345,406
MTE2,5953,440376,440701,325
MTE2,32401,440701,441107,406
MTE2,5960,441138,441463,325
MTE2,32405,441463,441869,406
MTE2,5967,441900,442225,325
MTE2,32409,442225,442631,406
MTE2,5974,442662,442987,325
MTE2,32413,442987,443393,406
MTE2,5981,443424,443749,325
MTE2,32417,443749,444155,406
MTE2,5988,444186,444511,325
MTE2,32421,444511,444917,406
MTE2,5995,444948,445273,325
MTE2,32425,445273,445679,406
MTE2,32427,445710,446116,406
MTE2,32429,446147,446553,406
MTE2,32431,446584,446990,406
MTE2,32433,447021,447427,406
MTE2,32435,447458,447864,406
MTE2,32437,447895,448301,406
MTE2,32439,448332,448738,406
MTE2,32441,448769,449175,406
MTE2,32443,449206,449612,406
MTE2,32445,449643,450049,406
MTE2,32447,450080,450486,406
MTE2,32449,450517,450923,406
MTE2,32451,450954,451360,406
MTE2,32453,451391,451797,406
MTE2,32455,451828,452234,406
MTE2,32457,452265,452671,406
MTE2,32459,452702,453108,406
MTE2,32461,453139,453545,406
MTE2,32463,453576,453982,406
MTE2,32465,454013,454419,406
MTE2,32467,454450,454856,406
MTE2,32469,454887,455293,406
MTE2,32471,455324,455730,406
MTE2,32473,455761,456167,406
MTE2,32475,456198,456604,406
MTE2,32477,456635,457041,406
MTE2,32479,457072,457478,406
MTE2,32481,457509,457915,406
MTE2,32483,457946,458352,406
MTE2,32485,458383,458789,406
MTE2,32487,458820,459226,406
MTE2,32489,459257,459663,406
MTE2,32491,459694,460100,406
MTE2,32493,460131,460537,406
MTE2,32495,460568,460974,406
MTE2,32497,461005,461411,406
MTE2,32499,461442,461848,406
MTE2,32501,461879,462285,406
MTE2,32503,462316,462722,406
MTE2,32505,462753,463159,406
MTE2,32507,463190,463596,406
MTE2,32509,463627,464033,406
MTE2,32511,464064,464470,406
MTE2,32513,464501,464907,406
MTE2,32515,464938,465344,406
MTE2,32517,465375,465781,406
MTE2,32519,465812,466218,406
MTE2,32521,466249,466655,406
MTE2,32523,466686,467092,406
MTE2,32525,467123,467529,406
MTE2,32527,467560,467966,406
MTE2,32529,467997,468403,406
MTE2,32531,468434,468840,406
MTE2,32533,468871,469277,406
MTE2,32535,469308,469714,406
MTE2,32537,469745,470151,406
MTE2,32539,470182,470588,406
MTE2,32541,470619,471025,406
MTE2,32543,471056,471462,406
MTE2,32545,471493,471899,406
MTE2,32547,471930,472336,406
MTE2,32549,472367,472773,406
MTE2,32551,472804,473210,406
MTE2,32553,473241,473647,406
MTE2,32555,473678,474084,406
MTE2,32557,474115,474521,406
MTE2,32559,474552,474958,406
MTE2,32561,474989,475395,406
MTE2,32563,475426,475832,406
MTE2,32565,475863,476269,406
MTE2,32567,476300,476706,406
MTE2,32569,476737,477143,406
MTE2,32571,477174,477580,406
MTE2,32573,477611,478017,406
MTE2,32575,478048,478454,406
MTE2,32577,478485,478891,406
MTE2,32579,478922,479328,406
MTE2,32581,479359,479765,406
MTE2,32583,479796,480202,406
MTE2,32585,480233,480639,406
MTE2,32587,480670,481076,406
MTE2,32589,481107,481513,406
MTE2,32591,481544,481950,406
MTE2,32593,481981,482387,406
MTE2,32595,482418,482824,406
MTE2,32597,482855,483261,406
MTE2,32599,483292,483698,406
MTE2,32601,483729,484135,406
MTE2,32603,484166,484572,406
MTE2,32605,484603,485009,406
MTE2,32607,485040,485446,406
MTE2,32609,485477,485883,406
MTE2,32611,485914,486320,406
MTE2,32613,486351,486757,406
MTE2,32615,486788,487194,406
MTE2,32617,487225,487631,406
MTE2,32619,487662,488068,406
MTE2,32621,488099,488505,406
MTE2,32623,488536,488942,406
MTE2,32625,488973,489379,406
MTE2,32627,489410,489816,406
MTE2,32629,489847,490253,406
MTE2,32631,490284,490690,406
MTE2,32633,490721,491127,406
MTE2,32635,491158,491564,406
MTE2,32637,491595,492001,406
MTE2,32639,492032,492438,406
MTE2,32641,492469,492875,406
MTE2,32643,492906,493312,406
MTE2,32645,493343,493749,406
MTE2,32647,493780,494186,406
MTE2,32649,494217,494623,406
MTE2,32651,494654,495060,406
MTE2,32653,495091,495497,406
MTE2,32655,495528,495934,406
MTE2,32657,495965,496371,406
MTE2,32659,496402,496808,406
MTE2,32661,496839,497245,406
MTE2,32663,497276,497682,406
MTE2,32665,497713,498119,406
MTE2,32667,498150,498556,406
MTE2,32669,498587,498993,406
MTE2,32671,499024,499430,406
MTE2,32673,499461,499867,406
MTE2,32675,499898,500304,406
MTE2,32677,500335,500741,406
MTE2,32679,500772,501178,406
MTE2,32681,501209,501615,406
MTE2,32683,501646,502052,406
MTE2,32685,502083,502489,406
MTE2,32687,502520,502926,406
MTE2,32689,502957,503363,406
MTE2,32691,503394,503800,406
MTE2,32693,503831,504237,406
MTE2,32695,504268,504674,406
MTE2,32697,504705,505111,406
MTE2,32699,505142,505548,406
MTE2,32701,505579,505985,406
MTE2,32703,506016,506422,406
MTE2,32705,506453,506859,406
MTE2,32707,506890,507296,406
MTE2,32709,507327,507733,406
MTE2,32711,507764,508170,406
MTE2,32713,508201,508607,406
MTE2,32715,508638,509044,406
MTE2,32717,509075,509481,406
MTE2,32719,509512,509918,406
MTE2,32721,509949,510355,406
MTE2,32723,510386,510792,406
MTE2,32725,510823,511229,406
MTE2,32727,511260,511666,406
MTE2,32729,511697,512103,406
MTE2,32731,512134,512540,406
MTE2,32733,512571,512977,406
MTE2,32735,513008,513414,406
MTE2,32737,513445,513851,406
MTE2,32739,513882,514288,406
MTE2,32741,514319,514725,406
MTE2,32743,514756,515162,406
MTE2,32745,515193,515599,406
MTE2,32747,515630,516036,406
MTE2,32749,516067,516473,406
MTE2,32751,516504,516910,406
MTE2,32753,516941,517347,406
MTE2,32755,517378,517784,406
MTE2,32757,517815,518221,406
MTE2,32759,518252,518658,406
MTE2,32761,518689,519095,406
MTE2,32763,519126,519532,406
MTE2,32765,519563,519969,406
MTE2,32767,520000,520406,406
MTE2,32769,520437,520843,406
MTE2,32771,520874,521280,406
MTE2,32773,521311,521717,406
MTE2,32775,521748,522154,406
MTE2,32777,522185,522591,406
MTE2,32779,522622,523028,406
MTE2,32781,523059,523465,406
MTE2,32783,523496,523902,406
MTE2,32785,523933,524339,406
MTE2,32787,524370,524776,406
MTE2,32789,524807,525213,406
MTE2,32791,525244,525650,406
MTE2,32793,525681,526087,406
MTE2,32795,526118,526524,406
MTE2,32797,526555,526961,406
MTE2,32799,526992,527398,406
MTE2,32801,527429,527835,406
MTE2,32803,527866,528272,406
MTE2,32805,528303,528709,406
MTE2,32807,528740,529146,406
MTE2,32809,529177,529583,406
MTE2,32811,529614,530020,406
MTE2,32813,530051,530457,406
MTE2,32815,530488,530894,406
MTE2,32817,530925,531331,406
MTE2,32819,531362,531768,406
MTE2,32821,531799,532205,406
MTE2,32823,532236,532642,406
MTE2,32825,532673,533079,406
MTE2,32827,533110,533516,406
MTE2,32829,533547,533953,406
MTE2,32831,533984,534390,406
MTE2,32833,534421,534827,406
MTE2,32835,534858,535264,406
MTE2,32837,535295,535701,406
MTE2,32839,535732,536138,406
MTE2,32841,536169,536575,406
MTE2,32843,536606,537012,406
MTE2,32845,537043,537449,406
MTE2,32847,537480,537886,406
MTE2,32849,537917,538323,406
MTE2,32851,538354,538760,406
MTE2,32853,538791,539197,406
MTE2,32855,539228,539634,406
MTE2,32857,539665,540071,406
MTE2,32859,540102,540508,406
MTE2,32861,540539,540945,406
MTE2,32863,540976,541382,406
MTE2,32905,544623,545029,406
MTE2,32901,545219,545625,406
MTE2,32897,545815,546221,406
MTE2,32893,546411,546817,406
MTE2,32889,547007,547413,406
MTE2,32885,547413,547819,406
MTE2,7234,547819,548144,325
MTE2,32881,548144,548550,406
MTE2,7241,548550,548875,325
MTE2,32877,548875,549281,406
MTE2,7248,549281,549606,325
MTE2,32873,549606,550012,406
MTE2,7255,550012,550337,325
MTE2,32869,550337,550743,406
MTE2,7262,550743,551068,325
MTE2,32865,551068,551474,406
MTE2,7269,551505,551830,325
MTE2,32867,551830,552236,406
MTE2,7276,552267,552592,325
MTE2,32871,552592,552998,406
MTE2,7283,553029,553354,325
MTE2,32875,553354,553760,406
MTE2,7290,553791,554116,325
MTE2,32879,554116,554522,406
MTE2,7297,554553,554878,325
MTE2,32883,554878,555284,406
MTE2,7304,555315,555640,325
MTE2,32887,555640,556046,406
MTE2,7311,556077,556402,325
MTE2,32891,556402,556808,406
MTE2,7318,556839,557164,325
MTE2,32895,557164,557570,406
MTE2,7325,557601,557926,325
MTE2,32899,557926,558332,406
MTE2,7332,558363,558688,325
MTE2,32903,558688,559094,406
MTE2,7339,559125,559450,325
MTE2,32907,559450,559856,406
MTE2,32909,559887,560293,406
MTE2,32911,560324,560730,406
MTE2,32913,560761,561167,406
MTE2,32915,561198,561604,406
MTE2,32917,561635,562041,406
MTE2,32919,562072,562478,406
MTE2,32921,562509,562915,406
MTE2,32923,562946,563352,406
MTE2,32925,563383,563789,406
MTE2,32927,563820,564226,406
MTE2,32929,564257,564663,406
MTE2,32931,564694,565100,406
MTE2,32933,565131,565537,406
MTE2,32935,565568,565974,406
MTE2,32937,566005,566411,406
MTE2,32939,566442,566848,406
MTE2,32941,566879,567285,406
MTE2,32943,567316,567722,406
MTE2,32945,567753,568159,406
MTE2,32947,568190,568596,406
MTE2,32949,568627,569033,406
MTE2,32951,569064,569470,406
MTE2,32953,569501,569907,406
MTE2,32955,569938,570344,406
MTE2,32957,570375,570781,406
MTE2,32959,570812,571218,406
MTE2,32961,571249,571655,406
MTE2,32963,571686,572092,406
MTE2,32965,572123,572529,406
MTE2,32967,572560,572966,406
MTE2,32969,572997,573403,406
MTE2,32971,573434,573840,406
MTE2,32973,573871,574277,406
MTE2,32975,574308,574714,406
MTE2,32977,574745,575151,406
MTE2,32979,575182,575588,406
MTE2,32981,575619,576025,406
MTE2,32983,576056,576462,406
MTE2,32985,576493,576899,406
MTE2,32987,576930,577336,406
MTE2,32989,577367,577773,406
MTE2,32991,577804,578210,406
MTE2,32993,578241,578647,406
MTE2,32995,578678,579084,406
MTE2,32997,579115,579521,406
MTE2,32999,579552,579958,406
MTE2,33001,579989,580395,406
MTE2,33003,580426,580832,406
MTE2,33005,580863,581269,406
MTE2,33007,581300,581706,406
MTE2,33009,581737,582143,406
MTE2,33011,582174,582580,406
MTE2,33013,582611,583017,406
MTE2,33015,583048,583454,406
MTE2,33017,583485,583891,406
MTE2,33019,583922,584328,406
MTE2,33021,584359,584765,406
MTE2,33023,584796,585202,406
MTE2,33025,585233,585639,406
MTE2,33027,585670,586076,406
MTE2,33029,586107,586513,406
MTE2,33031,586544,586950,406
MTE2,33033,586981,587387,406
MTE2,33035,587418,587824,406
MTE2,33037,587855,588261,406
MTE2,33039,588292,588698,406
MTE2,33041,588729,589135,406
MTE2,33043,589166,589572,406
MTE2,33045,589603,590009,406
MTE2,33047,590040,590446,406
MTE2,33049,590477,590883,406
MTE2,33051,590914,591320,406
MTE2,33053,591351,591757,406
MTE2,33055,591788,592194,406
MTE2,33057,592225,592631,406
MTE2,33059,592662,593068,406
MTE2,33061,593099,593505,406
MTE2,33063,593536,593942,406
MTE2,33065,593973,594379,406
MTE2,33067,594410,594816,406
MTE2,33069,594847,595253,406
MTE2,33071,595284,595690,406
MTE2,33073,595721,596127,406
MTE2,33075,596158,596564,406
MTE2,33077,596595,597001,406
MTE2,33079,597032,597438,406
MTE2,33081,597469,597875,406
MTE2,33083,597906,598312,406
MTE2,33085,598343,598749,406
MTE2,33087,598780,599186,406
MTE2,33089,599217,599623,406
MTE2,33091,599654,600060,406
MTE2,33093,600091,600497,406
MTE2,33095,600528,600934,406
MTE2,33097,600965,601371,406
MTE2,33099,601402,601808,406
MTE2,33101,601839,602245,406
MTE2,33103,602276,602682,406
MTE2,33105,602713,603119,406
MTE2,33107,603150,603556,406
MTE2,33109,603587,603993,406
MTE2,33111,604024,604430,406
MTE2,33113,604461,604867,406
MTE2,33115,604898,605304,406
MTE2,33117,605335,605741,406
MTE2,33119,605772,606178,406
MTE2,33121,606209,606615,406
MTE2,33123,606646,607052,406
MTE2,33125,607083,607489,406
MTE2,33127,607520,607926,406
MTE2,33129,607957,608363,406
MTE2,33131,608394,608800,406
MTE2,33133,608831,609237,406
MTE2,33135,609268,609674,406
MTE2,33137,609705,610111,406
MTE2,33139,610142,610548,406
MTE2,33141,610579,610985,406
MTE2,33143,611016,611422,406
MTE2,33145,611453,611859,406
MTE2,33147,611890,612296,406
MTE2,33149,612327,612733,406
MTE2,33151,612764,613170,406
MTE2,33153,613201,613607,406
MTE2,33155,613638,614044,406
MTE2,33157,614075,614481,406
MTE2,33159,614512,614918,406
MTE2,33161,614949,615355,406
MTE2,33163,615386,615792,406
MTE2,33165,615823,616229,406
MTE2,33167,616260,616666,406
MTE2,33169,616697,617103,406
MTE2,33171,617134,617540,406
MTE2,33173,617571,617977,406
MTE2,33175,618008,618414,406
MTE2,33177,618445,618851,406
MTE2,33179,618882,619288,406
MTE2,33181,619319,619725,406
MTE2,33183,619756,620162,406
MTE2,33185,620193,620599,406
MTE2,33187,620630,621036,406
MTE2,33189,621067,621473,406
MTE2,33191,621504,621910,406
MTE2,33193,621941,622347,406
MTE2,33195,622378,622784,406
MTE2,33197,622815,623221,406
MTE2,33199,623252,623658,406
MTE2,33201,623689,624095,406
MTE2,33203,624126,624532,406
MTE2,33205,624563,624969,406
MTE2,33207,625000,625406,406
MTE2,33209,625437,625843,406
MTE2,33211,625874,626280,406
MTE2,33213,626311,626717,406
MTE2,33215,626748,627154,406
MTE2,33217,627185,627591,406
MTE2,33219,627622,628028,406
MTE2,33221,628059,628465,406
MTE2,33223,628496,628902,406
MTE2,33225,628933,629339,406
MTE2,33227,629370,629776,406
MTE2,33229,629807,630213,406
MTE2,33231,630244,630650,406
MTE2,33233,630681,631087,406
MTE2,33235,631118,631524,406
MTE2,33237,631555,631961,406
MTE2,33239,631992,632398,406
MTE2,33241,632429,632835,406
MTE2,33243,632866,633272,406
MTE2,33245,633303,633709,406
MTE2,33247,633740,634146,406
MTE2,33249,634177,634583,406
MTE2,33251,634614,635020,406
MTE2,33253,635051,635457,406
MTE2,33255,635488,635894,406
MTE2,33257,635925,636331,406
MTE2,33259,636362,636768,406
MTE2,33261,636799,637205,406
MTE2,33263,637236,637642,406
MTE2,33265,637673,638079,406
MTE2,33267,638110,638516,406
MTE2,33269,638547,638953,406
MTE2,33271,638984,639390,406
MTE2,33273,639421,639827,406
MTE2,33275,639858,640264,406
MTE2,33277,640295,640701,406
MTE2,33279,640732,641138,406
MTE2,33281,641169,641575,406
MTE2,33283,641606,642012,406
MTE2,33285,642043,642449,406
MTE2,33287,642480,642886,406
MTE2,33289,642917,643323,406
MTE2,33291,643354,643760,406
MTE2,33293,643791,644197,406
MTE2,33295,644228,644634,406
MTE2,33297,644665,645071,406
MTE2,33299,645102,645508,406
MTE2,33301,645539,645945,406
MTE2,33303,645976,646382,406
MTE2,33305,646413,646819,406
MTE2,33307,646850,647256,406
MTE2,33309,647287,647693,406
MTE2,33311,647724,648130,406
MTE2,33313,648161,648567,406
MTE2,33315,648598,649004,406
MTE2,33317,649035,649441,406
MTE2,33319,649472,649878,406
MTE2,33321,649909,650315,406
MTE2,33323,650346,650752,406
MTE2,33325,650783,651189,406
MTE2,33327,651220,651626,406
MTE2,33329,651657,652063,406
MTE2,33331,652094,652500,406
MTE2,33333,652531,652937,406
MTE2,33335,652968,653374,406
MTE2,33337,653405,653811,406
MTE2,33339,653842,654248,406
MTE2,33341,654279,654685,406
MTE2,33343,654716,655122,406
MTE2,33387,658363,658769,406
MTE2,33383,658959,659365,406
MTE2,33379,659555,659961,406
MTE2,33375,660151,660557,406
MTE2,33371,660747,661153,406
MTE2,33367,661343,661749,406
MTE2,33363,661749,662155,406
MTE2,8578,662155,662480,325
MTE2,33359,662480,662886,406
MTE2,8585,662886,663211,325
MTE2,33355,663211,663617,406
MTE2,8592,663617,663942,325
MTE2,33351,663942,664348,406
MTE2,8599,664348,664673,325
MTE2,33347,664673,665079,406
MTE2,8606,665079,665404,325
MTE2,33345,665404,665810,406
MTE2,8613,665841,666166,325
MTE2,33349,666166,666572,406
MTE2,8620,666603,666928,325
MTE2,33353,666928,667334,406
MTE2,8627,667365,667690,325
MTE2,33357,667690,668096,406
MTE2,8634,668127,668452,325
MTE2,33361,668452,668858,406
MTE2,8641,668889,669214,325
MTE2,33365,669214,669620,406
MTE2,8648,669651,669976,325
MTE2,33369,669976,670382,406
MTE2,8655,670413,670738,325
MTE2,33373,670738,671144,406
MTE2,8662,671175,671500,325
MTE2,33377,671500,671906,406
MTE2,8669,671937,672262,325
MTE2,33381,672262,672668,406
MTE2,8676,672699,673024,325
MTE2,33385,673024,673430,406
MTE2,8683,673461,673786,325
MTE2,33389,673786,674192,406
MTE2,33391,674223,674629,406
MTE2,33393,674660,675066,406
MTE2,33395,675097,675503,406
MTE2,33397,675534,675940,406
MTE2,33399,675971,676377,406
MTE2,33401,676408,676814,406
MTE2,33403,676845,677251,406
MTE2,33405,677282,677688,406
MTE2,33407,677719,678125,406
MTE2,33409,678156,678562,406
MTE2,33411,678593,678999,406
MTE2,33413,679030,679436,406
MTE2,33415,679467,679873,406
MTE2,33417,679904,680310,406
MTE2,33419,680341,680747,406
MTE2,33421,680778,681184,406
MTE2,33423,681215,681621,406
MTE2,33425,681652,682058,406
MTE2,33427,682089,682495,406
MTE2,33429,682526,682932,406
MTE2,33431,682963,683369,406
MTE2,33433,683400,683806,406
MTE2,33435,683837,684243,406
MTE2,33437,684274,684680,406
MTE2,33439,684711,685117,406
MTE2,33441,685148,685554,406
MTE2,33443,685585,685991,406
MTE2,33445,686022,686428,406
MTE2,33447,686459,686865,406
MTE2,33449,686896,687302,406
MTE2,33451,687333,687739,406
MTE2,33453,687770,688176,406
MTE2,33455,688207,688613,406
MTE2,33457,688644,689050,406
MTE2,33459,689081,689487,406
MTE2,33461,689518,689924,406
MTE2,33463,689955,690361,406
MTE2,33465,690392,690798,406
MTE2,33467,690829,691235,406
MTE2,33469,691266,691672,406
MTE2,33471,691703,692109,406
MTE2,33473,692140,692546,406
MTE2,33475,692577,692983,406
MTE2,33477,693014,693420,406
MTE2,33479,693451,693857,406
MTE2,33481,693888,694294,406
MTE2,33483,694325,694731,406
MTE2,33485,694762,695168,406
MTE2,33487,695199,695605,406
MTE2,33489,695636,696042,406
MTE2,33491,696073,696479,406
MTE2,33493,696510,696916,406
MTE2,33495,696947,697353,406
MTE2,33497,697384,697790,406
MTE2,33499,697821,698227,406
MTE2,33501,698258,698664,406
MTE2,33503,698695,699101,406
MTE2,33505,699132,699538,406
MTE2,33507,699569,699975,406
MTE2,33509,700006,700412,406
MTE2,33511,700443,700849,406
MTE2,33513,700880,701286,406
MTE2,33515,701317,701723,406
MTE2,33517,701754,702160,406
MTE2,33519,702191,702597,406
MTE2,33521,702628,703034,406
MTE2,33523,703065,703471,406
MTE2,33525,703502,703908,406
MTE2,33527,703939,704345,406
MTE2,33529,704376,704782,406
MTE2,33531,704813,705219,406
MTE2,33533,705250,705656,406
MTE2,33535,705687,706093,406
MTE2,33537,706124,706530,406
MTE2,33539,706561,706967,406
MTE2,33541,706998,707404,406
MTE2,33543,707435,707841,406
MTE2,33545,707872,708278,406
MTE2,33547,708309,708715,406
MTE2,33549,708746,709152,406
MTE2,33551,709183,709589,406
MTE2,33553,709620,710026,406
MTE2,33555,710057,710463,406
MTE2,33557,710494,710900,406
MTE2,33559,710931,711337,406
MTE2,33561,711368,711774,406
MTE2,33563,711805,712211,406
MTE2,33565,712242,712648,406
MTE2,33567,712679,713085,406
MTE2,33569,713116,713522,406
MTE2,33571,713553,713959,406
MTE2,33573,713990,714396,406
MTE2,33575,714427,714833,406
MTE2,33577,714864,715270,406
MTE2,33579,715301,715707,406
MTE2,33581,715738,716144,406
MTE2,33583,716175,716581,406
MTE2,33585,716612,717018,406
MTE2,33587,717049,717455,406
MTE2,33589,717486,717892,406
MTE2,33591,717923,718329,406
MTE2,33593,718360,718766,406
MTE2,33595,718797,719203,406
MTE2,33597,719234,719640,406
MTE2,33599,719671,720077,406
MTE2,33601,720108,720514,406
MTE2,33603,720545,720951,406
MTE2,33605,720982,721388,406
MTE2,33607,721419,721825,406
MTE2,33609,721856,722262,406
MTE2,33611,722293,722699,406
MTE2,33613,722730,723136,406
MTE2,33615,723167,723573,406
MTE2,33617,723604,724010,406
MTE2,33619,724041,724447,406
MTE2,33621,724478,724884,406
MTE2,33623,724915,725321,406
MTE2,33625,725352,725758,406
MTE2,33627,725789,726195,406
MTE2,33629,726226,726632,406
MTE2,33631,726663,727069,406
MTE2,33633,727100,727506,406
MTE2,33635,727537,727943,406
MTE2,33637,727974,728380,406
MTE2,33639,728411,728817,406
MTE2,33641,728848,729254,406
MTE2,33643,729285,729691,406
MTE2,33645,729722,730128,406
MTE2,33647,730159,730565,406
MTE2,33649,730596,731002,406
MTE2,33651,731033,731439,406
MTE2,33653,731470,731876,406
MTE2,33655,731907,732313,406
MTE2,33657,732344,732750,406
MTE2,33659,732781,733187,406
MTE2,33661,733218,733624,406
MTE2,33663,733655,734061,406
MTE2,33665,734092,734498,406
MTE2,33667,734529,734935,406
MTE2,33669,734966,735372,406
MTE2,33671,735403,735809,406
MTE2,33673,735840,736246,406
MTE2,33675,736277,736683,406
MTE2,33677,736714,737120,406
MTE2,33679,737151,737557,406
MTE2,33681,737588,737994,406
MTE2,33683,738025,738431,406
MTE2,33685,738462,738868,406
MTE2,33687,738899,739305,406
MTE2,33689,739336,739742,406
MTE2,33691,739773,740179,406
MTE2,33693,740210,740616,406
MTE2,33695,740647,741053,406
MTE2,33697,741084,741490,406
MTE2,33699,741521,741927,406
MTE2,33701,741958,742364,406
MTE2,33703,742395,742801,406
MTE2,33705,742832,743238,406
MTE2,33707,743269,743675,406
MTE2,33709,743706,744112,406
MTE2,33711,744143,744549,406
MTE2,33713,744580,744986,406
MTE2,33715,745017,745423,406
MTE2,33717,745454,745860,406
MTE2,33719,745891,746297,406
MTE2,33721,746328,746734,406
MTE2,33723,746765,747171,406
MTE2,33725,747202,747608,406
MTE2,33727,747639,748045,406
MTE2,33729,748076,748482,406
MTE2,33731,748513,748919,406
MTE2,33733,748950,749356,406
MTE2,33735,749387,749793,406
MTE2,33737,749824,750230,406
MTE2,33739,750261,750667,406
MTE2,33741,750698,751104,406
MTE2,33743,751135,751541,406
MTE2,33745,751572,751978,406
MTE2,33747,752009,752415,406
MTE2,33749,752446,752852,406
MTE2,33751,752883,753289,406
MTE2,33753,753320,753726,406
MTE2,33755,753757,754163,406
MTE2,33757,754194,754600,406
MTE2,33759,754631,755037,406
MTE2,33761,755068,755474,406
MTE2,33763,755505,755911,406
MTE2,33765,755942,756348,406
MTE2,33767,756379,756785,406
MTE2,33769,756816,757222,406
MTE2,33771,757253,757659,406
MTE2,33773,757690,758096,406
MTE2,33775,758127,758533,406
MTE2,33777,758564,758970,406
MTE2,33779,759001,759407,406
MTE2,33781,759438,759844,406
MTE2,33783,759875,760281,406
MTE2,33785,760312,760718,406
MTE2,33787,760749,761155,406
MTE2,33789,761186,761592,406
MTE2,33791,761623,762029,406
MTE2,33793,762060,762466,406
MTE2,33795,762497,762903,406
MTE2,33797,762934,763340,406
MTE2,33799,763371,763777,406
MTE2,33801,763808,764214,406
MTE2,33803,764245,764651,406
MTE2,33805,764682,765088,406
MTE2,33807,765119,765525,406
MTE2,33809,765556,765962,406
MTE2,33811,765993,766399,406
MTE2,33813,766430,766836,406
MTE2,33815,766867,767273,406
MTE2,33817,767304,767710,406
MTE2,33819,767741,768147,406
MTE2,33821,768178,768584,406
MTE2,33823,768615,769021,406
MTE2,33869,772262,772668,406
MTE2,33865,772858,773264,406
MTE2,33861,773454,773860,406
MTE2,33857,774050,774456,406
MTE2,33853,774646,775052,406
MTE2,33849,775242,775648,406
MTE2,33845,775838,776244,406
MTE2,33841,776244,776650,406
MTE2,9922,776650,776975,325
MTE2,33837,776975,777381,406
MTE2,9929,777381,777706,325
MTE2,33833,777706,778112,406
MTE2,9936,778112,778437,325
MTE2,33829,778437,778843,406
MTE2,9943,778843,779168,325
MTE2,33825,779168,779574,406
MTE2,9950,779605,779930,325
MTE2,33827,779930,780336,406
MTE2,9957,780367,780692,325
MTE2,33831,780692,781098,406
MTE2,9964,781129,781454,325
MTE2,33835,781454,781860,406
MTE2,9971,781891,782216,325
MTE2,33839,782216,782622,406
MTE2,9978,782653,782978,325
MTE2,33843,782978,783384,406
MTE2,9985,783415,783740,325
MTE2,33847,783740,784146,406
MTE2,9992,784177,784502,325
MTE2,33851,784502,784908,406
MTE2,9999,784939,785264,325
MTE2,33855,785264,785670,406
MTE2,10006,785701,786026,325
MTE2,33859,786026,786432,406
MTE2,10013,786463,786788,325
MTE2,33863,786788,787194,406
MTE2,10020,787225,787550,325
MTE2,33867,787550,787956,406
MTE2,10027,787987,788312,325
MTE2,33871,788312,788718,406
MTE2,33873,788749,789155,406
MTE2,33875,789186,789592,406
MTE2,33877,789623,790029,406
MTE2,33879,790060,790466,406
MTE2,33881,790497,790903,406
MTE2,33883,790934,791340,406
MTE2,33885,791371,791777,406
MTE2,33887,791808,792214,406
MTE2,33889,792245,792651,406
MTE2,33891,792682,793088,406
MTE2,33893,793119,793525,406
MTE2,33895,793556,793962,406
MTE2,33897,793993,794399,406
MTE2,33899,794430,794836,406
MTE2,33901,794867,795273,406
MTE2,33903,795304,795710,406
MTE2,33905,795741,796147,406
MTE2,33907,796178,796584,406
MTE2,33909,796615,797021,406
MTE2,33911,797052,797458,406
MTE2,33913,797489,797895,406
MTE2,33915,797926,798332,406
MTE2,33917,798363,798769,406
MTE2,33919,798800,799206,406
MTE2,33921,799237,799643,406
MTE2,33923,799674,800080,406
MTE2,33925,800111,800517,406
MTE2,33927,800548,800954,406
MTE2,33929,800985,801391,406
MTE2,33931,801422,801828,406
MTE2,33933,801859,802265,406
MTE2,33935,802296,802702,406
MTE2,33937,802733,803139,406
MTE2,33939,803170,803576,406
MTE2,33941,803607,804013,406
MTE2,33943,804044,804450,406
MTE2,33945,804481,804887,406
MTE2,33947,804918,805324,406
MTE2,33949,805355,805761,406
MTE2,33951,805792,806198,406
MTE2,33953,806229,806635,406
MTE2,33955,806666,807072,406
MTE2,33957,807103,807509,406
MTE2,33959,807540,807946,406
MTE2,33961,807977,808383,406
MTE2,33963,808414,808820,406
MTE2,33965,808851,809257,406
MTE2,33967,809288,809694,406
MTE2,33969,809725,810131,406
MTE2,33971,810162,810568,406
MTE2,33973,810599,811005,406
MTE2,33975,811036,811442,406
MTE2,33977,811473,811879,406
MTE2,33979,811910,812316,406
MTE2,33981,812347,812753,406
MTE2,33983,812784,813190,406
MTE2,33985,813221,813627,406
MTE2,33987,813658,814064,406
MTE2,33989,814095,814501,406
MTE2,33991,814532,814938,406
MTE2,33993,814969,815375,406
MTE2,33995,815406,815812,406
MTE2,33997,815843,816249,406
MTE2,33999,816280,816686,406
MTE2,34001,816717,817123,406
MTE2,34003,817154,817560,406
MTE2,34005,817591,817997,406
MTE2,34007,818028,818434,406
MTE2,34009,818465,818871,406
MTE2,34011,818902,819308,406
MTE2,34013,819339,819745,406
MTE2,34015,819776,820182,406
MTE2,34017,820213,820619,406
MTE2,34019,820650,821056,406
MTE2,34021,821087,821493,406
MTE2,34023,821524,821930,406
MTE2,34025,821961,822367,406
MTE2,34027,822398,822804,406
MTE2,34029,822835,823241,406
MTE2,34031,823272,823678,406
MTE2,34033,823709,824115,406
MTE2,34035,824146,824552,406
MTE2,34037,824583,824989,406
MTE2,34039,825020,825426,406
MTE2,34041,825457,825863,406
MTE2,34043,825894,826300,406
MTE2,34045,826331,826737,406
MTE2,34047,826768,827174,406
MTE2,34049,827205,827611,406
MTE2,34051,827642,828048,406
MTE2,34053,828079,828485,406
MTE2,34055,828516,828922,406
MTE2,34057,828953,829359,406
MTE2,34059,829390,829796,406
MTE2,34061,829827,830233,406
MTE2,34063,830264,830670,406
MTE2,34065,830701,831107,406
MTE2,34067,831138,831544,406
MTE2,34069,831575,831981,406
MTE2,34071,832012,832418,406
MTE2,34073,832449,832855,406
MTE2,34075,832886,833292,406
MTE2,34077,833323,833729,406
MTE2,34079,833760,834166,406
MTE2,34081,834197,834603,406
MTE2,34083,834634,835040,406
MTE2,34085,835071,835477,406
MTE2,34087,835508,835914,406
MTE2,34089,835945,836351,406
MTE2,34091,836382,836788,406
MTE2,34093,836819,837225,406
MTE2,34095,837256,837662,406
MTE2,34097,837693,838099,406
MTE2,34099,838130,838536,406
MTE2,34101,838567,838973,406
MTE2,34103,839004,839410,406
MTE2,34105,839441,839847,406
MTE2,34107,839878,840284,406
MTE2,34109,840315,840721,406
MTE2,34111,840752,841158,406
MTE2,34113,841189,841595,406
MTE2,34115,841626,842032,406
MTE2,34117,842063,842469,406
MTE2,34119,842500,842906,406
MTE2,34121,842937,843343,406
MTE2,34123,843374,843780,406
MTE2,34125,843811,844217,406
MTE2,34127,844248,844654,406
MTE2,34129,844685,845091,406
MTE2,34131,845122,845528,406
MTE2,34133,845559,845965,406
MTE2,34135,845996,846402,406
MTE2,34137,846433,846839,406
MTE2,34139,846870,847276,406
MTE2,34141,847307,847713,406
MTE2,34143,847744,848150,406
MTE2,34145,848181,848587,406
MTE2,34147,848618,849024,406
MTE2,34149,849055,849461,406
MTE2,34151,849492,849898,406
MTE2,34153,849929,850335,406
MTE2,34155,850366,850772,406
MTE2,34157,850803,851209,406
MTE2,34159,851240,851646,406
MTE2,34161,851677,852083,406
MTE2,34163,852114,852520,406
MTE2,34165,852551,852957,406
MTE2,34167,852988,853394,406
MTE2,34169,853425,853831,406
MTE2,34171,853862,854268,406
MTE2,34173,854299,854705,406
MTE2,34175,854736,855142,406
MTE2,34177,855173,855579,406
MTE2,34179,855610,856016,406
MTE2,34181,856047,856453,406
MTE2,34183,856484,856890,406
MTE2,34185,856921,857327,406
MTE2,34187,857358,857764,406
MTE2,34189,857795,858201,406
MTE2,34191,858232,858638,406
MTE2,34193,858669,859075,406
MTE2,34195,859106,859512,406
MTE2,34197,859543,859949,406
MTE2,34199,859980,860386,406
MTE2,34201,860417,860823,406
MTE2,34203,860854,861260,406
MTE2,34205,861291,861697,406
MTE2,34207,861728,862134,406
MTE2,34209,862165,862571,406
MTE2,34211,862602,863008,406
MTE2,34213,863039,863445,406
MTE2,34215,863476,863882,406
MTE2,34217,863913,864319,406
MTE2,34219,864350,864756,406
MTE2,34221,864787,865193,406
MTE2,34223,865224,865630,406
MTE2,34225,865661,866067,406
MTE2,34227,866098,866504,406
MTE2,34229,866535,866941,406
MTE2,34231,866972,867378,406
MTE2,34233,867409,867815,406
MTE2,34235,867846,868252,406
MTE2,34237,868283,868689,406
MTE2,34239,868720,869126,406
MTE2,34241,869157,869563,406
MTE2,34243,869594,870000,406
MTE2,34245,870031,870437,406
MTE2,34247,870468,870874,406
MTE2,34249,870905,871311,406
MTE2,34251,871342,871748,406
MTE2,34253,871779,872185,406
MTE2,34255,872216,872622,406
MTE2,34257,872653,873059,406
MTE2,34259,873090,873496,406
MTE2,34261,873527,873933,406
MTE2,34263,873964,874370,406
MTE2,34265,874401,874807,406
MTE2,34267,874838,875244,406
MTE2,34269,875275,875681,406
MTE2,34271,875712,876118,406
MTE2,34273,876149,876555,406
MTE2,34275,876586,876992,406
MTE2,34277,877023,877429,406
MTE2,34279,877460,877866,406
MTE2,34281,877897,878303,406
MTE2,34283,878334,878740,406
MTE2,34285,878771,879177,406
MTE2,34287,879208,879614,406
MTE2,34289,879645,880051,406
MTE2,34291,880082,880488,406
MTE2,34293,880519,880925,406
MTE2,34295,880956,881362,406
MTE2,34297,881393,881799,406
MTE2,34299,881830,882236,406
MTE2,34301,882267,882673,406
MTE2,34303,882704,883110,406
MTE2,34351,886351,886757,406
MTE2,34347,886947,887353,406
MTE2,34343,887543,887949,406
MTE2,34339,888139,888545,406
MTE2,34335,888735,889141,406
MTE2,34331,889331,889737,406
MTE2,34327,889927,890333,406
MTE2,34323,890523,890929,406
MTE2,34319,890929,891335,406
MTE2,11266,891335,891660,325
MTE2,34315,891660,892066,406
MTE2,11273,892066,892391,325
MTE2,34311,892391,892797,406
MTE2,11280,892797,893122,325
MTE2,34307,893122,893528,406
MTE2,11287,893528,893853,325
MTE2,34305,893853,894259,406
MTE2,11294,894290,894615,325
MTE2,34309,894615,895021,406
MTE2,11301,895052,895377,325
MTE2,34313,895377,895783,406
MTE2,11308,895814,896139,325
MTE2,34317,896139,896545,406
MTE2,11315,896576,896901,325
MTE2,34321,896901,897307,406
MTE2,11322,897338,897663,325
MTE2,34325,897663,898069,406
MTE2,11329,898100,898425,325
MTE2,34329,898425,898831,406
MTE2,11336,898862,899187,325
MTE2,34333,899187,899593,406
MTE2,11343,899624,899949,325
MTE2,34337,899949,900355,406
MTE2,11350,900386,900711,325
MTE2,34341,900711,901117,406
MTE2,11357,901148,901473,325
MTE2,34345,901473,901879,406
MTE2,11364,901910,902235,325
MTE2,34349,902235,902641,406
MTE2,11371,902672,902997,325
MTE2,34353,902997,903403,406
MTE2,34355,903434,903840,406
MTE2,34357,903871,904277,406
MTE2,34359,904308,904714,406
MTE2,34361,904745,905151,406
MTE2,34363,905182,905588,406
MTE2,34365,905619,906025,406
MTE2,34367,906056,906462,406
MTE2,34369,906493,906899,406
MTE2,34371,906930,907336,406
MTE2,34373,907367,907773,406
MTE2,34375,907804,908210,406
MTE2,34377,908241,908647,406
MTE2,34379,908678,909084,406
MTE2,34381,909115,909521,406
MTE2,34383,909552,909958,406
MTE2,34385,909989,910395,406
MTE2,34387,910426,910832,406
MTE2,34389,910863,911269,406
MTE2,34391,911300,911706,406
MTE2,34393,911737,912143,406
MTE2,34395,912174,912580,406
MTE2,34397,912611,913017,406
MTE2,34399,913048,913454,406
MTE2,34401,913485,913891,406
MTE2,34403,913922,914328,406
MTE2,34405,914359,914765,406
MTE2,34407,914796,915202,406
MTE2,34409,915233,915639,406
MTE2,34411,915670,916076,406
MTE2,34413,916107,916513,406
MTE2,34415,916544,916950,406
MTE2,34417,916981,917387,406
MTE2,34419,917418,917824,406
MTE2,34421,917855,918261,406
MTE2,34423,918292,918698,406
MTE2,34425,918729,919135,406
MTE2,34427,919166,919572,406
MTE2,34429,919603,920009,406
MTE2,34431,920040,920446,406
MTE2,34433,920477,920883,406
MTE2,34435,920914,921320,406
MTE2,34437,921351,921757,406
MTE2,34439,921788,922194,406
MTE2,34441,922225,922631,406
MTE2,34443,922662,923068,406
MTE2,34445,923099,923505,406
MTE2,34447,923536,923942,406
MTE2,34449,923973,924379,406
MTE2,34451,924410,924816,406
MTE2,34453,924847,925253,406
MTE2,34455,925284,925690,406
MTE2,34457,925721,926127,406
MTE2,34459,926158,926564,406
MTE2,34461,926595,927001,406
MTE2,34463,927032,927438,406
MTE2,34465,927469,927875,406
MTE2,34467,927906,928312,406
MTE2,34469,928343,928749,406
MTE2,34471,928780,929186,406
MTE2,34473,929217,929623,406
MTE2,34475,929654,930060,406
MTE2,34477,930091,930497,406
MTE2,34479,930528,930934,406
MTE2,34481,930965,931371,406
MTE2,34483,931402,931808,406
MTE2,34485,931839,932245,406
MTE2,34487,932276,932682,406
MTE2,34489,932713,933119,406
MTE2,34491,933150,933556,406
MTE2,34493,933587,933993,406
MTE2,34495,934024,934430,406
MTE2,34497,934461,934867,406
MTE2,34499,934898,935304,406
MTE2,34501,935335,935741,406
MTE2,34503,935772,936178,406
MTE2,34505,936209,936615,406
MTE2,34507,936646,937052,406
MTE2,34509,937083,937489,406
MTE2,34511,937520,937926,406
MTE2,34513,937957,938363,406
MTE2,34515,938394,938800,406
MTE2,34517,938831,939237,406
MTE2,34519,939268,939674,406
MTE2,34521,939705,940111,406
MTE2,34523,940142,940548,406
MTE2,34525,940579,940985,406
MTE2,34527,941016,941422,406
MTE2,34529,941453,941859,406
MTE2,34531,941890,942296,406
MTE2,34533,942327,942733,406
MTE2,34535,942764,943170,406
MTE2,34537,943201,943607,406
MTE2,34539,943638,944044,406
MTE2,34541,944075,944481,406
MTE2,34543,944512,944918,406
MTE2,34545,944949,945355,406
MTE2,34547,945386,945792,406
MTE2,34549,945823,946229,406
MTE2,34551,946260,946666,406
MTE2,34553,946697,947103,406
MTE2,34555,947134,947540,406
MTE2,34557,947571,947977,406
MTE2,34559,948008,948414,406
MTE2,34561,948445,948851,406
MTE2,34563,948882,949288,406
MTE2,34565,949319,949725,406
MTE2,34567,949756,950162,406
MTE2,34569,950193,950599,406
MTE2,34571,950630,951036,406
MTE2,34573,951067,951473,406
MTE2,34575,951504,951910,406
MTE2,34577,951941,952347,406
MTE2,34579,952378,952784,406
MTE2,34581,952815,953221,406
MTE2,34583,953252,953658,406
MTE2,34585,953689,954095,406
MTE2,34587,954126,954532,406
MTE2,34589,954563,954969,406
MTE2,34591,955000,955406,406
MTE2,34593,955437,955843,406
MTE2,34595,955874,956280,406
MTE2,34597,956311,956717,406
MTE2,34599,956748,957154,406
MTE2,34601,957185,957591,406
MTE2,34603,957622,958028,406
MTE2,34605,958059,958465,406
MTE2,34607,958496,958902,406
MTE2,34609,958933,959339,406
MTE2,34611,959370,959776,406
MTE2,34613,959807,960213,406
MTE2,34615,960244,960650,406
MTE2,34617,960681,961087,406
MTE2,34619,961118,961524,406
MTE2,34621,961555,961961,406
MTE2,34623,961992,962398,406
MTE2,34625,962429,962835,406
MTE2,34627,962866,963272,406
MTE2,34629,963303,963709,406
MTE2,34631,963740,964146,406
MTE2,34633,964177,964583,406
MTE2,34635,964614,965020,406
MTE2,34637,965051,965457,406
MTE2,34639,965488,965894,406
MTE2,34641,965925,966331,406
MTE2,34643,966362,966768,406
MTE2,34645,966799,967205,406
MTE2,34647,967236,967642,406
MTE2,34649,967673,968079,406
MTE2,34651,968110,968516,406
MTE2,34653,968547,968953,406
MTE2,34655,968984,969390,406
MTE2,34657,969421,969827,406
MTE2,34659,969858,970264,406
MTE2,34661,970295,970701,406
MTE2,34663,970732,971138,406
MTE2,34665,971169,971575,406
MTE2,34667,971606,972012,406
MTE2,34669,972043,972449,406
MTE2,34671,972480,972886,406
MTE2,34673,972917,973323,406
MTE2,34675,973354,973760,406
MTE2,34677,973791,974197,406
MTE2,34679,974228,974634,406
MTE2,34681,974665,975071,406
MTE2,34683,975102,975508,406
MTE2,34685,975539,975945,406
MTE2,34687,975976,976382,406
MTE2,34689,976413,976819,406
MTE2,34691,976850,977256,406
MTE2,34693,977287,977693,406
MTE2,34695,977724,978130,406
MTE2,34697,978161,978567,406
MTE2,34699,978598,979004,406
MTE2,34701,979035,979441,406
MTE2,34703,979472,979878,406
MTE2,34705,979909,980315,406
MTE2,34707,980346,980752,406
MTE2,34709,980783,981189,406
MTE2,34711,981220,981626,406
MTE2,34713,981657,982063,406
MTE2,34715,982094,982500,406
MTE2,34717,982531,982937,406
MTE2,34719,982968,983374,406
MTE2,34721,983405,983811,406
MTE2,34723,983842,984248,406
MTE2,34725,984279,984685,406
MTE2,34727,984716,985122,406
MTE2,34729,985153,985559,406
MTE2,34731,985590,985996,406
MTE2,34733,986027,986433,406
MTE2,34735,986464,986870,406
MTE2,34737,986901,987307,406
MTE2,34739,987338,987744,406
MTE2,34741,987775,988181,406
MTE2,34743,988212,988618,406
MTE2,34745,988649,989055,406
MTE2,34747,989086,989492,406
MTE2,34749,989523,989929,406
MTE2,34751,989960,990366,406
MTE2,34753,990397,990803,406
MTE2,34755,990834,991240,406
MTE2,34757,991271,991677,406
MTE2,34759,991708,992114,406
MTE2,34761,992145,992551,406
MTE2,34763,992582,992988,406
MTE2,34765,993019,993425,406
MTE2,34767,993456,993862,406
MTE2,34769,993893,994299,406
MTE2,34771,994330,994736,406
MTE2,34773,994767,995173,406
MTE2,34775,995204,995610,406
MTE2,34777,995641,996047,406
MTE2,34779,996078,996484,406
MTE2,34781,996515,996921,406
MTE2,34783,996952,997358,406
MTE2,34833,1000599,1001005,406
MTE2,34829,1001195,1001601,406
MTE2,34825,1001791,1002197,406
MTE2,34821,1002387,1002793,406
MTE2,34817,1002983,1003389,406
MTE2,34813,1003579,1003985,406
MTE2,34809,1004175,1004581,406
MTE2,34805,1004771,1005177,406
MTE2,34801,1005367,1005773,406
MTE2,34797,1005773,1006179,406
MTE2,12610,1006179,1006504,325
MTE2,34793,1006504,1006910,406
MTE2,12617,1006910,1007235,325
MTE2,34789,1007235,1007641,406
MTE2,12624,1007641,1007966,325
MTE2,34785,1007966,1008372,406
MTE2,12631,1008403,1008728,325
MTE2,34787,1008728,1009134,406
MTE2,12638,1009165,1009490,325
MTE2,34791,1009490,1009896,406
MTE2,12645,1009927,1010252,325
MTE2,34795,1010252,1010658,406
MTE2,12652,1010689,1011014,325
MTE2,34799,1011014,1011420,406
MTE2,12659,1011451,1011776,325
MTE2,34803,1011776,1012182,406
MTE2,12666,1012213,1012538,325
MTE2,34807,1012538,1012944,406
MTE2,12673,1012975,1013300,325
MTE2,34811,1013300,1013706,406
MTE2,12680,1013737,1014062,325
MTE2,34815,1014062,1014468,406
MTE2,12687,1014499,1014824,325
MTE2,34819,1014824,1015230,406
MTE2,12694,1015261,1015586,325
MTE2,34823,1015586,1015992,406
MTE2,12701,1016023,1016348,325
MTE2,34827,1016348,1016754,406
MTE2,12708,1016785,1017110,325
MTE2,34831,1017110,1017516,406
MTE2,12715,1017547,1017872,325
MTE2,34835,1017872,1018278,406
MTE2,34837,1018309,1018715,406
MTE2,34839,1018746,1019152,406
MTE2,34841,1019183,1019589,406
MTE2,34843,1019620,1020026,406
MTE2,34845,1020057,1020463,406
MTE2,34847,1020494,1020900,406
MTE2,34849,1020931,1021337,406
MTE2,34851,1021368,1021774,406
MTE2,34853,1021805,1022211,406
MTE2,34855,1022242,1022648,406
MTE2,34857,1022679,1023085,406
MTE2,34859,1023116,1023522,406
MTE2,34861,1023553,1023959,406
MTE2,34863,1023990,1024396,406
MTE2,34865,1024427,1024833,406
MTE2,34867,1024864,1025270,406
MTE2,34869,1025301,1025707,406
MTE2,34871,1025738,1026144,406
MTE2,34873,1026175,1026581,406
MTE2,34875,1026612,1027018,406
MTE2,34877,1027049,1027455,406
MTE2,34879,1027486,1027892,406
MTE2,34881,1027923,1028329,406
MTE2,34883,1028360,1028766,406
MTE2,34885,1028797,1029203,406
MTE2,34887,1029234,1029640,406
MTE2,34889,1029671,1030077,406
MTE2,34891,1030108,1030514,406
MTE2,34893,1030545,1030951,406
MTE2,34895,1030982,1031388,406
MTE2,34897,1031419,1031825,406
MTE2,34899,1031856,1032262,406
MTE2,34901,1032293,1032699,406
MTE2,34903,1032730,1033136,406
MTE2,34905,1033167,1033573,406
MTE2,34907,1033604,1034010,406
MTE2,34909,1034041,1034447,406
MTE2,34911,1034478,1034884,406
MTE2,34913,1034915,1035321,406
MTE2,34915,1035352,1035758,406
MTE2,34917,1035789,1036195,406
MTE2,34919,1036226,1036632,406
MTE2,34921,1036663,1037069,406
MTE2,34923,1037100,1037506,406
MTE2,34925,1037537,1037943,406
MTE2,34927,1037974,1038380,406
MTE2,34929,1038411,1038817,406
MTE2,34931,1038848,1039254,406
MTE2,34933,1039285,1039691,406
MTE2,34935,1039722,1040128,406
MTE2,34937,1040159,1040565,406
MTE2,34939,1040596,1041002,406
MTE2,34941,1041033,1041439,406
MTE2,34943,1041470,1041876,406
MTE2,34945,1041907,1042313,406
MTE2,34947,1042344,1042750,406
MTE2,34949,1042781,1043187,406
MTE2,34951,1043218,1043624,406
MTE2,34953,1043655,1044061,406
MTE2,34955,1044092,1044498,406
MTE2,34957,1044529,1044935,406
MTE2,34959,1044966,1045372,406
MTE2,34961,1045403,1045809,406
MTE2,34963,1045840,1046246,406
MTE2,34965,1046277,1046683,406
MTE2,34967,1046714,1047120,406
MTE2,34969,1047151,1047557,406
MTE2,34971,1047588,1047994,406
MTE2,34973,1048025,1048431,406
MTE2,34975,1048462,1048868,406
MTE2,34977,1048899,1049305,406
MTE2,34979,1049336,1049742,406
MTE2,34981,1049773,1050179,406
MTE2,34983,1050210,1050616,406
MTE2,34985,1050647,1051053,406
MTE2,34987,1051084,1051490,406
MTE2,34989,1051521,1051927,406
MTE2,34991,1051958,1052364,406
MTE2,34993,1052395,1052801,406
MTE2,34995,1052832,1053238,406
MTE2,34997,1053269,1053675,406
MTE2,34999,1053706,1054112,406
MTE2,35001,1054143,1054549,406
MTE2,35003,1054580,1054986,406
MTE2,35005,1055017,1055423,406
MTE2,35007,1055454,1055860,406
MTE2,35009,1055891,1056297,406
MTE2,35011,1056328,1056734,406
MTE2,35013,1056765,1057171,406
MTE2,35015,1057202,1057608,406
MTE2,35017,1057639,1058045,406
MTE2,35019,1058076,1058482,406
MTE2,35021,1058513,1058919,406
MTE2,35023,1058950,1059356,406
MTE2,35025,1059387,1059793,406
MTE2,35027,1059824,1060230,406
MTE2,35029,1060261,1060667,406
MTE2,35031,1060698,1061104,406
MTE2,35033,1061135,1061541,406
MTE2,35035,1061572,1061978,406
MTE2,35037,1062009,1062415,406
MTE2,35039,1062446,1062852,406
MTE2,35041,1062883,1063289,406
MTE2,35043,1063320,1063726,406
MTE2,35045,1063757,1064163,406
MTE2,35047,1064194,1064600,406
MTE2,35049,1064631,1065037,406
MTE2,35051,1065068,1065474,406
MTE2,35053,1065505,1065911,406
MTE2,35055,1065942,1066348,406
MTE2,35057,1066379,1066785,406
MTE2,35059,1066816,1067222,406
MTE2,35061,1067253,1067659,406
MTE2,35063,1067690,1068096,406
MTE2,35065,1068127,1068533,406
MTE2,35067,1068564,1068970,406
MTE2,35069,1069001,1069407,406
MTE2,35071,1069438,1069844,406
MTE2,35073,1069875,1070281,406
MTE2,35075,1070312,1070718,406
MTE2,35077,1070749,1071155,406
MTE2,35079,1071186,1071592,406
MTE2,35081,1071623,1072029,406
MTE2,35083,1072060,1072466,406
MTE2,35085,1072497,1072903,406
MTE2,35087,1072934,1073340,406
MTE2,35089,1073371,1073777,406
MTE2,35091,1073808,1074214,406
MTE2,35093,1074245,1074651,406
MTE2,35095,1074682,1075088,406
MTE2,35097,1075119,1075525,406
MTE2,35099,1075556,1075962,406
MTE2,35101,1075993,1076399,406
MTE2,35103,1076430,1076836,406
MTE2,35105,1076867,1077273,406
MTE2,35107,1077304,1077710,406
MTE2,35109,1077741,1078147,406
MTE2,35111,1078178,1078584,406
MTE2,35113,1078615,1079021,406
MTE2,35115,1079052,1079458,406
MTE2,35117,1079489,1079895,406
MTE2,35119,1079926,1080332,406
MTE2,35121,1080363,1080769,406
MTE2,35123,1080800,1081206,406
MTE2,35125,1081237,1081643,406
MTE2,35127,1081674,1082080,406
MTE2,35129,1082111,1082517,406
MTE2,35131,1082548,1082954,406
MTE2,35133,1082985,1083391,406
MTE2,35135,1083422,1083828,406
MTE2,35137,1083859,1084265,406
MTE2,35139,1084296,1084702,406
MTE2,35141,1084733,1085139,406
MTE2,35143,1085170,1085576,406
MTE2,35145,1085607,1086013,406
MTE2,35147,1086044,1086450,406
MTE2,35149,1086481,1086887,406
MTE2,35151,1086918,1087324,406
MTE2,35153,1087355,1087761,406
MTE2,35155,1087792,1088198,406
MTE2,35157,1088229,1088635,406
MTE2,35159,1088666,1089072,406
MTE2,35161,1089103,1089509,406
MTE2,35163,1089540,1089946,406
MTE2,35165,1089977,1090383,406
MTE2,35167,1090414,1090820,406
MTE2,35169,1090851,1091257,406
MTE2,35171,1091288,1091694,406
MTE2,35173,1091725,1092131,406
MTE2,35175,1092162,1092568,406
MTE2,35177,1092599,1093005,406
MTE2,35179,1093036,1093442,406
MTE2,35181,1093473,1093879,406
MTE2,35183,1093910,1094316,406
MTE2,35185,1094347,1094753,406
MTE2,35187,1094784,1095190,406
MTE2,35189,1095221,1095627,406
MTE2,35191,1095658,1096064,406
MTE2,35193,1096095,1096501,406
MTE2,35195,1096532,1096938,406
MTE2,35197,1096969,1097375,406
MTE2,35199,1097406,1097812,406
MTE2,35201,1097843,1098249,406
MTE2,35203,1098280,1098686,406
MTE2,35205,1098717,1099123,406
MTE2,35207,1099154,1099560,406
MTE2,35209,1099591,1099997,406
MTE2,35211,1100028,1100434,406
MTE2,35213,1100465,1100871,406
MTE2,35215,1100902,1101308,406
MTE2,35217,1101339,1101745,406
MTE2,35219,1101776,1102182,406
MTE2,35221,1102213,1102619,406
MTE2,35223,1102650,1103056,406
MTE2,35225,1103087,1103493,406
MTE2,35227,1103524,1103930,406
MTE2,35229,1103961,1104367,406
MTE2,35231,1104398,1104804,406
MTE2,35233,1104835,1105241,406
MTE2,35235,1105272,1105678,406
MTE2,35237,1105709,1106115,406
MTE2,35239,1106146,1106552,406
MTE2,35241,1106583,1106989,406
MTE2,35243,1107020,1107426,406
MTE2,35245,1107457,1107863,406
MTE2,35247,1107894,1108300,406
MTE2,35249,1108331,1108737,406
MTE2,35251,1108768,1109174,406
MTE2,35253,1109205,1109611,406
MTE2,35255,1109642,1110048,406
MTE2,35257,1110079,1110485,406
MTE2,35259,1110516,1110922,406
MTE2,35261,1110953,1111359,406
MTE2,35263,1111390,1111796,406
MTE2,35315,1115037,1115443,406
MTE2,35311,1115633,1116039,406
MTE2,35307,1116229,1116635,406
MTE2,35303,1116825,1117231,406
MTE2,35299,1117421,1117827,406
MTE2,35295,1118017,1118423,406
MTE2,35291,1118613,1119019,406
MTE2,35287,1119209,1119615,406
MTE2,35283,1119805,1120211,406
MTE2,35279,1120401,1120807,406
MTE2,35275,1120807,1121213,406
MTE2,13954,1121213,1121538,325
MTE2,35271,1121538,1121944,406
MTE2,13961,1121944,1122269,325
MTE2,35267,1122269,1122675,406
MTE2,13968,1122675,1123000,325
MTE2,35265,1123000,1123406,406
MTE2,13975,1123437,1123762,325
MTE2,35269,1123762,1124168,406
MTE2,13982,1124199,1124524,325
MTE2,35273,1124524,1124930,406
MTE2,13989,1124961,1125286,325
MTE2,35277,1125286,1125692,406
MTE2,13996,1125723,1126048,325
MTE2,35281,1126048,1126454,406
MTE2,14003,1126485,1126810,325
MTE2,35285,1126810,1127216,406
MTE2,14010,1127247,1127572,325
MTE2,35289,1127572,1127978,406
MTE2,14017,1128009,1128334,325
MTE2,35293,1128334,1128740,406
MTE2,14024,1128771,1129096,325
MTE2,35297,1129096,1129502,406
MTE2,14031,1129533,1129858,325
MTE2,35301,1129858,1130264,406
MTE2,14038,1130295,1130620,325
MTE2,35305,1130620,1131026,406
MTE2,14045,1131057,1131382,325
MTE2,35309,1131382,1131788,406
MTE2,14052,1131819,1132144,325
MTE2,35313,1132144,1132550,406
MTE2,14059,1132581,1132906,325
MTE2,35317,1132906,1133312,406
MTE2,35319,1133343,1133749,406
MTE2,35321,1133780,1134186,406
MTE2,35323,1134217,1134623,406
MTE2,35325,1134654,1135060,406
MTE2,35327,1135091,1135497,406
MTE2,35329,1135528,1135934,406
MTE2,35331,1135965,1136371,406
MTE2,35333,1136402,1136808,406
MTE2,35335,1136839,1137245,406
MTE2,35337,1137276,1137682,406
MTE2,35339,1137713,1138119,406
MTE2,35341,1138150,1138556,406
MTE2,35343,1138587,1138993,406
MTE2,35345,1139024,1139430,406
MTE2,35347,1139461,1139867,406
MTE2,35349,1139898,1140304,406
MTE2,35351,1140335,1140741,406
MTE2,35353,1140772,1141178,406
MTE2,35355,1141209,1141615,406
MTE2,35357,1141646,1142052,406
MTE2,35359,1142083,1142489,406
MTE2,35361,1142520,1142926,406
MTE2,35363,1142957,1143363,406
MTE2,35365,1143394,1143800,406
MTE2,35367,1143831,1144237,406
MTE2,35369,1144268,1144674,406
MTE2,35371,1144705,1145111,406
MTE2,35373,1145142,1145548,406
MTE2,35375,1145579,1145985,406
MTE2,35377,1146016,1146422,406
MTE2,35379,1146453,1146859,406
MTE2,35381,1146890,1147296,406
MTE2,35383,1147327,1147733,406
MTE2,35385,1147764,1148170,406
MTE2,35387,1148201,1148607,406
MTE2,35389,1148638,1149044,406
MTE2,35391,1149075,1149481,406
MTE2,35393,1149512,1149918,406
MTE2,35395,1149949,1150355,406
MTE2,35397,1150386,1150792,406
MTE2,35399,1150823,1151229,406
MTE2,35401,1151260,1151666,406
MTE2,35403,1151697,1152103,406
MTE2,35405,1152134,1152540,406
MTE2,35407,1152571,1152977,406
MTE2,35409,1153008,1153414,406
MTE2,35411,1153445,1153851,406
MTE2,35413,1153882,1154288,406
MTE2,35415,1154319,1154725,406
MTE2,35417,1154756,1155162,406
MTE2,35419,1155193,1155599,406
MTE2,35421,1155630,1156036,406
MTE2,35423,1156067,1156473,406
MTE2,35425,1156504,1156910,406
MTE2,35427,1156941,1157347,406
MTE2,35429,1157378,1157784,406
MTE2,35431,1157815,1158221,406
MTE2,35433,1158252,1158658,406
MTE2,35435,1158689,1159095,406
MTE2,35437,1159126,1159532,406
MTE2,35439,1159563,1159969,406
MTE2,35441,1160000,1160406,406
MTE2,35443,1160437,1160843,406
MTE2,35445,1160874,1161280,406
MTE2,35447,1161311,1161717,406
MTE2,35449,1161748,1162154,406
MTE2,35451,1162185,1162591,406
MTE2,35453,1162622,1163028,406
MTE2,35455,1163059,1163465,406
MTE2,35457,1163496,1163902,406
MTE2,35459,1163933,1164339,406
MTE2,35461,1164370,1164776,406
MTE2,35463,1164807,1165213,406
MTE2,35465,1165244,1165650,406
MTE2,35467,1165681,1166087,406
MTE2,35469,1166118,1166524,406
MTE2,35471,1166555,1166961,406
MTE2,35473,1166992,1167398,406
MTE2,35475,1167429,1167835,406
MTE2,35477,1167866,1168272,406
MTE2,35479,1168303,1168709,406
MTE2,35481,1168740,1169146,406
MTE2,35483,1169177,1169583,406
MTE2,35485,1169614,1170020,406
MTE2,35487,1170051,1170457,406
MTE2,35489,1170488,1170894,406
MTE2,35491,1170925,1171331,406
MTE2,35493,1171362,1171768,406
MTE2,35495,1171799,1172205,406
MTE2,35497,1172236,1172642,406
MTE2,35499,1172673,1173079,406
MTE2,35501,1173110,1173516,406
MTE2,35503,1173547,1173953,406
MTE2,35505,1173984,1174390,406
MTE2,35507,1174421,1174827,406
MTE2,35509,1174858,1175264,406
MTE2,35511,1175295,1175701,406
MTE2,35513,1175732,1176138,406
MTE2,35515,1176169,1176575,406
MTE2,35517,1176606,1177012,406
MTE2,35519,1177043,1177449,406
MTE2,35521,1177480,1177886,406
MTE2,35523,1177917,1178323,406
MTE2,35525,1178354,1178760,406
MTE2,35527,1178791,1179197,406
MTE2,35529,1179228,1179634,406
MTE2,35531,1179665,1180071,406
MTE2,35533,1180102,1180508,406
MTE2,35535,1180539,1180945,406
MTE2,35537,1180976,1181382,406
MTE2,35539,1181413,1181819,406
MTE2,35541,1181850,1182256,406
MTE2,35543,1182287,1182693,406
MTE2,35545,1182724,1183130,406
MTE2,35547,1183161,1183567,406
MTE2,35549,1183598,1184004,406
MTE2,35551,1184035,1184441,406
MTE2,35553,1184472,1184878,406
MTE2,35555,1184909,1185315,406
MTE2,35557,1185346,1185752,406
MTE2,35559,1185783,1186189,406
MTE2,35561,1186220,1186626,406
MTE2,35563,1186657,1187063,406
MTE2,35565,1187094,1187500,406
MTE2,35567,1187531,1187937,406
MTE2,35569,1187968,1188374,406
MTE2,35571,1188405,1188811,406
MTE2,35573,1188842,1189248,406
MTE2,35575,1189279,1189685,406
MTE2,35577,1189716,1190122,406
MTE2,35579,1190153,1190559,406
MTE2,35581,1190590,1190996,406
MTE2,35583,1191027,1191433,406
MTE2,35585,1191464,1191870,406
MTE2,35587,1191901,1192307,406
MTE2,35589,1192338,1192744,406
MTE2,35591,1192775,1193181,406
MTE2,35593,1193212,1193618,406
MTE2,35595,1193649,1194055,406
MTE2,35597,1194086,1194492,406
MTE2,35599,1194523,1194929,406
MTE2,35601,1194960,1195366,406
MTE2,35603,1195397,1195803,406
MTE2,35605,1195834,1196240,406
MTE2,35607,1196271,1196677,406
MTE2,35609,1196708,1197114,406
MTE2,35611,1197145,1197551,406
MTE2,35613,1197582,1197988,406
MTE2,35615,1198019,1198425,406
MTE2,35617,1198456,1198862,406
MTE2,35619,1198893,1199299,406
MTE2,35621,1199330,1199736,406
MTE2,35623,1199767,1200173,406
MTE2,35625,1200204,1200610,406
MTE2,35627,1200641,1201047,406
MTE2,35629,1201078,1201484,406
MTE2,35631,1201515,1201921,406
MTE2,35633,1201952,1202358,406
MTE2,35635,1202389,1202795,406
MTE2,35637,1202826,1203232,406
MTE2,35639,1203263,1203669,406
MTE2,35641,1203700,1204106,406
MTE2,35643,1204137,1204543,406
MTE2,35645,1204574,1204980,406
MTE2,35647,1205011,1205417,406
MTE2,35649,1205448,1205854,406
MTE2,35651,1205885,1206291,406
MTE2,35653,1206322,1206728,406
MTE2,35655,1206759,1207165,406
MTE2,35657,1207196,1207602,406
MTE2,35659,1207633,1208039,406
MTE2,35661,1208070,1208476,406
MTE2,35663,1208507,1208913,406
MTE2,35665,1208944,1209350,406
MTE2,35667,1209381,1209787,406
MTE2,35669,1209818,1210224,406
MTE2,35671,1210255,1210661,406
MTE2,35673,1210692,1211098,406
MTE2,35675,1211129,1211535,406
MTE2,35677,1211566,1211972,406
MTE2,35679,1212003,1212409,406
MTE2,35681,1212440,1212846,406
MTE2,35683,1212877,1213283,406
MTE2,35685,1213314,1213720,406
MTE2,35687,1213751,1214157,406
MTE2,35689,1214188,1214594,406
MTE2,35691,1214625,1215031,406
MTE2,35693,1215062,1215468,406
MTE2,35695,1215499,1215905,406
MTE2,35697,1215936,1216342,406
MTE2,35699,1216373,1216779,406
MTE2,35701,1216810,1217216,406
MTE2,35703,1217247,1217653,406
MTE2,35705,1217684,1218090,406
MTE2,35707,1218121,1218527,406
MTE2,35709,1218558,1218964,406
MTE2,35711,1218995,1219401,406
MTE2,35713,1219432,1219838,406
MTE2,35715,1219869,1220275,406
MTE2,35717,1220306,1220712,406
MTE2,35719,1220743,1221149,406
MTE2,35721,1221180,1221586,406
MTE2,35723,1221617,1222023,406
MTE2,35725,1222054,1222460,406
MTE2,35727,1222491,1222897,406
MTE2,35729,1222928,1223334,406
MTE2,35731,1223365,1223771,406
MTE2,35733,1223802,1224208,406
MTE2,35735,1224239,1224645,406
MTE2,35737,1224676,1225082,406
MTE2,35739,1225113,1225519,406
MTE2,35741,1225550,1225956,406
MTE2,35743,1225987,1226393,406
MTE2,35797,1229634,1230040,406
MTE2,35793,1230230,1230636,406
MTE2,35789,1230826,1231232,406
MTE2,35785,1231422,1231828,406
MTE2,35781,1232018,1232424,406
MTE2,35777,1232614,1233020,406
MTE2,35773,1233210,1233616,406
MTE2,35769,1233806,1234212,406
MTE2,35765,1234402,1234808,406
MTE2,35761,1234998,1235404,406
MTE2,35757,1235594,1236000,406
MTE2,35753,1236000,1236406,406
MTE2,15298,1236406,1236731,325
MTE2,35749,1236731,1237137,406
MTE2,15305,1237137,1237462,325
MTE2,35745,1237462,1237868,406
MTE2,15312,1237899,1238224,325
MTE2,35747,1238224,1238630,406
MTE2,15319,1238661,1238986,325
MTE2,35751,1238986,1239392,406
MTE2,15326,1239423,1239748,325
MTE2,35755,1239748,1240154,406
MTE2,15333,1240185,1240510,325
MTE2,35759,1240510,1240916,406
MTE2,15340,1240947,1241272,325
MTE2,35763,1241272,1241678,406
MTE2,15347,1241709,1242034,325
MTE2,35767,1242034,1242440,406
MTE2,15354,1242471,1242796,325
MTE2,35771,1242796,1243202,406
MTE2,15361,1243233,1243558,325
MTE2,35775,1243558,1243964,406
MTE2,15368,1243995,1244320,325
MTE2,35779,1244320,1244726,406
MTE2,15375,1244757,1245082,325
MTE2,35783,1245082,1245488,406
MTE2,15382,1245519,1245844,325
MTE2,35787,1245844,1246250,406
MTE2,15389,1246281,1246606,325
MTE2,35791,1246606,1247012,406
MTE2,15396,1247043,1247368,325
MTE2,35795,1247368,1247774,406
MTE2,15403,1247805,1248130,325
MTE2,35799,1248130,1248536,406
MTE2,35801,1248567,1248973,406
MTE2,35803,1249004,1249410,406
MTE2,35805,1249441,1249847,406
MTE2,35807,1249878,1250284,406
MTE2,35809,1250315,1250721,406
MTE2,35811,1250752,1251158,406
MTE2,35813,1251189,1251595,406
MTE2,35815,1251626,1252032,406
MTE2,35817,1252063,1252469,406
MTE2,35819,1252500,1252906,406
MTE2,35821,1252937,1253343,406
MTE2,35823,1253374,1253780,406
MTE2,35825,1253811,1254217,406
MTE2,35827,1254248,1254654,406
MTE2,35829,1254685,1255091,406
MTE2,35831,1255122,1255528,406
MTE2,35833,1255559,1255965,406
MTE2,35835,1255996,1256402,406
MTE2,35837,1256433,1256839,406
MTE2,35839,1256870,1257276,406
MTE2,35841,1257307,1257713,406
MTE2,35843,1257744,1258150,406
MTE2,35845,1258181,1258587,406
MTE2,35847,1258618,1259024,406
MTE2,35849,1259055,1259461,406
MTE2,35851,1259492,1259898,406
MTE2,35853,1259929,1260335,406
MTE2,35855,1260366,1260772,406
MTE2,35857,1260803,1261209,406
MTE2,35859,1261240,1261646,406
MTE2,35861,1261677,1262083,406
MTE2,35863,1262114,1262520,406
MTE2,35865,1262551,1262957,406
MTE2,35867,1262988,1263394,406
MTE2,35869,1263425,1263831,406
MTE2,35871,1263862,1264268,406
MTE2,35873,1264299,1264705,406
MTE2,35875,1264736,1265142,406
MTE2,35877,1265173,1265579,406
MTE2,35879,1265610,1266016,406
MTE2,35881,1266047,1266453,406
MTE2,35883,1266484,1266890,406
MTE2,35885,1266921,1267327,406
MTE2,35887,1267358,1267764,406
MTE2,35889,1267795,1268201,406
MTE2,35891,1268232,1268638,406
MTE2,35893,1268669,1269075,406
MTE2,35895,1269106,1269512,406
MTE2,35897,1269543,1269949,406
MTE2,35899,1269980,1270386,406
MTE2,35901,1270417,1270823,406
MTE2,35903,1270854,1271260,406
MTE2,35905,1271291,1271697,406
MTE2,35907,1271728,1272134,406
MTE2,35909,1272165,1272571,406
MTE2,35911,1272602,1273008,406
MTE2,35913,1273039,1273445,406
MTE2,35915,1273476,1273882,406
MTE2,35917,1273913,1274319,406
MTE2,35919,1274350,1274756,406
MTE2,35921,1274787,1275193,406
MTE2,35923,1275224,1275630,406
MTE2,35925,1275661,1276067,406
MTE2,35927,1276098,1276504,406
MTE2,35929,1276535,1276941,406
MTE2,35931,1276972,1277378,406
MTE2,35933,1277409,1277815,406
MTE2,35935,1277846,1278252,406
MTE2,35937,1278283,1278689,406
MTE2,35939,1278720,1279126,406
MTE2,35941,1279157,1279563,406
MTE2,35943,1279594,1280000,406
MTE2,35945,1280031,1280437,406
MTE2,35947,1280468,1280874,406
MTE2,35949,1280905,1281311,406
MTE2,35951,1281342,1281748,406
MTE2,35953,1281779,1282185,406
MTE2,35955,1282216,1282622,406
MTE2,35957,1282653,1283059,406
MTE2,35959,1283090,1283496,406
MTE2,35961,1283527,1283933,406
MTE2,35963,1283964,1284370,406
MTE2,35965,1284401,1284807,406
MTE2,35967,1284838,1285244,406
MTE2,35969,1285275,1285681,406
MTE2,35971,1285712,1286118,406
MTE2,35973,1286149,1286555,406
MTE2,35975,1286586,1286992,406
MTE2,35977,1287023,1287429,406
MTE2,35979,1287460,1287866,406
MTE2,35981,1287897,1288303,406
MTE2,35983,1288334,1288740,406
MTE2,35985,1288771,1289177,406
MTE2,35987,1289208,1289614,406
MTE2,35989,1289645,1290051,406
MTE2,35991,1290082,1290488,406
MTE2,35993,1290519,1290925,406
MTE2,35995,1290956,1291362,406
MTE2,35997,1291393,1291799,406
MTE2,35999,1291830,1292236,406
MTE2,36001,1292267,1292673,406
MTE2,36003,1292704,1293110,406
MTE2,36005,1293141,1293547,406
MTE2,36007,1293578,1293984,406
MTE2,36009,1294015,1294421,406
MTE2,36011,1294452,1294858,406
MTE2,36013,1294889,1295295,406
MTE2,36015,1295326,1295732,406
MTE2,36017,1295763,1296169,406
MTE2,36019,1296200,1296606,406
MTE2,36021,1296637,1297043,406
MTE2,36023,1297074,1297480,406
MTE2,36025,1297511,1297917,406
MTE2,36027,1297948,1298354,406
MTE2,36029,1298385,1298791,406
MTE2,36031,1298822,1299228,406
MTE2,36033,1299259,1299665,406
MTE2,36035,1299696,1300102,406
MTE2,36037,1300133,1300539,406
MTE2,36039,1300570,1300976,406
MTE2,36041,1301007,1301413,406
MTE2,36043,1301444,1301850,406
MTE2,36045,1301881,1302287,406
MTE2,36047,1302318,1302724,406
MTE2,36049,1302755,1303161,406
MTE2,36051,1303192,1303598,406
MTE2,36053,1303629,1304035,406
MTE2,36055,1304066,1304472,406
MTE2,36057,1304503,1304909,406
MTE2,36059,1304940,1305346,406
MTE2,36061,1305377,1305783,406
MTE2,36063,1305814,1306220,406
MTE2,36065,1306251,1306657,406
MTE2,36067,1306688,1307094,406
MTE2,36069,1307125,1307531,406
MTE2,36071,1307562,1307968,406
MTE2,36073,1307999,1308405,406
MTE2,36075,1308436,1308842,406
MTE2,36077,1308873,1309279,406
MTE2,36079,1309310,1309716,406
MTE2,36081,1309747,1310153,406
MTE2,36083,1310184,1310590,406
MTE2,36085,1310621,1311027,406
MTE2,36087,1311058,1311464,406
MTE2,36089,1311495,1311901,406
MTE2,36091,1311932,1312338,406
MTE2,36093,1312369,1312775,406
MTE2,36095,1312806,1313212,406
MTE2,36097,1313243,1313649,406
MTE2,36099,1313680,1314086,406
MTE2,36101,1314117,1314523,406
MTE2,36103,1314554,1314960,406
MTE2,36105,1314991,1315397,406
MTE2,36107,1315428,1315834,406
MTE2,36109,1315865,1316271,406
MTE2,36111,1316302,1316708,406
MTE2,36113,1316739,1317145,406
MTE2,36115,1317176,1317582,406
MTE2,36117,1317613,1318019,406
MTE2,36119,1318050,1318456,406
MTE2,36121,1318487,1318893,406
MTE2,36123,1318924,1319330,406
MTE2,36125,1319361,1319767,406
MTE2,36127,1319798,1320204,406
MTE2,36129,1320235,1320641,406
MTE2,36131,1320672,1321078,406
MTE2,36133,1321109,1321515,406
MTE2,36135,1321546,1321952,406
MTE2,36137,1321983,1322389,406
MTE2,36139,1322420,1322826,406
MTE2,36141,1322857,1323263,406
MTE2,36143,1323294,1323700,406
MTE2,36145,1323731,1324137,406
MTE2,36147,1324168,1324574,406
MTE2,36149,1324605,1325011,406
MTE2,36151,1325042,1325448,406
MTE2,36153,1325479,1325885,406
MTE2,36155,1325916,1326322,406
MTE2,36157,1326353,1326759,406
MTE2,36159,1326790,1327196,406
MTE2,36161,1327227,1327633,406
MTE2,36163,1327664,1328070,406
MTE2,36165,1328101,1328507,406
MTE2,36167,1328538,1328944,406
MTE2,36169,1328975,1329381,406
MTE2,36171,1329412,1329818,406
MTE2,36173,1329849,1330255,406
MTE2,36175,1330286,1330692,406
MTE2,36177,1330723,1331129,406
MTE2,36179,1331160,1331566,406
MTE2,36181,1331597,1332003,406
MTE2,36183,1332034,1332440,406
MTE2,36185,1332471,1332877,406
MTE2,36187,1332908,1333314,406
MTE2,36189,1333345,1333751,406
MTE2,36191,1333782,1334188,406
MTE2,36193,1334219,1334625,406
MTE2,36195,1334656,1335062,406
MTE2,36197,1335093,1335499,406
MTE2,36199,1335530,1335936,406
MTE2,36201,1335967,1336373,406
MTE2,36203,1336404,1336810,406
MTE2,36205,1336841,1337247,406
MTE2,36207,1337278,1337684,406
MTE2,36209,1337715,1338121,406
MTE2,36211,1338152,1338558,406
MTE2,36213,1338589,1338995,406
MTE2,36215,1339026,1339432,406
MTE2,36217,1339463,1339869,406
MTE2,36219,1339900,1340306,406
MTE2,36221,1340337,1340743,406
MTE2,36223,1340774,1341180,406
MTE2,36279,1344421,1344827,406
MTE2,36275,1345017,1345423,406
MTE2,36271,1345613,1346019,406
MTE2,36267,1346209,1346615,406
MTE2,36263,1346805,1347211,406
MTE2,36259,1347401,1347807,406
MTE2,36255,1347997,1348403,406
MTE2,36251,1348593,1348999,406
MTE2,36247,1349189,1349595,406
MTE2,36243,1349785,1350191,406
MTE2,36239,1350381,1350787,406
MTE2,36235,1350977,1351383,406
MTE2,36231,1351383,1351789,406
MTE2,16642,1351789,1352114,325
MTE2,36227,1352114,1352520,406
MTE2,16649,1352520,1352845,325
MTE2,36225,1352845,1353251,406
MTE2,16656,1353282,1353607,325
MTE2,36229,1353607,1354013,406
MTE2,16663,1354044,1354369,325
MTE2,36233,1354369,1354775,406
MTE2,16670,1354806,1355131,325
MTE2,36237,1355131,1355537,406
MTE2,16677,1355568,1355893,325
MTE2,36241,1355893,1356299,406
MTE2,16684,1356330,1356655,325
MTE2,36245,1356655,1357061,406
MTE2,16691,1357092,1357417,325
MTE2,36249,1357417,1357823,406
MTE2,16698,1357854,1358179,325
MTE2,36253,1358179,1358585,406
MTE2,16705,1358616,1358941,325
MTE2,36257,1358941,1359347,406
MTE2,16712,1359378,1359703,325
MTE2,36261,1359703,1360109,406
MTE2,16719,1360140,1360465,325
MTE2,36265,1360465,1360871,406
MTE2,16726,1360902,1361227,325
MTE2,36269,1361227,1361633,406
MTE2,16733,1361664,1361989,325
MTE2,36273,1361989,1362395,406
MTE2,16740,1362426,1362751,325
MTE2,36277,1362751,1363157,406
MTE2,16747,1363188,1363513,325
MTE2,36281,1363513,1363919,406
MTE2,36283,1363950,1364356,406
MTE2,36285,1364387,1364793,406
MTE2,36287,1364824,1365230,406
MTE2,36289,1365261,1365667,406
MTE2,36291,1365698,1366104,406
MTE2,36293,1366135,1366541,406
MTE2,36295,1366572,1366978,406
MTE2,36297,1367009,1367415,406
MTE2,36299,1367446,1367852,406
MTE2,36301,1367883,1368289,406
MTE2,36303,1368320,1368726,406
MTE2,36305,1368757,1369163,406
MTE2,36307,1369194,1369600,406
MTE2,36309,1369631,1370037,406
MTE2,36311,1370068,1370474,406
MTE2,36313,1370505,1370911,406
MTE2,36315,1370942,1371348,406
MTE2,36317,1371379,1371785,406
MTE2,36319,1371816,1372222,406
MTE2,36321,1372253,1372659,406
MTE2,36323,1372690,1373096,406
MTE2,36325,1373127,1373533,406
MTE2,36327,1373564,1373970,406
MTE2,36329,1374001,1374407,406
MTE2,36331,1374438,1374844,406
MTE2,36333,1374875,1375281,406
MTE2,36335,1375312,1375718,406
MTE2,36337,1375749,1376155,406
MTE2,36339,1376186,1376592,406
MTE2,36341,1376623,1377029,406
MTE2,36343,1377060,1377466,406
MTE2,36345,1377497,1377903,406
MTE2,36347,1377934,1378340,406
MTE2,36349,1378371,1378777,406
MTE2,36351,1378808,1379214,406
MTE2,36353,1379245,1379651,406
MTE2,36355,1379682,1380088,406
MTE2,36357,1380119,1380525,406
MTE2,36359,1380556,1380962,406
MTE2,36361,1380993,1381399,406
MTE2,36363,1381430,1381836,406
MTE2,36365,1381867,1382273,406
MTE2,36367,1382304,1382710,406
MTE2,36369,1382741,1383147,406
MTE2,36371,1383178,1383584,406
MTE2,36373,1383615,1384021,406
MTE2,36375,1384052,1384458,406
MTE2,36377,1384489,1384895,406
MTE2,36379,1384926,1385332,406
MTE2,36381,1385363,1385769,406
MTE2,36383,1385800,1386206,406
MTE2,36385,1386237,1386643,406
MTE2,36387,1386674,1387080,406
MTE2,36389,1387111,1387517,406
MTE2,36391,1387548,1387954,406
MTE2,36393,1387985,1388391,406
MTE2,36395,1388422,1388828,406
MTE2,36397,1388859,1389265,406
MTE2,36399,1389296,1389702,406
MTE2,36401,1389733,1390139,406
MTE2,36403,1390170,1390576,406
MTE2,36405,1390607,1391013,406
MTE2,36407,1391044,1391450,406
MTE2,36409,1391481,1391887,406
MTE2,36411,1391918,1392324,406
MTE2,36413,1392355,1392761,406
MTE2,36415,1392792,1393198,406
MTE2,36417,1393229,1393635,406
MTE2,36419,1393666,1394072,406
MTE2,36421,1394103,1394509,406
MTE2,36423,1394540,1394946,406
MTE2,36425,1394977,1395383,406
MTE2,36427,1395414,1395820,406
MTE2,36429,1395851,1396257,406
MTE2,36431,1396288,1396694,406
MTE2,36433,1396725,1397131,406
MTE2,36435,1397162,1397568,406
MTE2,36437,1397599,1398005,406
MTE2,36439,1398036,1398442,406
MTE2,36441,1398473,1398879,406
MTE2,36443,1398910,1399316,406
MTE2,36445,1399347,1399753,406
MTE2,36447,1399784,1400190,406
MTE2,36449,1400221,1400627,406
MTE2,36451,1400658,1401064,406
MTE2,36453,1401095,1401501,406
MTE2,36455,1401532,1401938,406
MTE2,36457,1401969,1402375,406
MTE2,36459,1402406,1402812,406
MTE2,36461,1402843,1403249,406
MTE2,36463,1403280,1403686,406
MTE2,36465,1403717,1404123,406
MTE2,36467,1404154,1404560,406
MTE2,36469,1404591,1404997,406
MTE2,36471,1405028,1405434,406
MTE2,36473,1405465,1405871,406
MTE2,36475,1405902,1406308,406
MTE2,36477,1406339,1406745,406
MTE2,36479,1406776,1407182,406
MTE2,36481,1407213,1407619,406
MTE2,36483,1407650,1408056,406
MTE2,36485,1408087,1408493,406
MTE2,36487,1408524,1408930,406
MTE2,36489,1408961,1409367,406
MTE2,36491,1409398,1409804,406
MTE2,36493,1409835,1410241,406
MTE2,36495,1410272,1410678,406
MTE2,36497,1410709,1411115,406
MTE2,36499,1411146,1411552,406
MTE2,36501,1411583,1411989,406
MTE2,36503,1412020,1412426,406
MTE2,36505,1412457,1412863,406
MTE2,36507,1412894,1413300,406
MTE2,36509,1413331,1413737,406
MTE2,36511,1413768,1414174,406
MTE2,36513,1414205,1414611,406
MTE2,36515,1414642,1415048,406
MTE2,36517,1415079,1415485,406
MTE2,36519,1415516,1415922,406
MTE2,36521,1415953,1416359,406
MTE2,36523,1416390,1416796,406
MTE2,36525,1416827,1417233,406
MTE2,36527,1417264,1417670,406
MTE2,36529,1417701,1418107,406
MTE2,36531,1418138,1418544,406
MTE2,36533,1418575,1418981,406
MTE2,36535,1419012,1419418,406
MTE2,36537,1419449,1419855,406
MTE2,36539,1419886,1420292,406
MTE2,36541,1420323,1420729,406
MTE2,36543,1420760,1421166,406
MTE2,36545,1421197,1421603,406
MTE2,36547,1421634,1422040,406
MTE2,36549,1422071,1422477,406
MTE2,36551,1422508,1422914,406
MTE2,36553,1422945,1423351,406
MTE2,36555,1423382,1423788,406
MTE2,36557,1423819,1424225,406
MTE2,36559,1424256,1424662,406
MTE2,36561,1424693,1425099,406
MTE2,36563,1425130,1425536,406
MTE2,36565,1425567,1425973,406
MTE2,36567,1426004,1426410,406
MTE2,36569,1426441,1426847,406
MTE2,36571,1426878,1427284,406
MTE2,36573,1427315,1427721,406
MTE2,36575,1427752,1428158,406
MTE2,36577,1428189,1428595,406
MTE2,36579,1428626,1429032,406
MTE2,36581,1429063,1429469,406
MTE2,36583,1429500,1429906,406
MTE2,36585,1429937,1430343,406
MTE2,36587,1430374,1430780,406
MTE2,36589,1430811,1431217,406
MTE2,36591,1431248,1431654,406
MTE2,36593,1431685,1432091,406
MTE2,36595,1432122,1432528,406
MTE2,36597,1432559,1432965,406
MTE2,36599,1432996,1433402,406
MTE2,36601,1433433,1433839,406
MTE2,36603,1433870,1434276,406
MTE2,36605,1434307,1434713,406
MTE2,36607,1434744,1435150,406
MTE2,36609,1435181,1435587,406
MTE2,36611,1435618,1436024,406
MTE2,36613,1436055,1436461,406
MTE2,36615,1436492,1436898,406
MTE2,36617,1436929,1437335,406
MTE2,36619,1437366,1437772,406
MTE2,36621,1437803,1438209,406
MTE2,36623,1438240,1438646,406
MTE2,36625,1438677,1439083,406
MTE2,36627,1439114,1439520,406
MTE2,36629,1439551,1439957,406
MTE2,36631,1439988,1440394,406
MTE2,36633,1440425,1440831,406
MTE2,36635,1440862,1441268,406
MTE2,36637,1441299,1441705,406
MTE2,36639,1441736,1442142,406
MTE2,36641,1442173,1442579,406
MTE2,36643,1442610,1443016,406
MTE2,36645,1443047,1443453,406
MTE2,36647,1443484,1443890,406
MTE2,36649,1443921,1444327,406
MTE2,36651,1444358,1444764,406
MTE2,36653,1444795,1445201,406
MTE2,36655,1445232,1445638,406
MTE2,36657,1445669,1446075,406
MTE2,36659,1446106,1446512,406
MTE2,36661,1446543,1446949,406
MTE2,36663,1446980,1447386,406
MTE2,36665,1447417,1447823,406
MTE2,36667,1447854,1448260,406
MTE2,36669,1448291,1448697,406
MTE2,36671,1448728,1449134,406
MTE2,36673,1449165,1449571,406
MTE2,36675,1449602,1450008,406
MTE2,36677,1450039,1450445,406
MTE2,36679,1450476,1450882,406
MTE2,36681,1450913,1451319,406
MTE2,36683,1451350,1451756,406
MTE2,36685,1451787,1452193,406
MTE2,36687,1452224,1452630,406
MTE2,36689,1452661,1453067,406
MTE2,36691,1453098,1453504,406
MTE2,36693,1453535,1453941,406
MTE2,36695,1453972,1454378,406
MTE2,36697,1454409,1454815,406
MTE2,36699,1454846,1455252,406
MTE2,36701,1455283,1455689,406
MTE2,36703,1455720,1456126,406
MTE2,36761,1459367,1459773,406
MTE2,36757,1459963,1460369,406
MTE2,36753,1460559,1460965,406
MTE2,36749,1461155,1461561,406
MTE2,36745,1461751,1462157,406
MTE2,36741,1462347,1462753,406
MTE2,36737,1462943,1463349,406
MTE2,36733,1463539,1463945,406
MTE2,36729,1464135,1464541,406
MTE2,36725,1464731,1465137,406
MTE2,36721,1465327,1465733,406
MTE2,36717,1465923,1466329,406
MTE2,36713,1466519,1466925,406
MTE2,36709,1466925,1467331,406
MTE2,17986,1467331,1467656,325
MTE2,36705,1467656,1468062,406
MTE2,17993,1468093,1468418,325
MTE2,36707,1468418,1468824,406
MTE2,18000,1468855,1469180,325
MTE2,36711,1469180,1469586,406
MTE2,18007,1469617,1469942,325
MTE2,36715,1469942,1470348,406
MTE2,18014,1470379,1470704,325
MTE2,36719,1470704,1471110,406
MTE2,18021,1471141,1471466,325
MTE2,36723,1471466,1471872,406
MTE2,18028,1471903,1472228,325
MTE2,36727,1472228,1472634,406
MTE2,18035,1472665,1472990,325
MTE2,36731,1472990,1473396,406
MTE2,18042,1473427,1473752,325
MTE2,36735,1473752,1474158,406
MTE2,18049,1474189,1474514,325
MTE2,36739,1474514,1474920,406
MTE2,18056,1474951,1475276,325
MTE2,36743,1475276,1475682,406
MTE2,18063,1475713,1476038,325
MTE2,36747,1476038,1476444,406
MTE2,18070,1476475,1476800,325
MTE2,36751,1476800,1477206,406
MTE2,18077,1477237,1477562,325
MTE2,36755,1477562,1477968,406
MTE2,18084,1477999,1478324,325
MTE2,36759,1478324,1478730,406
MTE2,18091,1478761,1479086,325
MTE2,36763,1479086,1479492,406
MTE2,36765,1479523,1479929,406
MTE2,36767,1479960,1480366,406
MTE2,36769,1480397,1480803,406
MTE2,36771,1480834,1481240,406
MTE2,36773,1481271,1481677,406
MTE2,36775,1481708,1482114,406
MTE2,36777,1482145,1482551,406
MTE2,36779,1482582,1482988,406
MTE2,36781,1483019,1483425,406
MTE2,36783,1483456,1483862,406
MTE2,36785,1483893,1484299,406
MTE2,36787,1484330,1484736,406
MTE2,36789,1484767,1485173,406
MTE2,36791,1485204,1485610,406
MTE2,36793,1485641,1486047,406
MTE2,36795,1486078,1486484,406
MTE2,36797,1486515,1486921,406
MTE2,36799,1486952,1487358,406
MTE2,36801,1487389,1487795,406
MTE2,36803,1487826,1488232,406
MTE2,36805,1488263,1488669,406
MTE2,36807,1488700,1489106,406
MTE2,36809,1489137,1489543,406
MTE2,36811,1489574,1489980,406
MTE2,36813,1490011,1490417,406
MTE2,36815,1490448,1490854,406
MTE2,36817,1490885,1491291,406
MTE2,36819,1491322,1491728,406
MTE2,36821,1491759,1492165,406
MTE2,36823,1492196,1492602,406
MTE2,36825,1492633,1493039,406
MTE2,36827,1493070,1493476,406
MTE2,36829,1493507,1493913,406
MTE2,36831,1493944,1494350,406
MTE2,36833,1494381,1494787,406
MTE2,36835,1494818,1495224,406
MTE2,36837,1495255,1495661,406
MTE2,36839,1495692,1496098,406
MTE2,36841,1496129,1496535,406
MTE2,36843,1496566,1496972,406
MTE2,36845,1497003,1497409,406
MTE2,36847,1497440,1497846,406
MTE2,36849,1497877,1498283,406
MTE2,36851,1498314,1498720,406
MTE2,36853,1498751,1499157,406
MTE2,36855,1499188,1499594,406
MTE2,36857,1499625,1500031,406
MTE2,36859,1500062,1500468,406
MTE2,36861,1500499,1500905,406
MTE2,36863,1500936,1501342,406
MTE2,36865,1501373,1501779,406
MTE2,36867,1501810,1502216,406
MTE2,36869,1502247,1502653,406
MTE2,36871,1502684,1503090,406
MTE2,36873,1503121,1503527,406
MTE2,36875,1503558,1503964,406
MTE2,36877,1503995,1504401,406
MTE2,36879,1504432,1504838,406
MTE2,36881,1504869,1505275,406
MTE2,36883,1505306,1505712,406
MTE2,36885,1505743,1506149,406
MTE2,36887,1506180,1506586,406
MTE2,36889,1506617,1507023,406
MTE2,36891,1507054,1507460,406
MTE2,36893,1507491,1507897,406
MTE2,36895,1507928,1508334,406
MTE2,36897,1508365,1508771,406
MTE2,36899,1508802,1509208,406
MTE2,36901,1509239,1509645,406
MTE2,36903,1509676,1510082,406
MTE2,36905,1510113,1510519,406
MTE2,36907,1510550,1510956,406
MTE2,36909,1510987,1511393,406
MTE2,36911,1511424,1511830,406
MTE2,36913,1511861,1512267,406
MTE2,36915,1512298,1512704,406
MTE2,36917,1512735,1513141,406
MTE2,36919,1513172,1513578,406
MTE2,36921,1513609,1514015,406
MTE2,36923,1514046,1514452,406
MTE2,36925,1514483,1514889,406
MTE2,36927,1514920,1515326,406
MTE2,36929,1515357,1515763,406
MTE2,36931,1515794,1516200,406
MTE2,36933,1516231,1516637,406
MTE2,36935,1516668,1517074,406
MTE2,36937,1517105,1517511,406
MTE2,36939,1517542,1517948,406
MTE2,36941,1517979,1518385,406
MTE2,36943,1518416,1518822,406
MTE2,36945,1518853,1519259,406
MTE2,36947,1519290,1519696,406
MTE2,36949,1519727,1520133,406
MTE2,36951,1520164,1520570,406
MTE2,36953,1520601,1521007,406
MTE2,36955,1521038,1521444,406
MTE2,36957,1521475,1521881,406
MTE2,36959,1521912,1522318,406
MTE2,36961,1522349,1522755,406
MTE2,36963,1522786,1523192,406
MTE2,36965,1523223,1523629,406
MTE2,36967,1523660,1524066,406
MTE2,36969,1524097,1524503,406
MTE2,36971,1524534,1524940,406
MTE2,36973,1524971,1525377,406
MTE2,36975,1525408,1525814,406
MTE2,36977,1525845,1526251,406
MTE2,36979,1526282,1526688,406
MTE2,36981,1526719,1527125,406
MTE2,36983,1527156,1527562,406
MTE2,36985,1527593,1527999,406
MTE2,36987,1528030,1528436,406
MTE2,36989,1528467,1528873,406
MTE2,36991,1528904,1529310,406
MTE2,36993,1529341,1529747,406
MTE2,36995,1529778,1530184,406
MTE2,36997,1530215,1530621,406
MTE2,36999,1530652,1531058,406
MTE2,37001,1531089,1531495,406
MTE2,37003,1531526,1531932,406
MTE2,37005,1531963,1532369,406
MTE2,37007,1532400,1532806,406
MTE2,37009,1532837,1533243,406
MTE2,37011,1533274,1533680,406
MTE2,37013,1533711,1534117,406
MTE2,37015,1534148,1534554,406
MTE2,37017,1534585,1534991,406
MTE2,37019,1535022,1535428,406
MTE2,37021,1535459,1535865,406
MTE2,37023,1535896,1536302,406
MTE2,37025,1536333,1536739,406
MTE2,37027,1536770,1537176,406
MTE2,37029,1537207,1537613,406
MTE2,37031,1537644,1538050,406
MTE2,37033,1538081,1538487,406
MTE2,37035,1538518,1538924,406
MTE2,37037,1538955,1539361,406
MTE2,37039,1539392,1539798,406
MTE2,37041,1539829,1540235,406
MTE2,37043,1540266,1540672,406
MTE2,37045,1540703,1541109,406
MTE2,37047,1541140,1541546,406
MTE2,37049,1541577,1541983,406
MTE2,37051,1542014,1542420,406
MTE2,37053,1542451,1542857,406
MTE2,37055,1542888,1543294,406
MTE2,37057,1543325,1543731,406
MTE2,37059,1543762,1544168,406
MTE2,37061,1544199,1544605,406
MTE2,37063,1544636,1545042,406
MTE2,37065,1545073,1545479,406
MTE2,37067,1545510,1545916,406
MTE2,37069,1545947,1546353,406
MTE2,37071,1546384,1546790,406
MTE2,37073,1546821,1547227,406
MTE2,37075,1547258,1547664,406
MTE2,37077,1547695,1548101,406
MTE2,37079,1548132,1548538,406
MTE2,37081,1548569,1548975,406
MTE2,37083,1549006,1549412,406
MTE2,37085,1549443,1549849,406
MTE2,37087,1549880,1550286,406
MTE2,37089,1550317,1550723,406
MTE2,37091,1550754,1551160,406
MTE2,37093,1551191,1551597,406
MTE2,37095,1551628,1552034,406
MTE2,37097,1552065,1552471,406
MTE2,37099,1552502,1552908,406
MTE2,37101,1552939,1553345,406
MTE2,37103,1553376,1553782,406
MTE2,37105,1553813,1554219,406
MTE2,37107,1554250,1554656,406
MTE2,37109,1554687,1555093,406
MTE2,37111,1555124,1555530,406
MTE2,37113,1555561,1555967,406
MTE2,37115,1555998,1556404,406
MTE2,37117,1556435,1556841,406
MTE2,37119,1556872,1557278,406
MTE2,37121,1557309,1557715,406
MTE2,37123,1557746,1558152,406
MTE2,37125,1558183,1558589,406
MTE2,37127,1558620,1559026,406
MTE2,37129,1559057,1559463,406
MTE2,37131,1559494,1559900,406
MTE2,37133,1559931,1560337,406
MTE2,37135,1560368,1560774,406
MTE2,37137,1560805,1561211,406
MTE2,37139,1561242,1561648,406
MTE2,37141,1561679,1562085,406
MTE2,37143,1562116,1562522,406
MTE2,37145,1562553,1562959,406
MTE2,37147,1562990,1563396,406
MTE2,37149,1563427,1563833,406
MTE2,37151,1563864,1564270,406
MTE2,37153,1564301,1564707,406
MTE2,37155,1564738,1565144,406
MTE2,37157,1565175,1565581,406
MTE2,37159,1565612,1566018,406
MTE2,37161,1566049,1566455,406
MTE2,37163,1566486,1566892,406
MTE2,37165,1566923,1567329,406
MTE2,37167,1567360,1567766,406
MTE2,37169,1567797,1568203,406
MTE2,37171,1568234,1568640,406
MTE2,37173,1568671,1569077,406
MTE2,37175,1569108,1569514,406
MTE2,37177,1569545,1569951,406
MTE2,37179,1569982,1570388,406
MTE2,37181,1570419,1570825,406
MTE2,37183,1570856,1571262,406
MTE2,37243,1574503,1574909,406
MTE2,37239,1575099,1575505,406
MTE2,37235,1575695,1576101,406
MTE2,37231,1576291,1576697,406
MTE2,37227,1576887,1577293,406
MTE2,37223,1577483,1577889,406
MTE2,37219,1578079,1578485,406
MTE2,37215,1578675,1579081,406
MTE2,37211,1579271,1579677,406
MTE2,37207,1579867,1580273,406
MTE2,37203,1580463,1580869,406
MTE2,37199,1581059,1581465,406
MTE2,37195,1581655,1582061,406
MTE2,37191,1582251,1582657,406
MTE2,37187,1582657,1583063,406
MTE2,19330,1583063,1583388,325
MTE2,37185,1583388,1583794,406
MTE2,19337,1583825,1584150,325
MTE2,37189,1584150,1584556,406
MTE2,19344,1584587,1584912,325
MTE2,37193,1584912,1585318,406
MTE2,19351,1585349,1585674,325
MTE2,37197,1585674,1586080,406
MTE2,19358,1586111,1586436,325
MTE2,37201,1586436,1586842,406
MTE2,19365,1586873,1587198,325
MTE2,37205,1587198,1587604,406
MTE2,19372,1587635,1587960,325
MTE2,37209,1587960,1588366,406
MTE2,19379,1588397,1588722,325
MTE2,37213,1588722,1589128,406
MTE2,19386,1589159,1589484,325
MTE2,37217,1589484,1589890,406
MTE2,19393,1589921,1590246,325
MTE2,37221,1590246,1590652,406
MTE2,19400,1590683,1591008,325
MTE2,37225,1591008,1591414,406
MTE2,19407,1591445,1591770,325
MTE2,37229,1591770,1592176,406
MTE2,19414,1592207,1592532,325
MTE2,37233,1592532,1592938,406
MTE2,19421,1592969,1593294,325
MTE2,37237,1593294,1593700,406
MTE2,19428,1593731,1594056,325
MTE2,37241,1594056,1594462,406
MTE2,19435,1594493,1594818,325
MTE2,37245,1594818,1595224,406
MTE2,37247,1595255,1595661,406
MTE2,37249,1595692,1596098,406
MTE2,37251,1596129,1596535,406
MTE2,37253,1596566,1596972,406
MTE2,37255,1597003,1597409,406
MTE2,37257,1597440,1597846,406
MTE2,37259,1597877,1598283,406
MTE2,37261,1598314,1598720,406
MTE2,37263,1598751,1599157,406
MTE2,37265,1599188,1599594,406
MTE2,37267,1599625,1600031,406
MTE2,37269,1600062,1600468,406
MTE2,37271,1600499,1600905,406
MTE2,37273,1600936,1601342,406
MTE2,37275,1601373,1601779,406
MTE2,37277,1601810,1602216,406
MTE2,37279,1602247,1602653,406
MTE2,37281,1602684,1603090,406
MTE2,37283,1603121,1603527,406
MTE2,37285,1603558,1603964,406
MTE2,37287,1603995,1604401,406
MTE2,37289,1604432,1604838,406
MTE2,37291,1604869,1605275,406
MTE2,37293,1605306,1605712,406
MTE2,37295,1605743,1606149,406
MTE2,37297,1606180,1606586,406
MTE2,37299,1606617,1607023,406
MTE2,37301,1607054,1607460,406
MTE2,37303,1607491,1607897,406
MTE2,37305,1607928,1608334,406
MTE2,37307,1608365,1608771,406
MTE2,37309,1608802,1609208,406
MTE2,37311,1609239,1609645,406
MTE2,37313,1609676,1610082,406
MTE2,37315,1610113,1610519,406
MTE2,37317,1610550,1610956,406
MTE2,37319,1610987,1611393,406
MTE2,37321,1611424,1611830,406
MTE2,37323,1611861,1612267,406
MTE2,37325,1612298,1612704,406
MTE2,37327,1612735,1613141,406
MTE2,37329,1613172,1613578,406
MTE2,37331,1613609,1614015,406
MTE2,37333,1614046,1614452,406
MTE2,37335,1614483,1614889,406
MTE2,37337,1614920,1615326,406
MTE2,37339,1615357,1615763,406
MTE2,37341,1615794,1616200,406
MTE2,37343,1616231,1616637,406
MTE2,37345,1616668,1617074,406
MTE2,37347,1617105,1617511,406
MTE2,37349,1617542,1617948,406
MTE2,37351,1617979,1618385,406
MTE2,37353,1618416,1618822,406
MTE2,37355,1618853,1619259,406
MTE2,37357,1619290,1619696,406
MTE2,37359,1619727,1620133,406
MTE2,37361,1620164,1620570,406
MTE2,37363,1620601,1621007,406
MTE2,37365,1621038,1621444,406
MTE2,37367,1621475,1621881,406
MTE2,37369,1621912,1622318,406
MTE2,37371,1622349,1622755,406
MTE2,37373,1622786,1623192,406
MTE2,37375,1623223,1623629,406
MTE2,37377,1623660,1624066,406
MTE2,37379,1624097,1624503,406
MTE2,37381,1624534,1624940,406
MTE2,37383,1624971,1625377,406
MTE2,37385,1625408,1625814,406
MTE2,37387,1625845,1626251,406
MTE2,37389,1626282,1626688,406
MTE2,37391,1626719,1627125,406
MTE2,37393,1627156,1627562,406
MTE2,37395,1627593,1627999,406
MTE2,37397,1628030,1628436,406
MTE2,37399,1628467,1628873,406
MTE2,37401,1628904,1629310,406
MTE2,37403,1629341,1629747,406
MTE2,37405,1629778,1630184,406
MTE2,37407,1630215,1630621,406
MTE2,37409,1630652,1631058,406
MTE2,37411,1631089,1631495,406
MTE2,37413,1631526,1631932,406
MTE2,37415,1631963,1632369,406
MTE2,37417,1632400,1632806,406
MTE2,37419,1632837,1633243,406
MTE2,37421,1633274,1633680,406
MTE2,37423,1633711,1634117,406
MTE2,37425,1634148,1634554,406
MTE2,37427,1634585,1634991,406
MTE2,37429,1635022,1635428,406
MTE2,37431,1635459,1635865,406
MTE2,37433,1635896,1636302,406
MTE2,37435,1636333,1636739,406
MTE2,37437,1636770,1637176,406
MTE2,37439,1637207,1637613,406
MTE2,37441,1637644,1638050,406
MTE2,37443,1638081,1638487,406
MTE2,37445,1638518,1638924,406
MTE2,37447,1638955,1639361,406
MTE2,37449,1639392,1639798,406
MTE2,37451,1639829,1640235,406
MTE2,37453,1640266,1640672,406
MTE2,37455,1640703,1641109,406
MTE2,37457,1641140,1641546,406
MTE2,37459,1641577,1641983,406
MTE2,37461,1642014,1642420,406
MTE2,37463,1642451,1642857,406
MTE2,37465,1642888,1643294,406
MTE2,37467,1643325,1643731,406
MTE2,37469,1643762,1644168,406
MTE2,37471,1644199,1644605,406
MTE2,37473,1644636,1645042,406
MTE2,37475,1645073,1645479,406
MTE2,37477,1645510,1645916,406
MTE2,37479,1645947,1646353,406
MTE2,37481,1646384,1646790,406
MTE2,37483,1646821,1647227,406
MTE2,37485,1647258,1647664,406
MTE2,37487,1647695,1648101,406
MTE2,37489,1648132,1648538,406
MTE2,37491,1648569,1648975,406
MTE2,37493,1649006,1649412,406
MTE2,37495,1649443,1649849,406
MTE2,37497,1649880,1650286,406
MTE2,37499,1650317,1650723,406
MTE2,37501,1650754,1651160,406
MTE2,37503,1651191,1651597,406
MTE2,37505,1651628,1652034,406
MTE2,37507,1652065,1652471,406
MTE2,37509,1652502,1652908,406
MTE2,37511,1652939,1653345,406
MTE2,37513,1653376,1653782,406
MTE2,37515,1653813,1654219,406
MTE2,37517,1654250,1654656,406
MTE2,37519,1654687,1655093,406
MTE2,37521,1655124,1655530,406
MTE2,37523,1655561,1655967,406
MTE2,37525,1655998,1656404,406
MTE2,37527,1656435,1656841,406
MTE2,37529,1656872,1657278,406
MTE2,37531,1657309,1657715,406
MTE2,37533,1657746,1658152,406
MTE2,37535,1658183,1658589,406
MTE2,37537,1658620,1659026,406
MTE2,37539,1659057,1659463,406
MTE2,37541,1659494,1659900,406
MTE2,37543,1659931,1660337,406
MTE2,37545,1660368,1660774,406
MTE2,37547,1660805,1661211,406
MTE2,37549,1661242,1661648,406
MTE2,37551,1661679,1662085,406
MTE2,37553,1662116,1662522,406
MTE2,37555,1662553,1662959,406
MTE2,37557,1662990,1663396,406
MTE2,37559,1663427,1663833,406
MTE2,37561,1663864,1664270,406
MTE2,37563,1664301,1664707,406
MTE2,37565,1664738,1665144,406
MTE2,37567,1665175,1665581,406
MTE2,37569,1665612,1666018,406
MTE2,37571,1666049,1666455,406
MTE2,37573,1666486,1666892,406
MTE2,37575,1666923,1667329,406
MTE2,37577,1667360,1667766,406
MTE2,37579,1667797,1668203,406
MTE2,37581,1668234,1668640,406
MTE2,37583,1668671,1669077,406
MTE2,37585,1669108,1669514,406
MTE2,37587,1669545,1669951,406
MTE2,37589,1669982,1670388,406
MTE2,37591,1670419,1670825,406
MTE2,37593,1670856,1671262,406
MTE2,37595,1671293,1671699,406
MTE2,37597,1671730,1672136,406
MTE2,37599,1672167,1672573,406
MTE2,37601,1672604,1673010,406
MTE2,37603,1673041,1673447,406
MTE2,37605,1673478,1673884,406
MTE2,37607,1673915,1674321,406
MTE2,37609,1674352,1674758,406
MTE2,37611,1674789,1675195,406
MTE2,37613,1675226,1675632,406
MTE2,37615,1675663,1676069,406
MTE2,37617,1676100,1676506,406
MTE2,37619,1676537,1676943,406
MTE2,37621,1676974,1677380,406
MTE2,37623,1677411,1677817,406
MTE2,37625,1677848,1678254,406
MTE2,37627,1678285,1678691,406
MTE2,37629,1678722,1679128,406
MTE2,37631,1679159,1679565,406
MTE2,37633,1679596,1680002,406
MTE2,37635,1680033,1680439,406
MTE2,37637,1680470,1680876,406
MTE2,37639,1680907,1681313,406
MTE2,37641,1681344,1681750,406
MTE2,37643,1681781,1682187,406
MTE2,37645,1682218,1682624,406
MTE2,37647,1682655,1683061,406
MTE2,37649,1683092,1683498,406
MTE2,37651,1683529,1683935,406
MTE2,37653,1683966,1684372,406
MTE2,37655,1684403,1684809,406
MTE2,37657,1684840,1685246,406
MTE2,37659,1685277,1685683,406
MTE2,37661,1685714,1686120,406
MTE2,37663,1686151,1686557,406
MTE2,37725,1689798,1690204,406
MTE2,37721,1690394,1690800,406
MTE2,37717,1690990,1691396,406
MTE2,37713,1691586,1691992,406
MTE2,37709,1692182,1692588,406
MTE2,37705,1692778,1693184,406
MTE2,37701,1693374,1693780,406
MTE2,37697,1693970,1694376,406
MTE2,37693,1694566,1694972,406
MTE2,37689,1695162,1695568,406
MTE2,37685,1695758,1696164,406
MTE2,37681,1696354,1696760,406
MTE2,37677,1696950,1697356,406
MTE2,37673,1697546,1697952,406
MTE2,37669,1697952,1698358,406
MTE2,37665,1698358,1698764,406
MTE2,20674,1698795,1699120,325
MTE2,37667,1699120,1699526,406
MTE2,20681,1699557,1699882,325
MTE2,37671,1699882,1700288,406
MTE2,20688,1700319,1700644,325
MTE2,37675,1700644,1701050,406
MTE2,20695,1701081,1701406,325
MTE2,37679,1701406,1701812,406
MTE2,20702,1701843,1702168,325
MTE2,37683,1702168,1702574,406
MTE2,20709,1702605,1702930,325
MTE2,37687,1702930,1703336,406
MTE2,20716,1703367,1703692,325
MTE2,37691,1703692,1704098,406
MTE2,20723,1704129,1704454,325
MTE2,37695,1704454,1704860,406
MTE2,20730,1704891,1705216,325
MTE2,37699,1705216,1705622,406
MTE2,20737,1705653,1705978,325
MTE2,37703,1705978,1706384,406
MTE2,20744,1706415,1706740,325
MTE2,37707,1706740,1707146,406
MTE2,20751,1707177,1707502,325
MTE2,37711,1707502,1707908,406
MTE2,20758,1707939,1708264,325
MTE2,37715,1708264,1708670,406
MTE2,20765,1708701,1709026,325
MTE2,37719,1709026,1709432,406
MTE2,20772,1709463,1709788,325
MTE2,37723,1709788,1710194,406
MTE2,20779,1710225,1710550,325
MTE2,37727,1710550,1710956,406
MTE2,37729,1710987,1711393,406
MTE2,37731,1711424,1711830,406
MTE2,37733,1711861,1712267,406
MTE2,37735,1712298,1712704,406
MTE2,37737,1712735,1713141,406
MTE2,37739,1713172,1713578,406
MTE2,37741,1713609,1714015,406
MTE2,37743,1714046,1714452,406
MTE2,37745,1714483,1714889,406
MTE2,37747,1714920,1715326,406
MTE2,37749,1715357,1715763,406
MTE2,37751,1715794,1716200,406
MTE2,37753,1716231,1716637,406
MTE2,37755,1716668,1717074,406
MTE2,37757,1717105,1717511,406
MTE2,37759,1717542,1717948,406
MTE2,37761,1717979,1718385,406
MTE2,37763,1718416,1718822,406
MTE2,37765,1718853,1719259,406
MTE2,37767,1719290,1719696,406
MTE2,37769,1719727,1720133,406
MTE2,37771,1720164,1720570,406
MTE2,37773,1720601,1721007,406
MTE2,37775,1721038,1721444,406
MTE2,37777,1721475,1721881,406
MTE2,37779,1721912,1722318,406
MTE2,37781,1722349,1722755,406
MTE2,37783,1722786,1723192,406
MTE2,37785,1723223,1723629,406
MTE2,37787,1723660,1724066,406
MTE2,37789,1724097,1724503,406
MTE2,37791,1724534,1724940,406
MTE2,37793,1724971,1725377,406
MTE2,37795,1725408,1725814,406
MTE2,37797,1725845,1726251,406
MTE2,37799,1726282,1726688,406
MTE2,37801,1726719,1727125,406
MTE2,37803,1727156,1727562,406
MTE2,37805,1727593,1727999,406
MTE2,37807,1728030,1728436,406
MTE2,37809,1728467,1728873,406
MTE2,37811,1728904,1729310,406
MTE2,37813,1729341,1729747,406
MTE2,37815,1729778,1730184,406
MTE2,37817,1730215,1730621,406
MTE2,37819,1730652,1731058,406
MTE2,37821,1731089,1731495,406
MTE2,37823,1731526,1731932,406
MTE2,37825,1731963,1732369,406
MTE2,37827,1732400,1732806,406
MTE2,37829,1732837,1733243,406
MTE2,37831,1733274,1733680,406
MTE2,37833,1733711,1734117,406
MTE2,37835,1734148,1734554,406
MTE2,37837,1734585,1734991,406
MTE2,37839,1735022,1735428,406
MTE2,37841,1735459,1735865,406
MTE2,37843,1735896,1736302,406
MTE2,37845,1736333,1736739,406
MTE2,37847,1736770,1737176,406
MTE2,37849,1737207,1737613,406
MTE2,37851,1737644,1738050,406
MTE2,37853,1738081,1738487,406
MTE2,37855,1738518,1738924,406
MTE2,37857,1738955,1739361,406
MTE2,37859,1739392,1739798,406
MTE2,37861,1739829,1740235,406
MTE2,37863,1740266,1740672,406
MTE2,37865,1740703,1741109,406
MTE2,37867,1741140,1741546,406
MTE2,37869,1741577,1741983,406
MTE2,37871,1742014,1742420,406
MTE2,37873,1742451,1742857,406
MTE2,37875,1742888,1743294,406
MTE2,37877,1743325,1743731,406
MTE2,37879,1743762,1744168,406
MTE2,37881,1744199,1744605,406
MTE2,37883,1744636,1745042,406
MTE2,37885,1745073,1745479,406
MTE2,37887,1745510,1745916,406
MTE2,37889,1745947,1746353,406
MTE2,37891,1746384,1746790,406
MTE2,37893,1746821,1747227,406
MTE2,37895,1747258,1747664,406
MTE2,37897,1747695,1748101,406
MTE2,37899,1748132,1748538,406
MTE2,37901,1748569,1748975,406
MTE2,37903,1749006,1749412,406
MTE2,37905,1749443,1749849,406
MTE2,37907,1749880,1750286,406
MTE2,37909,1750317,1750723,406
MTE2,37911,1750754,1751160,406
MTE2,37913,1751191,1751597,406
MTE2,37915,1751628,1752034,406
MTE2,37917,1752065,1752471,406
MTE2,37919,1752502,1752908,406
MTE2,37921,1752939,1753345,406
MTE2,37923,1753376,1753782,406
MTE2,37925,1753813,1754219,406
MTE2,37927,1754250,1754656,406
MTE2,37929,1754687,1755093,406
MTE2,37931,1755124,1755530,406
MTE2,37933,1755561,1755967,406
MTE2,37935,1755998,1756404,406
MTE2,37937,1756435,1756841,406
MTE2,37939,1756872,1757278,406
MTE2,37941,1757309,1757715,406
MTE2,37943,1757746,1758152,406
MTE2,37945,1758183,1758589,406
MTE2,37947,1758620,1759026,406
MTE2,37949,1759057,1759463,406
MTE2,37951,1759494,1759900,406
MTE2,37953,1759931,1760337,406
MTE2,37955,1760368,1760774,406
MTE2,37957,1760805,1761211,406
MTE2,37959,1761242,1761648,406
MTE2,37961,1761679,1762085,406
MTE2,37963,1762116,1762522,406
MTE2,37965,1762553,1762959,406
MTE2,37967,1762990,1763396,406
MTE2,37969,1763427,1763833,406
MTE2,37971,1763864,1764270,406
MTE2,37973,1764301,1764707,406
MTE2,37975,1764738,1765144,406
MTE2,37977,1765175,1765581,406
MTE2,37979,1765612,1766018,406
MTE2,37981,1766049,1766455,406
MTE2,37983,1766486,1766892,406
MTE2,37985,1766923,1767329,406
MTE2,37987,1767360,1767766,406
MTE2,37989,1767797,1768203,406
MTE2,37991,1768234,1768640,406
MTE2,37993,1768671,1769077,406
MTE2,37995,1769108,1769514,406
MTE2,37997,1769545,1769951,406
MTE2,37999,1769982,1770388,406
MTE2,38001,1770419,1770825,406
MTE2,38003,1770856,1771262,406
MTE2,38005,1771293,1771699,406
MTE2,38007,1771730,1772136,406
MTE2,38009,1772167,1772573,406
MTE2,38011,1772604,1773010,406
MTE2,38013,1773041,1773447,406
MTE2,38015,1773478,1773884,406
MTE2,38017,1773915,1774321,406
MTE2,38019,1774352,1774758,406
MTE2,38021,1774789,1775195,406
MTE2,38023,1775226,1775632,406
MTE2,38025,1775663,1776069,406
MTE2,38027,1776100,1776506,406
MTE2,38029,1776537,1776943,406
MTE2,38031,1776974,1777380,406
MTE2,38033,1777411,1777817,406
MTE2,38035,1777848,1778254,406
MTE2,38037,1778285,1778691,406
MTE2,38039,1778722,1779128,406
MTE2,38041,1779159,1779565,406
MTE2,38043,1779596,1780002,406
MTE2,38045,1780033,1780439,406
MTE2,38047,1780470,1780876,406
MTE2,38049,1780907,1781313,406
MTE2,38051,1781344,1781750,406
MTE2,38053,1781781,1782187,406
MTE2,38055,1782218,1782624,406
MTE2,38057,1782655,1783061,406
MTE2,38059,1783092,1783498,406
MTE2,38061,1783529,1783935,406
MTE2,38063,1783966,1784372,406
MTE2,38065,1784403,1784809,406
MTE2,38067,1784840,1785246,406
MTE2,38069,1785277,1785683,406
MTE2,38071,1785714,1786120,406
MTE2,38073,1786151,1786557,406
MTE2,38075,1786588,1786994,406
MTE2,38077,1787025,1787431,406
MTE2,38079,1787462,1787868,406
MTE2,38081,1787899,1788305,406
MTE2,38083,1788336,1788742,406
MTE2,38085,1788773,1789179,406
MTE2,38087,1789210,1789616,406
MTE2,38089,1789647,1790053,406
MTE2,38091,1790084,1790490,406
MTE2,38093,1790521,1790927,406
MTE2,38095,1790958,1791364,406
MTE2,38097,1791395,1791801,406
MTE2,38099,1791832,1792238,406
MTE2,38101,1792269,1792675,406
MTE2,38103,1792706,1793112,406
MTE2,38105,1793143,1793549,406
MTE2,38107,1793580,1793986,406
MTE2,38109,1794017,1794423,406
MTE2,38111,1794454,1794860,406
MTE2,38113,1794891,1795297,406
MTE2,38115,1795328,1795734,406
MTE2,38117,1795765,1796171,406
MTE2,38119,1796202,1796608,406
MTE2,38121,1796639,1797045,406
MTE2,38123,1797076,1797482,406
MTE2,38125,1797513,1797919,406
MTE2,38127,1797950,1798356,406
MTE2,38129,1798387,1798793,406
MTE2,38131,1798824,1799230,406
MTE2,38133,1799261,1799667,406
MTE2,38135,1799698,1800104,406
MTE2,38137,1800135,1800541,406
MTE2,38139,1800572,1800978,406
MTE2,38141,1801009,1801415,406
MTE2,38143,1801446,1801852,406
MTE2,38175,1801883,1802289,406
MTE2,38173,1804923,1805329,406
MTE2,38171,1805360,1805766,406
MTE2,38169,1805797,1806203,406
MTE2,38167,1806234,1806640,406
MTE2,38165,1806671,1807077,406
MTE2,38163,1807108,1807514,406
MTE2,38161,1807514,1807920,406
MTE2,38159,1807920,1808326,406
MTE2,38157,1808357,1808763,406
MTE2,38155,1808794,1809200,406
MTE2,38153,1809231,1809637,406
MTE2,38151,1809668,1810074,406
MTE2,38149,1810105,1810511,406
MTE2,38147,1810511,1810917,406
MTE2,38145,1810917,1811323,406
MTE3,30976,10431,10431,0
MTE3,30978,10431,10431,0
MTE3,30980,11112,11112,0
MTE3,30982,11468,11468,0
MTE3,30984,11824,11824,0
MTE3,30986,12180,12180,0
MTE3,30988,12536,12536,0
MTE3,30990,12892,12892,0
MTE3,30992,13248,13248,0
MTE3,30994,13604,13604,0
MTE3,30996,13960,13960,0
MTE3,30998,14316,14316,0
MTE3,31000,14672,14672,0
MTE3,31002,15028,15028,0
MTE3,31004,15384,15384,0
MTE3,31006,15740,15740,0
MTE3,31008,16096,16096,0
MTE3,31010,16452,16452,0
MTE3,31012,16808,16808,0
MTE3,31014,17164,17164,0
MTE3,31016,17520,17520,0
MTE3,31018,17876,17876,0
MTE3,31020,18232,18232,0
MTE3,31022,18588,18588,0
MTE3,31024,18944,18944,0
MTE3,31026,19300,19300,0
MTE3,31028,19656,19656,0
MTE3,31030,20012,20012,0
MTE3,31032,20368,20368,0
MTE3,31034,20724,20724,0
MTE3,31036,21080,21080,0
MTE3,31038,21436,21436,0
MTE3,31040,21792,21792,0
MTE3,31042,22148,22148,0
MTE3,31044,22504,22504,0
MTE3,31046,22860,22860,0
MTE3,31048,23216,23216,0
MTE3,31050,23572,23572,0
MTE3,31052,23928,23928,0
MTE3,31054,24284,24284,0
MTE3,31056,24640,24640,0
MTE3,31058,24996,24996,0
MTE3,31060,25352,25352,0
MTE3,31062,25708,25708,0
MTE3,31064,26064,26064,0
MTE3,31066,26420,26420,0
MTE3,31068,26776,26776,0
MTE3,31070,27132,27132,0
MTE3,31072,27488,27488,0
MTE3,31074,27844,27844,0
MTE3,31076,28200,28200,0
MTE3,31078,28556,28556,0
MTE3,31080,28912,28912,0
MTE3,31082,29268,29268,0
MTE3,31084,29624,29624,0
MTE3,31086,29980,29980,0
MTE3,31088,30336,30336,0
MTE3,31090,30692,30692,0
MTE3,31092,31048,31048,0
MTE3,31094,31404,31404,0
MTE3,31096,31760,31760,0
MTE3,31098,32116,32116,0
MTE3,31100,32472,32472,0
MTE3,31102,32828,32828,0
MTE3,31104,33184,33184,0
MTE3,31106,33540,33540,0
MTE3,31108,33896,33896,0
MTE3,31110,34252,34252,0
MTE3,31112,34608,34608,0
MTE3,31114,34964,34964,0
MTE3,31116,35320,35320,0
MTE3,31118,35676,35676,0
MTE3,31120,36032,36032,0
MTE3,31122,36388,36388,0
MTE3,31124,36744,36744,0
MTE3,31126,37100,37100,0
MTE3,31128,37456,37456,0
MTE3,31130,37812,37812,0
MTE3,31132,38168,38168,0
MTE3,31134,38524,38524,0
MTE3,31136,38880,38880,0
MTE3,31138,39236,39236,0
MTE3,31140,39592,39592,0
MTE3,31142,39948,39948,0
MTE3,31144,40304,40304,0
MTE3,31146,40660,40660,0
MTE3,31148,41016,41016,0
MTE3,31150,41372,41372,0
MTE3,31152,41728,41728,0
MTE3,31154,42084,42084,0
MTE3,31156,42440,42440,0
MTE3,31158,42796,42796,0
MTE3,31160,43152,43152,0
MTE3,31162,43508,43508,0
MTE3,31164,43864,43864,0
MTE3,31166,44220,44220,0
MTE3,31168,44576,44576,0
MTE3,31170,44932,44932,0
MTE3,31172,45288,45288,0
MTE3,31174,45644,45644,0
MTE3,31176,46000,46000,0
MTE3,31178,46356,46356,0
MTE3,31180,46712,46712,0
MTE3,31182,47068,47068,0
MTE3,31184,47424,47424,0
MTE3,31186,47780,47780,0
MTE3,31188,48136,48136,0
MTE3,31190,48492,48492,0
MTE3,31192,48848,48848,0
MTE3,31194,49204,49204,0
MTE3,31196,49560,49560,0
MTE3,31198,49916,49916,0
MTE3,31200,50272,50272,0
MTE3,31202,50628,50628,0
MTE3,31204,50984,50984,0
MTE3,31206,51340,51340,0
MTE3,31208,51696,51696,0
MTE3,31210,52052,52052,0
MTE3,31212,52408,52408,0
MTE3,31214,52764,52764,0
MTE3,31216,53120,53120,0
MTE3,31218,53476,53476,0
MTE3,31220,53832,53832,0
MTE3,31222,54188,54188,0
MTE3,31224,54544,54544,0
MTE3,31226,54900,54900,0
MTE3,31228,55256,55256,0
MTE3,31230,55612,55612,0
MTE3,31232,55968,55968,0
MTE3,31234,56324,56324,0
MTE3,31236,56680,56680,0
MTE3,31238,57036,57036,0
MTE3,31240,57392,57392,0
MTE3,31242,57748,57748,0
MTE3,31244,58104,58104,0
MTE3,31246,58460,58460,0
MTE3,31248,58816,58816,0
MTE3,31250,59172,59172,0
MTE3,31252,59528,59528,0
MTE3,31254,59884,59884,0
MTE3,31256,60240,60240,0
MTE3,31258,60596,60596,0
MTE3,31260,60952,60952,0
MTE3,31262,61308,61308,0
MTE3,31264,61664,61664,0
MTE3,31266,62020,62020,0
MTE3,31268,62376,62376,0
MTE3,31270,62732,62732,0
MTE3,31272,63088,63088,0
MTE3,31274,63444,63444,0
MTE3,31276,63800,63800,0
MTE3,31278,64156,64156,0
MTE3,31280,64512,64512,0
MTE3,31282,64868,64868,0
MTE3,31284,65224,65224,0
MTE3,31286,65580,65580,0
MTE3,31288,65936,65936,0
MTE3,31290,66292,66292,0
MTE3,31292,66648,66648,0
MTE3,31294,67004,67004,0
MTE3,31296,67360,67360,0
MTE3,31298,67716,67716,0
MTE3,31300,68072,68072,0
MTE3,31302,68428,68428,0
MTE3,31304,68784,68784,0
MTE3,31306,69140,69140,0
MTE3,31308,69496,69496,0
MTE3,31310,69852,69852,0
MTE3,31312,70208,70208,0
MTE3,31314,70564,70564,0
MTE3,31316,70920,70920,0
MTE3,31318,71276,71276,0
MTE3,31320,71632,71632,0
MTE3,31322,71988,71988,0
MTE3,31324,72344,72344,0
MTE3,31326,72700,72700,0
MTE3,31328,73056,73056,0
MTE3,31330,73412,73412,0
MTE3,31332,73768,73768,0
MTE3,31334,74124,74124,0
MTE3,31336,74480,74480,0
MTE3,31338,74836,74836,0
MTE3,31340,75192,75192,0
MTE3,31342,75548,75548,0
MTE3,31344,75904,75904,0
MTE3,31346,76260,76260,0
MTE3,31348,76616,76616,0
MTE3,31350,76972,76972,0
MTE3,31352,77328,77328,0
MTE3,31354,77684,77684,0
MTE3,31356,78040,78040,0
MTE3,31358,78396,78396,0
MTE3,31360,78752,78752,0
MTE3,31362,79108,79108,0
MTE3,31364,79464,79464,0
MTE3,31366,79820,79820,0
MTE3,31368,80176,80176,0
MTE3,31370,80532,80532,0
MTE3,31372,80888,80888,0
MTE3,31374,81244,81244,0
MTE3,31376,81600,81600,0
MTE3,31378,81956,81956,0
MTE3,31380,82312,82312,0
MTE3,31382,82668,82668,0
MTE3,31384,83024,83024,0
MTE3,31386,83380,83380,0
MTE3,31388,83736,83736,0
MTE3,31390,84092,84092,0
MTE3,31392,84448,84448,0
MTE3,31394,84804,84804,0
MTE3,31396,85160,85160,0
MTE3,31398,85516,85516,0
MTE3,31400,85872,85872,0
MTE3,31402,86228,86228,0
MTE3,31404,86584,86584,0
MTE3,31406,86940,86940,0
MTE3,31408,87296,87296,0
MTE3,31410,87652,87652,0
MTE3,31412,88008,88008,0
MTE3,31414,88364,88364,0
MTE3,31416,88720,88720,0
MTE3,31418,89076,89076,0
MTE3,31420,89432,89432,0
MTE3,31422,89788,89788,0
MTE3,31424,98543,98543,0
MTE3,31426,99058,99058,0
MTE3,31428,99573,99573,0
MTE3,31430,100088,100088,0
MTE3,31432,100603,100603,0
MTE3,31434,101118,101118,0
MTE3,31436,101633,101633,0
MTE3,31438,102148,102148,0
MTE3,31440,102663,102663,0
MTE3,31442,103178,103178,0
MTE3,31444,103693,103693,0
MTE3,31446,104208,104208,0
MTE3,31448,104723,104723,0
MTE3,31450,105238,105238,0
MTE3,31452,105238,105238,0
MTE3,31454,106000,106000,0
MTE3,31456,106000,106000,0
MTE3,31458,106762,106762,0
MTE3,31460,107308,107308,0
MTE3,31462,107745,107745,0
MTE3,31464,108182,108182,0
MTE3,31466,108619,108619,0
MTE3,31468,109056,109056,0
MTE3,31470,109493,109493,0
MTE3,31472,109930,109930,0
MTE3,31474,110367,110367,0
MTE3,31476,110804,110804,0
MTE3,31478,111241,111241,0
MTE3,31480,111678,111678,0
MTE3,31482,112115,112115,0
MTE3,31484,112552,112552,0
MTE3,31486,112989,112989,0
MTE3,31488,113426,113426,0
MTE3,31490,113863,113863,0
MTE3,31492,114300,114300,0
MTE3,31494,114737,114737,0
MTE3,31496,115174,115174,0
MTE3,31498,115611,115611,0
MTE3,31500,116048,116048,0
MTE3,31502,116485,116485,0
MTE3,31504,116922,116922,0
MTE3,31506,117359,117359,0
MTE3,31508,117796,117796,0
MTE3,31510,118233,118233,0
MTE3,31512,118670,118670,0
MTE3,31514,119107,119107,0
MTE3,31516,119544,119544,0
MTE3,31518,119981,119981,0
MTE3,31520,120418,120418,0
MTE3,31522,120855,120855,0
MTE3,31524,121292,121292,0
MTE3,31526,121729,121729,0
MTE3,31528,122166,122166,0
MTE3,31530,122603,122603,0
MTE3,31532,123040,123040,0
MTE3,31534,123477,123477,0
MTE3,31536,123914,123914,0
MTE3,31538,124351,124351,0
MTE3,31540,124788,124788,0
MTE3,31542,125225,125225,0
MTE3,31544,125662,125662,0
MTE3,31546,126099,126099,0
MTE3,31548,126536,126536,0
MTE3,31550,126973,126973,0
MTE3,31552,127410,127410,0
MTE3,31554,127847,127847,0
MTE3,31556,128284,128284,0
MTE3,31558,128721,128721,0
MTE3,31560,129158,129158,0
MTE3,31562,129595,129595,0
MTE3,31564,130032,130032,0
MTE3,31566,130469,130469,0
MTE3,31568,130906,130906,0
MTE3,31570,131343,131343,0
MTE3,31572,131780,131780,0
MTE3,31574,132217,132217,0
MTE3,31576,132654,132654,0
MTE3,31578,133091,133091,0
MTE3,31580,133528,133528,0
MTE3,31582,133965,133965,0
MTE3,31584,134402,134402,0
MTE3,31586,134839,134839,0
MTE3,31588,135276,135276,0
MTE3,31590,135713,135713,0
MTE3,31592,136150,136150,0
MTE3,31594,136587,136587,0
MTE3,31596,137024,137024,0
MTE3,31598,137461,137461,0
MTE3,31600,137898,137898,0
MTE3,31602,138335,138335,0
MTE3,31604,138772,138772,0
MTE3,31606,139209,139209,0
MTE3,31608,139646,139646,0
MTE3,31610,140083,140083,0
MTE3,31612,140520,140520,0
MTE3,31614,140957,140957,0
MTE3,31616,141394,141394,0
MTE3,31618,141831,141831,0
MTE3,31620,142268,142268,0
MTE3,31622,142705,142705,0
MTE3,31624,143142,143142,0
MTE3,31626,143579,143579,0
MTE3,31628,144016,144016,0
MTE3,31630,144453,144453,0
MTE3,31632,144890,144890,0
MTE3,31634,145327,145327,0
MTE3,31636,145764,145764,0
MTE3,31638,146201,146201,0
MTE3,31640,146638,146638,0
MTE3,31642,147075,147075,0
MTE3,31644,147512,147512,0
MTE3,31646,147949,147949,0
MTE3,31648,148386,148386,0
MTE3,31650,148823,148823,0
MTE3,31652,149260,149260,0
MTE3,31654,149697,149697,0
MTE3,31656,150134,150134,0
MTE3,31658,150571,150571,0
MTE3,31660,151008,151008,0
MTE3,31662,151445,151445,0
MTE3,31664,151882,151882,0
MTE3,31666,152319,152319,0
MTE3,31668,152756,152756,0
MTE3,31670,153193,153193,0
MTE3,31672,153630,153630,0
MTE3,31674,154067,154067,0
MTE3,31676,154504,154504,0
MTE3,31678,154941,154941,0
MTE3,31680,155378,155378,0
MTE3,31682,155815,155815,0
MTE3,31684,156252,156252,0
MTE3,31686,156689,156689,0
MTE3,31688,157126,157126,0
MTE3,31690,157563,157563,0
MTE3,31692,158000,158000,0
MTE3,31694,158437,158437,0
MTE3,31696,158874,158874,0
MTE3,31698,159311,159311,0
MTE3,31700,159748,159748,0
MTE3,31702,160185,160185,0
MTE3,31704,160622,160622,0
MTE3,31706,161059,161059,0
MTE3,31708,161496,161496,0
MTE3,31710,161933,161933,0
MTE3,31712,162370,162370,0
MTE3,31714,162807,162807,0
MTE3,31716,163244,163244,0
MTE3,31718,163681,163681,0
MTE3,31720,164118,164118,0
MTE3,31722,164555,164555,0
MTE3,31724,164992,164992,0
MTE3,31726,165429,165429,0
MTE3,31728,165866,165866,0
MTE3,31730,166303,166303,0
MTE3,31732,166740,166740,0
MTE3,31734,167177,167177,0
MTE3,31736,167614,167614,0
MTE3,31738,168051,168051,0
MTE3,31740,168488,168488,0
MTE3,31742,168925,168925,0
MTE3,31744,169362,169362,0
MTE3,31746,169799,169799,0
MTE3,31748,170236,170236,0
MTE3,31750,170673,170673,0
MTE3,31752,171110,171110,0
MTE3,31754,171547,171547,0
MTE3,31756,171984,171984,0
MTE3,31758,172421,172421,0
MTE3,31760,172858,172858,0
MTE3,31762,173295,173295,0
MTE3,31764,173732,173732,0
MTE3,31766,174169,174169,0
MTE3,31768,174606,174606,0
MTE3,31770,175043,175043,0
MTE3,31772,175480,175480,0
MTE3,31774,175917,175917,0
MTE3,31776,176354,176354,0
MTE3,31778,176791,176791,0
MTE3,31780,177228,177228,0
MTE3,31782,177665,177665,0
MTE3,31784,178102,178102,0
MTE3,31786,178539,178539,0
MTE3,31788,178976,178976,0
MTE3,31790,179413,179413,0
MTE3,31792,179850,179850,0
MTE3,31794,180287,180287,0
MTE3,31796,180724,180724,0
MTE3,31798,181161,181161,0
MTE3,31800,181598,181598,0
MTE3,31802,182035,182035,0
MTE3,31804,182472,182472,0
MTE3,31806,182909,182909,0
MTE3,31808,183346,183346,0
MTE3,31810,183783,183783,0
MTE3,31812,184220,184220,0
MTE3,31814,184657,184657,0
MTE3,31816,185094,185094,0
MTE3,31818,185531,185531,0
MTE3,31820,185968,185968,0
MTE3,31822,186405,186405,0
MTE3,31824,186842,186842,0
MTE3,31826,187279,187279,0
MTE3,31828,187716,187716,0
MTE3,31830,188153,188153,0
MTE3,31832,188590,188590,0
MTE3,31834,189027,189027,0
MTE3,31836,189464,189464,0
MTE3,31838,189901,189901,0
MTE3,31840,190338,190338,0
MTE3,31842,190775,190775,0
MTE3,31844,191212,191212,0
MTE3,31846,191649,191649,0
MTE3,31848,192086,192086,0
MTE3,31850,192523,192523,0
MTE3,31852,192960,192960,0
MTE3,31854,193397,193397,0
MTE3,31856,193834,193834,0
MTE3,31858,194271,194271,0
MTE3,31860,194708,194708,0
MTE3,31862,195145,195145,0
MTE3,31864,195582,195582,0
MTE3,31866,196019,196019,0
MTE3,31868,196456,196456,0
MTE3,31870,196893,196893,0
MTE3,31872,197330,197330,0
MTE3,31874,197767,197767,0
MTE3,31876,198204,198204,0
MTE3,31878,198641,198641,0
MTE3,31880,199078,199078,0
MTE3,31882,199515,199515,0
MTE3,31884,199952,199952,0
MTE3,31886,200389,200389,0
MTE3,31888,200826,200826,0
MTE3,31890,201263,201263,0
MTE3,31892,201700,201700,0
MTE3,31894,202137,202137,0
MTE3,31896,202574,202574,0
MTE3,31898,203011,203011,0
MTE3,31900,203448,203448,0
MTE3,31902,203885,203885,0
MTE3,31904,210306,210306,0
MTE3,31906,211037,211037,0
MTE3,31908,211037,211037,0
MTE3,31910,211799,211799,0
MTE3,31912,211799,211799,0
MTE3,31914,212561,212561,0
MTE3,31916,212561,212561,0
MTE3,31918,213323,213323,0
MTE3,31920,213323,213323,0
MTE3,31922,214085,214085,0
MTE3,31924,214085,214085,0
MTE3,31926,214847,214847,0
MTE3,31928,214847,214847,0
MTE3,31930,215609,215609,0
MTE3,31932,215609,215609,0
MTE3,31934,216371,216371,0
MTE3,31936,216371,216371,0
MTE3,31938,217133,217133,0
MTE3,31940,217133,217133,0
MTE3,31942,217895,217895,0
MTE3,31944,218332,218332,0
MTE3,31946,218769,218769,0
MTE3,31948,219206,219206,0
MTE3,31950,219643,219643,0
MTE3,31952,220080,220080,0
MTE3,31954,220517,220517,0
MTE3,31956,220954,220954,0
MTE3,31958,221391,221391,0
MTE3,31960,221828,221828,0
MTE3,31962,222265,222265,0
MTE3,31964,222702,222702,0
MTE3,31966,223139,223139,0
MTE3,31968,223576,223576,0
MTE3,31970,224013,224013,0
MTE3,31972,224450,224450,0
MTE3,31974,224887,224887,0
MTE3,31976,225324,225324,0
MTE3,31978,225761,225761,0
MTE3,31980,226198,226198,0
MTE3,31982,226635,226635,0
MTE3,31984,227072,227072,0
MTE3,31986,227509,227509,0
MTE3,31988,227946,227946,0
MTE3,31990,228383,228383,0
MTE3,31992,228820,228820,0
MTE3,31994,229257,229257,0
MTE3,31996,229694,229694,0
MTE3,31998,230131,230131,0
MTE3,32000,230568,230568,0
MTE3,32002,231005,231005,0
MTE3,32004,231442,231442,0
MTE3,32006,231879,231879,0
MTE3,32008,232316,232316,0
MTE3,32010,232753,232753,0
MTE3,32012,233190,233190,0
MTE3,32014,233627,233627,0
MTE3,32016,234064,234064,0
MTE3,32018,234501,234501,0
MTE3,32020,234938,234938,0
MTE3,32022,235375,235375,0
MTE3,32024,235812,235812,0
MTE3,32026,236249,236249,0
MTE3,32028,236686,236686,0
MTE3,32030,237123,237123,0
MTE3,32032,237560,237560,0
MTE3,32034,237997,237997,0
MTE3,32036,238434,238434,0
MTE3,32038,238871,238871,0
MTE3,32040,239308,239308,0
MTE3,32042,239745,239745,0
MTE3,32044,240182,240182,0
MTE3,32046,240619,240619,0
MTE3,32048,241056,241056,0
MTE3,32050,241493,241493,0
MTE3,32052,241930,241930,0
MTE3,32054,242367,242367,0
MTE3,32056,242804,242804,0
MTE3,32058,243241,243241,0
MTE3,32060,243678,243678,0
MTE3,32062,244115,244115,0
MTE3,32064,244552,244552,0
MTE3,32066,244989,244989,0
MTE3,32068,245426,245426,0
MTE3,32070,245863,245863,0
MTE3,32072,246300,246300,0
MTE3,32074,246737,246737,0
MTE3,32076,247174,247174,0
MTE3,32078,247611,247611,0
MTE3,32080,248048,248048,0
MTE3,32082,248485,248485,0
MTE3,32084,248922,248922,0
MTE3,32086,249359,249359,0
MTE3,32088,249796,249796,0
MTE3,32090,250233,250233,0
MTE3,32092,250670,250670,0
MTE3,32094,251107,251107,0
MTE3,32096,251544,251544,0
MTE3,32098,251981,251981,0
MTE3,32100,252418,252418,0
MTE3,32102,252855,252855,0
MTE3,32104,253292,253292,0
MTE3,32106,253729,253729,0
MTE3,32108,254166,254166,0
MTE3,32110,254603,254603,0
MTE3,32112,255040,255040,0
MTE3,32114,255477,255477,0
MTE3,32116,255914,255914,0
MTE3,32118,256351,256351,0
MTE3,32120,256788,256788,0
MTE3,32122,257225,257225,0
MTE3,32124,257662,257662,0
MTE3,32126,258099,258099,0
MTE3,32128,258536,258536,0
MTE3,32130,258973,258973,0
MTE3,32132,259410,259410,0
MTE3,32134,259847,259847,0
MTE3,32136,260284,260284,0
MTE3,32138,260721,260721,0
MTE3,32140,261158,261158,0
MTE3,32142,261595,261595,0
MTE3,32144,262032,262032,0
MTE3,32146,262469,262469,0
MTE3,32148,262906,262906,0
MTE3,32150,263343,263343,0
MTE3,32152,263780,263780,0
MTE3,32154,264217,264217,0
MTE3,32156,264654,264654,0
MTE3,32158,265091,265091,0
MTE3,32160,265528,265528,0
MTE3,32162,265965,265965,0
MTE3,32164,266402,266402,0
MTE3,32166,266839,266839,0
MTE3,32168,267276,267276,0
MTE3,32170,267713,267713,0
MTE3,32172,268150,268150,0
MTE3,32174,268587,268587,0
MTE3,32176,269024,269024,0
MTE3,32178,269461,269461,0
MTE3,32180,269898,269898,0
MTE3,32182,270335,270335,0
MTE3,32184,270772,270772,0
MTE3,32186,271209,271209,0
MTE3,32188,271646,271646,0
MTE3,32190,272083,272083,0
MTE3,32192,272520,272520,0
MTE3,32194,272957,272957,0
MTE3,32196,273394,273394,0
MTE3,32198,273831,273831,0
MTE3,32200,274268,274268,0
MTE3,32202,274705,274705,0
MTE3,32204,275142,275142,0
MTE3,32206,275579,275579,0
MTE3,32208,276016,276016,0
MTE3,32210,276453,276453,0
MTE3,32212,276890,276890,0
MTE3,32214,277327,277327,0
MTE3,32216,277764,277764,0
MTE3,32218,278201,278201,0
MTE3,32220,278638,278638,0
MTE3,32222,279075,279075,0
MTE3,32224,279512,279512,0
MTE3,32226,279949,279949,0
MTE3,32228,280386,280386,0
MTE3,32230,280823,280823,0
MTE3,32232,281260,281260,0
MTE3,32234,281697,281697,0
MTE3,32236,282134,282134,0
MTE3,32238,282571,282571,0
MTE3,32240,283008,283008,0
MTE3,32242,283445,283445,0
MTE3,32244,283882,283882,0
MTE3,32246,284319,284319,0
MTE3,32248,284756,284756,0
MTE3,32250,285193,285193,0
MTE3,32252,285630,285630,0
MTE3,32254,286067,286067,0
MTE3,32256,286504,286504,0
MTE3,32258,286941,286941,0
MTE3,32260,287378,287378,0
MTE3,32262,287815,287815,0
MTE3,32264,288252,288252,0
MTE3,32266,288689,288689,0
MTE3,32268,289126,289126,0
MTE3,32270,289563,289563,0
MTE3,32272,290000,290000,0
MTE3,32274,290437,290437,0
MTE3,32276,290874,290874,0
MTE3,32278,291311,291311,0
MTE3,32280,291748,291748,0
MTE3,32282,292185,292185,0
MTE3,32284,292622,292622,0
MTE3,32286,293059,293059,0
MTE3,32288,293496,293496,0
MTE3,32290,293933,293933,0
MTE3,32292,294370,294370,0
MTE3,32294,294807,294807,0
MTE3,32296,295244,295244,0
MTE3,32298,295681,295681,0
MTE3,32300,296118,296118,0
MTE3,32302,296555,296555,0
MTE3,32304,296992,296992,0
MTE3,32306,297429,297429,0
MTE3,32308,297866,297866,0
MTE3,32310,298303,298303,0
MTE3,32312,298740,298740,0
MTE3,32314,299177,299177,0
MTE3,32316,299614,299614,0
MTE3,32318,300051,300051,0
MTE3,32320,300488,300488,0
MTE3,32322,300925,300925,0
MTE3,32324,301362,301362,0
MTE3,32326,301799,301799,0
MTE3,32328,302236,302236,0
MTE3,32330,302673,302673,0
MTE3,32332,303110,303110,0
MTE3,32334,303547,303547,0
MTE3,32336,303984,303984,0
MTE3,32338,304421,304421,0
MTE3,32340,304858,304858,0
MTE3,32342,305295,305295,0
MTE3,32344,305732,305732,0
MTE3,32346,306169,306169,0
MTE3,32348,306606,306606,0
MTE3,32350,307043,307043,0
MTE3,32352,307480,307480,0
MTE3,32354,307917,307917,0
MTE3,32356,308354,308354,0
MTE3,32358,308791,308791,0
MTE3,32360,309228,309228,0
MTE3,32362,309665,309665,0
MTE3,32364,310102,310102,0
MTE3,32366,310539,310539,0
MTE3,32368,310976,310976,0
MTE3,32370,311413,311413,0
MTE3,32372,311850,311850,0
MTE3,32374,312287,312287,0
MTE3,32376,312724,312724,0
MTE3,32378,313161,313161,0
MTE3,32380,313598,313598,0
MTE3,32382,314035,314035,0
MTE3,32384,324103,324103,0
MTE3,32386,324103,324103,0
MTE3,32388,324865,324865,0
MTE3,32390,324865,324865,0
MTE3,32392,325627,325627,0
MTE3,32394,325627,325627,0
MTE3,32396,326389,326389,0
MTE3,32398,326389,326389,0
MTE3,32400,327151,327151,0
MTE3,32402,327151,327151,0
MTE3,32404,327913,327913,0
MTE3,32406,327913,327913,0
MTE3,32408,328675,328675,0
MTE3,32410,328675,328675,0
MTE3,32412,329437,329437,0
MTE3,32414,329437,329437,0
MTE3,32416,330199,330199,0
MTE3,32418,330199,330199,0
MTE3,32420,330961,330961,0
MTE3,32422,330961,330961,0
MTE3,32424,331723,331723,0
MTE3,32426,332160,332160,0
MTE3,32428,332597,332597,0
MTE3,32430,333034,333034,0
MTE3,32432,333471,333471,0
MTE3,32434,333908,333908,0
MTE3,32436,334345,334345,0
MTE3,32438,334782,334782,0
MTE3,32440,335219,335219,0
MTE3,32442,335656,335656,0
MTE3,32444,336093,336093,0
MTE3,32446,336530,336530,0
MTE3,32448,336967,336967,0
MTE3,32450,337404,337404,0
MTE3,32452,337841,337841,0
MTE3,32454,338278,338278,0
MTE3,32456,338715,338715,0
MTE3,32458,339152,339152,0
MTE3,32460,339589,339589,0
MTE3,32462,340026,340026,0
MTE3,32464,340463,340463,0
MTE3,32466,340900,340900,0
MTE3,32468,341337,341337,0
MTE3,32470,341774,341774,0
MTE3,32472,342211,342211,0
MTE3,32474,342648,342648,0
MTE3,32476,343085,343085,0
MTE3,32478,343522,343522,0
MTE3,32480,343959,343959,0
MTE3,32482,344396,344396,0
MTE3,32484,344833,344833,0
MTE3,32486,345270,345270,0
MTE3,32488,345707,345707,0
MTE3,32490,346144,346144,0
MTE3,32492,346581,346581,0
MTE3,32494,347018,347018,0
MTE3,32496,347455,347455,0
MTE3,32498,347892,347892,0
MTE3,32500,348329,348329,0
MTE3,32502,348766,348766,0
MTE3,32504,349203,349203,0
MTE3,32506,349640,349640,0
MTE3,32508,350077,350077,0
MTE3,32510,350514,350514,0
MTE3,32512,350951,350951,0
MTE3,32514,351388,351388,0
MTE3,32516,351825,351825,0
MTE3,32518,352262,352262,0
MTE3,32520,352699,352699,0
MTE3,32522,353136,353136,0
MTE3,32524,353573,353573,0
MTE3,32526,354010,354010,0
MTE3,32528,354447,354447,0
MTE3,32530,354884,354884,0
MTE3,32532,355321,355321,0
MTE3,32534,355758,355758,0
MTE3,32536,356195,356195,0
MTE3,32538,356632,356632,0
MTE3,32540,357069,357069,0
MTE3,32542,357506,357506,0
MTE3,32544,357943,357943,0
MTE3,32546,358380,358380,0
MTE3,32548,358817,358817,0
MTE3,32550,359254,359254,0
MTE3,32552,359691,359691,0
MTE3,32554,360128,360128,0
MTE3,32556,360565,360565,0
MTE3,32558,361002,361002,0
MTE3,32560,361439,361439,0
MTE3,32562,361876,361876,0
MTE3,32564,362313,362313,0
MTE3,32566,362750,362750,0
MTE3,32568,363187,363187,0
MTE3,32570,363624,363624,0
MTE3,32572,364061,364061,0
MTE3,32574,364498,364498,0
MTE3,32576,364935,364935,0
MTE3,32578,365372,365372,0
MTE3,32580,365809,365809,0
MTE3,32582,366246,366246,0
MTE3,32584,366683,366683,0
MTE3,32586,367120,367120,0
MTE3,32588,367557,367557,0
MTE3,32590,367994,367994,0
MTE3,32592,368431,368431,0
MTE3,32594,368868,368868,0
MTE3,32596,369305,369305,0
MTE3,32598,369742,369742,0
MTE3,32600,370179,370179,0
MTE3,32602,370616,370616,0
MTE3,32604,371053,371053,0
MTE3,32606,371490,371490,0
MTE3,32608,371927,371927,0
MTE3,32610,372364,372364,0
MTE3,32612,372801,372801,0
MTE3,32614,373238,373238,0
MTE3,32616,373675,373675,0
MTE3,32618,374112,374112,0
MTE3,32620,374549,374549,0
MTE3,32622,374986,374986,0
MTE3,32624,375423,375423,0
MTE3,32626,375860,375860,0
MTE3,32628,376297,376297,0
MTE3,32630,376734,376734,0
MTE3,32632,377171,377171,0
MTE3,32634,377608,377608,0
MTE3,32636,378045,378045,0
MTE3,32638,378482,378482,0
MTE3,32640,378919,378919,0
MTE3,32642,379356,379356,0
MTE3,32644,379793,379793,0
MTE3,32646,380230,380230,0
MTE3,32648,380667,380667,0
MTE3,32650,381104,381104,0
MTE3,32652,381541,381541,0
MTE3,32654,381978,381978,0
MTE3,32656,382415,382415,0
MTE3,32658,382852,382852,0
MTE3,32660,383289,383289,0
MTE3,32662,383726,383726,0
MTE3,32664,384163,384163,0
MTE3,32666,384600,384600,0
MTE3,32668,385037,385037,0
MTE3,32670,385474,385474,0
MTE3,32672,385911,385911,0
MTE3,32674,386348,386348,0
MTE3,32676,386785,386785,0
MTE3,32678,387222,387222,0
MTE3,32680,387659,387659,0
MTE3,32682,388096,388096,0
MTE3,32684,388533,388533,0
MTE3,32686,388970,388970,0
MTE3,32688,389407,389407,0
MTE3,32690,389844,389844,0
MTE3,32692,390281,390281,0
MTE3,32694,390718,390718,0
MTE3,32696,391155,391155,0
MTE3,32698,391592,391592,0
MTE3,32700,392029,392029,0
MTE3,32702,392466,392466,0
MTE3,32704,392903,392903,0
MTE3,32706,393340,393340,0
MTE3,32708,393777,393777,0
MTE3,32710,394214,394214,0
MTE3,32712,394651,394651,0
MTE3,32714,395088,395088,0
MTE3,32716,395525,395525,0
MTE3,32718,395962,395962,0
MTE3,32720,396399,396399,0
MTE3,32722,396836,396836,0
MTE3,32724,397273,397273,0
MTE3,32726,397710,397710,0
MTE3,32728,398147,398147,0
MTE3,32730,398584,398584,0
MTE3,32732,399021,399021,0
MTE3,32734,399458,399458,0
MTE3,32736,399895,399895,0
MTE3,32738,400332,400332,0
MTE3,32740,400769,400769,0
MTE3,32742,401206,401206,0
MTE3,32744,401643,401643,0
MTE3,32746,402080,402080,0
MTE3,32748,402517,402517,0
MTE3,32750,402954,402954,0
MTE3,32752,403391,403391,0
MTE3,32754,403828,403828,0
MTE3,32756,404265,404265,0
MTE3,32758,404702,404702,0
MTE3,32760,405139,405139,0
MTE3,32762,405576,405576,0
MTE3,32764,406013,406013,0
MTE3,32766,406450,406450,0
MTE3,32768,406887,406887,0
MTE3,32770,407324,407324,0
MTE3,32772,407761,407761,0
MTE3,32774,408198,408198,0
MTE3,32776,408635,408635,0
MTE3,32778,409072,409072,0
MTE3,32780,409509,409509,0
MTE3,32782,409946,409946,0
MTE3,32784,410383,410383,0
MTE3,32786,410820,410820,0
MTE3,32788,411257,411257,0
MTE3,32790,411694,411694,0
MTE3,32792,412131,412131,0
MTE3,32794,412568,412568,0
MTE3,32796,413005,413005,0
MTE3,32798,413442,413442,0
MTE3,32800,413879,413879,0
MTE3,32802,414316,414316,0
MTE3,32804,414753,414753,0
MTE3,32806,415190,415190,0
MTE3,32808,415627,415627,0
MTE3,32810,416064,416064,0
MTE3,32812,416501,416501,0
MTE3,32814,416938,416938,0
MTE3,32816,417375,417375,0
MTE3,32818,417812,417812,0
MTE3,32820,418249,418249,0
MTE3,32822,418686,418686,0
MTE3,32824,419123,419123,0
MTE3,32826,419560,419560,0
MTE3,32828,419997,419997,0
MTE3,32830,420434,420434,0
MTE3,32832,420871,420871,0
MTE3,32834,421308,421308,0
MTE3,32836,421745,421745,0
MTE3,32838,422182,422182,0
MTE3,32840,422619,422619,0
MTE3,32842,423056,423056,0
MTE3,32844,423493,423493,0
MTE3,32846,423930,423930,0
MTE3,32848,424367,424367,0
MTE3,32850,424804,424804,0
MTE3,32852,425241,425241,0
MTE3,32854,425678,425678,0
MTE3,32856,426115,426115,0
MTE3,32858,426552,426552,0
MTE3,32860,426989,426989,0
MTE3,32862,427426,427426,0
MTE3,32864,437359,437359,0
MTE3,32866,438090,438090,0
MTE3,32868,438090,438090,0
MTE3,32870,438852,438852,0
MTE3,32872,438852,438852,0
MTE3,32874,439614,439614,0
MTE3,32876,439614,439614,0
MTE3,32878,440376,440376,0
MTE3,32880,440376,440376,0
MTE3,32882,441138,441138,0
MTE3,32884,441138,441138,0
MTE3,32886,441900,441900,0
MTE3,32888,441900,441900,0
MTE3,32890,442662,442662,0
MTE3,32892,442662,442662,0
MTE3,32894,443424,443424,0
MTE3,32896,443424,443424,0
MTE3,32898,444186,444186,0
MTE3,32900,444186,444186,0
MTE3,32902,444948,444948,0
MTE3,32904,444948,444948,0
MTE3,32906,445710,445710,0
MTE3,32908,446147,446147,0
MTE3,32910,446584,446584,0
MTE3,32912,447021,447021,0
MTE3,32914,447458,447458,0
MTE3,32916,447895,447895,0
MTE3,32918,448332,448332,0
MTE3,32920,448769,448769,0
MTE3,32922,449206,449206,0
MTE3,32924,449643,449643,0
MTE3,32926,450080,450080,0
MTE3,32928,450517,450517,0
MTE3,32930,450954,450954,0
MTE3,32932,451391,451391,0
MTE3,32934,451828,451828,0
MTE3,32936,452265,452265,0
MTE3,32938,452702,452702,0
MTE3,32940,453139,453139,0
MTE3,32942,453576,453576,0
MTE3,32944,454013,454013,0
MTE3,32946,454450,454450,0
MTE3,32948,454887,454887,0
MTE3,32950,455324,455324,0
MTE3,32952,455761,455761,0
MTE3,32954,456198,456198,0
MTE3,32956,456635,456635,0
MTE3,32958,457072,457072,0
MTE3,32960,457509,457509,0
MTE3,32962,457946,457946,0
MTE3,32964,458383,458383,0
MTE3,32966,458820,458820,0
MTE3,32968,459257,459257,0
MTE3,32970,459694,459694,0
MTE3,32972,460131,460131,0
MTE3,32974,460568,460568,0
MTE3,32976,461005,461005,0
MTE3,32978,461442,461442,0
MTE3,32980,461879,461879,0
MTE3,32982,462316,462316,0
MTE3,32984,462753,462753,0
MTE3,32986,463190,463190,0
MTE3,32988,463627,463627,0
MTE3,32990,464064,464064,0
MTE3,32992,464501,464501,0
MTE3,32994,464938,464938,0
MTE3,32996,465375,465375,0
MTE3,32998,465812,465812,0
MTE3,33000,466249,466249,0
MTE3,33002,466686,466686,0
MTE3,33004,467123,467123,0
MTE3,33006,467560,467560,0
MTE3,33008,467997,467997,0
MTE3,33010,468434,468434,0
MTE3,33012,468871,468871,0
MTE3,33014,469308,469308,0
MTE3,33016,469745,469745,0
MTE3,33018,470182,470182,0
MTE3,33020,470619,470619,0
MTE3,33022,471056,471056,0
MTE3,33024,471493,471493,0
MTE3,33026,471930,471930,0
MTE3,33028,472367,472367,0
MTE3,33030,472804,472804,0
MTE3,33032,473241,473241,0
MTE3,33034,473678,473678,0
MTE3,33036,474115,474115,0
MTE3,33038,474552,474552,0
MTE3,33040,474989,474989,0
MTE3,33042,475426,475426,0
MTE3,33044,475863,475863,0
MTE3,33046,476300,476300,0
MTE3,33048,476737,476737,0
MTE3,33050,477174,477174,0
MTE3,33052,477611,477611,0
MTE3,33054,478048,478048,0
MTE3,33056,478485,478485,0
MTE3,33058,478922,478922,0
MTE3,33060,479359,479359,0
MTE3,33062,479796,479796,0
MTE3,33064,480233,480233,0
MTE3,33066,480670,480670,0
MTE3,33068,481107,481107,0
MTE3,33070,481544,481544,0
MTE3,33072,481981,481981,0
MTE3,33074,482418,482418,0
MTE3,33076,482855,482855,0
MTE3,33078,483292,483292,0
MTE3,33080,483729,483729,0
MTE3,33082,484166,484166,0
MTE3,33084,484603,484603,0
MTE3,33086,485040,485040,0
MTE3,33088,485477,485477,0
MTE3,33090,485914,485914,0
MTE3,33092,486351,486351,0
MTE3,33094,486788,486788,0
MTE3,33096,487225,487225,0
MTE3,33098,487662,487662,0
MTE3,33100,488099,488099,0
MTE3,33102,488536,488536,0
MTE3,33104,488973,488973,0
MTE3,33106,489410,489410,0
MTE3,33108,489847,489847,0
MTE3,33110,490284,490284,0
MTE3,33112,490721,490721,0
MTE3,33114,491158,491158,0
MTE3,33116,491595,491595,0
MTE3,33118,492032,492032,0
MTE3,33120,492469,492469,0
MTE3,33122,492906,492906,0
MTE3,33124,493343,493343,0
MTE3,33126,493780,493780,0
MTE3,33128,494217,494217,0
MTE3,33130,494654,494654,0
MTE3,33132,495091,495091,0
MTE3,33134,495528,495528,0
MTE3,33136,495965,495965,0
MTE3,33138,496402,496402,0
MTE3,33140,496839,496839,0
MTE3,33142,497276,497276,0
MTE3,33144,497713,497713,0
MTE3,33146,498150,498150,0
MTE3,33148,498587,498587,0
MTE3,33150,499024,499024,0
MTE3,33152,499461,499461,0
MTE3,33154,499898,499898,0
MTE3,33156,500335,500335,0
MTE3,33158,500772,500772,0
MTE3,33160,501209,501209,0
MTE3,33162,501646,501646,0
MTE3,33164,502083,502083,0
MTE3,33166,502520,502520,0
MTE3,33168,502957,502957,0
MTE3,33170,503394,503394,0
MTE3,33172,503831,503831,0
MTE3,33174,504268,504268,0
MTE3,33176,504705,504705,0
MTE3,33178,505142,505142,0
MTE3,33180,505579,505579,0
MTE3,33182,506016,506016,0
MTE3,33184,506453,506453,0
MTE3,33186,506890,506890,0
MTE3,33188,507327,507327,0
MTE3,33190,507764,507764,0
MTE3,33192,508201,508201,0
MTE3,33194,508638,508638,0
MTE3,33196,509075,509075,0
MTE3,33198,509512,509512,0
MTE3,33200,509949,509949,0
MTE3,33202,510386,510386,0
MTE3,33204,510823,510823,0
MTE3,33206,511260,511260,0
MTE3,33208,511697,511697,0
MTE3,33210,512134,512134,0
MTE3,33212,512571,512571,0
MTE3,33214,513008,513008,0
MTE3,33216,513445,513445,0
MTE3,33218,513882,513882,0
MTE3,33220,514319,514319,0
MTE3,33222,514756,514756,0
MTE3,33224,515193,515193,0
MTE3,33226,515630,515630,0
MTE3,33228,516067,516067,0
MTE3,33230,516504,516504,0
MTE3,33232,516941,516941,0
MTE3,33234,517378,517378,0
MTE3,33236,517815,517815,0
MTE3,33238,518252,518252,0
MTE3,33240,518689,518689,0
MTE3,33242,519126,519126,0
MTE3,33244,519563,519563,0
MTE3,33246,520000,520000,0
MTE3,33248,520437,520437,0
MTE3,33250,520874,520874,0
MTE3,33252,521311,521311,0
MTE3,33254,521748,521748,0
MTE3,33256,522185,522185,0
MTE3,33258,522622,522622,0
MTE3,33260,523059,523059,0
MTE3,33262,523496,523496,0
MTE3,33264,523933,523933,0
MTE3,33266,524370,524370,0
MTE3,33268,524807,524807,0
MTE3,33270,525244,525244,0
MTE3,33272,525681,525681,0
MTE3,33274,526118,526118,0
MTE3,33276,526555,526555,0
MTE3,33278,526992,526992,0
MTE3,33280,527429,527429,0
MTE3,33282,527866,527866,0
MTE3,33284,528303,528303,0
MTE3,33286,528740,528740,0
MTE3,33288,529177,529177,0
MTE3,33290,529614,529614,0
MTE3,33292,530051,530051,0
MTE3,33294,530488,530488,0
MTE3,33296,530925,530925,0
MTE3,33298,531362,531362,0
MTE3,33300,531799,531799,0
MTE3,33302,532236,532236,0
MTE3,33304,532673,532673,0
MTE3,33306,533110,533110,0
MTE3,33308,533547,533547,0
MTE3,33310,533984,533984,0
MTE3,33312,534421,534421,0
MTE3,33314,534858,534858,0
MTE3,33316,535295,535295,0
MTE3,33318,535732,535732,0
MTE3,33320,536169,536169,0
MTE3,33322,536606,536606,0
MTE3,33324,537043,537043,0
MTE3,33326,537480,537480,0
MTE3,33328,537917,537917,0
MTE3,33330,538354,538354,0
MTE3,33332,538791,538791,0
MTE3,33334,539228,539228,0
MTE3,33336,539665,539665,0
MTE3,33338,540102,540102,0
MTE3,33340,540539,540539,0
MTE3,33342,540976,540976,0
MTE3,33344,551505,551505,0
MTE3,33346,551505,551505,0
MTE3,33348,552267,552267,0
MTE3,33350,552267,552267,0
MTE3,33352,553029,553029,0
MTE3,33354,553029,553029,0
MTE3,33356,553791,553791,0
MTE3,33358,553791,553791,0
MTE3,33360,554553,554553,0
MTE3,33362,554553,554553,0
MTE3,33364,555315,555315,0
MTE3,33366,555315,555315,0
MTE3,33368,556077,556077,0
MTE3,33370,556077,556077,0
MTE3,33372,556839,556839,0
MTE3,33374,556839,556839,0
MTE3,33376,557601,557601,0
MTE3,33378,557601,557601,0
MTE3,33380,558363,558363,0
MTE3,33382,558363,558363,0
MTE3,33384,559125,559125,0
MTE3,33386,559125,559125,0
MTE3,33388,559887,559887,0
MTE3,33390,560324,560324,0
MTE3,33392,560761,560761,0
MTE3,33394,561198,561198,0
MTE3,33396,561635,561635,0
MTE3,33398,562072,562072,0
MTE3,33400,562509,562509,0
MTE3,33402,562946,562946,0
MTE3,33404,563383,563383,0
MTE3,33406,563820,563820,0
MTE3,33408,564257,564257,0
MTE3,33410,564694,564694,0
MTE3,33412,565131,565131,0
MTE3,33414,565568,565568,0
MTE3,33416,566005,566005,0
MTE3,33418,566442,566442,0
MTE3,33420,566879,566879,0
MTE3,33422,567316,567316,0
MTE3,33424,567753,567753,0
MTE3,33426,568190,568190,0
MTE3,33428,568627,568627,0
MTE3,33430,569064,569064,0
MTE3,33432,569501,569501,0
MTE3,33434,569938,569938,0
MTE3,33436,570375,570375,0
MTE3,33438,570812,570812,0
MTE3,33440,571249,571249,0
MTE3,33442,571686,571686,0
MTE3,33444,572123,572123,0
MTE3,33446,572560,572560,0
MTE3,33448,572997,572997,0
MTE3,33450,573434,573434,0
MTE3,33452,573871,573871,0
MTE3,33454,574308,574308,0
MTE3,33456,574745,574745,0
MTE3,33458,575182,575182,0
MTE3,33460,575619,575619,0
MTE3,33462,576056,576056,0
MTE3,33464,576493,576493,0
MTE3,33466,576930,576930,0
MTE3,33468,577367,577367,0
MTE3,33470,577804,577804,0
MTE3,33472,578241,578241,0
MTE3,33474,578678,578678,0
MTE3,33476,579115,579115,0
MTE3,33478,579552,579552,0
MTE3,33480,579989,579989,0
MTE3,33482,580426,580426,0
MTE3,33484,580863,580863,0
MTE3,33486,581300,581300,0
MTE3,33488,581737,581737,0
MTE3,33490,582174,582174,0
MTE3,33492,582611,582611,0
MTE3,33494,583048,583048,0
MTE3,33496,583485,583485,0
MTE3,33498,583922,583922,0
MTE3,33500,584359,584359,0
MTE3,33502,584796,584796,0
MTE3,33504,585233,585233,0
MTE3,33506,585670,585670,0
MTE3,33508,586107,586107,0
MTE3,33510,586544,586544,0
MTE3,33512,586981,586981,0
MTE3,33514,587418,587418,0
MTE3,33516,587855,587855,0
MTE3,33518,588292,588292,0
MTE3,33520,588729,588729,0
MTE3,33522,589166,589166,0
MTE3,33524,589603,589603,0
MTE3,33526,590040,590040,0
MTE3,33528,590477,590477,0
MTE3,33530,590914,590914,0
MTE3,33532,591351,591351,0
MTE3,33534,591788,591788,0
MTE3,33536,592225,592225,0
MTE3,33538,592662,592662,0
MTE3,33540,593099,593099,0
MTE3,33542,593536,593536,0
MTE3,33544,593973,593973,0
MTE3,33546,594410,594410,0
MTE3,33548,594847,594847,0
MTE3,33550,595284,595284,0
MTE3,33552,595721,595721,0
MTE3,33554,596158,596158,0
MTE3,33556,596595,596595,0
MTE3,33558,597032,597032,0
MTE3,33560,597469,597469,0
MTE3,33562,597906,597906,0
MTE3,33564,598343,598343,0
MTE3,33566,598780,598780,0
MTE3,33568,599217,599217,0
MTE3,33570,599654,599654,0
MTE3,33572,600091,600091,0
MTE3,33574,600528,600528,0
MTE3,33576,600965,600965,0
MTE3,33578,601402,601402,0
MTE3,33580,601839,601839,0
MTE3,33582,602276,602276,0
MTE3,33584,602713,602713,0
MTE3,33586,603150,603150,0
MTE3,33588,603587,603587,0
MTE3,33590,604024,604024,0
MTE3,33592,604461,604461,0
MTE3,33594,604898,604898,0
MTE3,33596,605335,605335,0
MTE3,33598,605772,605772,0
MTE3,33600,606209,606209,0
MTE3,33602,606646,606646,0
MTE3,33604,607083,607083,0
MTE3,33606,607520,607520,0
MTE3,33608,607957,607957,0
MTE3,33610,608394,608394,0
MTE3,33612,608831,608831,0
MTE3,33614,609268,609268,0
MTE3,33616,609705,609705,0
MTE3,33618,610142,610142,0
MTE3,33620,610579,610579,0
MTE3,33622,611016,611016,0
MTE3,33624,611453,611453,0
MTE3,33626,611890,611890,0
MTE3,33628,612327,612327,0
MTE3,33630,612764,612764,0
MTE3,33632,613201,613201,0
MTE3,33634,613638,613638,0
MTE3,33636,614075,614075,0
MTE3,33638,614512,614512,0
MTE3,33640,614949,614949,0
MTE3,33642,615386,615386,0
MTE3,33644,615823,615823,0
MTE3,33646,616260,616260,0
MTE3,33648,616697,616697,0
MTE3,33650,617134,617134,0
MTE3,33652,617571,617571,0
MTE3,33654,618008,618008,0
MTE3,33656,618445,618445,0
MTE3,33658,618882,618882,0
MTE3,33660,619319,619319,0
MTE3,33662,619756,619756,0
MTE3,33664,620193,620193,0
MTE3,33666,620630,620630,0
MTE3,33668,621067,621067,0
MTE3,33670,621504,621504,0
MTE3,33672,621941,621941,0
MTE3,33674,622378,622378,0
MTE3,33676,622815,622815,0
MTE3,33678,623252,623252,0
MTE3,33680,623689,623689,0
MTE3,33682,624126,624126,0
MTE3,33684,624563,624563,0
MTE3,33686,625000,625000,0
MTE3,33688,625437,625437,0
MTE3,33690,625874,625874,0
MTE3,33692,626311,626311,0
MTE3,33694,626748,626748,0
MTE3,33696,627185,627185,0
MTE3,33698,627622,627622,0
MTE3,33700,628059,628059,0
MTE3,33702,628496,628496,0
MTE3,33704,628933,628933,0
MTE3,33706,629370,629370,0
MTE3,33708,629807,629807,0
MTE3,33710,630244,630244,0
MTE3,33712,630681,630681,0
MTE3,33714,631118,631118,0
MTE3,33716,631555,631555,0
MTE3,33718,631992,631992,0
MTE3,33720,632429,632429,0
MTE3,33722,632866,632866,0
MTE3,33724,633303,633303,0
MTE3,33726,633740,633740,0
MTE3,33728,634177,634177,0
MTE3,33730,634614,634614,0
MTE3,33732,635051,635051,0
MTE3,33734,635488,635488,0
MTE3,33736,635925,635925,0
MTE3,33738,636362,636362,0
MTE3,33740,636799,636799,0
MTE3,33742,637236,637236,0
MTE3,33744,637673,637673,0
MTE3,33746,638110,638110,0
MTE3,33748,638547,638547,0
MTE3,33750,638984,638984,0
MTE3,33752,639421,639421,0
MTE3,33754,639858,639858,0
MTE3,33756,640295,640295,0
MTE3,33758,640732,640732,0
MTE3,33760,641169,641169,0
MTE3,33762,641606,641606,0
MTE3,33764,642043,642043,0
MTE3,33766,642480,642480,0
MTE3,33768,642917,642917,0
MTE3,33770,643354,643354,0
MTE3,33772,643791,643791,0
MTE3,33774,644228,644228,0
MTE3,33776,644665,644665,0
MTE3,33778,645102,645102,0
MTE3,33780,645539,645539,0
MTE3,33782,645976,645976,0
MTE3,33784,646413,646413,0
MTE3,33786,646850,646850,0
MTE3,33788,647287,647287,0
MTE3,33790,647724,647724,0
MTE3,33792,648161,648161,0
MTE3,33794,648598,648598,0
MTE3,33796,649035,649035,0
MTE3,33798,649472,649472,0
MTE3,33800,649909,649909,0
MTE3,33802,650346,650346,0
MTE3,33804,650783,650783,0
MTE3,33806,651220,651220,0
MTE3,33808,651657,651657,0
MTE3,33810,652094,652094,0
MTE3,33812,652531,652531,0
MTE3,33814,652968,652968,0
MTE3,33816,653405,653405,0
MTE3,33818,653842,653842,0
MTE3,33820,654279,654279,0
MTE3,33822,654716,654716,0
MTE3,33824,665110,665110,0
MTE3,33826,665841,665841,0
MTE3,33828,665841,665841,0
MTE3,33830,666603,666603,0
MTE3,33832,666603,666603,0
MTE3,33834,667365,667365,0
MTE3,33836,667365,667365,0
MTE3,33838,668127,668127,0
MTE3,33840,668127,668127,0
MTE3,33842,668889,668889,0
MTE3,33844,668889,668889,0
MTE3,33846,669651,669651,0
MTE3,33848,669651,669651,0
MTE3,33850,670413,670413,0
MTE3,33852,670413,670413,0
MTE3,33854,671175,671175,0
MTE3,33856,671175,671175,0
MTE3,33858,671937,671937,0
MTE3,33860,671937,671937,0
MTE3,33862,672699,672699,0
MTE3,33864,672699,672699,0
MTE3,33866,673461,673461,0
MTE3,33868,673461,673461,0
MTE3,33870,674223,674223,0
MTE3,33872,674660,674660,0
MTE3,33874,675097,675097,0
MTE3,33876,675534,675534,0
MTE3,33878,675971,675971,0
MTE3,33880,676408,676408,0
MTE3,33882,676845,676845,0
MTE3,33884,677282,677282,0
MTE3,33886,677719,677719,0
MTE3,33888,678156,678156,0
MTE3,33890,678593,678593,0
MTE3,33892,679030,679030,0
MTE3,33894,679467,679467,0
MTE3,33896,679904,679904,0
MTE3,33898,680341,680341,0
MTE3,33900,680778,680778,0
MTE3,33902,681215,681215,0
MTE3,33904,681652,681652,0
MTE3,33906,682089,682089,0
MTE3,33908,682526,682526,0
MTE3,33910,682963,682963,0
MTE3,33912,683400,683400,0
MTE3,33914,683837,683837,0
MTE3,33916,684274,684274,0
MTE3,33918,684711,684711,0
MTE3,33920,685148,685148,0
MTE3,33922,685585,685585,0
MTE3,33924,686022,686022,0
MTE3,33926,686459,686459,0
MTE3,33928,686896,686896,0
MTE3,33930,687333,687333,0
MTE3,33932,687770,687770,0
MTE3,33934,688207,688207,0
MTE3,33936,688644,688644,0
MTE3,33938,689081,689081,0
MTE3,33940,689518,689518,0
MTE3,33942,689955,689955,0
MTE3,33944,690392,690392,0
MTE3,33946,690829,690829,0
MTE3,33948,691266,691266,0
MTE3,33950,691703,691703,0
MTE3,33952,692140,692140,0
MTE3,33954,692577,692577,0
MTE3,33956,693014,693014,0
MTE3,33958,693451,693451,0
MTE3,33960,693888,693888,0
MTE3,33962,694325,694325,0
MTE3,33964,694762,694762,0
MTE3,33966,695199,695199,0
MTE3,33968,695636,695636,0
MTE3,33970,696073,696073,0
MTE3,33972,696510,696510,0
MTE3,33974,696947,696947,0
MTE3,33976,697384,697384,0
MTE3,33978,697821,697821,0
MTE3,33980,698258,698258,0
MTE3,33982,698695,698695,0
MTE3,33984,699132,699132,0
MTE3,33986,699569,699569,0
MTE3,33988,700006,700006,0
MTE3,33990,700443,700443,0
MTE3,33992,700880,700880,0
MTE3,33994,701317,701317,0
MTE3,33996,701754,701754,0
MTE3,33998,702191,702191,0
MTE3,34000,702628,702628,0
MTE3,34002,703065,703065,0
MTE3,34004,703502,703502,0
MTE3,34006,703939,703939,0
MTE3,34008,704376,704376,0
MTE3,34010,704813,704813,0
MTE3,34012,705250,705250,0
MTE3,34014,705687,705687,0
MTE3,34016,706124,706124,0
MTE3,34018,706561,706561,0
MTE3,34020,706998,706998,0
MTE3,34022,707435,707435,0
MTE3,34024,707872,707872,0
MTE3,34026,708309,708309,0
MTE3,34028,708746,708746,0
MTE3,34030,709183,709183,0
MTE3,34032,709620,709620,0
MTE3,34034,710057,710057,0
MTE3,34036,710494,710494,0
MTE3,34038,710931,710931,0
MTE3,34040,711368,711368,0
MTE3,34042,711805,711805,0
MTE3,34044,712242,712242,0
MTE3,34046,712679,712679,0
MTE3,34048,713116,713116,0
MTE3,34050,713553,713553,0
MTE3,34052,713990,713990,0
MTE3,34054,714427,714427,0
MTE3,34056,714864,714864,0
MTE3,34058,715301,715301,0
MTE3,34060,715738,715738,0
MTE3,34062,716175,716175,0
MTE3,34064,716612,716612,0
MTE3,34066,717049,717049,0
MTE3,34068,717486,717486,0
MTE3,34070,717923,717923,0
MTE3,34072,718360,718360,0
MTE3,34074,718797,718797,0
MTE3,34076,719234,719234,0
MTE3,34078,719671,719671,0
MTE3,34080,720108,720108,0
MTE3,34082,720545,720545,0
MTE3,34084,720982,720982,0
MTE3,34086,721419,721419,0
MTE3,34088,721856,721856,0
MTE3,34090,722293,722293,0
MTE3,34092,722730,722730,0
MTE3,34094,723167,723167,0
MTE3,34096,723604,723604,0
MTE3,34098,724041,724041,0
MTE3,34100,724478,724478,0
MTE3,34102,724915,724915,0
MTE3,34104,725352,725352,0
MTE3,34106,725789,725789,0
MTE3,34108,726226,726226,0
MTE3,34110,726663,726663,0
MTE3,34112,727100,727100,0
MTE3,34114,727537,727537,0
MTE3,34116,727974,727974,0
MTE3,34118,728411,728411,0
MTE3,34120,728848,728848,0
MTE3,34122,729285,729285,0
MTE3,34124,729722,729722,0
MTE3,34126,730159,730159,0
MTE3,34128,730596,730596,0
MTE3,34130,731033,731033,0
MTE3,34132,731470,731470,0
MTE3,34134,731907,731907,0
MTE3,34136,732344,732344,0
MTE3,34138,732781,732781,0
MTE3,34140,733218,733218,0
MTE3,34142,733655,733655,0
MTE3,34144,734092,734092,0
MTE3,34146,734529,734529,0
MTE3,34148,734966,734966,0
MTE3,34150,735403,735403,0
MTE3,34152,735840,735840,0
MTE3,34154,736277,736277,0
MTE3,34156,736714,736714,0
MTE3,34158,737151,737151,0
MTE3,34160,737588,737588,0
MTE3,34162,738025,738025,0
MTE3,34164,738462,738462,0
MTE3,34166,738899,738899,0
MTE3,34168,739336,739336,0
MTE3,34170,739773,739773,0
MTE3,34172,740210,740210,0
MTE3,34174,740647,740647,0
MTE3,34176,741084,741084,0
MTE3,34178,741521,741521,0
MTE3,34180,741958,741958,0
MTE3,34182,742395,742395,0
MTE3,34184,742832,742832,0
MTE3,34186,743269,743269,0
MTE3,34188,743706,743706,0
MTE3,34190,744143,744143,0
MTE3,34192,744580,744580,0
MTE3,34194,745017,745017,0
MTE3,34196,745454,745454,0
MTE3,34198,745891,745891,0
MTE3,34200,746328,746328,0
MTE3,34202,746765,746765,0
MTE3,34204,747202,747202,0
MTE3,34206,747639,747639,0
MTE3,34208,748076,748076,0
MTE3,34210,748513,748513,0
MTE3,34212,748950,748950,0
MTE3,34214,749387,749387,0
MTE3,34216,749824,749824,0
MTE3,34218,750261,750261,0
MTE3,34220,750698,750698,0
MTE3,34222,751135,751135,0
MTE3,34224,751572,751572,0
MTE3,34226,752009,752009,0
MTE3,34228,752446,752446,0
MTE3,34230,752883,752883,0
MTE3,34232,753320,753320,0
MTE3,34234,753757,753757,0
MTE3,34236,754194,754194,0
MTE3,34238,754631,754631,0
MTE3,34240,755068,755068,0
MTE3,34242,755505,755505,0
MTE3,34244,755942,755942,0
MTE3,34246,756379,756379,0
MTE3,34248,756816,756816,0
MTE3,34250,757253,757253,0
MTE3,34252,757690,757690,0
MTE3,34254,758127,758127,0
MTE3,34256,758564,758564,0
MTE3,34258,759001,759001,0
MTE3,34260,759438,759438,0
MTE3,34262,759875,759875,0
MTE3,34264,760312,760312,0
MTE3,34266,760749,760749,0
MTE3,34268,761186,761186,0
MTE3,34270,761623,761623,0
MTE3,34272,762060,762060,0
MTE3,34274,762497,762497,0
MTE3,34276,762934,762934,0
MTE3,34278,763371,763371,0
MTE3,34280,763808,763808,0
MTE3,34282,764245,764245,0
MTE3,34284,764682,764682,0
MTE3,34286,765119,765119,0
MTE3,34288,765556,765556,0
MTE3,34290,765993,765993,0
MTE3,34292,766430,766430,0
MTE3,34294,766867,766867,0
MTE3,34296,767304,767304,0
MTE3,34298,767741,767741,0
MTE3,34300,768178,768178,0
MTE3,34302,768615,768615,0
MTE3,34304,779605,779605,0
MTE3,34306,779605,779605,0
MTE3,34308,780367,780367,0
MTE3,34310,780367,780367,0
MTE3,34312,781129,781129,0
MTE3,34314,781129,781129,0
MTE3,34316,781891,781891,0
MTE3,34318,781891,781891,0
MTE3,34320,782653,782653,0
MTE3,34322,782653,782653,0
MTE3,34324,783415,783415,0
MTE3,34326,783415,783415,0
MTE3,34328,784177,784177,0
MTE3,34330,784177,784177,0
MTE3,34332,784939,784939,0
MTE3,34334,784939,784939,0
MTE3,34336,785701,785701,0
MTE3,34338,785701,785701,0
MTE3,34340,786463,786463,0
MTE3,34342,786463,786463,0
MTE3,34344,787225,787225,0
MTE3,34346,787225,787225,0
MTE3,34348,787987,787987,0
MTE3,34350,787987,787987,0
MTE3,34352,788749,788749,0
MTE3,34354,789186,789186,0
MTE3,34356,789623,789623,0
MTE3,34358,790060,790060,0
MTE3,34360,790497,790497,0
MTE3,34362,790934,790934,0
MTE3,34364,791371,791371,0
MTE3,34366,791808,791808,0
MTE3,34368,792245,792245,0
MTE3,34370,792682,792682,0
MTE3,34372,793119,793119,0
MTE3,34374,793556,793556,0
MTE3,34376,793993,793993,0
MTE3,34378,794430,794430,0
MTE3,34380,794867,794867,0
MTE3,34382,795304,795304,0
MTE3,34384,795741,795741,0
MTE3,34386,796178,796178,0
MTE3,34388,796615,796615,0
MTE3,34390,797052,797052,0
MTE3,34392,797489,797489,0
MTE3,34394,797926,797926,0
MTE3,34396,798363,798363,0
MTE3,34398,798800,798800,0
MTE3,34400,799237,799237,0
MTE3,34402,799674,799674,0
MTE3,34404,800111,800111,0
MTE3,34406,800548,800548,0
MTE3,34408,800985,800985,0
MTE3,34410,801422,801422,0
MTE3,34412,801859,801859,0
MTE3,34414,802296,802296,0
MTE3,34416,802733,802733,0
MTE3,34418,803170,803170,0
MTE3,34420,803607,803607,0
MTE3,34422,804044,804044,0
MTE3,34424,804481,804481,0
MTE3,34426,804918,804918,0
MTE3,34428,805355,805355,0
MTE3,34430,805792,805792,0
MTE3,34432,806229,806229,0
MTE3,34434,806666,806666,0
MTE3,34436,807103,807103,0
MTE3,34438,807540,807540,0
MTE3,34440,807977,807977,0
MTE3,34442,808414,808414,0
MTE3,34444,808851,808851,0
MTE3,34446,809288,809288,0
MTE3,34448,809725,809725,0
MTE3,34450,810162,810162,0
MTE3,34452,810599,810599,0
MTE3,34454,811036,811036,0
MTE3,34456,811473,811473,0
MTE3,34458,811910,811910,0
MTE3,34460,812347,812347,0
MTE3,34462,812784,812784,0
MTE3,34464,813221,813221,0
MTE3,34466,813658,813658,0
MTE3,34468,814095,814095,0
MTE3,34470,814532,814532,0
MTE3,34472,814969,814969,0
MTE3,34474,815406,815406,0
MTE3,34476,815843,815843,0
MTE3,34478,816280,816280,0
MTE3,34480,816717,816717,0
MTE3,34482,817154,817154,0
MTE3,34484,817591,817591,0
MTE3,34486,818028,818028,0
MTE3,34488,818465,818465,0
MTE3,34490,818902,818902,0
MTE3,34492,819339,819339,0
MTE3,34494,819776,819776,0
MTE3,34496,820213,820213,0
MTE3,34498,820650,820650,0
MTE3,34500,821087,821087,0
MTE3,34502,821524,821524,0
MTE3,34504,821961,821961,0
MTE3,34506,822398,822398,0
MTE3,34508,822835,822835,0
MTE3,34510,823272,823272,0
MTE3,34512,823709,823709,0
MTE3,34514,824146,824146,0
MTE3,34516,824583,824583,0
MTE3,34518,825020,825020,0
MTE3,34520,825457,825457,0
MTE3,34522,825894,825894,0
MTE3,34524,826331,826331,0
MTE3,34526,826768,826768,0
MTE3,34528,827205,827205,0
MTE3,34530,827642,827642,0
MTE3,34532,828079,828079,0
MTE3,34534,828516,828516,0
MTE3,34536,828953,828953,0
MTE3,34538,829390,829390,0
MTE3,34540,829827,829827,0
MTE3,34542,830264,830264,0
MTE3,34544,830701,830701,0
MTE3,34546,831138,831138,0
MTE3,34548,831575,831575,0
MTE3,34550,832012,832012,0
MTE3,34552,832449,832449,0
MTE3,34554,832886,832886,0
MTE3,34556,833323,833323,0
MTE3,34558,833760,833760,0
MTE3,34560,834197,834197,0
MTE3,34562,834634,834634,0
MTE3,34564,835071,835071,0
MTE3,34566,835508,835508,0
MTE3,34568,835945,835945,0
MTE3,34570,836382,836382,0
MTE3,34572,836819,836819,0
MTE3,34574,837256,837256,0
MTE3,34576,837693,837693,0
MTE3,34578,838130,838130,0
MTE3,34580,838567,838567,0
MTE3,34582,839004,839004,0
MTE3,34584,839441,839441,0
MTE3,34586,839878,839878,0
MTE3,34588,840315,840315,0
MTE3,34590,840752,840752,0
MTE3,34592,841189,841189,0
MTE3,34594,841626,841626,0
MTE3,34596,842063,842063,0
MTE3,34598,842500,842500,0
MTE3,34600,842937,842937,0
MTE3,34602,843374,843374,0
MTE3,34604,843811,843811,0
MTE3,34606,844248,844248,0
MTE3,34608,844685,844685,0
MTE3,34610,845122,845122,0
MTE3,34612,845559,845559,0
MTE3,34614,845996,845996,0
MTE3,34616,846433,846433,0
MTE3,34618,846870,846870,0
MTE3,34620,847307,847307,0
MTE3,34622,847744,847744,0
MTE3,34624,848181,848181,0
MTE3,34626,848618,848618,0
MTE3,34628,849055,849055,0
MTE3,34630,849492,849492,0
MTE3,34632,849929,849929,0
MTE3,34634,850366,850366,0
MTE3,34636,850803,850803,0
MTE3,34638,851240,851240,0
MTE3,34640,851677,851677,0
MTE3,34642,852114,852114,0
MTE3,34644,852551,852551,0
MTE3,34646,852988,852988,0
MTE3,34648,853425,853425,0
MTE3,34650,853862,853862,0
MTE3,34652,854299,854299,0
MTE3,34654,854736,854736,0
MTE3,34656,855173,855173,0
MTE3,34658,855610,855610,0
MTE3,34660,856047,856047,0
MTE3,34662,856484,856484,0
MTE3,34664,856921,856921,0
MTE3,34666,857358,857358,0
MTE3,34668,857795,857795,0
MTE3,34670,858232,858232,0
MTE3,34672,858669,858669,0
MTE3,34674,859106,859106,0
MTE3,34676,859543,859543,0
MTE3,34678,859980,859980,0
MTE3,34680,860417,860417,0
MTE3,34682,860854,860854,0
MTE3,34684,861291,861291,0
MTE3,34686,861728,861728,0
MTE3,34688,862165,862165,0
MTE3,34690,862602,862602,0
MTE3,34692,863039,863039,0
MTE3,34694,863476,863476,0
MTE3,34696,863913,863913,0
MTE3,34698,864350,864350,0
MTE3,34700,864787,864787,0
MTE3,34702,865224,865224,0
MTE3,34704,865661,865661,0
MTE3,34706,866098,866098,0
MTE3,34708,866535,866535,0
MTE3,34710,866972,866972,0
MTE3,34712,867409,867409,0
MTE3,34714,867846,867846,0
MTE3,34716,868283,868283,0
MTE3,34718,868720,868720,0
MTE3,34720,869157,869157,0
MTE3,34722,869594,869594,0
MTE3,34724,870031,870031,0
MTE3,34726,870468,870468,0
MTE3,34728,870905,870905,0
MTE3,34730,871342,871342,0
MTE3,34732,871779,871779,0
MTE3,34734,872216,872216,0
MTE3,34736,872653,872653,0
MTE3,34738,873090,873090,0
MTE3,34740,873527,873527,0
MTE3,34742,873964,873964,0
MTE3,34744,874401,874401,0
MTE3,34746,874838,874838,0
MTE3,34748,875275,875275,0
MTE3,34750,875712,875712,0
MTE3,34752,876149,876149,0
MTE3,34754,876586,876586,0
MTE3,34756,877023,877023,0
MTE3,34758,877460,877460,0
MTE3,34760,877897,877897,0
MTE3,34762,878334,878334,0
MTE3,34764,878771,878771,0
MTE3,34766,879208,879208,0
MTE3,34768,879645,879645,0
MTE3,34770,880082,880082,0
MTE3,34772,880519,880519,0
MTE3,34774,880956,880956,0
MTE3,34776,881393,881393,0
MTE3,34778,881830,881830,0
MTE3,34780,882267,882267,0
MTE3,34782,882704,882704,0
MTE3,34784,893559,893559,0
MTE3,34786,894290,894290,0
MTE3,34788,894290,894290,0
MTE3,34790,895052,895052,0
MTE3,34792,895052,895052,0
MTE3,34794,895814,895814,0
MTE3,34796,895814,895814,0
MTE3,34798,896576,896576,0
MTE3,34800,896576,896576,0
MTE3,34802,897338,897338,0
MTE3,34804,897338,897338,0
MTE3,34806,898100,898100,0
MTE3,34808,898100,898100,0
MTE3,34810,898862,898862,0
MTE3,34812,898862,898862,0
MTE3,34814,899624,899624,0
MTE3,34816,899624,899624,0
MTE3,34818,900386,900386,0
MTE3,34820,900386,900386,0
MTE3,34822,901148,901148,0
MTE3,34824,901148,901148,0
MTE3,34826,901910,901910,0
MTE3,34828,901910,901910,0
MTE3,34830,902672,902672,0
MTE3,34832,902672,902672,0
MTE3,34834,903434,903434,0
MTE3,34836,903871,903871,0
MTE3,34838,904308,904308,0
MTE3,34840,904745,904745,0
MTE3,34842,905182,905182,0
MTE3,34844,905619,905619,0
MTE3,34846,906056,906056,0
MTE3,34848,906493,906493,0
MTE3,34850,906930,906930,0
MTE3,34852,907367,907367,0
MTE3,34854,907804,907804,0
MTE3,34856,908241,908241,0
MTE3,34858,908678,908678,0
MTE3,34860,909115,909115,0
MTE3,34862,909552,909552,0
MTE3,34864,909989,909989,0
MTE3,34866,910426,910426,0
MTE3,34868,910863,910863,0
MTE3,34870,911300,911300,0
MTE3,34872,911737,911737,0
MTE3,34874,912174,912174,0
MTE3,34876,912611,912611,0
MTE3,34878,913048,913048,0
MTE3,34880,913485,913485,0
MTE3,34882,913922,913922,0
MTE3,34884,914359,914359,0
MTE3,34886,914796,914796,0
MTE3,34888,915233,915233,0
MTE3,34890,915670,915670,0
MTE3,34892,916107,916107,0
MTE3,34894,916544,916544,0
MTE3,34896,916981,916981,0
MTE3,34898,917418,917418,0
MTE3,34900,917855,917855,0
MTE3,34902,918292,918292,0
MTE3,34904,918729,918729,0
MTE3,34906,919166,919166,0
MTE3,34908,919603,919603,0
MTE3,34910,920040,920040,0
MTE3,34912,920477,920477,0
MTE3,34914,920914,920914,0
MTE3,34916,921351,921351,0
MTE3,34918,921788,921788,0
MTE3,34920,922225,922225,0
MTE3,34922,922662,922662,0
MTE3,34924,923099,923099,0
MTE3,34926,923536,923536,0
MTE3,34928,923973,923973,0
MTE3,34930,924410,924410,0
MTE3,34932,924847,924847,0
MTE3,34934,925284,925284,0
MTE3,34936,925721,925721,0
MTE3,34938,926158,926158,0
MTE3,34940,926595,926595,0
MTE3,34942,927032,927032,0
MTE3,34944,927469,927469,0
MTE3,34946,927906,927906,0
MTE3,34948,928343,928343,0
MTE3,34950,928780,928780,0
MTE3,34952,929217,929217,0
MTE3,34954,929654,929654,0
MTE3,34956,930091,930091,0
MTE3,34958,930528,930528,0
MTE3,34960,930965,930965,0
MTE3,34962,931402,931402,0
MTE3,34964,931839,931839,0
MTE3,34966,932276,932276,0
MTE3,34968,932713,932713,0
MTE3,34970,933150,933150,0
MTE3,34972,933587,933587,0
MTE3,34974,934024,934024,0
MTE3,34976,934461,934461,0
MTE3,34978,934898,934898,0
MTE3,34980,935335,935335,0
MTE3,34982,935772,935772,0
MTE3,34984,936209,936209,0
MTE3,34986,936646,936646,0
MTE3,34988,937083,937083,0
MTE3,34990,937520,937520,0
MTE3,34992,937957,937957,0
MTE3,34994,938394,938394,0
MTE3,34996,938831,938831,0
MTE3,34998,939268,939268,0
MTE3,35000,939705,939705,0
MTE3,35002,940142,940142,0
MTE3,35004,940579,940579,0
MTE3,35006,941016,941016,0
MTE3,35008,941453,941453,0
MTE3,35010,941890,941890,0
MTE3,35012,942327,942327,0
MTE3,35014,942764,942764,0
MTE3,35016,943201,943201,0
MTE3,35018,943638,943638,0
MTE3,35020,944075,944075,0
MTE3,35022,944512,944512,0
MTE3,35024,944949,944949,0
MTE3,35026,945386,945386,0
MTE3,35028,945823,945823,0
MTE3,35030,946260,946260,0
MTE3,35032,946697,946697,0
MTE3,35034,947134,947134,0
MTE3,35036,947571,947571,0
MTE3,35038,948008,948008,0
MTE3,35040,948445,948445,0
MTE3,35042,948882,948882,0
MTE3,35044,949319,949319,0
MTE3,35046,949756,949756,0
MTE3,35048,950193,950193,0
MTE3,35050,950630,950630,0
MTE3,35052,951067,951067,0
MTE3,35054,951504,951504,0
MTE3,35056,951941,951941,0
MTE3,35058,952378,952378,0
MTE3,35060,952815,952815,0
MTE3,35062,953252,953252,0
MTE3,35064,953689,953689,0
MTE3,35066,954126,954126,0
MTE3,35068,954563,954563,0
MTE3,35070,955000,955000,0
MTE3,35072,955437,955437,0
MTE3,35074,955874,955874,0
MTE3,35076,956311,956311,0
MTE3,35078,956748,956748,0
MTE3,35080,957185,957185,0
MTE3,35082,957622,957622,0
MTE3,35084,958059,958059,0
MTE3,35086,958496,958496,0
MTE3,35088,958933,958933,0
MTE3,35090,959370,959370,0
MTE3,35092,959807,959807,0
MTE3,35094,960244,960244,0
MTE3,35096,960681,960681,0
MTE3,35098,961118,961118,0
MTE3,35100,961555,961555,0
MTE3,35102,961992,961992,0
MTE3,35104,962429,962429,0
MTE3,35106,962866,962866,0
MTE3,35108,963303,963303,0
MTE3,35110,963740,963740,0
MTE3,35112,964177,964177,0
MTE3,35114,964614,964614,0
MTE3,35116,965051,965051,0
MTE3,35118,965488,965488,0
MTE3,35120,965925,965925,0
MTE3,35122,966362,966362,0
MTE3,35124,966799,966799,0
MTE3,35126,967236,967236,0
MTE3,35128,967673,967673,0
MTE3,35130,968110,968110,0
MTE3,35132,968547,968547,0
MTE3,35134,968984,968984,0
MTE3,35136,969421,969421,0
MTE3,35138,969858,969858,0
MTE3,35140,970295,970295,0
MTE3,35142,970732,970732,0
MTE3,35144,971169,971169,0
MTE3,35146,971606,971606,0
MTE3,35148,972043,972043,0
MTE3,35150,972480,972480,0
MTE3,35152,972917,972917,0
MTE3,35154,973354,973354,0
MTE3,35156,973791,973791,0
MTE3,35158,974228,974228,0
MTE3,35160,974665,974665,0
MTE3,35162,975102,975102,0
MTE3,35164,975539,975539,0
MTE3,35166,975976,975976,0
MTE3,35168,976413,976413,0
MTE3,35170,976850,976850,0
MTE3,35172,977287,977287,0
MTE3,35174,977724,977724,0
MTE3,35176,978161,978161,0
MTE3,35178,978598,978598,0
MTE3,35180,979035,979035,0
MTE3,35182,979472,979472,0
MTE3,35184,979909,979909,0
MTE3,35186,980346,980346,0
MTE3,35188,980783,980783,0
MTE3,35190,981220,981220,0
MTE3,35192,981657,981657,0
MTE3,35194,982094,982094,0
MTE3,35196,982531,982531,0
MTE3,35198,982968,982968,0
MTE3,35200,983405,983405,0
MTE3,35202,983842,983842,0
MTE3,35204,984279,984279,0
MTE3,35206,984716,984716,0
MTE3,35208,985153,985153,0
MTE3,35210,985590,985590,0
MTE3,35212,986027,986027,0
MTE3,35214,986464,986464,0
MTE3,35216,986901,986901,0
MTE3,35218,987338,987338,0
MTE3,35220,987775,987775,0
MTE3,35222,988212,988212,0
MTE3,35224,988649,988649,0
MTE3,35226,989086,989086,0
MTE3,35228,989523,989523,0
MTE3,35230,989960,989960,0
MTE3,35232,990397,990397,0
MTE3,35234,990834,990834,0
MTE3,35236,991271,991271,0
MTE3,35238,991708,991708,0
MTE3,35240,992145,992145,0
MTE3,35242,992582,992582,0
MTE3,35244,993019,993019,0
MTE3,35246,993456,993456,0
MTE3,35248,993893,993893,0
MTE3,35250,994330,994330,0
MTE3,35252,994767,994767,0
MTE3,35254,995204,995204,0
MTE3,35256,995641,995641,0
MTE3,35258,996078,996078,0
MTE3,35260,996515,996515,0
MTE3,35262,996952,996952,0
MTE3,35264,1008403,1008403,0
MTE3,35266,1008403,1008403,0
MTE3,35268,1009165,1009165,0
MTE3,35270,1009165,1009165,0
MTE3,35272,1009927,1009927,0
MTE3,35274,1009927,1009927,0
MTE3,35276,1010689,1010689,0
MTE3,35278,1010689,1010689,0
MTE3,35280,1011451,1011451,0
MTE3,35282,1011451,1011451,0
MTE3,35284,1012213,1012213,0
MTE3,35286,1012213,1012213,0
MTE3,35288,1012975,1012975,0
MTE3,35290,1012975,1012975,0
MTE3,35292,1013737,1013737,0
MTE3,35294,1013737,1013737,0
MTE3,35296,1014499,1014499,0
MTE3,35298,1014499,1014499,0
MTE3,35300,1015261,1015261,0
MTE3,35302,1015261,1015261,0
MTE3,35304,1016023,1016023,0
MTE3,35306,1016023,1016023,0
MTE3,35308,1016785,1016785,0
MTE3,35310,1016785,1016785,0
MTE3,35312,1017547,1017547,0
MTE3,35314,1017547,1017547,0
MTE3,35316,1018309,1018309,0
MTE3,35318,1018746,1018746,0
MTE3,35320,1019183,1019183,0
MTE3,35322,1019620,1019620,0
MTE3,35324,1020057,1020057,0
MTE3,35326,1020494,1020494,0
MTE3,35328,1020931,1020931,0
MTE3,35330,1021368,1021368,0
MTE3,35332,1021805,1021805,0
MTE3,35334,1022242,1022242,0
MTE3,35336,1022679,1022679,0
MTE3,35338,1023116,1023116,0
MTE3,35340,1023553,1023553,0
MTE3,35342,1023990,1023990,0
MTE3,35344,1024427,1024427,0
MTE3,35346,1024864,1024864,0
MTE3,35348,1025301,1025301,0
MTE3,35350,1025738,1025738,0
MTE3,35352,1026175,1026175,0
MTE3,35354,1026612,1026612,0
MTE3,35356,1027049,1027049,0
MTE3,35358,1027486,1027486,0
MTE3,35360,1027923,1027923,0
MTE3,35362,1028360,1028360,0
MTE3,35364,1028797,1028797,0
MTE3,35366,1029234,1029234,0
MTE3,35368,1029671,1029671,0
MTE3,35370,1030108,1030108,0
MTE3,35372,1030545,1030545,0
MTE3,35374,1030982,1030982,0
MTE3,35376,1031419,1031419,0
MTE3,35378,1031856,1031856,0
MTE3,35380,1032293,1032293,0
MTE3,35382,1032730,1032730,0
MTE3,35384,1033167,1033167,0
MTE3,35386,1033604,1033604,0
MTE3,35388,1034041,1034041,0
MTE3,35390,1034478,1034478,0
MTE3,35392,1034915,1034915,0
MTE3,35394,1035352,1035352,0
MTE3,35396,1035789,1035789,0
MTE3,35398,1036226,1036226,0
MTE3,35400,1036663,1036663,0
MTE3,35402,1037100,1037100,0
MTE3,35404,1037537,1037537,0
MTE3,35406,1037974,1037974,0
MTE3,35408,1038411,1038411,0
MTE3,35410,1038848,1038848,0
MTE3,35412,1039285,1039285,0
MTE3,35414,1039722,1039722,0
MTE3,35416,1040159,1040159,0
MTE3,35418,1040596,1040596,0
MTE3,35420,1041033,1041033,0
MTE3,35422,1041470,1041470,0
MTE3,35424,1041907,1041907,0
MTE3,35426,1042344,1042344,0
MTE3,35428,1042781,1042781,0
MTE3,35430,1043218,1043218,0
MTE3,35432,1043655,1043655,0
MTE3,35434,1044092,1044092,0
MTE3,35436,1044529,1044529,0
MTE3,35438,1044966,1044966,0
MTE3,35440,1045403,1045403,0
MTE3,35442,1045840,1045840,0
MTE3,35444,1046277,1046277,0
MTE3,35446,1046714,1046714,0
MTE3,35448,1047151,1047151,0
MTE3,35450,1047588,1047588,0
MTE3,35452,1048025,1048025,0
MTE3,35454,1048462,1048462,0
MTE3,35456,1048899,1048899,0
MTE3,35458,1049336,1049336,0
MTE3,35460,1049773,1049773,0
MTE3,35462,1050210,1050210,0
MTE3,35464,1050647,1050647,0
MTE3,35466,1051084,1051084,0
MTE3,35468,1051521,1051521,0
MTE3,35470,1051958,1051958,0
MTE3,35472,1052395,1052395,0
MTE3,35474,1052832,1052832,0
MTE3,35476,1053269,1053269,0
MTE3,35478,1053706,1053706,0
MTE3,35480,1054143,1054143,0
MTE3,35482,1054580,1054580,0
MTE3,35484,1055017,1055017,0
MTE3,35486,1055454,1055454,0
MTE3,35488,1055891,1055891,0
MTE3,35490,1056328,1056328,0
MTE3,35492,1056765,1056765,0
MTE3,35494,1057202,1057202,0
MTE3,35496,1057639,1057639,0
MTE3,35498,1058076,1058076,0
MTE3,35500,1058513,1058513,0
MTE3,35502,1058950,1058950,0
MTE3,35504,1059387,1059387,0
MTE3,35506,1059824,1059824,0
MTE3,35508,1060261,1060261,0
MTE3,35510,1060698,1060698,0
MTE3,35512,1061135,1061135,0
MTE3,35514,1061572,1061572,0
MTE3,35516,1062009,1062009,0
MTE3,35518,1062446,1062446,0
MTE3,35520,1062883,1062883,0
MTE3,35522,1063320,1063320,0
MTE3,35524,1063757,1063757,0
MTE3,35526,1064194,1064194,0
MTE3,35528,1064631,1064631,0
MTE3,35530,1065068,1065068,0
MTE3,35532,1065505,1065505,0
MTE3,35534,1065942,1065942,0
MTE3,35536,1066379,1066379,0
MTE3,35538,1066816,1066816,0
MTE3,35540,1067253,1067253,0
MTE3,35542,1067690,1067690,0
MTE3,35544,1068127,1068127,0
MTE3,35546,1068564,1068564,0
MTE3,35548,1069001,1069001,0
MTE3,35550,1069438,1069438,0
MTE3,35552,1069875,1069875,0
MTE3,35554,1070312,1070312,0
MTE3,35556,1070749,1070749,0
MTE3,35558,1071186,1071186,0
MTE3,35560,1071623,1071623,0
MTE3,35562,1072060,1072060,0
MTE3,35564,1072497,1072497,0
MTE3,35566,1072934,1072934,0
MTE3,35568,1073371,1073371,0
MTE3,35570,1073808,1073808,0
MTE3,35572,1074245,1074245,0
MTE3,35574,1074682,1074682,0
MTE3,35576,1075119,1075119,0
MTE3,35578,1075556,1075556,0
MTE3,35580,1075993,1075993,0
MTE3,35582,1076430,1076430,0
MTE3,35584,1076867,1076867,0
MTE3,35586,1077304,1077304,0
MTE3,35588,1077741,1077741,0
MTE3,35590,1078178,1078178,0
MTE3,35592,1078615,1078615,0
MTE3,35594,1079052,1079052,0
MTE3,35596,1079489,1079489,0
MTE3,35598,1079926,1079926,0
MTE3,35600,1080363,1080363,0
MTE3,35602,1080800,1080800,0
MTE3,35604,1081237,1081237,0
MTE3,35606,1081674,1081674,0
MTE3,35608,1082111,1082111,0
MTE3,35610,1082548,1082548,0
MTE3,35612,1082985,1082985,0
MTE3,35614,1083422,1083422,0
MTE3,35616,1083859,1083859,0
MTE3,35618,1084296,1084296,0
MTE3,35620,1084733,1084733,0
MTE3,35622,1085170,1085170,0
MTE3,35624,1085607,1085607,0
MTE3,35626,1086044,1086044,0
MTE3,35628,1086481,1086481,0
MTE3,35630,1086918,1086918,0
MTE3,35632,1087355,1087355,0
MTE3,35634,1087792,1087792,0
MTE3,35636,1088229,1088229,0
MTE3,35638,1088666,1088666,0
MTE3,35640,1089103,1089103,0
MTE3,35642,1089540,1089540,0
MTE3,35644,1089977,1089977,0
MTE3,35646,1090414,1090414,0
MTE3,35648,1090851,1090851,0
MTE3,35650,1091288,1091288,0
MTE3,35652,1091725,1091725,0
MTE3,35654,1092162,1092162,0
MTE3,35656,1092599,1092599,0
MTE3,35658,1093036,1093036,0
MTE3,35660,1093473,1093473,0
MTE3,35662,1093910,1093910,0
MTE3,35664,1094347,1094347,0
MTE3,35666,1094784,1094784,0
MTE3,35668,1095221,1095221,0
MTE3,35670,1095658,1095658,0
MTE3,35672,1096095,1096095,0
MTE3,35674,1096532,1096532,0
MTE3,35676,1096969,1096969,0
MTE3,35678,1097406,1097406,0
MTE3,35680,1097843,1097843,0
MTE3,35682,1098280,1098280,0
MTE3,35684,1098717,1098717,0
MTE3,35686,1099154,1099154,0
MTE3,35688,1099591,1099591,0
MTE3,35690,1100028,1100028,0
MTE3,35692,1100465,1100465,0
MTE3,35694,1100902,1100902,0
MTE3,35696,1101339,1101339,0
MTE3,35698,1101776,1101776,0
MTE3,35700,1102213,1102213,0
MTE3,35702,1102650,1102650,0
MTE3,35704,1103087,1103087,0
MTE3,35706,1103524,1103524,0
MTE3,35708,1103961,1103961,0
MTE3,35710,1104398,1104398,0
MTE3,35712,1104835,1104835,0
MTE3,35714,1105272,1105272,0
MTE3,35716,1105709,1105709,0
MTE3,35718,1106146,1106146,0
MTE3,35720,1106583,1106583,0
MTE3,35722,1107020,1107020,0
MTE3,35724,1107457,1107457,0
MTE3,35726,1107894,1107894,0
MTE3,35728,1108331,1108331,0
MTE3,35730,1108768,1108768,0
MTE3,35732,1109205,1109205,0
MTE3,35734,1109642,1109642,0
MTE3,35736,1110079,1110079,0
MTE3,35738,1110516,1110516,0
MTE3,35740,1110953,1110953,0
MTE3,35742,1111390,1111390,0
MTE3,35744,1122706,1122706,0
MTE3,35746,1123437,1123437,0
MTE3,35748,1123437,1123437,0
MTE3,35750,1124199,1124199,0
MTE3,35752,1124199,1124199,0
MTE3,35754,1124961,1124961,0
MTE3,35756,1124961,1124961,0
MTE3,35758,1125723,1125723,0
MTE3,35760,1125723,1125723,0
MTE3,35762,1126485,1126485,0
MTE3,35764,1126485,1126485,0
MTE3,35766,1127247,1127247,0
MTE3,35768,1127247,1127247,0
MTE3,35770,1128009,1128009,0
MTE3,35772,1128009,1128009,0
MTE3,35774,1128771,1128771,0
MTE3,35776,1128771,1128771,0
MTE3,35778,1129533,1129533,0
MTE3,35780,1129533,1129533,0
MTE3,35782,1130295,1130295,0
MTE3,35784,1130295,1130295,0
MTE3,35786,1131057,1131057,0
MTE3,35788,1131057,1131057,0
MTE3,35790,1131819,1131819,0
MTE3,35792,1131819,1131819,0
MTE3,35794,1132581,1132581,0
MTE3,35796,1132581,1132581,0
MTE3,35798,1133343,1133343,0
MTE3,35800,1133780,1133780,0
MTE3,35802,1134217,1134217,0
MTE3,35804,1134654,1134654,0
MTE3,35806,1135091,1135091,0
MTE3,35808,1135528,1135528,0
MTE3,35810,1135965,1135965,0
MTE3,35812,1136402,1136402,0
MTE3,35814,1136839,1136839,0
MTE3,35816,1137276,1137276,0
MTE3,35818,1137713,1137713,0
MTE3,35820,1138150,1138150,0
MTE3,35822,1138587,1138587,0
MTE3,35824,1139024,1139024,0
MTE3,35826,1139461,1139461,0
MTE3,35828,1139898,1139898,0
MTE3,35830,1140335,1140335,0
MTE3,35832,1140772,1140772,0
MTE3,35834,1141209,1141209,0
MTE3,35836,1141646,1141646,0
MTE3,35838,1142083,1142083,0
MTE3,35840,1142520,1142520,0
MTE3,35842,1142957,1142957,0
MTE3,35844,1143394,1143394,0
MTE3,35846,1143831,1143831,0
MTE3,35848,1144268,1144268,0
MTE3,35850,1144705,1144705,0
MTE3,35852,1145142,1145142,0
MTE3,35854,1145579,1145579,0
MTE3,35856,1146016,1146016,0
MTE3,35858,1146453,1146453,0
MTE3,35860,1146890,1146890,0
MTE3,35862,1147327,1147327,0
MTE3,35864,1147764,1147764,0
MTE3,35866,1148201,1148201,0
MTE3,35868,1148638,1148638,0
MTE3,35870,1149075,1149075,0
MTE3,35872,1149512,1149512,0
MTE3,35874,1149949,1149949,0
MTE3,35876,1150386,1150386,0
MTE3,35878,1150823,1150823,0
MTE3,35880,1151260,1151260,0
MTE3,35882,1151697,1151697,0
MTE3,35884,1152134,1152134,0
MTE3,35886,1152571,1152571,0
MTE3,35888,1153008,1153008,0
MTE3,35890,1153445,1153445,0
MTE3,35892,1153882,1153882,0
MTE3,35894,1154319,1154319,0
MTE3,35896,1154756,1154756,0
MTE3,35898,1155193,1155193,0
MTE3,35900,1155630,1155630,0
MTE3,35902,1156067,1156067,0
MTE3,35904,1156504,1156504,0
MTE3,35906,1156941,1156941,0
MTE3,35908,1157378,1157378,0
MTE3,35910,1157815,1157815,0
MTE3,35912,1158252,1158252,0
MTE3,35914,1158689,1158689,0
MTE3,35916,1159126,1159126,0
MTE3,35918,1159563,1159563,0
MTE3,35920,1160000,1160000,0
MTE3,35922,1160437,1160437,0
MTE3,35924,1160874,1160874,0
MTE3,35926,1161311,1161311,0
MTE3,35928,1161748,1161748,0
MTE3,35930,1162185,1162185,0
MTE3,35932,1162622,1162622,0
MTE3,35934,1163059,1163059,0
MTE3,35936,1163496,1163496,0
MTE3,35938,1163933,1163933,0
MTE3,35940,1164370,1164370,0
MTE3,35942,1164807,1164807,0
MTE3,35944,1165244,1165244,0
MTE3,35946,1165681,1165681,0
MTE3,35948,1166118,1166118,0
MTE3,35950,1166555,1166555,0
MTE3,35952,1166992,1166992,0
MTE3,35954,1167429,1167429,0
MTE3,35956,1167866,1167866,0
MTE3,35958,1168303,1168303,0
MTE3,35960,1168740,1168740,0
MTE3,35962,1169177,1169177,0
MTE3,35964,1169614,1169614,0
MTE3,35966,1170051,1170051,0
MTE3,35968,1170488,1170488,0
MTE3,35970,1170925,1170925,0
MTE3,35972,1171362,1171362,0
MTE3,35974,1171799,1171799,0
MTE3,35976,1172236,1172236,0
MTE3,35978,1172673,1172673,0
MTE3,35980,1173110,1173110,0
MTE3,35982,1173547,1173547,0
MTE3,35984,1173984,1173984,0
MTE3,35986,1174421,1174421,0
MTE3,35988,1174858,1174858,0
MTE3,35990,1175295,1175295,0
MTE3,35992,1175732,1175732,0
MTE3,35994,1176169,1176169,0
MTE3,35996,1176606,1176606,0
MTE3,35998,1177043,1177043,0
MTE3,36000,1177480,1177480,0
MTE3,36002,1177917,1177917,0
MTE3,36004,1178354,1178354,0
MTE3,36006,1178791,1178791,0
MTE3,36008,1179228,1179228,0
MTE3,36010,1179665,1179665,0
MTE3,36012,1180102,1180102,0
MTE3,36014,1180539,1180539,0
MTE3,36016,1180976,1180976,0
MTE3,36018,1181413,1181413,0
MTE3,36020,1181850,1181850,0
MTE3,36022,1182287,1182287,0
MTE3,36024,1182724,1182724,0
MTE3,36026,1183161,1183161,0
MTE3,36028,1183598,1183598,0
MTE3,36030,1184035,1184035,0
MTE3,36032,1184472,1184472,0
MTE3,36034,1184909,1184909,0
MTE3,36036,1185346,1185346,0
MTE3,36038,1185783,1185783,0
MTE3,36040,1186220,1186220,0
MTE3,36042,1186657,1186657,0
MTE3,36044,1187094,1187094,0
MTE3,36046,1187531,1187531,0
MTE3,36048,1187968,1187968,0
MTE3,36050,1188405,1188405,0
MTE3,36052,1188842,1188842,0
MTE3,36054,1189279,1189279,0
MTE3,36056,1189716,1189716,0
MTE3,36058,1190153,1190153,0
MTE3,36060,1190590,1190590,0
MTE3,36062,1191027,1191027,0
MTE3,36064,1191464,1191464,0
MTE3,36066,1191901,1191901,0
MTE3,36068,1192338,1192338,0
MTE3,36070,1192775,1192775,0
MTE3,36072,1193212,1193212,0
MTE3,36074,1193649,1193649,0
MTE3,36076,1194086,1194086,0
MTE3,36078,1194523,1194523,0
MTE3,36080,1194960,1194960,0
MTE3,36082,1195397,1195397,0
MTE3,36084,1195834,1195834,0
MTE3,36086,1196271,1196271,0
MTE3,36088,1196708,1196708,0
MTE3,36090,1197145,1197145,0
MTE3,36092,1197582,1197582,0
MTE3,36094,1198019,1198019,0
MTE3,36096,1198456,1198456,0
MTE3,36098,1198893,1198893,0
MTE3,36100,1199330,1199330,0
MTE3,36102,1199767,1199767,0
MTE3,36104,1200204,1200204,0
MTE3,36106,1200641,1200641,0
MTE3,36108,1201078,1201078,0
MTE3,36110,1201515,1201515,0
MTE3,36112,1201952,1201952,0
MTE3,36114,1202389,1202389,0
MTE3,36116,1202826,1202826,0
MTE3,36118,1203263,1203263,0
MTE3,36120,1203700,1203700,0
MTE3,36122,1204137,1204137,0
MTE3,36124,1204574,1204574,0
MTE3,36126,1205011,1205011,0
MTE3,36128,1205448,1205448,0
MTE3,36130,1205885,1205885,0
MTE3,36132,1206322,1206322,0
MTE3,36134,1206759,1206759,0
MTE3,36136,1207196,1207196,0
MTE3,36138,1207633,1207633,0
MTE3,36140,1208070,1208070,0
MTE3,36142,1208507,1208507,0
MTE3,36144,1208944,1208944,0
MTE3,36146,1209381,1209381,0
MTE3,36148,1209818,1209818,0
MTE3,36150,1210255,1210255,0
MTE3,36152,1210692,1210692,0
MTE3,36154,1211129,1211129,0
MTE3,36156,1211566,1211566,0
MTE3,36158,1212003,1212003,0
MTE3,36160,1212440,1212440,0
MTE3,36162,1212877,1212877,0
MTE3,36164,1213314,1213314,0
MTE3,36166,1213751,1213751,0
MTE3,36168,1214188,1214188,0
MTE3,36170,1214625,1214625,0
MTE3,36172,1215062,1215062,0
MTE3,36174,1215499,1215499,0
MTE3,36176,1215936,1215936,0
MTE3,36178,1216373,1216373,0
MTE3,36180,1216810,1216810,0
MTE3,36182,1217247,1217247,0
MTE3,36184,1217684,1217684,0
MTE3,36186,1218121,1218121,0
MTE3,36188,1218558,1218558,0
MTE3,36190,1218995,1218995,0
MTE3,36192,1219432,1219432,0
MTE3,36194,1219869,1219869,0
MTE3,36196,1220306,1220306,0
MTE3,36198,1220743,1220743,0
MTE3,36200,1221180,1221180,0
MTE3,36202,1221617,1221617,0
MTE3,36204,1222054,1222054,0
MTE3,36206,1222491,1222491,0
MTE3,36208,1222928,1222928,0
MTE3,36210,1223365,1223365,0
MTE3,36212,1223802,1223802,0
MTE3,36214,1224239,1224239,0
MTE3,36216,1224676,1224676,0
MTE3,36218,1225113,1225113,0
MTE3,36220,1225550,1225550,0
MTE3,36222,1225987,1225987,0
MTE3,36224,1237899,1237899,0
MTE3,36226,1237899,1237899,0
MTE3,36228,1238661,1238661,0
MTE3,36230,1238661,1238661,0
MTE3,36232,1239423,1239423,0
MTE3,36234,1239423,1239423,0
MTE3,36236,1240185,1240185,0
MTE3,36238,1240185,1240185,0
MTE3,36240,1240947,1240947,0
MTE3,36242,1240947,1240947,0
MTE3,36244,1241709,1241709,0
MTE3,36246,1241709,1241709,0
MTE3,36248,1242471,1242471,0
MTE3,36250,1242471,1242471,0
MTE3,36252,1243233,1243233,0
MTE3,36254,1243233,1243233,0
MTE3,36256,1243995,1243995,0
MTE3,36258,1243995,1243995,0
MTE3,36260,1244757,1244757,0
MTE3,36262,1244757,1244757,0
MTE3,36264,1245519,1245519,0
MTE3,36266,1245519,1245519,0
MTE3,36268,1246281,1246281,0
MTE3,36270,1246281,1246281,0
MTE3,36272,1247043,1247043,0
MTE3,36274,1247043,1247043,0
MTE3,36276,1247805,1247805,0
MTE3,36278,1247805,1247805,0
MTE3,36280,1248567,1248567,0
MTE3,36282,1249004,1249004,0
MTE3,36284,1249441,1249441,0
MTE3,36286,1249878,1249878,0
MTE3,36288,1250315,1250315,0
MTE3,36290,1250752,1250752,0
MTE3,36292,1251189,1251189,0
MTE3,36294,1251626,1251626,0
MTE3,36296,1252063,1252063,0
MTE3,36298,1252500,1252500,0
MTE3,36300,1252937,1252937,0
MTE3,36302,1253374,1253374,0
MTE3,36304,1253811,1253811,0
MTE3,36306,1254248,1254248,0
MTE3,36308,1254685,1254685,0
MTE3,36310,1255122,1255122,0
MTE3,36312,1255559,1255559,0
MTE3,36314,1255996,1255996,0
MTE3,36316,1256433,1256433,0
MTE3,36318,1256870,1256870,0
MTE3,36320,1257307,1257307,0
MTE3,36322,1257744,1257744,0
MTE3,36324,1258181,1258181,0
MTE3,36326,1258618,1258618,0
MTE3,36328,1259055,1259055,0
MTE3,36330,1259492,1259492,0
MTE3,36332,1259929,1259929,0
MTE3,36334,1260366,1260366,0
MTE3,36336,1260803,1260803,0
MTE3,36338,1261240,1261240,0
MTE3,36340,1261677,1261677,0
MTE3,36342,1262114,1262114,0
MTE3,36344,1262551,1262551,0
MTE3,36346,1262988,1262988,0
MTE3,36348,1263425,1263425,0
MTE3,36350,1263862,1263862,0
MTE3,36352,1264299,1264299,0
MTE3,36354,1264736,1264736,0
MTE3,36356,1265173,1265173,0
MTE3,36358,1265610,1265610,0
MTE3,36360,1266047,1266047,0
MTE3,36362,1266484,1266484,0
MTE3,36364,1266921,1266921,0
MTE3,36366,1267358,1267358,0
MTE3,36368,1267795,1267795,0
MTE3,36370,1268232,1268232,0
MTE3,36372,1268669,1268669,0
MTE3,36374,1269106,1269106,0
MTE3,36376,1269543,1269543,0
MTE3,36378,1269980,1269980,0
MTE3,36380,1270417,1270417,0
MTE3,36382,1270854,1270854,0
MTE3,36384,1271291,1271291,0
MTE3,36386,1271728,1271728,0
MTE3,36388,1272165,1272165,0
MTE3,36390,1272602,1272602,0
MTE3,36392,1273039,1273039,0
MTE3,36394,1273476,1273476,0
MTE3,36396,1273913,1273913,0
MTE3,36398,1274350,1274350,0
MTE3,36400,1274787,1274787,0
MTE3,36402,1275224,1275224,0
MTE3,36404,1275661,1275661,0
MTE3,36406,1276098,1276098,0
MTE3,36408,1276535,1276535,0
MTE3,36410,1276972,1276972,0
MTE3,36412,1277409,1277409,0
MTE3,36414,1277846,1277846,0
MTE3,36416,1278283,1278283,0
MTE3,36418,1278720,1278720,0
MTE3,36420,1279157,1279157,0
MTE3,36422,1279594,1279594,0
MTE3,36424,1280031,1280031,0
MTE3,36426,1280468,1280468,0
MTE3,36428,1280905,1280905,0
MTE3,36430,1281342,1281342,0
MTE3,36432,1281779,1281779,0
MTE3,36434,1282216,1282216,0
MTE3,36436,1282653,1282653,0
MTE3,36438,1283090,1283090,0
MTE3,36440,1283527,1283527,0
MTE3,36442,1283964,1283964,0
MTE3,36444,1284401,1284401,0
MTE3,36446,1284838,1284838,0
MTE3,36448,1285275,1285275,0
MTE3,36450,1285712,1285712,0
MTE3,36452,1286149,1286149,0
MTE3,36454,1286586,1286586,0
MTE3,36456,1287023,1287023,0
MTE3,36458,1287460,1287460,0
MTE3,36460,1287897,1287897,0
MTE3,36462,1288334,1288334,0
MTE3,36464,1288771,1288771,0
MTE3,36466,1289208,1289208,0
MTE3,36468,1289645,1289645,0
MTE3,36470,1290082,1290082,0
MTE3,36472,1290519,1290519,0
MTE3,36474,1290956,1290956,0
MTE3,36476,1291393,1291393,0
MTE3,36478,1291830,1291830,0
MTE3,36480,1292267,1292267,0
MTE3,36482,1292704,1292704,0
MTE3,36484,1293141,1293141,0
MTE3,36486,1293578,1293578,0
MTE3,36488,1294015,1294015,0
MTE3,36490,1294452,1294452,0
MTE3,36492,1294889,1294889,0
MTE3,36494,1295326,1295326,0
MTE3,36496,1295763,1295763,0
MTE3,36498,1296200,1296200,0
MTE3,36500,1296637,1296637,0
MTE3,36502,1297074,1297074,0
MTE3,36504,1297511,1297511,0
MTE3,36506,1297948,1297948,0
MTE3,36508,1298385,1298385,0
MTE3,36510,1298822,1298822,0
MTE3,36512,1299259,1299259,0
MTE3,36514,1299696,1299696,0
MTE3,36516,1300133,1300133,0
MTE3,36518,1300570,1300570,0
MTE3,36520,1301007,1301007,0
MTE3,36522,1301444,1301444,0
MTE3,36524,1301881,1301881,0
MTE3,36526,1302318,1302318,0
MTE3,36528,1302755,1302755,0
MTE3,36530,1303192,1303192,0
MTE3,36532,1303629,1303629,0
MTE3,36534,1304066,1304066,0
MTE3,36536,1304503,1304503,0
MTE3,36538,1304940,1304940,0
MTE3,36540,1305377,1305377,0
MTE3,36542,1305814,1305814,0
MTE3,36544,1306251,1306251,0
MTE3,36546,1306688,1306688,0
MTE3,36548,1307125,1307125,0
MTE3,36550,1307562,1307562,0
MTE3,36552,1307999,1307999,0
MTE3,36554,1308436,1308436,0
MTE3,36556,1308873,1308873,0
MTE3,36558,1309310,1309310,0
MTE3,36560,1309747,1309747,0
MTE3,36562,1310184,1310184,0
MTE3,36564,1310621,1310621,0
MTE3,36566,1311058,1311058,0
MTE3,36568,1311495,1311495,0
MTE3,36570,1311932,1311932,0
MTE3,36572,1312369,1312369,0
MTE3,36574,1312806,1312806,0
MTE3,36576,1313243,1313243,0
MTE3,36578,1313680,1313680,0
MTE3,36580,1314117,1314117,0
MTE3,36582,1314554,1314554,0
MTE3,36584,1314991,1314991,0
MTE3,36586,1315428,1315428,0
MTE3,36588,1315865,1315865,0
MTE3,36590,1316302,1316302,0
MTE3,36592,1316739,1316739,0
MTE3,36594,1317176,1317176,0
MTE3,36596,1317613,1317613,0
MTE3,36598,1318050,1318050,0
MTE3,36600,1318487,1318487,0
MTE3,36602,1318924,1318924,0
MTE3,36604,1319361,1319361,0
MTE3,36606,1319798,1319798,0
MTE3,36608,1320235,1320235,0
MTE3,36610,1320672,1320672,0
MTE3,36612,1321109,1321109,0
MTE3,36614,1321546,1321546,0
MTE3,36616,1321983,1321983,0
MTE3,36618,1322420,1322420,0
MTE3,36620,1322857,1322857,0
MTE3,36622,1323294,1323294,0
MTE3,36624,1323731,1323731,0
MTE3,36626,1324168,1324168,0
MTE3,36628,1324605,1324605,0
MTE3,36630,1325042,1325042,0
MTE3,36632,1325479,1325479,0
MTE3,36634,1325916,1325916,0
MTE3,36636,1326353,1326353,0
MTE3,36638,1326790,1326790,0
MTE3,36640,1327227,1327227,0
MTE3,36642,1327664,1327664,0
MTE3,36644,1328101,1328101,0
MTE3,36646,1328538,1328538,0
MTE3,36648,1328975,1328975,0
MTE3,36650,1329412,1329412,0
MTE3,36652,1329849,1329849,0
MTE3,36654,1330286,1330286,0
MTE3,36656,1330723,1330723,0
MTE3,36658,1331160,1331160,0
MTE3,36660,1331597,1331597,0
MTE3,36662,1332034,1332034,0
MTE3,36664,1332471,1332471,0
MTE3,36666,1332908,1332908,0
MTE3,36668,1333345,1333345,0
MTE3,36670,1333782,1333782,0
MTE3,36672,1334219,1334219,0
MTE3,36674,1334656,1334656,0
MTE3,36676,1335093,1335093,0
MTE3,36678,1335530,1335530,0
MTE3,36680,1335967,1335967,0
MTE3,36682,1336404,1336404,0
MTE3,36684,1336841,1336841,0
MTE3,36686,1337278,1337278,0
MTE3,36688,1337715,1337715,0
MTE3,36690,1338152,1338152,0
MTE3,36692,1338589,1338589,0
MTE3,36694,1339026,1339026,0
MTE3,36696,1339463,1339463,0
MTE3,36698,1339900,1339900,0
MTE3,36700,1340337,1340337,0
MTE3,36702,1340774,1340774,0
MTE3,36704,1352551,1352551,0
MTE3,36706,1353282,1353282,0
MTE3,36708,1353282,1353282,0
MTE3,36710,1354044,1354044,0
MTE3,36712,1354044,1354044,0
MTE3,36714,1354806,1354806,0
MTE3,36716,1354806,1354806,0
MTE3,36718,1355568,1355568,0
MTE3,36720,1355568,1355568,0
MTE3,36722,1356330,1356330,0
MTE3,36724,1356330,1356330,0
MTE3,36726,1357092,1357092,0
MTE3,36728,1357092,1357092,0
MTE3,36730,1357854,1357854,0
MTE3,36732,1357854,1357854,0
MTE3,36734,1358616,1358616,0
MTE3,36736,1358616,1358616,0
MTE3,36738,1359378,1359378,0
MTE3,36740,1359378,1359378,0
MTE3,36742,1360140,1360140,0
MTE3,36744,1360140,1360140,0
MTE3,36746,1360902,1360902,0
MTE3,36748,1360902,1360902,0
MTE3,36750,1361664,1361664,0
MTE3,36752,1361664,1361664,0
MTE3,36754,1362426,1362426,0
MTE3,36756,1362426,1362426,0
MTE3,36758,1363188,1363188,0
MTE3,36760,1363188,1363188,0
MTE3,36762,1363950,1363950,0
MTE3,36764,1364387,1364387,0
MTE3,36766,1364824,1364824,0
MTE3,36768,1365261,1365261,0
MTE3,36770,1365698,1365698,0
MTE3,36772,1366135,1366135,0
MTE3,36774,1366572,1366572,0
MTE3,36776,1367009,1367009,0
MTE3,36778,1367446,1367446,0
MTE3,36780,1367883,1367883,0
MTE3,36782,1368320,1368320,0
MTE3,36784,1368757,1368757,0
MTE3,36786,1369194,1369194,0
MTE3,36788,1369631,1369631,0
MTE3,36790,1370068,1370068,0
MTE3,36792,1370505,1370505,0
MTE3,36794,1370942,1370942,0
MTE3,36796,1371379,1371379,0
MTE3,36798,1371816,1371816,0
MTE3,36800,1372253,1372253,0
MTE3,36802,1372690,1372690,0
MTE3,36804,1373127,1373127,0
MTE3,36806,1373564,1373564,0
MTE3,36808,1374001,1374001,0
MTE3,36810,1374438,1374438,0
MTE3,36812,1374875,1374875,0
MTE3,36814,1375312,1375312,0
MTE3,36816,1375749,1375749,0
MTE3,36818,1376186,1376186,0
MTE3,36820,1376623,1376623,0
MTE3,36822,1377060,1377060,0
MTE3,36824,1377497,1377497,0
MTE3,36826,1377934,1377934,0
MTE3,36828,1378371,1378371,0
MTE3,36830,1378808,1378808,0
MTE3,36832,1379245,1379245,0
MTE3,36834,1379682,1379682,0
MTE3,36836,1380119,1380119,0
MTE3,36838,1380556,1380556,0
MTE3,36840,1380993,1380993,0
MTE3,36842,1381430,1381430,0
MTE3,36844,1381867,1381867,0
MTE3,36846,1382304,1382304,0
MTE3,36848,1382741,1382741,0
MTE3,36850,1383178,1383178,0
MTE3,36852,1383615,1383615,0
MTE3,36854,1384052,1384052,0
MTE3,36856,1384489,1384489,0
MTE3,36858,1384926,1384926,0
MTE3,36860,1385363,1385363,0
MTE3,36862,1385800,1385800,0
MTE3,36864,1386237,1386237,0
MTE3,36866,1386674,1386674,0
MTE3,36868,1387111,1387111,0
MTE3,36870,1387548,1387548,0
MTE3,36872,1387985,1387985,0
MTE3,36874,1388422,1388422,0
MTE3,36876,1388859,1388859,0
MTE3,36878,1389296,1389296,0
MTE3,36880,1389733,1389733,0
MTE3,36882,1390170,1390170,0
MTE3,36884,1390607,1390607,0
MTE3,36886,1391044,1391044,0
MTE3,36888,1391481,1391481,0
MTE3,36890,1391918,1391918,0
MTE3,36892,1392355,1392355,0
MTE3,36894,1392792,1392792,0
MTE3,36896,1393229,1393229,0
MTE3,36898,1393666,1393666,0
MTE3,36900,1394103,1394103,0
MTE3,36902,1394540,1394540,0
MTE3,36904,1394977,1394977,0
MTE3,36906,1395414,1395414,0
MTE3,36908,1395851,1395851,0
MTE3,36910,1396288,1396288,0
MTE3,36912,1396725,1396725,0
MTE3,36914,1397162,1397162,0
MTE3,36916,1397599,1397599,0
MTE3,36918,1398036,1398036,0
MTE3,36920,1398473,1398473,0
MTE3,36922,1398910,1398910,0
MTE3,36924,1399347,1399347,0
MTE3,36926,1399784,1399784,0
MTE3,36928,1400221,1400221,0
MTE3,36930,1400658,1400658,0
MTE3,36932,1401095,1401095,0
MTE3,36934,1401532,1401532,0
MTE3,36936,1401969,1401969,0
MTE3,36938,1402406,1402406,0
MTE3,36940,1402843,1402843,0
MTE3,36942,1403280,1403280,0
MTE3,36944,1403717,1403717,0
MTE3,36946,1404154,1404154,0
MTE3,36948,1404591,1404591,0
MTE3,36950,1405028,1405028,0
MTE3,36952,1405465,1405465,0
MTE3,36954,1405902,1405902,0
MTE3,36956,1406339,1406339,0
MTE3,36958,1406776,1406776,0
MTE3,36960,1407213,1407213,0
MTE3,36962,1407650,1407650,0
MTE3,36964,1408087,1408087,0
MTE3,36966,1408524,1408524,0
MTE3,36968,1408961,1408961,0
MTE3,36970,1409398,1409398,0
MTE3,36972,1409835,1409835,0
MTE3,36974,1410272,1410272,0
MTE3,36976,1410709,1410709,0
MTE3,36978,1411146,1411146,0
MTE3,36980,1411583,1411583,0
MTE3,36982,1412020,1412020,0
MTE3,36984,1412457,1412457,0
MTE3,36986,1412894,1412894,0
MTE3,36988,1413331,1413331,0
MTE3,36990,1413768,1413768,0
MTE3,36992,1414205,1414205,0
MTE3,36994,1414642,1414642,0
MTE3,36996,1415079,1415079,0
MTE3,36998,1415516,1415516,0
MTE3,37000,1415953,1415953,0
MTE3,37002,1416390,1416390,0
MTE3,37004,1416827,1416827,0
MTE3,37006,1417264,1417264,0
MTE3,37008,1417701,1417701,0
MTE3,37010,1418138,1418138,0
MTE3,37012,1418575,1418575,0
MTE3,37014,1419012,1419012,0
MTE3,37016,1419449,1419449,0
MTE3,37018,1419886,1419886,0
MTE3,37020,1420323,1420323,0
MTE3,37022,1420760,1420760,0
MTE3,37024,1421197,1421197,0
MTE3,37026,1421634,1421634,0
MTE3,37028,1422071,1422071,0
MTE3,37030,1422508,1422508,0
MTE3,37032,1422945,1422945,0
MTE3,37034,1423382,1423382,0
MTE3,37036,1423819,1423819,0
MTE3,37038,1424256,1424256,0
MTE3,37040,1424693,1424693,0
MTE3,37042,1425130,1425130,0
MTE3,37044,1425567,1425567,0
MTE3,37046,1426004,1426004,0
MTE3,37048,1426441,1426441,0
MTE3,37050,1426878,1426878,0
MTE3,37052,1427315,1427315,0
MTE3,37054,1427752,1427752,0
MTE3,37056,1428189,1428189,0
MTE3,37058,1428626,1428626,0
MTE3,37060,1429063,1429063,0
MTE3,37062,1429500,1429500,0
MTE3,37064,1429937,1429937,0
MTE3,37066,1430374,1430374,0
MTE3,37068,1430811,1430811,0
MTE3,37070,1431248,1431248,0
MTE3,37072,1431685,1431685,0
MTE3,37074,1432122,1432122,0
MTE3,37076,1432559,1432559,0
MTE3,37078,1432996,1432996,0
MTE3,37080,1433433,1433433,0
MTE3,37082,1433870,1433870,0
MTE3,37084,1434307,1434307,0
MTE3,37086,1434744,1434744,0
MTE3,37088,1435181,1435181,0
MTE3,37090,1435618,1435618,0
MTE3,37092,1436055,1436055,0
MTE3,37094,1436492,1436492,0
MTE3,37096,1436929,1436929,0
MTE3,37098,1437366,1437366,0
MTE3,37100,1437803,1437803,0
MTE3,37102,1438240,1438240,0
MTE3,37104,1438677,1438677,0
MTE3,37106,1439114,1439114,0
MTE3,37108,1439551,1439551,0
MTE3,37110,1439988,1439988,0
MTE3,37112,1440425,1440425,0
MTE3,37114,1440862,1440862,0
MTE3,37116,1441299,1441299,0
MTE3,37118,1441736,1441736,0
MTE3,37120,1442173,1442173,0
MTE3,37122,1442610,1442610,0
MTE3,37124,1443047,1443047,0
MTE3,37126,1443484,1443484,0
MTE3,37128,1443921,1443921,0
MTE3,37130,1444358,1444358,0
MTE3,37132,1444795,1444795,0
MTE3,37134,1445232,1445232,0
MTE3,37136,1445669,1445669,0
MTE3,37138,1446106,1446106,0
MTE3,37140,1446543,1446543,0
MTE3,37142,1446980,1446980,0
MTE3,37144,1447417,1447417,0
MTE3,37146,1447854,1447854,0
MTE3,37148,1448291,1448291,0
MTE3,37150,1448728,1448728,0
MTE3,37152,1449165,1449165,0
MTE3,37154,1449602,1449602,0
MTE3,37156,1450039,1450039,0
MTE3,37158,1450476,1450476,0
MTE3,37160,1450913,1450913,0
MTE3,37162,1451350,1451350,0
MTE3,37164,1451787,1451787,0
MTE3,37166,1452224,1452224,0
MTE3,37168,1452661,1452661,0
MTE3,37170,1453098,1453098,0
MTE3,37172,1453535,1453535,0
MTE3,37174,1453972,1453972,0
MTE3,37176,1454409,1454409,0
MTE3,37178,1454846,1454846,0
MTE3,37180,1455283,1455283,0
MTE3,37182,1455720,1455720,0
MTE3,37184,1468093,1468093,0
MTE3,37186,1468093,1468093,0
MTE3,37188,1468855,1468855,0
MTE3,37190,1468855,1468855,0
MTE3,37192,1469617,1469617,0
MTE3,37194,1469617,1469617,0
MTE3,37196,1470379,1470379,0
MTE3,37198,1470379,1470379,0
MTE3,37200,1471141,1471141,0
MTE3,37202,1471141,1471141,0
MTE3,37204,1471903,1471903,0
MTE3,37206,1471903,1471903,0
MTE3,37208,1472665,1472665,0
MTE3,37210,1472665,1472665,0
MTE3,37212,1473427,1473427,0
MTE3,37214,1473427,1473427,0
MTE3,37216,1474189,1474189,0
MTE3,37218,1474189,1474189,0
MTE3,37220,1474951,1474951,0
MTE3,37222,1474951,1474951,0
MTE3,37224,1475713,1475713,0
MTE3,37226,1475713,1475713,0
MTE3,37228,1476475,1476475,0
MTE3,37230,1476475,1476475,0
MTE3,37232,1477237,1477237,0
MTE3,37234,1477237,1477237,0
MTE3,37236,1477999,1477999,0
MTE3,37238,1477999,1477999,0
MTE3,37240,1478761,1478761,0
MTE3,37242,1478761,1478761,0
MTE3,37244,1479523,1479523,0
MTE3,37246,1479960,1479960,0
MTE3,37248,1480397,1480397,0
MTE3,37250,1480834,1480834,0
MTE3,37252,1481271,1481271,0
MTE3,37254,1481708,1481708,0
MTE3,37256,1482145,1482145,0
MTE3,37258,1482582,1482582,0
MTE3,37260,1483019,1483019,0
MTE3,37262,1483456,1483456,0
MTE3,37264,1483893,1483893,0
MTE3,37266,1484330,1484330,0
MTE3,37268,1484767,1484767,0
MTE3,37270,1485204,1485204,0
MTE3,37272,1485641,1485641,0
MTE3,37274,1486078,1486078,0
MTE3,37276,1486515,1486515,0
MTE3,37278,1486952,1486952,0
MTE3,37280,1487389,1487389,0
MTE3,37282,1487826,1487826,0
MTE3,37284,1488263,1488263,0
MTE3,37286,1488700,1488700,0
MTE3,37288,1489137,1489137,0
MTE3,37290,1489574,1489574,0
MTE3,37292,1490011,1490011,0
MTE3,37294,1490448,1490448,0
MTE3,37296,1490885,1490885,0
MTE3,37298,1491322,1491322,0
MTE3,37300,1491759,1491759,0
MTE3,37302,1492196,1492196,0
MTE3,37304,1492633,1492633,0
MTE3,37306,1493070,1493070,0
MTE3,37308,1493507,1493507,0
MTE3,37310,1493944,1493944,0
MTE3,37312,1494381,1494381,0
MTE3,37314,1494818,1494818,0
MTE3,37316,1495255,1495255,0
MTE3,37318,1495692,1495692,0
MTE3,37320,1496129,1496129,0
MTE3,37322,1496566,1496566,0
MTE3,37324,1497003,1497003,0
MTE3,37326,1497440,1497440,0
MTE3,37328,1497877,1497877,0
MTE3,37330,1498314,1498314,0
MTE3,37332,1498751,1498751,0
MTE3,37334,1499188,1499188,0
MTE3,37336,1499625,1499625,0
MTE3,37338,1500062,1500062,0
MTE3,37340,1500499,1500499,0
MTE3,37342,1500936,1500936,0
MTE3,37344,1501373,1501373,0
MTE3,37346,1501810,1501810,0
MTE3,37348,1502247,1502247,0
MTE3,37350,1502684,1502684,0
MTE3,37352,1503121,1503121,0
MTE3,37354,1503558,1503558,0
MTE3,37356,1503995,1503995,0
MTE3,37358,1504432,1504432,0
MTE3,37360,1504869,1504869,0
MTE3,37362,1505306,1505306,0
MTE3,37364,1505743,1505743,0
MTE3,37366,1506180,1506180,0
MTE3,37368,1506617,1506617,0
MTE3,37370,1507054,1507054,0
MTE3,37372,1507491,1507491,0
MTE3,37374,1507928,1507928,0
MTE3,37376,1508365,1508365,0
MTE3,37378,1508802,1508802,0
MTE3,37380,1509239,1509239,0
MTE3,37382,1509676,1509676,0
MTE3,37384,1510113,1510113,0
MTE3,37386,1510550,1510550,0
MTE3,37388,1510987,1510987,0
MTE3,37390,1511424,1511424,0
MTE3,37392,1511861,1511861,0
MTE3,37394,1512298,1512298,0
MTE3,37396,1512735,1512735,0
MTE3,37398,1513172,1513172,0
MTE3,37400,1513609,1513609,0
MTE3,37402,1514046,1514046,0
MTE3,37404,1514483,1514483,0
MTE3,37406,1514920,1514920,0
MTE3,37408,1515357,1515357,0
MTE3,37410,1515794,1515794,0
MTE3,37412,1516231,1516231,0
MTE3,37414,1516668,1516668,0
MTE3,37416,1517105,1517105,0
MTE3,37418,1517542,1517542,0
MTE3,37420,1517979,1517979,0
MTE3,37422,1518416,1518416,0
MTE3,37424,1518853,1518853,0
MTE3,37426,1519290,1519290,0
MTE3,37428,1519727,1519727,0
MTE3,37430,1520164,1520164,0
MTE3,37432,1520601,1520601,0
MTE3,37434,1521038,1521038,0
MTE3,37436,1521475,1521475,0
MTE3,37438,1521912,1521912,0
MTE3,37440,1522349,1522349,0
MTE3,37442,1522786,1522786,0
MTE3,37444,1523223,1523223,0
MTE3,37446,1523660,1523660,0
MTE3,37448,1524097,1524097,0
MTE3,37450,1524534,1524534,0
MTE3,37452,1524971,1524971,0
MTE3,37454,1525408,1525408,0
MTE3,37456,1525845,1525845,0
MTE3,37458,1526282,1526282,0
MTE3,37460,1526719,1526719,0
MTE3,37462,1527156,1527156,0
MTE3,37464,1527593,1527593,0
MTE3,37466,1528030,1528030,0
MTE3,37468,1528467,1528467,0
MTE3,37470,1528904,1528904,0
MTE3,37472,1529341,1529341,0
MTE3,37474,1529778,1529778,0
MTE3,37476,1530215,1530215,0
MTE3,37478,1530652,1530652,0
MTE3,37480,1531089,1531089,0
MTE3,37482,1531526,1531526,0
MTE3,37484,1531963,1531963,0
MTE3,37486,1532400,1532400,0
MTE3,37488,1532837,1532837,0
MTE3,37490,1533274,1533274,0
MTE3,37492,1533711,1533711,0
MTE3,37494,1534148,1534148,0
MTE3,37496,1534585,1534585,0
MTE3,37498,1535022,1535022,0
MTE3,37500,1535459,1535459,0
MTE3,37502,1535896,1535896,0
MTE3,37504,1536333,1536333,0
MTE3,37506,1536770,1536770,0
MTE3,37508,1537207,1537207,0
MTE3,37510,1537644,1537644,0
MTE3,37512,1538081,1538081,0
MTE3,37514,1538518,1538518,0
MTE3,37516,1538955,1538955,0
MTE3,37518,1539392,1539392,0
MTE3,37520,1539829,1539829,0
MTE3,37522,1540266,1540266,0
MTE3,37524,1540703,1540703,0
MTE3,37526,1541140,1541140,0
MTE3,37528,1541577,1541577,0
MTE3,37530,1542014,1542014,0
MTE3,37532,1542451,1542451,0
MTE3,37534,1542888,1542888,0
MTE3,37536,1543325,1543325,0
MTE3,37538,1543762,1543762,0
MTE3,37540,1544199,1544199,0
MTE3,37542,1544636,1544636,0
MTE3,37544,1545073,1545073,0
MTE3,37546,1545510,1545510,0
MTE3,37548,1545947,1545947,0
MTE3,37550,1546384,1546384,0
MTE3,37552,1546821,1546821,0
MTE3,37554,1547258,1547258,0
MTE3,37556,1547695,1547695,0
MTE3,37558,1548132,1548132,0
MTE3,37560,1548569,1548569,0
MTE3,37562,1549006,1549006,0
MTE3,37564,1549443,1549443,0
MTE3,37566,1549880,1549880,0
MTE3,37568,1550317,1550317,0
MTE3,37570,1550754,1550754,0
MTE3,37572,1551191,1551191,0
MTE3,37574,1551628,1551628,0
MTE3,37576,1552065,1552065,0
MTE3,37578,1552502,1552502,0
MTE3,37580,1552939,1552939,0
MTE3,37582,1553376,1553376,0
MTE3,37584,1553813,1553813,0
MTE3,37586,1554250,1554250,0
MTE3,37588,1554687,1554687,0
MTE3,37590,1555124,1555124,0
MTE3,37592,1555561,1555561,0
MTE3,37594,1555998,1555998,0
MTE3,37596,1556435,1556435,0
MTE3,37598,1556872,1556872,0
MTE3,37600,1557309,1557309,0
MTE3,37602,1557746,1557746,0
MTE3,37604,1558183,1558183,0
MTE3,37606,1558620,1558620,0
MTE3,37608,1559057,1559057,0
MTE3,37610,1559494,1559494,0
MTE3,37612,1559931,1559931,0
MTE3,37614,1560368,1560368,0
MTE3,37616,1560805,1560805,0
MTE3,37618,1561242,1561242,0
MTE3,37620,1561679,1561679,0
MTE3,37622,1562116,1562116,0
MTE3,37624,1562553,1562553,0
MTE3,37626,1562990,1562990,0
MTE3,37628,1563427,1563427,0
MTE3,37630,1563864,1563864,0
MTE3,37632,1564301,1564301,0
MTE3,37634,1564738,1564738,0
MTE3,37636,1565175,1565175,0
MTE3,37638,1565612,1565612,0
MTE3,37640,1566049,1566049,0
MTE3,37642,1566486,1566486,0
MTE3,37644,1566923,1566923,0
MTE3,37646,1567360,1567360,0
MTE3,37648,1567797,1567797,0
MTE3,37650,1568234,1568234,0
MTE3,37652,1568671,1568671,0
MTE3,37654,1569108,1569108,0
MTE3,37656,1569545,1569545,0
MTE3,37658,1569982,1569982,0
MTE3,37660,1570419,1570419,0
MTE3,37662,1570856,1570856,0
MTE3,37664,1583094,1583094,0
MTE3,37666,1583825,1583825,0
MTE3,37668,1583825,1583825,0
MTE3,37670,1584587,1584587,0
MTE3,37672,1584587,1584587,0
MTE3,37674,1585349,1585349,0
MTE3,37676,1585349,1585349,0
MTE3,37678,1586111,1586111,0
MTE3,37680,1586111,1586111,0
MTE3,37682,1586873,1586873,0
MTE3,37684,1586873,1586873,0
MTE3,37686,1587635,1587635,0
MTE3,37688,1587635,1587635,0
MTE3,37690,1588397,1588397,0
MTE3,37692,1588397,1588397,0
MTE3,37694,1589159,1589159,0
MTE3,37696,1589159,1589159,0
MTE3,37698,1589921,1589921,0
MTE3,37700,1589921,1589921,0
MTE3,37702,1590683,1590683,0
MTE3,37704,1590683,1590683,0
MTE3,37706,1591445,1591445,0
MTE3,37708,1591445,1591445,0
MTE3,37710,1592207,1592207,0
MTE3,37712,1592207,1592207,0
MTE3,37714,1592969,1592969,0
MTE3,37716,1592969,1592969,0
MTE3,37718,1593731,1593731,0
MTE3,37720,1593731,1593731,0
MTE3,37722,1594493,1594493,0
MTE3,37724,1594493,1594493,0
MTE3,37726,1595255,1595255,0
MTE3,37728,1595692,1595692,0
MTE3,37730,1596129,1596129,0
MTE3,37732,1596566,1596566,0
MTE3,37734,1597003,1597003,0
MTE3,37736,1597440,1597440,0
MTE3,37738,1597877,1597877,0
MTE3,37740,1598314,1598314,0
MTE3,37742,1598751,1598751,0
MTE3,37744,1599188,1599188,0
MTE3,37746,1599625,1599625,0
MTE3,37748,1600062,1600062,0
MTE3,37750,1600499,1600499,0
MTE3,37752,1600936,1600936,0
MTE3,37754,1601373,1601373,0
MTE3,37756,1601810,1601810,0
MTE3,37758,1602247,1602247,0
MTE3,37760,1602684,1602684,0
MTE3,37762,1603121,1603121,0
MTE3,37764,1603558,1603558,0
MTE3,37766,1603995,1603995,0
MTE3,37768,1604432,1604432,0
MTE3,37770,1604869,1604869,0
MTE3,37772,1605306,1605306,0
MTE3,37774,1605743,1605743,0
MTE3,37776,1606180,1606180,0
MTE3,37778,1606617,1606617,0
MTE3,37780,1607054,1607054,0
MTE3,37782,1607491,1607491,0
MTE3,37784,1607928,1607928,0
MTE3,37786,1608365,1608365,0
MTE3,37788,1608802,1608802,0
MTE3,37790,1609239,1609239,0
MTE3,37792,1609676,1609676,0
MTE3,37794,1610113,1610113,0
MTE3,37796,1610550,1610550,0
MTE3,37798,1610987,1610987,0
MTE3,37800,1611424,1611424,0
MTE3,37802,1611861,1611861,0
MTE3,37804,1612298,1612298,0
MTE3,37806,1612735,1612735,0
MTE3,37808,1613172,1613172,0
MTE3,37810,1613609,1613609,0
MTE3,37812,1614046,1614046,0
MTE3,37814,1614483,1614483,0
MTE3,37816,1614920,1614920,0
MTE3,37818,1615357,1615357,0
MTE3,37820,1615794,1615794,0
MTE3,37822,1616231,1616231,0
MTE3,37824,1616668,1616668,0
MTE3,37826,1617105,1617105,0
MTE3,37828,1617542,1617542,0
MTE3,37830,1617979,1617979,0
MTE3,37832,1618416,1618416,0
MTE3,37834,1618853,1618853,0
MTE3,37836,1619290,1619290,0
MTE3,37838,1619727,1619727,0
MTE3,37840,1620164,1620164,0
MTE3,37842,1620601,1620601,0
MTE3,37844,1621038,1621038,0
MTE3,37846,1621475,1621475,0
MTE3,37848,1621912,1621912,0
MTE3,37850,1622349,1622349,0
MTE3,37852,1622786,1622786,0
MTE3,37854,1623223,1623223,0
MTE3,37856,1623660,1623660,0
MTE3,37858,1624097,1624097,0
MTE3,37860,1624534,1624534,0
MTE3,37862,1624971,1624971,0
MTE3,37864,1625408,1625408,0
MTE3,37866,1625845,1625845,0
MTE3,37868,1626282,1626282,0
MTE3,37870,1626719,1626719,0
MTE3,37872,1627156,1627156,0
MTE3,37874,1627593,1627593,0
MTE3,37876,1628030,1628030,0
MTE3,37878,1628467,1628467,0
MTE3,37880,1628904,1628904,0
MTE3,37882,1629341,1629341,0
MTE3,37884,1629778,1629778,0
MTE3,37886,1630215,1630215,0
MTE3,37888,1630652,1630652,0
MTE3,37890,1631089,1631089,0
MTE3,37892,1631526,1631526,0
MTE3,37894,1631963,1631963,0
MTE3,37896,1632400,1632400,0
MTE3,37898,1632837,1632837,0
MTE3,37900,1633274,1633274,0
MTE3,37902,1633711,1633711,0
MTE3,37904,1634148,1634148,0
MTE3,37906,1634585,1634585,0
MTE3,37908,1635022,1635022,0
MTE3,37910,1635459,1635459,0
MTE3,37912,1635896,1635896,0
MTE3,37914,1636333,1636333,0
MTE3,37916,1636770,1636770,0
MTE3,37918,1637207,1637207,0
MTE3,37920,1637644,1637644,0
MTE3,37922,1638081,1638081,0
MTE3,37924,1638518,1638518,0
MTE3,37926,1638955,1638955,0
MTE3,37928,1639392,1639392,0
MTE3,37930,1639829,1639829,0
MTE3,37932,1640266,1640266,0
MTE3,37934,1640703,1640703,0
MTE3,37936,1641140,1641140,0
MTE3,37938,1641577,1641577,0
MTE3,37940,1642014,1642014,0
MTE3,37942,1642451,1642451,0
MTE3,37944,1642888,1642888,0
MTE3,37946,1643325,1643325,0
MTE3,37948,1643762,1643762,0
MTE3,37950,1644199,1644199,0
MTE3,37952,1644636,1644636,0
MTE3,37954,1645073,1645073,0
MTE3,37956,1645510,1645510,0
MTE3,37958,1645947,1645947,0
MTE3,37960,1646384,1646384,0
MTE3,37962,1646821,1646821,0
MTE3,37964,1647258,1647258,0
MTE3,37966,1647695,1647695,0
MTE3,37968,1648132,1648132,0
MTE3,37970,1648569,1648569,0
MTE3,37972,1649006,1649006,0
MTE3,37974,1649443,1649443,0
MTE3,37976,1649880,1649880,0
MTE3,37978,1650317,1650317,0
MTE3,37980,1650754,1650754,0
MTE3,37982,1651191,1651191,0
MTE3,37984,1651628,1651628,0
MTE3,37986,1652065,1652065,0
MTE3,37988,1652502,1652502,0
MTE3,37990,1652939,1652939,0
MTE3,37992,1653376,1653376,0
MTE3,37994,1653813,1653813,0
MTE3,37996,1654250,1654250,0
MTE3,37998,1654687,1654687,0
MTE3,38000,1655124,1655124,0
MTE3,38002,1655561,1655561,0
MTE3,38004,1655998,1655998,0
MTE3,38006,1656435,1656435,0
MTE3,38008,1656872,1656872,0
MTE3,38010,1657309,1657309,0
MTE3,38012,1657746,1657746,0
MTE3,38014,1658183,1658183,0
MTE3,38016,1658620,1658620,0
MTE3,38018,1659057,1659057,0
MTE3,38020,1659494,1659494,0
MTE3,38022,1659931,1659931,0
MTE3,38024,1660368,1660368,0
MTE3,38026,1660805,1660805,0
MTE3,38028,1661242,1661242,0
MTE3,38030,1661679,1661679,0
MTE3,38032,1662116,1662116,0
MTE3,38034,1662553,1662553,0
MTE3,38036,1662990,1662990,0
MTE3,38038,1663427,1663427,0
MTE3,38040,1663864,1663864,0
MTE3,38042,1664301,1664301,0
MTE3,38044,1664738,1664738,0
MTE3,38046,1665175,1665175,0
MTE3,38048,1665612,1665612,0
MTE3,38050,1666049,1666049,0
MTE3,38052,1666486,1666486,0
MTE3,38054,1666923,1666923,0
MTE3,38056,1667360,1667360,0
MTE3,38058,1667797,1667797,0
MTE3,38060,1668234,1668234,0
MTE3,38062,1668671,1668671,0
MTE3,38064,1669108,1669108,0
MTE3,38066,1669545,1669545,0
MTE3,38068,1669982,1669982,0
MTE3,38070,1670419,1670419,0
MTE3,38072,1670856,1670856,0
MTE3,38074,1671293,1671293,0
MTE3,38076,1671730,1671730,0
MTE3,38078,1672167,1672167,0
MTE3,38080,1672604,1672604,0
MTE3,38082,1673041,1673041,0
MTE3,38084,1673478,1673478,0
MTE3,38086,1673915,1673915,0
MTE3,38088,1674352,1674352,0
MTE3,38090,1674789,1674789,0
MTE3,38092,1675226,1675226,0
MTE3,38094,1675663,1675663,0
MTE3,38096,1676100,1676100,0
MTE3,38098,1676537,1676537,0
MTE3,38100,1676974,1676974,0
MTE3,38102,1677411,1677411,0
MTE3,38104,1677848,1677848,0
MTE3,38106,1678285,1678285,0
MTE3,38108,1678722,1678722,0
MTE3,38110,1679159,1679159,0
MTE3,38112,1679596,1679596,0
MTE3,38114,1680033,1680033,0
MTE3,38116,1680470,1680470,0
MTE3,38118,1680907,1680907,0
MTE3,38120,1681344,1681344,0
MTE3,38122,1681781,1681781,0
MTE3,38124,1682218,1682218,0
MTE3,38126,1682655,1682655,0
MTE3,38128,1683092,1683092,0
MTE3,38130,1683529,1683529,0
MTE3,38132,1683966,1683966,0
MTE3,38134,1684403,1684403,0
MTE3,38136,1684840,1684840,0
MTE3,38138,1685277,1685277,0
MTE3,38140,1685714,1685714,0
MTE3,38142,1686151,1686151,0
MTE3,38144,1698389,1698389,0
MTE3,38146,1698389,1698389,0
MTE3,38148,1698389,1698389,0
MTE3,38150,1698389,1698389,0
MTE3,38152,1698389,1698389,0
MTE3,38154,1698389,1698389,0
MTE3,38156,1698389,1698389,0
MTE3,38158,1698389,1698389,0
MTE3,38160,1698389,1698389,0
MTE3,38162,1698389,1698389,0
MTE3,38164,1698389,1698389,0
MTE3,38166,1698389,1698389,0
MTE3,38168,1698389,1698389,0
MTE3,38170,1698389,1698389,0
MTE3,38172,1698389,1698389,0
MTE3,38174,1698389,1698389,0
