node_id,op,pipe,cycles,start,finish,latest_start,slack,on_representative_critical_path,on_any_critical_path
1,ALLOC,,0,0,0,0,0,1,1
3,COPY_IN,MTE2,325,0,325,0,0,1,1
5,ALLOC,,0,0,0,5597,5597,0,0
7,MOVE,MTE1,31,325,356,5597,5272,0,0
2,ALLOC,,0,0,0,325,325,0,0
4,COPY_IN,MTE2,325,325,650,325,0,1,1
6,ALLOC,,0,0,0,5628,5628,0,0
8,MOVE,MTE1,31,650,681,5628,4978,0,0
0,ALLOC,,0,0,0,5659,5659,0,0
9,MATMUL,CUBE,128,681,809,5659,4978,0,0
2947,FREE,,0,809,809,5787,4978,0,0
2948,FREE,,0,809,809,5818,5009,0,0
10,ALLOC,,0,0,0,650,650,0,0
12,COPY_IN,MTE2,325,650,975,650,0,1,1
14,ALLOC,,0,809,809,5787,4978,0,0
16,MOVE,MTE1,31,975,1006,5787,4812,0,0
11,ALLOC,,0,0,0,975,975,0,0
13,COPY_IN,MTE2,325,975,1300,975,0,1,1
15,ALLOC,,0,809,809,5818,5009,0,0
17,MOVE,MTE1,31,1300,1331,5818,4518,0,0
18,MATMUL,CUBE,128,1331,1459,5849,4518,0,0
2951,FREE,,0,1459,1459,5977,4518,0,0
2952,FREE,,0,1459,1459,6008,4549,0,0
19,ALLOC,,0,0,0,1300,1300,0,0
21,COPY_IN,MTE2,325,1300,1625,1300,0,1,1
23,ALLOC,,0,1459,1459,5977,4518,0,0
25,MOVE,MTE1,31,1625,1656,5977,4352,0,0
20,ALLOC,,0,0,0,1625,1625,0,0
22,COPY_IN,MTE2,325,1625,1950,1625,0,1,1
24,ALLOC,,0,1459,1459,6008,4549,0,0
26,MOVE,MTE1,31,1950,1981,6008,4058,0,0
27,MATMUL,CUBE,128,1981,2109,6039,4058,0,0
2955,FREE,,0,2109,2109,6167,4058,0,0
2956,FREE,,0,2109,2109,6198,4089,0,0
28,ALLOC,,0,0,0,1950,1950,0,0
30,COPY_IN,MTE2,325,1950,2275,1950,0,1,1
32,ALLOC,,0,2109,2109,6167,4058,0,0
34,MOVE,MTE1,31,2275,2306,6167,3892,0,0
29,ALLOC,,0,0,0,2275,2275,0,0
31,COPY_IN,MTE2,325,2275,2600,2275,0,1,1
33,ALLOC,,0,2109,2109,6198,4089,0,0
35,MOVE,MTE1,31,2600,2631,6198,3598,0,0
36,MATMUL,CUBE,128,2631,2759,6229,3598,0,0
2959,FREE,,0,2759,2759,6357,3598,0,0
2960,FREE,,0,2759,2759,6388,3629,0,0
37,ALLOC,,0,0,0,2600,2600,0,0
39,COPY_IN,MTE2,325,2600,2925,2600,0,1,1
41,ALLOC,,0,2759,2759,6357,3598,0,0
43,MOVE,MTE1,31,2925,2956,6357,3432,0,0
38,ALLOC,,0,0,0,2925,2925,0,0
40,COPY_IN,MTE2,325,2925,3250,2925,0,1,1
42,ALLOC,,0,2759,2759,6388,3629,0,0
44,MOVE,MTE1,31,3250,3281,6388,3138,0,0
45,MATMUL,CUBE,128,3281,3409,6419,3138,0,0
2963,FREE,,0,3409,3409,6547,3138,0,0
2964,FREE,,0,3409,3409,6578,3169,0,0
46,ALLOC,,0,0,0,3250,3250,0,0
48,COPY_IN,MTE2,325,3250,3575,3250,0,1,1
50,ALLOC,,0,3409,3409,6547,3138,0,0
52,MOVE,MTE1,31,3575,3606,6547,2972,0,0
47,ALLOC,,0,0,0,3575,3575,0,0
49,COPY_IN,MTE2,325,3575,3900,3575,0,1,1
51,ALLOC,,0,3409,3409,6578,3169,0,0
53,MOVE,MTE1,31,3900,3931,6578,2678,0,0
54,MATMUL,CUBE,128,3931,4059,6609,2678,0,0
2967,FREE,,0,4059,4059,6737,2678,0,0
2968,FREE,,0,4059,4059,6768,2709,0,0
55,ALLOC,,0,0,0,3900,3900,0,0
57,COPY_IN,MTE2,325,3900,4225,3900,0,1,1
59,ALLOC,,0,4059,4059,6737,2678,0,0
61,MOVE,MTE1,31,4225,4256,6737,2512,0,0
56,ALLOC,,0,0,0,4225,4225,0,0
58,COPY_IN,MTE2,325,4225,4550,4225,0,1,1
60,ALLOC,,0,4059,4059,6768,2709,0,0
62,MOVE,MTE1,31,4550,4581,6768,2218,0,0
63,MATMUL,CUBE,128,4581,4709,6799,2218,0,0
2971,FREE,,0,4709,4709,6927,2218,0,0
2972,FREE,,0,4709,4709,6958,2249,0,0
64,ALLOC,,0,0,0,4550,4550,0,0
66,COPY_IN,MTE2,325,4550,4875,4550,0,1,1
68,ALLOC,,0,4709,4709,6927,2218,0,0
70,MOVE,MTE1,31,4875,4906,6927,2052,0,0
65,ALLOC,,0,0,0,4875,4875,0,0
67,COPY_IN,MTE2,325,4875,5200,4875,0,1,1
69,ALLOC,,0,4709,4709,6958,2249,0,0
71,MOVE,MTE1,31,5200,5231,6958,1758,0,0
72,MATMUL,CUBE,128,5231,5359,6989,1758,0,0
2975,FREE,,0,5359,5359,7318,1959,0,0
2976,FREE,,0,5359,5359,7349,1990,0,0
73,COPY_OUT,FIXP,263,5359,5622,7117,1758,0,0
2944,FREE,,0,5622,5622,7380,1758,0,0
77,ALLOC,,0,5359,5359,7318,1959,0,0
79,MOVE,MTE1,31,5359,5390,7318,1959,0,0
75,ALLOC,,0,0,0,5200,5200,0,0
76,COPY_IN,MTE2,325,5200,5525,5200,0,1,1
78,ALLOC,,0,5359,5359,7349,1990,0,0
80,MOVE,MTE1,31,5525,5556,7349,1824,0,0
74,ALLOC,,0,5622,5622,7380,1758,0,0
81,MATMUL,CUBE,128,5622,5750,7380,1758,0,0
2979,FREE,,0,5750,5750,7508,1758,0,0
2980,FREE,,0,5750,5750,7539,1789,0,0
84,ALLOC,,0,5750,5750,7508,1758,0,0
86,MOVE,MTE1,31,5750,5781,7508,1758,0,0
82,ALLOC,,0,0,0,5525,5525,0,0
83,COPY_IN,MTE2,325,5525,5850,5525,0,1,1
85,ALLOC,,0,5750,5750,7539,1789,0,0
87,MOVE,MTE1,31,5850,5881,7539,1689,0,0
88,MATMUL,CUBE,128,5881,6009,7570,1689,0,0
2982,FREE,,0,6009,6009,7698,1689,0,0
2983,FREE,,0,6009,6009,7729,1720,0,0
91,ALLOC,,0,6009,6009,7698,1689,0,0
93,MOVE,MTE1,31,6009,6040,7698,1689,0,0
89,ALLOC,,0,0,0,5850,5850,0,0
90,COPY_IN,MTE2,325,5850,6175,5850,0,1,1
92,ALLOC,,0,6009,6009,7729,1720,0,0
94,MOVE,MTE1,31,6175,6206,7729,1554,0,0
95,MATMUL,CUBE,128,6206,6334,7760,1554,0,0
2985,FREE,,0,6334,6334,7888,1554,0,0
2986,FREE,,0,6334,6334,7919,1585,0,0
98,ALLOC,,0,6334,6334,7888,1554,0,0
100,MOVE,MTE1,31,6334,6365,7888,1554,0,0
96,ALLOC,,0,0,0,6175,6175,0,0
97,COPY_IN,MTE2,325,6175,6500,6175,0,1,1
99,ALLOC,,0,6334,6334,7919,1585,0,0
101,MOVE,MTE1,31,6500,6531,7919,1419,0,0
102,MATMUL,CUBE,128,6531,6659,7950,1419,0,0
2988,FREE,,0,6659,6659,8078,1419,0,0
2989,FREE,,0,6659,6659,8109,1450,0,0
105,ALLOC,,0,6659,6659,8078,1419,0,0
107,MOVE,MTE1,31,6659,6690,8078,1419,0,0
103,ALLOC,,0,0,0,6500,6500,0,0
104,COPY_IN,MTE2,325,6500,6825,6500,0,1,1
106,ALLOC,,0,6659,6659,8109,1450,0,0
108,MOVE,MTE1,31,6825,6856,8109,1284,0,0
109,MATMUL,CUBE,128,6856,6984,8140,1284,0,0
2991,FREE,,0,6984,6984,8268,1284,0,0
2992,FREE,,0,6984,6984,8299,1315,0,0
112,ALLOC,,0,6984,6984,8268,1284,0,0
114,MOVE,MTE1,31,6984,7015,8268,1284,0,0
110,ALLOC,,0,0,0,6825,6825,0,0
111,COPY_IN,MTE2,325,6825,7150,6825,0,1,1
113,ALLOC,,0,6984,6984,8299,1315,0,0
115,MOVE,MTE1,31,7150,7181,8299,1149,0,0
116,MATMUL,CUBE,128,7181,7309,8330,1149,0,0
2994,FREE,,0,7309,7309,8458,1149,0,0
2995,FREE,,0,7309,7309,8489,1180,0,0
119,ALLOC,,0,7309,7309,8458,1149,0,0
121,MOVE,MTE1,31,7309,7340,8458,1149,0,0
117,ALLOC,,0,0,0,7150,7150,0,0
118,COPY_IN,MTE2,325,7150,7475,7150,0,1,1
120,ALLOC,,0,7309,7309,8489,1180,0,0
122,MOVE,MTE1,31,7475,7506,8489,1014,0,0
123,MATMUL,CUBE,128,7506,7634,8520,1014,0,0
2997,FREE,,0,7634,7634,8648,1014,0,0
2998,FREE,,0,7634,7634,8679,1045,0,0
126,ALLOC,,0,7634,7634,8648,1014,0,0
128,MOVE,MTE1,31,7634,7665,8648,1014,0,0
124,ALLOC,,0,0,0,7475,7475,0,0
125,COPY_IN,MTE2,325,7475,7800,7475,0,1,1
127,ALLOC,,0,7634,7634,8679,1045,0,0
129,MOVE,MTE1,31,7800,7831,8679,879,0,0
130,MATMUL,CUBE,128,7831,7959,8710,879,0,0
3000,FREE,,0,7959,7959,9039,1080,0,0
3001,FREE,,0,7959,7959,9070,1111,0,0
131,COPY_OUT,FIXP,263,7959,8222,8838,879,0,0
2977,FREE,,0,8222,8222,9101,879,0,0
135,ALLOC,,0,7959,7959,9039,1080,0,0
137,MOVE,MTE1,31,7959,7990,9039,1080,0,0
133,ALLOC,,0,0,0,7800,7800,0,0
134,COPY_IN,MTE2,325,7800,8125,7800,0,1,1
136,ALLOC,,0,7959,7959,9070,1111,0,0
138,MOVE,MTE1,31,8125,8156,9070,945,0,0
132,ALLOC,,0,8222,8222,9101,879,0,0
139,MATMUL,CUBE,128,8222,8350,9101,879,0,0
3004,FREE,,0,8350,8350,9229,879,0,0
3005,FREE,,0,8350,8350,9260,910,0,0
142,ALLOC,,0,8350,8350,9229,879,0,0
144,MOVE,MTE1,31,8350,8381,9229,879,0,0
140,ALLOC,,0,0,0,8125,8125,0,0
141,COPY_IN,MTE2,325,8125,8450,8125,0,1,1
143,ALLOC,,0,8350,8350,9260,910,0,0
145,MOVE,MTE1,31,8450,8481,9260,810,0,0
146,MATMUL,CUBE,128,8481,8609,9291,810,0,0
3007,FREE,,0,8609,8609,9419,810,0,0
3008,FREE,,0,8609,8609,9450,841,0,0
149,ALLOC,,0,8609,8609,9419,810,0,0
151,MOVE,MTE1,31,8609,8640,9419,810,0,0
147,ALLOC,,0,0,0,8450,8450,0,0
148,COPY_IN,MTE2,325,8450,8775,8450,0,1,1
150,ALLOC,,0,8609,8609,9450,841,0,0
152,MOVE,MTE1,31,8775,8806,9450,675,0,0
153,MATMUL,CUBE,128,8806,8934,9481,675,0,0
3010,FREE,,0,8934,8934,9609,675,0,0
3011,FREE,,0,8934,8934,9640,706,0,0
156,ALLOC,,0,8934,8934,9609,675,0,0
158,MOVE,MTE1,31,8934,8965,9609,675,0,0
154,ALLOC,,0,0,0,8775,8775,0,0
155,COPY_IN,MTE2,325,8775,9100,8775,0,1,1
157,ALLOC,,0,8934,8934,9640,706,0,0
159,MOVE,MTE1,31,9100,9131,9640,540,0,0
160,MATMUL,CUBE,128,9131,9259,9671,540,0,0
3013,FREE,,0,9259,9259,9799,540,0,0
3014,FREE,,0,9259,9259,9830,571,0,0
163,ALLOC,,0,9259,9259,9799,540,0,0
165,MOVE,MTE1,31,9259,9290,9799,540,0,0
161,ALLOC,,0,0,0,9100,9100,0,0
162,COPY_IN,MTE2,325,9100,9425,9100,0,1,1
164,ALLOC,,0,9259,9259,9830,571,0,0
166,MOVE,MTE1,31,9425,9456,9830,405,0,0
167,MATMUL,CUBE,128,9456,9584,9861,405,0,0
3016,FREE,,0,9584,9584,9989,405,0,0
3017,FREE,,0,9584,9584,10020,436,0,0
170,ALLOC,,0,9584,9584,9989,405,0,0
172,MOVE,MTE1,31,9584,9615,9989,405,0,0
168,ALLOC,,0,0,0,9425,9425,0,0
169,COPY_IN,MTE2,325,9425,9750,9425,0,1,1
171,ALLOC,,0,9584,9584,10020,436,0,0
173,MOVE,MTE1,31,9750,9781,10020,270,0,0
174,MATMUL,CUBE,128,9781,9909,10051,270,0,0
3019,FREE,,0,9909,9909,10179,270,0,0
3020,FREE,,0,9909,9909,10210,301,0,0
177,ALLOC,,0,9909,9909,10179,270,0,0
179,MOVE,MTE1,31,9909,9940,10179,270,0,0
175,ALLOC,,0,0,0,9750,9750,0,0
176,COPY_IN,MTE2,325,9750,10075,9750,0,1,1
178,ALLOC,,0,9909,9909,10210,301,0,0
180,MOVE,MTE1,31,10075,10106,10210,135,0,0
181,MATMUL,CUBE,128,10106,10234,10241,135,0,0
3022,FREE,,0,10234,10234,10369,135,0,0
3023,FREE,,0,10234,10234,10400,166,0,0
184,ALLOC,,0,10234,10234,10369,135,0,0
186,MOVE,MTE1,31,10234,10265,10369,135,0,0
182,ALLOC,,0,0,0,10075,10075,0,0
183,COPY_IN,MTE2,325,10075,10400,10075,0,1,1
185,ALLOC,,0,10234,10234,10400,166,0,0
187,MOVE,MTE1,31,10400,10431,10400,0,1,1
188,MATMUL,CUBE,128,10431,10559,10531,100,0,0
4160,SPILL_OUT,MTE3,0,10431,10431,10431,0,1,1
198,ALLOC,,0,10431,10431,10756,325,0,0
3025,FREE,,0,10559,10559,10860,301,0,0
3026,FREE,,0,10559,10559,10891,332,0,0
189,COPY_OUT,FIXP,263,10559,10822,10659,100,0,0
3002,FREE,,0,10822,10822,10922,100,0,0
193,ALLOC,,0,10559,10559,10860,301,0,0
195,MOVE,MTE1,31,10559,10590,10860,301,0,0
4162,SPILL_OUT,MTE3,0,10431,10431,10431,0,1,1
191,ALLOC,,0,10431,10431,10431,0,1,1
192,COPY_IN,MTE2,325,10431,10756,10431,0,1,1
194,ALLOC,,0,10559,10559,10891,332,0,0
196,MOVE,MTE1,31,10756,10787,10891,135,0,0
190,ALLOC,,0,10822,10822,10922,100,0,0
197,MATMUL,CUBE,128,10822,10950,10922,100,0,0
3029,FREE,,0,10950,10950,11050,100,0,0
3030,FREE,,0,10950,10950,11081,131,0,0
200,ALLOC,,0,10950,10950,11050,100,0,0
202,MOVE,MTE1,31,10950,10981,11050,100,0,0
199,COPY_IN,MTE2,325,10756,11081,10756,0,1,1
201,ALLOC,,0,10950,10950,11081,131,0,0
203,MOVE,MTE1,31,11081,11112,11081,0,1,1
204,MATMUL,CUBE,128,11112,11240,11278,166,0,0
3032,FREE,,0,11240,11240,11406,166,0,0
3033,FREE,,0,11240,11240,11437,197,0,0
207,ALLOC,,0,11240,11240,11406,166,0,0
209,MOVE,MTE1,31,11240,11271,11406,166,0,0
4164,SPILL_OUT,MTE3,0,11112,11112,11112,0,1,1
205,ALLOC,,0,11112,11112,11112,0,1,1
206,COPY_IN,MTE2,325,11112,11437,11112,0,1,1
208,ALLOC,,0,11240,11240,11437,197,0,0
210,MOVE,MTE1,31,11437,11468,11437,0,1,1
211,MATMUL,CUBE,128,11468,11596,11634,166,0,0
3035,FREE,,0,11596,11596,11762,166,0,0
3036,FREE,,0,11596,11596,11793,197,0,0
214,ALLOC,,0,11596,11596,11762,166,0,0
216,MOVE,MTE1,31,11596,11627,11762,166,0,0
4166,SPILL_OUT,MTE3,0,11468,11468,11468,0,1,1
212,ALLOC,,0,11468,11468,11468,0,1,1
213,COPY_IN,MTE2,325,11468,11793,11468,0,1,1
215,ALLOC,,0,11596,11596,11793,197,0,0
217,MOVE,MTE1,31,11793,11824,11793,0,1,1
218,MATMUL,CUBE,128,11824,11952,11990,166,0,0
3038,FREE,,0,11952,11952,12118,166,0,0
3039,FREE,,0,11952,11952,12149,197,0,0
221,ALLOC,,0,11952,11952,12118,166,0,0
223,MOVE,MTE1,31,11952,11983,12118,166,0,0
4168,SPILL_OUT,MTE3,0,11824,11824,11824,0,1,1
219,ALLOC,,0,11824,11824,11824,0,1,1
220,COPY_IN,MTE2,325,11824,12149,11824,0,1,1
222,ALLOC,,0,11952,11952,12149,197,0,0
224,MOVE,MTE1,31,12149,12180,12149,0,1,1
225,MATMUL,CUBE,128,12180,12308,12346,166,0,0
3041,FREE,,0,12308,12308,12474,166,0,0
3042,FREE,,0,12308,12308,12505,197,0,0
228,ALLOC,,0,12308,12308,12474,166,0,0
230,MOVE,MTE1,31,12308,12339,12474,166,0,0
4170,SPILL_OUT,MTE3,0,12180,12180,12180,0,1,1
226,ALLOC,,0,12180,12180,12180,0,1,1
227,COPY_IN,MTE2,325,12180,12505,12180,0,1,1
229,ALLOC,,0,12308,12308,12505,197,0,0
231,MOVE,MTE1,31,12505,12536,12505,0,1,1
232,MATMUL,CUBE,128,12536,12664,12702,166,0,0
3044,FREE,,0,12664,12664,12830,166,0,0
3045,FREE,,0,12664,12664,12861,197,0,0
235,ALLOC,,0,12664,12664,12830,166,0,0
237,MOVE,MTE1,31,12664,12695,12830,166,0,0
4172,SPILL_OUT,MTE3,0,12536,12536,12536,0,1,1
233,ALLOC,,0,12536,12536,12536,0,1,1
234,COPY_IN,MTE2,325,12536,12861,12536,0,1,1
236,ALLOC,,0,12664,12664,12861,197,0,0
238,MOVE,MTE1,31,12861,12892,12861,0,1,1
239,MATMUL,CUBE,128,12892,13020,13058,166,0,0
3047,FREE,,0,13020,13020,13186,166,0,0
3048,FREE,,0,13020,13020,13217,197,0,0
242,ALLOC,,0,13020,13020,13186,166,0,0
244,MOVE,MTE1,31,13020,13051,13186,166,0,0
4174,SPILL_OUT,MTE3,0,12892,12892,12892,0,1,1
240,ALLOC,,0,12892,12892,12892,0,1,1
241,COPY_IN,MTE2,325,12892,13217,12892,0,1,1
243,ALLOC,,0,13020,13020,13217,197,0,0
245,MOVE,MTE1,31,13217,13248,13217,0,1,1
246,MATMUL,CUBE,128,13248,13376,13379,131,0,0
3050,FREE,,0,13376,13376,13542,166,0,0
3051,FREE,,0,13376,13376,13573,197,0,0
247,COPY_OUT,FIXP,263,13376,13639,13507,131,0,0
3027,FREE,,0,13639,13639,13770,131,0,0
251,ALLOC,,0,13376,13376,13542,166,0,0
253,MOVE,MTE1,31,13376,13407,13542,166,0,0
4176,SPILL_OUT,MTE3,0,13248,13248,13248,0,1,1
249,ALLOC,,0,13248,13248,13248,0,1,1
250,COPY_IN,MTE2,325,13248,13573,13248,0,1,1
252,ALLOC,,0,13376,13376,13573,197,0,0
254,MOVE,MTE1,31,13573,13604,13573,0,1,1
248,ALLOC,,0,13639,13639,13770,131,0,0
255,MATMUL,CUBE,128,13639,13767,13770,131,0,0
3054,FREE,,0,13767,13767,13898,131,0,0
3055,FREE,,0,13767,13767,13929,162,0,0
258,ALLOC,,0,13767,13767,13898,131,0,0
260,MOVE,MTE1,31,13767,13798,13898,131,0,0
4178,SPILL_OUT,MTE3,0,13604,13604,13604,0,1,1
256,ALLOC,,0,13604,13604,13604,0,1,1
257,COPY_IN,MTE2,325,13604,13929,13604,0,1,1
259,ALLOC,,0,13767,13767,13929,162,0,0
261,MOVE,MTE1,31,13929,13960,13929,0,1,1
262,MATMUL,CUBE,128,13960,14088,14126,166,0,0
3057,FREE,,0,14088,14088,14254,166,0,0
3058,FREE,,0,14088,14088,14285,197,0,0
265,ALLOC,,0,14088,14088,14254,166,0,0
267,MOVE,MTE1,31,14088,14119,14254,166,0,0
4180,SPILL_OUT,MTE3,0,13960,13960,13960,0,1,1
263,ALLOC,,0,13960,13960,13960,0,1,1
264,COPY_IN,MTE2,325,13960,14285,13960,0,1,1
266,ALLOC,,0,14088,14088,14285,197,0,0
268,MOVE,MTE1,31,14285,14316,14285,0,1,1
269,MATMUL,CUBE,128,14316,14444,14482,166,0,0
3060,FREE,,0,14444,14444,14610,166,0,0
3061,FREE,,0,14444,14444,14641,197,0,0
272,ALLOC,,0,14444,14444,14610,166,0,0
274,MOVE,MTE1,31,14444,14475,14610,166,0,0
4182,SPILL_OUT,MTE3,0,14316,14316,14316,0,1,1
270,ALLOC,,0,14316,14316,14316,0,1,1
271,COPY_IN,MTE2,325,14316,14641,14316,0,1,1
273,ALLOC,,0,14444,14444,14641,197,0,0
275,MOVE,MTE1,31,14641,14672,14641,0,1,1
276,MATMUL,CUBE,128,14672,14800,14838,166,0,0
3063,FREE,,0,14800,14800,14966,166,0,0
3064,FREE,,0,14800,14800,14997,197,0,0
279,ALLOC,,0,14800,14800,14966,166,0,0
281,MOVE,MTE1,31,14800,14831,14966,166,0,0
4184,SPILL_OUT,MTE3,0,14672,14672,14672,0,1,1
277,ALLOC,,0,14672,14672,14672,0,1,1
278,COPY_IN,MTE2,325,14672,14997,14672,0,1,1
280,ALLOC,,0,14800,14800,14997,197,0,0
282,MOVE,MTE1,31,14997,15028,14997,0,1,1
283,MATMUL,CUBE,128,15028,15156,15194,166,0,0
3066,FREE,,0,15156,15156,15322,166,0,0
3067,FREE,,0,15156,15156,15353,197,0,0
286,ALLOC,,0,15156,15156,15322,166,0,0
288,MOVE,MTE1,31,15156,15187,15322,166,0,0
4186,SPILL_OUT,MTE3,0,15028,15028,15028,0,1,1
284,ALLOC,,0,15028,15028,15028,0,1,1
285,COPY_IN,MTE2,325,15028,15353,15028,0,1,1
287,ALLOC,,0,15156,15156,15353,197,0,0
289,MOVE,MTE1,31,15353,15384,15353,0,1,1
290,MATMUL,CUBE,128,15384,15512,15550,166,0,0
3069,FREE,,0,15512,15512,15678,166,0,0
3070,FREE,,0,15512,15512,15709,197,0,0
293,ALLOC,,0,15512,15512,15678,166,0,0
295,MOVE,MTE1,31,15512,15543,15678,166,0,0
4188,SPILL_OUT,MTE3,0,15384,15384,15384,0,1,1
291,ALLOC,,0,15384,15384,15384,0,1,1
292,COPY_IN,MTE2,325,15384,15709,15384,0,1,1
294,ALLOC,,0,15512,15512,15709,197,0,0
296,MOVE,MTE1,31,15709,15740,15709,0,1,1
297,MATMUL,CUBE,128,15740,15868,15906,166,0,0
3072,FREE,,0,15868,15868,16034,166,0,0
3073,FREE,,0,15868,15868,16065,197,0,0
300,ALLOC,,0,15868,15868,16034,166,0,0
302,MOVE,MTE1,31,15868,15899,16034,166,0,0
4190,SPILL_OUT,MTE3,0,15740,15740,15740,0,1,1
298,ALLOC,,0,15740,15740,15740,0,1,1
299,COPY_IN,MTE2,325,15740,16065,15740,0,1,1
301,ALLOC,,0,15868,15868,16065,197,0,0
303,MOVE,MTE1,31,16065,16096,16065,0,1,1
304,MATMUL,CUBE,128,16096,16224,16227,131,0,0
3075,FREE,,0,16224,16224,16390,166,0,0
3076,FREE,,0,16224,16224,16421,197,0,0
305,COPY_OUT,FIXP,263,16224,16487,16355,131,0,0
3052,FREE,,0,16487,16487,16618,131,0,0
309,ALLOC,,0,16224,16224,16390,166,0,0
311,MOVE,MTE1,31,16224,16255,16390,166,0,0
4192,SPILL_OUT,MTE3,0,16096,16096,16096,0,1,1
307,ALLOC,,0,16096,16096,16096,0,1,1
308,COPY_IN,MTE2,325,16096,16421,16096,0,1,1
310,ALLOC,,0,16224,16224,16421,197,0,0
312,MOVE,MTE1,31,16421,16452,16421,0,1,1
306,ALLOC,,0,16487,16487,16618,131,0,0
313,MATMUL,CUBE,128,16487,16615,16618,131,0,0
3079,FREE,,0,16615,16615,16746,131,0,0
3080,FREE,,0,16615,16615,16777,162,0,0
316,ALLOC,,0,16615,16615,16746,131,0,0
318,MOVE,MTE1,31,16615,16646,16746,131,0,0
4194,SPILL_OUT,MTE3,0,16452,16452,16452,0,1,1
314,ALLOC,,0,16452,16452,16452,0,1,1
315,COPY_IN,MTE2,325,16452,16777,16452,0,1,1
317,ALLOC,,0,16615,16615,16777,162,0,0
319,MOVE,MTE1,31,16777,16808,16777,0,1,1
320,MATMUL,CUBE,128,16808,16936,16974,166,0,0
3082,FREE,,0,16936,16936,17102,166,0,0
3083,FREE,,0,16936,16936,17133,197,0,0
323,ALLOC,,0,16936,16936,17102,166,0,0
325,MOVE,MTE1,31,16936,16967,17102,166,0,0
4196,SPILL_OUT,MTE3,0,16808,16808,16808,0,1,1
321,ALLOC,,0,16808,16808,16808,0,1,1
322,COPY_IN,MTE2,325,16808,17133,16808,0,1,1
324,ALLOC,,0,16936,16936,17133,197,0,0
326,MOVE,MTE1,31,17133,17164,17133,0,1,1
327,MATMUL,CUBE,128,17164,17292,17330,166,0,0
3085,FREE,,0,17292,17292,17458,166,0,0
3086,FREE,,0,17292,17292,17489,197,0,0
330,ALLOC,,0,17292,17292,17458,166,0,0
332,MOVE,MTE1,31,17292,17323,17458,166,0,0
4198,SPILL_OUT,MTE3,0,17164,17164,17164,0,1,1
328,ALLOC,,0,17164,17164,17164,0,1,1
329,COPY_IN,MTE2,325,17164,17489,17164,0,1,1
331,ALLOC,,0,17292,17292,17489,197,0,0
333,MOVE,MTE1,31,17489,17520,17489,0,1,1
334,MATMUL,CUBE,128,17520,17648,17686,166,0,0
3088,FREE,,0,17648,17648,17814,166,0,0
3089,FREE,,0,17648,17648,17845,197,0,0
337,ALLOC,,0,17648,17648,17814,166,0,0
339,MOVE,MTE1,31,17648,17679,17814,166,0,0
4200,SPILL_OUT,MTE3,0,17520,17520,17520,0,1,1
335,ALLOC,,0,17520,17520,17520,0,1,1
336,COPY_IN,MTE2,325,17520,17845,17520,0,1,1
338,ALLOC,,0,17648,17648,17845,197,0,0
340,MOVE,MTE1,31,17845,17876,17845,0,1,1
341,MATMUL,CUBE,128,17876,18004,18042,166,0,0
3091,FREE,,0,18004,18004,18170,166,0,0
3092,FREE,,0,18004,18004,18201,197,0,0
344,ALLOC,,0,18004,18004,18170,166,0,0
346,MOVE,MTE1,31,18004,18035,18170,166,0,0
4202,SPILL_OUT,MTE3,0,17876,17876,17876,0,1,1
342,ALLOC,,0,17876,17876,17876,0,1,1
343,COPY_IN,MTE2,325,17876,18201,17876,0,1,1
345,ALLOC,,0,18004,18004,18201,197,0,0
347,MOVE,MTE1,31,18201,18232,18201,0,1,1
348,MATMUL,CUBE,128,18232,18360,18398,166,0,0
3094,FREE,,0,18360,18360,18526,166,0,0
3095,FREE,,0,18360,18360,18557,197,0,0
351,ALLOC,,0,18360,18360,18526,166,0,0
353,MOVE,MTE1,31,18360,18391,18526,166,0,0
4204,SPILL_OUT,MTE3,0,18232,18232,18232,0,1,1
349,ALLOC,,0,18232,18232,18232,0,1,1
350,COPY_IN,MTE2,325,18232,18557,18232,0,1,1
352,ALLOC,,0,18360,18360,18557,197,0,0
354,MOVE,MTE1,31,18557,18588,18557,0,1,1
355,MATMUL,CUBE,128,18588,18716,18754,166,0,0
3097,FREE,,0,18716,18716,18882,166,0,0
3098,FREE,,0,18716,18716,18913,197,0,0
358,ALLOC,,0,18716,18716,18882,166,0,0
360,MOVE,MTE1,31,18716,18747,18882,166,0,0
4206,SPILL_OUT,MTE3,0,18588,18588,18588,0,1,1
356,ALLOC,,0,18588,18588,18588,0,1,1
357,COPY_IN,MTE2,325,18588,18913,18588,0,1,1
359,ALLOC,,0,18716,18716,18913,197,0,0
361,MOVE,MTE1,31,18913,18944,18913,0,1,1
362,MATMUL,CUBE,128,18944,19072,19075,131,0,0
3100,FREE,,0,19072,19072,19238,166,0,0
3101,FREE,,0,19072,19072,19269,197,0,0
363,COPY_OUT,FIXP,263,19072,19335,19203,131,0,0
3077,FREE,,0,19335,19335,19466,131,0,0
367,ALLOC,,0,19072,19072,19238,166,0,0
369,MOVE,MTE1,31,19072,19103,19238,166,0,0
4208,SPILL_OUT,MTE3,0,18944,18944,18944,0,1,1
365,ALLOC,,0,18944,18944,18944,0,1,1
366,COPY_IN,MTE2,325,18944,19269,18944,0,1,1
368,ALLOC,,0,19072,19072,19269,197,0,0
370,MOVE,MTE1,31,19269,19300,19269,0,1,1
364,ALLOC,,0,19335,19335,19466,131,0,0
371,MATMUL,CUBE,128,19335,19463,19466,131,0,0
3104,FREE,,0,19463,19463,19594,131,0,0
3105,FREE,,0,19463,19463,19625,162,0,0
374,ALLOC,,0,19463,19463,19594,131,0,0
376,MOVE,MTE1,31,19463,19494,19594,131,0,0
4210,SPILL_OUT,MTE3,0,19300,19300,19300,0,1,1
372,ALLOC,,0,19300,19300,19300,0,1,1
373,COPY_IN,MTE2,325,19300,19625,19300,0,1,1
375,ALLOC,,0,19463,19463,19625,162,0,0
377,MOVE,MTE1,31,19625,19656,19625,0,1,1
378,MATMUL,CUBE,128,19656,19784,19822,166,0,0
3107,FREE,,0,19784,19784,19950,166,0,0
3108,FREE,,0,19784,19784,19981,197,0,0
381,ALLOC,,0,19784,19784,19950,166,0,0
383,MOVE,MTE1,31,19784,19815,19950,166,0,0
4212,SPILL_OUT,MTE3,0,19656,19656,19656,0,1,1
379,ALLOC,,0,19656,19656,19656,0,1,1
380,COPY_IN,MTE2,325,19656,19981,19656,0,1,1
382,ALLOC,,0,19784,19784,19981,197,0,0
384,MOVE,MTE1,31,19981,20012,19981,0,1,1
385,MATMUL,CUBE,128,20012,20140,20178,166,0,0
3110,FREE,,0,20140,20140,20306,166,0,0
3111,FREE,,0,20140,20140,20337,197,0,0
388,ALLOC,,0,20140,20140,20306,166,0,0
390,MOVE,MTE1,31,20140,20171,20306,166,0,0
4214,SPILL_OUT,MTE3,0,20012,20012,20012,0,1,1
386,ALLOC,,0,20012,20012,20012,0,1,1
387,COPY_IN,MTE2,325,20012,20337,20012,0,1,1
389,ALLOC,,0,20140,20140,20337,197,0,0
391,MOVE,MTE1,31,20337,20368,20337,0,1,1
392,MATMUL,CUBE,128,20368,20496,20534,166,0,0
3113,FREE,,0,20496,20496,20662,166,0,0
3114,FREE,,0,20496,20496,20693,197,0,0
395,ALLOC,,0,20496,20496,20662,166,0,0
397,MOVE,MTE1,31,20496,20527,20662,166,0,0
4216,SPILL_OUT,MTE3,0,20368,20368,20368,0,1,1
393,ALLOC,,0,20368,20368,20368,0,1,1
394,COPY_IN,MTE2,325,20368,20693,20368,0,1,1
396,ALLOC,,0,20496,20496,20693,197,0,0
398,MOVE,MTE1,31,20693,20724,20693,0,1,1
399,MATMUL,CUBE,128,20724,20852,20890,166,0,0
3116,FREE,,0,20852,20852,21018,166,0,0
3117,FREE,,0,20852,20852,21049,197,0,0
402,ALLOC,,0,20852,20852,21018,166,0,0
404,MOVE,MTE1,31,20852,20883,21018,166,0,0
4218,SPILL_OUT,MTE3,0,20724,20724,20724,0,1,1
400,ALLOC,,0,20724,20724,20724,0,1,1
401,COPY_IN,MTE2,325,20724,21049,20724,0,1,1
403,ALLOC,,0,20852,20852,21049,197,0,0
405,MOVE,MTE1,31,21049,21080,21049,0,1,1
406,MATMUL,CUBE,128,21080,21208,21246,166,0,0
3119,FREE,,0,21208,21208,21374,166,0,0
3120,FREE,,0,21208,21208,21405,197,0,0
409,ALLOC,,0,21208,21208,21374,166,0,0
411,MOVE,MTE1,31,21208,21239,21374,166,0,0
4220,SPILL_OUT,MTE3,0,21080,21080,21080,0,1,1
407,ALLOC,,0,21080,21080,21080,0,1,1
408,COPY_IN,MTE2,325,21080,21405,21080,0,1,1
410,ALLOC,,0,21208,21208,21405,197,0,0
412,MOVE,MTE1,31,21405,21436,21405,0,1,1
413,MATMUL,CUBE,128,21436,21564,21602,166,0,0
3122,FREE,,0,21564,21564,21730,166,0,0
3123,FREE,,0,21564,21564,21761,197,0,0
416,ALLOC,,0,21564,21564,21730,166,0,0
418,MOVE,MTE1,31,21564,21595,21730,166,0,0
4222,SPILL_OUT,MTE3,0,21436,21436,21436,0,1,1
414,ALLOC,,0,21436,21436,21436,0,1,1
415,COPY_IN,MTE2,325,21436,21761,21436,0,1,1
417,ALLOC,,0,21564,21564,21761,197,0,0
419,MOVE,MTE1,31,21761,21792,21761,0,1,1
420,MATMUL,CUBE,128,21792,21920,21792,0,1,1
3125,FREE,,0,21920,21920,21920,0,1,1
3126,FREE,,0,21920,21920,22276,356,0,0
421,COPY_OUT,FIXP,263,21920,22183,22044,124,0,0
3102,FREE,,0,22183,22183,22307,124,0,0
425,ALLOC,,0,21920,21920,21920,0,1,1
427,MOVE,MTE1,31,21920,21951,21920,0,1,1
2945,FREE,,0,21951,21951,21951,0,1,1
423,ALLOC,,0,21951,21951,21951,0,1,1
424,COPY_IN,MTE2,325,21951,22276,21951,0,1,1
426,ALLOC,,0,21920,21920,22276,356,0,0
428,MOVE,MTE1,31,22276,22307,22276,0,1,1
422,ALLOC,,0,22183,22183,22307,124,0,0
429,MATMUL,CUBE,128,22307,22435,22307,0,1,1
3129,FREE,,0,22435,22435,22435,0,1,1
3130,FREE,,0,22435,22435,22791,356,0,0
432,ALLOC,,0,22435,22435,22435,0,1,1
434,MOVE,MTE1,31,22435,22466,22435,0,1,1
2949,FREE,,0,22466,22466,22466,0,1,1
430,ALLOC,,0,22466,22466,22466,0,1,1
431,COPY_IN,MTE2,325,22466,22791,22466,0,1,1
433,ALLOC,,0,22435,22435,22791,356,0,0
435,MOVE,MTE1,31,22791,22822,22791,0,1,1
436,MATMUL,CUBE,128,22822,22950,22822,0,1,1
3132,FREE,,0,22950,22950,22950,0,1,1
3133,FREE,,0,22950,22950,23306,356,0,0
439,ALLOC,,0,22950,22950,22950,0,1,1
441,MOVE,MTE1,31,22950,22981,22950,0,1,1
2953,FREE,,0,22981,22981,22981,0,1,1
437,ALLOC,,0,22981,22981,22981,0,1,1
438,COPY_IN,MTE2,325,22981,23306,22981,0,1,1
440,ALLOC,,0,22950,22950,23306,356,0,0
442,MOVE,MTE1,31,23306,23337,23306,0,1,1
443,MATMUL,CUBE,128,23337,23465,23337,0,1,1
3135,FREE,,0,23465,23465,23465,0,1,1
3136,FREE,,0,23465,23465,23821,356,0,0
446,ALLOC,,0,23465,23465,23465,0,1,1
448,MOVE,MTE1,31,23465,23496,23465,0,1,1
2957,FREE,,0,23496,23496,23496,0,1,1
444,ALLOC,,0,23496,23496,23496,0,1,1
445,COPY_IN,MTE2,325,23496,23821,23496,0,1,1
447,ALLOC,,0,23465,23465,23821,356,0,0
449,MOVE,MTE1,31,23821,23852,23821,0,1,1
450,MATMUL,CUBE,128,23852,23980,23852,0,1,1
3138,FREE,,0,23980,23980,23980,0,1,1
3139,FREE,,0,23980,23980,24336,356,0,0
453,ALLOC,,0,23980,23980,23980,0,1,1
455,MOVE,MTE1,31,23980,24011,23980,0,1,1
2961,FREE,,0,24011,24011,24011,0,1,1
451,ALLOC,,0,24011,24011,24011,0,1,1
452,COPY_IN,MTE2,325,24011,24336,24011,0,1,1
454,ALLOC,,0,23980,23980,24336,356,0,0
456,MOVE,MTE1,31,24336,24367,24336,0,1,1
457,MATMUL,CUBE,128,24367,24495,24367,0,1,1
3141,FREE,,0,24495,24495,24495,0,1,1
3142,FREE,,0,24495,24495,24851,356,0,0
460,ALLOC,,0,24495,24495,24495,0,1,1
462,MOVE,MTE1,31,24495,24526,24495,0,1,1
2965,FREE,,0,24526,24526,24526,0,1,1
458,ALLOC,,0,24526,24526,24526,0,1,1
459,COPY_IN,MTE2,325,24526,24851,24526,0,1,1
461,ALLOC,,0,24495,24495,24851,356,0,0
463,MOVE,MTE1,31,24851,24882,24851,0,1,1
464,MATMUL,CUBE,128,24882,25010,24882,0,1,1
3144,FREE,,0,25010,25010,25010,0,1,1
3145,FREE,,0,25010,25010,25366,356,0,0
467,ALLOC,,0,25010,25010,25010,0,1,1
469,MOVE,MTE1,31,25010,25041,25010,0,1,1
2969,FREE,,0,25041,25041,25041,0,1,1
465,ALLOC,,0,25041,25041,25041,0,1,1
466,COPY_IN,MTE2,325,25041,25366,25041,0,1,1
468,ALLOC,,0,25010,25010,25366,356,0,0
470,MOVE,MTE1,31,25366,25397,25366,0,1,1
471,MATMUL,CUBE,128,25397,25525,25397,0,1,1
3147,FREE,,0,25525,25525,25525,0,1,1
3148,FREE,,0,25525,25525,25881,356,0,0
474,ALLOC,,0,25525,25525,25525,0,1,1
476,MOVE,MTE1,31,25525,25556,25525,0,1,1
2973,FREE,,0,25556,25556,25556,0,1,1
472,ALLOC,,0,25556,25556,25556,0,1,1
473,COPY_IN,MTE2,325,25556,25881,25556,0,1,1
475,ALLOC,,0,25525,25525,25881,356,0,0
477,MOVE,MTE1,31,25881,25912,25881,0,1,1
478,MATMUL,CUBE,128,25912,26040,25912,0,1,1
3150,FREE,,0,26040,26040,26396,356,0,0
3151,FREE,,0,26040,26040,26040,0,1,1
479,COPY_OUT,FIXP,263,26040,26303,26164,124,0,0
3127,FREE,,0,26303,26303,26427,124,0,0
484,ALLOC,,0,26040,26040,26040,0,1,1
486,MOVE,MTE1,31,26040,26071,26040,0,1,1
4224,SPILL_OUT,MTE3,0,26071,26071,26071,0,1,1
481,ALLOC,,0,26071,26071,26071,0,1,1
482,COPY_IN,MTE2,325,26071,26396,26071,0,1,1
483,ALLOC,,0,26040,26040,26396,356,0,0
485,MOVE,MTE1,31,26396,26427,26396,0,1,1
480,ALLOC,,0,26303,26303,26427,124,0,0
487,MATMUL,CUBE,128,26427,26555,26427,0,1,1
3154,FREE,,0,26555,26555,26911,356,0,0
3155,FREE,,0,26555,26555,26555,0,1,1
491,ALLOC,,0,26555,26555,26555,0,1,1
493,MOVE,MTE1,31,26555,26586,26555,0,1,1
4226,SPILL_OUT,MTE3,0,26586,26586,26586,0,1,1
488,ALLOC,,0,26586,26586,26586,0,1,1
489,COPY_IN,MTE2,325,26586,26911,26586,0,1,1
490,ALLOC,,0,26555,26555,26911,356,0,0
492,MOVE,MTE1,31,26911,26942,26911,0,1,1
494,MATMUL,CUBE,128,26942,27070,26942,0,1,1
3157,FREE,,0,27070,27070,27426,356,0,0
3158,FREE,,0,27070,27070,27070,0,1,1
498,ALLOC,,0,27070,27070,27070,0,1,1
500,MOVE,MTE1,31,27070,27101,27070,0,1,1
4228,SPILL_OUT,MTE3,0,27101,27101,27101,0,1,1
495,ALLOC,,0,27101,27101,27101,0,1,1
496,COPY_IN,MTE2,325,27101,27426,27101,0,1,1
497,ALLOC,,0,27070,27070,27426,356,0,0
499,MOVE,MTE1,31,27426,27457,27426,0,1,1
501,MATMUL,CUBE,128,27457,27585,27457,0,1,1
3160,FREE,,0,27585,27585,27941,356,0,0
3161,FREE,,0,27585,27585,27585,0,1,1
505,ALLOC,,0,27585,27585,27585,0,1,1
507,MOVE,MTE1,31,27585,27616,27585,0,1,1
4230,SPILL_OUT,MTE3,0,27616,27616,27616,0,1,1
502,ALLOC,,0,27616,27616,27616,0,1,1
503,COPY_IN,MTE2,325,27616,27941,27616,0,1,1
504,ALLOC,,0,27585,27585,27941,356,0,0
506,MOVE,MTE1,31,27941,27972,27941,0,1,1
508,MATMUL,CUBE,128,27972,28100,27972,0,1,1
3163,FREE,,0,28100,28100,28456,356,0,0
3164,FREE,,0,28100,28100,28100,0,1,1
512,ALLOC,,0,28100,28100,28100,0,1,1
514,MOVE,MTE1,31,28100,28131,28100,0,1,1
4232,SPILL_OUT,MTE3,0,28131,28131,28131,0,1,1
509,ALLOC,,0,28131,28131,28131,0,1,1
510,COPY_IN,MTE2,325,28131,28456,28131,0,1,1
511,ALLOC,,0,28100,28100,28456,356,0,0
513,MOVE,MTE1,31,28456,28487,28456,0,1,1
515,MATMUL,CUBE,128,28487,28615,28487,0,1,1
3166,FREE,,0,28615,28615,28971,356,0,0
3167,FREE,,0,28615,28615,28615,0,1,1
519,ALLOC,,0,28615,28615,28615,0,1,1
521,MOVE,MTE1,31,28615,28646,28615,0,1,1
4234,SPILL_OUT,MTE3,0,28646,28646,28646,0,1,1
516,ALLOC,,0,28646,28646,28646,0,1,1
517,COPY_IN,MTE2,325,28646,28971,28646,0,1,1
518,ALLOC,,0,28615,28615,28971,356,0,0
520,MOVE,MTE1,31,28971,29002,28971,0,1,1
522,MATMUL,CUBE,128,29002,29130,29002,0,1,1
3169,FREE,,0,29130,29130,29486,356,0,0
3170,FREE,,0,29130,29130,29130,0,1,1
526,ALLOC,,0,29130,29130,29130,0,1,1
528,MOVE,MTE1,31,29130,29161,29130,0,1,1
4236,SPILL_OUT,MTE3,0,29161,29161,29161,0,1,1
523,ALLOC,,0,29161,29161,29161,0,1,1
524,COPY_IN,MTE2,325,29161,29486,29161,0,1,1
525,ALLOC,,0,29130,29130,29486,356,0,0
527,MOVE,MTE1,31,29486,29517,29486,0,1,1
529,MATMUL,CUBE,128,29517,29645,29517,0,1,1
3172,FREE,,0,29645,29645,30001,356,0,0
3173,FREE,,0,29645,29645,29645,0,1,1
533,ALLOC,,0,29645,29645,29645,0,1,1
535,MOVE,MTE1,31,29645,29676,29645,0,1,1
4238,SPILL_OUT,MTE3,0,29676,29676,29676,0,1,1
530,ALLOC,,0,29676,29676,29676,0,1,1
531,COPY_IN,MTE2,325,29676,30001,29676,0,1,1
532,ALLOC,,0,29645,29645,30001,356,0,0
534,MOVE,MTE1,31,30001,30032,30001,0,1,1
536,MATMUL,CUBE,128,30032,30160,30032,0,1,1
3175,FREE,,0,30160,30160,30361,201,0,0
3176,FREE,,0,30160,30160,30392,232,0,0
537,COPY_OUT,FIXP,263,30160,30423,30160,0,1,1
3152,FREE,,0,30423,30423,30423,0,1,1
539,ALLOC,,0,30160,30160,30361,201,0,0
541,MOVE,MTE1,31,30160,30191,30361,201,0,0
540,ALLOC,,0,30160,30160,30392,232,0,0
542,MOVE,MTE1,31,30191,30222,30392,201,0,0
538,ALLOC,,0,30423,30423,30423,0,1,1
543,MATMUL,CUBE,128,30423,30551,30423,0,1,1
3178,FREE,,0,30551,30551,30551,0,1,1
3179,FREE,,0,30551,30551,30582,31,0,0
544,ALLOC,,0,30551,30551,30551,0,1,1
546,MOVE,MTE1,31,30551,30582,30551,0,1,1
545,ALLOC,,0,30551,30551,30582,31,0,0
547,MOVE,MTE1,31,30582,30613,30582,0,1,1
548,MATMUL,CUBE,128,30613,30741,30613,0,1,1
3180,FREE,,0,30741,30741,30741,0,1,1
3181,FREE,,0,30741,30741,30772,31,0,0
549,ALLOC,,0,30741,30741,30741,0,1,1
551,MOVE,MTE1,31,30741,30772,30741,0,1,1
550,ALLOC,,0,30741,30741,30772,31,0,0
552,MOVE,MTE1,31,30772,30803,30772,0,1,1
553,MATMUL,CUBE,128,30803,30931,30803,0,1,1
3182,FREE,,0,30931,30931,30931,0,1,1
3183,FREE,,0,30931,30931,30962,31,0,0
554,ALLOC,,0,30931,30931,30931,0,1,1
556,MOVE,MTE1,31,30931,30962,30931,0,1,1
555,ALLOC,,0,30931,30931,30962,31,0,0
557,MOVE,MTE1,31,30962,30993,30962,0,1,1
558,MATMUL,CUBE,128,30993,31121,30993,0,1,1
3184,FREE,,0,31121,31121,31121,0,1,1
3185,FREE,,0,31121,31121,31152,31,0,0
559,ALLOC,,0,31121,31121,31121,0,1,1
561,MOVE,MTE1,31,31121,31152,31121,0,1,1
560,ALLOC,,0,31121,31121,31152,31,0,0
562,MOVE,MTE1,31,31152,31183,31152,0,1,1
563,MATMUL,CUBE,128,31183,31311,31183,0,1,1
3186,FREE,,0,31311,31311,31311,0,1,1
3187,FREE,,0,31311,31311,31342,31,0,0
564,ALLOC,,0,31311,31311,31311,0,1,1
566,MOVE,MTE1,31,31311,31342,31311,0,1,1
565,ALLOC,,0,31311,31311,31342,31,0,0
567,MOVE,MTE1,31,31342,31373,31342,0,1,1
568,MATMUL,CUBE,128,31373,31501,31373,0,1,1
3188,FREE,,0,31501,31501,31501,0,1,1
3189,FREE,,0,31501,31501,31532,31,0,0
569,ALLOC,,0,31501,31501,31501,0,1,1
571,MOVE,MTE1,31,31501,31532,31501,0,1,1
570,ALLOC,,0,31501,31501,31532,31,0,0
572,MOVE,MTE1,31,31532,31563,31532,0,1,1
573,MATMUL,CUBE,128,31563,31691,31563,0,1,1
3190,FREE,,0,31691,31691,31691,0,1,1
3191,FREE,,0,31691,31691,31722,31,0,0
574,ALLOC,,0,31691,31691,31691,0,1,1
576,MOVE,MTE1,31,31691,31722,31691,0,1,1
575,ALLOC,,0,31691,31691,31722,31,0,0
577,MOVE,MTE1,31,31722,31753,31722,0,1,1
578,MATMUL,CUBE,128,31753,31881,31753,0,1,1
3192,FREE,,0,31881,31881,32082,201,0,0
3193,FREE,,0,31881,31881,32113,232,0,0
579,COPY_OUT,FIXP,263,31881,32144,31881,0,1,1
3177,FREE,,0,32144,32144,32144,0,1,1
581,ALLOC,,0,31881,31881,32082,201,0,0
583,MOVE,MTE1,31,31881,31912,32082,201,0,0
582,ALLOC,,0,31881,31881,32113,232,0,0
584,MOVE,MTE1,31,31912,31943,32113,201,0,0
580,ALLOC,,0,32144,32144,32144,0,1,1
585,MATMUL,CUBE,128,32144,32272,32144,0,1,1
3195,FREE,,0,32272,32272,32272,0,1,1
3196,FREE,,0,32272,32272,32303,31,0,0
586,ALLOC,,0,32272,32272,32272,0,1,1
588,MOVE,MTE1,31,32272,32303,32272,0,1,1
587,ALLOC,,0,32272,32272,32303,31,0,0
589,MOVE,MTE1,31,32303,32334,32303,0,1,1
590,MATMUL,CUBE,128,32334,32462,32334,0,1,1
3197,FREE,,0,32462,32462,32462,0,1,1
3198,FREE,,0,32462,32462,32493,31,0,0
591,ALLOC,,0,32462,32462,32462,0,1,1
593,MOVE,MTE1,31,32462,32493,32462,0,1,1
592,ALLOC,,0,32462,32462,32493,31,0,0
594,MOVE,MTE1,31,32493,32524,32493,0,1,1
595,MATMUL,CUBE,128,32524,32652,32524,0,1,1
3199,FREE,,0,32652,32652,32652,0,1,1
3200,FREE,,0,32652,32652,32683,31,0,0
596,ALLOC,,0,32652,32652,32652,0,1,1
598,MOVE,MTE1,31,32652,32683,32652,0,1,1
597,ALLOC,,0,32652,32652,32683,31,0,0
599,MOVE,MTE1,31,32683,32714,32683,0,1,1
600,MATMUL,CUBE,128,32714,32842,32714,0,1,1
3201,FREE,,0,32842,32842,32842,0,1,1
3202,FREE,,0,32842,32842,32873,31,0,0
601,ALLOC,,0,32842,32842,32842,0,1,1
603,MOVE,MTE1,31,32842,32873,32842,0,1,1
602,ALLOC,,0,32842,32842,32873,31,0,0
604,MOVE,MTE1,31,32873,32904,32873,0,1,1
605,MATMUL,CUBE,128,32904,33032,32904,0,1,1
3203,FREE,,0,33032,33032,33032,0,1,1
3204,FREE,,0,33032,33032,33063,31,0,0
606,ALLOC,,0,33032,33032,33032,0,1,1
608,MOVE,MTE1,31,33032,33063,33032,0,1,1
607,ALLOC,,0,33032,33032,33063,31,0,0
609,MOVE,MTE1,31,33063,33094,33063,0,1,1
610,MATMUL,CUBE,128,33094,33222,33341,247,0,0
3205,FREE,,0,33222,33222,33469,247,0,0
3206,FREE,,0,33222,33222,33500,278,0,0
611,ALLOC,,0,33222,33222,33469,247,0,0
613,MOVE,MTE1,31,33222,33253,33469,247,0,0
612,ALLOC,,0,33222,33222,33500,278,0,0
4240,SPILL_OUT,MTE3,0,33094,33094,33094,0,1,1
4163,SPILL_IN,MTE2,406,33094,33500,33094,0,1,1
614,MOVE,MTE1,31,33500,33531,33500,0,1,1
615,MATMUL,CUBE,128,33531,33659,33778,247,0,0
3207,FREE,,0,33659,33659,33906,247,0,0
3208,FREE,,0,33659,33659,33937,278,0,0
616,ALLOC,,0,33659,33659,33906,247,0,0
618,MOVE,MTE1,31,33659,33690,33906,247,0,0
617,ALLOC,,0,33659,33659,33937,278,0,0
4242,SPILL_OUT,MTE3,0,33531,33531,33531,0,1,1
4161,SPILL_IN,MTE2,406,33531,33937,33531,0,1,1
619,MOVE,MTE1,31,33937,33968,33937,0,1,1
620,MATMUL,CUBE,128,33968,34096,33968,0,1,1
3209,FREE,,0,34096,34096,34096,0,1,1
3210,FREE,,0,34096,34096,34127,31,0,0
621,COPY_OUT,FIXP,263,34096,34359,34142,46,0,0
3194,FREE,,0,34359,34359,34405,46,0,0
623,ALLOC,,0,34096,34096,34096,0,1,1
625,MOVE,MTE1,31,34096,34127,34096,0,1,1
624,ALLOC,,0,34096,34096,34127,31,0,0
626,MOVE,MTE1,31,34127,34158,34127,0,1,1
622,ALLOC,,0,34359,34359,34405,46,0,0
627,MATMUL,CUBE,128,34359,34487,34405,46,0,0
3212,FREE,,0,34487,34487,34533,46,0,0
3213,FREE,,0,34487,34487,34564,77,0,0
628,ALLOC,,0,34487,34487,34533,46,0,0
630,MOVE,MTE1,31,34487,34518,34533,46,0,0
629,ALLOC,,0,34487,34487,34564,77,0,0
4244,SPILL_OUT,MTE3,0,34158,34158,34158,0,1,1
4165,SPILL_IN,MTE2,406,34158,34564,34158,0,1,1
631,MOVE,MTE1,31,34564,34595,34564,0,1,1
632,MATMUL,CUBE,128,34595,34723,34842,247,0,0
3214,FREE,,0,34723,34723,34970,247,0,0
3215,FREE,,0,34723,34723,35001,278,0,0
633,ALLOC,,0,34723,34723,34970,247,0,0
635,MOVE,MTE1,31,34723,34754,34970,247,0,0
634,ALLOC,,0,34723,34723,35001,278,0,0
4246,SPILL_OUT,MTE3,0,34595,34595,34595,0,1,1
4167,SPILL_IN,MTE2,406,34595,35001,34595,0,1,1
636,MOVE,MTE1,31,35001,35032,35001,0,1,1
637,MATMUL,CUBE,128,35032,35160,35279,247,0,0
3216,FREE,,0,35160,35160,35407,247,0,0
3217,FREE,,0,35160,35160,35438,278,0,0
638,ALLOC,,0,35160,35160,35407,247,0,0
640,MOVE,MTE1,31,35160,35191,35407,247,0,0
639,ALLOC,,0,35160,35160,35438,278,0,0
4248,SPILL_OUT,MTE3,0,35032,35032,35032,0,1,1
4169,SPILL_IN,MTE2,406,35032,35438,35032,0,1,1
641,MOVE,MTE1,31,35438,35469,35438,0,1,1
642,MATMUL,CUBE,128,35469,35597,35716,247,0,0
3218,FREE,,0,35597,35597,35844,247,0,0
3219,FREE,,0,35597,35597,35875,278,0,0
643,ALLOC,,0,35597,35597,35844,247,0,0
645,MOVE,MTE1,31,35597,35628,35844,247,0,0
644,ALLOC,,0,35597,35597,35875,278,0,0
4250,SPILL_OUT,MTE3,0,35469,35469,35469,0,1,1
4171,SPILL_IN,MTE2,406,35469,35875,35469,0,1,1
646,MOVE,MTE1,31,35875,35906,35875,0,1,1
647,MATMUL,CUBE,128,35906,36034,36153,247,0,0
3220,FREE,,0,36034,36034,36281,247,0,0
3221,FREE,,0,36034,36034,36312,278,0,0
648,ALLOC,,0,36034,36034,36281,247,0,0
650,MOVE,MTE1,31,36034,36065,36281,247,0,0
649,ALLOC,,0,36034,36034,36312,278,0,0
4252,SPILL_OUT,MTE3,0,35906,35906,35906,0,1,1
4173,SPILL_IN,MTE2,406,35906,36312,35906,0,1,1
651,MOVE,MTE1,31,36312,36343,36312,0,1,1
652,MATMUL,CUBE,128,36343,36471,36590,247,0,0
3222,FREE,,0,36471,36471,36718,247,0,0
3223,FREE,,0,36471,36471,36749,278,0,0
653,ALLOC,,0,36471,36471,36718,247,0,0
655,MOVE,MTE1,31,36471,36502,36718,247,0,0
654,ALLOC,,0,36471,36471,36749,278,0,0
4254,SPILL_OUT,MTE3,0,36343,36343,36343,0,1,1
4175,SPILL_IN,MTE2,406,36343,36749,36343,0,1,1
656,MOVE,MTE1,31,36749,36780,36749,0,1,1
657,MATMUL,CUBE,128,36780,36908,37027,247,0,0
3224,FREE,,0,36908,36908,37155,247,0,0
3225,FREE,,0,36908,36908,37186,278,0,0
658,ALLOC,,0,36908,36908,37155,247,0,0
660,MOVE,MTE1,31,36908,36939,37155,247,0,0
659,ALLOC,,0,36908,36908,37186,278,0,0
4256,SPILL_OUT,MTE3,0,36780,36780,36780,0,1,1
4177,SPILL_IN,MTE2,406,36780,37186,36780,0,1,1
661,MOVE,MTE1,31,37186,37217,37186,0,1,1
662,MATMUL,CUBE,128,37217,37345,37464,247,0,0
3226,FREE,,0,37345,37345,37592,247,0,0
3227,FREE,,0,37345,37345,37623,278,0,0
663,COPY_OUT,FIXP,263,37345,37608,37638,293,0,0
3211,FREE,,0,37608,37608,37901,293,0,0
665,ALLOC,,0,37345,37345,37592,247,0,0
667,MOVE,MTE1,31,37345,37376,37592,247,0,0
666,ALLOC,,0,37345,37345,37623,278,0,0
4258,SPILL_OUT,MTE3,0,37217,37217,37217,0,1,1
4179,SPILL_IN,MTE2,406,37217,37623,37217,0,1,1
668,MOVE,MTE1,31,37623,37654,37623,0,1,1
664,ALLOC,,0,37608,37608,37901,293,0,0
669,MATMUL,CUBE,128,37654,37782,37901,247,0,0
3229,FREE,,0,37782,37782,38029,247,0,0
3230,FREE,,0,37782,37782,38060,278,0,0
670,ALLOC,,0,37782,37782,38029,247,0,0
672,MOVE,MTE1,31,37782,37813,38029,247,0,0
671,ALLOC,,0,37782,37782,38060,278,0,0
4260,SPILL_OUT,MTE3,0,37654,37654,37654,0,1,1
4181,SPILL_IN,MTE2,406,37654,38060,37654,0,1,1
673,MOVE,MTE1,31,38060,38091,38060,0,1,1
674,MATMUL,CUBE,128,38091,38219,38338,247,0,0
3231,FREE,,0,38219,38219,38466,247,0,0
3232,FREE,,0,38219,38219,38497,278,0,0
675,ALLOC,,0,38219,38219,38466,247,0,0
677,MOVE,MTE1,31,38219,38250,38466,247,0,0
676,ALLOC,,0,38219,38219,38497,278,0,0
4262,SPILL_OUT,MTE3,0,38091,38091,38091,0,1,1
4183,SPILL_IN,MTE2,406,38091,38497,38091,0,1,1
678,MOVE,MTE1,31,38497,38528,38497,0,1,1
679,MATMUL,CUBE,128,38528,38656,38775,247,0,0
3233,FREE,,0,38656,38656,38903,247,0,0
3234,FREE,,0,38656,38656,38934,278,0,0
680,ALLOC,,0,38656,38656,38903,247,0,0
682,MOVE,MTE1,31,38656,38687,38903,247,0,0
681,ALLOC,,0,38656,38656,38934,278,0,0
4264,SPILL_OUT,MTE3,0,38528,38528,38528,0,1,1
4185,SPILL_IN,MTE2,406,38528,38934,38528,0,1,1
683,MOVE,MTE1,31,38934,38965,38934,0,1,1
684,MATMUL,CUBE,128,38965,39093,39212,247,0,0
3235,FREE,,0,39093,39093,39340,247,0,0
3236,FREE,,0,39093,39093,39371,278,0,0
685,ALLOC,,0,39093,39093,39340,247,0,0
687,MOVE,MTE1,31,39093,39124,39340,247,0,0
686,ALLOC,,0,39093,39093,39371,278,0,0
4266,SPILL_OUT,MTE3,0,38965,38965,38965,0,1,1
4187,SPILL_IN,MTE2,406,38965,39371,38965,0,1,1
688,MOVE,MTE1,31,39371,39402,39371,0,1,1
689,MATMUL,CUBE,128,39402,39530,39649,247,0,0
3237,FREE,,0,39530,39530,39777,247,0,0
3238,FREE,,0,39530,39530,39808,278,0,0
690,ALLOC,,0,39530,39530,39777,247,0,0
692,MOVE,MTE1,31,39530,39561,39777,247,0,0
691,ALLOC,,0,39530,39530,39808,278,0,0
4268,SPILL_OUT,MTE3,0,39402,39402,39402,0,1,1
4189,SPILL_IN,MTE2,406,39402,39808,39402,0,1,1
693,MOVE,MTE1,31,39808,39839,39808,0,1,1
694,MATMUL,CUBE,128,39839,39967,40086,247,0,0
3239,FREE,,0,39967,39967,40214,247,0,0
3240,FREE,,0,39967,39967,40245,278,0,0
695,ALLOC,,0,39967,39967,40214,247,0,0
697,MOVE,MTE1,31,39967,39998,40214,247,0,0
696,ALLOC,,0,39967,39967,40245,278,0,0
4270,SPILL_OUT,MTE3,0,39839,39839,39839,0,1,1
4191,SPILL_IN,MTE2,406,39839,40245,39839,0,1,1
698,MOVE,MTE1,31,40245,40276,40245,0,1,1
699,MATMUL,CUBE,128,40276,40404,40523,247,0,0
3241,FREE,,0,40404,40404,40651,247,0,0
3242,FREE,,0,40404,40404,40682,278,0,0
700,ALLOC,,0,40404,40404,40651,247,0,0
702,MOVE,MTE1,31,40404,40435,40651,247,0,0
701,ALLOC,,0,40404,40404,40682,278,0,0
4272,SPILL_OUT,MTE3,0,40276,40276,40276,0,1,1
4193,SPILL_IN,MTE2,406,40276,40682,40276,0,1,1
703,MOVE,MTE1,31,40682,40713,40682,0,1,1
704,MATMUL,CUBE,128,40713,40841,40960,247,0,0
3243,FREE,,0,40841,40841,41088,247,0,0
3244,FREE,,0,40841,40841,41119,278,0,0
705,COPY_OUT,FIXP,263,40841,41104,41134,293,0,0
3228,FREE,,0,41104,41104,41397,293,0,0
707,ALLOC,,0,40841,40841,41088,247,0,0
709,MOVE,MTE1,31,40841,40872,41088,247,0,0
708,ALLOC,,0,40841,40841,41119,278,0,0
4274,SPILL_OUT,MTE3,0,40713,40713,40713,0,1,1
4195,SPILL_IN,MTE2,406,40713,41119,40713,0,1,1
710,MOVE,MTE1,31,41119,41150,41119,0,1,1
706,ALLOC,,0,41104,41104,41397,293,0,0
711,MATMUL,CUBE,128,41150,41278,41397,247,0,0
3246,FREE,,0,41278,41278,41525,247,0,0
3247,FREE,,0,41278,41278,41556,278,0,0
712,ALLOC,,0,41278,41278,41525,247,0,0
714,MOVE,MTE1,31,41278,41309,41525,247,0,0
713,ALLOC,,0,41278,41278,41556,278,0,0
4276,SPILL_OUT,MTE3,0,41150,41150,41150,0,1,1
4197,SPILL_IN,MTE2,406,41150,41556,41150,0,1,1
715,MOVE,MTE1,31,41556,41587,41556,0,1,1
716,MATMUL,CUBE,128,41587,41715,41834,247,0,0
3248,FREE,,0,41715,41715,41962,247,0,0
3249,FREE,,0,41715,41715,41993,278,0,0
717,ALLOC,,0,41715,41715,41962,247,0,0
719,MOVE,MTE1,31,41715,41746,41962,247,0,0
718,ALLOC,,0,41715,41715,41993,278,0,0
4278,SPILL_OUT,MTE3,0,41587,41587,41587,0,1,1
4199,SPILL_IN,MTE2,406,41587,41993,41587,0,1,1
720,MOVE,MTE1,31,41993,42024,41993,0,1,1
721,MATMUL,CUBE,128,42024,42152,42271,247,0,0
3250,FREE,,0,42152,42152,42399,247,0,0
3251,FREE,,0,42152,42152,42430,278,0,0
722,ALLOC,,0,42152,42152,42399,247,0,0
724,MOVE,MTE1,31,42152,42183,42399,247,0,0
723,ALLOC,,0,42152,42152,42430,278,0,0
4280,SPILL_OUT,MTE3,0,42024,42024,42024,0,1,1
4201,SPILL_IN,MTE2,406,42024,42430,42024,0,1,1
725,MOVE,MTE1,31,42430,42461,42430,0,1,1
726,MATMUL,CUBE,128,42461,42589,42708,247,0,0
3252,FREE,,0,42589,42589,42836,247,0,0
3253,FREE,,0,42589,42589,42867,278,0,0
727,ALLOC,,0,42589,42589,42836,247,0,0
729,MOVE,MTE1,31,42589,42620,42836,247,0,0
728,ALLOC,,0,42589,42589,42867,278,0,0
4282,SPILL_OUT,MTE3,0,42461,42461,42461,0,1,1
4203,SPILL_IN,MTE2,406,42461,42867,42461,0,1,1
730,MOVE,MTE1,31,42867,42898,42867,0,1,1
731,MATMUL,CUBE,128,42898,43026,43145,247,0,0
3254,FREE,,0,43026,43026,43273,247,0,0
3255,FREE,,0,43026,43026,43304,278,0,0
732,ALLOC,,0,43026,43026,43273,247,0,0
734,MOVE,MTE1,31,43026,43057,43273,247,0,0
733,ALLOC,,0,43026,43026,43304,278,0,0
4284,SPILL_OUT,MTE3,0,42898,42898,42898,0,1,1
4205,SPILL_IN,MTE2,406,42898,43304,42898,0,1,1
735,MOVE,MTE1,31,43304,43335,43304,0,1,1
736,MATMUL,CUBE,128,43335,43463,43582,247,0,0
3256,FREE,,0,43463,43463,43710,247,0,0
3257,FREE,,0,43463,43463,43741,278,0,0
737,ALLOC,,0,43463,43463,43710,247,0,0
739,MOVE,MTE1,31,43463,43494,43710,247,0,0
738,ALLOC,,0,43463,43463,43741,278,0,0
4286,SPILL_OUT,MTE3,0,43335,43335,43335,0,1,1
4207,SPILL_IN,MTE2,406,43335,43741,43335,0,1,1
740,MOVE,MTE1,31,43741,43772,43741,0,1,1
741,MATMUL,CUBE,128,43772,43900,44019,247,0,0
3258,FREE,,0,43900,43900,44147,247,0,0
3259,FREE,,0,43900,43900,44178,278,0,0
742,ALLOC,,0,43900,43900,44147,247,0,0
744,MOVE,MTE1,31,43900,43931,44147,247,0,0
743,ALLOC,,0,43900,43900,44178,278,0,0
4288,SPILL_OUT,MTE3,0,43772,43772,43772,0,1,1
4209,SPILL_IN,MTE2,406,43772,44178,43772,0,1,1
745,MOVE,MTE1,31,44178,44209,44178,0,1,1
746,MATMUL,CUBE,128,44209,44337,44456,247,0,0
3260,FREE,,0,44337,44337,44584,247,0,0
3261,FREE,,0,44337,44337,44615,278,0,0
747,COPY_OUT,FIXP,263,44337,44600,44630,293,0,0
3245,FREE,,0,44600,44600,44893,293,0,0
749,ALLOC,,0,44337,44337,44584,247,0,0
751,MOVE,MTE1,31,44337,44368,44584,247,0,0
750,ALLOC,,0,44337,44337,44615,278,0,0
4290,SPILL_OUT,MTE3,0,44209,44209,44209,0,1,1
4211,SPILL_IN,MTE2,406,44209,44615,44209,0,1,1
752,MOVE,MTE1,31,44615,44646,44615,0,1,1
748,ALLOC,,0,44600,44600,44893,293,0,0
753,MATMUL,CUBE,128,44646,44774,44893,247,0,0
3263,FREE,,0,44774,44774,45021,247,0,0
3264,FREE,,0,44774,44774,45052,278,0,0
754,ALLOC,,0,44774,44774,45021,247,0,0
756,MOVE,MTE1,31,44774,44805,45021,247,0,0
755,ALLOC,,0,44774,44774,45052,278,0,0
4292,SPILL_OUT,MTE3,0,44646,44646,44646,0,1,1
4213,SPILL_IN,MTE2,406,44646,45052,44646,0,1,1
757,MOVE,MTE1,31,45052,45083,45052,0,1,1
758,MATMUL,CUBE,128,45083,45211,45330,247,0,0
3265,FREE,,0,45211,45211,45458,247,0,0
3266,FREE,,0,45211,45211,45489,278,0,0
759,ALLOC,,0,45211,45211,45458,247,0,0
761,MOVE,MTE1,31,45211,45242,45458,247,0,0
760,ALLOC,,0,45211,45211,45489,278,0,0
4294,SPILL_OUT,MTE3,0,45083,45083,45083,0,1,1
4215,SPILL_IN,MTE2,406,45083,45489,45083,0,1,1
762,MOVE,MTE1,31,45489,45520,45489,0,1,1
763,MATMUL,CUBE,128,45520,45648,45767,247,0,0
3267,FREE,,0,45648,45648,45895,247,0,0
3268,FREE,,0,45648,45648,45926,278,0,0
764,ALLOC,,0,45648,45648,45895,247,0,0
766,MOVE,MTE1,31,45648,45679,45895,247,0,0
765,ALLOC,,0,45648,45648,45926,278,0,0
4296,SPILL_OUT,MTE3,0,45520,45520,45520,0,1,1
4217,SPILL_IN,MTE2,406,45520,45926,45520,0,1,1
767,MOVE,MTE1,31,45926,45957,45926,0,1,1
768,MATMUL,CUBE,128,45957,46085,46204,247,0,0
3269,FREE,,0,46085,46085,46332,247,0,0
3270,FREE,,0,46085,46085,46363,278,0,0
769,ALLOC,,0,46085,46085,46332,247,0,0
771,MOVE,MTE1,31,46085,46116,46332,247,0,0
770,ALLOC,,0,46085,46085,46363,278,0,0
4298,SPILL_OUT,MTE3,0,45957,45957,45957,0,1,1
4219,SPILL_IN,MTE2,406,45957,46363,45957,0,1,1
772,MOVE,MTE1,31,46363,46394,46363,0,1,1
773,MATMUL,CUBE,128,46394,46522,46641,247,0,0
3271,FREE,,0,46522,46522,46769,247,0,0
3272,FREE,,0,46522,46522,46800,278,0,0
774,ALLOC,,0,46522,46522,46769,247,0,0
776,MOVE,MTE1,31,46522,46553,46769,247,0,0
775,ALLOC,,0,46522,46522,46800,278,0,0
4300,SPILL_OUT,MTE3,0,46394,46394,46394,0,1,1
4221,SPILL_IN,MTE2,406,46394,46800,46394,0,1,1
777,MOVE,MTE1,31,46800,46831,46800,0,1,1
778,MATMUL,CUBE,128,46831,46959,47078,247,0,0
3273,FREE,,0,46959,46959,47206,247,0,0
3274,FREE,,0,46959,46959,47237,278,0,0
779,ALLOC,,0,46959,46959,47206,247,0,0
781,MOVE,MTE1,31,46959,46990,47206,247,0,0
780,ALLOC,,0,46959,46959,47237,278,0,0
4302,SPILL_OUT,MTE3,0,46831,46831,46831,0,1,1
4223,SPILL_IN,MTE2,406,46831,47237,46831,0,1,1
782,MOVE,MTE1,31,47237,47268,47237,0,1,1
783,MATMUL,CUBE,128,47268,47396,47268,0,1,1
3275,FREE,,0,47396,47396,47396,0,1,1
3276,FREE,,0,47396,47396,47427,31,0,0
784,ALLOC,,0,47396,47396,47396,0,1,1
786,MOVE,MTE1,31,47396,47427,47396,0,1,1
785,ALLOC,,0,47396,47396,47427,31,0,0
787,MOVE,MTE1,31,47427,47458,47427,0,1,1
788,MATMUL,CUBE,128,47458,47586,47458,0,1,1
3277,FREE,,0,47586,47586,47586,0,1,1
3278,FREE,,0,47586,47586,47833,247,0,0
789,COPY_OUT,FIXP,263,47586,47849,47601,15,0,0
3262,FREE,,0,47849,47849,47864,15,0,0
791,ALLOC,,0,47586,47586,47586,0,1,1
793,MOVE,MTE1,31,47586,47617,47586,0,1,1
3153,FREE,,0,47617,47617,47617,0,1,1
792,ALLOC,,0,47586,47586,47833,247,0,0
794,MOVE,MTE1,31,47617,47648,47833,216,0,0
790,ALLOC,,0,47849,47849,47864,15,0,0
795,MATMUL,CUBE,128,47849,47977,47864,15,0,0
3280,FREE,,0,47977,47977,47992,15,0,0
3281,FREE,,0,47977,47977,48158,181,0,0
796,ALLOC,,0,47977,47977,47992,15,0,0
798,MOVE,MTE1,31,47977,48008,47992,15,0,0
3156,FREE,,0,48008,48008,48023,15,0,0
797,ALLOC,,0,47977,47977,48158,181,0,0
799,MOVE,MTE1,31,48008,48039,48158,150,0,0
800,MATMUL,CUBE,128,48039,48167,48189,150,0,0
3282,FREE,,0,48167,48167,48317,150,0,0
3283,FREE,,0,48167,48167,48564,397,0,0
801,ALLOC,,0,48167,48167,48317,150,0,0
803,MOVE,MTE1,31,48167,48198,48317,150,0,0
3159,FREE,,0,48198,48198,48348,150,0,0
802,ALLOC,,0,48167,48167,48564,397,0,0
804,MOVE,MTE1,31,48198,48229,48564,366,0,0
805,MATMUL,CUBE,128,48229,48357,48595,366,0,0
3284,FREE,,0,48357,48357,48723,366,0,0
3285,FREE,,0,48357,48357,48820,463,0,0
806,ALLOC,,0,48357,48357,48723,366,0,0
808,MOVE,MTE1,31,48357,48388,48723,366,0,0
3162,FREE,,0,48388,48388,48754,366,0,0
807,ALLOC,,0,48357,48357,48820,463,0,0
809,MOVE,MTE1,31,48388,48419,48820,432,0,0
810,MATMUL,CUBE,128,48419,48547,48851,432,0,0
3286,FREE,,0,48547,48547,48979,432,0,0
3287,FREE,,0,48547,48547,49010,463,0,0
811,ALLOC,,0,48547,48547,48979,432,0,0
813,MOVE,MTE1,31,48547,48578,48979,432,0,0
3165,FREE,,0,48578,48578,49079,501,0,0
812,ALLOC,,0,48547,48547,49010,463,0,0
814,MOVE,MTE1,31,48578,48609,49010,432,0,0
815,MATMUL,CUBE,128,48609,48737,49041,432,0,0
3288,FREE,,0,48737,48737,49169,432,0,0
3289,FREE,,0,48737,48737,49200,463,0,0
816,ALLOC,,0,48737,48737,49169,432,0,0
818,MOVE,MTE1,31,48737,48768,49169,432,0,0
3168,FREE,,0,48768,48768,49485,717,0,0
817,ALLOC,,0,48737,48737,49200,463,0,0
819,MOVE,MTE1,31,48768,48799,49200,432,0,0
820,MATMUL,CUBE,128,48799,48927,49231,432,0,0
3290,FREE,,0,48927,48927,49359,432,0,0
3291,FREE,,0,48927,48927,49390,463,0,0
821,ALLOC,,0,48927,48927,49359,432,0,0
823,MOVE,MTE1,31,48927,48958,49359,432,0,0
3171,FREE,,0,48958,48958,49810,852,0,0
822,ALLOC,,0,48927,48927,49390,463,0,0
824,MOVE,MTE1,31,48958,48989,49390,432,0,0
825,MATMUL,CUBE,128,48989,49117,49421,432,0,0
3292,FREE,,0,49117,49117,49549,432,0,0
3293,FREE,,0,49117,49117,49580,463,0,0
826,ALLOC,,0,49117,49117,49549,432,0,0
828,MOVE,MTE1,31,49117,49148,49549,432,0,0
3174,FREE,,0,49148,49148,50216,1068,0,0
827,ALLOC,,0,49117,49117,49580,463,0,0
829,MOVE,MTE1,31,49148,49179,49580,432,0,0
830,MATMUL,CUBE,128,49179,49307,49611,432,0,0
3294,FREE,,0,49307,49307,49971,664,0,0
3295,FREE,,0,49307,49307,49940,633,0,0
831,COPY_OUT,FIXP,263,49307,49570,49739,432,0,0
3279,FREE,,0,49570,49570,50002,432,0,0
836,ALLOC,,0,49307,49307,49940,633,0,0
4225,SPILL_IN,MTE2,406,47617,48023,47617,0,1,1
838,MOVE,MTE1,31,49307,49338,49940,633,0,0
833,ALLOC,,0,48008,48008,48023,15,0,0
834,COPY_IN,MTE2,325,48023,48348,48023,0,1,1
835,ALLOC,,0,49307,49307,49971,664,0,0
837,MOVE,MTE1,31,49338,49369,49971,633,0,0
832,ALLOC,,0,49570,49570,50002,432,0,0
839,MATMUL,CUBE,128,49570,49698,50002,432,0,0
3298,FREE,,0,49698,49698,50161,463,0,0
3299,FREE,,0,49698,49698,50130,432,0,0
843,ALLOC,,0,49698,49698,50130,432,0,0
4227,SPILL_IN,MTE2,406,48348,48754,48348,0,1,1
845,MOVE,MTE1,31,49698,49729,50130,432,0,0
840,ALLOC,,0,48388,48388,48754,366,0,0
841,COPY_IN,MTE2,325,48754,49079,48754,0,1,1
842,ALLOC,,0,49698,49698,50161,463,0,0
844,MOVE,MTE1,31,49729,49760,50161,432,0,0
846,MATMUL,CUBE,128,49760,49888,50192,432,0,0
3301,FREE,,0,49888,49888,50351,463,0,0
3302,FREE,,0,49888,49888,50320,432,0,0
850,ALLOC,,0,49888,49888,50320,432,0,0
4229,SPILL_IN,MTE2,406,49079,49485,49079,0,1,1
852,MOVE,MTE1,31,49888,49919,50320,432,0,0
847,ALLOC,,0,48768,48768,49485,717,0,0
848,COPY_IN,MTE2,325,49485,49810,49485,0,1,1
849,ALLOC,,0,49888,49888,50351,463,0,0
851,MOVE,MTE1,31,49919,49950,50351,432,0,0
853,MATMUL,CUBE,128,49950,50078,50382,432,0,0
3304,FREE,,0,50078,50078,50788,710,0,0
3305,FREE,,0,50078,50078,50510,432,0,0
857,ALLOC,,0,50078,50078,50510,432,0,0
4231,SPILL_IN,MTE2,406,49810,50216,49810,0,1,1
859,MOVE,MTE1,31,50216,50247,50510,294,0,0
854,ALLOC,,0,49148,49148,50216,1068,0,0
855,COPY_IN,MTE2,325,50216,50541,50216,0,1,1
856,ALLOC,,0,50078,50078,50788,710,0,0
858,MOVE,MTE1,31,50541,50572,50788,247,0,0
860,MATMUL,CUBE,128,50572,50700,50819,247,0,0
3307,FREE,,0,50700,50700,51550,850,0,0
3308,FREE,,0,50700,50700,50947,247,0,0
864,ALLOC,,0,50700,50700,50947,247,0,0
4304,SPILL_OUT,MTE3,0,50247,50247,50541,294,0,0
4233,SPILL_IN,MTE2,406,50541,50947,50541,0,1,1
866,MOVE,MTE1,31,50947,50978,50947,0,1,1
4306,SPILL_OUT,MTE3,0,50978,50978,50978,0,1,1
861,ALLOC,,0,50978,50978,50978,0,1,1
862,COPY_IN,MTE2,325,50978,51303,50978,0,1,1
863,ALLOC,,0,50700,50700,51550,850,0,0
865,MOVE,MTE1,31,51303,51334,51550,247,0,0
867,MATMUL,CUBE,128,51334,51462,51581,247,0,0
3310,FREE,,0,51462,51462,52312,850,0,0
3311,FREE,,0,51462,51462,51709,247,0,0
871,ALLOC,,0,51462,51462,51709,247,0,0
4308,SPILL_OUT,MTE3,0,50978,50978,51303,325,0,0
4235,SPILL_IN,MTE2,406,51303,51709,51303,0,1,1
873,MOVE,MTE1,31,51709,51740,51709,0,1,1
4310,SPILL_OUT,MTE3,0,51740,51740,51740,0,1,1
868,ALLOC,,0,51740,51740,51740,0,1,1
869,COPY_IN,MTE2,325,51740,52065,51740,0,1,1
870,ALLOC,,0,51462,51462,52312,850,0,0
872,MOVE,MTE1,31,52065,52096,52312,247,0,0
874,MATMUL,CUBE,128,52096,52224,52343,247,0,0
3313,FREE,,0,52224,52224,53074,850,0,0
3314,FREE,,0,52224,52224,52471,247,0,0
878,ALLOC,,0,52224,52224,52471,247,0,0
4312,SPILL_OUT,MTE3,0,51740,51740,52065,325,0,0
4237,SPILL_IN,MTE2,406,52065,52471,52065,0,1,1
880,MOVE,MTE1,31,52471,52502,52471,0,1,1
4314,SPILL_OUT,MTE3,0,52502,52502,52502,0,1,1
875,ALLOC,,0,52502,52502,52502,0,1,1
876,COPY_IN,MTE2,325,52502,52827,52502,0,1,1
877,ALLOC,,0,52224,52224,53074,850,0,0
879,MOVE,MTE1,31,52827,52858,53074,247,0,0
881,MATMUL,CUBE,128,52858,52986,53105,247,0,0
3316,FREE,,0,52986,52986,53589,603,0,0
3317,FREE,,0,52986,52986,53233,247,0,0
885,ALLOC,,0,52986,52986,53233,247,0,0
4316,SPILL_OUT,MTE3,0,52502,52502,52827,325,0,0
4239,SPILL_IN,MTE2,406,52827,53233,52827,0,1,1
887,MOVE,MTE1,31,53233,53264,53233,0,1,1
4318,SPILL_OUT,MTE3,0,53264,53264,53264,0,1,1
882,ALLOC,,0,53264,53264,53264,0,1,1
883,COPY_IN,MTE2,325,53264,53589,53264,0,1,1
884,ALLOC,,0,52986,52986,53589,603,0,0
886,MOVE,MTE1,31,53589,53620,53589,0,1,1
888,MATMUL,CUBE,128,53620,53748,53620,0,1,1
3319,FREE,,0,53748,53748,53949,201,0,0
3320,FREE,,0,53748,53748,53980,232,0,0
889,COPY_OUT,FIXP,263,53748,54011,53748,0,1,1
3296,FREE,,0,54011,54011,54011,0,1,1
891,ALLOC,,0,53748,53748,53949,201,0,0
893,MOVE,MTE1,31,53748,53779,53949,201,0,0
892,ALLOC,,0,53748,53748,53980,232,0,0
894,MOVE,MTE1,31,53779,53810,53980,201,0,0
890,ALLOC,,0,54011,54011,54011,0,1,1
895,MATMUL,CUBE,128,54011,54139,54011,0,1,1
3322,FREE,,0,54139,54139,54139,0,1,1
3323,FREE,,0,54139,54139,54170,31,0,0
896,ALLOC,,0,54139,54139,54139,0,1,1
898,MOVE,MTE1,31,54139,54170,54139,0,1,1
897,ALLOC,,0,54139,54139,54170,31,0,0
899,MOVE,MTE1,31,54170,54201,54170,0,1,1
900,MATMUL,CUBE,128,54201,54329,54201,0,1,1
3324,FREE,,0,54329,54329,54329,0,1,1
3325,FREE,,0,54329,54329,54360,31,0,0
901,ALLOC,,0,54329,54329,54329,0,1,1
903,MOVE,MTE1,31,54329,54360,54329,0,1,1
902,ALLOC,,0,54329,54329,54360,31,0,0
904,MOVE,MTE1,31,54360,54391,54360,0,1,1
905,MATMUL,CUBE,128,54391,54519,54391,0,1,1
3326,FREE,,0,54519,54519,54519,0,1,1
3327,FREE,,0,54519,54519,54550,31,0,0
906,ALLOC,,0,54519,54519,54519,0,1,1
908,MOVE,MTE1,31,54519,54550,54519,0,1,1
907,ALLOC,,0,54519,54519,54550,31,0,0
909,MOVE,MTE1,31,54550,54581,54550,0,1,1
910,MATMUL,CUBE,128,54581,54709,54581,0,1,1
3328,FREE,,0,54709,54709,54709,0,1,1
3329,FREE,,0,54709,54709,54740,31,0,0
911,ALLOC,,0,54709,54709,54709,0,1,1
913,MOVE,MTE1,31,54709,54740,54709,0,1,1
912,ALLOC,,0,54709,54709,54740,31,0,0
914,MOVE,MTE1,31,54740,54771,54740,0,1,1
915,MATMUL,CUBE,128,54771,54899,54771,0,1,1
3330,FREE,,0,54899,54899,54899,0,1,1
3331,FREE,,0,54899,54899,54930,31,0,0
916,ALLOC,,0,54899,54899,54899,0,1,1
918,MOVE,MTE1,31,54899,54930,54899,0,1,1
917,ALLOC,,0,54899,54899,54930,31,0,0
919,MOVE,MTE1,31,54930,54961,54930,0,1,1
920,MATMUL,CUBE,128,54961,55089,54961,0,1,1
3332,FREE,,0,55089,55089,55089,0,1,1
3333,FREE,,0,55089,55089,55120,31,0,0
921,ALLOC,,0,55089,55089,55089,0,1,1
923,MOVE,MTE1,31,55089,55120,55089,0,1,1
922,ALLOC,,0,55089,55089,55120,31,0,0
924,MOVE,MTE1,31,55120,55151,55120,0,1,1
925,MATMUL,CUBE,128,55151,55279,55151,0,1,1
3334,FREE,,0,55279,55279,55279,0,1,1
3335,FREE,,0,55279,55279,55310,31,0,0
926,ALLOC,,0,55279,55279,55279,0,1,1
928,MOVE,MTE1,31,55279,55310,55279,0,1,1
927,ALLOC,,0,55279,55279,55310,31,0,0
929,MOVE,MTE1,31,55310,55341,55310,0,1,1
930,MATMUL,CUBE,128,55341,55469,55341,0,1,1
3336,FREE,,0,55469,55469,55670,201,0,0
3337,FREE,,0,55469,55469,55701,232,0,0
931,COPY_OUT,FIXP,263,55469,55732,55469,0,1,1
3321,FREE,,0,55732,55732,55732,0,1,1
933,ALLOC,,0,55469,55469,55670,201,0,0
935,MOVE,MTE1,31,55469,55500,55670,201,0,0
934,ALLOC,,0,55469,55469,55701,232,0,0
936,MOVE,MTE1,31,55500,55531,55701,201,0,0
932,ALLOC,,0,55732,55732,55732,0,1,1
937,MATMUL,CUBE,128,55732,55860,55732,0,1,1
3339,FREE,,0,55860,55860,55860,0,1,1
3340,FREE,,0,55860,55860,55891,31,0,0
938,ALLOC,,0,55860,55860,55860,0,1,1
940,MOVE,MTE1,31,55860,55891,55860,0,1,1
939,ALLOC,,0,55860,55860,55891,31,0,0
941,MOVE,MTE1,31,55891,55922,55891,0,1,1
942,MATMUL,CUBE,128,55922,56050,55922,0,1,1
3341,FREE,,0,56050,56050,56050,0,1,1
3342,FREE,,0,56050,56050,56081,31,0,0
943,ALLOC,,0,56050,56050,56050,0,1,1
945,MOVE,MTE1,31,56050,56081,56050,0,1,1
944,ALLOC,,0,56050,56050,56081,31,0,0
946,MOVE,MTE1,31,56081,56112,56081,0,1,1
947,MATMUL,CUBE,128,56112,56240,56112,0,1,1
3343,FREE,,0,56240,56240,56240,0,1,1
3344,FREE,,0,56240,56240,56271,31,0,0
948,ALLOC,,0,56240,56240,56240,0,1,1
950,MOVE,MTE1,31,56240,56271,56240,0,1,1
949,ALLOC,,0,56240,56240,56271,31,0,0
951,MOVE,MTE1,31,56271,56302,56271,0,1,1
952,MATMUL,CUBE,128,56302,56430,56302,0,1,1
3345,FREE,,0,56430,56430,56430,0,1,1
3346,FREE,,0,56430,56430,56461,31,0,0
953,ALLOC,,0,56430,56430,56430,0,1,1
955,MOVE,MTE1,31,56430,56461,56430,0,1,1
954,ALLOC,,0,56430,56430,56461,31,0,0
956,MOVE,MTE1,31,56461,56492,56461,0,1,1
957,MATMUL,CUBE,128,56492,56620,56739,247,0,0
3347,FREE,,0,56620,56620,56867,247,0,0
3348,FREE,,0,56620,56620,56898,278,0,0
958,ALLOC,,0,56620,56620,56867,247,0,0
960,MOVE,MTE1,31,56620,56651,56867,247,0,0
959,ALLOC,,0,56620,56620,56898,278,0,0
4320,SPILL_OUT,MTE3,0,56492,56492,56492,0,1,1
4241,SPILL_IN,MTE2,406,56492,56898,56492,0,1,1
961,MOVE,MTE1,31,56898,56929,56898,0,1,1
962,MATMUL,CUBE,128,56929,57057,57176,247,0,0
3349,FREE,,0,57057,57057,57304,247,0,0
3350,FREE,,0,57057,57057,57335,278,0,0
963,ALLOC,,0,57057,57057,57304,247,0,0
965,MOVE,MTE1,31,57057,57088,57304,247,0,0
964,ALLOC,,0,57057,57057,57335,278,0,0
4322,SPILL_OUT,MTE3,0,56929,56929,56929,0,1,1
4243,SPILL_IN,MTE2,406,56929,57335,56929,0,1,1
966,MOVE,MTE1,31,57335,57366,57335,0,1,1
967,MATMUL,CUBE,128,57366,57494,57366,0,1,1
3351,FREE,,0,57494,57494,57494,0,1,1
3352,FREE,,0,57494,57494,57525,31,0,0
968,ALLOC,,0,57494,57494,57494,0,1,1
970,MOVE,MTE1,31,57494,57525,57494,0,1,1
969,ALLOC,,0,57494,57494,57525,31,0,0
971,MOVE,MTE1,31,57525,57556,57525,0,1,1
972,MATMUL,CUBE,128,57556,57684,57803,247,0,0
3353,FREE,,0,57684,57684,57931,247,0,0
3354,FREE,,0,57684,57684,57962,278,0,0
973,COPY_OUT,FIXP,263,57684,57947,57977,293,0,0
3338,FREE,,0,57947,57947,58240,293,0,0
975,ALLOC,,0,57684,57684,57931,247,0,0
977,MOVE,MTE1,31,57684,57715,57931,247,0,0
976,ALLOC,,0,57684,57684,57962,278,0,0
4324,SPILL_OUT,MTE3,0,57556,57556,57556,0,1,1
4245,SPILL_IN,MTE2,406,57556,57962,57556,0,1,1
978,MOVE,MTE1,31,57962,57993,57962,0,1,1
974,ALLOC,,0,57947,57947,58240,293,0,0
979,MATMUL,CUBE,128,57993,58121,58240,247,0,0
3356,FREE,,0,58121,58121,58368,247,0,0
3357,FREE,,0,58121,58121,58399,278,0,0
980,ALLOC,,0,58121,58121,58368,247,0,0
982,MOVE,MTE1,31,58121,58152,58368,247,0,0
981,ALLOC,,0,58121,58121,58399,278,0,0
4326,SPILL_OUT,MTE3,0,57993,57993,57993,0,1,1
4247,SPILL_IN,MTE2,406,57993,58399,57993,0,1,1
983,MOVE,MTE1,31,58399,58430,58399,0,1,1
984,MATMUL,CUBE,128,58430,58558,58677,247,0,0
3358,FREE,,0,58558,58558,58805,247,0,0
3359,FREE,,0,58558,58558,58836,278,0,0
985,ALLOC,,0,58558,58558,58805,247,0,0
987,MOVE,MTE1,31,58558,58589,58805,247,0,0
986,ALLOC,,0,58558,58558,58836,278,0,0
4328,SPILL_OUT,MTE3,0,58430,58430,58430,0,1,1
4249,SPILL_IN,MTE2,406,58430,58836,58430,0,1,1
988,MOVE,MTE1,31,58836,58867,58836,0,1,1
989,MATMUL,CUBE,128,58867,58995,59114,247,0,0
3360,FREE,,0,58995,58995,59242,247,0,0
3361,FREE,,0,58995,58995,59273,278,0,0
990,ALLOC,,0,58995,58995,59242,247,0,0
992,MOVE,MTE1,31,58995,59026,59242,247,0,0
991,ALLOC,,0,58995,58995,59273,278,0,0
4330,SPILL_OUT,MTE3,0,58867,58867,58867,0,1,1
4251,SPILL_IN,MTE2,406,58867,59273,58867,0,1,1
993,MOVE,MTE1,31,59273,59304,59273,0,1,1
994,MATMUL,CUBE,128,59304,59432,59551,247,0,0
3362,FREE,,0,59432,59432,59679,247,0,0
3363,FREE,,0,59432,59432,59710,278,0,0
995,ALLOC,,0,59432,59432,59679,247,0,0
997,MOVE,MTE1,31,59432,59463,59679,247,0,0
996,ALLOC,,0,59432,59432,59710,278,0,0
4332,SPILL_OUT,MTE3,0,59304,59304,59304,0,1,1
4253,SPILL_IN,MTE2,406,59304,59710,59304,0,1,1
998,MOVE,MTE1,31,59710,59741,59710,0,1,1
999,MATMUL,CUBE,128,59741,59869,59988,247,0,0
3364,FREE,,0,59869,59869,60116,247,0,0
3365,FREE,,0,59869,59869,60147,278,0,0
1000,ALLOC,,0,59869,59869,60116,247,0,0
1002,MOVE,MTE1,31,59869,59900,60116,247,0,0
1001,ALLOC,,0,59869,59869,60147,278,0,0
4334,SPILL_OUT,MTE3,0,59741,59741,59741,0,1,1
4255,SPILL_IN,MTE2,406,59741,60147,59741,0,1,1
1003,MOVE,MTE1,31,60147,60178,60147,0,1,1
1004,MATMUL,CUBE,128,60178,60306,60425,247,0,0
3366,FREE,,0,60306,60306,60553,247,0,0
3367,FREE,,0,60306,60306,60584,278,0,0
1005,ALLOC,,0,60306,60306,60553,247,0,0
1007,MOVE,MTE1,31,60306,60337,60553,247,0,0
1006,ALLOC,,0,60306,60306,60584,278,0,0
4336,SPILL_OUT,MTE3,0,60178,60178,60178,0,1,1
4257,SPILL_IN,MTE2,406,60178,60584,60178,0,1,1
1008,MOVE,MTE1,31,60584,60615,60584,0,1,1
1009,MATMUL,CUBE,128,60615,60743,60862,247,0,0
3368,FREE,,0,60743,60743,60990,247,0,0
3369,FREE,,0,60743,60743,61021,278,0,0
1010,ALLOC,,0,60743,60743,60990,247,0,0
1012,MOVE,MTE1,31,60743,60774,60990,247,0,0
1011,ALLOC,,0,60743,60743,61021,278,0,0
4338,SPILL_OUT,MTE3,0,60615,60615,60615,0,1,1
4259,SPILL_IN,MTE2,406,60615,61021,60615,0,1,1
1013,MOVE,MTE1,31,61021,61052,61021,0,1,1
1014,MATMUL,CUBE,128,61052,61180,61299,247,0,0
3370,FREE,,0,61180,61180,61427,247,0,0
3371,FREE,,0,61180,61180,61458,278,0,0
1015,COPY_OUT,FIXP,263,61180,61443,61473,293,0,0
3355,FREE,,0,61443,61443,61736,293,0,0
1017,ALLOC,,0,61180,61180,61427,247,0,0
1019,MOVE,MTE1,31,61180,61211,61427,247,0,0
1018,ALLOC,,0,61180,61180,61458,278,0,0
4340,SPILL_OUT,MTE3,0,61052,61052,61052,0,1,1
4261,SPILL_IN,MTE2,406,61052,61458,61052,0,1,1
1020,MOVE,MTE1,31,61458,61489,61458,0,1,1
1016,ALLOC,,0,61443,61443,61736,293,0,0
1021,MATMUL,CUBE,128,61489,61617,61736,247,0,0
3373,FREE,,0,61617,61617,61864,247,0,0
3374,FREE,,0,61617,61617,61895,278,0,0
1022,ALLOC,,0,61617,61617,61864,247,0,0
1024,MOVE,MTE1,31,61617,61648,61864,247,0,0
1023,ALLOC,,0,61617,61617,61895,278,0,0
4342,SPILL_OUT,MTE3,0,61489,61489,61489,0,1,1
4263,SPILL_IN,MTE2,406,61489,61895,61489,0,1,1
1025,MOVE,MTE1,31,61895,61926,61895,0,1,1
1026,MATMUL,CUBE,128,61926,62054,62173,247,0,0
3375,FREE,,0,62054,62054,62301,247,0,0
3376,FREE,,0,62054,62054,62332,278,0,0
1027,ALLOC,,0,62054,62054,62301,247,0,0
1029,MOVE,MTE1,31,62054,62085,62301,247,0,0
1028,ALLOC,,0,62054,62054,62332,278,0,0
4344,SPILL_OUT,MTE3,0,61926,61926,61926,0,1,1
4265,SPILL_IN,MTE2,406,61926,62332,61926,0,1,1
1030,MOVE,MTE1,31,62332,62363,62332,0,1,1
1031,MATMUL,CUBE,128,62363,62491,62610,247,0,0
3377,FREE,,0,62491,62491,62738,247,0,0
3378,FREE,,0,62491,62491,62769,278,0,0
1032,ALLOC,,0,62491,62491,62738,247,0,0
1034,MOVE,MTE1,31,62491,62522,62738,247,0,0
1033,ALLOC,,0,62491,62491,62769,278,0,0
4346,SPILL_OUT,MTE3,0,62363,62363,62363,0,1,1
4267,SPILL_IN,MTE2,406,62363,62769,62363,0,1,1
1035,MOVE,MTE1,31,62769,62800,62769,0,1,1
1036,MATMUL,CUBE,128,62800,62928,63047,247,0,0
3379,FREE,,0,62928,62928,63175,247,0,0
3380,FREE,,0,62928,62928,63206,278,0,0
1037,ALLOC,,0,62928,62928,63175,247,0,0
1039,MOVE,MTE1,31,62928,62959,63175,247,0,0
1038,ALLOC,,0,62928,62928,63206,278,0,0
4348,SPILL_OUT,MTE3,0,62800,62800,62800,0,1,1
4269,SPILL_IN,MTE2,406,62800,63206,62800,0,1,1
1040,MOVE,MTE1,31,63206,63237,63206,0,1,1
1041,MATMUL,CUBE,128,63237,63365,63484,247,0,0
3381,FREE,,0,63365,63365,63612,247,0,0
3382,FREE,,0,63365,63365,63643,278,0,0
1042,ALLOC,,0,63365,63365,63612,247,0,0
1044,MOVE,MTE1,31,63365,63396,63612,247,0,0
1043,ALLOC,,0,63365,63365,63643,278,0,0
4350,SPILL_OUT,MTE3,0,63237,63237,63237,0,1,1
4271,SPILL_IN,MTE2,406,63237,63643,63237,0,1,1
1045,MOVE,MTE1,31,63643,63674,63643,0,1,1
1046,MATMUL,CUBE,128,63674,63802,63921,247,0,0
3383,FREE,,0,63802,63802,64049,247,0,0
3384,FREE,,0,63802,63802,64080,278,0,0
1047,ALLOC,,0,63802,63802,64049,247,0,0
1049,MOVE,MTE1,31,63802,63833,64049,247,0,0
1048,ALLOC,,0,63802,63802,64080,278,0,0
4352,SPILL_OUT,MTE3,0,63674,63674,63674,0,1,1
4273,SPILL_IN,MTE2,406,63674,64080,63674,0,1,1
1050,MOVE,MTE1,31,64080,64111,64080,0,1,1
1051,MATMUL,CUBE,128,64111,64239,64358,247,0,0
3385,FREE,,0,64239,64239,64486,247,0,0
3386,FREE,,0,64239,64239,64517,278,0,0
1052,ALLOC,,0,64239,64239,64486,247,0,0
1054,MOVE,MTE1,31,64239,64270,64486,247,0,0
1053,ALLOC,,0,64239,64239,64517,278,0,0
4354,SPILL_OUT,MTE3,0,64111,64111,64111,0,1,1
4275,SPILL_IN,MTE2,406,64111,64517,64111,0,1,1
1055,MOVE,MTE1,31,64517,64548,64517,0,1,1
1056,MATMUL,CUBE,128,64548,64676,64795,247,0,0
3387,FREE,,0,64676,64676,64923,247,0,0
3388,FREE,,0,64676,64676,64954,278,0,0
1057,COPY_OUT,FIXP,263,64676,64939,64969,293,0,0
3372,FREE,,0,64939,64939,65232,293,0,0
1059,ALLOC,,0,64676,64676,64923,247,0,0
1061,MOVE,MTE1,31,64676,64707,64923,247,0,0
1060,ALLOC,,0,64676,64676,64954,278,0,0
4356,SPILL_OUT,MTE3,0,64548,64548,64548,0,1,1
4277,SPILL_IN,MTE2,406,64548,64954,64548,0,1,1
1062,MOVE,MTE1,31,64954,64985,64954,0,1,1
1058,ALLOC,,0,64939,64939,65232,293,0,0
1063,MATMUL,CUBE,128,64985,65113,65232,247,0,0
3390,FREE,,0,65113,65113,65360,247,0,0
3391,FREE,,0,65113,65113,65391,278,0,0
1064,ALLOC,,0,65113,65113,65360,247,0,0
1066,MOVE,MTE1,31,65113,65144,65360,247,0,0
1065,ALLOC,,0,65113,65113,65391,278,0,0
4358,SPILL_OUT,MTE3,0,64985,64985,64985,0,1,1
4279,SPILL_IN,MTE2,406,64985,65391,64985,0,1,1
1067,MOVE,MTE1,31,65391,65422,65391,0,1,1
1068,MATMUL,CUBE,128,65422,65550,65669,247,0,0
3392,FREE,,0,65550,65550,65797,247,0,0
3393,FREE,,0,65550,65550,65828,278,0,0
1069,ALLOC,,0,65550,65550,65797,247,0,0
1071,MOVE,MTE1,31,65550,65581,65797,247,0,0
1070,ALLOC,,0,65550,65550,65828,278,0,0
4360,SPILL_OUT,MTE3,0,65422,65422,65422,0,1,1
4281,SPILL_IN,MTE2,406,65422,65828,65422,0,1,1
1072,MOVE,MTE1,31,65828,65859,65828,0,1,1
1073,MATMUL,CUBE,128,65859,65987,66106,247,0,0
3394,FREE,,0,65987,65987,66234,247,0,0
3395,FREE,,0,65987,65987,66265,278,0,0
1074,ALLOC,,0,65987,65987,66234,247,0,0
1076,MOVE,MTE1,31,65987,66018,66234,247,0,0
1075,ALLOC,,0,65987,65987,66265,278,0,0
4362,SPILL_OUT,MTE3,0,65859,65859,65859,0,1,1
4283,SPILL_IN,MTE2,406,65859,66265,65859,0,1,1
1077,MOVE,MTE1,31,66265,66296,66265,0,1,1
1078,MATMUL,CUBE,128,66296,66424,66543,247,0,0
3396,FREE,,0,66424,66424,66671,247,0,0
3397,FREE,,0,66424,66424,66702,278,0,0
1079,ALLOC,,0,66424,66424,66671,247,0,0
1081,MOVE,MTE1,31,66424,66455,66671,247,0,0
1080,ALLOC,,0,66424,66424,66702,278,0,0
4364,SPILL_OUT,MTE3,0,66296,66296,66296,0,1,1
4285,SPILL_IN,MTE2,406,66296,66702,66296,0,1,1
1082,MOVE,MTE1,31,66702,66733,66702,0,1,1
1083,MATMUL,CUBE,128,66733,66861,66980,247,0,0
3398,FREE,,0,66861,66861,67108,247,0,0
3399,FREE,,0,66861,66861,67139,278,0,0
1084,ALLOC,,0,66861,66861,67108,247,0,0
1086,MOVE,MTE1,31,66861,66892,67108,247,0,0
1085,ALLOC,,0,66861,66861,67139,278,0,0
4366,SPILL_OUT,MTE3,0,66733,66733,66733,0,1,1
4287,SPILL_IN,MTE2,406,66733,67139,66733,0,1,1
1087,MOVE,MTE1,31,67139,67170,67139,0,1,1
1088,MATMUL,CUBE,128,67170,67298,67417,247,0,0
3400,FREE,,0,67298,67298,67545,247,0,0
3401,FREE,,0,67298,67298,67576,278,0,0
1089,ALLOC,,0,67298,67298,67545,247,0,0
1091,MOVE,MTE1,31,67298,67329,67545,247,0,0
1090,ALLOC,,0,67298,67298,67576,278,0,0
4368,SPILL_OUT,MTE3,0,67170,67170,67170,0,1,1
4289,SPILL_IN,MTE2,406,67170,67576,67170,0,1,1
1092,MOVE,MTE1,31,67576,67607,67576,0,1,1
1093,MATMUL,CUBE,128,67607,67735,67854,247,0,0
3402,FREE,,0,67735,67735,67982,247,0,0
3403,FREE,,0,67735,67735,68013,278,0,0
1094,ALLOC,,0,67735,67735,67982,247,0,0
1096,MOVE,MTE1,31,67735,67766,67982,247,0,0
1095,ALLOC,,0,67735,67735,68013,278,0,0
4370,SPILL_OUT,MTE3,0,67607,67607,67607,0,1,1
4291,SPILL_IN,MTE2,406,67607,68013,67607,0,1,1
1097,MOVE,MTE1,31,68013,68044,68013,0,1,1
1098,MATMUL,CUBE,128,68044,68172,68291,247,0,0
3404,FREE,,0,68172,68172,68419,247,0,0
3405,FREE,,0,68172,68172,68450,278,0,0
1099,COPY_OUT,FIXP,263,68172,68435,68465,293,0,0
3389,FREE,,0,68435,68435,68728,293,0,0
1101,ALLOC,,0,68172,68172,68419,247,0,0
1103,MOVE,MTE1,31,68172,68203,68419,247,0,0
1102,ALLOC,,0,68172,68172,68450,278,0,0
4372,SPILL_OUT,MTE3,0,68044,68044,68044,0,1,1
4293,SPILL_IN,MTE2,406,68044,68450,68044,0,1,1
1104,MOVE,MTE1,31,68450,68481,68450,0,1,1
1100,ALLOC,,0,68435,68435,68728,293,0,0
1105,MATMUL,CUBE,128,68481,68609,68728,247,0,0
3407,FREE,,0,68609,68609,68856,247,0,0
3408,FREE,,0,68609,68609,68887,278,0,0
1106,ALLOC,,0,68609,68609,68856,247,0,0
1108,MOVE,MTE1,31,68609,68640,68856,247,0,0
1107,ALLOC,,0,68609,68609,68887,278,0,0
4374,SPILL_OUT,MTE3,0,68481,68481,68481,0,1,1
4295,SPILL_IN,MTE2,406,68481,68887,68481,0,1,1
1109,MOVE,MTE1,31,68887,68918,68887,0,1,1
1110,MATMUL,CUBE,128,68918,69046,69165,247,0,0
3409,FREE,,0,69046,69046,69293,247,0,0
3410,FREE,,0,69046,69046,69324,278,0,0
1111,ALLOC,,0,69046,69046,69293,247,0,0
1113,MOVE,MTE1,31,69046,69077,69293,247,0,0
1112,ALLOC,,0,69046,69046,69324,278,0,0
4376,SPILL_OUT,MTE3,0,68918,68918,68918,0,1,1
4297,SPILL_IN,MTE2,406,68918,69324,68918,0,1,1
1114,MOVE,MTE1,31,69324,69355,69324,0,1,1
1115,MATMUL,CUBE,128,69355,69483,69602,247,0,0
3411,FREE,,0,69483,69483,69730,247,0,0
3412,FREE,,0,69483,69483,69761,278,0,0
1116,ALLOC,,0,69483,69483,69730,247,0,0
1118,MOVE,MTE1,31,69483,69514,69730,247,0,0
1117,ALLOC,,0,69483,69483,69761,278,0,0
4378,SPILL_OUT,MTE3,0,69355,69355,69355,0,1,1
4299,SPILL_IN,MTE2,406,69355,69761,69355,0,1,1
1119,MOVE,MTE1,31,69761,69792,69761,0,1,1
1120,MATMUL,CUBE,128,69792,69920,70039,247,0,0
3413,FREE,,0,69920,69920,70167,247,0,0
3414,FREE,,0,69920,69920,70198,278,0,0
1121,ALLOC,,0,69920,69920,70167,247,0,0
1123,MOVE,MTE1,31,69920,69951,70167,247,0,0
1122,ALLOC,,0,69920,69920,70198,278,0,0
4380,SPILL_OUT,MTE3,0,69792,69792,69792,0,1,1
4301,SPILL_IN,MTE2,406,69792,70198,69792,0,1,1
1124,MOVE,MTE1,31,70198,70229,70198,0,1,1
1125,MATMUL,CUBE,128,70229,70357,70476,247,0,0
3415,FREE,,0,70357,70357,70604,247,0,0
3416,FREE,,0,70357,70357,70635,278,0,0
1126,ALLOC,,0,70357,70357,70604,247,0,0
1128,MOVE,MTE1,31,70357,70388,70604,247,0,0
1127,ALLOC,,0,70357,70357,70635,278,0,0
4382,SPILL_OUT,MTE3,0,70229,70229,70229,0,1,1
4303,SPILL_IN,MTE2,406,70229,70635,70229,0,1,1
1129,MOVE,MTE1,31,70635,70666,70635,0,1,1
1130,MATMUL,CUBE,128,70666,70794,70666,0,1,1
3417,FREE,,0,70794,70794,70794,0,1,1
3418,FREE,,0,70794,70794,70825,31,0,0
1131,ALLOC,,0,70794,70794,70794,0,1,1
1133,MOVE,MTE1,31,70794,70825,70794,0,1,1
1132,ALLOC,,0,70794,70794,70825,31,0,0
1134,MOVE,MTE1,31,70825,70856,70825,0,1,1
1135,MATMUL,CUBE,128,70856,70984,70856,0,1,1
3419,FREE,,0,70984,70984,70984,0,1,1
3420,FREE,,0,70984,70984,71015,31,0,0
1136,ALLOC,,0,70984,70984,70984,0,1,1
1138,MOVE,MTE1,31,70984,71015,70984,0,1,1
1137,ALLOC,,0,70984,70984,71015,31,0,0
1139,MOVE,MTE1,31,71015,71046,71015,0,1,1
1140,MATMUL,CUBE,128,71046,71174,71046,0,1,1
3421,FREE,,0,71174,71174,71375,201,0,0
3422,FREE,,0,71174,71174,71406,232,0,0
1141,COPY_OUT,FIXP,263,71174,71437,71174,0,1,1
3406,FREE,,0,71437,71437,71437,0,1,1
1143,ALLOC,,0,71174,71174,71375,201,0,0
1145,MOVE,MTE1,31,71174,71205,71375,201,0,0
3297,FREE,,0,71205,71205,73142,1937,0,0
1144,ALLOC,,0,71174,71174,71406,232,0,0
1146,MOVE,MTE1,31,71205,71236,71406,201,0,0
1142,ALLOC,,0,71437,71437,71437,0,1,1
1147,MATMUL,CUBE,128,71437,71565,71437,0,1,1
3424,FREE,,0,71565,71565,71565,0,1,1
3425,FREE,,0,71565,71565,71596,31,0,0
1148,ALLOC,,0,71565,71565,71565,0,1,1
1150,MOVE,MTE1,31,71565,71596,71565,0,1,1
3300,FREE,,0,71596,71596,73873,2277,0,0
1149,ALLOC,,0,71565,71565,71596,31,0,0
1151,MOVE,MTE1,31,71596,71627,71596,0,1,1
1152,MATMUL,CUBE,128,71627,71755,71627,0,1,1
3426,FREE,,0,71755,71755,71755,0,1,1
3427,FREE,,0,71755,71755,71786,31,0,0
1153,ALLOC,,0,71755,71755,71755,0,1,1
1155,MOVE,MTE1,31,71755,71786,71755,0,1,1
3303,FREE,,0,71786,71786,74604,2818,0,0
1154,ALLOC,,0,71755,71755,71786,31,0,0
1156,MOVE,MTE1,31,71786,71817,71786,0,1,1
1157,MATMUL,CUBE,128,71817,71945,71817,0,1,1
3428,FREE,,0,71945,71945,71945,0,1,1
3429,FREE,,0,71945,71945,71976,31,0,0
1158,ALLOC,,0,71945,71945,71945,0,1,1
1160,MOVE,MTE1,31,71945,71976,71945,0,1,1
3306,FREE,,0,71976,71976,75335,3359,0,0
1159,ALLOC,,0,71945,71945,71976,31,0,0
1161,MOVE,MTE1,31,71976,72007,71976,0,1,1
1162,MATMUL,CUBE,128,72007,72135,72007,0,1,1
3430,FREE,,0,72135,72135,72135,0,1,1
3431,FREE,,0,72135,72135,72166,31,0,0
1163,ALLOC,,0,72135,72135,72135,0,1,1
1165,MOVE,MTE1,31,72135,72166,72135,0,1,1
3309,FREE,,0,72166,72166,74929,2763,0,0
1164,ALLOC,,0,72135,72135,72166,31,0,0
1166,MOVE,MTE1,31,72166,72197,72166,0,1,1
1167,MATMUL,CUBE,128,72197,72325,72197,0,1,1
3432,FREE,,0,72325,72325,72325,0,1,1
3433,FREE,,0,72325,72325,72356,31,0,0
1168,ALLOC,,0,72325,72325,72325,0,1,1
1170,MOVE,MTE1,31,72325,72356,72325,0,1,1
3312,FREE,,0,72356,72356,74198,1842,0,0
1169,ALLOC,,0,72325,72325,72356,31,0,0
1171,MOVE,MTE1,31,72356,72387,72356,0,1,1
1172,MATMUL,CUBE,128,72387,72515,72387,0,1,1
3434,FREE,,0,72515,72515,72515,0,1,1
3435,FREE,,0,72515,72515,72546,31,0,0
1173,ALLOC,,0,72515,72515,72515,0,1,1
1175,MOVE,MTE1,31,72515,72546,72515,0,1,1
3315,FREE,,0,72546,72546,73467,921,0,0
1174,ALLOC,,0,72515,72515,72546,31,0,0
1176,MOVE,MTE1,31,72546,72577,72546,0,1,1
1177,MATMUL,CUBE,128,72577,72705,72577,0,1,1
3436,FREE,,0,72705,72705,72705,0,1,1
3437,FREE,,0,72705,72705,74699,1994,0,0
1178,ALLOC,,0,72705,72705,72705,0,1,1
1180,MOVE,MTE1,31,72705,72736,72705,0,1,1
3318,FREE,,0,72736,72736,72736,0,1,1
1179,ALLOC,,0,72705,72705,74699,1994,0,0
1181,MOVE,MTE1,31,72736,72767,74699,1963,0,0
1182,MATMUL,CUBE,128,72767,72895,74730,1963,0,0
3438,FREE,,0,72895,72895,75090,2195,0,0
3439,FREE,,0,72895,72895,75059,2164,0,0
1183,COPY_OUT,FIXP,263,72895,73158,74858,1963,0,0
3423,FREE,,0,73158,73158,75121,1963,0,0
1188,ALLOC,,0,72895,72895,75059,2164,0,0
4317,SPILL_IN,MTE2,406,72736,73142,72736,0,1,1
1190,MOVE,MTE1,31,73142,73173,75059,1917,0,0
1185,ALLOC,,0,71205,71205,73142,1937,0,0
1186,COPY_IN,MTE2,325,73142,73467,73142,0,1,1
1187,ALLOC,,0,72895,72895,75090,2195,0,0
1189,MOVE,MTE1,31,73467,73498,75090,1623,0,0
1184,ALLOC,,0,73158,73158,75121,1963,0,0
1191,MATMUL,CUBE,128,73498,73626,75121,1623,0,0
3442,FREE,,0,73626,73626,75280,1654,0,0
3443,FREE,,0,73626,73626,75249,1623,0,0
1195,ALLOC,,0,73626,73626,75249,1623,0,0
4313,SPILL_IN,MTE2,406,73467,73873,73467,0,1,1
1197,MOVE,MTE1,31,73873,73904,75249,1376,0,0
1192,ALLOC,,0,71596,71596,73873,2277,0,0
1193,COPY_IN,MTE2,325,73873,74198,73873,0,1,1
1194,ALLOC,,0,73626,73626,75280,1654,0,0
1196,MOVE,MTE1,31,74198,74229,75280,1082,0,0
1198,MATMUL,CUBE,128,74229,74357,75311,1082,0,0
3445,FREE,,0,74357,74357,75470,1113,0,0
3446,FREE,,0,74357,74357,75439,1082,0,0
1202,ALLOC,,0,74357,74357,75439,1082,0,0
4309,SPILL_IN,MTE2,406,74198,74604,74198,0,1,1
1204,MOVE,MTE1,31,74604,74635,75439,835,0,0
1199,ALLOC,,0,71786,71786,74604,2818,0,0
1200,COPY_IN,MTE2,325,74604,74929,74604,0,1,1
1201,ALLOC,,0,74357,74357,75470,1113,0,0
1203,MOVE,MTE1,31,74929,74960,75470,541,0,0
1205,MATMUL,CUBE,128,74960,75088,75501,541,0,0
3448,FREE,,0,75088,75088,75907,819,0,0
3449,FREE,,0,75088,75088,75629,541,0,0
1209,ALLOC,,0,75088,75088,75629,541,0,0
4305,SPILL_IN,MTE2,406,74929,75335,74929,0,1,1
1211,MOVE,MTE1,31,75335,75366,75629,294,0,0
1206,ALLOC,,0,71976,71976,75335,3359,0,0
1207,COPY_IN,MTE2,325,75335,75660,75335,0,1,1
1208,ALLOC,,0,75088,75088,75907,819,0,0
1210,MOVE,MTE1,31,75660,75691,75907,247,0,0
1212,MATMUL,CUBE,128,75691,75819,75938,247,0,0
3451,FREE,,0,75819,75819,76669,850,0,0
3452,FREE,,0,75819,75819,76066,247,0,0
1216,ALLOC,,0,75819,75819,76066,247,0,0
4384,SPILL_OUT,MTE3,0,75366,75366,75660,294,0,0
4307,SPILL_IN,MTE2,406,75660,76066,75660,0,1,1
1218,MOVE,MTE1,31,76066,76097,76066,0,1,1
4386,SPILL_OUT,MTE3,0,76097,76097,76097,0,1,1
1213,ALLOC,,0,76097,76097,76097,0,1,1
1214,COPY_IN,MTE2,325,76097,76422,76097,0,1,1
1215,ALLOC,,0,75819,75819,76669,850,0,0
1217,MOVE,MTE1,31,76422,76453,76669,247,0,0
1219,MATMUL,CUBE,128,76453,76581,76700,247,0,0
3454,FREE,,0,76581,76581,77431,850,0,0
3455,FREE,,0,76581,76581,76828,247,0,0
1223,ALLOC,,0,76581,76581,76828,247,0,0
4388,SPILL_OUT,MTE3,0,76097,76097,76422,325,0,0
4311,SPILL_IN,MTE2,406,76422,76828,76422,0,1,1
1225,MOVE,MTE1,31,76828,76859,76828,0,1,1
4390,SPILL_OUT,MTE3,0,76859,76859,76859,0,1,1
1220,ALLOC,,0,76859,76859,76859,0,1,1
1221,COPY_IN,MTE2,325,76859,77184,76859,0,1,1
1222,ALLOC,,0,76581,76581,77431,850,0,0
1224,MOVE,MTE1,31,77184,77215,77431,247,0,0
1226,MATMUL,CUBE,128,77215,77343,77462,247,0,0
3457,FREE,,0,77343,77343,78193,850,0,0
3458,FREE,,0,77343,77343,77590,247,0,0
1230,ALLOC,,0,77343,77343,77590,247,0,0
4392,SPILL_OUT,MTE3,0,76859,76859,77184,325,0,0
4315,SPILL_IN,MTE2,406,77184,77590,77184,0,1,1
1232,MOVE,MTE1,31,77590,77621,77590,0,1,1
4394,SPILL_OUT,MTE3,0,77621,77621,77621,0,1,1
1227,ALLOC,,0,77621,77621,77621,0,1,1
1228,COPY_IN,MTE2,325,77621,77946,77621,0,1,1
1229,ALLOC,,0,77343,77343,78193,850,0,0
1231,MOVE,MTE1,31,77946,77977,78193,247,0,0
1233,MATMUL,CUBE,128,77977,78105,78224,247,0,0
3460,FREE,,0,78105,78105,78708,603,0,0
3461,FREE,,0,78105,78105,78352,247,0,0
1237,ALLOC,,0,78105,78105,78352,247,0,0
4396,SPILL_OUT,MTE3,0,77621,77621,77946,325,0,0
4319,SPILL_IN,MTE2,406,77946,78352,77946,0,1,1
1239,MOVE,MTE1,31,78352,78383,78352,0,1,1
4398,SPILL_OUT,MTE3,0,78383,78383,78383,0,1,1
1234,ALLOC,,0,78383,78383,78383,0,1,1
1235,COPY_IN,MTE2,325,78383,78708,78383,0,1,1
1236,ALLOC,,0,78105,78105,78708,603,0,0
1238,MOVE,MTE1,31,78708,78739,78708,0,1,1
1240,MATMUL,CUBE,128,78739,78867,78739,0,1,1
3463,FREE,,0,78867,78867,79068,201,0,0
3464,FREE,,0,78867,78867,79099,232,0,0
1241,COPY_OUT,FIXP,263,78867,79130,78867,0,1,1
3440,FREE,,0,79130,79130,79130,0,1,1
1243,ALLOC,,0,78867,78867,79068,201,0,0
1245,MOVE,MTE1,31,78867,78898,79068,201,0,0
1244,ALLOC,,0,78867,78867,79099,232,0,0
1246,MOVE,MTE1,31,78898,78929,79099,201,0,0
1242,ALLOC,,0,79130,79130,79130,0,1,1
1247,MATMUL,CUBE,128,79130,79258,79130,0,1,1
3466,FREE,,0,79258,79258,79258,0,1,1
3467,FREE,,0,79258,79258,79289,31,0,0
1248,ALLOC,,0,79258,79258,79258,0,1,1
1250,MOVE,MTE1,31,79258,79289,79258,0,1,1
1249,ALLOC,,0,79258,79258,79289,31,0,0
1251,MOVE,MTE1,31,79289,79320,79289,0,1,1
1252,MATMUL,CUBE,128,79320,79448,79320,0,1,1
3468,FREE,,0,79448,79448,79448,0,1,1
3469,FREE,,0,79448,79448,79479,31,0,0
1253,ALLOC,,0,79448,79448,79448,0,1,1
1255,MOVE,MTE1,31,79448,79479,79448,0,1,1
1254,ALLOC,,0,79448,79448,79479,31,0,0
1256,MOVE,MTE1,31,79479,79510,79479,0,1,1
1257,MATMUL,CUBE,128,79510,79638,79510,0,1,1
3470,FREE,,0,79638,79638,79638,0,1,1
3471,FREE,,0,79638,79638,79669,31,0,0
1258,ALLOC,,0,79638,79638,79638,0,1,1
1260,MOVE,MTE1,31,79638,79669,79638,0,1,1
1259,ALLOC,,0,79638,79638,79669,31,0,0
1261,MOVE,MTE1,31,79669,79700,79669,0,1,1
1262,MATMUL,CUBE,128,79700,79828,79700,0,1,1
3472,FREE,,0,79828,79828,79828,0,1,1
3473,FREE,,0,79828,79828,79859,31,0,0
1263,ALLOC,,0,79828,79828,79828,0,1,1
1265,MOVE,MTE1,31,79828,79859,79828,0,1,1
1264,ALLOC,,0,79828,79828,79859,31,0,0
1266,MOVE,MTE1,31,79859,79890,79859,0,1,1
1267,MATMUL,CUBE,128,79890,80018,79890,0,1,1
3474,FREE,,0,80018,80018,80018,0,1,1
3475,FREE,,0,80018,80018,80049,31,0,0
1268,ALLOC,,0,80018,80018,80018,0,1,1
1270,MOVE,MTE1,31,80018,80049,80018,0,1,1
1269,ALLOC,,0,80018,80018,80049,31,0,0
1271,MOVE,MTE1,31,80049,80080,80049,0,1,1
1272,MATMUL,CUBE,128,80080,80208,80080,0,1,1
3476,FREE,,0,80208,80208,80208,0,1,1
3477,FREE,,0,80208,80208,80239,31,0,0
1273,ALLOC,,0,80208,80208,80208,0,1,1
1275,MOVE,MTE1,31,80208,80239,80208,0,1,1
1274,ALLOC,,0,80208,80208,80239,31,0,0
1276,MOVE,MTE1,31,80239,80270,80239,0,1,1
1277,MATMUL,CUBE,128,80270,80398,80270,0,1,1
3478,FREE,,0,80398,80398,80398,0,1,1
3479,FREE,,0,80398,80398,80429,31,0,0
1278,ALLOC,,0,80398,80398,80398,0,1,1
1280,MOVE,MTE1,31,80398,80429,80398,0,1,1
1279,ALLOC,,0,80398,80398,80429,31,0,0
1281,MOVE,MTE1,31,80429,80460,80429,0,1,1
1282,MATMUL,CUBE,128,80460,80588,80460,0,1,1
3480,FREE,,0,80588,80588,80789,201,0,0
3481,FREE,,0,80588,80588,80820,232,0,0
1283,COPY_OUT,FIXP,263,80588,80851,80588,0,1,1
3465,FREE,,0,80851,80851,80851,0,1,1
1285,ALLOC,,0,80588,80588,80789,201,0,0
1287,MOVE,MTE1,31,80588,80619,80789,201,0,0
1286,ALLOC,,0,80588,80588,80820,232,0,0
1288,MOVE,MTE1,31,80619,80650,80820,201,0,0
1284,ALLOC,,0,80851,80851,80851,0,1,1
1289,MATMUL,CUBE,128,80851,80979,80851,0,1,1
3483,FREE,,0,80979,80979,80979,0,1,1
3484,FREE,,0,80979,80979,81010,31,0,0
1290,ALLOC,,0,80979,80979,80979,0,1,1
1292,MOVE,MTE1,31,80979,81010,80979,0,1,1
1291,ALLOC,,0,80979,80979,81010,31,0,0
1293,MOVE,MTE1,31,81010,81041,81010,0,1,1
1294,MATMUL,CUBE,128,81041,81169,81041,0,1,1
3485,FREE,,0,81169,81169,81169,0,1,1
3486,FREE,,0,81169,81169,81200,31,0,0
1295,ALLOC,,0,81169,81169,81169,0,1,1
1297,MOVE,MTE1,31,81169,81200,81169,0,1,1
1296,ALLOC,,0,81169,81169,81200,31,0,0
1298,MOVE,MTE1,31,81200,81231,81200,0,1,1
1299,MATMUL,CUBE,128,81231,81359,81231,0,1,1
3487,FREE,,0,81359,81359,81359,0,1,1
3488,FREE,,0,81359,81359,81390,31,0,0
1300,ALLOC,,0,81359,81359,81359,0,1,1
1302,MOVE,MTE1,31,81359,81390,81359,0,1,1
1301,ALLOC,,0,81359,81359,81390,31,0,0
1303,MOVE,MTE1,31,81390,81421,81390,0,1,1
1304,MATMUL,CUBE,128,81421,81549,81668,247,0,0
3489,FREE,,0,81549,81549,81796,247,0,0
3490,FREE,,0,81549,81549,81827,278,0,0
1305,ALLOC,,0,81549,81549,81796,247,0,0
1307,MOVE,MTE1,31,81549,81580,81796,247,0,0
1306,ALLOC,,0,81549,81549,81827,278,0,0
4400,SPILL_OUT,MTE3,0,81421,81421,81421,0,1,1
4321,SPILL_IN,MTE2,406,81421,81827,81421,0,1,1
1308,MOVE,MTE1,31,81827,81858,81827,0,1,1
1309,MATMUL,CUBE,128,81858,81986,82105,247,0,0
3491,FREE,,0,81986,81986,82233,247,0,0
3492,FREE,,0,81986,81986,82264,278,0,0
1310,ALLOC,,0,81986,81986,82233,247,0,0
1312,MOVE,MTE1,31,81986,82017,82233,247,0,0
1311,ALLOC,,0,81986,81986,82264,278,0,0
4402,SPILL_OUT,MTE3,0,81858,81858,81858,0,1,1
4323,SPILL_IN,MTE2,406,81858,82264,81858,0,1,1
1313,MOVE,MTE1,31,82264,82295,82264,0,1,1
1314,MATMUL,CUBE,128,82295,82423,82295,0,1,1
3493,FREE,,0,82423,82423,82423,0,1,1
3494,FREE,,0,82423,82423,82454,31,0,0
1315,ALLOC,,0,82423,82423,82423,0,1,1
1317,MOVE,MTE1,31,82423,82454,82423,0,1,1
1316,ALLOC,,0,82423,82423,82454,31,0,0
1318,MOVE,MTE1,31,82454,82485,82454,0,1,1
1319,MATMUL,CUBE,128,82485,82613,82732,247,0,0
3495,FREE,,0,82613,82613,82860,247,0,0
3496,FREE,,0,82613,82613,82891,278,0,0
1320,ALLOC,,0,82613,82613,82860,247,0,0
1322,MOVE,MTE1,31,82613,82644,82860,247,0,0
1321,ALLOC,,0,82613,82613,82891,278,0,0
4404,SPILL_OUT,MTE3,0,82485,82485,82485,0,1,1
4325,SPILL_IN,MTE2,406,82485,82891,82485,0,1,1
1323,MOVE,MTE1,31,82891,82922,82891,0,1,1
1324,MATMUL,CUBE,128,82922,83050,83169,247,0,0
3497,FREE,,0,83050,83050,83297,247,0,0
3498,FREE,,0,83050,83050,83328,278,0,0
1325,COPY_OUT,FIXP,263,83050,83313,83343,293,0,0
3482,FREE,,0,83313,83313,83606,293,0,0
1327,ALLOC,,0,83050,83050,83297,247,0,0
1329,MOVE,MTE1,31,83050,83081,83297,247,0,0
1328,ALLOC,,0,83050,83050,83328,278,0,0
4406,SPILL_OUT,MTE3,0,82922,82922,82922,0,1,1
4327,SPILL_IN,MTE2,406,82922,83328,82922,0,1,1
1330,MOVE,MTE1,31,83328,83359,83328,0,1,1
1326,ALLOC,,0,83313,83313,83606,293,0,0
1331,MATMUL,CUBE,128,83359,83487,83606,247,0,0
3500,FREE,,0,83487,83487,83734,247,0,0
3501,FREE,,0,83487,83487,83765,278,0,0
1332,ALLOC,,0,83487,83487,83734,247,0,0
1334,MOVE,MTE1,31,83487,83518,83734,247,0,0
1333,ALLOC,,0,83487,83487,83765,278,0,0
4408,SPILL_OUT,MTE3,0,83359,83359,83359,0,1,1
4329,SPILL_IN,MTE2,406,83359,83765,83359,0,1,1
1335,MOVE,MTE1,31,83765,83796,83765,0,1,1
1336,MATMUL,CUBE,128,83796,83924,84043,247,0,0
3502,FREE,,0,83924,83924,84171,247,0,0
3503,FREE,,0,83924,83924,84202,278,0,0
1337,ALLOC,,0,83924,83924,84171,247,0,0
1339,MOVE,MTE1,31,83924,83955,84171,247,0,0
1338,ALLOC,,0,83924,83924,84202,278,0,0
4410,SPILL_OUT,MTE3,0,83796,83796,83796,0,1,1
4331,SPILL_IN,MTE2,406,83796,84202,83796,0,1,1
1340,MOVE,MTE1,31,84202,84233,84202,0,1,1
1341,MATMUL,CUBE,128,84233,84361,84480,247,0,0
3504,FREE,,0,84361,84361,84608,247,0,0
3505,FREE,,0,84361,84361,84639,278,0,0
1342,ALLOC,,0,84361,84361,84608,247,0,0
1344,MOVE,MTE1,31,84361,84392,84608,247,0,0
1343,ALLOC,,0,84361,84361,84639,278,0,0
4412,SPILL_OUT,MTE3,0,84233,84233,84233,0,1,1
4333,SPILL_IN,MTE2,406,84233,84639,84233,0,1,1
1345,MOVE,MTE1,31,84639,84670,84639,0,1,1
1346,MATMUL,CUBE,128,84670,84798,84917,247,0,0
3506,FREE,,0,84798,84798,85045,247,0,0
3507,FREE,,0,84798,84798,85076,278,0,0
1347,ALLOC,,0,84798,84798,85045,247,0,0
1349,MOVE,MTE1,31,84798,84829,85045,247,0,0
1348,ALLOC,,0,84798,84798,85076,278,0,0
4414,SPILL_OUT,MTE3,0,84670,84670,84670,0,1,1
4335,SPILL_IN,MTE2,406,84670,85076,84670,0,1,1
1350,MOVE,MTE1,31,85076,85107,85076,0,1,1
1351,MATMUL,CUBE,128,85107,85235,85354,247,0,0
3508,FREE,,0,85235,85235,85482,247,0,0
3509,FREE,,0,85235,85235,85513,278,0,0
1352,ALLOC,,0,85235,85235,85482,247,0,0
1354,MOVE,MTE1,31,85235,85266,85482,247,0,0
1353,ALLOC,,0,85235,85235,85513,278,0,0
4416,SPILL_OUT,MTE3,0,85107,85107,85107,0,1,1
4337,SPILL_IN,MTE2,406,85107,85513,85107,0,1,1
1355,MOVE,MTE1,31,85513,85544,85513,0,1,1
1356,MATMUL,CUBE,128,85544,85672,85791,247,0,0
3510,FREE,,0,85672,85672,85919,247,0,0
3511,FREE,,0,85672,85672,85950,278,0,0
1357,ALLOC,,0,85672,85672,85919,247,0,0
1359,MOVE,MTE1,31,85672,85703,85919,247,0,0
1358,ALLOC,,0,85672,85672,85950,278,0,0
4418,SPILL_OUT,MTE3,0,85544,85544,85544,0,1,1
4339,SPILL_IN,MTE2,406,85544,85950,85544,0,1,1
1360,MOVE,MTE1,31,85950,85981,85950,0,1,1
1361,MATMUL,CUBE,128,85981,86109,86228,247,0,0
3512,FREE,,0,86109,86109,86356,247,0,0
3513,FREE,,0,86109,86109,86387,278,0,0
1362,ALLOC,,0,86109,86109,86356,247,0,0
1364,MOVE,MTE1,31,86109,86140,86356,247,0,0
1363,ALLOC,,0,86109,86109,86387,278,0,0
4420,SPILL_OUT,MTE3,0,85981,85981,85981,0,1,1
4341,SPILL_IN,MTE2,406,85981,86387,85981,0,1,1
1365,MOVE,MTE1,31,86387,86418,86387,0,1,1
1366,MATMUL,CUBE,128,86418,86546,86665,247,0,0
3514,FREE,,0,86546,86546,86793,247,0,0
3515,FREE,,0,86546,86546,86824,278,0,0
1367,COPY_OUT,FIXP,263,86546,86809,86839,293,0,0
3499,FREE,,0,86809,86809,87102,293,0,0
1369,ALLOC,,0,86546,86546,86793,247,0,0
1371,MOVE,MTE1,31,86546,86577,86793,247,0,0
1370,ALLOC,,0,86546,86546,86824,278,0,0
4422,SPILL_OUT,MTE3,0,86418,86418,86418,0,1,1
4343,SPILL_IN,MTE2,406,86418,86824,86418,0,1,1
1372,MOVE,MTE1,31,86824,86855,86824,0,1,1
1368,ALLOC,,0,86809,86809,87102,293,0,0
1373,MATMUL,CUBE,128,86855,86983,87102,247,0,0
3517,FREE,,0,86983,86983,87230,247,0,0
3518,FREE,,0,86983,86983,87261,278,0,0
1374,ALLOC,,0,86983,86983,87230,247,0,0
1376,MOVE,MTE1,31,86983,87014,87230,247,0,0
1375,ALLOC,,0,86983,86983,87261,278,0,0
4424,SPILL_OUT,MTE3,0,86855,86855,86855,0,1,1
4345,SPILL_IN,MTE2,406,86855,87261,86855,0,1,1
1377,MOVE,MTE1,31,87261,87292,87261,0,1,1
1378,MATMUL,CUBE,128,87292,87420,87539,247,0,0
3519,FREE,,0,87420,87420,87667,247,0,0
3520,FREE,,0,87420,87420,87698,278,0,0
1379,ALLOC,,0,87420,87420,87667,247,0,0
1381,MOVE,MTE1,31,87420,87451,87667,247,0,0
1380,ALLOC,,0,87420,87420,87698,278,0,0
4426,SPILL_OUT,MTE3,0,87292,87292,87292,0,1,1
4347,SPILL_IN,MTE2,406,87292,87698,87292,0,1,1
1382,MOVE,MTE1,31,87698,87729,87698,0,1,1
1383,MATMUL,CUBE,128,87729,87857,87976,247,0,0
3521,FREE,,0,87857,87857,88104,247,0,0
3522,FREE,,0,87857,87857,88135,278,0,0
1384,ALLOC,,0,87857,87857,88104,247,0,0
1386,MOVE,MTE1,31,87857,87888,88104,247,0,0
1385,ALLOC,,0,87857,87857,88135,278,0,0
4428,SPILL_OUT,MTE3,0,87729,87729,87729,0,1,1
4349,SPILL_IN,MTE2,406,87729,88135,87729,0,1,1
1387,MOVE,MTE1,31,88135,88166,88135,0,1,1
1388,MATMUL,CUBE,128,88166,88294,88413,247,0,0
3523,FREE,,0,88294,88294,88541,247,0,0
3524,FREE,,0,88294,88294,88572,278,0,0
1389,ALLOC,,0,88294,88294,88541,247,0,0
1391,MOVE,MTE1,31,88294,88325,88541,247,0,0
1390,ALLOC,,0,88294,88294,88572,278,0,0
4430,SPILL_OUT,MTE3,0,88166,88166,88166,0,1,1
4351,SPILL_IN,MTE2,406,88166,88572,88166,0,1,1
1392,MOVE,MTE1,31,88572,88603,88572,0,1,1
1393,MATMUL,CUBE,128,88603,88731,88850,247,0,0
3525,FREE,,0,88731,88731,88978,247,0,0
3526,FREE,,0,88731,88731,89009,278,0,0
1394,ALLOC,,0,88731,88731,88978,247,0,0
1396,MOVE,MTE1,31,88731,88762,88978,247,0,0
1395,ALLOC,,0,88731,88731,89009,278,0,0
4432,SPILL_OUT,MTE3,0,88603,88603,88603,0,1,1
4353,SPILL_IN,MTE2,406,88603,89009,88603,0,1,1
1397,MOVE,MTE1,31,89009,89040,89009,0,1,1
1398,MATMUL,CUBE,128,89040,89168,89287,247,0,0
3527,FREE,,0,89168,89168,89415,247,0,0
3528,FREE,,0,89168,89168,89446,278,0,0
1399,ALLOC,,0,89168,89168,89415,247,0,0
1401,MOVE,MTE1,31,89168,89199,89415,247,0,0
1400,ALLOC,,0,89168,89168,89446,278,0,0
4434,SPILL_OUT,MTE3,0,89040,89040,89040,0,1,1
4355,SPILL_IN,MTE2,406,89040,89446,89040,0,1,1
1402,MOVE,MTE1,31,89446,89477,89446,0,1,1
1403,MATMUL,CUBE,128,89477,89605,89724,247,0,0
3529,FREE,,0,89605,89605,89852,247,0,0
3530,FREE,,0,89605,89605,89883,278,0,0
1404,ALLOC,,0,89605,89605,89852,247,0,0
1406,MOVE,MTE1,31,89605,89636,89852,247,0,0
1405,ALLOC,,0,89605,89605,89883,278,0,0
4436,SPILL_OUT,MTE3,0,89477,89477,89477,0,1,1
4357,SPILL_IN,MTE2,406,89477,89883,89477,0,1,1
1407,MOVE,MTE1,31,89883,89914,89883,0,1,1
1408,MATMUL,CUBE,128,89914,90042,90161,247,0,0
3531,FREE,,0,90042,90042,90289,247,0,0
3532,FREE,,0,90042,90042,90320,278,0,0
1409,COPY_OUT,FIXP,263,90042,90305,90335,293,0,0
3516,FREE,,0,90305,90305,90598,293,0,0
1411,ALLOC,,0,90042,90042,90289,247,0,0
1413,MOVE,MTE1,31,90042,90073,90289,247,0,0
1412,ALLOC,,0,90042,90042,90320,278,0,0
4438,SPILL_OUT,MTE3,0,89914,89914,89914,0,1,1
4359,SPILL_IN,MTE2,406,89914,90320,89914,0,1,1
1414,MOVE,MTE1,31,90320,90351,90320,0,1,1
1410,ALLOC,,0,90305,90305,90598,293,0,0
1415,MATMUL,CUBE,128,90351,90479,90598,247,0,0
3534,FREE,,0,90479,90479,90726,247,0,0
3535,FREE,,0,90479,90479,90757,278,0,0
1416,ALLOC,,0,90479,90479,90726,247,0,0
1418,MOVE,MTE1,31,90479,90510,90726,247,0,0
1417,ALLOC,,0,90479,90479,90757,278,0,0
4440,SPILL_OUT,MTE3,0,90351,90351,90351,0,1,1
4361,SPILL_IN,MTE2,406,90351,90757,90351,0,1,1
1419,MOVE,MTE1,31,90757,90788,90757,0,1,1
1420,MATMUL,CUBE,128,90788,90916,91035,247,0,0
3536,FREE,,0,90916,90916,91163,247,0,0
3537,FREE,,0,90916,90916,91194,278,0,0
1421,ALLOC,,0,90916,90916,91163,247,0,0
1423,MOVE,MTE1,31,90916,90947,91163,247,0,0
1422,ALLOC,,0,90916,90916,91194,278,0,0
4442,SPILL_OUT,MTE3,0,90788,90788,90788,0,1,1
4363,SPILL_IN,MTE2,406,90788,91194,90788,0,1,1
1424,MOVE,MTE1,31,91194,91225,91194,0,1,1
1425,MATMUL,CUBE,128,91225,91353,91472,247,0,0
3538,FREE,,0,91353,91353,91600,247,0,0
3539,FREE,,0,91353,91353,91631,278,0,0
1426,ALLOC,,0,91353,91353,91600,247,0,0
1428,MOVE,MTE1,31,91353,91384,91600,247,0,0
1427,ALLOC,,0,91353,91353,91631,278,0,0
4444,SPILL_OUT,MTE3,0,91225,91225,91225,0,1,1
4365,SPILL_IN,MTE2,406,91225,91631,91225,0,1,1
1429,MOVE,MTE1,31,91631,91662,91631,0,1,1
1430,MATMUL,CUBE,128,91662,91790,91909,247,0,0
3540,FREE,,0,91790,91790,92037,247,0,0
3541,FREE,,0,91790,91790,92068,278,0,0
1431,ALLOC,,0,91790,91790,92037,247,0,0
1433,MOVE,MTE1,31,91790,91821,92037,247,0,0
1432,ALLOC,,0,91790,91790,92068,278,0,0
4446,SPILL_OUT,MTE3,0,91662,91662,91662,0,1,1
4367,SPILL_IN,MTE2,406,91662,92068,91662,0,1,1
1434,MOVE,MTE1,31,92068,92099,92068,0,1,1
1435,MATMUL,CUBE,128,92099,92227,92346,247,0,0
3542,FREE,,0,92227,92227,92474,247,0,0
3543,FREE,,0,92227,92227,92505,278,0,0
1436,ALLOC,,0,92227,92227,92474,247,0,0
1438,MOVE,MTE1,31,92227,92258,92474,247,0,0
1437,ALLOC,,0,92227,92227,92505,278,0,0
4448,SPILL_OUT,MTE3,0,92099,92099,92099,0,1,1
4369,SPILL_IN,MTE2,406,92099,92505,92099,0,1,1
1439,MOVE,MTE1,31,92505,92536,92505,0,1,1
1440,MATMUL,CUBE,128,92536,92664,92783,247,0,0
3544,FREE,,0,92664,92664,92911,247,0,0
3545,FREE,,0,92664,92664,92942,278,0,0
1441,ALLOC,,0,92664,92664,92911,247,0,0
1443,MOVE,MTE1,31,92664,92695,92911,247,0,0
1442,ALLOC,,0,92664,92664,92942,278,0,0
4450,SPILL_OUT,MTE3,0,92536,92536,92536,0,1,1
4371,SPILL_IN,MTE2,406,92536,92942,92536,0,1,1
1444,MOVE,MTE1,31,92942,92973,92942,0,1,1
1445,MATMUL,CUBE,128,92973,93101,93220,247,0,0
3546,FREE,,0,93101,93101,93348,247,0,0
3547,FREE,,0,93101,93101,93379,278,0,0
1446,ALLOC,,0,93101,93101,93348,247,0,0
1448,MOVE,MTE1,31,93101,93132,93348,247,0,0
1447,ALLOC,,0,93101,93101,93379,278,0,0
4452,SPILL_OUT,MTE3,0,92973,92973,92973,0,1,1
4373,SPILL_IN,MTE2,406,92973,93379,92973,0,1,1
1449,MOVE,MTE1,31,93379,93410,93379,0,1,1
1450,MATMUL,CUBE,128,93410,93538,93657,247,0,0
3548,FREE,,0,93538,93538,93785,247,0,0
3549,FREE,,0,93538,93538,93816,278,0,0
1451,COPY_OUT,FIXP,263,93538,93801,93831,293,0,0
3533,FREE,,0,93801,93801,94094,293,0,0
1453,ALLOC,,0,93538,93538,93785,247,0,0
1455,MOVE,MTE1,31,93538,93569,93785,247,0,0
1454,ALLOC,,0,93538,93538,93816,278,0,0
4454,SPILL_OUT,MTE3,0,93410,93410,93410,0,1,1
4375,SPILL_IN,MTE2,406,93410,93816,93410,0,1,1
1456,MOVE,MTE1,31,93816,93847,93816,0,1,1
1452,ALLOC,,0,93801,93801,94094,293,0,0
1457,MATMUL,CUBE,128,93847,93975,94094,247,0,0
3551,FREE,,0,93975,93975,94222,247,0,0
3552,FREE,,0,93975,93975,94253,278,0,0
1458,ALLOC,,0,93975,93975,94222,247,0,0
1460,MOVE,MTE1,31,93975,94006,94222,247,0,0
1459,ALLOC,,0,93975,93975,94253,278,0,0
4456,SPILL_OUT,MTE3,0,93847,93847,93847,0,1,1
4377,SPILL_IN,MTE2,406,93847,94253,93847,0,1,1
1461,MOVE,MTE1,31,94253,94284,94253,0,1,1
1462,MATMUL,CUBE,128,94284,94412,94531,247,0,0
3553,FREE,,0,94412,94412,94659,247,0,0
3554,FREE,,0,94412,94412,94690,278,0,0
1463,ALLOC,,0,94412,94412,94659,247,0,0
1465,MOVE,MTE1,31,94412,94443,94659,247,0,0
1464,ALLOC,,0,94412,94412,94690,278,0,0
4458,SPILL_OUT,MTE3,0,94284,94284,94284,0,1,1
4379,SPILL_IN,MTE2,406,94284,94690,94284,0,1,1
1466,MOVE,MTE1,31,94690,94721,94690,0,1,1
1467,MATMUL,CUBE,128,94721,94849,94968,247,0,0
3555,FREE,,0,94849,94849,95096,247,0,0
3556,FREE,,0,94849,94849,95127,278,0,0
1468,ALLOC,,0,94849,94849,95096,247,0,0
1470,MOVE,MTE1,31,94849,94880,95096,247,0,0
1469,ALLOC,,0,94849,94849,95127,278,0,0
4460,SPILL_OUT,MTE3,0,94721,94721,94721,0,1,1
4381,SPILL_IN,MTE2,406,94721,95127,94721,0,1,1
1471,MOVE,MTE1,31,95127,95158,95127,0,1,1
1472,MATMUL,CUBE,128,95158,95286,95405,247,0,0
3557,FREE,,0,95286,95286,95533,247,0,0
3558,FREE,,0,95286,95286,95564,278,0,0
1473,ALLOC,,0,95286,95286,95533,247,0,0
1475,MOVE,MTE1,31,95286,95317,95533,247,0,0
1474,ALLOC,,0,95286,95286,95564,278,0,0
4462,SPILL_OUT,MTE3,0,95158,95158,95158,0,1,1
4383,SPILL_IN,MTE2,406,95158,95564,95158,0,1,1
1476,MOVE,MTE1,31,95564,95595,95564,0,1,1
1477,MATMUL,CUBE,128,95595,95723,95595,0,1,1
3559,FREE,,0,95723,95723,95723,0,1,1
3560,FREE,,0,95723,95723,95754,31,0,0
1478,ALLOC,,0,95723,95723,95723,0,1,1
1480,MOVE,MTE1,31,95723,95754,95723,0,1,1
1479,ALLOC,,0,95723,95723,95754,31,0,0
1481,MOVE,MTE1,31,95754,95785,95754,0,1,1
1482,MATMUL,CUBE,128,95785,95913,95785,0,1,1
3561,FREE,,0,95913,95913,95913,0,1,1
3562,FREE,,0,95913,95913,95944,31,0,0
1483,ALLOC,,0,95913,95913,95913,0,1,1
1485,MOVE,MTE1,31,95913,95944,95913,0,1,1
1484,ALLOC,,0,95913,95913,95944,31,0,0
1486,MOVE,MTE1,31,95944,95975,95944,0,1,1
1487,MATMUL,CUBE,128,95975,96103,95975,0,1,1
3563,FREE,,0,96103,96103,96103,0,1,1
3564,FREE,,0,96103,96103,96134,31,0,0
1488,ALLOC,,0,96103,96103,96103,0,1,1
1490,MOVE,MTE1,31,96103,96134,96103,0,1,1
1489,ALLOC,,0,96103,96103,96134,31,0,0
1491,MOVE,MTE1,31,96134,96165,96134,0,1,1
1492,MATMUL,CUBE,128,96165,96293,96165,0,1,1
3565,FREE,,0,96293,96293,96494,201,0,0
3566,FREE,,0,96293,96293,96525,232,0,0
1493,COPY_OUT,FIXP,263,96293,96556,96293,0,1,1
3550,FREE,,0,96556,96556,96556,0,1,1
1495,ALLOC,,0,96293,96293,96494,201,0,0
1497,MOVE,MTE1,31,96293,96324,96494,201,0,0
3441,FREE,,0,96324,96324,98261,1937,0,0
1496,ALLOC,,0,96293,96293,96525,232,0,0
1498,MOVE,MTE1,31,96324,96355,96525,201,0,0
1494,ALLOC,,0,96556,96556,96556,0,1,1
1499,MATMUL,CUBE,128,96556,96684,96556,0,1,1
3568,FREE,,0,96684,96684,96684,0,1,1
3569,FREE,,0,96684,96684,96715,31,0,0
1500,ALLOC,,0,96684,96684,96684,0,1,1
1502,MOVE,MTE1,31,96684,96715,96684,0,1,1
3444,FREE,,0,96715,96715,98992,2277,0,0
1501,ALLOC,,0,96684,96684,96715,31,0,0
1503,MOVE,MTE1,31,96715,96746,96715,0,1,1
1504,MATMUL,CUBE,128,96746,96874,96746,0,1,1
3570,FREE,,0,96874,96874,96874,0,1,1
3571,FREE,,0,96874,96874,96905,31,0,0
1505,ALLOC,,0,96874,96874,96874,0,1,1
1507,MOVE,MTE1,31,96874,96905,96874,0,1,1
3447,FREE,,0,96905,96905,99723,2818,0,0
1506,ALLOC,,0,96874,96874,96905,31,0,0
1508,MOVE,MTE1,31,96905,96936,96905,0,1,1
1509,MATMUL,CUBE,128,96936,97064,96936,0,1,1
3572,FREE,,0,97064,97064,97064,0,1,1
3573,FREE,,0,97064,97064,97095,31,0,0
1510,ALLOC,,0,97064,97064,97064,0,1,1
1512,MOVE,MTE1,31,97064,97095,97064,0,1,1
3450,FREE,,0,97095,97095,100454,3359,0,0
1511,ALLOC,,0,97064,97064,97095,31,0,0
1513,MOVE,MTE1,31,97095,97126,97095,0,1,1
1514,MATMUL,CUBE,128,97126,97254,97126,0,1,1
3574,FREE,,0,97254,97254,97254,0,1,1
3575,FREE,,0,97254,97254,97285,31,0,0
1515,ALLOC,,0,97254,97254,97254,0,1,1
1517,MOVE,MTE1,31,97254,97285,97254,0,1,1
3453,FREE,,0,97285,97285,100048,2763,0,0
1516,ALLOC,,0,97254,97254,97285,31,0,0
1518,MOVE,MTE1,31,97285,97316,97285,0,1,1
1519,MATMUL,CUBE,128,97316,97444,97316,0,1,1
3576,FREE,,0,97444,97444,97444,0,1,1
3577,FREE,,0,97444,97444,97475,31,0,0
1520,ALLOC,,0,97444,97444,97444,0,1,1
1522,MOVE,MTE1,31,97444,97475,97444,0,1,1
3456,FREE,,0,97475,97475,99317,1842,0,0
1521,ALLOC,,0,97444,97444,97475,31,0,0
1523,MOVE,MTE1,31,97475,97506,97475,0,1,1
1524,MATMUL,CUBE,128,97506,97634,97506,0,1,1
3578,FREE,,0,97634,97634,97634,0,1,1
3579,FREE,,0,97634,97634,97665,31,0,0
1525,ALLOC,,0,97634,97634,97634,0,1,1
1527,MOVE,MTE1,31,97634,97665,97634,0,1,1
3459,FREE,,0,97665,97665,98586,921,0,0
1526,ALLOC,,0,97634,97634,97665,31,0,0
1528,MOVE,MTE1,31,97665,97696,97665,0,1,1
1529,MATMUL,CUBE,128,97696,97824,97696,0,1,1
3580,FREE,,0,97824,97824,97824,0,1,1
3581,FREE,,0,97824,97824,99818,1994,0,0
1530,ALLOC,,0,97824,97824,97824,0,1,1
1532,MOVE,MTE1,31,97824,97855,97824,0,1,1
3462,FREE,,0,97855,97855,97855,0,1,1
1531,ALLOC,,0,97824,97824,99818,1994,0,0
1533,MOVE,MTE1,31,97855,97886,99818,1963,0,0
1534,MATMUL,CUBE,128,97886,98014,99849,1963,0,0
3582,FREE,,0,98014,98014,100209,2195,0,0
3583,FREE,,0,98014,98014,100178,2164,0,0
1535,COPY_OUT,FIXP,263,98014,98277,99977,1963,0,0
3567,FREE,,0,98277,98277,100240,1963,0,0
1540,ALLOC,,0,98014,98014,100178,2164,0,0
4397,SPILL_IN,MTE2,406,97855,98261,97855,0,1,1
1542,MOVE,MTE1,31,98261,98292,100178,1917,0,0
1537,ALLOC,,0,96324,96324,98261,1937,0,0
1538,COPY_IN,MTE2,325,98261,98586,98261,0,1,1
1539,ALLOC,,0,98014,98014,100209,2195,0,0
1541,MOVE,MTE1,31,98586,98617,100209,1623,0,0
1536,ALLOC,,0,98277,98277,100240,1963,0,0
1543,MATMUL,CUBE,128,98617,98745,100240,1623,0,0
3586,FREE,,0,98745,98745,100399,1654,0,0
3587,FREE,,0,98745,98745,100368,1623,0,0
1547,ALLOC,,0,98745,98745,100368,1623,0,0
4393,SPILL_IN,MTE2,406,98586,98992,98586,0,1,1
1549,MOVE,MTE1,31,98992,99023,100368,1376,0,0
1544,ALLOC,,0,96715,96715,98992,2277,0,0
1545,COPY_IN,MTE2,325,98992,99317,98992,0,1,1
1546,ALLOC,,0,98745,98745,100399,1654,0,0
1548,MOVE,MTE1,31,99317,99348,100399,1082,0,0
1550,MATMUL,CUBE,128,99348,99476,100430,1082,0,0
3589,FREE,,0,99476,99476,100589,1113,0,0
3590,FREE,,0,99476,99476,100558,1082,0,0
1554,ALLOC,,0,99476,99476,100558,1082,0,0
4389,SPILL_IN,MTE2,406,99317,99723,99317,0,1,1
1556,MOVE,MTE1,31,99723,99754,100558,835,0,0
1551,ALLOC,,0,96905,96905,99723,2818,0,0
1552,COPY_IN,MTE2,325,99723,100048,99723,0,1,1
1553,ALLOC,,0,99476,99476,100589,1113,0,0
1555,MOVE,MTE1,31,100048,100079,100589,541,0,0
1557,MATMUL,CUBE,128,100079,100207,100620,541,0,0
3592,FREE,,0,100207,100207,101026,819,0,0
3593,FREE,,0,100207,100207,100748,541,0,0
1561,ALLOC,,0,100207,100207,100748,541,0,0
4385,SPILL_IN,MTE2,406,100048,100454,100048,0,1,1
1563,MOVE,MTE1,31,100454,100485,100748,294,0,0
1558,ALLOC,,0,97095,97095,100454,3359,0,0
1559,COPY_IN,MTE2,325,100454,100779,100454,0,1,1
1560,ALLOC,,0,100207,100207,101026,819,0,0
1562,MOVE,MTE1,31,100779,100810,101026,247,0,0
1564,MATMUL,CUBE,128,100810,100938,101057,247,0,0
3595,FREE,,0,100938,100938,101788,850,0,0
3596,FREE,,0,100938,100938,101185,247,0,0
1568,ALLOC,,0,100938,100938,101185,247,0,0
4464,SPILL_OUT,MTE3,0,100485,100485,100779,294,0,0
4387,SPILL_IN,MTE2,406,100779,101185,100779,0,1,1
1570,MOVE,MTE1,31,101185,101216,101185,0,1,1
4466,SPILL_OUT,MTE3,0,101216,101216,101216,0,1,1
1565,ALLOC,,0,101216,101216,101216,0,1,1
1566,COPY_IN,MTE2,325,101216,101541,101216,0,1,1
1567,ALLOC,,0,100938,100938,101788,850,0,0
1569,MOVE,MTE1,31,101541,101572,101788,247,0,0
1571,MATMUL,CUBE,128,101572,101700,101819,247,0,0
3598,FREE,,0,101700,101700,102550,850,0,0
3599,FREE,,0,101700,101700,101947,247,0,0
1575,ALLOC,,0,101700,101700,101947,247,0,0
4468,SPILL_OUT,MTE3,0,101216,101216,101541,325,0,0
4391,SPILL_IN,MTE2,406,101541,101947,101541,0,1,1
1577,MOVE,MTE1,31,101947,101978,101947,0,1,1
4470,SPILL_OUT,MTE3,0,101978,101978,101978,0,1,1
1572,ALLOC,,0,101978,101978,101978,0,1,1
1573,COPY_IN,MTE2,325,101978,102303,101978,0,1,1
1574,ALLOC,,0,101700,101700,102550,850,0,0
1576,MOVE,MTE1,31,102303,102334,102550,247,0,0
1578,MATMUL,CUBE,128,102334,102462,102581,247,0,0
3601,FREE,,0,102462,102462,103312,850,0,0
3602,FREE,,0,102462,102462,102709,247,0,0
1582,ALLOC,,0,102462,102462,102709,247,0,0
4472,SPILL_OUT,MTE3,0,101978,101978,102303,325,0,0
4395,SPILL_IN,MTE2,406,102303,102709,102303,0,1,1
1584,MOVE,MTE1,31,102709,102740,102709,0,1,1
4474,SPILL_OUT,MTE3,0,102740,102740,102740,0,1,1
1579,ALLOC,,0,102740,102740,102740,0,1,1
1580,COPY_IN,MTE2,325,102740,103065,102740,0,1,1
1581,ALLOC,,0,102462,102462,103312,850,0,0
1583,MOVE,MTE1,31,103065,103096,103312,247,0,0
1585,MATMUL,CUBE,128,103096,103224,103343,247,0,0
3604,FREE,,0,103224,103224,103827,603,0,0
3605,FREE,,0,103224,103224,103471,247,0,0
1589,ALLOC,,0,103224,103224,103471,247,0,0
4476,SPILL_OUT,MTE3,0,102740,102740,103065,325,0,0
4399,SPILL_IN,MTE2,406,103065,103471,103065,0,1,1
1591,MOVE,MTE1,31,103471,103502,103471,0,1,1
4478,SPILL_OUT,MTE3,0,103502,103502,103502,0,1,1
1586,ALLOC,,0,103502,103502,103502,0,1,1
1587,COPY_IN,MTE2,325,103502,103827,103502,0,1,1
1588,ALLOC,,0,103224,103224,103827,603,0,0
1590,MOVE,MTE1,31,103827,103858,103827,0,1,1
1592,MATMUL,CUBE,128,103858,103986,103858,0,1,1
3607,FREE,,0,103986,103986,104187,201,0,0
3608,FREE,,0,103986,103986,104218,232,0,0
1593,COPY_OUT,FIXP,263,103986,104249,103986,0,1,1
3584,FREE,,0,104249,104249,104249,0,1,1
1595,ALLOC,,0,103986,103986,104187,201,0,0
1597,MOVE,MTE1,31,103986,104017,104187,201,0,0
1596,ALLOC,,0,103986,103986,104218,232,0,0
1598,MOVE,MTE1,31,104017,104048,104218,201,0,0
1594,ALLOC,,0,104249,104249,104249,0,1,1
1599,MATMUL,CUBE,128,104249,104377,104249,0,1,1
3610,FREE,,0,104377,104377,104377,0,1,1
3611,FREE,,0,104377,104377,104408,31,0,0
1600,ALLOC,,0,104377,104377,104377,0,1,1
1602,MOVE,MTE1,31,104377,104408,104377,0,1,1
1601,ALLOC,,0,104377,104377,104408,31,0,0
1603,MOVE,MTE1,31,104408,104439,104408,0,1,1
1604,MATMUL,CUBE,128,104439,104567,104439,0,1,1
3612,FREE,,0,104567,104567,104567,0,1,1
3613,FREE,,0,104567,104567,104598,31,0,0
1605,ALLOC,,0,104567,104567,104567,0,1,1
1607,MOVE,MTE1,31,104567,104598,104567,0,1,1
1606,ALLOC,,0,104567,104567,104598,31,0,0
1608,MOVE,MTE1,31,104598,104629,104598,0,1,1
1609,MATMUL,CUBE,128,104629,104757,104629,0,1,1
3614,FREE,,0,104757,104757,104757,0,1,1
3615,FREE,,0,104757,104757,104788,31,0,0
1610,ALLOC,,0,104757,104757,104757,0,1,1
1612,MOVE,MTE1,31,104757,104788,104757,0,1,1
1611,ALLOC,,0,104757,104757,104788,31,0,0
1613,MOVE,MTE1,31,104788,104819,104788,0,1,1
1614,MATMUL,CUBE,128,104819,104947,104819,0,1,1
3616,FREE,,0,104947,104947,104947,0,1,1
3617,FREE,,0,104947,104947,104978,31,0,0
1615,ALLOC,,0,104947,104947,104947,0,1,1
1617,MOVE,MTE1,31,104947,104978,104947,0,1,1
1616,ALLOC,,0,104947,104947,104978,31,0,0
1618,MOVE,MTE1,31,104978,105009,104978,0,1,1
1619,MATMUL,CUBE,128,105009,105137,105009,0,1,1
3618,FREE,,0,105137,105137,105137,0,1,1
3619,FREE,,0,105137,105137,105168,31,0,0
1620,ALLOC,,0,105137,105137,105137,0,1,1
1622,MOVE,MTE1,31,105137,105168,105137,0,1,1
1621,ALLOC,,0,105137,105137,105168,31,0,0
1623,MOVE,MTE1,31,105168,105199,105168,0,1,1
1624,MATMUL,CUBE,128,105199,105327,105199,0,1,1
3620,FREE,,0,105327,105327,105327,0,1,1
3621,FREE,,0,105327,105327,105358,31,0,0
1625,ALLOC,,0,105327,105327,105327,0,1,1
1627,MOVE,MTE1,31,105327,105358,105327,0,1,1
1626,ALLOC,,0,105327,105327,105358,31,0,0
1628,MOVE,MTE1,31,105358,105389,105358,0,1,1
1629,MATMUL,CUBE,128,105389,105517,105389,0,1,1
3622,FREE,,0,105517,105517,105517,0,1,1
3623,FREE,,0,105517,105517,105548,31,0,0
1630,ALLOC,,0,105517,105517,105517,0,1,1
1632,MOVE,MTE1,31,105517,105548,105517,0,1,1
1631,ALLOC,,0,105517,105517,105548,31,0,0
1633,MOVE,MTE1,31,105548,105579,105548,0,1,1
1634,MATMUL,CUBE,128,105579,105707,105579,0,1,1
3624,FREE,,0,105707,105707,105908,201,0,0
3625,FREE,,0,105707,105707,105939,232,0,0
1635,COPY_OUT,FIXP,263,105707,105970,105707,0,1,1
3609,FREE,,0,105970,105970,105970,0,1,1
1637,ALLOC,,0,105707,105707,105908,201,0,0
1639,MOVE,MTE1,31,105707,105738,105908,201,0,0
1638,ALLOC,,0,105707,105707,105939,232,0,0
1640,MOVE,MTE1,31,105738,105769,105939,201,0,0
1636,ALLOC,,0,105970,105970,105970,0,1,1
1641,MATMUL,CUBE,128,105970,106098,105970,0,1,1
3627,FREE,,0,106098,106098,106098,0,1,1
3628,FREE,,0,106098,106098,106129,31,0,0
1642,ALLOC,,0,106098,106098,106098,0,1,1
1644,MOVE,MTE1,31,106098,106129,106098,0,1,1
1643,ALLOC,,0,106098,106098,106129,31,0,0
1645,MOVE,MTE1,31,106129,106160,106129,0,1,1
1646,MATMUL,CUBE,128,106160,106288,106160,0,1,1
3629,FREE,,0,106288,106288,106288,0,1,1
3630,FREE,,0,106288,106288,106319,31,0,0
1647,ALLOC,,0,106288,106288,106288,0,1,1
1649,MOVE,MTE1,31,106288,106319,106288,0,1,1
1648,ALLOC,,0,106288,106288,106319,31,0,0
1650,MOVE,MTE1,31,106319,106350,106319,0,1,1
1651,MATMUL,CUBE,128,106350,106478,106597,247,0,0
3631,FREE,,0,106478,106478,106725,247,0,0
3632,FREE,,0,106478,106478,106756,278,0,0
1652,ALLOC,,0,106478,106478,106725,247,0,0
1654,MOVE,MTE1,31,106478,106509,106725,247,0,0
1653,ALLOC,,0,106478,106478,106756,278,0,0
4480,SPILL_OUT,MTE3,0,106350,106350,106350,0,1,1
4401,SPILL_IN,MTE2,406,106350,106756,106350,0,1,1
1655,MOVE,MTE1,31,106756,106787,106756,0,1,1
1656,MATMUL,CUBE,128,106787,106915,107034,247,0,0
3633,FREE,,0,106915,106915,107162,247,0,0
3634,FREE,,0,106915,106915,107193,278,0,0
1657,ALLOC,,0,106915,106915,107162,247,0,0
1659,MOVE,MTE1,31,106915,106946,107162,247,0,0
1658,ALLOC,,0,106915,106915,107193,278,0,0
4482,SPILL_OUT,MTE3,0,106787,106787,106787,0,1,1
4403,SPILL_IN,MTE2,406,106787,107193,106787,0,1,1
1660,MOVE,MTE1,31,107193,107224,107193,0,1,1
1661,MATMUL,CUBE,128,107224,107352,107224,0,1,1
3635,FREE,,0,107352,107352,107352,0,1,1
3636,FREE,,0,107352,107352,107383,31,0,0
1662,ALLOC,,0,107352,107352,107352,0,1,1
1664,MOVE,MTE1,31,107352,107383,107352,0,1,1
1663,ALLOC,,0,107352,107352,107383,31,0,0
1665,MOVE,MTE1,31,107383,107414,107383,0,1,1
1666,MATMUL,CUBE,128,107414,107542,107661,247,0,0
3637,FREE,,0,107542,107542,107789,247,0,0
3638,FREE,,0,107542,107542,107820,278,0,0
1667,ALLOC,,0,107542,107542,107789,247,0,0
1669,MOVE,MTE1,31,107542,107573,107789,247,0,0
1668,ALLOC,,0,107542,107542,107820,278,0,0
4484,SPILL_OUT,MTE3,0,107414,107414,107414,0,1,1
4405,SPILL_IN,MTE2,406,107414,107820,107414,0,1,1
1670,MOVE,MTE1,31,107820,107851,107820,0,1,1
1671,MATMUL,CUBE,128,107851,107979,108098,247,0,0
3639,FREE,,0,107979,107979,108226,247,0,0
3640,FREE,,0,107979,107979,108257,278,0,0
1672,ALLOC,,0,107979,107979,108226,247,0,0
1674,MOVE,MTE1,31,107979,108010,108226,247,0,0
1673,ALLOC,,0,107979,107979,108257,278,0,0
4486,SPILL_OUT,MTE3,0,107851,107851,107851,0,1,1
4407,SPILL_IN,MTE2,406,107851,108257,107851,0,1,1
1675,MOVE,MTE1,31,108257,108288,108257,0,1,1
1676,MATMUL,CUBE,128,108288,108416,108535,247,0,0
3641,FREE,,0,108416,108416,108663,247,0,0
3642,FREE,,0,108416,108416,108694,278,0,0
1677,COPY_OUT,FIXP,263,108416,108679,108709,293,0,0
3626,FREE,,0,108679,108679,108972,293,0,0
1679,ALLOC,,0,108416,108416,108663,247,0,0
1681,MOVE,MTE1,31,108416,108447,108663,247,0,0
1680,ALLOC,,0,108416,108416,108694,278,0,0
4488,SPILL_OUT,MTE3,0,108288,108288,108288,0,1,1
4409,SPILL_IN,MTE2,406,108288,108694,108288,0,1,1
1682,MOVE,MTE1,31,108694,108725,108694,0,1,1
1678,ALLOC,,0,108679,108679,108972,293,0,0
1683,MATMUL,CUBE,128,108725,108853,108972,247,0,0
3644,FREE,,0,108853,108853,109100,247,0,0
3645,FREE,,0,108853,108853,109131,278,0,0
1684,ALLOC,,0,108853,108853,109100,247,0,0
1686,MOVE,MTE1,31,108853,108884,109100,247,0,0
1685,ALLOC,,0,108853,108853,109131,278,0,0
4490,SPILL_OUT,MTE3,0,108725,108725,108725,0,1,1
4411,SPILL_IN,MTE2,406,108725,109131,108725,0,1,1
1687,MOVE,MTE1,31,109131,109162,109131,0,1,1
1688,MATMUL,CUBE,128,109162,109290,109409,247,0,0
3646,FREE,,0,109290,109290,109537,247,0,0
3647,FREE,,0,109290,109290,109568,278,0,0
1689,ALLOC,,0,109290,109290,109537,247,0,0
1691,MOVE,MTE1,31,109290,109321,109537,247,0,0
1690,ALLOC,,0,109290,109290,109568,278,0,0
4492,SPILL_OUT,MTE3,0,109162,109162,109162,0,1,1
4413,SPILL_IN,MTE2,406,109162,109568,109162,0,1,1
1692,MOVE,MTE1,31,109568,109599,109568,0,1,1
1693,MATMUL,CUBE,128,109599,109727,109846,247,0,0
3648,FREE,,0,109727,109727,109974,247,0,0
3649,FREE,,0,109727,109727,110005,278,0,0
1694,ALLOC,,0,109727,109727,109974,247,0,0
1696,MOVE,MTE1,31,109727,109758,109974,247,0,0
1695,ALLOC,,0,109727,109727,110005,278,0,0
4494,SPILL_OUT,MTE3,0,109599,109599,109599,0,1,1
4415,SPILL_IN,MTE2,406,109599,110005,109599,0,1,1
1697,MOVE,MTE1,31,110005,110036,110005,0,1,1
1698,MATMUL,CUBE,128,110036,110164,110283,247,0,0
3650,FREE,,0,110164,110164,110411,247,0,0
3651,FREE,,0,110164,110164,110442,278,0,0
1699,ALLOC,,0,110164,110164,110411,247,0,0
1701,MOVE,MTE1,31,110164,110195,110411,247,0,0
1700,ALLOC,,0,110164,110164,110442,278,0,0
4496,SPILL_OUT,MTE3,0,110036,110036,110036,0,1,1
4417,SPILL_IN,MTE2,406,110036,110442,110036,0,1,1
1702,MOVE,MTE1,31,110442,110473,110442,0,1,1
1703,MATMUL,CUBE,128,110473,110601,110720,247,0,0
3652,FREE,,0,110601,110601,110848,247,0,0
3653,FREE,,0,110601,110601,110879,278,0,0
1704,ALLOC,,0,110601,110601,110848,247,0,0
1706,MOVE,MTE1,31,110601,110632,110848,247,0,0
1705,ALLOC,,0,110601,110601,110879,278,0,0
4498,SPILL_OUT,MTE3,0,110473,110473,110473,0,1,1
4419,SPILL_IN,MTE2,406,110473,110879,110473,0,1,1
1707,MOVE,MTE1,31,110879,110910,110879,0,1,1
1708,MATMUL,CUBE,128,110910,111038,111157,247,0,0
3654,FREE,,0,111038,111038,111285,247,0,0
3655,FREE,,0,111038,111038,111316,278,0,0
1709,ALLOC,,0,111038,111038,111285,247,0,0
1711,MOVE,MTE1,31,111038,111069,111285,247,0,0
1710,ALLOC,,0,111038,111038,111316,278,0,0
4500,SPILL_OUT,MTE3,0,110910,110910,110910,0,1,1
4421,SPILL_IN,MTE2,406,110910,111316,110910,0,1,1
1712,MOVE,MTE1,31,111316,111347,111316,0,1,1
1713,MATMUL,CUBE,128,111347,111475,111594,247,0,0
3656,FREE,,0,111475,111475,111722,247,0,0
3657,FREE,,0,111475,111475,111753,278,0,0
1714,ALLOC,,0,111475,111475,111722,247,0,0
1716,MOVE,MTE1,31,111475,111506,111722,247,0,0
1715,ALLOC,,0,111475,111475,111753,278,0,0
4502,SPILL_OUT,MTE3,0,111347,111347,111347,0,1,1
4423,SPILL_IN,MTE2,406,111347,111753,111347,0,1,1
1717,MOVE,MTE1,31,111753,111784,111753,0,1,1
1718,MATMUL,CUBE,128,111784,111912,112031,247,0,0
3658,FREE,,0,111912,111912,112159,247,0,0
3659,FREE,,0,111912,111912,112190,278,0,0
1719,COPY_OUT,FIXP,263,111912,112175,112205,293,0,0
3643,FREE,,0,112175,112175,112468,293,0,0
1721,ALLOC,,0,111912,111912,112159,247,0,0
1723,MOVE,MTE1,31,111912,111943,112159,247,0,0
1722,ALLOC,,0,111912,111912,112190,278,0,0
4504,SPILL_OUT,MTE3,0,111784,111784,111784,0,1,1
4425,SPILL_IN,MTE2,406,111784,112190,111784,0,1,1
1724,MOVE,MTE1,31,112190,112221,112190,0,1,1
1720,ALLOC,,0,112175,112175,112468,293,0,0
1725,MATMUL,CUBE,128,112221,112349,112468,247,0,0
3661,FREE,,0,112349,112349,112596,247,0,0
3662,FREE,,0,112349,112349,112627,278,0,0
1726,ALLOC,,0,112349,112349,112596,247,0,0
1728,MOVE,MTE1,31,112349,112380,112596,247,0,0
1727,ALLOC,,0,112349,112349,112627,278,0,0
4506,SPILL_OUT,MTE3,0,112221,112221,112221,0,1,1
4427,SPILL_IN,MTE2,406,112221,112627,112221,0,1,1
1729,MOVE,MTE1,31,112627,112658,112627,0,1,1
1730,MATMUL,CUBE,128,112658,112786,112905,247,0,0
3663,FREE,,0,112786,112786,113033,247,0,0
3664,FREE,,0,112786,112786,113064,278,0,0
1731,ALLOC,,0,112786,112786,113033,247,0,0
1733,MOVE,MTE1,31,112786,112817,113033,247,0,0
1732,ALLOC,,0,112786,112786,113064,278,0,0
4508,SPILL_OUT,MTE3,0,112658,112658,112658,0,1,1
4429,SPILL_IN,MTE2,406,112658,113064,112658,0,1,1
1734,MOVE,MTE1,31,113064,113095,113064,0,1,1
1735,MATMUL,CUBE,128,113095,113223,113342,247,0,0
3665,FREE,,0,113223,113223,113470,247,0,0
3666,FREE,,0,113223,113223,113501,278,0,0
1736,ALLOC,,0,113223,113223,113470,247,0,0
1738,MOVE,MTE1,31,113223,113254,113470,247,0,0
1737,ALLOC,,0,113223,113223,113501,278,0,0
4510,SPILL_OUT,MTE3,0,113095,113095,113095,0,1,1
4431,SPILL_IN,MTE2,406,113095,113501,113095,0,1,1
1739,MOVE,MTE1,31,113501,113532,113501,0,1,1
1740,MATMUL,CUBE,128,113532,113660,113779,247,0,0
3667,FREE,,0,113660,113660,113907,247,0,0
3668,FREE,,0,113660,113660,113938,278,0,0
1741,ALLOC,,0,113660,113660,113907,247,0,0
1743,MOVE,MTE1,31,113660,113691,113907,247,0,0
1742,ALLOC,,0,113660,113660,113938,278,0,0
4512,SPILL_OUT,MTE3,0,113532,113532,113532,0,1,1
4433,SPILL_IN,MTE2,406,113532,113938,113532,0,1,1
1744,MOVE,MTE1,31,113938,113969,113938,0,1,1
1745,MATMUL,CUBE,128,113969,114097,114216,247,0,0
3669,FREE,,0,114097,114097,114344,247,0,0
3670,FREE,,0,114097,114097,114375,278,0,0
1746,ALLOC,,0,114097,114097,114344,247,0,0
1748,MOVE,MTE1,31,114097,114128,114344,247,0,0
1747,ALLOC,,0,114097,114097,114375,278,0,0
4514,SPILL_OUT,MTE3,0,113969,113969,113969,0,1,1
4435,SPILL_IN,MTE2,406,113969,114375,113969,0,1,1
1749,MOVE,MTE1,31,114375,114406,114375,0,1,1
1750,MATMUL,CUBE,128,114406,114534,114653,247,0,0
3671,FREE,,0,114534,114534,114781,247,0,0
3672,FREE,,0,114534,114534,114812,278,0,0
1751,ALLOC,,0,114534,114534,114781,247,0,0
1753,MOVE,MTE1,31,114534,114565,114781,247,0,0
1752,ALLOC,,0,114534,114534,114812,278,0,0
4516,SPILL_OUT,MTE3,0,114406,114406,114406,0,1,1
4437,SPILL_IN,MTE2,406,114406,114812,114406,0,1,1
1754,MOVE,MTE1,31,114812,114843,114812,0,1,1
1755,MATMUL,CUBE,128,114843,114971,115090,247,0,0
3673,FREE,,0,114971,114971,115218,247,0,0
3674,FREE,,0,114971,114971,115249,278,0,0
1756,ALLOC,,0,114971,114971,115218,247,0,0
1758,MOVE,MTE1,31,114971,115002,115218,247,0,0
1757,ALLOC,,0,114971,114971,115249,278,0,0
4518,SPILL_OUT,MTE3,0,114843,114843,114843,0,1,1
4439,SPILL_IN,MTE2,406,114843,115249,114843,0,1,1
1759,MOVE,MTE1,31,115249,115280,115249,0,1,1
1760,MATMUL,CUBE,128,115280,115408,115527,247,0,0
3675,FREE,,0,115408,115408,115655,247,0,0
3676,FREE,,0,115408,115408,115686,278,0,0
1761,COPY_OUT,FIXP,263,115408,115671,115701,293,0,0
3660,FREE,,0,115671,115671,115964,293,0,0
1763,ALLOC,,0,115408,115408,115655,247,0,0
1765,MOVE,MTE1,31,115408,115439,115655,247,0,0
1764,ALLOC,,0,115408,115408,115686,278,0,0
4520,SPILL_OUT,MTE3,0,115280,115280,115280,0,1,1
4441,SPILL_IN,MTE2,406,115280,115686,115280,0,1,1
1766,MOVE,MTE1,31,115686,115717,115686,0,1,1
1762,ALLOC,,0,115671,115671,115964,293,0,0
1767,MATMUL,CUBE,128,115717,115845,115964,247,0,0
3678,FREE,,0,115845,115845,116092,247,0,0
3679,FREE,,0,115845,115845,116123,278,0,0
1768,ALLOC,,0,115845,115845,116092,247,0,0
1770,MOVE,MTE1,31,115845,115876,116092,247,0,0
1769,ALLOC,,0,115845,115845,116123,278,0,0
4522,SPILL_OUT,MTE3,0,115717,115717,115717,0,1,1
4443,SPILL_IN,MTE2,406,115717,116123,115717,0,1,1
1771,MOVE,MTE1,31,116123,116154,116123,0,1,1
1772,MATMUL,CUBE,128,116154,116282,116401,247,0,0
3680,FREE,,0,116282,116282,116529,247,0,0
3681,FREE,,0,116282,116282,116560,278,0,0
1773,ALLOC,,0,116282,116282,116529,247,0,0
1775,MOVE,MTE1,31,116282,116313,116529,247,0,0
1774,ALLOC,,0,116282,116282,116560,278,0,0
4524,SPILL_OUT,MTE3,0,116154,116154,116154,0,1,1
4445,SPILL_IN,MTE2,406,116154,116560,116154,0,1,1
1776,MOVE,MTE1,31,116560,116591,116560,0,1,1
1777,MATMUL,CUBE,128,116591,116719,116838,247,0,0
3682,FREE,,0,116719,116719,116966,247,0,0
3683,FREE,,0,116719,116719,116997,278,0,0
1778,ALLOC,,0,116719,116719,116966,247,0,0
1780,MOVE,MTE1,31,116719,116750,116966,247,0,0
1779,ALLOC,,0,116719,116719,116997,278,0,0
4526,SPILL_OUT,MTE3,0,116591,116591,116591,0,1,1
4447,SPILL_IN,MTE2,406,116591,116997,116591,0,1,1
1781,MOVE,MTE1,31,116997,117028,116997,0,1,1
1782,MATMUL,CUBE,128,117028,117156,117275,247,0,0
3684,FREE,,0,117156,117156,117403,247,0,0
3685,FREE,,0,117156,117156,117434,278,0,0
1783,ALLOC,,0,117156,117156,117403,247,0,0
1785,MOVE,MTE1,31,117156,117187,117403,247,0,0
1784,ALLOC,,0,117156,117156,117434,278,0,0
4528,SPILL_OUT,MTE3,0,117028,117028,117028,0,1,1
4449,SPILL_IN,MTE2,406,117028,117434,117028,0,1,1
1786,MOVE,MTE1,31,117434,117465,117434,0,1,1
1787,MATMUL,CUBE,128,117465,117593,117712,247,0,0
3686,FREE,,0,117593,117593,117840,247,0,0
3687,FREE,,0,117593,117593,117871,278,0,0
1788,ALLOC,,0,117593,117593,117840,247,0,0
1790,MOVE,MTE1,31,117593,117624,117840,247,0,0
1789,ALLOC,,0,117593,117593,117871,278,0,0
4530,SPILL_OUT,MTE3,0,117465,117465,117465,0,1,1
4451,SPILL_IN,MTE2,406,117465,117871,117465,0,1,1
1791,MOVE,MTE1,31,117871,117902,117871,0,1,1
1792,MATMUL,CUBE,128,117902,118030,118149,247,0,0
3688,FREE,,0,118030,118030,118277,247,0,0
3689,FREE,,0,118030,118030,118308,278,0,0
1793,ALLOC,,0,118030,118030,118277,247,0,0
1795,MOVE,MTE1,31,118030,118061,118277,247,0,0
1794,ALLOC,,0,118030,118030,118308,278,0,0
4532,SPILL_OUT,MTE3,0,117902,117902,117902,0,1,1
4453,SPILL_IN,MTE2,406,117902,118308,117902,0,1,1
1796,MOVE,MTE1,31,118308,118339,118308,0,1,1
1797,MATMUL,CUBE,128,118339,118467,118586,247,0,0
3690,FREE,,0,118467,118467,118714,247,0,0
3691,FREE,,0,118467,118467,118745,278,0,0
1798,ALLOC,,0,118467,118467,118714,247,0,0
1800,MOVE,MTE1,31,118467,118498,118714,247,0,0
1799,ALLOC,,0,118467,118467,118745,278,0,0
4534,SPILL_OUT,MTE3,0,118339,118339,118339,0,1,1
4455,SPILL_IN,MTE2,406,118339,118745,118339,0,1,1
1801,MOVE,MTE1,31,118745,118776,118745,0,1,1
1802,MATMUL,CUBE,128,118776,118904,119023,247,0,0
3692,FREE,,0,118904,118904,119151,247,0,0
3693,FREE,,0,118904,118904,119182,278,0,0
1803,COPY_OUT,FIXP,263,118904,119167,119197,293,0,0
3677,FREE,,0,119167,119167,119460,293,0,0
1805,ALLOC,,0,118904,118904,119151,247,0,0
1807,MOVE,MTE1,31,118904,118935,119151,247,0,0
1806,ALLOC,,0,118904,118904,119182,278,0,0
4536,SPILL_OUT,MTE3,0,118776,118776,118776,0,1,1
4457,SPILL_IN,MTE2,406,118776,119182,118776,0,1,1
1808,MOVE,MTE1,31,119182,119213,119182,0,1,1
1804,ALLOC,,0,119167,119167,119460,293,0,0
1809,MATMUL,CUBE,128,119213,119341,119460,247,0,0
3695,FREE,,0,119341,119341,119588,247,0,0
3696,FREE,,0,119341,119341,119619,278,0,0
1810,ALLOC,,0,119341,119341,119588,247,0,0
1812,MOVE,MTE1,31,119341,119372,119588,247,0,0
1811,ALLOC,,0,119341,119341,119619,278,0,0
4538,SPILL_OUT,MTE3,0,119213,119213,119213,0,1,1
4459,SPILL_IN,MTE2,406,119213,119619,119213,0,1,1
1813,MOVE,MTE1,31,119619,119650,119619,0,1,1
1814,MATMUL,CUBE,128,119650,119778,119897,247,0,0
3697,FREE,,0,119778,119778,120025,247,0,0
3698,FREE,,0,119778,119778,120056,278,0,0
1815,ALLOC,,0,119778,119778,120025,247,0,0
1817,MOVE,MTE1,31,119778,119809,120025,247,0,0
1816,ALLOC,,0,119778,119778,120056,278,0,0
4540,SPILL_OUT,MTE3,0,119650,119650,119650,0,1,1
4461,SPILL_IN,MTE2,406,119650,120056,119650,0,1,1
1818,MOVE,MTE1,31,120056,120087,120056,0,1,1
1819,MATMUL,CUBE,128,120087,120215,120334,247,0,0
3699,FREE,,0,120215,120215,120462,247,0,0
3700,FREE,,0,120215,120215,120493,278,0,0
1820,ALLOC,,0,120215,120215,120462,247,0,0
1822,MOVE,MTE1,31,120215,120246,120462,247,0,0
1821,ALLOC,,0,120215,120215,120493,278,0,0
4542,SPILL_OUT,MTE3,0,120087,120087,120087,0,1,1
4463,SPILL_IN,MTE2,406,120087,120493,120087,0,1,1
1823,MOVE,MTE1,31,120493,120524,120493,0,1,1
1824,MATMUL,CUBE,128,120524,120652,120524,0,1,1
3701,FREE,,0,120652,120652,120652,0,1,1
3702,FREE,,0,120652,120652,120683,31,0,0
1825,ALLOC,,0,120652,120652,120652,0,1,1
1827,MOVE,MTE1,31,120652,120683,120652,0,1,1
1826,ALLOC,,0,120652,120652,120683,31,0,0
1828,MOVE,MTE1,31,120683,120714,120683,0,1,1
1829,MATMUL,CUBE,128,120714,120842,120714,0,1,1
3703,FREE,,0,120842,120842,120842,0,1,1
3704,FREE,,0,120842,120842,120873,31,0,0
1830,ALLOC,,0,120842,120842,120842,0,1,1
1832,MOVE,MTE1,31,120842,120873,120842,0,1,1
1831,ALLOC,,0,120842,120842,120873,31,0,0
1833,MOVE,MTE1,31,120873,120904,120873,0,1,1
1834,MATMUL,CUBE,128,120904,121032,120904,0,1,1
3705,FREE,,0,121032,121032,121032,0,1,1
3706,FREE,,0,121032,121032,121063,31,0,0
1835,ALLOC,,0,121032,121032,121032,0,1,1
1837,MOVE,MTE1,31,121032,121063,121032,0,1,1
1836,ALLOC,,0,121032,121032,121063,31,0,0
1838,MOVE,MTE1,31,121063,121094,121063,0,1,1
1839,MATMUL,CUBE,128,121094,121222,121094,0,1,1
3707,FREE,,0,121222,121222,121222,0,1,1
3708,FREE,,0,121222,121222,121253,31,0,0
1840,ALLOC,,0,121222,121222,121222,0,1,1
1842,MOVE,MTE1,31,121222,121253,121222,0,1,1
1841,ALLOC,,0,121222,121222,121253,31,0,0
1843,MOVE,MTE1,31,121253,121284,121253,0,1,1
1844,MATMUL,CUBE,128,121284,121412,121284,0,1,1
3709,FREE,,0,121412,121412,121613,201,0,0
3710,FREE,,0,121412,121412,121644,232,0,0
1845,COPY_OUT,FIXP,263,121412,121675,121412,0,1,1
3694,FREE,,0,121675,121675,121675,0,1,1
1847,ALLOC,,0,121412,121412,121613,201,0,0
1849,MOVE,MTE1,31,121412,121443,121613,201,0,0
3585,FREE,,0,121443,121443,123380,1937,0,0
1848,ALLOC,,0,121412,121412,121644,232,0,0
1850,MOVE,MTE1,31,121443,121474,121644,201,0,0
1846,ALLOC,,0,121675,121675,121675,0,1,1
1851,MATMUL,CUBE,128,121675,121803,121675,0,1,1
3712,FREE,,0,121803,121803,121803,0,1,1
3713,FREE,,0,121803,121803,121834,31,0,0
1852,ALLOC,,0,121803,121803,121803,0,1,1
1854,MOVE,MTE1,31,121803,121834,121803,0,1,1
3588,FREE,,0,121834,121834,124111,2277,0,0
1853,ALLOC,,0,121803,121803,121834,31,0,0
1855,MOVE,MTE1,31,121834,121865,121834,0,1,1
1856,MATMUL,CUBE,128,121865,121993,121865,0,1,1
3714,FREE,,0,121993,121993,121993,0,1,1
3715,FREE,,0,121993,121993,122024,31,0,0
1857,ALLOC,,0,121993,121993,121993,0,1,1
1859,MOVE,MTE1,31,121993,122024,121993,0,1,1
3591,FREE,,0,122024,122024,124842,2818,0,0
1858,ALLOC,,0,121993,121993,122024,31,0,0
1860,MOVE,MTE1,31,122024,122055,122024,0,1,1
1861,MATMUL,CUBE,128,122055,122183,122055,0,1,1
3716,FREE,,0,122183,122183,122183,0,1,1
3717,FREE,,0,122183,122183,122214,31,0,0
1862,ALLOC,,0,122183,122183,122183,0,1,1
1864,MOVE,MTE1,31,122183,122214,122183,0,1,1
3594,FREE,,0,122214,122214,125573,3359,0,0
1863,ALLOC,,0,122183,122183,122214,31,0,0
1865,MOVE,MTE1,31,122214,122245,122214,0,1,1
1866,MATMUL,CUBE,128,122245,122373,122245,0,1,1
3718,FREE,,0,122373,122373,122373,0,1,1
3719,FREE,,0,122373,122373,122404,31,0,0
1867,ALLOC,,0,122373,122373,122373,0,1,1
1869,MOVE,MTE1,31,122373,122404,122373,0,1,1
3597,FREE,,0,122404,122404,125167,2763,0,0
1868,ALLOC,,0,122373,122373,122404,31,0,0
1870,MOVE,MTE1,31,122404,122435,122404,0,1,1
1871,MATMUL,CUBE,128,122435,122563,122435,0,1,1
3720,FREE,,0,122563,122563,122563,0,1,1
3721,FREE,,0,122563,122563,122594,31,0,0
1872,ALLOC,,0,122563,122563,122563,0,1,1
1874,MOVE,MTE1,31,122563,122594,122563,0,1,1
3600,FREE,,0,122594,122594,124436,1842,0,0
1873,ALLOC,,0,122563,122563,122594,31,0,0
1875,MOVE,MTE1,31,122594,122625,122594,0,1,1
1876,MATMUL,CUBE,128,122625,122753,122625,0,1,1
3722,FREE,,0,122753,122753,122753,0,1,1
3723,FREE,,0,122753,122753,122784,31,0,0
1877,ALLOC,,0,122753,122753,122753,0,1,1
1879,MOVE,MTE1,31,122753,122784,122753,0,1,1
3603,FREE,,0,122784,122784,123705,921,0,0
1878,ALLOC,,0,122753,122753,122784,31,0,0
1880,MOVE,MTE1,31,122784,122815,122784,0,1,1
1881,MATMUL,CUBE,128,122815,122943,122815,0,1,1
3724,FREE,,0,122943,122943,122943,0,1,1
3725,FREE,,0,122943,122943,124937,1994,0,0
1882,ALLOC,,0,122943,122943,122943,0,1,1
1884,MOVE,MTE1,31,122943,122974,122943,0,1,1
3606,FREE,,0,122974,122974,122974,0,1,1
1883,ALLOC,,0,122943,122943,124937,1994,0,0
1885,MOVE,MTE1,31,122974,123005,124937,1963,0,0
1886,MATMUL,CUBE,128,123005,123133,124968,1963,0,0
3726,FREE,,0,123133,123133,125328,2195,0,0
3727,FREE,,0,123133,123133,125297,2164,0,0
1887,COPY_OUT,FIXP,263,123133,123396,125096,1963,0,0
3711,FREE,,0,123396,123396,125359,1963,0,0
1892,ALLOC,,0,123133,123133,125297,2164,0,0
4477,SPILL_IN,MTE2,406,122974,123380,122974,0,1,1
1894,MOVE,MTE1,31,123380,123411,125297,1917,0,0
1889,ALLOC,,0,121443,121443,123380,1937,0,0
1890,COPY_IN,MTE2,325,123380,123705,123380,0,1,1
1891,ALLOC,,0,123133,123133,125328,2195,0,0
1893,MOVE,MTE1,31,123705,123736,125328,1623,0,0
1888,ALLOC,,0,123396,123396,125359,1963,0,0
1895,MATMUL,CUBE,128,123736,123864,125359,1623,0,0
3730,FREE,,0,123864,123864,125518,1654,0,0
3731,FREE,,0,123864,123864,125487,1623,0,0
1899,ALLOC,,0,123864,123864,125487,1623,0,0
4473,SPILL_IN,MTE2,406,123705,124111,123705,0,1,1
1901,MOVE,MTE1,31,124111,124142,125487,1376,0,0
1896,ALLOC,,0,121834,121834,124111,2277,0,0
1897,COPY_IN,MTE2,325,124111,124436,124111,0,1,1
1898,ALLOC,,0,123864,123864,125518,1654,0,0
1900,MOVE,MTE1,31,124436,124467,125518,1082,0,0
1902,MATMUL,CUBE,128,124467,124595,125549,1082,0,0
3733,FREE,,0,124595,124595,125708,1113,0,0
3734,FREE,,0,124595,124595,125677,1082,0,0
1906,ALLOC,,0,124595,124595,125677,1082,0,0
4469,SPILL_IN,MTE2,406,124436,124842,124436,0,1,1
1908,MOVE,MTE1,31,124842,124873,125677,835,0,0
1903,ALLOC,,0,122024,122024,124842,2818,0,0
1904,COPY_IN,MTE2,325,124842,125167,124842,0,1,1
1905,ALLOC,,0,124595,124595,125708,1113,0,0
1907,MOVE,MTE1,31,125167,125198,125708,541,0,0
1909,MATMUL,CUBE,128,125198,125326,125739,541,0,0
3736,FREE,,0,125326,125326,126145,819,0,0
3737,FREE,,0,125326,125326,125867,541,0,0
1913,ALLOC,,0,125326,125326,125867,541,0,0
4465,SPILL_IN,MTE2,406,125167,125573,125167,0,1,1
1915,MOVE,MTE1,31,125573,125604,125867,294,0,0
1910,ALLOC,,0,122214,122214,125573,3359,0,0
1911,COPY_IN,MTE2,325,125573,125898,125573,0,1,1
1912,ALLOC,,0,125326,125326,126145,819,0,0
1914,MOVE,MTE1,31,125898,125929,126145,247,0,0
1916,MATMUL,CUBE,128,125929,126057,126176,247,0,0
3739,FREE,,0,126057,126057,126907,850,0,0
3740,FREE,,0,126057,126057,126304,247,0,0
1920,ALLOC,,0,126057,126057,126304,247,0,0
4544,SPILL_OUT,MTE3,0,125604,125604,125898,294,0,0
4467,SPILL_IN,MTE2,406,125898,126304,125898,0,1,1
1922,MOVE,MTE1,31,126304,126335,126304,0,1,1
4546,SPILL_OUT,MTE3,0,126335,126335,126335,0,1,1
1917,ALLOC,,0,126335,126335,126335,0,1,1
1918,COPY_IN,MTE2,325,126335,126660,126335,0,1,1
1919,ALLOC,,0,126057,126057,126907,850,0,0
1921,MOVE,MTE1,31,126660,126691,126907,247,0,0
1923,MATMUL,CUBE,128,126691,126819,126938,247,0,0
3742,FREE,,0,126819,126819,127669,850,0,0
3743,FREE,,0,126819,126819,127066,247,0,0
1927,ALLOC,,0,126819,126819,127066,247,0,0
4548,SPILL_OUT,MTE3,0,126335,126335,126660,325,0,0
4471,SPILL_IN,MTE2,406,126660,127066,126660,0,1,1
1929,MOVE,MTE1,31,127066,127097,127066,0,1,1
4550,SPILL_OUT,MTE3,0,127097,127097,127097,0,1,1
1924,ALLOC,,0,127097,127097,127097,0,1,1
1925,COPY_IN,MTE2,325,127097,127422,127097,0,1,1
1926,ALLOC,,0,126819,126819,127669,850,0,0
1928,MOVE,MTE1,31,127422,127453,127669,247,0,0
1930,MATMUL,CUBE,128,127453,127581,127700,247,0,0
3745,FREE,,0,127581,127581,128431,850,0,0
3746,FREE,,0,127581,127581,127828,247,0,0
1934,ALLOC,,0,127581,127581,127828,247,0,0
4552,SPILL_OUT,MTE3,0,127097,127097,127422,325,0,0
4475,SPILL_IN,MTE2,406,127422,127828,127422,0,1,1
1936,MOVE,MTE1,31,127828,127859,127828,0,1,1
4554,SPILL_OUT,MTE3,0,127859,127859,127859,0,1,1
1931,ALLOC,,0,127859,127859,127859,0,1,1
1932,COPY_IN,MTE2,325,127859,128184,127859,0,1,1
1933,ALLOC,,0,127581,127581,128431,850,0,0
1935,MOVE,MTE1,31,128184,128215,128431,247,0,0
1937,MATMUL,CUBE,128,128215,128343,128462,247,0,0
3748,FREE,,0,128343,128343,128946,603,0,0
3749,FREE,,0,128343,128343,128590,247,0,0
1941,ALLOC,,0,128343,128343,128590,247,0,0
4556,SPILL_OUT,MTE3,0,127859,127859,128184,325,0,0
4479,SPILL_IN,MTE2,406,128184,128590,128184,0,1,1
1943,MOVE,MTE1,31,128590,128621,128590,0,1,1
4558,SPILL_OUT,MTE3,0,128621,128621,128621,0,1,1
1938,ALLOC,,0,128621,128621,128621,0,1,1
1939,COPY_IN,MTE2,325,128621,128946,128621,0,1,1
1940,ALLOC,,0,128343,128343,128946,603,0,0
1942,MOVE,MTE1,31,128946,128977,128946,0,1,1
1944,MATMUL,CUBE,128,128977,129105,128977,0,1,1
3751,FREE,,0,129105,129105,129306,201,0,0
3752,FREE,,0,129105,129105,129337,232,0,0
1945,COPY_OUT,FIXP,263,129105,129368,129105,0,1,1
3728,FREE,,0,129368,129368,129368,0,1,1
1947,ALLOC,,0,129105,129105,129306,201,0,0
1949,MOVE,MTE1,31,129105,129136,129306,201,0,0
1948,ALLOC,,0,129105,129105,129337,232,0,0
1950,MOVE,MTE1,31,129136,129167,129337,201,0,0
1946,ALLOC,,0,129368,129368,129368,0,1,1
1951,MATMUL,CUBE,128,129368,129496,129368,0,1,1
3754,FREE,,0,129496,129496,129496,0,1,1
3755,FREE,,0,129496,129496,129527,31,0,0
1952,ALLOC,,0,129496,129496,129496,0,1,1
1954,MOVE,MTE1,31,129496,129527,129496,0,1,1
1953,ALLOC,,0,129496,129496,129527,31,0,0
1955,MOVE,MTE1,31,129527,129558,129527,0,1,1
1956,MATMUL,CUBE,128,129558,129686,129558,0,1,1
3756,FREE,,0,129686,129686,129686,0,1,1
3757,FREE,,0,129686,129686,129717,31,0,0
1957,ALLOC,,0,129686,129686,129686,0,1,1
1959,MOVE,MTE1,31,129686,129717,129686,0,1,1
1958,ALLOC,,0,129686,129686,129717,31,0,0
1960,MOVE,MTE1,31,129717,129748,129717,0,1,1
1961,MATMUL,CUBE,128,129748,129876,129748,0,1,1
3758,FREE,,0,129876,129876,129876,0,1,1
3759,FREE,,0,129876,129876,129907,31,0,0
1962,ALLOC,,0,129876,129876,129876,0,1,1
1964,MOVE,MTE1,31,129876,129907,129876,0,1,1
1963,ALLOC,,0,129876,129876,129907,31,0,0
1965,MOVE,MTE1,31,129907,129938,129907,0,1,1
1966,MATMUL,CUBE,128,129938,130066,129938,0,1,1
3760,FREE,,0,130066,130066,130066,0,1,1
3761,FREE,,0,130066,130066,130097,31,0,0
1967,ALLOC,,0,130066,130066,130066,0,1,1
1969,MOVE,MTE1,31,130066,130097,130066,0,1,1
1968,ALLOC,,0,130066,130066,130097,31,0,0
1970,MOVE,MTE1,31,130097,130128,130097,0,1,1
1971,MATMUL,CUBE,128,130128,130256,130128,0,1,1
3762,FREE,,0,130256,130256,130256,0,1,1
3763,FREE,,0,130256,130256,130287,31,0,0
1972,ALLOC,,0,130256,130256,130256,0,1,1
1974,MOVE,MTE1,31,130256,130287,130256,0,1,1
1973,ALLOC,,0,130256,130256,130287,31,0,0
1975,MOVE,MTE1,31,130287,130318,130287,0,1,1
1976,MATMUL,CUBE,128,130318,130446,130318,0,1,1
3764,FREE,,0,130446,130446,130446,0,1,1
3765,FREE,,0,130446,130446,130477,31,0,0
1977,ALLOC,,0,130446,130446,130446,0,1,1
1979,MOVE,MTE1,31,130446,130477,130446,0,1,1
1978,ALLOC,,0,130446,130446,130477,31,0,0
1980,MOVE,MTE1,31,130477,130508,130477,0,1,1
1981,MATMUL,CUBE,128,130508,130636,130508,0,1,1
3766,FREE,,0,130636,130636,130636,0,1,1
3767,FREE,,0,130636,130636,130667,31,0,0
1982,ALLOC,,0,130636,130636,130636,0,1,1
1984,MOVE,MTE1,31,130636,130667,130636,0,1,1
1983,ALLOC,,0,130636,130636,130667,31,0,0
1985,MOVE,MTE1,31,130667,130698,130667,0,1,1
1986,MATMUL,CUBE,128,130698,130826,130698,0,1,1
3768,FREE,,0,130826,130826,131027,201,0,0
3769,FREE,,0,130826,130826,131058,232,0,0
1987,COPY_OUT,FIXP,263,130826,131089,130826,0,1,1
3753,FREE,,0,131089,131089,131089,0,1,1
1989,ALLOC,,0,130826,130826,131027,201,0,0
1991,MOVE,MTE1,31,130826,130857,131027,201,0,0
1990,ALLOC,,0,130826,130826,131058,232,0,0
1992,MOVE,MTE1,31,130857,130888,131058,201,0,0
1988,ALLOC,,0,131089,131089,131089,0,1,1
1993,MATMUL,CUBE,128,131089,131217,131089,0,1,1
3771,FREE,,0,131217,131217,131217,0,1,1
3772,FREE,,0,131217,131217,131248,31,0,0
1994,ALLOC,,0,131217,131217,131217,0,1,1
1996,MOVE,MTE1,31,131217,131248,131217,0,1,1
1995,ALLOC,,0,131217,131217,131248,31,0,0
1997,MOVE,MTE1,31,131248,131279,131248,0,1,1
1998,MATMUL,CUBE,128,131279,131407,131526,247,0,0
3773,FREE,,0,131407,131407,131654,247,0,0
3774,FREE,,0,131407,131407,131685,278,0,0
1999,ALLOC,,0,131407,131407,131654,247,0,0
2001,MOVE,MTE1,31,131407,131438,131654,247,0,0
2000,ALLOC,,0,131407,131407,131685,278,0,0
4560,SPILL_OUT,MTE3,0,131279,131279,131279,0,1,1
4481,SPILL_IN,MTE2,406,131279,131685,131279,0,1,1
2002,MOVE,MTE1,31,131685,131716,131685,0,1,1
2003,MATMUL,CUBE,128,131716,131844,131963,247,0,0
3775,FREE,,0,131844,131844,132091,247,0,0
3776,FREE,,0,131844,131844,132122,278,0,0
2004,ALLOC,,0,131844,131844,132091,247,0,0
2006,MOVE,MTE1,31,131844,131875,132091,247,0,0
2005,ALLOC,,0,131844,131844,132122,278,0,0
4562,SPILL_OUT,MTE3,0,131716,131716,131716,0,1,1
4483,SPILL_IN,MTE2,406,131716,132122,131716,0,1,1
2007,MOVE,MTE1,31,132122,132153,132122,0,1,1
2008,MATMUL,CUBE,128,132153,132281,132153,0,1,1
3777,FREE,,0,132281,132281,132281,0,1,1
3778,FREE,,0,132281,132281,132312,31,0,0
2009,ALLOC,,0,132281,132281,132281,0,1,1
2011,MOVE,MTE1,31,132281,132312,132281,0,1,1
2010,ALLOC,,0,132281,132281,132312,31,0,0
2012,MOVE,MTE1,31,132312,132343,132312,0,1,1
2013,MATMUL,CUBE,128,132343,132471,132590,247,0,0
3779,FREE,,0,132471,132471,132718,247,0,0
3780,FREE,,0,132471,132471,132749,278,0,0
2014,ALLOC,,0,132471,132471,132718,247,0,0
2016,MOVE,MTE1,31,132471,132502,132718,247,0,0
2015,ALLOC,,0,132471,132471,132749,278,0,0
4564,SPILL_OUT,MTE3,0,132343,132343,132343,0,1,1
4485,SPILL_IN,MTE2,406,132343,132749,132343,0,1,1
2017,MOVE,MTE1,31,132749,132780,132749,0,1,1
2018,MATMUL,CUBE,128,132780,132908,133027,247,0,0
3781,FREE,,0,132908,132908,133155,247,0,0
3782,FREE,,0,132908,132908,133186,278,0,0
2019,ALLOC,,0,132908,132908,133155,247,0,0
2021,MOVE,MTE1,31,132908,132939,133155,247,0,0
2020,ALLOC,,0,132908,132908,133186,278,0,0
4566,SPILL_OUT,MTE3,0,132780,132780,132780,0,1,1
4487,SPILL_IN,MTE2,406,132780,133186,132780,0,1,1
2022,MOVE,MTE1,31,133186,133217,133186,0,1,1
2023,MATMUL,CUBE,128,133217,133345,133464,247,0,0
3783,FREE,,0,133345,133345,133592,247,0,0
3784,FREE,,0,133345,133345,133623,278,0,0
2024,ALLOC,,0,133345,133345,133592,247,0,0
2026,MOVE,MTE1,31,133345,133376,133592,247,0,0
2025,ALLOC,,0,133345,133345,133623,278,0,0
4568,SPILL_OUT,MTE3,0,133217,133217,133217,0,1,1
4489,SPILL_IN,MTE2,406,133217,133623,133217,0,1,1
2027,MOVE,MTE1,31,133623,133654,133623,0,1,1
2028,MATMUL,CUBE,128,133654,133782,133901,247,0,0
3785,FREE,,0,133782,133782,134029,247,0,0
3786,FREE,,0,133782,133782,134060,278,0,0
2029,COPY_OUT,FIXP,263,133782,134045,134075,293,0,0
3770,FREE,,0,134045,134045,134338,293,0,0
2031,ALLOC,,0,133782,133782,134029,247,0,0
2033,MOVE,MTE1,31,133782,133813,134029,247,0,0
2032,ALLOC,,0,133782,133782,134060,278,0,0
4570,SPILL_OUT,MTE3,0,133654,133654,133654,0,1,1
4491,SPILL_IN,MTE2,406,133654,134060,133654,0,1,1
2034,MOVE,MTE1,31,134060,134091,134060,0,1,1
2030,ALLOC,,0,134045,134045,134338,293,0,0
2035,MATMUL,CUBE,128,134091,134219,134338,247,0,0
3788,FREE,,0,134219,134219,134466,247,0,0
3789,FREE,,0,134219,134219,134497,278,0,0
2036,ALLOC,,0,134219,134219,134466,247,0,0
2038,MOVE,MTE1,31,134219,134250,134466,247,0,0
2037,ALLOC,,0,134219,134219,134497,278,0,0
4572,SPILL_OUT,MTE3,0,134091,134091,134091,0,1,1
4493,SPILL_IN,MTE2,406,134091,134497,134091,0,1,1
2039,MOVE,MTE1,31,134497,134528,134497,0,1,1
2040,MATMUL,CUBE,128,134528,134656,134775,247,0,0
3790,FREE,,0,134656,134656,134903,247,0,0
3791,FREE,,0,134656,134656,134934,278,0,0
2041,ALLOC,,0,134656,134656,134903,247,0,0
2043,MOVE,MTE1,31,134656,134687,134903,247,0,0
2042,ALLOC,,0,134656,134656,134934,278,0,0
4574,SPILL_OUT,MTE3,0,134528,134528,134528,0,1,1
4495,SPILL_IN,MTE2,406,134528,134934,134528,0,1,1
2044,MOVE,MTE1,31,134934,134965,134934,0,1,1
2045,MATMUL,CUBE,128,134965,135093,135212,247,0,0
3792,FREE,,0,135093,135093,135340,247,0,0
3793,FREE,,0,135093,135093,135371,278,0,0
2046,ALLOC,,0,135093,135093,135340,247,0,0
2048,MOVE,MTE1,31,135093,135124,135340,247,0,0
2047,ALLOC,,0,135093,135093,135371,278,0,0
4576,SPILL_OUT,MTE3,0,134965,134965,134965,0,1,1
4497,SPILL_IN,MTE2,406,134965,135371,134965,0,1,1
2049,MOVE,MTE1,31,135371,135402,135371,0,1,1
2050,MATMUL,CUBE,128,135402,135530,135649,247,0,0
3794,FREE,,0,135530,135530,135777,247,0,0
3795,FREE,,0,135530,135530,135808,278,0,0
2051,ALLOC,,0,135530,135530,135777,247,0,0
2053,MOVE,MTE1,31,135530,135561,135777,247,0,0
2052,ALLOC,,0,135530,135530,135808,278,0,0
4578,SPILL_OUT,MTE3,0,135402,135402,135402,0,1,1
4499,SPILL_IN,MTE2,406,135402,135808,135402,0,1,1
2054,MOVE,MTE1,31,135808,135839,135808,0,1,1
2055,MATMUL,CUBE,128,135839,135967,136086,247,0,0
3796,FREE,,0,135967,135967,136214,247,0,0
3797,FREE,,0,135967,135967,136245,278,0,0
2056,ALLOC,,0,135967,135967,136214,247,0,0
2058,MOVE,MTE1,31,135967,135998,136214,247,0,0
2057,ALLOC,,0,135967,135967,136245,278,0,0
4580,SPILL_OUT,MTE3,0,135839,135839,135839,0,1,1
4501,SPILL_IN,MTE2,406,135839,136245,135839,0,1,1
2059,MOVE,MTE1,31,136245,136276,136245,0,1,1
2060,MATMUL,CUBE,128,136276,136404,136523,247,0,0
3798,FREE,,0,136404,136404,136651,247,0,0
3799,FREE,,0,136404,136404,136682,278,0,0
2061,ALLOC,,0,136404,136404,136651,247,0,0
2063,MOVE,MTE1,31,136404,136435,136651,247,0,0
2062,ALLOC,,0,136404,136404,136682,278,0,0
4582,SPILL_OUT,MTE3,0,136276,136276,136276,0,1,1
4503,SPILL_IN,MTE2,406,136276,136682,136276,0,1,1
2064,MOVE,MTE1,31,136682,136713,136682,0,1,1
2065,MATMUL,CUBE,128,136713,136841,136960,247,0,0
3800,FREE,,0,136841,136841,137088,247,0,0
3801,FREE,,0,136841,136841,137119,278,0,0
2066,ALLOC,,0,136841,136841,137088,247,0,0
2068,MOVE,MTE1,31,136841,136872,137088,247,0,0
2067,ALLOC,,0,136841,136841,137119,278,0,0
4584,SPILL_OUT,MTE3,0,136713,136713,136713,0,1,1
4505,SPILL_IN,MTE2,406,136713,137119,136713,0,1,1
2069,MOVE,MTE1,31,137119,137150,137119,0,1,1
2070,MATMUL,CUBE,128,137150,137278,137397,247,0,0
3802,FREE,,0,137278,137278,137525,247,0,0
3803,FREE,,0,137278,137278,137556,278,0,0
2071,COPY_OUT,FIXP,263,137278,137541,137571,293,0,0
3787,FREE,,0,137541,137541,137834,293,0,0
2073,ALLOC,,0,137278,137278,137525,247,0,0
2075,MOVE,MTE1,31,137278,137309,137525,247,0,0
2074,ALLOC,,0,137278,137278,137556,278,0,0
4586,SPILL_OUT,MTE3,0,137150,137150,137150,0,1,1
4507,SPILL_IN,MTE2,406,137150,137556,137150,0,1,1
2076,MOVE,MTE1,31,137556,137587,137556,0,1,1
2072,ALLOC,,0,137541,137541,137834,293,0,0
2077,MATMUL,CUBE,128,137587,137715,137834,247,0,0
3805,FREE,,0,137715,137715,137962,247,0,0
3806,FREE,,0,137715,137715,137993,278,0,0
2078,ALLOC,,0,137715,137715,137962,247,0,0
2080,MOVE,MTE1,31,137715,137746,137962,247,0,0
2079,ALLOC,,0,137715,137715,137993,278,0,0
4588,SPILL_OUT,MTE3,0,137587,137587,137587,0,1,1
4509,SPILL_IN,MTE2,406,137587,137993,137587,0,1,1
2081,MOVE,MTE1,31,137993,138024,137993,0,1,1
2082,MATMUL,CUBE,128,138024,138152,138271,247,0,0
3807,FREE,,0,138152,138152,138399,247,0,0
3808,FREE,,0,138152,138152,138430,278,0,0
2083,ALLOC,,0,138152,138152,138399,247,0,0
2085,MOVE,MTE1,31,138152,138183,138399,247,0,0
2084,ALLOC,,0,138152,138152,138430,278,0,0
4590,SPILL_OUT,MTE3,0,138024,138024,138024,0,1,1
4511,SPILL_IN,MTE2,406,138024,138430,138024,0,1,1
2086,MOVE,MTE1,31,138430,138461,138430,0,1,1
2087,MATMUL,CUBE,128,138461,138589,138708,247,0,0
3809,FREE,,0,138589,138589,138836,247,0,0
3810,FREE,,0,138589,138589,138867,278,0,0
2088,ALLOC,,0,138589,138589,138836,247,0,0
2090,MOVE,MTE1,31,138589,138620,138836,247,0,0
2089,ALLOC,,0,138589,138589,138867,278,0,0
4592,SPILL_OUT,MTE3,0,138461,138461,138461,0,1,1
4513,SPILL_IN,MTE2,406,138461,138867,138461,0,1,1
2091,MOVE,MTE1,31,138867,138898,138867,0,1,1
2092,MATMUL,CUBE,128,138898,139026,139145,247,0,0
3811,FREE,,0,139026,139026,139273,247,0,0
3812,FREE,,0,139026,139026,139304,278,0,0
2093,ALLOC,,0,139026,139026,139273,247,0,0
2095,MOVE,MTE1,31,139026,139057,139273,247,0,0
2094,ALLOC,,0,139026,139026,139304,278,0,0
4594,SPILL_OUT,MTE3,0,138898,138898,138898,0,1,1
4515,SPILL_IN,MTE2,406,138898,139304,138898,0,1,1
2096,MOVE,MTE1,31,139304,139335,139304,0,1,1
2097,MATMUL,CUBE,128,139335,139463,139582,247,0,0
3813,FREE,,0,139463,139463,139710,247,0,0
3814,FREE,,0,139463,139463,139741,278,0,0
2098,ALLOC,,0,139463,139463,139710,247,0,0
2100,MOVE,MTE1,31,139463,139494,139710,247,0,0
2099,ALLOC,,0,139463,139463,139741,278,0,0
4596,SPILL_OUT,MTE3,0,139335,139335,139335,0,1,1
4517,SPILL_IN,MTE2,406,139335,139741,139335,0,1,1
2101,MOVE,MTE1,31,139741,139772,139741,0,1,1
2102,MATMUL,CUBE,128,139772,139900,140019,247,0,0
3815,FREE,,0,139900,139900,140147,247,0,0
3816,FREE,,0,139900,139900,140178,278,0,0
2103,ALLOC,,0,139900,139900,140147,247,0,0
2105,MOVE,MTE1,31,139900,139931,140147,247,0,0
2104,ALLOC,,0,139900,139900,140178,278,0,0
4598,SPILL_OUT,MTE3,0,139772,139772,139772,0,1,1
4519,SPILL_IN,MTE2,406,139772,140178,139772,0,1,1
2106,MOVE,MTE1,31,140178,140209,140178,0,1,1
2107,MATMUL,CUBE,128,140209,140337,140456,247,0,0
3817,FREE,,0,140337,140337,140584,247,0,0
3818,FREE,,0,140337,140337,140615,278,0,0
2108,ALLOC,,0,140337,140337,140584,247,0,0
2110,MOVE,MTE1,31,140337,140368,140584,247,0,0
2109,ALLOC,,0,140337,140337,140615,278,0,0
4600,SPILL_OUT,MTE3,0,140209,140209,140209,0,1,1
4521,SPILL_IN,MTE2,406,140209,140615,140209,0,1,1
2111,MOVE,MTE1,31,140615,140646,140615,0,1,1
2112,MATMUL,CUBE,128,140646,140774,140893,247,0,0
3819,FREE,,0,140774,140774,141021,247,0,0
3820,FREE,,0,140774,140774,141052,278,0,0
2113,COPY_OUT,FIXP,263,140774,141037,141067,293,0,0
3804,FREE,,0,141037,141037,141330,293,0,0
2115,ALLOC,,0,140774,140774,141021,247,0,0
2117,MOVE,MTE1,31,140774,140805,141021,247,0,0
2116,ALLOC,,0,140774,140774,141052,278,0,0
4602,SPILL_OUT,MTE3,0,140646,140646,140646,0,1,1
4523,SPILL_IN,MTE2,406,140646,141052,140646,0,1,1
2118,MOVE,MTE1,31,141052,141083,141052,0,1,1
2114,ALLOC,,0,141037,141037,141330,293,0,0
2119,MATMUL,CUBE,128,141083,141211,141330,247,0,0
3822,FREE,,0,141211,141211,141458,247,0,0
3823,FREE,,0,141211,141211,141489,278,0,0
2120,ALLOC,,0,141211,141211,141458,247,0,0
2122,MOVE,MTE1,31,141211,141242,141458,247,0,0
2121,ALLOC,,0,141211,141211,141489,278,0,0
4604,SPILL_OUT,MTE3,0,141083,141083,141083,0,1,1
4525,SPILL_IN,MTE2,406,141083,141489,141083,0,1,1
2123,MOVE,MTE1,31,141489,141520,141489,0,1,1
2124,MATMUL,CUBE,128,141520,141648,141767,247,0,0
3824,FREE,,0,141648,141648,141895,247,0,0
3825,FREE,,0,141648,141648,141926,278,0,0
2125,ALLOC,,0,141648,141648,141895,247,0,0
2127,MOVE,MTE1,31,141648,141679,141895,247,0,0
2126,ALLOC,,0,141648,141648,141926,278,0,0
4606,SPILL_OUT,MTE3,0,141520,141520,141520,0,1,1
4527,SPILL_IN,MTE2,406,141520,141926,141520,0,1,1
2128,MOVE,MTE1,31,141926,141957,141926,0,1,1
2129,MATMUL,CUBE,128,141957,142085,142204,247,0,0
3826,FREE,,0,142085,142085,142332,247,0,0
3827,FREE,,0,142085,142085,142363,278,0,0
2130,ALLOC,,0,142085,142085,142332,247,0,0
2132,MOVE,MTE1,31,142085,142116,142332,247,0,0
2131,ALLOC,,0,142085,142085,142363,278,0,0
4608,SPILL_OUT,MTE3,0,141957,141957,141957,0,1,1
4529,SPILL_IN,MTE2,406,141957,142363,141957,0,1,1
2133,MOVE,MTE1,31,142363,142394,142363,0,1,1
2134,MATMUL,CUBE,128,142394,142522,142641,247,0,0
3828,FREE,,0,142522,142522,142769,247,0,0
3829,FREE,,0,142522,142522,142800,278,0,0
2135,ALLOC,,0,142522,142522,142769,247,0,0
2137,MOVE,MTE1,31,142522,142553,142769,247,0,0
2136,ALLOC,,0,142522,142522,142800,278,0,0
4610,SPILL_OUT,MTE3,0,142394,142394,142394,0,1,1
4531,SPILL_IN,MTE2,406,142394,142800,142394,0,1,1
2138,MOVE,MTE1,31,142800,142831,142800,0,1,1
2139,MATMUL,CUBE,128,142831,142959,143078,247,0,0
3830,FREE,,0,142959,142959,143206,247,0,0
3831,FREE,,0,142959,142959,143237,278,0,0
2140,ALLOC,,0,142959,142959,143206,247,0,0
2142,MOVE,MTE1,31,142959,142990,143206,247,0,0
2141,ALLOC,,0,142959,142959,143237,278,0,0
4612,SPILL_OUT,MTE3,0,142831,142831,142831,0,1,1
4533,SPILL_IN,MTE2,406,142831,143237,142831,0,1,1
2143,MOVE,MTE1,31,143237,143268,143237,0,1,1
2144,MATMUL,CUBE,128,143268,143396,143515,247,0,0
3832,FREE,,0,143396,143396,143643,247,0,0
3833,FREE,,0,143396,143396,143674,278,0,0
2145,ALLOC,,0,143396,143396,143643,247,0,0
2147,MOVE,MTE1,31,143396,143427,143643,247,0,0
2146,ALLOC,,0,143396,143396,143674,278,0,0
4614,SPILL_OUT,MTE3,0,143268,143268,143268,0,1,1
4535,SPILL_IN,MTE2,406,143268,143674,143268,0,1,1
2148,MOVE,MTE1,31,143674,143705,143674,0,1,1
2149,MATMUL,CUBE,128,143705,143833,143952,247,0,0
3834,FREE,,0,143833,143833,144080,247,0,0
3835,FREE,,0,143833,143833,144111,278,0,0
2150,ALLOC,,0,143833,143833,144080,247,0,0
2152,MOVE,MTE1,31,143833,143864,144080,247,0,0
2151,ALLOC,,0,143833,143833,144111,278,0,0
4616,SPILL_OUT,MTE3,0,143705,143705,143705,0,1,1
4537,SPILL_IN,MTE2,406,143705,144111,143705,0,1,1
2153,MOVE,MTE1,31,144111,144142,144111,0,1,1
2154,MATMUL,CUBE,128,144142,144270,144389,247,0,0
3836,FREE,,0,144270,144270,144517,247,0,0
3837,FREE,,0,144270,144270,144548,278,0,0
2155,COPY_OUT,FIXP,263,144270,144533,144563,293,0,0
3821,FREE,,0,144533,144533,144826,293,0,0
2157,ALLOC,,0,144270,144270,144517,247,0,0
2159,MOVE,MTE1,31,144270,144301,144517,247,0,0
2158,ALLOC,,0,144270,144270,144548,278,0,0
4618,SPILL_OUT,MTE3,0,144142,144142,144142,0,1,1
4539,SPILL_IN,MTE2,406,144142,144548,144142,0,1,1
2160,MOVE,MTE1,31,144548,144579,144548,0,1,1
2156,ALLOC,,0,144533,144533,144826,293,0,0
2161,MATMUL,CUBE,128,144579,144707,144826,247,0,0
3839,FREE,,0,144707,144707,144954,247,0,0
3840,FREE,,0,144707,144707,144985,278,0,0
2162,ALLOC,,0,144707,144707,144954,247,0,0
2164,MOVE,MTE1,31,144707,144738,144954,247,0,0
2163,ALLOC,,0,144707,144707,144985,278,0,0
4620,SPILL_OUT,MTE3,0,144579,144579,144579,0,1,1
4541,SPILL_IN,MTE2,406,144579,144985,144579,0,1,1
2165,MOVE,MTE1,31,144985,145016,144985,0,1,1
2166,MATMUL,CUBE,128,145016,145144,145263,247,0,0
3841,FREE,,0,145144,145144,145391,247,0,0
3842,FREE,,0,145144,145144,145422,278,0,0
2167,ALLOC,,0,145144,145144,145391,247,0,0
2169,MOVE,MTE1,31,145144,145175,145391,247,0,0
2168,ALLOC,,0,145144,145144,145422,278,0,0
4622,SPILL_OUT,MTE3,0,145016,145016,145016,0,1,1
4543,SPILL_IN,MTE2,406,145016,145422,145016,0,1,1
2170,MOVE,MTE1,31,145422,145453,145422,0,1,1
2171,MATMUL,CUBE,128,145453,145581,145453,0,1,1
3843,FREE,,0,145581,145581,145581,0,1,1
3844,FREE,,0,145581,145581,145612,31,0,0
2172,ALLOC,,0,145581,145581,145581,0,1,1
2174,MOVE,MTE1,31,145581,145612,145581,0,1,1
2173,ALLOC,,0,145581,145581,145612,31,0,0
2175,MOVE,MTE1,31,145612,145643,145612,0,1,1
2176,MATMUL,CUBE,128,145643,145771,145643,0,1,1
3845,FREE,,0,145771,145771,145771,0,1,1
3846,FREE,,0,145771,145771,145802,31,0,0
2177,ALLOC,,0,145771,145771,145771,0,1,1
2179,MOVE,MTE1,31,145771,145802,145771,0,1,1
2178,ALLOC,,0,145771,145771,145802,31,0,0
2180,MOVE,MTE1,31,145802,145833,145802,0,1,1
2181,MATMUL,CUBE,128,145833,145961,145833,0,1,1
3847,FREE,,0,145961,145961,145961,0,1,1
3848,FREE,,0,145961,145961,145992,31,0,0
2182,ALLOC,,0,145961,145961,145961,0,1,1
2184,MOVE,MTE1,31,145961,145992,145961,0,1,1
2183,ALLOC,,0,145961,145961,145992,31,0,0
2185,MOVE,MTE1,31,145992,146023,145992,0,1,1
2186,MATMUL,CUBE,128,146023,146151,146023,0,1,1
3849,FREE,,0,146151,146151,146151,0,1,1
3850,FREE,,0,146151,146151,146182,31,0,0
2187,ALLOC,,0,146151,146151,146151,0,1,1
2189,MOVE,MTE1,31,146151,146182,146151,0,1,1
2188,ALLOC,,0,146151,146151,146182,31,0,0
2190,MOVE,MTE1,31,146182,146213,146182,0,1,1
2191,MATMUL,CUBE,128,146213,146341,146213,0,1,1
3851,FREE,,0,146341,146341,146341,0,1,1
3852,FREE,,0,146341,146341,146372,31,0,0
2192,ALLOC,,0,146341,146341,146341,0,1,1
2194,MOVE,MTE1,31,146341,146372,146341,0,1,1
2193,ALLOC,,0,146341,146341,146372,31,0,0
2195,MOVE,MTE1,31,146372,146403,146372,0,1,1
2196,MATMUL,CUBE,128,146403,146531,146403,0,1,1
3853,FREE,,0,146531,146531,146732,201,0,0
3854,FREE,,0,146531,146531,146763,232,0,0
2197,COPY_OUT,FIXP,263,146531,146794,146531,0,1,1
3838,FREE,,0,146794,146794,146794,0,1,1
2199,ALLOC,,0,146531,146531,146732,201,0,0
2201,MOVE,MTE1,31,146531,146562,146732,201,0,0
3729,FREE,,0,146562,146562,148499,1937,0,0
2200,ALLOC,,0,146531,146531,146763,232,0,0
2202,MOVE,MTE1,31,146562,146593,146763,201,0,0
2198,ALLOC,,0,146794,146794,146794,0,1,1
2203,MATMUL,CUBE,128,146794,146922,146794,0,1,1
3856,FREE,,0,146922,146922,146922,0,1,1
3857,FREE,,0,146922,146922,146953,31,0,0
2204,ALLOC,,0,146922,146922,146922,0,1,1
2206,MOVE,MTE1,31,146922,146953,146922,0,1,1
3732,FREE,,0,146953,146953,149230,2277,0,0
2205,ALLOC,,0,146922,146922,146953,31,0,0
2207,MOVE,MTE1,31,146953,146984,146953,0,1,1
2208,MATMUL,CUBE,128,146984,147112,146984,0,1,1
3858,FREE,,0,147112,147112,147112,0,1,1
3859,FREE,,0,147112,147112,147143,31,0,0
2209,ALLOC,,0,147112,147112,147112,0,1,1
2211,MOVE,MTE1,31,147112,147143,147112,0,1,1
3735,FREE,,0,147143,147143,149961,2818,0,0
2210,ALLOC,,0,147112,147112,147143,31,0,0
2212,MOVE,MTE1,31,147143,147174,147143,0,1,1
2213,MATMUL,CUBE,128,147174,147302,147174,0,1,1
3860,FREE,,0,147302,147302,147302,0,1,1
3861,FREE,,0,147302,147302,147333,31,0,0
2214,ALLOC,,0,147302,147302,147302,0,1,1
2216,MOVE,MTE1,31,147302,147333,147302,0,1,1
3738,FREE,,0,147333,147333,150692,3359,0,0
2215,ALLOC,,0,147302,147302,147333,31,0,0
2217,MOVE,MTE1,31,147333,147364,147333,0,1,1
2218,MATMUL,CUBE,128,147364,147492,147364,0,1,1
3862,FREE,,0,147492,147492,147492,0,1,1
3863,FREE,,0,147492,147492,147523,31,0,0
2219,ALLOC,,0,147492,147492,147492,0,1,1
2221,MOVE,MTE1,31,147492,147523,147492,0,1,1
3741,FREE,,0,147523,147523,150286,2763,0,0
2220,ALLOC,,0,147492,147492,147523,31,0,0
2222,MOVE,MTE1,31,147523,147554,147523,0,1,1
2223,MATMUL,CUBE,128,147554,147682,147554,0,1,1
3864,FREE,,0,147682,147682,147682,0,1,1
3865,FREE,,0,147682,147682,147713,31,0,0
2224,ALLOC,,0,147682,147682,147682,0,1,1
2226,MOVE,MTE1,31,147682,147713,147682,0,1,1
3744,FREE,,0,147713,147713,149555,1842,0,0
2225,ALLOC,,0,147682,147682,147713,31,0,0
2227,MOVE,MTE1,31,147713,147744,147713,0,1,1
2228,MATMUL,CUBE,128,147744,147872,147744,0,1,1
3866,FREE,,0,147872,147872,147872,0,1,1
3867,FREE,,0,147872,147872,147903,31,0,0
2229,ALLOC,,0,147872,147872,147872,0,1,1
2231,MOVE,MTE1,31,147872,147903,147872,0,1,1
3747,FREE,,0,147903,147903,148824,921,0,0
2230,ALLOC,,0,147872,147872,147903,31,0,0
2232,MOVE,MTE1,31,147903,147934,147903,0,1,1
2233,MATMUL,CUBE,128,147934,148062,147934,0,1,1
3868,FREE,,0,148062,148062,148062,0,1,1
3869,FREE,,0,148062,148062,150056,1994,0,0
2234,ALLOC,,0,148062,148062,148062,0,1,1
2236,MOVE,MTE1,31,148062,148093,148062,0,1,1
3750,FREE,,0,148093,148093,148093,0,1,1
2235,ALLOC,,0,148062,148062,150056,1994,0,0
2237,MOVE,MTE1,31,148093,148124,150056,1963,0,0
2238,MATMUL,CUBE,128,148124,148252,150087,1963,0,0
3870,FREE,,0,148252,148252,150447,2195,0,0
3871,FREE,,0,148252,148252,150416,2164,0,0
2239,COPY_OUT,FIXP,263,148252,148515,150215,1963,0,0
3855,FREE,,0,148515,148515,150478,1963,0,0
2244,ALLOC,,0,148252,148252,150416,2164,0,0
4557,SPILL_IN,MTE2,406,148093,148499,148093,0,1,1
2246,MOVE,MTE1,31,148499,148530,150416,1917,0,0
2241,ALLOC,,0,146562,146562,148499,1937,0,0
2242,COPY_IN,MTE2,325,148499,148824,148499,0,1,1
2243,ALLOC,,0,148252,148252,150447,2195,0,0
2245,MOVE,MTE1,31,148824,148855,150447,1623,0,0
2240,ALLOC,,0,148515,148515,150478,1963,0,0
2247,MATMUL,CUBE,128,148855,148983,150478,1623,0,0
3874,FREE,,0,148983,148983,150637,1654,0,0
3875,FREE,,0,148983,148983,150606,1623,0,0
2251,ALLOC,,0,148983,148983,150606,1623,0,0
4553,SPILL_IN,MTE2,406,148824,149230,148824,0,1,1
2253,MOVE,MTE1,31,149230,149261,150606,1376,0,0
2248,ALLOC,,0,146953,146953,149230,2277,0,0
2249,COPY_IN,MTE2,325,149230,149555,149230,0,1,1
2250,ALLOC,,0,148983,148983,150637,1654,0,0
2252,MOVE,MTE1,31,149555,149586,150637,1082,0,0
2254,MATMUL,CUBE,128,149586,149714,150668,1082,0,0
3877,FREE,,0,149714,149714,150827,1113,0,0
3878,FREE,,0,149714,149714,150796,1082,0,0
2258,ALLOC,,0,149714,149714,150796,1082,0,0
4549,SPILL_IN,MTE2,406,149555,149961,149555,0,1,1
2260,MOVE,MTE1,31,149961,149992,150796,835,0,0
2255,ALLOC,,0,147143,147143,149961,2818,0,0
2256,COPY_IN,MTE2,325,149961,150286,149961,0,1,1
2257,ALLOC,,0,149714,149714,150827,1113,0,0
2259,MOVE,MTE1,31,150286,150317,150827,541,0,0
2261,MATMUL,CUBE,128,150317,150445,150858,541,0,0
3880,FREE,,0,150445,150445,151264,819,0,0
3881,FREE,,0,150445,150445,150986,541,0,0
2265,ALLOC,,0,150445,150445,150986,541,0,0
4545,SPILL_IN,MTE2,406,150286,150692,150286,0,1,1
2267,MOVE,MTE1,31,150692,150723,150986,294,0,0
2262,ALLOC,,0,147333,147333,150692,3359,0,0
2263,COPY_IN,MTE2,325,150692,151017,150692,0,1,1
2264,ALLOC,,0,150445,150445,151264,819,0,0
2266,MOVE,MTE1,31,151017,151048,151264,247,0,0
2268,MATMUL,CUBE,128,151048,151176,151295,247,0,0
3883,FREE,,0,151176,151176,152026,850,0,0
3884,FREE,,0,151176,151176,151423,247,0,0
2272,ALLOC,,0,151176,151176,151423,247,0,0
4624,SPILL_OUT,MTE3,0,150723,150723,151017,294,0,0
4547,SPILL_IN,MTE2,406,151017,151423,151017,0,1,1
2274,MOVE,MTE1,31,151423,151454,151423,0,1,1
4626,SPILL_OUT,MTE3,0,151454,151454,151454,0,1,1
2269,ALLOC,,0,151454,151454,151454,0,1,1
2270,COPY_IN,MTE2,325,151454,151779,151454,0,1,1
2271,ALLOC,,0,151176,151176,152026,850,0,0
2273,MOVE,MTE1,31,151779,151810,152026,247,0,0
2275,MATMUL,CUBE,128,151810,151938,152057,247,0,0
3886,FREE,,0,151938,151938,152788,850,0,0
3887,FREE,,0,151938,151938,152185,247,0,0
2279,ALLOC,,0,151938,151938,152185,247,0,0
4628,SPILL_OUT,MTE3,0,151454,151454,151779,325,0,0
4551,SPILL_IN,MTE2,406,151779,152185,151779,0,1,1
2281,MOVE,MTE1,31,152185,152216,152185,0,1,1
4630,SPILL_OUT,MTE3,0,152216,152216,152216,0,1,1
2276,ALLOC,,0,152216,152216,152216,0,1,1
2277,COPY_IN,MTE2,325,152216,152541,152216,0,1,1
2278,ALLOC,,0,151938,151938,152788,850,0,0
2280,MOVE,MTE1,31,152541,152572,152788,247,0,0
2282,MATMUL,CUBE,128,152572,152700,152819,247,0,0
3889,FREE,,0,152700,152700,153550,850,0,0
3890,FREE,,0,152700,152700,152947,247,0,0
2286,ALLOC,,0,152700,152700,152947,247,0,0
4632,SPILL_OUT,MTE3,0,152216,152216,152541,325,0,0
4555,SPILL_IN,MTE2,406,152541,152947,152541,0,1,1
2288,MOVE,MTE1,31,152947,152978,152947,0,1,1
4634,SPILL_OUT,MTE3,0,152978,152978,152978,0,1,1
2283,ALLOC,,0,152978,152978,152978,0,1,1
2284,COPY_IN,MTE2,325,152978,153303,152978,0,1,1
2285,ALLOC,,0,152700,152700,153550,850,0,0
2287,MOVE,MTE1,31,153303,153334,153550,247,0,0
2289,MATMUL,CUBE,128,153334,153462,153581,247,0,0
3892,FREE,,0,153462,153462,154065,603,0,0
3893,FREE,,0,153462,153462,153709,247,0,0
2293,ALLOC,,0,153462,153462,153709,247,0,0
4636,SPILL_OUT,MTE3,0,152978,152978,153303,325,0,0
4559,SPILL_IN,MTE2,406,153303,153709,153303,0,1,1
2295,MOVE,MTE1,31,153709,153740,153709,0,1,1
4638,SPILL_OUT,MTE3,0,153740,153740,153740,0,1,1
2290,ALLOC,,0,153740,153740,153740,0,1,1
2291,COPY_IN,MTE2,325,153740,154065,153740,0,1,1
2292,ALLOC,,0,153462,153462,154065,603,0,0
2294,MOVE,MTE1,31,154065,154096,154065,0,1,1
2296,MATMUL,CUBE,128,154096,154224,154096,0,1,1
3895,FREE,,0,154224,154224,154425,201,0,0
3896,FREE,,0,154224,154224,154456,232,0,0
2297,COPY_OUT,FIXP,263,154224,154487,154224,0,1,1
3872,FREE,,0,154487,154487,154487,0,1,1
2299,ALLOC,,0,154224,154224,154425,201,0,0
2301,MOVE,MTE1,31,154224,154255,154425,201,0,0
2300,ALLOC,,0,154224,154224,154456,232,0,0
2302,MOVE,MTE1,31,154255,154286,154456,201,0,0
2298,ALLOC,,0,154487,154487,154487,0,1,1
2303,MATMUL,CUBE,128,154487,154615,154487,0,1,1
3898,FREE,,0,154615,154615,154615,0,1,1
3899,FREE,,0,154615,154615,154646,31,0,0
2304,ALLOC,,0,154615,154615,154615,0,1,1
2306,MOVE,MTE1,31,154615,154646,154615,0,1,1
2305,ALLOC,,0,154615,154615,154646,31,0,0
2307,MOVE,MTE1,31,154646,154677,154646,0,1,1
2308,MATMUL,CUBE,128,154677,154805,154677,0,1,1
3900,FREE,,0,154805,154805,154805,0,1,1
3901,FREE,,0,154805,154805,154836,31,0,0
2309,ALLOC,,0,154805,154805,154805,0,1,1
2311,MOVE,MTE1,31,154805,154836,154805,0,1,1
2310,ALLOC,,0,154805,154805,154836,31,0,0
2312,MOVE,MTE1,31,154836,154867,154836,0,1,1
2313,MATMUL,CUBE,128,154867,154995,154867,0,1,1
3902,FREE,,0,154995,154995,154995,0,1,1
3903,FREE,,0,154995,154995,155026,31,0,0
2314,ALLOC,,0,154995,154995,154995,0,1,1
2316,MOVE,MTE1,31,154995,155026,154995,0,1,1
2315,ALLOC,,0,154995,154995,155026,31,0,0
2317,MOVE,MTE1,31,155026,155057,155026,0,1,1
2318,MATMUL,CUBE,128,155057,155185,155057,0,1,1
3904,FREE,,0,155185,155185,155185,0,1,1
3905,FREE,,0,155185,155185,155216,31,0,0
2319,ALLOC,,0,155185,155185,155185,0,1,1
2321,MOVE,MTE1,31,155185,155216,155185,0,1,1
2320,ALLOC,,0,155185,155185,155216,31,0,0
2322,MOVE,MTE1,31,155216,155247,155216,0,1,1
2323,MATMUL,CUBE,128,155247,155375,155247,0,1,1
3906,FREE,,0,155375,155375,155375,0,1,1
3907,FREE,,0,155375,155375,155406,31,0,0
2324,ALLOC,,0,155375,155375,155375,0,1,1
2326,MOVE,MTE1,31,155375,155406,155375,0,1,1
2325,ALLOC,,0,155375,155375,155406,31,0,0
2327,MOVE,MTE1,31,155406,155437,155406,0,1,1
2328,MATMUL,CUBE,128,155437,155565,155437,0,1,1
3908,FREE,,0,155565,155565,155565,0,1,1
3909,FREE,,0,155565,155565,155596,31,0,0
2329,ALLOC,,0,155565,155565,155565,0,1,1
2331,MOVE,MTE1,31,155565,155596,155565,0,1,1
2330,ALLOC,,0,155565,155565,155596,31,0,0
2332,MOVE,MTE1,31,155596,155627,155596,0,1,1
2333,MATMUL,CUBE,128,155627,155755,155627,0,1,1
3910,FREE,,0,155755,155755,155755,0,1,1
3911,FREE,,0,155755,155755,155786,31,0,0
2334,ALLOC,,0,155755,155755,155755,0,1,1
2336,MOVE,MTE1,31,155755,155786,155755,0,1,1
2335,ALLOC,,0,155755,155755,155786,31,0,0
2337,MOVE,MTE1,31,155786,155817,155786,0,1,1
2338,MATMUL,CUBE,128,155817,155945,155817,0,1,1
3912,FREE,,0,155945,155945,155945,0,1,1
3913,FREE,,0,155945,155945,155976,31,0,0
2339,COPY_OUT,FIXP,263,155945,156208,155991,46,0,0
3897,FREE,,0,156208,156208,156254,46,0,0
2341,ALLOC,,0,155945,155945,155945,0,1,1
2343,MOVE,MTE1,31,155945,155976,155945,0,1,1
2342,ALLOC,,0,155945,155945,155976,31,0,0
2344,MOVE,MTE1,31,155976,156007,155976,0,1,1
2340,ALLOC,,0,156208,156208,156254,46,0,0
2345,MATMUL,CUBE,128,156208,156336,156254,46,0,0
3915,FREE,,0,156336,156336,156382,46,0,0
3916,FREE,,0,156336,156336,156413,77,0,0
2346,ALLOC,,0,156336,156336,156382,46,0,0
2348,MOVE,MTE1,31,156336,156367,156382,46,0,0
2347,ALLOC,,0,156336,156336,156413,77,0,0
4640,SPILL_OUT,MTE3,0,156007,156007,156007,0,1,1
4561,SPILL_IN,MTE2,406,156007,156413,156007,0,1,1
2349,MOVE,MTE1,31,156413,156444,156413,0,1,1
2350,MATMUL,CUBE,128,156444,156572,156691,247,0,0
3917,FREE,,0,156572,156572,156819,247,0,0
3918,FREE,,0,156572,156572,156850,278,0,0
2351,ALLOC,,0,156572,156572,156819,247,0,0
2353,MOVE,MTE1,31,156572,156603,156819,247,0,0
2352,ALLOC,,0,156572,156572,156850,278,0,0
4642,SPILL_OUT,MTE3,0,156444,156444,156444,0,1,1
4563,SPILL_IN,MTE2,406,156444,156850,156444,0,1,1
2354,MOVE,MTE1,31,156850,156881,156850,0,1,1
2355,MATMUL,CUBE,128,156881,157009,156881,0,1,1
3919,FREE,,0,157009,157009,157009,0,1,1
3920,FREE,,0,157009,157009,157040,31,0,0
2356,ALLOC,,0,157009,157009,157009,0,1,1
2358,MOVE,MTE1,31,157009,157040,157009,0,1,1
2357,ALLOC,,0,157009,157009,157040,31,0,0
2359,MOVE,MTE1,31,157040,157071,157040,0,1,1
2360,MATMUL,CUBE,128,157071,157199,157318,247,0,0
3921,FREE,,0,157199,157199,157446,247,0,0
3922,FREE,,0,157199,157199,157477,278,0,0
2361,ALLOC,,0,157199,157199,157446,247,0,0
2363,MOVE,MTE1,31,157199,157230,157446,247,0,0
2362,ALLOC,,0,157199,157199,157477,278,0,0
4644,SPILL_OUT,MTE3,0,157071,157071,157071,0,1,1
4565,SPILL_IN,MTE2,406,157071,157477,157071,0,1,1
2364,MOVE,MTE1,31,157477,157508,157477,0,1,1
2365,MATMUL,CUBE,128,157508,157636,157755,247,0,0
3923,FREE,,0,157636,157636,157883,247,0,0
3924,FREE,,0,157636,157636,157914,278,0,0
2366,ALLOC,,0,157636,157636,157883,247,0,0
2368,MOVE,MTE1,31,157636,157667,157883,247,0,0
2367,ALLOC,,0,157636,157636,157914,278,0,0
4646,SPILL_OUT,MTE3,0,157508,157508,157508,0,1,1
4567,SPILL_IN,MTE2,406,157508,157914,157508,0,1,1
2369,MOVE,MTE1,31,157914,157945,157914,0,1,1
2370,MATMUL,CUBE,128,157945,158073,158192,247,0,0
3925,FREE,,0,158073,158073,158320,247,0,0
3926,FREE,,0,158073,158073,158351,278,0,0
2371,ALLOC,,0,158073,158073,158320,247,0,0
2373,MOVE,MTE1,31,158073,158104,158320,247,0,0
2372,ALLOC,,0,158073,158073,158351,278,0,0
4648,SPILL_OUT,MTE3,0,157945,157945,157945,0,1,1
4569,SPILL_IN,MTE2,406,157945,158351,157945,0,1,1
2374,MOVE,MTE1,31,158351,158382,158351,0,1,1
2375,MATMUL,CUBE,128,158382,158510,158629,247,0,0
3927,FREE,,0,158510,158510,158757,247,0,0
3928,FREE,,0,158510,158510,158788,278,0,0
2376,ALLOC,,0,158510,158510,158757,247,0,0
2378,MOVE,MTE1,31,158510,158541,158757,247,0,0
2377,ALLOC,,0,158510,158510,158788,278,0,0
4650,SPILL_OUT,MTE3,0,158382,158382,158382,0,1,1
4571,SPILL_IN,MTE2,406,158382,158788,158382,0,1,1
2379,MOVE,MTE1,31,158788,158819,158788,0,1,1
2380,MATMUL,CUBE,128,158819,158947,159066,247,0,0
3929,FREE,,0,158947,158947,159194,247,0,0
3930,FREE,,0,158947,158947,159225,278,0,0
2381,COPY_OUT,FIXP,263,158947,159210,159240,293,0,0
3914,FREE,,0,159210,159210,159503,293,0,0
2383,ALLOC,,0,158947,158947,159194,247,0,0
2385,MOVE,MTE1,31,158947,158978,159194,247,0,0
2384,ALLOC,,0,158947,158947,159225,278,0,0
4652,SPILL_OUT,MTE3,0,158819,158819,158819,0,1,1
4573,SPILL_IN,MTE2,406,158819,159225,158819,0,1,1
2386,MOVE,MTE1,31,159225,159256,159225,0,1,1
2382,ALLOC,,0,159210,159210,159503,293,0,0
2387,MATMUL,CUBE,128,159256,159384,159503,247,0,0
3932,FREE,,0,159384,159384,159631,247,0,0
3933,FREE,,0,159384,159384,159662,278,0,0
2388,ALLOC,,0,159384,159384,159631,247,0,0
2390,MOVE,MTE1,31,159384,159415,159631,247,0,0
2389,ALLOC,,0,159384,159384,159662,278,0,0
4654,SPILL_OUT,MTE3,0,159256,159256,159256,0,1,1
4575,SPILL_IN,MTE2,406,159256,159662,159256,0,1,1
2391,MOVE,MTE1,31,159662,159693,159662,0,1,1
2392,MATMUL,CUBE,128,159693,159821,159940,247,0,0
3934,FREE,,0,159821,159821,160068,247,0,0
3935,FREE,,0,159821,159821,160099,278,0,0
2393,ALLOC,,0,159821,159821,160068,247,0,0
2395,MOVE,MTE1,31,159821,159852,160068,247,0,0
2394,ALLOC,,0,159821,159821,160099,278,0,0
4656,SPILL_OUT,MTE3,0,159693,159693,159693,0,1,1
4577,SPILL_IN,MTE2,406,159693,160099,159693,0,1,1
2396,MOVE,MTE1,31,160099,160130,160099,0,1,1
2397,MATMUL,CUBE,128,160130,160258,160377,247,0,0
3936,FREE,,0,160258,160258,160505,247,0,0
3937,FREE,,0,160258,160258,160536,278,0,0
2398,ALLOC,,0,160258,160258,160505,247,0,0
2400,MOVE,MTE1,31,160258,160289,160505,247,0,0
2399,ALLOC,,0,160258,160258,160536,278,0,0
4658,SPILL_OUT,MTE3,0,160130,160130,160130,0,1,1
4579,SPILL_IN,MTE2,406,160130,160536,160130,0,1,1
2401,MOVE,MTE1,31,160536,160567,160536,0,1,1
2402,MATMUL,CUBE,128,160567,160695,160814,247,0,0
3938,FREE,,0,160695,160695,160942,247,0,0
3939,FREE,,0,160695,160695,160973,278,0,0
2403,ALLOC,,0,160695,160695,160942,247,0,0
2405,MOVE,MTE1,31,160695,160726,160942,247,0,0
2404,ALLOC,,0,160695,160695,160973,278,0,0
4660,SPILL_OUT,MTE3,0,160567,160567,160567,0,1,1
4581,SPILL_IN,MTE2,406,160567,160973,160567,0,1,1
2406,MOVE,MTE1,31,160973,161004,160973,0,1,1
2407,MATMUL,CUBE,128,161004,161132,161251,247,0,0
3940,FREE,,0,161132,161132,161379,247,0,0
3941,FREE,,0,161132,161132,161410,278,0,0
2408,ALLOC,,0,161132,161132,161379,247,0,0
2410,MOVE,MTE1,31,161132,161163,161379,247,0,0
2409,ALLOC,,0,161132,161132,161410,278,0,0
4662,SPILL_OUT,MTE3,0,161004,161004,161004,0,1,1
4583,SPILL_IN,MTE2,406,161004,161410,161004,0,1,1
2411,MOVE,MTE1,31,161410,161441,161410,0,1,1
2412,MATMUL,CUBE,128,161441,161569,161688,247,0,0
3942,FREE,,0,161569,161569,161816,247,0,0
3943,FREE,,0,161569,161569,161847,278,0,0
2413,ALLOC,,0,161569,161569,161816,247,0,0
2415,MOVE,MTE1,31,161569,161600,161816,247,0,0
2414,ALLOC,,0,161569,161569,161847,278,0,0
4664,SPILL_OUT,MTE3,0,161441,161441,161441,0,1,1
4585,SPILL_IN,MTE2,406,161441,161847,161441,0,1,1
2416,MOVE,MTE1,31,161847,161878,161847,0,1,1
2417,MATMUL,CUBE,128,161878,162006,162125,247,0,0
3944,FREE,,0,162006,162006,162253,247,0,0
3945,FREE,,0,162006,162006,162284,278,0,0
2418,ALLOC,,0,162006,162006,162253,247,0,0
2420,MOVE,MTE1,31,162006,162037,162253,247,0,0
2419,ALLOC,,0,162006,162006,162284,278,0,0
4666,SPILL_OUT,MTE3,0,161878,161878,161878,0,1,1
4587,SPILL_IN,MTE2,406,161878,162284,161878,0,1,1
2421,MOVE,MTE1,31,162284,162315,162284,0,1,1
2422,MATMUL,CUBE,128,162315,162443,162562,247,0,0
3946,FREE,,0,162443,162443,162690,247,0,0
3947,FREE,,0,162443,162443,162721,278,0,0
2423,COPY_OUT,FIXP,263,162443,162706,162736,293,0,0
3931,FREE,,0,162706,162706,162999,293,0,0
2425,ALLOC,,0,162443,162443,162690,247,0,0
2427,MOVE,MTE1,31,162443,162474,162690,247,0,0
2426,ALLOC,,0,162443,162443,162721,278,0,0
4668,SPILL_OUT,MTE3,0,162315,162315,162315,0,1,1
4589,SPILL_IN,MTE2,406,162315,162721,162315,0,1,1
2428,MOVE,MTE1,31,162721,162752,162721,0,1,1
2424,ALLOC,,0,162706,162706,162999,293,0,0
2429,MATMUL,CUBE,128,162752,162880,162999,247,0,0
3949,FREE,,0,162880,162880,163127,247,0,0
3950,FREE,,0,162880,162880,163158,278,0,0
2430,ALLOC,,0,162880,162880,163127,247,0,0
2432,MOVE,MTE1,31,162880,162911,163127,247,0,0
2431,ALLOC,,0,162880,162880,163158,278,0,0
4670,SPILL_OUT,MTE3,0,162752,162752,162752,0,1,1
4591,SPILL_IN,MTE2,406,162752,163158,162752,0,1,1
2433,MOVE,MTE1,31,163158,163189,163158,0,1,1
2434,MATMUL,CUBE,128,163189,163317,163436,247,0,0
3951,FREE,,0,163317,163317,163564,247,0,0
3952,FREE,,0,163317,163317,163595,278,0,0
2435,ALLOC,,0,163317,163317,163564,247,0,0
2437,MOVE,MTE1,31,163317,163348,163564,247,0,0
2436,ALLOC,,0,163317,163317,163595,278,0,0
4672,SPILL_OUT,MTE3,0,163189,163189,163189,0,1,1
4593,SPILL_IN,MTE2,406,163189,163595,163189,0,1,1
2438,MOVE,MTE1,31,163595,163626,163595,0,1,1
2439,MATMUL,CUBE,128,163626,163754,163873,247,0,0
3953,FREE,,0,163754,163754,164001,247,0,0
3954,FREE,,0,163754,163754,164032,278,0,0
2440,ALLOC,,0,163754,163754,164001,247,0,0
2442,MOVE,MTE1,31,163754,163785,164001,247,0,0
2441,ALLOC,,0,163754,163754,164032,278,0,0
4674,SPILL_OUT,MTE3,0,163626,163626,163626,0,1,1
4595,SPILL_IN,MTE2,406,163626,164032,163626,0,1,1
2443,MOVE,MTE1,31,164032,164063,164032,0,1,1
2444,MATMUL,CUBE,128,164063,164191,164310,247,0,0
3955,FREE,,0,164191,164191,164438,247,0,0
3956,FREE,,0,164191,164191,164469,278,0,0
2445,ALLOC,,0,164191,164191,164438,247,0,0
2447,MOVE,MTE1,31,164191,164222,164438,247,0,0
2446,ALLOC,,0,164191,164191,164469,278,0,0
4676,SPILL_OUT,MTE3,0,164063,164063,164063,0,1,1
4597,SPILL_IN,MTE2,406,164063,164469,164063,0,1,1
2448,MOVE,MTE1,31,164469,164500,164469,0,1,1
2449,MATMUL,CUBE,128,164500,164628,164747,247,0,0
3957,FREE,,0,164628,164628,164875,247,0,0
3958,FREE,,0,164628,164628,164906,278,0,0
2450,ALLOC,,0,164628,164628,164875,247,0,0
2452,MOVE,MTE1,31,164628,164659,164875,247,0,0
2451,ALLOC,,0,164628,164628,164906,278,0,0
4678,SPILL_OUT,MTE3,0,164500,164500,164500,0,1,1
4599,SPILL_IN,MTE2,406,164500,164906,164500,0,1,1
2453,MOVE,MTE1,31,164906,164937,164906,0,1,1
2454,MATMUL,CUBE,128,164937,165065,165184,247,0,0
3959,FREE,,0,165065,165065,165312,247,0,0
3960,FREE,,0,165065,165065,165343,278,0,0
2455,ALLOC,,0,165065,165065,165312,247,0,0
2457,MOVE,MTE1,31,165065,165096,165312,247,0,0
2456,ALLOC,,0,165065,165065,165343,278,0,0
4680,SPILL_OUT,MTE3,0,164937,164937,164937,0,1,1
4601,SPILL_IN,MTE2,406,164937,165343,164937,0,1,1
2458,MOVE,MTE1,31,165343,165374,165343,0,1,1
2459,MATMUL,CUBE,128,165374,165502,165621,247,0,0
3961,FREE,,0,165502,165502,165749,247,0,0
3962,FREE,,0,165502,165502,165780,278,0,0
2460,ALLOC,,0,165502,165502,165749,247,0,0
2462,MOVE,MTE1,31,165502,165533,165749,247,0,0
2461,ALLOC,,0,165502,165502,165780,278,0,0
4682,SPILL_OUT,MTE3,0,165374,165374,165374,0,1,1
4603,SPILL_IN,MTE2,406,165374,165780,165374,0,1,1
2463,MOVE,MTE1,31,165780,165811,165780,0,1,1
2464,MATMUL,CUBE,128,165811,165939,166058,247,0,0
3963,FREE,,0,165939,165939,166186,247,0,0
3964,FREE,,0,165939,165939,166217,278,0,0
2465,COPY_OUT,FIXP,263,165939,166202,166232,293,0,0
3948,FREE,,0,166202,166202,166495,293,0,0
2467,ALLOC,,0,165939,165939,166186,247,0,0
2469,MOVE,MTE1,31,165939,165970,166186,247,0,0
2468,ALLOC,,0,165939,165939,166217,278,0,0
4684,SPILL_OUT,MTE3,0,165811,165811,165811,0,1,1
4605,SPILL_IN,MTE2,406,165811,166217,165811,0,1,1
2470,MOVE,MTE1,31,166217,166248,166217,0,1,1
2466,ALLOC,,0,166202,166202,166495,293,0,0
2471,MATMUL,CUBE,128,166248,166376,166495,247,0,0
3966,FREE,,0,166376,166376,166623,247,0,0
3967,FREE,,0,166376,166376,166654,278,0,0
2472,ALLOC,,0,166376,166376,166623,247,0,0
2474,MOVE,MTE1,31,166376,166407,166623,247,0,0
2473,ALLOC,,0,166376,166376,166654,278,0,0
4686,SPILL_OUT,MTE3,0,166248,166248,166248,0,1,1
4607,SPILL_IN,MTE2,406,166248,166654,166248,0,1,1
2475,MOVE,MTE1,31,166654,166685,166654,0,1,1
2476,MATMUL,CUBE,128,166685,166813,166932,247,0,0
3968,FREE,,0,166813,166813,167060,247,0,0
3969,FREE,,0,166813,166813,167091,278,0,0
2477,ALLOC,,0,166813,166813,167060,247,0,0
2479,MOVE,MTE1,31,166813,166844,167060,247,0,0
2478,ALLOC,,0,166813,166813,167091,278,0,0
4688,SPILL_OUT,MTE3,0,166685,166685,166685,0,1,1
4609,SPILL_IN,MTE2,406,166685,167091,166685,0,1,1
2480,MOVE,MTE1,31,167091,167122,167091,0,1,1
2481,MATMUL,CUBE,128,167122,167250,167369,247,0,0
3970,FREE,,0,167250,167250,167497,247,0,0
3971,FREE,,0,167250,167250,167528,278,0,0
2482,ALLOC,,0,167250,167250,167497,247,0,0
2484,MOVE,MTE1,31,167250,167281,167497,247,0,0
2483,ALLOC,,0,167250,167250,167528,278,0,0
4690,SPILL_OUT,MTE3,0,167122,167122,167122,0,1,1
4611,SPILL_IN,MTE2,406,167122,167528,167122,0,1,1
2485,MOVE,MTE1,31,167528,167559,167528,0,1,1
2486,MATMUL,CUBE,128,167559,167687,167806,247,0,0
3972,FREE,,0,167687,167687,167934,247,0,0
3973,FREE,,0,167687,167687,167965,278,0,0
2487,ALLOC,,0,167687,167687,167934,247,0,0
2489,MOVE,MTE1,31,167687,167718,167934,247,0,0
2488,ALLOC,,0,167687,167687,167965,278,0,0
4692,SPILL_OUT,MTE3,0,167559,167559,167559,0,1,1
4613,SPILL_IN,MTE2,406,167559,167965,167559,0,1,1
2490,MOVE,MTE1,31,167965,167996,167965,0,1,1
2491,MATMUL,CUBE,128,167996,168124,168243,247,0,0
3974,FREE,,0,168124,168124,168371,247,0,0
3975,FREE,,0,168124,168124,168402,278,0,0
2492,ALLOC,,0,168124,168124,168371,247,0,0
2494,MOVE,MTE1,31,168124,168155,168371,247,0,0
2493,ALLOC,,0,168124,168124,168402,278,0,0
4694,SPILL_OUT,MTE3,0,167996,167996,167996,0,1,1
4615,SPILL_IN,MTE2,406,167996,168402,167996,0,1,1
2495,MOVE,MTE1,31,168402,168433,168402,0,1,1
2496,MATMUL,CUBE,128,168433,168561,168680,247,0,0
3976,FREE,,0,168561,168561,168808,247,0,0
3977,FREE,,0,168561,168561,168839,278,0,0
2497,ALLOC,,0,168561,168561,168808,247,0,0
2499,MOVE,MTE1,31,168561,168592,168808,247,0,0
2498,ALLOC,,0,168561,168561,168839,278,0,0
4696,SPILL_OUT,MTE3,0,168433,168433,168433,0,1,1
4617,SPILL_IN,MTE2,406,168433,168839,168433,0,1,1
2500,MOVE,MTE1,31,168839,168870,168839,0,1,1
2501,MATMUL,CUBE,128,168870,168998,169117,247,0,0
3978,FREE,,0,168998,168998,169245,247,0,0
3979,FREE,,0,168998,168998,169276,278,0,0
2502,ALLOC,,0,168998,168998,169245,247,0,0
2504,MOVE,MTE1,31,168998,169029,169245,247,0,0
2503,ALLOC,,0,168998,168998,169276,278,0,0
4698,SPILL_OUT,MTE3,0,168870,168870,168870,0,1,1
4619,SPILL_IN,MTE2,406,168870,169276,168870,0,1,1
2505,MOVE,MTE1,31,169276,169307,169276,0,1,1
2506,MATMUL,CUBE,128,169307,169435,169554,247,0,0
3980,FREE,,0,169435,169435,169682,247,0,0
3981,FREE,,0,169435,169435,169713,278,0,0
2507,COPY_OUT,FIXP,263,169435,169698,169728,293,0,0
3965,FREE,,0,169698,169698,169991,293,0,0
2509,ALLOC,,0,169435,169435,169682,247,0,0
2511,MOVE,MTE1,31,169435,169466,169682,247,0,0
2510,ALLOC,,0,169435,169435,169713,278,0,0
4700,SPILL_OUT,MTE3,0,169307,169307,169307,0,1,1
4621,SPILL_IN,MTE2,406,169307,169713,169307,0,1,1
2512,MOVE,MTE1,31,169713,169744,169713,0,1,1
2508,ALLOC,,0,169698,169698,169991,293,0,0
2513,MATMUL,CUBE,128,169744,169872,169991,247,0,0
3983,FREE,,0,169872,169872,170119,247,0,0
3984,FREE,,0,169872,169872,170150,278,0,0
2514,ALLOC,,0,169872,169872,170119,247,0,0
2516,MOVE,MTE1,31,169872,169903,170119,247,0,0
2515,ALLOC,,0,169872,169872,170150,278,0,0
4702,SPILL_OUT,MTE3,0,169744,169744,169744,0,1,1
4623,SPILL_IN,MTE2,406,169744,170150,169744,0,1,1
2517,MOVE,MTE1,31,170150,170181,170150,0,1,1
2518,MATMUL,CUBE,128,170181,170309,170181,0,1,1
3985,FREE,,0,170309,170309,170309,0,1,1
3986,FREE,,0,170309,170309,170340,31,0,0
2519,ALLOC,,0,170309,170309,170309,0,1,1
2521,MOVE,MTE1,31,170309,170340,170309,0,1,1
2520,ALLOC,,0,170309,170309,170340,31,0,0
2522,MOVE,MTE1,31,170340,170371,170340,0,1,1
2523,MATMUL,CUBE,128,170371,170499,170371,0,1,1
3987,FREE,,0,170499,170499,170499,0,1,1
3988,FREE,,0,170499,170499,170530,31,0,0
2524,ALLOC,,0,170499,170499,170499,0,1,1
2526,MOVE,MTE1,31,170499,170530,170499,0,1,1
2525,ALLOC,,0,170499,170499,170530,31,0,0
2527,MOVE,MTE1,31,170530,170561,170530,0,1,1
2528,MATMUL,CUBE,128,170561,170689,170561,0,1,1
3989,FREE,,0,170689,170689,170689,0,1,1
3990,FREE,,0,170689,170689,170720,31,0,0
2529,ALLOC,,0,170689,170689,170689,0,1,1
2531,MOVE,MTE1,31,170689,170720,170689,0,1,1
2530,ALLOC,,0,170689,170689,170720,31,0,0
2532,MOVE,MTE1,31,170720,170751,170720,0,1,1
2533,MATMUL,CUBE,128,170751,170879,170751,0,1,1
3991,FREE,,0,170879,170879,170879,0,1,1
3992,FREE,,0,170879,170879,170910,31,0,0
2534,ALLOC,,0,170879,170879,170879,0,1,1
2536,MOVE,MTE1,31,170879,170910,170879,0,1,1
2535,ALLOC,,0,170879,170879,170910,31,0,0
2537,MOVE,MTE1,31,170910,170941,170910,0,1,1
2538,MATMUL,CUBE,128,170941,171069,170941,0,1,1
3993,FREE,,0,171069,171069,171069,0,1,1
3994,FREE,,0,171069,171069,171100,31,0,0
2539,ALLOC,,0,171069,171069,171069,0,1,1
2541,MOVE,MTE1,31,171069,171100,171069,0,1,1
2540,ALLOC,,0,171069,171069,171100,31,0,0
2542,MOVE,MTE1,31,171100,171131,171100,0,1,1
2543,MATMUL,CUBE,128,171131,171259,171131,0,1,1
3995,FREE,,0,171259,171259,171259,0,1,1
3996,FREE,,0,171259,171259,171290,31,0,0
2544,ALLOC,,0,171259,171259,171259,0,1,1
2546,MOVE,MTE1,31,171259,171290,171259,0,1,1
2545,ALLOC,,0,171259,171259,171290,31,0,0
2547,MOVE,MTE1,31,171290,171321,171290,0,1,1
2548,MATMUL,CUBE,128,171321,171449,171321,0,1,1
3997,FREE,,0,171449,171449,171650,201,0,0
3998,FREE,,0,171449,171449,171681,232,0,0
2549,COPY_OUT,FIXP,263,171449,171712,171449,0,1,1
3982,FREE,,0,171712,171712,171712,0,1,1
2551,ALLOC,,0,171449,171449,171650,201,0,0
2553,MOVE,MTE1,31,171449,171480,171650,201,0,0
3873,FREE,,0,171480,171480,173773,2293,0,0
2552,ALLOC,,0,171449,171449,171681,232,0,0
2554,MOVE,MTE1,31,171480,171511,171681,201,0,0
2550,ALLOC,,0,171712,171712,171712,0,1,1
2555,MATMUL,CUBE,128,171712,171840,171712,0,1,1
4000,FREE,,0,171840,171840,171840,0,1,1
4001,FREE,,0,171840,171840,171871,31,0,0
2556,ALLOC,,0,171840,171840,171840,0,1,1
2558,MOVE,MTE1,31,171840,171871,171840,0,1,1
3876,FREE,,0,171871,171871,175297,3426,0,0
2557,ALLOC,,0,171840,171840,171871,31,0,0
2559,MOVE,MTE1,31,171871,171902,171871,0,1,1
2560,MATMUL,CUBE,128,171902,172030,171902,0,1,1
4002,FREE,,0,172030,172030,172030,0,1,1
4003,FREE,,0,172030,172030,172061,31,0,0
2561,ALLOC,,0,172030,172030,172030,0,1,1
2563,MOVE,MTE1,31,172030,172061,172030,0,1,1
3879,FREE,,0,172061,172061,176821,4760,0,0
2562,ALLOC,,0,172030,172030,172061,31,0,0
2564,MOVE,MTE1,31,172061,172092,172061,0,1,1
2565,MATMUL,CUBE,128,172092,172220,172092,0,1,1
4004,FREE,,0,172220,172220,172220,0,1,1
4005,FREE,,0,172220,172220,172251,31,0,0
2566,ALLOC,,0,172220,172220,172220,0,1,1
2568,MOVE,MTE1,31,172220,172251,172220,0,1,1
3882,FREE,,0,172251,172251,178345,6094,0,0
2567,ALLOC,,0,172220,172220,172251,31,0,0
2569,MOVE,MTE1,31,172251,172282,172251,0,1,1
2570,MATMUL,CUBE,128,172282,172410,172282,0,1,1
4006,FREE,,0,172410,172410,172410,0,1,1
4007,FREE,,0,172410,172410,172441,31,0,0
2571,ALLOC,,0,172410,172410,172410,0,1,1
2573,MOVE,MTE1,31,172410,172441,172410,0,1,1
3885,FREE,,0,172441,172441,177583,5142,0,0
2572,ALLOC,,0,172410,172410,172441,31,0,0
2574,MOVE,MTE1,31,172441,172472,172441,0,1,1
2575,MATMUL,CUBE,128,172472,172600,172472,0,1,1
4008,FREE,,0,172600,172600,172600,0,1,1
4009,FREE,,0,172600,172600,172631,31,0,0
2576,ALLOC,,0,172600,172600,172600,0,1,1
2578,MOVE,MTE1,31,172600,172631,172600,0,1,1
3888,FREE,,0,172631,172631,176059,3428,0,0
2577,ALLOC,,0,172600,172600,172631,31,0,0
2579,MOVE,MTE1,31,172631,172662,172631,0,1,1
2580,MATMUL,CUBE,128,172662,172790,172662,0,1,1
4010,FREE,,0,172790,172790,172790,0,1,1
4011,FREE,,0,172790,172790,172821,31,0,0
2581,ALLOC,,0,172790,172790,172790,0,1,1
2583,MOVE,MTE1,31,172790,172821,172790,0,1,1
3891,FREE,,0,172821,172821,174535,1714,0,0
2582,ALLOC,,0,172790,172790,172821,31,0,0
2584,MOVE,MTE1,31,172821,172852,172821,0,1,1
2585,MATMUL,CUBE,128,172852,172980,172852,0,1,1
4012,FREE,,0,172980,172980,172980,0,1,1
4013,FREE,,0,172980,172980,173258,278,0,0
2586,ALLOC,,0,172980,172980,172980,0,1,1
2588,MOVE,MTE1,31,172980,173011,172980,0,1,1
3894,FREE,,0,173011,173011,173011,0,1,1
2587,ALLOC,,0,172980,172980,173258,278,0,0
2589,MOVE,MTE1,31,173011,173042,173258,247,0,0
2590,MATMUL,CUBE,128,173042,173170,173289,247,0,0
4014,FREE,,0,173170,173170,174020,850,0,0
4015,FREE,,0,173170,173170,173417,247,0,0
2591,COPY_OUT,FIXP,263,173170,173433,173788,618,0,0
3999,FREE,,0,173433,173433,174051,618,0,0
2596,ALLOC,,0,173170,173170,173417,247,0,0
4637,SPILL_IN,MTE2,406,173011,173417,173011,0,1,1
2598,MOVE,MTE1,31,173417,173448,173417,0,1,1
2946,FREE,,0,173448,173448,173448,0,1,1
2593,ALLOC,,0,173448,173448,173448,0,1,1
2594,COPY_IN,MTE2,325,173448,173773,173448,0,1,1
2595,ALLOC,,0,173170,173170,174020,850,0,0
2597,MOVE,MTE1,31,173773,173804,174020,247,0,0
2592,ALLOC,,0,173433,173433,174051,618,0,0
2599,MATMUL,CUBE,128,173804,173932,174051,247,0,0
4018,FREE,,0,173932,173932,174782,850,0,0
4019,FREE,,0,173932,173932,174179,247,0,0
2603,ALLOC,,0,173932,173932,174179,247,0,0
4633,SPILL_IN,MTE2,406,173773,174179,173773,0,1,1
2605,MOVE,MTE1,31,174179,174210,174179,0,1,1
2950,FREE,,0,174210,174210,174210,0,1,1
2600,ALLOC,,0,174210,174210,174210,0,1,1
2601,COPY_IN,MTE2,325,174210,174535,174210,0,1,1
2602,ALLOC,,0,173932,173932,174782,850,0,0
2604,MOVE,MTE1,31,174535,174566,174782,247,0,0
2606,MATMUL,CUBE,128,174566,174694,174813,247,0,0
4021,FREE,,0,174694,174694,175544,850,0,0
4022,FREE,,0,174694,174694,174941,247,0,0
2610,ALLOC,,0,174694,174694,174941,247,0,0
4629,SPILL_IN,MTE2,406,174535,174941,174535,0,1,1
2612,MOVE,MTE1,31,174941,174972,174941,0,1,1
2954,FREE,,0,174972,174972,174972,0,1,1
2607,ALLOC,,0,174972,174972,174972,0,1,1
2608,COPY_IN,MTE2,325,174972,175297,174972,0,1,1
2609,ALLOC,,0,174694,174694,175544,850,0,0
2611,MOVE,MTE1,31,175297,175328,175544,247,0,0
2613,MATMUL,CUBE,128,175328,175456,175575,247,0,0
4024,FREE,,0,175456,175456,176306,850,0,0
4025,FREE,,0,175456,175456,175703,247,0,0
2617,ALLOC,,0,175456,175456,175703,247,0,0
4625,SPILL_IN,MTE2,406,175297,175703,175297,0,1,1
2619,MOVE,MTE1,31,175703,175734,175703,0,1,1
2958,FREE,,0,175734,175734,175734,0,1,1
2614,ALLOC,,0,175734,175734,175734,0,1,1
2615,COPY_IN,MTE2,325,175734,176059,175734,0,1,1
2616,ALLOC,,0,175456,175456,176306,850,0,0
2618,MOVE,MTE1,31,176059,176090,176306,247,0,0
2620,MATMUL,CUBE,128,176090,176218,176337,247,0,0
4027,FREE,,0,176218,176218,177068,850,0,0
4028,FREE,,0,176218,176218,176465,247,0,0
2624,ALLOC,,0,176218,176218,176465,247,0,0
4627,SPILL_IN,MTE2,406,176059,176465,176059,0,1,1
2626,MOVE,MTE1,31,176465,176496,176465,0,1,1
2962,FREE,,0,176496,176496,176496,0,1,1
2621,ALLOC,,0,176496,176496,176496,0,1,1
2622,COPY_IN,MTE2,325,176496,176821,176496,0,1,1
2623,ALLOC,,0,176218,176218,177068,850,0,0
2625,MOVE,MTE1,31,176821,176852,177068,247,0,0
2627,MATMUL,CUBE,128,176852,176980,177099,247,0,0
4030,FREE,,0,176980,176980,177830,850,0,0
4031,FREE,,0,176980,176980,177227,247,0,0
2631,ALLOC,,0,176980,176980,177227,247,0,0
4631,SPILL_IN,MTE2,406,176821,177227,176821,0,1,1
2633,MOVE,MTE1,31,177227,177258,177227,0,1,1
2966,FREE,,0,177258,177258,177258,0,1,1
2628,ALLOC,,0,177258,177258,177258,0,1,1
2629,COPY_IN,MTE2,325,177258,177583,177258,0,1,1
2630,ALLOC,,0,176980,176980,177830,850,0,0
2632,MOVE,MTE1,31,177583,177614,177830,247,0,0
2634,MATMUL,CUBE,128,177614,177742,177861,247,0,0
4033,FREE,,0,177742,177742,178592,850,0,0
4034,FREE,,0,177742,177742,177989,247,0,0
2638,ALLOC,,0,177742,177742,177989,247,0,0
4635,SPILL_IN,MTE2,406,177583,177989,177583,0,1,1
2640,MOVE,MTE1,31,177989,178020,177989,0,1,1
2970,FREE,,0,178020,178020,178020,0,1,1
2635,ALLOC,,0,178020,178020,178020,0,1,1
2636,COPY_IN,MTE2,325,178020,178345,178020,0,1,1
2637,ALLOC,,0,177742,177742,178592,850,0,0
2639,MOVE,MTE1,31,178345,178376,178592,247,0,0
2641,MATMUL,CUBE,128,178376,178504,178623,247,0,0
4036,FREE,,0,178504,178504,179107,603,0,0
4037,FREE,,0,178504,178504,178751,247,0,0
2645,ALLOC,,0,178504,178504,178751,247,0,0
4639,SPILL_IN,MTE2,406,178345,178751,178345,0,1,1
2647,MOVE,MTE1,31,178751,178782,178751,0,1,1
2974,FREE,,0,178782,178782,178782,0,1,1
2642,ALLOC,,0,178782,178782,178782,0,1,1
2643,COPY_IN,MTE2,325,178782,179107,178782,0,1,1
2644,ALLOC,,0,178504,178504,179107,603,0,0
2646,MOVE,MTE1,31,179107,179138,179107,0,1,1
2648,MATMUL,CUBE,128,179138,179266,179138,0,1,1
4039,FREE,,0,179266,179266,179467,201,0,0
4040,FREE,,0,179266,179266,179498,232,0,0
2649,COPY_OUT,FIXP,263,179266,179529,179266,0,1,1
4016,FREE,,0,179529,179529,179529,0,1,1
2651,ALLOC,,0,179266,179266,179467,201,0,0
2653,MOVE,MTE1,31,179266,179297,179467,201,0,0
2652,ALLOC,,0,179266,179266,179498,232,0,0
2654,MOVE,MTE1,31,179297,179328,179498,201,0,0
2978,FREE,,0,179328,179328,180612,1284,0,0
2650,ALLOC,,0,179529,179529,179529,0,1,1
2655,MATMUL,CUBE,128,179529,179657,179529,0,1,1
4042,FREE,,0,179657,179657,179657,0,1,1
4043,FREE,,0,179657,179657,179688,31,0,0
2656,ALLOC,,0,179657,179657,179657,0,1,1
2658,MOVE,MTE1,31,179657,179688,179657,0,1,1
2657,ALLOC,,0,179657,179657,179688,31,0,0
2659,MOVE,MTE1,31,179688,179719,179688,0,1,1
2981,FREE,,0,179719,179719,198038,18319,0,0
2660,MATMUL,CUBE,128,179719,179847,179719,0,1,1
4044,FREE,,0,179847,179847,179847,0,1,1
4045,FREE,,0,179847,179847,179878,31,0,0
2661,ALLOC,,0,179847,179847,179847,0,1,1
2663,MOVE,MTE1,31,179847,179878,179847,0,1,1
2662,ALLOC,,0,179847,179847,179878,31,0,0
2664,MOVE,MTE1,31,179878,179909,179878,0,1,1
2984,FREE,,0,179909,179909,198038,18129,0,0
2665,MATMUL,CUBE,128,179909,180037,179909,0,1,1
4046,FREE,,0,180037,180037,180037,0,1,1
4047,FREE,,0,180037,180037,180068,31,0,0
2666,ALLOC,,0,180037,180037,180037,0,1,1
2668,MOVE,MTE1,31,180037,180068,180037,0,1,1
2667,ALLOC,,0,180037,180037,180068,31,0,0
2669,MOVE,MTE1,31,180068,180099,180068,0,1,1
2987,FREE,,0,180099,180099,198038,17939,0,0
2670,MATMUL,CUBE,128,180099,180227,180099,0,1,1
4048,FREE,,0,180227,180227,180227,0,1,1
4049,FREE,,0,180227,180227,180258,31,0,0
2671,ALLOC,,0,180227,180227,180227,0,1,1
2673,MOVE,MTE1,31,180227,180258,180227,0,1,1
2672,ALLOC,,0,180227,180227,180258,31,0,0
2674,MOVE,MTE1,31,180258,180289,180258,0,1,1
2990,FREE,,0,180289,180289,198038,17749,0,0
2675,MATMUL,CUBE,128,180289,180417,180289,0,1,1
4050,FREE,,0,180417,180417,180417,0,1,1
4051,FREE,,0,180417,180417,180448,31,0,0
2676,ALLOC,,0,180417,180417,180417,0,1,1
2678,MOVE,MTE1,31,180417,180448,180417,0,1,1
2677,ALLOC,,0,180417,180417,180448,31,0,0
2679,MOVE,MTE1,31,180448,180479,180448,0,1,1
2993,FREE,,0,180479,180479,198038,17559,0,0
2680,MATMUL,CUBE,128,180479,180607,180479,0,1,1
4052,FREE,,0,180607,180607,180607,0,1,1
4053,FREE,,0,180607,180607,180638,31,0,0
2681,ALLOC,,0,180607,180607,180607,0,1,1
2683,MOVE,MTE1,31,180607,180638,180607,0,1,1
2682,ALLOC,,0,180607,180607,180638,31,0,0
2684,MOVE,MTE1,31,180638,180669,180638,0,1,1
2996,FREE,,0,180669,180669,198038,17369,0,0
2685,MATMUL,CUBE,128,180669,180797,180669,0,1,1
4054,FREE,,0,180797,180797,180797,0,1,1
4055,FREE,,0,180797,180797,180828,31,0,0
2686,ALLOC,,0,180797,180797,180797,0,1,1
2688,MOVE,MTE1,31,180797,180828,180797,0,1,1
2687,ALLOC,,0,180797,180797,180828,31,0,0
2689,MOVE,MTE1,31,180828,180859,180828,0,1,1
2999,FREE,,0,180859,180859,198038,17179,0,0
2690,MATMUL,CUBE,128,180859,180987,180859,0,1,1
4056,FREE,,0,180987,180987,180987,0,1,1
4057,FREE,,0,180987,180987,181018,31,0,0
2691,COPY_OUT,FIXP,263,180987,181250,181033,46,0,0
4041,FREE,,0,181250,181250,181296,46,0,0
2693,ALLOC,,0,180987,180987,180987,0,1,1
2695,MOVE,MTE1,31,180987,181018,180987,0,1,1
2694,ALLOC,,0,180987,180987,181018,31,0,0
4641,SPILL_IN,MTE2,406,179328,179734,180612,1284,0,0
2696,MOVE,MTE1,31,181018,181049,181018,0,1,1
3003,FREE,,0,181049,181049,181049,0,1,1
2692,ALLOC,,0,181250,181250,181296,46,0,0
2697,MATMUL,CUBE,128,181250,181378,181296,46,0,0
4059,FREE,,0,181378,181378,181424,46,0,0
4060,FREE,,0,181378,181378,181455,77,0,0
2698,ALLOC,,0,181378,181378,181424,46,0,0
2700,MOVE,MTE1,31,181378,181409,181424,46,0,0
2699,ALLOC,,0,181378,181378,181455,77,0,0
4643,SPILL_IN,MTE2,406,181049,181455,181049,0,1,1
2701,MOVE,MTE1,31,181455,181486,181455,0,1,1
3006,FREE,,0,181486,181486,181486,0,1,1
2702,MATMUL,CUBE,128,181486,181614,181543,57,0,0
4061,FREE,,0,181614,181614,181671,57,0,0
4062,FREE,,0,181614,181614,181702,88,0,0
2703,ALLOC,,0,181614,181614,181671,57,0,0
2705,MOVE,MTE1,31,181614,181645,181671,57,0,0
2704,ALLOC,,0,181614,181614,181702,88,0,0
2706,MOVE,MTE1,31,181645,181676,181702,57,0,0
3009,FREE,,0,181676,181676,198038,16362,0,0
2707,MATMUL,CUBE,128,181676,181804,181733,57,0,0
4063,FREE,,0,181804,181804,181861,57,0,0
4064,FREE,,0,181804,181804,181892,88,0,0
2708,ALLOC,,0,181804,181804,181861,57,0,0
2710,MOVE,MTE1,31,181804,181835,181861,57,0,0
2709,ALLOC,,0,181804,181804,181892,88,0,0
4645,SPILL_IN,MTE2,406,181486,181892,181486,0,1,1
2711,MOVE,MTE1,31,181892,181923,181892,0,1,1
3012,FREE,,0,181923,181923,181923,0,1,1
2712,MATMUL,CUBE,128,181923,182051,182170,247,0,0
4065,FREE,,0,182051,182051,182298,247,0,0
4066,FREE,,0,182051,182051,182329,278,0,0
2713,ALLOC,,0,182051,182051,182298,247,0,0
2715,MOVE,MTE1,31,182051,182082,182298,247,0,0
2714,ALLOC,,0,182051,182051,182329,278,0,0
4647,SPILL_IN,MTE2,406,181923,182329,181923,0,1,1
2716,MOVE,MTE1,31,182329,182360,182329,0,1,1
3015,FREE,,0,182360,182360,182360,0,1,1
2717,MATMUL,CUBE,128,182360,182488,182607,247,0,0
4067,FREE,,0,182488,182488,182735,247,0,0
4068,FREE,,0,182488,182488,182766,278,0,0
2718,ALLOC,,0,182488,182488,182735,247,0,0
2720,MOVE,MTE1,31,182488,182519,182735,247,0,0
2719,ALLOC,,0,182488,182488,182766,278,0,0
4649,SPILL_IN,MTE2,406,182360,182766,182360,0,1,1
2721,MOVE,MTE1,31,182766,182797,182766,0,1,1
3018,FREE,,0,182797,182797,182797,0,1,1
2722,MATMUL,CUBE,128,182797,182925,183044,247,0,0
4069,FREE,,0,182925,182925,183172,247,0,0
4070,FREE,,0,182925,182925,183203,278,0,0
2723,ALLOC,,0,182925,182925,183172,247,0,0
2725,MOVE,MTE1,31,182925,182956,183172,247,0,0
2724,ALLOC,,0,182925,182925,183203,278,0,0
4651,SPILL_IN,MTE2,406,182797,183203,182797,0,1,1
2726,MOVE,MTE1,31,183203,183234,183203,0,1,1
3021,FREE,,0,183234,183234,183234,0,1,1
2727,MATMUL,CUBE,128,183234,183362,183481,247,0,0
4071,FREE,,0,183362,183362,183609,247,0,0
4072,FREE,,0,183362,183362,183640,278,0,0
2728,ALLOC,,0,183362,183362,183609,247,0,0
2730,MOVE,MTE1,31,183362,183393,183609,247,0,0
2729,ALLOC,,0,183362,183362,183640,278,0,0
4653,SPILL_IN,MTE2,406,183234,183640,183234,0,1,1
2731,MOVE,MTE1,31,183640,183671,183640,0,1,1
3024,FREE,,0,183671,183671,183671,0,1,1
2732,MATMUL,CUBE,128,183671,183799,183918,247,0,0
4073,FREE,,0,183799,183799,184046,247,0,0
4074,FREE,,0,183799,183799,184077,278,0,0
2733,COPY_OUT,FIXP,263,183799,184062,184092,293,0,0
4058,FREE,,0,184062,184062,184355,293,0,0
2735,ALLOC,,0,183799,183799,184046,247,0,0
2737,MOVE,MTE1,31,183799,183830,184046,247,0,0
2736,ALLOC,,0,183799,183799,184077,278,0,0
4655,SPILL_IN,MTE2,406,183671,184077,183671,0,1,1
2738,MOVE,MTE1,31,184077,184108,184077,0,1,1
3028,FREE,,0,184108,184108,184108,0,1,1
2734,ALLOC,,0,184062,184062,184355,293,0,0
2739,MATMUL,CUBE,128,184108,184236,184355,247,0,0
4076,FREE,,0,184236,184236,184483,247,0,0
4077,FREE,,0,184236,184236,184514,278,0,0
2740,ALLOC,,0,184236,184236,184483,247,0,0
2742,MOVE,MTE1,31,184236,184267,184483,247,0,0
2741,ALLOC,,0,184236,184236,184514,278,0,0
4657,SPILL_IN,MTE2,406,184108,184514,184108,0,1,1
2743,MOVE,MTE1,31,184514,184545,184514,0,1,1
3031,FREE,,0,184545,184545,184545,0,1,1
2744,MATMUL,CUBE,128,184545,184673,184792,247,0,0
4078,FREE,,0,184673,184673,184920,247,0,0
4079,FREE,,0,184673,184673,184951,278,0,0
2745,ALLOC,,0,184673,184673,184920,247,0,0
2747,MOVE,MTE1,31,184673,184704,184920,247,0,0
2746,ALLOC,,0,184673,184673,184951,278,0,0
4659,SPILL_IN,MTE2,406,184545,184951,184545,0,1,1
2748,MOVE,MTE1,31,184951,184982,184951,0,1,1
3034,FREE,,0,184982,184982,184982,0,1,1
2749,MATMUL,CUBE,128,184982,185110,185229,247,0,0
4080,FREE,,0,185110,185110,185357,247,0,0
4081,FREE,,0,185110,185110,185388,278,0,0
2750,ALLOC,,0,185110,185110,185357,247,0,0
2752,MOVE,MTE1,31,185110,185141,185357,247,0,0
2751,ALLOC,,0,185110,185110,185388,278,0,0
4661,SPILL_IN,MTE2,406,184982,185388,184982,0,1,1
2753,MOVE,MTE1,31,185388,185419,185388,0,1,1
3037,FREE,,0,185419,185419,185419,0,1,1
2754,MATMUL,CUBE,128,185419,185547,185666,247,0,0
4082,FREE,,0,185547,185547,185794,247,0,0
4083,FREE,,0,185547,185547,185825,278,0,0
2755,ALLOC,,0,185547,185547,185794,247,0,0
2757,MOVE,MTE1,31,185547,185578,185794,247,0,0
2756,ALLOC,,0,185547,185547,185825,278,0,0
4663,SPILL_IN,MTE2,406,185419,185825,185419,0,1,1
2758,MOVE,MTE1,31,185825,185856,185825,0,1,1
3040,FREE,,0,185856,185856,185856,0,1,1
2759,MATMUL,CUBE,128,185856,185984,186103,247,0,0
4084,FREE,,0,185984,185984,186231,247,0,0
4085,FREE,,0,185984,185984,186262,278,0,0
2760,ALLOC,,0,185984,185984,186231,247,0,0
2762,MOVE,MTE1,31,185984,186015,186231,247,0,0
2761,ALLOC,,0,185984,185984,186262,278,0,0
4665,SPILL_IN,MTE2,406,185856,186262,185856,0,1,1
2763,MOVE,MTE1,31,186262,186293,186262,0,1,1
3043,FREE,,0,186293,186293,186293,0,1,1
2764,MATMUL,CUBE,128,186293,186421,186540,247,0,0
4086,FREE,,0,186421,186421,186668,247,0,0
4087,FREE,,0,186421,186421,186699,278,0,0
2765,ALLOC,,0,186421,186421,186668,247,0,0
2767,MOVE,MTE1,31,186421,186452,186668,247,0,0
2766,ALLOC,,0,186421,186421,186699,278,0,0
4667,SPILL_IN,MTE2,406,186293,186699,186293,0,1,1
2768,MOVE,MTE1,31,186699,186730,186699,0,1,1
3046,FREE,,0,186730,186730,186730,0,1,1
2769,MATMUL,CUBE,128,186730,186858,186977,247,0,0
4088,FREE,,0,186858,186858,187105,247,0,0
4089,FREE,,0,186858,186858,187136,278,0,0
2770,ALLOC,,0,186858,186858,187105,247,0,0
2772,MOVE,MTE1,31,186858,186889,187105,247,0,0
2771,ALLOC,,0,186858,186858,187136,278,0,0
4669,SPILL_IN,MTE2,406,186730,187136,186730,0,1,1
2773,MOVE,MTE1,31,187136,187167,187136,0,1,1
3049,FREE,,0,187167,187167,187167,0,1,1
2774,MATMUL,CUBE,128,187167,187295,187414,247,0,0
4090,FREE,,0,187295,187295,187542,247,0,0
4091,FREE,,0,187295,187295,187573,278,0,0
2775,COPY_OUT,FIXP,263,187295,187558,187588,293,0,0
4075,FREE,,0,187558,187558,187851,293,0,0
2777,ALLOC,,0,187295,187295,187542,247,0,0
2779,MOVE,MTE1,31,187295,187326,187542,247,0,0
2778,ALLOC,,0,187295,187295,187573,278,0,0
4671,SPILL_IN,MTE2,406,187167,187573,187167,0,1,1
2780,MOVE,MTE1,31,187573,187604,187573,0,1,1
3053,FREE,,0,187604,187604,187604,0,1,1
2776,ALLOC,,0,187558,187558,187851,293,0,0
2781,MATMUL,CUBE,128,187604,187732,187851,247,0,0
4093,FREE,,0,187732,187732,187979,247,0,0
4094,FREE,,0,187732,187732,188010,278,0,0
2782,ALLOC,,0,187732,187732,187979,247,0,0
2784,MOVE,MTE1,31,187732,187763,187979,247,0,0
2783,ALLOC,,0,187732,187732,188010,278,0,0
4673,SPILL_IN,MTE2,406,187604,188010,187604,0,1,1
2785,MOVE,MTE1,31,188010,188041,188010,0,1,1
3056,FREE,,0,188041,188041,188041,0,1,1
2786,MATMUL,CUBE,128,188041,188169,188288,247,0,0
4095,FREE,,0,188169,188169,188416,247,0,0
4096,FREE,,0,188169,188169,188447,278,0,0
2787,ALLOC,,0,188169,188169,188416,247,0,0
2789,MOVE,MTE1,31,188169,188200,188416,247,0,0
2788,ALLOC,,0,188169,188169,188447,278,0,0
4675,SPILL_IN,MTE2,406,188041,188447,188041,0,1,1
2790,MOVE,MTE1,31,188447,188478,188447,0,1,1
3059,FREE,,0,188478,188478,188478,0,1,1
2791,MATMUL,CUBE,128,188478,188606,188725,247,0,0
4097,FREE,,0,188606,188606,188853,247,0,0
4098,FREE,,0,188606,188606,188884,278,0,0
2792,ALLOC,,0,188606,188606,188853,247,0,0
2794,MOVE,MTE1,31,188606,188637,188853,247,0,0
2793,ALLOC,,0,188606,188606,188884,278,0,0
4677,SPILL_IN,MTE2,406,188478,188884,188478,0,1,1
2795,MOVE,MTE1,31,188884,188915,188884,0,1,1
3062,FREE,,0,188915,188915,188915,0,1,1
2796,MATMUL,CUBE,128,188915,189043,189162,247,0,0
4099,FREE,,0,189043,189043,189290,247,0,0
4100,FREE,,0,189043,189043,189321,278,0,0
2797,ALLOC,,0,189043,189043,189290,247,0,0
2799,MOVE,MTE1,31,189043,189074,189290,247,0,0
2798,ALLOC,,0,189043,189043,189321,278,0,0
4679,SPILL_IN,MTE2,406,188915,189321,188915,0,1,1
2800,MOVE,MTE1,31,189321,189352,189321,0,1,1
3065,FREE,,0,189352,189352,189352,0,1,1
2801,MATMUL,CUBE,128,189352,189480,189599,247,0,0
4101,FREE,,0,189480,189480,189727,247,0,0
4102,FREE,,0,189480,189480,189758,278,0,0
2802,ALLOC,,0,189480,189480,189727,247,0,0
2804,MOVE,MTE1,31,189480,189511,189727,247,0,0
2803,ALLOC,,0,189480,189480,189758,278,0,0
4681,SPILL_IN,MTE2,406,189352,189758,189352,0,1,1
2805,MOVE,MTE1,31,189758,189789,189758,0,1,1
3068,FREE,,0,189789,189789,189789,0,1,1
2806,MATMUL,CUBE,128,189789,189917,190036,247,0,0
4103,FREE,,0,189917,189917,190164,247,0,0
4104,FREE,,0,189917,189917,190195,278,0,0
2807,ALLOC,,0,189917,189917,190164,247,0,0
2809,MOVE,MTE1,31,189917,189948,190164,247,0,0
2808,ALLOC,,0,189917,189917,190195,278,0,0
4683,SPILL_IN,MTE2,406,189789,190195,189789,0,1,1
2810,MOVE,MTE1,31,190195,190226,190195,0,1,1
3071,FREE,,0,190226,190226,190226,0,1,1
2811,MATMUL,CUBE,128,190226,190354,190473,247,0,0
4105,FREE,,0,190354,190354,190601,247,0,0
4106,FREE,,0,190354,190354,190632,278,0,0
2812,ALLOC,,0,190354,190354,190601,247,0,0
2814,MOVE,MTE1,31,190354,190385,190601,247,0,0
2813,ALLOC,,0,190354,190354,190632,278,0,0
4685,SPILL_IN,MTE2,406,190226,190632,190226,0,1,1
2815,MOVE,MTE1,31,190632,190663,190632,0,1,1
3074,FREE,,0,190663,190663,190663,0,1,1
2816,MATMUL,CUBE,128,190663,190791,190910,247,0,0
4107,FREE,,0,190791,190791,191038,247,0,0
4108,FREE,,0,190791,190791,191069,278,0,0
2817,COPY_OUT,FIXP,263,190791,191054,191084,293,0,0
4092,FREE,,0,191054,191054,191347,293,0,0
2819,ALLOC,,0,190791,190791,191038,247,0,0
2821,MOVE,MTE1,31,190791,190822,191038,247,0,0
2820,ALLOC,,0,190791,190791,191069,278,0,0
4687,SPILL_IN,MTE2,406,190663,191069,190663,0,1,1
2822,MOVE,MTE1,31,191069,191100,191069,0,1,1
3078,FREE,,0,191100,191100,191100,0,1,1
2818,ALLOC,,0,191054,191054,191347,293,0,0
2823,MATMUL,CUBE,128,191100,191228,191347,247,0,0
4110,FREE,,0,191228,191228,191475,247,0,0
4111,FREE,,0,191228,191228,191506,278,0,0
2824,ALLOC,,0,191228,191228,191475,247,0,0
2826,MOVE,MTE1,31,191228,191259,191475,247,0,0
2825,ALLOC,,0,191228,191228,191506,278,0,0
4689,SPILL_IN,MTE2,406,191100,191506,191100,0,1,1
2827,MOVE,MTE1,31,191506,191537,191506,0,1,1
3081,FREE,,0,191537,191537,191537,0,1,1
2828,MATMUL,CUBE,128,191537,191665,191784,247,0,0
4112,FREE,,0,191665,191665,191912,247,0,0
4113,FREE,,0,191665,191665,191943,278,0,0
2829,ALLOC,,0,191665,191665,191912,247,0,0
2831,MOVE,MTE1,31,191665,191696,191912,247,0,0
2830,ALLOC,,0,191665,191665,191943,278,0,0
4691,SPILL_IN,MTE2,406,191537,191943,191537,0,1,1
2832,MOVE,MTE1,31,191943,191974,191943,0,1,1
3084,FREE,,0,191974,191974,191974,0,1,1
2833,MATMUL,CUBE,128,191974,192102,192221,247,0,0
4114,FREE,,0,192102,192102,192349,247,0,0
4115,FREE,,0,192102,192102,192380,278,0,0
2834,ALLOC,,0,192102,192102,192349,247,0,0
2836,MOVE,MTE1,31,192102,192133,192349,247,0,0
2835,ALLOC,,0,192102,192102,192380,278,0,0
4693,SPILL_IN,MTE2,406,191974,192380,191974,0,1,1
2837,MOVE,MTE1,31,192380,192411,192380,0,1,1
3087,FREE,,0,192411,192411,192411,0,1,1
2838,MATMUL,CUBE,128,192411,192539,192658,247,0,0
4116,FREE,,0,192539,192539,192786,247,0,0
4117,FREE,,0,192539,192539,192817,278,0,0
2839,ALLOC,,0,192539,192539,192786,247,0,0
2841,MOVE,MTE1,31,192539,192570,192786,247,0,0
2840,ALLOC,,0,192539,192539,192817,278,0,0
4695,SPILL_IN,MTE2,406,192411,192817,192411,0,1,1
2842,MOVE,MTE1,31,192817,192848,192817,0,1,1
3090,FREE,,0,192848,192848,192848,0,1,1
2843,MATMUL,CUBE,128,192848,192976,193095,247,0,0
4118,FREE,,0,192976,192976,193223,247,0,0
4119,FREE,,0,192976,192976,193254,278,0,0
2844,ALLOC,,0,192976,192976,193223,247,0,0
2846,MOVE,MTE1,31,192976,193007,193223,247,0,0
2845,ALLOC,,0,192976,192976,193254,278,0,0
4697,SPILL_IN,MTE2,406,192848,193254,192848,0,1,1
2847,MOVE,MTE1,31,193254,193285,193254,0,1,1
3093,FREE,,0,193285,193285,193285,0,1,1
2848,MATMUL,CUBE,128,193285,193413,193532,247,0,0
4120,FREE,,0,193413,193413,193660,247,0,0
4121,FREE,,0,193413,193413,193691,278,0,0
2849,ALLOC,,0,193413,193413,193660,247,0,0
2851,MOVE,MTE1,31,193413,193444,193660,247,0,0
2850,ALLOC,,0,193413,193413,193691,278,0,0
4699,SPILL_IN,MTE2,406,193285,193691,193285,0,1,1
2852,MOVE,MTE1,31,193691,193722,193691,0,1,1
3096,FREE,,0,193722,193722,193722,0,1,1
2853,MATMUL,CUBE,128,193722,193850,193969,247,0,0
4122,FREE,,0,193850,193850,194097,247,0,0
4123,FREE,,0,193850,193850,194128,278,0,0
2854,ALLOC,,0,193850,193850,194097,247,0,0
2856,MOVE,MTE1,31,193850,193881,194097,247,0,0
2855,ALLOC,,0,193850,193850,194128,278,0,0
4701,SPILL_IN,MTE2,406,193722,194128,193722,0,1,1
2857,MOVE,MTE1,31,194128,194159,194128,0,1,1
3099,FREE,,0,194159,194159,194159,0,1,1
2858,MATMUL,CUBE,128,194159,194287,194205,46,0,0
4124,FREE,,0,194287,194287,194534,247,0,0
4125,FREE,,0,194287,194287,194565,278,0,0
2859,COPY_OUT,FIXP,263,194287,194550,194333,46,0,0
4109,FREE,,0,194550,194550,194596,46,0,0
2861,ALLOC,,0,194287,194287,194534,247,0,0
2863,MOVE,MTE1,31,194287,194318,194534,247,0,0
2862,ALLOC,,0,194287,194287,194565,278,0,0
4703,SPILL_IN,MTE2,406,194159,194565,194159,0,1,1
2864,MOVE,MTE1,31,194565,194596,194565,0,1,1
3103,FREE,,0,194596,194596,198038,3442,0,0
2860,ALLOC,,0,194550,194550,194596,46,0,0
2865,MATMUL,CUBE,128,194596,194724,194596,0,1,1
4127,FREE,,0,194724,194724,194724,0,1,1
4128,FREE,,0,194724,194724,194755,31,0,0
2866,ALLOC,,0,194724,194724,194724,0,1,1
2868,MOVE,MTE1,31,194724,194755,194724,0,1,1
2867,ALLOC,,0,194724,194724,194755,31,0,0
2869,MOVE,MTE1,31,194755,194786,194755,0,1,1
3106,FREE,,0,194786,194786,198038,3252,0,0
2870,MATMUL,CUBE,128,194786,194914,194786,0,1,1
4129,FREE,,0,194914,194914,194914,0,1,1
4130,FREE,,0,194914,194914,194945,31,0,0
2871,ALLOC,,0,194914,194914,194914,0,1,1
2873,MOVE,MTE1,31,194914,194945,194914,0,1,1
2872,ALLOC,,0,194914,194914,194945,31,0,0
2874,MOVE,MTE1,31,194945,194976,194945,0,1,1
3109,FREE,,0,194976,194976,198038,3062,0,0
2875,MATMUL,CUBE,128,194976,195104,194976,0,1,1
4131,FREE,,0,195104,195104,195104,0,1,1
4132,FREE,,0,195104,195104,195135,31,0,0
2876,ALLOC,,0,195104,195104,195104,0,1,1
2878,MOVE,MTE1,31,195104,195135,195104,0,1,1
2877,ALLOC,,0,195104,195104,195135,31,0,0
2879,MOVE,MTE1,31,195135,195166,195135,0,1,1
3112,FREE,,0,195166,195166,198038,2872,0,0
2880,MATMUL,CUBE,128,195166,195294,195166,0,1,1
4133,FREE,,0,195294,195294,195294,0,1,1
4134,FREE,,0,195294,195294,195325,31,0,0
2881,ALLOC,,0,195294,195294,195294,0,1,1
2883,MOVE,MTE1,31,195294,195325,195294,0,1,1
2882,ALLOC,,0,195294,195294,195325,31,0,0
2884,MOVE,MTE1,31,195325,195356,195325,0,1,1
3115,FREE,,0,195356,195356,198038,2682,0,0
2885,MATMUL,CUBE,128,195356,195484,195356,0,1,1
4135,FREE,,0,195484,195484,195484,0,1,1
4136,FREE,,0,195484,195484,195515,31,0,0
2886,ALLOC,,0,195484,195484,195484,0,1,1
2888,MOVE,MTE1,31,195484,195515,195484,0,1,1
2887,ALLOC,,0,195484,195484,195515,31,0,0
2889,MOVE,MTE1,31,195515,195546,195515,0,1,1
3118,FREE,,0,195546,195546,198038,2492,0,0
2890,MATMUL,CUBE,128,195546,195674,195546,0,1,1
4137,FREE,,0,195674,195674,195674,0,1,1
4138,FREE,,0,195674,195674,195705,31,0,0
2891,ALLOC,,0,195674,195674,195674,0,1,1
2893,MOVE,MTE1,31,195674,195705,195674,0,1,1
2892,ALLOC,,0,195674,195674,195705,31,0,0
2894,MOVE,MTE1,31,195705,195736,195705,0,1,1
3121,FREE,,0,195736,195736,198038,2302,0,0
2895,MATMUL,CUBE,128,195736,195864,195736,0,1,1
4139,FREE,,0,195864,195864,195864,0,1,1
4140,FREE,,0,195864,195864,195895,31,0,0
2896,ALLOC,,0,195864,195864,195864,0,1,1
2898,MOVE,MTE1,31,195864,195895,195864,0,1,1
2897,ALLOC,,0,195864,195864,195895,31,0,0
2899,MOVE,MTE1,31,195895,195926,195895,0,1,1
3124,FREE,,0,195926,195926,198038,2112,0,0
2900,MATMUL,CUBE,128,195926,196054,195926,0,1,1
4141,FREE,,0,196054,196054,196255,201,0,0
4142,FREE,,0,196054,196054,196286,232,0,0
2901,COPY_OUT,FIXP,263,196054,196317,196054,0,1,1
4126,FREE,,0,196317,196317,196317,0,1,1
2903,ALLOC,,0,196054,196054,196255,201,0,0
2905,MOVE,MTE1,31,196054,196085,196255,201,0,0
4017,FREE,,0,196085,196085,198038,1953,0,0
2904,ALLOC,,0,196054,196054,196286,232,0,0
2906,MOVE,MTE1,31,196085,196116,196286,201,0,0
3128,FREE,,0,196116,196116,198038,1922,0,0
2902,ALLOC,,0,196317,196317,196317,0,1,1
2907,MATMUL,CUBE,128,196317,196445,196317,0,1,1
4144,FREE,,0,196445,196445,196445,0,1,1
4145,FREE,,0,196445,196445,196476,31,0,0
2908,ALLOC,,0,196445,196445,196445,0,1,1
2910,MOVE,MTE1,31,196445,196476,196445,0,1,1
4020,FREE,,0,196476,196476,198038,1562,0,0
2909,ALLOC,,0,196445,196445,196476,31,0,0
2911,MOVE,MTE1,31,196476,196507,196476,0,1,1
3131,FREE,,0,196507,196507,198038,1531,0,0
2912,MATMUL,CUBE,128,196507,196635,196507,0,1,1
4146,FREE,,0,196635,196635,196635,0,1,1
4147,FREE,,0,196635,196635,196666,31,0,0
2913,ALLOC,,0,196635,196635,196635,0,1,1
2915,MOVE,MTE1,31,196635,196666,196635,0,1,1
4023,FREE,,0,196666,196666,198038,1372,0,0
2914,ALLOC,,0,196635,196635,196666,31,0,0
2916,MOVE,MTE1,31,196666,196697,196666,0,1,1
3134,FREE,,0,196697,196697,198038,1341,0,0
2917,MATMUL,CUBE,128,196697,196825,196697,0,1,1
4148,FREE,,0,196825,196825,196825,0,1,1
4149,FREE,,0,196825,196825,196856,31,0,0
2918,ALLOC,,0,196825,196825,196825,0,1,1
2920,MOVE,MTE1,31,196825,196856,196825,0,1,1
4026,FREE,,0,196856,196856,198038,1182,0,0
2919,ALLOC,,0,196825,196825,196856,31,0,0
2921,MOVE,MTE1,31,196856,196887,196856,0,1,1
3137,FREE,,0,196887,196887,198038,1151,0,0
2922,MATMUL,CUBE,128,196887,197015,196887,0,1,1
4150,FREE,,0,197015,197015,197015,0,1,1
4151,FREE,,0,197015,197015,197046,31,0,0
2923,ALLOC,,0,197015,197015,197015,0,1,1
2925,MOVE,MTE1,31,197015,197046,197015,0,1,1
4029,FREE,,0,197046,197046,198038,992,0,0
2924,ALLOC,,0,197015,197015,197046,31,0,0
2926,MOVE,MTE1,31,197046,197077,197046,0,1,1
3140,FREE,,0,197077,197077,198038,961,0,0
2927,MATMUL,CUBE,128,197077,197205,197077,0,1,1
4152,FREE,,0,197205,197205,197205,0,1,1
4153,FREE,,0,197205,197205,197236,31,0,0
2928,ALLOC,,0,197205,197205,197205,0,1,1
2930,MOVE,MTE1,31,197205,197236,197205,0,1,1
4032,FREE,,0,197236,197236,198038,802,0,0
2929,ALLOC,,0,197205,197205,197236,31,0,0
2931,MOVE,MTE1,31,197236,197267,197236,0,1,1
3143,FREE,,0,197267,197267,198038,771,0,0
2932,MATMUL,CUBE,128,197267,197395,197267,0,1,1
4154,FREE,,0,197395,197395,197395,0,1,1
4155,FREE,,0,197395,197395,197426,31,0,0
2933,ALLOC,,0,197395,197395,197395,0,1,1
2935,MOVE,MTE1,31,197395,197426,197395,0,1,1
4035,FREE,,0,197426,197426,198038,612,0,0
2934,ALLOC,,0,197395,197395,197426,31,0,0
2936,MOVE,MTE1,31,197426,197457,197426,0,1,1
3146,FREE,,0,197457,197457,198038,581,0,0
2937,MATMUL,CUBE,128,197457,197585,197457,0,1,1
4156,FREE,,0,197585,197585,197585,0,1,1
4157,FREE,,0,197585,197585,197616,31,0,0
2938,ALLOC,,0,197585,197585,197585,0,1,1
2940,MOVE,MTE1,31,197585,197616,197585,0,1,1
4038,FREE,,0,197616,197616,198038,422,0,0
2939,ALLOC,,0,197585,197585,197616,31,0,0
2941,MOVE,MTE1,31,197616,197647,197616,0,1,1
3149,FREE,,0,197647,197647,198038,391,0,0
2942,MATMUL,CUBE,128,197647,197775,197647,0,1,1
4158,FREE,,0,197775,197775,198038,263,0,0
4159,FREE,,0,197775,197775,198038,263,0,0
2943,COPY_OUT,FIXP,263,197775,198038,197775,0,1,1
4143,FREE,,0,198038,198038,198038,0,0,1
