6
2542
2543
2548
2554
2556
2557
2562
2568
2574
2580
2586
2592
3246
3252
3582
3588
3614
3620
3646
3652
3678
3684
3710
3716
3742
3748
3774
3780
3806
3812
3819
3825
3831
3837
3843
3849
3855
3861
3868
3874
3880
3886
3892
3898
3904
3910
3917
3923
3929
3935
3941
3947
3953
3959
3966
3972
3978
3984
3990
3996
4002
4008
4877
4878
4883
4885
4886
4891
4893
4894
4899
4901
4902
4907
4909
4910
4915
4917
4918
4923
4925
4926
4931
4937
4939
4940
4945
4951
4953
4954
4959
4961
4962
4967
4969
4970
4975
4977
4978
4983
4985
4986
4991
4993
4994
4999
5001
5002
5007
5013
5015
5016
5021
5027
5029
5030
5035
5037
5038
5043
5045
5046
5051
5053
5054
5059
5061
5062
5067
5069
5070
5075
5077
5078
5083
5089
5091
5092
5097
5103
5105
5106
5111
5113
5114
5119
5121
5122
5127
5129
5130
5135
5137
5138
5143
5145
5146
5151
5153
5154
5159
5165
5167
5168
5173
5179
5181
5182
5187
5189
5190
5195
5197
5198
5203
5205
5206
5211
5213
5214
5219
5221
5222
5227
5229
5230
5235
5241
5243
5244
5249
5255
5257
5258
5263
5265
5266
5271
5273
5274
5279
5281
5282
5287
5289
5290
5295
5297
5298
5303
5305
5306
5311
5317
5319
5320
5325
5331
5333
5334
5339
5341
5342
5347
5349
5350
5355
5357
5358
5363
5365
5366
5371
5373
5374
5379
5381
5382
5387
5393
5395
5396
5401
5407
5409
5410
5411
5412
5417
5419
5420
5425
5427
5428
5433
5435
5436
5441
5443
5444
5449
5451
5452
5457
5459
5460
5465
5471
5473
5474
5479
5485
5491
5497
5503
5509
5515
5521
5527
5533
5539
5541
5542
5547
5553
5559
5565
5571
5577
5583
5589
5595
5601
5603
5604
5609
5615
5621
5627
5633
5639
5645
5651
5657
5663
5665
5666
5671
5677
5683
5689
5695
5701
5707
5713
5719
5725
5727
5728
5733
5739
5745
5751
5757
5763
5769
5775
5781
5787
5789
5790
5795
5801
5807
5813
5819
5825
5831
5837
5843
5849
5851
5852
5857
5863
5869
5875
5881
5887
5893
5899
5905
5911
5913
5914
5919
5925
5931
5949
5955
5961
5967
5973
5979
5985
5991
6009
6015
6021
6027
6033
6039
6045
6051
6069
6075
6081
6087
6093
6099
6105
6111
6129
6135
6141
6147
6153
6159
6165
6171
6189
6195
6201
6207
6213
6219
6225
6231
6249
6255
6261
6267
6273
6279
6285
6291
6309
6315
6321
6327
6333
6339
6345
6351
6363
6369
6375
6381
6387
6393
6399
6405
6465
6471
6477
6483
6489
6495
6501
6507
6567
6573
6579
6585
6591
6597
6603
6609
6669
6675
6681
6687
6693
6699
6705
6711
6771
6777
6783
6789
6795
6801
6807
6813
6873
6879
6885
6891
6897
6903
6909
6915
6975
6981
6987
6993
6999
7005
7011
7017
7079
7085
7091
7097
7103
7109
7115
7121
3576
3608
3640
3672
3704
3736
3768
3800
56
57
1490
2522
2540
2600
2606
3212
3224
3228
3258
3266
3272
3280
3292
3296
3314
3322
3328
3336
3348
3352
3370
3378
3384
3392
3404
3408
3426
3434
3440
3448
3460
3464
3482
3490
3496
3504
3516
3520
3538
3546
3552
3560
3564
3572
3584
3585
3600
3604
3616
3617
3632
3636
3648
3649
3664
3668
3680
3681
3696
3700
3712
3713
3728
3732
3744
3745
3760
3764
3776
3777
3792
3796
3808
3809
318
319
954
1458
1476
1484
1994
2498
2510
2518
2544
2545
2550
2551
2558
2559
2564
2565
2570
2571
2576
2577
2582
2583
2588
2589
3086
3188
3200
3208
3242
3243
3248
3249
3526
3594
3626
3658
3690
3722
3754
3786
3815
3816
3821
3822
3827
3828
3833
3834
3839
3840
3845
3846
3851
3852
3857
3858
3864
3865
3870
3871
3876
3877
3882
3883
3888
3889
3894
3895
3900
3901
3906
3907
3913
3914
3919
3920
3925
3926
3931
3932
3937
3938
3943
3944
3949
3950
3955
3956
3962
3963
3968
3969
3974
3975
3980
3981
3986
3987
3992
3993
3998
3999
4004
4005
4021
4029
4047
4055
4061
4070
4082
4086
4095
4108
4117
4126
4879
4880
4887
4888
4895
4896
4903
4904
4911
4912
4919
4920
4927
4928
4933
4934
4941
4942
4947
4948
4955
4956
4963
4964
4971
4972
4979
4980
4987
4988
4995
4996
5003
5004
5009
5010
5017
5018
5023
5024
5031
5032
5039
5040
5047
5048
5055
5056
5063
5064
5071
5072
5079
5080
5085
5086
5093
5094
5099
5100
5107
5108
5115
5116
5123
5124
5131
5132
5139
5140
5147
5148
5155
5156
5161
5162
5169
5170
5175
5176
5183
5184
5191
5192
5199
5200
5207
5208
5215
5216
5223
5224
5231
5232
5237
5238
5245
5246
5251
5252
5259
5260
5267
5268
5275
5276
5283
5284
5291
5292
5299
5300
5307
5308
5313
5314
5321
5322
5327
5328
5335
5336
5343
5344
5351
5352
5359
5360
5367
5368
5375
5376
5383
5384
5389
5390
5397
5398
5403
5404
5413
5414
5421
5422
5429
5430
5437
5438
5445
5446
5453
5454
5461
5462
5467
5468
5475
5476
5481
5482
5487
5488
5493
5494
5499
5500
5505
5506
5511
5512
5517
5518
5523
5524
5529
5530
5535
5536
5543
5544
5549
5550
5555
5556
5561
5562
5567
5568
5573
5574
5579
5580
5585
5586
5591
5592
5597
5598
5605
5606
5611
5612
5617
5618
5623
5624
5629
5630
5635
5636
5641
5642
5647
5648
5653
5654
5659
5660
5667
5668
5673
5674
5679
5680
5685
5686
5691
5692
5697
5698
5703
5704
5709
5710
5715
5716
5721
5722
5729
5730
5735
5736
5741
5742
5747
5748
5753
5754
5759
5760
5765
5766
5771
5772
5777
5778
5783
5784
5791
5792
5797
5798
5803
5804
5809
5810
5815
5816
5821
5822
5827
5828
5833
5834
5839
5840
5845
5846
5853
5854
5859
5860
5865
5866
5871
5872
5877
5878
5883
5884
5889
5890
5895
5896
5901
5902
5907
5908
5915
5916
5921
5922
5927
5928
5933
5934
5939
5940
5945
5946
5951
5952
5957
5958
5963
5964
5969
5970
5975
5976
5981
5982
5987
5988
5993
5994
5999
6000
6005
6006
6011
6012
6017
6018
6023
6024
6029
6030
6035
6036
6041
6042
6047
6048
6053
6054
6059
6060
6065
6066
6071
6072
6077
6078
6083
6084
6089
6090
6095
6096
6101
6102
6107
6108
6113
6114
6119
6120
6125
6126
6131
6132
6137
6138
6143
6144
6149
6150
6155
6156
6161
6162
6167
6168
6173
6174
6179
6180
6185
6186
6191
6192
6197
6198
6203
6204
6209
6210
6215
6216
6221
6222
6227
6228
6233
6234
6239
6240
6245
6246
6251
6252
6257
6258
6263
6264
6269
6270
6275
6276
6281
6282
6287
6288
6293
6294
6299
6300
6305
6306
6311
6312
6317
6318
6323
6324
6329
6330
6335
6336
6341
6342
6347
6348
6353
6354
6359
6360
6365
6366
6371
6372
6377
6378
6383
6384
6389
6390
6395
6396
6401
6402
6407
6408
6413
6414
6419
6420
6425
6426
6431
6432
6437
6438
6443
6444
6449
6450
6455
6456
6461
6462
6467
6468
6473
6474
6479
6480
6485
6486
6491
6492
6497
6498
6503
6504
6509
6510
6515
6516
6521
6522
6527
6528
6533
6534
6539
6540
6545
6546
6551
6552
6557
6558
6563
6564
6569
6570
6575
6576
6581
6582
6587
6588
6593
6594
6599
6600
6605
6606
6611
6612
6617
6618
6623
6624
6629
6630
6635
6636
6641
6642
6647
6648
6653
6654
6659
6660
6665
6666
6671
6672
6677
6678
6683
6684
6689
6690
6695
6696
6701
6702
6707
6708
6713
6714
6719
6720
6725
6726
6731
6732
6737
6738
6743
6744
6749
6750
6755
6756
6761
6762
6767
6768
6773
6774
6779
6780
6785
6786
6791
6792
6797
6798
6803
6804
6809
6810
6815
6816
6821
6822
6827
6828
6833
6834
6839
6840
6845
6846
6851
6852
6857
6858
6863
6864
6869
6870
6875
6876
6881
6882
6887
6888
6893
6894
6899
6900
6905
6906
6911
6912
6917
6918
6923
6924
6929
6930
6935
6936
6941
6942
6947
6948
6953
6954
6959
6960
6965
6966
6971
6972
6977
6978
6983
6984
6989
6990
6995
6996
7001
7002
7007
7008
7013
7014
7019
7020
7025
7026
7033
7034
7039
7040
7045
7046
7051
7052
7057
7058
7063
7064
7069
7070
7075
7076
7081
7082
7087
7088
7093
7094
7099
7100
7105
7106
7111
7112
7117
7118
7123
7124
7129
7130
7135
7136
7141
7142
7147
7148
7153
7154
7159
7160
7165
7166
7171
7172
7177
7178
7185
7186
7191
7192
7197
7198
7203
7204
7209
7210
7215
7216
7221
7222
7227
7228
7233
7234
7241
7242
7247
7248
7253
7254
7259
7260
7265
7266
7271
7272
7277
7278
7283
7284
7289
7290
7297
7298
7303
7304
7309
7310
7315
7316
7321
7322
7327
7328
7333
7334
7339
7340
7345
7346
7353
7354
7359
7360
7365
7366
7371
7372
7377
7378
7383
7384
7389
7390
7395
7396
7401
7402
7409
7410
7415
7416
7421
7422
7427
7428
7433
7434
7439
7440
7445
7446
7451
7452
7457
7458
7465
7466
7471
7472
7477
7478
7483
7484
7489
7490
7495
7496
7501
7502
7507
7508
7513
7514
7521
7522
7527
7528
9003
9004
9009
9010
9015
9016
9021
9022
9027
9028
9033
9034
9039
9040
9045
9046
9121
9122
9127
9128
9133
9134
9139
9140
9145
9146
9151
9152
9157
9158
9163
9164
9239
9240
9245
9246
9251
9252
9257
9258
9263
9264
9269
9270
9275
9276
9281
9282
9357
9358
9363
9364
9369
9370
9375
9376
9381
9382
9387
9388
9393
9394
9399
9400
9475
9476
9481
9482
9487
9488
9493
9494
9499
9500
9505
9506
9511
9512
9517
9518
9593
9594
9599
9600
9605
9606
9611
9612
9617
9618
9623
9624
9629
9630
9635
9636
9711
9712
9717
9718
9723
9724
9729
9730
9735
9736
9741
9742
9747
9748
9753
9754
15221
15222
15251
15252
15281
15282
15311
15312
23649
23650
23655
23656
23661
23662
23667
23668
23861
23862
23867
23868
23873
23874
23879
23880
688
932
944
948
1198
1442
1450
1454
1464
1734
1978
1986
1990
2238
2482
2490
2494
2502
2528
2534
2596
2850
3070
3078
3082
3156
3172
3180
3184
3192
3216
3220
3234
3240
3262
3276
3284
3288
3302
3308
3318
3332
3340
3344
3358
3364
3374
3388
3396
3400
3414
3420
3430
3444
3452
3456
3470
3476
3486
3500
3508
3512
3532
3542
3556
3568
4015
4025
4035
4041
4051
4066
4074
4078
4091
4102
4113
4122
4257
4305
4353
4371
4379
4387
4405
4413
4421
4439
4447
4455
4473
4481
4489
4507
4515
4523
4541
4549
4557
4575
4583
4591
4597
4645
4657
4669
4681
4693
4705
4717
4729
4733
4781
4793
4805
4817
4829
4841
4853
4865
4869
4875
7133
7189
7245
7301
7357
7413
7469
7525
7531
7579
7591
7603
7615
7627
7639
7651
7663
7667
7671
7993
8031
8069
8107
8145
8183
8221
8259
8263
8311
8323
8335
8347
8359
8371
8383
8395
8399
8403
8725
8763
8801
8839
8877
8915
8953
8991
8995
9049
9081
9113
9167
9199
9231
9285
9317
9349
9403
9435
9467
9521
9553
9585
9639
9671
9703
9757
9789
9821
9827
9871
9883
9895
9907
9919
9931
9943
9955
9959
9963
10285
10323
10361
10399
10437
10475
10513
10551
10555
10591
10627
10663
10699
10735
10771
10807
10811
10839
10851
10863
10875
10887
10899
10911
10923
10927
10931
11253
11291
11329
11367
11405
11443
11481
11519
11523
11559
11595
11631
11667
11703
11739
11775
11779
11833
11865
11897
11951
11983
12015
12069
12101
12133
12139
12171
12175
12497
12535
12573
12611
12649
12687
12725
12763
12767
12803
12839
12875
12911
12947
12983
13019
13023
13059
13095
13131
13135
13139
13461
13499
13537
13575
13613
13651
13689
13727
13731
13767
13803
13839
13875
13911
13947
13983
13987
14023
14059
14095
14099
14129
14145
14161
14191
14207
14223
14253
14269
14285
14291
14323
14359
14395
14431
14435
14455
14475
14495
14499
14515
14535
14555
14575
14579
14609
14625
14641
14671
14687
14703
14733
14749
14765
14771
14787
14807
14827
14847
14851
14867
14897
14913
14929
14959
14975
14991
15021
15037
15053
15059
15075
15105
15121
15151
15167
15197
15213
15364
15376
15388
15400
15412
15424
15436
15448
15452
15456
15778
15816
15854
15892
15930
15968
16006
16044
16048
16084
16120
16156
16192
16228
16264
16300
16304
16340
16376
16412
16416
16436
16456
16476
16480
16500
16520
16540
16544
16564
16584
16604
16608
16628
16648
16668
16773
16785
16797
16809
16821
16833
16845
16857
16861
16865
17187
17225
17263
17301
17339
17377
17415
17453
17457
17493
17529
17565
17601
17637
17673
17709
17713
17749
17785
17821
17825
17845
17865
17885
17889
17909
17929
17949
17953
17973
17993
18013
18017
18037
18057
18077
18162
18174
18186
18198
18210
18222
18234
18246
18250
18254
18576
18614
18652
18690
18728
18766
18804
18842
18846
18882
18918
18954
18990
19026
19062
19098
19102
19138
19174
19210
19214
19234
19254
19274
19278
19298
19318
19338
19342
19362
19382
19402
19406
19426
19446
19466
19567
19571
19893
19931
19969
20007
20045
20083
20121
20159
20163
20199
20235
20271
20307
20343
20379
20415
20419
20455
20491
20527
20531
20551
20571
20591
20595
20615
20635
20655
20659
20679
20699
20719
20723
20743
20763
20783
20856
21178
21216
21254
21292
21330
21368
21406
21444
21448
21484
21520
21556
21592
21628
21664
21700
21704
21740
21776
21812
21816
21836
21856
21876
21880
21900
21920
21940
21944
21964
21984
22004
22008
22028
22048
22068
22169
22205
22241
22277
22281
22301
22321
22341
22345
22365
22385
22405
22409
22429
22449
22469
22473
22493
22513
22533
22618
22638
22658
22678
22682
22702
22722
22742
22746
22766
22786
22806
22810
22830
22850
22870
22955
22975
22995
23015
23019
23039
23059
23079
23083
23103
23123
23143
23228
23248
23268
23288
23292
23312
23332
23352
23437
23457
23477
23497
206
310
322
426
434
440
544
552
556
562
666
674
678
682
792
800
804
808
912
920
924
928
938
1058
1066
1070
1074
1178
1186
1190
1194
1302
1310
1314
1318
1422
1430
1434
1438
1446
1470
1480
1594
1602
1606
1610
1714
1722
1726
1730
1838
1846
1850
1854
1958
1966
1970
1974
1982
2098
2106
2110
2114
2218
2226
2230
2234
2342
2350
2354
2358
2462
2470
2474
2478
2486
2506
2514
2710
2718
2722
2726
2830
2838
2842
2846
2954
2962
2966
2970
3050
3058
3062
3066
3074
3120
3128
3132
3136
3144
3148
3152
3160
3164
3168
3176
3196
3204
4133
4137
4141
4147
4151
4155
4159
4163
4169
4173
4177
4181
4185
4189
4193
4199
4203
4207
4211
4215
4219
4223
4227
4231
4243
4247
4251
4261
4265
4269
4273
4277
4281
4285
4289
4297
4301
4309
4313
4317
4321
4325
4329
4333
4337
4345
4349
4601
4605
4609
4613
4617
4621
4625
4629
4637
4641
4737
4741
4745
4749
4753
4757
4761
4765
4773
4777
5937
5997
6057
6117
6177
6237
6297
6357
6411
6513
6615
6717
6819
6921
7023
7031
7032
7127
7183
7184
7239
7240
7295
7296
7351
7352
7407
7408
7463
7464
7519
7520
7535
7539
7543
7547
7551
7555
7559
7563
7571
7575
7675
7683
7691
7699
7707
7715
7723
7731
7735
7771
7807
7843
7879
7915
7951
7957
7958
7989
8027
8028
8065
8066
8103
8104
8141
8142
8179
8180
8217
8218
8255
8256
8267
8271
8275
8279
8283
8287
8291
8295
8303
8307
8407
8415
8423
8431
8439
8447
8455
8463
8467
8503
8539
8575
8611
8647
8683
8689
8690
8721
8759
8760
8797
8798
8835
8836
8873
8874
8911
8912
8949
8950
8987
8988
9831
9835
9839
9843
9847
9851
9855
9863
9867
9967
9975
9983
9991
9999
10007
10015
10023
10027
10063
10099
10135
10171
10207
10243
10249
10250
10281
10319
10320
10357
10358
10395
10396
10433
10434
10471
10472
10509
10510
10547
10548
10815
10819
10823
10831
10835
10935
10943
10951
10959
10967
10975
10983
10991
10995
11031
11067
11103
11139
11175
11211
11217
11218
11249
11287
11288
11325
11326
11363
11364
11401
11402
11439
11440
11477
11478
11515
11516
12179
12187
12195
12203
12211
12219
12227
12235
12239
12275
12311
12347
12383
12419
12455
12461
12462
12493
12531
12532
12569
12570
12607
12608
12645
12646
12683
12684
12721
12722
12759
12760
13143
13151
13159
13167
13175
13183
13191
13199
13203
13239
13275
13311
13347
13383
13419
13425
13426
13457
13495
13496
13533
13534
13571
13572
13609
13610
13647
13648
13685
13686
13723
13724
15219
15249
15279
15309
15315
15320
15324
15328
15332
15336
15340
15344
15348
15356
15360
15460
15468
15476
15484
15492
15500
15508
15516
15520
15556
15592
15628
15664
15700
15736
15742
15743
15774
15812
15813
15850
15851
15888
15889
15926
15927
15964
15965
16002
16003
16040
16041
16672
16692
16712
16732
16736
16741
16745
16749
16753
16757
16765
16769
16869
16877
16885
16893
16901
16909
16917
16925
16929
16965
17001
17037
17073
17109
17145
17151
17152
17183
17221
17222
17259
17260
17297
17298
17335
17336
17373
17374
17411
17412
17449
17450
18081
18101
18121
18141
18145
18150
18158
18258
18266
18274
18282
18290
18298
18306
18314
18318
18354
18390
18426
18462
18498
18534
18540
18541
18572
18610
18611
18648
18649
18686
18687
18724
18725
18762
18763
18800
18801
18838
18839
19470
19490
19510
19530
19534
19575
19583
19591
19599
19607
19615
19623
19631
19635
19671
19707
19743
19779
19815
19851
19857
19858
19889
19927
19928
19965
19966
20003
20004
20041
20042
20079
20080
20117
20118
20155
20156
20787
20807
20827
20847
20851
20860
20868
20876
20884
20892
20900
20908
20916
20920
20956
20992
21028
21064
21100
21136
21142
21143
21174
21212
21213
21250
21251
21288
21289
21326
21327
21364
21365
21402
21403
21440
21441
22072
22092
22112
22132
22136
22537
22557
22577
22597
22601
22874
22894
22914
22934
22938
23147
23167
23187
23207
23211
23356
23376
23396
23416
23420
23501
23521
23541
23561
23565
23582
23602
23622
23642
23646
23671
23688
23705
23722
23739
23756
23773
23790
23807
23824
23841
23858
23883
23900
23917
23934
23951
23968
23985
24002
24019
24036
24053
24070
4
5
7
20
21
50
51
94
95
24
48
54
60
84
88
92
98
122
126
130
134
142
143
144
145
150
174
178
182
186
192
193
194
195
196
197
200
230
234
238
242
248
249
250
251
252
253
256
280
284
288
292
298
299
300
301
302
303
306
316
346
350
354
358
364
365
366
367
368
369
372
396
400
404
408
414
415
416
417
418
419
422
430
464
468
472
476
482
483
484
485
486
487
490
514
518
522
526
532
533
534
535
536
537
540
548
586
590
594
598
604
605
606
607
608
609
612
636
640
644
648
654
655
656
657
658
659
662
670
712
716
720
724
730
731
732
733
734
735
738
762
766
770
774
780
781
782
783
784
785
788
796
832
836
840
844
850
851
852
853
854
855
858
882
886
890
894
900
901
902
903
904
905
908
916
978
982
986
990
996
997
998
999
1000
1001
1004
1028
1032
1036
1040
1046
1047
1048
1049
1050
1051
1054
1062
1098
1102
1106
1110
1116
1117
1118
1119
1120
1121
1124
1148
1152
1156
1160
1166
1167
1168
1169
1170
1171
1174
1182
1222
1226
1230
1234
1240
1241
1242
1243
1244
1245
1248
1272
1276
1280
1284
1290
1291
1292
1293
1294
1295
1298
1306
1342
1346
1350
1354
1360
1361
1362
1363
1364
1365
1368
1392
1396
1400
1404
1410
1411
1412
1413
1414
1415
1418
1426
1514
1518
1522
1526
1532
1533
1534
1535
1536
1537
1540
1564
1568
1572
1576
1582
1583
1584
1585
1586
1587
1590
1598
1634
1638
1642
1646
1652
1653
1654
1655
1656
1657
1660
1684
1688
1692
1696
1702
1703
1704
1705
1706
1707
1710
1718
1758
1762
1766
1770
1776
1777
1778
1779
1780
1781
1784
1808
1812
1816
1820
1826
1827
1828
1829
1830
1831
1834
1842
1878
1882
1886
1890
1896
1897
1898
1899
1900
1901
1904
1928
1932
1936
1940
1946
1947
1948
1949
1950
1951
1954
1962
2018
2022
2026
2030
2036
2037
2038
2039
2040
2041
2044
2068
2072
2076
2080
2086
2087
2088
2089
2090
2091
2094
2102
2138
2142
2146
2150
2156
2157
2158
2159
2160
2161
2164
2188
2192
2196
2200
2206
2207
2208
2209
2210
2211
2214
2222
2262
2266
2270
2274
2280
2281
2282
2283
2284
2285
2288
2312
2316
2320
2324
2330
2331
2332
2333
2334
2335
2338
2346
2382
2386
2390
2394
2400
2401
2402
2403
2404
2405
2408
2432
2436
2440
2444
2450
2451
2452
2453
2454
2455
2458
2466
2630
2634
2638
2642
2648
2649
2650
2651
2652
2653
2656
2680
2684
2688
2692
2698
2699
2700
2701
2702
2703
2706
2714
2750
2754
2758
2762
2768
2769
2770
2771
2772
2773
2776
2800
2804
2808
2812
2818
2819
2820
2821
2822
2823
2826
2834
2874
2878
2882
2886
2892
2893
2894
2895
2896
2897
2900
2924
2928
2932
2936
2942
2943
2944
2945
2946
2947
2950
2958
2994
2998
3002
3006
3012
3013
3014
3015
3016
3017
3020
3024
3028
3032
3038
3039
3040
3041
3042
3043
3046
3054
3090
3096
3097
3098
3099
3100
3101
3104
3110
3111
3112
3113
3116
3124
3140
4237
4293
4341
4359
4365
4375
4383
4393
4399
4409
4417
4427
4433
4443
4451
4461
4467
4477
4485
4495
4501
4511
4519
4529
4535
4545
4553
4563
4569
4579
4587
4633
4649
4653
4661
4665
4673
4677
4685
4689
4697
4701
4709
4713
4721
4725
4769
4785
4789
4797
4801
4809
4813
4821
4825
4833
4837
4845
4849
4857
4861
5943
6003
6063
6123
6183
6243
6303
6417
6423
6429
6435
6441
6447
6453
6459
6519
6525
6531
6537
6543
6549
6555
6561
6621
6627
6633
6639
6645
6651
6657
6663
6723
6729
6735
6741
6747
6753
6759
6765
6825
6831
6837
6843
6849
6855
6861
6867
6927
6933
6939
6945
6951
6957
6963
6969
7029
7037
7043
7049
7055
7061
7067
7073
7139
7145
7151
7157
7163
7169
7175
7181
7195
7201
7207
7213
7219
7225
7231
7237
7251
7257
7263
7269
7275
7281
7287
7293
7307
7313
7319
7325
7331
7337
7343
7349
7363
7369
7375
7381
7387
7393
7399
7405
7419
7425
7431
7437
7443
7449
7455
7461
7475
7481
7487
7493
7499
7505
7511
7517
7567
7583
7587
7595
7599
7607
7611
7619
7623
7631
7635
7643
7647
7655
7659
7679
7687
7695
7703
7711
7719
7727
7739
7743
7747
7751
7755
7759
7763
7767
7775
7779
7783
7787
7791
7795
7799
7803
7811
7815
7819
7823
7827
7831
7835
7839
7847
7851
7855
7859
7863
7867
7871
7875
7883
7887
7891
7895
7899
7903
7907
7911
7919
7923
7927
7931
7935
7939
7943
7947
7955
7961
7965
7969
7973
7977
7981
7985
7997
8001
8005
8009
8013
8017
8021
8025
8035
8039
8043
8047
8051
8055
8059
8063
8073
8077
8081
8085
8089
8093
8097
8101
8111
8115
8119
8123
8127
8131
8135
8139
8149
8153
8157
8161
8165
8169
8173
8177
8187
8191
8195
8199
8203
8207
8211
8215
8225
8229
8233
8237
8241
8245
8249
8253
8299
8315
8319
8327
8331
8339
8343
8351
8355
8363
8367
8375
8379
8387
8391
8411
8419
8427
8435
8443
8451
8459
8471
8475
8479
8483
8487
8491
8495
8499
8507
8511
8515
8519
8523
8527
8531
8535
8543
8547
8551
8555
8559
8563
8567
8571
8579
8583
8587
8591
8595
8599
8603
8607
8615
8619
8623
8627
8631
8635
8639
8643
8651
8655
8659
8663
8667
8671
8675
8679
8687
8693
8697
8701
8705
8709
8713
8717
8729
8733
8737
8741
8745
8749
8753
8757
8767
8771
8775
8779
8783
8787
8791
8795
8805
8809
8813
8817
8821
8825
8829
8833
8843
8847
8851
8855
8859
8863
8867
8871
8881
8885
8889
8893
8897
8901
8905
8909
8919
8923
8927
8931
8935
8939
8943
8947
8957
8961
8965
8969
8973
8977
8981
8985
9001
9007
9013
9019
9025
9031
9037
9043
9053
9057
9061
9065
9069
9073
9077
9085
9089
9093
9097
9101
9105
9109
9119
9125
9131
9137
9143
9149
9155
9161
9171
9175
9179
9183
9187
9191
9195
9203
9207
9211
9215
9219
9223
9227
9237
9243
9249
9255
9261
9267
9273
9279
9289
9293
9297
9301
9305
9309
9313
9321
9325
9329
9333
9337
9341
9345
9355
9361
9367
9373
9379
9385
9391
9397
9407
9411
9415
9419
9423
9427
9431
9439
9443
9447
9451
9455
9459
9463
9473
9479
9485
9491
9497
9503
9509
9515
9525
9529
9533
9537
9541
9545
9549
9557
9561
9565
9569
9573
9577
9581
9591
9597
9603
9609
9615
9621
9627
9633
9643
9647
9651
9655
9659
9663
9667
9675
9679
9683
9687
9691
9695
9699
9709
9715
9721
9727
9733
9739
9745
9751
9761
9765
9769
9773
9777
9781
9785
9793
9797
9801
9805
9809
9813
9817
9859
9875
9879
9887
9891
9899
9903
9911
9915
9923
9927
9935
9939
9947
9951
9971
9979
9987
9995
10003
10011
10019
10031
10035
10039
10043
10047
10051
10055
10059
10067
10071
10075
10079
10083
10087
10091
10095
10103
10107
10111
10115
10119
10123
10127
10131
10139
10143
10147
10151
10155
10159
10163
10167
10175
10179
10183
10187
10191
10195
10199
10203
10211
10215
10219
10223
10227
10231
10235
10239
10247
10253
10257
10261
10265
10269
10273
10277
10289
10293
10297
10301
10305
10309
10313
10317
10327
10331
10335
10339
10343
10347
10351
10355
10365
10369
10373
10377
10381
10385
10389
10393
10403
10407
10411
10415
10419
10423
10427
10431
10441
10445
10449
10453
10457
10461
10465
10469
10479
10483
10487
10491
10495
10499
10503
10507
10517
10521
10525
10529
10533
10537
10541
10545
10559
10563
10567
10571
10575
10579
10583
10587
10595
10599
10603
10607
10611
10615
10619
10623
10631
10635
10639
10643
10647
10651
10655
10659
10667
10671
10675
10679
10683
10687
10691
10695
10703
10707
10711
10715
10719
10723
10727
10731
10739
10743
10747
10751
10755
10759
10763
10767
10775
10779
10783
10787
10791
10795
10799
10803
10827
10843
10847
10855
10859
10867
10871
10879
10883
10891
10895
10903
10907
10915
10919
10939
10947
10955
10963
10971
10979
10987
10999
11003
11007
11011
11015
11019
11023
11027
11035
11039
11043
11047
11051
11055
11059
11063
11071
11075
11079
11083
11087
11091
11095
11099
11107
11111
11115
11119
11123
11127
11131
11135
11143
11147
11151
11155
11159
11163
11167
11171
11179
11183
11187
11191
11195
11199
11203
11207
11215
11221
11225
11229
11233
11237
11241
11245
11257
11261
11265
11269
11273
11277
11281
11285
11295
11299
11303
11307
11311
11315
11319
11323
11333
11337
11341
11345
11349
11353
11357
11361
11371
11375
11379
11383
11387
11391
11395
11399
11409
11413
11417
11421
11425
11429
11433
11437
11447
11451
11455
11459
11463
11467
11471
11475
11485
11489
11493
11497
11501
11505
11509
11513
11527
11531
11535
11539
11543
11547
11551
11555
11563
11567
11571
11575
11579
11583
11587
11591
11599
11603
11607
11611
11615
11619
11623
11627
11635
11639
11643
11647
11651
11655
11659
11663
11671
11675
11679
11683
11687
11691
11695
11699
11707
11711
11715
11719
11723
11727
11731
11735
11743
11747
11751
11755
11759
11763
11767
11771
11785
11791
11797
11803
11809
11815
11821
11827
11837
11841
11845
11849
11853
11857
11861
11869
11873
11877
11881
11885
11889
11893
11903
11909
11915
11921
11927
11933
11939
11945
11955
11959
11963
11967
11971
11975
11979
11987
11991
11995
11999
12003
12007
12011
12021
12027
12033
12039
12045
12051
12057
12063
12073
12077
12081
12085
12089
12093
12097
12105
12109
12113
12117
12121
12125
12129
12143
12147
12151
12155
12159
12163
12167
12183
12191
12199
12207
12215
12223
12231
12243
12247
12251
12255
12259
12263
12267
12271
12279
12283
12287
12291
12295
12299
12303
12307
12315
12319
12323
12327
12331
12335
12339
12343
12351
12355
12359
12363
12367
12371
12375
12379
12387
12391
12395
12399
12403
12407
12411
12415
12423
12427
12431
12435
12439
12443
12447
12451
12459
12465
12469
12473
12477
12481
12485
12489
12501
12505
12509
12513
12517
12521
12525
12529
12539
12543
12547
12551
12555
12559
12563
12567
12577
12581
12585
12589
12593
12597
12601
12605
12615
12619
12623
12627
12631
12635
12639
12643
12653
12657
12661
12665
12669
12673
12677
12681
12691
12695
12699
12703
12707
12711
12715
12719
12729
12733
12737
12741
12745
12749
12753
12757
12771
12775
12779
12783
12787
12791
12795
12799
12807
12811
12815
12819
12823
12827
12831
12835
12843
12847
12851
12855
12859
12863
12867
12871
12879
12883
12887
12891
12895
12899
12903
12907
12915
12919
12923
12927
12931
12935
12939
12943
12951
12955
12959
12963
12967
12971
12975
12979
12987
12991
12995
12999
13003
13007
13011
13015
13027
13031
13035
13039
13043
13047
13051
13055
13063
13067
13071
13075
13079
13083
13087
13091
13099
13103
13107
13111
13115
13119
13123
13127
13147
13155
13163
13171
13179
13187
13195
13207
13211
13215
13219
13223
13227
13231
13235
13243
13247
13251
13255
13259
13263
13267
13271
13279
13283
13287
13291
13295
13299
13303
13307
13315
13319
13323
13327
13331
13335
13339
13343
13351
13355
13359
13363
13367
13371
13375
13379
13387
13391
13395
13399
13403
13407
13411
13415
13423
13429
13433
13437
13441
13445
13449
13453
13465
13469
13473
13477
13481
13485
13489
13493
13503
13507
13511
13515
13519
13523
13527
13531
13541
13545
13549
13553
13557
13561
13565
13569
13579
13583
13587
13591
13595
13599
13603
13607
13617
13621
13625
13629
13633
13637
13641
13645
13655
13659
13663
13667
13671
13675
13679
13683
13693
13697
13701
13705
13709
13713
13717
13721
13735
13739
13743
13747
13751
13755
13759
13763
13771
13775
13779
13783
13787
13791
13795
13799
13807
13811
13815
13819
13823
13827
13831
13835
13843
13847
13851
13855
13859
13863
13867
13871
13879
13883
13887
13891
13895
13899
13903
13907
13915
13919
13923
13927
13931
13935
13939
13943
13951
13955
13959
13963
13967
13971
13975
13979
13991
13995
13999
14003
14007
14011
14015
14019
14027
14031
14035
14039
14043
14047
14051
14055
14063
14067
14071
14075
14079
14083
14087
14091
14105
14111
14117
14123
14133
14137
14141
14149
14153
14157
14167
14173
14179
14185
14195
14199
14203
14211
14215
14219
14229
14235
14241
14247
14257
14261
14265
14273
14277
14281
14295
14299
14303
14307
14311
14315
14319
14327
14331
14335
14339
14343
14347
14351
14355
14363
14367
14371
14375
14379
14383
14387
14391
14399
14403
14407
14411
14415
14419
14423
14427
14439
14443
14447
14451
14459
14463
14467
14471
14479
14483
14487
14491
14503
14507
14511
14519
14523
14527
14531
14539
14543
14547
14551
14559
14563
14567
14571
14585
14591
14597
14603
14613
14617
14621
14629
14633
14637
14647
14653
14659
14665
14675
14679
14683
14691
14695
14699
14709
14715
14721
14727
14737
14741
14745
14753
14757
14761
14775
14779
14783
14791
14795
14799
14803
14811
14815
14819
14823
14831
14835
14839
14843
14855
14859
14863
14873
14879
14885
14891
14901
14905
14909
14917
14921
14925
14935
14941
14947
14953
14963
14967
14971
14979
14983
14987
14997
15003
15009
15015
15025
15029
15033
15041
15045
15049
15063
15067
15071
15081
15087
15093
15099
15109
15113
15117
15127
15133
15139
15145
15155
15159
15163
15173
15179
15185
15191
15201
15205
15209
15225
15231
15237
15243
15255
15261
15267
15273
15285
15291
15297
15303
15352
15368
15372
15380
15384
15392
15396
15404
15408
15416
15420
15428
15432
15440
15444
15464
15472
15480
15488
15496
15504
15512
15524
15528
15532
15536
15540
15544
15548
15552
15560
15564
15568
15572
15576
15580
15584
15588
15596
15600
15604
15608
15612
15616
15620
15624
15632
15636
15640
15644
15648
15652
15656
15660
15668
15672
15676
15680
15684
15688
15692
15696
15704
15708
15712
15716
15720
15724
15728
15732
15740
15746
15750
15754
15758
15762
15766
15770
15782
15786
15790
15794
15798
15802
15806
15810
15820
15824
15828
15832
15836
15840
15844
15848
15858
15862
15866
15870
15874
15878
15882
15886
15896
15900
15904
15908
15912
15916
15920
15924
15934
15938
15942
15946
15950
15954
15958
15962
15972
15976
15980
15984
15988
15992
15996
16000
16010
16014
16018
16022
16026
16030
16034
16038
16052
16056
16060
16064
16068
16072
16076
16080
16088
16092
16096
16100
16104
16108
16112
16116
16124
16128
16132
16136
16140
16144
16148
16152
16160
16164
16168
16172
16176
16180
16184
16188
16196
16200
16204
16208
16212
16216
16220
16224
16232
16236
16240
16244
16248
16252
16256
16260
16268
16272
16276
16280
16284
16288
16292
16296
16308
16312
16316
16320
16324
16328
16332
16336
16344
16348
16352
16356
16360
16364
16368
16372
16380
16384
16388
16392
16396
16400
16404
16408
16420
16424
16428
16432
16440
16444
16448
16452
16460
16464
16468
16472
16484
16488
16492
16496
16504
16508
16512
16516
16524
16528
16532
16536
16548
16552
16556
16560
16568
16572
16576
16580
16588
16592
16596
16600
16612
16616
16620
16624
16632
16636
16640
16644
16652
16656
16660
16664
16676
16680
16684
16688
16696
16700
16704
16708
16716
16720
16724
16728
16761
16777
16781
16789
16793
16801
16805
16813
16817
16825
16829
16837
16841
16849
16853
16873
16881
16889
16897
16905
16913
16921
16933
16937
16941
16945
16949
16953
16957
16961
16969
16973
16977
16981
16985
16989
16993
16997
17005
17009
17013
17017
17021
17025
17029
17033
17041
17045
17049
17053
17057
17061
17065
17069
17077
17081
17085
17089
17093
17097
17101
17105
17113
17117
17121
17125
17129
17133
17137
17141
17149
17155
17159
17163
17167
17171
17175
17179
17191
17195
17199
17203
17207
17211
17215
17219
17229
17233
17237
17241
17245
17249
17253
17257
17267
17271
17275
17279
17283
17287
17291
17295
17305
17309
17313
17317
17321
17325
17329
17333
17343
17347
17351
17355
17359
17363
17367
17371
17381
17385
17389
17393
17397
17401
17405
17409
17419
17423
17427
17431
17435
17439
17443
17447
17461
17465
17469
17473
17477
17481
17485
17489
17497
17501
17505
17509
17513
17517
17521
17525
17533
17537
17541
17545
17549
17553
17557
17561
17569
17573
17577
17581
17585
17589
17593
17597
17605
17609
17613
17617
17621
17625
17629
17633
17641
17645
17649
17653
17657
17661
17665
17669
17677
17681
17685
17689
17693
17697
17701
17705
17717
17721
17725
17729
17733
17737
17741
17745
17753
17757
17761
17765
17769
17773
17777
17781
17789
17793
17797
17801
17805
17809
17813
17817
17829
17833
17837
17841
17849
17853
17857
17861
17869
17873
17877
17881
17893
17897
17901
17905
17913
17917
17921
17925
17933
17937
17941
17945
17957
17961
17965
17969
17977
17981
17985
17989
17997
18001
18005
18009
18021
18025
18029
18033
18041
18045
18049
18053
18061
18065
18069
18073
18085
18089
18093
18097
18105
18109
18113
18117
18125
18129
18133
18137
18154
18166
18170
18178
18182
18190
18194
18202
18206
18214
18218
18226
18230
18238
18242
18262
18270
18278
18286
18294
18302
18310
18322
18326
18330
18334
18338
18342
18346
18350
18358
18362
18366
18370
18374
18378
18382
18386
18394
18398
18402
18406
18410
18414
18418
18422
18430
18434
18438
18442
18446
18450
18454
18458
18466
18470
18474
18478
18482
18486
18490
18494
18502
18506
18510
18514
18518
18522
18526
18530
18538
18544
18548
18552
18556
18560
18564
18568
18580
18584
18588
18592
18596
18600
18604
18608
18618
18622
18626
18630
18634
18638
18642
18646
18656
18660
18664
18668
18672
18676
18680
18684
18694
18698
18702
18706
18710
18714
18718
18722
18732
18736
18740
18744
18748
18752
18756
18760
18770
18774
18778
18782
18786
18790
18794
18798
18808
18812
18816
18820
18824
18828
18832
18836
18850
18854
18858
18862
18866
18870
18874
18878
18886
18890
18894
18898
18902
18906
18910
18914
18922
18926
18930
18934
18938
18942
18946
18950
18958
18962
18966
18970
18974
18978
18982
18986
18994
18998
19002
19006
19010
19014
19018
19022
19030
19034
19038
19042
19046
19050
19054
19058
19066
19070
19074
19078
19082
19086
19090
19094
19106
19110
19114
19118
19122
19126
19130
19134
19142
19146
19150
19154
19158
19162
19166
19170
19178
19182
19186
19190
19194
19198
19202
19206
19218
19222
19226
19230
19238
19242
19246
19250
19258
19262
19266
19270
19282
19286
19290
19294
19302
19306
19310
19314
19322
19326
19330
19334
19346
19350
19354
19358
19366
19370
19374
19378
19386
19390
19394
19398
19410
19414
19418
19422
19430
19434
19438
19442
19450
19454
19458
19462
19474
19478
19482
19486
19494
19498
19502
19506
19514
19518
19522
19526
19539
19543
19547
19551
19555
19559
19563
19579
19587
19595
19603
19611
19619
19627
19639
19643
19647
19651
19655
19659
19663
19667
19675
19679
19683
19687
19691
19695
19699
19703
19711
19715
19719
19723
19727
19731
19735
19739
19747
19751
19755
19759
19763
19767
19771
19775
19783
19787
19791
19795
19799
19803
19807
19811
19819
19823
19827
19831
19835
19839
19843
19847
19855
19861
19865
19869
19873
19877
19881
19885
19897
19901
19905
19909
19913
19917
19921
19925
19935
19939
19943
19947
19951
19955
19959
19963
19973
19977
19981
19985
19989
19993
19997
20001
20011
20015
20019
20023
20027
20031
20035
20039
20049
20053
20057
20061
20065
20069
20073
20077
20087
20091
20095
20099
20103
20107
20111
20115
20125
20129
20133
20137
20141
20145
20149
20153
20167
20171
20175
20179
20183
20187
20191
20195
20203
20207
20211
20215
20219
20223
20227
20231
20239
20243
20247
20251
20255
20259
20263
20267
20275
20279
20283
20287
20291
20295
20299
20303
20311
20315
20319
20323
20327
20331
20335
20339
20347
20351
20355
20359
20363
20367
20371
20375
20383
20387
20391
20395
20399
20403
20407
20411
20423
20427
20431
20435
20439
20443
20447
20451
20459
20463
20467
20471
20475
20479
20483
20487
20495
20499
20503
20507
20511
20515
20519
20523
20535
20539
20543
20547
20555
20559
20563
20567
20575
20579
20583
20587
20599
20603
20607
20611
20619
20623
20627
20631
20639
20643
20647
20651
20663
20667
20671
20675
20683
20687
20691
20695
20703
20707
20711
20715
20727
20731
20735
20739
20747
20751
20755
20759
20767
20771
20775
20779
20791
20795
20799
20803
20811
20815
20819
20823
20831
20835
20839
20843
20864
20872
20880
20888
20896
20904
20912
20924
20928
20932
20936
20940
20944
20948
20952
20960
20964
20968
20972
20976
20980
20984
20988
20996
21000
21004
21008
21012
21016
21020
21024
21032
21036
21040
21044
21048
21052
21056
21060
21068
21072
21076
21080
21084
21088
21092
21096
21104
21108
21112
21116
21120
21124
21128
21132
21140
21146
21150
21154
21158
21162
21166
21170
21182
21186
21190
21194
21198
21202
21206
21210
21220
21224
21228
21232
21236
21240
21244
21248
21258
21262
21266
21270
21274
21278
21282
21286
21296
21300
21304
21308
21312
21316
21320
21324
21334
21338
21342
21346
21350
21354
21358
21362
21372
21376
21380
21384
21388
21392
21396
21400
21410
21414
21418
21422
21426
21430
21434
21438
21452
21456
21460
21464
21468
21472
21476
21480
21488
21492
21496
21500
21504
21508
21512
21516
21524
21528
21532
21536
21540
21544
21548
21552
21560
21564
21568
21572
21576
21580
21584
21588
21596
21600
21604
21608
21612
21616
21620
21624
21632
21636
21640
21644
21648
21652
21656
21660
21668
21672
21676
21680
21684
21688
21692
21696
21708
21712
21716
21720
21724
21728
21732
21736
21744
21748
21752
21756
21760
21764
21768
21772
21780
21784
21788
21792
21796
21800
21804
21808
21820
21824
21828
21832
21840
21844
21848
21852
21860
21864
21868
21872
21884
21888
21892
21896
21904
21908
21912
21916
21924
21928
21932
21936
21948
21952
21956
21960
21968
21972
21976
21980
21988
21992
21996
22000
22012
22016
22020
22024
22032
22036
22040
22044
22052
22056
22060
22064
22076
22080
22084
22088
22096
22100
22104
22108
22116
22120
22124
22128
22141
22145
22149
22153
22157
22161
22165
22173
22177
22181
22185
22189
22193
22197
22201
22209
22213
22217
22221
22225
22229
22233
22237
22245
22249
22253
22257
22261
22265
22269
22273
22285
22289
22293
22297
22305
22309
22313
22317
22325
22329
22333
22337
22349
22353
22357
22361
22369
22373
22377
22381
22389
22393
22397
22401
22413
22417
22421
22425
22433
22437
22441
22445
22453
22457
22461
22465
22477
22481
22485
22489
22497
22501
22505
22509
22517
22521
22525
22529
22541
22545
22549
22553
22561
22565
22569
22573
22581
22585
22589
22593
22606
22610
22614
22622
22626
22630
22634
22642
22646
22650
22654
22662
22666
22670
22674
22686
22690
22694
22698
22706
22710
22714
22718
22726
22730
22734
22738
22750
22754
22758
22762
22770
22774
22778
22782
22790
22794
22798
22802
22814
22818
22822
22826
22834
22838
22842
22846
22854
22858
22862
22866
22878
22882
22886
22890
22898
22902
22906
22910
22918
22922
22926
22930
22943
22947
22951
22959
22963
22967
22971
22979
22983
22987
22991
22999
23003
23007
23011
23023
23027
23031
23035
23043
23047
23051
23055
23063
23067
23071
23075
23087
23091
23095
23099
23107
23111
23115
23119
23127
23131
23135
23139
23151
23155
23159
23163
23171
23175
23179
23183
23191
23195
23199
23203
23216
23220
23224
23232
23236
23240
23244
23252
23256
23260
23264
23272
23276
23280
23284
23296
23300
23304
23308
23316
23320
23324
23328
23336
23340
23344
23348
23360
23364
23368
23372
23380
23384
23388
23392
23400
23404
23408
23412
23425
23429
23433
23441
23445
23449
23453
23461
23465
23469
23473
23481
23485
23489
23493
23505
23509
23513
23517
23525
23529
23533
23537
23545
23549
23553
23557
23570
23574
23578
23586
23590
23594
23598
23606
23610
23614
23618
23626
23630
23634
23638
23653
23659
23665
23676
23680
23684
23693
23697
23701
23710
23714
23718
23727
23731
23735
23744
23748
23752
23761
23765
23769
23778
23782
23786
23795
23799
23803
23812
23816
23820
23829
23833
23837
23846
23850
23854
23865
23871
23877
23888
23892
23896
23905
23909
23913
23922
23926
23930
23939
23943
23947
23956
23960
23964
23973
23977
23981
23990
23994
23998
24007
24011
24015
24024
24028
24032
24041
24045
24049
24058
24062
24066
136
137
146
147
202
203
312
313
436
437
558
559
684
685
934
935
940
941
950
951
1460
1461
1466
1467
1472
1473
1486
1487
2524
2525
2530
2531
2536
2537
2602
2603
3230
3231
3236
3237
3254
3255
3268
3269
3298
3299
3304
3305
3310
3311
3324
3325
3354
3355
3360
3361
3366
3367
3380
3381
3410
3411
3416
3417
3422
3423
3436
3437
3466
3467
3472
3473
3478
3479
3492
3493
3522
3523
3528
3529
3534
3535
3548
3549
3590
3591
3596
3597
3622
3623
3628
3629
3654
3655
3660
3661
3686
3687
3692
3693
3718
3719
3724
3725
3750
3751
3756
3757
3782
3783
3788
3789
4011
4012
4017
4018
4031
4032
4037
4038
4043
4044
4057
4058
4098
4099
4104
4105
4129
4130
4143
4144
4165
4166
4195
4196
4233
4234
4239
4240
4253
4254
4355
4356
4361
4362
4367
4368
4389
4390
4395
4396
4401
4402
4423
4424
4429
4430
4435
4436
4457
4458
4463
4464
4469
4470
4491
4492
4497
4498
4503
4504
4525
4526
4531
4532
4537
4538
4559
4560
4565
4566
4571
4572
4593
4594
4871
4872
8997
8998
9115
9116
9233
9234
9351
9352
9469
9470
9587
9588
9705
9706
9823
9824
11781
11782
11787
11788
11793
11794
11799
11800
11805
11806
11811
11812
11817
11818
11823
11824
11829
11830
11899
11900
11905
11906
11911
11912
11917
11918
11923
11924
11929
11930
11935
11936
11941
11942
11947
11948
12017
12018
12023
12024
12029
12030
12035
12036
12041
12042
12047
12048
12053
12054
12059
12060
12065
12066
12135
12136
14101
14102
14107
14108
14113
14114
14119
14120
14125
14126
14163
14164
14169
14170
14175
14176
14181
14182
14187
14188
14225
14226
14231
14232
14237
14238
14243
14244
14249
14250
14287
14288
14581
14582
14587
14588
14593
14594
14599
14600
14605
14606
14643
14644
14649
14650
14655
14656
14661
14662
14667
14668
14705
14706
14711
14712
14717
14718
14723
14724
14729
14730
14767
14768
14869
14870
14875
14876
14881
14882
14887
14888
14893
14894
14931
14932
14937
14938
14943
14944
14949
14950
14955
14956
14993
14994
14999
15000
15005
15006
15011
15012
15017
15018
15055
15056
15077
15078
15083
15084
15089
15090
15095
15096
15101
15102
15123
15124
15129
15130
15135
15136
15141
15142
15147
15148
15169
15170
15175
15176
15181
15182
15187
15188
15193
15194
15215
15216
15227
15228
15233
15234
15239
15240
15245
15246
15257
15258
15263
15264
15269
15270
15275
15276
15287
15288
15293
15294
15299
15300
15305
15306
3578
3579
3610
3611
3642
3643
3674
3675
3706
3707
3738
3739
3770
3771
3802
3803
8
18
34
44
70
80
108
118
140
160
170
190
216
226
246
266
276
296
332
342
362
382
392
412
450
460
480
500
510
530
572
582
602
622
632
652
698
708
728
748
758
778
818
828
848
868
878
898
964
974
994
1014
1024
1044
1084
1094
1114
1134
1144
1164
1208
1218
1238
1258
1268
1288
1328
1338
1358
1378
1388
1408
1500
1510
1530
1550
1560
1580
1620
1630
1650
1670
1680
1700
1744
1754
1774
1794
1804
1824
1864
1874
1894
1914
1924
1944
2004
2014
2034
2054
2064
2084
2124
2134
2154
2174
2184
2204
2248
2258
2278
2298
2308
2328
2368
2378
2398
2418
2428
2448
2616
2626
2646
2666
2676
2696
2736
2746
2766
2786
2796
2816
2860
2870
2890
2910
2920
2940
2980
2990
3010
3036
3094
3108
0
1
2
3
9
24073
24074
24076
16
17
10
11
12
13
14
15
19
24078
24079
24080
24081
22
23
25
24084
32
33
26
27
28
29
30
31
35
24086
24087
24088
24089
42
43
36
37
38
39
40
41
45
24091
24092
24093
24094
46
47
49
24096
52
53
55
24099
58
59
61
24077
24082
24100
24102
68
69
62
63
64
65
66
67
71
24104
24105
24106
24107
78
79
72
73
74
75
76
77
81
24109
24110
24111
24112
82
83
85
24114
86
87
89
24085
24116
90
91
93
24090
24095
24117
24118
96
97
99
24121
106
107
100
101
102
103
104
105
109
24123
24124
24125
24126
116
117
110
111
112
113
114
115
119
24128
24129
24130
24131
120
121
123
24133
124
125
127
24097
24135
128
129
131
24108
24113
24136
24137
132
133
135
24139
138
139
141
24103
24142
148
149
151
24143
24144
24145
24147
158
159
152
153
154
155
156
157
161
24149
24150
24151
24152
168
169
162
163
164
165
166
167
171
24154
24155
24156
24157
172
173
175
24159
176
177
179
24115
24161
180
181
183
24127
24132
24162
24163
184
185
187
24165
188
189
191
24119
24122
24167
198
199
201
24168
24169
24170
24171
24172
204
205
207
24175
214
215
208
209
210
211
212
213
217
24177
24178
24179
24180
224
225
218
219
220
221
222
223
227
24182
24183
24184
24185
228
229
231
24187
232
233
235
24134
24189
236
237
239
24153
24158
24190
24191
240
241
243
24193
244
245
247
24138
24140
24195
254
255
257
24196
24197
24198
24199
24200
264
265
258
259
260
261
262
263
267
24202
24203
24204
24205
274
275
268
269
270
271
272
273
277
24207
24208
24209
24210
278
279
281
24212
282
283
285
24160
24214
286
287
289
24181
24186
24215
24216
290
291
293
24218
294
295
297
24164
24166
24220
304
305
307
24221
24222
24223
24224
24225
308
309
311
24227
314
315
317
24230
320
321
323
24148
24173
24231
24233
330
331
324
325
326
327
328
329
333
24235
24236
24237
24238
340
341
334
335
336
337
338
339
343
24240
24241
24242
24243
344
345
347
24245
348
349
351
24188
24247
352
353
355
24206
24211
24248
24249
356
357
359
24251
360
361
363
24192
24194
24253
370
371
373
24254
24255
24256
24257
24258
380
381
374
375
376
377
378
379
383
24260
24261
24262
24263
390
391
384
385
386
387
388
389
393
24265
24266
24267
24268
394
395
397
24270
398
399
401
24213
24272
402
403
405
24239
24244
24273
24274
406
407
409
24276
410
411
413
24217
24219
24278
420
421
423
24279
24280
24281
24282
24283
424
425
427
24285
428
429
431
24176
24287
432
433
435
24201
24226
24288
24289
438
439
441
24292
448
449
442
443
444
445
446
447
451
24294
24295
24296
24297
458
459
452
453
454
455
456
457
461
24299
24300
24301
24302
462
463
465
24304
466
467
469
24246
24306
470
471
473
24264
24269
24307
24308
474
475
477
24310
478
479
481
24250
24252
24312
488
489
491
24313
24314
24315
24316
24317
498
499
492
493
494
495
496
497
501
24319
24320
24321
24322
508
509
502
503
504
505
506
507
511
24324
24325
24326
24327
512
513
515
24329
516
517
519
24271
24331
520
521
523
24298
24303
24332
24333
524
525
527
24335
528
529
531
24275
24277
24337
538
539
541
24338
24339
24340
24341
24342
542
543
545
24344
546
547
549
24228
24346
550
551
553
24259
24284
24347
24348
554
555
557
24350
560
561
563
24234
24353
570
571
564
565
566
567
568
569
573
24355
24356
24357
24358
580
581
574
575
576
577
578
579
583
24360
24361
24362
24363
584
585
587
24365
588
589
591
24305
24367
592
593
595
24323
24328
24368
24369
596
597
599
24371
600
601
603
24309
24311
24373
610
611
613
24374
24375
24376
24377
24378
620
621
614
615
616
617
618
619
623
24380
24381
24382
24383
630
631
624
625
626
627
628
629
633
24385
24386
24387
24388
634
635
637
24390
638
639
641
24330
24392
642
643
645
24359
24364
24393
24394
646
647
649
24396
650
651
653
24334
24336
24398
660
661
663
24399
24400
24401
24402
24403
664
665
667
24405
668
669
671
24286
24407
672
673
675
24318
24343
24408
24409
676
677
679
24411
680
681
683
24290
24293
24413
686
687
689
24416
696
697
690
691
692
693
694
695
699
24418
24419
24420
24421
706
707
700
701
702
703
704
705
709
24423
24424
24425
24426
710
711
713
24428
714
715
717
24366
24430
718
719
721
24384
24389
24431
24432
722
723
725
24434
726
727
729
24370
24372
24436
736
737
739
24437
24438
24439
24440
24441
746
747
740
741
742
743
744
745
749
24443
24444
24445
24446
756
757
750
751
752
753
754
755
759
24448
24449
24450
24451
760
761
763
24453
764
765
767
24391
24455
768
769
771
24422
24427
24456
24457
772
773
775
24459
776
777
779
24395
24397
24461
786
787
789
24462
24463
24464
24465
24466
790
791
793
24468
794
795
797
24345
24470
798
799
801
24379
24404
24471
24472
802
803
805
24474
806
807
809
24349
24351
24476
816
817
810
811
812
813
814
815
819
24478
24479
24480
24481
826
827
820
821
822
823
824
825
829
24483
24484
24485
24486
830
831
833
24488
834
835
837
24429
24490
838
839
841
24447
24452
24491
24492
842
843
845
24494
846
847
849
24433
24435
24496
856
857
859
24497
24498
24499
24500
24501
866
867
860
861
862
863
864
865
869
24503
24504
24505
24506
876
877
870
871
872
873
874
875
879
24508
24509
24510
24511
880
881
883
24513
884
885
887
24454
24515
888
889
891
24482
24487
24516
24517
892
893
895
24519
896
897
899
24458
24460
24521
906
907
909
24522
24523
24524
24525
24526
910
911
913
24528
914
915
917
24406
24530
918
919
921
24442
24467
24531
24532
922
923
925
24534
926
927
929
24410
24412
24536
930
931
933
24538
936
937
939
24541
942
943
945
24544
946
947
949
24546
952
953
955
24542
24549
962
963
956
957
958
959
960
961
965
24551
24552
24553
24554
972
973
966
967
968
969
970
971
975
24556
24557
24558
24559
976
977
979
24561
980
981
983
24489
24563
984
985
987
24507
24512
24564
24565
988
989
991
24567
992
993
995
24493
24495
24569
1002
1003
1005
24570
24571
24572
24573
24574
1012
1013
1006
1007
1008
1009
1010
1011
1015
24576
24577
24578
24579
1022
1023
1016
1017
1018
1019
1020
1021
1025
24581
24582
24583
24584
1026
1027
1029
24586
1030
1031
1033
24514
24588
1034
1035
1037
24555
24560
24589
24590
1038
1039
1041
24592
1042
1043
1045
24518
24520
24594
1052
1053
1055
24595
24596
24597
24598
24599
1056
1057
1059
24601
1060
1061
1063
24469
24603
1064
1065
1067
24502
24527
24604
24605
1068
1069
1071
24607
1072
1073
1075
24473
24475
24609
1082
1083
1076
1077
1078
1079
1080
1081
1085
24611
24612
24613
24614
1092
1093
1086
1087
1088
1089
1090
1091
1095
24616
24617
24618
24619
1096
1097
1099
24621
1100
1101
1103
24562
24623
1104
1105
1107
24580
24585
24624
24625
1108
1109
1111
24627
1112
1113
1115
24566
24568
24629
1122
1123
1125
24630
24631
24632
24633
24634
1132
1133
1126
1127
1128
1129
1130
1131
1135
24636
24637
24638
24639
1142
1143
1136
1137
1138
1139
1140
1141
1145
24641
24642
24643
24644
1146
1147
1149
24646
1150
1151
1153
24587
24648
1154
1155
1157
24615
24620
24649
24650
1158
1159
1161
24652
1162
1163
1165
24591
24593
24654
1172
1173
1175
24655
24656
24657
24658
24659
1176
1177
1179
24661
1180
1181
1183
24529
24663
1184
1185
1187
24575
24600
24664
24665
1188
1189
1191
24667
1192
1193
1195
24533
24535
24669
1196
1197
1199
24671
1206
1207
1200
1201
1202
1203
1204
1205
1209
24673
24674
24675
24676
1216
1217
1210
1211
1212
1213
1214
1215
1219
24678
24679
24680
24681
1220
1221
1223
24683
1224
1225
1227
24622
24685
1228
1229
1231
24640
24645
24686
24687
1232
1233
1235
24689
1236
1237
1239
24626
24628
24691
1246
1247
1249
24692
24693
24694
24695
24696
1256
1257
1250
1251
1252
1253
1254
1255
1259
24698
24699
24700
24701
1266
1267
1260
1261
1262
1263
1264
1265
1269
24703
24704
24705
24706
1270
1271
1273
24708
1274
1275
1277
24647
24710
1278
1279
1281
24677
24682
24711
24712
1282
1283
1285
24714
1286
1287
1289
24651
24653
24716
1296
1297
1299
24717
24718
24719
24720
24721
1300
1301
1303
24723
1304
1305
1307
24602
24725
1308
1309
1311
24635
24660
24726
24727
1312
1313
1315
24729
1316
1317
1319
24606
24608
24731
1326
1327
1320
1321
1322
1323
1324
1325
1329
24733
24734
24735
24736
1336
1337
1330
1331
1332
1333
1334
1335
1339
24738
24739
24740
24741
1340
1341
1343
24743
1344
1345
1347
24684
24745
1348
1349
1351
24702
24707
24746
24747
1352
1353
1355
24749
1356
1357
1359
24688
24690
24751
1366
1367
1369
24752
24753
24754
24755
24756
1376
1377
1370
1371
1372
1373
1374
1375
1379
24758
24759
24760
24761
1386
1387
1380
1381
1382
1383
1384
1385
1389
24763
24764
24765
24766
1390
1391
1393
24768
1394
1395
1397
24709
24770
1398
1399
1401
24737
24742
24771
24772
1402
1403
1405
24774
1406
1407
1409
24713
24715
24776
1416
1417
1419
24777
24778
24779
24780
24781
1420
1421
1423
24783
1424
1425
1427
24662
24785
1428
1429
1431
24697
24722
24786
24787
1432
1433
1435
24789
1436
1437
1439
24666
24668
24791
1440
1441
1443
24793
1444
1445
1447
24795
1448
1449
1451
24797
1452
1453
1455
24799
1456
1457
1459
24796
24801
1462
1463
1465
24804
1468
1469
1471
24417
24807
1474
1475
1477
24808
24545
24810
1478
1479
1481
24539
24672
24812
1482
1483
1485
24813
24547
24798
24814
1488
1489
1491
24805
24817
1498
1499
1492
1493
1494
1495
1496
1497
1501
24819
24820
24821
24822
1508
1509
1502
1503
1504
1505
1506
1507
1511
24824
24825
24826
24827
1512
1513
1515
24829
1516
1517
1519
24744
24831
1520
1521
1523
24762
24767
24832
24833
1524
1525
1527
24835
1528
1529
1531
24748
24750
24837
1538
1539
1541
24838
24839
24840
24841
24842
1548
1549
1542
1543
1544
1545
1546
1547
1551
24844
24845
24846
24847
1558
1559
1552
1553
1554
1555
1556
1557
1561
24849
24850
24851
24852
1562
1563
1565
24854
1566
1567
1569
24769
24856
1570
1571
1573
24823
24828
24857
24858
1574
1575
1577
24860
1578
1579
1581
24773
24775
24862
1588
1589
1591
24863
24864
24865
24866
24867
1592
1593
1595
24869
1596
1597
1599
24724
24871
1600
1601
1603
24757
24782
24872
24873
1604
1605
1607
24875
1608
1609
1611
24728
24730
24877
1618
1619
1612
1613
1614
1615
1616
1617
1621
24879
24880
24881
24882
1628
1629
1622
1623
1624
1625
1626
1627
1631
24884
24885
24886
24887
1632
1633
1635
24889
1636
1637
1639
24830
24891
1640
1641
1643
24848
24853
24892
24893
1644
1645
1647
24895
1648
1649
1651
24834
24836
24897
1658
1659
1661
24898
24899
24900
24901
24902
1668
1669
1662
1663
1664
1665
1666
1667
1671
24904
24905
24906
24907
1678
1679
1672
1673
1674
1675
1676
1677
1681
24909
24910
24911
24912
1682
1683
1685
24914
1686
1687
1689
24855
24916
1690
1691
1693
24883
24888
24917
24918
1694
1695
1697
24920
1698
1699
1701
24859
24861
24922
1708
1709
1711
24923
24924
24925
24926
24927
1712
1713
1715
24929
1716
1717
1719
24784
24931
1720
1721
1723
24843
24868
24932
24933
1724
1725
1727
24935
1728
1729
1731
24788
24790
24937
1732
1733
1735
24939
1742
1743
1736
1737
1738
1739
1740
1741
1745
24941
24942
24943
24944
1752
1753
1746
1747
1748
1749
1750
1751
1755
24946
24947
24948
24949
1756
1757
1759
24951
1760
1761
1763
24890
24953
1764
1765
1767
24908
24913
24954
24955
1768
1769
1771
24957
1772
1773
1775
24894
24896
24959
1782
1783
1785
24960
24961
24962
24963
24964
1792
1793
1786
1787
1788
1789
1790
1791
1795
24966
24967
24968
24969
1802
1803
1796
1797
1798
1799
1800
1801
1805
24971
24972
24973
24974
1806
1807
1809
24976
1810
1811
1813
24915
24978
1814
1815
1817
24945
24950
24979
24980
1818
1819
1821
24982
1822
1823
1825
24919
24921
24984
1832
1833
1835
24985
24986
24987
24988
24989
1836
1837
1839
24991
1840
1841
1843
24870
24993
1844
1845
1847
24903
24928
24994
24995
1848
1849
1851
24997
1852
1853
1855
24874
24876
24999
1862
1863
1856
1857
1858
1859
1860
1861
1865
25001
25002
25003
25004
1872
1873
1866
1867
1868
1869
1870
1871
1875
25006
25007
25008
25009
1876
1877
1879
25011
1880
1881
1883
24952
25013
1884
1885
1887
24970
24975
25014
25015
1888
1889
1891
25017
1892
1893
1895
24956
24958
25019
1902
1903
1905
25020
25021
25022
25023
25024
1912
1913
1906
1907
1908
1909
1910
1911
1915
25026
25027
25028
25029
1922
1923
1916
1917
1918
1919
1920
1921
1925
25031
25032
25033
25034
1926
1927
1929
25036
1930
1931
1933
24977
25038
1934
1935
1937
25005
25010
25039
25040
1938
1939
1941
25042
1942
1943
1945
24981
24983
25044
1952
1953
1955
25045
25046
25047
25048
25049
1956
1957
1959
25051
1960
1961
1963
24930
25053
1964
1965
1967
24965
24990
25054
25055
1968
1969
1971
25057
1972
1973
1975
24934
24936
25059
1976
1977
1979
25061
1980
1981
1983
25063
1984
1985
1987
25065
1988
1989
1991
25067
1992
1993
1995
25064
25069
2002
2003
1996
1997
1998
1999
2000
2001
2005
25071
25072
25073
25074
2012
2013
2006
2007
2008
2009
2010
2011
2015
25076
25077
25078
25079
2016
2017
2019
25081
2020
2021
2023
25012
25083
2024
2025
2027
25030
25035
25084
25085
2028
2029
2031
25087
2032
2033
2035
25016
25018
25089
2042
2043
2045
25090
25091
25092
25093
25094
2052
2053
2046
2047
2048
2049
2050
2051
2055
25096
25097
25098
25099
2062
2063
2056
2057
2058
2059
2060
2061
2065
25101
25102
25103
25104
2066
2067
2069
25106
2070
2071
2073
25037
25108
2074
2075
2077
25075
25080
25109
25110
2078
2079
2081
25112
2082
2083
2085
25041
25043
25114
2092
2093
2095
25115
25116
25117
25118
25119
2096
2097
2099
25121
2100
2101
2103
24992
25123
2104
2105
2107
25025
25050
25124
25125
2108
2109
2111
25127
2112
2113
2115
24996
24998
25129
2122
2123
2116
2117
2118
2119
2120
2121
2125
25131
25132
25133
25134
2132
2133
2126
2127
2128
2129
2130
2131
2135
25136
25137
25138
25139
2136
2137
2139
25141
2140
2141
2143
25082
25143
2144
2145
2147
25100
25105
25144
25145
2148
2149
2151
25147
2152
2153
2155
25086
25088
25149
2162
2163
2165
25150
25151
25152
25153
25154
2172
2173
2166
2167
2168
2169
2170
2171
2175
25156
25157
25158
25159
2182
2183
2176
2177
2178
2179
2180
2181
2185
25161
25162
25163
25164
2186
2187
2189
25166
2190
2191
2193
25107
25168
2194
2195
2197
25135
25140
25169
25170
2198
2199
2201
25172
2202
2203
2205
25111
25113
25174
2212
2213
2215
25175
25176
25177
25178
25179
2216
2217
2219
25181
2220
2221
2223
25052
25183
2224
2225
2227
25095
25120
25184
25185
2228
2229
2231
25187
2232
2233
2235
25056
25058
25189
2236
2237
2239
25191
2246
2247
2240
2241
2242
2243
2244
2245
2249
25193
25194
25195
25196
2256
2257
2250
2251
2252
2253
2254
2255
2259
25198
25199
25200
25201
2260
2261
2263
25203
2264
2265
2267
25142
25205
2268
2269
2271
25160
25165
25206
25207
2272
2273
2275
25209
2276
2277
2279
25146
25148
25211
2286
2287
2289
25212
25213
25214
25215
25216
2296
2297
2290
2291
2292
2293
2294
2295
2299
25218
25219
25220
25221
2306
2307
2300
2301
2302
2303
2304
2305
2309
25223
25224
25225
25226
2310
2311
2313
25228
2314
2315
2317
25167
25230
2318
2319
2321
25197
25202
25231
25232
2322
2323
2325
25234
2326
2327
2329
25171
25173
25236
2336
2337
2339
25237
25238
25239
25240
25241
2340
2341
2343
25243
2344
2345
2347
25122
25245
2348
2349
2351
25155
25180
25246
25247
2352
2353
2355
25249
2356
2357
2359
25126
25128
25251
2366
2367
2360
2361
2362
2363
2364
2365
2369
25253
25254
25255
25256
2376
2377
2370
2371
2372
2373
2374
2375
2379
25258
25259
25260
25261
2380
2381
2383
25263
2384
2385
2387
25204
25265
2388
2389
2391
25222
25227
25266
25267
2392
2393
2395
25269
2396
2397
2399
25208
25210
25271
2406
2407
2409
25272
25273
25274
25275
25276
2416
2417
2410
2411
2412
2413
2414
2415
2419
25278
25279
25280
25281
2426
2427
2420
2421
2422
2423
2424
2425
2429
25283
25284
25285
25286
2430
2431
2433
25288
2434
2435
2437
25229
25290
2438
2439
2441
25257
25262
25291
25292
2442
2443
2445
25294
2446
2447
2449
25233
25235
25296
2456
2457
2459
25297
25298
25299
25300
25301
2460
2461
2463
25303
2464
2465
2467
25182
25305
2468
2469
2471
25217
25242
25306
25307
2472
2473
2475
25309
2476
2477
2479
25186
25188
25311
2480
2481
2483
25313
2484
2485
2487
25315
2488
2489
2491
25317
2492
2493
2495
25319
2496
2497
2499
25316
25321
2500
2501
2503
25323
2504
2505
2507
24794
24940
25325
2508
2509
2511
25326
24800
25066
25327
2512
2513
2515
25062
25192
25329
2516
2517
2519
25330
25068
25318
25331
2520
2521
2523
25324
25333
2526
2527
2529
25336
2532
2533
2535
24550
25339
2538
2539
2541
25340
24811
25342
2546
2547
25345
2549
25344
25346
2552
2553
25348
2555
25349
2560
2561
25352
2563
25351
25353
2566
2567
25355
2569
25350
25356
2572
2573
25358
2575
25359
2578
2579
25361
2581
25347
25362
2584
2585
25364
2587
25354
25363
25365
2590
2591
25367
2593
25360
25368
2594
2595
2597
24802
25070
25370
2598
2599
2601
25371
24815
25328
25372
2604
2605
2607
25337
25375
2614
2615
2608
2609
2610
2611
2612
2613
2617
25377
25378
25379
25380
2624
2625
2618
2619
2620
2621
2622
2623
2627
25382
25383
25384
25385
2628
2629
2631
25387
2632
2633
2635
25264
25389
2636
2637
2639
25282
25287
25390
25391
2640
2641
2643
25393
2644
2645
2647
25268
25270
25395
2654
2655
2657
25396
25397
25398
25399
25400
2664
2665
2658
2659
2660
2661
2662
2663
2667
25402
25403
25404
25405
2674
2675
2668
2669
2670
2671
2672
2673
2677
25407
25408
25409
25410
2678
2679
2681
25412
2682
2683
2685
25289
25414
2686
2687
2689
25381
25386
25415
25416
2690
2691
2693
25418
2694
2695
2697
25293
25295
25420
2704
2705
2707
25421
25422
25423
25424
25425
2708
2709
2711
25427
2712
2713
2715
25244
25429
2716
2717
2719
25277
25302
25430
25431
2720
2721
2723
25433
2724
2725
2727
25248
25250
25435
2734
2735
2728
2729
2730
2731
2732
2733
2737
25437
25438
25439
25440
2744
2745
2738
2739
2740
2741
2742
2743
2747
25442
25443
25444
25445
2748
2749
2751
25447
2752
2753
2755
25388
25449
2756
2757
2759
25406
25411
25450
25451
2760
2761
2763
25453
2764
2765
2767
25392
25394
25455
2774
2775
2777
25456
25457
25458
25459
25460
2784
2785
2778
2779
2780
2781
2782
2783
2787
25462
25463
25464
25465
2794
2795
2788
2789
2790
2791
2792
2793
2797
25467
25468
25469
25470
2798
2799
2801
25472
2802
2803
2805
25413
25474
2806
2807
2809
25441
25446
25475
25476
2810
2811
2813
25478
2814
2815
2817
25417
25419
25480
2824
2825
2827
25481
25482
25483
25484
25485
2828
2829
2831
25487
2832
2833
2835
25304
25489
2836
2837
2839
25401
25426
25490
25491
2840
2841
2843
25493
2844
2845
2847
25308
25310
25495
2848
2849
2851
25497
2858
2859
2852
2853
2854
2855
2856
2857
2861
25499
25500
25501
25502
2868
2869
2862
2863
2864
2865
2866
2867
2871
25504
25505
25506
25507
2872
2873
2875
25509
2876
2877
2879
25448
25511
2880
2881
2883
25466
25471
25512
25513
2884
2885
2887
25515
2888
2889
2891
25452
25454
25517
2898
2899
2901
25518
25519
25520
25521
25522
2908
2909
2902
2903
2904
2905
2906
2907
2911
25524
25525
25526
25527
2918
2919
2912
2913
2914
2915
2916
2917
2921
25529
25530
25531
25532
2922
2923
2925
25534
2926
2927
2929
25473
25536
2930
2931
2933
25503
25508
25537
25538
2934
2935
2937
25540
2938
2939
2941
25477
25479
25542
2948
2949
2951
25543
25544
25545
25546
25547
2952
2953
2955
25549
2956
2957
2959
25428
25551
2960
2961
2963
25461
25486
25552
25553
2964
2965
2967
25555
2968
2969
2971
25432
25434
25557
2978
2979
2972
2973
2974
2975
2976
2977
2981
25559
25560
25561
25562
2988
2989
24075
2982
2983
2984
2985
2986
2987
2991
25564
25565
25566
25567
2992
2993
24083
2995
25569
2996
2997
2999
25510
25571
3000
3001
3003
25528
25533
25572
25573
3004
3005
3007
25575
3008
3009
3011
25514
25516
25577
3018
3019
3021
25578
25579
25580
25581
25582
3022
3023
24098
3025
25535
25570
25584
3026
3027
24101
3029
25563
25568
25585
25586
3030
3031
3033
25588
3034
3035
3037
25539
25541
25590
3044
3045
3047
25591
25592
25593
25594
25595
3048
3049
3051
25597
3052
3053
3055
25488
25599
3056
3057
3059
25523
25548
25600
25601
3060
3061
3063
25603
3064
3065
3067
25492
25494
25605
3068
3069
3071
25607
3072
3073
3075
25609
3076
3077
3079
25611
3080
3081
3083
25613
3084
3085
3087
25610
25615
3088
3089
24120
3091
25617
3092
3093
3095
25574
25576
25619
3102
3103
3105
25620
25621
25622
25623
25624
3106
3107
24141
3109
25587
25589
25618
25626
3114
3115
24146
3117
25627
25628
25629
25630
3118
3119
24174
3121
25632
3122
3123
3125
25550
25634
3126
3127
3129
25583
25596
25635
25636
3130
3131
3133
25638
3134
3135
3137
25554
25556
25640
3138
3139
24229
3141
25598
25633
25642
3142
3143
24232
3145
25625
25631
25643
25644
3146
3147
3149
25646
3150
3151
3153
25602
25604
25648
3154
3155
3157
25650
3158
3159
24291
3161
25652
3162
3163
3165
25637
25639
25654
3166
3167
24352
3169
25645
25647
25653
25656
3170
3171
24415
3173
25658
3174
3175
24540
3177
25660
3178
3179
3181
25662
3182
3183
24543
3185
25664
3186
3187
24548
3189
25661
25666
3190
3191
24803
3193
25668
3194
3195
3197
25314
25498
25670
3198
3199
3201
25671
25320
25612
25672
3202
3203
24806
3205
25608
25651
25659
25674
3206
3207
24809
3209
25675
25614
25663
25665
25676
3210
3211
24816
3213
25669
25678
3214
3215
3217
25680
3218
3219
25338
3221
25322
25616
25667
25682
3222
3223
25341
3225
25683
25332
25673
25677
25684
3226
3227
3229
25681
25686
3232
3233
3235
25689
3238
3239
3241
25692
3244
3245
25694
3247
25357
25695
3250
3251
25697
3253
25366
25696
25698
3256
3257
3259
25693
25701
3260
3261
3263
24818
25703
3264
3265
3267
25704
25343
25705
3270
3271
3273
25690
25708
3274
3275
25335
3277
25710
3278
3279
25374
3281
25711
25369
25712
3282
3283
3285
25714
3286
3287
25691
3289
25334
25679
25716
3290
3291
25700
3293
25717
25373
25685
25699
25718
3294
3295
3297
25715
25720
3300
3301
3303
25723
3306
3307
3309
25726
3312
3313
3315
25727
25729
3316
3317
3319
25731
3320
3321
3323
25732
25733
3326
3327
3329
25724
25736
3330
3331
25688
3333
25738
3334
3335
25707
3337
25739
25740
3338
3339
3341
25742
3342
3343
25725
3345
25744
3346
3347
25728
3349
25745
25746
3350
3351
3353
25743
25748
3356
3357
3359
25751
3362
3363
3365
25754
3368
3369
3371
25755
25757
3372
3373
3375
25709
25759
3376
3377
3379
25760
25730
25761
3382
3383
3385
25752
25764
3386
3387
25722
3389
25766
3390
3391
25735
3393
25767
25768
3394
3395
3397
25770
3398
3399
25753
3401
25721
25741
25772
3402
3403
25756
3405
25773
25734
25747
25774
3406
3407
3409
25771
25776
3412
3413
3415
25779
3418
3419
3421
25782
3424
3425
3427
25783
25785
3428
3429
3431
25787
3432
3433
3435
25788
25789
3438
3439
3441
25780
25737
25792
3442
3443
25750
3445
25794
3446
3447
25763
3449
25795
25796
3450
3451
3453
25798
3454
3455
25781
3457
25800
3458
3459
25784
3461
25801
25802
3462
3463
3465
25799
25749
25804
3468
3469
3471
25807
3474
3475
3477
25810
3480
3481
3483
25811
25758
25813
3484
3485
3487
25765
25815
3488
3489
3491
25816
25762
25786
25817
3494
3495
3497
25808
25820
3498
3499
25778
3501
25822
3502
3503
25791
3505
25823
25769
25824
3506
3507
3509
25826
3510
3511
25809
3513
25777
25797
25828
3514
3515
25812
3517
25829
25775
25790
25803
25830
3518
3519
3521
25827
25832
3524
3525
3527
25835
3530
3531
3533
25838
3536
3537
3539
25839
25841
3540
3541
3543
25793
25843
3544
3545
3547
25844
25814
25845
3550
3551
3553
25836
25848
3554
3555
25806
3557
25850
3558
3559
25819
3561
25851
25852
3562
3563
25834
3565
25854
3566
3567
25837
3569
25805
25825
25856
3570
3571
25840
3573
25857
25818
25831
25858
3574
3575
25847
3577
25855
25860
3580
3581
25862
3583
25849
25861
25863
3586
3587
25865
3589
25866
3592
3593
3595
25869
3598
3599
3601
25870
25872
3602
3603
25868
3605
25874
3606
3607
25871
3609
25875
25876
3612
3613
25878
3615
25873
25877
25879
3618
3619
25881
3621
25867
25882
3624
3625
3627
25885
3630
3631
3633
25886
25888
3634
3635
25884
3637
25890
3638
3639
25887
3641
25891
25892
3644
3645
25894
3647
25889
25893
25895
3650
3651
25897
3653
25883
25898
3656
3657
3659
25901
3662
3663
3665
25902
25904
3666
3667
25900
3669
25906
3670
3671
25903
3673
25907
25908
3676
3677
25910
3679
25905
25909
25911
3682
3683
25913
3685
25899
25914
3688
3689
3691
25917
3694
3695
3697
25918
25920
3698
3699
25916
3701
25922
3702
3703
25919
3705
25923
25924
3708
3709
25926
3711
25921
25925
25927
3714
3715
25929
3717
25915
25930
3720
3721
3723
25933
3726
3727
3729
25934
25936
3730
3731
25932
3733
25938
3734
3735
25935
3737
25939
25940
3740
3741
25942
3743
25937
25941
25943
3746
3747
25945
3749
25931
25946
3752
3753
3755
25949
3758
3759
3761
25950
25952
3762
3763
25948
3765
25954
3766
3767
25951
3769
25955
25956
3772
3773
25958
3775
25953
25957
25959
3778
3779
25961
3781
25947
25962
3784
3785
3787
25821
25965
3790
3791
3793
25966
25842
25968
3794
3795
25964
3797
25833
25853
25970
3798
3799
25967
3801
25846
25859
25971
25972
3804
3805
25974
3807
25969
25973
25975
3810
3811
25977
3813
25963
25978
3814
25979
3817
3818
25980
3820
25981
3823
3824
25983
3826
25982
25984
3829
3830
25986
3832
25985
25987
3835
3836
25989
3838
25988
25990
3841
3842
25992
3844
25991
25993
3847
3848
25995
3850
25994
25996
3853
3854
25998
3856
25997
25999
3859
3860
26001
3862
26000
26002
3863
26003
3866
3867
26004
3869
26005
3872
3873
26007
3875
26006
26008
3878
3879
26010
3881
26009
26011
3884
3885
26013
3887
26012
26014
3890
3891
26016
3893
26015
26017
3896
3897
26019
3899
26018
26020
3902
3903
26022
3905
26021
26023
3908
3909
26025
3911
26024
26026
3912
26027
3915
3916
26028
3918
26029
3921
3922
26031
3924
26030
26032
3927
3928
26034
3930
26033
26035
3933
3934
26037
3936
26036
26038
3939
3940
26040
3942
26039
26041
3945
3946
26043
3948
26042
26044
3951
3952
26046
3954
26045
26047
3957
3958
26049
3960
26048
26050
3961
26051
3964
3965
26052
3967
26053
3970
3971
26055
3973
26054
26056
3976
3977
26058
3979
26057
26059
3982
3983
26061
3985
26060
26062
3988
3989
26064
3991
26063
26065
3994
3995
26067
3997
26066
26068
4000
4001
26070
4003
26069
26071
4006
4007
26073
4009
26072
26074
4010
26075
4013
4014
4016
26077
4019
4020
4022
26078
26080
4023
4024
4026
26082
4027
4028
4030
26083
26084
4033
4034
4036
26087
4039
4040
4042
26090
4045
4046
4048
26091
26093
4049
4050
4052
25713
26095
4053
4054
4056
26096
25719
26097
4059
4060
4062
26088
26100
4063
26101
4064
4065
26076
4067
26102
4068
4069
26079
4071
26103
26104
4072
4073
4075
26106
4076
4077
26089
4079
25376
25687
26108
4080
4081
26092
4083
26109
25702
25706
26110
4084
4085
4087
26107
26112
4088
26113
4089
4090
26086
4092
26114
4093
4094
26099
4096
26115
26116
4097
26117
4100
4101
4103
26119
4106
4107
4109
26120
26122
4110
26123
4111
4112
4114
26085
26124
4115
4116
4118
26125
26098
26126
4119
26127
4120
4121
26118
4123
26081
26105
26128
4124
4125
26121
4127
26129
26094
26111
26130
4128
26131
4131
4132
4134
26133
4135
4136
4138
26135
4139
4140
4142
24537
26137
4145
4146
4148
26140
4149
4150
4152
24610
26142
4153
4154
4156
26144
4157
4158
4160
24670
26146
4161
4162
4164
26148
4167
4168
4170
26138
26151
4171
4172
4174
24732
26153
4175
4176
4178
26155
4179
4180
4182
26143
26157
4183
4184
4186
24792
26159
4187
4188
4190
26161
4191
4192
4194
26147
26149
26163
4197
4198
4200
26166
4201
4202
4204
24878
26168
4205
4206
4208
26170
4209
4210
4212
26154
26156
26172
4213
4214
4216
26174
4217
4218
4220
24938
26176
4221
4222
4224
26178
4225
4226
4228
26160
26162
26180
4229
4230
4232
26182
4235
4236
4238
26185
4241
4242
4244
26188
4245
4246
4248
26190
4249
4250
4252
26164
26192
4255
4256
4258
26186
26195
4259
4260
4262
25000
26197
4263
4264
4266
26199
4267
4268
4270
26169
26171
26201
4271
4272
4274
26203
4275
4276
4278
25060
26205
4279
4280
4282
26207
4283
4284
4286
26177
26179
26209
4287
4288
4290
26211
4291
4292
4294
26213
4295
4296
4298
26173
26215
4299
4300
4302
26181
26217
4303
4304
4306
26214
26219
4307
4308
4310
25130
26221
4311
4312
4314
26223
4315
4316
4318
26198
26200
26225
4319
4320
4322
26227
4323
4324
4326
25190
26229
4327
4328
4330
26231
4331
4332
4334
26206
26208
26233
4335
4336
4338
26235
4339
4340
4342
26237
4343
4344
4346
26202
26239
4347
4348
4350
26210
26241
4351
4352
4354
26238
26243
4357
4358
4360
26246
4363
4364
4366
26249
4369
4370
4372
26250
26252
4373
4374
4376
26254
4377
4378
4380
26255
26256
4381
4382
4384
26258
4385
4386
4388
26259
26260
4391
4392
4394
26247
26263
4397
4398
4400
26266
4403
4404
4406
26267
26269
4407
4408
4410
26271
4411
4412
4414
26272
26273
4415
4416
4418
26275
4419
4420
4422
26276
26277
4425
4426
4428
26264
26280
4431
4432
4434
26283
4437
4438
4440
26284
26286
4441
4442
4444
26288
4445
4446
4448
26289
26290
4449
4450
4452
26292
4453
4454
4456
26293
26294
4459
4460
4462
26281
26297
4465
4466
4468
26300
4471
4472
4474
26301
26303
4475
4476
4478
26305
4479
4480
4482
26306
26307
4483
4484
4486
26309
4487
4488
4490
26310
26311
4493
4494
4496
26298
26314
4499
4500
4502
26317
4505
4506
4508
26318
26320
4509
4510
4512
26322
4513
4514
4516
26323
26324
4517
4518
4520
26326
4521
4522
4524
26327
26328
4527
4528
4530
26315
26331
4533
4534
4536
26334
4539
4540
4542
26335
26337
4543
4544
4546
26339
4547
4548
4550
26340
26341
4551
4552
4554
26343
4555
4556
4558
26344
26345
4561
4562
4564
26332
26348
4567
4568
4570
26175
26351
4573
4574
4576
26352
26191
26354
4577
4578
4580
26183
26204
26356
4581
4582
4584
26357
26193
26216
26358
4585
4586
4588
26212
26228
26360
4589
4590
4592
26361
26218
26240
26362
4595
4596
4598
26349
26365
4599
4600
4602
25252
26367
4603
4604
4606
26369
4607
4608
4610
26222
26224
26371
4611
4612
4614
26373
4615
4616
4618
25312
26375
4619
4620
4622
26377
4623
4624
4626
26230
26232
26379
4627
4628
4630
26381
4631
4632
4634
26383
4635
4636
4638
26226
26385
4639
4640
4642
26234
26387
4643
4644
4646
26384
26389
4647
4648
4650
26391
4651
4652
4654
26393
4655
4656
4658
26394
26395
4659
4660
4662
26392
26397
4663
4664
4666
26399
4667
4668
4670
26400
26401
4671
4672
4674
26398
26403
4675
4676
4678
26405
4679
4680
4682
26406
26407
4683
4684
4686
26404
26409
4687
4688
4690
26411
4691
4692
4694
26412
26413
4695
4696
4698
26410
26415
4699
4700
4702
26417
4703
4704
4706
26418
26419
4707
4708
4710
26416
26421
4711
4712
4714
26423
4715
4716
4718
26424
26425
4719
4720
4722
26422
26427
4723
4724
4726
26236
26374
26429
4727
4728
4730
26430
26242
26386
26431
4731
4732
4734
26428
26433
4735
4736
4738
25436
26435
4739
4740
4742
26437
4743
4744
4746
26368
26370
26439
4747
4748
4750
26441
4751
4752
4754
25496
26443
4755
4756
4758
26445
4759
4760
4762
26376
26378
26447
4763
4764
4766
26449
4767
4768
4770
26451
4771
4772
4774
26372
26453
4775
4776
4778
26380
26455
4779
4780
4782
26452
26457
4783
4784
4786
26244
26459
4787
4788
4790
26461
4791
4792
4794
26462
26463
4795
4796
4798
26460
26261
26465
4799
4800
4802
26467
4803
4804
4806
26468
26469
4807
4808
4810
26466
26278
26471
4811
4812
4814
26473
4815
4816
4818
26474
26475
4819
4820
4822
26472
26295
26477
4823
4824
4826
26479
4827
4828
4830
26480
26481
4831
4832
4834
26478
26312
26483
4835
4836
4838
26485
4839
4840
4842
26486
26487
4843
4844
4846
26484
26329
26489
4847
4848
4850
26491
4851
4852
4854
26492
26493
4855
4856
4858
26490
26346
26495
4859
4860
4862
26382
26442
26497
4863
4864
4866
26498
26388
26454
26499
4867
4868
4870
26496
26363
26501
4873
4874
4876
26504
4881
4882
26507
4884
26506
26508
4889
4890
26511
4892
26509
26510
26512
4897
4898
26515
4900
26513
26514
26516
4905
4906
26519
4908
26517
26518
26520
4913
4914
26523
4916
26521
26522
26524
4921
4922
26527
4924
26525
26526
26528
4929
4930
26531
4932
26529
26530
26532
4935
4936
26534
4938
25864
26535
4943
4944
26538
4946
26533
26536
26537
26539
4949
4950
26541
4952
26542
4957
4958
26545
4960
26544
26546
4965
4966
26549
4968
26547
26548
26550
4973
4974
26553
4976
26551
26552
26554
4981
4982
26557
4984
26555
26556
26558
4989
4990
26561
4992
26559
26560
26562
4997
4998
26565
5000
26563
26564
26566
5005
5006
26569
5008
26567
26568
26570
5011
5012
26572
5014
25880
26573
5019
5020
26576
5022
26571
26574
26575
26577
5025
5026
26579
5028
26543
26580
5033
5034
26583
5036
26582
26584
5041
5042
26587
5044
26585
26586
26588
5049
5050
26591
5052
26589
26590
26592
5057
5058
26595
5060
26593
26594
26596
5065
5066
26599
5068
26597
26598
26600
5073
5074
26603
5076
26601
26602
26604
5081
5082
26607
5084
26605
26606
26608
5087
5088
26610
5090
25896
26611
5095
5096
26614
5098
26609
26612
26613
26615
5101
5102
26617
5104
26581
26618
5109
5110
26621
5112
26620
26622
5117
5118
26625
5120
26623
26624
26626
5125
5126
26629
5128
26627
26628
26630
5133
5134
26633
5136
26631
26632
26634
5141
5142
26637
5144
26635
26636
26638
5149
5150
26641
5152
26639
26640
26642
5157
5158
26645
5160
26643
26644
26646
5163
5164
26648
5166
25912
26649
5171
5172
26652
5174
26647
26650
26651
26653
5177
5178
26655
5180
26619
26656
5185
5186
26659
5188
26658
26660
5193
5194
26663
5196
26661
26662
26664
5201
5202
26667
5204
26665
26666
26668
5209
5210
26671
5212
26669
26670
26672
5217
5218
26675
5220
26673
26674
26676
5225
5226
26679
5228
26677
26678
26680
5233
5234
26683
5236
26681
26682
26684
5239
5240
26686
5242
25928
26687
5247
5248
26690
5250
26685
26688
26689
26691
5253
5254
26693
5256
26657
26694
5261
5262
26697
5264
26696
26698
5269
5270
26701
5272
26699
26700
26702
5277
5278
26705
5280
26703
26704
26706
5285
5286
26709
5288
26707
26708
26710
5293
5294
26713
5296
26711
26712
26714
5301
5302
26717
5304
26715
26716
26718
5309
5310
26721
5312
26719
26720
26722
5315
5316
26724
5318
25944
26725
5323
5324
26728
5326
26723
26726
26727
26729
5329
5330
26731
5332
26695
26732
5337
5338
26735
5340
26734
26736
5345
5346
26739
5348
26737
26738
26740
5353
5354
26743
5356
26741
26742
26744
5361
5362
26747
5364
26745
26746
26748
5369
5370
26751
5372
26749
26750
26752
5377
5378
26755
5380
26753
26754
26756
5385
5386
26759
5388
26757
26758
26760
5391
5392
26762
5394
25960
26763
5399
5400
26766
5402
26761
26764
26765
26767
5405
5406
26769
5408
26733
26770
5415
5416
26774
5418
26773
26775
5423
5424
26778
5426
26776
26777
26779
5431
5432
26782
5434
26780
26781
26783
5439
5440
26786
5442
26784
26785
26787
5447
5448
26790
5450
26788
26789
26791
5455
5456
26794
5458
26792
26793
26795
5463
5464
26798
5466
26796
26797
26799
5469
5470
26801
5472
25976
26802
5477
5478
26805
5480
26800
26803
26804
26806
5483
5484
26808
5486
26771
26772
26809
5489
5490
26811
5492
26810
26812
5495
5496
26814
5498
26815
5501
5502
26817
5504
26818
5507
5508
26820
5510
26819
26821
5513
5514
26823
5516
26822
26824
5519
5520
26826
5522
26825
26827
5525
5526
26829
5528
26828
26830
5531
5532
26832
5534
26831
26833
5537
5538
26835
5540
26834
26836
5545
5546
26839
5548
26837
26838
26840
5551
5552
26842
5554
26841
26843
5557
5558
26845
5560
26816
26846
5563
5564
26848
5566
26849
5569
5570
26851
5572
26850
26852
5575
5576
26854
5578
26853
26855
5581
5582
26857
5584
26856
26858
5587
5588
26860
5590
26859
26861
5593
5594
26863
5596
26862
26864
5599
5600
26866
5602
26865
26867
5607
5608
26870
5610
26868
26869
26871
5613
5614
26873
5616
26872
26874
5619
5620
26876
5622
26847
26877
5625
5626
26879
5628
26880
5631
5632
26882
5634
26881
26883
5637
5638
26885
5640
26884
26886
5643
5644
26888
5646
26887
26889
5649
5650
26891
5652
26890
26892
5655
5656
26894
5658
26893
26895
5661
5662
26897
5664
26896
26898
5669
5670
26901
5672
26899
26900
26902
5675
5676
26904
5678
26903
26905
5681
5682
26907
5684
26878
26908
5687
5688
26910
5690
26911
5693
5694
26913
5696
26912
26914
5699
5700
26916
5702
26915
26917
5705
5706
26919
5708
26918
26920
5711
5712
26922
5714
26921
26923
5717
5718
26925
5720
26924
26926
5723
5724
26928
5726
26927
26929
5731
5732
26932
5734
26930
26931
26933
5737
5738
26935
5740
26934
26936
5743
5744
26938
5746
26909
26939
5749
5750
26941
5752
26942
5755
5756
26944
5758
26943
26945
5761
5762
26947
5764
26946
26948
5767
5768
26950
5770
26949
26951
5773
5774
26953
5776
26952
26954
5779
5780
26956
5782
26955
26957
5785
5786
26959
5788
26958
26960
5793
5794
26963
5796
26961
26962
26964
5799
5800
26966
5802
26965
26967
5805
5806
26969
5808
26940
26970
5811
5812
26972
5814
26973
5817
5818
26975
5820
26974
26976
5823
5824
26978
5826
26977
26979
5829
5830
26981
5832
26980
26982
5835
5836
26984
5838
26983
26985
5841
5842
26987
5844
26986
26988
5847
5848
26990
5850
26989
26991
5855
5856
26994
5858
26992
26993
26995
5861
5862
26997
5864
26996
26998
5867
5868
27000
5870
26971
27001
5873
5874
27003
5876
26540
27004
5879
5880
27006
5882
26578
27005
27007
5885
5886
27009
5888
26616
27008
27010
5891
5892
27012
5894
26654
27011
27013
5897
5898
27015
5900
26692
27014
27016
5903
5904
27018
5906
26730
27017
27019
5909
5910
27021
5912
26768
27020
27022
5917
5918
27025
5920
26807
27023
27024
27026
5923
5924
27028
5926
27027
27029
5929
5930
27031
5932
27002
27032
5935
5936
5938
27035
5941
5942
5944
27038
5947
5948
27040
5950
27041
5953
5954
27043
5956
27042
27044
5959
5960
27046
5962
27045
27047
5965
5966
27049
5968
27048
27050
5971
5972
27052
5974
27051
27053
5977
5978
27055
5980
27054
27056
5983
5984
27058
5986
27057
27059
5989
5990
27061
5992
27060
27062
5995
5996
5998
27065
6001
6002
6004
27039
27068
6007
6008
27070
6010
27071
6013
6014
27073
6016
27072
27074
6019
6020
27076
6022
27075
27077
6025
6026
27079
6028
27078
27080
6031
6032
27082
6034
27081
27083
6037
6038
27085
6040
27084
27086
6043
6044
27088
6046
27087
27089
6049
6050
27091
6052
27090
27092
6055
6056
6058
27095
6061
6062
6064
27069
27098
6067
6068
27100
6070
27101
6073
6074
27103
6076
27102
27104
6079
6080
27106
6082
27105
27107
6085
6086
27109
6088
27108
27110
6091
6092
27112
6094
27111
27113
6097
6098
27115
6100
27114
27116
6103
6104
27118
6106
27117
27119
6109
6110
27121
6112
27120
27122
6115
6116
6118
27125
6121
6122
6124
27099
27128
6127
6128
27130
6130
27131
6133
6134
27133
6136
27132
27134
6139
6140
27136
6142
27135
27137
6145
6146
27139
6148
27138
27140
6151
6152
27142
6154
27141
27143
6157
6158
27145
6160
27144
27146
6163
6164
27148
6166
27147
27149
6169
6170
27151
6172
27150
27152
6175
6176
6178
27155
6181
6182
6184
27129
27158
6187
6188
27160
6190
27161
6193
6194
27163
6196
27162
27164
6199
6200
27166
6202
27165
27167
6205
6206
27169
6208
27168
27170
6211
6212
27172
6214
27171
27173
6217
6218
27175
6220
27174
27176
6223
6224
27178
6226
27177
27179
6229
6230
27181
6232
27180
27182
6235
6236
6238
27185
6241
6242
6244
27159
27188
6247
6248
27190
6250
27191
6253
6254
27193
6256
27192
27194
6259
6260
27196
6262
27195
27197
6265
6266
27199
6268
27198
27200
6271
6272
27202
6274
27201
27203
6277
6278
27205
6280
27204
27206
6283
6284
27208
6286
27207
27209
6289
6290
27211
6292
27210
27212
6295
6296
6298
27215
6301
6302
6304
27189
27218
6307
6308
27220
6310
27221
6313
6314
27223
6316
27222
27224
6319
6320
27226
6322
27225
27227
6325
6326
27229
6328
27228
27230
6331
6332
27232
6334
27231
27233
6337
6338
27235
6340
27234
27236
6343
6344
27238
6346
27237
27239
6349
6350
27241
6352
27240
27242
6355
6356
6358
26505
27245
6361
6362
27247
6364
27248
6367
6368
27250
6370
27249
27251
6373
6374
27253
6376
27252
27254
6379
6380
27256
6382
27255
27257
6385
6386
27259
6388
27258
27260
6391
6392
27262
6394
27261
27263
6397
6398
27265
6400
27264
27266
6403
6404
27268
6406
27267
27269
6409
6410
6412
27219
27272
6415
6416
6418
27275
6421
6422
6424
27278
6427
6428
6430
27279
27281
6433
6434
6436
27282
27284
6439
6440
6442
27285
27287
6445
6446
6448
27288
27290
6451
6452
6454
27291
27293
6457
6458
6460
27294
27296
6463
6464
27298
6466
27299
6469
6470
27301
6472
27300
27302
6475
6476
27304
6478
27303
27305
6481
6482
27307
6484
27306
27308
6487
6488
27310
6490
27309
27311
6493
6494
27313
6496
27312
27314
6499
6500
27316
6502
27315
27317
6505
6506
27319
6508
27318
27320
6511
6512
6514
27297
27323
6517
6518
6520
27276
27326
6523
6524
6526
27329
6529
6530
6532
27330
27332
6535
6536
6538
27333
27335
6541
6542
6544
27336
27338
6547
6548
6550
27339
27341
6553
6554
6556
27342
27344
6559
6560
6562
27345
27347
6565
6566
27349
6568
27350
6571
6572
27352
6574
27351
27353
6577
6578
27355
6580
27354
27356
6583
6584
27358
6586
27357
27359
6589
6590
27361
6592
27360
27362
6595
6596
27364
6598
27363
27365
6601
6602
27367
6604
27366
27368
6607
6608
27370
6610
27369
27371
6613
6614
6616
27348
27374
6619
6620
6622
27327
27377
6625
6626
6628
27380
6631
6632
6634
27381
27383
6637
6638
6640
27384
27386
6643
6644
6646
27387
27389
6649
6650
6652
27390
27392
6655
6656
6658
27393
27395
6661
6662
6664
27396
27398
6667
6668
27400
6670
27401
6673
6674
27403
6676
27402
27404
6679
6680
27406
6682
27405
27407
6685
6686
27409
6688
27408
27410
6691
6692
27412
6694
27411
27413
6697
6698
27415
6700
27414
27416
6703
6704
27418
6706
27417
27419
6709
6710
27421
6712
27420
27422
6715
6716
6718
27399
27425
6721
6722
6724
27378
27428
6727
6728
6730
27431
6733
6734
6736
27432
27434
6739
6740
6742
27435
27437
6745
6746
6748
27438
27440
6751
6752
6754
27441
27443
6757
6758
6760
27444
27446
6763
6764
6766
27447
27449
6769
6770
27451
6772
27452
6775
6776
27454
6778
27453
27455
6781
6782
27457
6784
27456
27458
6787
6788
27460
6790
27459
27461
6793
6794
27463
6796
27462
27464
6799
6800
27466
6802
27465
27467
6805
6806
27469
6808
27468
27470
6811
6812
27472
6814
27471
27473
6817
6818
6820
27450
27476
6823
6824
6826
27429
27479
6829
6830
6832
27482
6835
6836
6838
27483
27485
6841
6842
6844
27486
27488
6847
6848
6850
27489
27491
6853
6854
6856
27492
27494
6859
6860
6862
27495
27497
6865
6866
6868
27498
27500
6871
6872
27502
6874
27503
6877
6878
27505
6880
27504
27506
6883
6884
27508
6886
27507
27509
6889
6890
27511
6892
27510
27512
6895
6896
27514
6898
27513
27515
6901
6902
27517
6904
27516
27518
6907
6908
27520
6910
27519
27521
6913
6914
27523
6916
27522
27524
6919
6920
6922
27501
27527
6925
6926
6928
27480
27530
6931
6932
6934
27533
6937
6938
6940
27534
27536
6943
6944
6946
27537
27539
6949
6950
6952
27540
27542
6955
6956
6958
27543
27545
6961
6962
6964
27546
27548
6967
6968
6970
27549
27551
6973
6974
27553
6976
27554
6979
6980
27556
6982
27555
27557
6985
6986
27559
6988
27558
27560
6991
6992
27562
6994
27561
27563
6997
6998
27565
7000
27564
27566
7003
7004
27568
7006
27567
27569
7009
7010
27571
7012
27570
27572
7015
7016
27574
7018
27573
27575
7021
7022
7024
27552
27578
7027
7028
7030
27531
27581
7035
7036
7038
27036
27585
7041
7042
7044
27586
27066
27588
7047
7048
7050
27589
27096
27591
7053
7054
7056
27592
27126
27594
7059
7060
7062
27595
27156
27597
7065
7066
7068
27598
27186
27600
7071
7072
7074
27601
27216
27603
7077
7078
27605
7080
26813
27606
7083
7084
27608
7086
26844
27607
27609
7089
7090
27611
7092
26875
27610
27612
7095
7096
27614
7098
26906
27613
27615
7101
7102
27617
7104
26937
27616
27618
7107
7108
27620
7110
26968
27619
27621
7113
7114
27623
7116
26999
27622
27624
7119
7120
27626
7122
27030
27625
27627
7125
7126
7128
27604
27246
27630
7131
7132
7134
27582
27583
27633
7137
7138
7140
27636
7143
7144
7146
27639
7149
7150
7152
27640
27642
7155
7156
7158
27643
27645
7161
7162
7164
27646
27648
7167
7168
7170
27649
27651
7173
7174
7176
27652
27654
7179
7180
7182
27655
27657
7187
7188
7190
27658
27659
27661
7193
7194
7196
27637
27664
7199
7200
7202
27667
7205
7206
7208
27668
27670
7211
7212
7214
27671
27673
7217
7218
7220
27674
27676
7223
7224
7226
27677
27679
7229
7230
7232
27680
27682
7235
7236
7238
27683
27685
7243
7244
7246
27686
27687
27689
7249
7250
7252
27665
27692
7255
7256
7258
27695
7261
7262
7264
27696
27698
7267
7268
7270
27699
27701
7273
7274
7276
27702
27704
7279
7280
7282
27705
27707
7285
7286
7288
27708
27710
7291
7292
7294
27711
27713
7299
7300
7302
27714
27715
27717
7305
7306
7308
27693
27720
7311
7312
7314
27723
7317
7318
7320
27724
27726
7323
7324
7326
27727
27729
7329
7330
7332
27730
27732
7335
7336
7338
27733
27735
7341
7342
7344
27736
27738
7347
7348
7350
27739
27741
7355
7356
7358
27742
27743
27745
7361
7362
7364
27721
27748
7367
7368
7370
27751
7373
7374
7376
27752
27754
7379
7380
7382
27755
27757
7385
7386
7388
27758
27760
7391
7392
7394
27761
27763
7397
7398
7400
27764
27766
7403
7404
7406
27767
27769
7411
7412
7414
27770
27771
27773
7417
7418
7420
27749
27776
7423
7424
7426
27779
7429
7430
7432
27780
27782
7435
7436
7438
27783
27785
7441
7442
7444
27786
27788
7447
7448
7450
27789
27791
7453
7454
7456
27792
27794
7459
7460
7462
27795
27797
7467
7468
7470
27798
27799
27801
7473
7474
7476
27777
27804
7479
7480
7482
27273
27807
7485
7486
7488
27808
27324
27810
7491
7492
7494
27811
27375
27813
7497
7498
7500
27814
27426
27816
7503
7504
7506
27817
27477
27819
7509
7510
7512
27820
27528
27822
7515
7516
7518
27823
27579
27825
7523
7524
7526
27826
27631
27827
27829
7529
7530
7532
27805
27832
7533
7534
7536
25558
27834
7537
7538
7540
27836
7541
7542
7544
26436
26438
27838
7545
7546
7548
27840
7549
7550
7552
25606
27842
7553
7554
7556
27844
7557
7558
7560
26444
26446
27846
7561
7562
7564
27848
7565
7566
7568
27850
7569
7570
7572
26440
27852
7573
7574
7576
26448
27854
7577
7578
7580
27851
27856
7581
7582
7584
26390
27858
7585
7586
7588
27860
7589
7590
7592
27861
27862
7593
7594
7596
27859
26396
27864
7597
7598
7600
27866
7601
7602
7604
27867
27868
7605
7606
7608
27865
26402
27870
7609
7610
7612
27872
7613
7614
7616
27873
27874
7617
7618
7620
27871
26408
27876
7621
7622
7624
27878
7625
7626
7628
27879
27880
7629
7630
7632
27877
26414
27882
7633
7634
7636
27884
7637
7638
7640
27885
27886
7641
7642
7644
27883
26420
27888
7645
7646
7648
27890
7649
7650
7652
27891
27892
7653
7654
7656
27889
26426
27894
7657
7658
7660
26450
27841
27896
7661
7662
7664
27897
26456
27853
27898
7665
7666
7668
27895
26432
27900
7669
7670
7672
27902
7673
7674
7676
27904
7677
7678
7680
27906
7681
7682
7684
27908
7685
7686
7688
27907
27910
7689
7690
7692
27912
7693
7694
7696
27911
27914
7697
7698
7700
27916
7701
7702
7704
27915
27918
7705
7706
7708
27920
7709
7710
7712
27919
27922
7713
7714
7716
27924
7717
7718
7720
27923
27926
7721
7722
7724
27928
7725
7726
7728
27927
27930
7729
7730
7732
27903
27932
7733
7734
7736
27931
27934
7737
7738
7740
27936
7741
7742
7744
27938
7745
7746
7748
27939
27940
7749
7750
7752
27941
27942
7753
7754
7756
27943
27944
7757
7758
7760
27945
27946
7761
7762
7764
27947
27948
7765
7766
7768
27949
27950
7769
7770
7772
27951
27952
7773
7774
7776
27937
27954
7777
7778
7780
27956
7781
7782
7784
27957
27958
7785
7786
7788
27959
27960
7789
7790
7792
27961
27962
7793
7794
7796
27963
27964
7797
7798
7800
27965
27966
7801
7802
7804
27967
27968
7805
7806
7808
27969
27970
7809
7810
7812
27955
27972
7813
7814
7816
27974
7817
7818
7820
27975
27976
7821
7822
7824
27977
27978
7825
7826
7828
27979
27980
7829
7830
7832
27981
27982
7833
7834
7836
27983
27984
7837
7838
7840
27985
27986
7841
7842
7844
27987
27988
7845
7846
7848
27973
27990
7849
7850
7852
27992
7853
7854
7856
27993
27994
7857
7858
7860
27995
27996
7861
7862
7864
27997
27998
7865
7866
7868
27999
28000
7869
7870
7872
28001
28002
7873
7874
7876
28003
28004
7877
7878
7880
28005
28006
7881
7882
7884
27991
28008
7885
7886
7888
28010
7889
7890
7892
28011
28012
7893
7894
7896
28013
28014
7897
7898
7900
28015
28016
7901
7902
7904
28017
28018
7905
7906
7908
28019
28020
7909
7910
7912
28021
28022
7913
7914
7916
28023
28024
7917
7918
7920
28009
28026
7921
7922
7924
28028
7925
7926
7928
28029
28030
7929
7930
7932
28031
28032
7933
7934
7936
28033
28034
7937
7938
7940
28035
28036
7941
7942
7944
28037
28038
7945
7946
7948
28039
28040
7949
7950
7952
28041
28042
7953
7954
7956
28027
28044
7959
7960
7962
27905
28047
7963
7964
7966
28048
27909
28049
7967
7968
7970
28050
27913
28051
7971
7972
7974
28052
27917
28053
7975
7976
7978
28054
27921
28055
7979
7980
7982
28056
27925
28057
7983
7984
7986
28058
27929
28059
7987
7988
7990
28060
27933
28061
7991
7992
7994
28045
28046
28063
7995
7996
7998
28065
7999
8000
8002
28067
8003
8004
8006
28068
28069
8007
8008
8010
28070
28071
8011
8012
8014
28072
28073
8015
8016
8018
28074
28075
8019
8020
8022
28076
28077
8023
8024
8026
28078
28079
8029
8030
8032
28080
28081
28082
8033
8034
8036
28066
28084
8037
8038
8040
28086
8041
8042
8044
28087
28088
8045
8046
8048
28089
28090
8049
8050
8052
28091
28092
8053
8054
8056
28093
28094
8057
8058
8060
28095
28096
8061
8062
8064
28097
28098
8067
8068
8070
28099
28100
28101
8071
8072
8074
28085
28103
8075
8076
8078
28105
8079
8080
8082
28106
28107
8083
8084
8086
28108
28109
8087
8088
8090
28110
28111
8091
8092
8094
28112
28113
8095
8096
8098
28114
28115
8099
8100
8102
28116
28117
8105
8106
8108
28118
28119
28120
8109
8110
8112
28104
28122
8113
8114
8116
28124
8117
8118
8120
28125
28126
8121
8122
8124
28127
28128
8125
8126
8128
28129
28130
8129
8130
8132
28131
28132
8133
8134
8136
28133
28134
8137
8138
8140
28135
28136
8143
8144
8146
28137
28138
28139
8147
8148
8150
28123
28141
8151
8152
8154
28143
8155
8156
8158
28144
28145
8159
8160
8162
28146
28147
8163
8164
8166
28148
28149
8167
8168
8170
28150
28151
8171
8172
8174
28152
28153
8175
8176
8178
28154
28155
8181
8182
8184
28156
28157
28158
8185
8186
8188
28142
28160
8189
8190
8192
28162
8193
8194
8196
28163
28164
8197
8198
8200
28165
28166
8201
8202
8204
28167
28168
8205
8206
8208
28169
28170
8209
8210
8212
28171
28172
8213
8214
8216
28173
28174
8219
8220
8222
28175
28176
28177
8223
8224
8226
28161
28179
8227
8228
8230
27935
28181
8231
8232
8234
28182
27953
28183
8235
8236
8238
28184
27971
28185
8239
8240
8242
28186
27989
28187
8243
8244
8246
28188
28007
28189
8247
8248
8250
28190
28025
28191
8251
8252
8254
28192
28043
28193
8257
8258
8260
28194
28062
28195
28196
8261
8262
8264
28180
28198
8265
8266
8268
25641
28200
8269
8270
8272
28202
8273
8274
8276
27835
27837
28204
8277
8278
8280
28206
8281
8282
8284
25649
28208
8285
8286
8288
28210
8289
8290
8292
27843
27845
28212
8293
8294
8296
28214
8297
8298
8300
28216
8301
8302
8304
27839
28218
8305
8306
8308
27847
28220
8309
8310
8312
28217
28222
8313
8314
8316
26458
28224
8317
8318
8320
28226
8321
8322
8324
28227
28228
8325
8326
8328
28225
26464
28230
8329
8330
8332
28232
8333
8334
8336
28233
28234
8337
8338
8340
28231
26470
28236
8341
8342
8344
28238
8345
8346
8348
28239
28240
8349
8350
8352
28237
26476
28242
8353
8354
8356
28244
8357
8358
8360
28245
28246
8361
8362
8364
28243
26482
28248
8365
8366
8368
28250
8369
8370
8372
28251
28252
8373
8374
8376
28249
26488
28254
8377
8378
8380
28256
8381
8382
8384
28257
28258
8385
8386
8388
28255
26494
28260
8389
8390
8392
27849
28207
28262
8393
8394
8396
28263
27855
28219
28264
8397
8398
8400
28261
26500
28266
8401
8402
8404
26502
28268
8405
8406
8408
28270
8409
8410
8412
28272
8413
8414
8416
28274
8417
8418
8420
28273
28276
8421
8422
8424
28278
8425
8426
8428
28277
28280
8429
8430
8432
28282
8433
8434
8436
28281
28284
8437
8438
8440
28286
8441
8442
8444
28285
28288
8445
8446
8448
28290
8449
8450
8452
28289
28292
8453
8454
8456
28294
8457
8458
8460
28293
28296
8461
8462
8464
28269
28298
8465
8466
8468
28297
28300
8469
8470
8472
28302
8473
8474
8476
28304
8477
8478
8480
28305
28306
8481
8482
8484
28307
28308
8485
8486
8488
28309
28310
8489
8490
8492
28311
28312
8493
8494
8496
28313
28314
8497
8498
8500
28315
28316
8501
8502
8504
28317
28318
8505
8506
8508
28303
28320
8509
8510
8512
28322
8513
8514
8516
28323
28324
8517
8518
8520
28325
28326
8521
8522
8524
28327
28328
8525
8526
8528
28329
28330
8529
8530
8532
28331
28332
8533
8534
8536
28333
28334
8537
8538
8540
28335
28336
8541
8542
8544
28321
28338
8545
8546
8548
28340
8549
8550
8552
28341
28342
8553
8554
8556
28343
28344
8557
8558
8560
28345
28346
8561
8562
8564
28347
28348
8565
8566
8568
28349
28350
8569
8570
8572
28351
28352
8573
8574
8576
28353
28354
8577
8578
8580
28339
28356
8581
8582
8584
28358
8585
8586
8588
28359
28360
8589
8590
8592
28361
28362
8593
8594
8596
28363
28364
8597
8598
8600
28365
28366
8601
8602
8604
28367
28368
8605
8606
8608
28369
28370
8609
8610
8612
28371
28372
8613
8614
8616
28357
28374
8617
8618
8620
28376
8621
8622
8624
28377
28378
8625
8626
8628
28379
28380
8629
8630
8632
28381
28382
8633
8634
8636
28383
28384
8637
8638
8640
28385
28386
8641
8642
8644
28387
28388
8645
8646
8648
28389
28390
8649
8650
8652
28375
28392
8653
8654
8656
28394
8657
8658
8660
28395
28396
8661
8662
8664
28397
28398
8665
8666
8668
28399
28400
8669
8670
8672
28401
28402
8673
8674
8676
28403
28404
8677
8678
8680
28405
28406
8681
8682
8684
28407
28408
8685
8686
8688
28393
28410
8691
8692
8694
28271
28413
8695
8696
8698
28414
28275
28415
8699
8700
8702
28416
28279
28417
8703
8704
8706
28418
28283
28419
8707
8708
8710
28420
28287
28421
8711
8712
8714
28422
28291
28423
8715
8716
8718
28424
28295
28425
8719
8720
8722
28426
28299
28427
8723
8724
8726
28411
28412
28429
8727
8728
8730
28431
8731
8732
8734
28433
8735
8736
8738
28434
28435
8739
8740
8742
28436
28437
8743
8744
8746
28438
28439
8747
8748
8750
28440
28441
8751
8752
8754
28442
28443
8755
8756
8758
28444
28445
8761
8762
8764
28446
28447
28448
8765
8766
8768
28432
28450
8769
8770
8772
28452
8773
8774
8776
28453
28454
8777
8778
8780
28455
28456
8781
8782
8784
28457
28458
8785
8786
8788
28459
28460
8789
8790
8792
28461
28462
8793
8794
8796
28463
28464
8799
8800
8802
28465
28466
28467
8803
8804
8806
28451
28469
8807
8808
8810
28471
8811
8812
8814
28472
28473
8815
8816
8818
28474
28475
8819
8820
8822
28476
28477
8823
8824
8826
28478
28479
8827
8828
8830
28480
28481
8831
8832
8834
28482
28483
8837
8838
8840
28484
28485
28486
8841
8842
8844
28470
28488
8845
8846
8848
28490
8849
8850
8852
28491
28492
8853
8854
8856
28493
28494
8857
8858
8860
28495
28496
8861
8862
8864
28497
28498
8865
8866
8868
28499
28500
8869
8870
8872
28501
28502
8875
8876
8878
28503
28504
28505
8879
8880
8882
28489
28507
8883
8884
8886
28509
8887
8888
8890
28510
28511
8891
8892
8894
28512
28513
8895
8896
8898
28514
28515
8899
8900
8902
28516
28517
8903
8904
8906
28518
28519
8907
8908
8910
28520
28521
8913
8914
8916
28522
28523
28524
8917
8918
8920
28508
28526
8921
8922
8924
28528
8925
8926
8928
28529
28530
8929
8930
8932
28531
28532
8933
8934
8936
28533
28534
8937
8938
8940
28535
28536
8941
8942
8944
28537
28538
8945
8946
8948
28539
28540
8951
8952
8954
28541
28542
28543
8955
8956
8958
28527
28545
8959
8960
8962
28301
28547
8963
8964
8966
28548
28319
28549
8967
8968
8970
28550
28337
28551
8971
8972
8974
28552
28355
28553
8975
8976
8978
28554
28373
28555
8979
8980
8982
28556
28391
28557
8983
8984
8986
28558
28409
28559
8989
8990
8992
28560
28428
28561
28562
8993
8994
8996
28546
28564
8999
9000
9002
28567
9005
9006
9008
28570
9011
9012
9014
28571
28573
9017
9018
9020
28574
28576
9023
9024
9026
28577
28579
9029
9030
9032
28580
28582
9035
9036
9038
28583
28585
9041
9042
9044
28586
28588
9047
9048
9050
28589
28591
9051
9052
9054
28593
9055
9056
9058
28594
28595
9059
9060
9062
28596
28597
9063
9064
9066
28598
28599
9067
9068
9070
28600
28601
9071
9072
9074
28602
28603
9075
9076
9078
28604
28605
9079
9080
9082
28606
28607
9083
9084
9086
28609
9087
9088
9090
28610
28611
9091
9092
9094
28612
28613
9095
9096
9098
28614
28615
9099
9100
9102
28616
28617
9103
9104
9106
28618
28619
9107
9108
9110
28620
28621
9111
9112
9114
28622
28623
9117
9118
9120
28568
28626
9123
9124
9126
28629
9129
9130
9132
28630
28632
9135
9136
9138
28633
28635
9141
9142
9144
28636
28638
9147
9148
9150
28639
28641
9153
9154
9156
28642
28644
9159
9160
9162
28645
28647
9165
9166
9168
28648
28650
9169
9170
9172
28652
9173
9174
9176
28653
28654
9177
9178
9180
28655
28656
9181
9182
9184
28657
28658
9185
9186
9188
28659
28660
9189
9190
9192
28661
28662
9193
9194
9196
28663
28664
9197
9198
9200
28665
28666
9201
9202
9204
28668
9205
9206
9208
28669
28670
9209
9210
9212
28671
28672
9213
9214
9216
28673
28674
9217
9218
9220
28675
28676
9221
9222
9224
28677
28678
9225
9226
9228
28679
28680
9229
9230
9232
28681
28682
9235
9236
9238
28627
28685
9241
9242
9244
28688
9247
9248
9250
28689
28691
9253
9254
9256
28692
28694
9259
9260
9262
28695
28697
9265
9266
9268
28698
28700
9271
9272
9274
28701
28703
9277
9278
9280
28704
28706
9283
9284
9286
28707
28709
9287
9288
9290
28711
9291
9292
9294
28712
28713
9295
9296
9298
28714
28715
9299
9300
9302
28716
28717
9303
9304
9306
28718
28719
9307
9308
9310
28720
28721
9311
9312
9314
28722
28723
9315
9316
9318
28724
28725
9319
9320
9322
28727
9323
9324
9326
28728
28729
9327
9328
9330
28730
28731
9331
9332
9334
28732
28733
9335
9336
9338
28734
28735
9339
9340
9342
28736
28737
9343
9344
9346
28738
28739
9347
9348
9350
28740
28741
9353
9354
9356
28686
28744
9359
9360
9362
28747
9365
9366
9368
28748
28750
9371
9372
9374
28751
28753
9377
9378
9380
28754
28756
9383
9384
9386
28757
28759
9389
9390
9392
28760
28762
9395
9396
9398
28763
28765
9401
9402
9404
28766
28768
9405
9406
9408
28770
9409
9410
9412
28771
28772
9413
9414
9416
28773
28774
9417
9418
9420
28775
28776
9421
9422
9424
28777
28778
9425
9426
9428
28779
28780
9429
9430
9432
28781
28782
9433
9434
9436
28783
28784
9437
9438
9440
28786
9441
9442
9444
28787
28788
9445
9446
9448
28789
28790
9449
9450
9452
28791
28792
9453
9454
9456
28793
28794
9457
9458
9460
28795
28796
9461
9462
9464
28797
28798
9465
9466
9468
28799
28800
9471
9472
9474
28745
28803
9477
9478
9480
28806
9483
9484
9486
28807
28809
9489
9490
9492
28810
28812
9495
9496
9498
28813
28815
9501
9502
9504
28816
28818
9507
9508
9510
28819
28821
9513
9514
9516
28822
28824
9519
9520
9522
28825
28827
9523
9524
9526
28829
9527
9528
9530
28830
28831
9531
9532
9534
28832
28833
9535
9536
9538
28834
28835
9539
9540
9542
28836
28837
9543
9544
9546
28838
28839
9547
9548
9550
28840
28841
9551
9552
9554
28842
28843
9555
9556
9558
28845
9559
9560
9562
28846
28847
9563
9564
9566
28848
28849
9567
9568
9570
28850
28851
9571
9572
9574
28852
28853
9575
9576
9578
28854
28855
9579
9580
9582
28856
28857
9583
9584
9586
28858
28859
9589
9590
9592
28804
28862
9595
9596
9598
28865
9601
9602
9604
28866
28868
9607
9608
9610
28869
28871
9613
9614
9616
28872
28874
9619
9620
9622
28875
28877
9625
9626
9628
28878
28880
9631
9632
9634
28881
28883
9637
9638
9640
28884
28886
9641
9642
9644
28888
9645
9646
9648
28889
28890
9649
9650
9652
28891
28892
9653
9654
9656
28893
28894
9657
9658
9660
28895
28896
9661
9662
9664
28897
28898
9665
9666
9668
28899
28900
9669
9670
9672
28901
28902
9673
9674
9676
28904
9677
9678
9680
28905
28906
9681
9682
9684
28907
28908
9685
9686
9688
28909
28910
9689
9690
9692
28911
28912
9693
9694
9696
28913
28914
9697
9698
9700
28915
28916
9701
9702
9704
28917
28918
9707
9708
9710
28863
28921
9713
9714
9716
27634
28924
9719
9720
9722
28925
27662
28927
9725
9726
9728
28928
27690
28930
9731
9732
9734
28931
27718
28933
9737
9738
9740
28934
27746
28936
9743
9744
9746
28937
27774
28939
9749
9750
9752
28940
27802
28942
9755
9756
9758
28943
27830
28945
9759
9760
9762
28064
28947
9763
9764
9766
28948
28083
28949
9767
9768
9770
28950
28102
28951
9771
9772
9774
28952
28121
28953
9775
9776
9778
28954
28140
28955
9779
9780
9782
28956
28159
28957
9783
9784
9786
28958
28178
28959
9787
9788
9790
28960
28197
28961
9791
9792
9794
28430
28963
9795
9796
9798
28964
28449
28965
9799
9800
9802
28966
28468
28967
9803
9804
9806
28968
28487
28969
9807
9808
9810
28970
28506
28971
9811
9812
9814
28972
28525
28973
9815
9816
9818
28974
28544
28975
9819
9820
9822
28976
28563
28977
9825
9826
9828
28922
28980
9829
9830
9832
25655
25657
28982
9833
9834
9836
28984
9837
9838
9840
28201
28203
28986
9841
9842
9844
28988
9845
9846
9848
28990
9849
9850
9852
28209
28211
28992
9853
9854
9856
28994
9857
9858
9860
28996
9861
9862
9864
28205
28998
9865
9866
9868
28213
29000
9869
9870
9872
28997
29002
9873
9874
9876
27857
29004
9877
9878
9880
29006
9881
9882
9884
29007
29008
9885
9886
9888
29005
27863
29010
9889
9890
9892
29012
9893
9894
9896
29013
29014
9897
9898
9900
29011
27869
29016
9901
9902
9904
29018
9905
9906
9908
29019
29020
9909
9910
9912
29017
27875
29022
9913
9914
9916
29024
9917
9918
9920
29025
29026
9921
9922
9924
29023
27881
29028
9925
9926
9928
29030
9929
9930
9932
29031
29032
9933
9934
9936
29029
27887
29034
9937
9938
9940
29036
9941
9942
9944
29037
29038
9945
9946
9948
29035
27893
29040
9949
9950
9952
28215
28989
29042
9953
9954
9956
29043
28221
28999
29044
9957
9958
9960
29041
27899
29046
9961
9962
9964
27901
29048
9965
9966
9968
29050
9969
9970
9972
29052
9973
9974
9976
29054
9977
9978
9980
29053
29056
9981
9982
9984
29058
9985
9986
9988
29057
29060
9989
9990
9992
29062
9993
9994
9996
29061
29064
9997
9998
10000
29066
10001
10002
10004
29065
29068
10005
10006
10008
29070
10009
10010
10012
29069
29072
10013
10014
10016
29074
10017
10018
10020
29073
29076
10021
10022
10024
29049
29078
10025
10026
10028
29077
29080
10029
10030
10032
29082
10033
10034
10036
29084
10037
10038
10040
29085
29086
10041
10042
10044
29087
29088
10045
10046
10048
29089
29090
10049
10050
10052
29091
29092
10053
10054
10056
29093
29094
10057
10058
10060
29095
29096
10061
10062
10064
29097
29098
10065
10066
10068
29083
29100
10069
10070
10072
29102
10073
10074
10076
29103
29104
10077
10078
10080
29105
29106
10081
10082
10084
29107
29108
10085
10086
10088
29109
29110
10089
10090
10092
29111
29112
10093
10094
10096
29113
29114
10097
10098
10100
29115
29116
10101
10102
10104
29101
29118
10105
10106
10108
29120
10109
10110
10112
29121
29122
10113
10114
10116
29123
29124
10117
10118
10120
29125
29126
10121
10122
10124
29127
29128
10125
10126
10128
29129
29130
10129
10130
10132
29131
29132
10133
10134
10136
29133
29134
10137
10138
10140
29119
29136
10141
10142
10144
29138
10145
10146
10148
29139
29140
10149
10150
10152
29141
29142
10153
10154
10156
29143
29144
10157
10158
10160
29145
29146
10161
10162
10164
29147
29148
10165
10166
10168
29149
29150
10169
10170
10172
29151
29152
10173
10174
10176
29137
29154
10177
10178
10180
29156
10181
10182
10184
29157
29158
10185
10186
10188
29159
29160
10189
10190
10192
29161
29162
10193
10194
10196
29163
29164
10197
10198
10200
29165
29166
10201
10202
10204
29167
29168
10205
10206
10208
29169
29170
10209
10210
10212
29155
29172
10213
10214
10216
29174
10217
10218
10220
29175
29176
10221
10222
10224
29177
29178
10225
10226
10228
29179
29180
10229
10230
10232
29181
29182
10233
10234
10236
29183
29184
10237
10238
10240
29185
29186
10241
10242
10244
29187
29188
10245
10246
10248
29173
29190
10251
10252
10254
29051
29193
10255
10256
10258
29194
29055
29195
10259
10260
10262
29196
29059
29197
10263
10264
10266
29198
29063
29199
10267
10268
10270
29200
29067
29201
10271
10272
10274
29202
29071
29203
10275
10276
10278
29204
29075
29205
10279
10280
10282
29206
29079
29207
10283
10284
10286
29191
29192
29209
10287
10288
10290
29211
10291
10292
10294
29213
10295
10296
10298
29214
29215
10299
10300
10302
29216
29217
10303
10304
10306
29218
29219
10307
10308
10310
29220
29221
10311
10312
10314
29222
29223
10315
10316
10318
29224
29225
10321
10322
10324
29226
29227
29228
10325
10326
10328
29212
29230
10329
10330
10332
29232
10333
10334
10336
29233
29234
10337
10338
10340
29235
29236
10341
10342
10344
29237
29238
10345
10346
10348
29239
29240
10349
10350
10352
29241
29242
10353
10354
10356
29243
29244
10359
10360
10362
29245
29246
29247
10363
10364
10366
29231
29249
10367
10368
10370
29251
10371
10372
10374
29252
29253
10375
10376
10378
29254
29255
10379
10380
10382
29256
29257
10383
10384
10386
29258
29259
10387
10388
10390
29260
29261
10391
10392
10394
29262
29263
10397
10398
10400
29264
29265
29266
10401
10402
10404
29250
29268
10405
10406
10408
29270
10409
10410
10412
29271
29272
10413
10414
10416
29273
29274
10417
10418
10420
29275
29276
10421
10422
10424
29277
29278
10425
10426
10428
29279
29280
10429
10430
10432
29281
29282
10435
10436
10438
29283
29284
29285
10439
10440
10442
29269
29287
10443
10444
10446
29289
10447
10448
10450
29290
29291
10451
10452
10454
29292
29293
10455
10456
10458
29294
29295
10459
10460
10462
29296
29297
10463
10464
10466
29298
29299
10467
10468
10470
29300
29301
10473
10474
10476
29302
29303
29304
10477
10478
10480
29288
29306
10481
10482
10484
29308
10485
10486
10488
29309
29310
10489
10490
10492
29311
29312
10493
10494
10496
29313
29314
10497
10498
10500
29315
29316
10501
10502
10504
29317
29318
10505
10506
10508
29319
29320
10511
10512
10514
29321
29322
29323
10515
10516
10518
29307
29325
10519
10520
10522
29081
29327
10523
10524
10526
29328
29099
29329
10527
10528
10530
29330
29117
29331
10531
10532
10534
29332
29135
29333
10535
10536
10538
29334
29153
29335
10539
10540
10542
29336
29171
29337
10543
10544
10546
29338
29189
29339
10549
10550
10552
29340
29208
29341
29342
10553
10554
10556
29326
29344
10557
10558
10560
29346
10561
10562
10564
29348
10565
10566
10568
29349
29350
10569
10570
10572
29351
29352
10573
10574
10576
29353
29354
10577
10578
10580
29355
29356
10581
10582
10584
29357
29358
10585
10586
10588
29359
29360
10589
10590
10592
29361
29362
10593
10594
10596
29347
29364
10597
10598
10600
29366
10601
10602
10604
29367
29368
10605
10606
10608
29369
29370
10609
10610
10612
29371
29372
10613
10614
10616
29373
29374
10617
10618
10620
29375
29376
10621
10622
10624
29377
29378
10625
10626
10628
29379
29380
10629
10630
10632
29365
29382
10633
10634
10636
29384
10637
10638
10640
29385
29386
10641
10642
10644
29387
29388
10645
10646
10648
29389
29390
10649
10650
10652
29391
29392
10653
10654
10656
29393
29394
10657
10658
10660
29395
29396
10661
10662
10664
29397
29398
10665
10666
10668
29383
29400
10669
10670
10672
29402
10673
10674
10676
29403
29404
10677
10678
10680
29405
29406
10681
10682
10684
29407
29408
10685
10686
10688
29409
29410
10689
10690
10692
29411
29412
10693
10694
10696
29413
29414
10697
10698
10700
29415
29416
10701
10702
10704
29401
29418
10705
10706
10708
29420
10709
10710
10712
29421
29422
10713
10714
10716
29423
29424
10717
10718
10720
29425
29426
10721
10722
10724
29427
29428
10725
10726
10728
29429
29430
10729
10730
10732
29431
29432
10733
10734
10736
29433
29434
10737
10738
10740
29419
29436
10741
10742
10744
29438
10745
10746
10748
29439
29440
10749
10750
10752
29441
29442
10753
10754
10756
29443
29444
10757
10758
10760
29445
29446
10761
10762
10764
29447
29448
10765
10766
10768
29449
29450
10769
10770
10772
29451
29452
10773
10774
10776
29437
29454
10777
10778
10780
29210
29456
10781
10782
10784
29457
29229
29458
10785
10786
10788
29459
29248
29460
10789
10790
10792
29461
29267
29462
10793
10794
10796
29463
29286
29464
10797
10798
10800
29465
29305
29466
10801
10802
10804
29467
29324
29468
10805
10806
10808
29469
29343
29470
10809
10810
10812
29455
29472
10813
10814
10816
28983
28985
28991
29474
10817
10818
10820
29476
10821
10822
10824
29478
10825
10826
10828
29480
10829
10830
10832
28987
29482
10833
10834
10836
28993
29475
29484
10837
10838
10840
29481
29486
10841
10842
10844
28223
29488
10845
10846
10848
29490
10849
10850
10852
29491
29492
10853
10854
10856
29489
28229
29494
10857
10858
10860
29496
10861
10862
10864
29497
29498
10865
10866
10868
29495
28235
29500
10869
10870
10872
29502
10873
10874
10876
29503
29504
10877
10878
10880
29501
28241
29506
10881
10882
10884
29508
10885
10886
10888
29509
29510
10889
10890
10892
29507
28247
29512
10893
10894
10896
29514
10897
10898
10900
29515
29516
10901
10902
10904
29513
28253
29518
10905
10906
10908
29520
10909
10910
10912
29521
29522
10913
10914
10916
29519
28259
29524
10917
10918
10920
28995
29477
29479
29526
10921
10922
10924
29527
29001
29483
29485
29528
10925
10926
10928
29525
28265
29530
10929
10930
10932
28267
29532
10933
10934
10936
29534
10937
10938
10940
29536
10941
10942
10944
29538
10945
10946
10948
29537
29540
10949
10950
10952
29542
10953
10954
10956
29541
29544
10957
10958
10960
29546
10961
10962
10964
29545
29548
10965
10966
10968
29550
10969
10970
10972
29549
29552
10973
10974
10976
29554
10977
10978
10980
29553
29556
10981
10982
10984
29558
10985
10986
10988
29557
29560
10989
10990
10992
29533
29562
10993
10994
10996
29561
29564
10997
10998
11000
29566
11001
11002
11004
29568
11005
11006
11008
29569
29570
11009
11010
11012
29571
29572
11013
11014
11016
29573
29574
11017
11018
11020
29575
29576
11021
11022
11024
29577
29578
11025
11026
11028
29579
29580
11029
11030
11032
29581
29582
11033
11034
11036
29567
29584
11037
11038
11040
29586
11041
11042
11044
29587
29588
11045
11046
11048
29589
29590
11049
11050
11052
29591
29592
11053
11054
11056
29593
29594
11057
11058
11060
29595
29596
11061
11062
11064
29597
29598
11065
11066
11068
29599
29600
11069
11070
11072
29585
29602
11073
11074
11076
29604
11077
11078
11080
29605
29606
11081
11082
11084
29607
29608
11085
11086
11088
29609
29610
11089
11090
11092
29611
29612
11093
11094
11096
29613
29614
11097
11098
11100
29615
29616
11101
11102
11104
29617
29618
11105
11106
11108
29603
29620
11109
11110
11112
29622
11113
11114
11116
29623
29624
11117
11118
11120
29625
29626
11121
11122
11124
29627
29628
11125
11126
11128
29629
29630
11129
11130
11132
29631
29632
11133
11134
11136
29633
29634
11137
11138
11140
29635
29636
11141
11142
11144
29621
29638
11145
11146
11148
29640
11149
11150
11152
29641
29642
11153
11154
11156
29643
29644
11157
11158
11160
29645
29646
11161
11162
11164
29647
29648
11165
11166
11168
29649
29650
11169
11170
11172
29651
29652
11173
11174
11176
29653
29654
11177
11178
11180
29639
29656
11181
11182
11184
29658
11185
11186
11188
29659
29660
11189
11190
11192
29661
29662
11193
11194
11196
29663
29664
11197
11198
11200
29665
29666
11201
11202
11204
29667
29668
11205
11206
11208
29669
29670
11209
11210
11212
29671
29672
11213
11214
11216
29657
29674
11219
11220
11222
29535
29677
11223
11224
11226
29678
29539
29679
11227
11228
11230
29680
29543
29681
11231
11232
11234
29682
29547
29683
11235
11236
11238
29684
29551
29685
11239
11240
11242
29686
29555
29687
11243
11244
11246
29688
29559
29689
11247
11248
11250
29690
29563
29691
11251
11252
11254
29675
29676
29693
11255
11256
11258
29695
11259
11260
11262
29697
11263
11264
11266
29698
29699
11267
11268
11270
29700
29701
11271
11272
11274
29702
29703
11275
11276
11278
29704
29705
11279
11280
11282
29706
29707
11283
11284
11286
29708
29709
11289
11290
11292
29710
29711
29712
11293
11294
11296
29696
29714
11297
11298
11300
29716
11301
11302
11304
29717
29718
11305
11306
11308
29719
29720
11309
11310
11312
29721
29722
11313
11314
11316
29723
29724
11317
11318
11320
29725
29726
11321
11322
11324
29727
29728
11327
11328
11330
29729
29730
29731
11331
11332
11334
29715
29733
11335
11336
11338
29735
11339
11340
11342
29736
29737
11343
11344
11346
29738
29739
11347
11348
11350
29740
29741
11351
11352
11354
29742
29743
11355
11356
11358
29744
29745
11359
11360
11362
29746
29747
11365
11366
11368
29748
29749
29750
11369
11370
11372
29734
29752
11373
11374
11376
29754
11377
11378
11380
29755
29756
11381
11382
11384
29757
29758
11385
11386
11388
29759
29760
11389
11390
11392
29761
29762
11393
11394
11396
29763
29764
11397
11398
11400
29765
29766
11403
11404
11406
29767
29768
29769
11407
11408
11410
29753
29771
11411
11412
11414
29773
11415
11416
11418
29774
29775
11419
11420
11422
29776
29777
11423
11424
11426
29778
29779
11427
11428
11430
29780
29781
11431
11432
11434
29782
29783
11435
11436
11438
29784
29785
11441
11442
11444
29786
29787
29788
11445
11446
11448
29772
29790
11449
11450
11452
29792
11453
11454
11456
29793
29794
11457
11458
11460
29795
29796
11461
11462
11464
29797
29798
11465
11466
11468
29799
29800
11469
11470
11472
29801
29802
11473
11474
11476
29803
29804
11479
11480
11482
29805
29806
29807
11483
11484
11486
29791
29809
11487
11488
11490
29565
29811
11491
11492
11494
29812
29583
29813
11495
11496
11498
29814
29601
29815
11499
11500
11502
29816
29619
29817
11503
11504
11506
29818
29637
29819
11507
11508
11510
29820
29655
29821
11511
11512
11514
29822
29673
29823
11517
11518
11520
29824
29692
29825
29826
11521
11522
11524
29810
29828
11525
11526
11528
29830
11529
11530
11532
29832
11533
11534
11536
29833
29834
11537
11538
11540
29835
29836
11541
11542
11544
29837
29838
11545
11546
11548
29839
29840
11549
11550
11552
29841
29842
11553
11554
11556
29843
29844
11557
11558
11560
29845
29846
11561
11562
11564
29831
29848
11565
11566
11568
29850
11569
11570
11572
29851
29852
11573
11574
11576
29853
29854
11577
11578
11580
29855
29856
11581
11582
11584
29857
29858
11585
11586
11588
29859
29860
11589
11590
11592
29861
29862
11593
11594
11596
29863
29864
11597
11598
11600
29849
29866
11601
11602
11604
29868
11605
11606
11608
29869
29870
11609
11610
11612
29871
29872
11613
11614
11616
29873
29874
11617
11618
11620
29875
29876
11621
11622
11624
29877
29878
11625
11626
11628
29879
29880
11629
11630
11632
29881
29882
11633
11634
11636
29867
29884
11637
11638
11640
29886
11641
11642
11644
29887
29888
11645
11646
11648
29889
29890
11649
11650
11652
29891
29892
11653
11654
11656
29893
29894
11657
11658
11660
29895
29896
11661
11662
11664
29897
29898
11665
11666
11668
29899
29900
11669
11670
11672
29885
29902
11673
11674
11676
29904
11677
11678
11680
29905
29906
11681
11682
11684
29907
29908
11685
11686
11688
29909
29910
11689
11690
11692
29911
29912
11693
11694
11696
29913
29914
11697
11698
11700
29915
29916
11701
11702
11704
29917
29918
11705
11706
11708
29903
29920
11709
11710
11712
29922
11713
11714
11716
29923
29924
11717
11718
11720
29925
29926
11721
11722
11724
29927
29928
11725
11726
11728
29929
29930
11729
11730
11732
29931
29932
11733
11734
11736
29933
29934
11737
11738
11740
29935
29936
11741
11742
11744
29921
29938
11745
11746
11748
29694
29940
11749
11750
11752
29941
29713
29942
11753
11754
11756
29943
29732
29944
11757
11758
11760
29945
29751
29946
11761
11762
11764
29947
29770
29948
11765
11766
11768
29949
29789
29950
11769
11770
11772
29951
29808
29952
11773
11774
11776
29953
29827
29954
11777
11778
11780
29939
29956
11783
11784
11786
29959
11789
11790
11792
29962
11795
11796
11798
29963
29965
11801
11802
11804
29966
29968
11807
11808
11810
29969
29971
11813
11814
11816
29972
29974
11819
11820
11822
29975
29977
11825
11826
11828
29978
29980
11831
11832
11834
29981
29983
11835
11836
11838
29985
11839
11840
11842
29986
29987
11843
11844
11846
29988
29989
11847
11848
11850
29990
29991
11851
11852
11854
29992
29993
11855
11856
11858
29994
29995
11859
11860
11862
29996
29997
11863
11864
11866
29998
29999
11867
11868
11870
30001
11871
11872
11874
30002
30003
11875
11876
11878
30004
30005
11879
11880
11882
30006
30007
11883
11884
11886
30008
30009
11887
11888
11890
30010
30011
11891
11892
11894
30012
30013
11895
11896
11898
30014
30015
11901
11902
11904
29960
30018
11907
11908
11910
30021
11913
11914
11916
30022
30024
11919
11920
11922
30025
30027
11925
11926
11928
30028
30030
11931
11932
11934
30031
30033
11937
11938
11940
30034
30036
11943
11944
11946
30037
30039
11949
11950
11952
30040
30042
11953
11954
11956
30044
11957
11958
11960
30045
30046
11961
11962
11964
30047
30048
11965
11966
11968
30049
30050
11969
11970
11972
30051
30052
11973
11974
11976
30053
30054
11977
11978
11980
30055
30056
11981
11982
11984
30057
30058
11985
11986
11988
30060
11989
11990
11992
30061
30062
11993
11994
11996
30063
30064
11997
11998
12000
30065
30066
12001
12002
12004
30067
30068
12005
12006
12008
30069
30070
12009
12010
12012
30071
30072
12013
12014
12016
30073
30074
12019
12020
12022
30019
30077
12025
12026
12028
30080
12031
12032
12034
30081
30083
12037
12038
12040
30084
30086
12043
12044
12046
30087
30089
12049
12050
12052
30090
30092
12055
12056
12058
30093
30095
12061
12062
12064
30096
30098
12067
12068
12070
30099
30101
12071
12072
12074
30103
12075
12076
12078
30104
30105
12079
12080
12082
30106
30107
12083
12084
12086
30108
30109
12087
12088
12090
30110
30111
12091
12092
12094
30112
30113
12095
12096
12098
30114
30115
12099
12100
12102
30116
30117
12103
12104
12106
28565
30119
12107
12108
12110
30120
28624
30121
12111
12112
12114
30122
28683
30123
12115
12116
12118
30124
28742
30125
12119
12120
12122
30126
28801
30127
12123
12124
12126
30128
28860
30129
12127
12128
12130
30130
28919
30131
12131
12132
12134
30132
28978
30133
12137
12138
12140
30078
30136
12141
12142
12144
29003
29487
30138
12145
12146
12148
30139
29009
29493
30140
12149
12150
12152
30141
29015
29499
30142
12153
12154
12156
30143
29021
29505
30144
12157
12158
12160
30145
29027
29511
30146
12161
12162
12164
30147
29033
29517
30148
12165
12166
12168
30149
29039
29523
30150
12169
12170
12172
30151
29045
29529
30152
12173
12174
12176
29047
30154
12177
12178
12180
30156
12181
12182
12184
30158
12185
12186
12188
30160
12189
12190
12192
30159
30162
12193
12194
12196
30164
12197
12198
12200
30163
30166
12201
12202
12204
30168
12205
12206
12208
30167
30170
12209
12210
12212
30172
12213
12214
12216
30171
30174
12217
12218
12220
30176
12221
12222
12224
30175
30178
12225
12226
12228
30180
12229
12230
12232
30179
30182
12233
12234
12236
30155
30184
12237
12238
12240
30183
30186
12241
12242
12244
30188
12245
12246
12248
30190
12249
12250
12252
30191
30192
12253
12254
12256
30193
30194
12257
12258
12260
30195
30196
12261
12262
12264
30197
30198
12265
12266
12268
30199
30200
12269
12270
12272
30201
30202
12273
12274
12276
30203
30204
12277
12278
12280
30189
30206
12281
12282
12284
30208
12285
12286
12288
30209
30210
12289
12290
12292
30211
30212
12293
12294
12296
30213
30214
12297
12298
12300
30215
30216
12301
12302
12304
30217
30218
12305
12306
12308
30219
30220
12309
12310
12312
30221
30222
12313
12314
12316
30207
30224
12317
12318
12320
30226
12321
12322
12324
30227
30228
12325
12326
12328
30229
30230
12329
12330
12332
30231
30232
12333
12334
12336
30233
30234
12337
12338
12340
30235
30236
12341
12342
12344
30237
30238
12345
12346
12348
30239
30240
12349
12350
12352
30225
30242
12353
12354
12356
30244
12357
12358
12360
30245
30246
12361
12362
12364
30247
30248
12365
12366
12368
30249
30250
12369
12370
12372
30251
30252
12373
12374
12376
30253
30254
12377
12378
12380
30255
30256
12381
12382
12384
30257
30258
12385
12386
12388
30243
30260
12389
12390
12392
30262
12393
12394
12396
30263
30264
12397
12398
12400
30265
30266
12401
12402
12404
30267
30268
12405
12406
12408
30269
30270
12409
12410
12412
30271
30272
12413
12414
12416
30273
30274
12417
12418
12420
30275
30276
12421
12422
12424
30261
30278
12425
12426
12428
30280
12429
12430
12432
30281
30282
12433
12434
12436
30283
30284
12437
12438
12440
30285
30286
12441
12442
12444
30287
30288
12445
12446
12448
30289
30290
12449
12450
12452
30291
30292
12453
12454
12456
30293
30294
12457
12458
12460
30279
30296
12463
12464
12466
30157
30299
12467
12468
12470
30300
30161
30301
12471
12472
12474
30302
30165
30303
12475
12476
12478
30304
30169
30305
12479
12480
12482
30306
30173
30307
12483
12484
12486
30308
30177
30309
12487
12488
12490
30310
30181
30311
12491
12492
12494
30312
30185
30313
12495
12496
12498
30297
30298
30315
12499
12500
12502
30317
12503
12504
12506
30319
12507
12508
12510
30320
30321
12511
12512
12514
30322
30323
12515
12516
12518
30324
30325
12519
12520
12522
30326
30327
12523
12524
12526
30328
30329
12527
12528
12530
30330
30331
12533
12534
12536
30332
30333
30334
12537
12538
12540
30318
30336
12541
12542
12544
30338
12545
12546
12548
30339
30340
12549
12550
12552
30341
30342
12553
12554
12556
30343
30344
12557
12558
12560
30345
30346
12561
12562
12564
30347
30348
12565
12566
12568
30349
30350
12571
12572
12574
30351
30352
30353
12575
12576
12578
30337
30355
12579
12580
12582
30357
12583
12584
12586
30358
30359
12587
12588
12590
30360
30361
12591
12592
12594
30362
30363
12595
12596
12598
30364
30365
12599
12600
12602
30366
30367
12603
12604
12606
30368
30369
12609
12610
12612
30370
30371
30372
12613
12614
12616
30356
30374
12617
12618
12620
30376
12621
12622
12624
30377
30378
12625
12626
12628
30379
30380
12629
12630
12632
30381
30382
12633
12634
12636
30383
30384
12637
12638
12640
30385
30386
12641
12642
12644
30387
30388
12647
12648
12650
30389
30390
30391
12651
12652
12654
30375
30393
12655
12656
12658
30395
12659
12660
12662
30396
30397
12663
12664
12666
30398
30399
12667
12668
12670
30400
30401
12671
12672
12674
30402
30403
12675
12676
12678
30404
30405
12679
12680
12682
30406
30407
12685
12686
12688
30408
30409
30410
12689
12690
12692
30394
30412
12693
12694
12696
30414
12697
12698
12700
30415
30416
12701
12702
12704
30417
30418
12705
12706
12708
30419
30420
12709
12710
12712
30421
30422
12713
12714
12716
30423
30424
12717
12718
12720
30425
30426
12723
12724
12726
30427
30428
30429
12727
12728
12730
30413
30431
12731
12732
12734
30187
30433
12735
12736
12738
30434
30205
30435
12739
12740
12742
30436
30223
30437
12743
12744
12746
30438
30241
30439
12747
12748
12750
30440
30259
30441
12751
12752
12754
30442
30277
30443
12755
12756
12758
30444
30295
30445
12761
12762
12764
30446
30314
30447
30448
12765
12766
12768
30432
30450
12769
12770
12772
30452
12773
12774
12776
30454
12777
12778
12780
30455
30456
12781
12782
12784
30457
30458
12785
12786
12788
30459
30460
12789
12790
12792
30461
30462
12793
12794
12796
30463
30464
12797
12798
12800
30465
30466
12801
12802
12804
30467
30468
12805
12806
12808
30453
30470
12809
12810
12812
30472
12813
12814
12816
30473
30474
12817
12818
12820
30475
30476
12821
12822
12824
30477
30478
12825
12826
12828
30479
30480
12829
12830
12832
30481
30482
12833
12834
12836
30483
30484
12837
12838
12840
30485
30486
12841
12842
12844
30471
30488
12845
12846
12848
30490
12849
12850
12852
30491
30492
12853
12854
12856
30493
30494
12857
12858
12860
30495
30496
12861
12862
12864
30497
30498
12865
12866
12868
30499
30500
12869
12870
12872
30501
30502
12873
12874
12876
30503
30504
12877
12878
12880
30489
30506
12881
12882
12884
30508
12885
12886
12888
30509
30510
12889
12890
12892
30511
30512
12893
12894
12896
30513
30514
12897
12898
12900
30515
30516
12901
12902
12904
30517
30518
12905
12906
12908
30519
30520
12909
12910
12912
30521
30522
12913
12914
12916
30507
30524
12917
12918
12920
30526
12921
12922
12924
30527
30528
12925
12926
12928
30529
30530
12929
12930
12932
30531
30532
12933
12934
12936
30533
30534
12937
12938
12940
30535
30536
12941
12942
12944
30537
30538
12945
12946
12948
30539
30540
12949
12950
12952
30525
30542
12953
12954
12956
30544
12957
12958
12960
30545
30546
12961
12962
12964
30547
30548
12965
12966
12968
30549
30550
12969
12970
12972
30551
30552
12973
12974
12976
30553
30554
12977
12978
12980
30555
30556
12981
12982
12984
30557
30558
12985
12986
12988
30543
30560
12989
12990
12992
30316
30562
12993
12994
12996
30563
30335
30564
12997
12998
13000
30565
30354
30566
13001
13002
13004
30567
30373
30568
13005
13006
13008
30569
30392
30570
13009
13010
13012
30571
30411
30572
13013
13014
13016
30573
30430
30574
13017
13018
13020
30575
30449
30576
13021
13022
13024
30561
30578
13025
13026
13028
30580
13029
13030
13032
30582
13033
13034
13036
30583
30584
13037
13038
13040
30585
30586
13041
13042
13044
30587
30588
13045
13046
13048
30589
30590
13049
13050
13052
30591
30592
13053
13054
13056
30593
30594
13057
13058
13060
30595
30596
13061
13062
13064
30581
30598
13065
13066
13068
30600
13069
13070
13072
30601
30602
13073
13074
13076
30603
30604
13077
13078
13080
30605
30606
13081
13082
13084
30607
30608
13085
13086
13088
30609
30610
13089
13090
13092
30611
30612
13093
13094
13096
30613
30614
13097
13098
13100
30599
30616
13101
13102
13104
29345
30618
13105
13106
13108
30619
29363
30620
13109
13110
13112
30621
29381
30622
13113
13114
13116
30623
29399
30624
13117
13118
13120
30625
29417
30626
13121
13122
13124
30627
29435
30628
13125
13126
13128
30629
29453
30630
13129
13130
13132
30631
29471
30632
13133
13134
13136
30617
30634
13137
13138
13140
29531
30153
30636
13141
13142
13144
30638
13145
13146
13148
30640
13149
13150
13152
30642
13153
13154
13156
30641
30644
13157
13158
13160
30646
13161
13162
13164
30645
30648
13165
13166
13168
30650
13169
13170
13172
30649
30652
13173
13174
13176
30654
13177
13178
13180
30653
30656
13181
13182
13184
30658
13185
13186
13188
30657
30660
13189
13190
13192
30662
13193
13194
13196
30661
30664
13197
13198
13200
30637
30666
13201
13202
13204
30665
30668
13205
13206
13208
30670
13209
13210
13212
30672
13213
13214
13216
30673
30674
13217
13218
13220
30675
30676
13221
13222
13224
30677
30678
13225
13226
13228
30679
30680
13229
13230
13232
30681
30682
13233
13234
13236
30683
30684
13237
13238
13240
30685
30686
13241
13242
13244
30671
30688
13245
13246
13248
30690
13249
13250
13252
30691
30692
13253
13254
13256
30693
30694
13257
13258
13260
30695
30696
13261
13262
13264
30697
30698
13265
13266
13268
30699
30700
13269
13270
13272
30701
30702
13273
13274
13276
30703
30704
13277
13278
13280
30689
30706
13281
13282
13284
30708
13285
13286
13288
30709
30710
13289
13290
13292
30711
30712
13293
13294
13296
30713
30714
13297
13298
13300
30715
30716
13301
13302
13304
30717
30718
13305
13306
13308
30719
30720
13309
13310
13312
30721
30722
13313
13314
13316
30707
30724
13317
13318
13320
30726
13321
13322
13324
30727
30728
13325
13326
13328
30729
30730
13329
13330
13332
30731
30732
13333
13334
13336
30733
30734
13337
13338
13340
30735
30736
13341
13342
13344
30737
30738
13345
13346
13348
30739
30740
13349
13350
13352
30725
30742
13353
13354
13356
30744
13357
13358
13360
30745
30746
13361
13362
13364
30747
30748
13365
13366
13368
30749
30750
13369
13370
13372
30751
30752
13373
13374
13376
30753
30754
13377
13378
13380
30755
30756
13381
13382
13384
30757
30758
13385
13386
13388
30743
30760
13389
13390
13392
30762
13393
13394
13396
30763
30764
13397
13398
13400
30765
30766
13401
13402
13404
30767
30768
13405
13406
13408
30769
30770
13409
13410
13412
30771
30772
13413
13414
13416
30773
30774
13417
13418
13420
30775
30776
13421
13422
13424
30761
30778
13427
13428
13430
30639
30781
13431
13432
13434
30782
30643
30783
13435
13436
13438
30784
30647
30785
13439
13440
13442
30786
30651
30787
13443
13444
13446
30788
30655
30789
13447
13448
13450
30790
30659
30791
13451
13452
13454
30792
30663
30793
13455
13456
13458
30794
30667
30795
13459
13460
13462
30779
30780
30797
13463
13464
13466
30799
13467
13468
13470
30801
13471
13472
13474
30802
30803
13475
13476
13478
30804
30805
13479
13480
13482
30806
30807
13483
13484
13486
30808
30809
13487
13488
13490
30810
30811
13491
13492
13494
30812
30813
13497
13498
13500
30814
30815
30816
13501
13502
13504
30800
30818
13505
13506
13508
30820
13509
13510
13512
30821
30822
13513
13514
13516
30823
30824
13517
13518
13520
30825
30826
13521
13522
13524
30827
30828
13525
13526
13528
30829
30830
13529
13530
13532
30831
30832
13535
13536
13538
30833
30834
30835
13539
13540
13542
30819
30837
13543
13544
13546
30839
13547
13548
13550
30840
30841
13551
13552
13554
30842
30843
13555
13556
13558
30844
30845
13559
13560
13562
30846
30847
13563
13564
13566
30848
30849
13567
13568
13570
30850
30851
13573
13574
13576
30852
30853
30854
13577
13578
13580
30838
30856
13581
13582
13584
30858
13585
13586
13588
30859
30860
13589
13590
13592
30861
30862
13593
13594
13596
30863
30864
13597
13598
13600
30865
30866
13601
13602
13604
30867
30868
13605
13606
13608
30869
30870
13611
13612
13614
30871
30872
30873
13615
13616
13618
30857
30875
13619
13620
13622
30877
13623
13624
13626
30878
30879
13627
13628
13630
30880
30881
13631
13632
13634
30882
30883
13635
13636
13638
30884
30885
13639
13640
13642
30886
30887
13643
13644
13646
30888
30889
13649
13650
13652
30890
30891
30892
13653
13654
13656
30876
30894
13657
13658
13660
30896
13661
13662
13664
30897
30898
13665
13666
13668
30899
30900
13669
13670
13672
30901
30902
13673
13674
13676
30903
30904
13677
13678
13680
30905
30906
13681
13682
13684
30907
30908
13687
13688
13690
30909
30910
30911
13691
13692
13694
30895
30913
13695
13696
13698
30669
30915
13699
13700
13702
30916
30687
30917
13703
13704
13706
30918
30705
30919
13707
13708
13710
30920
30723
30921
13711
13712
13714
30922
30741
30923
13715
13716
13718
30924
30759
30925
13719
13720
13722
30926
30777
30927
13725
13726
13728
30928
30796
30929
30930
13729
13730
13732
30914
30932
13733
13734
13736
30934
13737
13738
13740
30936
13741
13742
13744
30937
30938
13745
13746
13748
30939
30940
13749
13750
13752
30941
30942
13753
13754
13756
30943
30944
13757
13758
13760
30945
30946
13761
13762
13764
30947
30948
13765
13766
13768
30949
30950
13769
13770
13772
30935
30952
13773
13774
13776
30954
13777
13778
13780
30955
30956
13781
13782
13784
30957
30958
13785
13786
13788
30959
30960
13789
13790
13792
30961
30962
13793
13794
13796
30963
30964
13797
13798
13800
30965
30966
13801
13802
13804
30967
30968
13805
13806
13808
30953
30970
13809
13810
13812
30972
13813
13814
13816
30973
30974
13817
13818
13820
30975
30976
13821
13822
13824
30977
30978
13825
13826
13828
30979
30980
13829
13830
13832
30981
30982
13833
13834
13836
30983
30984
13837
13838
13840
30985
30986
13841
13842
13844
30971
30988
13845
13846
13848
30990
13849
13850
13852
30991
30992
13853
13854
13856
30993
30994
13857
13858
13860
30995
30996
13861
13862
13864
30997
30998
13865
13866
13868
30999
31000
13869
13870
13872
31001
31002
13873
13874
13876
31003
31004
13877
13878
13880
30989
31006
13881
13882
13884
31008
13885
13886
13888
31009
31010
13889
13890
13892
31011
31012
13893
13894
13896
31013
31014
13897
13898
13900
31015
31016
13901
13902
13904
31017
31018
13905
13906
13908
31019
31020
13909
13910
13912
31021
31022
13913
13914
13916
31007
31024
13917
13918
13920
31026
13921
13922
13924
31027
31028
13925
13926
13928
31029
31030
13929
13930
13932
31031
31032
13933
13934
13936
31033
31034
13937
13938
13940
31035
31036
13941
13942
13944
31037
31038
13945
13946
13948
31039
31040
13949
13950
13952
31025
31042
13953
13954
13956
30798
31044
13957
13958
13960
31045
30817
31046
13961
13962
13964
31047
30836
31048
13965
13966
13968
31049
30855
31050
13969
13970
13972
31051
30874
31052
13973
13974
13976
31053
30893
31054
13977
13978
13980
31055
30912
31056
13981
13982
13984
31057
30931
31058
13985
13986
13988
31043
31060
13989
13990
13992
31062
13993
13994
13996
31064
13997
13998
14000
31065
31066
14001
14002
14004
31067
31068
14005
14006
14008
31069
31070
14009
14010
14012
31071
31072
14013
14014
14016
31073
31074
14017
14018
14020
31075
31076
14021
14022
14024
31077
31078
14025
14026
14028
31063
31080
14029
14030
14032
31082
14033
14034
14036
31083
31084
14037
14038
14040
31085
31086
14041
14042
14044
31087
31088
14045
14046
14048
31089
31090
14049
14050
14052
31091
31092
14053
14054
14056
31093
31094
14057
14058
14060
31095
31096
14061
14062
14064
31081
31098
14065
14066
14068
29829
31100
14069
14070
14072
31101
29847
31102
14073
14074
14076
31103
29865
31104
14077
14078
14080
31105
29883
31106
14081
14082
14084
31107
29901
31108
14085
14086
14088
31109
29919
31110
14089
14090
14092
31111
29937
31112
14093
14094
14096
31113
29955
31114
14097
14098
14100
31099
31116
14103
14104
14106
31119
14109
14110
14112
31122
14115
14116
14118
31123
31125
14121
14122
14124
31126
31128
14127
14128
14130
31129
31131
14131
14132
14134
31133
14135
14136
14138
31134
31135
14139
14140
14142
31136
31137
14143
14144
14146
31138
31139
14147
14148
14150
31141
14151
14152
14154
31142
31143
14155
14156
14158
31144
31145
14159
14160
14162
31146
31147
14165
14166
14168
31120
31150
14171
14172
14174
31153
14177
14178
14180
31154
31156
14183
14184
14186
31157
31159
14189
14190
14192
31160
31162
14193
14194
14196
31164
14197
14198
14200
31165
31166
14201
14202
14204
31167
31168
14205
14206
14208
31169
31170
14209
14210
14212
31172
14213
14214
14216
31173
31174
14217
14218
14220
31175
31176
14221
14222
14224
31177
31178
14227
14228
14230
31151
31181
14233
14234
14236
31184
14239
14240
14242
31185
31187
14245
14246
14248
31188
31190
14251
14252
14254
31191
31193
14255
14256
14258
31195
14259
14260
14262
31196
31197
14263
14264
14266
31198
31199
14267
14268
14270
31200
31201
14271
14272
14274
31203
14275
14276
14278
31204
31205
14279
14280
14282
31206
31207
14283
14284
14286
31208
31209
14289
14290
14292
31182
29957
31212
14293
14294
14296
31214
14297
14298
14300
31215
31216
14301
14302
14304
31217
31218
14305
14306
14308
31219
31220
14309
14310
14312
31221
31222
14313
14314
14316
31223
31224
14317
14318
14320
31225
31226
14321
14322
14324
31227
31228
14325
14326
14328
31230
14329
14330
14332
31232
14333
14334
14336
31233
31234
14337
14338
14340
31235
31236
14341
14342
14344
31237
31238
14345
14346
14348
31239
31240
14349
14350
14352
31241
31242
14353
14354
14356
31243
31244
14357
14358
14360
31245
31246
14361
14362
14364
31231
31248
14365
14366
14368
31250
14369
14370
14372
31251
31252
14373
14374
14376
31253
31254
14377
14378
14380
31255
31256
14381
14382
14384
31257
31258
14385
14386
14388
31259
31260
14389
14390
14392
31261
31262
14393
14394
14396
31263
31264
14397
14398
14400
31249
31266
14401
14402
14404
30451
30933
31268
14405
14406
14408
31269
30469
30951
31270
14409
14410
14412
31271
30487
30969
31272
14413
14414
14416
31273
30505
30987
31274
14417
14418
14420
31275
30523
31005
31276
14421
14422
14424
31277
30541
31023
31278
14425
14426
14428
31279
30559
31041
31280
14429
14430
14432
31281
30577
31059
31282
14433
14434
14436
31267
31284
14437
14438
14440
31286
14441
14442
14444
31288
14445
14446
14448
31289
31290
14449
14450
14452
31291
31292
14453
14454
14456
31293
31294
14457
14458
14460
31287
31296
14461
14462
14464
31298
14465
14466
14468
31299
31300
14469
14470
14472
31301
31302
14473
14474
14476
31303
31304
14477
14478
14480
31297
31306
14481
14482
14484
31308
14485
14486
14488
31309
31310
14489
14490
14492
31311
31312
14493
14494
14496
31313
31314
14497
14498
14500
31307
30579
31316
14501
14502
14504
31318
14505
14506
14508
31319
31320
14509
14510
14512
31321
31322
14513
14514
14516
31323
31324
14517
14518
14520
31326
14521
14522
14524
31328
14525
14526
14528
31329
31330
14529
14530
14532
31331
31332
14533
14534
14536
31333
31334
14537
14538
14540
31327
31336
14541
14542
14544
31338
14545
14546
14548
31339
31340
14549
14550
14552
31341
31342
14553
14554
14556
31343
31344
14557
14558
14560
31337
31346
14561
14562
14564
31348
14565
14566
14568
31349
31350
14569
14570
14572
31351
31352
14573
14574
14576
31353
31354
14577
14578
14580
31347
31061
31356
14583
14584
14586
31359
14589
14590
14592
31362
14595
14596
14598
31363
31365
14601
14602
14604
31366
31368
14607
14608
14610
31369
30016
31371
14611
14612
14614
31373
14615
14616
14618
31374
31375
14619
14620
14622
31376
31377
14623
14624
14626
31378
30597
31379
14627
14628
14630
31381
14631
14632
14634
31382
31383
14635
14636
14638
31384
31385
14639
14640
14642
31386
31079
31387
14645
14646
14648
31360
31390
14651
14652
14654
31393
14657
14658
14660
31394
31396
14663
14664
14666
31397
31399
14669
14670
14672
31400
30075
31402
14673
14674
14676
31404
14677
14678
14680
31405
31406
14681
14682
14684
31407
31408
14685
14686
14688
31409
30615
31410
14689
14690
14692
31412
14693
14694
14696
31413
31414
14697
14698
14700
31415
31416
14701
14702
14704
31417
31097
31418
14707
14708
14710
31391
31421
14713
14714
14716
31424
14719
14720
14722
31425
31427
14725
14726
14728
31428
31430
14731
14732
14734
31431
30134
31433
14735
14736
14738
31435
14739
14740
14742
31436
31437
14743
14744
14746
31438
31439
14747
14748
14750
31440
30633
31441
14751
14752
14754
31117
31443
14755
14756
14758
31444
31148
31445
14759
14760
14762
31446
31179
31447
14763
14764
14766
31448
31115
31210
31449
14769
14770
14772
31422
31452
14773
14774
14776
31454
14777
14778
14780
31455
31456
14781
14782
14784
31457
31458
14785
14786
14788
31459
31229
31460
14789
14790
14792
31462
14793
14794
14796
31464
14797
14798
14800
31465
31466
14801
14802
14804
31467
31468
14805
14806
14808
31469
31247
31470
14809
14810
14812
31463
31472
14813
14814
14816
31474
14817
14818
14820
31475
31476
14821
14822
14824
31477
31478
14825
14826
14828
31479
31265
31480
14829
14830
14832
31473
31482
14833
14834
14836
31285
31325
31484
14837
14838
14840
31485
31295
31335
31486
14841
14842
14844
31487
31305
31345
31488
14845
14846
14848
31489
31283
31315
31355
31490
14849
14850
14852
31483
31492
14853
14854
14856
31494
14857
14858
14860
31495
31496
14861
14862
14864
31497
31498
14865
14866
14868
31499
31500
14871
14872
14874
31503
14877
14878
14880
31506
14883
14884
14886
31507
31509
14889
14890
14892
31510
31512
14895
14896
14898
31513
31515
14899
14900
14902
31517
14903
14904
14906
31518
31519
14907
14908
14910
31520
31521
14911
14912
14914
31522
31523
14915
14916
14918
31525
14919
14920
14922
31526
31527
14923
14924
14926
31528
31529
14927
14928
14930
31530
31531
14933
14934
14936
31504
31534
14939
14940
14942
31537
14945
14946
14948
31538
31540
14951
14952
14954
31541
31543
14957
14958
14960
31544
31546
14961
14962
14964
31548
14965
14966
14968
31549
31550
14969
14970
14972
31551
31552
14973
14974
14976
31553
31554
14977
14978
14980
31556
14981
14982
14984
31557
31558
14985
14986
14988
31559
31560
14989
14990
14992
31561
31562
14995
14996
14998
31535
31565
15001
15002
15004
31568
15007
15008
15010
31569
31571
15013
15014
15016
31572
31574
15019
15020
15022
31575
31577
15023
15024
15026
31579
15027
15028
15030
31580
31581
15031
15032
15034
31582
31583
15035
15036
15038
31584
31585
15039
15040
15042
31357
31461
31587
15043
15044
15046
31588
31388
31471
31589
15047
15048
15050
31590
31419
31481
31591
15051
15052
15054
31592
31450
31491
31593
15057
15058
15060
31566
31596
15061
15062
15064
31598
15065
15066
15068
31599
31600
15069
15070
15072
31601
31602
15073
15074
15076
31603
31604
15079
15080
15082
31607
15085
15086
15088
31610
15091
15092
15094
31611
31613
15097
15098
15100
31614
31616
15103
15104
15106
31617
31619
15107
15108
15110
31621
15111
15112
15114
31622
31623
15115
15116
15118
31624
31625
15119
15120
15122
31626
31627
15125
15126
15128
31608
31630
15131
15132
15134
31633
15137
15138
15140
31634
31636
15143
15144
15146
31637
31639
15149
15150
15152
31640
31642
15153
15154
15156
31644
15157
15158
15160
31645
31646
15161
15162
15164
31647
31648
15165
15166
15168
31649
31650
15171
15172
15174
31631
31653
15177
15178
15180
31656
15183
15184
15186
31657
31659
15189
15190
15192
31660
31662
15195
15196
15198
31663
31665
15199
15200
15202
31501
31667
15203
15204
15206
31668
31532
31669
15207
15208
15210
31670
31563
31671
15211
15212
15214
31672
31594
31673
15217
15218
15220
31654
31676
15223
15224
15226
31679
15229
15230
15232
31682
15235
15236
15238
31683
31685
15241
15242
15244
31686
31688
15247
15248
15250
31689
31691
15253
15254
15256
31680
31694
15259
15260
15262
31697
15265
15266
15268
31698
31700
15271
15272
15274
31701
31703
15277
15278
15280
31704
31706
15283
15284
15286
31695
31709
15289
15290
15292
31712
15295
15296
15298
31713
31715
15301
15302
15304
31716
31718
15307
15308
15310
31719
31721
15313
15314
15316
31710
31724
15317
31725
15318
15319
15321
31726
15322
15323
26132
15325
24354
24414
24477
31728
15326
15327
15329
31730
15330
15331
15333
31732
15334
15335
15337
26134
31734
15338
15339
15341
26136
26141
26145
31736
15342
15343
15345
31738
15346
15347
15349
31740
15350
15351
15353
31742
15354
15355
15357
31744
15358
15359
15361
26152
26158
31746
15362
15363
15365
31743
31748
15366
15367
15369
26220
31750
15370
15371
15373
31752
15374
15375
15377
31753
31754
15378
15379
15381
31751
26257
31756
15382
15383
15385
31758
15386
15387
15389
31759
31760
15390
15391
15393
31757
26274
31762
15394
15395
15397
31764
15398
15399
15401
31765
31766
15402
15403
15405
31763
26291
31768
15406
15407
15409
31770
15410
15411
15413
31771
31772
15414
15415
15417
31769
26308
31774
15418
15419
15421
31776
15422
15423
15425
31777
31778
15426
15427
15429
31775
26325
31780
15430
15431
15433
31782
15434
15435
15437
31783
31784
15438
15439
15441
31781
26342
31786
15442
15443
15445
26167
31741
31788
15446
15447
15449
31789
26189
31747
31790
15450
15451
15453
31787
26359
31792
15454
15455
15457
26434
31794
15458
15459
15461
31796
15462
15463
15465
31798
15466
15467
15469
31800
15470
15471
15473
31799
31802
15474
15475
15477
31804
15478
15479
15481
31803
31806
15482
15483
15485
31808
15486
15487
15489
31807
31810
15490
15491
15493
31812
15494
15495
15497
31811
31814
15498
15499
15501
31816
15502
15503
15505
31815
31818
15506
15507
15509
31820
15510
15511
15513
31819
31822
15514
15515
15517
31795
31824
15518
15519
15521
31823
31826
15522
15523
15525
31828
15526
15527
15529
31830
15530
15531
15533
31831
31832
15534
15535
15537
31833
31834
15538
15539
15541
31835
31836
15542
15543
15545
31837
31838
15546
15547
15549
31839
31840
15550
15551
15553
31841
31842
15554
15555
15557
31843
31844
15558
15559
15561
31829
31846
15562
15563
15565
31848
15566
15567
15569
31849
31850
15570
15571
15573
31851
31852
15574
15575
15577
31853
31854
15578
15579
15581
31855
31856
15582
15583
15585
31857
31858
15586
15587
15589
31859
31860
15590
15591
15593
31861
31862
15594
15595
15597
31847
31864
15598
15599
15601
31866
15602
15603
15605
31867
31868
15606
15607
15609
31869
31870
15610
15611
15613
31871
31872
15614
15615
15617
31873
31874
15618
15619
15621
31875
31876
15622
15623
15625
31877
31878
15626
15627
15629
31879
31880
15630
15631
15633
31865
31882
15634
15635
15637
31884
15638
15639
15641
31885
31886
15642
15643
15645
31887
31888
15646
15647
15649
31889
31890
15650
15651
15653
31891
31892
15654
15655
15657
31893
31894
15658
15659
15661
31895
31896
15662
15663
15665
31897
31898
15666
15667
15669
31883
31900
15670
15671
15673
31902
15674
15675
15677
31903
31904
15678
15679
15681
31905
31906
15682
15683
15685
31907
31908
15686
15687
15689
31909
31910
15690
15691
15693
31911
31912
15694
15695
15697
31913
31914
15698
15699
15701
31915
31916
15702
15703
15705
31901
31918
15706
15707
15709
31920
15710
15711
15713
31921
31922
15714
15715
15717
31923
31924
15718
15719
15721
31925
31926
15722
15723
15725
31927
31928
15726
15727
15729
31929
31930
15730
15731
15733
31931
31932
15734
15735
15737
31933
31934
15738
15739
15741
31919
31936
15744
15745
15747
31797
31939
15748
15749
15751
31940
31801
31941
15752
15753
15755
31942
31805
31943
15756
15757
15759
31944
31809
31945
15760
15761
15763
31946
31813
31947
15764
15765
15767
31948
31817
31949
15768
15769
15771
31950
31821
31951
15772
15773
15775
31952
31825
31953
15776
15777
15779
31937
31938
31955
15780
15781
15783
31957
15784
15785
15787
31959
15788
15789
15791
31960
31961
15792
15793
15795
31962
31963
15796
15797
15799
31964
31965
15800
15801
15803
31966
31967
15804
15805
15807
31968
31969
15808
15809
15811
31970
31971
15814
15815
15817
31972
31973
31974
15818
15819
15821
31958
31976
15822
15823
15825
31978
15826
15827
15829
31979
31980
15830
15831
15833
31981
31982
15834
15835
15837
31983
31984
15838
15839
15841
31985
31986
15842
15843
15845
31987
31988
15846
15847
15849
31989
31990
15852
15853
15855
31991
31992
31993
15856
15857
15859
31977
31995
15860
15861
15863
31997
15864
15865
15867
31998
31999
15868
15869
15871
32000
32001
15872
15873
15875
32002
32003
15876
15877
15879
32004
32005
15880
15881
15883
32006
32007
15884
15885
15887
32008
32009
15890
15891
15893
32010
32011
32012
15894
15895
15897
31996
32014
15898
15899
15901
32016
15902
15903
15905
32017
32018
15906
15907
15909
32019
32020
15910
15911
15913
32021
32022
15914
15915
15917
32023
32024
15918
15919
15921
32025
32026
15922
15923
15925
32027
32028
15928
15929
15931
32029
32030
32031
15932
15933
15935
32015
32033
15936
15937
15939
32035
15940
15941
15943
32036
32037
15944
15945
15947
32038
32039
15948
15949
15951
32040
32041
15952
15953
15955
32042
32043
15956
15957
15959
32044
32045
15960
15961
15963
32046
32047
15966
15967
15969
32048
32049
32050
15970
15971
15973
32034
32052
15974
15975
15977
32054
15978
15979
15981
32055
32056
15982
15983
15985
32057
32058
15986
15987
15989
32059
32060
15990
15991
15993
32061
32062
15994
15995
15997
32063
32064
15998
15999
16001
32065
32066
16004
16005
16007
32067
32068
32069
16008
16009
16011
32053
32071
16012
16013
16015
31827
32073
16016
16017
16019
32074
31845
32075
16020
16021
16023
32076
31863
32077
16024
16025
16027
32078
31881
32079
16028
16029
16031
32080
31899
32081
16032
16033
16035
32082
31917
32083
16036
16037
16039
32084
31935
32085
16042
16043
16045
32086
31954
32087
32088
16046
16047
16049
32072
32090
16050
16051
16053
32092
16054
16055
16057
32094
16058
16059
16061
32095
32096
16062
16063
16065
32097
32098
16066
16067
16069
32099
32100
16070
16071
16073
32101
32102
16074
16075
16077
32103
32104
16078
16079
16081
32105
32106
16082
16083
16085
32107
32108
16086
16087
16089
32093
32110
16090
16091
16093
32112
16094
16095
16097
32113
32114
16098
16099
16101
32115
32116
16102
16103
16105
32117
32118
16106
16107
16109
32119
32120
16110
16111
16113
32121
32122
16114
16115
16117
32123
32124
16118
16119
16121
32125
32126
16122
16123
16125
32111
32128
16126
16127
16129
32130
16130
16131
16133
32131
32132
16134
16135
16137
32133
32134
16138
16139
16141
32135
32136
16142
16143
16145
32137
32138
16146
16147
16149
32139
32140
16150
16151
16153
32141
32142
16154
16155
16157
32143
32144
16158
16159
16161
32129
32146
16162
16163
16165
32148
16166
16167
16169
32149
32150
16170
16171
16173
32151
32152
16174
16175
16177
32153
32154
16178
16179
16181
32155
32156
16182
16183
16185
32157
32158
16186
16187
16189
32159
32160
16190
16191
16193
32161
32162
16194
16195
16197
32147
32164
16198
16199
16201
32166
16202
16203
16205
32167
32168
16206
16207
16209
32169
32170
16210
16211
16213
32171
32172
16214
16215
16217
32173
32174
16218
16219
16221
32175
32176
16222
16223
16225
32177
32178
16226
16227
16229
32179
32180
16230
16231
16233
32165
32182
16234
16235
16237
32184
16238
16239
16241
32185
32186
16242
16243
16245
32187
32188
16246
16247
16249
32189
32190
16250
16251
16253
32191
32192
16254
16255
16257
32193
32194
16258
16259
16261
32195
32196
16262
16263
16265
32197
32198
16266
16267
16269
32183
32200
16270
16271
16273
31956
32202
16274
16275
16277
32203
31975
32204
16278
16279
16281
32205
31994
32206
16282
16283
16285
32207
32013
32208
16286
16287
16289
32209
32032
32210
16290
16291
16293
32211
32051
32212
16294
16295
16297
32213
32070
32214
16298
16299
16301
32215
32089
32216
16302
16303
16305
32201
32218
16306
16307
16309
32220
16310
16311
16313
32222
16314
16315
16317
32223
32224
16318
16319
16321
32225
32226
16322
16323
16325
32227
32228
16326
16327
16329
32229
32230
16330
16331
16333
32231
32232
16334
16335
16337
32233
32234
16338
16339
16341
32235
32236
16342
16343
16345
32221
32238
16346
16347
16349
32240
16350
16351
16353
32241
32242
16354
16355
16357
32243
32244
16358
16359
16361
32245
32246
16362
16363
16365
32247
32248
16366
16367
16369
32249
32250
16370
16371
16373
32251
32252
16374
16375
16377
32253
32254
16378
16379
16381
32239
32256
16382
16383
16385
28199
32258
16386
16387
16389
32259
28608
32260
16390
16391
16393
32261
28667
32262
16394
16395
16397
32263
28726
32264
16398
16399
16401
32265
28785
32266
16402
16403
16405
32267
28844
32268
16406
16407
16409
32269
28903
32270
16410
16411
16413
32271
28962
32272
16414
16415
16417
32257
32274
16418
16419
16421
32276
16422
16423
16425
32278
16426
16427
16429
32279
32280
16430
16431
16433
32281
32282
16434
16435
16437
32283
32284
16438
16439
16441
32277
32286
16442
16443
16445
32288
16446
16447
16449
32289
32290
16450
16451
16453
32291
32292
16454
16455
16457
32293
32294
16458
16459
16461
32287
32296
16462
16463
16465
32298
16466
16467
16469
32299
32300
16470
16471
16473
32301
32302
16474
16475
16477
32303
32304
16478
16479
16481
32297
29473
32306
16482
16483
16485
32308
16486
16487
16489
32310
16490
16491
16493
32311
32312
16494
16495
16497
32313
32314
16498
16499
16501
32315
30000
32316
16502
16503
16505
32309
32318
16506
16507
16509
32320
16510
16511
16513
32321
32322
16514
16515
16517
32323
32324
16518
16519
16521
32325
30059
32326
16522
16523
16525
32319
32328
16526
16527
16529
30635
32330
16530
16531
16533
32331
31140
32332
16534
16535
16537
32333
31171
32334
16538
16539
16541
32335
30118
31202
32336
16542
16543
16545
32329
32338
16546
16547
16549
32340
16550
16551
16553
32342
16554
16555
16557
32343
32344
16558
16559
16561
32345
32346
16562
16563
16565
32347
32348
16566
16567
16569
32341
32350
16570
16571
16573
32352
16574
16575
16577
32353
32354
16578
16579
16581
32355
32356
16582
16583
16585
32357
32358
16586
16587
16589
32351
32360
16590
16591
16593
31317
32362
16594
16595
16597
32363
31380
32364
16598
16599
16601
32365
31411
32366
16602
16603
16605
32367
31442
32368
16606
16607
16609
32361
32370
16610
16611
16613
32372
16614
16615
16617
32374
16618
16619
16621
32375
32376
16622
16623
16625
32377
32378
16626
16627
16629
32379
32380
16630
16631
16633
32373
32382
16634
16635
16637
32384
16638
16639
16641
32385
32386
16642
16643
16645
32387
32388
16646
16647
16649
32389
32390
16650
16651
16653
32383
32392
16654
16655
16657
31493
32394
16658
16659
16661
32395
31524
32396
16662
16663
16665
32397
31555
32398
16666
16667
16669
32399
31586
32400
16670
16671
16673
32393
32402
16674
16675
16677
32404
16678
16679
16681
32406
16682
16683
16685
32407
32408
16686
16687
16689
32409
32410
16690
16691
16693
32411
32412
16694
16695
16697
32405
32414
16698
16699
16701
32416
16702
16703
16705
32417
32418
16706
16707
16709
32419
32420
16710
16711
16713
32421
32422
16714
16715
16717
32415
32424
16718
16719
16721
31605
32426
16722
16723
16725
32427
31628
32428
16726
16727
16729
32429
31651
32430
16730
16731
16733
32431
31674
32432
16734
16735
16737
32425
32434
16738
32435
16739
16740
26139
16742
32436
16743
16744
16746
31727
32438
16747
16748
26150
16750
31729
31731
31733
32437
32440
16751
16752
16754
32442
16755
16756
16758
32444
16759
16760
16762
32446
16763
16764
16766
32448
16767
16768
16770
31735
31737
32450
16771
16772
16774
32447
32452
16775
16776
16778
26196
32454
16779
16780
16782
32456
16783
16784
16786
32457
32458
16787
16788
16790
32455
26253
32460
16791
16792
16794
32462
16795
16796
16798
32463
32464
16799
16800
16802
32461
26270
32466
16803
16804
16806
32468
16807
16808
16810
32469
32470
16811
16812
16814
32467
26287
32472
16815
16816
16818
32474
16819
16820
16822
32475
32476
16823
16824
16826
32473
26304
32478
16827
16828
16830
32480
16831
16832
16834
32481
32482
16835
16836
16838
32479
26321
32484
16839
16840
16842
32486
16843
16844
16846
32487
32488
16847
16848
16850
32485
26338
32490
16851
16852
16854
31739
32445
32492
16855
16856
16858
32493
31745
32451
32494
16859
16860
16862
32491
26355
32496
16863
16864
16866
26366
32498
16867
16868
16870
32500
16871
16872
16874
32502
16875
16876
16878
32504
16879
16880
16882
32503
32506
16883
16884
16886
32508
16887
16888
16890
32507
32510
16891
16892
16894
32512
16895
16896
16898
32511
32514
16899
16900
16902
32516
16903
16904
16906
32515
32518
16907
16908
16910
32520
16911
16912
16914
32519
32522
16915
16916
16918
32524
16919
16920
16922
32523
32526
16923
16924
16926
32499
32528
16927
16928
16930
32527
32530
16931
16932
16934
32532
16935
16936
16938
32534
16939
16940
16942
32535
32536
16943
16944
16946
32537
32538
16947
16948
16950
32539
32540
16951
16952
16954
32541
32542
16955
16956
16958
32543
32544
16959
16960
16962
32545
32546
16963
16964
16966
32547
32548
16967
16968
16970
32533
32550
16971
16972
16974
32552
16975
16976
16978
32553
32554
16979
16980
16982
32555
32556
16983
16984
16986
32557
32558
16987
16988
16990
32559
32560
16991
16992
16994
32561
32562
16995
16996
16998
32563
32564
16999
17000
17002
32565
32566
17003
17004
17006
32551
32568
17007
17008
17010
32570
17011
17012
17014
32571
32572
17015
17016
17018
32573
32574
17019
17020
17022
32575
32576
17023
17024
17026
32577
32578
17027
17028
17030
32579
32580
17031
17032
17034
32581
32582
17035
17036
17038
32583
32584
17039
17040
17042
32569
32586
17043
17044
17046
32588
17047
17048
17050
32589
32590
17051
17052
17054
32591
32592
17055
17056
17058
32593
32594
17059
17060
17062
32595
32596
17063
17064
17066
32597
32598
17067
17068
17070
32599
32600
17071
17072
17074
32601
32602
17075
17076
17078
32587
32604
17079
17080
17082
32606
17083
17084
17086
32607
32608
17087
17088
17090
32609
32610
17091
17092
17094
32611
32612
17095
17096
17098
32613
32614
17099
17100
17102
32615
32616
17103
17104
17106
32617
32618
17107
17108
17110
32619
32620
17111
17112
17114
32605
32622
17115
17116
17118
32624
17119
17120
17122
32625
32626
17123
17124
17126
32627
32628
17127
17128
17130
32629
32630
17131
17132
17134
32631
32632
17135
17136
17138
32633
32634
17139
17140
17142
32635
32636
17143
17144
17146
32637
32638
17147
17148
17150
32623
32640
17153
17154
17156
32501
32643
17157
17158
17160
32644
32505
32645
17161
17162
17164
32646
32509
32647
17165
17166
17168
32648
32513
32649
17169
17170
17172
32650
32517
32651
17173
17174
17176
32652
32521
32653
17177
17178
17180
32654
32525
32655
17181
17182
17184
32656
32529
32657
17185
17186
17188
32641
32642
32659
17189
17190
17192
32661
17193
17194
17196
32663
17197
17198
17200
32664
32665
17201
17202
17204
32666
32667
17205
17206
17208
32668
32669
17209
17210
17212
32670
32671
17213
17214
17216
32672
32673
17217
17218
17220
32674
32675
17223
17224
17226
32676
32677
32678
17227
17228
17230
32662
32680
17231
17232
17234
32682
17235
17236
17238
32683
32684
17239
17240
17242
32685
32686
17243
17244
17246
32687
32688
17247
17248
17250
32689
32690
17251
17252
17254
32691
32692
17255
17256
17258
32693
32694
17261
17262
17264
32695
32696
32697
17265
17266
17268
32681
32699
17269
17270
17272
32701
17273
17274
17276
32702
32703
17277
17278
17280
32704
32705
17281
17282
17284
32706
32707
17285
17286
17288
32708
32709
17289
17290
17292
32710
32711
17293
17294
17296
32712
32713
17299
17300
17302
32714
32715
32716
17303
17304
17306
32700
32718
17307
17308
17310
32720
17311
17312
17314
32721
32722
17315
17316
17318
32723
32724
17319
17320
17322
32725
32726
17323
17324
17326
32727
32728
17327
17328
17330
32729
32730
17331
17332
17334
32731
32732
17337
17338
17340
32733
32734
32735
17341
17342
17344
32719
32737
17345
17346
17348
32739
17349
17350
17352
32740
32741
17353
17354
17356
32742
32743
17357
17358
17360
32744
32745
17361
17362
17364
32746
32747
17365
17366
17368
32748
32749
17369
17370
17372
32750
32751
17375
17376
17378
32752
32753
32754
17379
17380
17382
32738
32756
17383
17384
17386
32758
17387
17388
17390
32759
32760
17391
17392
17394
32761
32762
17395
17396
17398
32763
32764
17399
17400
17402
32765
32766
17403
17404
17406
32767
32768
17407
17408
17410
32769
32770
17413
17414
17416
32771
32772
32773
17417
17418
17420
32757
32775
17421
17422
17424
32531
32777
17425
17426
17428
32778
32549
32779
17429
17430
17432
32780
32567
32781
17433
17434
17436
32782
32585
32783
17437
17438
17440
32784
32603
32785
17441
17442
17444
32786
32621
32787
17445
17446
17448
32788
32639
32789
17451
17452
17454
32790
32658
32791
32792
17455
17456
17458
32776
32794
17459
17460
17462
32796
17463
17464
17466
32798
17467
17468
17470
32799
32800
17471
17472
17474
32801
32802
17475
17476
17478
32803
32804
17479
17480
17482
32805
32806
17483
17484
17486
32807
32808
17487
17488
17490
32809
32810
17491
17492
17494
32811
32812
17495
17496
17498
32797
32814
17499
17500
17502
32816
17503
17504
17506
32817
32818
17507
17508
17510
32819
32820
17511
17512
17514
32821
32822
17515
17516
17518
32823
32824
17519
17520
17522
32825
32826
17523
17524
17526
32827
32828
17527
17528
17530
32829
32830
17531
17532
17534
32815
32832
17535
17536
17538
32834
17539
17540
17542
32835
32836
17543
17544
17546
32837
32838
17547
17548
17550
32839
32840
17551
17552
17554
32841
32842
17555
17556
17558
32843
32844
17559
17560
17562
32845
32846
17563
17564
17566
32847
32848
17567
17568
17570
32833
32850
17571
17572
17574
32852
17575
17576
17578
32853
32854
17579
17580
17582
32855
32856
17583
17584
17586
32857
32858
17587
17588
17590
32859
32860
17591
17592
17594
32861
32862
17595
17596
17598
32863
32864
17599
17600
17602
32865
32866
17603
17604
17606
32851
32868
17607
17608
17610
32870
17611
17612
17614
32871
32872
17615
17616
17618
32873
32874
17619
17620
17622
32875
32876
17623
17624
17626
32877
32878
17627
17628
17630
32879
32880
17631
17632
17634
32881
32882
17635
17636
17638
32883
32884
17639
17640
17642
32869
32886
17643
17644
17646
32888
17647
17648
17650
32889
32890
17651
17652
17654
32891
32892
17655
17656
17658
32893
32894
17659
17660
17662
32895
32896
17663
17664
17666
32897
32898
17667
17668
17670
32899
32900
17671
17672
17674
32901
32902
17675
17676
17678
32887
32904
17679
17680
17682
32660
32906
17683
17684
17686
32907
32679
32908
17687
17688
17690
32909
32698
32910
17691
17692
17694
32911
32717
32912
17695
17696
17698
32913
32736
32914
17699
17700
17702
32915
32755
32916
17703
17704
17706
32917
32774
32918
17707
17708
17710
32919
32793
32920
17711
17712
17714
32905
32922
17715
17716
17718
32924
17719
17720
17722
32926
17723
17724
17726
32927
32928
17727
17728
17730
32929
32930
17731
17732
17734
32931
32932
17735
17736
17738
32933
32934
17739
17740
17742
32935
32936
17743
17744
17746
32937
32938
17747
17748
17750
32939
32940
17751
17752
17754
32925
32942
17755
17756
17758
32944
17759
17760
17762
32945
32946
17763
17764
17766
32947
32948
17767
17768
17770
32949
32950
17771
17772
17774
32951
32952
17775
17776
17778
32953
32954
17779
17780
17782
32955
32956
17783
17784
17786
32957
32958
17787
17788
17790
32943
32960
17791
17792
17794
27833
32962
17795
17796
17798
32963
28592
32964
17799
17800
17802
32965
28651
32966
17803
17804
17806
32967
28710
32968
17807
17808
17810
32969
28769
32970
17811
17812
17814
32971
28828
32972
17815
17816
17818
32973
28887
32974
17819
17820
17822
32975
28946
32976
17823
17824
17826
32961
32978
17827
17828
17830
32980
17831
17832
17834
32982
17835
17836
17838
32983
32984
17839
17840
17842
32985
32986
17843
17844
17846
32987
32988
17847
17848
17850
32981
32990
17851
17852
17854
32992
17855
17856
17858
32993
32994
17859
17860
17862
32995
32996
17863
17864
17866
32997
32998
17867
17868
17870
32991
33000
17871
17872
17874
33002
17875
17876
17878
33003
33004
17879
17880
17882
33005
33006
17883
17884
17886
33007
33008
17887
17888
17890
33001
28981
33010
17891
17892
17894
33012
17895
17896
17898
33014
17899
17900
17902
33015
33016
17903
17904
17906
33017
33018
17907
17908
17910
33019
29984
33020
17911
17912
17914
33013
33022
17915
17916
17918
33024
17919
17920
17922
33025
33026
17923
17924
17926
33027
33028
17927
17928
17930
33029
30043
33030
17931
17932
17934
33023
33032
17935
17936
17938
30137
33034
17939
17940
17942
33035
31132
33036
17943
17944
17946
33037
31163
33038
17947
17948
17950
33039
30102
31194
33040
17951
17952
17954
33033
33042
17955
17956
17958
33044
17959
17960
17962
33046
17963
17964
17966
33047
33048
17967
17968
17970
33049
33050
17971
17972
17974
33051
33052
17975
17976
17978
33045
33054
17979
17980
17982
33056
17983
17984
17986
33057
33058
17987
17988
17990
33059
33060
17991
17992
17994
33061
33062
17995
17996
17998
33055
33064
17999
18000
18002
31213
33066
18003
18004
18006
33067
31372
33068
18007
18008
18010
33069
31403
33070
18011
18012
18014
33071
31434
33072
18015
18016
18018
33065
33074
18019
18020
18022
33076
18023
18024
18026
33078
18027
18028
18030
33079
33080
18031
18032
18034
33081
33082
18035
18036
18038
33083
33084
18039
18040
18042
33077
33086
18043
18044
18046
33088
18047
18048
18050
33089
33090
18051
18052
18054
33091
33092
18055
18056
18058
33093
33094
18059
18060
18062
33087
33096
18063
18064
18066
31453
33098
18067
18068
18070
33099
31516
33100
18071
18072
18074
33101
31547
33102
18075
18076
18078
33103
31578
33104
18079
18080
18082
33097
33106
18083
18084
18086
33108
18087
18088
18090
33110
18091
18092
18094
33111
33112
18095
18096
18098
33113
33114
18099
18100
18102
33115
33116
18103
18104
18106
33109
33118
18107
18108
18110
33120
18111
18112
18114
33121
33122
18115
18116
18118
33123
33124
18119
18120
18122
33125
33126
18123
18124
18126
33119
33128
18127
18128
18130
31597
33130
18131
18132
18134
33131
31620
33132
18135
18136
18138
33133
31643
33134
18139
18140
18142
33135
31666
33136
18143
18144
18146
33129
33138
18147
33139
18148
18149
26165
18151
33140
18152
18153
26184
18155
33142
18156
18157
26187
18159
32439
32441
33144
18160
18161
26194
18163
33143
33146
18164
18165
18167
31749
33148
18168
18169
26248
18171
33150
18172
18173
26251
18175
33151
33152
18176
18177
18179
33149
31755
33154
18180
18181
26265
18183
33156
18184
18185
26268
18187
33157
33158
18188
18189
18191
33155
31761
33160
18192
18193
26282
18195
33162
18196
18197
26285
18199
33163
33164
18200
18201
18203
33161
31767
33166
18204
18205
26299
18207
33168
18208
18209
26302
18211
33169
33170
18212
18213
18215
33167
31773
33172
18216
18217
26316
18219
33174
18220
18221
26319
18223
33175
33176
18224
18225
18227
33173
31779
33178
18228
18229
26333
18231
33180
18232
18233
26336
18235
33181
33182
18236
18237
18239
33179
31785
33184
18240
18241
26350
18243
32443
33141
33186
18244
18245
26353
18247
33187
32449
33145
33188
18248
18249
18251
33185
31791
33190
18252
18253
18255
31793
33192
18256
18257
18259
33194
18260
18261
18263
33196
18264
18265
18267
33198
18268
18269
18271
33197
33200
18272
18273
18275
33202
18276
18277
18279
33201
33204
18280
18281
18283
33206
18284
18285
18287
33205
33208
18288
18289
18291
33210
18292
18293
18295
33209
33212
18296
18297
18299
33214
18300
18301
18303
33213
33216
18304
18305
18307
33218
18308
18309
18311
33217
33220
18312
18313
18315
33193
33222
18316
18317
18319
33221
33224
18320
18321
18323
33226
18324
18325
18327
33228
18328
18329
18331
33229
33230
18332
18333
18335
33231
33232
18336
18337
18339
33233
33234
18340
18341
18343
33235
33236
18344
18345
18347
33237
33238
18348
18349
18351
33239
33240
18352
18353
18355
33241
33242
18356
18357
18359
33227
33244
18360
18361
18363
33246
18364
18365
18367
33247
33248
18368
18369
18371
33249
33250
18372
18373
18375
33251
33252
18376
18377
18379
33253
33254
18380
18381
18383
33255
33256
18384
18385
18387
33257
33258
18388
18389
18391
33259
33260
18392
18393
18395
33245
33262
18396
18397
18399
33264
18400
18401
18403
33265
33266
18404
18405
18407
33267
33268
18408
18409
18411
33269
33270
18412
18413
18415
33271
33272
18416
18417
18419
33273
33274
18420
18421
18423
33275
33276
18424
18425
18427
33277
33278
18428
18429
18431
33263
33280
18432
18433
18435
33282
18436
18437
18439
33283
33284
18440
18441
18443
33285
33286
18444
18445
18447
33287
33288
18448
18449
18451
33289
33290
18452
18453
18455
33291
33292
18456
18457
18459
33293
33294
18460
18461
18463
33295
33296
18464
18465
18467
33281
33298
18468
18469
18471
33300
18472
18473
18475
33301
33302
18476
18477
18479
33303
33304
18480
18481
18483
33305
33306
18484
18485
18487
33307
33308
18488
18489
18491
33309
33310
18492
18493
18495
33311
33312
18496
18497
18499
33313
33314
18500
18501
18503
33299
33316
18504
18505
18507
33318
18508
18509
18511
33319
33320
18512
18513
18515
33321
33322
18516
18517
18519
33323
33324
18520
18521
18523
33325
33326
18524
18525
18527
33327
33328
18528
18529
18531
33329
33330
18532
18533
18535
33331
33332
18536
18537
18539
33317
33334
18542
18543
18545
33195
33337
18546
18547
18549
33338
33199
33339
18550
18551
18553
33340
33203
33341
18554
18555
18557
33342
33207
33343
18558
18559
18561
33344
33211
33345
18562
18563
18565
33346
33215
33347
18566
18567
18569
33348
33219
33349
18570
18571
18573
33350
33223
33351
18574
18575
18577
33335
33336
33353
18578
18579
18581
33355
18582
18583
18585
33357
18586
18587
18589
33358
33359
18590
18591
18593
33360
33361
18594
18595
18597
33362
33363
18598
18599
18601
33364
33365
18602
18603
18605
33366
33367
18606
18607
18609
33368
33369
18612
18613
18615
33370
33371
33372
18616
18617
18619
33356
33374
18620
18621
18623
33376
18624
18625
18627
33377
33378
18628
18629
18631
33379
33380
18632
18633
18635
33381
33382
18636
18637
18639
33383
33384
18640
18641
18643
33385
33386
18644
18645
18647
33387
33388
18650
18651
18653
33389
33390
33391
18654
18655
18657
33375
33393
18658
18659
18661
33395
18662
18663
18665
33396
33397
18666
18667
18669
33398
33399
18670
18671
18673
33400
33401
18674
18675
18677
33402
33403
18678
18679
18681
33404
33405
18682
18683
18685
33406
33407
18688
18689
18691
33408
33409
33410
18692
18693
18695
33394
33412
18696
18697
18699
33414
18700
18701
18703
33415
33416
18704
18705
18707
33417
33418
18708
18709
18711
33419
33420
18712
18713
18715
33421
33422
18716
18717
18719
33423
33424
18720
18721
18723
33425
33426
18726
18727
18729
33427
33428
33429
18730
18731
18733
33413
33431
18734
18735
18737
33433
18738
18739
18741
33434
33435
18742
18743
18745
33436
33437
18746
18747
18749
33438
33439
18750
18751
18753
33440
33441
18754
18755
18757
33442
33443
18758
18759
18761
33444
33445
18764
18765
18767
33446
33447
33448
18768
18769
18771
33432
33450
18772
18773
18775
33452
18776
18777
18779
33453
33454
18780
18781
18783
33455
33456
18784
18785
18787
33457
33458
18788
18789
18791
33459
33460
18792
18793
18795
33461
33462
18796
18797
18799
33463
33464
18802
18803
18805
33465
33466
33467
18806
18807
18809
33451
33469
18810
18811
18813
33225
33471
18814
18815
18817
33472
33243
33473
18818
18819
18821
33474
33261
33475
18822
18823
18825
33476
33279
33477
18826
18827
18829
33478
33297
33479
18830
18831
18833
33480
33315
33481
18834
18835
18837
33482
33333
33483
18840
18841
18843
33484
33352
33485
33486
18844
18845
18847
33470
33488
18848
18849
18851
33490
18852
18853
18855
33492
18856
18857
18859
33493
33494
18860
18861
18863
33495
33496
18864
18865
18867
33497
33498
18868
18869
18871
33499
33500
18872
18873
18875
33501
33502
18876
18877
18879
33503
33504
18880
18881
18883
33505
33506
18884
18885
18887
33491
33508
18888
18889
18891
33510
18892
18893
18895
33511
33512
18896
18897
18899
33513
33514
18900
18901
18903
33515
33516
18904
18905
18907
33517
33518
18908
18909
18911
33519
33520
18912
18913
18915
33521
33522
18916
18917
18919
33523
33524
18920
18921
18923
33509
33526
18924
18925
18927
33528
18928
18929
18931
33529
33530
18932
18933
18935
33531
33532
18936
18937
18939
33533
33534
18940
18941
18943
33535
33536
18944
18945
18947
33537
33538
18948
18949
18951
33539
33540
18952
18953
18955
33541
33542
18956
18957
18959
33527
33544
18960
18961
18963
33546
18964
18965
18967
33547
33548
18968
18969
18971
33549
33550
18972
18973
18975
33551
33552
18976
18977
18979
33553
33554
18980
18981
18983
33555
33556
18984
18985
18987
33557
33558
18988
18989
18991
33559
33560
18992
18993
18995
33545
33562
18996
18997
18999
33564
19000
19001
19003
33565
33566
19004
19005
19007
33567
33568
19008
19009
19011
33569
33570
19012
19013
19015
33571
33572
19016
19017
19019
33573
33574
19020
19021
19023
33575
33576
19024
19025
19027
33577
33578
19028
19029
19031
33563
33580
19032
19033
19035
33582
19036
19037
19039
33583
33584
19040
19041
19043
33585
33586
19044
19045
19047
33587
33588
19048
19049
19051
33589
33590
19052
19053
19055
33591
33592
19056
19057
19059
33593
33594
19060
19061
19063
33595
33596
19064
19065
19067
33581
33598
19068
19069
19071
33354
33600
19072
19073
19075
33601
33373
33602
19076
19077
19079
33603
33392
33604
19080
19081
19083
33605
33411
33606
19084
19085
19087
33607
33430
33608
19088
19089
19091
33609
33449
33610
19092
19093
19095
33611
33468
33612
19096
19097
19099
33613
33487
33614
19100
19101
19103
33599
33616
19104
19105
19107
33618
19108
19109
19111
33620
19112
19113
19115
33621
33622
19116
19117
19119
33623
33624
19120
19121
19123
33625
33626
19124
19125
19127
33627
33628
19128
19129
19131
33629
33630
19132
19133
19135
33631
33632
19136
19137
19139
33633
33634
19140
19141
19143
33619
33636
19144
19145
19147
33638
19148
19149
19151
33639
33640
19152
19153
19155
33641
33642
19156
19157
19159
33643
33644
19160
19161
19163
33645
33646
19164
19165
19167
33647
33648
19168
19169
19171
33649
33650
19172
19173
19175
33651
33652
19176
19177
19179
33637
33654
19180
19181
19183
32091
33656
19184
19185
19187
33657
32109
33658
19188
19189
19191
33659
32127
33660
19192
19193
19195
33661
32145
33662
19196
19197
19199
33663
32163
33664
19200
19201
19203
33665
32181
33666
19204
19205
19207
33667
32199
33668
19208
19209
19211
33669
32217
33670
19212
19213
19215
33655
33672
19216
19217
19219
33674
19220
19221
19223
33676
19224
19225
19227
33677
33678
19228
19229
19231
33679
33680
19232
19233
19235
33681
33682
19236
19237
19239
33675
33684
19240
19241
19243
33686
19244
19245
19247
33687
33688
19248
19249
19251
33689
33690
19252
19253
19255
33691
33692
19256
19257
19259
33685
33694
19260
19261
19263
33696
19264
19265
19267
33697
33698
19268
19269
19271
33699
33700
19272
19273
19275
33701
33702
19276
19277
19279
33695
32219
33704
19280
19281
19283
33706
19284
19285
19287
33708
19288
19289
19291
33709
33710
19292
19293
19295
33711
33712
19296
19297
19299
33713
32237
33714
19300
19301
19303
33707
33716
19304
19305
19307
33718
19308
19309
19311
33719
33720
19312
19313
19315
33721
33722
19316
19317
19319
33723
32255
33724
19320
19321
19323
33717
33726
19324
19325
19327
32275
33728
19328
19329
19331
33729
32285
33730
19332
19333
19335
33731
32295
33732
19336
19337
19339
33733
32273
32305
33734
19340
19341
19343
33727
33736
19344
19345
19347
33738
19348
19349
19351
33740
19352
19353
19355
33741
33742
19356
19357
19359
33743
33744
19360
19361
19363
33745
33746
19364
19365
19367
33739
33748
19368
19369
19371
33750
19372
19373
19375
33751
33752
19376
19377
19379
33753
33754
19380
19381
19383
33755
33756
19384
19385
19387
33749
33758
19388
19389
19391
32307
33760
19392
19393
19395
33761
32317
33762
19396
19397
19399
33763
32327
33764
19400
19401
19403
33765
32337
33766
19404
19405
19407
33759
33768
19408
19409
19411
33770
19412
19413
19415
33772
19416
19417
19419
33773
33774
19420
19421
19423
33775
33776
19424
19425
19427
33777
33778
19428
19429
19431
33771
33780
19432
19433
19435
33782
19436
19437
19439
33783
33784
19440
19441
19443
33785
33786
19444
19445
19447
33787
33788
19448
19449
19451
33781
33790
19452
19453
19455
32339
33792
19456
19457
19459
33793
32349
33794
19460
19461
19463
33795
32359
33796
19464
19465
19467
33797
32369
33798
19468
19469
19471
33791
33800
19472
19473
19475
33802
19476
19477
19479
33804
19480
19481
19483
33805
33806
19484
19485
19487
33807
33808
19488
19489
19491
33809
33810
19492
19493
19495
33803
33812
19496
19497
19499
33814
19500
19501
19503
33815
33816
19504
19505
19507
33817
33818
19508
19509
19511
33819
33820
19512
19513
19515
33813
33822
19516
19517
19519
32371
33824
19520
19521
19523
33825
32381
33826
19524
19525
19527
33827
32391
33828
19528
19529
19531
33829
32401
33830
19532
19533
19535
33823
33832
19536
33833
19537
19538
26245
19540
32453
33147
33834
19541
19542
26262
19544
33835
32459
33153
33836
19545
19546
26279
19548
33837
32465
33159
33838
19549
19550
26296
19552
33839
32471
33165
33840
19553
19554
26313
19556
33841
32477
33171
33842
19557
19558
26330
19560
33843
32483
33177
33844
19561
19562
26347
19564
33845
32489
33183
33846
19565
19566
26364
19568
33847
32495
33189
33848
19569
19570
19572
32497
33850
19573
19574
19576
33852
19577
19578
19580
33854
19581
19582
19584
33856
19585
19586
19588
33855
33858
19589
19590
19592
33860
19593
19594
19596
33859
33862
19597
19598
19600
33864
19601
19602
19604
33863
33866
19605
19606
19608
33868
19609
19610
19612
33867
33870
19613
19614
19616
33872
19617
19618
19620
33871
33874
19621
19622
19624
33876
19625
19626
19628
33875
33878
19629
19630
19632
33851
33880
19633
19634
19636
33879
33882
19637
19638
19640
33884
19641
19642
19644
33886
19645
19646
19648
33887
33888
19649
19650
19652
33889
33890
19653
19654
19656
33891
33892
19657
19658
19660
33893
33894
19661
19662
19664
33895
33896
19665
19666
19668
33897
33898
19669
19670
19672
33899
33900
19673
19674
19676
33885
33902
19677
19678
19680
33904
19681
19682
19684
33905
33906
19685
19686
19688
33907
33908
19689
19690
19692
33909
33910
19693
19694
19696
33911
33912
19697
19698
19700
33913
33914
19701
19702
19704
33915
33916
19705
19706
19708
33917
33918
19709
19710
19712
33903
33920
19713
19714
19716
33922
19717
19718
19720
33923
33924
19721
19722
19724
33925
33926
19725
19726
19728
33927
33928
19729
19730
19732
33929
33930
19733
19734
19736
33931
33932
19737
19738
19740
33933
33934
19741
19742
19744
33935
33936
19745
19746
19748
33921
33938
19749
19750
19752
33940
19753
19754
19756
33941
33942
19757
19758
19760
33943
33944
19761
19762
19764
33945
33946
19765
19766
19768
33947
33948
19769
19770
19772
33949
33950
19773
19774
19776
33951
33952
19777
19778
19780
33953
33954
19781
19782
19784
33939
33956
19785
19786
19788
33958
19789
19790
19792
33959
33960
19793
19794
19796
33961
33962
19797
19798
19800
33963
33964
19801
19802
19804
33965
33966
19805
19806
19808
33967
33968
19809
19810
19812
33969
33970
19813
19814
19816
33971
33972
19817
19818
19820
33957
33974
19821
19822
19824
33976
19825
19826
19828
33977
33978
19829
19830
19832
33979
33980
19833
19834
19836
33981
33982
19837
19838
19840
33983
33984
19841
19842
19844
33985
33986
19845
19846
19848
33987
33988
19849
19850
19852
33989
33990
19853
19854
19856
33975
33992
19859
19860
19862
33853
33995
19863
19864
19866
33996
33857
33997
19867
19868
19870
33998
33861
33999
19871
19872
19874
34000
33865
34001
19875
19876
19878
34002
33869
34003
19879
19880
19882
34004
33873
34005
19883
19884
19886
34006
33877
34007
19887
19888
19890
34008
33881
34009
19891
19892
19894
33993
33994
34011
19895
19896
19898
34013
19899
19900
19902
34015
19903
19904
19906
34016
34017
19907
19908
19910
34018
34019
19911
19912
19914
34020
34021
19915
19916
19918
34022
34023
19919
19920
19922
34024
34025
19923
19924
19926
34026
34027
19929
19930
19932
34028
34029
34030
19933
19934
19936
34014
34032
19937
19938
19940
34034
19941
19942
19944
34035
34036
19945
19946
19948
34037
34038
19949
19950
19952
34039
34040
19953
19954
19956
34041
34042
19957
19958
19960
34043
34044
19961
19962
19964
34045
34046
19967
19968
19970
34047
34048
34049
19971
19972
19974
34033
34051
19975
19976
19978
34053
19979
19980
19982
34054
34055
19983
19984
19986
34056
34057
19987
19988
19990
34058
34059
19991
19992
19994
34060
34061
19995
19996
19998
34062
34063
19999
20000
20002
34064
34065
20005
20006
20008
34066
34067
34068
20009
20010
20012
34052
34070
20013
20014
20016
34072
20017
20018
20020
34073
34074
20021
20022
20024
34075
34076
20025
20026
20028
34077
34078
20029
20030
20032
34079
34080
20033
20034
20036
34081
34082
20037
20038
20040
34083
34084
20043
20044
20046
34085
34086
34087
20047
20048
20050
34071
34089
20051
20052
20054
34091
20055
20056
20058
34092
34093
20059
20060
20062
34094
34095
20063
20064
20066
34096
34097
20067
20068
20070
34098
34099
20071
20072
20074
34100
34101
20075
20076
20078
34102
34103
20081
20082
20084
34104
34105
34106
20085
20086
20088
34090
34108
20089
20090
20092
34110
20093
20094
20096
34111
34112
20097
20098
20100
34113
34114
20101
20102
20104
34115
34116
20105
20106
20108
34117
34118
20109
20110
20112
34119
34120
20113
20114
20116
34121
34122
20119
20120
20122
34123
34124
34125
20123
20124
20126
34109
34127
20127
20128
20130
33883
34129
20131
20132
20134
34130
33901
34131
20135
20136
20138
34132
33919
34133
20139
20140
20142
34134
33937
34135
20143
20144
20146
34136
33955
34137
20147
20148
20150
34138
33973
34139
20151
20152
20154
34140
33991
34141
20157
20158
20160
34142
34010
34143
34144
20161
20162
20164
34128
34146
20165
20166
20168
34148
20169
20170
20172
34150
20173
20174
20176
34151
34152
20177
20178
20180
34153
34154
20181
20182
20184
34155
34156
20185
20186
20188
34157
34158
20189
20190
20192
34159
34160
20193
20194
20196
34161
34162
20197
20198
20200
34163
34164
20201
20202
20204
34149
34166
20205
20206
20208
34168
20209
20210
20212
34169
34170
20213
20214
20216
34171
34172
20217
20218
20220
34173
34174
20221
20222
20224
34175
34176
20225
20226
20228
34177
34178
20229
20230
20232
34179
34180
20233
20234
20236
34181
34182
20237
20238
20240
34167
34184
20241
20242
20244
34186
20245
20246
20248
34187
34188
20249
20250
20252
34189
34190
20253
20254
20256
34191
34192
20257
20258
20260
34193
34194
20261
20262
20264
34195
34196
20265
20266
20268
34197
34198
20269
20270
20272
34199
34200
20273
20274
20276
34185
34202
20277
20278
20280
34204
20281
20282
20284
34205
34206
20285
20286
20288
34207
34208
20289
20290
20292
34209
34210
20293
20294
20296
34211
34212
20297
20298
20300
34213
34214
20301
20302
20304
34215
34216
20305
20306
20308
34217
34218
20309
20310
20312
34203
34220
20313
20314
20316
34222
20317
20318
20320
34223
34224
20321
20322
20324
34225
34226
20325
20326
20328
34227
34228
20329
20330
20332
34229
34230
20333
20334
20336
34231
34232
20337
20338
20340
34233
34234
20341
20342
20344
34235
34236
20345
20346
20348
34221
34238
20349
20350
20352
34240
20353
20354
20356
34241
34242
20357
20358
20360
34243
34244
20361
20362
20364
34245
34246
20365
20366
20368
34247
34248
20369
20370
20372
34249
34250
20373
20374
20376
34251
34252
20377
20378
20380
34253
34254
20381
20382
20384
34239
34256
20385
20386
20388
34012
34258
20389
20390
20392
34259
34031
34260
20393
20394
20396
34261
34050
34262
20397
20398
20400
34263
34069
34264
20401
20402
20404
34265
34088
34266
20405
20406
20408
34267
34107
34268
20409
20410
20412
34269
34126
34270
20413
20414
20416
34271
34145
34272
20417
20418
20420
34257
34274
20421
20422
20424
34276
20425
20426
20428
34278
20429
20430
20432
34279
34280
20433
20434
20436
34281
34282
20437
20438
20440
34283
34284
20441
20442
20444
34285
34286
20445
20446
20448
34287
34288
20449
20450
20452
34289
34290
20453
20454
20456
34291
34292
20457
20458
20460
34277
34294
20461
20462
20464
34296
20465
20466
20468
34297
34298
20469
20470
20472
34299
34300
20473
20474
20476
34301
34302
20477
20478
20480
34303
34304
20481
20482
20484
34305
34306
20485
20486
20488
34307
34308
20489
20490
20492
34309
34310
20493
20494
20496
34295
34312
20497
20498
20500
32795
34314
20501
20502
20504
34315
32813
34316
20505
20506
20508
34317
32831
34318
20509
20510
20512
34319
32849
34320
20513
20514
20516
34321
32867
34322
20517
20518
20520
34323
32885
34324
20521
20522
20524
34325
32903
34326
20525
20526
20528
34327
32921
34328
20529
20530
20532
34313
34330
20533
20534
20536
34332
20537
20538
20540
34334
20541
20542
20544
34335
34336
20545
20546
20548
34337
34338
20549
20550
20552
34339
34340
20553
20554
20556
34333
34342
20557
20558
20560
34344
20561
20562
20564
34345
34346
20565
20566
20568
34347
34348
20569
20570
20572
34349
34350
20573
20574
20576
34343
34352
20577
20578
20580
34354
20581
20582
20584
34355
34356
20585
20586
20588
34357
34358
20589
20590
20592
34359
34360
20593
20594
20596
34353
32923
34362
20597
20598
20600
34364
20601
20602
20604
34366
20605
20606
20608
34367
34368
20609
20610
20612
34369
34370
20613
20614
20616
34371
32941
34372
20617
20618
20620
34365
34374
20621
20622
20624
34376
20625
20626
20628
34377
34378
20629
20630
20632
34379
34380
20633
20634
20636
34381
32959
34382
20637
20638
20640
34375
34384
20641
20642
20644
32979
34386
20645
20646
20648
34387
32989
34388
20649
20650
20652
34389
32999
34390
20653
20654
20656
34391
32977
33009
34392
20657
20658
20660
34385
34394
20661
20662
20664
34396
20665
20666
20668
34398
20669
20670
20672
34399
34400
20673
20674
20676
34401
34402
20677
20678
20680
34403
34404
20681
20682
20684
34397
34406
20685
20686
20688
34408
20689
20690
20692
34409
34410
20693
20694
20696
34411
34412
20697
20698
20700
34413
34414
20701
20702
20704
34407
34416
20705
20706
20708
33011
34418
20709
20710
20712
34419
33021
34420
20713
20714
20716
34421
33031
34422
20717
20718
20720
34423
33041
34424
20721
20722
20724
34417
34426
20725
20726
20728
34428
20729
20730
20732
34430
20733
20734
20736
34431
34432
20737
20738
20740
34433
34434
20741
20742
20744
34435
34436
20745
20746
20748
34429
34438
20749
20750
20752
34440
20753
20754
20756
34441
34442
20757
20758
20760
34443
34444
20761
20762
20764
34445
34446
20765
20766
20768
34439
34448
20769
20770
20772
33043
34450
20773
20774
20776
34451
33053
34452
20777
20778
20780
34453
33063
34454
20781
20782
20784
34455
33073
34456
20785
20786
20788
34449
34458
20789
20790
20792
34460
20793
20794
20796
34462
20797
20798
20800
34463
34464
20801
20802
20804
34465
34466
20805
20806
20808
34467
34468
20809
20810
20812
34461
34470
20813
20814
20816
34472
20817
20818
20820
34473
34474
20821
20822
20824
34475
34476
20825
20826
20828
34477
34478
20829
20830
20832
34471
34480
20833
20834
20836
33075
34482
20837
20838
20840
34483
33085
34484
20841
20842
20844
34485
33095
34486
20845
20846
20848
34487
33105
34488
20849
20850
20852
34481
34490
20853
34491
20854
20855
26503
20857
33191
33849
34492
20858
20859
27034
20861
27033
34494
20862
20863
27037
20865
34496
20866
20867
27064
20869
27063
34498
20870
20871
27067
20873
34497
34500
20874
20875
27094
20877
27093
34502
20878
20879
27097
20881
34501
34504
20882
20883
27124
20885
27123
34506
20886
20887
27127
20889
34505
34508
20890
20891
27154
20893
27153
34510
20894
20895
27157
20897
34509
34512
20898
20899
27184
20901
27183
34514
20902
20903
27187
20905
34513
34516
20906
20907
27214
20909
27213
34518
20910
20911
27217
20913
34517
34520
20914
20915
27244
20917
34493
27243
34522
20918
20919
27271
20921
34521
27270
34524
20922
20923
27274
20925
34526
20926
20927
27277
20929
34528
20930
20931
27280
20933
34529
34530
20934
20935
27283
20937
34531
34532
20938
20939
27286
20941
34533
34534
20942
20943
27289
20945
34535
34536
20946
20947
27292
20949
34537
34538
20950
20951
27295
20953
34539
34540
20954
20955
27322
20957
34541
27321
34542
20958
20959
27325
20961
34527
34544
20962
20963
27328
20965
34546
20966
20967
27331
20969
34547
34548
20970
20971
27334
20973
34549
34550
20974
20975
27337
20977
34551
34552
20978
20979
27340
20981
34553
34554
20982
20983
27343
20985
34555
34556
20986
20987
27346
20989
34557
34558
20990
20991
27373
20993
34559
27372
34560
20994
20995
27376
20997
34545
34562
20998
20999
27379
21001
34564
21002
21003
27382
21005
34565
34566
21006
21007
27385
21009
34567
34568
21010
21011
27388
21013
34569
34570
21014
21015
27391
21017
34571
34572
21018
21019
27394
21021
34573
34574
21022
21023
27397
21025
34575
34576
21026
21027
27424
21029
34577
27423
34578
21030
21031
27427
21033
34563
34580
21034
21035
27430
21037
34582
21038
21039
27433
21041
34583
34584
21042
21043
27436
21045
34585
34586
21046
21047
27439
21049
34587
34588
21050
21051
27442
21053
34589
34590
21054
21055
27445
21057
34591
34592
21058
21059
27448
21061
34593
34594
21062
21063
27475
21065
34595
27474
34596
21066
21067
27478
21069
34581
34598
21070
21071
27481
21073
34600
21074
21075
27484
21077
34601
34602
21078
21079
27487
21081
34603
34604
21082
21083
27490
21085
34605
34606
21086
21087
27493
21089
34607
34608
21090
21091
27496
21093
34609
34610
21094
21095
27499
21097
34611
34612
21098
21099
27526
21101
34613
27525
34614
21102
21103
27529
21105
34599
34616
21106
21107
27532
21109
34618
21110
21111
27535
21113
34619
34620
21114
21115
27538
21117
34621
34622
21118
21119
27541
21121
34623
34624
21122
21123
27544
21125
34625
34626
21126
21127
27547
21129
34627
34628
21130
21131
27550
21133
34629
34630
21134
21135
27577
21137
34631
27576
34632
21138
21139
27580
21141
34617
34634
21144
21145
27584
21147
34495
34637
21148
21149
27587
21151
34638
34499
34639
21152
21153
27590
21155
34640
34503
34641
21156
21157
27593
21159
34642
34507
34643
21160
21161
27596
21163
34644
34511
34645
21164
21165
27599
21167
34646
34515
34647
21168
21169
27602
21171
34648
34519
34649
21172
21173
27629
21175
34650
34523
27628
34651
21176
21177
27632
21179
34635
34636
34653
21180
21181
27635
21183
34655
21184
21185
27638
21187
34657
21188
21189
27641
21191
34658
34659
21192
21193
27644
21195
34660
34661
21196
21197
27647
21199
34662
34663
21200
21201
27650
21203
34664
34665
21204
21205
27653
21207
34666
34667
21208
21209
27656
21211
34668
34669
21214
21215
27660
21217
34670
34671
34672
21218
21219
27663
21221
34656
34674
21222
21223
27666
21225
34676
21226
21227
27669
21229
34677
34678
21230
21231
27672
21233
34679
34680
21234
21235
27675
21237
34681
34682
21238
21239
27678
21241
34683
34684
21242
21243
27681
21245
34685
34686
21246
21247
27684
21249
34687
34688
21252
21253
27688
21255
34689
34690
34691
21256
21257
27691
21259
34675
34693
21260
21261
27694
21263
34695
21264
21265
27697
21267
34696
34697
21268
21269
27700
21271
34698
34699
21272
21273
27703
21275
34700
34701
21276
21277
27706
21279
34702
34703
21280
21281
27709
21283
34704
34705
21284
21285
27712
21287
34706
34707
21290
21291
27716
21293
34708
34709
34710
21294
21295
27719
21297
34694
34712
21298
21299
27722
21301
34714
21302
21303
27725
21305
34715
34716
21306
21307
27728
21309
34717
34718
21310
21311
27731
21313
34719
34720
21314
21315
27734
21317
34721
34722
21318
21319
27737
21321
34723
34724
21322
21323
27740
21325
34725
34726
21328
21329
27744
21331
34727
34728
34729
21332
21333
27747
21335
34713
34731
21336
21337
27750
21339
34733
21340
21341
27753
21343
34734
34735
21344
21345
27756
21347
34736
34737
21348
21349
27759
21351
34738
34739
21352
21353
27762
21355
34740
34741
21356
21357
27765
21359
34742
34743
21360
21361
27768
21363
34744
34745
21366
21367
27772
21369
34746
34747
34748
21370
21371
27775
21373
34732
34750
21374
21375
27778
21377
34752
21378
21379
27781
21381
34753
34754
21382
21383
27784
21385
34755
34756
21386
21387
27787
21389
34757
34758
21390
21391
27790
21393
34759
34760
21394
21395
27793
21397
34761
34762
21398
21399
27796
21401
34763
34764
21404
21405
27800
21407
34765
34766
34767
21408
21409
27803
21411
34751
34769
21412
21413
27806
21415
34525
34771
21416
21417
27809
21419
34772
34543
34773
21420
21421
27812
21423
34774
34561
34775
21424
21425
27815
21427
34776
34579
34777
21428
21429
27818
21431
34778
34597
34779
21432
21433
27821
21435
34780
34615
34781
21436
21437
27824
21439
34782
34633
34783
21442
21443
27828
21445
34784
34652
34785
34786
21446
21447
27831
21449
34770
34788
21450
21451
21453
34790
21454
21455
28569
21457
34792
21458
21459
28572
21461
34793
34794
21462
21463
28575
21465
34795
34796
21466
21467
28578
21469
34797
34798
21470
21471
28581
21473
34799
34800
21474
21475
28584
21477
34801
34802
21478
21479
28587
21481
34803
34804
21482
21483
28590
21485
34805
34806
21486
21487
21489
34791
34808
21490
21491
28628
21493
34810
21494
21495
28631
21497
34811
34812
21498
21499
28634
21501
34813
34814
21502
21503
28637
21505
34815
34816
21506
21507
28640
21509
34817
34818
21510
21511
28643
21513
34819
34820
21514
21515
28646
21517
34821
34822
21518
21519
28649
21521
34823
34824
21522
21523
21525
34809
34826
21526
21527
28687
21529
34828
21530
21531
28690
21533
34829
34830
21534
21535
28693
21537
34831
34832
21538
21539
28696
21541
34833
34834
21542
21543
28699
21545
34835
34836
21546
21547
28702
21549
34837
34838
21550
21551
28705
21553
34839
34840
21554
21555
28708
21557
34841
34842
21558
21559
21561
34827
34844
21562
21563
28746
21565
34846
21566
21567
28749
21569
34847
34848
21570
21571
28752
21573
34849
34850
21574
21575
28755
21577
34851
34852
21578
21579
28758
21581
34853
34854
21582
21583
28761
21585
34855
34856
21586
21587
28764
21589
34857
34858
21590
21591
28767
21593
34859
34860
21594
21595
21597
34845
34862
21598
21599
28805
21601
34864
21602
21603
28808
21605
34865
34866
21606
21607
28811
21609
34867
34868
21610
21611
28814
21613
34869
34870
21614
21615
28817
21617
34871
34872
21618
21619
28820
21621
34873
34874
21622
21623
28823
21625
34875
34876
21626
21627
28826
21629
34877
34878
21630
21631
21633
34863
34880
21634
21635
28864
21637
34882
21638
21639
28867
21641
34883
34884
21642
21643
28870
21645
34885
34886
21646
21647
28873
21649
34887
34888
21650
21651
28876
21653
34889
34890
21654
21655
28879
21657
34891
34892
21658
21659
28882
21661
34893
34894
21662
21663
28885
21665
34895
34896
21666
21667
21669
34881
34898
21670
21671
28923
21673
34654
34900
21674
21675
28926
21677
34901
34673
34902
21678
21679
28929
21681
34903
34692
34904
21682
21683
28932
21685
34905
34711
34906
21686
21687
28935
21689
34907
34730
34908
21690
21691
28938
21693
34909
34749
34910
21694
21695
28941
21697
34911
34768
34912
21698
21699
28944
21701
34913
34787
34914
21702
21703
21705
34899
34916
21706
21707
21709
34918
21710
21711
21713
34920
21714
21715
21717
34921
34922
21718
21719
21721
34923
34924
21722
21723
21725
34925
34926
21726
21727
21729
34927
34928
21730
21731
21733
34929
34930
21734
21735
21737
34931
34932
21738
21739
21741
34933
34934
21742
21743
21745
34919
34936
21746
21747
21749
34938
21750
21751
21753
34939
34940
21754
21755
21757
34941
34942
21758
21759
21761
34943
34944
21762
21763
21765
34945
34946
21766
21767
21769
34947
34948
21770
21771
21773
34949
34950
21774
21775
21777
34951
34952
21778
21779
21781
34937
34954
21782
21783
21785
33489
34956
21786
21787
21789
34957
33507
34958
21790
21791
21793
34959
33525
34960
21794
21795
21797
34961
33543
34962
21798
21799
21801
34963
33561
34964
21802
21803
21805
34965
33579
34966
21806
21807
21809
34967
33597
34968
21810
21811
21813
34969
33615
34970
21814
21815
21817
34955
34972
21818
21819
21821
34974
21822
21823
21825
34976
21826
21827
21829
34977
34978
21830
21831
21833
34979
34980
21834
21835
21837
34981
34982
21838
21839
21841
34975
34984
21842
21843
21845
34986
21846
21847
21849
34987
34988
21850
21851
21853
34989
34990
21854
21855
21857
34991
34992
21858
21859
21861
34985
34994
21862
21863
21865
34996
21866
21867
21869
34997
34998
21870
21871
21873
34999
35000
21874
21875
21877
35001
35002
21878
21879
21881
34995
33617
35004
21882
21883
21885
35006
21886
21887
21889
35008
21890
21891
21893
35009
35010
21894
21895
21897
35011
35012
21898
21899
21901
35013
33635
35014
21902
21903
21905
35007
35016
21906
21907
21909
35018
21910
21911
21913
35019
35020
21914
21915
21917
35021
35022
21918
21919
21921
35023
33653
35024
21922
21923
21925
35017
35026
21926
21927
21929
33673
35028
21930
21931
21933
35029
33683
35030
21934
21935
21937
35031
33693
35032
21938
21939
21941
35033
33671
33703
35034
21942
21943
21945
35027
35036
21946
21947
21949
35038
21950
21951
21953
35040
21954
21955
21957
35041
35042
21958
21959
21961
35043
35044
21962
21963
21965
35045
35046
21966
21967
21969
35039
35048
21970
21971
21973
35050
21974
21975
21977
35051
35052
21978
21979
21981
35053
35054
21982
21983
21985
35055
35056
21986
21987
21989
35049
35058
21990
21991
21993
33705
35060
21994
21995
21997
35061
33715
35062
21998
21999
22001
35063
33725
35064
22002
22003
22005
35065
33735
35066
22006
22007
22009
35059
35068
22010
22011
22013
35070
22014
22015
22017
35072
22018
22019
22021
35073
35074
22022
22023
22025
35075
35076
22026
22027
22029
35077
35078
22030
22031
22033
35071
35080
22034
22035
22037
35082
22038
22039
22041
35083
35084
22042
22043
22045
35085
35086
22046
22047
22049
35087
35088
22050
22051
22053
35081
35090
22054
22055
22057
33737
35092
22058
22059
22061
35093
33747
35094
22062
22063
22065
35095
33757
35096
22066
22067
22069
35097
33767
35098
22070
22071
22073
35091
35100
22074
22075
22077
35102
22078
22079
22081
35104
22082
22083
22085
35105
35106
22086
22087
22089
35107
35108
22090
22091
22093
35109
35110
22094
22095
22097
35103
35112
22098
22099
22101
35114
22102
22103
22105
35115
35116
22106
22107
22109
35117
35118
22110
22111
22113
35119
35120
22114
22115
22117
35113
35122
22118
22119
22121
33769
35124
22122
22123
22125
35125
33779
35126
22126
22127
22129
35127
33789
35128
22130
22131
22133
35129
33799
35130
22134
22135
22137
35123
35132
22138
35133
22139
22140
28566
22142
35134
22143
22144
28625
22146
35135
35136
22147
22148
28684
22150
35137
35138
22151
22152
28743
22154
35139
35140
22155
22156
28802
22158
35141
35142
22159
22160
28861
22162
35143
35144
22163
22164
28920
22166
35145
35146
22167
22168
28979
22170
35147
35148
22171
22172
22174
35150
22175
22176
29961
22178
35152
22179
22180
29964
22182
35153
35154
22183
22184
29967
22186
35155
35156
22187
22188
29970
22190
35157
35158
22191
22192
29973
22194
35159
35160
22195
22196
29976
22198
35161
35162
22199
22200
29979
22202
35163
35164
22203
22204
29982
22206
35165
35166
22207
22208
22210
35151
35168
22211
22212
30020
22214
35170
22215
22216
30023
22218
35171
35172
22219
22220
30026
22222
35173
35174
22223
22224
30029
22226
35175
35176
22227
22228
30032
22230
35177
35178
22231
22232
30035
22234
35179
35180
22235
22236
30038
22238
35181
35182
22239
22240
30041
22242
35183
35184
22243
22244
22246
35169
35186
22247
22248
30079
22250
34147
34789
35188
22251
22252
30082
22254
35189
34165
34807
35190
22255
22256
30085
22258
35191
34183
34825
35192
22259
22260
30088
22262
35193
34201
34843
35194
22263
22264
30091
22266
35195
34219
34861
35196
22267
22268
30094
22270
35197
34237
34879
35198
22271
22272
30097
22274
35199
34255
34897
35200
22275
22276
30100
22278
35201
34273
34915
35202
22279
22280
22282
35187
35204
22283
22284
22286
35206
22287
22288
22290
35208
22291
22292
22294
35209
35210
22295
22296
22298
35211
35212
22299
22300
22302
35213
35214
22303
22304
22306
35207
35216
22307
22308
22310
35218
22311
22312
22314
35219
35220
22315
22316
22318
35221
35222
22319
22320
22322
35223
35224
22323
22324
22326
35217
35226
22327
22328
22330
35228
22331
22332
22334
35229
35230
22335
22336
22338
35231
35232
22339
22340
22342
35233
35234
22343
22344
22346
35227
34275
35236
22347
22348
22350
35238
22351
22352
22354
35240
22355
22356
22358
35241
35242
22359
22360
22362
35243
35244
22363
22364
22366
35245
34293
35246
22367
22368
22370
35239
35248
22371
22372
22374
35250
22375
22376
22378
35251
35252
22379
22380
22382
35253
35254
22383
22384
22386
35255
34311
35256
22387
22388
22390
35249
35258
22391
22392
22394
34331
35260
22395
22396
22398
35261
34341
35262
22399
22400
22402
35263
34351
35264
22403
22404
22406
35265
34329
34361
35266
22407
22408
22410
35259
35268
22411
22412
22414
35270
22415
22416
22418
35272
22419
22420
22422
35273
35274
22423
22424
22426
35275
35276
22427
22428
22430
35277
35278
22431
22432
22434
35271
35280
22435
22436
22438
35282
22439
22440
22442
35283
35284
22443
22444
22446
35285
35286
22447
22448
22450
35287
35288
22451
22452
22454
35281
35290
22455
22456
22458
34363
35292
22459
22460
22462
35293
34373
35294
22463
22464
22466
35295
34383
35296
22467
22468
22470
35297
34393
35298
22471
22472
22474
35291
35300
22475
22476
22478
35302
22479
22480
22482
35304
22483
22484
22486
35305
35306
22487
22488
22490
35307
35308
22491
22492
22494
35309
35310
22495
22496
22498
35303
35312
22499
22500
22502
35314
22503
22504
22506
35315
35316
22507
22508
22510
35317
35318
22511
22512
22514
35319
35320
22515
22516
22518
35313
35322
22519
22520
22522
34395
35324
22523
22524
22526
35325
34405
35326
22527
22528
22530
35327
34415
35328
22531
22532
22534
35329
34425
35330
22535
22536
22538
35323
35332
22539
22540
22542
35334
22543
22544
22546
35336
22547
22548
22550
35337
35338
22551
22552
22554
35339
35340
22555
22556
22558
35341
35342
22559
22560
22562
35335
35344
22563
22564
22566
35346
22567
22568
22570
35347
35348
22571
22572
22574
35349
35350
22575
22576
22578
35351
35352
22579
22580
22582
35345
35354
22583
22584
22586
34427
35356
22587
22588
22590
35357
34437
35358
22591
22592
22594
35359
34447
35360
22595
22596
22598
35361
34457
35362
22599
22600
22602
35355
35364
22603
35365
22604
22605
29958
22607
35366
22608
22609
30017
22611
35367
35368
22612
22613
30076
22615
35369
35370
22616
22617
30135
22619
35371
35372
22620
22621
22623
35374
22624
22625
31121
22627
35376
22628
22629
31124
22631
35377
35378
22632
22633
31127
22635
35379
35380
22636
22637
31130
22639
35381
35382
22640
22641
22643
35375
35384
22644
22645
31152
22647
35386
22648
22649
31155
22651
35387
35388
22652
22653
31158
22655
35389
35390
22656
22657
31161
22659
35391
35392
22660
22661
22663
35385
35394
22664
22665
31183
22667
35396
22668
22669
31186
22671
35397
35398
22672
22673
31189
22675
35399
35400
22676
22677
31192
22679
35401
35402
22680
22681
22683
35395
34917
35404
22684
22685
22687
35406
22688
22689
22691
35408
22692
22693
22695
35409
35410
22696
22697
22699
35411
35412
22700
22701
22703
35413
34935
35414
22704
22705
22707
35407
35416
22708
22709
22711
35418
22712
22713
22715
35419
35420
22716
22717
22719
35421
35422
22720
22721
22723
35423
34953
35424
22724
22725
22727
35417
35426
22728
22729
22731
34973
35428
22732
22733
22735
35429
34983
35430
22736
22737
22739
35431
34993
35432
22740
22741
22743
35433
34971
35003
35434
22744
22745
22747
35427
35436
22748
22749
22751
35438
22752
22753
22755
35440
22756
22757
22759
35441
35442
22760
22761
22763
35443
35444
22764
22765
22767
35445
35446
22768
22769
22771
35439
35448
22772
22773
22775
35450
22776
22777
22779
35451
35452
22780
22781
22783
35453
35454
22784
22785
22787
35455
35456
22788
22789
22791
35449
35458
22792
22793
22795
35005
35460
22796
22797
22799
35461
35015
35462
22800
22801
22803
35463
35025
35464
22804
22805
22807
35465
35035
35466
22808
22809
22811
35459
35468
22812
22813
22815
35470
22816
22817
22819
35472
22820
22821
22823
35473
35474
22824
22825
22827
35475
35476
22828
22829
22831
35477
35478
22832
22833
22835
35471
35480
22836
22837
22839
35482
22840
22841
22843
35483
35484
22844
22845
22847
35485
35486
22848
22849
22851
35487
35488
22852
22853
22855
35481
35490
22856
22857
22859
35037
35492
22860
22861
22863
35493
35047
35494
22864
22865
22867
35495
35057
35496
22868
22869
22871
35497
35067
35498
22872
22873
22875
35491
35500
22876
22877
22879
35502
22880
22881
22883
35504
22884
22885
22887
35505
35506
22888
22889
22891
35507
35508
22892
22893
22895
35509
35510
22896
22897
22899
35503
35512
22900
22901
22903
35514
22904
22905
22907
35515
35516
22908
22909
22911
35517
35518
22912
22913
22915
35519
35520
22916
22917
22919
35513
35522
22920
22921
22923
35069
35524
22924
22925
22927
35525
35079
35526
22928
22929
22931
35527
35089
35528
22932
22933
22935
35529
35099
35530
22936
22937
22939
35523
35532
22940
35533
22941
22942
31118
22944
35534
22945
22946
31149
22948
35535
35536
22949
22950
31180
22952
35537
35538
22953
22954
31211
22956
35539
35149
35540
22957
22958
22960
35542
22961
22962
31361
22964
35544
22965
22966
31364
22968
35545
35546
22969
22970
31367
22972
35547
35548
22973
22974
31370
22976
35549
35167
35550
22977
22978
22980
35543
35552
22981
22982
31392
22984
35554
22985
22986
31395
22988
35555
35556
22989
22990
31398
22992
35557
35558
22993
22994
31401
22996
35559
35185
35560
22997
22998
23000
35553
35562
23001
23002
31423
23004
35205
35373
35564
23005
23006
31426
23008
35565
35215
35383
35566
23009
23010
31429
23012
35567
35225
35393
35568
23013
23014
31432
23016
35569
35203
35235
35403
35570
23017
23018
23020
35563
35572
23021
23022
23024
35574
23025
23026
23028
35576
23029
23030
23032
35577
35578
23033
23034
23036
35579
35580
23037
23038
23040
35581
35582
23041
23042
23044
35575
35584
23045
23046
23048
35586
23049
23050
23052
35587
35588
23053
23054
23056
35589
35590
23057
23058
23060
35591
35592
23061
23062
23064
35585
35594
23065
23066
23068
35237
35596
23069
23070
23072
35597
35247
35598
23073
23074
23076
35599
35257
35600
23077
23078
23080
35601
35267
35602
23081
23082
23084
35595
35604
23085
23086
23088
35606
23089
23090
23092
35608
23093
23094
23096
35609
35610
23097
23098
23100
35611
35612
23101
23102
23104
35613
35614
23105
23106
23108
35607
35616
23109
23110
23112
35618
23113
23114
23116
35619
35620
23117
23118
23120
35621
35622
23121
23122
23124
35623
35624
23125
23126
23128
35617
35626
23129
23130
23132
35269
35628
23133
23134
23136
35629
35279
35630
23137
23138
23140
35631
35289
35632
23141
23142
23144
35633
35299
35634
23145
23146
23148
35627
35636
23149
23150
23152
35638
23153
23154
23156
35640
23157
23158
23160
35641
35642
23161
23162
23164
35643
35644
23165
23166
23168
35645
35646
23169
23170
23172
35639
35648
23173
23174
23176
35650
23177
23178
23180
35651
35652
23181
23182
23184
35653
35654
23185
23186
23188
35655
35656
23189
23190
23192
35649
35658
23193
23194
23196
35301
35660
23197
23198
23200
35661
35311
35662
23201
23202
23204
35663
35321
35664
23205
23206
23208
35665
35331
35666
23209
23210
23212
35659
35668
23213
35669
23214
23215
31358
23217
35670
23218
23219
31389
23221
35671
35672
23222
23223
31420
23225
35673
35674
23226
23227
31451
23229
35675
35676
23230
23231
23233
35678
23234
23235
31505
23237
35680
23238
23239
31508
23241
35681
35682
23242
23243
31511
23245
35683
35684
23246
23247
31514
23249
35685
35686
23250
23251
23253
35679
35688
23254
23255
31536
23257
35690
23258
23259
31539
23261
35691
35692
23262
23263
31542
23265
35693
35694
23266
23267
31545
23269
35695
35696
23270
23271
23273
35689
35698
23274
23275
31567
23277
35405
35541
35700
23278
23279
31570
23281
35701
35415
35551
35702
23282
23283
31573
23285
35703
35425
35561
35704
23286
23287
31576
23289
35705
35435
35571
35706
23290
23291
23293
35699
35708
23294
23295
23297
35710
23298
23299
23301
35712
23302
23303
23305
35713
35714
23306
23307
23309
35715
35716
23310
23311
23313
35717
35718
23314
23315
23317
35711
35720
23318
23319
23321
35722
23322
23323
23325
35723
35724
23326
23327
23329
35725
35726
23330
23331
23333
35727
35728
23334
23335
23337
35721
35730
23338
23339
23341
35437
35732
23342
23343
23345
35733
35447
35734
23346
23347
23349
35735
35457
35736
23350
23351
23353
35737
35467
35738
23354
23355
23357
35731
35740
23358
23359
23361
35742
23362
23363
23365
35744
23366
23367
23369
35745
35746
23370
23371
23373
35747
35748
23374
23375
23377
35749
35750
23378
23379
23381
35743
35752
23382
23383
23385
35754
23386
23387
23389
35755
35756
23390
23391
23393
35757
35758
23394
23395
23397
35759
35760
23398
23399
23401
35753
35762
23402
23403
23405
35469
35764
23406
23407
23409
35765
35479
35766
23410
23411
23413
35767
35489
35768
23414
23415
23417
35769
35499
35770
23418
23419
23421
35763
35772
23422
35773
23423
23424
31502
23426
35774
23427
23428
31533
23430
35775
35776
23431
23432
31564
23434
35777
35778
23435
23436
31595
23438
35779
35780
23439
23440
23442
35782
23443
23444
31609
23446
35784
23447
23448
31612
23450
35785
35786
23451
23452
31615
23454
35787
35788
23455
23456
31618
23458
35789
35790
23459
23460
23462
35783
35792
23463
23464
31632
23466
35794
23467
23468
31635
23470
35795
35796
23471
23472
31638
23474
35797
35798
23475
23476
31641
23478
35799
35800
23479
23480
23482
35793
35802
23483
23484
31655
23486
35573
35677
35804
23487
23488
31658
23490
35805
35583
35687
35806
23491
23492
31661
23494
35807
35593
35697
35808
23495
23496
31664
23498
35809
35603
35707
35810
23499
23500
23502
35803
35812
23503
23504
23506
35814
23507
23508
23510
35816
23511
23512
23514
35817
35818
23515
23516
23518
35819
35820
23519
23520
23522
35821
35822
23523
23524
23526
35815
35824
23527
23528
23530
35826
23531
23532
23534
35827
35828
23535
23536
23538
35829
35830
23539
23540
23542
35831
35832
23543
23544
23546
35825
35834
23547
23548
23550
35605
35836
23551
23552
23554
35837
35615
35838
23555
23556
23558
35839
35625
35840
23559
23560
23562
35841
35635
35842
23563
23564
23566
35835
35844
23567
35845
23568
23569
31606
23571
35846
23572
23573
31629
23575
35847
35848
23576
23577
31652
23579
35849
35850
23580
23581
31675
23583
35851
35852
23584
23585
31678
23587
35854
23588
23589
31681
23591
35856
23592
23593
31684
23595
35857
35858
23596
23597
31687
23599
35859
35860
23600
23601
31690
23603
35861
35862
23604
23605
31693
23607
35855
35864
23608
23609
31696
23611
35866
23612
23613
31699
23615
35867
35868
23616
23617
31702
23619
35869
35870
23620
23621
31705
23623
35871
35872
23624
23625
31708
23627
35865
35874
23628
23629
31711
23631
35709
35781
35876
23632
23633
31714
23635
35877
35719
35791
35878
23636
23637
31717
23639
35879
35729
35801
35880
23640
23641
31720
23643
35881
35739
35811
35882
23644
23645
31723
23647
35875
35884
23648
35885
23651
23652
23654
35887
23657
23658
23660
35888
35890
23663
23664
23666
35891
35893
23669
23670
23672
35894
35896
23673
35897
23674
23675
23677
35898
23678
23679
23681
35899
35900
23682
23683
23685
35901
35902
23686
23687
23689
35903
35904
23690
35905
23691
23692
23694
35906
23695
23696
23698
35907
35908
23699
23700
23702
35909
35910
23703
23704
23706
35911
35912
23707
35913
23708
23709
23711
35914
23712
23713
23715
35915
35916
23716
23717
23719
35917
35918
23720
23721
23723
35919
35920
23724
35921
23725
23726
23728
35922
23729
23730
23732
35923
35924
23733
23734
23736
35925
35926
23737
23738
23740
35927
35928
23741
35929
23742
23743
23745
35930
23746
23747
23749
35931
35932
23750
23751
23753
35933
35934
23754
23755
23757
35935
35936
23758
35937
23759
23760
23762
35938
23763
23764
23766
35939
35940
23767
23768
23770
35941
35942
23771
23772
23774
35943
35944
23775
35945
23776
23777
23779
35946
23780
23781
23783
35947
35948
23784
23785
23787
35949
35950
23788
23789
23791
35951
35952
23792
35953
23793
23794
23796
35954
23797
23798
23800
35955
35956
23801
23802
23804
35957
35958
23805
23806
23808
35959
35960
23809
35961
23810
23811
23813
35962
23814
23815
23817
35963
35964
23818
23819
23821
35965
35966
23822
23823
23825
35967
35968
23826
35969
23827
23828
23830
35970
23831
23832
23834
35971
35972
23835
23836
23838
35973
35974
23839
23840
23842
35975
35976
23843
35977
23844
23845
35886
23847
35978
23848
23849
35889
23851
35979
35980
23852
23853
35892
23855
35981
35982
23856
23857
35895
23859
35983
35984
23860
35985
23863
23864
23866
31677
35987
23869
23870
23872
35988
31692
35990
23875
23876
23878
35991
31707
35993
23881
23882
23884
35994
31722
35996
23885
35997
23886
23887
23889
32403
35998
23890
23891
23893
35999
32413
36000
23894
23895
23897
36001
32423
36002
23898
23899
23901
36003
32433
36004
23902
36005
23903
23904
23906
33107
36006
23907
23908
23910
36007
33117
36008
23911
23912
23914
36009
33127
36010
23915
23916
23918
36011
33137
36012
23919
36013
23920
23921
23923
33801
36014
23924
23925
23927
36015
33811
36016
23928
23929
23931
36017
33821
36018
23932
23933
23935
36019
33831
36020
23936
36021
23937
23938
23940
34459
36022
23941
23942
23944
36023
34469
36024
23945
23946
23948
36025
34479
36026
23949
23950
23952
36027
34489
36028
23953
36029
23954
23955
23957
35101
36030
23958
23959
23961
36031
35111
36032
23962
23963
23965
36033
35121
36034
23966
23967
23969
36035
35131
36036
23970
36037
23971
23972
23974
35333
36038
23975
23976
23978
36039
35343
36040
23979
23980
23982
36041
35353
36042
23983
23984
23986
36043
35363
36044
23987
36045
23988
23989
23991
35501
36046
23992
23993
23995
36047
35511
36048
23996
23997
23999
36049
35521
36050
24000
24001
24003
36051
35531
36052
24004
36053
24005
24006
24008
35637
36054
24009
24010
24012
36055
35647
36056
24013
24014
24016
36057
35657
36058
24017
24018
24020
36059
35667
36060
24021
36061
24022
24023
24025
35741
36062
24026
24027
24029
36063
35751
36064
24030
24031
24033
36065
35761
36066
24034
24035
24037
36067
35771
36068
24038
36069
24039
24040
24042
35813
36070
24043
24044
24046
36071
35823
36072
24047
24048
24050
36073
35833
36074
24051
24052
24054
36075
35843
36076
24055
36077
24056
24057
35986
24059
35853
36078
24060
24061
35989
24063
36079
35863
36080
24064
24065
35992
24067
36081
35873
36082
24068
24069
35995
24071
36083
35883
36084
24072
36085
