2542
2543
2556
2557
4877
4878
4885
4886
4893
4894
4901
4902
4909
4910
4917
4918
4925
4926
4939
4940
4953
4954
4961
4962
4969
4970
4977
4978
4985
4986
4993
4994
5001
5002
5015
5016
5029
5030
5037
5038
5045
5046
5053
5054
5061
5062
5069
5070
5077
5078
5091
5092
5105
5106
5113
5114
5121
5122
5129
5130
5137
5138
5145
5146
5153
5154
5167
5168
5181
5182
5189
5190
5197
5198
5205
5206
5213
5214
5221
5222
5229
5230
5243
5244
5257
5258
5265
5266
5273
5274
5281
5282
5289
5290
5297
5298
5305
5306
5319
5320
5333
5334
5341
5342
5349
5350
5357
5358
5365
5366
5373
5374
5381
5382
5395
5396
5409
5410
5411
5412
5419
5420
5427
5428
5435
5436
5443
5444
5451
5452
5459
5460
5473
5474
5541
5542
5603
5604
5665
5666
5727
5728
5789
5790
5851
5852
5913
5914
56
57
3584
3585
3616
3617
3648
3649
3680
3681
3712
3713
3744
3745
3776
3777
3808
3809
318
319
2544
2545
2550
2551
2558
2559
2564
2565
2570
2571
2576
2577
2582
2583
2588
2589
3242
3243
3248
3249
3815
3816
3821
3822
3827
3828
3833
3834
3839
3840
3845
3846
3851
3852
3857
3858
3864
3865
3870
3871
3876
3877
3882
3883
3888
3889
3894
3895
3900
3901
3906
3907
3913
3914
3919
3920
3925
3926
3931
3932
3937
3938
3943
3944
3949
3950
3955
3956
3962
3963
3968
3969
3974
3975
3980
3981
3986
3987
3992
3993
3998
3999
4004
4005
4879
4880
4887
4888
4895
4896
4903
4904
4911
4912
4919
4920
4927
4928
4933
4934
4941
4942
4947
4948
4955
4956
4963
4964
4971
4972
4979
4980
4987
4988
4995
4996
5003
5004
5009
5010
5017
5018
5023
5024
5031
5032
5039
5040
5047
5048
5055
5056
5063
5064
5071
5072
5079
5080
5085
5086
5093
5094
5099
5100
5107
5108
5115
5116
5123
5124
5131
5132
5139
5140
5147
5148
5155
5156
5161
5162
5169
5170
5175
5176
5183
5184
5191
5192
5199
5200
5207
5208
5215
5216
5223
5224
5231
5232
5237
5238
5245
5246
5251
5252
5259
5260
5267
5268
5275
5276
5283
5284
5291
5292
5299
5300
5307
5308
5313
5314
5321
5322
5327
5328
5335
5336
5343
5344
5351
5352
5359
5360
5367
5368
5375
5376
5383
5384
5389
5390
5397
5398
5403
5404
5413
5414
5421
5422
5429
5430
5437
5438
5445
5446
5453
5454
5461
5462
5467
5468
5475
5476
5481
5482
5487
5488
5493
5494
5499
5500
5505
5506
5511
5512
5517
5518
5523
5524
5529
5530
5535
5536
5543
5544
5549
5550
5555
5556
5561
5562
5567
5568
5573
5574
5579
5580
5585
5586
5591
5592
5597
5598
5605
5606
5611
5612
5617
5618
5623
5624
5629
5630
5635
5636
5641
5642
5647
5648
5653
5654
5659
5660
5667
5668
5673
5674
5679
5680
5685
5686
5691
5692
5697
5698
5703
5704
5709
5710
5715
5716
5721
5722
5729
5730
5735
5736
5741
5742
5747
5748
5753
5754
5759
5760
5765
5766
5771
5772
5777
5778
5783
5784
5791
5792
5797
5798
5803
5804
5809
5810
5815
5816
5821
5822
5827
5828
5833
5834
5839
5840
5845
5846
5853
5854
5859
5860
5865
5866
5871
5872
5877
5878
5883
5884
5889
5890
5895
5896
5901
5902
5907
5908
5915
5916
5921
5922
5927
5928
5933
5934
5939
5940
5945
5946
5951
5952
5957
5958
5963
5964
5969
5970
5975
5976
5981
5982
5987
5988
5993
5994
5999
6000
6005
6006
6011
6012
6017
6018
6023
6024
6029
6030
6035
6036
6041
6042
6047
6048
6053
6054
6059
6060
6065
6066
6071
6072
6077
6078
6083
6084
6089
6090
6095
6096
6101
6102
6107
6108
6113
6114
6119
6120
6125
6126
6131
6132
6137
6138
6143
6144
6149
6150
6155
6156
6161
6162
6167
6168
6173
6174
6179
6180
6185
6186
6191
6192
6197
6198
6203
6204
6209
6210
6215
6216
6221
6222
6227
6228
6233
6234
6239
6240
6245
6246
6251
6252
6257
6258
6263
6264
6269
6270
6275
6276
6281
6282
6287
6288
6293
6294
6299
6300
6305
6306
6311
6312
6317
6318
6323
6324
6329
6330
6335
6336
6341
6342
6347
6348
6353
6354
6359
6360
6365
6366
6371
6372
6377
6378
6383
6384
6389
6390
6395
6396
6401
6402
6407
6408
6413
6414
6419
6420
6425
6426
6431
6432
6437
6438
6443
6444
6449
6450
6455
6456
6461
6462
6467
6468
6473
6474
6479
6480
6485
6486
6491
6492
6497
6498
6503
6504
6509
6510
6515
6516
6521
6522
6527
6528
6533
6534
6539
6540
6545
6546
6551
6552
6557
6558
6563
6564
6569
6570
6575
6576
6581
6582
6587
6588
6593
6594
6599
6600
6605
6606
6611
6612
6617
6618
6623
6624
6629
6630
6635
6636
6641
6642
6647
6648
6653
6654
6659
6660
6665
6666
6671
6672
6677
6678
6683
6684
6689
6690
6695
6696
6701
6702
6707
6708
6713
6714
6719
6720
6725
6726
6731
6732
6737
6738
6743
6744
6749
6750
6755
6756
6761
6762
6767
6768
6773
6774
6779
6780
6785
6786
6791
6792
6797
6798
6803
6804
6809
6810
6815
6816
6821
6822
6827
6828
6833
6834
6839
6840
6845
6846
6851
6852
6857
6858
6863
6864
6869
6870
6875
6876
6881
6882
6887
6888
6893
6894
6899
6900
6905
6906
6911
6912
6917
6918
6923
6924
6929
6930
6935
6936
6941
6942
6947
6948
6953
6954
6959
6960
6965
6966
6971
6972
6977
6978
6983
6984
6989
6990
6995
6996
7001
7002
7007
7008
7013
7014
7019
7020
7025
7026
7033
7034
7039
7040
7045
7046
7051
7052
7057
7058
7063
7064
7069
7070
7075
7076
7081
7082
7087
7088
7093
7094
7099
7100
7105
7106
7111
7112
7117
7118
7123
7124
7129
7130
7135
7136
7141
7142
7147
7148
7153
7154
7159
7160
7165
7166
7171
7172
7177
7178
7185
7186
7191
7192
7197
7198
7203
7204
7209
7210
7215
7216
7221
7222
7227
7228
7233
7234
7241
7242
7247
7248
7253
7254
7259
7260
7265
7266
7271
7272
7277
7278
7283
7284
7289
7290
7297
7298
7303
7304
7309
7310
7315
7316
7321
7322
7327
7328
7333
7334
7339
7340
7345
7346
7353
7354
7359
7360
7365
7366
7371
7372
7377
7378
7383
7384
7389
7390
7395
7396
7401
7402
7409
7410
7415
7416
7421
7422
7427
7428
7433
7434
7439
7440
7445
7446
7451
7452
7457
7458
7465
7466
7471
7472
7477
7478
7483
7484
7489
7490
7495
7496
7501
7502
7507
7508
7513
7514
7521
7522
7527
7528
9003
9004
9009
9010
9015
9016
9021
9022
9027
9028
9033
9034
9039
9040
9045
9046
9121
9122
9127
9128
9133
9134
9139
9140
9145
9146
9151
9152
9157
9158
9163
9164
9239
9240
9245
9246
9251
9252
9257
9258
9263
9264
9269
9270
9275
9276
9281
9282
9357
9358
9363
9364
9369
9370
9375
9376
9381
9382
9387
9388
9393
9394
9399
9400
9475
9476
9481
9482
9487
9488
9493
9494
9499
9500
9505
9506
9511
9512
36086
9517
9518
36088
9593
9594
36090
9599
9600
36092
9605
9606
36094
9611
9612
36096
9617
9618
36098
9623
9624
36100
9629
9630
36102
9635
9636
36104
9711
9712
36106
9717
9718
36108
9723
9724
36110
9729
9730
36112
9735
9736
36114
9741
9742
36116
9747
9748
36118
9753
9754
36120
15221
15222
36122
15251
15252
36124
15281
15282
36126
15311
15312
36128
23649
23650
36130
23655
23656
36132
23661
23662
36134
23667
23668
36136
23861
23862
36138
23867
23868
36140
23873
23874
36142
23879
23880
36144
36146
36148
36150
7031
7032
36152
36154
36156
36158
7183
7184
36160
36162
36164
36166
7239
7240
36168
36170
36172
36174
7295
7296
36176
36178
36180
36182
7351
7352
36184
36186
36188
36190
7407
7408
36192
36194
36196
36198
7463
7464
36200
36202
36204
36206
7519
7520
36208
36210
36212
36214
7957
7958
36216
36218
36220
36222
8027
8028
36224
8065
8066
36226
8103
8104
36228
8141
8142
36230
8179
8180
36232
8217
8218
36234
8255
8256
36236
8689
8690
36238
8759
8760
36240
8797
8798
36242
8835
8836
36244
8873
8874
36246
8911
8912
36248
8949
8950
36250
8987
8988
36252
10249
10250
36254
10319
10320
36256
10357
10358
36258
10395
10396
36260
10433
10434
36262
10471
10472
36264
10509
10510
36266
10547
10548
36268
11217
11218
36270
11287
11288
36272
11325
11326
36274
11363
11364
36276
11401
11402
36278
11439
11440
36280
11477
11478
36282
11515
11516
36284
12461
12462
36286
12531
12532
36288
12569
12570
36290
12607
12608
36292
12645
12646
36294
12683
12684
36296
12721
12722
36298
12759
12760
36300
13425
13426
36302
13495
13496
36304
13533
13534
36306
13571
13572
36308
13609
13610
36310
13647
13648
36312
13685
13686
36314
13723
13724
36316
15742
15743
36318
15812
15813
36320
15850
15851
36322
15888
15889
36324
15926
15927
36326
15964
15965
36328
16002
16003
36330
16040
16041
36332
17151
17152
36334
17221
17222
36336
17259
17260
36338
17297
17298
36340
17335
17336
36342
17373
17374
36344
17411
17412
36346
17449
17450
36348
18540
18541
36350
18610
18611
36352
18648
18649
36354
18686
18687
36356
18724
18725
36358
18762
18763
36360
18800
18801
36362
18838
18839
36364
19857
19858
36366
19927
19928
36368
19965
19966
36370
20003
20004
36372
20041
20042
36374
20079
20080
36376
20117
20118
36378
20155
20156
36380
21142
21143
36382
21212
21213
36384
21250
21251
36386
21288
21289
36388
21326
21327
36390
21364
21365
36392
21402
21403
36394
21440
21441
36396
4
5
6
7
36398
36400
20
21
36402
36404
36406
36408
50
51
36410
36412
36414
36416
36418
94
95
36420
36422
36424
36426
36428
36430
36432
36434
36436
142
143
36438
36440
144
145
36442
36444
36446
36448
36450
36452
36454
192
193
36456
36458
36460
36462
36464
36466
36468
36470
36472
194
195
36474
36476
36478
36480
196
197
36482
36484
36486
36488
36490
248
249
36492
36494
36496
36498
36500
36502
36504
36506
36508
250
251
36510
36512
36514
36516
36518
36520
252
253
36522
36524
36526
298
299
36528
36530
36532
36534
36536
36538
36540
36542
36544
300
301
36546
36548
36550
36552
36554
36556
36558
36560
302
303
36562
36564
36566
36568
36570
36572
36574
36576
364
365
36578
36580
36582
36584
36586
36588
36590
36592
366
367
36594
36596
36598
36600
36602
36604
36606
36608
368
369
36610
36612
36614
36616
36618
36620
36622
36624
414
415
36626
36628
36630
36632
36634
36636
36638
36640
416
417
36642
36644
36646
36648
36650
36652
36654
36656
418
419
36658
36660
36662
36664
36666
36668
36670
36672
482
483
36674
36676
36678
36680
36682
36684
36686
36688
484
485
36690
36692
36694
36696
36698
36700
36702
36704
486
487
36706
36708
36710
36712
36714
36716
36718
36720
532
533
36722
36724
36726
36728
36730
36732
36734
36736
534
535
36738
36740
36742
36744
36746
36748
36750
36752
536
537
36754
36756
36758
36760
36762
36764
36766
36768
604
605
36770
36772
36774
36776
36778
36780
36782
36784
606
607
36786
36788
36790
36792
36794
36796
36798
36800
608
609
36802
36804
36806
36808
36810
36812
36814
36816
654
655
36818
36820
36822
36824
36826
36828
36830
36832
656
657
36834
36836
36838
36840
36842
36844
36846
36848
658
659
36850
36852
36854
36856
36858
36860
36862
36864
730
731
36866
36868
36870
36872
36874
36876
36878
36880
732
733
36882
36884
36886
36888
36890
36892
36894
36896
734
735
36898
36900
36902
36904
36906
36908
36910
36912
780
781
36914
36916
36918
36920
36922
36924
36926
36928
782
783
36930
36932
36934
36936
36938
36940
36942
36944
784
785
36946
36948
36950
36952
36954
36956
36958
36960
36962
850
851
36964
36966
36968
36970
36972
36974
36976
36978
36980
852
853
36982
36984
36986
36988
36990
36992
36994
36996
36998
854
855
37000
37002
37004
37006
37008
37010
37012
37014
37016
900
901
37018
37020
37022
37024
37026
37028
37030
37032
902
903
37034
37036
37038
37040
37042
37044
37046
37048
37050
904
905
37052
37054
37056
37058
37060
37062
37064
37066
37068
996
997
37070
37072
37074
37076
37078
37080
37082
37084
37086
998
999
37088
37090
37092
37094
37096
37098
37100
37102
37104
37106
1000
1001
37108
37110
37112
37114
37116
37118
37120
37122
37124
37126
37128
37130
37132
37134
37136
1046
1047
37138
37140
37142
37144
37146
37148
37150
37152
37154
37156
37158
37160
37162
37164
1048
1049
37166
37168
37170
37172
37174
37176
37178
37180
37182
37184
37186
37188
37190
37192
1050
1051
37194
37196
37198
37200
37202
37204
37206
37208
37210
37212
37214
37216
37218
37220
1116
1117
37222
37224
37226
37228
37230
37232
37234
37236
37238
37240
37242
37244
37246
37248
37250
1118
1119
37252
37254
37256
37258
37260
37262
37264
37266
37268
37270
37272
37274
37276
37278
37280
1120
1121
37282
37284
37286
37288
37290
37292
37294
37296
37298
37300
37302
37304
37306
37308
1166
1167
37310
37312
37314
37316
37318
37320
37322
37324
37326
37328
37330
37332
37334
37336
1168
1169
37338
37340
37342
37344
37346
37348
37350
1170
1171
37352
37354
37356
37358
37360
37362
37364
1240
1241
37366
37368
37370
37372
37374
37376
37378
37380
37382
37384
37386
37388
37390
37392
1242
1243
37394
37396
37398
37400
37402
37404
37406
37408
1244
1245
37410
37412
37414
37416
37418
37420
37422
37424
1290
1291
37426
37428
37430
37432
37434
37436
37438
37440
1292
1293
37442
37444
37446
37448
37450
37452
37454
37456
37458
37460
37462
37464
37466
37468
37470
37472
1294
1295
37474
37476
37478
37480
37482
37484
37486
37488
37490
37492
1360
1361
37494
1362
1363
37496
1364
1365
37498
1410
1411
37500
1412
1413
37502
1414
1415
37504
1532
1533
37506
1534
1535
37508
1536
1537
37510
1582
1583
37512
1584
1585
37514
1586
1587
37516
1652
1653
37518
1654
1655
37520
1656
1657
37522
1702
1703
37524
1704
1705
37526
1706
1707
37528
1776
1777
37530
1778
1779
37532
1780
1781
37534
1826
1827
37536
1828
1829
37538
1830
1831
37540
1896
1897
37542
1898
1899
37544
1900
1901
37546
1946
1947
37548
1948
1949
37550
1950
1951
37552
2036
2037
37554
2038
2039
37556
2040
2041
37558
2086
2087
37560
2088
2089
37562
2090
2091
37564
2156
2157
37566
2158
2159
37568
2160
2161
37570
2206
2207
37572
2208
2209
37574
2210
2211
37576
2280
2281
37578
2282
2283
37580
2284
2285
37582
2330
2331
37584
2332
2333
37586
2334
2335
37588
2400
2401
37590
2402
2403
37592
2404
2405
37594
2450
2451
37596
2452
2453
37598
2454
2455
37600
2648
2649
37602
2650
2651
37604
2652
2653
37606
2698
2699
37608
2700
2701
37610
2702
2703
37612
2768
2769
37614
2770
2771
37616
2772
2773
37618
2818
2819
37620
2820
2821
37622
2822
2823
37624
2892
2893
37626
2894
2895
37628
2896
2897
37630
2942
2943
37632
2944
2945
37634
2946
2947
37636
3012
3013
37638
3014
3015
37640
3016
3017
37642
3038
3039
37644
3040
3041
37646
3042
3043
37648
3096
3097
37650
3098
3099
37652
3100
3101
37654
3110
3111
37656
3112
3113
37658
37660
136
137
37662
146
147
37664
202
203
37666
312
313
37668
436
437
37670
558
559
37672
684
685
37674
934
935
37676
940
941
37678
37680
950
951
37682
37684
1460
1461
37686
1466
1467
37688
1472
1473
37690
1486
1487
37692
2524
2525
37694
2530
2531
37696
2536
2537
37698
2602
2603
37700
3230
3231
37702
3236
3237
37704
3254
3255
37706
3268
3269
37708
3298
3299
37710
3304
3305
37712
3310
3311
37714
3324
3325
37716
3354
3355
37718
3360
3361
37720
3366
3367
37722
3380
3381
37724
3410
3411
37726
3416
3417
37728
3422
3423
37730
3436
3437
37732
3466
3467
37734
3472
3473
37736
3478
3479
37738
3492
3493
37740
3522
3523
37742
3528
3529
37744
3534
3535
37746
3548
3549
37748
3590
3591
37750
3596
3597
37752
3622
3623
37754
3628
3629
37756
3654
3655
37758
3660
3661
37760
3686
3687
37762
3692
3693
37764
3718
3719
37766
3724
3725
37768
3750
3751
37770
3756
3757
37772
3782
3783
37774
3788
3789
37776
4011
4012
37778
4017
4018
37780
4031
4032
37782
4037
4038
37784
4043
4044
37786
4057
4058
37788
4098
4099
37790
4104
4105
37792
4129
4130
37794
4143
4144
37796
4165
4166
37798
4195
4196
37800
4233
4234
37802
4239
4240
37804
4253
4254
37806
4355
4356
37808
4361
4362
37810
4367
4368
37812
4389
4390
37814
4395
4396
37816
4401
4402
37818
4423
4424
37820
4429
4430
37822
4435
4436
37824
4457
4458
37826
4463
4464
37828
4469
4470
37830
4491
4492
37832
4497
4498
37834
4503
4504
37836
4525
4526
37838
4531
4532
37840
4537
4538
37842
4559
4560
37844
4565
4566
37846
4571
4572
37848
4593
4594
37850
4871
4872
37852
8997
8998
37854
9115
9116
37856
9233
9234
37858
9351
9352
37860
9469
9470
37862
9587
9588
37864
9705
9706
37866
9823
9824
37868
11781
11782
37870
11787
11788
37872
11793
11794
37874
11799
11800
37876
11805
11806
37878
11811
11812
37880
11817
11818
37882
11823
11824
37884
11829
11830
37886
11899
11900
37888
11905
11906
37890
11911
11912
37892
11917
11918
37894
11923
11924
37896
11929
11930
37898
11935
11936
37900
11941
11942
37902
11947
11948
37904
12017
12018
37906
12023
12024
37908
12029
12030
37910
12035
12036
37912
12041
12042
37914
12047
12048
37916
12053
12054
37918
12059
12060
37920
12065
12066
37922
12135
12136
37924
14101
14102
37926
14107
14108
37928
14113
14114
37930
14119
14120
37932
14125
14126
37934
14163
14164
37936
14169
14170
37938
14175
14176
37940
14181
14182
37942
14187
14188
37944
14225
14226
37946
14231
14232
37948
14237
14238
37950
14243
14244
37952
14249
14250
37954
14287
14288
37956
14581
14582
37958
14587
14588
37960
14593
14594
37962
14599
14600
37964
14605
14606
37966
14643
14644
37968
14649
14650
37970
14655
14656
37972
14661
14662
37974
14667
14668
37976
14705
14706
37978
14711
14712
37980
14717
14718
37982
14723
14724
37984
14729
14730
37986
14767
14768
37988
14869
14870
37990
14875
14876
37992
14881
14882
37994
14887
14888
37996
14893
14894
37998
14931
14932
38000
14937
14938
38002
14943
14944
38004
14949
14950
38006
14955
14956
38008
14993
14994
38010
14999
15000
38012
15005
15006
38014
15011
15012
38016
15017
15018
38018
15055
15056
38020
15077
15078
38022
15083
15084
38024
15089
15090
38026
15095
15096
38028
15101
15102
38030
15123
15124
38032
15129
15130
38034
15135
15136
38036
15141
15142
38038
15147
15148
38040
15169
15170
38042
15175
15176
38044
15181
15182
38046
15187
15188
38048
15193
15194
38050
15215
15216
38052
15227
15228
38054
15233
15234
38056
15239
15240
38058
15245
15246
38060
15257
15258
38062
15263
15264
38064
15269
15270
38066
15275
15276
38068
15287
15288
38070
15293
15294
38072
15299
15300
38074
15305
15306
38076
3578
3579
38078
3610
3611
38080
3642
3643
38082
3674
3675
38084
3706
3707
38086
3738
3739
38088
3770
3771
38090
3802
3803
38092
38094
38096
38098
0
1
38100
38102
38104
38106
38108
38110
38112
2
3
8
9
24073
24074
24076
16
17
10
11
12
13
38114
38116
14
15
38118
38120
18
19
24078
24079
24080
24081
22
23
24
25
24084
32
33
26
27
28
29
30
31
38122
38124
34
35
24086
24087
24088
24089
42
43
36
37
38
39
40
41
38126
38128
44
45
24091
24092
24093
24094
46
47
48
49
24096
52
53
54
55
24099
58
59
60
61
24077
24082
24100
24102
68
69
62
63
64
65
38130
38132
38134
38136
38138
38140
66
67
70
71
24104
24105
24106
24107
78
79
72
73
74
75
76
77
80
81
24109
24110
24111
24112
82
83
84
85
24114
86
87
88
89
24085
24116
90
91
92
93
24090
24095
24117
24118
96
97
98
99
24121
106
107
100
101
102
103
104
105
108
109
24123
24124
24125
24126
116
117
110
111
112
113
114
115
118
119
24128
24129
24130
24131
120
121
122
123
24133
124
125
126
127
24097
24135
128
129
130
131
24108
24113
24136
24137
132
133
134
135
24139
138
139
140
141
24103
24142
148
149
150
151
24143
24144
24145
24147
158
159
152
153
154
155
156
157
160
161
24149
24150
24151
24152
168
169
162
163
164
165
166
167
38142
38144
170
171
24154
24155
24156
24157
172
173
174
175
24159
176
177
178
179
24115
24161
180
181
182
183
24127
24132
24162
24163
184
185
186
187
24165
188
189
190
191
24119
24122
24167
198
199
200
201
24168
24169
24170
24171
24172
204
205
206
207
24175
214
215
208
209
210
211
212
213
216
217
24177
24178
24179
24180
224
225
218
219
220
221
222
223
226
227
24182
24183
24184
24185
228
229
230
231
24187
232
233
234
235
24134
24189
236
237
238
239
24153
24158
24190
24191
240
241
242
243
24193
244
245
246
247
24138
24140
24195
254
255
256
257
24196
24197
24198
24199
24200
264
265
258
259
260
261
262
263
266
267
24202
24203
24204
24205
274
275
268
269
270
271
272
273
276
277
24207
24208
24209
24210
278
279
280
281
24212
282
283
284
285
24160
24214
286
287
288
289
24181
24186
24215
24216
290
291
292
293
24218
294
295
296
297
24164
24166
24220
304
305
306
307
24221
24222
24223
24224
24225
308
309
310
311
24227
314
315
316
317
24230
320
321
322
323
24148
24173
24231
24233
330
331
324
325
326
327
328
329
332
333
24235
24236
24237
24238
340
341
334
335
336
337
338
339
342
343
24240
24241
24242
24243
344
345
346
347
24245
348
349
350
351
24188
24247
352
353
354
355
24206
24211
24248
24249
356
357
358
359
24251
360
361
362
363
24192
24194
24253
370
371
372
373
24254
24255
24256
24257
24258
380
381
374
375
376
377
378
379
382
383
24260
24261
24262
24263
390
391
384
385
386
387
388
389
392
393
24265
24266
24267
24268
394
395
396
397
24270
398
399
400
401
24213
24272
402
403
404
405
24239
24244
24273
24274
406
407
408
409
24276
410
411
412
413
24217
24219
24278
420
421
422
423
24279
24280
24281
24282
24283
424
425
426
427
24285
428
429
430
431
24176
24287
432
433
434
435
24201
24226
24288
24289
438
439
440
441
24292
448
449
442
443
444
445
446
447
450
451
24294
24295
24296
24297
458
459
452
453
454
455
456
457
460
461
24299
24300
24301
24302
462
463
464
465
24304
466
467
468
469
24246
24306
470
471
472
473
24264
24269
24307
24308
474
475
476
477
24310
478
479
480
481
24250
24252
24312
488
489
490
491
24313
24314
24315
24316
24317
498
499
492
493
494
495
496
497
500
501
24319
24320
24321
24322
508
509
502
503
504
505
506
507
510
511
24324
24325
24326
24327
512
513
514
515
24329
516
517
518
519
24271
24331
520
521
522
523
24298
24303
24332
24333
524
525
526
527
24335
528
529
530
531
24275
24277
24337
538
539
540
541
24338
24339
24340
24341
24342
542
543
544
545
24344
546
547
548
549
24228
24346
550
551
552
553
24259
24284
24347
24348
554
555
556
557
24350
560
561
562
563
24234
24353
570
571
564
565
566
567
568
569
572
573
24355
24356
24357
24358
580
581
574
575
576
577
578
579
582
583
24360
24361
24362
24363
584
585
586
587
24365
588
589
590
591
24305
24367
592
593
594
595
24323
24328
24368
24369
596
597
598
599
24371
600
601
602
603
24309
24311
24373
610
611
612
38143
38145
613
24374
24375
24376
24377
24378
620
621
614
615
616
617
618
619
622
623
24380
24381
24382
24383
630
631
624
625
626
627
628
629
632
633
24385
24386
24387
24388
634
635
636
637
24390
638
639
640
641
24330
24392
642
643
644
645
24359
24364
24393
24394
646
647
648
649
24396
650
651
652
653
24334
24336
24398
660
661
662
38137
38139
38141
663
24399
24400
24401
24402
24403
664
665
666
667
24405
668
669
670
671
24286
24407
672
673
674
675
24318
24343
24408
24409
676
677
678
679
24411
680
681
682
683
24290
24293
24413
686
38135
687
688
689
24416
696
697
690
691
692
693
694
695
698
699
24418
24419
24420
24421
706
707
700
701
702
703
704
705
708
709
24423
24424
24425
24426
710
711
712
713
24428
714
715
716
717
24366
24430
718
719
720
721
24384
24389
24431
24432
722
723
724
725
24434
726
727
728
729
24370
24372
24436
736
737
738
38129
38131
38133
739
24437
24438
24439
24440
24441
746
747
740
741
742
743
744
745
748
749
24443
24444
24445
24446
756
757
750
751
752
753
754
755
758
759
24448
24449
24450
24451
760
761
762
763
24453
764
765
766
767
24391
24455
768
769
770
771
24422
24427
24456
24457
772
773
774
775
24459
776
777
778
779
24395
24397
24461
786
787
788
38123
38125
38127
789
24462
24463
24464
24465
24466
790
791
792
793
24468
794
795
796
797
24345
24470
798
799
800
801
24379
24404
24471
24472
802
803
804
805
24474
806
807
808
809
24349
24351
24476
816
817
810
811
812
813
814
815
818
819
24478
24479
24480
24481
826
827
820
821
822
823
824
825
828
829
24483
24484
24485
24486
830
831
832
833
24488
834
835
836
837
24429
24490
838
839
840
841
24447
24452
24491
24492
842
843
844
845
24494
846
847
848
849
24433
24435
24496
856
857
858
38117
38119
38121
859
24497
24498
24499
24500
24501
866
867
860
861
862
863
864
865
868
869
24503
24504
24505
24506
876
877
870
871
872
873
874
875
878
879
24508
24509
24510
24511
880
881
882
883
24513
884
885
886
887
24454
24515
888
889
890
891
24482
24487
24516
24517
892
893
894
895
24519
896
897
898
899
24458
24460
24521
906
907
908
38111
38113
38115
909
24522
24523
24524
24525
24526
910
911
912
913
24528
914
915
916
917
24406
24530
918
919
920
921
24442
24467
24531
24532
922
923
924
925
24534
926
927
928
929
24410
24412
24536
930
931
932
933
24538
936
38109
937
938
939
24541
942
38107
943
944
945
24544
946
947
948
949
24546
952
38105
953
954
955
24542
24549
962
963
956
957
958
959
960
961
964
965
24551
24552
24553
24554
972
973
966
967
968
969
970
971
974
975
24556
24557
24558
24559
976
977
978
979
24561
980
981
982
983
24489
24563
984
985
986
987
24507
24512
24564
24565
988
989
990
991
24567
992
993
994
995
24493
24495
24569
1002
1003
1004
38099
38101
38103
1005
24570
24571
24572
24573
24574
1012
1013
1006
1007
1008
1009
1010
1011
1014
1015
24576
24577
24578
24579
1022
1023
1016
1017
1018
1019
1020
1021
1024
1025
24581
24582
24583
24584
1026
1027
1028
1029
24586
1030
1031
1032
1033
24514
24588
1034
1035
1036
1037
24555
24560
24589
24590
1038
1039
1040
1041
24592
1042
1043
1044
1045
24518
24520
24594
1052
1053
1054
37685
38095
38097
1055
24595
24596
24597
24598
24599
1056
1057
1058
1059
24601
1060
1061
1062
1063
24469
24603
1064
1065
1066
1067
24502
24527
24604
24605
1068
1069
1070
1071
24607
1072
1073
1074
1075
24473
24475
24609
1082
1083
1076
1077
1078
1079
1080
1081
1084
1085
24611
24612
24613
24614
1092
1093
1086
1087
1088
1089
1090
1091
1094
1095
24616
24617
24618
24619
1096
1097
1098
1099
24621
1100
1101
1102
1103
24562
24623
1104
1105
1106
1107
24580
24585
24624
24625
1108
1109
1110
1111
24627
1112
1113
1114
1115
24566
24568
24629
1122
1123
1124
37679
37681
37683
1125
24630
24631
24632
24633
24634
1132
1133
1126
1127
1128
1129
1130
1131
1134
1135
24636
24637
24638
24639
1142
1143
1136
1137
1138
1139
1140
1141
1144
1145
24641
24642
24643
24644
1146
1147
1148
1149
24646
1150
1151
1152
1153
24587
24648
1154
1155
1156
1157
24615
24620
24649
24650
1158
1159
1160
1161
24652
1162
1163
1164
1165
24591
24593
24654
1172
1173
1174
37673
37675
37677
1175
24655
24656
24657
24658
24659
1176
1177
1178
1179
24661
1180
1181
1182
1183
24529
24663
1184
1185
1186
1187
24575
24600
24664
24665
1188
1189
1190
1191
24667
1192
1193
1194
1195
24533
24535
24669
1196
1197
1198
1199
24671
1206
1207
1200
1201
1202
1203
1204
1205
1208
1209
24673
24674
24675
24676
1216
1217
1210
1211
1212
1213
1214
1215
1218
1219
24678
24679
24680
24681
1220
1221
1222
1223
24683
1224
1225
1226
1227
24622
24685
1228
1229
1230
1231
24640
24645
24686
24687
1232
1233
1234
1235
24689
1236
1237
1238
1239
24626
24628
24691
1246
1247
1248
37667
37669
37671
1249
24692
24693
24694
24695
24696
1256
1257
1250
1251
1252
1253
1254
1255
1258
1259
24698
24699
24700
24701
1266
1267
1260
1261
1262
1263
1264
1265
1268
1269
24703
24704
24705
24706
1270
1271
1272
1273
24708
1274
1275
1276
1277
24647
24710
1278
1279
1280
1281
24677
24682
24711
24712
1282
1283
1284
1285
24714
1286
1287
1288
1289
24651
24653
24716
1296
1297
1298
37661
37663
37665
1299
24717
24718
24719
24720
24721
1300
1301
1302
1303
24723
1304
1305
1306
1307
24602
24725
1308
1309
1310
1311
24635
24660
24726
24727
1312
1313
1314
1315
24729
1316
1317
1318
1319
24606
24608
24731
1326
1327
1320
1321
1322
1323
1324
1325
1328
1329
24733
24734
24735
24736
1336
1337
1330
1331
1332
1333
1334
1335
1338
1339
24738
24739
24740
24741
1340
1341
1342
1343
24743
1344
1345
1346
1347
24684
24745
1348
1349
1350
1351
24702
24707
24746
24747
1352
1353
1354
1355
24749
1356
1357
1358
1359
24688
24690
24751
1366
1367
1368
37495
37497
37499
1369
24752
24753
24754
24755
24756
1376
1377
1370
1371
1372
1373
1374
1375
1378
1379
24758
24759
24760
24761
1386
1387
1380
1381
1382
1383
1384
1385
1388
1389
24763
24764
24765
24766
1390
1391
1392
1393
24768
1394
1395
1396
1397
24709
24770
1398
1399
1400
1401
24737
24742
24771
24772
1402
1403
1404
1405
24774
1406
1407
1408
1409
24713
24715
24776
1416
1417
1418
37501
37503
37505
1419
24777
24778
24779
24780
24781
1420
1421
1422
1423
24783
1424
1425
1426
1427
24662
24785
1428
1429
1430
1431
24697
24722
24786
24787
1432
1433
1434
1435
24789
1436
1437
1438
1439
24666
24668
24791
1440
1441
1442
1443
24793
1444
1445
1446
1447
24795
1448
1449
1450
1451
24797
1452
1453
1454
1455
24799
1456
1457
1458
1459
24796
24801
1462
37687
1463
1464
1465
24804
1468
37689
1469
1470
1471
24417
24807
1474
37691
1475
1476
1477
24808
24545
24810
1478
1479
1480
1481
24539
24672
24812
1482
1483
1484
1485
24813
24547
24798
24814
1488
37693
1489
1490
1491
24805
24817
1498
1499
1492
1493
1494
1495
1496
1497
1500
1501
24819
24820
24821
24822
1508
1509
1502
1503
1504
1505
1506
1507
1510
1511
24824
24825
24826
24827
1512
1513
1514
1515
24829
1516
1517
1518
1519
24744
24831
1520
1521
1522
1523
24762
24767
24832
24833
1524
1525
1526
1527
24835
1528
1529
1530
1531
24748
24750
24837
1538
1539
1540
37507
37509
37511
1541
24838
24839
24840
24841
24842
1548
1549
1542
1543
1544
1545
1546
1547
1550
1551
24844
24845
24846
24847
1558
1559
1552
1553
1554
1555
1556
1557
1560
1561
24849
24850
24851
24852
1562
1563
1564
1565
24854
1566
1567
1568
1569
24769
24856
1570
1571
1572
1573
24823
24828
24857
24858
1574
1575
1576
1577
24860
1578
1579
1580
1581
24773
24775
24862
1588
1589
1590
37513
37515
37517
1591
24863
24864
24865
24866
24867
1592
1593
1594
1595
24869
1596
1597
1598
1599
24724
24871
1600
1601
1602
1603
24757
24782
24872
24873
1604
1605
1606
1607
24875
1608
1609
1610
1611
24728
24730
24877
1618
1619
1612
1613
1614
1615
1616
1617
1620
1621
24879
24880
24881
24882
1628
1629
1622
1623
1624
1625
1626
1627
1630
1631
24884
24885
24886
24887
1632
1633
1634
1635
24889
1636
1637
1638
1639
24830
24891
1640
1641
1642
1643
24848
24853
24892
24893
1644
1645
1646
1647
24895
1648
1649
1650
1651
24834
24836
24897
1658
1659
1660
37519
37521
37523
1661
24898
24899
24900
24901
24902
1668
1669
1662
1663
1664
1665
1666
1667
1670
1671
24904
24905
24906
24907
1678
1679
1672
1673
1674
1675
1676
1677
1680
1681
24909
24910
24911
24912
1682
1683
1684
1685
24914
1686
1687
1688
1689
24855
24916
1690
1691
1692
1693
24883
24888
24917
24918
1694
1695
1696
1697
24920
1698
1699
1700
1701
24859
24861
24922
1708
1709
1710
37525
37527
37529
1711
24923
24924
24925
24926
24927
1712
1713
1714
1715
24929
1716
1717
1718
1719
24784
24931
1720
1721
1722
1723
24843
24868
24932
24933
1724
1725
1726
1727
24935
1728
1729
1730
1731
24788
24790
24937
1732
1733
1734
1735
24939
1742
1743
1736
1737
1738
1739
1740
1741
1744
1745
24941
24942
24943
24944
1752
1753
1746
1747
1748
1749
1750
1751
1754
1755
24946
24947
24948
24949
1756
1757
1758
1759
24951
1760
1761
1762
1763
24890
24953
1764
1765
1766
1767
24908
24913
24954
24955
1768
1769
1770
1771
24957
1772
1773
1774
1775
24894
24896
24959
1782
1783
1784
37531
37533
37535
1785
24960
24961
24962
24963
24964
1792
1793
1786
1787
1788
1789
1790
1791
1794
1795
24966
24967
24968
24969
1802
1803
1796
1797
1798
1799
1800
1801
1804
1805
24971
24972
24973
24974
1806
1807
1808
1809
24976
1810
1811
1812
1813
24915
24978
1814
1815
1816
1817
24945
24950
24979
24980
1818
1819
1820
1821
24982
1822
1823
1824
1825
24919
24921
24984
1832
1833
1834
37537
37539
37541
1835
24985
24986
24987
24988
24989
1836
1837
1838
1839
24991
1840
1841
1842
1843
24870
24993
1844
1845
1846
1847
24903
24928
24994
24995
1848
1849
1850
1851
24997
1852
1853
1854
1855
24874
24876
24999
1862
1863
1856
1857
1858
1859
1860
1861
1864
1865
25001
25002
25003
25004
1872
1873
1866
1867
1868
1869
1870
1871
1874
1875
25006
25007
25008
25009
1876
1877
1878
1879
25011
1880
1881
1882
1883
24952
25013
1884
1885
1886
1887
24970
24975
25014
25015
1888
1889
1890
1891
25017
1892
1893
1894
1895
24956
24958
25019
1902
1903
1904
37543
37545
37547
1905
25020
25021
25022
25023
25024
1912
1913
1906
1907
1908
1909
1910
1911
1914
1915
25026
25027
25028
25029
1922
1923
1916
1917
1918
1919
1920
1921
1924
1925
25031
25032
25033
25034
1926
1927
1928
1929
25036
1930
1931
1932
1933
24977
25038
1934
1935
1936
1937
25005
25010
25039
25040
1938
1939
1940
1941
25042
1942
1943
1944
1945
24981
24983
25044
1952
1953
1954
37549
37551
37553
1955
25045
25046
25047
25048
25049
1956
1957
1958
1959
25051
1960
1961
1962
1963
24930
25053
1964
1965
1966
1967
24965
24990
25054
25055
1968
1969
1970
1971
25057
1972
1973
1974
1975
24934
24936
25059
1976
1977
1978
1979
25061
1980
1981
1982
1983
25063
1984
1985
1986
1987
25065
1988
1989
1990
1991
25067
1992
1993
1994
1995
25064
25069
2002
2003
1996
1997
1998
1999
2000
2001
2004
2005
25071
25072
25073
25074
2012
2013
2006
2007
2008
2009
2010
2011
2014
2015
25076
25077
25078
25079
2016
2017
2018
2019
25081
2020
2021
2022
2023
25012
25083
2024
2025
2026
2027
25030
25035
25084
25085
2028
2029
2030
2031
25087
2032
2033
2034
2035
25016
25018
25089
2042
2043
2044
37555
37557
37559
2045
25090
25091
25092
25093
25094
2052
2053
2046
2047
2048
2049
2050
2051
2054
2055
25096
25097
25098
25099
2062
2063
2056
2057
2058
2059
2060
2061
2064
2065
25101
25102
25103
25104
2066
2067
2068
2069
25106
2070
2071
2072
2073
25037
25108
2074
2075
2076
2077
25075
25080
25109
25110
2078
2079
2080
2081
25112
2082
2083
2084
2085
25041
25043
25114
2092
2093
2094
37561
37563
37565
2095
25115
25116
25117
25118
25119
2096
2097
2098
2099
25121
2100
2101
2102
2103
24992
25123
2104
2105
2106
2107
25025
25050
25124
25125
2108
2109
2110
2111
25127
2112
2113
2114
2115
24996
24998
25129
2122
2123
2116
2117
2118
2119
2120
2121
2124
2125
25131
25132
25133
25134
2132
2133
2126
2127
2128
2129
2130
2131
2134
2135
25136
25137
25138
25139
2136
2137
2138
2139
25141
2140
2141
2142
2143
25082
25143
2144
2145
2146
2147
25100
25105
25144
25145
2148
2149
2150
2151
25147
2152
2153
2154
2155
25086
25088
25149
2162
2163
2164
37567
37569
37571
2165
25150
25151
25152
25153
25154
2172
2173
2166
2167
2168
2169
2170
2171
2174
2175
25156
25157
25158
25159
2182
2183
2176
2177
2178
2179
2180
2181
2184
2185
25161
25162
25163
25164
2186
2187
2188
2189
25166
2190
2191
2192
2193
25107
25168
2194
2195
2196
2197
25135
25140
25169
25170
2198
2199
2200
2201
25172
2202
2203
2204
2205
25111
25113
25174
2212
2213
2214
37573
37575
37577
2215
25175
25176
25177
25178
25179
2216
2217
2218
2219
25181
2220
2221
2222
2223
25052
25183
2224
2225
2226
2227
25095
25120
25184
25185
2228
2229
2230
2231
25187
2232
2233
2234
2235
25056
25058
25189
2236
2237
2238
2239
25191
2246
2247
2240
2241
2242
2243
2244
2245
2248
2249
25193
25194
25195
25196
2256
2257
2250
2251
2252
2253
2254
2255
2258
2259
25198
25199
25200
25201
2260
2261
2262
2263
25203
2264
2265
2266
2267
25142
25205
2268
2269
2270
2271
25160
25165
25206
25207
2272
2273
2274
2275
25209
2276
2277
2278
2279
25146
25148
25211
2286
2287
2288
37579
37581
37583
2289
25212
25213
25214
25215
25216
2296
2297
2290
2291
2292
2293
2294
2295
2298
2299
25218
25219
25220
25221
2306
2307
2300
2301
2302
2303
2304
2305
2308
2309
25223
25224
25225
25226
2310
2311
2312
2313
25228
2314
2315
2316
2317
25167
25230
2318
2319
2320
2321
25197
25202
25231
25232
2322
2323
2324
2325
25234
2326
2327
2328
2329
25171
25173
25236
2336
2337
2338
37585
37587
37589
2339
25237
25238
25239
25240
25241
2340
2341
2342
2343
25243
2344
2345
2346
2347
25122
25245
2348
2349
2350
2351
25155
25180
25246
25247
2352
2353
2354
2355
25249
2356
2357
2358
2359
25126
25128
25251
2366
2367
2360
2361
2362
2363
2364
2365
2368
2369
25253
25254
25255
25256
2376
2377
2370
2371
2372
2373
2374
2375
2378
2379
25258
25259
25260
25261
2380
2381
2382
2383
25263
2384
2385
2386
2387
25204
25265
2388
2389
2390
2391
25222
25227
25266
25267
2392
2393
2394
2395
25269
2396
2397
2398
2399
25208
25210
25271
2406
2407
2408
37591
37593
37595
2409
25272
25273
25274
25275
25276
2416
2417
2410
2411
2412
2413
2414
2415
2418
2419
25278
25279
25280
25281
2426
2427
2420
2421
2422
2423
2424
2425
2428
2429
25283
25284
25285
25286
2430
2431
2432
2433
25288
2434
2435
2436
2437
25229
25290
2438
2439
2440
2441
25257
25262
25291
25292
2442
2443
2444
2445
25294
2446
2447
2448
2449
25233
25235
25296
2456
2457
2458
37597
37599
37601
2459
25297
25298
25299
25300
25301
2460
2461
2462
2463
25303
2464
2465
2466
2467
25182
25305
2468
2469
2470
2471
25217
25242
25306
25307
2472
2473
2474
2475
25309
2476
2477
2478
2479
25186
25188
25311
2480
2481
2482
2483
25313
2484
2485
2486
2487
25315
2488
2489
2490
2491
25317
2492
2493
2494
2495
25319
2496
2497
2498
2499
25316
25321
2500
2501
2502
2503
25323
2504
2505
2506
2507
24794
24940
25325
2508
2509
2510
2511
25326
24800
25066
25327
2512
2513
2514
2515
25062
25192
25329
2516
2517
2518
2519
25330
25068
25318
25331
2520
2521
2522
2523
25324
25333
2526
37695
2527
2528
2529
25336
2532
37697
2533
2534
2535
24550
25339
2538
37699
2539
2540
2541
25340
24811
25342
2546
37493
2547
25345
2548
37491
2549
25344
25346
2552
37489
2553
25348
2554
2555
25349
2560
37487
2561
25352
2562
37485
2563
25351
25353
2566
37483
2567
25355
2568
2569
25350
25356
2572
37481
2573
25358
2574
2575
25359
2578
37479
2579
25361
2580
2581
25347
25362
2584
37477
2585
25364
2586
2587
25354
25363
25365
2590
37475
2591
25367
2592
2593
25360
25368
2594
2595
2596
2597
24802
25070
25370
2598
2599
2600
2601
25371
24815
25328
25372
2604
37701
2605
2606
2607
25337
25375
2614
2615
2608
2609
2610
2611
38146
38148
38150
38152
38154
38156
38158
38160
38162
38164
38166
38168
38170
38172
2612
2613
2616
2617
25377
25378
25379
25380
2624
2625
2618
2619
2620
2621
2622
2623
38174
38176
38178
38180
38182
38184
38186
38188
38190
2626
2627
25382
25383
25384
25385
2628
2629
2630
2631
25387
2632
2633
2634
2635
25264
25389
2636
2637
2638
2639
25282
25287
25390
25391
2640
2641
2642
2643
25393
2644
2645
2646
2647
25268
25270
25395
2654
2655
2656
37603
37605
37607
2657
25396
25397
25398
25399
25400
2664
2665
2658
2659
2660
2661
2662
2663
2666
2667
25402
25403
25404
25405
2674
2675
2668
2669
2670
2671
2672
2673
2676
2677
25407
25408
25409
25410
2678
2679
2680
2681
25412
2682
2683
2684
2685
25289
25414
2686
2687
2688
2689
25381
25386
25415
25416
2690
2691
2692
2693
25418
2694
2695
2696
2697
25293
25295
25420
2704
2705
2706
37609
37611
37613
2707
25421
25422
25423
25424
25425
2708
2709
2710
2711
25427
2712
2713
2714
2715
25244
25429
2716
2717
2718
2719
25277
25302
25430
25431
2720
2721
2722
2723
25433
2724
2725
2726
2727
25248
25250
25435
2734
2735
2728
2729
2730
2731
2732
2733
2736
2737
25437
25438
25439
25440
2744
2745
2738
2739
2740
2741
2742
2743
2746
2747
25442
25443
25444
25445
2748
2749
2750
2751
25447
2752
2753
2754
2755
25388
25449
2756
2757
2758
2759
25406
25411
25450
25451
2760
2761
2762
2763
25453
2764
2765
2766
2767
25392
25394
25455
2774
2775
2776
37615
37617
37619
2777
25456
25457
25458
25459
25460
2784
2785
2778
2779
2780
2781
2782
2783
2786
2787
25462
25463
25464
25465
2794
2795
2788
2789
2790
2791
2792
2793
2796
2797
25467
25468
25469
25470
2798
2799
2800
2801
25472
2802
2803
2804
2805
25413
25474
2806
2807
2808
2809
25441
25446
25475
25476
2810
2811
2812
2813
25478
2814
2815
2816
2817
25417
25419
25480
2824
2825
2826
37621
37623
37625
2827
25481
25482
25483
25484
25485
2828
2829
2830
2831
25487
2832
2833
2834
2835
25304
25489
2836
2837
2838
2839
25401
25426
25490
25491
2840
2841
2842
2843
25493
2844
2845
2846
2847
25308
25310
25495
2848
2849
2850
2851
25497
2858
2859
2852
2853
2854
2855
2856
2857
2860
2861
25499
25500
25501
25502
2868
2869
2862
2863
2864
2865
2866
2867
2870
2871
25504
25505
25506
25507
2872
2873
2874
2875
25509
2876
2877
2878
2879
25448
25511
2880
2881
2882
2883
25466
25471
25512
25513
2884
2885
2886
2887
25515
2888
2889
2890
2891
25452
25454
25517
2898
2899
2900
37627
37629
37631
2901
25518
25519
25520
25521
25522
2908
2909
2902
2903
2904
2905
2906
2907
2910
2911
25524
25525
25526
25527
2918
2919
2912
2913
2914
2915
2916
2917
2920
2921
25529
25530
25531
25532
2922
2923
2924
2925
25534
2926
2927
2928
2929
25473
25536
2930
2931
2932
2933
25503
25508
25537
25538
2934
2935
2936
2937
25540
2938
2939
2940
2941
25477
25479
25542
2948
2949
2950
37633
37635
37637
2951
25543
25544
25545
25546
25547
2952
2953
2954
2955
25549
2956
2957
2958
2959
25428
25551
2960
2961
2962
2963
25461
25486
25552
25553
2964
2965
2966
2967
25555
2968
2969
2970
2971
25432
25434
25557
2978
2979
2972
2973
2974
2975
2976
2977
2980
2981
25559
25560
25561
25562
2988
2989
24075
2982
2983
2984
2985
2986
2987
2990
2991
25564
25565
25566
25567
2992
2993
24083
2994
2995
25569
2996
2997
2998
2999
25510
25571
3000
3001
3002
3003
25528
25533
25572
25573
3004
3005
3006
3007
25575
3008
3009
3010
3011
25514
25516
25577
3018
3019
3020
37639
37641
37643
3021
25578
25579
25580
25581
25582
3022
3023
24098
3024
3025
25535
25570
25584
3026
3027
24101
3028
3029
25563
25568
25585
25586
3030
3031
3032
3033
25588
3034
3035
3036
3037
25539
25541
25590
3044
3045
3046
37645
37647
37649
3047
25591
25592
25593
25594
25595
3048
3049
3050
3051
25597
3052
3053
3054
3055
25488
25599
3056
3057
3058
3059
25523
25548
25600
25601
3060
3061
3062
3063
25603
3064
3065
3066
3067
25492
25494
25605
3068
3069
3070
3071
25607
3072
3073
3074
3075
25609
3076
3077
3078
3079
25611
3080
3081
3082
3083
25613
3084
3085
3086
3087
25610
25615
3088
3089
24120
3090
3091
25617
3092
3093
3094
3095
25574
25576
25619
3102
3103
3104
37651
37653
37655
3105
25620
25621
25622
25623
25624
3106
3107
24141
3108
3109
25587
25589
25618
25626
3114
3115
24146
3116
37657
37659
3117
25627
25628
25629
25630
3118
3119
24174
3120
3121
25632
3122
3123
3124
3125
25550
25634
3126
3127
3128
3129
25583
25596
25635
25636
3130
3131
3132
3133
25638
3134
3135
3136
3137
25554
25556
25640
3138
3139
24229
3140
3141
25598
25633
25642
3142
3143
24232
3144
3145
25625
25631
25643
25644
3146
3147
3148
3149
25646
3150
3151
3152
3153
25602
25604
25648
3154
3155
3156
3157
25650
3158
3159
24291
3160
3161
25652
3162
3163
3164
3165
25637
25639
25654
3166
3167
24352
3168
3169
25645
25647
25653
25656
3170
3171
24415
3172
3173
25658
3174
3175
24540
3176
3177
25660
3178
3179
3180
3181
25662
3182
3183
24543
3184
3185
25664
3186
3187
24548
3188
3189
25661
25666
3190
3191
24803
3192
3193
25668
3194
3195
3196
3197
25314
25498
25670
3198
3199
3200
3201
25671
25320
25612
25672
3202
3203
24806
3204
3205
25608
25651
25659
25674
3206
3207
24809
3208
3209
25675
25614
25663
25665
25676
3210
3211
24816
3212
3213
25669
25678
3214
3215
3216
3217
25680
3218
3219
25338
3220
3221
25322
25616
25667
25682
3222
38191
3223
25341
3224
3225
25683
25332
25673
25677
25684
3226
38189
3227
3228
38183
38185
38187
3229
25681
25686
3232
37703
3233
3234
38181
3235
25689
3238
37705
3239
3240
3241
25692
3244
37473
3245
25694
3246
38179
3247
25357
25695
3250
37471
3251
25697
3252
38177
3253
25366
25696
25698
3256
37707
3257
3258
3259
25693
25701
3260
3261
3262
3263
24818
25703
3264
3265
3266
3267
25704
25343
25705
3270
37709
3271
3272
3273
25690
25708
3274
3275
25335
3276
3277
25710
3278
3279
25374
3280
3281
25711
25369
25712
3282
3283
3284
3285
25714
3286
3287
25691
3288
3289
25334
25679
25716
3290
3291
25700
3292
3293
25717
25373
25685
25699
25718
3294
3295
3296
3297
25715
25720
3300
37711
3301
3302
3303
25723
3306
37713
3307
3308
3309
25726
3312
37715
3313
3314
3315
25727
25729
3316
3317
3318
3319
25731
3320
3321
3322
3323
25732
25733
3326
37717
3327
3328
3329
25724
25736
3330
3331
25688
3332
3333
25738
3334
3335
25707
3336
3337
25739
25740
3338
3339
3340
3341
25742
3342
3343
25725
3344
3345
25744
3346
3347
25728
3348
3349
25745
25746
3350
3351
3352
3353
25743
25748
3356
37719
3357
3358
3359
25751
3362
37721
3363
3364
3365
25754
3368
37723
3369
3370
3371
25755
25757
3372
3373
3374
3375
25709
25759
3376
3377
3378
3379
25760
25730
25761
3382
37725
3383
3384
3385
25752
25764
3386
3387
25722
3388
3389
25766
3390
3391
25735
3392
3393
25767
25768
3394
3395
3396
3397
25770
3398
3399
25753
3400
3401
25721
25741
25772
3402
3403
25756
3404
3405
25773
25734
25747
25774
3406
3407
3408
3409
25771
25776
3412
37727
3413
3414
3415
25779
3418
37729
3419
3420
3421
25782
3424
37731
3425
3426
3427
25783
25785
3428
3429
3430
3431
25787
3432
3433
3434
3435
25788
25789
3438
37733
3439
3440
3441
25780
25737
25792
3442
3443
25750
3444
3445
25794
3446
3447
25763
3448
3449
25795
25796
3450
3451
3452
3453
25798
3454
3455
25781
3456
3457
25800
3458
3459
25784
3460
3461
25801
25802
3462
3463
3464
3465
25799
25749
25804
3468
37735
3469
3470
3471
25807
3474
37737
3475
3476
3477
25810
3480
37739
3481
3482
3483
25811
25758
25813
3484
3485
3486
3487
25765
25815
3488
3489
3490
3491
25816
25762
25786
25817
3494
37741
3495
3496
3497
25808
25820
3498
3499
25778
3500
3501
25822
3502
3503
25791
3504
3505
25823
25769
25824
3506
3507
3508
3509
25826
3510
3511
25809
3512
3513
25777
25797
25828
3514
3515
25812
3516
3517
25829
25775
25790
25803
25830
3518
3519
3520
3521
25827
25832
3524
37743
3525
3526
3527
25835
3530
37745
3531
3532
3533
25838
3536
37747
3537
3538
3539
25839
25841
3540
3541
3542
3543
25793
25843
3544
3545
3546
3547
25844
25814
25845
3550
37749
3551
3552
3553
25836
25848
3554
3555
25806
3556
3557
25850
3558
3559
25819
3560
3561
25851
25852
3562
3563
25834
3564
3565
25854
3566
3567
25837
3568
3569
25805
25825
25856
3570
3571
25840
3572
3573
25857
25818
25831
25858
3574
3575
25847
3576
3577
25855
25860
3580
38079
3581
25862
3582
3583
25849
25861
25863
3586
37469
3587
25865
3588
3589
25866
3592
37751
3593
3594
3595
25869
3598
37753
3599
3600
3601
25870
25872
3602
3603
25868
3604
3605
25874
3606
3607
25871
3608
3609
25875
25876
3612
38081
3613
25878
3614
3615
25873
25877
25879
3618
37467
3619
25881
3620
3621
25867
25882
3624
37755
3625
3626
3627
25885
3630
37757
3631
3632
3633
25886
25888
3634
3635
25884
3636
3637
25890
3638
3639
25887
3640
3641
25891
25892
3644
38083
3645
25894
3646
3647
25889
25893
25895
3650
37465
3651
25897
3652
3653
25883
25898
3656
37759
3657
3658
3659
25901
3662
37761
3663
3664
3665
25902
25904
3666
3667
25900
3668
3669
25906
3670
3671
25903
3672
3673
25907
25908
3676
38085
3677
25910
3678
3679
25905
25909
25911
3682
37463
3683
25913
3684
3685
25899
25914
3688
37763
3689
3690
3691
25917
3694
37765
3695
3696
3697
25918
25920
3698
3699
25916
3700
3701
25922
3702
3703
25919
3704
3705
25923
25924
3708
38087
3709
25926
3710
3711
25921
25925
25927
3714
37461
3715
25929
3716
3717
25915
25930
3720
37767
3721
3722
3723
25933
3726
37769
3727
3728
3729
25934
25936
3730
3731
25932
3732
3733
25938
3734
3735
25935
3736
3737
25939
25940
3740
38089
3741
25942
3742
3743
25937
25941
25943
3746
37459
3747
25945
3748
3749
25931
25946
3752
37771
3753
3754
3755
25949
3758
37773
3759
3760
3761
25950
25952
3762
3763
25948
3764
3765
25954
3766
3767
25951
3768
3769
25955
25956
3772
38091
3773
25958
3774
3775
25953
25957
25959
3778
37457
3779
25961
3780
3781
25947
25962
3784
37775
3785
3786
3787
25821
25965
3790
37777
3791
3792
3793
25966
25842
25968
3794
3795
25964
3796
3797
25833
25853
25970
3798
3799
25967
3800
3801
25846
25859
25971
25972
3804
38093
3805
25974
3806
3807
25969
25973
25975
3810
37455
3811
25977
3812
3813
25963
25978
3814
25979
3817
37453
3818
25980
3819
3820
25981
3823
37451
3824
25983
3825
3826
25982
25984
3829
37449
3830
25986
3831
3832
25985
25987
3835
37447
3836
25989
3837
3838
25988
25990
3841
37445
3842
25992
3843
3844
25991
25993
3847
37443
3848
25995
3849
3850
25994
25996
3853
37441
3854
25998
3855
3856
25997
25999
3859
37439
3860
26001
3861
3862
26000
26002
3863
26003
3866
37437
3867
26004
3868
3869
26005
3872
37435
3873
26007
3874
3875
26006
26008
3878
37433
3879
26010
3880
3881
26009
26011
3884
37431
3885
26013
3886
3887
26012
26014
3890
37429
3891
26016
3892
3893
26015
26017
3896
37427
3897
26019
3898
3899
26018
26020
3902
37425
3903
26022
3904
3905
26021
26023
3908
37423
3909
26025
3910
3911
26024
26026
3912
26027
3915
37421
3916
26028
3917
3918
26029
3921
37419
3922
26031
3923
3924
26030
26032
3927
37417
3928
26034
3929
3930
26033
26035
3933
37415
3934
26037
3935
3936
26036
26038
3939
37413
3940
26040
3941
3942
26039
26041
3945
37411
3946
26043
3947
3948
26042
26044
3951
37409
3952
26046
3953
3954
26045
26047
3957
37407
3958
26049
3959
3960
26048
26050
3961
26051
3964
37405
3965
26052
3966
3967
26053
3970
37403
3971
26055
3972
3973
26054
26056
3976
37401
3977
26058
3978
3979
26057
26059
3982
37399
3983
26061
3984
3985
26060
26062
3988
37397
3989
26064
3990
3991
26063
26065
3994
37395
3995
26067
3996
3997
26066
26068
4000
37393
4001
26070
4002
4003
26069
26071
4006
37391
4007
26073
4008
4009
26072
26074
4010
26075
4013
37779
4014
4015
4016
26077
4019
37781
4020
4021
4022
26078
26080
4023
4024
4025
4026
26082
4027
4028
4029
4030
26083
26084
4033
37783
4034
4035
4036
26087
4039
37785
4040
4041
4042
26090
4045
37787
4046
4047
4048
26091
26093
4049
4050
4051
4052
25713
26095
4053
4054
4055
4056
26096
25719
26097
4059
37789
4060
4061
4062
26088
26100
4063
26101
4064
4065
26076
4066
4067
26102
4068
4069
26079
4070
4071
26103
26104
4072
4073
4074
4075
26106
4076
4077
26089
4078
4079
25376
25687
26108
4080
4081
26092
4082
4083
26109
25702
25706
26110
4084
4085
4086
4087
26107
26112
4088
26113
4089
4090
26086
4091
4092
26114
4093
4094
26099
4095
4096
26115
26116
4097
26117
4100
37791
4101
4102
4103
26119
4106
37793
4107
4108
4109
26120
26122
4110
26123
4111
4112
4113
4114
26085
26124
4115
4116
4117
4118
26125
26098
26126
4119
26127
4120
4121
26118
4122
4123
26081
26105
26128
4124
4125
26121
4126
4127
26129
26094
26111
26130
4128
26131
4131
37795
4132
4133
38171
38173
38175
4134
26133
4135
4136
4137
38169
4138
26135
4139
4140
4141
38167
4142
24537
26137
4145
37797
4146
4147
4148
26140
4149
4150
4151
38165
4152
24610
26142
4153
4154
4155
4156
26144
4157
4158
4159
38163
4160
24670
26146
4161
4162
4163
4164
26148
4167
37799
4168
4169
4170
26138
26151
4171
4172
4173
38161
4174
24732
26153
4175
4176
4177
4178
26155
4179
4180
4181
4182
26143
26157
4183
4184
4185
38159
4186
24792
26159
4187
4188
4189
4190
26161
4191
4192
4193
4194
26147
26149
26163
4197
37801
4198
4199
4200
26166
4201
4202
4203
38157
4204
24878
26168
4205
4206
4207
4208
26170
4209
4210
4211
4212
26154
26156
26172
4213
4214
4215
4216
26174
4217
4218
4219
38155
4220
24938
26176
4221
4222
4223
4224
26178
4225
4226
4227
4228
26160
26162
26180
4229
4230
4231
4232
26182
4235
37803
4236
4237
4238
26185
4241
37805
4242
4243
4244
26188
4245
4246
4247
4248
26190
4249
4250
4251
4252
26164
26192
4255
37807
4256
4257
4258
26186
26195
4259
4260
4261
38153
4262
25000
26197
4263
4264
4265
4266
26199
4267
4268
4269
4270
26169
26171
26201
4271
4272
4273
4274
26203
4275
4276
4277
38151
4278
25060
26205
4279
4280
4281
4282
26207
4283
4284
4285
4286
26177
26179
26209
4287
4288
4289
4290
26211
4291
4292
4293
4294
26213
4295
4296
4297
4298
26173
26215
4299
4300
4301
4302
26181
26217
4303
4304
4305
4306
26214
26219
4307
4308
4309
38149
4310
25130
26221
4311
4312
4313
4314
26223
4315
4316
4317
4318
26198
26200
26225
4319
4320
4321
4322
26227
4323
4324
4325
4326
25190
26229
4327
4328
4329
4330
26231
4331
4332
4333
4334
26206
26208
26233
4335
4336
4337
4338
26235
4339
4340
4341
4342
26237
4343
4344
4345
4346
26202
26239
4347
4348
4349
4350
26210
26241
4351
4352
4353
4354
26238
26243
4357
37809
4358
4359
4360
26246
4363
37811
4364
4365
4366
26249
4369
37813
4370
4371
4372
26250
26252
4373
4374
4375
4376
26254
4377
4378
4379
4380
26255
26256
4381
4382
4383
4384
26258
4385
4386
4387
4388
26259
26260
4391
37815
4392
4393
4394
26247
26263
4397
37817
4398
4399
4400
26266
4403
37819
4404
4405
4406
26267
26269
4407
4408
4409
4410
26271
4411
4412
4413
4414
26272
26273
4415
4416
4417
4418
26275
4419
4420
4421
4422
26276
26277
4425
37821
4426
4427
4428
26264
26280
4431
37823
4432
4433
4434
26283
4437
37825
4438
4439
4440
26284
26286
4441
4442
4443
4444
26288
4445
4446
4447
4448
26289
26290
4449
4450
4451
4452
26292
4453
4454
4455
4456
26293
26294
4459
37827
4460
4461
4462
26281
26297
4465
37829
4466
4467
4468
26300
4471
37831
4472
4473
4474
26301
26303
4475
4476
4477
4478
26305
4479
4480
4481
4482
26306
26307
4483
4484
4485
4486
26309
4487
4488
4489
4490
26310
26311
4493
37833
4494
4495
4496
26298
26314
4499
37835
4500
4501
4502
26317
4505
37837
4506
4507
4508
26318
26320
4509
4510
4511
4512
26322
4513
4514
4515
4516
26323
26324
4517
4518
4519
4520
26326
4521
4522
4523
4524
26327
26328
4527
37839
4528
4529
4530
26315
26331
4533
37841
4534
4535
4536
26334
4539
37843
4540
4541
4542
26335
26337
4543
4544
4545
4546
26339
4547
4548
4549
4550
26340
26341
4551
4552
4553
4554
26343
4555
4556
4557
4558
26344
26345
4561
37845
4562
4563
4564
26332
26348
4567
37847
4568
4569
4570
26175
26351
4573
37849
4574
4575
4576
26352
26191
26354
4577
4578
4579
4580
26183
26204
26356
4581
4582
4583
4584
26357
26193
26216
26358
4585
4586
4587
4588
26212
26228
26360
4589
4590
4591
4592
26361
26218
26240
26362
4595
37851
4596
4597
4598
26349
26365
4599
4600
4601
4602
25252
26367
4603
4604
4605
4606
26369
4607
4608
4609
4610
26222
26224
26371
4611
4612
4613
4614
26373
4615
4616
4617
4618
25312
26375
4619
4620
4621
4622
26377
4623
4624
4625
4626
26230
26232
26379
4627
4628
4629
4630
26381
4631
4632
4633
4634
26383
4635
4636
4637
4638
26226
26385
4639
4640
4641
4642
26234
26387
4643
4644
4645
4646
26384
26389
4647
4648
4649
4650
26391
4651
4652
4653
4654
26393
4655
4656
4657
4658
26394
26395
4659
4660
4661
4662
26392
26397
4663
4664
4665
4666
26399
4667
4668
4669
4670
26400
26401
4671
4672
4673
4674
26398
26403
4675
4676
4677
4678
26405
4679
4680
4681
4682
26406
26407
4683
4684
4685
4686
26404
26409
4687
4688
4689
4690
26411
4691
4692
4693
4694
26412
26413
4695
4696
4697
4698
26410
26415
4699
4700
4701
4702
26417
4703
4704
4705
4706
26418
26419
4707
4708
4709
4710
26416
26421
4711
4712
4713
4714
26423
4715
4716
4717
4718
26424
26425
4719
4720
4721
4722
26422
26427
4723
4724
4725
4726
26236
26374
26429
4727
4728
4729
4730
26430
26242
26386
26431
4731
4732
4733
4734
26428
26433
4735
4736
4737
4738
25436
26435
4739
4740
4741
4742
26437
4743
4744
4745
4746
26368
26370
26439
4747
4748
4749
4750
26441
4751
4752
4753
4754
25496
26443
4755
4756
4757
4758
26445
4759
4760
4761
4762
26376
26378
26447
4763
4764
4765
4766
26449
4767
4768
4769
4770
26451
4771
4772
4773
4774
26372
26453
4775
4776
4777
4778
26380
26455
4779
4780
4781
4782
26452
26457
4783
4784
4785
4786
26244
26459
4787
4788
4789
4790
26461
4791
4792
4793
4794
26462
26463
4795
4796
4797
4798
26460
26261
26465
4799
4800
4801
4802
26467
4803
4804
4805
4806
26468
26469
4807
4808
4809
4810
26466
26278
26471
4811
4812
4813
4814
26473
4815
4816
4817
4818
26474
26475
4819
4820
4821
4822
26472
26295
26477
4823
4824
4825
4826
26479
4827
4828
4829
4830
26480
26481
4831
4832
4833
4834
26478
26312
26483
4835
4836
4837
4838
26485
4839
4840
4841
4842
26486
26487
4843
4844
4845
4846
26484
26329
26489
4847
4848
4849
4850
26491
4851
4852
4853
4854
26492
26493
4855
4856
4857
4858
26490
26346
26495
4859
4860
4861
4862
26382
26442
26497
4863
4864
4865
4866
26498
26388
26454
26499
4867
4868
4869
4870
26496
26363
26501
4873
37853
4874
4875
4876
26504
4881
37389
4882
26507
4883
37387
4884
26506
26508
4889
37385
4890
26511
4891
37383
4892
26509
26510
26512
4897
37381
4898
26515
4899
37379
4900
26513
26514
26516
4905
37377
4906
26519
4907
37375
4908
26517
26518
26520
4913
37373
4914
26523
4915
37371
4916
26521
26522
26524
4921
37369
4922
26527
4923
37367
4924
26525
26526
26528
4929
37365
4930
26531
4931
37363
4932
26529
26530
26532
4935
37361
4936
26534
4937
4938
25864
26535
4943
37359
4944
26538
4945
37357
4946
26533
26536
26537
26539
4949
37355
4950
26541
4951
4952
26542
4957
37353
4958
26545
4959
37351
4960
26544
26546
4965
37349
4966
26549
4967
37347
4968
26547
26548
26550
4973
37345
4974
26553
4975
37343
4976
26551
26552
26554
4981
37341
4982
26557
4983
37339
4984
26555
26556
26558
4989
37337
4990
26561
4991
37335
4992
26559
26560
26562
4997
37333
4998
26565
4999
37331
5000
26563
26564
26566
5005
37329
5006
26569
5007
37327
5008
26567
26568
26570
5011
37325
5012
26572
5013
5014
25880
26573
5019
37323
5020
26576
5021
37321
5022
26571
26574
26575
26577
5025
37319
5026
26579
5027
5028
26543
26580
5033
37317
5034
26583
5035
37315
5036
26582
26584
5041
37313
5042
26587
5043
37311
5044
26585
26586
26588
5049
37309
5050
26591
5051
37307
5052
26589
26590
26592
5057
37305
5058
26595
5059
37303
5060
26593
26594
26596
5065
37301
5066
26599
5067
37299
5068
26597
26598
26600
5073
37297
5074
26603
5075
37295
5076
26601
26602
26604
5081
37293
5082
26607
5083
37291
5084
26605
26606
26608
5087
37289
5088
26610
5089
5090
25896
26611
5095
37287
5096
26614
5097
37285
5098
26609
26612
26613
26615
5101
37283
5102
26617
5103
5104
26581
26618
5109
37281
5110
26621
5111
37279
5112
26620
26622
5117
37277
5118
26625
5119
37275
5120
26623
26624
26626
5125
37273
5126
26629
5127
37271
5128
26627
26628
26630
5133
37269
5134
26633
5135
37267
5136
26631
26632
26634
5141
37265
5142
26637
5143
37263
5144
26635
26636
26638
5149
37261
5150
26641
5151
37259
5152
26639
26640
26642
5157
37257
5158
26645
5159
37255
5160
26643
26644
26646
5163
37253
5164
26648
5165
5166
25912
26649
5171
37251
5172
26652
5173
37249
5174
26647
26650
26651
26653
5177
37247
5178
26655
5179
5180
26619
26656
5185
37245
5186
26659
5187
37243
5188
26658
26660
5193
37241
5194
26663
5195
37239
5196
26661
26662
26664
5201
37237
5202
26667
5203
37235
5204
26665
26666
26668
5209
37233
5210
26671
5211
37231
5212
26669
26670
26672
5217
37229
5218
26675
5219
37227
5220
26673
26674
26676
5225
37225
5226
26679
5227
37223
5228
26677
26678
26680
5233
37221
5234
26683
5235
37219
5236
26681
26682
26684
5239
37217
5240
26686
5241
5242
25928
26687
5247
37215
5248
26690
5249
37213
5250
26685
26688
26689
26691
5253
37211
5254
26693
5255
5256
26657
26694
5261
37209
5262
26697
5263
37207
5264
26696
26698
5269
37205
5270
26701
5271
37203
5272
26699
26700
26702
5277
37201
5278
26705
5279
37199
5280
26703
26704
26706
5285
37197
5286
26709
5287
37195
5288
26707
26708
26710
5293
37193
5294
26713
5295
37191
5296
26711
26712
26714
5301
37189
5302
26717
5303
37187
5304
26715
26716
26718
5309
37185
5310
26721
5311
37183
5312
26719
26720
26722
5315
37181
5316
26724
5317
5318
25944
26725
5323
37179
5324
26728
5325
37177
5326
26723
26726
26727
26729
5329
37175
5330
26731
5331
5332
26695
26732
5337
37173
5338
26735
5339
37171
5340
26734
26736
5345
37169
5346
26739
5347
37167
5348
26737
26738
26740
5353
37165
5354
26743
5355
37163
5356
26741
26742
26744
5361
37161
5362
26747
5363
37159
5364
26745
26746
26748
5369
37157
5370
26751
5371
37155
5372
26749
26750
26752
5377
37153
5378
26755
5379
37151
5380
26753
26754
26756
5385
37149
5386
26759
5387
37147
5388
26757
26758
26760
5391
37145
5392
26762
5393
5394
25960
26763
5399
37143
5400
26766
5401
37141
5402
26761
26764
26765
26767
5405
37139
5406
26769
5407
5408
26733
26770
5415
37137
5416
26774
5417
37135
5418
26773
26775
5423
37133
5424
26778
5425
37131
5426
26776
26777
26779
5431
37129
5432
26782
5433
37127
5434
26780
26781
26783
5439
37125
5440
26786
5441
37123
5442
26784
26785
26787
5447
37121
5448
26790
5449
37119
5450
26788
26789
26791
5455
37117
5456
26794
5457
37115
5458
26792
26793
26795
5463
37113
5464
26798
5465
37111
5466
26796
26797
26799
5469
37109
5470
26801
5471
5472
25976
26802
5477
37107
5478
26805
5479
37105
5480
26800
26803
26804
26806
5483
37103
5484
26808
5485
37101
5486
26771
26772
26809
5489
37099
5490
26811
5491
5492
26810
26812
5495
37097
5496
26814
5497
5498
26815
5501
37095
5502
26817
5503
5504
26818
5507
37093
5508
26820
5509
5510
26819
26821
5513
37091
5514
26823
5515
5516
26822
26824
5519
37089
5520
26826
5521
5522
26825
26827
5525
37087
5526
26829
5527
5528
26828
26830
5531
37085
5532
26832
5533
5534
26831
26833
5537
37083
5538
26835
5539
5540
26834
26836
5545
37081
5546
26839
5547
37079
5548
26837
26838
26840
5551
37077
5552
26842
5553
5554
26841
26843
5557
37075
5558
26845
5559
5560
26816
26846
5563
37073
5564
26848
5565
5566
26849
5569
37071
5570
26851
5571
5572
26850
26852
5575
37069
5576
26854
5577
5578
26853
26855
5581
37067
5582
26857
5583
5584
26856
26858
5587
37065
5588
26860
5589
5590
26859
26861
5593
37063
5594
26863
5595
5596
26862
26864
5599
37061
5600
26866
5601
5602
26865
26867
5607
37059
5608
26870
5609
37057
5610
26868
26869
26871
5613
37055
5614
26873
5615
5616
26872
26874
5619
37053
5620
26876
5621
5622
26847
26877
5625
37051
5626
26879
5627
5628
26880
5631
37049
5632
26882
5633
5634
26881
26883
5637
37047
5638
26885
5639
5640
26884
26886
5643
37045
5644
26888
5645
5646
26887
26889
5649
37043
5650
26891
5651
5652
26890
26892
5655
37041
5656
26894
5657
5658
26893
26895
5661
37039
5662
26897
5663
5664
26896
26898
5669
37037
5670
26901
5671
37035
5672
26899
26900
26902
5675
37033
5676
26904
5677
5678
26903
26905
5681
37031
5682
26907
5683
5684
26878
26908
5687
37029
5688
26910
5689
5690
26911
5693
37027
5694
26913
5695
5696
26912
26914
5699
37025
5700
26916
5701
5702
26915
26917
5705
37023
5706
26919
5707
5708
26918
26920
5711
37021
5712
26922
5713
5714
26921
26923
5717
37019
5718
26925
5719
5720
26924
26926
5723
37017
5724
26928
5725
5726
26927
26929
5731
37015
5732
26932
5733
37013
5734
26930
26931
26933
5737
37011
5738
26935
5739
5740
26934
26936
5743
37009
5744
26938
5745
5746
26909
26939
5749
37007
5750
26941
5751
5752
26942
5755
37005
5756
26944
5757
5758
26943
26945
5761
37003
5762
26947
5763
5764
26946
26948
5767
37001
5768
26950
5769
5770
26949
26951
5773
36999
5774
26953
5775
5776
26952
26954
5779
36997
5780
26956
5781
5782
26955
26957
5785
36995
5786
26959
5787
5788
26958
26960
5793
36993
5794
26963
5795
36991
5796
26961
26962
26964
5799
36989
5800
26966
5801
5802
26965
26967
5805
36987
5806
26969
5807
5808
26940
26970
5811
36985
5812
26972
5813
5814
26973
5817
36983
5818
26975
5819
5820
26974
26976
5823
36981
5824
26978
5825
5826
26977
26979
5829
36979
5830
26981
5831
5832
26980
26982
5835
36977
5836
26984
5837
5838
26983
26985
5841
36975
5842
26987
5843
5844
26986
26988
5847
36973
5848
26990
5849
5850
26989
26991
5855
36971
5856
26994
5857
36969
5858
26992
26993
26995
5861
36967
5862
26997
5863
5864
26996
26998
5867
36965
5868
27000
5869
5870
26971
27001
5873
36963
5874
27003
5875
5876
26540
27004
5879
36961
5880
27006
5881
5882
26578
27005
27007
5885
36959
5886
27009
5887
5888
26616
27008
27010
5891
36957
5892
27012
5893
5894
26654
27011
27013
5897
36955
5898
27015
5899
5900
26692
27014
27016
5903
36953
5904
27018
5905
5906
26730
27017
27019
5909
36951
5910
27021
5911
5912
26768
27020
27022
5917
36949
5918
27025
5919
36947
5920
26807
27023
27024
27026
5923
36945
5924
27028
5925
5926
27027
27029
5929
36943
5930
27031
5931
5932
27002
27032
5935
36941
5936
5937
5938
27035
5941
36939
5942
5943
5944
27038
5947
36937
5948
27040
5949
5950
27041
5953
36935
5954
27043
5955
5956
27042
27044
5959
36933
5960
27046
5961
5962
27045
27047
5965
36931
5966
27049
5967
5968
27048
27050
5971
36929
5972
27052
5973
5974
27051
27053
5977
36927
5978
27055
5979
5980
27054
27056
5983
36925
5984
27058
5985
5986
27057
27059
5989
36923
5990
27061
5991
5992
27060
27062
5995
36921
5996
5997
5998
27065
6001
36919
6002
6003
6004
27039
27068
6007
36917
6008
27070
6009
6010
27071
6013
36915
6014
27073
6015
6016
27072
27074
6019
36913
6020
27076
6021
6022
27075
27077
6025
36911
6026
27079
6027
6028
27078
27080
6031
36909
6032
27082
6033
6034
27081
27083
6037
36907
6038
27085
6039
6040
27084
27086
6043
36905
6044
27088
6045
6046
27087
27089
6049
36903
6050
27091
6051
6052
27090
27092
6055
36901
6056
6057
6058
27095
6061
36899
6062
6063
6064
27069
27098
6067
36897
6068
27100
6069
6070
27101
6073
36895
6074
27103
6075
6076
27102
27104
6079
36893
6080
27106
6081
6082
27105
27107
6085
36891
6086
27109
6087
6088
27108
27110
6091
36889
6092
27112
6093
6094
27111
27113
6097
36887
6098
27115
6099
6100
27114
27116
6103
36885
6104
27118
6105
6106
27117
27119
6109
36883
6110
27121
6111
6112
27120
27122
6115
36881
6116
6117
6118
27125
6121
36879
6122
6123
6124
27099
27128
6127
36877
6128
27130
6129
6130
27131
6133
36875
6134
27133
6135
6136
27132
27134
6139
36873
6140
27136
6141
6142
27135
27137
6145
36871
6146
27139
6147
6148
27138
27140
6151
36869
6152
27142
6153
6154
27141
27143
6157
36867
6158
27145
6159
6160
27144
27146
6163
36865
6164
27148
6165
6166
27147
27149
6169
36863
6170
27151
6171
6172
27150
27152
6175
36861
6176
6177
6178
27155
6181
36859
6182
6183
6184
27129
27158
6187
36857
6188
27160
6189
6190
27161
6193
36855
6194
27163
6195
6196
27162
27164
6199
36853
6200
27166
6201
6202
27165
27167
6205
36851
6206
27169
6207
6208
27168
27170
6211
36849
6212
27172
6213
6214
27171
27173
6217
36847
6218
27175
6219
6220
27174
27176
6223
36845
6224
27178
6225
6226
27177
27179
6229
36843
6230
27181
6231
6232
27180
27182
6235
36841
6236
6237
6238
27185
6241
36839
6242
6243
6244
27159
27188
6247
36837
6248
27190
6249
6250
27191
6253
36835
6254
27193
6255
6256
27192
27194
6259
36833
6260
27196
6261
6262
27195
27197
6265
36831
6266
27199
6267
6268
27198
27200
6271
36829
6272
27202
6273
6274
27201
27203
6277
36827
6278
27205
6279
6280
27204
27206
6283
36825
6284
27208
6285
6286
27207
27209
6289
36823
6290
27211
6291
6292
27210
27212
6295
36821
6296
6297
6298
27215
6301
36819
6302
6303
6304
27189
27218
6307
36817
6308
27220
6309
6310
27221
6313
36815
6314
27223
6315
6316
27222
27224
6319
36813
6320
27226
6321
6322
27225
27227
6325
36811
6326
27229
6327
6328
27228
27230
6331
36809
6332
27232
6333
6334
27231
27233
6337
36807
6338
27235
6339
6340
27234
27236
6343
36805
6344
27238
6345
6346
27237
27239
6349
36803
6350
27241
6351
6352
27240
27242
6355
36801
6356
6357
6358
26505
27245
6361
36799
6362
27247
6363
6364
27248
6367
36797
6368
27250
6369
6370
27249
27251
6373
36795
6374
27253
6375
6376
27252
27254
6379
36793
6380
27256
6381
6382
27255
27257
6385
36791
6386
27259
6387
6388
27258
27260
6391
36789
6392
27262
6393
6394
27261
27263
6397
36787
6398
27265
6399
6400
27264
27266
6403
36785
6404
27268
6405
6406
27267
27269
6409
36783
6410
6411
6412
27219
27272
6415
36781
6416
6417
6418
27275
6421
36779
6422
6423
6424
27278
6427
36777
6428
38192
38194
38196
38198
38200
38202
38204
38206
38208
38210
38212
38214
38216
38218
38220
38222
38224
38226
38228
38230
38232
38234
38236
38238
6429
6430
27279
27281
6433
36775
6434
6435
6436
27282
27284
6439
36773
6440
6441
6442
27285
27287
6445
36771
6446
6447
6448
27288
27290
6451
36769
6452
6453
6454
27291
27293
6457
36767
6458
6459
6460
27294
27296
6463
36765
6464
27298
6465
6466
27299
6469
36763
6470
27301
6471
6472
27300
27302
6475
36761
6476
27304
6477
6478
27303
27305
6481
36759
6482
27307
6483
6484
27306
27308
6487
36757
6488
27310
6489
6490
27309
27311
6493
36755
6494
27313
6495
6496
27312
27314
6499
36753
6500
27316
6501
6502
27315
27317
6505
36751
6506
27319
6507
6508
27318
27320
6511
36749
6512
6513
6514
27297
27323
6517
36747
6518
6519
6520
27276
27326
6523
36745
6524
6525
6526
27329
6529
36743
6530
6531
6532
27330
27332
6535
36741
6536
6537
6538
27333
27335
6541
36739
6542
6543
6544
27336
27338
6547
36737
6548
6549
6550
27339
27341
6553
36735
6554
6555
6556
27342
27344
6559
36733
6560
6561
6562
27345
27347
6565
36731
6566
27349
6567
6568
27350
6571
36729
6572
27352
6573
6574
27351
27353
6577
36727
6578
27355
6579
6580
27354
27356
6583
36725
6584
27358
6585
6586
27357
27359
6589
36723
6590
27361
6591
6592
27360
27362
6595
36721
6596
27364
6597
6598
27363
27365
6601
36719
6602
27367
6603
6604
27366
27368
6607
36717
6608
27370
6609
6610
27369
27371
6613
36715
6614
6615
6616
27348
27374
6619
36713
6620
6621
6622
27327
27377
6625
36711
6626
6627
6628
27380
6631
36709
6632
6633
6634
27381
27383
6637
36707
6638
6639
6640
27384
27386
6643
36705
6644
6645
6646
27387
27389
6649
36703
6650
6651
6652
27390
27392
6655
36701
6656
6657
6658
27393
27395
6661
36699
6662
6663
6664
27396
27398
6667
36697
6668
27400
6669
6670
27401
6673
36695
6674
27403
6675
6676
27402
27404
6679
36693
6680
27406
6681
6682
27405
27407
6685
36691
6686
27409
6687
6688
27408
27410
6691
36689
6692
27412
6693
6694
27411
27413
6697
36687
6698
27415
6699
6700
27414
27416
6703
36685
6704
27418
6705
6706
27417
27419
6709
36683
6710
27421
6711
6712
27420
27422
6715
36681
6716
6717
6718
27399
27425
6721
36679
6722
6723
6724
27378
27428
6727
36677
6728
6729
6730
27431
6733
36675
6734
6735
6736
27432
27434
6739
36673
6740
6741
6742
27435
27437
6745
36671
6746
6747
6748
27438
27440
6751
36669
6752
6753
6754
27441
27443
6757
36667
6758
6759
6760
27444
27446
6763
36665
6764
6765
6766
27447
27449
6769
36663
6770
27451
6771
6772
27452
6775
36661
6776
27454
6777
6778
27453
27455
6781
36659
6782
27457
6783
6784
27456
27458
6787
36657
6788
27460
6789
6790
27459
27461
6793
36655
6794
27463
6795
6796
27462
27464
6799
36653
6800
27466
6801
6802
27465
27467
6805
36651
6806
27469
6807
6808
27468
27470
6811
36649
6812
27472
6813
6814
27471
27473
6817
36647
6818
6819
6820
27450
27476
6823
36645
6824
6825
6826
27429
27479
6829
36643
6830
6831
6832
27482
6835
36641
6836
6837
6838
27483
27485
6841
36639
6842
6843
6844
27486
27488
6847
36637
6848
6849
6850
27489
27491
6853
36635
6854
6855
6856
27492
27494
6859
36633
6860
6861
6862
27495
27497
6865
36631
6866
38240
38242
38244
6867
6868
27498
27500
6871
36629
6872
27502
6873
6874
27503
6877
36627
6878
27505
6879
6880
27504
27506
6883
36625
6884
27508
6885
6886
27507
27509
6889
36623
6890
27511
6891
6892
27510
27512
6895
36621
6896
27514
6897
6898
27513
27515
6901
36619
6902
27517
6903
6904
27516
27518
6907
36617
6908
27520
6909
6910
27519
27521
6913
36615
6914
27523
6915
6916
27522
27524
6919
36613
6920
6921
6922
27501
27527
6925
36611
6926
6927
6928
27480
27530
6931
36609
6932
6933
6934
27533
6937
36607
6938
6939
6940
27534
27536
6943
36605
6944
6945
6946
27537
27539
6949
36603
6950
6951
6952
27540
27542
6955
36601
6956
6957
6958
27543
27545
6961
36599
6962
38246
38248
38250
6963
6964
27546
27548
6967
36597
6968
6969
6970
27549
27551
6973
36595
6974
27553
6975
6976
27554
6979
36593
6980
27556
6981
6982
27555
27557
6985
36591
6986
27559
6987
6988
27558
27560
6991
36589
6992
27562
6993
6994
27561
27563
6997
36587
6998
27565
6999
7000
27564
27566
7003
36585
7004
27568
7005
7006
27567
27569
7009
36583
7010
27571
7011
7012
27570
27572
7015
36581
7016
27574
7017
7018
27573
27575
7021
36579
7022
7023
7024
27552
27578
7027
36577
7028
7029
7030
27531
27581
7035
36575
7036
7037
7038
27036
27585
7041
36573
7042
7043
7044
27586
27066
27588
7047
36571
7048
7049
7050
27589
27096
27591
7053
36569
7054
7055
7056
27592
27126
27594
7059
36567
7060
7061
7062
27595
27156
27597
7065
36565
7066
7067
7068
27598
27186
27600
7071
36563
7072
7073
7074
27601
27216
27603
7077
36561
7078
27605
7079
7080
26813
27606
7083
36559
7084
27608
7085
7086
26844
27607
27609
7089
36557
7090
27611
7091
7092
26875
27610
27612
7095
36555
7096
27614
7097
7098
26906
27613
27615
7101
36553
7102
27617
7103
7104
26937
27616
27618
7107
36551
7108
27620
7109
7110
26968
27619
27621
7113
36549
7114
27623
7115
7116
26999
27622
27624
7119
36547
7120
27626
7121
7122
27030
27625
27627
7125
36545
7126
7127
7128
27604
27246
27630
7131
36543
7132
7133
36541
7134
27582
27583
27633
7137
36539
7138
7139
7140
27636
7143
36537
7144
7145
7146
27639
7149
36535
7150
7151
7152
27640
27642
7155
36533
7156
7157
7158
27643
27645
7161
36531
7162
7163
7164
27646
27648
7167
36529
7168
7169
7170
27649
27651
7173
36527
7174
7175
7176
27652
27654
7179
36525
7180
7181
7182
27655
27657
7187
36523
7188
7189
36521
7190
27658
27659
27661
7193
36519
7194
7195
7196
27637
27664
7199
36517
7200
7201
7202
27667
7205
36515
7206
7207
7208
27668
27670
7211
36513
7212
7213
7214
27671
27673
7217
36511
7218
7219
7220
27674
27676
7223
36509
7224
7225
7226
27677
27679
7229
36507
7230
7231
7232
27680
27682
7235
36505
7236
38252
38254
38256
7237
7238
27683
27685
7243
36503
7244
7245
36501
7246
27686
27687
27689
7249
36499
7250
7251
7252
27665
27692
7255
36497
7256
7257
7258
27695
7261
36495
7262
38258
38260
38262
7263
7264
27696
27698
7267
36493
7268
7269
7270
27699
27701
7273
36491
7274
7275
7276
27702
27704
7279
36489
7280
38264
7281
7282
27705
27707
7285
36487
7286
38266
7287
7288
27708
27710
7291
36485
7292
38268
7293
7294
27711
27713
7299
36483
7300
7301
36481
7302
27714
27715
27717
7305
36479
7306
7307
7308
27693
27720
7311
36477
7312
7313
7314
27723
7317
36475
7318
38270
38272
38274
38276
38278
7319
7320
27724
27726
7323
36473
7324
38280
7325
7326
27727
27729
7329
36471
7330
38282
7331
7332
27730
27732
7335
36469
7336
38284
7337
7338
27733
27735
7341
36467
7342
38286
7343
7344
27736
27738
7347
36465
7348
38288
7349
7350
27739
27741
7355
36463
7356
7357
36461
7358
27742
27743
27745
7361
36459
7362
7363
7364
27721
27748
7367
36457
7368
7369
7370
27751
7373
36455
7374
38290
38292
38294
38296
38298
7375
7376
27752
27754
7379
36453
7380
38300
7381
7382
27755
27757
7385
36451
7386
38302
7387
7388
27758
27760
7391
36449
7392
38304
7393
7394
27761
27763
7397
36447
7398
38306
7399
7400
27764
27766
7403
36445
7404
38308
7405
7406
27767
27769
7411
36443
7412
7413
36441
7414
27770
27771
27773
7417
36439
7418
7419
7420
27749
27776
7423
36437
7424
7425
7426
27779
7429
36435
7430
38310
38312
38314
38316
38318
7431
7432
27780
27782
7435
36433
7436
38320
7437
7438
27783
27785
7441
36431
7442
38322
7443
7444
27786
27788
7447
36429
7448
38324
7449
7450
27789
27791
7453
36427
7454
38326
7455
7456
27792
27794
7459
36425
7460
38328
7461
7462
27795
27797
7467
36423
7468
7469
36421
7470
27798
27799
27801
7473
36419
7474
7475
7476
27777
27804
7479
36417
7480
7481
7482
27273
27807
7485
36415
7486
38330
38332
38334
38336
38338
7487
7488
27808
27324
27810
7491
36413
7492
7493
7494
27811
27375
27813
7497
36411
7498
7499
7500
27814
27426
27816
7503
36409
7504
7505
7506
27817
27477
27819
7509
36407
7510
7511
7512
27820
27528
27822
7515
36405
7516
7517
7518
27823
27579
27825
7523
36403
7524
7525
36401
7526
27826
27631
27827
27829
7529
36399
7530
7531
7532
27805
27832
7533
7534
7535
7536
25558
27834
7537
7538
7539
7540
27836
7541
7542
7543
7544
26436
26438
27838
7545
7546
7547
7548
27840
7549
7550
7551
7552
25606
27842
7553
7554
7555
7556
27844
7557
7558
7559
7560
26444
26446
27846
7561
7562
7563
7564
27848
7565
7566
7567
7568
27850
7569
7570
7571
7572
26440
27852
7573
7574
7575
7576
26448
27854
7577
7578
7579
7580
27851
27856
7581
7582
7583
7584
26390
27858
7585
7586
7587
7588
27860
7589
7590
7591
7592
27861
27862
7593
7594
7595
7596
27859
26396
27864
7597
7598
7599
7600
27866
7601
7602
7603
7604
27867
27868
7605
7606
7607
7608
27865
26402
27870
7609
7610
7611
7612
27872
7613
7614
7615
7616
27873
27874
7617
7618
7619
7620
27871
26408
27876
7621
7622
7623
7624
27878
7625
7626
7627
7628
27879
27880
7629
7630
7631
7632
27877
26414
27882
7633
7634
7635
7636
27884
7637
7638
7639
7640
27885
27886
7641
7642
7643
7644
27883
26420
27888
7645
7646
7647
7648
27890
7649
7650
7651
7652
27891
27892
7653
7654
7655
7656
27889
26426
27894
7657
7658
7659
7660
26450
27841
27896
7661
7662
7663
7664
27897
26456
27853
27898
7665
7666
7667
7668
27895
26432
27900
7669
7670
7671
7672
27902
7673
7674
7675
7676
27904
7677
7678
7679
7680
27906
7681
7682
7683
7684
27908
7685
7686
7687
7688
27907
27910
7689
7690
7691
7692
27912
7693
7694
7695
7696
27911
27914
7697
7698
7699
7700
27916
7701
7702
7703
7704
27915
27918
7705
7706
7707
7708
27920
7709
7710
7711
7712
27919
27922
7713
7714
7715
7716
27924
7717
7718
7719
7720
27923
27926
7721
7722
7723
7724
27928
7725
7726
7727
7728
27927
27930
7729
7730
7731
7732
27903
27932
7733
7734
7735
7736
27931
27934
7737
7738
7739
7740
27936
7741
7742
38340
38342
38344
38346
38348
38350
38352
38354
38356
38358
38360
38362
38364
38366
38368
38370
38372
38374
38376
38378
38380
38382
38384
38386
38388
38390
38392
38394
38396
38398
38400
38402
38404
7743
7744
27938
7745
7746
38406
38408
38410
38412
7747
7748
27939
27940
7749
7750
7751
7752
27941
27942
7753
7754
7755
7756
27943
27944
7757
7758
7759
7760
27945
27946
7761
7762
7763
7764
27947
27948
7765
7766
7767
7768
27949
27950
7769
7770
7771
7772
27951
27952
7773
7774
7775
7776
27937
27954
7777
7778
7779
7780
27956
7781
7782
7783
7784
27957
27958
7785
7786
7787
7788
27959
27960
7789
7790
7791
7792
27961
27962
7793
7794
7795
7796
27963
27964
7797
7798
7799
7800
27965
27966
7801
7802
7803
7804
27967
27968
7805
7806
7807
7808
27969
27970
7809
7810
7811
7812
27955
27972
7813
7814
7815
7816
27974
7817
7818
7819
7820
27975
27976
7821
7822
7823
7824
27977
27978
7825
7826
7827
7828
27979
27980
7829
7830
7831
7832
27981
27982
7833
7834
7835
7836
27983
27984
7837
7838
7839
7840
27985
27986
7841
7842
7843
7844
27987
27988
7845
7846
7847
7848
27973
27990
7849
7850
7851
7852
27992
7853
7854
7855
7856
27993
27994
7857
7858
7859
7860
27995
27996
7861
7862
7863
7864
27997
27998
7865
7866
7867
7868
27999
28000
7869
7870
7871
7872
28001
28002
7873
7874
7875
7876
28003
28004
7877
7878
7879
7880
28005
28006
7881
7882
7883
7884
27991
28008
7885
7886
7887
7888
28010
7889
7890
7891
7892
28011
28012
7893
7894
7895
7896
28013
28014
7897
7898
7899
7900
28015
28016
7901
7902
7903
7904
28017
28018
7905
7906
7907
7908
28019
28020
7909
7910
7911
7912
28021
28022
7913
7914
7915
7916
28023
28024
7917
7918
7919
7920
28009
28026
7921
7922
7923
7924
28028
7925
7926
7927
7928
28029
28030
7929
7930
7931
7932
28031
28032
7933
7934
7935
7936
28033
28034
7937
7938
7939
7940
28035
28036
7941
38251
7942
7943
7944
28037
28038
7945
7946
7947
7948
28039
28040
7949
7950
7951
7952
28041
28042
7953
7954
7955
7956
28027
28044
7959
7960
7961
7962
27905
28047
7963
7964
38414
38416
38418
38420
38422
38424
38426
38428
38430
38432
38434
38436
38438
38440
38442
38444
38446
38448
38450
38452
38454
38456
38458
38460
38462
38464
38466
38468
38470
38472
38474
38476
38478
38480
38482
38484
38486
38488
38490
38492
38494
38496
38498
38500
38502
38504
38506
38508
38510
38512
38514
38516
38518
7965
7966
28048
27909
28049
7967
7968
7969
7970
28050
27913
28051
7971
7972
7973
7974
28052
27917
28053
7975
7976
7977
7978
28054
27921
28055
7979
7980
7981
7982
28056
27925
28057
7983
7984
7985
7986
28058
27929
28059
7987
7988
7989
7990
28060
27933
28061
7991
7992
7993
36223
7994
28045
28046
28063
7995
7996
7997
7998
28065
7999
8000
8001
8002
28067
8003
8004
8005
8006
28068
28069
8007
8008
8009
8010
28070
28071
8011
8012
8013
8014
28072
28073
8015
8016
8017
8018
28074
28075
8019
8020
8021
8022
28076
28077
8023
8024
8025
8026
28078
28079
8029
8030
8031
36225
8032
28080
28081
28082
8033
8034
8035
8036
28066
28084
8037
8038
8039
8040
28086
8041
8042
8043
8044
28087
28088
8045
8046
8047
8048
28089
28090
8049
8050
8051
8052
28091
28092
8053
8054
8055
8056
28093
28094
8057
8058
8059
8060
28095
28096
8061
38257
8062
8063
8064
28097
28098
8067
8068
8069
36227
8070
28099
28100
28101
8071
8072
8073
8074
28085
28103
8075
38263
8076
8077
8078
28105
8079
38261
8080
8081
8082
28106
28107
8083
8084
8085
8086
28108
28109
8087
8088
8089
8090
28110
28111
8091
38265
8092
8093
8094
28112
28113
8095
38267
8096
8097
8098
28114
28115
8099
38269
8100
8101
8102
28116
28117
8105
38279
8106
8107
36229
8108
28118
28119
28120
8109
38277
8110
8111
8112
28104
28122
8113
38275
8114
8115
8116
28124
8117
38273
8118
8119
8120
28125
28126
8121
38281
8122
8123
8124
28127
28128
8125
38283
8126
8127
8128
28129
28130
8129
38285
8130
8131
8132
28131
28132
8133
38287
8134
8135
8136
28133
28134
8137
38289
8138
8139
8140
28135
28136
8143
38299
8144
8145
36231
8146
28137
28138
28139
8147
38297
8148
8149
8150
28123
28141
8151
38295
8152
8153
8154
28143
8155
38293
8156
8157
8158
28144
28145
8159
38301
8160
8161
8162
28146
28147
8163
38303
8164
8165
8166
28148
28149
8167
38305
8168
8169
8170
28150
28151
8171
38307
8172
8173
8174
28152
28153
8175
38309
8176
8177
8178
28154
28155
8181
38319
8182
8183
36233
8184
28156
28157
28158
8185
38317
8186
8187
8188
28142
28160
8189
38315
8190
8191
8192
28162
8193
38313
8194
8195
8196
28163
28164
8197
38321
8198
8199
8200
28165
28166
8201
38323
8202
8203
8204
28167
28168
8205
38325
8206
8207
8208
28169
28170
8209
38327
8210
8211
8212
28171
28172
8213
38329
8214
8215
8216
28173
28174
8219
38339
8220
8221
36235
8222
28175
28176
28177
8223
38337
8224
8225
8226
28161
28179
8227
38335
8228
8229
8230
27935
28181
8231
38333
8232
8233
8234
28182
27953
28183
8235
8236
8237
8238
28184
27971
28185
8239
8240
8241
8242
28186
27989
28187
8243
8244
8245
8246
28188
28007
28189
8247
8248
8249
8250
28190
28025
28191
8251
8252
8253
8254
28192
28043
28193
8257
8258
8259
36237
8260
28194
28062
28195
28196
8261
8262
8263
8264
28180
28198
8265
8266
8267
38249
8268
25641
28200
8269
8270
8271
8272
28202
8273
8274
8275
8276
27835
27837
28204
8277
8278
8279
8280
28206
8281
8282
8283
38247
8284
25649
28208
8285
8286
8287
8288
28210
8289
8290
8291
8292
27843
27845
28212
8293
8294
8295
8296
28214
8297
8298
8299
8300
28216
8301
8302
8303
8304
27839
28218
8305
8306
8307
8308
27847
28220
8309
8310
8311
8312
28217
28222
8313
8314
8315
8316
26458
28224
8317
8318
8319
8320
28226
8321
8322
8323
8324
28227
28228
8325
8326
8327
8328
28225
26464
28230
8329
8330
8331
8332
28232
8333
8334
8335
8336
28233
28234
8337
8338
8339
8340
28231
26470
28236
8341
8342
8343
8344
28238
8345
8346
8347
8348
28239
28240
8349
8350
8351
8352
28237
26476
28242
8353
8354
8355
8356
28244
8357
8358
8359
8360
28245
28246
8361
8362
8363
8364
28243
26482
28248
8365
8366
8367
8368
28250
8369
8370
8371
8372
28251
28252
8373
8374
8375
8376
28249
26488
28254
8377
8378
8379
8380
28256
8381
8382
8383
8384
28257
28258
8385
8386
8387
8388
28255
26494
28260
8389
8390
8391
8392
27849
28207
28262
8393
8394
8395
8396
28263
27855
28219
28264
8397
38413
8398
8399
38409
38411
8400
28261
26500
28266
8401
38405
8402
8403
38401
38403
8404
26502
28268
8405
38399
8406
8407
38397
8408
28270
8409
38395
8410
8411
8412
28272
8413
38393
8414
8415
38391
8416
28274
8417
38389
8418
8419
8420
28273
28276
8421
38387
8422
8423
38385
8424
28278
8425
38383
8426
8427
8428
28277
28280
8429
38381
8430
8431
38379
8432
28282
8433
38377
8434
8435
8436
28281
28284
8437
38375
8438
8439
38373
8440
28286
8441
38371
8442
8443
8444
28285
28288
8445
38369
8446
8447
38367
8448
28290
8449
38365
8450
8451
8452
28289
28292
8453
38363
8454
8455
38361
8456
28294
8457
38359
8458
8459
8460
28293
28296
8461
38357
8462
8463
38355
8464
28269
28298
8465
38353
8466
8467
38351
8468
28297
28300
8469
38349
8470
8471
8472
28302
8473
38347
8474
38520
38522
38524
38526
38528
38530
38532
38534
38536
38538
38540
38542
38544
38546
38548
38550
38552
38554
38556
38558
38560
38562
38564
38566
38568
38570
38572
38574
38576
38578
8475
8476
28304
8477
38407
8478
38580
38582
38584
38586
8479
8480
28305
28306
8481
8482
8483
8484
28307
28308
8485
8486
8487
8488
28309
28310
8489
8490
8491
8492
28311
28312
8493
8494
8495
8496
28313
28314
8497
8498
8499
8500
28315
28316
8501
8502
8503
8504
28317
28318
8505
38519
8506
8507
8508
28303
28320
8509
38517
8510
8511
8512
28322
8513
38515
8514
8515
8516
28323
28324
8517
38513
8518
8519
8520
28325
28326
8521
38511
8522
8523
8524
28327
28328
8525
38509
8526
8527
8528
28329
28330
8529
38507
8530
8531
8532
28331
28332
8533
38505
8534
8535
8536
28333
28334
8537
38503
8538
8539
38501
8540
28335
28336
8541
38499
8542
8543
8544
28321
28338
8545
38497
8546
8547
8548
28340
8549
38495
8550
8551
8552
28341
28342
8553
38493
8554
8555
8556
28343
28344
8557
38491
8558
8559
8560
28345
28346
8561
38489
8562
8563
8564
28347
28348
8565
38487
8566
8567
8568
28349
28350
8569
38485
8570
8571
8572
28351
28352
8573
38483
8574
8575
38481
8576
28353
28354
8577
38479
8578
8579
8580
28339
28356
8581
38477
8582
8583
8584
28358
8585
38475
8586
8587
8588
28359
28360
8589
38473
8590
8591
8592
28361
28362
8593
38471
8594
8595
8596
28363
28364
8597
38469
8598
38588
8599
8600
28365
28366
8601
38467
8602
38590
8603
8604
28367
28368
8605
38465
8606
38592
8607
8608
28369
28370
8609
38463
8610
8611
38461
8612
28371
28372
8613
38459
8614
8615
8616
28357
28374
8617
38457
8618
8619
8620
28376
8621
38455
8622
38594
38596
38598
38600
38602
38604
38606
38608
38610
38612
38614
38616
38618
38620
38622
38624
38626
38628
38630
38632
38634
38636
38638
38640
38642
38644
38646
38648
38650
38652
38654
38656
38658
38660
38662
38664
38666
38668
8623
8624
28377
28378
8625
38453
8626
8627
8628
28379
28380
8629
38451
8630
8631
8632
28381
28382
8633
38449
8634
8635
8636
28383
28384
8637
38447
8638
8639
8640
28385
28386
8641
38445
8642
8643
8644
28387
28388
8645
38443
8646
8647
38441
8648
28389
28390
8649
38439
8650
8651
8652
28375
28392
8653
38437
8654
8655
8656
28394
8657
38435
8658
8659
8660
28395
28396
8661
38433
8662
8663
8664
28397
28398
8665
38431
8666
8667
8668
28399
28400
8669
38429
8670
8671
8672
28401
28402
8673
38427
8674
8675
8676
28403
28404
8677
38425
8678
8679
8680
28405
28406
8681
38423
8682
8683
38421
8684
28407
28408
8685
38419
8686
8687
8688
28393
28410
8691
38417
8692
8693
8694
28271
28413
8695
38415
8696
38670
38672
38674
38676
38678
38680
38682
38684
38686
38688
38690
38692
38694
38696
38698
38700
38702
38704
38706
38708
38710
8697
8698
28414
28275
28415
8699
8700
8701
8702
28416
28279
28417
8703
8704
8705
8706
28418
28283
28419
8707
8708
8709
8710
28420
28287
28421
8711
8712
8713
8714
28422
28291
28423
8715
8716
8717
8718
28424
28295
28425
8719
8720
8721
8722
28426
28299
28427
8723
8724
8725
36239
8726
28411
28412
28429
8727
8728
8729
8730
28431
8731
8732
8733
8734
28433
8735
8736
8737
8738
28434
28435
8739
8740
8741
8742
28436
28437
8743
8744
8745
8746
28438
28439
8747
8748
8749
8750
28440
28441
8751
8752
8753
8754
28442
28443
8755
8756
8757
8758
28444
28445
8761
8762
8763
36241
8764
28446
28447
28448
8765
8766
8767
8768
28432
28450
8769
8770
8771
8772
28452
8773
8774
8775
8776
28453
28454
8777
8778
8779
8780
28455
28456
8781
8782
8783
8784
28457
28458
8785
8786
8787
8788
28459
28460
8789
8790
8791
8792
28461
28462
8793
8794
8795
8796
28463
28464
8799
8800
8801
36243
8802
28465
28466
28467
8803
8804
8805
8806
28451
28469
8807
8808
8809
8810
28471
8811
8812
8813
8814
28472
28473
8815
8816
8817
8818
28474
28475
8819
8820
8821
8822
28476
28477
8823
8824
8825
8826
28478
28479
8827
8828
8829
8830
28480
28481
8831
8832
8833
8834
28482
28483
8837
8838
8839
36245
8840
28484
28485
28486
8841
8842
8843
8844
28470
28488
8845
8846
8847
8848
28490
8849
8850
8851
8852
28491
28492
8853
8854
8855
8856
28493
28494
8857
8858
8859
8860
28495
28496
8861
8862
8863
8864
28497
28498
8865
8866
8867
8868
28499
28500
8869
8870
8871
8872
28501
28502
8875
8876
8877
36247
8878
28503
28504
28505
8879
8880
8881
8882
28489
28507
8883
8884
8885
8886
28509
8887
8888
8889
8890
28510
28511
8891
8892
8893
8894
28512
28513
8895
8896
8897
8898
28514
28515
8899
8900
8901
8902
28516
28517
8903
8904
8905
8906
28518
28519
8907
8908
8909
8910
28520
28521
8913
8914
8915
36249
8916
28522
28523
28524
8917
8918
8919
8920
28508
28526
8921
8922
8923
8924
28528
8925
8926
8927
8928
28529
28530
8929
8930
8931
8932
28531
28532
8933
8934
8935
8936
28533
28534
8937
8938
8939
8940
28535
28536
8941
8942
8943
8944
28537
28538
8945
8946
8947
8948
28539
28540
8951
8952
8953
36251
8954
28541
28542
28543
8955
8956
8957
8958
28527
28545
8959
8960
8961
8962
28301
28547
8963
8964
8965
8966
28548
28319
28549
8967
8968
8969
8970
28550
28337
28551
8971
8972
8973
8974
28552
28355
28553
8975
8976
8977
8978
28554
28373
28555
8979
8980
8981
8982
28556
28391
28557
8983
8984
8985
8986
28558
28409
28559
8989
8990
8991
36253
8992
28560
28428
28561
28562
8993
8994
8995
8996
28546
28564
8999
37855
9000
9001
38345
9002
28567
9005
36221
9006
9007
38255
9008
28570
9011
36219
9012
9013
38253
9014
28571
28573
9017
36217
9018
9019
38259
9020
28574
28576
9023
36215
9024
9025
38271
9026
28577
28579
9029
36213
9030
9031
38291
9032
28580
28582
9035
36211
9036
9037
38311
9038
28583
28585
9041
36209
9042
9043
38331
9044
28586
28588
9047
36207
9048
9049
38343
9050
28589
28591
9051
9052
9053
9054
28593
9055
9056
9057
9058
28594
28595
9059
9060
9061
9062
28596
28597
9063
9064
9065
9066
28598
28599
9067
9068
9069
9070
28600
28601
9071
9072
9073
9074
28602
28603
9075
9076
9077
9078
28604
28605
9079
9080
9081
9082
28606
28607
9083
9084
9085
9086
28609
9087
9088
9089
9090
28610
28611
9091
9092
9093
9094
28612
28613
9095
9096
9097
9098
28614
28615
9099
9100
9101
9102
28616
28617
9103
9104
9105
9106
28618
28619
9107
9108
9109
9110
28620
28621
9111
9112
9113
9114
28622
28623
9117
37857
9118
9119
9120
28568
28626
9123
36205
9124
9125
9126
28629
9129
36203
9130
9131
9132
28630
28632
9135
36201
9136
9137
9138
28633
28635
9141
36199
9142
9143
9144
28636
28638
9147
36197
9148
9149
9150
28639
28641
9153
36195
9154
9155
9156
28642
28644
9159
36193
9160
9161
9162
28645
28647
9165
36191
9166
9167
9168
28648
28650
9169
9170
9171
9172
28652
9173
9174
9175
9176
28653
28654
9177
9178
9179
9180
28655
28656
9181
9182
9183
9184
28657
28658
9185
9186
9187
9188
28659
28660
9189
9190
9191
9192
28661
28662
9193
9194
9195
9196
28663
28664
9197
9198
9199
9200
28665
28666
9201
9202
9203
9204
28668
9205
9206
9207
9208
28669
28670
9209
9210
9211
9212
28671
28672
9213
9214
9215
9216
28673
28674
9217
9218
9219
9220
28675
28676
9221
9222
9223
9224
28677
28678
9225
9226
9227
9228
28679
28680
9229
9230
9231
9232
28681
28682
9235
37859
9236
9237
9238
28627
28685
9241
36189
9242
9243
9244
28688
9247
36187
9248
9249
9250
28689
28691
9253
36185
9254
9255
9256
28692
28694
9259
36183
9260
9261
9262
28695
28697
9265
36181
9266
38712
38714
38716
38718
38720
38722
9267
9268
28698
28700
9271
36179
9272
9273
9274
28701
28703
9277
36177
9278
9279
9280
28704
28706
9283
36175
9284
9285
9286
28707
28709
9287
9288
9289
9290
28711
9291
9292
9293
9294
28712
28713
9295
9296
9297
9298
28714
28715
9299
9300
9301
9302
28716
28717
9303
9304
9305
9306
28718
28719
9307
9308
9309
9310
28720
28721
9311
9312
9313
9314
28722
28723
9315
9316
9317
9318
28724
28725
9319
9320
9321
9322
28727
9323
9324
9325
9326
28728
28729
9327
9328
9329
9330
28730
28731
9331
9332
9333
9334
28732
28733
9335
9336
9337
9338
28734
28735
9339
9340
9341
9342
28736
28737
9343
9344
9345
9346
28738
28739
9347
9348
9349
9350
28740
28741
9353
38724
38726
38728
38730
38732
38734
37861
9354
9355
9356
28686
28744
9359
36173
9360
9361
9362
28747
9365
36171
9366
9367
9368
28748
28750
9371
36169
9372
9373
9374
28751
28753
9377
36167
9378
9379
9380
28754
28756
9383
36165
9384
9385
9386
28757
28759
9389
36163
9390
9391
9392
28760
28762
9395
36161
9396
38736
38738
38740
38742
9397
9398
28763
28765
9401
36159
9402
9403
9404
28766
28768
9405
9406
9407
9408
28770
9409
9410
9411
9412
28771
28772
9413
9414
9415
9416
28773
28774
9417
9418
9419
9420
28775
28776
9421
9422
9423
9424
28777
28778
9425
9426
9427
9428
28779
28780
9429
9430
9431
9432
28781
28782
9433
9434
9435
9436
28783
28784
9437
9438
9439
9440
28786
9441
9442
9443
9444
28787
28788
9445
9446
9447
9448
28789
28790
9449
9450
9451
9452
28791
28792
9453
9454
9455
9456
28793
28794
9457
9458
9459
9460
28795
28796
9461
9462
9463
9464
28797
28798
9465
9466
9467
9468
28799
28800
9471
38744
37863
9472
9473
9474
28745
28803
9477
36157
9478
9479
9480
28806
9483
36155
9484
38746
38748
38750
38752
9485
9486
28807
28809
9489
36153
9490
9491
9492
28810
28812
9495
36151
9496
9497
9498
28813
28815
9501
36149
9502
9503
9504
28816
28818
9507
36147
9508
9509
9510
28819
28821
9513
36087
9514
9515
9516
28822
28824
9519
36089
9520
9521
9522
28825
28827
9523
9524
9525
9526
28829
9527
9528
9529
9530
28830
28831
9531
9532
9533
9534
28832
28833
9535
9536
9537
9538
28834
28835
9539
9540
9541
9542
28836
28837
9543
9544
9545
9546
28838
28839
9547
9548
9549
9550
28840
28841
9551
9552
9553
9554
28842
28843
9555
9556
9557
9558
28845
9559
9560
9561
9562
28846
28847
9563
9564
9565
9566
28848
28849
9567
9568
9569
9570
28850
28851
9571
9572
9573
9574
28852
28853
9575
9576
9577
9578
28854
28855
9579
9580
9581
9582
28856
28857
9583
9584
9585
9586
28858
28859
9589
38754
38756
38758
38760
38762
38764
37865
9590
9591
9592
28804
28862
9595
36091
9596
9597
9598
28865
9601
36093
9602
38766
38768
38770
38772
9603
9604
28866
28868
9607
36095
9608
9609
9610
28869
28871
9613
36097
9614
9615
9616
28872
28874
9619
36099
9620
9621
9622
28875
28877
9625
36101
9626
9627
9628
28878
28880
9631
36103
9632
9633
9634
28881
28883
9637
36105
9638
9639
9640
28884
28886
9641
9642
9643
9644
28888
9645
9646
9647
9648
28889
28890
9649
9650
9651
9652
28891
28892
9653
9654
9655
9656
28893
28894
9657
9658
9659
9660
28895
28896
9661
9662
9663
9664
28897
28898
9665
9666
9667
9668
28899
28900
9669
9670
9671
9672
28901
28902
9673
9674
9675
9676
28904
9677
9678
9679
9680
28905
28906
9681
9682
9683
9684
28907
28908
9685
9686
9687
9688
28909
28910
9689
9690
9691
9692
28911
28912
9693
9694
9695
9696
28913
28914
9697
9698
9699
9700
28915
28916
9701
9702
9703
9704
28917
28918
9707
38774
38776
38778
38780
38782
38784
37867
9708
38786
9709
9710
28863
28921
9713
36107
9714
9715
9716
27634
28924
9719
36109
9720
38788
38790
9721
9722
28925
27662
28927
9725
36111
9726
9727
9728
28928
27690
28930
9731
36113
9732
9733
9734
28931
27718
28933
9737
36115
9738
9739
9740
28934
27746
28936
9743
36117
9744
9745
9746
28937
27774
28939
9749
36119
9750
9751
9752
28940
27802
28942
9755
36121
9756
9757
9758
28943
27830
28945
9759
9760
9761
9762
28064
28947
9763
9764
9765
9766
28948
28083
28949
9767
9768
9769
9770
28950
28102
28951
9771
9772
9773
9774
28952
28121
28953
9775
9776
9777
9778
28954
28140
28955
9779
9780
9781
9782
28956
28159
28957
9783
9784
9785
9786
28958
28178
28959
9787
9788
9789
9790
28960
28197
28961
9791
9792
9793
9794
28430
28963
9795
9796
9797
9798
28964
28449
28965
9799
9800
9801
9802
28966
28468
28967
9803
9804
9805
9806
28968
28487
28969
9807
9808
9809
9810
28970
28506
28971
9811
9812
9813
9814
28972
28525
28973
9815
9816
9817
9818
28974
28544
28975
9819
9820
9821
9822
28976
28563
28977
9825
37869
9826
9827
9828
28922
28980
9829
9830
9831
9832
25655
25657
28982
9833
9834
9835
9836
28984
9837
9838
9839
9840
28201
28203
28986
9841
9842
9843
9844
28988
9845
9846
9847
9848
28990
9849
9850
9851
9852
28209
28211
28992
9853
9854
9855
9856
28994
9857
9858
9859
9860
28996
9861
9862
9863
9864
28205
28998
9865
9866
9867
9868
28213
29000
9869
9870
9871
9872
28997
29002
9873
9874
9875
9876
27857
29004
9877
9878
38792
9879
9880
29006
9881
9882
9883
9884
29007
29008
9885
9886
9887
9888
29005
27863
29010
9889
9890
9891
9892
29012
9893
9894
9895
9896
29013
29014
9897
9898
9899
9900
29011
27869
29016
9901
9902
9903
9904
29018
9905
9906
9907
9908
29019
29020
9909
9910
9911
9912
29017
27875
29022
9913
9914
9915
9916
29024
9917
9918
9919
9920
29025
29026
9921
9922
9923
9924
29023
27881
29028
9925
9926
9927
9928
29030
9929
9930
9931
9932
29031
29032
9933
9934
9935
9936
29029
27887
29034
9937
9938
9939
9940
29036
9941
9942
9943
9944
29037
29038
9945
9946
9947
9948
29035
27893
29040
9949
38711
9950
38794
9951
9952
28215
28989
29042
9953
38796
38798
38800
38669
9954
9955
9956
29043
28221
28999
29044
9957
38587
9958
9959
38583
38585
9960
29041
27899
29046
9961
38802
38804
38806
38579
9962
9963
38575
38577
9964
27901
29048
9965
38573
9966
9967
38571
9968
29050
9969
38569
9970
9971
9972
29052
9973
38567
9974
9975
38565
9976
29054
9977
38563
9978
38808
38810
38812
38814
38816
38818
38820
38822
38824
9979
9980
29053
29056
9981
38561
9982
9983
38559
9984
29058
9985
38557
9986
9987
9988
29057
29060
9989
38555
9990
9991
38553
9992
29062
9993
38551
9994
9995
9996
29061
29064
9997
38549
9998
9999
38547
10000
29066
10001
38545
10002
10003
10004
29065
29068
10005
38543
10006
10007
38541
10008
29070
10009
38539
10010
10011
10012
29069
29072
10013
38537
10014
10015
38535
10016
29074
10017
38533
10018
10019
10020
29073
29076
10021
38531
10022
10023
38529
10024
29049
29078
10025
38527
10026
10027
38525
10028
29077
29080
10029
38523
10030
10031
10032
29082
10033
38521
10034
38826
38828
38830
38832
38834
38836
38838
38840
38842
38844
38846
38848
38850
38852
38854
38856
38858
38860
38862
38864
38866
38868
10035
10036
29084
10037
38581
10038
38870
38872
38874
38876
10039
10040
29085
29086
10041
38667
10042
10043
10044
29087
29088
10045
38665
10046
10047
10048
29089
29090
10049
38663
10050
10051
10052
29091
29092
10053
38661
10054
10055
10056
29093
29094
10057
38659
10058
10059
10060
29095
29096
10061
38657
10062
10063
38655
10064
29097
29098
10065
38653
10066
10067
10068
29083
29100
10069
38651
10070
10071
10072
29102
10073
38649
10074
10075
10076
29103
29104
10077
38647
10078
10079
10080
29105
29106
10081
38645
10082
10083
10084
29107
29108
10085
38643
10086
10087
10088
29109
29110
10089
38641
10090
10091
10092
29111
29112
10093
38639
10094
10095
10096
29113
29114
10097
38637
10098
10099
38635
10100
29115
29116
10101
38633
10102
10103
10104
29101
29118
10105
38631
10106
10107
10108
29120
10109
38629
10110
38878
38880
38882
38884
38886
38888
38890
38892
38894
38896
38898
38900
38902
38904
38906
38908
38910
38912
38914
38916
38918
10111
10112
29121
29122
10113
38627
10114
10115
10116
29123
29124
10117
38625
10118
10119
10120
29125
29126
10121
38623
10122
10123
10124
29127
29128
10125
38621
10126
10127
10128
29129
29130
10129
38619
10130
10131
10132
29131
29132
10133
38617
10134
10135
38615
10136
29133
29134
10137
38613
10138
10139
10140
29119
29136
10141
38611
10142
10143
10144
29138
10145
38609
10146
10147
10148
29139
29140
10149
38607
10150
10151
10152
29141
29142
10153
38605
10154
10155
10156
29143
29144
10157
38589
10158
10159
10160
29145
29146
10161
38591
10162
10163
10164
29147
29148
10165
38593
10166
10167
10168
29149
29150
10169
38603
10170
10171
38601
10172
29151
29152
10173
38599
10174
10175
10176
29137
29154
10177
38597
10178
10179
10180
29156
10181
38595
10182
38920
38922
38924
38926
38928
38930
38932
38934
38936
38938
38940
38942
38944
38946
38948
38950
38952
38954
38956
38958
38960
10183
10184
29157
29158
10185
38709
10186
10187
10188
29159
29160
10189
38707
10190
10191
10192
29161
29162
10193
38705
10194
10195
10196
29163
29164
10197
38703
10198
10199
10200
29165
29166
10201
38701
10202
10203
10204
29167
29168
10205
38699
10206
10207
38697
10208
29169
29170
10209
38695
10210
10211
10212
29155
29172
10213
38693
10214
10215
10216
29174
10217
38691
10218
10219
10220
29175
29176
10221
38689
10222
10223
10224
29177
29178
10225
38687
10226
10227
10228
29179
29180
10229
38685
10230
10231
10232
29181
29182
10233
38683
10234
10235
10236
29183
29184
10237
38681
10238
10239
10240
29185
29186
10241
38679
10242
10243
38677
10244
29187
29188
10245
38675
10246
10247
10248
29173
29190
10251
38673
10252
10253
10254
29051
29193
10255
38671
10256
38962
38964
38966
38968
38970
38972
38974
38976
38978
38980
38982
38984
38986
38988
38990
38992
38994
38996
38998
39000
39002
39004
39006
10257
10258
29194
29055
29195
10259
10260
10261
10262
29196
29059
29197
10263
10264
10265
10266
29198
29063
29199
10267
10268
10269
10270
29200
29067
29201
10271
10272
10273
10274
29202
29071
29203
10275
10276
10277
10278
29204
29075
29205
10279
10280
10281
10282
29206
29079
29207
10283
10284
10285
36255
10286
29191
29192
29209
10287
10288
10289
10290
29211
10291
10292
10293
10294
29213
10295
10296
10297
10298
29214
29215
10299
10300
10301
10302
29216
29217
10303
10304
10305
10306
29218
29219
10307
10308
10309
10310
29220
29221
10311
10312
10313
10314
29222
29223
10315
10316
10317
10318
29224
29225
10321
10322
10323
36257
10324
29226
29227
29228
10325
10326
10327
10328
29212
29230
10329
10330
10331
10332
29232
10333
10334
10335
10336
29233
29234
10337
10338
10339
10340
29235
29236
10341
10342
10343
10344
29237
29238
10345
10346
10347
10348
29239
29240
10349
10350
10351
10352
29241
29242
10353
10354
10355
10356
29243
29244
10359
10360
10361
36259
10362
29245
29246
29247
10363
10364
10365
10366
29231
29249
10367
10368
10369
10370
29251
10371
10372
10373
10374
29252
29253
10375
10376
10377
10378
29254
29255
10379
10380
10381
10382
29256
29257
10383
10384
10385
10386
29258
29259
10387
10388
10389
10390
29260
29261
10391
10392
10393
10394
29262
29263
10397
10398
10399
36261
10400
29264
29265
29266
10401
10402
10403
10404
29250
29268
10405
10406
10407
10408
29270
10409
10410
10411
10412
29271
29272
10413
10414
10415
10416
29273
29274
10417
10418
10419
10420
29275
29276
10421
10422
10423
10424
29277
29278
10425
10426
10427
10428
29279
29280
10429
10430
10431
10432
29281
29282
10435
10436
10437
36263
10438
29283
29284
29285
10439
10440
10441
10442
29269
29287
10443
10444
10445
10446
29289
10447
10448
10449
10450
29290
29291
10451
10452
10453
10454
29292
29293
10455
10456
10457
10458
29294
29295
10459
10460
10461
10462
29296
29297
10463
10464
10465
10466
29298
29299
10467
10468
10469
10470
29300
29301
10473
10474
10475
36265
10476
29302
29303
29304
10477
10478
10479
10480
29288
29306
10481
10482
10483
10484
29308
10485
10486
10487
10488
29309
29310
10489
10490
10491
10492
29311
29312
10493
10494
10495
10496
29313
29314
10497
10498
10499
10500
29315
29316
10501
10502
10503
10504
29317
29318
10505
10506
10507
10508
29319
29320
10511
10512
10513
36267
10514
29321
29322
29323
10515
10516
10517
10518
29307
29325
10519
10520
10521
10522
29081
29327
10523
10524
10525
10526
29328
29099
29329
10527
10528
10529
10530
29330
29117
29331
10531
10532
10533
10534
29332
29135
29333
10535
10536
10537
10538
29334
29153
29335
10539
10540
10541
10542
29336
29171
29337
10543
10544
10545
10546
29338
29189
29339
10549
10550
10551
36269
10552
29340
29208
29341
29342
10553
10554
10555
10556
29326
29344
10557
10558
10559
10560
29346
10561
10562
10563
10564
29348
10565
10566
10567
10568
29349
29350
10569
10570
10571
10572
29351
29352
10573
10574
10575
10576
29353
29354
10577
10578
10579
10580
29355
29356
10581
10582
10583
10584
29357
29358
10585
10586
10587
10588
29359
29360
10589
10590
10591
10592
29361
29362
10593
10594
10595
10596
29347
29364
10597
10598
10599
10600
29366
10601
10602
10603
10604
29367
29368
10605
10606
10607
10608
29369
29370
10609
10610
10611
10612
29371
29372
10613
10614
10615
10616
29373
29374
10617
10618
10619
10620
29375
29376
10621
10622
10623
10624
29377
29378
10625
10626
10627
10628
29379
29380
10629
38723
10630
10631
38719
38721
10632
29365
29382
10633
10634
10635
10636
29384
10637
10638
10639
10640
29385
29386
10641
38735
10642
10643
10644
29387
29388
10645
38733
10646
10647
10648
29389
29390
10649
38731
10650
10651
10652
29391
29392
10653
38729
10654
10655
10656
29393
29394
10657
38727
10658
10659
10660
29395
29396
10661
38725
10662
10663
10664
29397
29398
10665
38743
10666
10667
38739
38741
10668
29383
29400
10669
10670
10671
10672
29402
10673
10674
10675
10676
29403
29404
10677
10678
10679
10680
29405
29406
10681
10682
10683
10684
29407
29408
10685
10686
10687
10688
29409
29410
10689
10690
10691
10692
29411
29412
10693
10694
10695
10696
29413
29414
10697
38745
10698
10699
10700
29415
29416
10701
38753
10702
10703
38749
38751
10704
29401
29418
10705
10706
10707
10708
29420
10709
10710
10711
10712
29421
29422
10713
38765
10714
10715
10716
29423
29424
10717
38763
10718
10719
10720
29425
29426
10721
38761
10722
10723
10724
29427
29428
10725
38759
10726
10727
10728
29429
29430
10729
38757
10730
10731
10732
29431
29432
10733
38755
10734
10735
10736
29433
29434
10737
38773
10738
10739
38769
38771
10740
29419
29436
10741
10742
10743
10744
29438
10745
10746
10747
10748
29439
29440
10749
38785
10750
10751
10752
29441
29442
10753
38783
10754
10755
10756
29443
29444
10757
38781
10758
10759
10760
29445
29446
10761
38779
10762
10763
10764
29447
29448
10765
38777
10766
10767
10768
29449
29450
10769
38775
10770
10771
10772
29451
29452
10773
39008
39010
39012
39014
39016
39018
39020
39022
39024
39026
39028
39030
38787
10774
10775
38791
10776
29437
29454
10777
10778
10779
10780
29210
29456
10781
10782
39032
39034
39036
39038
39040
39042
10783
10784
29457
29229
29458
10785
10786
10787
10788
29459
29248
29460
10789
10790
10791
10792
29461
29267
29462
10793
10794
10795
10796
29463
29286
29464
10797
10798
10799
10800
29465
29305
29466
10801
10802
10803
10804
29467
29324
29468
10805
10806
10807
10808
29469
29343
29470
10809
10810
10811
10812
29455
29472
10813
10814
10815
10816
28983
28985
28991
29474
10817
10818
10819
10820
29476
10821
10822
10823
10824
29478
10825
10826
10827
10828
29480
10829
10830
10831
10832
28987
29482
10833
10834
10835
10836
28993
29475
29484
10837
10838
10839
10840
29481
29486
10841
10842
10843
10844
28223
29488
10845
10846
10847
10848
29490
10849
10850
10851
10852
29491
29492
10853
10854
10855
10856
29489
28229
29494
10857
10858
10859
10860
29496
10861
10862
10863
10864
29497
29498
10865
10866
10867
10868
29495
28235
29500
10869
10870
10871
10872
29502
10873
10874
10875
10876
29503
29504
10877
10878
10879
10880
29501
28241
29506
10881
10882
10883
10884
29508
10885
10886
10887
10888
29509
29510
10889
10890
10891
10892
29507
28247
29512
10893
10894
10895
10896
29514
10897
10898
10899
10900
29515
29516
10901
39007
10902
10903
39003
39005
10904
29513
28253
29518
10905
39044
38961
10906
10907
10908
29520
10909
39046
38919
10910
10911
10912
29521
29522
10913
39048
38877
10914
10915
38873
38875
10916
29519
28259
29524
10917
38801
10918
39050
10919
10920
28995
29477
29479
29526
10921
39052
38869
10922
10923
10924
29527
29001
29483
29485
29528
10925
38807
10926
10927
38803
38805
10928
29525
28265
29530
10929
39054
38825
10930
10931
38821
38823
10932
28267
29532
10933
38819
10934
10935
38817
10936
29534
10937
38815
10938
10939
10940
29536
10941
38813
10942
10943
38811
10944
29538
10945
38809
10946
39056
10947
10948
29537
29540
10949
38867
10950
10951
38865
10952
29542
10953
38863
10954
10955
10956
29541
29544
10957
38861
10958
10959
38859
10960
29546
10961
38857
10962
10963
10964
29545
29548
10965
38855
10966
10967
38853
10968
29550
10969
38851
10970
10971
10972
29549
29552
10973
38849
10974
10975
38847
10976
29554
10977
38845
10978
10979
10980
29553
29556
10981
38843
10982
10983
38841
10984
29558
10985
38839
10986
10987
10988
29557
29560
10989
38837
10990
10991
38835
10992
29533
29562
10993
38833
10994
10995
38831
10996
29561
29564
10997
38829
10998
10999
11000
29566
11001
38827
11002
11003
11004
29568
11005
38871
11006
39058
11007
11008
29569
29570
11009
38917
11010
11011
11012
29571
29572
11013
38915
11014
39060
11015
11016
29573
29574
11017
38913
11018
11019
11020
29575
29576
11021
38911
11022
11023
11024
29577
29578
11025
38909
11026
11027
11028
29579
29580
11029
38907
11030
11031
38905
11032
29581
29582
11033
38903
11034
11035
11036
29567
29584
11037
38901
11038
11039
11040
29586
11041
38899
11042
39062
11043
11044
29587
29588
11045
38897
11046
11047
11048
29589
29590
11049
38895
11050
11051
11052
29591
29592
11053
38893
11054
11055
11056
29593
29594
11057
38891
11058
11059
11060
29595
29596
11061
38889
11062
11063
11064
29597
29598
11065
38887
11066
11067
38885
11068
29599
29600
11069
38883
11070
11071
11072
29585
29602
11073
38881
11074
11075
11076
29604
11077
38879
11078
39064
11079
11080
29605
29606
11081
38959
11082
11083
11084
29607
29608
11085
38957
11086
11087
11088
29609
29610
11089
38955
11090
39066
11091
11092
29611
29612
11093
38953
11094
11095
11096
29613
29614
11097
38951
11098
11099
11100
29615
29616
11101
38949
11102
11103
38947
11104
29617
29618
11105
38945
11106
11107
11108
29603
29620
11109
38943
11110
11111
11112
29622
11113
38941
11114
39068
11115
11116
29623
29624
11117
38939
11118
11119
11120
29625
29626
11121
38937
11122
11123
11124
29627
29628
11125
38935
11126
11127
11128
29629
29630
11129
38933
11130
11131
11132
29631
29632
11133
38931
11134
11135
11136
29633
29634
11137
38929
11138
11139
38927
11140
29635
29636
11141
38925
11142
11143
11144
29621
29638
11145
38923
11146
11147
11148
29640
11149
38921
11150
39070
11151
11152
29641
29642
11153
39001
11154
11155
11156
29643
29644
11157
38999
11158
11159
11160
29645
29646
11161
38997
11162
11163
11164
29647
29648
11165
38995
11166
39072
11167
11168
29649
29650
11169
38993
11170
11171
11172
29651
29652
11173
38991
11174
11175
38989
11176
29653
29654
11177
38987
11178
11179
11180
29639
29656
11181
38985
11182
11183
11184
29658
11185
38983
11186
39074
11187
11188
29659
29660
11189
38981
11190
11191
11192
29661
29662
11193
38979
11194
11195
11196
29663
29664
11197
38977
11198
11199
11200
29665
29666
11201
38975
11202
11203
11204
29667
29668
11205
38973
11206
11207
11208
29669
29670
11209
38971
11210
11211
38969
11212
29671
29672
11213
38967
11214
11215
11216
29657
29674
11219
38965
11220
11221
11222
29535
29677
11223
38963
11224
39076
11225
11226
29678
29539
29679
11227
11228
11229
11230
29680
29543
29681
11231
11232
11233
11234
29682
29547
29683
11235
11236
11237
11238
29684
29551
29685
11239
11240
11241
11242
29686
29555
29687
11243
11244
11245
11246
29688
29559
29689
11247
11248
11249
11250
29690
29563
29691
11251
11252
11253
36271
11254
29675
29676
29693
11255
11256
11257
11258
29695
11259
11260
11261
11262
29697
11263
11264
11265
11266
29698
29699
11267
11268
11269
11270
29700
29701
11271
11272
11273
11274
29702
29703
11275
11276
11277
11278
29704
29705
11279
11280
11281
11282
29706
29707
11283
11284
11285
11286
29708
29709
11289
11290
11291
36273
11292
29710
29711
29712
11293
11294
11295
11296
29696
29714
11297
11298
11299
11300
29716
11301
11302
11303
11304
29717
29718
11305
11306
11307
11308
29719
29720
11309
11310
11311
11312
29721
29722
11313
11314
11315
11316
29723
29724
11317
11318
11319
11320
29725
29726
11321
11322
11323
11324
29727
29728
11327
11328
11329
36275
11330
29729
29730
29731
11331
11332
11333
11334
29715
29733
11335
11336
11337
11338
29735
11339
11340
11341
11342
29736
29737
11343
11344
11345
11346
29738
29739
11347
11348
11349
11350
29740
29741
11351
11352
11353
11354
29742
29743
11355
11356
11357
11358
29744
29745
11359
11360
11361
11362
29746
29747
11365
11366
11367
36277
11368
29748
29749
29750
11369
11370
11371
11372
29734
29752
11373
11374
11375
11376
29754
11377
11378
11379
11380
29755
29756
11381
11382
11383
11384
29757
29758
11385
11386
11387
11388
29759
29760
11389
11390
11391
11392
29761
29762
11393
11394
11395
11396
29763
29764
11397
11398
11399
11400
29765
29766
11403
11404
11405
36279
11406
29767
29768
29769
11407
11408
11409
11410
29753
29771
11411
11412
11413
11414
29773
11415
11416
11417
11418
29774
29775
11419
11420
11421
11422
29776
29777
11423
11424
11425
11426
29778
29779
11427
11428
11429
11430
29780
29781
11431
11432
11433
11434
29782
29783
11435
11436
11437
11438
29784
29785
11441
11442
11443
36281
11444
29786
29787
29788
11445
11446
11447
11448
29772
29790
11449
11450
11451
11452
29792
11453
11454
11455
11456
29793
29794
11457
11458
11459
11460
29795
29796
11461
11462
11463
11464
29797
29798
11465
11466
11467
11468
29799
29800
11469
11470
11471
11472
29801
29802
11473
11474
11475
11476
29803
29804
11479
11480
11481
36283
11482
29805
29806
29807
11483
11484
11485
11486
29791
29809
11487
11488
11489
11490
29565
29811
11491
11492
11493
11494
29812
29583
29813
11495
11496
11497
11498
29814
29601
29815
11499
11500
11501
11502
29816
29619
29817
11503
11504
11505
11506
29818
29637
29819
11507
11508
11509
11510
29820
29655
29821
11511
11512
11513
11514
29822
29673
29823
11517
11518
11519
36285
11520
29824
29692
29825
29826
11521
11522
11523
11524
29810
29828
11525
11526
11527
11528
29830
11529
11530
11531
11532
29832
11533
11534
11535
11536
29833
29834
11537
11538
11539
11540
29835
29836
11541
11542
11543
11544
29837
29838
11545
11546
11547
11548
29839
29840
11549
11550
11551
11552
29841
29842
11553
11554
11555
11556
29843
29844
11557
11558
11559
11560
29845
29846
11561
11562
11563
11564
29831
29848
11565
11566
11567
11568
29850
11569
11570
11571
11572
29851
29852
11573
11574
11575
11576
29853
29854
11577
11578
11579
11580
29855
29856
11581
11582
11583
11584
29857
29858
11585
11586
11587
11588
29859
29860
11589
11590
11591
11592
29861
29862
11593
11594
11595
11596
29863
29864
11597
11598
11599
11600
29849
29866
11601
11602
11603
11604
29868
11605
11606
11607
11608
29869
29870
11609
11610
11611
11612
29871
29872
11613
11614
11615
11616
29873
29874
11617
11618
11619
11620
29875
29876
11621
11622
11623
11624
29877
29878
11625
11626
11627
11628
29879
29880
11629
11630
11631
11632
29881
29882
11633
11634
11635
11636
29867
29884
11637
11638
11639
11640
29886
11641
11642
11643
11644
29887
29888
11645
11646
11647
11648
29889
29890
11649
11650
11651
11652
29891
29892
11653
11654
11655
11656
29893
29894
11657
11658
11659
11660
29895
29896
11661
11662
11663
11664
29897
29898
11665
11666
11667
11668
29899
29900
11669
11670
11671
11672
29885
29902
11673
11674
11675
11676
29904
11677
11678
11679
11680
29905
29906
11681
11682
11683
11684
29907
29908
11685
11686
11687
11688
29909
29910
11689
11690
11691
11692
29911
29912
11693
11694
11695
11696
29913
29914
11697
11698
11699
11700
29915
29916
11701
11702
11703
11704
29917
29918
11705
11706
11707
11708
29903
29920
11709
11710
11711
11712
29922
11713
11714
11715
11716
29923
29924
11717
39031
11718
11719
11720
29925
29926
11721
39029
11722
11723
11724
29927
29928
11725
39027
11726
11727
11728
29929
29930
11729
39025
11730
11731
11732
29931
29932
11733
39023
11734
11735
11736
29933
29934
11737
39021
11738
11739
11740
29935
29936
11741
39078
39043
11742
11743
39039
39041
11744
29921
29938
11745
39037
11746
11747
11748
29694
29940
11749
39035
11750
11751
11752
29941
29713
29942
11753
11754
11755
11756
29943
29732
29944
11757
11758
11759
11760
29945
29751
29946
11761
11762
11763
11764
29947
29770
29948
11765
11766
11767
11768
29949
29789
29950
11769
11770
11771
11772
29951
29808
29952
11773
11774
11775
11776
29953
29827
29954
11777
11778
11779
11780
29939
29956
11783
39080
37871
11784
11785
38799
11786
29959
11789
39082
39084
39086
39088
37873
11790
11791
38717
39019
11792
29962
11795
39090
37875
11796
11797
38715
39017
11798
29963
29965
11801
39092
39094
39096
39098
39100
39102
39104
39106
39108
37877
11802
11803
38713
39015
11804
29966
29968
11807
39110
39112
39114
39116
37879
11808
11809
38737
39013
11810
29969
29971
11813
39118
39120
39122
39124
39126
37881
11814
11815
38747
39011
11816
29972
29974
11819
39128
39130
39132
39134
39136
39138
39140
39142
39144
37883
11820
11821
38767
39009
11822
29975
29977
11825
39146
39148
39150
39152
39154
39156
39158
39160
39162
37885
11826
11827
38789
39033
11828
29978
29980
11831
39164
39166
39168
39170
39172
39174
39176
39178
39180
37887
11832
11833
38797
11834
29981
29983
11835
11836
11837
11838
29985
11839
11840
11841
11842
29986
29987
11843
11844
11845
11846
29988
29989
11847
11848
11849
11850
29990
29991
11851
11852
11853
11854
29992
29993
11855
11856
11857
11858
29994
29995
11859
11860
11861
11862
29996
29997
11863
11864
11865
11866
29998
29999
11867
11868
11869
11870
30001
11871
11872
11873
11874
30002
30003
11875
11876
11877
11878
30004
30005
11879
11880
11881
11882
30006
30007
11883
11884
11885
11886
30008
30009
11887
11888
11889
11890
30010
30011
11891
11892
11893
11894
30012
30013
11895
11896
11897
11898
30014
30015
11901
39182
37889
11902
11903
11904
29960
30018
11907
39184
39186
39188
39190
37891
11908
11909
11910
30021
11913
39192
37893
11914
11915
11916
30022
30024
11919
39194
37895
11920
11921
11922
30025
30027
11925
39196
37897
11926
11927
11928
30028
30030
11931
39198
37899
11932
11933
11934
30031
30033
11937
39200
37901
11938
11939
11940
30034
30036
11943
39202
37903
11944
11945
11946
30037
30039
11949
39204
37905
11950
11951
11952
30040
30042
11953
11954
11955
11956
30044
11957
11958
11959
11960
30045
30046
11961
11962
11963
11964
30047
30048
11965
11966
11967
11968
30049
30050
11969
11970
11971
11972
30051
30052
11973
11974
11975
11976
30053
30054
11977
11978
11979
11980
30055
30056
11981
11982
11983
11984
30057
30058
11985
11986
11987
11988
30060
11989
11990
11991
11992
30061
30062
11993
11994
11995
11996
30063
30064
11997
11998
11999
12000
30065
30066
12001
12002
12003
12004
30067
30068
12005
12006
12007
12008
30069
30070
12009
12010
12011
12012
30071
30072
12013
12014
12015
12016
30073
30074
12019
39206
37907
12020
12021
12022
30019
30077
12025
39208
39210
39212
39214
37909
12026
12027
12028
30080
12031
39216
39218
37911
12032
12033
12034
30081
30083
12037
39220
39222
37913
12038
12039
12040
30084
30086
12043
39224
39226
37915
12044
12045
12046
30087
30089
12049
39228
39230
37917
12050
12051
12052
30090
30092
12055
39232
39234
37919
12056
12057
12058
30093
30095
12061
39236
39238
37921
12062
12063
12064
30096
30098
12067
39240
39242
37923
12068
12069
12070
30099
30101
12071
12072
12073
12074
30103
12075
12076
12077
12078
30104
30105
12079
12080
12081
12082
30106
30107
12083
12084
12085
12086
30108
30109
12087
12088
12089
12090
30110
30111
12091
12092
12093
12094
30112
30113
12095
12096
12097
12098
30114
30115
12099
12100
12101
12102
30116
30117
12103
12104
12105
12106
28565
30119
12107
12108
12109
12110
30120
28624
30121
12111
12112
12113
12114
30122
28683
30123
12115
12116
12117
12118
30124
28742
30125
12119
12120
12121
12122
30126
28801
30127
12123
12124
12125
12126
30128
28860
30129
12127
12128
12129
12130
30130
28919
30131
12131
12132
12133
12134
30132
28978
30133
12137
39244
39246
39248
39250
39252
39254
39256
39258
37925
12138
12139
12140
30078
30136
12141
12142
12143
12144
29003
29487
30138
12145
12146
12147
12148
30139
29009
29493
30140
12149
12150
12151
12152
30141
29015
29499
30142
12153
12154
12155
12156
30143
29021
29505
30144
12157
12158
12159
12160
30145
29027
29511
30146
12161
12162
12163
12164
30147
29033
29517
30148
12165
12166
12167
12168
30149
29039
29523
30150
12169
12170
12171
12172
30151
29045
29529
30152
12173
12174
12175
12176
29047
30154
12177
12178
12179
12180
30156
12181
12182
12183
12184
30158
12185
12186
12187
12188
30160
12189
12190
12191
12192
30159
30162
12193
12194
12195
12196
30164
12197
12198
12199
12200
30163
30166
12201
12202
12203
12204
30168
12205
12206
12207
12208
30167
30170
12209
12210
12211
12212
30172
12213
12214
12215
12216
30171
30174
12217
12218
12219
12220
30176
12221
12222
12223
12224
30175
30178
12225
12226
12227
12228
30180
12229
12230
12231
12232
30179
30182
12233
12234
12235
12236
30155
30184
12237
12238
12239
12240
30183
30186
12241
12242
12243
12244
30188
12245
12246
12247
12248
30190
12249
12250
12251
12252
30191
30192
12253
12254
12255
12256
30193
30194
12257
12258
12259
12260
30195
30196
12261
12262
12263
12264
30197
30198
12265
12266
12267
12268
30199
30200
12269
12270
12271
12272
30201
30202
12273
12274
12275
12276
30203
30204
12277
12278
12279
12280
30189
30206
12281
12282
12283
12284
30208
12285
12286
12287
12288
30209
30210
12289
12290
12291
12292
30211
30212
12293
12294
12295
12296
30213
30214
12297
12298
12299
12300
30215
30216
12301
12302
12303
12304
30217
30218
12305
12306
12307
12308
30219
30220
12309
12310
12311
12312
30221
30222
12313
12314
12315
12316
30207
30224
12317
12318
12319
12320
30226
12321
12322
12323
12324
30227
30228
12325
12326
12327
12328
30229
30230
12329
12330
12331
12332
30231
30232
12333
12334
12335
12336
30233
30234
12337
12338
12339
12340
30235
30236
12341
12342
12343
12344
30237
30238
12345
12346
12347
12348
30239
30240
12349
12350
12351
12352
30225
30242
12353
12354
12355
12356
30244
12357
12358
12359
12360
30245
30246
12361
12362
12363
12364
30247
30248
12365
12366
12367
12368
30249
30250
12369
12370
12371
12372
30251
30252
12373
12374
12375
12376
30253
30254
12377
12378
12379
12380
30255
30256
12381
12382
12383
12384
30257
30258
12385
12386
12387
12388
30243
30260
12389
12390
12391
12392
30262
12393
12394
12395
12396
30263
30264
12397
12398
12399
12400
30265
30266
12401
12402
12403
12404
30267
30268
12405
12406
12407
12408
30269
30270
12409
12410
12411
12412
30271
30272
12413
12414
12415
12416
30273
30274
12417
12418
12419
12420
30275
30276
12421
12422
12423
12424
30261
30278
12425
12426
12427
12428
30280
12429
12430
12431
12432
30281
30282
12433
12434
12435
12436
30283
30284
12437
12438
12439
12440
30285
30286
12441
12442
12443
12444
30287
30288
12445
12446
12447
12448
30289
30290
12449
12450
12451
12452
30291
30292
12453
12454
12455
12456
30293
30294
12457
12458
12459
12460
30279
30296
12463
12464
12465
12466
30157
30299
12467
12468
39260
39262
12469
12470
30300
30161
30301
12471
12472
12473
12474
30302
30165
30303
12475
12476
12477
12478
30304
30169
30305
12479
12480
12481
12482
30306
30173
30307
12483
12484
12485
12486
30308
30177
30309
12487
12488
12489
12490
30310
30181
30311
12491
12492
12493
12494
30312
30185
30313
12495
12496
12497
36287
12498
30297
30298
30315
12499
12500
12501
12502
30317
12503
12504
12505
12506
30319
12507
12508
12509
12510
30320
30321
12511
12512
12513
12514
30322
30323
12515
12516
12517
12518
30324
30325
12519
12520
12521
12522
30326
30327
12523
12524
12525
12526
30328
30329
12527
12528
12529
12530
30330
30331
12533
12534
12535
36289
12536
30332
30333
30334
12537
12538
12539
12540
30318
30336
12541
12542
12543
12544
30338
12545
12546
12547
12548
30339
30340
12549
12550
12551
12552
30341
30342
12553
12554
12555
12556
30343
30344
12557
12558
12559
12560
30345
30346
12561
12562
12563
12564
30347
30348
12565
12566
12567
12568
30349
30350
12571
12572
12573
36291
12574
30351
30352
30353
12575
12576
12577
12578
30337
30355
12579
12580
12581
12582
30357
12583
12584
12585
12586
30358
30359
12587
12588
12589
12590
30360
30361
12591
12592
12593
12594
30362
30363
12595
12596
12597
12598
30364
30365
12599
12600
12601
12602
30366
30367
12603
12604
12605
12606
30368
30369
12609
12610
12611
36293
12612
30370
30371
30372
12613
12614
12615
12616
30356
30374
12617
12618
12619
12620
30376
12621
12622
12623
12624
30377
30378
12625
12626
12627
12628
30379
30380
12629
12630
12631
12632
30381
30382
12633
12634
12635
12636
30383
30384
12637
12638
12639
12640
30385
30386
12641
12642
12643
12644
30387
30388
12647
12648
12649
36295
12650
30389
30390
30391
12651
12652
12653
12654
30375
30393
12655
12656
12657
12658
30395
12659
12660
12661
12662
30396
30397
12663
12664
12665
12666
30398
30399
12667
12668
12669
12670
30400
30401
12671
12672
12673
12674
30402
30403
12675
12676
12677
12678
30404
30405
12679
12680
12681
12682
30406
30407
12685
12686
12687
36297
12688
30408
30409
30410
12689
12690
12691
12692
30394
30412
12693
12694
12695
12696
30414
12697
12698
12699
12700
30415
30416
12701
12702
12703
12704
30417
30418
12705
12706
12707
12708
30419
30420
12709
12710
12711
12712
30421
30422
12713
12714
12715
12716
30423
30424
12717
12718
12719
12720
30425
30426
12723
12724
12725
36299
12726
30427
30428
30429
12727
12728
12729
12730
30413
30431
12731
12732
12733
12734
30187
30433
12735
12736
12737
12738
30434
30205
30435
12739
12740
12741
12742
30436
30223
30437
12743
12744
12745
12746
30438
30241
30439
12747
12748
12749
12750
30440
30259
30441
12751
12752
12753
12754
30442
30277
30443
12755
12756
12757
12758
30444
30295
30445
12761
12762
12763
36301
12764
30446
30314
30447
30448
12765
12766
12767
12768
30432
30450
12769
12770
12771
12772
30452
12773
12774
12775
12776
30454
12777
12778
12779
12780
30455
30456
12781
12782
12783
12784
30457
30458
12785
12786
12787
12788
30459
30460
12789
12790
12791
12792
30461
30462
12793
12794
12795
12796
30463
30464
12797
12798
12799
12800
30465
30466
12801
12802
12803
12804
30467
30468
12805
12806
12807
12808
30453
30470
12809
12810
12811
12812
30472
12813
12814
12815
12816
30473
30474
12817
12818
12819
12820
30475
30476
12821
12822
12823
12824
30477
30478
12825
12826
12827
12828
30479
30480
12829
12830
12831
12832
30481
30482
12833
12834
12835
12836
30483
30484
12837
12838
12839
12840
30485
30486
12841
39181
12842
12843
12844
30471
30488
12845
39179
12846
12847
12848
30490
12849
39177
12850
12851
12852
30491
30492
12853
39175
12854
12855
12856
30493
30494
12857
39173
12858
12859
12860
30495
30496
12861
39171
12862
12863
12864
30497
30498
12865
39169
12866
12867
12868
30499
30500
12869
39167
12870
12871
12872
30501
30502
12873
39165
12874
12875
12876
30503
30504
12877
39163
12878
12879
12880
30489
30506
12881
39161
12882
12883
12884
30508
12885
39159
12886
12887
12888
30509
30510
12889
39157
12890
12891
12892
30511
30512
12893
39155
12894
12895
12896
30513
30514
12897
39153
12898
12899
12900
30515
30516
12901
39151
12902
12903
12904
30517
30518
12905
39149
12906
12907
12908
30519
30520
12909
39147
12910
12911
12912
30521
30522
12913
39264
39145
12914
12915
12916
30507
30524
12917
39143
12918
12919
12920
30526
12921
39141
12922
12923
12924
30527
30528
12925
39139
12926
12927
12928
30529
30530
12929
39137
12930
12931
12932
30531
30532
12933
39135
12934
12935
12936
30533
30534
12937
39133
12938
12939
12940
30535
30536
12941
39131
12942
12943
12944
30537
30538
12945
39129
12946
12947
12948
30539
30540
12949
39266
39127
12950
12951
12952
30525
30542
12953
39125
12954
12955
12956
30544
12957
39123
12958
12959
12960
30545
30546
12961
39121
12962
12963
12964
30547
30548
12965
39119
12966
12967
12968
30549
30550
12969
39117
12970
12971
12972
30551
30552
12973
39115
12974
12975
12976
30553
30554
12977
39113
12978
12979
12980
30555
30556
12981
39111
12982
12983
12984
30557
30558
12985
39268
39109
12986
12987
12988
30543
30560
12989
39107
12990
12991
12992
30316
30562
12993
39105
12994
12995
12996
30563
30335
30564
12997
39103
12998
12999
13000
30565
30354
30566
13001
39101
13002
13003
13004
30567
30373
30568
13005
39099
13006
13007
13008
30569
30392
30570
13009
39097
13010
13011
13012
30571
30411
30572
13013
39095
13014
13015
13016
30573
30430
30574
13017
39093
13018
13019
13020
30575
30449
30576
13021
39270
39091
13022
13023
13024
30561
30578
13025
39272
39089
13026
13027
39085
39087
13028
30580
13029
39274
39205
13030
13031
13032
30582
13033
39276
39203
13034
13035
13036
30583
30584
13037
39201
13038
13039
13040
30585
30586
13041
39278
39280
39282
39284
39199
13042
13043
13044
30587
30588
13045
39286
39197
13046
13047
13048
30589
30590
13049
39288
39195
13050
13051
13052
30591
30592
13053
39290
39193
13054
13055
13056
30593
30594
13057
39292
39183
13058
13059
13060
30595
30596
13061
39294
39191
13062
13063
39187
39189
13064
30581
30598
13065
39296
39298
39300
39302
39243
13066
13067
13068
30600
13069
39304
39239
13070
13071
13072
30601
30602
13073
39306
39235
13074
13075
13076
30603
30604
13077
39308
39231
13078
13079
13080
30605
30606
13081
39310
39227
13082
13083
13084
30607
30608
13085
39312
39223
13086
13087
13088
30609
30610
13089
39314
39219
13090
13091
13092
30611
30612
13093
39316
39207
13094
13095
13096
30613
30614
13097
39318
39215
13098
13099
39211
39213
13100
30599
30616
13101
13102
13103
13104
29345
30618
13105
13106
13107
13108
30619
29363
30620
13109
13110
13111
13112
30621
29381
30622
13113
13114
13115
13116
30623
29399
30624
13117
13118
13119
13120
30625
29417
30626
13121
13122
13123
13124
30627
29435
30628
13125
13126
13127
13128
30629
29453
30630
13129
13130
13131
13132
30631
29471
30632
13133
13134
13135
13136
30617
30634
13137
13138
13139
13140
29531
30153
30636
13141
13142
13143
13144
30638
13145
13146
13147
13148
30640
13149
13150
13151
13152
30642
13153
13154
13155
13156
30641
30644
13157
13158
13159
13160
30646
13161
13162
13163
13164
30645
30648
13165
13166
13167
13168
30650
13169
13170
13171
13172
30649
30652
13173
13174
13175
13176
30654
13177
13178
13179
13180
30653
30656
13181
13182
13183
13184
30658
13185
13186
13187
13188
30657
30660
13189
13190
13191
13192
30662
13193
13194
39320
39322
39324
39326
39328
39330
39332
39334
39336
39338
39340
39342
39344
39346
39348
39350
39352
39354
39356
39358
39360
39362
13195
13196
30661
30664
13197
13198
13199
13200
30637
30666
13201
13202
13203
13204
30665
30668
13205
13206
13207
13208
30670
13209
13210
13211
13212
30672
13213
13214
39364
39366
39368
39370
39372
39374
39376
39378
39380
39382
39384
39386
39388
13215
13216
30673
30674
13217
13218
13219
13220
30675
30676
13221
13222
13223
13224
30677
30678
13225
13226
13227
13228
30679
30680
13229
13230
13231
13232
30681
30682
13233
13234
13235
13236
30683
30684
13237
13238
13239
13240
30685
30686
13241
13242
13243
13244
30671
30688
13245
13246
13247
13248
30690
13249
13250
13251
13252
30691
30692
13253
13254
13255
13256
30693
30694
13257
13258
13259
13260
30695
30696
13261
13262
13263
13264
30697
30698
13265
13266
13267
13268
30699
30700
13269
13270
13271
13272
30701
30702
13273
13274
13275
13276
30703
30704
13277
13278
13279
13280
30689
30706
13281
13282
13283
13284
30708
13285
13286
13287
13288
30709
30710
13289
13290
13291
13292
30711
30712
13293
13294
13295
13296
30713
30714
13297
13298
13299
13300
30715
30716
13301
13302
13303
13304
30717
30718
13305
13306
13307
13308
30719
30720
13309
13310
13311
13312
30721
30722
13313
13314
13315
13316
30707
30724
13317
13318
13319
13320
30726
13321
13322
13323
13324
30727
30728
13325
13326
13327
13328
30729
30730
13329
13330
13331
13332
30731
30732
13333
13334
13335
13336
30733
30734
13337
13338
13339
13340
30735
30736
13341
13342
13343
13344
30737
30738
13345
13346
13347
13348
30739
30740
13349
13350
13351
13352
30725
30742
13353
13354
13355
13356
30744
13357
13358
13359
13360
30745
30746
13361
13362
13363
13364
30747
30748
13365
13366
13367
13368
30749
30750
13369
13370
13371
13372
30751
30752
13373
13374
13375
13376
30753
30754
13377
13378
13379
13380
30755
30756
13381
13382
13383
13384
30757
30758
13385
13386
13387
13388
30743
30760
13389
13390
13391
13392
30762
13393
13394
13395
13396
30763
30764
13397
13398
13399
13400
30765
30766
13401
13402
13403
13404
30767
30768
13405
13406
13407
13408
30769
30770
13409
13410
13411
13412
30771
30772
13413
13414
13415
13416
30773
30774
13417
13418
13419
13420
30775
30776
13421
13422
13423
13424
30761
30778
13427
13428
13429
13430
30639
30781
13431
13432
13433
13434
30782
30643
30783
13435
13436
13437
13438
30784
30647
30785
13439
13440
13441
13442
30786
30651
30787
13443
13444
13445
13446
30788
30655
30789
13447
13448
13449
13450
30790
30659
30791
13451
13452
13453
13454
30792
30663
30793
13455
13456
13457
13458
30794
30667
30795
13459
13460
13461
36303
13462
30779
30780
30797
13463
13464
13465
13466
30799
13467
13468
13469
13470
30801
13471
13472
13473
13474
30802
30803
13475
13476
13477
13478
30804
30805
13479
13480
13481
13482
30806
30807
13483
13484
13485
13486
30808
30809
13487
13488
13489
13490
30810
30811
13491
13492
13493
13494
30812
30813
13497
13498
13499
36305
13500
30814
30815
30816
13501
13502
13503
13504
30800
30818
13505
13506
13507
13508
30820
13509
13510
13511
13512
30821
30822
13513
13514
13515
13516
30823
30824
13517
13518
13519
13520
30825
30826
13521
13522
13523
13524
30827
30828
13525
13526
13527
13528
30829
30830
13529
13530
13531
13532
30831
30832
13535
13536
13537
36307
13538
30833
30834
30835
13539
13540
13541
13542
30819
30837
13543
13544
13545
13546
30839
13547
13548
13549
13550
30840
30841
13551
13552
13553
13554
30842
30843
13555
13556
13557
13558
30844
30845
13559
13560
13561
13562
30846
30847
13563
13564
13565
13566
30848
30849
13567
13568
13569
13570
30850
30851
13573
13574
13575
36309
13576
30852
30853
30854
13577
13578
13579
13580
30838
30856
13581
13582
13583
13584
30858
13585
13586
13587
13588
30859
30860
13589
13590
13591
13592
30861
30862
13593
13594
13595
13596
30863
30864
13597
13598
13599
13600
30865
30866
13601
13602
13603
13604
30867
30868
13605
13606
13607
13608
30869
30870
13611
13612
13613
36311
13614
30871
30872
30873
13615
13616
13617
13618
30857
30875
13619
13620
13621
13622
30877
13623
13624
13625
13626
30878
30879
13627
13628
13629
13630
30880
30881
13631
13632
13633
13634
30882
30883
13635
13636
13637
13638
30884
30885
13639
13640
13641
13642
30886
30887
13643
13644
13645
13646
30888
30889
13649
13650
13651
36313
13652
30890
30891
30892
13653
13654
13655
13656
30876
30894
13657
13658
13659
13660
30896
13661
13662
13663
13664
30897
30898
13665
13666
13667
13668
30899
30900
13669
13670
13671
13672
30901
30902
13673
13674
13675
13676
30903
30904
13677
13678
13679
13680
30905
30906
13681
13682
13683
13684
30907
30908
13687
13688
13689
36315
13690
30909
30910
30911
13691
13692
13693
13694
30895
30913
13695
13696
13697
13698
30669
30915
13699
13700
13701
13702
30916
30687
30917
13703
13704
13705
13706
30918
30705
30919
13707
13708
13709
13710
30920
30723
30921
13711
13712
13713
13714
30922
30741
30923
13715
13716
13717
13718
30924
30759
30925
13719
13720
13721
13722
30926
30777
30927
13725
13726
13727
36317
13728
30928
30796
30929
30930
13729
13730
13731
13732
30914
30932
13733
13734
13735
13736
30934
13737
13738
13739
13740
30936
13741
13742
13743
13744
30937
30938
13745
13746
13747
13748
30939
30940
13749
13750
13751
13752
30941
30942
13753
13754
13755
13756
30943
30944
13757
13758
13759
13760
30945
30946
13761
13762
13763
13764
30947
30948
13765
13766
13767
13768
30949
30950
13769
13770
13771
13772
30935
30952
13773
13774
13775
13776
30954
13777
13778
13779
13780
30955
30956
13781
13782
13783
13784
30957
30958
13785
13786
13787
13788
30959
30960
13789
13790
13791
13792
30961
30962
13793
13794
13795
13796
30963
30964
13797
13798
13799
13800
30965
30966
13801
13802
13803
13804
30967
30968
13805
13806
13807
13808
30953
30970
13809
13810
13811
13812
30972
13813
13814
13815
13816
30973
30974
13817
13818
13819
13820
30975
30976
13821
13822
13823
13824
30977
30978
13825
13826
13827
13828
30979
30980
13829
13830
13831
13832
30981
30982
13833
13834
13835
13836
30983
30984
13837
13838
13839
13840
30985
30986
13841
13842
13843
13844
30971
30988
13845
13846
13847
13848
30990
13849
13850
13851
13852
30991
30992
13853
13854
13855
13856
30993
30994
13857
13858
13859
13860
30995
30996
13861
13862
13863
13864
30997
30998
13865
13866
13867
13868
30999
31000
13869
13870
13871
13872
31001
31002
13873
13874
13875
13876
31003
31004
13877
13878
13879
13880
30989
31006
13881
13882
13883
13884
31008
13885
13886
13887
13888
31009
31010
13889
13890
13891
13892
31011
31012
13893
13894
13895
13896
31013
31014
13897
13898
13899
13900
31015
31016
13901
13902
13903
13904
31017
31018
13905
13906
13907
13908
31019
31020
13909
13910
13911
13912
31021
31022
13913
13914
13915
13916
31007
31024
13917
13918
13919
13920
31026
13921
13922
13923
13924
31027
31028
13925
13926
13927
13928
31029
31030
13929
13930
13931
13932
31031
31032
13933
13934
13935
13936
31033
31034
13937
13938
13939
13940
31035
31036
13941
13942
13943
13944
31037
31038
13945
13946
13947
13948
31039
31040
13949
13950
13951
13952
31025
31042
13953
13954
13955
13956
30798
31044
13957
13958
13959
13960
31045
30817
31046
13961
13962
13963
13964
31047
30836
31048
13965
13966
13967
13968
31049
30855
31050
13969
13970
13971
13972
31051
30874
31052
13973
13974
13975
13976
31053
30893
31054
13977
13978
13979
13980
31055
30912
31056
13981
13982
13983
13984
31057
30931
31058
13985
13986
13987
13988
31043
31060
13989
13990
13991
13992
31062
13993
13994
13995
13996
31064
13997
13998
13999
14000
31065
31066
14001
39285
14002
14003
14004
31067
31068
14005
39287
14006
14007
14008
31069
31070
14009
39289
14010
14011
14012
31071
31072
14013
39390
39392
39394
39396
39398
39400
39402
39404
39406
39408
39410
39412
39414
39416
39418
39420
39422
39424
39426
39428
39430
39432
39434
39436
39438
39440
39442
39444
39446
39448
39450
39452
39454
39456
39458
39460
39462
39464
39466
39468
39470
39472
39474
39476
39478
39480
39482
39291
14014
39484
14015
14016
31073
31074
14017
39486
39488
39490
39492
39494
39496
39498
39500
39502
39504
39506
39508
39510
39512
39514
39516
39518
39293
14018
14019
14020
31075
31076
14021
39295
14022
14023
14024
31077
31078
14025
39520
39522
39524
39526
39528
39530
39532
39534
39536
39538
39540
39542
39544
39546
39548
39550
39552
39303
14026
14027
39299
39301
14028
31063
31080
14029
39554
39556
39558
39560
39562
39564
39566
39568
39570
39572
39574
39576
39578
39580
39582
39305
14030
14031
14032
31082
14033
39584
39586
39588
39590
39592
39594
39596
39598
39600
39602
39604
39606
39307
14034
14035
14036
31083
31084
14037
39608
39610
39612
39614
39616
39618
39620
39622
39624
39626
39628
39309
14038
14039
14040
31085
31086
14041
39630
39632
39634
39636
39638
39640
39642
39644
39646
39648
39650
39652
39654
39656
39311
14042
14043
14044
31087
31088
14045
39658
39660
39662
39664
39313
14046
14047
14048
31089
31090
14049
39666
39668
39670
39672
39674
39676
39678
39680
39682
39684
39686
39688
39690
39692
39694
39696
39698
39700
39702
39704
39706
39708
39710
39712
39714
39716
39718
39315
14050
14051
14052
31091
31092
14053
39720
39317
14054
14055
14056
31093
31094
14057
39722
39724
39319
14058
14059
14060
31095
31096
14061
14062
14063
14064
31081
31098
14065
14066
14067
14068
29829
31100
14069
14070
14071
14072
31101
29847
31102
14073
14074
14075
14076
31103
29865
31104
14077
14078
14079
14080
31105
29883
31106
14081
14082
14083
14084
31107
29901
31108
14085
14086
14087
14088
31109
29919
31110
14089
14090
14091
14092
31111
29937
31112
14093
14094
14095
14096
31113
29955
31114
14097
39389
14098
14099
39385
39387
14100
31099
31116
14103
37927
14104
14105
39283
39383
14106
31119
14109
39726
39728
39730
37929
14110
14111
39083
39281
14112
31122
14115
39732
39734
39736
39738
39740
39742
39744
39746
39748
39750
37931
14116
14117
39185
39297
14118
31123
31125
14121
39752
39754
39756
39758
39760
39762
39764
39766
39768
37933
14122
14123
39209
39381
14124
31126
31128
14127
39770
39772
37935
14128
14129
39279
39379
14130
31129
31131
14131
14132
14133
14134
31133
14135
14136
14137
14138
31134
31135
14139
14140
14141
14142
31136
31137
14143
14144
14145
14146
31138
31139
14147
14148
14149
14150
31141
14151
14152
14153
14154
31142
31143
14155
14156
14157
14158
31144
31145
14159
14160
14161
14162
31146
31147
14165
39774
37937
14166
14167
14168
31120
31150
14171
39776
39778
39780
39782
37939
14172
14173
14174
31153
14177
39784
37941
14178
14179
14180
31154
31156
14183
39786
37943
14184
14185
14186
31157
31159
14189
39788
37945
14190
14191
14192
31160
31162
14193
14194
14195
14196
31164
14197
14198
14199
14200
31165
31166
14201
14202
14203
14204
31167
31168
14205
14206
14207
14208
31169
31170
14209
14210
14211
14212
31172
14213
14214
14215
14216
31173
31174
14217
14218
14219
14220
31175
31176
14221
14222
14223
14224
31177
31178
14227
39790
37947
14228
14229
14230
31151
31181
14233
39792
39794
39796
39798
37949
14234
14235
14236
31184
14239
39800
39802
37951
14240
14241
14242
31185
31187
14245
39804
39806
37953
14246
14247
14248
31188
31190
14251
39808
39810
37955
14252
14253
14254
31191
31193
14255
14256
14257
14258
31195
14259
14260
14261
14262
31196
31197
14263
14264
14265
14266
31198
31199
14267
14268
14269
14270
31200
31201
14271
14272
14273
14274
31203
14275
14276
14277
14278
31204
31205
14279
14280
14281
14282
31206
31207
14283
14284
14285
14286
31208
31209
14289
39812
39814
39816
39818
39820
39822
39824
39826
39828
37957
14290
14291
14292
31182
29957
31212
14293
14294
14295
14296
31214
14297
14298
14299
14300
31215
31216
14301
14302
14303
14304
31217
31218
14305
14306
14307
14308
31219
31220
14309
14310
14311
14312
31221
31222
14313
14314
14315
14316
31223
31224
14317
14318
14319
14320
31225
31226
14321
14322
14323
14324
31227
31228
14325
14326
14327
14328
31230
14329
14330
14331
14332
31232
14333
14334
14335
14336
31233
31234
14337
14338
14339
14340
31235
31236
14341
14342
14343
14344
31237
31238
14345
14346
14347
14348
31239
31240
14349
14350
14351
14352
31241
31242
14353
14354
14355
14356
31243
31244
14357
14358
14359
14360
31245
31246
14361
14362
14363
14364
31231
31248
14365
14366
14367
14368
31250
14369
14370
14371
14372
31251
31252
14373
14374
14375
14376
31253
31254
14377
14378
14379
14380
31255
31256
14381
14382
14383
14384
31257
31258
14385
14386
14387
14388
31259
31260
14389
14390
14391
14392
31261
31262
14393
14394
14395
14396
31263
31264
14397
14398
14399
14400
31249
31266
14401
14402
14403
14404
30451
30933
31268
14405
14406
14407
14408
31269
30469
30951
31270
14409
14410
14411
14412
31271
30487
30969
31272
14413
14414
14415
14416
31273
30505
30987
31274
14417
14418
14419
14420
31275
30523
31005
31276
14421
14422
14423
14424
31277
30541
31023
31278
14425
14426
14427
14428
31279
30559
31041
31280
14429
14430
14431
14432
31281
30577
31059
31282
14433
14434
14435
14436
31267
31284
14437
39773
14438
14439
39769
39771
14440
31286
14441
39830
39789
14442
14443
14444
31288
14445
39787
14446
14447
14448
31289
31290
14449
39832
39785
14450
14451
14452
31291
31292
14453
39834
39775
14454
14455
14456
31293
31294
14457
39836
39783
14458
14459
39779
39781
14460
31287
31296
14461
39838
39811
14462
14463
14464
31298
14465
39840
39807
14466
14467
14468
31299
31300
14469
39803
14470
14471
14472
31301
31302
14473
39842
39791
14474
14475
14476
31303
31304
14477
39844
39799
14478
14479
39795
39797
14480
31297
31306
14481
14482
14483
14484
31308
14485
14486
14487
14488
31309
31310
14489
14490
14491
14492
31311
31312
14493
39846
39829
14494
14495
14496
31313
31314
14497
14498
14499
14500
31307
30579
31316
14501
14502
14503
14504
31318
14505
14506
14507
14508
31319
31320
14509
14510
14511
14512
31321
31322
14513
14514
14515
14516
31323
31324
14517
14518
14519
14520
31326
14521
14522
14523
14524
31328
14525
14526
14527
14528
31329
31330
14529
14530
14531
14532
31331
31332
14533
14534
14535
14536
31333
31334
14537
14538
14539
14540
31327
31336
14541
14542
14543
14544
31338
14545
14546
14547
14548
31339
31340
14549
14550
14551
14552
31341
31342
14553
14554
14555
14556
31343
31344
14557
14558
14559
14560
31337
31346
14561
14562
14563
14564
31348
14565
14566
14567
14568
31349
31350
14569
14570
14571
14572
31351
31352
14573
14574
14575
14576
31353
31354
14577
14578
14579
14580
31347
31061
31356
14583
39848
37959
14584
14585
14586
31359
14589
39850
37961
14590
14591
39767
14592
31362
14595
39852
37963
14596
14597
39777
14598
31363
31365
14601
39854
37965
14602
14603
39793
14604
31366
31368
14607
39856
37967
14608
14609
39827
14610
31369
30016
31371
14611
14612
14613
14614
31373
14615
14616
14617
14618
31374
31375
14619
14620
14621
14622
31376
31377
14623
14624
14625
14626
31378
30597
31379
14627
14628
14629
14630
31381
14631
14632
14633
14634
31382
31383
14635
14636
14637
14638
31384
31385
14639
14640
14641
14642
31386
31079
31387
14645
37969
14646
14647
14648
31360
31390
14651
39858
37971
14652
14653
14654
31393
14657
39860
37973
14658
39862
14659
14660
31394
31396
14663
39864
37975
14664
14665
14666
31397
31399
14669
37977
14670
14671
39825
14672
31400
30075
31402
14673
14674
14675
14676
31404
14677
14678
39866
14679
14680
31405
31406
14681
14682
14683
14684
31407
31408
14685
14686
14687
14688
31409
30615
31410
14689
14690
14691
14692
31412
14693
14694
14695
14696
31413
31414
14697
14698
14699
14700
31415
31416
14701
14702
14703
14704
31417
31097
31418
14707
37979
14708
14709
14710
31391
31421
14713
39868
37981
14714
14715
14716
31424
14719
39870
37983
14720
39872
39874
14721
14722
31425
31427
14725
39876
39878
37985
14726
14727
14728
31428
31430
14731
37987
14732
14733
39823
14734
31431
30134
31433
14735
14736
14737
14738
31435
14739
14740
39880
39882
39884
39886
14741
14742
31436
31437
14743
14744
14745
14746
31438
31439
14747
14748
14749
14750
31440
30633
31441
14751
14752
14753
14754
31117
31443
14755
14756
14757
14758
31444
31148
31445
14759
14760
14761
14762
31446
31179
31447
14763
14764
14765
14766
31448
31115
31210
31449
14769
37989
14770
14771
14772
31422
31452
14773
14774
14775
14776
31454
14777
14778
14779
14780
31455
31456
14781
14782
14783
14784
31457
31458
14785
14786
14787
14788
31459
31229
31460
14789
14790
14791
14792
31462
14793
14794
14795
14796
31464
14797
14798
39888
14799
14800
31465
31466
14801
14802
14803
14804
31467
31468
14805
14806
14807
14808
31469
31247
31470
14809
14810
14811
14812
31463
31472
14813
14814
14815
14816
31474
14817
14818
14819
14820
31475
31476
14821
14822
14823
14824
31477
31478
14825
14826
14827
14828
31479
31265
31480
14829
14830
14831
14832
31473
31482
14833
14834
14835
14836
31285
31325
31484
14837
14838
14839
14840
31485
31295
31335
31486
14841
14842
14843
14844
31487
31305
31345
31488
14845
14846
14847
14848
31489
31283
31315
31355
31490
14849
14850
14851
14852
31483
31492
14853
14854
14855
14856
31494
14857
14858
14859
14860
31495
31496
14861
14862
14863
14864
31497
31498
14865
14866
14867
14868
31499
31500
14871
37991
14872
14873
14874
31503
14877
39890
37993
14878
14879
14880
31506
14883
39892
37995
14884
14885
14886
31507
31509
14889
39894
37997
14890
14891
14892
31510
31512
14895
39896
37999
14896
14897
14898
31513
31515
14899
14900
14901
14902
31517
14903
14904
14905
14906
31518
31519
14907
14908
14909
14910
31520
31521
14911
14912
14913
14914
31522
31523
14915
14916
14917
14918
31525
14919
14920
14921
14922
31526
31527
14923
14924
14925
14926
31528
31529
14927
14928
14929
14930
31530
31531
14933
39898
38001
14934
14935
14936
31504
31534
14939
39900
38003
14940
14941
14942
31537
14945
39902
38005
14946
14947
14948
31538
31540
14951
39904
38007
14952
14953
14954
31541
31543
14957
39906
38009
14958
14959
14960
31544
31546
14961
14962
14963
14964
31548
14965
14966
14967
14968
31549
31550
14969
14970
14971
14972
31551
31552
14973
14974
14975
14976
31553
31554
14977
14978
14979
14980
31556
14981
14982
14983
14984
31557
31558
14985
14986
14987
14988
31559
31560
14989
14990
14991
14992
31561
31562
14995
39908
38011
14996
14997
14998
31535
31565
15001
39910
38013
15002
15003
15004
31568
15007
39912
38015
15008
15009
15010
31569
31571
15013
39914
38017
15014
15015
15016
31572
31574
15019
39916
39918
38019
15020
15021
15022
31575
31577
15023
15024
15025
15026
31579
15027
15028
15029
15030
31580
31581
15031
15032
15033
15034
31582
31583
15035
15036
15037
15038
31584
31585
15039
15040
15041
15042
31357
31461
31587
15043
15044
15045
15046
31588
31388
31471
31589
15047
15048
15049
15050
31590
31419
31481
31591
15051
15052
15053
15054
31592
31450
31491
31593
15057
39920
38021
15058
15059
15060
31566
31596
15061
15062
15063
15064
31598
15065
15066
15067
15068
31599
31600
15069
15070
15071
15072
31601
31602
15073
15074
15075
15076
31603
31604
15079
38023
15080
15081
15082
31607
15085
39922
38025
15086
15087
15088
31610
15091
39924
38027
15092
15093
15094
31611
31613
15097
39926
38029
15098
15099
15100
31614
31616
15103
39928
38031
15104
15105
15106
31617
31619
15107
15108
15109
15110
31621
15111
15112
15113
15114
31622
31623
15115
15116
15117
15118
31624
31625
15119
15120
15121
15122
31626
31627
15125
39930
38033
15126
15127
15128
31608
31630
15131
39932
38035
15132
15133
15134
31633
15137
39934
38037
15138
15139
15140
31634
31636
15143
39936
38039
15144
15145
15146
31637
31639
15149
39938
38041
15150
15151
15152
31640
31642
15153
15154
15155
15156
31644
15157
15158
15159
15160
31645
31646
15161
15162
15163
15164
31647
31648
15165
15166
15167
15168
31649
31650
15171
39940
38043
15172
15173
15174
31631
31653
15177
39942
38045
15178
15179
15180
31656
15183
39944
38047
15184
15185
15186
31657
31659
15189
39946
38049
15190
15191
15192
31660
31662
15195
39948
38051
15196
15197
15198
31663
31665
15199
15200
15201
15202
31501
31667
15203
15204
15205
15206
31668
31532
31669
15207
15208
15209
15210
31670
31563
31671
15211
15212
15213
15214
31672
31594
31673
15217
39950
38053
15218
15219
15220
31654
31676
15223
36123
15224
15225
15226
31679
15229
39952
39954
39956
38055
15230
15231
15232
31682
15235
39958
38057
15236
15237
15238
31683
31685
15241
39960
38059
15242
15243
15244
31686
31688
15247
39962
38061
15248
15249
15250
31689
31691
15253
36125
15254
15255
15256
31680
31694
15259
39964
39966
39968
38063
15260
15261
15262
31697
15265
39970
38065
15266
15267
15268
31698
31700
15271
39972
38067
15272
15273
15274
31701
31703
15277
39974
38069
15278
15279
15280
31704
31706
15283
36127
15284
15285
15286
31695
31709
15289
39976
39978
39980
38071
15290
15291
15292
31712
15295
39982
38073
15296
15297
15298
31713
31715
15301
39984
38075
15302
15303
15304
31716
31718
15307
39986
38077
15308
15309
15310
31719
31721
15313
36129
15314
15315
15316
31710
31724
15317
31725
15318
39988
39990
39992
38795
15319
15320
38147
38245
15321
31726
15322
15323
26132
15324
38243
15325
24354
24414
24477
31728
15326
38793
15327
15328
38241
15329
31730
15330
15331
15332
38239
15333
31732
15334
39994
39996
39998
39081
15335
15336
38237
15337
26134
31734
15338
15339
15340
38235
15341
26136
26141
26145
31736
15342
40000
40002
40004
39079
15343
15344
38233
15345
31738
15346
15347
15348
38231
15349
31740
15350
40006
39077
15351
15352
40008
38229
15353
31742
15354
40010
40012
40014
39075
15355
15356
15357
31744
15358
15359
15360
15361
26152
26158
31746
15362
40016
39073
15363
15364
38227
15365
31743
31748
15366
40018
39277
15367
15368
38223
38225
15369
26220
31750
15370
40020
40022
40024
39071
15371
40026
15372
15373
31752
15374
40028
40030
40032
39069
15375
15376
15377
31753
31754
15378
39275
15379
40034
15380
38219
38221
15381
31751
26257
31756
15382
40036
40038
40040
39067
15383
15384
15385
31758
15386
40042
39065
15387
15388
15389
31759
31760
15390
40044
39273
15391
15392
38215
38217
15393
31757
26274
31762
15394
39063
15395
40046
15396
15397
31764
15398
40048
40050
40052
39061
15399
15400
15401
31765
31766
15402
39271
15403
40054
15404
38211
38213
15405
31763
26291
31768
15406
40056
40058
40060
39059
15407
15408
15409
31770
15410
40062
39057
15411
15412
15413
31771
31772
15414
40064
39269
15415
15416
38207
38209
15417
31769
26308
31774
15418
39053
15419
40066
15420
15421
31776
15422
40068
40070
40072
39045
15423
15424
15425
31777
31778
15426
39267
15427
40074
15428
38203
38205
15429
31775
26325
31780
15430
40076
40078
40080
39047
15431
15432
15433
31782
15434
40082
39049
15435
15436
15437
31783
31784
15438
40084
39265
15439
15440
38199
38201
15441
31781
26342
31786
15442
39051
15443
40086
15444
15445
26167
31741
31788
15446
40088
40090
40092
39055
15447
15448
15449
31789
26189
31747
31790
15450
39263
15451
15452
38195
38197
15453
31787
26359
31792
15454
40094
40096
40098
39363
15455
15456
38193
38341
15457
26434
31794
15458
39361
15459
15460
39359
15461
31796
15462
39357
15463
15464
15465
31798
15466
39355
15467
15468
39353
15469
31800
15470
39351
15471
15472
15473
31799
31802
15474
39349
15475
15476
39347
15477
31804
15478
39345
15479
15480
15481
31803
31806
15482
39343
15483
15484
39341
15485
31808
15486
39339
15487
15488
15489
31807
31810
15490
39337
15491
15492
39335
15493
31812
15494
39333
15495
15496
15497
31811
31814
15498
39331
15499
15500
39329
15501
31816
15502
39327
15503
40100
40102
40104
40106
40108
40110
40112
40114
40116
40118
40120
40122
40124
40126
40128
40130
40132
40134
40136
40138
40140
15504
15505
31815
31818
15506
39325
15507
15508
39323
15509
31820
15510
39321
15511
15512
15513
31819
31822
15514
39377
15515
15516
39375
15517
31795
31824
15518
39373
15519
15520
39371
15521
31823
31826
15522
39369
15523
15524
15525
31828
15526
39367
15527
40142
40144
40146
40148
40150
40152
40154
40156
40158
40160
15528
15529
31830
15530
39365
15531
40162
40164
40166
15532
15533
31831
31832
15534
39765
15535
15536
15537
31833
31834
15538
39763
15539
15540
15541
31835
31836
15542
39761
15543
15544
15545
31837
31838
15546
39759
15547
15548
15549
31839
31840
15550
39757
15551
15552
15553
31841
31842
15554
39755
15555
15556
39753
15557
31843
31844
15558
39751
15559
15560
15561
31829
31846
15562
39749
15563
15564
15565
31848
15566
39747
15567
40168
40170
40172
40174
40176
40178
40180
40182
40184
40186
40188
15568
15569
31849
31850
15570
39745
15571
15572
15573
31851
31852
15574
39743
15575
15576
15577
31853
31854
15578
39741
15579
15580
15581
31855
31856
15582
39739
15583
15584
15585
31857
31858
15586
39737
15587
15588
15589
31859
31860
15590
39735
15591
15592
39733
15593
31861
31862
15594
39731
15595
15596
15597
31847
31864
15598
39729
15599
15600
15601
31866
15602
39727
15603
15604
15605
31867
31868
15606
39725
15607
15608
15609
31869
31870
15610
39723
15611
15612
15613
31871
31872
15614
39721
15615
15616
15617
31873
31874
15618
39719
15619
15620
15621
31875
31876
15622
39717
15623
15624
15625
31877
31878
15626
39715
15627
15628
39713
15629
31879
31880
15630
39711
15631
15632
15633
31865
31882
15634
39709
15635
15636
15637
31884
15638
39707
15639
40190
40192
40194
40196
40198
40200
40202
40204
40206
40208
40210
40212
40214
40216
40218
40220
40222
40224
40226
40228
40230
40232
40234
40236
40238
40240
40242
40244
40246
15640
15641
31885
31886
15642
39705
15643
15644
15645
31887
31888
15646
39703
15647
15648
15649
31889
31890
15650
39701
15651
15652
15653
31891
31892
15654
39699
15655
15656
15657
31893
31894
15658
39697
15659
15660
15661
31895
31896
15662
39695
15663
15664
39693
15665
31897
31898
15666
39691
15667
15668
15669
31883
31900
15670
39689
15671
15672
15673
31902
15674
39687
15675
15676
15677
31903
31904
15678
39685
15679
15680
15681
31905
31906
15682
39683
15683
15684
15685
31907
31908
15686
39681
15687
15688
15689
31909
31910
15690
39679
15691
15692
15693
31911
31912
15694
39677
15695
15696
15697
31913
31914
15698
39675
15699
15700
39673
15701
31915
31916
15702
39671
15703
15704
15705
31901
31918
15706
39669
15707
15708
15709
31920
15710
39667
15711
15712
15713
31921
31922
15714
39665
15715
15716
15717
31923
31924
15718
39663
15719
15720
15721
31925
31926
15722
39661
15723
15724
15725
31927
31928
15726
39659
15727
15728
15729
31929
31930
15730
39657
15731
15732
15733
31931
31932
15734
39655
15735
15736
39653
15737
31933
31934
15738
39651
15739
15740
15741
31919
31936
15744
39649
15745
15746
15747
31797
31939
15748
39647
15749
15750
15751
31940
31801
31941
15752
39645
15753
15754
15755
31942
31805
31943
15756
39643
15757
15758
15759
31944
31809
31945
15760
39641
15761
15762
15763
31946
31813
31947
15764
39639
15765
15766
15767
31948
31817
31949
15768
39637
15769
15770
15771
31950
31821
31951
15772
39635
15773
15774
39633
15775
31952
31825
31953
15776
39631
15777
15778
36319
15779
31937
31938
31955
15780
39629
15781
15782
15783
31957
15784
39627
15785
15786
15787
31959
15788
39625
15789
15790
15791
31960
31961
15792
39623
15793
15794
15795
31962
31963
15796
39621
15797
15798
15799
31964
31965
15800
39619
15801
15802
15803
31966
31967
15804
39617
15805
15806
15807
31968
31969
15808
39615
15809
15810
15811
31970
31971
15814
39613
15815
15816
36321
15817
31972
31973
31974
15818
39611
15819
15820
15821
31958
31976
15822
39609
15823
15824
15825
31978
15826
39607
15827
15828
15829
31979
31980
15830
39605
15831
15832
15833
31981
31982
15834
39603
15835
15836
15837
31983
31984
15838
39601
15839
15840
15841
31985
31986
15842
39599
15843
15844
15845
31987
31988
15846
39597
15847
15848
15849
31989
31990
15852
39595
15853
15854
36323
15855
31991
31992
31993
15856
39593
15857
15858
15859
31977
31995
15860
39591
15861
15862
15863
31997
15864
39589
15865
15866
15867
31998
31999
15868
39587
15869
15870
15871
32000
32001
15872
39585
15873
40248
15874
15875
32002
32003
15876
39583
15877
40250
15878
15879
32004
32005
15880
39581
15881
40252
15882
15883
32006
32007
15884
39579
15885
40254
15886
15887
32008
32009
15890
39577
15891
15892
36325
15893
32010
32011
32012
15894
39575
15895
15896
15897
31996
32014
15898
39573
15899
15900
15901
32016
15902
39571
15903
40256
40258
40260
40262
40264
40266
40268
40270
40272
40274
40276
40278
40280
40282
40284
40286
40288
40290
40292
40294
40296
40298
40300
40302
40304
40306
40308
40310
40312
40314
40316
40318
40320
40322
40324
40326
40328
40330
40332
40334
40336
40338
40340
40342
40344
40346
40348
40350
40352
40354
40356
40358
40360
40362
40364
40366
40368
40370
40372
40374
40376
40378
40380
40382
40384
40386
40388
15904
15905
32017
32018
15906
39569
15907
15908
15909
32019
32020
15910
39567
15911
15912
15913
32021
32022
15914
39565
15915
15916
15917
32023
32024
15918
39563
15919
15920
15921
32025
32026
15922
39561
15923
15924
15925
32027
32028
15928
39559
15929
15930
36327
15931
32029
32030
32031
15932
39557
15933
15934
15935
32015
32033
15936
39555
15937
15938
15939
32035
15940
39553
15941
15942
15943
32036
32037
15944
39551
15945
15946
15947
32038
32039
15948
39549
15949
15950
15951
32040
32041
15952
39547
15953
15954
15955
32042
32043
15956
39545
15957
15958
15959
32044
32045
15960
39543
15961
15962
15963
32046
32047
15966
39541
15967
15968
36329
15969
32048
32049
32050
15970
39539
15971
15972
15973
32034
32052
15974
39537
15975
15976
15977
32054
15978
39535
15979
15980
15981
32055
32056
15982
39533
15983
15984
15985
32057
32058
15986
39531
15987
15988
15989
32059
32060
15990
39529
15991
15992
15993
32061
32062
15994
39527
15995
15996
15997
32063
32064
15998
39525
15999
16000
16001
32065
32066
16004
39523
16005
16006
36331
16007
32067
32068
32069
16008
39521
16009
16010
16011
32053
32071
16012
39519
16013
16014
16015
31827
32073
16016
39517
16017
16018
16019
32074
31845
32075
16020
39515
16021
16022
16023
32076
31863
32077
16024
39513
16025
16026
16027
32078
31881
32079
16028
39511
16029
16030
16031
32080
31899
32081
16032
39509
16033
16034
16035
32082
31917
32083
16036
39507
16037
16038
16039
32084
31935
32085
16042
39505
16043
16044
36333
16045
32086
31954
32087
32088
16046
39503
16047
16048
16049
32072
32090
16050
16051
16052
39217
39261
16053
32092
16054
39501
16055
16056
16057
32094
16058
39499
16059
16060
16061
32095
32096
16062
39497
16063
16064
16065
32097
32098
16066
39495
16067
16068
16069
32099
32100
16070
39493
16071
16072
16073
32101
32102
16074
39491
16075
16076
16077
32103
32104
16078
39489
16079
16080
16081
32105
32106
16082
39487
16083
16084
16085
32107
32108
16086
16087
16088
39221
39259
16089
32093
32110
16090
39485
16091
16092
16093
32112
16094
39483
16095
16096
16097
32113
32114
16098
39481
16099
16100
16101
32115
32116
16102
39479
16103
16104
16105
32117
32118
16106
39477
16107
16108
16109
32119
32120
16110
39475
16111
16112
16113
32121
32122
16114
39473
16115
16116
16117
32123
32124
16118
39471
16119
16120
16121
32125
32126
16122
16123
16124
39225
39257
16125
32111
32128
16126
39469
16127
16128
16129
32130
16130
39467
16131
16132
16133
32131
32132
16134
39465
16135
16136
16137
32133
32134
16138
39463
16139
16140
16141
32135
32136
16142
39461
16143
16144
16145
32137
32138
16146
39459
16147
16148
16149
32139
32140
16150
39457
16151
16152
16153
32141
32142
16154
39455
16155
16156
16157
32143
32144
16158
16159
16160
39229
39255
16161
32129
32146
16162
39453
16163
16164
16165
32148
16166
39451
16167
16168
16169
32149
32150
16170
39449
16171
16172
16173
32151
32152
16174
39447
16175
16176
16177
32153
32154
16178
39445
16179
16180
16181
32155
32156
16182
39443
16183
16184
16185
32157
32158
16186
39441
16187
16188
16189
32159
32160
16190
39439
16191
16192
16193
32161
32162
16194
16195
16196
39233
39253
16197
32147
32164
16198
39437
16199
16200
16201
32166
16202
39435
16203
40390
40392
40394
16204
16205
32167
32168
16206
39433
16207
16208
16209
32169
32170
16210
39431
16211
16212
16213
32171
32172
16214
39429
16215
16216
16217
32173
32174
16218
39427
16219
16220
16221
32175
32176
16222
39425
16223
16224
16225
32177
32178
16226
39423
16227
16228
16229
32179
32180
16230
16231
16232
39237
39251
16233
32165
32182
16234
39421
16235
16236
16237
32184
16238
40396
39419
16239
40398
40400
16240
16241
32185
32186
16242
39417
16243
16244
16245
32187
32188
16246
39415
16247
16248
16249
32189
32190
16250
39413
16251
40402
16252
16253
32191
32192
16254
39411
16255
40404
16256
16257
32193
32194
16258
39409
16259
40406
16260
16261
32195
32196
16262
39407
16263
16264
16265
32197
32198
16266
16267
16268
39241
39249
16269
32183
32200
16270
39405
16271
16272
16273
31956
32202
16274
39403
16275
40408
40410
40412
16276
16277
32203
31975
32204
16278
39401
16279
16280
16281
32205
31994
32206
16282
39399
16283
16284
16285
32207
32013
32208
16286
39397
16287
16288
16289
32209
32032
32210
16290
39395
16291
16292
16293
32211
32051
32212
16294
39393
16295
16296
16297
32213
32070
32214
16298
39391
16299
16300
16301
32215
32089
32216
16302
16303
16304
39245
39247
16305
32201
32218
16306
16307
16308
39801
39821
16309
32220
16310
16311
16312
16313
32222
16314
16315
16316
16317
32223
32224
16318
16319
16320
16321
32225
32226
16322
16323
16324
16325
32227
32228
16326
16327
16328
16329
32229
32230
16330
16331
16332
16333
32231
32232
16334
16335
16336
16337
32233
32234
16338
16339
16340
16341
32235
32236
16342
16343
16344
39805
39819
16345
32221
32238
16346
16347
16348
16349
32240
16350
16351
40414
16352
16353
32241
32242
16354
16355
16356
16357
32243
32244
16358
16359
16360
16361
32245
32246
16362
16363
16364
16365
32247
32248
16366
16367
16368
16369
32249
32250
16370
40416
39887
16371
16372
16373
32251
32252
16374
39847
16375
16376
16377
32253
32254
16378
40418
39879
16379
16380
40420
39809
39817
16381
32239
32256
16382
40422
39845
16383
16384
16385
28199
32258
16386
40424
39843
16387
40426
16388
16389
32259
28608
32260
16390
40428
39841
16391
16392
16393
32261
28667
32262
16394
39839
16395
40430
16396
16397
32263
28726
32264
16398
40432
39837
16399
16400
16401
32265
28785
32266
16402
39835
16403
40434
16404
16405
32267
28844
32268
16406
40436
39833
16407
16408
16409
32269
28903
32270
16410
39831
16411
16412
16413
32271
28962
32272
16414
40438
39875
16415
16416
39813
39815
16417
32257
32274
16418
16419
16420
39873
39885
16421
32276
16422
40440
39871
16423
16424
16425
32278
16426
40442
39869
16427
40444
16428
16429
32279
32280
16430
40446
39867
16431
16432
16433
32281
32282
16434
39865
16435
16436
16437
32283
32284
16438
16439
16440
39877
16441
32277
32286
16442
40448
39863
16443
16444
16445
32288
16446
40450
39861
16447
40452
16448
16449
32289
32290
16450
40454
39859
16451
16452
16453
32291
32292
16454
39857
16455
16456
16457
32293
32294
16458
16459
16460
39883
16461
32287
32296
16462
40456
39855
16463
16464
16465
32298
16466
40458
39853
16467
40460
16468
16469
32299
32300
16470
40462
39851
16471
16472
16473
32301
32302
16474
39849
16475
40464
16476
16477
32303
32304
16478
16479
16480
39881
16481
32297
29473
32306
16482
16483
16484
16485
32308
16486
16487
16488
16489
32310
16490
40466
39889
16491
40468
16492
16493
32311
32312
16494
16495
16496
16497
32313
32314
16498
16499
16500
16501
32315
30000
32316
16502
16503
16504
16505
32309
32318
16506
16507
16508
16509
32320
16510
16511
16512
16513
32321
32322
16514
16515
16516
16517
32323
32324
16518
16519
16520
16521
32325
30059
32326
16522
39919
16523
16524
39917
16525
32319
32328
16526
40470
39907
16527
16528
16529
30635
32330
16530
40472
39897
16531
40474
16532
16533
32331
31140
32332
16534
40476
39895
16535
16536
16537
32333
31171
32334
16538
39893
16539
16540
16541
32335
30118
31202
32336
16542
40478
39891
16543
16544
16545
32329
32338
16546
16547
16548
16549
32340
16550
40480
39905
16551
16552
16553
32342
16554
40482
39903
16555
40484
16556
16557
32343
32344
16558
40486
39901
16559
16560
16561
32345
32346
16562
39899
16563
16564
16565
32347
32348
16566
16567
16568
16569
32341
32350
16570
40488
39915
16571
16572
16573
32352
16574
40490
39913
16575
40492
16576
16577
32353
32354
16578
40494
39911
16579
16580
16581
32355
32356
16582
39909
16583
16584
16585
32357
32358
16586
40496
40389
16587
16588
40385
40387
16589
32351
32360
16590
40498
40247
16591
16592
16593
31317
32362
16594
40500
39929
16595
40502
16596
16597
32363
31380
32364
16598
40504
39927
16599
16600
16601
32365
31411
32366
16602
39921
16603
16604
16605
32367
31442
32368
16606
40506
39925
16607
16608
40243
40245
16609
32361
32370
16610
40508
39923
16611
16612
40239
40241
16613
32372
16614
40510
39939
16615
40512
16616
16617
32374
16618
40514
39937
16619
40516
16620
16621
32375
32376
16622
39935
16623
40518
16624
16625
32377
32378
16626
39931
16627
16628
16629
32379
32380
16630
39933
16631
40520
16632
40235
40522
40237
16633
32373
32382
16634
40524
39949
16635
16636
16637
32384
16638
40526
39947
16639
40528
16640
16641
32385
32386
16642
40530
40532
40534
39945
16643
16644
16645
32387
32388
16646
39941
16647
16648
16649
32389
32390
16650
40536
39943
16651
16652
40231
40233
16653
32383
32392
16654
40189
16655
40538
16656
16657
31493
32394
16658
40540
40033
16659
40542
16660
16661
32395
31524
32396
16662
40015
16663
40544
16664
16665
32397
31555
32398
16666
39951
16667
16668
16669
32399
31586
32400
16670
39957
16671
16672
40011
40013
16673
32393
32402
16674
39955
16675
16676
16677
32404
16678
40546
40548
40550
39959
16679
40552
16680
16681
32406
16682
40554
39961
16683
40556
16684
16685
32407
32408
16686
39963
16687
40558
16688
16689
32409
32410
16690
39969
16691
16692
16693
32411
32412
16694
39967
16695
16696
16697
32405
32414
16698
40560
40562
40564
39971
16699
16700
16701
32416
16702
40566
39973
16703
40568
16704
16705
32417
32418
16706
40570
39975
16707
16708
16709
32419
32420
16710
39981
16711
16712
16713
32421
32422
16714
39979
16715
16716
16717
32415
32424
16718
39983
16719
40572
40574
16720
16721
31605
32426
16722
40576
40578
39985
16723
40580
16724
16725
32427
31628
32428
16726
39987
16727
40582
16728
16729
32429
31651
32430
16730
39993
16731
16732
16733
32431
31674
32432
16734
39991
16735
16736
16737
32425
32434
16738
32435
16739
39999
16740
26139
16741
39995
39997
16742
32436
16743
40005
16744
40584
16745
40586
40588
40003
16746
31727
32438
16747
16748
26150
16749
40001
16750
31729
31731
31733
32437
32440
16751
40007
16752
16753
40031
16754
32442
16755
16756
16757
40029
16758
32444
16759
40590
40009
16760
40592
16761
40594
40167
16762
32446
16763
40596
40598
40600
40602
40604
40606
40608
40610
40612
40614
40616
40618
40620
40622
40624
40626
40628
40630
40632
40017
16764
16765
16766
32448
16767
16768
16769
16770
31735
31737
32450
16771
40634
40019
16772
16773
40165
16774
32447
32452
16775
40025
16776
16777
40021
40023
16778
26196
32454
16779
40636
40638
40640
40027
16780
40642
16781
16782
32456
16783
40644
40041
16784
16785
16786
32457
32458
16787
40035
16788
40646
16789
40037
40039
16790
32455
26253
32460
16791
40648
40650
40652
40043
16792
16793
16794
32462
16795
40654
40045
16796
16797
16798
32463
32464
16799
40656
40053
16800
16801
40049
40051
16802
32461
26270
32466
16803
40047
16804
40658
16805
16806
32468
16807
40660
40662
40664
40061
16808
16809
16810
32469
32470
16811
40055
16812
40666
16813
40057
40059
16814
32467
26287
32472
16815
40668
40670
40672
40063
16816
16817
16818
32474
16819
40674
40065
16820
16821
16822
32475
32476
16823
40676
40073
16824
16825
40069
40071
16826
32473
26304
32478
16827
40067
16828
40678
16829
16830
32480
16831
40680
40682
40684
40081
16832
16833
16834
32481
32482
16835
40075
16836
40686
16837
40077
40079
16838
32479
26321
32484
16839
40688
40690
40692
40083
16840
16841
16842
32486
16843
40694
40085
16844
16845
16846
32487
32488
16847
40696
40093
16848
16849
40089
40091
16850
32485
26338
32490
16851
40087
16852
40698
16853
16854
31739
32445
32492
16855
40161
16856
16857
16858
32493
31745
32451
32494
16859
40099
16860
16861
40095
40097
16862
32491
26355
32496
16863
40141
16864
16865
40137
40139
16866
26366
32498
16867
40135
16868
16869
40133
16870
32500
16871
40131
16872
16873
16874
32502
16875
40129
16876
16877
40127
16878
32504
16879
40125
16880
40700
40702
40704
40706
40708
40710
40712
40714
40716
16881
16882
32503
32506
16883
40123
16884
16885
40121
16886
32508
16887
40119
16888
16889
16890
32507
32510
16891
40117
16892
16893
40115
16894
32512
16895
40113
16896
40718
40720
40722
40724
40726
40728
40730
40732
40734
16897
16898
32511
32514
16899
40111
16900
16901
40109
16902
32516
16903
40107
16904
16905
16906
32515
32518
16907
40105
16908
16909
40103
16910
32520
16911
40101
16912
40736
40738
40740
40742
40744
40746
40748
16913
16914
32519
32522
16915
40159
16916
16917
40157
16918
32524
16919
40155
16920
16921
16922
32523
32526
16923
40153
16924
16925
40151
16926
32499
32528
16927
40149
16928
16929
40147
16930
32527
32530
16931
40145
16932
16933
16934
32532
16935
40143
16936
40750
40752
40754
40756
40758
40760
40762
40764
40766
40768
40770
40772
16937
16938
32534
16939
40163
16940
40774
40776
40778
40780
16941
16942
32535
32536
16943
40187
16944
16945
16946
32537
32538
16947
40185
16948
16949
16950
32539
32540
16951
40183
16952
16953
16954
32541
32542
16955
40181
16956
16957
16958
32543
32544
16959
40179
16960
16961
16962
32545
32546
16963
40177
16964
16965
40175
16966
32547
32548
16967
40173
16968
16969
16970
32533
32550
16971
40171
16972
16973
16974
32552
16975
40169
16976
16977
16978
32553
32554
16979
40229
16980
16981
16982
32555
32556
16983
40227
16984
16985
16986
32557
32558
16987
40225
16988
16989
16990
32559
32560
16991
40223
16992
16993
16994
32561
32562
16995
40221
16996
16997
16998
32563
32564
16999
40219
17000
17001
40217
17002
32565
32566
17003
40215
17004
17005
17006
32551
32568
17007
40213
17008
17009
17010
32570
17011
40211
17012
40782
40784
40786
40788
40790
40792
40794
40796
40798
40800
40802
40804
40806
40808
40810
40812
40814
40816
40818
40820
40822
40824
17013
17014
32571
32572
17015
40209
17016
17017
17018
32573
32574
17019
40207
17020
17021
17022
32575
32576
17023
40205
17024
17025
17026
32577
32578
17027
40203
17028
17029
17030
32579
32580
17031
40201
17032
17033
17034
32581
32582
17035
40199
17036
17037
40197
17038
32583
32584
17039
40195
17040
17041
17042
32569
32586
17043
40193
17044
17045
17046
32588
17047
40191
17048
17049
17050
32589
32590
17051
40383
17052
17053
17054
32591
32592
17055
40381
17056
17057
17058
32593
32594
17059
40379
17060
17061
17062
32595
32596
17063
40377
17064
17065
17066
32597
32598
17067
40375
17068
17069
17070
32599
32600
17071
40373
17072
17073
40371
17074
32601
32602
17075
40369
17076
17077
17078
32587
32604
17079
40367
17080
17081
17082
32606
17083
40365
17084
17085
17086
32607
32608
17087
40363
17088
17089
17090
32609
32610
17091
40361
17092
17093
17094
32611
32612
17095
40359
17096
17097
17098
32613
32614
17099
40357
17100
17101
17102
32615
32616
17103
40355
17104
17105
17106
32617
32618
17107
40353
17108
17109
40351
17110
32619
32620
17111
40349
17112
17113
17114
32605
32622
17115
40347
17116
17117
17118
32624
17119
40345
17120
40826
40828
40830
40832
40834
40836
40838
40840
40842
40844
40846
40848
40850
40852
40854
40856
40858
40860
40862
40864
40866
40868
40870
40872
40874
40876
40878
40880
40882
40884
40886
17121
17122
32625
32626
17123
40343
17124
17125
17126
32627
32628
17127
40341
17128
17129
17130
32629
32630
17131
40339
17132
17133
17134
32631
32632
17135
40337
17136
17137
17138
32633
32634
17139
40335
17140
17141
17142
32635
32636
17143
40333
17144
17145
40331
17146
32637
32638
17147
40329
17148
17149
17150
32623
32640
17153
40327
17154
17155
17156
32501
32643
17157
40325
17158
17159
17160
32644
32505
32645
17161
40323
17162
17163
17164
32646
32509
32647
17165
40321
17166
17167
17168
32648
32513
32649
17169
40319
17170
17171
17172
32650
32517
32651
17173
40317
17174
17175
17176
32652
32521
32653
17177
40315
17178
17179
17180
32654
32525
32655
17181
40313
17182
17183
40311
17184
32656
32529
32657
17185
40309
17186
17187
36335
17188
32641
32642
32659
17189
40307
17190
17191
17192
32661
17193
40305
17194
17195
17196
32663
17197
40303
17198
17199
17200
32664
32665
17201
40301
17202
17203
17204
32666
32667
17205
40299
17206
17207
17208
32668
32669
17209
40297
17210
17211
17212
32670
32671
17213
40295
17214
17215
17216
32672
32673
17217
40293
17218
17219
17220
32674
32675
17223
40291
17224
17225
36337
17226
32676
32677
32678
17227
40289
17228
17229
17230
32662
32680
17231
40287
17232
17233
17234
32682
17235
40285
17236
17237
17238
32683
32684
17239
40283
17240
17241
17242
32685
32686
17243
40281
17244
17245
17246
32687
32688
17247
40279
17248
17249
17250
32689
32690
17251
40277
17252
17253
17254
32691
32692
17255
40275
17256
17257
17258
32693
32694
17261
40273
17262
17263
36339
17264
32695
32696
32697
17265
40271
17266
17267
17268
32681
32699
17269
40269
17270
17271
17272
32701
17273
40267
17274
17275
17276
32702
32703
17277
40265
17278
17279
17280
32704
32705
17281
40249
17282
17283
17284
32706
32707
17285
40251
17286
17287
17288
32708
32709
17289
40253
17290
17291
17292
32710
32711
17293
40255
17294
17295
17296
32712
32713
17299
40263
17300
17301
36341
17302
32714
32715
32716
17303
40261
17304
17305
17306
32700
32718
17307
40259
17308
17309
17310
32720
17311
40257
17312
17313
17314
32721
32722
17315
17316
17317
17318
32723
32724
17319
17320
17321
17322
32725
32726
17323
17324
17325
17326
32727
32728
17327
17328
17329
17330
32729
32730
17331
17332
17333
17334
32731
32732
17337
17338
17339
36343
17340
32733
32734
32735
17341
17342
17343
17344
32719
32737
17345
17346
17347
17348
32739
17349
17350
17351
17352
32740
32741
17353
17354
17355
17356
32742
32743
17357
17358
17359
17360
32744
32745
17361
17362
17363
17364
32746
32747
17365
17366
17367
17368
32748
32749
17369
17370
17371
17372
32750
32751
17375
17376
17377
36345
17378
32752
32753
32754
17379
17380
17381
17382
32738
32756
17383
17384
17385
17386
32758
17387
17388
17389
17390
32759
32760
17391
17392
17393
17394
32761
32762
17395
17396
17397
17398
32763
32764
17399
17400
17401
17402
32765
32766
17403
17404
17405
17406
32767
32768
17407
17408
17409
17410
32769
32770
17413
17414
17415
36347
17416
32771
32772
32773
17417
17418
17419
17420
32757
32775
17421
17422
17423
17424
32531
32777
17425
17426
40888
40890
40892
40894
40896
40898
40900
40902
40904
40906
40908
40910
40912
40914
40916
40918
40920
40922
40924
40926
40928
40930
40932
40934
40936
40938
40940
40942
40944
40946
40948
40950
40952
40954
40956
40958
40960
40962
40964
40966
40968
40970
40972
40974
17427
17428
32778
32549
32779
17429
17430
17431
17432
32780
32567
32781
17433
17434
17435
17436
32782
32585
32783
17437
17438
17439
17440
32784
32603
32785
17441
17442
17443
17444
32786
32621
32787
17445
17446
17447
17448
32788
32639
32789
17451
17452
17453
36349
17454
32790
32658
32791
32792
17455
17456
17457
17458
32776
32794
17459
17460
17461
17462
32796
17463
17464
17465
17466
32798
17467
17468
17469
17470
32799
32800
17471
17472
17473
17474
32801
32802
17475
17476
17477
17478
32803
32804
17479
17480
17481
17482
32805
32806
17483
17484
17485
17486
32807
32808
17487
17488
17489
17490
32809
32810
17491
17492
17493
17494
32811
32812
17495
17496
17497
17498
32797
32814
17499
17500
17501
17502
32816
17503
17504
17505
17506
32817
32818
17507
17508
17509
17510
32819
32820
17511
17512
17513
17514
32821
32822
17515
17516
17517
17518
32823
32824
17519
17520
17521
17522
32825
32826
17523
17524
17525
17526
32827
32828
17527
17528
17529
17530
32829
32830
17531
17532
17533
17534
32815
32832
17535
17536
17537
17538
32834
17539
17540
17541
17542
32835
32836
17543
17544
17545
17546
32837
32838
17547
17548
17549
17550
32839
32840
17551
17552
17553
17554
32841
32842
17555
17556
17557
17558
32843
32844
17559
17560
17561
17562
32845
32846
17563
17564
17565
17566
32847
32848
17567
17568
17569
17570
32833
32850
17571
17572
17573
17574
32852
17575
17576
17577
17578
32853
32854
17579
17580
17581
17582
32855
32856
17583
17584
17585
17586
32857
32858
17587
17588
17589
17590
32859
32860
17591
17592
17593
17594
32861
32862
17595
17596
17597
17598
32863
32864
17599
17600
17601
17602
32865
32866
17603
40395
17604
17605
17606
32851
32868
17607
40393
17608
17609
17610
32870
17611
40391
17612
17613
17614
32871
32872
17615
17616
17617
17618
32873
32874
17619
17620
17621
17622
32875
32876
17623
17624
17625
17626
32877
32878
17627
17628
17629
17630
32879
32880
17631
17632
17633
17634
32881
32882
17635
17636
17637
17638
32883
32884
17639
40976
40978
40980
40982
40401
17640
17641
17642
32869
32886
17643
40397
17644
17645
17646
32888
17647
40399
17648
17649
17650
32889
32890
17651
17652
17653
17654
32891
32892
17655
17656
17657
17658
32893
32894
17659
40403
17660
17661
17662
32895
32896
17663
40405
17664
17665
17666
32897
32898
17667
40407
17668
17669
17670
32899
32900
17671
17672
17673
17674
32901
32902
17675
40984
40986
40988
40990
40992
40994
40996
40998
41000
40413
17676
17677
17678
32887
32904
17679
40411
17680
17681
17682
32660
32906
17683
40409
17684
17685
17686
32907
32679
32908
17687
17688
17689
17690
32909
32698
32910
17691
17692
17693
17694
32911
32717
32912
17695
17696
17697
17698
32913
32736
32914
17699
17700
17701
17702
32915
32755
32916
17703
17704
17705
17706
32917
32774
32918
17707
17708
17709
17710
32919
32793
32920
17711
17712
17713
17714
32905
32922
17715
17716
17717
17718
32924
17719
17720
17721
17722
32926
17723
17724
17725
17726
32927
32928
17727
17728
17729
17730
32929
32930
17731
17732
17733
17734
32931
32932
17735
17736
17737
17738
32933
32934
17739
17740
17741
17742
32935
32936
17743
17744
17745
17746
32937
32938
17747
17748
17749
17750
32939
32940
17751
17752
17753
17754
32925
32942
17755
17756
17757
17758
32944
17759
40415
17760
17761
17762
32945
32946
17763
17764
17765
17766
32947
32948
17767
17768
17769
17770
32949
32950
17771
41002
40429
17772
17773
17774
32951
32952
17775
41004
40417
17776
17777
17778
32953
32954
17779
41006
40423
17780
17781
17782
32955
32956
17783
41008
40419
17784
17785
17786
32957
32958
17787
41010
40421
17788
17789
17790
32943
32960
17791
41012
40425
17792
17793
17794
27833
32962
17795
41014
40427
17796
17797
17798
32963
28592
32964
17799
41016
40433
17800
17801
17802
32965
28651
32966
17803
41018
40431
17804
17805
17806
32967
28710
32968
17807
41020
40437
17808
17809
17810
32969
28769
32970
17811
41022
40435
17812
17813
17814
32971
28828
32972
17815
17816
17817
17818
32973
28887
32974
17819
41024
40439
17820
17821
17822
32975
28946
32976
17823
41026
40447
17824
17825
17826
32961
32978
17827
41028
40441
17828
17829
17830
32980
17831
41030
40443
17832
17833
17834
32982
17835
41032
40445
17836
17837
17838
32983
32984
17839
17840
17841
17842
32985
32986
17843
41034
40455
17844
17845
17846
32987
32988
17847
41036
40449
17848
17849
17850
32981
32990
17851
41038
40451
17852
17853
17854
32992
17855
41040
40453
17856
17857
17858
32993
32994
17859
17860
17861
17862
32995
32996
17863
41042
40463
17864
17865
17866
32997
32998
17867
41044
40457
17868
17869
17870
32991
33000
17871
41046
40459
17872
17873
17874
33002
17875
41048
40461
17876
17877
17878
33003
33004
17879
17880
17881
17882
33005
33006
17883
41050
40465
17884
17885
17886
33007
33008
17887
17888
17889
17890
33001
28981
33010
17891
17892
17893
17894
33012
17895
41052
40467
17896
17897
17898
33014
17899
41054
40469
17900
17901
17902
33015
33016
17903
17904
17905
17906
33017
33018
17907
17908
17909
17910
33019
29984
33020
17911
17912
17913
17914
33013
33022
17915
41056
40887
17916
17917
17918
33024
17919
41058
40825
17920
17921
17922
33025
33026
17923
41060
40633
17924
17925
17926
33027
33028
17927
41062
40477
17928
17929
17930
33029
30043
33030
17931
41064
40471
17932
17933
40629
40631
17934
33023
33032
17935
41066
40473
17936
17937
17938
30137
33034
17939
41068
40475
17940
17941
17942
33035
31132
33036
17943
41070
40535
17944
17945
17946
33037
31163
33038
17947
41072
40479
17948
17949
17950
33039
30102
31194
33040
17951
40487
17952
17953
40531
40533
17954
33033
33042
17955
41074
40481
17956
17957
40625
40627
17958
33044
17959
41076
40483
17960
17961
17962
33046
17963
41078
40485
17964
17965
17966
33047
33048
17967
41080
40525
17968
17969
17970
33049
33050
17971
41082
40495
17972
17973
17974
33051
33052
17975
41084
40489
17976
17977
40621
40623
17978
33045
33054
17979
41086
40491
17980
17981
17982
33056
17983
41088
40493
17984
17985
17986
33057
33058
17987
41090
40505
17988
17989
17990
33059
33060
17991
41092
40497
17992
17993
17994
33061
33062
17995
41094
40499
17996
17997
40617
40619
17998
33055
33064
17999
41096
40501
18000
18001
18002
31213
33066
18003
41098
40503
18004
18005
18006
33067
31372
33068
18007
41100
40515
18008
18009
18010
33069
31403
33070
18011
41102
40507
18012
18013
18014
33071
31434
33072
18015
41104
40509
18016
18017
40613
40615
18018
33065
33074
18019
41106
40511
18020
18021
40609
40611
18022
33076
18023
41108
40513
18024
18025
18026
33078
18027
41110
40517
18028
18029
18030
33079
33080
18031
41112
40519
18032
18033
18034
33081
33082
18035
41114
40523
18036
18037
18038
33083
33084
18039
41116
40521
18040
18041
40605
40607
18042
33077
33086
18043
41118
40527
18044
18045
18046
33088
18047
41120
40529
18048
18049
18050
33089
33090
18051
41122
40571
18052
18053
18054
33091
33092
18055
41124
40537
18056
18057
18058
33093
33094
18059
41126
40541
18060
18061
40601
40603
18062
33087
33096
18063
41128
40539
18064
18065
18066
31453
33098
18067
41130
40543
18068
41132
18069
18070
33099
31516
33100
18071
41134
41136
41138
41140
41142
41144
41146
40545
18072
18073
18074
33101
31547
33102
18075
40555
18076
18077
18078
33103
31578
33104
18079
41148
40551
18080
18081
40597
40599
18082
33097
33106
18083
40549
18084
18085
18086
33108
18087
41150
41152
41154
40553
18088
18089
18090
33110
18091
41156
40557
18092
41158
18093
18094
33111
33112
18095
41160
40559
18096
18097
18098
33113
33114
18099
40565
18100
18101
18102
33115
33116
18103
40563
18104
18105
18106
33109
33118
18107
41162
41164
41166
40567
18108
18109
18110
33120
18111
41168
40569
18112
41170
18113
18114
33121
33122
18115
41172
40595
18116
18117
18118
33123
33124
18119
40579
18120
18121
18122
33125
33126
18123
40577
18124
18125
18126
33119
33128
18127
41174
41176
41178
40575
18128
18129
18130
31597
33130
18131
41180
40581
18132
41182
18133
18134
33131
31620
33132
18135
41184
40583
18136
18137
18138
33133
31643
33134
18139
40589
18140
18141
18142
33135
31666
33136
18143
40587
18144
18145
18146
33129
33138
18147
33139
18148
41186
41188
41190
40591
18149
26165
18150
40781
40823
18151
33140
18152
40593
18153
26184
18154
40779
18155
33142
18156
40635
18157
26187
18158
18159
32439
32441
33144
18160
40645
18161
26194
18162
40777
18163
33143
33146
18164
40641
18165
18166
40637
40639
18167
31749
33148
18168
41192
41194
41196
40643
18169
26248
18170
18171
33150
18172
41198
40653
18173
26251
18174
18175
33151
33152
18176
40647
18177
18178
40649
40651
18179
33149
31755
33154
18180
41200
41202
41204
40655
18181
26265
18182
18183
33156
18184
40657
18185
26268
18186
18187
33157
33158
18188
40665
18189
18190
40661
40663
18191
33155
31761
33160
18192
41206
40659
18193
26282
18194
18195
33162
18196
41208
41210
40673
18197
26285
18198
18199
33163
33164
18200
40667
18201
18202
40669
40671
18203
33161
31767
33166
18204
41212
41214
41216
40675
18205
26299
18206
18207
33168
18208
40677
18209
26302
18210
18211
33169
33170
18212
40685
18213
18214
40681
40683
18215
33167
31773
33172
18216
41218
40679
18217
26316
18218
18219
33174
18220
41220
41222
40693
18221
26319
18222
18223
33175
33176
18224
40687
18225
18226
40689
40691
18227
33173
31779
33178
18228
41224
41226
41228
40695
18229
26333
18230
18231
33180
18232
40697
18233
26336
18234
18235
33181
33182
18236
40773
18237
18238
40769
40771
18239
33179
31785
33184
18240
41230
40699
18241
26350
18242
18243
32443
33141
33186
18244
41232
41234
40749
18245
26353
18246
18247
33187
32449
33145
33188
18248
40735
18249
18250
40731
40733
18251
33185
31791
33190
18252
40717
18253
18254
40713
40715
18255
31793
33192
18256
40711
18257
18258
40709
18259
33194
18260
40707
18261
18262
18263
33196
18264
40705
18265
18266
40703
18267
33198
18268
40701
18269
18270
18271
33197
33200
18272
40729
18273
18274
40727
18275
33202
18276
40725
18277
18278
18279
33201
33204
18280
40723
18281
18282
40721
18283
33206
18284
40719
18285
41236
41238
41240
41242
41244
41246
41248
41250
41252
41254
41256
41258
41260
41262
41264
18286
18287
33205
33208
18288
40747
18289
18290
40745
18291
33210
18292
40743
18293
18294
18295
33209
33212
18296
40741
18297
18298
40739
18299
33214
18300
40737
18301
41266
41268
41270
41272
41274
41276
41278
41280
41282
18302
18303
33213
33216
18304
40767
18305
18306
40765
18307
33218
18308
40763
18309
18310
18311
33217
33220
18312
40761
18313
18314
40759
18315
33193
33222
18316
40757
18317
18318
40755
18319
33221
33224
18320
40753
18321
18322
18323
33226
18324
40751
18325
41284
41286
41288
41290
41292
41294
41296
41298
41300
41302
41304
41306
41308
41310
41312
18326
18327
33228
18328
40775
18329
41314
41316
41318
41320
41322
41324
41326
41328
41330
41332
41334
41336
18330
18331
33229
33230
18332
40821
18333
18334
18335
33231
33232
18336
40819
18337
18338
18339
33233
33234
18340
40817
18341
18342
18343
33235
33236
18344
40815
18345
18346
18347
33237
33238
18348
40813
18349
18350
18351
33239
33240
18352
40811
18353
18354
40809
18355
33241
33242
18356
40807
18357
18358
18359
33227
33244
18360
40805
18361
18362
18363
33246
18364
40803
18365
18366
18367
33247
33248
18368
40801
18369
18370
18371
33249
33250
18372
40799
18373
18374
18375
33251
33252
18376
40797
18377
18378
18379
33253
33254
18380
40795
18381
18382
18383
33255
33256
18384
40793
18385
18386
18387
33257
33258
18388
40791
18389
18390
40789
18391
33259
33260
18392
40787
18393
18394
18395
33245
33262
18396
40785
18397
18398
18399
33264
18400
40783
18401
18402
18403
33265
33266
18404
40885
18405
18406
18407
33267
33268
18408
40883
18409
18410
18411
33269
33270
18412
40881
18413
18414
18415
33271
33272
18416
40879
18417
18418
18419
33273
33274
18420
40877
18421
18422
18423
33275
33276
18424
40875
18425
18426
40873
18427
33277
33278
18428
40871
18429
18430
18431
33263
33280
18432
40869
18433
18434
18435
33282
18436
40867
18437
18438
18439
33283
33284
18440
40865
18441
18442
18443
33285
33286
18444
40863
18445
18446
18447
33287
33288
18448
40861
18449
18450
18451
33289
33290
18452
40859
18453
18454
18455
33291
33292
18456
40857
18457
18458
18459
33293
33294
18460
40855
18461
18462
40853
18463
33295
33296
18464
40851
18465
18466
18467
33281
33298
18468
40849
18469
18470
18471
33300
18472
40847
18473
41338
18474
18475
33301
33302
18476
40845
18477
41340
18478
18479
33303
33304
18480
40843
18481
41342
18482
18483
33305
33306
18484
40841
18485
41344
18486
18487
33307
33308
18488
40839
18489
41346
18490
18491
33309
33310
18492
40837
18493
41348
18494
18495
33311
33312
18496
40835
18497
18498
40833
18499
33313
33314
18500
40831
18501
18502
18503
33299
33316
18504
40829
18505
18506
18507
33318
18508
40827
18509
41350
41352
41354
41356
41358
41360
41362
41364
41366
41368
41370
41372
41374
41376
41378
41380
41382
41384
41386
41388
41390
41392
41394
41396
41398
41400
41402
41404
41406
41408
41410
41412
41414
41416
41418
41420
41422
41424
41426
41428
41430
41432
41434
41436
41438
18510
18511
33319
33320
18512
18513
18514
18515
33321
33322
18516
18517
18518
18519
33323
33324
18520
18521
18522
18523
33325
33326
18524
18525
18526
18527
33327
33328
18528
18529
18530
18531
33329
33330
18532
18533
18534
18535
33331
33332
18536
18537
18538
18539
33317
33334
18542
18543
18544
18545
33195
33337
18546
18547
18548
18549
33338
33199
33339
18550
18551
18552
18553
33340
33203
33341
18554
18555
18556
18557
33342
33207
33343
18558
18559
18560
18561
33344
33211
33345
18562
18563
18564
18565
33346
33215
33347
18566
18567
18568
18569
33348
33219
33349
18570
18571
18572
18573
33350
33223
33351
18574
18575
18576
36351
18577
33335
33336
33353
18578
18579
18580
18581
33355
18582
18583
18584
18585
33357
18586
18587
18588
18589
33358
33359
18590
18591
18592
18593
33360
33361
18594
18595
18596
18597
33362
33363
18598
18599
18600
18601
33364
33365
18602
18603
18604
18605
33366
33367
18606
18607
18608
18609
33368
33369
18612
18613
18614
36353
18615
33370
33371
33372
18616
18617
18618
18619
33356
33374
18620
18621
18622
18623
33376
18624
18625
18626
18627
33377
33378
18628
18629
18630
18631
33379
33380
18632
40975
18633
18634
18635
33381
33382
18636
40973
18637
18638
18639
33383
33384
18640
40971
18641
18642
18643
33385
33386
18644
40969
18645
18646
18647
33387
33388
18650
40967
18651
18652
36355
18653
33389
33390
33391
18654
40965
18655
18656
18657
33375
33393
18658
40963
18659
18660
18661
33395
18662
40961
18663
18664
18665
33396
33397
18666
40959
18667
18668
18669
33398
33399
18670
40957
18671
18672
18673
33400
33401
18674
40955
18675
18676
18677
33402
33403
18678
40953
18679
18680
18681
33404
33405
18682
40951
18683
18684
18685
33406
33407
18688
40949
18689
18690
36357
18691
33408
33409
33410
18692
40947
18693
18694
18695
33394
33412
18696
40945
18697
18698
18699
33414
18700
40943
18701
18702
18703
33415
33416
18704
40941
18705
18706
18707
33417
33418
18708
40939
18709
18710
18711
33419
33420
18712
40937
18713
18714
18715
33421
33422
18716
40935
18717
18718
18719
33423
33424
18720
40933
18721
18722
18723
33425
33426
18726
40931
18727
18728
36359
18729
33427
33428
33429
18730
40929
18731
18732
18733
33413
33431
18734
40927
18735
18736
18737
33433
18738
40925
18739
18740
18741
33434
33435
18742
40923
18743
18744
18745
33436
33437
18746
40921
18747
18748
18749
33438
33439
18750
40919
18751
18752
18753
33440
33441
18754
40917
18755
18756
18757
33442
33443
18758
40915
18759
18760
18761
33444
33445
18764
40913
18765
18766
36361
18767
33446
33447
33448
18768
40911
18769
18770
18771
33432
33450
18772
40909
18773
18774
18775
33452
18776
40907
18777
18778
18779
33453
33454
18780
40905
18781
18782
18783
33455
33456
18784
40903
18785
18786
18787
33457
33458
18788
40901
18789
18790
18791
33459
33460
18792
40899
18793
18794
18795
33461
33462
18796
40897
18797
18798
18799
33463
33464
18802
40895
18803
18804
36363
18805
33465
33466
33467
18806
40893
18807
18808
18809
33451
33469
18810
40891
18811
18812
18813
33225
33471
18814
40889
18815
18816
18817
33472
33243
33473
18818
18819
18820
18821
33474
33261
33475
18822
18823
18824
18825
33476
33279
33477
18826
18827
18828
18829
33478
33297
33479
18830
18831
18832
18833
33480
33315
33481
18834
18835
18836
18837
33482
33333
33483
18840
18841
18842
36365
18843
33484
33352
33485
33486
18844
18845
18846
18847
33470
33488
18848
18849
18850
18851
33490
18852
18853
18854
18855
33492
18856
18857
18858
18859
33493
33494
18860
18861
18862
18863
33495
33496
18864
18865
18866
18867
33497
33498
18868
18869
18870
18871
33499
33500
18872
18873
18874
18875
33501
33502
18876
18877
18878
18879
33503
33504
18880
18881
18882
18883
33505
33506
18884
18885
18886
18887
33491
33508
18888
18889
18890
18891
33510
18892
18893
18894
18895
33511
33512
18896
18897
18898
18899
33513
33514
18900
18901
18902
18903
33515
33516
18904
18905
18906
18907
33517
33518
18908
18909
18910
18911
33519
33520
18912
18913
18914
18915
33521
33522
18916
18917
18918
18919
33523
33524
18920
18921
18922
18923
33509
33526
18924
18925
18926
18927
33528
18928
18929
18930
18931
33529
33530
18932
18933
18934
18935
33531
33532
18936
18937
18938
18939
33533
33534
18940
18941
18942
18943
33535
33536
18944
18945
18946
18947
33537
33538
18948
18949
18950
18951
33539
33540
18952
18953
18954
18955
33541
33542
18956
18957
18958
18959
33527
33544
18960
18961
18962
18963
33546
18964
18965
18966
18967
33547
33548
18968
18969
18970
18971
33549
33550
18972
18973
18974
18975
33551
33552
18976
18977
18978
18979
33553
33554
18980
18981
18982
18983
33555
33556
18984
18985
18986
18987
33557
33558
18988
18989
18990
18991
33559
33560
18992
18993
18994
18995
33545
33562
18996
18997
18998
18999
33564
19000
19001
19002
19003
33565
33566
19004
19005
19006
19007
33567
33568
19008
19009
19010
19011
33569
33570
19012
40983
19013
19014
19015
33571
33572
19016
40981
19017
19018
19019
33573
33574
19020
40979
19021
19022
19023
33575
33576
19024
40977
19025
19026
19027
33577
33578
19028
41001
19029
19030
19031
33563
33580
19032
40999
19033
19034
19035
33582
19036
40997
19037
41440
41442
41444
19038
19039
33583
33584
19040
40995
19041
19042
19043
33585
33586
19044
40993
19045
19046
19047
33587
33588
19048
40991
19049
19050
19051
33589
33590
19052
40989
19053
19054
19055
33591
33592
19056
40987
19057
19058
19059
33593
33594
19060
40985
19061
19062
19063
33595
33596
19064
19065
19066
19067
33581
33598
19068
19069
19070
19071
33354
33600
19072
19073
19074
19075
33601
33373
33602
19076
19077
19078
19079
33603
33392
33604
19080
19081
19082
19083
33605
33411
33606
19084
19085
19086
19087
33607
33430
33608
19088
19089
19090
19091
33609
33449
33610
19092
19093
19094
19095
33611
33468
33612
19096
19097
19098
19099
33613
33487
33614
19100
19101
19102
19103
33599
33616
19104
19105
19106
19107
33618
19108
19109
19110
19111
33620
19112
19113
19114
19115
33621
33622
19116
19117
19118
19119
33623
33624
19120
19121
19122
19123
33625
33626
19124
19125
19126
19127
33627
33628
19128
19129
19130
19131
33629
33630
19132
19133
19134
19135
33631
33632
19136
19137
19138
19139
33633
33634
19140
19141
19142
19143
33619
33636
19144
19145
19146
19147
33638
19148
19149
19150
19151
33639
33640
19152
19153
19154
19155
33641
33642
19156
41446
41003
19157
19158
19159
33643
33644
19160
41448
41005
19161
19162
19163
33645
33646
19164
41450
41007
19165
19166
19167
33647
33648
19168
41452
41009
19169
19170
19171
33649
33650
19172
41454
41011
19173
19174
19175
33651
33652
19176
41456
41013
19177
19178
19179
33637
33654
19180
41458
41015
19181
19182
19183
32091
33656
19184
41460
41017
19185
19186
19187
33657
32109
33658
19188
41462
41019
19189
19190
19191
33659
32127
33660
19192
41464
41021
19193
19194
19195
33661
32145
33662
19196
41466
41023
19197
19198
19199
33663
32163
33664
19200
19201
19202
19203
33665
32181
33666
19204
41468
41025
19205
19206
19207
33667
32199
33668
19208
41470
41027
19209
19210
19211
33669
32217
33670
19212
41472
41029
19213
19214
19215
33655
33672
19216
41474
41031
19217
19218
19219
33674
19220
41476
41033
19221
19222
19223
33676
19224
19225
19226
19227
33677
33678
19228
41478
41035
19229
19230
19231
33679
33680
19232
41480
41037
19233
19234
19235
33681
33682
19236
41482
41039
19237
19238
19239
33675
33684
19240
41484
41041
19241
19242
19243
33686
19244
19245
19246
19247
33687
33688
19248
41486
41043
19249
19250
19251
33689
33690
19252
41488
41045
19253
19254
19255
33691
33692
19256
41490
41047
19257
19258
19259
33685
33694
19260
41492
41049
19261
19262
19263
33696
19264
19265
19266
19267
33697
33698
19268
41494
41051
19269
19270
19271
33699
33700
19272
19273
19274
19275
33701
33702
19276
19277
19278
19279
33695
32219
33704
19280
41496
41053
19281
19282
19283
33706
19284
41498
41055
19285
19286
19287
33708
19288
19289
19290
19291
33709
33710
19292
41500
41439
19293
19294
19295
33711
33712
19296
41502
41337
19297
19298
19299
33713
32237
33714
19300
41504
41057
19301
19302
41333
41335
19303
33707
33716
19304
41506
41059
19305
19306
19307
33718
19308
41508
41061
19309
19310
19311
33719
33720
19312
41510
41063
19313
19314
19315
33721
33722
19316
41512
41065
19317
19318
19319
33723
32255
33724
19320
41514
41067
19321
19322
41329
41331
19323
33717
33726
19324
41516
41069
19325
19326
19327
32275
33728
19328
41518
41071
19329
19330
19331
33729
32285
33730
19332
41520
41073
19333
19334
19335
33731
32295
33732
19336
41522
41147
19337
19338
19339
33733
32273
32305
33734
19340
41524
41075
19341
19342
41143
41145
19343
33727
33736
19344
41526
41077
19345
19346
41139
41141
19347
33738
19348
41528
41079
19349
19350
19351
33740
19352
41530
41081
19353
19354
19355
33741
33742
19356
41532
41083
19357
19358
19359
33743
33744
19360
41534
41085
19361
19362
19363
33745
33746
19364
41536
41087
19365
19366
41135
41137
19367
33739
33748
19368
41538
41089
19369
19370
19371
33750
19372
41540
41091
19373
19374
19375
33751
33752
19376
41542
41093
19377
19378
19379
33753
33754
19380
41544
41095
19381
19382
19383
33755
33756
19384
41546
41097
19385
19386
41325
41327
19387
33749
33758
19388
41548
41099
19389
19390
19391
32307
33760
19392
41550
41101
19393
19394
19395
33761
32317
33762
19396
41552
41103
19397
19398
19399
33763
32327
33764
19400
41554
41105
19401
19402
19403
33765
32337
33766
19404
41556
41107
19405
19406
41321
41323
19407
33759
33768
19408
41558
41109
19409
19410
41317
41319
19411
33770
19412
41560
41111
19413
19414
19415
33772
19416
41562
41113
19417
41564
19418
19419
33773
33774
19420
41566
41568
41570
41572
41574
41576
41578
41115
19421
19422
19423
33775
33776
19424
41117
19425
19426
19427
33777
33778
19428
41580
41119
19429
19430
41311
41313
19431
33771
33780
19432
41582
41121
19433
19434
19435
33782
19436
41584
41123
19437
41586
19438
19439
33783
33784
19440
41588
41125
19441
19442
19443
33785
33786
19444
41127
19445
19446
19447
33787
33788
19448
41590
41129
19449
19450
41307
41309
19451
33781
33790
19452
41592
41131
19453
19454
19455
32339
33792
19456
41594
41133
19457
41596
19458
19459
33793
32349
33794
19460
41598
41161
19461
19462
19463
33795
32359
33796
19464
41149
19465
19466
19467
33797
32369
33798
19468
41600
41155
19469
19470
41303
41305
19471
33791
33800
19472
41153
19473
19474
19475
33802
19476
41602
41604
41606
41157
19477
19478
19479
33804
19480
41608
41159
19481
41610
19482
19483
33805
33806
19484
41612
41173
19485
19486
19487
33807
33808
19488
41167
19489
19490
19491
33809
33810
19492
41165
19493
19494
19495
33803
33812
19496
41614
41616
41618
41169
19497
19498
19499
33814
19500
41620
41171
19501
41622
19502
19503
33815
33816
19504
41624
41185
19505
19506
19507
33817
33818
19508
41179
19509
19510
19511
33819
33820
19512
41177
19513
19514
19515
33813
33822
19516
41626
41628
41630
41181
19517
19518
19519
32371
33824
19520
41632
41183
19521
41634
19522
19523
33825
32381
33826
19524
41636
41199
19525
19526
19527
33827
32391
33828
19528
41191
19529
19530
19531
33829
32401
33830
19532
41189
19533
19534
19535
33823
33832
19536
33833
19537
41638
41640
41642
41197
19538
26245
19539
41193
41195
19540
32453
33147
33834
19541
41205
19542
26262
19543
41201
41203
19544
33835
32459
33153
33836
19545
41211
19546
26279
19547
41207
41209
19548
33837
32465
33159
33838
19549
41217
19550
26296
19551
41213
41215
19552
33839
32471
33165
33840
19553
41223
19554
26313
19555
41219
41221
19556
33841
32477
33171
33842
19557
41229
19558
26330
19559
41225
41227
19560
33843
32483
33177
33844
19561
41235
19562
26347
19563
41231
41233
19564
33845
32489
33183
33846
19565
41283
19566
26364
19567
41279
41281
19568
33847
32495
33189
33848
19569
41265
19570
19571
41261
41263
19572
32497
33850
19573
41259
19574
19575
41257
19576
33852
19577
41255
19578
19579
19580
33854
19581
41253
19582
19583
41251
19584
33856
19585
41249
19586
41644
41646
41648
41650
41652
41654
41656
41658
41660
19587
19588
33855
33858
19589
41247
19590
19591
41245
19592
33860
19593
41243
19594
19595
19596
33859
33862
19597
41241
19598
19599
41239
19600
33864
19601
41237
19602
41662
41664
41666
41668
41670
41672
41674
19603
19604
33863
33866
19605
41277
19606
19607
41275
19608
33868
19609
41273
19610
19611
19612
33867
33870
19613
41271
19614
19615
41269
19616
33872
19617
41267
19618
41676
41678
41680
41682
41684
41686
41688
41690
41692
41694
41696
41698
41700
41702
41704
41706
41708
41710
41712
41714
41716
41718
41720
41722
41724
41726
41728
19619
19620
33871
33874
19621
41301
19622
19623
41299
19624
33876
19625
41297
19626
19627
19628
33875
33878
19629
41295
19630
19631
41293
19632
33851
33880
19633
41291
19634
19635
41289
19636
33879
33882
19637
41287
19638
19639
19640
33884
19641
41285
19642
19643
19644
33886
19645
41315
19646
41730
41732
41734
41736
41738
41740
41742
41744
41746
41748
41750
19647
19648
33887
33888
19649
41437
19650
19651
19652
33889
33890
19653
41435
19654
19655
19656
33891
33892
19657
41433
19658
19659
19660
33893
33894
19661
41431
19662
19663
19664
33895
33896
19665
41429
19666
19667
19668
33897
33898
19669
41427
19670
19671
41425
19672
33899
33900
19673
41423
19674
19675
19676
33885
33902
19677
41421
19678
19679
19680
33904
19681
41419
19682
19683
19684
33905
33906
19685
41417
19686
19687
19688
33907
33908
19689
41415
19690
19691
19692
33909
33910
19693
41413
19694
19695
19696
33911
33912
19697
41411
19698
19699
19700
33913
33914
19701
41409
19702
19703
19704
33915
33916
19705
41407
19706
19707
41405
19708
33917
33918
19709
41403
19710
19711
19712
33903
33920
19713
41401
19714
19715
19716
33922
19717
41399
19718
19719
19720
33923
33924
19721
41397
19722
19723
19724
33925
33926
19725
41395
19726
19727
19728
33927
33928
19729
41393
19730
19731
19732
33929
33930
19733
41391
19734
19735
19736
33931
33932
19737
41389
19738
19739
19740
33933
33934
19741
41387
19742
19743
41385
19744
33935
33936
19745
41383
19746
19747
19748
33921
33938
19749
41381
19750
19751
19752
33940
19753
41379
19754
19755
19756
33941
33942
19757
41377
19758
19759
19760
33943
33944
19761
41375
19762
19763
19764
33945
33946
19765
41373
19766
19767
19768
33947
33948
19769
41371
19770
19771
19772
33949
33950
19773
41369
19774
19775
19776
33951
33952
19777
41367
19778
19779
41365
19780
33953
33954
19781
41363
19782
19783
19784
33939
33956
19785
41361
19786
19787
19788
33958
19789
41339
19790
41752
41754
41756
41758
41760
41762
41764
41766
41768
41770
41772
41774
41776
41778
41780
41782
41784
41786
41788
41790
41792
41794
41796
41798
41800
41802
41804
41806
41808
41810
41812
41814
41816
41818
41820
41822
41824
41826
41828
41830
41832
19791
19792
33959
33960
19793
41341
19794
19795
19796
33961
33962
19797
41343
19798
19799
19800
33963
33964
19801
41345
19802
19803
19804
33965
33966
19805
41347
19806
19807
19808
33967
33968
19809
41349
19810
19811
19812
33969
33970
19813
41359
19814
19815
41357
19816
33971
33972
19817
41355
19818
19819
19820
33957
33974
19821
41353
19822
19823
19824
33976
19825
41351
19826
19827
19828
33977
33978
19829
19830
19831
19832
33979
33980
19833
19834
19835
19836
33981
33982
19837
19838
19839
19840
33983
33984
19841
19842
19843
19844
33985
33986
19845
19846
19847
19848
33987
33988
19849
19850
19851
19852
33989
33990
19853
19854
19855
19856
33975
33992
19859
19860
19861
19862
33853
33995
19863
19864
19865
19866
33996
33857
33997
19867
19868
19869
19870
33998
33861
33999
19871
19872
19873
19874
34000
33865
34001
19875
19876
19877
19878
34002
33869
34003
19879
19880
19881
19882
34004
33873
34005
19883
19884
19885
19886
34006
33877
34007
19887
19888
19889
19890
34008
33881
34009
19891
19892
19893
36367
19894
33993
33994
34011
19895
19896
19897
19898
34013
19899
19900
19901
19902
34015
19903
19904
19905
19906
34016
34017
19907
19908
19909
19910
34018
34019
19911
19912
19913
19914
34020
34021
19915
19916
19917
19918
34022
34023
19919
19920
19921
19922
34024
34025
19923
19924
19925
19926
34026
34027
19929
19930
19931
36369
19932
34028
34029
34030
19933
19934
19935
19936
34014
34032
19937
19938
19939
19940
34034
19941
19942
19943
19944
34035
34036
19945
19946
19947
19948
34037
34038
19949
19950
19951
19952
34039
34040
19953
19954
19955
19956
34041
34042
19957
19958
19959
19960
34043
34044
19961
19962
19963
19964
34045
34046
19967
19968
19969
36371
19970
34047
34048
34049
19971
19972
19973
19974
34033
34051
19975
19976
19977
19978
34053
19979
19980
19981
19982
34054
34055
19983
19984
19985
19986
34056
34057
19987
19988
19989
19990
34058
34059
19991
19992
19993
19994
34060
34061
19995
19996
19997
19998
34062
34063
19999
20000
20001
20002
34064
34065
20005
20006
20007
36373
20008
34066
34067
34068
20009
20010
20011
20012
34052
34070
20013
20014
20015
20016
34072
20017
20018
20019
20020
34073
34074
20021
20022
20023
20024
34075
34076
20025
20026
20027
20028
34077
34078
20029
20030
20031
20032
34079
34080
20033
20034
20035
20036
34081
34082
20037
20038
20039
20040
34083
34084
20043
20044
20045
36375
20046
34085
34086
34087
20047
20048
20049
20050
34071
34089
20051
20052
20053
20054
34091
20055
20056
20057
20058
34092
34093
20059
20060
20061
20062
34094
34095
20063
20064
20065
20066
34096
34097
20067
20068
20069
20070
34098
34099
20071
20072
20073
20074
34100
34101
20075
20076
20077
20078
34102
34103
20081
20082
20083
36377
20084
34104
34105
34106
20085
20086
20087
20088
34090
34108
20089
20090
20091
20092
34110
20093
20094
20095
20096
34111
34112
20097
20098
20099
20100
34113
34114
20101
20102
20103
20104
34115
34116
20105
20106
20107
20108
34117
34118
20109
20110
20111
20112
34119
34120
20113
20114
20115
20116
34121
34122
20119
20120
20121
36379
20122
34123
34124
34125
20123
20124
20125
20126
34109
34127
20127
20128
20129
20130
33883
34129
20131
20132
20133
20134
34130
33901
34131
20135
20136
20137
20138
34132
33919
34133
20139
20140
20141
20142
34134
33937
34135
20143
20144
20145
20146
34136
33955
34137
20147
20148
20149
20150
34138
33973
34139
20151
20152
20153
20154
34140
33991
34141
20157
20158
20159
36381
20160
34142
34010
34143
34144
20161
20162
20163
20164
34128
34146
20165
20166
20167
20168
34148
20169
20170
20171
20172
34150
20173
20174
20175
20176
34151
34152
20177
20178
20179
20180
34153
34154
20181
20182
20183
20184
34155
34156
20185
20186
20187
20188
34157
34158
20189
20190
20191
20192
34159
34160
20193
20194
20195
20196
34161
34162
20197
20198
20199
20200
34163
34164
20201
20202
20203
20204
34149
34166
20205
20206
20207
20208
34168
20209
20210
20211
20212
34169
34170
20213
20214
20215
20216
34171
34172
20217
20218
20219
20220
34173
34174
20221
20222
20223
20224
34175
34176
20225
20226
20227
20228
34177
34178
20229
20230
20231
20232
34179
34180
20233
20234
20235
20236
34181
34182
20237
20238
20239
20240
34167
34184
20241
20242
20243
20244
34186
20245
20246
20247
20248
34187
34188
20249
20250
20251
20252
34189
34190
20253
20254
20255
20256
34191
34192
20257
20258
20259
20260
34193
34194
20261
20262
20263
20264
34195
34196
20265
20266
20267
20268
34197
34198
20269
20270
20271
20272
34199
34200
20273
20274
20275
20276
34185
34202
20277
20278
20279
20280
34204
20281
20282
20283
20284
34205
34206
20285
20286
20287
20288
34207
34208
20289
20290
20291
20292
34209
34210
20293
20294
20295
20296
34211
34212
20297
20298
20299
20300
34213
34214
20301
20302
20303
20304
34215
34216
20305
20306
20307
20308
34217
34218
20309
20310
20311
20312
34203
34220
20313
20314
20315
20316
34222
20317
20318
20319
20320
34223
34224
20321
20322
20323
20324
34225
34226
20325
20326
20327
20328
34227
34228
20329
20330
20331
20332
34229
34230
20333
20334
20335
20336
34231
34232
20337
20338
20339
20340
34233
34234
20341
20342
20343
20344
34235
34236
20345
41445
20346
20347
20348
34221
34238
20349
41443
20350
20351
20352
34240
20353
41441
20354
20355
20356
34241
34242
20357
20358
20359
20360
34243
34244
20361
20362
20363
20364
34245
34246
20365
20366
20367
20368
34247
34248
20369
20370
20371
20372
34249
34250
20373
20374
20375
20376
34251
34252
20377
20378
20379
20380
34253
34254
20381
20382
20383
20384
34239
34256
20385
20386
20387
20388
34012
34258
20389
20390
20391
20392
34259
34031
34260
20393
20394
20395
20396
34261
34050
34262
20397
20398
20399
20400
34263
34069
34264
20401
20402
20403
20404
34265
34088
34266
20405
20406
20407
20408
34267
34107
34268
20409
20410
20411
20412
34269
34126
34270
20413
20414
20415
20416
34271
34145
34272
20417
20418
20419
20420
34257
34274
20421
20422
20423
20424
34276
20425
20426
20427
20428
34278
20429
20430
20431
20432
34279
34280
20433
20434
20435
20436
34281
34282
20437
20438
20439
20440
34283
34284
20441
20442
20443
20444
34285
34286
20445
20446
20447
20448
34287
34288
20449
20450
20451
20452
34289
34290
20453
20454
20455
20456
34291
34292
20457
20458
20459
20460
34277
34294
20461
20462
20463
20464
34296
20465
20466
20467
20468
34297
34298
20469
41834
41447
20470
20471
20472
34299
34300
20473
41836
41449
20474
20475
20476
34301
34302
20477
41838
41451
20478
20479
20480
34303
34304
20481
41840
41453
20482
20483
20484
34305
34306
20485
41842
41455
20486
20487
20488
34307
34308
20489
41844
41457
20490
20491
20492
34309
34310
20493
41846
41459
20494
20495
20496
34295
34312
20497
41848
41461
20498
20499
20500
32795
34314
20501
41463
20502
20503
20504
34315
32813
34316
20505
41465
20506
20507
20508
34317
32831
34318
20509
41467
20510
20511
20512
34319
32849
34320
20513
20514
20515
20516
34321
32867
34322
20517
41850
41469
20518
20519
20520
34323
32885
34324
20521
41852
41471
20522
20523
20524
34325
32903
34326
20525
41854
41473
20526
20527
20528
34327
32921
34328
20529
41856
41475
20530
20531
20532
34313
34330
20533
41858
41477
20534
20535
20536
34332
20537
20538
20539
20540
34334
20541
41860
41479
20542
20543
20544
34335
34336
20545
41862
41481
20546
20547
20548
34337
34338
20549
41864
41483
20550
20551
20552
34339
34340
20553
41866
41485
20554
20555
20556
34333
34342
20557
20558
20559
20560
34344
20561
41868
41487
20562
20563
20564
34345
34346
20565
41870
41489
20566
20567
20568
34347
34348
20569
41872
41491
20570
20571
20572
34349
34350
20573
41874
41493
20574
20575
20576
34343
34352
20577
41876
41833
20578
20579
20580
34354
20581
41878
41495
20582
20583
20584
34355
34356
20585
41880
41751
20586
20587
20588
34357
34358
20589
41882
41729
20590
20591
20592
34359
34360
20593
41884
41497
20594
20595
41725
41727
20596
34353
32923
34362
20597
41886
41499
20598
20599
41721
41723
20600
34364
20601
41888
41579
20602
20603
20604
34366
20605
41890
41501
20606
20607
20608
34367
34368
20609
41892
41503
20610
20611
20612
34369
34370
20613
41894
41505
20614
20615
20616
34371
32941
34372
20617
41896
41507
20618
20619
41575
41577
20620
34365
34374
20621
41898
41509
20622
20623
20624
34376
20625
41900
41511
20626
20627
20628
34377
34378
20629
41902
41513
20630
20631
20632
34379
34380
20633
41904
41515
20634
20635
20636
34381
32959
34382
20637
41906
41517
20638
20639
41571
41573
20640
34375
34384
20641
41908
41519
20642
20643
20644
32979
34386
20645
41910
41521
20646
20647
20648
34387
32989
34388
20649
41912
41523
20650
20651
20652
34389
32999
34390
20653
41914
41525
20654
20655
20656
34391
32977
33009
34392
20657
41916
41527
20658
20659
41567
41569
20660
34385
34394
20661
41918
41529
20662
20663
41717
41719
20664
34396
20665
41920
41531
20666
20667
20668
34398
20669
41922
41533
20670
20671
20672
34399
34400
20673
41924
41535
20674
20675
20676
34401
34402
20677
41926
41537
20678
20679
20680
34403
34404
20681
41928
41539
20682
20683
41713
41715
20684
34397
34406
20685
41930
41541
20686
20687
20688
34408
20689
41932
41543
20690
20691
20692
34409
34410
20693
41934
41545
20694
20695
20696
34411
34412
20697
41936
41547
20698
20699
20700
34413
34414
20701
41938
41549
20702
20703
41709
41711
20704
34407
34416
20705
41940
41551
20706
20707
20708
33011
34418
20709
41942
41553
20710
20711
20712
34419
33021
34420
20713
41944
41555
20714
20715
20716
34421
33031
34422
20717
41946
41557
20718
20719
20720
34423
33041
34424
20721
41948
41559
20722
20723
41705
41707
20724
34417
34426
20725
41950
41561
20726
20727
41701
41703
20728
34428
20729
41952
41563
20730
20731
20732
34430
20733
41954
41565
20734
41956
20735
20736
34431
34432
20737
41958
41960
41962
41964
41966
41968
41970
41972
41974
41976
41978
41980
41982
41984
41986
41589
20738
20739
20740
34433
34434
20741
41581
20742
20743
20744
34435
34436
20745
41988
41583
20746
20747
41697
41699
20748
34429
34438
20749
41990
41585
20750
20751
20752
34440
20753
41992
41587
20754
41994
20755
20756
34441
34442
20757
41996
41599
20758
20759
20760
34443
34444
20761
41591
20762
20763
20764
34445
34446
20765
41998
41593
20766
20767
41693
41695
20768
34439
34448
20769
42000
41595
20770
20771
20772
33043
34450
20773
42002
41597
20774
42004
20775
20776
34451
33053
34452
20777
42006
41613
20778
20779
20780
34453
33063
34454
20781
41601
20782
20783
20784
34455
33073
34456
20785
42008
41607
20786
20787
41689
41691
20788
34449
34458
20789
41605
20790
20791
20792
34460
20793
42010
42012
42014
41609
20794
20795
20796
34462
20797
42016
41611
20798
42018
20799
20800
34463
34464
20801
42020
41625
20802
20803
20804
34465
34466
20805
41619
20806
20807
20808
34467
34468
20809
41617
20810
20811
20812
34461
34470
20813
42022
42024
42026
41621
20814
20815
20816
34472
20817
42028
41623
20818
42030
20819
20820
34473
34474
20821
42032
41637
20822
20823
20824
34475
34476
20825
41631
20826
20827
20828
34477
34478
20829
41629
20830
20831
20832
34471
34480
20833
42034
42036
42038
41633
20834
20835
20836
33075
34482
20837
42040
41635
20838
42042
20839
20840
34483
33085
34484
20841
42044
41675
20842
20843
20844
34485
33095
34486
20845
41643
20846
20847
20848
34487
33105
34488
20849
41641
20850
20851
20852
34481
34490
20853
34491
20854
42046
42048
42050
41661
20855
26503
20856
41657
41659
20857
33191
33849
34492
20858
41655
20859
27034
20860
41653
20861
27033
34494
20862
41651
20863
27037
20864
20865
34496
20866
41649
20867
27064
20868
41647
20869
27063
34498
20870
41645
20871
27067
20872
20873
34497
34500
20874
41673
20875
27094
20876
41671
20877
27093
34502
20878
41669
20879
27097
20880
20881
34501
34504
20882
41667
20883
27124
20884
41665
20885
27123
34506
20886
41663
20887
27127
20888
20889
34505
34508
20890
41687
20891
27154
20892
41685
20893
27153
34510
20894
41683
20895
27157
20896
20897
34509
34512
20898
41681
20899
27184
20900
41679
20901
27183
34514
20902
41677
20903
27187
20904
20905
34513
34516
20906
41749
20907
27214
20908
41747
20909
27213
34518
20910
41745
20911
27217
42052
20912
20913
34517
34520
20914
41743
20915
27244
20916
41741
20917
34493
27243
34522
20918
41739
20919
27271
20920
41737
20921
34521
27270
34524
20922
41735
20923
27274
20924
20925
34526
20926
41733
20927
27277
42054
42056
42058
42060
42062
42064
42066
42068
42070
42072
42074
42076
42078
20928
20929
34528
20930
41731
20931
27280
42080
42082
42084
42086
42088
42090
20932
20933
34529
34530
20934
41831
20935
27283
20936
20937
34531
34532
20938
41829
20939
27286
20940
20941
34533
34534
20942
41827
20943
27289
20944
20945
34535
34536
20946
41825
20947
27292
20948
20949
34537
34538
20950
41823
20951
27295
20952
20953
34539
34540
20954
41821
20955
27322
20956
41819
20957
34541
27321
34542
20958
41817
20959
27325
20960
20961
34527
34544
20962
41815
20963
27328
20964
20965
34546
20966
41813
20967
27331
20968
20969
34547
34548
20970
41811
20971
27334
20972
20973
34549
34550
20974
41809
20975
27337
20976
20977
34551
34552
20978
41807
20979
27340
20980
20981
34553
34554
20982
41805
20983
27343
20984
20985
34555
34556
20986
41803
20987
27346
20988
20989
34557
34558
20990
41801
20991
27373
20992
41799
20993
34559
27372
34560
20994
41797
20995
27376
20996
20997
34545
34562
20998
41795
20999
27379
21000
21001
34564
21002
41793
21003
27382
21004
21005
34565
34566
21006
41791
21007
27385
21008
21009
34567
34568
21010
41789
21011
27388
21012
21013
34569
34570
21014
41787
21015
27391
21016
21017
34571
34572
21018
41785
21019
27394
21020
21021
34573
34574
21022
41783
21023
27397
21024
21025
34575
34576
21026
41781
21027
27424
21028
41779
21029
34577
27423
34578
21030
41777
21031
27427
21032
21033
34563
34580
21034
41775
21035
27430
21036
21037
34582
21038
41773
21039
27433
21040
21041
34583
34584
21042
41771
21043
27436
21044
21045
34585
34586
21046
41769
21047
27439
21048
21049
34587
34588
21050
41767
21051
27442
21052
21053
34589
34590
21054
41765
21055
27445
21056
21057
34591
34592
21058
41763
21059
27448
21060
21061
34593
34594
21062
41761
21063
27475
21064
41759
21065
34595
27474
34596
21066
41757
21067
27478
21068
21069
34581
34598
21070
41755
21071
27481
21072
21073
34600
21074
41753
21075
27484
21076
21077
34601
34602
21078
21079
27487
21080
21081
34603
34604
21082
21083
27490
21084
21085
34605
34606
21086
21087
27493
21088
21089
34607
34608
21090
21091
27496
21092
21093
34609
34610
21094
21095
27499
21096
21097
34611
34612
21098
21099
27526
21100
21101
34613
27525
34614
21102
21103
27529
21104
21105
34599
34616
21106
21107
27532
21108
21109
34618
21110
21111
27535
21112
21113
34619
34620
21114
21115
27538
21116
21117
34621
34622
21118
21119
27541
21120
21121
34623
34624
21122
21123
27544
21124
21125
34625
34626
21126
21127
27547
21128
21129
34627
34628
21130
21131
27550
21132
21133
34629
34630
21134
21135
27577
21136
21137
34631
27576
34632
21138
21139
27580
21140
21141
34617
34634
21144
21145
27584
21146
21147
34495
34637
21148
21149
27587
21150
21151
34638
34499
34639
21152
21153
27590
21154
21155
34640
34503
34641
21156
21157
27593
21158
21159
34642
34507
34643
21160
21161
27596
21162
21163
34644
34511
34645
21164
21165
27599
21166
21167
34646
34515
34647
21168
21169
27602
21170
21171
34648
34519
34649
21172
21173
27629
21174
21175
34650
34523
27628
34651
21176
21177
27632
21178
36383
21179
34635
34636
34653
21180
21181
27635
21182
21183
34655
21184
21185
27638
21186
21187
34657
21188
21189
27641
21190
21191
34658
34659
21192
21193
27644
21194
21195
34660
34661
21196
21197
27647
21198
21199
34662
34663
21200
21201
27650
21202
21203
34664
34665
21204
21205
27653
21206
21207
34666
34667
21208
21209
27656
21210
21211
34668
34669
21214
21215
27660
21216
36385
21217
34670
34671
34672
21218
21219
27663
21220
21221
34656
34674
21222
21223
27666
21224
21225
34676
21226
21227
27669
21228
21229
34677
34678
21230
21231
27672
21232
21233
34679
34680
21234
21235
27675
21236
21237
34681
34682
21238
21239
27678
21240
21241
34683
34684
21242
21243
27681
21244
21245
34685
34686
21246
21247
27684
21248
21249
34687
34688
21252
21253
27688
21254
36387
21255
34689
34690
34691
21256
21257
27691
21258
21259
34675
34693
21260
21261
27694
21262
21263
34695
21264
21265
27697
21266
21267
34696
34697
21268
21269
27700
21270
21271
34698
34699
21272
21273
27703
21274
21275
34700
34701
21276
21277
27706
21278
21279
34702
34703
21280
21281
27709
21282
21283
34704
34705
21284
21285
27712
21286
21287
34706
34707
21290
21291
27716
21292
36389
21293
34708
34709
34710
21294
21295
27719
21296
21297
34694
34712
21298
21299
27722
21300
21301
34714
21302
21303
27725
21304
21305
34715
34716
21306
21307
27728
21308
21309
34717
34718
21310
21311
27731
21312
21313
34719
34720
21314
21315
27734
21316
21317
34721
34722
21318
21319
27737
21320
21321
34723
34724
21322
21323
27740
21324
21325
34725
34726
21328
21329
27744
21330
36391
21331
34727
34728
34729
21332
21333
27747
21334
21335
34713
34731
21336
21337
27750
21338
21339
34733
21340
21341
27753
21342
21343
34734
34735
21344
21345
27756
21346
21347
34736
34737
21348
21349
27759
21350
21351
34738
34739
21352
21353
27762
21354
21355
34740
34741
21356
21357
27765
21358
21359
34742
34743
21360
21361
27768
21362
21363
34744
34745
21366
21367
27772
21368
36393
21369
34746
34747
34748
21370
21371
27775
21372
21373
34732
34750
21374
21375
27778
21376
21377
34752
21378
21379
27781
21380
21381
34753
34754
21382
21383
27784
21384
21385
34755
34756
21386
21387
27787
21388
21389
34757
34758
21390
21391
27790
21392
21393
34759
34760
21394
21395
27793
21396
21397
34761
34762
21398
21399
27796
21400
21401
34763
34764
21404
21405
27800
21406
36395
21407
34765
34766
34767
21408
21409
27803
21410
21411
34751
34769
21412
21413
27806
21414
21415
34525
34771
21416
21417
27809
21418
21419
34772
34543
34773
21420
21421
27812
21422
21423
34774
34561
34775
21424
21425
27815
21426
21427
34776
34579
34777
21428
21429
27818
21430
21431
34778
34597
34779
21432
21433
27821
21434
21435
34780
34615
34781
21436
21437
27824
21438
21439
34782
34633
34783
21442
21443
27828
21444
36397
21445
34784
34652
34785
34786
21446
21447
27831
21448
21449
34770
34788
21450
21451
21452
21453
34790
21454
21455
28569
21456
21457
34792
21458
21459
28572
21460
21461
34793
34794
21462
21463
28575
21464
21465
34795
34796
21466
21467
28578
21468
21469
34797
34798
21470
21471
28581
21472
21473
34799
34800
21474
21475
28584
21476
21477
34801
34802
21478
21479
28587
21480
21481
34803
34804
21482
21483
28590
21484
21485
34805
34806
21486
21487
21488
21489
34791
34808
21490
21491
28628
21492
21493
34810
21494
21495
28631
21496
21497
34811
34812
21498
21499
28634
21500
21501
34813
34814
21502
21503
28637
21504
21505
34815
34816
21506
21507
28640
21508
21509
34817
34818
21510
21511
28643
21512
21513
34819
34820
21514
21515
28646
21516
21517
34821
34822
21518
21519
28649
21520
21521
34823
34824
21522
21523
21524
21525
34809
34826
21526
21527
28687
21528
21529
34828
21530
21531
28690
21532
21533
34829
34830
21534
21535
28693
21536
21537
34831
34832
21538
21539
28696
21540
21541
34833
34834
21542
21543
28699
21544
21545
34835
34836
21546
21547
28702
21548
21549
34837
34838
21550
21551
28705
21552
21553
34839
34840
21554
21555
28708
21556
21557
34841
34842
21558
21559
21560
21561
34827
34844
21562
21563
28746
21564
21565
34846
21566
21567
28749
21568
21569
34847
34848
21570
21571
28752
21572
21573
34849
34850
21574
21575
28755
21576
21577
34851
34852
21578
21579
28758
21580
21581
34853
34854
21582
21583
28761
21584
21585
34855
34856
21586
21587
28764
21588
21589
34857
34858
21590
21591
28767
21592
21593
34859
34860
21594
21595
21596
21597
34845
34862
21598
21599
28805
21600
21601
34864
21602
21603
28808
21604
21605
34865
34866
21606
21607
28811
21608
21609
34867
34868
21610
21611
28814
21612
21613
34869
34870
21614
21615
28817
21616
21617
34871
34872
21618
21619
28820
21620
21621
34873
34874
21622
21623
28823
21624
21625
34875
34876
21626
21627
28826
21628
21629
34877
34878
21630
21631
21632
21633
34863
34880
21634
21635
28864
21636
21637
34882
21638
21639
28867
21640
21641
34883
34884
21642
21643
28870
21644
21645
34885
34886
21646
21647
28873
21648
21649
34887
34888
21650
21651
28876
21652
21653
34889
34890
21654
21655
28879
21656
21657
34891
34892
21658
21659
28882
21660
21661
34893
34894
21662
21663
28885
21664
21665
34895
34896
21666
21667
21668
21669
34881
34898
21670
21671
28923
21672
21673
34654
34900
21674
21675
28926
21676
21677
34901
34673
34902
21678
21679
28929
21680
21681
34903
34692
34904
21682
21683
28932
21684
21685
34905
34711
34906
21686
21687
28935
21688
21689
34907
34730
34908
21690
21691
28938
21692
21693
34909
34749
34910
21694
21695
28941
21696
21697
34911
34768
34912
21698
21699
28944
21700
21701
34913
34787
34914
21702
21703
21704
21705
34899
34916
21706
21707
21708
21709
34918
21710
21711
21712
21713
34920
21714
21715
21716
21717
34921
34922
21718
21719
21720
21721
34923
34924
21722
21723
21724
21725
34925
34926
21726
21727
21728
21729
34927
34928
21730
21731
21732
21733
34929
34930
21734
21735
21736
21737
34931
34932
21738
21739
21740
21741
34933
34934
21742
21743
21744
21745
34919
34936
21746
21747
21748
21749
34938
21750
41835
21751
21752
21753
34939
34940
21754
41837
21755
21756
21757
34941
34942
21758
41839
21759
21760
21761
34943
34944
21762
41841
21763
21764
21765
34945
34946
21766
41843
21767
21768
21769
34947
34948
21770
41845
21771
21772
21773
34949
34950
21774
41847
21775
21776
21777
34951
34952
21778
41849
21779
21780
21781
34937
34954
21782
21783
21784
21785
33489
34956
21786
21787
21788
21789
34957
33507
34958
21790
21791
21792
21793
34959
33525
34960
21794
21795
21796
21797
34961
33543
34962
21798
41851
21799
21800
21801
34963
33561
34964
21802
41853
21803
21804
21805
34965
33579
34966
21806
41855
21807
21808
21809
34967
33597
34968
21810
41857
21811
21812
21813
34969
33615
34970
21814
41859
21815
21816
21817
34955
34972
21818
42091
21819
21820
42087
42089
21821
34974
21822
41861
21823
21824
21825
34976
21826
42092
41863
21827
21828
21829
34977
34978
21830
42094
41865
21831
21832
21833
34979
34980
21834
42096
41867
21835
21836
21837
34981
34982
21838
42098
41987
21839
21840
41983
41985
21841
34975
34984
21842
42100
41869
21843
21844
21845
34986
21846
42102
41871
21847
21848
21849
34987
34988
21850
42104
41873
21851
21852
21853
34989
34990
21854
42106
41875
21855
21856
21857
34991
34992
21858
42108
41877
21859
21860
41979
41981
21861
34985
34994
21862
42110
41879
21863
21864
21865
34996
21866
42112
41881
21867
21868
21869
34997
34998
21870
42114
41883
21871
21872
21873
34999
35000
21874
42116
41885
21875
21876
21877
35001
35002
21878
42118
41887
21879
21880
41975
41977
21881
34995
33617
35004
21882
42120
41889
21883
21884
41971
41973
21885
35006
21886
42122
41891
21887
21888
21889
35008
21890
42124
41893
21891
21892
21893
35009
35010
21894
42126
41895
21895
21896
21897
35011
35012
21898
42128
41897
21899
21900
21901
35013
33635
35014
21902
42130
41899
21903
21904
41967
41969
21905
35007
35016
21906
42132
41901
21907
21908
21909
35018
21910
42134
41903
21911
21912
21913
35019
35020
21914
42136
41905
21915
21916
21917
35021
35022
21918
42138
41907
21919
21920
21921
35023
33653
35024
21922
42140
41909
21923
21924
41963
41965
21925
35017
35026
21926
42142
41911
21927
21928
21929
33673
35028
21930
42144
41913
21931
21932
21933
35029
33683
35030
21934
42146
41915
21935
21936
21937
35031
33693
35032
21938
42148
41917
21939
21940
21941
35033
33671
33703
35034
21942
42150
41919
21943
21944
41959
41961
21945
35027
35036
21946
41921
21947
21948
42083
42085
21949
35038
21950
42152
41923
21951
21952
21953
35040
21954
42154
41925
21955
42156
21956
21957
35041
35042
21958
42158
41927
21959
21960
21961
35043
35044
21962
41929
21963
21964
21965
35045
35046
21966
42160
41931
21967
21968
42079
42081
21969
35039
35048
21970
42162
41933
21971
21972
21973
35050
21974
42164
41935
21975
42166
21976
21977
35051
35052
21978
42168
41937
21979
21980
21981
35053
35054
21982
41939
21983
21984
21985
35055
35056
21986
42170
41941
21987
21988
42075
42077
21989
35049
35058
21990
42172
41943
21991
21992
21993
33705
35060
21994
42174
41945
21995
42176
21996
21997
35061
33715
35062
21998
42178
41947
21999
22000
22001
35063
33725
35064
22002
41949
22003
22004
22005
35065
33735
35066
22006
42180
41951
22007
22008
42071
42073
22009
35059
35068
22010
42182
41953
22011
22012
42067
42069
22013
35070
22014
42184
41955
22015
22016
22017
35072
22018
42186
41957
22019
42188
22020
22021
35073
35074
22022
42190
41997
22023
22024
22025
35075
35076
22026
41989
22027
22028
22029
35077
35078
22030
42192
41991
22031
22032
42063
42065
22033
35071
35080
22034
42194
41993
22035
22036
22037
35082
22038
42196
41995
22039
42198
22040
22041
35083
35084
22042
42200
42007
22043
22044
22045
35085
35086
22046
41999
22047
22048
22049
35087
35088
22050
42202
42001
22051
22052
42059
42061
22053
35081
35090
22054
42204
42003
22055
22056
22057
33737
35092
22058
42206
42005
22059
42208
22060
22061
35093
33747
35094
22062
42210
42021
22063
22064
22065
35095
33757
35096
22066
42009
22067
22068
22069
35097
33767
35098
22070
42212
42015
22071
22072
42055
42057
22073
35091
35100
22074
42013
22075
22076
22077
35102
22078
42214
42216
42218
42017
22079
22080
22081
35104
22082
42220
42019
22083
42222
22084
22085
35105
35106
22086
42224
42033
22087
22088
22089
35107
35108
22090
42027
22091
42226
22092
22093
35109
35110
22094
42025
22095
22096
22097
35103
35112
22098
42228
42029
22099
22100
22101
35114
22102
42230
42031
22103
42232
22104
22105
35115
35116
22106
42234
42236
42045
22107
22108
22109
35117
35118
22110
42039
22111
42238
22112
22113
35119
35120
22114
42037
22115
22116
22117
35113
35122
22118
42240
42041
22119
22120
22121
33769
35124
22122
42242
42043
22123
42244
22124
22125
35125
33779
35126
22126
42246
42248
42053
22127
22128
22129
35127
33789
35128
22130
42051
22131
42250
22132
22133
35129
33799
35130
22134
42049
22135
22136
22137
35123
35132
22138
35133
22139
22140
28566
22141
22142
35134
22143
22144
28625
22145
22146
35135
35136
22147
22148
28684
22149
22150
35137
35138
22151
22152
28743
22153
22154
35139
35140
22155
22156
28802
22157
22158
35141
35142
22159
22160
28861
22161
22162
35143
35144
22163
22164
28920
22165
22166
35145
35146
22167
22168
28979
22169
22170
35147
35148
22171
22172
22173
22174
35150
22175
22176
29961
22177
22178
35152
22179
22180
29964
22181
22182
35153
35154
22183
22184
29967
22185
22186
35155
35156
22187
22188
29970
22189
22190
35157
35158
22191
22192
29973
22193
22194
35159
35160
22195
22196
29976
22197
22198
35161
35162
22199
22200
29979
22201
22202
35163
35164
22203
22204
29982
22205
22206
35165
35166
22207
22208
22209
22210
35151
35168
22211
22212
30020
22213
22214
35170
22215
22216
30023
22217
22218
35171
35172
22219
22220
30026
22221
22222
35173
35174
22223
22224
30029
22225
22226
35175
35176
22227
22228
30032
22229
22230
35177
35178
22231
22232
30035
22233
22234
35179
35180
22235
22236
30038
22237
22238
35181
35182
22239
22240
30041
22241
22242
35183
35184
22243
22244
22245
22246
35169
35186
22247
22248
30079
22249
22250
34147
34789
35188
22251
22252
30082
22253
22254
35189
34165
34807
35190
22255
22256
30085
22257
22258
35191
34183
34825
35192
22259
22260
30088
22261
22262
35193
34201
34843
35194
22263
22264
30091
22265
22266
35195
34219
34861
35196
22267
22268
30094
22269
22270
35197
34237
34879
35198
22271
22272
30097
22273
22274
35199
34255
34897
35200
22275
22276
30100
22277
22278
35201
34273
34915
35202
22279
22280
22281
22282
35187
35204
22283
22284
22285
22286
35206
22287
42093
22288
22289
22290
35208
22291
42095
22292
22293
22294
35209
35210
22295
42097
22296
22297
22298
35211
35212
22299
42099
22300
22301
22302
35213
35214
22303
42101
22304
22305
22306
35207
35216
22307
42103
22308
22309
22310
35218
22311
42105
22312
22313
22314
35219
35220
22315
42107
22316
22317
22318
35221
35222
22319
42109
22320
22321
22322
35223
35224
22323
42111
22324
22325
22326
35217
35226
22327
42113
22328
22329
22330
35228
22331
42115
22332
22333
22334
35229
35230
22335
42117
22336
22337
22338
35231
35232
22339
42119
22340
22341
22342
35233
35234
22343
42121
22344
22345
22346
35227
34275
35236
22347
42123
22348
22349
22350
35238
22351
42125
22352
22353
22354
35240
22355
42127
22356
22357
22358
35241
35242
22359
42129
22360
22361
22362
35243
35244
22363
42131
22364
22365
22366
35245
34293
35246
22367
42133
22368
22369
22370
35239
35248
22371
42135
22372
22373
22374
35250
22375
42137
22376
22377
22378
35251
35252
22379
42139
22380
22381
22382
35253
35254
22383
42141
22384
22385
22386
35255
34311
35256
22387
42143
22388
22389
22390
35249
35258
22391
42145
22392
22393
22394
34331
35260
22395
42147
22396
22397
22398
35261
34341
35262
22399
42149
22400
22401
22402
35263
34351
35264
22403
42151
22404
22405
22406
35265
34329
34361
35266
22407
42159
22408
22409
22410
35259
35268
22411
42153
22412
22413
22414
35270
22415
42155
22416
22417
22418
35272
22419
42252
42254
42157
22420
22421
22422
35273
35274
22423
42256
42169
22424
22425
22426
35275
35276
22427
42258
42161
22428
22429
22430
35277
35278
22431
42260
42163
22432
22433
22434
35271
35280
22435
42262
42165
22436
22437
22438
35282
22439
42264
42167
22440
22441
22442
35283
35284
22443
42266
42179
22444
22445
22446
35285
35286
22447
42268
42171
22448
22449
22450
35287
35288
22451
42270
42173
22452
22453
22454
35281
35290
22455
42272
42175
22456
22457
22458
34363
35292
22459
42274
42177
22460
22461
22462
35293
34373
35294
22463
42276
42191
22464
22465
22466
35295
34383
35296
22467
42278
42181
22468
22469
22470
35297
34393
35298
22471
42280
42183
22472
22473
22474
35291
35300
22475
42282
42185
22476
22477
22478
35302
22479
42284
42187
22480
22481
22482
35304
22483
42286
42189
22484
22485
22486
35305
35306
22487
42288
42201
22488
22489
22490
35307
35308
22491
42290
42193
22492
22493
22494
35309
35310
22495
42292
42195
22496
22497
22498
35303
35312
22499
42294
42197
22500
22501
22502
35314
22503
42296
42199
22504
22505
22506
35315
35316
22507
42298
42211
22508
22509
22510
35317
35318
22511
42300
42203
22512
22513
22514
35319
35320
22515
42302
42205
22516
22517
22518
35313
35322
22519
42304
42207
22520
22521
22522
34395
35324
22523
42306
42209
22524
22525
22526
35325
34405
35326
22527
42308
42225
22528
22529
22530
35327
34415
35328
22531
42310
42213
22532
22533
22534
35329
34425
35330
22535
42312
42219
22536
22537
22538
35323
35332
22539
42217
22540
22541
22542
35334
22543
42314
42316
42318
42221
22544
22545
22546
35336
22547
42320
42223
22548
22549
22550
35337
35338
22551
42322
42237
22552
22553
22554
35339
35340
22555
42324
42227
22556
22557
22558
35341
35342
22559
42235
22560
22561
22562
35335
35344
22563
42326
42328
42330
42231
22564
22565
22566
35346
22567
42332
42233
22568
22569
22570
35347
35348
22571
42334
42249
22572
22573
22574
35349
35350
22575
42336
42239
22576
22577
22578
35351
35352
22579
42247
22580
22581
22582
35345
35354
22583
42338
42340
42342
42243
22584
22585
22586
34427
35356
22587
42344
42245
22588
22589
22590
35357
34437
35358
22591
22592
22593
22594
35359
34447
35360
22595
42251
22596
22597
22598
35361
34457
35362
22599
22600
22601
22602
35355
35364
22603
35365
22604
22605
29958
22606
22607
35366
22608
22609
30017
22610
22611
35367
35368
22612
22613
30076
22614
22615
35369
35370
22616
22617
30135
22618
22619
35371
35372
22620
22621
22622
22623
35374
22624
22625
31121
22626
22627
35376
22628
22629
31124
22630
22631
35377
35378
22632
22633
31127
22634
22635
35379
35380
22636
22637
31130
22638
22639
35381
35382
22640
22641
22642
22643
35375
35384
22644
22645
31152
22646
22647
35386
22648
22649
31155
22650
22651
35387
35388
22652
22653
31158
22654
22655
35389
35390
22656
22657
31161
22658
22659
35391
35392
22660
22661
22662
22663
35385
35394
22664
22665
31183
22666
22667
35396
22668
22669
31186
22670
22671
35397
35398
22672
22673
31189
22674
22675
35399
35400
22676
22677
31192
22678
22679
35401
35402
22680
22681
22682
22683
35395
34917
35404
22684
22685
22686
22687
35406
22688
22689
22690
22691
35408
22692
22693
22694
22695
35409
35410
22696
22697
22698
22699
35411
35412
22700
22701
22702
22703
35413
34935
35414
22704
22705
22706
22707
35407
35416
22708
22709
22710
22711
35418
22712
22713
22714
22715
35419
35420
22716
22717
22718
22719
35421
35422
22720
22721
22722
22723
35423
34953
35424
22724
22725
22726
22727
35417
35426
22728
22729
22730
22731
34973
35428
22732
22733
22734
22735
35429
34983
35430
22736
22737
22738
22739
35431
34993
35432
22740
22741
22742
22743
35433
34971
35003
35434
22744
22745
22746
22747
35427
35436
22748
22749
22750
22751
35438
22752
42255
22753
22754
22755
35440
22756
42257
22757
22758
22759
35441
35442
22760
42259
22761
22762
22763
35443
35444
22764
42261
22765
22766
22767
35445
35446
22768
42263
22769
22770
22771
35439
35448
22772
42265
22773
22774
22775
35450
22776
42267
22777
22778
22779
35451
35452
22780
42269
22781
22782
22783
35453
35454
22784
42271
22785
22786
22787
35455
35456
22788
42273
22789
22790
22791
35449
35458
22792
42275
22793
22794
22795
35005
35460
22796
42277
22797
22798
22799
35461
35015
35462
22800
42279
22801
22802
22803
35463
35025
35464
22804
42281
22805
22806
22807
35465
35035
35466
22808
42283
22809
22810
22811
35459
35468
22812
42285
22813
22814
22815
35470
22816
42287
22817
22818
22819
35472
22820
42346
42348
42289
22821
22822
22823
35473
35474
22824
42350
42291
22825
22826
22827
35475
35476
22828
42352
42293
22829
22830
22831
35477
35478
22832
42354
42295
22833
22834
22835
35471
35480
22836
42356
42297
22837
22838
22839
35482
22840
42358
42299
22841
22842
22843
35483
35484
22844
42360
42301
22845
22846
22847
35485
35486
22848
42362
42303
22849
22850
22851
35487
35488
22852
42364
42305
22853
22854
22855
35481
35490
22856
42366
42307
22857
22858
22859
35037
35492
22860
42368
42309
22861
22862
22863
35493
35047
35494
22864
42370
42311
22865
22866
22867
35495
35057
35496
22868
42372
42313
22869
22870
22871
35497
35067
35498
22872
42374
42319
22873
22874
22875
35491
35500
22876
42317
22877
22878
22879
35502
22880
42376
42378
42380
42321
22881
22882
22883
35504
22884
42382
42323
22885
22886
22887
35505
35506
22888
42384
42325
22889
22890
22891
35507
35508
22892
42386
42331
22893
22894
22895
35509
35510
22896
42329
22897
22898
22899
35503
35512
22900
42388
42390
42392
42333
22901
22902
22903
35514
22904
42394
42335
22905
22906
22907
35515
35516
22908
42396
42337
22909
22910
22911
35517
35518
22912
42398
42343
22913
22914
22915
35519
35520
22916
42341
22917
22918
22919
35513
35522
22920
42400
42402
42404
42345
22921
22922
22923
35069
35524
22924
22925
22926
22927
35525
35079
35526
22928
22929
22930
22931
35527
35089
35528
22932
22933
22934
22935
35529
35099
35530
22936
22937
22938
22939
35523
35532
22940
35533
22941
22942
31118
22943
22944
35534
22945
22946
31149
22947
22948
35535
35536
22949
22950
31180
22951
22952
35537
35538
22953
22954
31211
22955
22956
35539
35149
35540
22957
22958
22959
22960
35542
22961
22962
31361
22963
22964
35544
22965
22966
31364
22967
22968
35545
35546
22969
22970
31367
22971
22972
35547
35548
22973
22974
31370
22975
22976
35549
35167
35550
22977
22978
22979
22980
35543
35552
22981
22982
31392
22983
22984
35554
22985
22986
31395
22987
22988
35555
35556
22989
22990
31398
22991
22992
35557
35558
22993
22994
31401
22995
22996
35559
35185
35560
22997
22998
22999
23000
35553
35562
23001
23002
31423
23003
23004
35205
35373
35564
23005
23006
31426
23007
23008
35565
35215
35383
35566
23009
23010
31429
23011
23012
35567
35225
35393
35568
23013
23014
31432
23015
23016
35569
35203
35235
35403
35570
23017
23018
23019
23020
35563
35572
23021
23022
23023
23024
35574
23025
23026
23027
23028
35576
23029
23030
23031
23032
35577
35578
23033
23034
23035
23036
35579
35580
23037
23038
23039
23040
35581
35582
23041
23042
23043
23044
35575
35584
23045
23046
23047
23048
35586
23049
23050
23051
23052
35587
35588
23053
23054
23055
23056
35589
35590
23057
23058
23059
23060
35591
35592
23061
23062
23063
23064
35585
35594
23065
23066
23067
23068
35237
35596
23069
23070
23071
23072
35597
35247
35598
23073
23074
23075
23076
35599
35257
35600
23077
23078
23079
23080
35601
35267
35602
23081
23082
23083
23084
35595
35604
23085
23086
23087
23088
35606
23089
42349
23090
23091
23092
35608
23093
42351
23094
23095
23096
35609
35610
23097
42353
23098
23099
23100
35611
35612
23101
42355
23102
23103
23104
35613
35614
23105
42357
23106
23107
23108
35607
35616
23109
42359
23110
23111
23112
35618
23113
42361
23114
23115
23116
35619
35620
23117
42363
23118
23119
23120
35621
35622
23121
42365
23122
23123
23124
35623
35624
23125
42367
23126
23127
23128
35617
35626
23129
42369
23130
23131
23132
35269
35628
23133
42371
23134
23135
23136
35629
35279
35630
23137
42373
23138
23139
23140
35631
35289
35632
23141
42375
23142
23143
23144
35633
35299
35634
23145
42381
23146
23147
23148
35627
35636
23149
42379
23150
23151
23152
35638
23153
42383
23154
23155
23156
35640
23157
42385
23158
23159
23160
35641
35642
23161
42387
23162
23163
23164
35643
35644
23165
42406
42408
42410
42393
23166
23167
23168
35645
35646
23169
42391
23170
23171
23172
35639
35648
23173
42412
42414
42416
42395
23174
23175
23176
35650
23177
42418
42397
23178
23179
23180
35651
35652
23181
42420
42399
23182
23183
23184
35653
35654
23185
42422
42405
23186
23187
23188
35655
35656
23189
42403
23190
23191
23192
35649
35658
23193
23194
23195
23196
35301
35660
23197
23198
23199
23200
35661
35311
35662
23201
23202
23203
23204
35663
35321
35664
23205
23206
23207
23208
35665
35331
35666
23209
23210
23211
23212
35659
35668
23213
35669
23214
23215
31358
23216
23217
35670
23218
23219
31389
23220
23221
35671
35672
23222
23223
31420
23224
23225
35673
35674
23226
23227
31451
23228
23229
35675
35676
23230
23231
23232
23233
35678
23234
23235
31505
23236
23237
35680
23238
23239
31508
23240
23241
35681
35682
23242
23243
31511
23244
23245
35683
35684
23246
23247
31514
23248
23249
35685
35686
23250
23251
23252
23253
35679
35688
23254
23255
31536
23256
23257
35690
23258
23259
31539
23260
23261
35691
35692
23262
23263
31542
23264
23265
35693
35694
23266
23267
31545
23268
23269
35695
35696
23270
23271
23272
23273
35689
35698
23274
23275
31567
23276
23277
35405
35541
35700
23278
23279
31570
23280
23281
35701
35415
35551
35702
23282
23283
31573
23284
23285
35703
35425
35561
35704
23286
23287
31576
23288
23289
35705
35435
35571
35706
23290
23291
23292
23293
35699
35708
23294
23295
23296
23297
35710
23298
23299
23300
23301
35712
23302
23303
23304
23305
35713
35714
23306
23307
23308
23309
35715
35716
23310
23311
23312
23313
35717
35718
23314
23315
23316
23317
35711
35720
23318
23319
23320
23321
35722
23322
23323
23324
23325
35723
35724
23326
23327
23328
23329
35725
35726
23330
23331
23332
23333
35727
35728
23334
23335
23336
23337
35721
35730
23338
23339
23340
23341
35437
35732
23342
23343
23344
23345
35733
35447
35734
23346
23347
23348
23349
35735
35457
35736
23350
23351
23352
23353
35737
35467
35738
23354
23355
23356
23357
35731
35740
23358
23359
23360
23361
35742
23362
23363
23364
23365
35744
23366
23367
23368
23369
35745
35746
23370
42411
23371
23372
23373
35747
35748
23374
42417
23375
23376
23377
35749
35750
23378
42415
23379
23380
23381
35743
35752
23382
42419
23383
23384
23385
35754
23386
42421
23387
23388
23389
35755
35756
23390
42423
23391
23392
23393
35757
35758
23394
23395
23396
23397
35759
35760
23398
23399
23400
23401
35753
35762
23402
23403
23404
23405
35469
35764
23406
23407
23408
23409
35765
35479
35766
23410
23411
23412
23413
35767
35489
35768
23414
23415
23416
23417
35769
35499
35770
23418
23419
23420
23421
35763
35772
23422
35773
23423
23424
31502
23425
23426
35774
23427
23428
31533
23429
23430
35775
35776
23431
23432
31564
23433
23434
35777
35778
23435
23436
31595
23437
23438
35779
35780
23439
23440
23441
23442
35782
23443
23444
31609
23445
23446
35784
23447
23448
31612
23449
23450
35785
35786
23451
23452
31615
23453
23454
35787
35788
23455
23456
31618
23457
23458
35789
35790
23459
23460
23461
23462
35783
35792
23463
23464
31632
23465
23466
35794
23467
23468
31635
23469
23470
35795
35796
23471
23472
31638
23473
23474
35797
35798
23475
23476
31641
23477
23478
35799
35800
23479
23480
23481
23482
35793
35802
23483
23484
31655
23485
23486
35573
35677
35804
23487
23488
31658
23489
23490
35805
35583
35687
35806
23491
23492
31661
23493
23494
35807
35593
35697
35808
23495
23496
31664
23497
23498
35809
35603
35707
35810
23499
23500
23501
23502
35803
35812
23503
23504
23505
23506
35814
23507
23508
23509
23510
35816
23511
23512
23513
23514
35817
35818
23515
23516
23517
23518
35819
35820
23519
23520
23521
23522
35821
35822
23523
23524
23525
23526
35815
35824
23527
23528
23529
23530
35826
23531
23532
23533
23534
35827
35828
23535
23536
23537
23538
35829
35830
23539
23540
23541
23542
35831
35832
23543
23544
23545
23546
35825
35834
23547
23548
23549
23550
35605
35836
23551
23552
23553
23554
35837
35615
35838
23555
23556
23557
23558
35839
35625
35840
23559
23560
23561
23562
35841
35635
35842
23563
23564
23565
23566
35835
35844
23567
35845
23568
23569
31606
23570
23571
35846
23572
23573
31629
23574
23575
35847
35848
23576
23577
31652
23578
23579
35849
35850
23580
23581
31675
23582
23583
35851
35852
23584
23585
31678
23586
23587
35854
23588
23589
31681
23590
23591
35856
23592
23593
31684
23594
23595
35857
35858
23596
23597
31687
23598
23599
35859
35860
23600
23601
31690
23602
23603
35861
35862
23604
23605
31693
23606
23607
35855
35864
23608
23609
31696
23610
23611
35866
23612
23613
31699
23614
23615
35867
35868
23616
23617
31702
23618
23619
35869
35870
23620
23621
31705
23622
23623
35871
35872
23624
23625
31708
23626
23627
35865
35874
23628
23629
31711
23630
23631
35709
35781
35876
23632
23633
31714
23634
23635
35877
35719
35791
35878
23636
23637
31717
23638
23639
35879
35729
35801
35880
23640
23641
31720
23642
23643
35881
35739
35811
35882
23644
23645
31723
23646
23647
35875
35884
23648
35885
23651
36131
23652
23653
39953
23654
35887
23657
36133
23658
23659
39965
23660
35888
35890
23663
36135
23664
23665
39977
23666
35891
35893
23669
36137
23670
23671
39989
23672
35894
35896
23673
35897
23674
23675
23676
40547
23677
35898
23678
23679
23680
40561
23681
35899
35900
23682
23683
23684
40573
23685
35901
35902
23686
23687
23688
40585
23689
35903
35904
23690
35905
23691
23692
23693
41151
23694
35906
23695
23696
23697
41163
23698
35907
35908
23699
23700
23701
41175
23702
35909
35910
23703
23704
23705
41187
23706
35911
35912
23707
35913
23708
23709
23710
41603
23711
35914
23712
23713
23714
41615
23715
35915
35916
23716
23717
23718
41627
23719
35917
35918
23720
23721
23722
41639
23723
35919
35920
23724
35921
23725
23726
23727
42011
23728
35922
23729
23730
23731
42023
23732
35923
35924
23733
23734
23735
42035
23736
35925
35926
23737
23738
23739
42047
23740
35927
35928
23741
35929
23742
23743
23744
42215
23745
35930
23746
23747
23748
42229
23749
35931
35932
23750
23751
23752
42241
23753
35933
35934
23754
23755
23756
42253
23757
35935
35936
23758
35937
23759
23760
23761
42315
23762
35938
23763
23764
23765
42327
23766
35939
35940
23767
23768
23769
42339
23770
35941
35942
23771
23772
23773
42347
23774
35943
35944
23775
35945
23776
23777
23778
42377
23779
35946
23780
23781
23782
42389
23783
35947
35948
23784
23785
23786
42401
23787
35949
35950
23788
23789
23790
42409
23791
35951
35952
23792
35953
23793
23794
23795
42407
23796
35954
23797
23798
23799
42413
23800
35955
35956
23801
23802
23803
23804
35957
35958
23805
23806
23807
23808
35959
35960
23809
35961
23810
23811
23812
23813
35962
23814
23815
23816
23817
35963
35964
23818
23819
23820
23821
35965
35966
23822
23823
23824
23825
35967
35968
23826
35969
23827
23828
23829
23830
35970
23831
23832
23833
23834
35971
35972
23835
23836
23837
23838
35973
35974
23839
23840
23841
23842
35975
35976
23843
35977
23844
23845
35886
23846
23847
35978
23848
23849
35889
23850
23851
35979
35980
23852
23853
35892
23854
23855
35981
35982
23856
23857
35895
23858
23859
35983
35984
23860
35985
23863
36139
23864
23865
23866
31677
35987
23869
36141
23870
23871
23872
35988
31692
35990
23875
36143
23876
23877
23878
35991
31707
35993
23881
36145
23882
23883
23884
35994
31722
35996
23885
35997
23886
23887
23888
23889
32403
35998
23890
23891
23892
23893
35999
32413
36000
23894
23895
23896
23897
36001
32423
36002
23898
23899
23900
23901
36003
32433
36004
23902
36005
23903
23904
23905
23906
33107
36006
23907
23908
23909
23910
36007
33117
36008
23911
23912
23913
23914
36009
33127
36010
23915
23916
23917
23918
36011
33137
36012
23919
36013
23920
23921
23922
23923
33801
36014
23924
23925
23926
23927
36015
33811
36016
23928
23929
23930
23931
36017
33821
36018
23932
23933
23934
23935
36019
33831
36020
23936
36021
23937
23938
23939
23940
34459
36022
23941
23942
23943
23944
36023
34469
36024
23945
23946
23947
23948
36025
34479
36026
23949
23950
23951
23952
36027
34489
36028
23953
36029
23954
23955
23956
23957
35101
36030
23958
23959
23960
23961
36031
35111
36032
23962
23963
23964
23965
36033
35121
36034
23966
23967
23968
23969
36035
35131
36036
23970
36037
23971
23972
23973
23974
35333
36038
23975
23976
23977
23978
36039
35343
36040
23979
23980
23981
23982
36041
35353
36042
23983
23984
23985
23986
36043
35363
36044
23987
36045
23988
23989
23990
23991
35501
36046
23992
23993
23994
23995
36047
35511
36048
23996
23997
23998
23999
36049
35521
36050
24000
24001
24002
24003
36051
35531
36052
24004
36053
24005
24006
24007
24008
35637
36054
24009
24010
24011
24012
36055
35647
36056
24013
24014
24015
24016
36057
35657
36058
24017
24018
24019
24020
36059
35667
36060
24021
36061
24022
24023
24024
24025
35741
36062
24026
24027
24028
24029
36063
35751
36064
24030
24031
24032
24033
36065
35761
36066
24034
24035
24036
24037
36067
35771
36068
24038
36069
24039
24040
24041
24042
35813
36070
24043
24044
24045
24046
36071
35823
36072
24047
24048
24049
24050
36073
35833
36074
24051
24052
24053
24054
36075
35843
36076
24055
36077
24056
24057
35986
24058
24059
35853
36078
24060
24061
35989
24062
24063
36079
35863
36080
24064
24065
35992
24066
24067
36081
35873
36082
24068
24069
35995
24070
24071
36083
35883
36084
24072
36085
