1
3
5
7
2
4
6
8
0
9
22019
22020
10
12
14
16
11
13
15
17
18
22023
22024
19
21
23
25
20
22
24
26
27
22027
22028
28
30
32
34
29
31
33
35
36
22031
22032
37
39
41
43
38
40
42
44
45
22035
22036
46
48
50
52
47
49
51
53
54
22039
22040
55
57
59
61
56
58
60
62
63
22043
22044
64
66
68
70
65
67
69
71
72
22047
22048
73
75
77
79
74
76
78
80
81
22051
22052
82
84
86
88
83
85
87
89
90
22055
22056
91
93
95
97
92
94
96
98
99
22059
22060
100
102
104
106
101
103
105
107
108
22063
22064
109
111
113
115
110
112
114
116
117
22067
22068
118
120
122
124
119
121
123
125
126
22071
22072
127
129
131
133
128
130
132
134
135
22075
22076
136
138
140
142
137
139
141
143
144
22079
22080
145
22016
149
151
30976
147
148
150
152
146
153
22083
22084
156
158
30978
154
155
157
159
160
22086
22087
163
165
30980
161
162
164
166
167
22089
22090
170
172
30982
168
169
171
173
174
22092
22093
177
179
30984
175
176
178
180
181
22095
22096
184
186
30986
182
183
185
187
188
22098
22099
191
193
30988
189
190
192
194
195
22101
22102
198
200
30990
196
197
199
201
202
22104
22105
205
207
30992
203
204
206
208
209
22107
22108
212
214
30994
210
211
213
215
216
22110
22111
219
221
30996
217
218
220
222
223
22113
22114
226
228
30998
224
225
227
229
230
22116
22117
233
235
31000
231
232
234
236
237
22119
22120
240
242
31002
238
239
241
243
244
22122
22123
247
249
31004
245
246
248
250
251
22125
22126
254
256
31006
252
253
255
257
258
22128
22129
259
22081
263
265
31008
261
262
264
266
260
267
22132
22133
270
272
31010
268
269
271
273
274
22135
22136
277
279
31012
275
276
278
280
281
22138
22139
284
286
31014
282
283
285
287
288
22141
22142
291
293
31016
289
290
292
294
295
22144
22145
298
300
31018
296
297
299
301
302
22147
22148
305
307
31020
303
304
306
308
309
22150
22151
312
314
31022
310
311
313
315
316
22153
22154
319
321
31024
317
318
320
322
323
22156
22157
326
328
31026
324
325
327
329
330
22159
22160
333
335
31028
331
332
334
336
337
22162
22163
340
342
31030
338
339
341
343
344
22165
22166
347
349
31032
345
346
348
350
351
22168
22169
354
356
31034
352
353
355
357
358
22171
22172
361
363
31036
359
360
362
364
365
22174
22175
368
370
31038
366
367
369
371
372
22177
22178
373
22130
377
379
31040
375
376
378
380
374
381
22181
22182
384
386
31042
382
383
385
387
388
22184
22185
391
393
31044
389
390
392
394
395
22187
22188
398
400
31046
396
397
399
401
402
22190
22191
405
407
31048
403
404
406
408
409
22193
22194
412
414
31050
410
411
413
415
416
22196
22197
419
421
31052
417
418
420
422
423
22199
22200
426
428
31054
424
425
427
429
430
22202
22203
433
435
31056
431
432
434
436
437
22205
22206
440
442
31058
438
439
441
443
444
22208
22209
447
449
31060
445
446
448
450
451
22211
22212
454
456
31062
452
453
455
457
458
22214
22215
461
463
31064
459
460
462
464
465
22217
22218
468
470
31066
466
467
469
471
472
22220
22221
475
477
31068
473
474
476
478
479
22223
22224
482
484
31070
480
481
483
485
486
22226
22227
487
22179
491
493
31072
489
490
492
494
488
495
22230
22231
498
500
31074
496
497
499
501
502
22233
22234
505
507
31076
503
504
506
508
509
22236
22237
512
514
31078
510
511
513
515
516
22239
22240
519
521
31080
517
518
520
522
523
22242
22243
526
528
31082
524
525
527
529
530
22245
22246
533
535
31084
531
532
534
536
537
22248
22249
540
542
31086
538
539
541
543
544
22251
22252
547
549
31088
545
546
548
550
551
22254
22255
554
556
31090
552
553
555
557
558
22257
22258
561
563
31092
559
560
562
564
565
22260
22261
568
570
31094
566
567
569
571
572
22263
22264
575
577
31096
573
574
576
578
579
22266
22267
582
584
31098
580
581
583
585
586
22269
22270
589
591
31100
587
588
590
592
593
22272
22273
596
598
31102
594
595
597
599
600
22275
22276
601
22228
605
607
31104
603
604
606
608
602
609
22279
22280
612
614
31106
610
611
613
615
616
22282
22283
619
621
31108
617
618
620
622
623
22285
22286
626
628
31110
624
625
627
629
630
22288
22289
633
635
31112
631
632
634
636
637
22291
22292
640
642
31114
638
639
641
643
644
22294
22295
647
649
31116
645
646
648
650
651
22297
22298
654
656
31118
652
653
655
657
658
22300
22301
661
663
31120
659
660
662
664
665
22303
22304
668
670
31122
666
667
669
671
672
22306
22307
675
677
31124
673
674
676
678
679
22309
22310
682
684
31126
680
681
683
685
686
22312
22313
689
691
31128
687
688
690
692
693
22315
22316
696
698
31130
694
695
697
699
700
22318
22319
703
705
31132
701
702
704
706
707
22321
22322
710
712
31134
708
709
711
713
714
22324
22325
715
22277
719
721
31136
717
718
720
722
716
723
22328
22329
726
728
31138
724
725
727
729
730
22331
22332
733
735
31140
731
732
734
736
737
22334
22335
740
742
31142
738
739
741
743
744
22337
22338
747
749
31144
745
746
748
750
751
22340
22341
754
756
31146
752
753
755
757
758
22343
22344
761
763
31148
759
760
762
764
765
22346
22347
768
770
31150
766
767
769
771
772
22349
22350
775
777
31152
773
774
776
778
779
22352
22353
782
784
31154
780
781
783
785
786
22355
22356
789
791
31156
787
788
790
792
793
22358
22359
796
798
31158
794
795
797
799
800
22361
22362
803
805
31160
801
802
804
806
807
22364
22365
810
812
31162
808
809
811
813
814
22367
22368
817
819
31164
815
816
818
820
821
22370
22371
824
826
31166
822
823
825
827
828
22373
22374
829
22326
833
835
31168
831
832
834
836
830
837
22377
22378
840
842
31170
838
839
841
843
844
22380
22381
847
849
31172
845
846
848
850
851
22383
22384
854
856
31174
852
853
855
857
858
22386
22387
861
863
31176
859
860
862
864
865
22389
22390
868
870
31178
866
867
869
871
872
22392
22393
875
877
31180
873
874
876
878
879
22395
22396
882
884
31182
880
881
883
885
886
22398
22399
889
891
31184
887
888
890
892
893
22401
22402
896
898
31186
894
895
897
899
900
22404
22405
903
905
31188
901
902
904
906
907
22407
22408
910
912
31190
908
909
911
913
914
22410
22411
917
919
31192
915
916
918
920
921
22413
22414
924
926
31194
922
923
925
927
928
22416
22417
931
933
31196
929
930
932
934
935
22419
22420
938
940
31198
936
937
939
941
942
22422
22423
943
22375
947
949
31200
945
946
948
950
944
951
22426
22427
954
956
31202
952
953
955
957
958
22429
22430
961
963
31204
959
960
962
964
965
22432
22433
968
970
31206
966
967
969
971
972
22435
22436
975
977
31208
973
974
976
978
979
22438
22439
982
984
31210
980
981
983
985
986
22441
22442
989
991
31212
987
988
990
992
993
22444
22445
996
998
31214
994
995
997
999
1000
22447
22448
1003
1005
31216
1001
1002
1004
1006
1007
22450
22451
1010
1012
31218
1008
1009
1011
1013
1014
22453
22454
1017
1019
31220
1015
1016
1018
1020
1021
22456
22457
1024
1026
31222
1022
1023
1025
1027
1028
22459
22460
1031
1033
31224
1029
1030
1032
1034
1035
22462
22463
1038
1040
31226
1036
1037
1039
1041
1042
22465
22466
1045
1047
31228
1043
1044
1046
1048
1049
22468
22469
1052
1054
31230
1050
1051
1053
1055
1056
22471
22472
1057
22424
1061
1063
31232
1059
1060
1062
1064
1058
1065
22475
22476
1068
1070
31234
1066
1067
1069
1071
1072
22478
22479
1075
1077
31236
1073
1074
1076
1078
1079
22481
22482
1082
1084
31238
1080
1081
1083
1085
1086
22484
22485
1089
1091
31240
1087
1088
1090
1092
1093
22487
22488
1096
1098
31242
1094
1095
1097
1099
1100
22490
22491
1103
1105
31244
1101
1102
1104
1106
1107
22493
22494
1110
1112
31246
1108
1109
1111
1113
1114
22496
22497
1117
1119
31248
1115
1116
1118
1120
1121
22499
22500
1124
1126
31250
1122
1123
1125
1127
1128
22502
22503
1131
1133
31252
1129
1130
1132
1134
1135
22505
22506
1138
1140
31254
1136
1137
1139
1141
1142
22508
22509
1145
1147
31256
1143
1144
1146
1148
1149
22511
22512
1152
1154
31258
1150
1151
1153
1155
1156
22514
22515
1159
1161
31260
1157
1158
1160
1162
1163
22517
22518
1166
1168
31262
1164
1165
1167
1169
1170
22520
22521
1171
22473
1175
1177
31264
1173
1174
1176
1178
1172
1179
22524
22525
1182
1184
31266
1180
1181
1183
1185
1186
22527
22528
1189
1191
31268
1187
1188
1190
1192
1193
22530
22531
1196
1198
31270
1194
1195
1197
1199
1200
22533
22534
1203
1205
31272
1201
1202
1204
1206
1207
22536
22537
1210
1212
31274
1208
1209
1211
1213
1214
22539
22540
1217
1219
31276
1215
1216
1218
1220
1221
22542
22543
1224
1226
31278
1222
1223
1225
1227
1228
22545
22546
1231
1233
31280
1229
1230
1232
1234
1235
22548
22549
1238
1240
31282
1236
1237
1239
1241
1242
22551
22552
1245
1247
31284
1243
1244
1246
1248
1249
22554
22555
1252
1254
31286
1250
1251
1253
1255
1256
22557
22558
1259
1261
31288
1257
1258
1260
1262
1263
22560
22561
1266
1268
31290
1264
1265
1267
1269
1270
22563
22564
1273
1275
31292
1271
1272
1274
1276
1277
22566
22567
1280
1282
31294
1278
1279
1281
1283
1284
22569
22570
1285
22522
1289
1291
31296
1287
1288
1290
1292
1286
1293
22573
22574
1296
1298
31298
1294
1295
1297
1299
1300
22576
22577
1303
1305
31300
1301
1302
1304
1306
1307
22579
22580
1310
1312
31302
1308
1309
1311
1313
1314
22582
22583
1317
1319
31304
1315
1316
1318
1320
1321
22585
22586
1324
1326
31306
1322
1323
1325
1327
1328
22588
22589
1331
1333
31308
1329
1330
1332
1334
1335
22591
22592
1338
1340
31310
1336
1337
1339
1341
1342
22594
22595
1345
1347
31312
1343
1344
1346
1348
1349
22597
22598
1352
1354
31314
1350
1351
1353
1355
1356
22600
22601
1359
1361
31316
1357
1358
1360
1362
1363
22603
22604
1366
1368
31318
1364
1365
1367
1369
1370
22606
22607
1373
1375
31320
1371
1372
1374
1376
1377
22609
22610
1380
1382
31322
1378
1379
1381
1383
1384
22612
22613
1387
1389
31324
1385
1386
1388
1390
1391
22615
22616
1394
1396
31326
1392
1393
1395
1397
1398
22618
22619
1399
22571
1403
1405
31328
1401
1402
1404
1406
1400
1407
22622
22623
1410
1412
31330
1408
1409
1411
1413
1414
22625
22626
1417
1419
31332
1415
1416
1418
1420
1421
22628
22629
1424
1426
31334
1422
1423
1425
1427
1428
22631
22632
1431
1433
31336
1429
1430
1432
1434
1435
22634
22635
1438
1440
31338
1436
1437
1439
1441
1442
22637
22638
1445
1447
31340
1443
1444
1446
1448
1449
22640
22641
1452
1454
31342
1450
1451
1453
1455
1456
22643
22644
1459
1461
31344
1457
1458
1460
1462
1463
22646
22647
1466
1468
31346
1464
1465
1467
1469
1470
22649
22650
1473
1475
31348
1471
1472
1474
1476
1477
22652
22653
1480
1482
31350
1478
1479
1481
1483
1484
22655
22656
1487
1489
31352
1485
1486
1488
1490
1491
22658
22659
1494
1496
31354
1492
1493
1495
1497
1498
22661
22662
1501
1503
31356
1499
1500
1502
1504
1505
22664
22665
1508
1510
31358
1506
1507
1509
1511
1512
22667
22668
1513
22620
1517
1519
31360
1515
1516
1518
1520
1514
1521
22671
22672
1524
1526
31362
1522
1523
1525
1527
1528
22674
22675
1531
1533
31364
1529
1530
1532
1534
1535
22677
22678
1538
1540
31366
1536
1537
1539
1541
1542
22680
22681
1545
1547
31368
1543
1544
1546
1548
1549
22683
22684
1552
1554
31370
1550
1551
1553
1555
1556
22686
22687
1559
1561
31372
1557
1558
1560
1562
1563
22689
22690
1566
1568
31374
1564
1565
1567
1569
1570
22692
22693
1573
1575
31376
1571
1572
1574
1576
1577
22695
22696
1580
1582
31378
1578
1579
1581
1583
1584
22698
22699
1587
1589
31380
1585
1586
1588
1590
1591
22701
22702
1594
1596
31382
1592
1593
1595
1597
1598
22704
22705
1601
1603
31384
1599
1600
1602
1604
1605
22707
22708
1608
1610
31386
1606
1607
1609
1611
1612
22710
22711
1615
1617
31388
1613
1614
1616
1618
1619
22713
22714
1622
1624
31390
1620
1621
1623
1625
1626
22716
22717
1627
22669
1631
1633
31392
1629
1630
1632
1634
1628
1635
22720
22721
1638
1640
31394
1636
1637
1639
1641
1642
22723
22724
1645
1647
31396
1643
1644
1646
1648
1649
22726
22727
1652
1654
31398
1650
1651
1653
1655
1656
22729
22730
1659
1661
31400
1657
1658
1660
1662
1663
22732
22733
1666
1668
31402
1664
1665
1667
1669
1670
22735
22736
1673
1675
31404
1671
1672
1674
1676
1677
22738
22739
1680
1682
31406
1678
1679
1681
1683
1684
22741
22742
1687
1689
31408
1685
1686
1688
1690
1691
22744
22745
1694
1696
31410
1692
1693
1695
1697
1698
22747
22748
1701
1703
31412
1699
1700
1702
1704
1705
22750
22751
1708
1710
31414
1706
1707
1709
1711
1712
22753
22754
1715
1717
31416
1713
1714
1716
1718
1719
22756
22757
1722
1724
31418
1720
1721
1723
1725
1726
22759
22760
1729
1731
31420
1727
1728
1730
1732
1733
22762
22763
1736
1738
31422
1734
1735
1737
1739
1740
22765
22766
1741
22718
1745
1747
22017
1743
1744
1746
1748
1742
1749
22769
22770
1752
1754
22021
1750
1751
1753
1755
1756
22772
22773
1759
1761
22025
1757
1758
1760
1762
1763
22775
22776
1766
1768
22029
1764
1765
1767
1769
1770
22778
22779
1773
1775
22033
1771
1772
1774
1776
1777
22781
22782
1780
1782
22037
1778
1779
1781
1783
1784
22784
22785
1787
1789
22041
1785
1786
1788
1790
1791
22787
22788
1794
1796
22045
1792
1793
1795
1797
1798
22790
22791
1801
1803
22049
1799
1800
1802
1804
1805
22793
22794
1808
1810
22053
1806
1807
1809
1811
1812
22796
22797
1815
1817
22057
1813
1814
1816
1818
1819
22799
22800
1822
1824
22061
1820
1821
1823
1825
1826
22802
22803
1829
1831
22065
1827
1828
1830
1832
1833
22805
22806
1836
1838
22069
1834
1835
1837
1839
1840
22808
22809
1843
1845
22073
1841
1842
1844
1846
1847
22811
22812
1850
1852
22077
1848
1849
1851
1853
1854
22814
22815
1855
22767
1860
1862
31424
1857
1858
1859
1861
1856
1863
22818
22819
1867
1869
31426
1864
1865
1866
1868
1870
22821
22822
1874
1876
31428
1871
1872
1873
1875
1877
22824
22825
1881
1883
31430
1878
1879
1880
1882
1884
22827
22828
1888
1890
31432
1885
1886
1887
1889
1891
22830
22831
1895
1897
31434
1892
1893
1894
1896
1898
22833
22834
1902
1904
31436
1899
1900
1901
1903
1905
22836
22837
1909
1911
31438
1906
1907
1908
1910
1912
22839
22840
1916
1918
31440
1913
1914
1915
1917
1919
22842
22843
1923
1925
31442
1920
1921
1922
1924
1926
22845
22846
1930
1932
31444
1927
1928
1929
1931
1933
22848
22849
1937
1939
31446
1934
1935
1936
1938
1940
22851
22852
1944
1946
31448
1941
1942
1943
1945
1947
22854
22855
1951
1953
31450
1948
1949
1950
1952
1954
22857
22858
1958
1960
31452
1955
1956
1957
1959
1961
22860
22861
1965
31454
30977
1967
31456
1962
1963
1964
1966
1968
22863
22864
1969
22816
1971
1973
1972
31458
30979
1974
1970
1975
22866
22867
1976
1978
1977
31460
30981
1979
1980
22868
22869
1981
1983
1982
31462
30983
1984
1985
22870
22871
1986
1988
1987
31464
30985
1989
1990
22872
22873
1991
1993
1992
31466
30987
1994
1995
22874
22875
1996
1998
1997
31468
30989
1999
2000
22876
22877
2001
2003
2002
31470
30991
2004
2005
22878
22879
2006
2008
2007
31472
30993
2009
2010
22880
22881
2011
2013
2012
31474
30995
2014
2015
22882
22883
2016
2018
2017
31476
30997
2019
2020
22884
22885
2021
2023
2022
31478
30999
2024
2025
22886
22887
2026
2028
2027
31480
31001
2029
2030
22888
22889
2031
2033
2032
31482
31003
2034
2035
22890
22891
2036
2038
2037
31484
31005
2039
2040
22892
22893
2041
2043
2042
31486
31007
2044
2045
22894
22895
2046
2048
2047
31488
31009
2049
2050
22896
22897
2051
22865
2053
2055
2054
31490
31011
2056
2052
2057
22899
22900
2058
2060
2059
31492
31013
2061
2062
22901
22902
2063
2065
2064
31494
31015
2066
2067
22903
22904
2068
2070
2069
31496
31017
2071
2072
22905
22906
2073
2075
2074
31498
31019
2076
2077
22907
22908
2078
2080
2079
31500
31021
2081
2082
22909
22910
2083
2085
2084
31502
31023
2086
2087
22911
22912
2088
2090
2089
31504
31025
2091
2092
22913
22914
2093
2095
2094
31506
31027
2096
2097
22915
22916
2098
2100
2099
31508
31029
2101
2102
22917
22918
2103
2105
2104
31510
31031
2106
2107
22919
22920
2108
2110
2109
31512
31033
2111
2112
22921
22922
2113
2115
2114
31514
31035
2116
2117
22923
22924
2118
2120
2119
31516
31037
2121
2122
22925
22926
2123
2125
2124
31518
31039
2126
2127
22927
22928
2128
2130
2129
31520
31041
2131
2132
22929
22930
2133
22898
2135
2137
2136
31522
31043
2138
2134
2139
22932
22933
2140
2142
2141
31524
31045
2143
2144
22934
22935
2145
2147
2146
31526
31047
2148
2149
22936
22937
2150
2152
2151
31528
31049
2153
2154
22938
22939
2155
2157
2156
31530
31051
2158
2159
22940
22941
2160
2162
2161
31532
31053
2163
2164
22942
22943
2165
2167
2166
31534
31055
2168
2169
22944
22945
2170
2172
2171
31536
31057
2173
2174
22946
22947
2175
2177
2176
31538
31059
2178
2179
22948
22949
2180
2182
2181
31540
31061
2183
2184
22950
22951
2185
2187
2186
31542
31063
2188
2189
22952
22953
2190
2192
2191
31544
31065
2193
2194
22954
22955
2195
2197
2196
31546
31067
2198
2199
22956
22957
2200
2202
2201
31548
31069
2203
2204
22958
22959
2205
2207
2206
31550
31071
2208
2209
22960
22961
2210
2212
2211
31552
31073
2213
2214
22962
22963
2215
22931
2217
2219
2218
31554
31075
2220
2216
2221
22965
22966
2222
2224
2223
31556
31077
2225
2226
22967
22968
2227
2229
2228
31558
31079
2230
2231
22969
22970
2232
2234
2233
31560
31081
2235
2236
22971
22972
2237
2239
2238
31562
31083
2240
2241
22973
22974
2242
2244
2243
31564
31085
2245
2246
22975
22976
2247
2249
2248
31566
31087
2250
2251
22977
22978
2252
2254
2253
31568
31089
2255
2256
22979
22980
2257
2259
2258
31570
31091
2260
2261
22981
22982
2262
2264
2263
31572
31093
2265
2266
22983
22984
2267
2269
2268
31574
31095
2270
2271
22985
22986
2272
2274
2273
31576
31097
2275
2276
22987
22988
2277
2279
2278
31578
31099
2280
2281
22989
22990
2282
2284
2283
31580
31101
2285
2286
22991
22992
2287
2289
2288
31582
31103
2290
2291
22993
22994
2292
2294
2293
31584
31105
2295
2296
22995
22996
2297
22964
2299
2301
2300
31586
31107
2302
2298
2303
22998
22999
2304
2306
2305
31588
31109
2307
2308
23000
23001
2309
2311
2310
31590
31111
2312
2313
23002
23003
2314
2316
2315
31592
31113
2317
2318
23004
23005
2319
2321
2320
31594
31115
2322
2323
23006
23007
2324
2326
2325
31596
31117
2327
2328
23008
23009
2329
2331
2330
31598
31119
2332
2333
23010
23011
2334
2336
2335
31600
31121
2337
2338
23012
23013
2339
2341
2340
31602
31123
2342
2343
23014
23015
2344
2346
2345
31604
31125
2347
2348
23016
23017
2349
2351
2350
31606
31127
2352
2353
23018
23019
2354
2356
2355
31608
31129
2357
2358
23020
23021
2359
2361
2360
31610
31131
2362
2363
23022
23023
2364
2366
2365
31612
31133
2367
2368
23024
23025
2369
2371
2370
31614
31135
2372
2373
23026
23027
2374
2376
2375
31616
31137
2377
2378
23028
23029
2379
22997
2381
2383
2382
31618
31139
2384
2380
2385
23031
23032
2386
2388
2387
31620
31141
2389
2390
23033
23034
2391
2393
2392
31622
31143
2394
2395
23035
23036
2396
2398
2397
31624
31145
2399
2400
23037
23038
2401
2403
2402
31626
31147
2404
2405
23039
23040
2406
2408
2407
31628
31149
2409
2410
23041
23042
2411
2413
2412
31630
31151
2414
2415
23043
23044
2416
2418
2417
31632
31153
2419
2420
23045
23046
2421
2423
2422
31634
31155
2424
2425
23047
23048
2426
2428
2427
31636
31157
2429
2430
23049
23050
2431
2433
2432
31638
31159
2434
2435
23051
23052
2436
2438
2437
31640
31161
2439
2440
23053
23054
2441
2443
2442
31642
31163
2444
2445
23055
23056
2446
2448
2447
31644
31165
2449
2450
23057
23058
2451
2453
2452
31646
31167
2454
2455
23059
23060
2456
2458
2457
31648
31169
2459
2460
23061
23062
2461
23030
2463
2465
2464
31650
31171
2466
2462
2467
23064
23065
2468
2470
2469
31652
31173
2471
2472
23066
23067
2473
2475
2474
31654
31175
2476
2477
23068
23069
2478
2480
2479
31656
31177
2481
2482
23070
23071
2483
2485
2484
31658
31179
2486
2487
23072
23073
2488
2490
2489
31660
31181
2491
2492
23074
23075
2493
2495
2494
31662
31183
2496
2497
23076
23077
2498
2500
2499
31664
31185
2501
2502
23078
23079
2503
2505
2504
31666
31187
2506
2507
23080
23081
2508
2510
2509
31668
31189
2511
2512
23082
23083
2513
2515
2514
31670
31191
2516
2517
23084
23085
2518
2520
2519
31672
31193
2521
2522
23086
23087
2523
2525
2524
31674
31195
2526
2527
23088
23089
2528
2530
2529
31676
31197
2531
2532
23090
23091
2533
2535
2534
31678
31199
2536
2537
23092
23093
2538
2540
2539
31680
31201
2541
2542
23094
23095
2543
23063
2545
2547
2546
31682
31203
2548
2544
2549
23097
23098
2550
2552
2551
31684
31205
2553
2554
23099
23100
2555
2557
2556
31686
31207
2558
2559
23101
23102
2560
2562
2561
31688
31209
2563
2564
23103
23104
2565
2567
2566
31690
31211
2568
2569
23105
23106
2570
2572
2571
31692
31213
2573
2574
23107
23108
2575
2577
2576
31694
31215
2578
2579
23109
23110
2580
2582
2581
31696
31217
2583
2584
23111
23112
2585
2587
2586
31698
31219
2588
2589
23113
23114
2590
2592
2591
31700
31221
2593
2594
23115
23116
2595
2597
2596
31702
31223
2598
2599
23117
23118
2600
2602
2601
31704
31225
2603
2604
23119
23120
2605
2607
2606
31706
31227
2608
2609
23121
23122
2610
2612
2611
31708
31229
2613
2614
23123
23124
2615
2617
2616
31710
31231
2618
2619
23125
23126
2620
2622
2621
31712
31233
2623
2624
23127
23128
2625
23096
2627
2629
2628
31714
31235
2630
2626
2631
23130
23131
2632
2634
2633
31716
31237
2635
2636
23132
23133
2637
2639
2638
31718
31239
2640
2641
23134
23135
2642
2644
2643
31720
31241
2645
2646
23136
23137
2647
2649
2648
31722
31243
2650
2651
23138
23139
2652
2654
2653
31724
31245
2655
2656
23140
23141
2657
2659
2658
31726
31247
2660
2661
23142
23143
2662
2664
2663
31728
31249
2665
2666
23144
23145
2667
2669
2668
31730
31251
2670
2671
23146
23147
2672
2674
2673
31732
31253
2675
2676
23148
23149
2677
2679
2678
31734
31255
2680
2681
23150
23151
2682
2684
2683
31736
31257
2685
2686
23152
23153
2687
2689
2688
31738
31259
2690
2691
23154
23155
2692
2694
2693
31740
31261
2695
2696
23156
23157
2697
2699
2698
31742
31263
2700
2701
23158
23159
2702
2704
2703
31744
31265
2705
2706
23160
23161
2707
23129
2709
2711
2710
31746
31267
2712
2708
2713
23163
23164
2714
2716
2715
31748
31269
2717
2718
23165
23166
2719
2721
2720
31750
31271
2722
2723
23167
23168
2724
2726
2725
31752
31273
2727
2728
23169
23170
2729
2731
2730
31754
31275
2732
2733
23171
23172
2734
2736
2735
31756
31277
2737
2738
23173
23174
2739
2741
2740
31758
31279
2742
2743
23175
23176
2744
2746
2745
31760
31281
2747
2748
23177
23178
2749
2751
2750
31762
31283
2752
2753
23179
23180
2754
2756
2755
31764
31285
2757
2758
23181
23182
2759
2761
2760
31766
31287
2762
2763
23183
23184
2764
2766
2765
31768
31289
2767
2768
23185
23186
2769
2771
2770
31770
31291
2772
2773
23187
23188
2774
2776
2775
31772
31293
2777
2778
23189
23190
2779
2781
2780
31774
31295
2782
2783
23191
23192
2784
2786
2785
31776
31297
2787
2788
23193
23194
2789
23162
2791
2793
2792
31778
31299
2794
2790
2795
23196
23197
2796
2798
2797
31780
31301
2799
2800
23198
23199
2801
2803
2802
31782
31303
2804
2805
23200
23201
2806
2808
2807
31784
31305
2809
2810
23202
23203
2811
2813
2812
31786
31307
2814
2815
23204
23205
2816
2818
2817
31788
31309
2819
2820
23206
23207
2821
2823
2822
31790
31311
2824
2825
23208
23209
2826
2828
2827
31792
31313
2829
2830
23210
23211
2831
2833
2832
31794
31315
2834
2835
23212
23213
2836
2838
2837
31796
31317
2839
2840
23214
23215
2841
2843
2842
31798
31319
2844
2845
23216
23217
2846
2848
2847
31800
31321
2849
2850
23218
23219
2851
2853
2852
31802
31323
2854
2855
23220
23221
2856
2858
2857
31804
31325
2859
2860
23222
23223
2861
2863
2862
31806
31327
2864
2865
23224
23225
2866
2868
2867
31808
31329
2869
2870
23226
23227
2871
23195
2873
2875
2874
31810
31331
2876
2872
2877
23229
23230
2878
2880
2879
31812
31333
2881
2882
23231
23232
2883
2885
2884
31814
31335
2886
2887
23233
23234
2888
2890
2889
31816
31337
2891
2892
23235
23236
2893
2895
2894
31818
31339
2896
2897
23237
23238
2898
2900
2899
31820
31341
2901
2902
23239
23240
2903
2905
2904
31822
31343
2906
2907
23241
23242
2908
2910
2909
31824
31345
2911
2912
23243
23244
2913
2915
2914
31826
31347
2916
2917
23245
23246
2918
2920
2919
31828
31349
2921
2922
23247
23248
2923
2925
2924
31830
31351
2926
2927
23249
23250
2928
2930
2929
31832
31353
2931
2932
23251
23252
2933
2935
2934
31834
31355
2936
2937
23253
23254
2938
2940
2939
31836
31357
2941
2942
23255
23256
2943
2945
2944
31838
31359
2946
2947
23257
23258
2948
2950
2949
31840
31361
2951
2952
23259
23260
2953
23228
2955
2957
2956
31842
31363
2958
2954
2959
23262
23263
2960
2962
2961
31844
31365
2963
2964
23264
23265
2965
2967
2966
31846
31367
2968
2969
23266
23267
2970
2972
2971
31848
31369
2973
2974
23268
23269
2975
2977
2976
31850
31371
2978
2979
23270
23271
2980
2982
2981
31852
31373
2983
2984
23272
23273
2985
2987
2986
31854
31375
2988
2989
23274
23275
2990
2992
2991
31856
31377
2993
2994
23276
23277
2995
2997
2996
31858
31379
2998
2999
23278
23279
3000
3002
3001
31860
31381
3003
3004
23280
23281
3005
3007
3006
31862
31383
3008
3009
23282
23283
3010
3012
3011
31864
31385
3013
3014
23284
23285
3015
3017
3016
31866
31387
3018
3019
23286
23287
3020
3022
3021
31868
31389
3023
3024
23288
23289
3025
3027
3026
31870
31391
3028
3029
23290
23291
3030
3032
3031
31872
31393
3033
3034
23292
23293
3035
23261
3037
3039
3038
31874
31395
3040
3036
3041
23295
23296
3042
3044
3043
31876
31397
3045
3046
23297
23298
3047
3049
3048
31878
31399
3050
3051
23299
23300
3052
3054
3053
31880
31401
3055
3056
23301
23302
3057
3059
3058
31882
31403
3060
3061
23303
23304
3062
3064
3063
31884
31405
3065
3066
23305
23306
3067
3069
3068
31886
31407
3070
3071
23307
23308
3072
3074
3073
31888
31409
3075
3076
23309
23310
3077
3079
3078
31890
31411
3080
3081
23311
23312
3082
3084
3083
31892
31413
3085
3086
23313
23314
3087
3089
3088
31894
31415
3090
3091
23315
23316
3092
3094
3093
31896
31417
3095
3096
23317
23318
3097
3099
3098
31898
31419
3100
3101
23319
23320
3102
3104
3103
31900
31421
3105
3106
23321
23322
3107
3109
3108
31902
31423
3110
3111
23323
23324
3112
3114
3113
3115
3116
23325
23326
3117
23294
3119
3121
22817
3120
3122
3118
3123
23328
23329
3124
3126
22820
3125
3127
3128
23330
23331
3129
3131
22823
3130
3132
3133
23332
23333
3134
3136
22826
3135
3137
3138
23334
23335
3139
3141
22829
3140
3142
3143
23336
23337
3144
3146
22832
3145
3147
3148
23338
23339
3149
3151
22835
3150
3152
3153
23340
23341
3154
3156
22838
3155
3157
3158
23342
23343
3159
3161
22841
3160
3162
3163
23344
23345
3164
3166
22844
3165
3167
3168
23346
23347
3169
3171
22847
3170
3172
3173
23348
23349
3174
3176
22850
3175
3177
3178
23350
23351
3179
3181
22853
3180
3182
3183
23352
23353
3184
3186
22856
3185
3187
3188
23354
23355
3189
3191
22859
3190
31459
3192
3193
23356
23357
3194
3196
22862
3195
31455
3197
3198
23358
23359
3199
23327
3204
31425
3206
3201
3202
3203
3205
3200
3207
23362
23363
3211
31427
3213
3208
3209
3210
3212
3214
23365
23366
3218
31429
3220
3215
3216
3217
3219
3221
23368
23369
3225
31431
3227
3222
3223
3224
3226
3228
23371
23372
3232
31433
3234
3229
3230
3231
3233
3235
23374
23375
3239
31435
3241
3236
3237
3238
3240
3242
23377
23378
3246
31437
3248
3243
3244
3245
3247
3249
23380
23381
3253
31904
31439
3255
31906
3250
3251
3252
3254
3256
23383
23384
3260
31908
31441
3262
31910
3257
3258
3259
3261
3263
23386
23387
3267
31912
31443
3269
31914
3264
3265
3266
3268
3270
23389
23390
3274
31916
31445
3276
31918
3271
3272
3273
3275
3277
23392
23393
3281
31920
31447
3283
31922
3278
3279
3280
3282
3284
23395
23396
3288
31924
31449
3290
31926
3285
3286
3287
3289
3291
23398
23399
3295
31928
31451
3297
31930
3292
3293
3294
3296
3298
23401
23402
3302
31932
31453
3304
31934
3299
3300
3301
3303
3305
23404
23405
3309
31936
31457
3311
31938
3306
3307
3308
3310
3312
23407
23408
3313
23360
3315
3317
3316
31940
31461
3318
3314
3319
23410
23411
3320
3322
3321
31942
31463
3323
3324
23412
23413
3325
3327
3326
31944
31465
3328
3329
23414
23415
3330
3332
3331
31946
31467
3333
3334
23416
23417
3335
3337
3336
31948
31469
3338
3339
23418
23419
3340
3342
3341
31950
31471
3343
3344
23420
23421
3345
3347
3346
31952
31473
3348
3349
23422
23423
3350
3352
3351
31954
31475
3353
3354
23424
23425
3355
3357
3356
31956
31477
3358
3359
23426
23427
3360
3362
3361
31958
31479
3363
3364
23428
23429
3365
3367
3366
31960
31481
3368
3369
23430
23431
3370
3372
3371
31962
31483
3373
3374
23432
23433
3375
3377
3376
31964
31485
3378
3379
23434
23435
3380
3382
3381
31966
31487
3383
3384
23436
23437
3385
3387
3386
31968
31489
3388
3389
23438
23439
3390
3392
3391
31970
31491
3393
3394
23440
23441
3395
23409
3397
3399
3398
31972
31493
3400
3396
3401
23443
23444
3402
3404
3403
31974
31495
3405
3406
23445
23446
3407
3409
3408
31976
31497
3410
3411
23447
23448
3412
3414
3413
31978
31499
3415
3416
23449
23450
3417
3419
3418
31980
31501
3420
3421
23451
23452
3422
3424
3423
31982
31503
3425
3426
23453
23454
3427
3429
3428
31984
31505
3430
3431
23455
23456
3432
3434
3433
31986
31507
3435
3436
23457
23458
3437
3439
3438
31988
31509
3440
3441
23459
23460
3442
3444
3443
31990
31511
3445
3446
23461
23462
3447
3449
3448
31992
31513
3450
3451
23463
23464
3452
3454
3453
31994
31515
3455
3456
23465
23466
3457
3459
3458
31996
31517
3460
3461
23467
23468
3462
3464
3463
31998
31519
3465
3466
23469
23470
3467
3469
3468
32000
31521
3470
3471
23471
23472
3472
3474
3473
32002
31523
3475
3476
23473
23474
3477
23442
3479
3481
3480
32004
31525
3482
3478
3483
23476
23477
3484
3486
3485
32006
31527
3487
3488
23478
23479
3489
3491
3490
32008
31529
3492
3493
23480
23481
3494
3496
3495
32010
31531
3497
3498
23482
23483
3499
3501
3500
32012
31533
3502
3503
23484
23485
3504
3506
3505
32014
31535
3507
3508
23486
23487
3509
3511
3510
32016
31537
3512
3513
23488
23489
3514
3516
3515
32018
31539
3517
3518
23490
23491
3519
3521
3520
32020
31541
3522
3523
23492
23493
3524
3526
3525
32022
31543
3527
3528
23494
23495
3529
3531
3530
32024
31545
3532
3533
23496
23497
3534
3536
3535
32026
31547
3537
3538
23498
23499
3539
3541
3540
32028
31549
3542
3543
23500
23501
3544
3546
3545
32030
31551
3547
3548
23502
23503
3549
3551
3550
32032
31553
3552
3553
23504
23505
3554
3556
3555
32034
31555
3557
3558
23506
23507
3559
23475
3561
3563
3562
32036
31557
3564
3560
3565
23509
23510
3566
3568
3567
32038
31559
3569
3570
23511
23512
3571
3573
3572
32040
31561
3574
3575
23513
23514
3576
3578
3577
32042
31563
3579
3580
23515
23516
3581
3583
3582
32044
31565
3584
3585
23517
23518
3586
3588
3587
32046
31567
3589
3590
23519
23520
3591
3593
3592
32048
31569
3594
3595
23521
23522
3596
3598
3597
32050
31571
3599
3600
23523
23524
3601
3603
3602
32052
31573
3604
3605
23525
23526
3606
3608
3607
32054
31575
3609
3610
23527
23528
3611
3613
3612
32056
31577
3614
3615
23529
23530
3616
3618
3617
32058
31579
3619
3620
23531
23532
3621
3623
3622
32060
31581
3624
3625
23533
23534
3626
3628
3627
32062
31583
3629
3630
23535
23536
3631
3633
3632
32064
31585
3634
3635
23537
23538
3636
3638
3637
32066
31587
3639
3640
23539
23540
3641
23508
3643
3645
3644
32068
31589
3646
3642
3647
23542
23543
3648
3650
3649
32070
31591
3651
3652
23544
23545
3653
3655
3654
32072
31593
3656
3657
23546
23547
3658
3660
3659
32074
31595
3661
3662
23548
23549
3663
3665
3664
32076
31597
3666
3667
23550
23551
3668
3670
3669
32078
31599
3671
3672
23552
23553
3673
3675
3674
32080
31601
3676
3677
23554
23555
3678
3680
3679
32082
31603
3681
3682
23556
23557
3683
3685
3684
32084
31605
3686
3687
23558
23559
3688
3690
3689
32086
31607
3691
3692
23560
23561
3693
3695
3694
32088
31609
3696
3697
23562
23563
3698
3700
3699
32090
31611
3701
3702
23564
23565
3703
3705
3704
32092
31613
3706
3707
23566
23567
3708
3710
3709
32094
31615
3711
3712
23568
23569
3713
3715
3714
32096
31617
3716
3717
23570
23571
3718
3720
3719
32098
31619
3721
3722
23572
23573
3723
23541
3725
3727
3726
32100
31621
3728
3724
3729
23575
23576
3730
3732
3731
32102
31623
3733
3734
23577
23578
3735
3737
3736
32104
31625
3738
3739
23579
23580
3740
3742
3741
32106
31627
3743
3744
23581
23582
3745
3747
3746
32108
31629
3748
3749
23583
23584
3750
3752
3751
32110
31631
3753
3754
23585
23586
3755
3757
3756
32112
31633
3758
3759
23587
23588
3760
3762
3761
32114
31635
3763
3764
23589
23590
3765
3767
3766
32116
31637
3768
3769
23591
23592
3770
3772
3771
32118
31639
3773
3774
23593
23594
3775
3777
3776
32120
31641
3778
3779
23595
23596
3780
3782
3781
32122
31643
3783
3784
23597
23598
3785
3787
3786
32124
31645
3788
3789
23599
23600
3790
3792
3791
32126
31647
3793
3794
23601
23602
3795
3797
3796
32128
31649
3798
3799
23603
23604
3800
3802
3801
32130
31651
3803
3804
23605
23606
3805
23574
3807
3809
3808
32132
31653
3810
3806
3811
23608
23609
3812
3814
3813
32134
31655
3815
3816
23610
23611
3817
3819
3818
32136
31657
3820
3821
23612
23613
3822
3824
3823
32138
31659
3825
3826
23614
23615
3827
3829
3828
32140
31661
3830
3831
23616
23617
3832
3834
3833
32142
31663
3835
3836
23618
23619
3837
3839
3838
32144
31665
3840
3841
23620
23621
3842
3844
3843
32146
31667
3845
3846
23622
23623
3847
3849
3848
32148
31669
3850
3851
23624
23625
3852
3854
3853
32150
31671
3855
3856
23626
23627
3857
3859
3858
32152
31673
3860
3861
23628
23629
3862
3864
3863
32154
31675
3865
3866
23630
23631
3867
3869
3868
32156
31677
3870
3871
23632
23633
3872
3874
3873
32158
31679
3875
3876
23634
23635
3877
3879
3878
32160
31681
3880
3881
23636
23637
3882
3884
3883
32162
31683
3885
3886
23638
23639
3887
23607
3889
3891
3890
32164
31685
3892
3888
3893
23641
23642
3894
3896
3895
32166
31687
3897
3898
23643
23644
3899
3901
3900
32168
31689
3902
3903
23645
23646
3904
3906
3905
32170
31691
3907
3908
23647
23648
3909
3911
3910
32172
31693
3912
3913
23649
23650
3914
3916
3915
32174
31695
3917
3918
23651
23652
3919
3921
3920
32176
31697
3922
3923
23653
23654
3924
3926
3925
32178
31699
3927
3928
23655
23656
3929
3931
3930
32180
31701
3932
3933
23657
23658
3934
3936
3935
32182
31703
3937
3938
23659
23660
3939
3941
3940
32184
31705
3942
3943
23661
23662
3944
3946
3945
32186
31707
3947
3948
23663
23664
3949
3951
3950
32188
31709
3952
3953
23665
23666
3954
3956
3955
32190
31711
3957
3958
23667
23668
3959
3961
3960
32192
31713
3962
3963
23669
23670
3964
3966
3965
32194
31715
3967
3968
23671
23672
3969
23640
3971
3973
3972
32196
31717
3974
3970
3975
23674
23675
3976
3978
3977
32198
31719
3979
3980
23676
23677
3981
3983
3982
32200
31721
3984
3985
23678
23679
3986
3988
3987
32202
31723
3989
3990
23680
23681
3991
3993
3992
32204
31725
3994
3995
23682
23683
3996
3998
3997
32206
31727
3999
4000
23684
23685
4001
4003
4002
32208
31729
4004
4005
23686
23687
4006
4008
4007
32210
31731
4009
4010
23688
23689
4011
4013
4012
32212
31733
4014
4015
23690
23691
4016
4018
4017
32214
31735
4019
4020
23692
23693
4021
4023
4022
32216
31737
4024
4025
23694
23695
4026
4028
4027
32218
31739
4029
4030
23696
23697
4031
4033
4032
32220
31741
4034
4035
23698
23699
4036
4038
4037
32222
31743
4039
4040
23700
23701
4041
4043
4042
32224
31745
4044
4045
23702
23703
4046
4048
4047
32226
31747
4049
4050
23704
23705
4051
23673
4053
4055
4054
32228
31749
4056
4052
4057
23707
23708
4058
4060
4059
32230
31751
4061
4062
23709
23710
4063
4065
4064
32232
31753
4066
4067
23711
23712
4068
4070
4069
32234
31755
4071
4072
23713
23714
4073
4075
4074
32236
31757
4076
4077
23715
23716
4078
4080
4079
32238
31759
4081
4082
23717
23718
4083
4085
4084
32240
31761
4086
4087
23719
23720
4088
4090
4089
32242
31763
4091
4092
23721
23722
4093
4095
4094
32244
31765
4096
4097
23723
23724
4098
4100
4099
32246
31767
4101
4102
23725
23726
4103
4105
4104
32248
31769
4106
4107
23727
23728
4108
4110
4109
32250
31771
4111
4112
23729
23730
4113
4115
4114
32252
31773
4116
4117
23731
23732
4118
4120
4119
32254
31775
4121
4122
23733
23734
4123
4125
4124
32256
31777
4126
4127
23735
23736
4128
4130
4129
32258
31779
4131
4132
23737
23738
4133
23706
4135
4137
4136
32260
31781
4138
4134
4139
23740
23741
4140
4142
4141
32262
31783
4143
4144
23742
23743
4145
4147
4146
32264
31785
4148
4149
23744
23745
4150
4152
4151
32266
31787
4153
4154
23746
23747
4155
4157
4156
32268
31789
4158
4159
23748
23749
4160
4162
4161
32270
31791
4163
4164
23750
23751
4165
4167
4166
32272
31793
4168
4169
23752
23753
4170
4172
4171
32274
31795
4173
4174
23754
23755
4175
4177
4176
32276
31797
4178
4179
23756
23757
4180
4182
4181
32278
31799
4183
4184
23758
23759
4185
4187
4186
32280
31801
4188
4189
23760
23761
4190
4192
4191
32282
31803
4193
4194
23762
23763
4195
4197
4196
32284
31805
4198
4199
23764
23765
4200
4202
4201
32286
31807
4203
4204
23766
23767
4205
4207
4206
32288
31809
4208
4209
23768
23769
4210
4212
4211
32290
31811
4213
4214
23770
23771
4215
23739
4217
4219
4218
32292
31813
4220
4216
4221
23773
23774
4222
4224
4223
32294
31815
4225
4226
23775
23776
4227
4229
4228
32296
31817
4230
4231
23777
23778
4232
4234
4233
32298
31819
4235
4236
23779
23780
4237
4239
4238
32300
31821
4240
4241
23781
23782
4242
4244
4243
32302
31823
4245
4246
23783
23784
4247
4249
4248
32304
31825
4250
4251
23785
23786
4252
4254
4253
32306
31827
4255
4256
23787
23788
4257
4259
4258
32308
31829
4260
4261
23789
23790
4262
4264
4263
32310
31831
4265
4266
23791
23792
4267
4269
4268
32312
31833
4270
4271
23793
23794
4272
4274
4273
32314
31835
4275
4276
23795
23796
4277
4279
4278
32316
31837
4280
4281
23797
23798
4282
4284
4283
32318
31839
4285
4286
23799
23800
4287
4289
4288
32320
31841
4290
4291
23801
23802
4292
4294
4293
32322
31843
4295
4296
23803
23804
4297
23772
4299
4301
4300
32324
31845
4302
4298
4303
23806
23807
4304
4306
4305
32326
31847
4307
4308
23808
23809
4309
4311
4310
32328
31849
4312
4313
23810
23811
4314
4316
4315
32330
31851
4317
4318
23812
23813
4319
4321
4320
32332
31853
4322
4323
23814
23815
4324
4326
4325
32334
31855
4327
4328
23816
23817
4329
4331
4330
32336
31857
4332
4333
23818
23819
4334
4336
4335
32338
31859
4337
4338
23820
23821
4339
4341
4340
32340
31861
4342
4343
23822
23823
4344
4346
4345
32342
31863
4347
4348
23824
23825
4349
4351
4350
32344
31865
4352
4353
23826
23827
4354
4356
4355
32346
31867
4357
4358
23828
23829
4359
4361
4360
32348
31869
4362
4363
23830
23831
4364
4366
4365
32350
31871
4367
4368
23832
23833
4369
4371
4370
32352
31873
4372
4373
23834
23835
4374
4376
4375
32354
31875
4377
4378
23836
23837
4379
23805
4381
4383
4382
32356
31877
4384
4380
4385
23839
23840
4386
4388
4387
32358
31879
4389
4390
23841
23842
4391
4393
4392
32360
31881
4394
4395
23843
23844
4396
4398
4397
32362
31883
4399
4400
23845
23846
4401
4403
4402
32364
31885
4404
4405
23847
23848
4406
4408
4407
32366
31887
4409
4410
23849
23850
4411
4413
4412
32368
31889
4414
4415
23851
23852
4416
4418
4417
32370
31891
4419
4420
23853
23854
4421
4423
4422
32372
31893
4424
4425
23855
23856
4426
4428
4427
32374
31895
4429
4430
23857
23858
4431
4433
4432
32376
31897
4434
4435
23859
23860
4436
4438
4437
32378
31899
4439
4440
23861
23862
4441
4443
4442
32380
31901
4444
4445
23863
23864
4446
4448
4447
32382
31903
4449
4450
23865
23866
4451
4453
4452
4454
4455
23867
23868
4456
4458
4457
4459
4460
23869
23870
4461
23838
4463
4465
23361
4464
4466
4462
4467
23872
23873
4468
4470
23364
4469
4471
4472
23874
23875
4473
4475
23367
4474
4476
4477
23876
23877
4478
4480
23370
4479
4481
4482
23878
23879
4483
4485
23373
4484
4486
4487
23880
23881
4488
4490
23376
4489
4491
4492
23882
23883
4493
4495
23379
4494
4496
4497
23884
23885
4498
4500
23382
4499
4501
4502
23886
23887
4503
4505
23385
4504
4506
4507
23888
23889
4508
4510
23388
4509
4511
4512
23890
23891
4513
4515
23391
4514
4516
4517
23892
23893
4518
4520
23394
4519
4521
4522
23894
23895
4523
4525
23397
4524
4526
4527
23896
23897
4528
4530
23400
4529
31941
4531
4532
23898
23899
4533
4535
23403
4534
31937
4536
4537
23900
23901
4538
4540
23406
4539
31933
4541
4542
23902
23903
4543
23871
4548
31929
4550
4545
4546
4547
4549
4544
4551
23906
23907
4555
31925
4557
4552
4553
4554
4556
4558
23909
23910
4562
31921
4564
4559
4560
4561
4563
4565
23912
23913
4569
31917
4571
4566
4567
4568
4570
4572
23915
23916
4576
31913
4578
4573
4574
4575
4577
4579
23918
23919
4583
31909
4585
4580
4581
4582
4584
4586
23921
23922
4590
31905
4592
32384
4587
4588
4589
4591
4593
23924
23925
4597
32386
31907
4599
32388
4594
4595
4596
4598
4600
23927
23928
4604
32390
31911
4606
32392
4601
4602
4603
4605
4607
23930
23931
4611
32394
31915
4613
32396
4608
4609
4610
4612
4614
23933
23934
4618
32398
31919
4620
32400
4615
4616
4617
4619
4621
23936
23937
4625
32402
31923
4627
32404
4622
4623
4624
4626
4628
23939
23940
4632
32406
31927
4634
32408
4629
4630
4631
4633
4635
23942
23943
4639
32410
31931
4641
32412
4636
4637
4638
4640
4642
23945
23946
4646
32414
31935
4648
32416
4643
4644
4645
4647
4649
23948
23949
4653
32418
31939
4655
32420
4650
4651
4652
4654
4656
23951
23952
4657
23904
4659
4661
4660
32422
31943
4662
4658
4663
23954
23955
4664
4666
4665
32424
31945
4667
4668
23956
23957
4669
4671
4670
32426
31947
4672
4673
23958
23959
4674
4676
4675
32428
31949
4677
4678
23960
23961
4679
4681
4680
32430
31951
4682
4683
23962
23963
4684
4686
4685
32432
31953
4687
4688
23964
23965
4689
4691
4690
32434
31955
4692
4693
23966
23967
4694
4696
4695
32436
31957
4697
4698
23968
23969
4699
4701
4700
32438
31959
4702
4703
23970
23971
4704
4706
4705
32440
31961
4707
4708
23972
23973
4709
4711
4710
32442
31963
4712
4713
23974
23975
4714
4716
4715
32444
31965
4717
4718
23976
23977
4719
4721
4720
32446
31967
4722
4723
23978
23979
4724
4726
4725
32448
31969
4727
4728
23980
23981
4729
4731
4730
32450
31971
4732
4733
23982
23983
4734
4736
4735
32452
31973
4737
4738
23984
23985
4739
23953
4741
4743
4742
32454
31975
4744
4740
4745
23987
23988
4746
4748
4747
32456
31977
4749
4750
23989
23990
4751
4753
4752
32458
31979
4754
4755
23991
23992
4756
4758
4757
32460
31981
4759
4760
23993
23994
4761
4763
4762
32462
31983
4764
4765
23995
23996
4766
4768
4767
32464
31985
4769
4770
23997
23998
4771
4773
4772
32466
31987
4774
4775
23999
24000
4776
4778
4777
32468
31989
4779
4780
24001
24002
4781
4783
4782
32470
31991
4784
4785
24003
24004
4786
4788
4787
32472
31993
4789
4790
24005
24006
4791
4793
4792
32474
31995
4794
4795
24007
24008
4796
4798
4797
32476
31997
4799
4800
24009
24010
4801
4803
4802
32478
31999
4804
4805
24011
24012
4806
4808
4807
32480
32001
4809
4810
24013
24014
4811
4813
4812
32482
32003
4814
4815
24015
24016
4816
4818
4817
32484
32005
4819
4820
24017
24018
4821
23986
4823
4825
4824
32486
32007
4826
4822
4827
24020
24021
4828
4830
4829
32488
32009
4831
4832
24022
24023
4833
4835
4834
32490
32011
4836
4837
24024
24025
4838
4840
4839
32492
32013
4841
4842
24026
24027
4843
4845
4844
32494
32015
4846
4847
24028
24029
4848
4850
4849
32496
32017
4851
4852
24030
24031
4853
4855
4854
32498
32019
4856
4857
24032
24033
4858
4860
4859
32500
32021
4861
4862
24034
24035
4863
4865
4864
32502
32023
4866
4867
24036
24037
4868
4870
4869
32504
32025
4871
4872
24038
24039
4873
4875
4874
32506
32027
4876
4877
24040
24041
4878
4880
4879
32508
32029
4881
4882
24042
24043
4883
4885
4884
32510
32031
4886
4887
24044
24045
4888
4890
4889
32512
32033
4891
4892
24046
24047
4893
4895
4894
32514
32035
4896
4897
24048
24049
4898
4900
4899
32516
32037
4901
4902
24050
24051
4903
24019
4905
4907
4906
32518
32039
4908
4904
4909
24053
24054
4910
4912
4911
32520
32041
4913
4914
24055
24056
4915
4917
4916
32522
32043
4918
4919
24057
24058
4920
4922
4921
32524
32045
4923
4924
24059
24060
4925
4927
4926
32526
32047
4928
4929
24061
24062
4930
4932
4931
32528
32049
4933
4934
24063
24064
4935
4937
4936
32530
32051
4938
4939
24065
24066
4940
4942
4941
32532
32053
4943
4944
24067
24068
4945
4947
4946
32534
32055
4948
4949
24069
24070
4950
4952
4951
32536
32057
4953
4954
24071
24072
4955
4957
4956
32538
32059
4958
4959
24073
24074
4960
4962
4961
32540
32061
4963
4964
24075
24076
4965
4967
4966
32542
32063
4968
4969
24077
24078
4970
4972
4971
32544
32065
4973
4974
24079
24080
4975
4977
4976
32546
32067
4978
4979
24081
24082
4980
4982
4981
32548
32069
4983
4984
24083
24084
4985
24052
4987
4989
4988
32550
32071
4990
4986
4991
24086
24087
4992
4994
4993
32552
32073
4995
4996
24088
24089
4997
4999
4998
32554
32075
5000
5001
24090
24091
5002
5004
5003
32556
32077
5005
5006
24092
24093
5007
5009
5008
32558
32079
5010
5011
24094
24095
5012
5014
5013
32560
32081
5015
5016
24096
24097
5017
5019
5018
32562
32083
5020
5021
24098
24099
5022
5024
5023
32564
32085
5025
5026
24100
24101
5027
5029
5028
32566
32087
5030
5031
24102
24103
5032
5034
5033
32568
32089
5035
5036
24104
24105
5037
5039
5038
32570
32091
5040
5041
24106
24107
5042
5044
5043
32572
32093
5045
5046
24108
24109
5047
5049
5048
32574
32095
5050
5051
24110
24111
5052
5054
5053
32576
32097
5055
5056
24112
24113
5057
5059
5058
32578
32099
5060
5061
24114
24115
5062
5064
5063
32580
32101
5065
5066
24116
24117
5067
24085
5069
5071
5070
32582
32103
5072
5068
5073
24119
24120
5074
5076
5075
32584
32105
5077
5078
24121
24122
5079
5081
5080
32586
32107
5082
5083
24123
24124
5084
5086
5085
32588
32109
5087
5088
24125
24126
5089
5091
5090
32590
32111
5092
5093
24127
24128
5094
5096
5095
32592
32113
5097
5098
24129
24130
5099
5101
5100
32594
32115
5102
5103
24131
24132
5104
5106
5105
32596
32117
5107
5108
24133
24134
5109
5111
5110
32598
32119
5112
5113
24135
24136
5114
5116
5115
32600
32121
5117
5118
24137
24138
5119
5121
5120
32602
32123
5122
5123
24139
24140
5124
5126
5125
32604
32125
5127
5128
24141
24142
5129
5131
5130
32606
32127
5132
5133
24143
24144
5134
5136
5135
32608
32129
5137
5138
24145
24146
5139
5141
5140
32610
32131
5142
5143
24147
24148
5144
5146
5145
32612
32133
5147
5148
24149
24150
5149
24118
5151
5153
5152
32614
32135
5154
5150
5155
24152
24153
5156
5158
5157
32616
32137
5159
5160
24154
24155
5161
5163
5162
32618
32139
5164
5165
24156
24157
5166
5168
5167
32620
32141
5169
5170
24158
24159
5171
5173
5172
32622
32143
5174
5175
24160
24161
5176
5178
5177
32624
32145
5179
5180
24162
24163
5181
5183
5182
32626
32147
5184
5185
24164
24165
5186
5188
5187
32628
32149
5189
5190
24166
24167
5191
5193
5192
32630
32151
5194
5195
24168
24169
5196
5198
5197
32632
32153
5199
5200
24170
24171
5201
5203
5202
32634
32155
5204
5205
24172
24173
5206
5208
5207
32636
32157
5209
5210
24174
24175
5211
5213
5212
32638
32159
5214
5215
24176
24177
5216
5218
5217
32640
32161
5219
5220
24178
24179
5221
5223
5222
32642
32163
5224
5225
24180
24181
5226
5228
5227
32644
32165
5229
5230
24182
24183
5231
24151
5233
5235
5234
32646
32167
5236
5232
5237
24185
24186
5238
5240
5239
32648
32169
5241
5242
24187
24188
5243
5245
5244
32650
32171
5246
5247
24189
24190
5248
5250
5249
32652
32173
5251
5252
24191
24192
5253
5255
5254
32654
32175
5256
5257
24193
24194
5258
5260
5259
32656
32177
5261
5262
24195
24196
5263
5265
5264
32658
32179
5266
5267
24197
24198
5268
5270
5269
32660
32181
5271
5272
24199
24200
5273
5275
5274
32662
32183
5276
5277
24201
24202
5278
5280
5279
32664
32185
5281
5282
24203
24204
5283
5285
5284
32666
32187
5286
5287
24205
24206
5288
5290
5289
32668
32189
5291
5292
24207
24208
5293
5295
5294
32670
32191
5296
5297
24209
24210
5298
5300
5299
32672
32193
5301
5302
24211
24212
5303
5305
5304
32674
32195
5306
5307
24213
24214
5308
5310
5309
32676
32197
5311
5312
24215
24216
5313
24184
5315
5317
5316
32678
32199
5318
5314
5319
24218
24219
5320
5322
5321
32680
32201
5323
5324
24220
24221
5325
5327
5326
32682
32203
5328
5329
24222
24223
5330
5332
5331
32684
32205
5333
5334
24224
24225
5335
5337
5336
32686
32207
5338
5339
24226
24227
5340
5342
5341
32688
32209
5343
5344
24228
24229
5345
5347
5346
32690
32211
5348
5349
24230
24231
5350
5352
5351
32692
32213
5353
5354
24232
24233
5355
5357
5356
32694
32215
5358
5359
24234
24235
5360
5362
5361
32696
32217
5363
5364
24236
24237
5365
5367
5366
32698
32219
5368
5369
24238
24239
5370
5372
5371
32700
32221
5373
5374
24240
24241
5375
5377
5376
32702
32223
5378
5379
24242
24243
5380
5382
5381
32704
32225
5383
5384
24244
24245
5385
5387
5386
32706
32227
5388
5389
24246
24247
5390
5392
5391
32708
32229
5393
5394
24248
24249
5395
24217
5397
5399
5398
32710
32231
5400
5396
5401
24251
24252
5402
5404
5403
32712
32233
5405
5406
24253
24254
5407
5409
5408
32714
32235
5410
5411
24255
24256
5412
5414
5413
32716
32237
5415
5416
24257
24258
5417
5419
5418
32718
32239
5420
5421
24259
24260
5422
5424
5423
32720
32241
5425
5426
24261
24262
5427
5429
5428
32722
32243
5430
5431
24263
24264
5432
5434
5433
32724
32245
5435
5436
24265
24266
5437
5439
5438
32726
32247
5440
5441
24267
24268
5442
5444
5443
32728
32249
5445
5446
24269
24270
5447
5449
5448
32730
32251
5450
5451
24271
24272
5452
5454
5453
32732
32253
5455
5456
24273
24274
5457
5459
5458
32734
32255
5460
5461
24275
24276
5462
5464
5463
32736
32257
5465
5466
24277
24278
5467
5469
5468
32738
32259
5470
5471
24279
24280
5472
5474
5473
32740
32261
5475
5476
24281
24282
5477
24250
5479
5481
5480
32742
32263
5482
5478
5483
24284
24285
5484
5486
5485
32744
32265
5487
5488
24286
24287
5489
5491
5490
32746
32267
5492
5493
24288
24289
5494
5496
5495
32748
32269
5497
5498
24290
24291
5499
5501
5500
32750
32271
5502
5503
24292
24293
5504
5506
5505
32752
32273
5507
5508
24294
24295
5509
5511
5510
32754
32275
5512
5513
24296
24297
5514
5516
5515
32756
32277
5517
5518
24298
24299
5519
5521
5520
32758
32279
5522
5523
24300
24301
5524
5526
5525
32760
32281
5527
5528
24302
24303
5529
5531
5530
32762
32283
5532
5533
24304
24305
5534
5536
5535
32764
32285
5537
5538
24306
24307
5539
5541
5540
32766
32287
5542
5543
24308
24309
5544
5546
5545
32768
32289
5547
5548
24310
24311
5549
5551
5550
32770
32291
5552
5553
24312
24313
5554
5556
5555
32772
32293
5557
5558
24314
24315
5559
24283
5561
5563
5562
32774
32295
5564
5560
5565
24317
24318
5566
5568
5567
32776
32297
5569
5570
24319
24320
5571
5573
5572
32778
32299
5574
5575
24321
24322
5576
5578
5577
32780
32301
5579
5580
24323
24324
5581
5583
5582
32782
32303
5584
5585
24325
24326
5586
5588
5587
32784
32305
5589
5590
24327
24328
5591
5593
5592
32786
32307
5594
5595
24329
24330
5596
5598
5597
32788
32309
5599
5600
24331
24332
5601
5603
5602
32790
32311
5604
5605
24333
24334
5606
5608
5607
32792
32313
5609
5610
24335
24336
5611
5613
5612
32794
32315
5614
5615
24337
24338
5616
5618
5617
32796
32317
5619
5620
24339
24340
5621
5623
5622
32798
32319
5624
5625
24341
24342
5626
5628
5627
32800
32321
5629
5630
24343
24344
5631
5633
5632
32802
32323
5634
5635
24345
24346
5636
5638
5637
32804
32325
5639
5640
24347
24348
5641
24316
5643
5645
5644
32806
32327
5646
5642
5647
24350
24351
5648
5650
5649
32808
32329
5651
5652
24352
24353
5653
5655
5654
32810
32331
5656
5657
24354
24355
5658
5660
5659
32812
32333
5661
5662
24356
24357
5663
5665
5664
32814
32335
5666
5667
24358
24359
5668
5670
5669
32816
32337
5671
5672
24360
24361
5673
5675
5674
32818
32339
5676
5677
24362
24363
5678
5680
5679
32820
32341
5681
5682
24364
24365
5683
5685
5684
32822
32343
5686
5687
24366
24367
5688
5690
5689
32824
32345
5691
5692
24368
24369
5693
5695
5694
32826
32347
5696
5697
24370
24371
5698
5700
5699
32828
32349
5701
5702
24372
24373
5703
5705
5704
32830
32351
5706
5707
24374
24375
5708
5710
5709
32832
32353
5711
5712
24376
24377
5713
5715
5714
32834
32355
5716
5717
24378
24379
5718
5720
5719
32836
32357
5721
5722
24380
24381
5723
24349
5725
5727
5726
32838
32359
5728
5724
5729
24383
24384
5730
5732
5731
32840
32361
5733
5734
24385
24386
5735
5737
5736
32842
32363
5738
5739
24387
24388
5740
5742
5741
32844
32365
5743
5744
24389
24390
5745
5747
5746
32846
32367
5748
5749
24391
24392
5750
5752
5751
32848
32369
5753
5754
24393
24394
5755
5757
5756
32850
32371
5758
5759
24395
24396
5760
5762
5761
32852
32373
5763
5764
24397
24398
5765
5767
5766
32854
32375
5768
5769
24399
24400
5770
5772
5771
32856
32377
5773
5774
24401
24402
5775
5777
5776
32858
32379
5778
5779
24403
24404
5780
5782
5781
32860
32381
5783
5784
24405
24406
5785
5787
5786
32862
32383
5788
5789
24407
24408
5790
5792
5791
5793
5794
24409
24410
5795
5797
5796
5798
5799
24411
24412
5800
5802
5801
5803
5804
24413
24414
5805
24382
5807
5809
23905
5808
5810
5806
5811
24416
24417
5812
5814
23908
5813
5815
5816
24418
24419
5817
5819
23911
5818
5820
5821
24420
24421
5822
5824
23914
5823
5825
5826
24422
24423
5827
5829
23917
5828
5830
5831
24424
24425
5832
5834
23920
5833
5835
5836
24426
24427
5837
5839
23923
5838
5840
5841
24428
24429
5842
5844
23926
5843
5845
5846
24430
24431
5847
5849
23929
5848
5850
5851
24432
24433
5852
5854
23932
5853
5855
5856
24434
24435
5857
5859
23935
5858
5860
5861
24436
24437
5862
5864
23938
5863
5865
5866
24438
24439
5867
5869
23941
5868
32423
5870
5871
24440
24441
5872
5874
23944
5873
32419
5875
5876
24442
24443
5877
5879
23947
5878
32415
5880
5881
24444
24445
5882
5884
23950
5883
32411
5885
5886
24446
24447
5887
24415
5892
32407
5894
5889
5890
5891
5893
5888
5895
24450
24451
5899
32403
5901
5896
5897
5898
5900
5902
24453
24454
5906
32399
5908
5903
5904
5905
5907
5909
24456
24457
5913
32395
5915
5910
5911
5912
5914
5916
24459
24460
5920
32391
5922
5917
5918
5919
5921
5923
24462
24463
5927
32387
5929
5924
5925
5926
5928
5930
24465
24466
5934
32864
32385
5936
32866
5931
5932
5933
5935
5937
24468
24469
5941
32868
32389
5943
32870
5938
5939
5940
5942
5944
24471
24472
5948
32872
32393
5950
32874
5945
5946
5947
5949
5951
24474
24475
5955
32876
32397
5957
32878
5952
5953
5954
5956
5958
24477
24478
5962
32880
32401
5964
32882
5959
5960
5961
5963
5965
24480
24481
5969
32884
32405
5971
32886
5966
5967
5968
5970
5972
24483
24484
5976
32888
32409
5978
32890
5973
5974
5975
5977
5979
24486
24487
5983
32892
32413
5985
32894
5980
5981
5982
5984
5986
24489
24490
5990
32896
32417
5992
32898
5987
5988
5989
5991
5993
24492
24493
5997
32900
32421
5999
32902
5994
5995
5996
5998
6000
24495
24496
6001
24448
6003
6005
6004
32904
32425
6006
6002
6007
24498
24499
6008
6010
6009
32906
32427
6011
6012
24500
24501
6013
6015
6014
32908
32429
6016
6017
24502
24503
6018
6020
6019
32910
32431
6021
6022
24504
24505
6023
6025
6024
32912
32433
6026
6027
24506
24507
6028
6030
6029
32914
32435
6031
6032
24508
24509
6033
6035
6034
32916
32437
6036
6037
24510
24511
6038
6040
6039
32918
32439
6041
6042
24512
24513
6043
6045
6044
32920
32441
6046
6047
24514
24515
6048
6050
6049
32922
32443
6051
6052
24516
24517
6053
6055
6054
32924
32445
6056
6057
24518
24519
6058
6060
6059
32926
32447
6061
6062
24520
24521
6063
6065
6064
32928
32449
6066
6067
24522
24523
6068
6070
6069
32930
32451
6071
6072
24524
24525
6073
6075
6074
32932
32453
6076
6077
24526
24527
6078
6080
6079
32934
32455
6081
6082
24528
24529
6083
24497
6085
6087
6086
32936
32457
6088
6084
6089
24531
24532
6090
6092
6091
32938
32459
6093
6094
24533
24534
6095
6097
6096
32940
32461
6098
6099
24535
24536
6100
6102
6101
32942
32463
6103
6104
24537
24538
6105
6107
6106
32944
32465
6108
6109
24539
24540
6110
6112
6111
32946
32467
6113
6114
24541
24542
6115
6117
6116
32948
32469
6118
6119
24543
24544
6120
6122
6121
32950
32471
6123
6124
24545
24546
6125
6127
6126
32952
32473
6128
6129
24547
24548
6130
6132
6131
32954
32475
6133
6134
24549
24550
6135
6137
6136
32956
32477
6138
6139
24551
24552
6140
6142
6141
32958
32479
6143
6144
24553
24554
6145
6147
6146
32960
32481
6148
6149
24555
24556
6150
6152
6151
32962
32483
6153
6154
24557
24558
6155
6157
6156
32964
32485
6158
6159
24559
24560
6160
6162
6161
32966
32487
6163
6164
24561
24562
6165
24530
6167
6169
6168
32968
32489
6170
6166
6171
24564
24565
6172
6174
6173
32970
32491
6175
6176
24566
24567
6177
6179
6178
32972
32493
6180
6181
24568
24569
6182
6184
6183
32974
32495
6185
6186
24570
24571
6187
6189
6188
32976
32497
6190
6191
24572
24573
6192
6194
6193
32978
32499
6195
6196
24574
24575
6197
6199
6198
32980
32501
6200
6201
24576
24577
6202
6204
6203
32982
32503
6205
6206
24578
24579
6207
6209
6208
32984
32505
6210
6211
24580
24581
6212
6214
6213
32986
32507
6215
6216
24582
24583
6217
6219
6218
32988
32509
6220
6221
24584
24585
6222
6224
6223
32990
32511
6225
6226
24586
24587
6227
6229
6228
32992
32513
6230
6231
24588
24589
6232
6234
6233
32994
32515
6235
6236
24590
24591
6237
6239
6238
32996
32517
6240
6241
24592
24593
6242
6244
6243
32998
32519
6245
6246
24594
24595
6247
24563
6249
6251
6250
33000
32521
6252
6248
6253
24597
24598
6254
6256
6255
33002
32523
6257
6258
24599
24600
6259
6261
6260
33004
32525
6262
6263
24601
24602
6264
6266
6265
33006
32527
6267
6268
24603
24604
6269
6271
6270
33008
32529
6272
6273
24605
24606
6274
6276
6275
33010
32531
6277
6278
24607
24608
6279
6281
6280
33012
32533
6282
6283
24609
24610
6284
6286
6285
33014
32535
6287
6288
24611
24612
6289
6291
6290
33016
32537
6292
6293
24613
24614
6294
6296
6295
33018
32539
6297
6298
24615
24616
6299
6301
6300
33020
32541
6302
6303
24617
24618
6304
6306
6305
33022
32543
6307
6308
24619
24620
6309
6311
6310
33024
32545
6312
6313
24621
24622
6314
6316
6315
33026
32547
6317
6318
24623
24624
6319
6321
6320
33028
32549
6322
6323
24625
24626
6324
6326
6325
33030
32551
6327
6328
24627
24628
6329
24596
6331
6333
6332
33032
32553
6334
6330
6335
24630
24631
6336
6338
6337
33034
32555
6339
6340
24632
24633
6341
6343
6342
33036
32557
6344
6345
24634
24635
6346
6348
6347
33038
32559
6349
6350
24636
24637
6351
6353
6352
33040
32561
6354
6355
24638
24639
6356
6358
6357
33042
32563
6359
6360
24640
24641
6361
6363
6362
33044
32565
6364
6365
24642
24643
6366
6368
6367
33046
32567
6369
6370
24644
24645
6371
6373
6372
33048
32569
6374
6375
24646
24647
6376
6378
6377
33050
32571
6379
6380
24648
24649
6381
6383
6382
33052
32573
6384
6385
24650
24651
6386
6388
6387
33054
32575
6389
6390
24652
24653
6391
6393
6392
33056
32577
6394
6395
24654
24655
6396
6398
6397
33058
32579
6399
6400
24656
24657
6401
6403
6402
33060
32581
6404
6405
24658
24659
6406
6408
6407
33062
32583
6409
6410
24660
24661
6411
24629
6413
6415
6414
33064
32585
6416
6412
6417
24663
24664
6418
6420
6419
33066
32587
6421
6422
24665
24666
6423
6425
6424
33068
32589
6426
6427
24667
24668
6428
6430
6429
33070
32591
6431
6432
24669
24670
6433
6435
6434
33072
32593
6436
6437
24671
24672
6438
6440
6439
33074
32595
6441
6442
24673
24674
6443
6445
6444
33076
32597
6446
6447
24675
24676
6448
6450
6449
33078
32599
6451
6452
24677
24678
6453
6455
6454
33080
32601
6456
6457
24679
24680
6458
6460
6459
33082
32603
6461
6462
24681
24682
6463
6465
6464
33084
32605
6466
6467
24683
24684
6468
6470
6469
33086
32607
6471
6472
24685
24686
6473
6475
6474
33088
32609
6476
6477
24687
24688
6478
6480
6479
33090
32611
6481
6482
24689
24690
6483
6485
6484
33092
32613
6486
6487
24691
24692
6488
6490
6489
33094
32615
6491
6492
24693
24694
6493
24662
6495
6497
6496
33096
32617
6498
6494
6499
24696
24697
6500
6502
6501
33098
32619
6503
6504
24698
24699
6505
6507
6506
33100
32621
6508
6509
24700
24701
6510
6512
6511
33102
32623
6513
6514
24702
24703
6515
6517
6516
33104
32625
6518
6519
24704
24705
6520
6522
6521
33106
32627
6523
6524
24706
24707
6525
6527
6526
33108
32629
6528
6529
24708
24709
6530
6532
6531
33110
32631
6533
6534
24710
24711
6535
6537
6536
33112
32633
6538
6539
24712
24713
6540
6542
6541
33114
32635
6543
6544
24714
24715
6545
6547
6546
33116
32637
6548
6549
24716
24717
6550
6552
6551
33118
32639
6553
6554
24718
24719
6555
6557
6556
33120
32641
6558
6559
24720
24721
6560
6562
6561
33122
32643
6563
6564
24722
24723
6565
6567
6566
33124
32645
6568
6569
24724
24725
6570
6572
6571
33126
32647
6573
6574
24726
24727
6575
24695
6577
6579
6578
33128
32649
6580
6576
6581
24729
24730
6582
6584
6583
33130
32651
6585
6586
24731
24732
6587
6589
6588
33132
32653
6590
6591
24733
24734
6592
6594
6593
33134
32655
6595
6596
24735
24736
6597
6599
6598
33136
32657
6600
6601
24737
24738
6602
6604
6603
33138
32659
6605
6606
24739
24740
6607
6609
6608
33140
32661
6610
6611
24741
24742
6612
6614
6613
33142
32663
6615
6616
24743
24744
6617
6619
6618
33144
32665
6620
6621
24745
24746
6622
6624
6623
33146
32667
6625
6626
24747
24748
6627
6629
6628
33148
32669
6630
6631
24749
24750
6632
6634
6633
33150
32671
6635
6636
24751
24752
6637
6639
6638
33152
32673
6640
6641
24753
24754
6642
6644
6643
33154
32675
6645
6646
24755
24756
6647
6649
6648
33156
32677
6650
6651
24757
24758
6652
6654
6653
33158
32679
6655
6656
24759
24760
6657
24728
6659
6661
6660
33160
32681
6662
6658
6663
24762
24763
6664
6666
6665
33162
32683
6667
6668
24764
24765
6669
6671
6670
33164
32685
6672
6673
24766
24767
6674
6676
6675
33166
32687
6677
6678
24768
24769
6679
6681
6680
33168
32689
6682
6683
24770
24771
6684
6686
6685
33170
32691
6687
6688
24772
24773
6689
6691
6690
33172
32693
6692
6693
24774
24775
6694
6696
6695
33174
32695
6697
6698
24776
24777
6699
6701
6700
33176
32697
6702
6703
24778
24779
6704
6706
6705
33178
32699
6707
6708
24780
24781
6709
6711
6710
33180
32701
6712
6713
24782
24783
6714
6716
6715
33182
32703
6717
6718
24784
24785
6719
6721
6720
33184
32705
6722
6723
24786
24787
6724
6726
6725
33186
32707
6727
6728
24788
24789
6729
6731
6730
33188
32709
6732
6733
24790
24791
6734
6736
6735
33190
32711
6737
6738
24792
24793
6739
24761
6741
6743
6742
33192
32713
6744
6740
6745
24795
24796
6746
6748
6747
33194
32715
6749
6750
24797
24798
6751
6753
6752
33196
32717
6754
6755
24799
24800
6756
6758
6757
33198
32719
6759
6760
24801
24802
6761
6763
6762
33200
32721
6764
6765
24803
24804
6766
6768
6767
33202
32723
6769
6770
24805
24806
6771
6773
6772
33204
32725
6774
6775
24807
24808
6776
6778
6777
33206
32727
6779
6780
24809
24810
6781
6783
6782
33208
32729
6784
6785
24811
24812
6786
6788
6787
33210
32731
6789
6790
24813
24814
6791
6793
6792
33212
32733
6794
6795
24815
24816
6796
6798
6797
33214
32735
6799
6800
24817
24818
6801
6803
6802
33216
32737
6804
6805
24819
24820
6806
6808
6807
33218
32739
6809
6810
24821
24822
6811
6813
6812
33220
32741
6814
6815
24823
24824
6816
6818
6817
33222
32743
6819
6820
24825
24826
6821
24794
6823
6825
6824
33224
32745
6826
6822
6827
24828
24829
6828
6830
6829
33226
32747
6831
6832
24830
24831
6833
6835
6834
33228
32749
6836
6837
24832
24833
6838
6840
6839
33230
32751
6841
6842
24834
24835
6843
6845
6844
33232
32753
6846
6847
24836
24837
6848
6850
6849
33234
32755
6851
6852
24838
24839
6853
6855
6854
33236
32757
6856
6857
24840
24841
6858
6860
6859
33238
32759
6861
6862
24842
24843
6863
6865
6864
33240
32761
6866
6867
24844
24845
6868
6870
6869
33242
32763
6871
6872
24846
24847
6873
6875
6874
33244
32765
6876
6877
24848
24849
6878
6880
6879
33246
32767
6881
6882
24850
24851
6883
6885
6884
33248
32769
6886
6887
24852
24853
6888
6890
6889
33250
32771
6891
6892
24854
24855
6893
6895
6894
33252
32773
6896
6897
24856
24857
6898
6900
6899
33254
32775
6901
6902
24858
24859
6903
24827
6905
6907
6906
33256
32777
6908
6904
6909
24861
24862
6910
6912
6911
33258
32779
6913
6914
24863
24864
6915
6917
6916
33260
32781
6918
6919
24865
24866
6920
6922
6921
33262
32783
6923
6924
24867
24868
6925
6927
6926
33264
32785
6928
6929
24869
24870
6930
6932
6931
33266
32787
6933
6934
24871
24872
6935
6937
6936
33268
32789
6938
6939
24873
24874
6940
6942
6941
33270
32791
6943
6944
24875
24876
6945
6947
6946
33272
32793
6948
6949
24877
24878
6950
6952
6951
33274
32795
6953
6954
24879
24880
6955
6957
6956
33276
32797
6958
6959
24881
24882
6960
6962
6961
33278
32799
6963
6964
24883
24884
6965
6967
6966
33280
32801
6968
6969
24885
24886
6970
6972
6971
33282
32803
6973
6974
24887
24888
6975
6977
6976
33284
32805
6978
6979
24889
24890
6980
6982
6981
33286
32807
6983
6984
24891
24892
6985
24860
6987
6989
6988
33288
32809
6990
6986
6991
24894
24895
6992
6994
6993
33290
32811
6995
6996
24896
24897
6997
6999
6998
33292
32813
7000
7001
24898
24899
7002
7004
7003
33294
32815
7005
7006
24900
24901
7007
7009
7008
33296
32817
7010
7011
24902
24903
7012
7014
7013
33298
32819
7015
7016
24904
24905
7017
7019
7018
33300
32821
7020
7021
24906
24907
7022
7024
7023
33302
32823
7025
7026
24908
24909
7027
7029
7028
33304
32825
7030
7031
24910
24911
7032
7034
7033
33306
32827
7035
7036
24912
24913
7037
7039
7038
33308
32829
7040
7041
24914
24915
7042
7044
7043
33310
32831
7045
7046
24916
24917
7047
7049
7048
33312
32833
7050
7051
24918
24919
7052
7054
7053
33314
32835
7055
7056
24920
24921
7057
7059
7058
33316
32837
7060
7061
24922
24923
7062
7064
7063
33318
32839
7065
7066
24924
24925
7067
24893
7069
7071
7070
33320
32841
7072
7068
7073
24927
24928
7074
7076
7075
33322
32843
7077
7078
24929
24930
7079
7081
7080
33324
32845
7082
7083
24931
24932
7084
7086
7085
33326
32847
7087
7088
24933
24934
7089
7091
7090
33328
32849
7092
7093
24935
24936
7094
7096
7095
33330
32851
7097
7098
24937
24938
7099
7101
7100
33332
32853
7102
7103
24939
24940
7104
7106
7105
33334
32855
7107
7108
24941
24942
7109
7111
7110
33336
32857
7112
7113
24943
24944
7114
7116
7115
33338
32859
7117
7118
24945
24946
7119
7121
7120
33340
32861
7122
7123
24947
24948
7124
7126
7125
33342
32863
7127
7128
24949
24950
7129
7131
7130
7132
7133
24951
24952
7134
7136
7135
7137
7138
24953
24954
7139
7141
7140
7142
7143
24955
24956
7144
7146
7145
7147
7148
24957
24958
7149
24926
7151
7153
24449
7152
7154
7150
7155
24960
24961
7156
7158
24452
7157
7159
7160
24962
24963
7161
7163
24455
7162
7164
7165
24964
24965
7166
7168
24458
7167
7169
7170
24966
24967
7171
7173
24461
7172
7174
7175
24968
24969
7176
7178
24464
7177
7179
7180
24970
24971
7181
7183
24467
7182
7184
7185
24972
24973
7186
7188
24470
7187
7189
7190
24974
24975
7191
7193
24473
7192
7194
7195
24976
24977
7196
7198
24476
7197
7199
7200
24978
24979
7201
7203
24479
7202
7204
7205
24980
24981
7206
7208
24482
7207
32905
7209
7210
24982
24983
7211
7213
24485
7212
32901
7214
7215
24984
24985
7216
7218
24488
7217
32897
7219
7220
24986
24987
7221
7223
24491
7222
32893
7224
7225
24988
24989
7226
7228
24494
7227
32889
7229
7230
24990
24991
7231
24959
7236
32885
7238
7233
7234
7235
7237
7232
7239
24994
24995
7243
32881
7245
7240
7241
7242
7244
7246
24997
24998
7250
32877
7252
7247
7248
7249
7251
7253
25000
25001
7257
32873
7259
7254
7255
7256
7258
7260
25003
25004
7264
32869
7266
7261
7262
7263
7265
7267
25006
25007
7271
32865
7273
33344
7268
7269
7270
7272
7274
25009
25010
7278
33346
32867
7280
33348
7275
7276
7277
7279
7281
25012
25013
7285
33350
32871
7287
33352
7282
7283
7284
7286
7288
25015
25016
7292
33354
32875
7294
33356
7289
7290
7291
7293
7295
25018
25019
7299
33358
32879
7301
33360
7296
7297
7298
7300
7302
25021
25022
7306
33362
32883
7308
33364
7303
7304
7305
7307
7309
25024
25025
7313
33366
32887
7315
33368
7310
7311
7312
7314
7316
25027
25028
7320
33370
32891
7322
33372
7317
7318
7319
7321
7323
25030
25031
7327
33374
32895
7329
33376
7324
7325
7326
7328
7330
25033
25034
7334
33378
32899
7336
33380
7331
7332
7333
7335
7337
25036
25037
7341
33382
32903
7343
33384
7338
7339
7340
7342
7344
25039
25040
7345
24992
7347
7349
7348
33386
32907
7350
7346
7351
25042
25043
7352
7354
7353
33388
32909
7355
7356
25044
25045
7357
7359
7358
33390
32911
7360
7361
25046
25047
7362
7364
7363
33392
32913
7365
7366
25048
25049
7367
7369
7368
33394
32915
7370
7371
25050
25051
7372
7374
7373
33396
32917
7375
7376
25052
25053
7377
7379
7378
33398
32919
7380
7381
25054
25055
7382
7384
7383
33400
32921
7385
7386
25056
25057
7387
7389
7388
33402
32923
7390
7391
25058
25059
7392
7394
7393
33404
32925
7395
7396
25060
25061
7397
7399
7398
33406
32927
7400
7401
25062
25063
7402
7404
7403
33408
32929
7405
7406
25064
25065
7407
7409
7408
33410
32931
7410
7411
25066
25067
7412
7414
7413
33412
32933
7415
7416
25068
25069
7417
7419
7418
33414
32935
7420
7421
25070
25071
7422
7424
7423
33416
32937
7425
7426
25072
25073
7427
25041
7429
7431
7430
33418
32939
7432
7428
7433
25075
25076
7434
7436
7435
33420
32941
7437
7438
25077
25078
7439
7441
7440
33422
32943
7442
7443
25079
25080
7444
7446
7445
33424
32945
7447
7448
25081
25082
7449
7451
7450
33426
32947
7452
7453
25083
25084
7454
7456
7455
33428
32949
7457
7458
25085
25086
7459
7461
7460
33430
32951
7462
7463
25087
25088
7464
7466
7465
33432
32953
7467
7468
25089
25090
7469
7471
7470
33434
32955
7472
7473
25091
25092
7474
7476
7475
33436
32957
7477
7478
25093
25094
7479
7481
7480
33438
32959
7482
7483
25095
25096
7484
7486
7485
33440
32961
7487
7488
25097
25098
7489
7491
7490
33442
32963
7492
7493
25099
25100
7494
7496
7495
33444
32965
7497
7498
25101
25102
7499
7501
7500
33446
32967
7502
7503
25103
25104
7504
7506
7505
33448
32969
7507
7508
25105
25106
7509
25074
7511
7513
7512
33450
32971
7514
7510
7515
25108
25109
7516
7518
7517
33452
32973
7519
7520
25110
25111
7521
7523
7522
33454
32975
7524
7525
25112
25113
7526
7528
7527
33456
32977
7529
7530
25114
25115
7531
7533
7532
33458
32979
7534
7535
25116
25117
7536
7538
7537
33460
32981
7539
7540
25118
25119
7541
7543
7542
33462
32983
7544
7545
25120
25121
7546
7548
7547
33464
32985
7549
7550
25122
25123
7551
7553
7552
33466
32987
7554
7555
25124
25125
7556
7558
7557
33468
32989
7559
7560
25126
25127
7561
7563
7562
33470
32991
7564
7565
25128
25129
7566
7568
7567
33472
32993
7569
7570
25130
25131
7571
7573
7572
33474
32995
7574
7575
25132
25133
7576
7578
7577
33476
32997
7579
7580
25134
25135
7581
7583
7582
33478
32999
7584
7585
25136
25137
7586
7588
7587
33480
33001
7589
7590
25138
25139
7591
25107
7593
7595
7594
33482
33003
7596
7592
7597
25141
25142
7598
7600
7599
33484
33005
7601
7602
25143
25144
7603
7605
7604
33486
33007
7606
7607
25145
25146
7608
7610
7609
33488
33009
7611
7612
25147
25148
7613
7615
7614
33490
33011
7616
7617
25149
25150
7618
7620
7619
33492
33013
7621
7622
25151
25152
7623
7625
7624
33494
33015
7626
7627
25153
25154
7628
7630
7629
33496
33017
7631
7632
25155
25156
7633
7635
7634
33498
33019
7636
7637
25157
25158
7638
7640
7639
33500
33021
7641
7642
25159
25160
7643
7645
7644
33502
33023
7646
7647
25161
25162
7648
7650
7649
33504
33025
7651
7652
25163
25164
7653
7655
7654
33506
33027
7656
7657
25165
25166
7658
7660
7659
33508
33029
7661
7662
25167
25168
7663
7665
7664
33510
33031
7666
7667
25169
25170
7668
7670
7669
33512
33033
7671
7672
25171
25172
7673
25140
7675
7677
7676
33514
33035
7678
7674
7679
25174
25175
7680
7682
7681
33516
33037
7683
7684
25176
25177
7685
7687
7686
33518
33039
7688
7689
25178
25179
7690
7692
7691
33520
33041
7693
7694
25180
25181
7695
7697
7696
33522
33043
7698
7699
25182
25183
7700
7702
7701
33524
33045
7703
7704
25184
25185
7705
7707
7706
33526
33047
7708
7709
25186
25187
7710
7712
7711
33528
33049
7713
7714
25188
25189
7715
7717
7716
33530
33051
7718
7719
25190
25191
7720
7722
7721
33532
33053
7723
7724
25192
25193
7725
7727
7726
33534
33055
7728
7729
25194
25195
7730
7732
7731
33536
33057
7733
7734
25196
25197
7735
7737
7736
33538
33059
7738
7739
25198
25199
7740
7742
7741
33540
33061
7743
7744
25200
25201
7745
7747
7746
33542
33063
7748
7749
25202
25203
7750
7752
7751
33544
33065
7753
7754
25204
25205
7755
25173
7757
7759
7758
33546
33067
7760
7756
7761
25207
25208
7762
7764
7763
33548
33069
7765
7766
25209
25210
7767
7769
7768
33550
33071
7770
7771
25211
25212
7772
7774
7773
33552
33073
7775
7776
25213
25214
7777
7779
7778
33554
33075
7780
7781
25215
25216
7782
7784
7783
33556
33077
7785
7786
25217
25218
7787
7789
7788
33558
33079
7790
7791
25219
25220
7792
7794
7793
33560
33081
7795
7796
25221
25222
7797
7799
7798
33562
33083
7800
7801
25223
25224
7802
7804
7803
33564
33085
7805
7806
25225
25226
7807
7809
7808
33566
33087
7810
7811
25227
25228
7812
7814
7813
33568
33089
7815
7816
25229
25230
7817
7819
7818
33570
33091
7820
7821
25231
25232
7822
7824
7823
33572
33093
7825
7826
25233
25234
7827
7829
7828
33574
33095
7830
7831
25235
25236
7832
7834
7833
33576
33097
7835
7836
25237
25238
7837
25206
7839
7841
7840
33578
33099
7842
7838
7843
25240
25241
7844
7846
7845
33580
33101
7847
7848
25242
25243
7849
7851
7850
33582
33103
7852
7853
25244
25245
7854
7856
7855
33584
33105
7857
7858
25246
25247
7859
7861
7860
33586
33107
7862
7863
25248
25249
7864
7866
7865
33588
33109
7867
7868
25250
25251
7869
7871
7870
33590
33111
7872
7873
25252
25253
7874
7876
7875
33592
33113
7877
7878
25254
25255
7879
7881
7880
33594
33115
7882
7883
25256
25257
7884
7886
7885
33596
33117
7887
7888
25258
25259
7889
7891
7890
33598
33119
7892
7893
25260
25261
7894
7896
7895
33600
33121
7897
7898
25262
25263
7899
7901
7900
33602
33123
7902
7903
25264
25265
7904
7906
7905
33604
33125
7907
7908
25266
25267
7909
7911
7910
33606
33127
7912
7913
25268
25269
7914
7916
7915
33608
33129
7917
7918
25270
25271
7919
25239
7921
7923
7922
33610
33131
7924
7920
7925
25273
25274
7926
7928
7927
33612
33133
7929
7930
25275
25276
7931
7933
7932
33614
33135
7934
7935
25277
25278
7936
7938
7937
33616
33137
7939
7940
25279
25280
7941
7943
7942
33618
33139
7944
7945
25281
25282
7946
7948
7947
33620
33141
7949
7950
25283
25284
7951
7953
7952
33622
33143
7954
7955
25285
25286
7956
7958
7957
33624
33145
7959
7960
25287
25288
7961
7963
7962
33626
33147
7964
7965
25289
25290
7966
7968
7967
33628
33149
7969
7970
25291
25292
7971
7973
7972
33630
33151
7974
7975
25293
25294
7976
7978
7977
33632
33153
7979
7980
25295
25296
7981
7983
7982
33634
33155
7984
7985
25297
25298
7986
7988
7987
33636
33157
7989
7990
25299
25300
7991
7993
7992
33638
33159
7994
7995
25301
25302
7996
7998
7997
33640
33161
7999
8000
25303
25304
8001
25272
8003
8005
8004
33642
33163
8006
8002
8007
25306
25307
8008
8010
8009
33644
33165
8011
8012
25308
25309
8013
8015
8014
33646
33167
8016
8017
25310
25311
8018
8020
8019
33648
33169
8021
8022
25312
25313
8023
8025
8024
33650
33171
8026
8027
25314
25315
8028
8030
8029
33652
33173
8031
8032
25316
25317
8033
8035
8034
33654
33175
8036
8037
25318
25319
8038
8040
8039
33656
33177
8041
8042
25320
25321
8043
8045
8044
33658
33179
8046
8047
25322
25323
8048
8050
8049
33660
33181
8051
8052
25324
25325
8053
8055
8054
33662
33183
8056
8057
25326
25327
8058
8060
8059
33664
33185
8061
8062
25328
25329
8063
8065
8064
33666
33187
8066
8067
25330
25331
8068
8070
8069
33668
33189
8071
8072
25332
25333
8073
8075
8074
33670
33191
8076
8077
25334
25335
8078
8080
8079
33672
33193
8081
8082
25336
25337
8083
25305
8085
8087
8086
33674
33195
8088
8084
8089
25339
25340
8090
8092
8091
33676
33197
8093
8094
25341
25342
8095
8097
8096
33678
33199
8098
8099
25343
25344
8100
8102
8101
33680
33201
8103
8104
25345
25346
8105
8107
8106
33682
33203
8108
8109
25347
25348
8110
8112
8111
33684
33205
8113
8114
25349
25350
8115
8117
8116
33686
33207
8118
8119
25351
25352
8120
8122
8121
33688
33209
8123
8124
25353
25354
8125
8127
8126
33690
33211
8128
8129
25355
25356
8130
8132
8131
33692
33213
8133
8134
25357
25358
8135
8137
8136
33694
33215
8138
8139
25359
25360
8140
8142
8141
33696
33217
8143
8144
25361
25362
8145
8147
8146
33698
33219
8148
8149
25363
25364
8150
8152
8151
33700
33221
8153
8154
25365
25366
8155
8157
8156
33702
33223
8158
8159
25367
25368
8160
8162
8161
33704
33225
8163
8164
25369
25370
8165
25338
8167
8169
8168
33706
33227
8170
8166
8171
25372
25373
8172
8174
8173
33708
33229
8175
8176
25374
25375
8177
8179
8178
33710
33231
8180
8181
25376
25377
8182
8184
8183
33712
33233
8185
8186
25378
25379
8187
8189
8188
33714
33235
8190
8191
25380
25381
8192
8194
8193
33716
33237
8195
8196
25382
25383
8197
8199
8198
33718
33239
8200
8201
25384
25385
8202
8204
8203
33720
33241
8205
8206
25386
25387
8207
8209
8208
33722
33243
8210
8211
25388
25389
8212
8214
8213
33724
33245
8215
8216
25390
25391
8217
8219
8218
33726
33247
8220
8221
25392
25393
8222
8224
8223
33728
33249
8225
8226
25394
25395
8227
8229
8228
33730
33251
8230
8231
25396
25397
8232
8234
8233
33732
33253
8235
8236
25398
25399
8237
8239
8238
33734
33255
8240
8241
25400
25401
8242
8244
8243
33736
33257
8245
8246
25402
25403
8247
25371
8249
8251
8250
33738
33259
8252
8248
8253
25405
25406
8254
8256
8255
33740
33261
8257
8258
25407
25408
8259
8261
8260
33742
33263
8262
8263
25409
25410
8264
8266
8265
33744
33265
8267
8268
25411
25412
8269
8271
8270
33746
33267
8272
8273
25413
25414
8274
8276
8275
33748
33269
8277
8278
25415
25416
8279
8281
8280
33750
33271
8282
8283
25417
25418
8284
8286
8285
33752
33273
8287
8288
25419
25420
8289
8291
8290
33754
33275
8292
8293
25421
25422
8294
8296
8295
33756
33277
8297
8298
25423
25424
8299
8301
8300
33758
33279
8302
8303
25425
25426
8304
8306
8305
33760
33281
8307
8308
25427
25428
8309
8311
8310
33762
33283
8312
8313
25429
25430
8314
8316
8315
33764
33285
8317
8318
25431
25432
8319
8321
8320
33766
33287
8322
8323
25433
25434
8324
8326
8325
33768
33289
8327
8328
25435
25436
8329
25404
8331
8333
8332
33770
33291
8334
8330
8335
25438
25439
8336
8338
8337
33772
33293
8339
8340
25440
25441
8341
8343
8342
33774
33295
8344
8345
25442
25443
8346
8348
8347
33776
33297
8349
8350
25444
25445
8351
8353
8352
33778
33299
8354
8355
25446
25447
8356
8358
8357
33780
33301
8359
8360
25448
25449
8361
8363
8362
33782
33303
8364
8365
25450
25451
8366
8368
8367
33784
33305
8369
8370
25452
25453
8371
8373
8372
33786
33307
8374
8375
25454
25455
8376
8378
8377
33788
33309
8379
8380
25456
25457
8381
8383
8382
33790
33311
8384
8385
25458
25459
8386
8388
8387
33792
33313
8389
8390
25460
25461
8391
8393
8392
33794
33315
8394
8395
25462
25463
8396
8398
8397
33796
33317
8399
8400
25464
25465
8401
8403
8402
33798
33319
8404
8405
25466
25467
8406
8408
8407
33800
33321
8409
8410
25468
25469
8411
25437
8413
8415
8414
33802
33323
8416
8412
8417
25471
25472
8418
8420
8419
33804
33325
8421
8422
25473
25474
8423
8425
8424
33806
33327
8426
8427
25475
25476
8428
8430
8429
33808
33329
8431
8432
25477
25478
8433
8435
8434
33810
33331
8436
8437
25479
25480
8438
8440
8439
33812
33333
8441
8442
25481
25482
8443
8445
8444
33814
33335
8446
8447
25483
25484
8448
8450
8449
33816
33337
8451
8452
25485
25486
8453
8455
8454
33818
33339
8456
8457
25487
25488
8458
8460
8459
33820
33341
8461
8462
25489
25490
8463
8465
8464
33822
33343
8466
8467
25491
25492
8468
8470
8469
8471
8472
25493
25494
8473
8475
8474
8476
8477
25495
25496
8478
8480
8479
8481
8482
25497
25498
8483
8485
8484
8486
8487
25499
25500
8488
8490
8489
8491
8492
25501
25502
8493
25470
8495
8497
24993
8496
8498
8494
8499
25504
25505
8500
8502
24996
8501
8503
8504
25506
25507
8505
8507
24999
8506
8508
8509
25508
25509
8510
8512
25002
8511
8513
8514
25510
25511
8515
8517
25005
8516
8518
8519
25512
25513
8520
8522
25008
8521
8523
8524
25514
25515
8525
8527
25011
8526
8528
8529
25516
25517
8530
8532
25014
8531
8533
8534
25518
25519
8535
8537
25017
8536
8538
8539
25520
25521
8540
8542
25020
8541
8543
8544
25522
25523
8545
8547
25023
8546
33387
8548
8549
25524
25525
8550
8552
25026
8551
33383
8553
8554
25526
25527
8555
8557
25029
8556
33379
8558
8559
25528
25529
8560
8562
25032
8561
33375
8563
8564
25530
25531
8565
8567
25035
8566
33371
8568
8569
25532
25533
8570
8572
25038
8571
33367
8573
8574
25534
25535
8575
25503
8580
33363
8582
8577
8578
8579
8581
8576
8583
25538
25539
8587
33359
8589
8584
8585
8586
8588
8590
25541
25542
8594
33355
8596
8591
8592
8593
8595
8597
25544
25545
8601
33351
8603
8598
8599
8600
8602
8604
25547
25548
8608
33347
8610
8605
8606
8607
8609
8611
25550
25551
8615
33824
33345
8617
33826
8612
8613
8614
8616
8618
25553
25554
8622
33828
33349
8624
33830
8619
8620
8621
8623
8625
25556
25557
8629
33832
33353
8631
33834
8626
8627
8628
8630
8632
25559
25560
8636
33836
33357
8638
33838
8633
8634
8635
8637
8639
25562
25563
8643
33840
33361
8645
33842
8640
8641
8642
8644
8646
25565
25566
8650
33844
33365
8652
33846
8647
8648
8649
8651
8653
25568
25569
8657
33848
33369
8659
33850
8654
8655
8656
8658
8660
25571
25572
8664
33852
33373
8666
33854
8661
8662
8663
8665
8667
25574
25575
8671
33856
33377
8673
33858
8668
8669
8670
8672
8674
25577
25578
8678
33860
33381
8680
33862
8675
8676
8677
8679
8681
25580
25581
8685
33864
33385
8687
33866
8682
8683
8684
8686
8688
25583
25584
8689
25536
8691
8693
8692
33868
33389
8694
8690
8695
25586
25587
8696
8698
8697
33870
33391
8699
8700
25588
25589
8701
8703
8702
33872
33393
8704
8705
25590
25591
8706
8708
8707
33874
33395
8709
8710
25592
25593
8711
8713
8712
33876
33397
8714
8715
25594
25595
8716
8718
8717
33878
33399
8719
8720
25596
25597
8721
8723
8722
33880
33401
8724
8725
25598
25599
8726
8728
8727
33882
33403
8729
8730
25600
25601
8731
8733
8732
33884
33405
8734
8735
25602
25603
8736
8738
8737
33886
33407
8739
8740
25604
25605
8741
8743
8742
33888
33409
8744
8745
25606
25607
8746
8748
8747
33890
33411
8749
8750
25608
25609
8751
8753
8752
33892
33413
8754
8755
25610
25611
8756
8758
8757
33894
33415
8759
8760
25612
25613
8761
8763
8762
33896
33417
8764
8765
25614
25615
8766
8768
8767
33898
33419
8769
8770
25616
25617
8771
25585
8773
8775
8774
33900
33421
8776
8772
8777
25619
25620
8778
8780
8779
33902
33423
8781
8782
25621
25622
8783
8785
8784
33904
33425
8786
8787
25623
25624
8788
8790
8789
33906
33427
8791
8792
25625
25626
8793
8795
8794
33908
33429
8796
8797
25627
25628
8798
8800
8799
33910
33431
8801
8802
25629
25630
8803
8805
8804
33912
33433
8806
8807
25631
25632
8808
8810
8809
33914
33435
8811
8812
25633
25634
8813
8815
8814
33916
33437
8816
8817
25635
25636
8818
8820
8819
33918
33439
8821
8822
25637
25638
8823
8825
8824
33920
33441
8826
8827
25639
25640
8828
8830
8829
33922
33443
8831
8832
25641
25642
8833
8835
8834
33924
33445
8836
8837
25643
25644
8838
8840
8839
33926
33447
8841
8842
25645
25646
8843
8845
8844
33928
33449
8846
8847
25647
25648
8848
8850
8849
33930
33451
8851
8852
25649
25650
8853
25618
8855
8857
8856
33932
33453
8858
8854
8859
25652
25653
8860
8862
8861
33934
33455
8863
8864
25654
25655
8865
8867
8866
33936
33457
8868
8869
25656
25657
8870
8872
8871
33938
33459
8873
8874
25658
25659
8875
8877
8876
33940
33461
8878
8879
25660
25661
8880
8882
8881
33942
33463
8883
8884
25662
25663
8885
8887
8886
33944
33465
8888
8889
25664
25665
8890
8892
8891
33946
33467
8893
8894
25666
25667
8895
8897
8896
33948
33469
8898
8899
25668
25669
8900
8902
8901
33950
33471
8903
8904
25670
25671
8905
8907
8906
33952
33473
8908
8909
25672
25673
8910
8912
8911
33954
33475
8913
8914
25674
25675
8915
8917
8916
33956
33477
8918
8919
25676
25677
8920
8922
8921
33958
33479
8923
8924
25678
25679
8925
8927
8926
33960
33481
8928
8929
25680
25681
8930
8932
8931
33962
33483
8933
8934
25682
25683
8935
25651
8937
8939
8938
33964
33485
8940
8936
8941
25685
25686
8942
8944
8943
33966
33487
8945
8946
25687
25688
8947
8949
8948
33968
33489
8950
8951
25689
25690
8952
8954
8953
33970
33491
8955
8956
25691
25692
8957
8959
8958
33972
33493
8960
8961
25693
25694
8962
8964
8963
33974
33495
8965
8966
25695
25696
8967
8969
8968
33976
33497
8970
8971
25697
25698
8972
8974
8973
33978
33499
8975
8976
25699
25700
8977
8979
8978
33980
33501
8980
8981
25701
25702
8982
8984
8983
33982
33503
8985
8986
25703
25704
8987
8989
8988
33984
33505
8990
8991
25705
25706
8992
8994
8993
33986
33507
8995
8996
25707
25708
8997
8999
8998
33988
33509
9000
9001
25709
25710
9002
9004
9003
33990
33511
9005
9006
25711
25712
9007
9009
9008
33992
33513
9010
9011
25713
25714
9012
9014
9013
33994
33515
9015
9016
25715
25716
9017
25684
9019
9021
9020
33996
33517
9022
9018
9023
25718
25719
9024
9026
9025
33998
33519
9027
9028
25720
25721
9029
9031
9030
34000
33521
9032
9033
25722
25723
9034
9036
9035
34002
33523
9037
9038
25724
25725
9039
9041
9040
34004
33525
9042
9043
25726
25727
9044
9046
9045
34006
33527
9047
9048
25728
25729
9049
9051
9050
34008
33529
9052
9053
25730
25731
9054
9056
9055
34010
33531
9057
9058
25732
25733
9059
9061
9060
34012
33533
9062
9063
25734
25735
9064
9066
9065
34014
33535
9067
9068
25736
25737
9069
9071
9070
34016
33537
9072
9073
25738
25739
9074
9076
9075
34018
33539
9077
9078
25740
25741
9079
9081
9080
34020
33541
9082
9083
25742
25743
9084
9086
9085
34022
33543
9087
9088
25744
25745
9089
9091
9090
34024
33545
9092
9093
25746
25747
9094
9096
9095
34026
33547
9097
9098
25748
25749
9099
25717
9101
9103
9102
34028
33549
9104
9100
9105
25751
25752
9106
9108
9107
34030
33551
9109
9110
25753
25754
9111
9113
9112
34032
33553
9114
9115
25755
25756
9116
9118
9117
34034
33555
9119
9120
25757
25758
9121
9123
9122
34036
33557
9124
9125
25759
25760
9126
9128
9127
34038
33559
9129
9130
25761
25762
9131
9133
9132
34040
33561
9134
9135
25763
25764
9136
9138
9137
34042
33563
9139
9140
25765
25766
9141
9143
9142
34044
33565
9144
9145
25767
25768
9146
9148
9147
34046
33567
9149
9150
25769
25770
9151
9153
9152
34048
33569
9154
9155
25771
25772
9156
9158
9157
34050
33571
9159
9160
25773
25774
9161
9163
9162
34052
33573
9164
9165
25775
25776
9166
9168
9167
34054
33575
9169
9170
25777
25778
9171
9173
9172
34056
33577
9174
9175
25779
25780
9176
9178
9177
34058
33579
9179
9180
25781
25782
9181
25750
9183
9185
9184
34060
33581
9186
9182
9187
25784
25785
9188
9190
9189
34062
33583
9191
9192
25786
25787
9193
9195
9194
34064
33585
9196
9197
25788
25789
9198
9200
9199
34066
33587
9201
9202
25790
25791
9203
9205
9204
34068
33589
9206
9207
25792
25793
9208
9210
9209
34070
33591
9211
9212
25794
25795
9213
9215
9214
34072
33593
9216
9217
25796
25797
9218
9220
9219
34074
33595
9221
9222
25798
25799
9223
9225
9224
34076
33597
9226
9227
25800
25801
9228
9230
9229
34078
33599
9231
9232
25802
25803
9233
9235
9234
34080
33601
9236
9237
25804
25805
9238
9240
9239
34082
33603
9241
9242
25806
25807
9243
9245
9244
34084
33605
9246
9247
25808
25809
9248
9250
9249
34086
33607
9251
9252
25810
25811
9253
9255
9254
34088
33609
9256
9257
25812
25813
9258
9260
9259
34090
33611
9261
9262
25814
25815
9263
25783
9265
9267
9266
34092
33613
9268
9264
9269
25817
25818
9270
9272
9271
34094
33615
9273
9274
25819
25820
9275
9277
9276
34096
33617
9278
9279
25821
25822
9280
9282
9281
34098
33619
9283
9284
25823
25824
9285
9287
9286
34100
33621
9288
9289
25825
25826
9290
9292
9291
34102
33623
9293
9294
25827
25828
9295
9297
9296
34104
33625
9298
9299
25829
25830
9300
9302
9301
34106
33627
9303
9304
25831
25832
9305
9307
9306
34108
33629
9308
9309
25833
25834
9310
9312
9311
34110
33631
9313
9314
25835
25836
9315
9317
9316
34112
33633
9318
9319
25837
25838
9320
9322
9321
34114
33635
9323
9324
25839
25840
9325
9327
9326
34116
33637
9328
9329
25841
25842
9330
9332
9331
34118
33639
9333
9334
25843
25844
9335
9337
9336
34120
33641
9338
9339
25845
25846
9340
9342
9341
34122
33643
9343
9344
25847
25848
9345
25816
9347
9349
9348
34124
33645
9350
9346
9351
25850
25851
9352
9354
9353
34126
33647
9355
9356
25852
25853
9357
9359
9358
34128
33649
9360
9361
25854
25855
9362
9364
9363
34130
33651
9365
9366
25856
25857
9367
9369
9368
34132
33653
9370
9371
25858
25859
9372
9374
9373
34134
33655
9375
9376
25860
25861
9377
9379
9378
34136
33657
9380
9381
25862
25863
9382
9384
9383
34138
33659
9385
9386
25864
25865
9387
9389
9388
34140
33661
9390
9391
25866
25867
9392
9394
9393
34142
33663
9395
9396
25868
25869
9397
9399
9398
34144
33665
9400
9401
25870
25871
9402
9404
9403
34146
33667
9405
9406
25872
25873
9407
9409
9408
34148
33669
9410
9411
25874
25875
9412
9414
9413
34150
33671
9415
9416
25876
25877
9417
9419
9418
34152
33673
9420
9421
25878
25879
9422
9424
9423
34154
33675
9425
9426
25880
25881
9427
25849
9429
9431
9430
34156
33677
9432
9428
9433
25883
25884
9434
9436
9435
34158
33679
9437
9438
25885
25886
9439
9441
9440
34160
33681
9442
9443
25887
25888
9444
9446
9445
34162
33683
9447
9448
25889
25890
9449
9451
9450
34164
33685
9452
9453
25891
25892
9454
9456
9455
34166
33687
9457
9458
25893
25894
9459
9461
9460
34168
33689
9462
9463
25895
25896
9464
9466
9465
34170
33691
9467
9468
25897
25898
9469
9471
9470
34172
33693
9472
9473
25899
25900
9474
9476
9475
34174
33695
9477
9478
25901
25902
9479
9481
9480
34176
33697
9482
9483
25903
25904
9484
9486
9485
34178
33699
9487
9488
25905
25906
9489
9491
9490
34180
33701
9492
9493
25907
25908
9494
9496
9495
34182
33703
9497
9498
25909
25910
9499
9501
9500
34184
33705
9502
9503
25911
25912
9504
9506
9505
34186
33707
9507
9508
25913
25914
9509
25882
9511
9513
9512
34188
33709
9514
9510
9515
25916
25917
9516
9518
9517
34190
33711
9519
9520
25918
25919
9521
9523
9522
34192
33713
9524
9525
25920
25921
9526
9528
9527
34194
33715
9529
9530
25922
25923
9531
9533
9532
34196
33717
9534
9535
25924
25925
9536
9538
9537
34198
33719
9539
9540
25926
25927
9541
9543
9542
34200
33721
9544
9545
25928
25929
9546
9548
9547
34202
33723
9549
9550
25930
25931
9551
9553
9552
34204
33725
9554
9555
25932
25933
9556
9558
9557
34206
33727
9559
9560
25934
25935
9561
9563
9562
34208
33729
9564
9565
25936
25937
9566
9568
9567
34210
33731
9569
9570
25938
25939
9571
9573
9572
34212
33733
9574
9575
25940
25941
9576
9578
9577
34214
33735
9579
9580
25942
25943
9581
9583
9582
34216
33737
9584
9585
25944
25945
9586
9588
9587
34218
33739
9589
9590
25946
25947
9591
25915
9593
9595
9594
34220
33741
9596
9592
9597
25949
25950
9598
9600
9599
34222
33743
9601
9602
25951
25952
9603
9605
9604
34224
33745
9606
9607
25953
25954
9608
9610
9609
34226
33747
9611
9612
25955
25956
9613
9615
9614
34228
33749
9616
9617
25957
25958
9618
9620
9619
34230
33751
9621
9622
25959
25960
9623
9625
9624
34232
33753
9626
9627
25961
25962
9628
9630
9629
34234
33755
9631
9632
25963
25964
9633
9635
9634
34236
33757
9636
9637
25965
25966
9638
9640
9639
34238
33759
9641
9642
25967
25968
9643
9645
9644
34240
33761
9646
9647
25969
25970
9648
9650
9649
34242
33763
9651
9652
25971
25972
9653
9655
9654
34244
33765
9656
9657
25973
25974
9658
9660
9659
34246
33767
9661
9662
25975
25976
9663
9665
9664
34248
33769
9666
9667
25977
25978
9668
9670
9669
34250
33771
9671
9672
25979
25980
9673
25948
9675
9677
9676
34252
33773
9678
9674
9679
25982
25983
9680
9682
9681
34254
33775
9683
9684
25984
25985
9685
9687
9686
34256
33777
9688
9689
25986
25987
9690
9692
9691
34258
33779
9693
9694
25988
25989
9695
9697
9696
34260
33781
9698
9699
25990
25991
9700
9702
9701
34262
33783
9703
9704
25992
25993
9705
9707
9706
34264
33785
9708
9709
25994
25995
9710
9712
9711
34266
33787
9713
9714
25996
25997
9715
9717
9716
34268
33789
9718
9719
25998
25999
9720
9722
9721
34270
33791
9723
9724
26000
26001
9725
9727
9726
34272
33793
9728
9729
26002
26003
9730
9732
9731
34274
33795
9733
9734
26004
26005
9735
9737
9736
34276
33797
9738
9739
26006
26007
9740
9742
9741
34278
33799
9743
9744
26008
26009
9745
9747
9746
34280
33801
9748
9749
26010
26011
9750
9752
9751
34282
33803
9753
9754
26012
26013
9755
25981
9757
9759
9758
34284
33805
9760
9756
9761
26015
26016
9762
9764
9763
34286
33807
9765
9766
26017
26018
9767
9769
9768
34288
33809
9770
9771
26019
26020
9772
9774
9773
34290
33811
9775
9776
26021
26022
9777
9779
9778
34292
33813
9780
9781
26023
26024
9782
9784
9783
34294
33815
9785
9786
26025
26026
9787
9789
9788
34296
33817
9790
9791
26027
26028
9792
9794
9793
34298
33819
9795
9796
26029
26030
9797
9799
9798
34300
33821
9800
9801
26031
26032
9802
9804
9803
34302
33823
9805
9806
26033
26034
9807
9809
9808
9810
9811
26035
26036
9812
9814
9813
9815
9816
26037
26038
9817
9819
9818
9820
9821
26039
26040
9822
9824
9823
9825
9826
26041
26042
9827
9829
9828
9830
9831
26043
26044
9832
9834
9833
9835
9836
26045
26046
9837
26014
9839
9841
25537
9840
9842
9838
9843
26048
26049
9844
9846
25540
9845
9847
9848
26050
26051
9849
9851
25543
9850
9852
9853
26052
26053
9854
9856
25546
9855
9857
9858
26054
26055
9859
9861
25549
9860
9862
9863
26056
26057
9864
9866
25552
9865
9867
9868
26058
26059
9869
9871
25555
9870
9872
9873
26060
26061
9874
9876
25558
9875
9877
9878
26062
26063
9879
9881
25561
9880
9882
9883
26064
26065
9884
9886
25564
9885
33869
9887
9888
26066
26067
9889
9891
25567
9890
33865
9892
9893
26068
26069
9894
9896
25570
9895
33861
9897
9898
26070
26071
9899
9901
25573
9900
33857
9902
9903
26072
26073
9904
9906
25576
9905
33853
9907
9908
26074
26075
9909
9911
25579
9910
33849
9912
9913
26076
26077
9914
9916
25582
9915
33845
9917
9918
26078
26079
9919
26047
9924
33841
9926
9921
9922
9923
9925
9920
9927
26082
26083
9931
33837
9933
9928
9929
9930
9932
9934
26085
26086
9938
33833
9940
9935
9936
9937
9939
9941
26088
26089
9945
33829
9947
9942
9943
9944
9946
9948
26091
26092
9952
33825
9954
34304
9949
9950
9951
9953
9955
26094
26095
9959
34306
33827
9961
34308
9956
9957
9958
9960
9962
26097
26098
9966
34310
33831
9968
34312
9963
9964
9965
9967
9969
26100
26101
9973
34314
33835
9975
34316
9970
9971
9972
9974
9976
26103
26104
9980
34318
33839
9982
34320
9977
9978
9979
9981
9983
26106
26107
9987
34322
33843
9989
34324
9984
9985
9986
9988
9990
26109
26110
9994
34326
33847
9996
34328
9991
9992
9993
9995
9997
26112
26113
10001
34330
33851
10003
34332
9998
9999
10000
10002
10004
26115
26116
10008
34334
33855
10010
34336
10005
10006
10007
10009
10011
26118
26119
10015
34338
33859
10017
34340
10012
10013
10014
10016
10018
26121
26122
10022
34342
33863
10024
34344
10019
10020
10021
10023
10025
26124
26125
10029
34346
33867
10031
34348
10026
10027
10028
10030
10032
26127
26128
10033
26080
10035
10037
10036
34350
33871
10038
10034
10039
26130
26131
10040
10042
10041
34352
33873
10043
10044
26132
26133
10045
10047
10046
34354
33875
10048
10049
26134
26135
10050
10052
10051
34356
33877
10053
10054
26136
26137
10055
10057
10056
34358
33879
10058
10059
26138
26139
10060
10062
10061
34360
33881
10063
10064
26140
26141
10065
10067
10066
34362
33883
10068
10069
26142
26143
10070
10072
10071
34364
33885
10073
10074
26144
26145
10075
10077
10076
34366
33887
10078
10079
26146
26147
10080
10082
10081
34368
33889
10083
10084
26148
26149
10085
10087
10086
34370
33891
10088
10089
26150
26151
10090
10092
10091
34372
33893
10093
10094
26152
26153
10095
10097
10096
34374
33895
10098
10099
26154
26155
10100
10102
10101
34376
33897
10103
10104
26156
26157
10105
10107
10106
34378
33899
10108
10109
26158
26159
10110
10112
10111
34380
33901
10113
10114
26160
26161
10115
26129
10117
10119
10118
34382
33903
10120
10116
10121
26163
26164
10122
10124
10123
34384
33905
10125
10126
26165
26166
10127
10129
10128
34386
33907
10130
10131
26167
26168
10132
10134
10133
34388
33909
10135
10136
26169
26170
10137
10139
10138
34390
33911
10140
10141
26171
26172
10142
10144
10143
34392
33913
10145
10146
26173
26174
10147
10149
10148
34394
33915
10150
10151
26175
26176
10152
10154
10153
34396
33917
10155
10156
26177
26178
10157
10159
10158
34398
33919
10160
10161
26179
26180
10162
10164
10163
34400
33921
10165
10166
26181
26182
10167
10169
10168
34402
33923
10170
10171
26183
26184
10172
10174
10173
34404
33925
10175
10176
26185
26186
10177
10179
10178
34406
33927
10180
10181
26187
26188
10182
10184
10183
34408
33929
10185
10186
26189
26190
10187
10189
10188
34410
33931
10190
10191
26191
26192
10192
10194
10193
34412
33933
10195
10196
26193
26194
10197
26162
10199
10201
10200
34414
33935
10202
10198
10203
26196
26197
10204
10206
10205
34416
33937
10207
10208
26198
26199
10209
10211
10210
34418
33939
10212
10213
26200
26201
10214
10216
10215
34420
33941
10217
10218
26202
26203
10219
10221
10220
34422
33943
10222
10223
26204
26205
10224
10226
10225
34424
33945
10227
10228
26206
26207
10229
10231
10230
34426
33947
10232
10233
26208
26209
10234
10236
10235
34428
33949
10237
10238
26210
26211
10239
10241
10240
34430
33951
10242
10243
26212
26213
10244
10246
10245
34432
33953
10247
10248
26214
26215
10249
10251
10250
34434
33955
10252
10253
26216
26217
10254
10256
10255
34436
33957
10257
10258
26218
26219
10259
10261
10260
34438
33959
10262
10263
26220
26221
10264
10266
10265
34440
33961
10267
10268
26222
26223
10269
10271
10270
34442
33963
10272
10273
26224
26225
10274
10276
10275
34444
33965
10277
10278
26226
26227
10279
26195
10281
10283
10282
34446
33967
10284
10280
10285
26229
26230
10286
10288
10287
34448
33969
10289
10290
26231
26232
10291
10293
10292
34450
33971
10294
10295
26233
26234
10296
10298
10297
34452
33973
10299
10300
26235
26236
10301
10303
10302
34454
33975
10304
10305
26237
26238
10306
10308
10307
34456
33977
10309
10310
26239
26240
10311
10313
10312
34458
33979
10314
10315
26241
26242
10316
10318
10317
34460
33981
10319
10320
26243
26244
10321
10323
10322
34462
33983
10324
10325
26245
26246
10326
10328
10327
34464
33985
10329
10330
26247
26248
10331
10333
10332
34466
33987
10334
10335
26249
26250
10336
10338
10337
34468
33989
10339
10340
26251
26252
10341
10343
10342
34470
33991
10344
10345
26253
26254
10346
10348
10347
34472
33993
10349
10350
26255
26256
10351
10353
10352
34474
33995
10354
10355
26257
26258
10356
10358
10357
34476
33997
10359
10360
26259
26260
10361
26228
10363
10365
10364
34478
33999
10366
10362
10367
26262
26263
10368
10370
10369
34480
34001
10371
10372
26264
26265
10373
10375
10374
34482
34003
10376
10377
26266
26267
10378
10380
10379
34484
34005
10381
10382
26268
26269
10383
10385
10384
34486
34007
10386
10387
26270
26271
10388
10390
10389
34488
34009
10391
10392
26272
26273
10393
10395
10394
34490
34011
10396
10397
26274
26275
10398
10400
10399
34492
34013
10401
10402
26276
26277
10403
10405
10404
34494
34015
10406
10407
26278
26279
10408
10410
10409
34496
34017
10411
10412
26280
26281
10413
10415
10414
34498
34019
10416
10417
26282
26283
10418
10420
10419
34500
34021
10421
10422
26284
26285
10423
10425
10424
34502
34023
10426
10427
26286
26287
10428
10430
10429
34504
34025
10431
10432
26288
26289
10433
10435
10434
34506
34027
10436
10437
26290
26291
10438
10440
10439
34508
34029
10441
10442
26292
26293
10443
26261
10445
10447
10446
34510
34031
10448
10444
10449
26295
26296
10450
10452
10451
34512
34033
10453
10454
26297
26298
10455
10457
10456
34514
34035
10458
10459
26299
26300
10460
10462
10461
34516
34037
10463
10464
26301
26302
10465
10467
10466
34518
34039
10468
10469
26303
26304
10470
10472
10471
34520
34041
10473
10474
26305
26306
10475
10477
10476
34522
34043
10478
10479
26307
26308
10480
10482
10481
34524
34045
10483
10484
26309
26310
10485
10487
10486
34526
34047
10488
10489
26311
26312
10490
10492
10491
34528
34049
10493
10494
26313
26314
10495
10497
10496
34530
34051
10498
10499
26315
26316
10500
10502
10501
34532
34053
10503
10504
26317
26318
10505
10507
10506
34534
34055
10508
10509
26319
26320
10510
10512
10511
34536
34057
10513
10514
26321
26322
10515
10517
10516
34538
34059
10518
10519
26323
26324
10520
10522
10521
34540
34061
10523
10524
26325
26326
10525
26294
10527
10529
10528
34542
34063
10530
10526
10531
26328
26329
10532
10534
10533
34544
34065
10535
10536
26330
26331
10537
10539
10538
34546
34067
10540
10541
26332
26333
10542
10544
10543
34548
34069
10545
10546
26334
26335
10547
10549
10548
34550
34071
10550
10551
26336
26337
10552
10554
10553
34552
34073
10555
10556
26338
26339
10557
10559
10558
34554
34075
10560
10561
26340
26341
10562
10564
10563
34556
34077
10565
10566
26342
26343
10567
10569
10568
34558
34079
10570
10571
26344
26345
10572
10574
10573
34560
34081
10575
10576
26346
26347
10577
10579
10578
34562
34083
10580
10581
26348
26349
10582
10584
10583
34564
34085
10585
10586
26350
26351
10587
10589
10588
34566
34087
10590
10591
26352
26353
10592
10594
10593
34568
34089
10595
10596
26354
26355
10597
10599
10598
34570
34091
10600
10601
26356
26357
10602
10604
10603
34572
34093
10605
10606
26358
26359
10607
26327
10609
10611
10610
34574
34095
10612
10608
10613
26361
26362
10614
10616
10615
34576
34097
10617
10618
26363
26364
10619
10621
10620
34578
34099
10622
10623
26365
26366
10624
10626
10625
34580
34101
10627
10628
26367
26368
10629
10631
10630
34582
34103
10632
10633
26369
26370
10634
10636
10635
34584
34105
10637
10638
26371
26372
10639
10641
10640
34586
34107
10642
10643
26373
26374
10644
10646
10645
34588
34109
10647
10648
26375
26376
10649
10651
10650
34590
34111
10652
10653
26377
26378
10654
10656
10655
34592
34113
10657
10658
26379
26380
10659
10661
10660
34594
34115
10662
10663
26381
26382
10664
10666
10665
34596
34117
10667
10668
26383
26384
10669
10671
10670
34598
34119
10672
10673
26385
26386
10674
10676
10675
34600
34121
10677
10678
26387
26388
10679
10681
10680
34602
34123
10682
10683
26389
26390
10684
10686
10685
34604
34125
10687
10688
26391
26392
10689
26360
10691
10693
10692
34606
34127
10694
10690
10695
26394
26395
10696
10698
10697
34608
34129
10699
10700
26396
26397
10701
10703
10702
34610
34131
10704
10705
26398
26399
10706
10708
10707
34612
34133
10709
10710
26400
26401
10711
10713
10712
34614
34135
10714
10715
26402
26403
10716
10718
10717
34616
34137
10719
10720
26404
26405
10721
10723
10722
34618
34139
10724
10725
26406
26407
10726
10728
10727
34620
34141
10729
10730
26408
26409
10731
10733
10732
34622
34143
10734
10735
26410
26411
10736
10738
10737
34624
34145
10739
10740
26412
26413
10741
10743
10742
34626
34147
10744
10745
26414
26415
10746
10748
10747
34628
34149
10749
10750
26416
26417
10751
10753
10752
34630
34151
10754
10755
26418
26419
10756
10758
10757
34632
34153
10759
10760
26420
26421
10761
10763
10762
34634
34155
10764
10765
26422
26423
10766
10768
10767
34636
34157
10769
10770
26424
26425
10771
26393
10773
10775
10774
34638
34159
10776
10772
10777
26427
26428
10778
10780
10779
34640
34161
10781
10782
26429
26430
10783
10785
10784
34642
34163
10786
10787
26431
26432
10788
10790
10789
34644
34165
10791
10792
26433
26434
10793
10795
10794
34646
34167
10796
10797
26435
26436
10798
10800
10799
34648
34169
10801
10802
26437
26438
10803
10805
10804
34650
34171
10806
10807
26439
26440
10808
10810
10809
34652
34173
10811
10812
26441
26442
10813
10815
10814
34654
34175
10816
10817
26443
26444
10818
10820
10819
34656
34177
10821
10822
26445
26446
10823
10825
10824
34658
34179
10826
10827
26447
26448
10828
10830
10829
34660
34181
10831
10832
26449
26450
10833
10835
10834
34662
34183
10836
10837
26451
26452
10838
10840
10839
34664
34185
10841
10842
26453
26454
10843
10845
10844
34666
34187
10846
10847
26455
26456
10848
10850
10849
34668
34189
10851
10852
26457
26458
10853
26426
10855
10857
10856
34670
34191
10858
10854
10859
26460
26461
10860
10862
10861
34672
34193
10863
10864
26462
26463
10865
10867
10866
34674
34195
10868
10869
26464
26465
10870
10872
10871
34676
34197
10873
10874
26466
26467
10875
10877
10876
34678
34199
10878
10879
26468
26469
10880
10882
10881
34680
34201
10883
10884
26470
26471
10885
10887
10886
34682
34203
10888
10889
26472
26473
10890
10892
10891
34684
34205
10893
10894
26474
26475
10895
10897
10896
34686
34207
10898
10899
26476
26477
10900
10902
10901
34688
34209
10903
10904
26478
26479
10905
10907
10906
34690
34211
10908
10909
26480
26481
10910
10912
10911
34692
34213
10913
10914
26482
26483
10915
10917
10916
34694
34215
10918
10919
26484
26485
10920
10922
10921
34696
34217
10923
10924
26486
26487
10925
10927
10926
34698
34219
10928
10929
26488
26489
10930
10932
10931
34700
34221
10933
10934
26490
26491
10935
26459
10937
10939
10938
34702
34223
10940
10936
10941
26493
26494
10942
10944
10943
34704
34225
10945
10946
26495
26496
10947
10949
10948
34706
34227
10950
10951
26497
26498
10952
10954
10953
34708
34229
10955
10956
26499
26500
10957
10959
10958
34710
34231
10960
10961
26501
26502
10962
10964
10963
34712
34233
10965
10966
26503
26504
10967
10969
10968
34714
34235
10970
10971
26505
26506
10972
10974
10973
34716
34237
10975
10976
26507
26508
10977
10979
10978
34718
34239
10980
10981
26509
26510
10982
10984
10983
34720
34241
10985
10986
26511
26512
10987
10989
10988
34722
34243
10990
10991
26513
26514
10992
10994
10993
34724
34245
10995
10996
26515
26516
10997
10999
10998
34726
34247
11000
11001
26517
26518
11002
11004
11003
34728
34249
11005
11006
26519
26520
11007
11009
11008
34730
34251
11010
11011
26521
26522
11012
11014
11013
34732
34253
11015
11016
26523
26524
11017
26492
11019
11021
11020
34734
34255
11022
11018
11023
26526
26527
11024
11026
11025
34736
34257
11027
11028
26528
26529
11029
11031
11030
34738
34259
11032
11033
26530
26531
11034
11036
11035
34740
34261
11037
11038
26532
26533
11039
11041
11040
34742
34263
11042
11043
26534
26535
11044
11046
11045
34744
34265
11047
11048
26536
26537
11049
11051
11050
34746
34267
11052
11053
26538
26539
11054
11056
11055
34748
34269
11057
11058
26540
26541
11059
11061
11060
34750
34271
11062
11063
26542
26543
11064
11066
11065
34752
34273
11067
11068
26544
26545
11069
11071
11070
34754
34275
11072
11073
26546
26547
11074
11076
11075
34756
34277
11077
11078
26548
26549
11079
11081
11080
34758
34279
11082
11083
26550
26551
11084
11086
11085
34760
34281
11087
11088
26552
26553
11089
11091
11090
34762
34283
11092
11093
26554
26555
11094
11096
11095
34764
34285
11097
11098
26556
26557
11099
26525
11101
11103
11102
34766
34287
11104
11100
11105
26559
26560
11106
11108
11107
34768
34289
11109
11110
26561
26562
11111
11113
11112
34770
34291
11114
11115
26563
26564
11116
11118
11117
34772
34293
11119
11120
26565
26566
11121
11123
11122
34774
34295
11124
11125
26567
26568
11126
11128
11127
34776
34297
11129
11130
26569
26570
11131
11133
11132
34778
34299
11134
11135
26571
26572
11136
11138
11137
34780
34301
11139
11140
26573
26574
11141
11143
11142
34782
34303
11144
11145
26575
26576
11146
11148
11147
11149
11150
26577
26578
11151
11153
11152
11154
11155
26579
26580
11156
11158
11157
11159
11160
26581
26582
11161
11163
11162
11164
11165
26583
26584
11166
11168
11167
11169
11170
26585
26586
11171
11173
11172
11174
11175
26587
26588
11176
11178
11177
11179
11180
26589
26590
11181
26558
11183
11185
26081
11184
11186
11182
11187
26592
26593
11188
11190
26084
11189
11191
11192
26594
26595
11193
11195
26087
11194
11196
11197
26596
26597
11198
11200
26090
11199
11201
11202
26598
26599
11203
11205
26093
11204
11206
11207
26600
26601
11208
11210
26096
11209
11211
11212
26602
26603
11213
11215
26099
11214
11216
11217
26604
26605
11218
11220
26102
11219
11221
11222
26606
26607
11223
11225
26105
11224
34351
11226
11227
26608
26609
11228
11230
26108
11229
34347
11231
11232
26610
26611
11233
11235
26111
11234
34343
11236
11237
26612
26613
11238
11240
26114
11239
34339
11241
11242
26614
26615
11243
11245
26117
11244
34335
11246
11247
26616
26617
11248
11250
26120
11249
34331
11251
11252
26618
26619
11253
11255
26123
11254
34327
11256
11257
26620
26621
11258
11260
26126
11259
34323
11261
11262
26622
26623
11263
26591
11268
34319
11270
11265
11266
11267
11269
11264
11271
26626
26627
11275
34315
11277
11272
11273
11274
11276
11278
26629
26630
11282
34311
11284
11279
11280
11281
11283
11285
26632
26633
11289
34307
11291
11286
11287
11288
11290
11292
26635
26636
11296
34784
34305
11298
34786
11293
11294
11295
11297
11299
26638
26639
11303
34788
34309
11305
34790
11300
11301
11302
11304
11306
26641
26642
11310
34792
34313
11312
34794
11307
11308
11309
11311
11313
26644
26645
11317
34796
34317
11319
34798
11314
11315
11316
11318
11320
26647
26648
11324
34800
34321
11326
34802
11321
11322
11323
11325
11327
26650
26651
11331
34804
34325
11333
34806
11328
11329
11330
11332
11334
26653
26654
11338
34808
34329
11340
34810
11335
11336
11337
11339
11341
26656
26657
11345
34812
34333
11347
34814
11342
11343
11344
11346
11348
26659
26660
11352
34816
34337
11354
34818
11349
11350
11351
11353
11355
26662
26663
11359
34820
34341
11361
34822
11356
11357
11358
11360
11362
26665
26666
11366
34824
34345
11368
34826
11363
11364
11365
11367
11369
26668
26669
11373
34828
34349
11375
34830
11370
11371
11372
11374
11376
26671
26672
11377
26624
11379
11381
11380
34832
34353
11382
11378
11383
26674
26675
11384
11386
11385
34834
34355
11387
11388
26676
26677
11389
11391
11390
34836
34357
11392
11393
26678
26679
11394
11396
11395
34838
34359
11397
11398
26680
26681
11399
11401
11400
34840
34361
11402
11403
26682
26683
11404
11406
11405
34842
34363
11407
11408
26684
26685
11409
11411
11410
34844
34365
11412
11413
26686
26687
11414
11416
11415
34846
34367
11417
11418
26688
26689
11419
11421
11420
34848
34369
11422
11423
26690
26691
11424
11426
11425
34850
34371
11427
11428
26692
26693
11429
11431
11430
34852
34373
11432
11433
26694
26695
11434
11436
11435
34854
34375
11437
11438
26696
26697
11439
11441
11440
34856
34377
11442
11443
26698
26699
11444
11446
11445
34858
34379
11447
11448
26700
26701
11449
11451
11450
34860
34381
11452
11453
26702
26703
11454
11456
11455
34862
34383
11457
11458
26704
26705
11459
26673
11461
11463
11462
34864
34385
11464
11460
11465
26707
26708
11466
11468
11467
34866
34387
11469
11470
26709
26710
11471
11473
11472
34868
34389
11474
11475
26711
26712
11476
11478
11477
34870
34391
11479
11480
26713
26714
11481
11483
11482
34872
34393
11484
11485
26715
26716
11486
11488
11487
34874
34395
11489
11490
26717
26718
11491
11493
11492
34876
34397
11494
11495
26719
26720
11496
11498
11497
34878
34399
11499
11500
26721
26722
11501
11503
11502
34880
34401
11504
11505
26723
26724
11506
11508
11507
34882
34403
11509
11510
26725
26726
11511
11513
11512
34884
34405
11514
11515
26727
26728
11516
11518
11517
34886
34407
11519
11520
26729
26730
11521
11523
11522
34888
34409
11524
11525
26731
26732
11526
11528
11527
34890
34411
11529
11530
26733
26734
11531
11533
11532
34892
34413
11534
11535
26735
26736
11536
11538
11537
34894
34415
11539
11540
26737
26738
11541
26706
11543
11545
11544
34896
34417
11546
11542
11547
26740
26741
11548
11550
11549
34898
34419
11551
11552
26742
26743
11553
11555
11554
34900
34421
11556
11557
26744
26745
11558
11560
11559
34902
34423
11561
11562
26746
26747
11563
11565
11564
34904
34425
11566
11567
26748
26749
11568
11570
11569
34906
34427
11571
11572
26750
26751
11573
11575
11574
34908
34429
11576
11577
26752
26753
11578
11580
11579
34910
34431
11581
11582
26754
26755
11583
11585
11584
34912
34433
11586
11587
26756
26757
11588
11590
11589
34914
34435
11591
11592
26758
26759
11593
11595
11594
34916
34437
11596
11597
26760
26761
11598
11600
11599
34918
34439
11601
11602
26762
26763
11603
11605
11604
34920
34441
11606
11607
26764
26765
11608
11610
11609
34922
34443
11611
11612
26766
26767
11613
11615
11614
34924
34445
11616
11617
26768
26769
11618
11620
11619
34926
34447
11621
11622
26770
26771
11623
26739
11625
11627
11626
34928
34449
11628
11624
11629
26773
26774
11630
11632
11631
34930
34451
11633
11634
26775
26776
11635
11637
11636
34932
34453
11638
11639
26777
26778
11640
11642
11641
34934
34455
11643
11644
26779
26780
11645
11647
11646
34936
34457
11648
11649
26781
26782
11650
11652
11651
34938
34459
11653
11654
26783
26784
11655
11657
11656
34940
34461
11658
11659
26785
26786
11660
11662
11661
34942
34463
11663
11664
26787
26788
11665
11667
11666
34944
34465
11668
11669
26789
26790
11670
11672
11671
34946
34467
11673
11674
26791
26792
11675
11677
11676
34948
34469
11678
11679
26793
26794
11680
11682
11681
34950
34471
11683
11684
26795
26796
11685
11687
11686
34952
34473
11688
11689
26797
26798
11690
11692
11691
34954
34475
11693
11694
26799
26800
11695
11697
11696
34956
34477
11698
11699
26801
26802
11700
11702
11701
34958
34479
11703
11704
26803
26804
11705
26772
11707
11709
11708
34960
34481
11710
11706
11711
26806
26807
11712
11714
11713
34962
34483
11715
11716
26808
26809
11717
11719
11718
34964
34485
11720
11721
26810
26811
11722
11724
11723
34966
34487
11725
11726
26812
26813
11727
11729
11728
34968
34489
11730
11731
26814
26815
11732
11734
11733
34970
34491
11735
11736
26816
26817
11737
11739
11738
34972
34493
11740
11741
26818
26819
11742
11744
11743
34974
34495
11745
11746
26820
26821
11747
11749
11748
34976
34497
11750
11751
26822
26823
11752
11754
11753
34978
34499
11755
11756
26824
26825
11757
11759
11758
34980
34501
11760
11761
26826
26827
11762
11764
11763
34982
34503
11765
11766
26828
26829
11767
11769
11768
34984
34505
11770
11771
26830
26831
11772
11774
11773
34986
34507
11775
11776
26832
26833
11777
11779
11778
34988
34509
11780
11781
26834
26835
11782
11784
11783
34990
34511
11785
11786
26836
26837
11787
26805
11789
11791
11790
34992
34513
11792
11788
11793
26839
26840
11794
11796
11795
34994
34515
11797
11798
26841
26842
11799
11801
11800
34996
34517
11802
11803
26843
26844
11804
11806
11805
34998
34519
11807
11808
26845
26846
11809
11811
11810
35000
34521
11812
11813
26847
26848
11814
11816
11815
35002
34523
11817
11818
26849
26850
11819
11821
11820
35004
34525
11822
11823
26851
26852
11824
11826
11825
35006
34527
11827
11828
26853
26854
11829
11831
11830
35008
34529
11832
11833
26855
26856
11834
11836
11835
35010
34531
11837
11838
26857
26858
11839
11841
11840
35012
34533
11842
11843
26859
26860
11844
11846
11845
35014
34535
11847
11848
26861
26862
11849
11851
11850
35016
34537
11852
11853
26863
26864
11854
11856
11855
35018
34539
11857
11858
26865
26866
11859
11861
11860
35020
34541
11862
11863
26867
26868
11864
11866
11865
35022
34543
11867
11868
26869
26870
11869
26838
11871
11873
11872
35024
34545
11874
11870
11875
26872
26873
11876
11878
11877
35026
34547
11879
11880
26874
26875
11881
11883
11882
35028
34549
11884
11885
26876
26877
11886
11888
11887
35030
34551
11889
11890
26878
26879
11891
11893
11892
35032
34553
11894
11895
26880
26881
11896
11898
11897
35034
34555
11899
11900
26882
26883
11901
11903
11902
35036
34557
11904
11905
26884
26885
11906
11908
11907
35038
34559
11909
11910
26886
26887
11911
11913
11912
35040
34561
11914
11915
26888
26889
11916
11918
11917
35042
34563
11919
11920
26890
26891
11921
11923
11922
35044
34565
11924
11925
26892
26893
11926
11928
11927
35046
34567
11929
11930
26894
26895
11931
11933
11932
35048
34569
11934
11935
26896
26897
11936
11938
11937
35050
34571
11939
11940
26898
26899
11941
11943
11942
35052
34573
11944
11945
26900
26901
11946
11948
11947
35054
34575
11949
11950
26902
26903
11951
26871
11953
11955
11954
35056
34577
11956
11952
11957
26905
26906
11958
11960
11959
35058
34579
11961
11962
26907
26908
11963
11965
11964
35060
34581
11966
11967
26909
26910
11968
11970
11969
35062
34583
11971
11972
26911
26912
11973
11975
11974
35064
34585
11976
11977
26913
26914
11978
11980
11979
35066
34587
11981
11982
26915
26916
11983
11985
11984
35068
34589
11986
11987
26917
26918
11988
11990
11989
35070
34591
11991
11992
26919
26920
11993
11995
11994
35072
34593
11996
11997
26921
26922
11998
12000
11999
35074
34595
12001
12002
26923
26924
12003
12005
12004
35076
34597
12006
12007
26925
26926
12008
12010
12009
35078
34599
12011
12012
26927
26928
12013
12015
12014
35080
34601
12016
12017
26929
26930
12018
12020
12019
35082
34603
12021
12022
26931
26932
12023
12025
12024
35084
34605
12026
12027
26933
26934
12028
12030
12029
35086
34607
12031
12032
26935
26936
12033
26904
12035
12037
12036
35088
34609
12038
12034
12039
26938
26939
12040
12042
12041
35090
34611
12043
12044
26940
26941
12045
12047
12046
35092
34613
12048
12049
26942
26943
12050
12052
12051
35094
34615
12053
12054
26944
26945
12055
12057
12056
35096
34617
12058
12059
26946
26947
12060
12062
12061
35098
34619
12063
12064
26948
26949
12065
12067
12066
35100
34621
12068
12069
26950
26951
12070
12072
12071
35102
34623
12073
12074
26952
26953
12075
12077
12076
35104
34625
12078
12079
26954
26955
12080
12082
12081
35106
34627
12083
12084
26956
26957
12085
12087
12086
35108
34629
12088
12089
26958
26959
12090
12092
12091
35110
34631
12093
12094
26960
26961
12095
12097
12096
35112
34633
12098
12099
26962
26963
12100
12102
12101
35114
34635
12103
12104
26964
26965
12105
12107
12106
35116
34637
12108
12109
26966
26967
12110
12112
12111
35118
34639
12113
12114
26968
26969
12115
26937
12117
12119
12118
35120
34641
12120
12116
12121
26971
26972
12122
12124
12123
35122
34643
12125
12126
26973
26974
12127
12129
12128
35124
34645
12130
12131
26975
26976
12132
12134
12133
35126
34647
12135
12136
26977
26978
12137
12139
12138
35128
34649
12140
12141
26979
26980
12142
12144
12143
35130
34651
12145
12146
26981
26982
12147
12149
12148
35132
34653
12150
12151
26983
26984
12152
12154
12153
35134
34655
12155
12156
26985
26986
12157
12159
12158
35136
34657
12160
12161
26987
26988
12162
12164
12163
35138
34659
12165
12166
26989
26990
12167
12169
12168
35140
34661
12170
12171
26991
26992
12172
12174
12173
35142
34663
12175
12176
26993
26994
12177
12179
12178
35144
34665
12180
12181
26995
26996
12182
12184
12183
35146
34667
12185
12186
26997
26998
12187
12189
12188
35148
34669
12190
12191
26999
27000
12192
12194
12193
35150
34671
12195
12196
27001
27002
12197
26970
12199
12201
12200
35152
34673
12202
12198
12203
27004
27005
12204
12206
12205
35154
34675
12207
12208
27006
27007
12209
12211
12210
35156
34677
12212
12213
27008
27009
12214
12216
12215
35158
34679
12217
12218
27010
27011
12219
12221
12220
35160
34681
12222
12223
27012
27013
12224
12226
12225
35162
34683
12227
12228
27014
27015
12229
12231
12230
35164
34685
12232
12233
27016
27017
12234
12236
12235
35166
34687
12237
12238
27018
27019
12239
12241
12240
35168
34689
12242
12243
27020
27021
12244
12246
12245
35170
34691
12247
12248
27022
27023
12249
12251
12250
35172
34693
12252
12253
27024
27025
12254
12256
12255
35174
34695
12257
12258
27026
27027
12259
12261
12260
35176
34697
12262
12263
27028
27029
12264
12266
12265
35178
34699
12267
12268
27030
27031
12269
12271
12270
35180
34701
12272
12273
27032
27033
12274
12276
12275
35182
34703
12277
12278
27034
27035
12279
27003
12281
12283
12282
35184
34705
12284
12280
12285
27037
27038
12286
12288
12287
35186
34707
12289
12290
27039
27040
12291
12293
12292
35188
34709
12294
12295
27041
27042
12296
12298
12297
35190
34711
12299
12300
27043
27044
12301
12303
12302
35192
34713
12304
12305
27045
27046
12306
12308
12307
35194
34715
12309
12310
27047
27048
12311
12313
12312
35196
34717
12314
12315
27049
27050
12316
12318
12317
35198
34719
12319
12320
27051
27052
12321
12323
12322
35200
34721
12324
12325
27053
27054
12326
12328
12327
35202
34723
12329
12330
27055
27056
12331
12333
12332
35204
34725
12334
12335
27057
27058
12336
12338
12337
35206
34727
12339
12340
27059
27060
12341
12343
12342
35208
34729
12344
12345
27061
27062
12346
12348
12347
35210
34731
12349
12350
27063
27064
12351
12353
12352
35212
34733
12354
12355
27065
27066
12356
12358
12357
35214
34735
12359
12360
27067
27068
12361
27036
12363
12365
12364
35216
34737
12366
12362
12367
27070
27071
12368
12370
12369
35218
34739
12371
12372
27072
27073
12373
12375
12374
35220
34741
12376
12377
27074
27075
12378
12380
12379
35222
34743
12381
12382
27076
27077
12383
12385
12384
35224
34745
12386
12387
27078
27079
12388
12390
12389
35226
34747
12391
12392
27080
27081
12393
12395
12394
35228
34749
12396
12397
27082
27083
12398
12400
12399
35230
34751
12401
12402
27084
27085
12403
12405
12404
35232
34753
12406
12407
27086
27087
12408
12410
12409
35234
34755
12411
12412
27088
27089
12413
12415
12414
35236
34757
12416
12417
27090
27091
12418
12420
12419
35238
34759
12421
12422
27092
27093
12423
12425
12424
35240
34761
12426
12427
27094
27095
12428
12430
12429
35242
34763
12431
12432
27096
27097
12433
12435
12434
35244
34765
12436
12437
27098
27099
12438
12440
12439
35246
34767
12441
12442
27100
27101
12443
27069
12445
12447
12446
35248
34769
12448
12444
12449
27103
27104
12450
12452
12451
35250
34771
12453
12454
27105
27106
12455
12457
12456
35252
34773
12458
12459
27107
27108
12460
12462
12461
35254
34775
12463
12464
27109
27110
12465
12467
12466
35256
34777
12468
12469
27111
27112
12470
12472
12471
35258
34779
12473
12474
27113
27114
12475
12477
12476
35260
34781
12478
12479
27115
27116
12480
12482
12481
35262
34783
12483
12484
27117
27118
12485
12487
12486
12488
12489
27119
27120
12490
12492
12491
12493
12494
27121
27122
12495
12497
12496
12498
12499
27123
27124
12500
12502
12501
12503
12504
27125
27126
12505
12507
12506
12508
12509
27127
27128
12510
12512
12511
12513
12514
27129
27130
12515
12517
12516
12518
12519
27131
27132
12520
12522
12521
12523
12524
27133
27134
12525
27102
12527
12529
26625
12528
12530
12526
12531
27136
27137
12532
12534
26628
12533
12535
12536
27138
27139
12537
12539
26631
12538
12540
12541
27140
27141
12542
12544
26634
12543
12545
12546
27142
27143
12547
12549
26637
12548
12550
12551
27144
27145
12552
12554
26640
12553
12555
12556
27146
27147
12557
12559
26643
12558
12560
12561
27148
27149
12562
12564
26646
12563
34833
12565
12566
27150
27151
12567
12569
26649
12568
34829
12570
12571
27152
27153
12572
12574
26652
12573
34825
12575
12576
27154
27155
12577
12579
26655
12578
34821
12580
12581
27156
27157
12582
12584
26658
12583
34817
12585
12586
27158
27159
12587
12589
26661
12588
34813
12590
12591
27160
27161
12592
12594
26664
12593
34809
12595
12596
27162
27163
12597
12599
26667
12598
34805
12600
12601
27164
27165
12602
12604
26670
12603
34801
12605
12606
27166
27167
12607
27135
12612
34797
12614
12609
12610
12611
12613
12608
12615
27170
27171
12619
34793
12621
12616
12617
12618
12620
12622
27173
27174
12626
34789
12628
12623
12624
12625
12627
12629
27176
27177
12633
34785
12635
35264
12630
12631
12632
12634
12636
27179
27180
12640
35266
34787
12642
35268
12637
12638
12639
12641
12643
27182
27183
12647
35270
34791
12649
35272
12644
12645
12646
12648
12650
27185
27186
12654
35274
34795
12656
35276
12651
12652
12653
12655
12657
27188
27189
12661
35278
34799
12663
35280
12658
12659
12660
12662
12664
27191
27192
12668
35282
34803
12670
35284
12665
12666
12667
12669
12671
27194
27195
12675
35286
34807
12677
35288
12672
12673
12674
12676
12678
27197
27198
12682
35290
34811
12684
35292
12679
12680
12681
12683
12685
27200
27201
12689
35294
34815
12691
35296
12686
12687
12688
12690
12692
27203
27204
12696
35298
34819
12698
35300
12693
12694
12695
12697
12699
27206
27207
12703
35302
34823
12705
35304
12700
12701
12702
12704
12706
27209
27210
12710
35306
34827
12712
35308
12707
12708
12709
12711
12713
27212
27213
12717
35310
34831
12719
35312
12714
12715
12716
12718
12720
27215
27216
12721
27168
12723
12725
12724
35314
34835
12726
12722
12727
27218
27219
12728
12730
12729
35316
34837
12731
12732
27220
27221
12733
12735
12734
35318
34839
12736
12737
27222
27223
12738
12740
12739
35320
34841
12741
12742
27224
27225
12743
12745
12744
35322
34843
12746
12747
27226
27227
12748
12750
12749
35324
34845
12751
12752
27228
27229
12753
12755
12754
35326
34847
12756
12757
27230
27231
12758
12760
12759
35328
34849
12761
12762
27232
27233
12763
12765
12764
35330
34851
12766
12767
27234
27235
12768
12770
12769
35332
34853
12771
12772
27236
27237
12773
12775
12774
35334
34855
12776
12777
27238
27239
12778
12780
12779
35336
34857
12781
12782
27240
27241
12783
12785
12784
35338
34859
12786
12787
27242
27243
12788
12790
12789
35340
34861
12791
12792
27244
27245
12793
12795
12794
35342
34863
12796
12797
27246
27247
12798
12800
12799
35344
34865
12801
12802
27248
27249
12803
27217
12805
12807
12806
35346
34867
12808
12804
12809
27251
27252
12810
12812
12811
35348
34869
12813
12814
27253
27254
12815
12817
12816
35350
34871
12818
12819
27255
27256
12820
12822
12821
35352
34873
12823
12824
27257
27258
12825
12827
12826
35354
34875
12828
12829
27259
27260
12830
12832
12831
35356
34877
12833
12834
27261
27262
12835
12837
12836
35358
34879
12838
12839
27263
27264
12840
12842
12841
35360
34881
12843
12844
27265
27266
12845
12847
12846
35362
34883
12848
12849
27267
27268
12850
12852
12851
35364
34885
12853
12854
27269
27270
12855
12857
12856
35366
34887
12858
12859
27271
27272
12860
12862
12861
35368
34889
12863
12864
27273
27274
12865
12867
12866
35370
34891
12868
12869
27275
27276
12870
12872
12871
35372
34893
12873
12874
27277
27278
12875
12877
12876
35374
34895
12878
12879
27279
27280
12880
12882
12881
35376
34897
12883
12884
27281
27282
12885
27250
12887
12889
12888
35378
34899
12890
12886
12891
27284
27285
12892
12894
12893
35380
34901
12895
12896
27286
27287
12897
12899
12898
35382
34903
12900
12901
27288
27289
12902
12904
12903
35384
34905
12905
12906
27290
27291
12907
12909
12908
35386
34907
12910
12911
27292
27293
12912
12914
12913
35388
34909
12915
12916
27294
27295
12917
12919
12918
35390
34911
12920
12921
27296
27297
12922
12924
12923
35392
34913
12925
12926
27298
27299
12927
12929
12928
35394
34915
12930
12931
27300
27301
12932
12934
12933
35396
34917
12935
12936
27302
27303
12937
12939
12938
35398
34919
12940
12941
27304
27305
12942
12944
12943
35400
34921
12945
12946
27306
27307
12947
12949
12948
35402
34923
12950
12951
27308
27309
12952
12954
12953
35404
34925
12955
12956
27310
27311
12957
12959
12958
35406
34927
12960
12961
27312
27313
12962
12964
12963
35408
34929
12965
12966
27314
27315
12967
27283
12969
12971
12970
35410
34931
12972
12968
12973
27317
27318
12974
12976
12975
35412
34933
12977
12978
27319
27320
12979
12981
12980
35414
34935
12982
12983
27321
27322
12984
12986
12985
35416
34937
12987
12988
27323
27324
12989
12991
12990
35418
34939
12992
12993
27325
27326
12994
12996
12995
35420
34941
12997
12998
27327
27328
12999
13001
13000
35422
34943
13002
13003
27329
27330
13004
13006
13005
35424
34945
13007
13008
27331
27332
13009
13011
13010
35426
34947
13012
13013
27333
27334
13014
13016
13015
35428
34949
13017
13018
27335
27336
13019
13021
13020
35430
34951
13022
13023
27337
27338
13024
13026
13025
35432
34953
13027
13028
27339
27340
13029
13031
13030
35434
34955
13032
13033
27341
27342
13034
13036
13035
35436
34957
13037
13038
27343
27344
13039
13041
13040
35438
34959
13042
13043
27345
27346
13044
13046
13045
35440
34961
13047
13048
27347
27348
13049
27316
13051
13053
13052
35442
34963
13054
13050
13055
27350
27351
13056
13058
13057
35444
34965
13059
13060
27352
27353
13061
13063
13062
35446
34967
13064
13065
27354
27355
13066
13068
13067
35448
34969
13069
13070
27356
27357
13071
13073
13072
35450
34971
13074
13075
27358
27359
13076
13078
13077
35452
34973
13079
13080
27360
27361
13081
13083
13082
35454
34975
13084
13085
27362
27363
13086
13088
13087
35456
34977
13089
13090
27364
27365
13091
13093
13092
35458
34979
13094
13095
27366
27367
13096
13098
13097
35460
34981
13099
13100
27368
27369
13101
13103
13102
35462
34983
13104
13105
27370
27371
13106
13108
13107
35464
34985
13109
13110
27372
27373
13111
13113
13112
35466
34987
13114
13115
27374
27375
13116
13118
13117
35468
34989
13119
13120
27376
27377
13121
13123
13122
35470
34991
13124
13125
27378
27379
13126
13128
13127
35472
34993
13129
13130
27380
27381
13131
27349
13133
13135
13134
35474
34995
13136
13132
13137
27383
27384
13138
13140
13139
35476
34997
13141
13142
27385
27386
13143
13145
13144
35478
34999
13146
13147
27387
27388
13148
13150
13149
35480
35001
13151
13152
27389
27390
13153
13155
13154
35482
35003
13156
13157
27391
27392
13158
13160
13159
35484
35005
13161
13162
27393
27394
13163
13165
13164
35486
35007
13166
13167
27395
27396
13168
13170
13169
35488
35009
13171
13172
27397
27398
13173
13175
13174
35490
35011
13176
13177
27399
27400
13178
13180
13179
35492
35013
13181
13182
27401
27402
13183
13185
13184
35494
35015
13186
13187
27403
27404
13188
13190
13189
35496
35017
13191
13192
27405
27406
13193
13195
13194
35498
35019
13196
13197
27407
27408
13198
13200
13199
35500
35021
13201
13202
27409
27410
13203
13205
13204
35502
35023
13206
13207
27411
27412
13208
13210
13209
35504
35025
13211
13212
27413
27414
13213
27382
13215
13217
13216
35506
35027
13218
13214
13219
27416
27417
13220
13222
13221
35508
35029
13223
13224
27418
27419
13225
13227
13226
35510
35031
13228
13229
27420
27421
13230
13232
13231
35512
35033
13233
13234
27422
27423
13235
13237
13236
35514
35035
13238
13239
27424
27425
13240
13242
13241
35516
35037
13243
13244
27426
27427
13245
13247
13246
35518
35039
13248
13249
27428
27429
13250
13252
13251
35520
35041
13253
13254
27430
27431
13255
13257
13256
35522
35043
13258
13259
27432
27433
13260
13262
13261
35524
35045
13263
13264
27434
27435
13265
13267
13266
35526
35047
13268
13269
27436
27437
13270
13272
13271
35528
35049
13273
13274
27438
27439
13275
13277
13276
35530
35051
13278
13279
27440
27441
13280
13282
13281
35532
35053
13283
13284
27442
27443
13285
13287
13286
35534
35055
13288
13289
27444
27445
13290
13292
13291
35536
35057
13293
13294
27446
27447
13295
27415
13297
13299
13298
35538
35059
13300
13296
13301
27449
27450
13302
13304
13303
35540
35061
13305
13306
27451
27452
13307
13309
13308
35542
35063
13310
13311
27453
27454
13312
13314
13313
35544
35065
13315
13316
27455
27456
13317
13319
13318
35546
35067
13320
13321
27457
27458
13322
13324
13323
35548
35069
13325
13326
27459
27460
13327
13329
13328
35550
35071
13330
13331
27461
27462
13332
13334
13333
35552
35073
13335
13336
27463
27464
13337
13339
13338
35554
35075
13340
13341
27465
27466
13342
13344
13343
35556
35077
13345
13346
27467
27468
13347
13349
13348
35558
35079
13350
13351
27469
27470
13352
13354
13353
35560
35081
13355
13356
27471
27472
13357
13359
13358
35562
35083
13360
13361
27473
27474
13362
13364
13363
35564
35085
13365
13366
27475
27476
13367
13369
13368
35566
35087
13370
13371
27477
27478
13372
13374
13373
35568
35089
13375
13376
27479
27480
13377
27448
13379
13381
13380
35570
35091
13382
13378
13383
27482
27483
13384
13386
13385
35572
35093
13387
13388
27484
27485
13389
13391
13390
35574
35095
13392
13393
27486
27487
13394
13396
13395
35576
35097
13397
13398
27488
27489
13399
13401
13400
35578
35099
13402
13403
27490
27491
13404
13406
13405
35580
35101
13407
13408
27492
27493
13409
13411
13410
35582
35103
13412
13413
27494
27495
13414
13416
13415
35584
35105
13417
13418
27496
27497
13419
13421
13420
35586
35107
13422
13423
27498
27499
13424
13426
13425
35588
35109
13427
13428
27500
27501
13429
13431
13430
35590
35111
13432
13433
27502
27503
13434
13436
13435
35592
35113
13437
13438
27504
27505
13439
13441
13440
35594
35115
13442
13443
27506
27507
13444
13446
13445
35596
35117
13447
13448
27508
27509
13449
13451
13450
35598
35119
13452
13453
27510
27511
13454
13456
13455
35600
35121
13457
13458
27512
27513
13459
27481
13461
13463
13462
35602
35123
13464
13460
13465
27515
27516
13466
13468
13467
35604
35125
13469
13470
27517
27518
13471
13473
13472
35606
35127
13474
13475
27519
27520
13476
13478
13477
35608
35129
13479
13480
27521
27522
13481
13483
13482
35610
35131
13484
13485
27523
27524
13486
13488
13487
35612
35133
13489
13490
27525
27526
13491
13493
13492
35614
35135
13494
13495
27527
27528
13496
13498
13497
35616
35137
13499
13500
27529
27530
13501
13503
13502
35618
35139
13504
13505
27531
27532
13506
13508
13507
35620
35141
13509
13510
27533
27534
13511
13513
13512
35622
35143
13514
13515
27535
27536
13516
13518
13517
35624
35145
13519
13520
27537
27538
13521
13523
13522
35626
35147
13524
13525
27539
27540
13526
13528
13527
35628
35149
13529
13530
27541
27542
13531
13533
13532
35630
35151
13534
13535
27543
27544
13536
13538
13537
35632
35153
13539
13540
27545
27546
13541
27514
13543
13545
13544
35634
35155
13546
13542
13547
27548
27549
13548
13550
13549
35636
35157
13551
13552
27550
27551
13553
13555
13554
35638
35159
13556
13557
27552
27553
13558
13560
13559
35640
35161
13561
13562
27554
27555
13563
13565
13564
35642
35163
13566
13567
27556
27557
13568
13570
13569
35644
35165
13571
13572
27558
27559
13573
13575
13574
35646
35167
13576
13577
27560
27561
13578
13580
13579
35648
35169
13581
13582
27562
27563
13583
13585
13584
35650
35171
13586
13587
27564
27565
13588
13590
13589
35652
35173
13591
13592
27566
27567
13593
13595
13594
35654
35175
13596
13597
27568
27569
13598
13600
13599
35656
35177
13601
13602
27570
27571
13603
13605
13604
35658
35179
13606
13607
27572
27573
13608
13610
13609
35660
35181
13611
13612
27574
27575
13613
13615
13614
35662
35183
13616
13617
27576
27577
13618
13620
13619
35664
35185
13621
13622
27578
27579
13623
27547
13625
13627
13626
35666
35187
13628
13624
13629
27581
27582
13630
13632
13631
35668
35189
13633
13634
27583
27584
13635
13637
13636
35670
35191
13638
13639
27585
27586
13640
13642
13641
35672
35193
13643
13644
27587
27588
13645
13647
13646
35674
35195
13648
13649
27589
27590
13650
13652
13651
35676
35197
13653
13654
27591
27592
13655
13657
13656
35678
35199
13658
13659
27593
27594
13660
13662
13661
35680
35201
13663
13664
27595
27596
13665
13667
13666
35682
35203
13668
13669
27597
27598
13670
13672
13671
35684
35205
13673
13674
27599
27600
13675
13677
13676
35686
35207
13678
13679
27601
27602
13680
13682
13681
35688
35209
13683
13684
27603
27604
13685
13687
13686
35690
35211
13688
13689
27605
27606
13690
13692
13691
35692
35213
13693
13694
27607
27608
13695
13697
13696
35694
35215
13698
13699
27609
27610
13700
13702
13701
35696
35217
13703
13704
27611
27612
13705
27580
13707
13709
13708
35698
35219
13710
13706
13711
27614
27615
13712
13714
13713
35700
35221
13715
13716
27616
27617
13717
13719
13718
35702
35223
13720
13721
27618
27619
13722
13724
13723
35704
35225
13725
13726
27620
27621
13727
13729
13728
35706
35227
13730
13731
27622
27623
13732
13734
13733
35708
35229
13735
13736
27624
27625
13737
13739
13738
35710
35231
13740
13741
27626
27627
13742
13744
13743
35712
35233
13745
13746
27628
27629
13747
13749
13748
35714
35235
13750
13751
27630
27631
13752
13754
13753
35716
35237
13755
13756
27632
27633
13757
13759
13758
35718
35239
13760
13761
27634
27635
13762
13764
13763
35720
35241
13765
13766
27636
27637
13767
13769
13768
35722
35243
13770
13771
27638
27639
13772
13774
13773
35724
35245
13775
13776
27640
27641
13777
13779
13778
35726
35247
13780
13781
27642
27643
13782
13784
13783
35728
35249
13785
13786
27644
27645
13787
27613
13789
13791
13790
35730
35251
13792
13788
13793
27647
27648
13794
13796
13795
35732
35253
13797
13798
27649
27650
13799
13801
13800
35734
35255
13802
13803
27651
27652
13804
13806
13805
35736
35257
13807
13808
27653
27654
13809
13811
13810
35738
35259
13812
13813
27655
27656
13814
13816
13815
35740
35261
13817
13818
27657
27658
13819
13821
13820
35742
35263
13822
13823
27659
27660
13824
13826
13825
13827
13828
27661
27662
13829
13831
13830
13832
13833
27663
27664
13834
13836
13835
13837
13838
27665
27666
13839
13841
13840
13842
13843
27667
27668
13844
13846
13845
13847
13848
27669
27670
13849
13851
13850
13852
13853
27671
27672
13854
13856
13855
13857
13858
27673
27674
13859
13861
13860
13862
13863
27675
27676
13864
13866
13865
13867
13868
27677
27678
13869
27646
13871
13873
27169
13872
13874
13870
13875
27680
27681
13876
13878
27172
13877
13879
13880
27682
27683
13881
13883
27175
13882
13884
13885
27684
27685
13886
13888
27178
13887
13889
13890
27686
27687
13891
13893
27181
13892
13894
13895
27688
27689
13896
13898
27184
13897
13899
13900
27690
27691
13901
13903
27187
13902
35315
13904
13905
27692
27693
13906
13908
27190
13907
35311
13909
13910
27694
27695
13911
13913
27193
13912
35307
13914
13915
27696
27697
13916
13918
27196
13917
35303
13919
13920
27698
27699
13921
13923
27199
13922
35299
13924
13925
27700
27701
13926
13928
27202
13927
35295
13929
13930
27702
27703
13931
13933
27205
13932
35291
13934
13935
27704
27705
13936
13938
27208
13937
35287
13939
13940
27706
27707
13941
13943
27211
13942
35283
13944
13945
27708
27709
13946
13948
27214
13947
35279
13949
13950
27710
27711
13951
27679
13956
35275
13958
13953
13954
13955
13957
13952
13959
27714
27715
13963
35271
13965
13960
13961
13962
13964
13966
27717
27718
13970
35267
13972
13967
13968
13969
13971
13973
27720
27721
13977
35744
35265
13979
35746
13974
13975
13976
13978
13980
27723
27724
13984
35748
35269
13986
35750
13981
13982
13983
13985
13987
27726
27727
13991
35752
35273
13993
35754
13988
13989
13990
13992
13994
27729
27730
13998
35756
35277
14000
35758
13995
13996
13997
13999
14001
27732
27733
14005
35760
35281
14007
35762
14002
14003
14004
14006
14008
27735
27736
14012
35764
35285
14014
35766
14009
14010
14011
14013
14015
27738
27739
14019
35768
35289
14021
35770
14016
14017
14018
14020
14022
27741
27742
14026
35772
35293
14028
35774
14023
14024
14025
14027
14029
27744
27745
14033
35776
35297
14035
35778
14030
14031
14032
14034
14036
27747
27748
14040
35780
35301
14042
35782
14037
14038
14039
14041
14043
27750
27751
14047
35784
35305
14049
35786
14044
14045
14046
14048
14050
27753
27754
14054
35788
35309
14056
35790
14051
14052
14053
14055
14057
27756
27757
14061
35792
35313
14063
35794
14058
14059
14060
14062
14064
27759
27760
14065
27712
14067
14069
14068
35796
35317
14070
14066
14071
27762
27763
14072
14074
14073
35798
35319
14075
14076
27764
27765
14077
14079
14078
35800
35321
14080
14081
27766
27767
14082
14084
14083
35802
35323
14085
14086
27768
27769
14087
14089
14088
35804
35325
14090
14091
27770
27771
14092
14094
14093
35806
35327
14095
14096
27772
27773
14097
14099
14098
35808
35329
14100
14101
27774
27775
14102
14104
14103
35810
35331
14105
14106
27776
27777
14107
14109
14108
35812
35333
14110
14111
27778
27779
14112
14114
14113
35814
35335
14115
14116
27780
27781
14117
14119
14118
35816
35337
14120
14121
27782
27783
14122
14124
14123
35818
35339
14125
14126
27784
27785
14127
14129
14128
35820
35341
14130
14131
27786
27787
14132
14134
14133
35822
35343
14135
14136
27788
27789
14137
14139
14138
35824
35345
14140
14141
27790
27791
14142
14144
14143
35826
35347
14145
14146
27792
27793
14147
27761
14149
14151
14150
35828
35349
14152
14148
14153
27795
27796
14154
14156
14155
35830
35351
14157
14158
27797
27798
14159
14161
14160
35832
35353
14162
14163
27799
27800
14164
14166
14165
35834
35355
14167
14168
27801
27802
14169
14171
14170
35836
35357
14172
14173
27803
27804
14174
14176
14175
35838
35359
14177
14178
27805
27806
14179
14181
14180
35840
35361
14182
14183
27807
27808
14184
14186
14185
35842
35363
14187
14188
27809
27810
14189
14191
14190
35844
35365
14192
14193
27811
27812
14194
14196
14195
35846
35367
14197
14198
27813
27814
14199
14201
14200
35848
35369
14202
14203
27815
27816
14204
14206
14205
35850
35371
14207
14208
27817
27818
14209
14211
14210
35852
35373
14212
14213
27819
27820
14214
14216
14215
35854
35375
14217
14218
27821
27822
14219
14221
14220
35856
35377
14222
14223
27823
27824
14224
14226
14225
35858
35379
14227
14228
27825
27826
14229
27794
14231
14233
14232
35860
35381
14234
14230
14235
27828
27829
14236
14238
14237
35862
35383
14239
14240
27830
27831
14241
14243
14242
35864
35385
14244
14245
27832
27833
14246
14248
14247
35866
35387
14249
14250
27834
27835
14251
14253
14252
35868
35389
14254
14255
27836
27837
14256
14258
14257
35870
35391
14259
14260
27838
27839
14261
14263
14262
35872
35393
14264
14265
27840
27841
14266
14268
14267
35874
35395
14269
14270
27842
27843
14271
14273
14272
35876
35397
14274
14275
27844
27845
14276
14278
14277
35878
35399
14279
14280
27846
27847
14281
14283
14282
35880
35401
14284
14285
27848
27849
14286
14288
14287
35882
35403
14289
14290
27850
27851
14291
14293
14292
35884
35405
14294
14295
27852
27853
14296
14298
14297
35886
35407
14299
14300
27854
27855
14301
14303
14302
35888
35409
14304
14305
27856
27857
14306
14308
14307
35890
35411
14309
14310
27858
27859
14311
27827
14313
14315
14314
35892
35413
14316
14312
14317
27861
27862
14318
14320
14319
35894
35415
14321
14322
27863
27864
14323
14325
14324
35896
35417
14326
14327
27865
27866
14328
14330
14329
35898
35419
14331
14332
27867
27868
14333
14335
14334
35900
35421
14336
14337
27869
27870
14338
14340
14339
35902
35423
14341
14342
27871
27872
14343
14345
14344
35904
35425
14346
14347
27873
27874
14348
14350
14349
35906
35427
14351
14352
27875
27876
14353
14355
14354
35908
35429
14356
14357
27877
27878
14358
14360
14359
35910
35431
14361
14362
27879
27880
14363
14365
14364
35912
35433
14366
14367
27881
27882
14368
14370
14369
35914
35435
14371
14372
27883
27884
14373
14375
14374
35916
35437
14376
14377
27885
27886
14378
14380
14379
35918
35439
14381
14382
27887
27888
14383
14385
14384
35920
35441
14386
14387
27889
27890
14388
14390
14389
35922
35443
14391
14392
27891
27892
14393
27860
14395
14397
14396
35924
35445
14398
14394
14399
27894
27895
14400
14402
14401
35926
35447
14403
14404
27896
27897
14405
14407
14406
35928
35449
14408
14409
27898
27899
14410
14412
14411
35930
35451
14413
14414
27900
27901
14415
14417
14416
35932
35453
14418
14419
27902
27903
14420
14422
14421
35934
35455
14423
14424
27904
27905
14425
14427
14426
35936
35457
14428
14429
27906
27907
14430
14432
14431
35938
35459
14433
14434
27908
27909
14435
14437
14436
35940
35461
14438
14439
27910
27911
14440
14442
14441
35942
35463
14443
14444
27912
27913
14445
14447
14446
35944
35465
14448
14449
27914
27915
14450
14452
14451
35946
35467
14453
14454
27916
27917
14455
14457
14456
35948
35469
14458
14459
27918
27919
14460
14462
14461
35950
35471
14463
14464
27920
27921
14465
14467
14466
35952
35473
14468
14469
27922
27923
14470
14472
14471
35954
35475
14473
14474
27924
27925
14475
27893
14477
14479
14478
35956
35477
14480
14476
14481
27927
27928
14482
14484
14483
35958
35479
14485
14486
27929
27930
14487
14489
14488
35960
35481
14490
14491
27931
27932
14492
14494
14493
35962
35483
14495
14496
27933
27934
14497
14499
14498
35964
35485
14500
14501
27935
27936
14502
14504
14503
35966
35487
14505
14506
27937
27938
14507
14509
14508
35968
35489
14510
14511
27939
27940
14512
14514
14513
35970
35491
14515
14516
27941
27942
14517
14519
14518
35972
35493
14520
14521
27943
27944
14522
14524
14523
35974
35495
14525
14526
27945
27946
14527
14529
14528
35976
35497
14530
14531
27947
27948
14532
14534
14533
35978
35499
14535
14536
27949
27950
14537
14539
14538
35980
35501
14540
14541
27951
27952
14542
14544
14543
35982
35503
14545
14546
27953
27954
14547
14549
14548
35984
35505
14550
14551
27955
27956
14552
14554
14553
35986
35507
14555
14556
27957
27958
14557
27926
14559
14561
14560
35988
35509
14562
14558
14563
27960
27961
14564
14566
14565
35990
35511
14567
14568
27962
27963
14569
14571
14570
35992
35513
14572
14573
27964
27965
14574
14576
14575
35994
35515
14577
14578
27966
27967
14579
14581
14580
35996
35517
14582
14583
27968
27969
14584
14586
14585
35998
35519
14587
14588
27970
27971
14589
14591
14590
36000
35521
14592
14593
27972
27973
14594
14596
14595
36002
35523
14597
14598
27974
27975
14599
14601
14600
36004
35525
14602
14603
27976
27977
14604
14606
14605
36006
35527
14607
14608
27978
27979
14609
14611
14610
36008
35529
14612
14613
27980
27981
14614
14616
14615
36010
35531
14617
14618
27982
27983
14619
14621
14620
36012
35533
14622
14623
27984
27985
14624
14626
14625
36014
35535
14627
14628
27986
27987
14629
14631
14630
36016
35537
14632
14633
27988
27989
14634
14636
14635
36018
35539
14637
14638
27990
27991
14639
27959
14641
14643
14642
36020
35541
14644
14640
14645
27993
27994
14646
14648
14647
36022
35543
14649
14650
27995
27996
14651
14653
14652
36024
35545
14654
14655
27997
27998
14656
14658
14657
36026
35547
14659
14660
27999
28000
14661
14663
14662
36028
35549
14664
14665
28001
28002
14666
14668
14667
36030
35551
14669
14670
28003
28004
14671
14673
14672
36032
35553
14674
14675
28005
28006
14676
14678
14677
36034
35555
14679
14680
28007
28008
14681
14683
14682
36036
35557
14684
14685
28009
28010
14686
14688
14687
36038
35559
14689
14690
28011
28012
14691
14693
14692
36040
35561
14694
14695
28013
28014
14696
14698
14697
36042
35563
14699
14700
28015
28016
14701
14703
14702
36044
35565
14704
14705
28017
28018
14706
14708
14707
36046
35567
14709
14710
28019
28020
14711
14713
14712
36048
35569
14714
14715
28021
28022
14716
14718
14717
36050
35571
14719
14720
28023
28024
14721
27992
14723
14725
14724
36052
35573
14726
14722
14727
28026
28027
14728
14730
14729
36054
35575
14731
14732
28028
28029
14733
14735
14734
36056
35577
14736
14737
28030
28031
14738
14740
14739
36058
35579
14741
14742
28032
28033
14743
14745
14744
36060
35581
14746
14747
28034
28035
14748
14750
14749
36062
35583
14751
14752
28036
28037
14753
14755
14754
36064
35585
14756
14757
28038
28039
14758
14760
14759
36066
35587
14761
14762
28040
28041
14763
14765
14764
36068
35589
14766
14767
28042
28043
14768
14770
14769
36070
35591
14771
14772
28044
28045
14773
14775
14774
36072
35593
14776
14777
28046
28047
14778
14780
14779
36074
35595
14781
14782
28048
28049
14783
14785
14784
36076
35597
14786
14787
28050
28051
14788
14790
14789
36078
35599
14791
14792
28052
28053
14793
14795
14794
36080
35601
14796
14797
28054
28055
14798
14800
14799
36082
35603
14801
14802
28056
28057
14803
28025
14805
14807
14806
36084
35605
14808
14804
14809
28059
28060
14810
14812
14811
36086
35607
14813
14814
28061
28062
14815
14817
14816
36088
35609
14818
14819
28063
28064
14820
14822
14821
36090
35611
14823
14824
28065
28066
14825
14827
14826
36092
35613
14828
14829
28067
28068
14830
14832
14831
36094
35615
14833
14834
28069
28070
14835
14837
14836
36096
35617
14838
14839
28071
28072
14840
14842
14841
36098
35619
14843
14844
28073
28074
14845
14847
14846
36100
35621
14848
14849
28075
28076
14850
14852
14851
36102
35623
14853
14854
28077
28078
14855
14857
14856
36104
35625
14858
14859
28079
28080
14860
14862
14861
36106
35627
14863
14864
28081
28082
14865
14867
14866
36108
35629
14868
14869
28083
28084
14870
14872
14871
36110
35631
14873
14874
28085
28086
14875
14877
14876
36112
35633
14878
14879
28087
28088
14880
14882
14881
36114
35635
14883
14884
28089
28090
14885
28058
14887
14889
14888
36116
35637
14890
14886
14891
28092
28093
14892
14894
14893
36118
35639
14895
14896
28094
28095
14897
14899
14898
36120
35641
14900
14901
28096
28097
14902
14904
14903
36122
35643
14905
14906
28098
28099
14907
14909
14908
36124
35645
14910
14911
28100
28101
14912
14914
14913
36126
35647
14915
14916
28102
28103
14917
14919
14918
36128
35649
14920
14921
28104
28105
14922
14924
14923
36130
35651
14925
14926
28106
28107
14927
14929
14928
36132
35653
14930
14931
28108
28109
14932
14934
14933
36134
35655
14935
14936
28110
28111
14937
14939
14938
36136
35657
14940
14941
28112
28113
14942
14944
14943
36138
35659
14945
14946
28114
28115
14947
14949
14948
36140
35661
14950
14951
28116
28117
14952
14954
14953
36142
35663
14955
14956
28118
28119
14957
14959
14958
36144
35665
14960
14961
28120
28121
14962
14964
14963
36146
35667
14965
14966
28122
28123
14967
28091
14969
14971
14970
36148
35669
14972
14968
14973
28125
28126
14974
14976
14975
36150
35671
14977
14978
28127
28128
14979
14981
14980
36152
35673
14982
14983
28129
28130
14984
14986
14985
36154
35675
14987
14988
28131
28132
14989
14991
14990
36156
35677
14992
14993
28133
28134
14994
14996
14995
36158
35679
14997
14998
28135
28136
14999
15001
15000
36160
35681
15002
15003
28137
28138
15004
15006
15005
36162
35683
15007
15008
28139
28140
15009
15011
15010
36164
35685
15012
15013
28141
28142
15014
15016
15015
36166
35687
15017
15018
28143
28144
15019
15021
15020
36168
35689
15022
15023
28145
28146
15024
15026
15025
36170
35691
15027
15028
28147
28148
15029
15031
15030
36172
35693
15032
15033
28149
28150
15034
15036
15035
36174
35695
15037
15038
28151
28152
15039
15041
15040
36176
35697
15042
15043
28153
28154
15044
15046
15045
36178
35699
15047
15048
28155
28156
15049
28124
15051
15053
15052
36180
35701
15054
15050
15055
28158
28159
15056
15058
15057
36182
35703
15059
15060
28160
28161
15061
15063
15062
36184
35705
15064
15065
28162
28163
15066
15068
15067
36186
35707
15069
15070
28164
28165
15071
15073
15072
36188
35709
15074
15075
28166
28167
15076
15078
15077
36190
35711
15079
15080
28168
28169
15081
15083
15082
36192
35713
15084
15085
28170
28171
15086
15088
15087
36194
35715
15089
15090
28172
28173
15091
15093
15092
36196
35717
15094
15095
28174
28175
15096
15098
15097
36198
35719
15099
15100
28176
28177
15101
15103
15102
36200
35721
15104
15105
28178
28179
15106
15108
15107
36202
35723
15109
15110
28180
28181
15111
15113
15112
36204
35725
15114
15115
28182
28183
15116
15118
15117
36206
35727
15119
15120
28184
28185
15121
15123
15122
36208
35729
15124
15125
28186
28187
15126
15128
15127
36210
35731
15129
15130
28188
28189
15131
28157
15133
15135
15134
36212
35733
15136
15132
15137
28191
28192
15138
15140
15139
36214
35735
15141
15142
28193
28194
15143
15145
15144
36216
35737
15146
15147
28195
28196
15148
15150
15149
36218
35739
15151
15152
28197
28198
15153
15155
15154
36220
35741
15156
15157
28199
28200
15158
15160
15159
36222
35743
15161
15162
28201
28202
15163
15165
15164
15166
15167
28203
28204
15168
15170
15169
15171
15172
28205
28206
15173
15175
15174
15176
15177
28207
28208
15178
15180
15179
15181
15182
28209
28210
15183
15185
15184
15186
15187
28211
28212
15188
15190
15189
15191
15192
28213
28214
15193
15195
15194
15196
15197
28215
28216
15198
15200
15199
15201
15202
28217
28218
15203
15205
15204
15206
15207
28219
28220
15208
15210
15209
15211
15212
28221
28222
15213
28190
15215
15217
27713
15216
15218
15214
15219
28224
28225
15220
15222
27716
15221
15223
15224
28226
28227
15225
15227
27719
15226
15228
15229
28228
28229
15230
15232
27722
15231
15233
15234
28230
28231
15235
15237
27725
15236
15238
15239
28232
28233
15240
15242
27728
15241
35797
15243
15244
28234
28235
15245
15247
27731
15246
35793
15248
15249
28236
28237
15250
15252
27734
15251
35789
15253
15254
28238
28239
15255
15257
27737
15256
35785
15258
15259
28240
28241
15260
15262
27740
15261
35781
15263
15264
28242
28243
15265
15267
27743
15266
35777
15268
15269
28244
28245
15270
15272
27746
15271
35773
15273
15274
28246
28247
15275
15277
27749
15276
35769
15278
15279
28248
28249
15280
15282
27752
15281
35765
15283
15284
28250
28251
15285
15287
27755
15286
35761
15288
15289
28252
28253
15290
15292
27758
15291
35757
15293
15294
28254
28255
15295
28223
15300
35753
15302
15297
15298
15299
15301
15296
15303
28258
28259
15307
35749
15309
15304
15305
15306
15308
15310
28261
28262
15314
35745
15316
36224
15311
15312
15313
15315
15317
28264
28265
15321
36226
35747
15323
36228
15318
15319
15320
15322
15324
28267
28268
15328
36230
35751
15330
36232
15325
15326
15327
15329
15331
28270
28271
15335
36234
35755
15337
36236
15332
15333
15334
15336
15338
28273
28274
15342
36238
35759
15344
36240
15339
15340
15341
15343
15345
28276
28277
15349
36242
35763
15351
36244
15346
15347
15348
15350
15352
28279
28280
15356
36246
35767
15358
36248
15353
15354
15355
15357
15359
28282
28283
15363
36250
35771
15365
36252
15360
15361
15362
15364
15366
28285
28286
15370
36254
35775
15372
36256
15367
15368
15369
15371
15373
28288
28289
15377
36258
35779
15379
36260
15374
15375
15376
15378
15380
28291
28292
15384
36262
35783
15386
36264
15381
15382
15383
15385
15387
28294
28295
15391
36266
35787
15393
36268
15388
15389
15390
15392
15394
28297
28298
15398
36270
35791
15400
36272
15395
15396
15397
15399
15401
28300
28301
15405
36274
35795
15407
36276
15402
15403
15404
15406
15408
28303
28304
15409
28256
15411
15413
15412
36278
35799
15414
15410
15415
28306
28307
15416
15418
15417
36280
35801
15419
15420
28308
28309
15421
15423
15422
36282
35803
15424
15425
28310
28311
15426
15428
15427
36284
35805
15429
15430
28312
28313
15431
15433
15432
36286
35807
15434
15435
28314
28315
15436
15438
15437
36288
35809
15439
15440
28316
28317
15441
15443
15442
36290
35811
15444
15445
28318
28319
15446
15448
15447
36292
35813
15449
15450
28320
28321
15451
15453
15452
36294
35815
15454
15455
28322
28323
15456
15458
15457
36296
35817
15459
15460
28324
28325
15461
15463
15462
36298
35819
15464
15465
28326
28327
15466
15468
15467
36300
35821
15469
15470
28328
28329
15471
15473
15472
36302
35823
15474
15475
28330
28331
15476
15478
15477
36304
35825
15479
15480
28332
28333
15481
15483
15482
36306
35827
15484
15485
28334
28335
15486
15488
15487
36308
35829
15489
15490
28336
28337
15491
28305
15493
15495
15494
36310
35831
15496
15492
15497
28339
28340
15498
15500
15499
36312
35833
15501
15502
28341
28342
15503
15505
15504
36314
35835
15506
15507
28343
28344
15508
15510
15509
36316
35837
15511
15512
28345
28346
15513
15515
15514
36318
35839
15516
15517
28347
28348
15518
15520
15519
36320
35841
15521
15522
28349
28350
15523
15525
15524
36322
35843
15526
15527
28351
28352
15528
15530
15529
36324
35845
15531
15532
28353
28354
15533
15535
15534
36326
35847
15536
15537
28355
28356
15538
15540
15539
36328
35849
15541
15542
28357
28358
15543
15545
15544
36330
35851
15546
15547
28359
28360
15548
15550
15549
36332
35853
15551
15552
28361
28362
15553
15555
15554
36334
35855
15556
15557
28363
28364
15558
15560
15559
36336
35857
15561
15562
28365
28366
15563
15565
15564
36338
35859
15566
15567
28367
28368
15568
15570
15569
36340
35861
15571
15572
28369
28370
15573
28338
15575
15577
15576
36342
35863
15578
15574
15579
28372
28373
15580
15582
15581
36344
35865
15583
15584
28374
28375
15585
15587
15586
36346
35867
15588
15589
28376
28377
15590
15592
15591
36348
35869
15593
15594
28378
28379
15595
15597
15596
36350
35871
15598
15599
28380
28381
15600
15602
15601
36352
35873
15603
15604
28382
28383
15605
15607
15606
36354
35875
15608
15609
28384
28385
15610
15612
15611
36356
35877
15613
15614
28386
28387
15615
15617
15616
36358
35879
15618
15619
28388
28389
15620
15622
15621
36360
35881
15623
15624
28390
28391
15625
15627
15626
36362
35883
15628
15629
28392
28393
15630
15632
15631
36364
35885
15633
15634
28394
28395
15635
15637
15636
36366
35887
15638
15639
28396
28397
15640
15642
15641
36368
35889
15643
15644
28398
28399
15645
15647
15646
36370
35891
15648
15649
28400
28401
15650
15652
15651
36372
35893
15653
15654
28402
28403
15655
28371
15657
15659
15658
36374
35895
15660
15656
15661
28405
28406
15662
15664
15663
36376
35897
15665
15666
28407
28408
15667
15669
15668
36378
35899
15670
15671
28409
28410
15672
15674
15673
36380
35901
15675
15676
28411
28412
15677
15679
15678
36382
35903
15680
15681
28413
28414
15682
15684
15683
36384
35905
15685
15686
28415
28416
15687
15689
15688
36386
35907
15690
15691
28417
28418
15692
15694
15693
36388
35909
15695
15696
28419
28420
15697
15699
15698
36390
35911
15700
15701
28421
28422
15702
15704
15703
36392
35913
15705
15706
28423
28424
15707
15709
15708
36394
35915
15710
15711
28425
28426
15712
15714
15713
36396
35917
15715
15716
28427
28428
15717
15719
15718
36398
35919
15720
15721
28429
28430
15722
15724
15723
36400
35921
15725
15726
28431
28432
15727
15729
15728
36402
35923
15730
15731
28433
28434
15732
15734
15733
36404
35925
15735
15736
28435
28436
15737
28404
15739
15741
15740
36406
35927
15742
15738
15743
28438
28439
15744
15746
15745
36408
35929
15747
15748
28440
28441
15749
15751
15750
36410
35931
15752
15753
28442
28443
15754
15756
15755
36412
35933
15757
15758
28444
28445
15759
15761
15760
36414
35935
15762
15763
28446
28447
15764
15766
15765
36416
35937
15767
15768
28448
28449
15769
15771
15770
36418
35939
15772
15773
28450
28451
15774
15776
15775
36420
35941
15777
15778
28452
28453
15779
15781
15780
36422
35943
15782
15783
28454
28455
15784
15786
15785
36424
35945
15787
15788
28456
28457
15789
15791
15790
36426
35947
15792
15793
28458
28459
15794
15796
15795
36428
35949
15797
15798
28460
28461
15799
15801
15800
36430
35951
15802
15803
28462
28463
15804
15806
15805
36432
35953
15807
15808
28464
28465
15809
15811
15810
36434
35955
15812
15813
28466
28467
15814
15816
15815
36436
35957
15817
15818
28468
28469
15819
28437
15821
15823
15822
36438
35959
15824
15820
15825
28471
28472
15826
15828
15827
36440
35961
15829
15830
28473
28474
15831
15833
15832
36442
35963
15834
15835
28475
28476
15836
15838
15837
36444
35965
15839
15840
28477
28478
15841
15843
15842
36446
35967
15844
15845
28479
28480
15846
15848
15847
36448
35969
15849
15850
28481
28482
15851
15853
15852
36450
35971
15854
15855
28483
28484
15856
15858
15857
36452
35973
15859
15860
28485
28486
15861
15863
15862
36454
35975
15864
15865
28487
28488
15866
15868
15867
36456
35977
15869
15870
28489
28490
15871
15873
15872
36458
35979
15874
15875
28491
28492
15876
15878
15877
36460
35981
15879
15880
28493
28494
15881
15883
15882
36462
35983
15884
15885
28495
28496
15886
15888
15887
36464
35985
15889
15890
28497
28498
15891
15893
15892
36466
35987
15894
15895
28499
28500
15896
15898
15897
36468
35989
15899
15900
28501
28502
15901
28470
15903
15905
15904
36470
35991
15906
15902
15907
28504
28505
15908
15910
15909
36472
35993
15911
15912
28506
28507
15913
15915
15914
36474
35995
15916
15917
28508
28509
15918
15920
15919
36476
35997
15921
15922
28510
28511
15923
15925
15924
36478
35999
15926
15927
28512
28513
15928
15930
15929
36480
36001
15931
15932
28514
28515
15933
15935
15934
36482
36003
15936
15937
28516
28517
15938
15940
15939
36484
36005
15941
15942
28518
28519
15943
15945
15944
36486
36007
15946
15947
28520
28521
15948
15950
15949
36488
36009
15951
15952
28522
28523
15953
15955
15954
36490
36011
15956
15957
28524
28525
15958
15960
15959
36492
36013
15961
15962
28526
28527
15963
15965
15964
36494
36015
15966
15967
28528
28529
15968
15970
15969
36496
36017
15971
15972
28530
28531
15973
15975
15974
36498
36019
15976
15977
28532
28533
15978
15980
15979
36500
36021
15981
15982
28534
28535
15983
28503
15985
15987
15986
36502
36023
15988
15984
15989
28537
28538
15990
15992
15991
36504
36025
15993
15994
28539
28540
15995
15997
15996
36506
36027
15998
15999
28541
28542
16000
16002
16001
36508
36029
16003
16004
28543
28544
16005
16007
16006
36510
36031
16008
16009
28545
28546
16010
16012
16011
36512
36033
16013
16014
28547
28548
16015
16017
16016
36514
36035
16018
16019
28549
28550
16020
16022
16021
36516
36037
16023
16024
28551
28552
16025
16027
16026
36518
36039
16028
16029
28553
28554
16030
16032
16031
36520
36041
16033
16034
28555
28556
16035
16037
16036
36522
36043
16038
16039
28557
28558
16040
16042
16041
36524
36045
16043
16044
28559
28560
16045
16047
16046
36526
36047
16048
16049
28561
28562
16050
16052
16051
36528
36049
16053
16054
28563
28564
16055
16057
16056
36530
36051
16058
16059
28565
28566
16060
16062
16061
36532
36053
16063
16064
28567
28568
16065
28536
16067
16069
16068
36534
36055
16070
16066
16071
28570
28571
16072
16074
16073
36536
36057
16075
16076
28572
28573
16077
16079
16078
36538
36059
16080
16081
28574
28575
16082
16084
16083
36540
36061
16085
16086
28576
28577
16087
16089
16088
36542
36063
16090
16091
28578
28579
16092
16094
16093
36544
36065
16095
16096
28580
28581
16097
16099
16098
36546
36067
16100
16101
28582
28583
16102
16104
16103
36548
36069
16105
16106
28584
28585
16107
16109
16108
36550
36071
16110
16111
28586
28587
16112
16114
16113
36552
36073
16115
16116
28588
28589
16117
16119
16118
36554
36075
16120
16121
28590
28591
16122
16124
16123
36556
36077
16125
16126
28592
28593
16127
16129
16128
36558
36079
16130
16131
28594
28595
16132
16134
16133
36560
36081
16135
16136
28596
28597
16137
16139
16138
36562
36083
16140
16141
28598
28599
16142
16144
16143
36564
36085
16145
16146
28600
28601
16147
28569
16149
16151
16150
36566
36087
16152
16148
16153
28603
28604
16154
16156
16155
36568
36089
16157
16158
28605
28606
16159
16161
16160
36570
36091
16162
16163
28607
28608
16164
16166
16165
36572
36093
16167
16168
28609
28610
16169
16171
16170
36574
36095
16172
16173
28611
28612
16174
16176
16175
36576
36097
16177
16178
28613
28614
16179
16181
16180
36578
36099
16182
16183
28615
28616
16184
16186
16185
36580
36101
16187
16188
28617
28618
16189
16191
16190
36582
36103
16192
16193
28619
28620
16194
16196
16195
36584
36105
16197
16198
28621
28622
16199
16201
16200
36586
36107
16202
16203
28623
28624
16204
16206
16205
36588
36109
16207
16208
28625
28626
16209
16211
16210
36590
36111
16212
16213
28627
28628
16214
16216
16215
36592
36113
16217
16218
28629
28630
16219
16221
16220
36594
36115
16222
16223
28631
28632
16224
16226
16225
36596
36117
16227
16228
28633
28634
16229
28602
16231
16233
16232
36598
36119
16234
16230
16235
28636
28637
16236
16238
16237
36600
36121
16239
16240
28638
28639
16241
16243
16242
36602
36123
16244
16245
28640
28641
16246
16248
16247
36604
36125
16249
16250
28642
28643
16251
16253
16252
36606
36127
16254
16255
28644
28645
16256
16258
16257
36608
36129
16259
16260
28646
28647
16261
16263
16262
36610
36131
16264
16265
28648
28649
16266
16268
16267
36612
36133
16269
16270
28650
28651
16271
16273
16272
36614
36135
16274
16275
28652
28653
16276
16278
16277
36616
36137
16279
16280
28654
28655
16281
16283
16282
36618
36139
16284
16285
28656
28657
16286
16288
16287
36620
36141
16289
16290
28658
28659
16291
16293
16292
36622
36143
16294
16295
28660
28661
16296
16298
16297
36624
36145
16299
16300
28662
28663
16301
16303
16302
36626
36147
16304
16305
28664
28665
16306
16308
16307
36628
36149
16309
16310
28666
28667
16311
28635
16313
16315
16314
36630
36151
16316
16312
16317
28669
28670
16318
16320
16319
36632
36153
16321
16322
28671
28672
16323
16325
16324
36634
36155
16326
16327
28673
28674
16328
16330
16329
36636
36157
16331
16332
28675
28676
16333
16335
16334
36638
36159
16336
16337
28677
28678
16338
16340
16339
36640
36161
16341
16342
28679
28680
16343
16345
16344
36642
36163
16346
16347
28681
28682
16348
16350
16349
36644
36165
16351
16352
28683
28684
16353
16355
16354
36646
36167
16356
16357
28685
28686
16358
16360
16359
36648
36169
16361
16362
28687
28688
16363
16365
16364
36650
36171
16366
16367
28689
28690
16368
16370
16369
36652
36173
16371
16372
28691
28692
16373
16375
16374
36654
36175
16376
16377
28693
28694
16378
16380
16379
36656
36177
16381
16382
28695
28696
16383
16385
16384
36658
36179
16386
16387
28697
28698
16388
16390
16389
36660
36181
16391
16392
28699
28700
16393
28668
16395
16397
16396
36662
36183
16398
16394
16399
28702
28703
16400
16402
16401
36664
36185
16403
16404
28704
28705
16405
16407
16406
36666
36187
16408
16409
28706
28707
16410
16412
16411
36668
36189
16413
16414
28708
28709
16415
16417
16416
36670
36191
16418
16419
28710
28711
16420
16422
16421
36672
36193
16423
16424
28712
28713
16425
16427
16426
36674
36195
16428
16429
28714
28715
16430
16432
16431
36676
36197
16433
16434
28716
28717
16435
16437
16436
36678
36199
16438
16439
28718
28719
16440
16442
16441
36680
36201
16443
16444
28720
28721
16445
16447
16446
36682
36203
16448
16449
28722
28723
16450
16452
16451
36684
36205
16453
16454
28724
28725
16455
16457
16456
36686
36207
16458
16459
28726
28727
16460
16462
16461
36688
36209
16463
16464
28728
28729
16465
16467
16466
36690
36211
16468
16469
28730
28731
16470
16472
16471
36692
36213
16473
16474
28732
28733
16475
28701
16477
16479
16478
36694
36215
16480
16476
16481
28735
28736
16482
16484
16483
36696
36217
16485
16486
28737
28738
16487
16489
16488
36698
36219
16490
16491
28739
28740
16492
16494
16493
36700
36221
16495
16496
28741
28742
16497
16499
16498
36702
36223
16500
16501
28743
28744
16502
16504
16503
16505
16506
28745
28746
16507
16509
16508
16510
16511
28747
28748
16512
16514
16513
16515
16516
28749
28750
16517
16519
16518
16520
16521
28751
28752
16522
16524
16523
16525
16526
28753
28754
16527
16529
16528
16530
16531
28755
28756
16532
16534
16533
16535
16536
28757
28758
16537
16539
16538
16540
16541
28759
28760
16542
16544
16543
16545
16546
28761
28762
16547
16549
16548
16550
16551
28763
28764
16552
16554
16553
16555
16556
28765
28766
16557
28734
16559
16561
28257
16560
16562
16558
16563
28768
28769
16564
16566
28260
16565
16567
16568
28770
28771
16569
16571
28263
16570
16572
16573
28772
28773
16574
16576
28266
16575
16577
16578
28774
28775
16579
16581
28269
16580
36279
16582
16583
28776
28777
16584
16586
28272
16585
36275
16587
16588
28778
28779
16589
16591
28275
16590
36271
16592
16593
28780
28781
16594
16596
28278
16595
36267
16597
16598
28782
28783
16599
16601
28281
16600
36263
16602
16603
28784
28785
16604
16606
28284
16605
36259
16607
16608
28786
28787
16609
16611
28287
16610
36255
16612
16613
28788
28789
16614
16616
28290
16615
36251
16617
16618
28790
28791
16619
16621
28293
16620
36247
16622
16623
28792
28793
16624
16626
28296
16625
36243
16627
16628
28794
28795
16629
16631
28299
16630
36239
16632
16633
28796
28797
16634
16636
28302
16635
36235
16637
16638
28798
28799
16639
28767
16644
36231
16646
16641
16642
16643
16645
16640
16647
28802
28803
16651
36227
16653
16648
16649
16650
16652
16654
28805
28806
16658
36704
36225
16660
36706
16655
16656
16657
16659
16661
28808
28809
16665
36708
36229
16667
36710
16662
16663
16664
16666
16668
28811
28812
16672
36712
36233
16674
36714
16669
16670
16671
16673
16675
28814
28815
16679
36716
36237
16681
36718
16676
16677
16678
16680
16682
28817
28818
16686
36720
36241
16688
36722
16683
16684
16685
16687
16689
28820
28821
16693
36724
36245
16695
36726
16690
16691
16692
16694
16696
28823
28824
16700
36728
36249
16702
36730
16697
16698
16699
16701
16703
28826
28827
16707
36732
36253
16709
36734
16704
16705
16706
16708
16710
28829
28830
16714
36736
36257
16716
36738
16711
16712
16713
16715
16717
28832
28833
16721
36740
36261
16723
36742
16718
16719
16720
16722
16724
28835
28836
16728
36744
36265
16730
36746
16725
16726
16727
16729
16731
28838
28839
16735
36748
36269
16737
36750
16732
16733
16734
16736
16738
28841
28842
16742
36752
36273
16744
36754
16739
16740
16741
16743
16745
28844
28845
16749
36756
36277
16751
36758
16746
16747
16748
16750
16752
28847
28848
16753
28800
16755
16757
16756
36760
36281
16758
16754
16759
28850
28851
16760
16762
16761
36762
36283
16763
16764
28852
28853
16765
16767
16766
36764
36285
16768
16769
28854
28855
16770
16772
16771
36766
36287
16773
16774
28856
28857
16775
16777
16776
36768
36289
16778
16779
28858
28859
16780
16782
16781
36770
36291
16783
16784
28860
28861
16785
16787
16786
36772
36293
16788
16789
28862
28863
16790
16792
16791
36774
36295
16793
16794
28864
28865
16795
16797
16796
36776
36297
16798
16799
28866
28867
16800
16802
16801
36778
36299
16803
16804
28868
28869
16805
16807
16806
36780
36301
16808
16809
28870
28871
16810
16812
16811
36782
36303
16813
16814
28872
28873
16815
16817
16816
36784
36305
16818
16819
28874
28875
16820
16822
16821
36786
36307
16823
16824
28876
28877
16825
16827
16826
36788
36309
16828
16829
28878
28879
16830
16832
16831
36790
36311
16833
16834
28880
28881
16835
28849
16837
16839
16838
36792
36313
16840
16836
16841
28883
28884
16842
16844
16843
36794
36315
16845
16846
28885
28886
16847
16849
16848
36796
36317
16850
16851
28887
28888
16852
16854
16853
36798
36319
16855
16856
28889
28890
16857
16859
16858
36800
36321
16860
16861
28891
28892
16862
16864
16863
36802
36323
16865
16866
28893
28894
16867
16869
16868
36804
36325
16870
16871
28895
28896
16872
16874
16873
36806
36327
16875
16876
28897
28898
16877
16879
16878
36808
36329
16880
16881
28899
28900
16882
16884
16883
36810
36331
16885
16886
28901
28902
16887
16889
16888
36812
36333
16890
16891
28903
28904
16892
16894
16893
36814
36335
16895
16896
28905
28906
16897
16899
16898
36816
36337
16900
16901
28907
28908
16902
16904
16903
36818
36339
16905
16906
28909
28910
16907
16909
16908
36820
36341
16910
16911
28911
28912
16912
16914
16913
36822
36343
16915
16916
28913
28914
16917
28882
16919
16921
16920
36824
36345
16922
16918
16923
28916
28917
16924
16926
16925
36826
36347
16927
16928
28918
28919
16929
16931
16930
36828
36349
16932
16933
28920
28921
16934
16936
16935
36830
36351
16937
16938
28922
28923
16939
16941
16940
36832
36353
16942
16943
28924
28925
16944
16946
16945
36834
36355
16947
16948
28926
28927
16949
16951
16950
36836
36357
16952
16953
28928
28929
16954
16956
16955
36838
36359
16957
16958
28930
28931
16959
16961
16960
36840
36361
16962
16963
28932
28933
16964
16966
16965
36842
36363
16967
16968
28934
28935
16969
16971
16970
36844
36365
16972
16973
28936
28937
16974
16976
16975
36846
36367
16977
16978
28938
28939
16979
16981
16980
36848
36369
16982
16983
28940
28941
16984
16986
16985
36850
36371
16987
16988
28942
28943
16989
16991
16990
36852
36373
16992
16993
28944
28945
16994
16996
16995
36854
36375
16997
16998
28946
28947
16999
28915
17001
17003
17002
36856
36377
17004
17000
17005
28949
28950
17006
17008
17007
36858
36379
17009
17010
28951
28952
17011
17013
17012
36860
36381
17014
17015
28953
28954
17016
17018
17017
36862
36383
17019
17020
28955
28956
17021
17023
17022
36864
36385
17024
17025
28957
28958
17026
17028
17027
36866
36387
17029
17030
28959
28960
17031
17033
17032
36868
36389
17034
17035
28961
28962
17036
17038
17037
36870
36391
17039
17040
28963
28964
17041
17043
17042
36872
36393
17044
17045
28965
28966
17046
17048
17047
36874
36395
17049
17050
28967
28968
17051
17053
17052
36876
36397
17054
17055
28969
28970
17056
17058
17057
36878
36399
17059
17060
28971
28972
17061
17063
17062
36880
36401
17064
17065
28973
28974
17066
17068
17067
36882
36403
17069
17070
28975
28976
17071
17073
17072
36884
36405
17074
17075
28977
28978
17076
17078
17077
36886
36407
17079
17080
28979
28980
17081
28948
17083
17085
17084
36888
36409
17086
17082
17087
28982
28983
17088
17090
17089
36890
36411
17091
17092
28984
28985
17093
17095
17094
36892
36413
17096
17097
28986
28987
17098
17100
17099
36894
36415
17101
17102
28988
28989
17103
17105
17104
36896
36417
17106
17107
28990
28991
17108
17110
17109
36898
36419
17111
17112
28992
28993
17113
17115
17114
36900
36421
17116
17117
28994
28995
17118
17120
17119
36902
36423
17121
17122
28996
28997
17123
17125
17124
36904
36425
17126
17127
28998
28999
17128
17130
17129
36906
36427
17131
17132
29000
29001
17133
17135
17134
36908
36429
17136
17137
29002
29003
17138
17140
17139
36910
36431
17141
17142
29004
29005
17143
17145
17144
36912
36433
17146
17147
29006
29007
17148
17150
17149
36914
36435
17151
17152
29008
29009
17153
17155
17154
36916
36437
17156
17157
29010
29011
17158
17160
17159
36918
36439
17161
17162
29012
29013
17163
28981
17165
17167
17166
36920
36441
17168
17164
17169
29015
29016
17170
17172
17171
36922
36443
17173
17174
29017
29018
17175
17177
17176
36924
36445
17178
17179
29019
29020
17180
17182
17181
36926
36447
17183
17184
29021
29022
17185
17187
17186
36928
36449
17188
17189
29023
29024
17190
17192
17191
36930
36451
17193
17194
29025
29026
17195
17197
17196
36932
36453
17198
17199
29027
29028
17200
17202
17201
36934
36455
17203
17204
29029
29030
17205
17207
17206
36936
36457
17208
17209
29031
29032
17210
17212
17211
36938
36459
17213
17214
29033
29034
17215
17217
17216
36940
36461
17218
17219
29035
29036
17220
17222
17221
36942
36463
17223
17224
29037
29038
17225
17227
17226
36944
36465
17228
17229
29039
29040
17230
17232
17231
36946
36467
17233
17234
29041
29042
17235
17237
17236
36948
36469
17238
17239
29043
29044
17240
17242
17241
36950
36471
17243
17244
29045
29046
17245
29014
17247
17249
17248
36952
36473
17250
17246
17251
29048
29049
17252
17254
17253
36954
36475
17255
17256
29050
29051
17257
17259
17258
36956
36477
17260
17261
29052
29053
17262
17264
17263
36958
36479
17265
17266
29054
29055
17267
17269
17268
36960
36481
17270
17271
29056
29057
17272
17274
17273
36962
36483
17275
17276
29058
29059
17277
17279
17278
36964
36485
17280
17281
29060
29061
17282
17284
17283
36966
36487
17285
17286
29062
29063
17287
17289
17288
36968
36489
17290
17291
29064
29065
17292
17294
17293
36970
36491
17295
17296
29066
29067
17297
17299
17298
36972
36493
17300
17301
29068
29069
17302
17304
17303
36974
36495
17305
17306
29070
29071
17307
17309
17308
36976
36497
17310
17311
29072
29073
17312
17314
17313
36978
36499
17315
17316
29074
29075
17317
17319
17318
36980
36501
17320
17321
29076
29077
17322
17324
17323
36982
36503
17325
17326
29078
29079
17327
29047
17329
17331
17330
36984
36505
17332
17328
17333
29081
29082
17334
17336
17335
36986
36507
17337
17338
29083
29084
17339
17341
17340
36988
36509
17342
17343
29085
29086
17344
17346
17345
36990
36511
17347
17348
29087
29088
17349
17351
17350
36992
36513
17352
17353
29089
29090
17354
17356
17355
36994
36515
17357
17358
29091
29092
17359
17361
17360
36996
36517
17362
17363
29093
29094
17364
17366
17365
36998
36519
17367
17368
29095
29096
17369
17371
17370
37000
36521
17372
17373
29097
29098
17374
17376
17375
37002
36523
17377
17378
29099
29100
17379
17381
17380
37004
36525
17382
17383
29101
29102
17384
17386
17385
37006
36527
17387
17388
29103
29104
17389
17391
17390
37008
36529
17392
17393
29105
29106
17394
17396
17395
37010
36531
17397
17398
29107
29108
17399
17401
17400
37012
36533
17402
17403
29109
29110
17404
17406
17405
37014
36535
17407
17408
29111
29112
17409
29080
17411
17413
17412
37016
36537
17414
17410
17415
29114
29115
17416
17418
17417
37018
36539
17419
17420
29116
29117
17421
17423
17422
37020
36541
17424
17425
29118
29119
17426
17428
17427
37022
36543
17429
17430
29120
29121
17431
17433
17432
37024
36545
17434
17435
29122
29123
17436
17438
17437
37026
36547
17439
17440
29124
29125
17441
17443
17442
37028
36549
17444
17445
29126
29127
17446
17448
17447
37030
36551
17449
17450
29128
29129
17451
17453
17452
37032
36553
17454
17455
29130
29131
17456
17458
17457
37034
36555
17459
17460
29132
29133
17461
17463
17462
37036
36557
17464
17465
29134
29135
17466
17468
17467
37038
36559
17469
17470
29136
29137
17471
17473
17472
37040
36561
17474
17475
29138
29139
17476
17478
17477
37042
36563
17479
17480
29140
29141
17481
17483
17482
37044
36565
17484
17485
29142
29143
17486
17488
17487
37046
36567
17489
17490
29144
29145
17491
29113
17493
17495
17494
37048
36569
17496
17492
17497
29147
29148
17498
17500
17499
37050
36571
17501
17502
29149
29150
17503
17505
17504
37052
36573
17506
17507
29151
29152
17508
17510
17509
37054
36575
17511
17512
29153
29154
17513
17515
17514
37056
36577
17516
17517
29155
29156
17518
17520
17519
37058
36579
17521
17522
29157
29158
17523
17525
17524
37060
36581
17526
17527
29159
29160
17528
17530
17529
37062
36583
17531
17532
29161
29162
17533
17535
17534
37064
36585
17536
17537
29163
29164
17538
17540
17539
37066
36587
17541
17542
29165
29166
17543
17545
17544
37068
36589
17546
17547
29167
29168
17548
17550
17549
37070
36591
17551
17552
29169
29170
17553
17555
17554
37072
36593
17556
17557
29171
29172
17558
17560
17559
37074
36595
17561
17562
29173
29174
17563
17565
17564
37076
36597
17566
17567
29175
29176
17568
17570
17569
37078
36599
17571
17572
29177
29178
17573
29146
17575
17577
17576
37080
36601
17578
17574
17579
29180
29181
17580
17582
17581
37082
36603
17583
17584
29182
29183
17585
17587
17586
37084
36605
17588
17589
29184
29185
17590
17592
17591
37086
36607
17593
17594
29186
29187
17595
17597
17596
37088
36609
17598
17599
29188
29189
17600
17602
17601
37090
36611
17603
17604
29190
29191
17605
17607
17606
37092
36613
17608
17609
29192
29193
17610
17612
17611
37094
36615
17613
17614
29194
29195
17615
17617
17616
37096
36617
17618
17619
29196
29197
17620
17622
17621
37098
36619
17623
17624
29198
29199
17625
17627
17626
37100
36621
17628
17629
29200
29201
17630
17632
17631
37102
36623
17633
17634
29202
29203
17635
17637
17636
37104
36625
17638
17639
29204
29205
17640
17642
17641
37106
36627
17643
17644
29206
29207
17645
17647
17646
37108
36629
17648
17649
29208
29209
17650
17652
17651
37110
36631
17653
17654
29210
29211
17655
29179
17657
17659
17658
37112
36633
17660
17656
17661
29213
29214
17662
17664
17663
37114
36635
17665
17666
29215
29216
17667
17669
17668
37116
36637
17670
17671
29217
29218
17672
17674
17673
37118
36639
17675
17676
29219
29220
17677
17679
17678
37120
36641
17680
17681
29221
29222
17682
17684
17683
37122
36643
17685
17686
29223
29224
17687
17689
17688
37124
36645
17690
17691
29225
29226
17692
17694
17693
37126
36647
17695
17696
29227
29228
17697
17699
17698
37128
36649
17700
17701
29229
29230
17702
17704
17703
37130
36651
17705
17706
29231
29232
17707
17709
17708
37132
36653
17710
17711
29233
29234
17712
17714
17713
37134
36655
17715
17716
29235
29236
17717
17719
17718
37136
36657
17720
17721
29237
29238
17722
17724
17723
37138
36659
17725
17726
29239
29240
17727
17729
17728
37140
36661
17730
17731
29241
29242
17732
17734
17733
37142
36663
17735
17736
29243
29244
17737
29212
17739
17741
17740
37144
36665
17742
17738
17743
29246
29247
17744
17746
17745
37146
36667
17747
17748
29248
29249
17749
17751
17750
37148
36669
17752
17753
29250
29251
17754
17756
17755
37150
36671
17757
17758
29252
29253
17759
17761
17760
37152
36673
17762
17763
29254
29255
17764
17766
17765
37154
36675
17767
17768
29256
29257
17769
17771
17770
37156
36677
17772
17773
29258
29259
17774
17776
17775
37158
36679
17777
17778
29260
29261
17779
17781
17780
37160
36681
17782
17783
29262
29263
17784
17786
17785
37162
36683
17787
17788
29264
29265
17789
17791
17790
37164
36685
17792
17793
29266
29267
17794
17796
17795
37166
36687
17797
17798
29268
29269
17799
17801
17800
37168
36689
17802
17803
29270
29271
17804
17806
17805
37170
36691
17807
17808
29272
29273
17809
17811
17810
37172
36693
17812
17813
29274
29275
17814
17816
17815
37174
36695
17817
17818
29276
29277
17819
29245
17821
17823
17822
37176
36697
17824
17820
17825
29279
29280
17826
17828
17827
37178
36699
17829
17830
29281
29282
17831
17833
17832
37180
36701
17834
17835
29283
29284
17836
17838
17837
37182
36703
17839
17840
29285
29286
17841
17843
17842
17844
17845
29287
29288
17846
17848
17847
17849
17850
29289
29290
17851
17853
17852
17854
17855
29291
29292
17856
17858
17857
17859
17860
29293
29294
17861
17863
17862
17864
17865
29295
29296
17866
17868
17867
17869
17870
29297
29298
17871
17873
17872
17874
17875
29299
29300
17876
17878
17877
17879
17880
29301
29302
17881
17883
17882
17884
17885
29303
29304
17886
17888
17887
17889
17890
29305
29306
17891
17893
17892
17894
17895
29307
29308
17896
17898
17897
17899
17900
29309
29310
17901
29278
17903
17905
28801
17904
17906
17902
17907
29312
29313
17908
17910
28804
17909
17911
17912
29314
29315
17913
17915
28807
17914
17916
17917
29316
29317
17918
17920
28810
17919
36761
17921
17922
29318
29319
17923
17925
28813
17924
36757
17926
17927
29320
29321
17928
17930
28816
17929
36753
17931
17932
29322
29323
17933
17935
28819
17934
36749
17936
17937
29324
29325
17938
17940
28822
17939
36745
17941
17942
29326
29327
17943
17945
28825
17944
36741
17946
17947
29328
29329
17948
17950
28828
17949
36737
17951
17952
29330
29331
17953
17955
28831
17954
36733
17956
17957
29332
29333
17958
17960
28834
17959
36729
17961
17962
29334
29335
17963
17965
28837
17964
36725
17966
17967
29336
29337
17968
17970
28840
17969
36721
17971
17972
29338
29339
17973
17975
28843
17974
36717
17976
17977
29340
29341
17978
17980
28846
17979
36713
17981
17982
29342
29343
17983
29311
17988
36709
17990
17985
17986
17987
17989
17984
17991
29346
29347
17995
36705
17997
37184
17992
17993
17994
17996
17998
29349
29350
18002
37186
36707
18004
37188
17999
18000
18001
18003
18005
29352
29353
18009
37190
36711
18011
37192
18006
18007
18008
18010
18012
29355
29356
18016
37194
36715
18018
37196
18013
18014
18015
18017
18019
29358
29359
18023
37198
36719
18025
37200
18020
18021
18022
18024
18026
29361
29362
18030
37202
36723
18032
37204
18027
18028
18029
18031
18033
29364
29365
18037
37206
36727
18039
37208
18034
18035
18036
18038
18040
29367
29368
18044
37210
36731
18046
37212
18041
18042
18043
18045
18047
29370
29371
18051
37214
36735
18053
37216
18048
18049
18050
18052
18054
29373
29374
18058
37218
36739
18060
37220
18055
18056
18057
18059
18061
29376
29377
18065
37222
36743
18067
37224
18062
18063
18064
18066
18068
29379
29380
18072
37226
36747
18074
37228
18069
18070
18071
18073
18075
29382
29383
18079
37230
36751
18081
37232
18076
18077
18078
18080
18082
29385
29386
18086
37234
36755
18088
37236
18083
18084
18085
18087
18089
29388
29389
18093
37238
36759
18095
37240
18090
18091
18092
18094
18096
29391
29392
18097
29344
18099
18101
18100
37242
36763
18102
18098
18103
29394
29395
18104
18106
18105
37244
36765
18107
18108
29396
29397
18109
18111
18110
37246
36767
18112
18113
29398
29399
18114
18116
18115
37248
36769
18117
18118
29400
29401
18119
18121
18120
37250
36771
18122
18123
29402
29403
18124
18126
18125
37252
36773
18127
18128
29404
29405
18129
18131
18130
37254
36775
18132
18133
29406
29407
18134
18136
18135
37256
36777
18137
18138
29408
29409
18139
18141
18140
37258
36779
18142
18143
29410
29411
18144
18146
18145
37260
36781
18147
18148
29412
29413
18149
18151
18150
37262
36783
18152
18153
29414
29415
18154
18156
18155
37264
36785
18157
18158
29416
29417
18159
18161
18160
37266
36787
18162
18163
29418
29419
18164
18166
18165
37268
36789
18167
18168
29420
29421
18169
18171
18170
37270
36791
18172
18173
29422
29423
18174
18176
18175
37272
36793
18177
18178
29424
29425
18179
29393
18181
18183
18182
37274
36795
18184
18180
18185
29427
29428
18186
18188
18187
37276
36797
18189
18190
29429
29430
18191
18193
18192
37278
36799
18194
18195
29431
29432
18196
18198
18197
37280
36801
18199
18200
29433
29434
18201
18203
18202
37282
36803
18204
18205
29435
29436
18206
18208
18207
37284
36805
18209
18210
29437
29438
18211
18213
18212
37286
36807
18214
18215
29439
29440
18216
18218
18217
37288
36809
18219
18220
29441
29442
18221
18223
18222
37290
36811
18224
18225
29443
29444
18226
18228
18227
37292
36813
18229
18230
29445
29446
18231
18233
18232
37294
36815
18234
18235
29447
29448
18236
18238
18237
37296
36817
18239
18240
29449
29450
18241
18243
18242
37298
36819
18244
18245
29451
29452
18246
18248
18247
37300
36821
18249
18250
29453
29454
18251
18253
18252
37302
36823
18254
18255
29455
29456
18256
18258
18257
37304
36825
18259
18260
29457
29458
18261
29426
18263
18265
18264
37306
36827
18266
18262
18267
29460
29461
18268
18270
18269
37308
36829
18271
18272
29462
29463
18273
18275
18274
37310
36831
18276
18277
29464
29465
18278
18280
18279
37312
36833
18281
18282
29466
29467
18283
18285
18284
37314
36835
18286
18287
29468
29469
18288
18290
18289
37316
36837
18291
18292
29470
29471
18293
18295
18294
37318
36839
18296
18297
29472
29473
18298
18300
18299
37320
36841
18301
18302
29474
29475
18303
18305
18304
37322
36843
18306
18307
29476
29477
18308
18310
18309
37324
36845
18311
18312
29478
29479
18313
18315
18314
37326
36847
18316
18317
29480
29481
18318
18320
18319
37328
36849
18321
18322
29482
29483
18323
18325
18324
37330
36851
18326
18327
29484
29485
18328
18330
18329
37332
36853
18331
18332
29486
29487
18333
18335
18334
37334
36855
18336
18337
29488
29489
18338
18340
18339
37336
36857
18341
18342
29490
29491
18343
29459
18345
18347
18346
37338
36859
18348
18344
18349
29493
29494
18350
18352
18351
37340
36861
18353
18354
29495
29496
18355
18357
18356
37342
36863
18358
18359
29497
29498
18360
18362
18361
37344
36865
18363
18364
29499
29500
18365
18367
18366
37346
36867
18368
18369
29501
29502
18370
18372
18371
37348
36869
18373
18374
29503
29504
18375
18377
18376
37350
36871
18378
18379
29505
29506
18380
18382
18381
37352
36873
18383
18384
29507
29508
18385
18387
18386
37354
36875
18388
18389
29509
29510
18390
18392
18391
37356
36877
18393
18394
29511
29512
18395
18397
18396
37358
36879
18398
18399
29513
29514
18400
18402
18401
37360
36881
18403
18404
29515
29516
18405
18407
18406
37362
36883
18408
18409
29517
29518
18410
18412
18411
37364
36885
18413
18414
29519
29520
18415
18417
18416
37366
36887
18418
18419
29521
29522
18420
18422
18421
37368
36889
18423
18424
29523
29524
18425
29492
18427
18429
18428
37370
36891
18430
18426
18431
29526
29527
18432
18434
18433
37372
36893
18435
18436
29528
29529
18437
18439
18438
37374
36895
18440
18441
29530
29531
18442
18444
18443
37376
36897
18445
18446
29532
29533
18447
18449
18448
37378
36899
18450
18451
29534
29535
18452
18454
18453
37380
36901
18455
18456
29536
29537
18457
18459
18458
37382
36903
18460
18461
29538
29539
18462
18464
18463
37384
36905
18465
18466
29540
29541
18467
18469
18468
37386
36907
18470
18471
29542
29543
18472
18474
18473
37388
36909
18475
18476
29544
29545
18477
18479
18478
37390
36911
18480
18481
29546
29547
18482
18484
18483
37392
36913
18485
18486
29548
29549
18487
18489
18488
37394
36915
18490
18491
29550
29551
18492
18494
18493
37396
36917
18495
18496
29552
29553
18497
18499
18498
37398
36919
18500
18501
29554
29555
18502
18504
18503
37400
36921
18505
18506
29556
29557
18507
29525
18509
18511
18510
37402
36923
18512
18508
18513
29559
29560
18514
18516
18515
37404
36925
18517
18518
29561
29562
18519
18521
18520
37406
36927
18522
18523
29563
29564
18524
18526
18525
37408
36929
18527
18528
29565
29566
18529
18531
18530
37410
36931
18532
18533
29567
29568
18534
18536
18535
37412
36933
18537
18538
29569
29570
18539
18541
18540
37414
36935
18542
18543
29571
29572
18544
18546
18545
37416
36937
18547
18548
29573
29574
18549
18551
18550
37418
36939
18552
18553
29575
29576
18554
18556
18555
37420
36941
18557
18558
29577
29578
18559
18561
18560
37422
36943
18562
18563
29579
29580
18564
18566
18565
37424
36945
18567
18568
29581
29582
18569
18571
18570
37426
36947
18572
18573
29583
29584
18574
18576
18575
37428
36949
18577
18578
29585
29586
18579
18581
18580
37430
36951
18582
18583
29587
29588
18584
18586
18585
37432
36953
18587
18588
29589
29590
18589
29558
18591
18593
18592
37434
36955
18594
18590
18595
29592
29593
18596
18598
18597
37436
36957
18599
18600
29594
29595
18601
18603
18602
37438
36959
18604
18605
29596
29597
18606
18608
18607
37440
36961
18609
18610
29598
29599
18611
18613
18612
37442
36963
18614
18615
29600
29601
18616
18618
18617
37444
36965
18619
18620
29602
29603
18621
18623
18622
37446
36967
18624
18625
29604
29605
18626
18628
18627
37448
36969
18629
18630
29606
29607
18631
18633
18632
37450
36971
18634
18635
29608
29609
18636
18638
18637
37452
36973
18639
18640
29610
29611
18641
18643
18642
37454
36975
18644
18645
29612
29613
18646
18648
18647
37456
36977
18649
18650
29614
29615
18651
18653
18652
37458
36979
18654
18655
29616
29617
18656
18658
18657
37460
36981
18659
18660
29618
29619
18661
18663
18662
37462
36983
18664
18665
29620
29621
18666
18668
18667
37464
36985
18669
18670
29622
29623
18671
29591
18673
18675
18674
37466
36987
18676
18672
18677
29625
29626
18678
18680
18679
37468
36989
18681
18682
29627
29628
18683
18685
18684
37470
36991
18686
18687
29629
29630
18688
18690
18689
37472
36993
18691
18692
29631
29632
18693
18695
18694
37474
36995
18696
18697
29633
29634
18698
18700
18699
37476
36997
18701
18702
29635
29636
18703
18705
18704
37478
36999
18706
18707
29637
29638
18708
18710
18709
37480
37001
18711
18712
29639
29640
18713
18715
18714
37482
37003
18716
18717
29641
29642
18718
18720
18719
37484
37005
18721
18722
29643
29644
18723
18725
18724
37486
37007
18726
18727
29645
29646
18728
18730
18729
37488
37009
18731
18732
29647
29648
18733
18735
18734
37490
37011
18736
18737
29649
29650
18738
18740
18739
37492
37013
18741
18742
29651
29652
18743
18745
18744
37494
37015
18746
18747
29653
29654
18748
18750
18749
37496
37017
18751
18752
29655
29656
18753
29624
18755
18757
18756
37498
37019
18758
18754
18759
29658
29659
18760
18762
18761
37500
37021
18763
18764
29660
29661
18765
18767
18766
37502
37023
18768
18769
29662
29663
18770
18772
18771
37504
37025
18773
18774
29664
29665
18775
18777
18776
37506
37027
18778
18779
29666
29667
18780
18782
18781
37508
37029
18783
18784
29668
29669
18785
18787
18786
37510
37031
18788
18789
29670
29671
18790
18792
18791
37512
37033
18793
18794
29672
29673
18795
18797
18796
37514
37035
18798
18799
29674
29675
18800
18802
18801
37516
37037
18803
18804
29676
29677
18805
18807
18806
37518
37039
18808
18809
29678
29679
18810
18812
18811
37520
37041
18813
18814
29680
29681
18815
18817
18816
37522
37043
18818
18819
29682
29683
18820
18822
18821
37524
37045
18823
18824
29684
29685
18825
18827
18826
37526
37047
18828
18829
29686
29687
18830
18832
18831
37528
37049
18833
18834
29688
29689
18835
29657
18837
18839
18838
37530
37051
18840
18836
18841
29691
29692
18842
18844
18843
37532
37053
18845
18846
29693
29694
18847
18849
18848
37534
37055
18850
18851
29695
29696
18852
18854
18853
37536
37057
18855
18856
29697
29698
18857
18859
18858
37538
37059
18860
18861
29699
29700
18862
18864
18863
37540
37061
18865
18866
29701
29702
18867
18869
18868
37542
37063
18870
18871
29703
29704
18872
18874
18873
37544
37065
18875
18876
29705
29706
18877
18879
18878
37546
37067
18880
18881
29707
29708
18882
18884
18883
37548
37069
18885
18886
29709
29710
18887
18889
18888
37550
37071
18890
18891
29711
29712
18892
18894
18893
37552
37073
18895
18896
29713
29714
18897
18899
18898
37554
37075
18900
18901
29715
29716
18902
18904
18903
37556
37077
18905
18906
29717
29718
18907
18909
18908
37558
37079
18910
18911
29719
29720
18912
18914
18913
37560
37081
18915
18916
29721
29722
18917
29690
18919
18921
18920
37562
37083
18922
18918
18923
29724
29725
18924
18926
18925
37564
37085
18927
18928
29726
29727
18929
18931
18930
37566
37087
18932
18933
29728
29729
18934
18936
18935
37568
37089
18937
18938
29730
29731
18939
18941
18940
37570
37091
18942
18943
29732
29733
18944
18946
18945
37572
37093
18947
18948
29734
29735
18949
18951
18950
37574
37095
18952
18953
29736
29737
18954
18956
18955
37576
37097
18957
18958
29738
29739
18959
18961
18960
37578
37099
18962
18963
29740
29741
18964
18966
18965
37580
37101
18967
18968
29742
29743
18969
18971
18970
37582
37103
18972
18973
29744
29745
18974
18976
18975
37584
37105
18977
18978
29746
29747
18979
18981
18980
37586
37107
18982
18983
29748
29749
18984
18986
18985
37588
37109
18987
18988
29750
29751
18989
18991
18990
37590
37111
18992
18993
29752
29753
18994
18996
18995
37592
37113
18997
18998
29754
29755
18999
29723
19001
19003
19002
37594
37115
19004
19000
19005
29757
29758
19006
19008
19007
37596
37117
19009
19010
29759
29760
19011
19013
19012
37598
37119
19014
19015
29761
29762
19016
19018
19017
37600
37121
19019
19020
29763
29764
19021
19023
19022
37602
37123
19024
19025
29765
29766
19026
19028
19027
37604
37125
19029
19030
29767
29768
19031
19033
19032
37606
37127
19034
19035
29769
29770
19036
19038
19037
37608
37129
19039
19040
29771
29772
19041
19043
19042
37610
37131
19044
19045
29773
29774
19046
19048
19047
37612
37133
19049
19050
29775
29776
19051
19053
19052
37614
37135
19054
19055
29777
29778
19056
19058
19057
37616
37137
19059
19060
29779
29780
19061
19063
19062
37618
37139
19064
19065
29781
29782
19066
19068
19067
37620
37141
19069
19070
29783
29784
19071
19073
19072
37622
37143
19074
19075
29785
29786
19076
19078
19077
37624
37145
19079
19080
29787
29788
19081
29756
19083
19085
19084
37626
37147
19086
19082
19087
29790
29791
19088
19090
19089
37628
37149
19091
19092
29792
29793
19093
19095
19094
37630
37151
19096
19097
29794
29795
19098
19100
19099
37632
37153
19101
19102
29796
29797
19103
19105
19104
37634
37155
19106
19107
29798
29799
19108
19110
19109
37636
37157
19111
19112
29800
29801
19113
19115
19114
37638
37159
19116
19117
29802
29803
19118
19120
19119
37640
37161
19121
19122
29804
29805
19123
19125
19124
37642
37163
19126
19127
29806
29807
19128
19130
19129
37644
37165
19131
19132
29808
29809
19133
19135
19134
37646
37167
19136
19137
29810
29811
19138
19140
19139
37648
37169
19141
19142
29812
29813
19143
19145
19144
37650
37171
19146
19147
29814
29815
19148
19150
19149
37652
37173
19151
19152
29816
29817
19153
19155
19154
37654
37175
19156
19157
29818
29819
19158
19160
19159
37656
37177
19161
19162
29820
29821
19163
29789
19165
19167
19166
37658
37179
19168
19164
19169
29823
29824
19170
19172
19171
37660
37181
19173
19174
29825
29826
19175
19177
19176
37662
37183
19178
19179
29827
29828
19180
19182
19181
19183
19184
29829
29830
19185
19187
19186
19188
19189
29831
29832
19190
19192
19191
19193
19194
29833
29834
19195
19197
19196
19198
19199
29835
29836
19200
19202
19201
19203
19204
29837
29838
19205
19207
19206
19208
19209
29839
29840
19210
19212
19211
19213
19214
29841
29842
19215
19217
19216
19218
19219
29843
29844
19220
19222
19221
19223
19224
29845
29846
19225
19227
19226
19228
19229
29847
29848
19230
19232
19231
19233
19234
29849
29850
19235
19237
19236
19238
19239
29851
29852
19240
19242
19241
19243
19244
29853
29854
19245
29822
19247
19249
29345
19248
19250
19246
19251
29856
29857
19252
19254
29348
19253
19255
19256
29858
29859
19257
19259
29351
19258
37243
19260
19261
29860
29861
19262
19264
29354
19263
37239
19265
19266
29862
29863
19267
19269
29357
19268
37235
19270
19271
29864
29865
19272
19274
29360
19273
37231
19275
19276
29866
29867
19277
19279
29363
19278
37227
19280
19281
29868
29869
19282
19284
29366
19283
37223
19285
19286
29870
29871
19287
19289
29369
19288
37219
19290
19291
29872
29873
19292
19294
29372
19293
37215
19295
19296
29874
29875
19297
19299
29375
19298
37211
19300
19301
29876
29877
19302
19304
29378
19303
37207
19305
19306
29878
29879
19307
19309
29381
19308
37203
19310
19311
29880
29881
19312
19314
29384
19313
37199
19315
19316
29882
29883
19317
19319
29387
19318
37195
19320
19321
29884
29885
19322
19324
29390
19323
37191
19325
19326
29886
29887
19327
29855
19332
37187
19334
19329
19330
19331
19333
19328
19335
29890
29891
19339
37664
37185
19341
37666
19336
19337
19338
19340
19342
29893
29894
19346
37668
37189
19348
37670
19343
19344
19345
19347
19349
29896
29897
19353
37672
37193
19355
37674
19350
19351
19352
19354
19356
29899
29900
19360
37676
37197
19362
37678
19357
19358
19359
19361
19363
29902
29903
19367
37680
37201
19369
37682
19364
19365
19366
19368
19370
29905
29906
19374
37684
37205
19376
37686
19371
19372
19373
19375
19377
29908
29909
19381
37688
37209
19383
37690
19378
19379
19380
19382
19384
29911
29912
19388
37692
37213
19390
37694
19385
19386
19387
19389
19391
29914
29915
19395
37696
37217
19397
37698
19392
19393
19394
19396
19398
29917
29918
19402
37700
37221
19404
37702
19399
19400
19401
19403
19405
29920
29921
19409
37704
37225
19411
37706
19406
19407
19408
19410
19412
29923
29924
19416
37708
37229
19418
37710
19413
19414
19415
19417
19419
29926
29927
19423
37712
37233
19425
37714
19420
19421
19422
19424
19426
29929
29930
19430
37716
37237
19432
37718
19427
19428
19429
19431
19433
29932
29933
19437
37720
37241
19439
37722
19434
19435
19436
19438
19440
29935
29936
19441
29888
19443
19445
19444
37724
37245
19446
19442
19447
29938
29939
19448
19450
19449
37726
37247
19451
19452
29940
29941
19453
19455
19454
37728
37249
19456
19457
29942
29943
19458
19460
19459
37730
37251
19461
19462
29944
29945
19463
19465
19464
37732
37253
19466
19467
29946
29947
19468
19470
19469
37734
37255
19471
19472
29948
29949
19473
19475
19474
37736
37257
19476
19477
29950
29951
19478
19480
19479
37738
37259
19481
19482
29952
29953
19483
19485
19484
37740
37261
19486
19487
29954
29955
19488
19490
19489
37742
37263
19491
19492
29956
29957
19493
19495
19494
37744
37265
19496
19497
29958
29959
19498
19500
19499
37746
37267
19501
19502
29960
29961
19503
19505
19504
37748
37269
19506
19507
29962
29963
19508
19510
19509
37750
37271
19511
19512
29964
29965
19513
19515
19514
37752
37273
19516
19517
29966
29967
19518
19520
19519
37754
37275
19521
19522
29968
29969
19523
29937
19525
19527
19526
37756
37277
19528
19524
19529
29971
29972
19530
19532
19531
37758
37279
19533
19534
29973
29974
19535
19537
19536
37760
37281
19538
19539
29975
29976
19540
19542
19541
37762
37283
19543
19544
29977
29978
19545
19547
19546
37764
37285
19548
19549
29979
29980
19550
19552
19551
37766
37287
19553
19554
29981
29982
19555
19557
19556
37768
37289
19558
19559
29983
29984
19560
19562
19561
37770
37291
19563
19564
29985
29986
19565
19567
19566
37772
37293
19568
19569
29987
29988
19570
19572
19571
37774
37295
19573
19574
29989
29990
19575
19577
19576
37776
37297
19578
19579
29991
29992
19580
19582
19581
37778
37299
19583
19584
29993
29994
19585
19587
19586
37780
37301
19588
19589
29995
29996
19590
19592
19591
37782
37303
19593
19594
29997
29998
19595
19597
19596
37784
37305
19598
19599
29999
30000
19600
19602
19601
37786
37307
19603
19604
30001
30002
19605
29970
19607
19609
19608
37788
37309
19610
19606
19611
30004
30005
19612
19614
19613
37790
37311
19615
19616
30006
30007
19617
19619
19618
37792
37313
19620
19621
30008
30009
19622
19624
19623
37794
37315
19625
19626
30010
30011
19627
19629
19628
37796
37317
19630
19631
30012
30013
19632
19634
19633
37798
37319
19635
19636
30014
30015
19637
19639
19638
37800
37321
19640
19641
30016
30017
19642
19644
19643
37802
37323
19645
19646
30018
30019
19647
19649
19648
37804
37325
19650
19651
30020
30021
19652
19654
19653
37806
37327
19655
19656
30022
30023
19657
19659
19658
37808
37329
19660
19661
30024
30025
19662
19664
19663
37810
37331
19665
19666
30026
30027
19667
19669
19668
37812
37333
19670
19671
30028
30029
19672
19674
19673
37814
37335
19675
19676
30030
30031
19677
19679
19678
37816
37337
19680
19681
30032
30033
19682
19684
19683
37818
37339
19685
19686
30034
30035
19687
30003
19689
19691
19690
37820
37341
19692
19688
19693
30037
30038
19694
19696
19695
37822
37343
19697
19698
30039
30040
19699
19701
19700
37824
37345
19702
19703
30041
30042
19704
19706
19705
37826
37347
19707
19708
30043
30044
19709
19711
19710
37828
37349
19712
19713
30045
30046
19714
19716
19715
37830
37351
19717
19718
30047
30048
19719
19721
19720
37832
37353
19722
19723
30049
30050
19724
19726
19725
37834
37355
19727
19728
30051
30052
19729
19731
19730
37836
37357
19732
19733
30053
30054
19734
19736
19735
37838
37359
19737
19738
30055
30056
19739
19741
19740
37840
37361
19742
19743
30057
30058
19744
19746
19745
37842
37363
19747
19748
30059
30060
19749
19751
19750
37844
37365
19752
19753
30061
30062
19754
19756
19755
37846
37367
19757
19758
30063
30064
19759
19761
19760
37848
37369
19762
19763
30065
30066
19764
19766
19765
37850
37371
19767
19768
30067
30068
19769
30036
19771
19773
19772
37852
37373
19774
19770
19775
30070
30071
19776
19778
19777
37854
37375
19779
19780
30072
30073
19781
19783
19782
37856
37377
19784
19785
30074
30075
19786
19788
19787
37858
37379
19789
19790
30076
30077
19791
19793
19792
37860
37381
19794
19795
30078
30079
19796
19798
19797
37862
37383
19799
19800
30080
30081
19801
19803
19802
37864
37385
19804
19805
30082
30083
19806
19808
19807
37866
37387
19809
19810
30084
30085
19811
19813
19812
37868
37389
19814
19815
30086
30087
19816
19818
19817
37870
37391
19819
19820
30088
30089
19821
19823
19822
37872
37393
19824
19825
30090
30091
19826
19828
19827
37874
37395
19829
19830
30092
30093
19831
19833
19832
37876
37397
19834
19835
30094
30095
19836
19838
19837
37878
37399
19839
19840
30096
30097
19841
19843
19842
37880
37401
19844
19845
30098
30099
19846
19848
19847
37882
37403
19849
19850
30100
30101
19851
30069
19853
19855
19854
37884
37405
19856
19852
19857
30103
30104
19858
19860
19859
37886
37407
19861
19862
30105
30106
19863
19865
19864
37888
37409
19866
19867
30107
30108
19868
19870
19869
37890
37411
19871
19872
30109
30110
19873
19875
19874
37892
37413
19876
19877
30111
30112
19878
19880
19879
37894
37415
19881
19882
30113
30114
19883
19885
19884
37896
37417
19886
19887
30115
30116
19888
19890
19889
37898
37419
19891
19892
30117
30118
19893
19895
19894
37900
37421
19896
19897
30119
30120
19898
19900
19899
37902
37423
19901
19902
30121
30122
19903
19905
19904
37904
37425
19906
19907
30123
30124
19908
19910
19909
37906
37427
19911
19912
30125
30126
19913
19915
19914
37908
37429
19916
19917
30127
30128
19918
19920
19919
37910
37431
19921
19922
30129
30130
19923
19925
19924
37912
37433
19926
19927
30131
30132
19928
19930
19929
37914
37435
19931
19932
30133
30134
19933
30102
19935
19937
19936
37916
37437
19938
19934
19939
30136
30137
19940
19942
19941
37918
37439
19943
19944
30138
30139
19945
19947
19946
37920
37441
19948
19949
30140
30141
19950
19952
19951
37922
37443
19953
19954
30142
30143
19955
19957
19956
37924
37445
19958
19959
30144
30145
19960
19962
19961
37926
37447
19963
19964
30146
30147
19965
19967
19966
37928
37449
19968
19969
30148
30149
19970
19972
19971
37930
37451
19973
19974
30150
30151
19975
19977
19976
37932
37453
19978
19979
30152
30153
19980
19982
19981
37934
37455
19983
19984
30154
30155
19985
19987
19986
37936
37457
19988
19989
30156
30157
19990
19992
19991
37938
37459
19993
19994
30158
30159
19995
19997
19996
37940
37461
19998
19999
30160
30161
20000
20002
20001
37942
37463
20003
20004
30162
30163
20005
20007
20006
37944
37465
20008
20009
30164
30165
20010
20012
20011
37946
37467
20013
20014
30166
30167
20015
30135
20017
20019
20018
37948
37469
20020
20016
20021
30169
30170
20022
20024
20023
37950
37471
20025
20026
30171
30172
20027
20029
20028
37952
37473
20030
20031
30173
30174
20032
20034
20033
37954
37475
20035
20036
30175
30176
20037
20039
20038
37956
37477
20040
20041
30177
30178
20042
20044
20043
37958
37479
20045
20046
30179
30180
20047
20049
20048
37960
37481
20050
20051
30181
30182
20052
20054
20053
37962
37483
20055
20056
30183
30184
20057
20059
20058
37964
37485
20060
20061
30185
30186
20062
20064
20063
37966
37487
20065
20066
30187
30188
20067
20069
20068
37968
37489
20070
20071
30189
30190
20072
20074
20073
37970
37491
20075
20076
30191
30192
20077
20079
20078
37972
37493
20080
20081
30193
30194
20082
20084
20083
37974
37495
20085
20086
30195
30196
20087
20089
20088
37976
37497
20090
20091
30197
30198
20092
20094
20093
37978
37499
20095
20096
30199
30200
20097
30168
20099
20101
20100
37980
37501
20102
20098
20103
30202
30203
20104
20106
20105
37982
37503
20107
20108
30204
30205
20109
20111
20110
37984
37505
20112
20113
30206
30207
20114
20116
20115
37986
37507
20117
20118
30208
30209
20119
20121
20120
37988
37509
20122
20123
30210
30211
20124
20126
20125
37990
37511
20127
20128
30212
30213
20129
20131
20130
37992
37513
20132
20133
30214
30215
20134
20136
20135
37994
37515
20137
20138
30216
30217
20139
20141
20140
37996
37517
20142
20143
30218
30219
20144
20146
20145
37998
37519
20147
20148
30220
30221
20149
20151
20150
38000
37521
20152
20153
30222
30223
20154
20156
20155
38002
37523
20157
20158
30224
30225
20159
20161
20160
38004
37525
20162
20163
30226
30227
20164
20166
20165
38006
37527
20167
20168
30228
30229
20169
20171
20170
38008
37529
20172
20173
30230
30231
20174
20176
20175
38010
37531
20177
20178
30232
30233
20179
30201
20181
20183
20182
38012
37533
20184
20180
20185
30235
30236
20186
20188
20187
38014
37535
20189
20190
30237
30238
20191
20193
20192
38016
37537
20194
20195
30239
30240
20196
20198
20197
38018
37539
20199
20200
30241
30242
20201
20203
20202
38020
37541
20204
20205
30243
30244
20206
20208
20207
38022
37543
20209
20210
30245
30246
20211
20213
20212
38024
37545
20214
20215
30247
30248
20216
20218
20217
38026
37547
20219
20220
30249
30250
20221
20223
20222
38028
37549
20224
20225
30251
30252
20226
20228
20227
38030
37551
20229
20230
30253
30254
20231
20233
20232
38032
37553
20234
20235
30255
30256
20236
20238
20237
38034
37555
20239
20240
30257
30258
20241
20243
20242
38036
37557
20244
20245
30259
30260
20246
20248
20247
38038
37559
20249
20250
30261
30262
20251
20253
20252
38040
37561
20254
20255
30263
30264
20256
20258
20257
38042
37563
20259
20260
30265
30266
20261
30234
20263
20265
20264
38044
37565
20266
20262
20267
30268
30269
20268
20270
20269
38046
37567
20271
20272
30270
30271
20273
20275
20274
38048
37569
20276
20277
30272
30273
20278
20280
20279
38050
37571
20281
20282
30274
30275
20283
20285
20284
38052
37573
20286
20287
30276
30277
20288
20290
20289
38054
37575
20291
20292
30278
30279
20293
20295
20294
38056
37577
20296
20297
30280
30281
20298
20300
20299
38058
37579
20301
20302
30282
30283
20303
20305
20304
38060
37581
20306
20307
30284
30285
20308
20310
20309
38062
37583
20311
20312
30286
30287
20313
20315
20314
38064
37585
20316
20317
30288
30289
20318
20320
20319
38066
37587
20321
20322
30290
30291
20323
20325
20324
38068
37589
20326
20327
30292
30293
20328
20330
20329
38070
37591
20331
20332
30294
30295
20333
20335
20334
38072
37593
20336
20337
30296
30297
20338
20340
20339
38074
37595
20341
20342
30298
30299
20343
30267
20345
20347
20346
38076
37597
20348
20344
20349
30301
30302
20350
20352
20351
38078
37599
20353
20354
30303
30304
20355
20357
20356
38080
37601
20358
20359
30305
30306
20360
20362
20361
38082
37603
20363
20364
30307
30308
20365
20367
20366
38084
37605
20368
20369
30309
30310
20370
20372
20371
38086
37607
20373
20374
30311
30312
20375
20377
20376
38088
37609
20378
20379
30313
30314
20380
20382
20381
38090
37611
20383
20384
30315
30316
20385
20387
20386
38092
37613
20388
20389
30317
30318
20390
20392
20391
38094
37615
20393
20394
30319
30320
20395
20397
20396
38096
37617
20398
20399
30321
30322
20400
20402
20401
38098
37619
20403
20404
30323
30324
20405
20407
20406
38100
37621
20408
20409
30325
30326
20410
20412
20411
38102
37623
20413
20414
30327
30328
20415
20417
20416
38104
37625
20418
20419
30329
30330
20420
20422
20421
38106
37627
20423
20424
30331
30332
20425
30300
20427
20429
20428
38108
37629
20430
20426
20431
30334
30335
20432
20434
20433
38110
37631
20435
20436
30336
30337
20437
20439
20438
38112
37633
20440
20441
30338
30339
20442
20444
20443
38114
37635
20445
20446
30340
30341
20447
20449
20448
38116
37637
20450
20451
30342
30343
20452
20454
20453
38118
37639
20455
20456
30344
30345
20457
20459
20458
38120
37641
20460
20461
30346
30347
20462
20464
20463
38122
37643
20465
20466
30348
30349
20467
20469
20468
38124
37645
20470
20471
30350
30351
20472
20474
20473
38126
37647
20475
20476
30352
30353
20477
20479
20478
38128
37649
20480
20481
30354
30355
20482
20484
20483
38130
37651
20485
20486
30356
30357
20487
20489
20488
38132
37653
20490
20491
30358
30359
20492
20494
20493
38134
37655
20495
20496
30360
30361
20497
20499
20498
38136
37657
20500
20501
30362
30363
20502
20504
20503
38138
37659
20505
20506
30364
30365
20507
30333
20509
20511
20510
38140
37661
20512
20508
20513
30367
30368
20514
20516
20515
38142
37663
20517
20518
30369
30370
20519
20521
20520
20522
20523
30371
30372
20524
20526
20525
20527
20528
30373
30374
20529
20531
20530
20532
20533
30375
30376
20534
20536
20535
20537
20538
30377
30378
20539
20541
20540
20542
20543
30379
30380
20544
20546
20545
20547
20548
30381
30382
20549
20551
20550
20552
20553
30383
30384
20554
20556
20555
20557
20558
30385
30386
20559
20561
20560
20562
20563
30387
30388
20564
20566
20565
20567
20568
30389
30390
20569
20571
20570
20572
20573
30391
30392
20574
20576
20575
20577
20578
30393
30394
20579
20581
20580
20582
20583
30395
30396
20584
20586
20585
20587
20588
30397
30398
20589
30366
20591
20593
29889
20592
20594
20590
20595
30400
30401
20596
20598
29892
20597
37725
20599
20600
30402
30403
20601
20603
29895
20602
37721
20604
20605
30404
30405
20606
20608
29898
20607
37717
20609
20610
30406
30407
20611
20613
29901
20612
37713
20614
20615
30408
30409
20616
20618
29904
20617
37709
20619
20620
30410
30411
20621
20623
29907
20622
37705
20624
20625
30412
30413
20626
20628
29910
20627
37701
20629
20630
30414
30415
20631
20633
29913
20632
37697
20634
20635
30416
30417
20636
20638
29916
20637
37693
20639
20640
30418
30419
20641
20643
29919
20642
37689
20644
20645
30420
30421
20646
20648
29922
20647
37685
20649
20650
30422
30423
20651
20653
29925
20652
37681
20654
20655
30424
30425
20656
20658
29928
20657
37677
20659
20660
30426
30427
20661
20663
29931
20662
37673
20664
20665
30428
30429
20666
20668
29934
20667
37669
20669
20670
30430
30431
20671
30399
20676
37665
20678
22018
20673
20674
20675
20677
20672
20679
30434
30435
20683
38144
37667
20685
22022
20680
20681
20682
20684
20686
30437
30438
20690
38146
37671
20692
22026
20687
20688
20689
20691
20693
30440
30441
20697
38148
37675
20699
22030
20694
20695
20696
20698
20700
30443
30444
20704
38150
37679
20706
22034
20701
20702
20703
20705
20707
30446
30447
20711
38152
37683
20713
22038
20708
20709
20710
20712
20714
30449
30450
20718
38154
37687
20720
22042
20715
20716
20717
20719
20721
30452
30453
20725
38156
37691
20727
22046
20722
20723
20724
20726
20728
30455
30456
20732
38158
37695
20734
22050
20729
20730
20731
20733
20735
30458
30459
20739
38160
37699
20741
22054
20736
20737
20738
20740
20742
30461
30462
20746
38162
37703
20748
22058
20743
20744
20745
20747
20749
30464
30465
20753
38164
37707
20755
22062
20750
20751
20752
20754
20756
30467
30468
20760
38166
37711
20762
22066
20757
20758
20759
20761
20763
30470
30471
20767
38168
37715
20769
22070
20764
20765
20766
20768
20770
30473
30474
20774
38170
37719
20776
22074
20771
20772
20773
20775
20777
30476
30477
20781
38172
37723
20783
22078
20778
20779
20780
20782
20784
30479
30480
20785
30432
20787
20789
20788
38174
37727
20790
22082
20786
20791
30482
30483
20792
20794
20793
37729
20795
22085
20796
30484
30485
20797
20799
20798
37731
20800
22088
20801
30486
30487
20802
20804
20803
37733
20805
22091
20806
30488
30489
20807
20809
20808
37735
20810
22094
20811
30490
30491
20812
20814
20813
37737
20815
22097
20816
30492
30493
20817
20819
20818
37739
20820
22100
20821
30494
30495
20822
20824
20823
37741
20825
22103
20826
30496
30497
20827
20829
20828
37743
20830
22106
20831
30498
30499
20832
20834
20833
37745
20835
22109
20836
30500
30501
20837
20839
20838
37747
20840
22112
20841
30502
30503
20842
20844
20843
37749
20845
22115
20846
30504
30505
20847
20849
20848
37751
20850
22118
20851
30506
30507
20852
20854
20853
37753
20855
22121
20856
30508
30509
20857
20859
20858
37755
20860
22124
20861
30510
30511
20862
20864
20863
37757
20865
22127
20866
30512
30513
20867
30481
20869
20871
20870
37759
20872
22131
20868
20873
30515
30516
20874
20876
20875
37761
20877
22134
20878
30517
30518
20879
20881
20880
37763
20882
22137
20883
30519
30520
20884
20886
20885
37765
20887
22140
20888
30521
30522
20889
20891
20890
37767
20892
22143
20893
30523
30524
20894
20896
20895
37769
20897
22146
20898
30525
30526
20899
20901
20900
37771
20902
22149
20903
30527
30528
20904
20906
20905
37773
20907
22152
20908
30529
30530
20909
20911
20910
37775
20912
22155
20913
30531
30532
20914
20916
20915
37777
20917
22158
20918
30533
30534
20919
20921
20920
37779
20922
22161
20923
30535
30536
20924
20926
20925
37781
20927
22164
20928
30537
30538
20929
20931
20930
37783
20932
22167
20933
30539
30540
20934
20936
20935
37785
20937
22170
20938
30541
30542
20939
20941
20940
37787
20942
22173
20943
30543
30544
20944
20946
20945
37789
20947
22176
20948
30545
30546
20949
30514
20951
20953
20952
37791
20954
22180
20950
20955
30548
30549
20956
20958
20957
37793
20959
22183
20960
30550
30551
20961
20963
20962
37795
20964
22186
20965
30552
30553
20966
20968
20967
37797
20969
22189
20970
30554
30555
20971
20973
20972
37799
20974
22192
20975
30556
30557
20976
20978
20977
37801
20979
22195
20980
30558
30559
20981
20983
20982
37803
20984
22198
20985
30560
30561
20986
20988
20987
37805
20989
22201
20990
30562
30563
20991
20993
20992
37807
20994
22204
20995
30564
30565
20996
20998
20997
37809
20999
22207
21000
30566
30567
21001
21003
21002
37811
21004
22210
21005
30568
30569
21006
21008
21007
37813
21009
22213
21010
30570
30571
21011
21013
21012
37815
21014
22216
21015
30572
30573
21016
21018
21017
37817
21019
22219
21020
30574
30575
21021
21023
21022
37819
21024
22222
21025
30576
30577
21026
21028
21027
37821
21029
22225
21030
30578
30579
21031
30547
21033
21035
21034
37823
21036
22229
21032
21037
30581
30582
21038
21040
21039
37825
21041
22232
21042
30583
30584
21043
21045
21044
37827
21046
22235
21047
30585
30586
21048
21050
21049
37829
21051
22238
21052
30587
30588
21053
21055
21054
37831
21056
22241
21057
30589
30590
21058
21060
21059
37833
21061
22244
21062
30591
30592
21063
21065
21064
37835
21066
22247
21067
30593
30594
21068
21070
21069
37837
21071
22250
21072
30595
30596
21073
21075
21074
37839
21076
22253
21077
30597
30598
21078
21080
21079
37841
21081
22256
21082
30599
30600
21083
21085
21084
37843
21086
22259
21087
30601
30602
21088
21090
21089
37845
21091
22262
21092
30603
30604
21093
21095
21094
37847
21096
22265
21097
30605
30606
21098
21100
21099
37849
21101
22268
21102
30607
30608
21103
21105
21104
37851
21106
22271
21107
30609
30610
21108
21110
21109
37853
21111
22274
21112
30611
30612
21113
30580
21115
21117
21116
37855
21118
22278
21114
21119
30614
30615
21120
21122
21121
37857
21123
22281
21124
30616
30617
21125
21127
21126
37859
21128
22284
21129
30618
30619
21130
21132
21131
37861
21133
22287
21134
30620
30621
21135
21137
21136
37863
21138
22290
21139
30622
30623
21140
21142
21141
37865
21143
22293
21144
30624
30625
21145
21147
21146
37867
21148
22296
21149
30626
30627
21150
21152
21151
37869
21153
22299
21154
30628
30629
21155
21157
21156
37871
21158
22302
21159
30630
30631
21160
21162
21161
37873
21163
22305
21164
30632
30633
21165
21167
21166
37875
21168
22308
21169
30634
30635
21170
21172
21171
37877
21173
22311
21174
30636
30637
21175
21177
21176
37879
21178
22314
21179
30638
30639
21180
21182
21181
37881
21183
22317
21184
30640
30641
21185
21187
21186
37883
21188
22320
21189
30642
30643
21190
21192
21191
37885
21193
22323
21194
30644
30645
21195
30613
21197
21199
21198
37887
21200
22327
21196
21201
30647
30648
21202
21204
21203
37889
21205
22330
21206
30649
30650
21207
21209
21208
37891
21210
22333
21211
30651
30652
21212
21214
21213
37893
21215
22336
21216
30653
30654
21217
21219
21218
37895
21220
22339
21221
30655
30656
21222
21224
21223
37897
21225
22342
21226
30657
30658
21227
21229
21228
37899
21230
22345
21231
30659
30660
21232
21234
21233
37901
21235
22348
21236
30661
30662
21237
21239
21238
37903
21240
22351
21241
30663
30664
21242
21244
21243
37905
21245
22354
21246
30665
30666
21247
21249
21248
37907
21250
22357
21251
30667
30668
21252
21254
21253
37909
21255
22360
21256
30669
30670
21257
21259
21258
37911
21260
22363
21261
30671
30672
21262
21264
21263
37913
21265
22366
21266
30673
30674
21267
21269
21268
37915
21270
22369
21271
30675
30676
21272
21274
21273
37917
21275
22372
21276
30677
30678
21277
30646
21279
21281
21280
37919
21282
22376
21278
21283
30680
30681
21284
21286
21285
37921
21287
22379
21288
30682
30683
21289
21291
21290
37923
21292
22382
21293
30684
30685
21294
21296
21295
37925
21297
22385
21298
30686
30687
21299
21301
21300
37927
21302
22388
21303
30688
30689
21304
21306
21305
37929
21307
22391
21308
30690
30691
21309
21311
21310
37931
21312
22394
21313
30692
30693
21314
21316
21315
37933
21317
22397
21318
30694
30695
21319
21321
21320
37935
21322
22400
21323
30696
30697
21324
21326
21325
37937
21327
22403
21328
30698
30699
21329
21331
21330
37939
21332
22406
21333
30700
30701
21334
21336
21335
37941
21337
22409
21338
30702
30703
21339
21341
21340
37943
21342
22412
21343
30704
30705
21344
21346
21345
37945
21347
22415
21348
30706
30707
21349
21351
21350
37947
21352
22418
21353
30708
30709
21354
21356
21355
37949
21357
22421
21358
30710
30711
21359
30679
21361
21363
21362
37951
21364
22425
21360
21365
30713
30714
21366
21368
21367
37953
21369
22428
21370
30715
30716
21371
21373
21372
37955
21374
22431
21375
30717
30718
21376
21378
21377
37957
21379
22434
21380
30719
30720
21381
21383
21382
37959
21384
22437
21385
30721
30722
21386
21388
21387
37961
21389
22440
21390
30723
30724
21391
21393
21392
37963
21394
22443
21395
30725
30726
21396
21398
21397
37965
21399
22446
21400
30727
30728
21401
21403
21402
37967
21404
22449
21405
30729
30730
21406
21408
21407
37969
21409
22452
21410
30731
30732
21411
21413
21412
37971
21414
22455
21415
30733
30734
21416
21418
21417
37973
21419
22458
21420
30735
30736
21421
21423
21422
37975
21424
22461
21425
30737
30738
21426
21428
21427
37977
21429
22464
21430
30739
30740
21431
21433
21432
37979
21434
22467
21435
30741
30742
21436
21438
21437
37981
21439
22470
21440
30743
30744
21441
30712
21443
21445
21444
37983
21446
22474
21442
21447
30746
30747
21448
21450
21449
37985
21451
22477
21452
30748
30749
21453
21455
21454
37987
21456
22480
21457
30750
30751
21458
21460
21459
37989
21461
22483
21462
30752
30753
21463
21465
21464
37991
21466
22486
21467
30754
30755
21468
21470
21469
37993
21471
22489
21472
30756
30757
21473
21475
21474
37995
21476
22492
21477
30758
30759
21478
21480
21479
37997
21481
22495
21482
30760
30761
21483
21485
21484
37999
21486
22498
21487
30762
30763
21488
21490
21489
38001
21491
22501
21492
30764
30765
21493
21495
21494
38003
21496
22504
21497
30766
30767
21498
21500
21499
38005
21501
22507
21502
30768
30769
21503
21505
21504
38007
21506
22510
21507
30770
30771
21508
21510
21509
38009
21511
22513
21512
30772
30773
21513
21515
21514
38011
21516
22516
21517
30774
30775
21518
21520
21519
38013
21521
22519
21522
30776
30777
21523
30745
21525
21527
21526
38015
21528
22523
21524
21529
30779
30780
21530
21532
21531
38017
21533
22526
21534
30781
30782
21535
21537
21536
38019
21538
22529
21539
30783
30784
21540
21542
21541
38021
21543
22532
21544
30785
30786
21545
21547
21546
38023
21548
22535
21549
30787
30788
21550
21552
21551
38025
21553
22538
21554
30789
30790
21555
21557
21556
38027
21558
22541
21559
30791
30792
21560
21562
21561
38029
21563
22544
21564
30793
30794
21565
21567
21566
38031
21568
22547
21569
30795
30796
21570
21572
21571
38033
21573
22550
21574
30797
30798
21575
21577
21576
38035
21578
22553
21579
30799
30800
21580
21582
21581
38037
21583
22556
21584
30801
30802
21585
21587
21586
38039
21588
22559
21589
30803
30804
21590
21592
21591
38041
21593
22562
21594
30805
30806
21595
21597
21596
38043
21598
22565
21599
30807
30808
21600
21602
21601
38045
21603
22568
21604
30809
30810
21605
30778
21607
21609
21608
38047
21610
22572
21606
21611
30812
30813
21612
21614
21613
38049
21615
22575
21616
30814
30815
21617
21619
21618
38051
21620
22578
21621
30816
30817
21622
21624
21623
38053
21625
22581
21626
30818
30819
21627
21629
21628
38055
21630
22584
21631
30820
30821
21632
21634
21633
38057
21635
22587
21636
30822
30823
21637
21639
21638
38059
21640
22590
21641
30824
30825
21642
21644
21643
38061
21645
22593
21646
30826
30827
21647
21649
21648
38063
21650
22596
21651
30828
30829
21652
21654
21653
38065
21655
22599
21656
30830
30831
21657
21659
21658
38067
21660
22602
21661
30832
30833
21662
21664
21663
38069
21665
22605
21666
30834
30835
21667
21669
21668
38071
21670
22608
21671
30836
30837
21672
21674
21673
38073
21675
22611
21676
30838
30839
21677
21679
21678
38075
21680
22614
21681
30840
30841
21682
21684
21683
38077
21685
22617
21686
30842
30843
21687
30811
21689
21691
21690
38079
21692
22621
21688
21693
30845
30846
21694
21696
21695
38081
21697
22624
21698
30847
30848
21699
21701
21700
38083
21702
22627
21703
30849
30850
21704
21706
21705
38085
21707
22630
21708
30851
30852
21709
21711
21710
38087
21712
22633
21713
30853
30854
21714
21716
21715
38089
21717
22636
21718
30855
30856
21719
21721
21720
38091
21722
22639
21723
30857
30858
21724
21726
21725
38093
21727
22642
21728
30859
30860
21729
21731
21730
38095
21732
22645
21733
30861
30862
21734
21736
21735
38097
21737
22648
21738
30863
30864
21739
21741
21740
38099
21742
22651
21743
30865
30866
21744
21746
21745
38101
21747
22654
21748
30867
30868
21749
21751
21750
38103
21752
22657
21753
30869
30870
21754
21756
21755
38105
21757
22660
21758
30871
30872
21759
21761
21760
38107
21762
22663
21763
30873
30874
21764
21766
21765
38109
21767
22666
21768
30875
30876
21769
30844
21771
21773
21772
38111
21774
22670
21770
21775
30878
30879
21776
21778
21777
38113
21779
22673
21780
30880
30881
21781
21783
21782
38115
21784
22676
21785
30882
30883
21786
21788
21787
38117
21789
22679
21790
30884
30885
21791
21793
21792
38119
21794
22682
21795
30886
30887
21796
21798
21797
38121
21799
22685
21800
30888
30889
21801
21803
21802
38123
21804
22688
21805
30890
30891
21806
21808
21807
38125
21809
22691
21810
30892
30893
21811
21813
21812
38127
21814
22694
21815
30894
30895
21816
21818
21817
38129
21819
22697
21820
30896
30897
21821
21823
21822
38131
21824
22700
21825
30898
30899
21826
21828
21827
38133
21829
22703
21830
30900
30901
21831
21833
21832
38135
21834
22706
21835
30902
30903
21836
21838
21837
38137
21839
22709
21840
30904
30905
21841
21843
21842
38139
21844
22712
21845
30906
30907
21846
21848
21847
38141
21849
22715
21850
30908
30909
21851
30877
21853
21855
21854
38143
21856
22719
21852
21857
30911
30912
21858
21860
21859
21861
22722
21862
30913
30914
21863
21865
21864
21866
22725
21867
30915
30916
21868
21870
21869
21871
22728
21872
30917
30918
21873
21875
21874
21876
22731
21877
30919
30920
21878
21880
21879
21881
22734
21882
30921
30922
21883
21885
21884
21886
22737
21887
30923
30924
21888
21890
21889
21891
22740
21892
30925
30926
21893
21895
21894
21896
22743
21897
30927
30928
21898
21900
21899
21901
22746
21902
30929
30930
21903
21905
21904
21906
22749
21907
30931
30932
21908
21910
21909
21911
22752
21912
30933
30934
21913
21915
21914
21916
22755
21917
30935
30936
21918
21920
21919
21921
22758
21922
30937
30938
21923
21925
21924
21926
22761
21927
30939
30940
21928
21930
21929
21931
22764
21932
30941
30942
21933
30910
21935
21937
30433
21936
38175
21938
22768
21934
21939
30944
30945
21940
21942
30436
21941
38173
21943
22771
21944
30946
30947
21945
21947
30439
21946
38171
21948
22774
21949
30948
30949
21950
21952
30442
21951
38169
21953
22777
21954
30950
30951
21955
21957
30445
21956
38167
21958
22780
21959
30952
30953
21960
21962
30448
21961
38165
21963
22783
21964
30954
30955
21965
21967
30451
21966
38163
21968
22786
21969
30956
30957
21970
21972
30454
21971
38161
21973
22789
21974
30958
30959
21975
21977
30457
21976
38159
21978
22792
21979
30960
30961
21980
21982
30460
21981
38157
21983
22795
21984
30962
30963
21985
21987
30463
21986
38155
21988
22798
21989
30964
30965
21990
21992
30466
21991
38153
21993
22801
21994
30966
30967
21995
21997
30469
21996
38151
21998
22804
21999
30968
30969
22000
22002
30472
22001
38149
22003
22807
22004
30970
30971
22005
22007
30475
22006
38147
22008
22810
22009
30972
30973
22010
22012
30478
22011
38145
22013
22813
22014
30974
30975
22015
30943
