position,node_id,l1_ub_live,running_peak
1,0,0,0
2,5,0,0
3,6,0,0
4,23,2,2
5,32,4,4
6,76,6,6
7,85,8,8
8,125,10,10
9,134,12,12
10,174,14,14
11,183,16,16
12,223,18,18
13,232,20,20
14,272,22,22
15,281,24,24
16,321,26,26
17,330,28,28
18,370,30,30
19,379,32,32
20,419,34,34
21,428,36,36
22,431,38,38
23,433,40,40
24,435,42,42
25,437,44,44
26,439,46,46
27,441,48,48
28,443,50,50
29,445,52,52
30,496,54,54
31,505,56,56
32,508,58,58
33,510,60,60
34,512,62,62
35,514,64,64
36,516,66,66
37,518,68,68
38,520,70,70
39,522,72,72
40,569,74,74
41,578,76,76
42,581,78,78
43,583,80,80
44,585,82,82
45,587,84,84
46,589,86,86
47,591,88,88
48,593,90,90
49,595,92,92
50,642,94,94
51,651,96,96
52,654,98,98
53,656,100,100
54,658,102,102
55,660,104,104
56,662,106,106
57,664,108,108
58,666,110,110
59,668,112,112
60,715,114,114
61,724,116,116
62,727,118,118
63,729,120,120
64,731,122,122
65,733,124,124
66,735,126,126
67,737,128,128
68,739,130,130
69,741,132,132
70,788,134,134
71,797,136,136
72,800,138,138
73,802,140,140
74,804,142,142
75,806,144,144
76,808,146,146
77,810,148,148
78,812,150,150
79,814,152,152
80,861,154,154
81,870,156,156
82,873,158,158
83,875,160,160
84,877,162,162
85,879,164,164
86,881,166,166
87,883,168,168
88,885,170,170
89,887,172,172
90,934,174,174
91,943,176,176
92,946,178,178
93,948,180,180
94,950,182,182
95,952,184,184
96,954,186,186
97,956,188,188
98,958,190,190
99,960,192,192
100,1011,194,194
101,1020,196,196
102,1023,198,198
103,1025,200,200
104,1027,202,202
105,1029,204,204
106,1031,206,206
107,1033,208,208
108,1035,210,210
109,1037,212,212
110,1088,214,214
111,1097,216,216
112,1100,218,218
113,1102,220,220
114,1104,222,222
115,1106,224,224
116,1108,226,226
117,1110,228,228
118,1112,230,230
119,1114,232,232
120,1161,234,234
121,1170,236,236
122,1173,238,238
123,1175,240,240
124,1177,242,242
125,1179,244,244
126,1181,246,246
127,1183,248,248
128,1185,250,250
129,1187,252,252
130,1234,254,254
131,1243,256,256
132,1246,258,258
133,1248,260,260
134,1250,262,262
135,1252,264,264
136,1254,266,266
137,1256,268,268
138,1258,270,270
139,1260,272,272
140,1307,274,274
141,1316,276,276
142,1319,278,278
143,1321,280,280
144,1323,282,282
145,1325,284,284
146,1327,286,286
147,1329,288,288
148,1331,290,290
149,1333,292,292
150,1380,294,294
151,1389,296,296
152,1392,298,298
153,1394,300,300
154,1396,302,302
155,1398,304,304
156,1400,306,306
157,1402,308,308
158,1404,310,310
159,1406,312,312
160,1453,314,314
161,1462,316,316
162,1465,318,318
163,1467,320,320
164,1469,322,322
165,1471,324,324
166,1473,326,326
167,1475,328,328
168,1477,330,330
169,1479,332,332
170,1526,334,334
171,1535,336,336
172,1538,338,338
173,1540,340,340
174,1542,342,342
175,1544,344,344
176,1546,346,346
177,1548,348,348
178,1550,350,350
179,1552,352,352
180,1603,354,354
181,1612,356,356
182,1615,358,358
183,1617,360,360
184,1619,362,362
185,1621,364,364
186,1623,366,366
187,1625,368,368
188,1627,370,370
189,1629,372,372
190,1680,374,374
191,1689,376,376
192,1692,378,378
193,1694,380,380
194,1696,382,382
195,1698,384,384
196,1700,386,386
197,1702,388,388
198,1704,390,390
199,1706,392,392
200,1753,394,394
201,1762,396,396
202,1765,398,398
203,1767,400,400
204,1769,402,402
205,1771,404,404
206,1773,406,406
207,1775,408,408
208,1777,410,410
209,1779,412,412
210,1826,414,414
211,1835,416,416
212,1838,418,418
213,1840,420,420
214,1842,422,422
215,1844,424,424
216,1846,426,426
217,1848,428,428
218,1850,430,430
219,1852,432,432
220,1899,434,434
221,1908,436,436
222,1911,438,438
223,1913,440,440
224,1915,442,442
225,1917,444,444
226,1919,446,446
227,1921,448,448
228,1923,450,450
229,1925,452,452
230,1972,454,454
231,1981,456,456
232,1984,458,458
233,1986,460,460
234,1988,462,462
235,1990,464,464
236,1992,466,466
237,1994,468,468
238,1996,470,470
239,1998,472,472
240,2045,474,474
241,2054,476,476
242,2057,478,478
243,2059,480,480
244,2061,482,482
245,2063,484,484
246,2065,486,486
247,2067,488,488
248,2069,490,490
249,2071,492,492
250,2118,494,494
251,2127,496,496
252,2130,498,498
253,2132,500,500
254,2134,502,502
255,2136,504,504
256,2138,506,506
257,2140,508,508
258,2142,510,510
259,2144,512,512
260,2195,514,514
261,2204,516,516
262,2207,518,518
263,2209,520,520
264,2211,522,522
265,2213,524,524
266,2215,526,526
267,2217,528,528
268,2219,530,530
269,2221,532,532
270,2272,534,534
271,2281,536,536
272,2284,538,538
273,2286,540,540
274,2288,542,542
275,2290,544,544
276,2292,546,546
277,2294,548,548
278,2296,550,550
279,2298,552,552
280,2345,554,554
281,2354,556,556
282,2357,558,558
283,2359,560,560
284,2361,562,562
285,2363,564,564
286,2365,566,566
287,2367,568,568
288,2369,570,570
289,2371,572,572
290,2418,574,574
291,2427,576,576
292,2430,578,578
293,2432,580,580
294,2434,582,582
295,2436,584,584
296,2438,586,586
297,2440,588,588
298,2442,590,590
299,2444,592,592
300,2491,594,594
301,2500,596,596
302,2503,598,598
303,2505,600,600
304,2507,602,602
305,2509,604,604
306,2511,606,606
307,2513,608,608
308,2515,610,610
309,2517,612,612
310,2564,614,614
311,2573,616,616
312,2576,618,618
313,2578,620,620
314,2580,622,622
315,2582,624,624
316,2584,626,626
317,2586,628,628
318,2588,630,630
319,2590,632,632
320,2637,634,634
321,2646,636,636
322,2649,638,638
323,2651,640,640
324,2653,642,642
325,2655,644,644
326,2657,646,646
327,2659,648,648
328,2661,650,650
329,2663,652,652
330,2710,654,654
331,2719,656,656
332,2722,658,658
333,2724,660,660
334,2726,662,662
335,2728,664,664
336,2730,666,666
337,2732,668,668
338,2734,670,670
339,2736,672,672
340,2787,674,674
341,2796,676,676
342,2799,678,678
343,2801,680,680
344,2803,682,682
345,2805,684,684
346,2807,686,686
347,2809,688,688
348,2811,690,690
349,2813,692,692
350,2864,694,694
351,2873,696,696
352,2876,698,698
353,2878,700,700
354,2880,702,702
355,2882,704,704
356,2884,706,706
357,2886,708,708
358,2888,710,710
359,2890,712,712
360,2937,714,714
361,2946,716,716
362,2949,718,718
363,2951,720,720
364,2953,722,722
365,2955,724,724
366,2957,726,726
367,2959,728,728
368,2961,730,730
369,2963,732,732
370,3010,734,734
371,3019,736,736
372,3022,738,738
373,3024,740,740
374,3026,742,742
375,3028,744,744
376,3030,746,746
377,3032,748,748
378,3034,750,750
379,3036,752,752
380,3083,754,754
381,3092,756,756
382,3095,758,758
383,3097,760,760
384,3099,762,762
385,3101,764,764
386,3103,766,766
387,3105,768,768
388,3107,770,770
389,3109,772,772
390,3156,774,774
391,3165,776,776
392,3168,778,778
393,3170,780,780
394,3172,782,782
395,3174,784,784
396,3176,786,786
397,3178,788,788
398,3180,790,790
399,3182,792,792
400,3229,794,794
401,3238,796,796
402,3241,798,798
403,3243,800,800
404,3245,802,802
405,3247,804,804
406,3249,806,806
407,3251,808,808
408,3253,810,810
409,3255,812,812
410,3302,814,814
411,3311,816,816
412,3314,818,818
413,3316,820,820
414,3318,822,822
415,3320,824,824
416,3322,826,826
417,3324,828,828
418,3326,830,830
419,3328,832,832
420,3379,834,834
421,3388,836,836
422,3391,838,838
423,3393,840,840
424,3395,842,842
425,3397,844,844
426,3399,846,846
427,3401,848,848
428,3403,850,850
429,3405,852,852
430,3456,854,854
431,3465,856,856
432,3468,858,858
433,3470,860,860
434,3472,862,862
435,3474,864,864
436,3476,866,866
437,3478,868,868
438,3480,870,870
439,3482,872,872
440,3529,874,874
441,3538,876,876
442,3541,878,878
443,3543,880,880
444,3545,882,882
445,3547,884,884
446,3549,886,886
447,3551,888,888
448,3553,890,890
449,3555,892,892
450,3602,894,894
451,3611,896,896
452,3614,898,898
453,3616,900,900
454,3618,902,902
455,3620,904,904
456,3622,906,906
457,3624,908,908
458,3626,910,910
459,3628,912,912
460,3675,914,914
461,3684,916,916
462,3687,918,918
463,3689,920,920
464,3691,922,922
465,3693,924,924
466,3695,926,926
467,3697,928,928
468,3699,930,930
469,3701,932,932
470,3748,934,934
471,3757,936,936
472,3760,938,938
473,3762,940,940
474,3764,942,942
475,3766,944,944
476,3768,946,946
477,3770,948,948
478,3772,950,950
479,3774,952,952
480,3821,954,954
481,3830,956,956
482,3833,958,958
483,3835,960,960
484,3837,962,962
485,3839,964,964
486,3841,966,966
487,3843,968,968
488,3845,970,970
489,3847,972,972
490,3894,974,974
491,3903,976,976
492,3906,978,978
493,3908,980,980
494,3910,982,982
495,3912,984,984
496,3914,986,986
497,3916,988,988
498,3918,990,990
499,3920,992,992
500,3971,994,994
501,3980,996,996
502,3983,998,998
503,3985,1000,1000
504,3987,1002,1002
505,3989,1004,1004
506,3991,1006,1006
507,3993,1008,1008
508,3995,1010,1010
509,3997,1012,1012
510,4033,1014,1014
511,4058,1016,1016
512,4067,1018,1018
513,4070,1020,1020
514,4072,1022,1022
515,4074,1024,1024
516,4076,1026,1026
517,4078,1028,1028
518,4080,1030,1030
519,4082,1032,1032
520,4084,1034,1034
521,4116,1036,1036
522,4141,1038,1038
523,4150,1040,1040
524,4153,1042,1042
525,4155,1044,1044
526,4157,1046,1046
527,4159,1048,1048
528,4161,1050,1050
529,4163,1052,1052
530,4165,1054,1054
531,4167,1056,1056
532,4199,1058,1058
533,4224,1060,1060
534,4233,1062,1062
535,4236,1064,1064
536,4238,1066,1066
537,4240,1068,1068
538,4242,1070,1070
539,4244,1072,1072
540,4246,1074,1074
541,4248,1076,1076
542,4250,1078,1078
543,4282,1080,1080
544,4307,1082,1082
545,4316,1084,1084
546,4319,1086,1086
547,4321,1088,1088
548,4323,1090,1090
549,4325,1092,1092
550,4327,1094,1094
551,4329,1096,1096
552,4331,1098,1098
553,4333,1100,1100
554,4365,1102,1102
555,4390,1104,1104
556,4399,1106,1106
557,4402,1108,1108
558,4404,1110,1110
559,4406,1112,1112
560,4408,1114,1114
561,4410,1116,1116
562,4412,1118,1118
563,4414,1120,1120
564,4416,1122,1122
565,4448,1124,1124
566,4473,1126,1126
567,4482,1128,1128
568,4485,1130,1130
569,4487,1132,1132
570,4489,1134,1134
571,4491,1136,1136
572,4493,1138,1138
573,4495,1140,1140
574,4497,1142,1142
575,4499,1144,1144
576,4531,1146,1146
577,4556,1148,1148
578,4565,1150,1150
579,4568,1152,1152
580,4570,1154,1154
581,4572,1156,1156
582,4574,1158,1158
583,4576,1160,1160
584,4578,1162,1162
585,4580,1164,1164
586,4582,1166,1166
587,4614,1168,1168
588,24,1184,1184
589,33,1200,1200
590,77,1216,1216
591,86,1232,1232
592,126,1248,1248
593,135,1264,1264
594,175,1280,1280
595,184,1296,1296
596,224,1312,1312
597,233,1328,1328
598,273,1344,1344
599,282,1360,1360
600,322,1376,1376
601,331,1392,1392
602,371,1408,1408
603,380,1424,1424
604,420,1440,1440
605,429,1456,1456
606,497,1472,1472
607,506,1488,1488
608,570,1504,1504
609,579,1520,1520
610,643,1536,1536
611,652,1552,1552
612,716,1568,1568
613,725,1584,1584
614,789,1600,1600
615,798,1616,1616
616,862,1632,1632
617,871,1648,1648
618,935,1664,1664
619,944,1680,1680
620,1012,1696,1696
621,1021,1712,1712
622,1089,1728,1728
623,1098,1744,1744
624,1162,1760,1760
625,1171,1776,1776
626,1235,1792,1792
627,1244,1808,1808
628,1308,1824,1824
629,1317,1840,1840
630,1381,1856,1856
631,1390,1872,1872
632,1454,1888,1888
633,1463,1904,1904
634,1527,1920,1920
635,1536,1936,1936
636,1604,1952,1952
637,1613,1968,1968
638,1681,1984,1984
639,1690,2000,2000
640,1754,2016,2016
641,1763,2032,2032
642,1827,2048,2048
643,1836,2064,2064
644,1900,2080,2080
645,1909,2096,2096
646,1973,2112,2112
647,1982,2128,2128
648,2046,2144,2144
649,2055,2160,2160
650,2119,2176,2176
651,2128,2192,2192
652,2196,2208,2208
653,2205,2224,2224
654,2273,2240,2240
655,2282,2256,2256
656,2346,2272,2272
657,2355,2288,2288
658,2419,2304,2304
659,2428,2320,2320
660,2492,2336,2336
661,2501,2352,2352
662,2565,2368,2368
663,2574,2384,2384
664,2638,2400,2400
665,2647,2416,2416
666,2711,2432,2432
667,2720,2448,2448
668,2788,2464,2464
669,2797,2480,2480
670,2865,2496,2496
671,2874,2512,2512
672,2938,2528,2528
673,2947,2544,2544
674,3011,2560,2560
675,3020,2576,2576
676,3084,2592,2592
677,3093,2608,2608
678,3157,2624,2624
679,3166,2640,2640
680,3230,2656,2656
681,3239,2672,2672
682,3303,2688,2688
683,3312,2704,2704
684,3380,2720,2720
685,3389,2736,2736
686,3457,2752,2752
687,3466,2768,2768
688,3530,2784,2784
689,3539,2800,2800
690,3603,2816,2816
691,3612,2832,2832
692,3676,2848,2848
693,3685,2864,2864
694,3749,2880,2880
695,3758,2896,2896
696,3822,2912,2912
697,3831,2928,2928
698,3895,2944,2944
699,3904,2960,2960
700,3972,2976,2976
701,3981,2992,2992
702,4059,3008,3008
703,4068,3024,3024
704,4142,3040,3040
705,4151,3056,3056
706,4225,3072,3072
707,4234,3088,3088
708,4308,3104,3104
709,4317,3120,3120
710,4391,3136,3136
711,4400,3152,3152
712,4474,3168,3168
713,4483,3184,3184
714,4557,3200,3200
715,4566,3216,3216
716,19,3344,3344
717,20,3472,3472
718,26,3600,3600
719,28,3728,3728
720,30,3856,3856
721,53,3984,3984
722,55,4112,4112
723,72,4240,4240
724,73,4368,4368
725,79,4496,4496
726,81,4624,4624
727,83,4752,4752
728,102,4880,4880
729,104,5008,5008
730,121,5136,5136
731,122,5264,5264
732,128,5392,5392
733,130,5520,5520
734,132,5648,5648
735,151,5776,5776
736,153,5904,5904
737,170,6032,6032
738,171,6160,6160
739,177,6288,6288
740,179,6416,6416
741,181,6544,6544
742,200,6672,6672
743,202,6800,6800
744,219,6928,6928
745,220,7056,7056
746,226,7184,7184
747,228,7312,7312
748,230,7440,7440
749,249,7568,7568
750,251,7696,7696
751,268,7824,7824
752,269,7952,7952
753,275,8080,8080
754,277,8208,8208
755,279,8336,8336
756,298,8464,8464
757,300,8592,8592
758,317,8720,8720
759,318,8848,8848
760,324,8976,8976
761,326,9104,9104
762,328,9232,9232
763,347,9360,9360
764,349,9488,9488
765,366,9616,9616
766,367,9744,9744
767,373,9872,9872
768,375,10000,10000
769,377,10128,10128
770,396,10256,10256
771,398,10384,10384
772,415,10512,10512
773,416,10640,10640
774,422,10768,10768
775,424,10896,10896
776,426,11024,11024
777,465,11152,11152
778,466,11280,11280
779,469,11408,11408
780,470,11536,11536
781,473,11664,11664
782,475,11792,11792
783,477,11920,11920
784,479,12048,12048
785,492,12176,12176
786,493,12304,12304
787,499,12432,12432
788,501,12560,12560
789,503,12688,12688
790,538,12816,12816
791,539,12944,12944
792,542,13072,13072
793,543,13200,13200
794,546,13328,13328
795,548,13456,13456
796,550,13584,13584
797,552,13712,13712
798,565,13840,13840
799,566,13968,13968
800,572,14096,14096
801,574,14224,14224
802,576,14352,14352
803,611,14480,14480
804,612,14608,14608
805,615,14736,14736
806,616,14864,14864
807,619,14992,14992
808,621,15120,15120
809,623,15248,15248
810,625,15376,15376
811,638,15504,15504
812,639,15632,15632
813,645,15760,15760
814,647,15888,15888
815,649,16016,16016
816,684,16144,16144
817,685,16272,16272
818,688,16400,16400
819,689,16528,16528
820,692,16656,16656
821,694,16784,16784
822,696,16912,16912
823,698,17040,17040
824,711,17168,17168
825,712,17296,17296
826,718,17424,17424
827,720,17552,17552
828,722,17680,17680
829,757,17808,17808
830,758,17936,17936
831,761,18064,18064
832,762,18192,18192
833,765,18320,18320
834,767,18448,18448
835,769,18576,18576
836,771,18704,18704
837,784,18832,18832
838,785,18960,18960
839,791,19088,19088
840,793,19216,19216
841,795,19344,19344
842,830,19472,19472
843,831,19600,19600
844,834,19728,19728
845,835,19856,19856
846,838,19984,19984
847,840,20112,20112
848,842,20240,20240
849,844,20368,20368
850,857,20496,20496
851,858,20624,20624
852,864,20752,20752
853,866,20880,20880
854,868,21008,21008
855,903,21136,21136
856,904,21264,21264
857,907,21392,21392
858,908,21520,21520
859,911,21648,21648
860,913,21776,21776
861,915,21904,21904
862,917,22032,22032
863,930,22160,22160
864,931,22288,22288
865,937,22416,22416
866,939,22544,22544
867,941,22672,22672
868,976,22800,22800
869,977,22928,22928
870,980,23056,23056
871,981,23184,23184
872,984,23312,23312
873,986,23440,23440
874,988,23568,23568
875,990,23696,23696
876,1007,23824,23824
877,1008,23952,23952
878,1014,24080,24080
879,1016,24208,24208
880,1018,24336,24336
881,1057,24464,24464
882,1058,24592,24592
883,1061,24720,24720
884,1062,24848,24848
885,1065,24976,24976
886,1067,25104,25104
887,1069,25232,25232
888,1071,25360,25360
889,1084,25488,25488
890,1085,25616,25616
891,1091,25744,25744
892,1093,25872,25872
893,1095,26000,26000
894,1130,26128,26128
895,1131,26256,26256
896,1134,26384,26384
897,1135,26512,26512
898,1138,26640,26640
899,1140,26768,26768
900,1142,26896,26896
901,1144,27024,27024
902,1157,27152,27152
903,1158,27280,27280
904,1164,27408,27408
905,1166,27536,27536
906,1168,27664,27664
907,1203,27792,27792
908,1204,27920,27920
909,1207,28048,28048
910,1208,28176,28176
911,1211,28304,28304
912,1213,28432,28432
913,1215,28560,28560
914,1217,28688,28688
915,1230,28816,28816
916,1231,28944,28944
917,1237,29072,29072
918,1239,29200,29200
919,1241,29328,29328
920,1276,29456,29456
921,1277,29584,29584
922,1280,29712,29712
923,1281,29840,29840
924,1284,29968,29968
925,1286,30096,30096
926,1288,30224,30224
927,1290,30352,30352
928,1303,30480,30480
929,1304,30608,30608
930,1310,30736,30736
931,1312,30864,30864
932,1314,30992,30992
933,1349,31120,31120
934,1350,31248,31248
935,1353,31376,31376
936,1354,31504,31504
937,1357,31632,31632
938,1359,31760,31760
939,1361,31888,31888
940,1363,32016,32016
941,1376,32144,32144
942,1377,32272,32272
943,1383,32400,32400
944,1385,32528,32528
945,1387,32656,32656
946,1422,32784,32784
947,1423,32912,32912
948,1426,33040,33040
949,1427,33168,33168
950,1430,33296,33296
951,1432,33424,33424
952,1434,33552,33552
953,1436,33680,33680
954,1449,33808,33808
955,1450,33936,33936
956,1456,34064,34064
957,1458,34192,34192
958,1460,34320,34320
959,1495,34448,34448
960,1496,34576,34576
961,1499,34704,34704
962,1500,34832,34832
963,1503,34960,34960
964,1505,35088,35088
965,1507,35216,35216
966,1509,35344,35344
967,1522,35472,35472
968,1523,35600,35600
969,1529,35728,35728
970,1531,35856,35856
971,1533,35984,35984
972,1568,36112,36112
973,1569,36240,36240
974,1572,36368,36368
975,1573,36496,36496
976,1576,36624,36624
977,1578,36752,36752
978,1580,36880,36880
979,1582,37008,37008
980,1599,37136,37136
981,1600,37264,37264
982,1606,37392,37392
983,1608,37520,37520
984,1610,37648,37648
985,1649,37776,37776
986,1650,37904,37904
987,1653,38032,38032
988,1654,38160,38160
989,1657,38288,38288
990,1659,38416,38416
991,1661,38544,38544
992,1663,38672,38672
993,1676,38800,38800
994,1677,38928,38928
995,1683,39056,39056
996,1685,39184,39184
997,1687,39312,39312
998,1722,39440,39440
999,1723,39568,39568
1000,1726,39696,39696
1001,1727,39824,39824
1002,1730,39952,39952
1003,1732,40080,40080
1004,1734,40208,40208
1005,1736,40336,40336
1006,1749,40464,40464
1007,1750,40592,40592
1008,1756,40720,40720
1009,1758,40848,40848
1010,1760,40976,40976
1011,1795,41104,41104
1012,1796,41232,41232
1013,1799,41360,41360
1014,1800,41488,41488
1015,1803,41616,41616
1016,1805,41744,41744
1017,1807,41872,41872
1018,1809,42000,42000
1019,1822,42128,42128
1020,1823,42256,42256
1021,1829,42384,42384
1022,1831,42512,42512
1023,1833,42640,42640
1024,1868,42768,42768
1025,1869,42896,42896
1026,1872,43024,43024
1027,1873,43152,43152
1028,1876,43280,43280
1029,1878,43408,43408
1030,1880,43536,43536
1031,1882,43664,43664
1032,1895,43792,43792
1033,1896,43920,43920
1034,1902,44048,44048
1035,1904,44176,44176
1036,1906,44304,44304
1037,1941,44432,44432
1038,1942,44560,44560
1039,1945,44688,44688
1040,1946,44816,44816
1041,1949,44944,44944
1042,1951,45072,45072
1043,1953,45200,45200
1044,1955,45328,45328
1045,1968,45456,45456
1046,1969,45584,45584
1047,1975,45712,45712
1048,1977,45840,45840
1049,1979,45968,45968
1050,2014,46096,46096
1051,2015,46224,46224
1052,2018,46352,46352
1053,2019,46480,46480
1054,2022,46608,46608
1055,2024,46736,46736
1056,2026,46864,46864
1057,2028,46992,46992
1058,2041,47120,47120
1059,2042,47248,47248
1060,2048,47376,47376
1061,2050,47504,47504
1062,2052,47632,47632
1063,2087,47760,47760
1064,2088,47888,47888
1065,2091,48016,48016
1066,2092,48144,48144
1067,2095,48272,48272
1068,2097,48400,48400
1069,2099,48528,48528
1070,2101,48656,48656
1071,2114,48784,48784
1072,2115,48912,48912
1073,2121,49040,49040
1074,2123,49168,49168
1075,2125,49296,49296
1076,2160,49424,49424
1077,2161,49552,49552
1078,2164,49680,49680
1079,2165,49808,49808
1080,2168,49936,49936
1081,2170,50064,50064
1082,2172,50192,50192
1083,2174,50320,50320
1084,2191,50448,50448
1085,2192,50576,50576
1086,2198,50704,50704
1087,2200,50832,50832
1088,2202,50960,50960
1089,2241,51088,51088
1090,2242,51216,51216
1091,2245,51344,51344
1092,2246,51472,51472
1093,2249,51600,51600
1094,2251,51728,51728
1095,2253,51856,51856
1096,2255,51984,51984
1097,2268,52112,52112
1098,2269,52240,52240
1099,2275,52368,52368
1100,2277,52496,52496
1101,2279,52624,52624
1102,2314,52752,52752
1103,2315,52880,52880
1104,2318,53008,53008
1105,2319,53136,53136
1106,2322,53264,53264
1107,2324,53392,53392
1108,2326,53520,53520
1109,2328,53648,53648
1110,2341,53776,53776
1111,2342,53904,53904
1112,2348,54032,54032
1113,2350,54160,54160
1114,2352,54288,54288
1115,2387,54416,54416
1116,2388,54544,54544
1117,2391,54672,54672
1118,2392,54800,54800
1119,2395,54928,54928
1120,2397,55056,55056
1121,2399,55184,55184
1122,2401,55312,55312
1123,2414,55440,55440
1124,2415,55568,55568
1125,2421,55696,55696
1126,2423,55824,55824
1127,2425,55952,55952
1128,2460,56080,56080
1129,2461,56208,56208
1130,2464,56336,56336
1131,2465,56464,56464
1132,2468,56592,56592
1133,2470,56720,56720
1134,2472,56848,56848
1135,2474,56976,56976
1136,2487,57104,57104
1137,2488,57232,57232
1138,2494,57360,57360
1139,2496,57488,57488
1140,2498,57616,57616
1141,2533,57744,57744
1142,2534,57872,57872
1143,2537,58000,58000
1144,2538,58128,58128
1145,2541,58256,58256
1146,2543,58384,58384
1147,2545,58512,58512
1148,2547,58640,58640
1149,2560,58768,58768
1150,2561,58896,58896
1151,2567,59024,59024
1152,2569,59152,59152
1153,2571,59280,59280
1154,2606,59408,59408
1155,2607,59536,59536
1156,2610,59664,59664
1157,2611,59792,59792
1158,2614,59920,59920
1159,2616,60048,60048
1160,2618,60176,60176
1161,2620,60304,60304
1162,2633,60432,60432
1163,2634,60560,60560
1164,2640,60688,60688
1165,2642,60816,60816
1166,2644,60944,60944
1167,2679,61072,61072
1168,2680,61200,61200
1169,2683,61328,61328
1170,2684,61456,61456
1171,2687,61584,61584
1172,2689,61712,61712
1173,2691,61840,61840
1174,2693,61968,61968
1175,2706,62096,62096
1176,2707,62224,62224
1177,2713,62352,62352
1178,2715,62480,62480
1179,2717,62608,62608
1180,2752,62736,62736
1181,2753,62864,62864
1182,2756,62992,62992
1183,2757,63120,63120
1184,2760,63248,63248
1185,2762,63376,63376
1186,2764,63504,63504
1187,2766,63632,63632
1188,2783,63760,63760
1189,2784,63888,63888
1190,2790,64016,64016
1191,2792,64144,64144
1192,2794,64272,64272
1193,2833,64400,64400
1194,2834,64528,64528
1195,2837,64656,64656
1196,2838,64784,64784
1197,2841,64912,64912
1198,2843,65040,65040
1199,2845,65168,65168
1200,2847,65296,65296
1201,2860,65424,65424
1202,2861,65552,65552
1203,2867,65680,65680
1204,2869,65808,65808
1205,2871,65936,65936
1206,2906,66064,66064
1207,2907,66192,66192
1208,2910,66320,66320
1209,2911,66448,66448
1210,2914,66576,66576
1211,2916,66704,66704
1212,2918,66832,66832
1213,2920,66960,66960
1214,2933,67088,67088
1215,2934,67216,67216
1216,2940,67344,67344
1217,2942,67472,67472
1218,2944,67600,67600
1219,2979,67728,67728
1220,2980,67856,67856
1221,2983,67984,67984
1222,2984,68112,68112
1223,2987,68240,68240
1224,2989,68368,68368
1225,2991,68496,68496
1226,2993,68624,68624
1227,3006,68752,68752
1228,3007,68880,68880
1229,3013,69008,69008
1230,3015,69136,69136
1231,3017,69264,69264
1232,3052,69392,69392
1233,3053,69520,69520
1234,3056,69648,69648
1235,3057,69776,69776
1236,3060,69904,69904
1237,3062,70032,70032
1238,3064,70160,70160
1239,3066,70288,70288
1240,3079,70416,70416
1241,3080,70544,70544
1242,3086,70672,70672
1243,3088,70800,70800
1244,3090,70928,70928
1245,3125,71056,71056
1246,3126,71184,71184
1247,3129,71312,71312
1248,3130,71440,71440
1249,3133,71568,71568
1250,3135,71696,71696
1251,3137,71824,71824
1252,3139,71952,71952
1253,3152,72080,72080
1254,3153,72208,72208
1255,3159,72336,72336
1256,3161,72464,72464
1257,3163,72592,72592
1258,3198,72720,72720
1259,3199,72848,72848
1260,3202,72976,72976
1261,3203,73104,73104
1262,3206,73232,73232
1263,3208,73360,73360
1264,3210,73488,73488
1265,3212,73616,73616
1266,3225,73744,73744
1267,3226,73872,73872
1268,3232,74000,74000
1269,3234,74128,74128
1270,3236,74256,74256
1271,3271,74384,74384
1272,3272,74512,74512
1273,3275,74640,74640
1274,3276,74768,74768
1275,3279,74896,74896
1276,3281,75024,75024
1277,3283,75152,75152
1278,3285,75280,75280
1279,3298,75408,75408
1280,3299,75536,75536
1281,3305,75664,75664
1282,3307,75792,75792
1283,3309,75920,75920
1284,3344,76048,76048
1285,3345,76176,76176
1286,3348,76304,76304
1287,3349,76432,76432
1288,3352,76560,76560
1289,3354,76688,76688
1290,3356,76816,76816
1291,3358,76944,76944
1292,3375,77072,77072
1293,3376,77200,77200
1294,3382,77328,77328
1295,3384,77456,77456
1296,3386,77584,77584
1297,3425,77712,77712
1298,3426,77840,77840
1299,3429,77968,77968
1300,3430,78096,78096
1301,3433,78224,78224
1302,3435,78352,78352
1303,3437,78480,78480
1304,3439,78608,78608
1305,3452,78736,78736
1306,3453,78864,78864
1307,3459,78992,78992
1308,3461,79120,79120
1309,3463,79248,79248
1310,3498,79376,79376
1311,3499,79504,79504
1312,3502,79632,79632
1313,3503,79760,79760
1314,3506,79888,79888
1315,3508,80016,80016
1316,3510,80144,80144
1317,3512,80272,80272
1318,3525,80400,80400
1319,3526,80528,80528
1320,3532,80656,80656
1321,3534,80784,80784
1322,3536,80912,80912
1323,3571,81040,81040
1324,3572,81168,81168
1325,3575,81296,81296
1326,3576,81424,81424
1327,3579,81552,81552
1328,3581,81680,81680
1329,3583,81808,81808
1330,3585,81936,81936
1331,3598,82064,82064
1332,3599,82192,82192
1333,3605,82320,82320
1334,3607,82448,82448
1335,3609,82576,82576
1336,3644,82704,82704
1337,3645,82832,82832
1338,3648,82960,82960
1339,3649,83088,83088
1340,3652,83216,83216
1341,3654,83344,83344
1342,3656,83472,83472
1343,3658,83600,83600
1344,3671,83728,83728
1345,3672,83856,83856
1346,3678,83984,83984
1347,3680,84112,84112
1348,3682,84240,84240
1349,3717,84368,84368
1350,3718,84496,84496
1351,3721,84624,84624
1352,3722,84752,84752
1353,3725,84880,84880
1354,3727,85008,85008
1355,3729,85136,85136
1356,3731,85264,85264
1357,3744,85392,85392
1358,3745,85520,85520
1359,3751,85648,85648
1360,3753,85776,85776
1361,3755,85904,85904
1362,3790,86032,86032
1363,3791,86160,86160
1364,3794,86288,86288
1365,3795,86416,86416
1366,3798,86544,86544
1367,3800,86672,86672
1368,3802,86800,86800
1369,3804,86928,86928
1370,3817,87056,87056
1371,3818,87184,87184
1372,3824,87312,87312
1373,3826,87440,87440
1374,3828,87568,87568
1375,3863,87696,87696
1376,3864,87824,87824
1377,3867,87952,87952
1378,3868,88080,88080
1379,3871,88208,88208
1380,3873,88336,88336
1381,3875,88464,88464
1382,3877,88592,88592
1383,3890,88720,88720
1384,3891,88848,88848
1385,3897,88976,88976
1386,3899,89104,89104
1387,3901,89232,89232
1388,3936,89360,89360
1389,3937,89488,89488
1390,3940,89616,89616
1391,3941,89744,89744
1392,3944,89872,89872
1393,3946,90000,90000
1394,3948,90128,90128
1395,3950,90256,90256
1396,3967,90384,90384
1397,3968,90512,90512
1398,3974,90640,90640
1399,3976,90768,90768
1400,3978,90896,90896
1401,4017,91024,91024
1402,4018,91152,91152
1403,4021,91280,91280
1404,4022,91408,91408
1405,4025,91536,91536
1406,4027,91664,91664
1407,4029,91792,91792
1408,4031,91920,91920
1409,4035,92048,92048
1410,4037,92176,92176
1411,4054,92304,92304
1412,4055,92432,92432
1413,4061,92560,92560
1414,4063,92688,92688
1415,4065,92816,92816
1416,4100,92944,92944
1417,4101,93072,93072
1418,4104,93200,93200
1419,4105,93328,93328
1420,4108,93456,93456
1421,4110,93584,93584
1422,4112,93712,93712
1423,4114,93840,93840
1424,4118,93968,93968
1425,4120,94096,94096
1426,4137,94224,94224
1427,4138,94352,94352
1428,4144,94480,94480
1429,4146,94608,94608
1430,4148,94736,94736
1431,4183,94864,94864
1432,4184,94992,94992
1433,4187,95120,95120
1434,4188,95248,95248
1435,4191,95376,95376
1436,4193,95504,95504
1437,4195,95632,95632
1438,4197,95760,95760
1439,4201,95888,95888
1440,4203,96016,96016
1441,4220,96144,96144
1442,4221,96272,96272
1443,4227,96400,96400
1444,4229,96528,96528
1445,4231,96656,96656
1446,4266,96784,96784
1447,4267,96912,96912
1448,4270,97040,97040
1449,4271,97168,97168
1450,4274,97296,97296
1451,4276,97424,97424
1452,4278,97552,97552
1453,4280,97680,97680
1454,4284,97808,97808
1455,4286,97936,97936
1456,4303,98064,98064
1457,4304,98192,98192
1458,4310,98320,98320
1459,4312,98448,98448
1460,4314,98576,98576
1461,4349,98704,98704
1462,4350,98832,98832
1463,4353,98960,98960
1464,4354,99088,99088
1465,4357,99216,99216
1466,4359,99344,99344
1467,4361,99472,99472
1468,4363,99600,99600
1469,4367,99728,99728
1470,4369,99856,99856
1471,4386,99984,99984
1472,4387,100112,100112
1473,4393,100240,100240
1474,4395,100368,100368
1475,4397,100496,100496
1476,4432,100624,100624
1477,4433,100752,100752
1478,4436,100880,100880
1479,4437,101008,101008
1480,4440,101136,101136
1481,4442,101264,101264
1482,4444,101392,101392
1483,4446,101520,101520
1484,4450,101648,101648
1485,4452,101776,101776
1486,4469,101904,101904
1487,4470,102032,102032
1488,4476,102160,102160
1489,4478,102288,102288
1490,4480,102416,102416
1491,4515,102544,102544
1492,4516,102672,102672
1493,4519,102800,102800
1494,4520,102928,102928
1495,4523,103056,103056
1496,4525,103184,103184
1497,4527,103312,103312
1498,4529,103440,103440
1499,4533,103568,103568
1500,4535,103696,103696
1501,4552,103824,103824
1502,4553,103952,103952
1503,4559,104080,104080
1504,4561,104208,104208
1505,4563,104336,104336
1506,4598,104464,104464
1507,4599,104592,104592
1508,4602,104720,104720
1509,4603,104848,104848
1510,4606,104976,104976
1511,4608,105104,105104
1512,4610,105232,105232
1513,4612,105360,105360
1514,4616,105488,105488
1515,4618,105616,105616
1516,1,105872,105872
1517,3,105872,105872
1518,7,105872,105872
1519,2,106128,106128
1520,4,106128,106128
1521,8,106128,106128
1522,9,106128,106128
1523,4627,106128,106128
1524,4628,106128,106128
1525,14,106128,106128
1526,15,106128,106128
1527,10,106384,106384
1528,12,106384,106384
1529,16,106384,106384
1530,11,106640,106640
1531,13,106640,106640
1532,17,106640,106640
1533,18,106640,106640
1534,4631,106640,106640
1535,4632,106640,106640
1536,21,106640,106640
1537,4624,106640,106640
1538,22,106640,106640
1539,25,106640,106640
1540,4636,106624,106640
1541,27,106624,106640
1542,4633,106496,106640
1543,4634,106368,106640
1544,29,106368,106640
1545,4637,106240,106640
1546,31,106240,106640
1547,34,106240,106640
1548,4639,106112,106640
1549,4641,106096,106640
1550,35,106096,106640
1551,40,106096,106640
1552,41,106096,106640
1553,36,106352,106640
1554,38,106352,106640
1555,4638,106224,106640
1556,42,106224,106640
1557,37,106480,106640
1558,39,106480,106640
1559,43,106480,106640
1560,44,106480,106640
1561,4645,106480,106640
1562,4646,106480,106640
1563,54,106480,106640
1564,4642,106480,106640
1565,45,106480,106640
1566,48,106480,106640
1567,50,106480,106640
1568,4643,106224,106640
1569,49,106224,106640
1570,46,106480,106640
1571,47,106480,106640
1572,51,106480,106640
1573,52,106480,106640
1574,4649,106480,106640
1575,4650,106480,106640
1576,56,106480,106640
1577,4647,106480,106640
1578,57,106480,106640
1579,60,106480,106640
1580,61,106480,106640
1581,63,106480,106640
1582,58,106736,106736
1583,59,106736,106736
1584,62,106736,106736
1585,64,106736,106736
1586,4655,106736,106736
1587,4656,106736,106736
1588,67,106736,106736
1589,68,106736,106736
1590,70,106736,106736
1591,65,106992,106992
1592,66,106992,106992
1593,69,106992,106992
1594,71,106992,106992
1595,4658,106992,106992
1596,4659,106992,106992
1597,74,106992,106992
1598,4653,106992,106992
1599,75,106992,106992
1600,78,106992,106992
1601,4663,106976,106992
1602,80,106976,106992
1603,4660,106848,106992
1604,4661,106720,106992
1605,82,106720,106992
1606,4664,106592,106992
1607,84,106592,106992
1608,87,106592,106992
1609,4666,106464,106992
1610,4668,106448,106992
1611,88,106448,106992
1612,91,106448,106992
1613,92,106448,106992
1614,94,106448,106992
1615,89,106704,106992
1616,90,106704,106992
1617,4665,106576,106992
1618,93,106576,106992
1619,95,106576,106992
1620,4671,106576,106992
1621,4672,106576,106992
1622,103,106576,106992
1623,4669,106576,106992
1624,96,106576,106992
1625,97,106576,106992
1626,99,106576,106992
1627,4670,106320,106992
1628,98,106320,106992
1629,100,106320,106992
1630,101,106320,106992
1631,4674,106320,106992
1632,4675,106320,106992
1633,105,106320,106992
1634,4673,106320,106992
1635,106,106320,106992
1636,109,106320,106992
1637,110,106320,106992
1638,112,106320,106992
1639,107,106576,106992
1640,108,106576,106992
1641,111,106576,106992
1642,113,106576,106992
1643,4680,106576,106992
1644,4681,106576,106992
1645,116,106576,106992
1646,117,106576,106992
1647,119,106576,106992
1648,114,106832,106992
1649,115,106832,106992
1650,118,106832,106992
1651,120,106832,106992
1652,4683,106832,106992
1653,4684,106832,106992
1654,123,106832,106992
1655,4678,106832,106992
1656,124,106832,106992
1657,127,106832,106992
1658,4688,106816,106992
1659,129,106816,106992
1660,4685,106688,106992
1661,4686,106560,106992
1662,131,106560,106992
1663,4689,106432,106992
1664,133,106432,106992
1665,136,106432,106992
1666,4691,106304,106992
1667,4693,106288,106992
1668,137,106288,106992
1669,140,106288,106992
1670,141,106288,106992
1671,143,106288,106992
1672,138,106544,106992
1673,139,106544,106992
1674,4690,106416,106992
1675,142,106416,106992
1676,144,106416,106992
1677,4696,106416,106992
1678,4697,106416,106992
1679,152,106416,106992
1680,4694,106416,106992
1681,145,106416,106992
1682,146,106416,106992
1683,148,106416,106992
1684,4695,106160,106992
1685,147,106160,106992
1686,149,106160,106992
1687,150,106160,106992
1688,4699,106160,106992
1689,4700,106160,106992
1690,154,106160,106992
1691,4698,106160,106992
1692,155,106160,106992
1693,158,106160,106992
1694,159,106160,106992
1695,161,106160,106992
1696,156,106416,106992
1697,157,106416,106992
1698,160,106416,106992
1699,162,106416,106992
1700,4705,106416,106992
1701,4706,106416,106992
1702,165,106416,106992
1703,166,106416,106992
1704,168,106416,106992
1705,163,106672,106992
1706,164,106672,106992
1707,167,106672,106992
1708,169,106672,106992
1709,4708,106672,106992
1710,4709,106672,106992
1711,172,106672,106992
1712,4703,106672,106992
1713,173,106672,106992
1714,176,106672,106992
1715,4713,106656,106992
1716,178,106656,106992
1717,4710,106528,106992
1718,4711,106400,106992
1719,180,106400,106992
1720,4714,106272,106992
1721,182,106272,106992
1722,185,106272,106992
1723,4716,106144,106992
1724,4718,106128,106992
1725,186,106128,106992
1726,189,106128,106992
1727,190,106128,106992
1728,192,106128,106992
1729,187,106384,106992
1730,188,106384,106992
1731,4715,106256,106992
1732,191,106256,106992
1733,193,106256,106992
1734,4721,106256,106992
1735,4722,106256,106992
1736,201,106256,106992
1737,4719,106256,106992
1738,194,106256,106992
1739,195,106256,106992
1740,197,106256,106992
1741,4720,106000,106992
1742,196,106000,106992
1743,198,106000,106992
1744,199,106000,106992
1745,4724,106000,106992
1746,4725,106000,106992
1747,203,106000,106992
1748,4723,106000,106992
1749,204,106000,106992
1750,207,106000,106992
1751,208,106000,106992
1752,210,106000,106992
1753,205,106256,106992
1754,206,106256,106992
1755,209,106256,106992
1756,211,106256,106992
1757,4730,106256,106992
1758,4731,106256,106992
1759,214,106256,106992
1760,215,106256,106992
1761,217,106256,106992
1762,212,106512,106992
1763,213,106512,106992
1764,216,106512,106992
1765,218,106512,106992
1766,4733,106512,106992
1767,4734,106512,106992
1768,221,106512,106992
1769,4728,106512,106992
1770,222,106512,106992
1771,225,106512,106992
1772,4738,106496,106992
1773,227,106496,106992
1774,4735,106368,106992
1775,4736,106240,106992
1776,229,106240,106992
1777,4739,106112,106992
1778,231,106112,106992
1779,234,106112,106992
1780,4741,105984,106992
1781,4743,105968,106992
1782,235,105968,106992
1783,238,105968,106992
1784,239,105968,106992
1785,241,105968,106992
1786,236,106224,106992
1787,237,106224,106992
1788,4740,106096,106992
1789,240,106096,106992
1790,242,106096,106992
1791,4746,106096,106992
1792,4747,106096,106992
1793,250,106096,106992
1794,4744,106096,106992
1795,243,106096,106992
1796,244,106096,106992
1797,246,106096,106992
1798,4745,105840,106992
1799,245,105840,106992
1800,247,105840,106992
1801,248,105840,106992
1802,4749,105840,106992
1803,4750,105840,106992
1804,252,105840,106992
1805,4748,105840,106992
1806,253,105840,106992
1807,256,105840,106992
1808,257,105840,106992
1809,259,105840,106992
1810,254,106096,106992
1811,255,106096,106992
1812,258,106096,106992
1813,260,106096,106992
1814,4755,106096,106992
1815,4756,106096,106992
1816,263,106096,106992
1817,264,106096,106992
1818,266,106096,106992
1819,261,106352,106992
1820,262,106352,106992
1821,265,106352,106992
1822,267,106352,106992
1823,4758,106352,106992
1824,4759,106352,106992
1825,270,106352,106992
1826,4753,106352,106992
1827,271,106352,106992
1828,274,106352,106992
1829,4763,106336,106992
1830,276,106336,106992
1831,4760,106208,106992
1832,4761,106080,106992
1833,278,106080,106992
1834,4764,105952,106992
1835,280,105952,106992
1836,283,105952,106992
1837,4766,105824,106992
1838,4768,105808,106992
1839,284,105808,106992
1840,287,105808,106992
1841,288,105808,106992
1842,290,105808,106992
1843,285,106064,106992
1844,286,106064,106992
1845,4765,105936,106992
1846,289,105936,106992
1847,291,105936,106992
1848,4771,105936,106992
1849,4772,105936,106992
1850,299,105936,106992
1851,4769,105936,106992
1852,292,105936,106992
1853,293,105936,106992
1854,295,105936,106992
1855,4770,105680,106992
1856,294,105680,106992
1857,296,105680,106992
1858,297,105680,106992
1859,4774,105680,106992
1860,4775,105680,106992
1861,301,105680,106992
1862,4773,105680,106992
1863,302,105680,106992
1864,305,105680,106992
1865,306,105680,106992
1866,308,105680,106992
1867,303,105936,106992
1868,304,105936,106992
1869,307,105936,106992
1870,309,105936,106992
1871,4780,105936,106992
1872,4781,105936,106992
1873,312,105936,106992
1874,313,105936,106992
1875,315,105936,106992
1876,310,106192,106992
1877,311,106192,106992
1878,314,106192,106992
1879,316,106192,106992
1880,4783,106192,106992
1881,4784,106192,106992
1882,319,106192,106992
1883,4778,106192,106992
1884,320,106192,106992
1885,323,106192,106992
1886,4788,106176,106992
1887,325,106176,106992
1888,4785,106048,106992
1889,4786,105920,106992
1890,327,105920,106992
1891,4789,105792,106992
1892,329,105792,106992
1893,332,105792,106992
1894,4791,105664,106992
1895,4793,105648,106992
1896,333,105648,106992
1897,336,105648,106992
1898,337,105648,106992
1899,339,105648,106992
1900,334,105904,106992
1901,335,105904,106992
1902,4790,105776,106992
1903,338,105776,106992
1904,340,105776,106992
1905,4796,105776,106992
1906,4797,105776,106992
1907,348,105776,106992
1908,4794,105776,106992
1909,341,105776,106992
1910,342,105776,106992
1911,344,105776,106992
1912,4795,105520,106992
1913,343,105520,106992
1914,345,105520,106992
1915,346,105520,106992
1916,4799,105520,106992
1917,4800,105520,106992
1918,350,105520,106992
1919,4798,105520,106992
1920,351,105520,106992
1921,354,105520,106992
1922,355,105520,106992
1923,357,105520,106992
1924,4626,105264,106992
1925,352,105520,106992
1926,353,105520,106992
1927,356,105520,106992
1928,358,105520,106992
1929,4805,105520,106992
1930,4806,105520,106992
1931,361,105520,106992
1932,362,105520,106992
1933,364,105520,106992
1934,4630,105264,106992
1935,359,105520,106992
1936,360,105520,106992
1937,363,105520,106992
1938,365,105520,106992
1939,4808,105520,106992
1940,4809,105520,106992
1941,368,105520,106992
1942,4803,105520,106992
1943,369,105520,106992
1944,372,105520,106992
1945,4813,105504,106992
1946,374,105504,106992
1947,4810,105376,106992
1948,4811,105248,106992
1949,376,105248,106992
1950,4814,105120,106992
1951,378,105120,106992
1952,381,105120,106992
1953,4816,104992,106992
1954,4818,104976,106992
1955,382,104976,106992
1956,385,104976,106992
1957,386,104976,106992
1958,388,104976,106992
1959,4644,104720,106992
1960,383,104976,106992
1961,384,104976,106992
1962,4815,104848,106992
1963,387,104848,106992
1964,389,104848,106992
1965,4821,104848,106992
1966,4822,104848,106992
1967,397,104848,106992
1968,4819,104848,106992
1969,390,104848,106992
1970,391,104848,106992
1971,393,104848,106992
1972,4820,104592,106992
1973,392,104592,106992
1974,394,104592,106992
1975,4648,104336,106992
1976,395,104336,106992
1977,4824,104336,106992
1978,4825,104336,106992
1979,399,104336,106992
1980,4823,104336,106992
1981,400,104336,106992
1982,403,104336,106992
1983,405,104336,106992
1984,404,104336,106992
1985,401,104592,106992
1986,402,104592,106992
1987,406,104592,106992
1988,407,104592,106992
1989,4830,104592,106992
1990,4831,104592,106992
1991,410,104592,106992
1992,412,104592,106992
1993,411,104592,106992
1994,408,104848,106992
1995,409,104848,106992
1996,413,104848,106992
1997,414,104848,106992
1998,4833,104848,106992
1999,4834,104848,106992
2000,417,104848,106992
2001,4828,104848,106992
2002,418,104848,106992
2003,421,104848,106992
2004,4838,104832,106992
2005,423,104832,106992
2006,4835,104704,106992
2007,4836,104576,106992
2008,425,104576,106992
2009,4839,104448,106992
2010,427,104448,106992
2011,430,104448,106992
2012,4841,104320,106992
2013,4843,104304,106992
2014,432,104304,106992
2015,434,104304,106992
2016,4635,104302,106992
2017,436,104302,106992
2018,4845,104300,106992
2019,438,104300,106992
2020,4837,104298,106992
2021,440,104298,106992
2022,4847,104296,106992
2023,442,104296,106992
2024,4842,104294,106992
2025,444,104294,106992
2026,4640,104292,106992
2027,446,104292,106992
2028,4849,104290,106992
2029,4850,104288,106992
2030,474,104288,106992
2031,4651,104160,106992
2032,476,104160,106992
2033,4652,104032,106992
2034,4846,104030,106992
2035,447,104030,106992
2036,452,104030,106992
2037,453,104030,106992
2038,448,104286,106992
2039,450,104286,106992
2040,4840,104158,106992
2041,454,104158,106992
2042,449,104414,106992
2043,451,104414,106992
2044,455,104414,106992
2045,456,104414,106992
2046,4855,104414,106992
2047,4856,104414,106992
2048,467,104414,106992
2049,4852,104414,106992
2050,468,104414,106992
2051,4861,104286,106992
2052,478,104286,106992
2053,4862,104158,106992
2054,4865,104030,106992
2055,457,104030,106992
2056,460,104030,106992
2057,462,104030,106992
2058,4853,103774,106992
2059,461,103774,106992
2060,458,104030,106992
2061,459,104030,106992
2062,463,104030,106992
2063,464,104030,106992
2064,4859,104030,106992
2065,4860,104030,106992
2066,471,104030,106992
2067,4857,104030,106992
2068,472,104030,106992
2069,4863,103902,106992
2070,4848,103900,106992
2071,480,103900,106992
2072,4864,103772,106992
2073,4866,103644,106992
2074,481,103644,106992
2075,482,103644,106992
2076,484,103644,106992
2077,483,103644,106992
2078,485,103644,106992
2079,486,103644,106992
2080,4870,103644,106992
2081,4871,103644,106992
2082,487,103644,106992
2083,489,103644,106992
2084,488,103644,106992
2085,490,103644,106992
2086,491,103644,106992
2087,4872,103644,106992
2088,4873,103644,106992
2089,494,103644,106992
2090,4869,103644,106992
2091,495,103644,106992
2092,498,103644,106992
2093,4877,103628,106992
2094,500,103628,106992
2095,4874,103500,106992
2096,4875,103372,106992
2097,502,103372,106992
2098,4878,103244,106992
2099,504,103244,106992
2100,507,103244,106992
2101,4880,103116,106992
2102,4882,103100,106992
2103,509,103100,106992
2104,511,103100,106992
2105,4662,103098,106992
2106,513,103098,106992
2107,4884,103096,106992
2108,515,103096,106992
2109,4876,103094,106992
2110,517,103094,106992
2111,4886,103092,106992
2112,519,103092,106992
2113,4881,103090,106992
2114,521,103090,106992
2115,4667,103088,106992
2116,523,103088,106992
2117,4888,103086,106992
2118,4889,103084,106992
2119,547,103084,106992
2120,4676,102956,106992
2121,549,102956,106992
2122,4677,102828,106992
2123,4885,102826,106992
2124,524,102826,106992
2125,527,102826,106992
2126,528,102826,106992
2127,530,102826,106992
2128,525,103082,106992
2129,526,103082,106992
2130,4879,102954,106992
2131,529,102954,106992
2132,531,102954,106992
2133,4893,102954,106992
2134,4894,102954,106992
2135,540,102954,106992
2136,4891,102954,106992
2137,541,102954,106992
2138,4898,102826,106992
2139,551,102826,106992
2140,4899,102698,106992
2141,4902,102570,106992
2142,532,102570,106992
2143,533,102570,106992
2144,535,102570,106992
2145,4892,102314,106992
2146,534,102314,106992
2147,536,102314,106992
2148,537,102314,106992
2149,4896,102314,106992
2150,4897,102314,106992
2151,544,102314,106992
2152,4895,102314,106992
2153,545,102314,106992
2154,4900,102186,106992
2155,4887,102184,106992
2156,553,102184,106992
2157,4901,102056,106992
2158,4903,101928,106992
2159,554,101928,106992
2160,555,101928,106992
2161,557,101928,106992
2162,556,101928,106992
2163,558,101928,106992
2164,559,101928,106992
2165,4907,101928,106992
2166,4908,101928,106992
2167,560,101928,106992
2168,562,101928,106992
2169,561,101928,106992
2170,563,101928,106992
2171,564,101928,106992
2172,4909,101928,106992
2173,4910,101928,106992
2174,567,101928,106992
2175,4906,101928,106992
2176,568,101928,106992
2177,571,101928,106992
2178,4914,101912,106992
2179,573,101912,106992
2180,4911,101784,106992
2181,4912,101656,106992
2182,575,101656,106992
2183,4915,101528,106992
2184,577,101528,106992
2185,580,101528,106992
2186,4917,101400,106992
2187,4919,101384,106992
2188,582,101384,106992
2189,584,101384,106992
2190,4687,101382,106992
2191,586,101382,106992
2192,4921,101380,106992
2193,588,101380,106992
2194,4913,101378,106992
2195,590,101378,106992
2196,4923,101376,106992
2197,592,101376,106992
2198,4918,101374,106992
2199,594,101374,106992
2200,4692,101372,106992
2201,596,101372,106992
2202,4925,101370,106992
2203,4926,101368,106992
2204,620,101368,106992
2205,4701,101240,106992
2206,622,101240,106992
2207,4702,101112,106992
2208,4922,101110,106992
2209,597,101110,106992
2210,600,101110,106992
2211,601,101110,106992
2212,603,101110,106992
2213,598,101366,106992
2214,599,101366,106992
2215,4916,101238,106992
2216,602,101238,106992
2217,604,101238,106992
2218,4930,101238,106992
2219,4931,101238,106992
2220,613,101238,106992
2221,4928,101238,106992
2222,614,101238,106992
2223,4935,101110,106992
2224,624,101110,106992
2225,4936,100982,106992
2226,4939,100854,106992
2227,605,100854,106992
2228,606,100854,106992
2229,608,100854,106992
2230,4929,100598,106992
2231,607,100598,106992
2232,609,100598,106992
2233,610,100598,106992
2234,4933,100598,106992
2235,4934,100598,106992
2236,617,100598,106992
2237,4932,100598,106992
2238,618,100598,106992
2239,4937,100470,106992
2240,4924,100468,106992
2241,626,100468,106992
2242,4938,100340,106992
2243,4940,100212,106992
2244,627,100212,106992
2245,628,100212,106992
2246,630,100212,106992
2247,629,100212,106992
2248,631,100212,106992
2249,632,100212,106992
2250,4944,100212,106992
2251,4945,100212,106992
2252,633,100212,106992
2253,635,100212,106992
2254,634,100212,106992
2255,636,100212,106992
2256,637,100212,106992
2257,4946,100212,106992
2258,4947,100212,106992
2259,640,100212,106992
2260,4943,100212,106992
2261,641,100212,106992
2262,644,100212,106992
2263,4951,100196,106992
2264,646,100196,106992
2265,4948,100068,106992
2266,4949,99940,106992
2267,648,99940,106992
2268,4952,99812,106992
2269,650,99812,106992
2270,653,99812,106992
2271,4954,99684,106992
2272,4956,99668,106992
2273,655,99668,106992
2274,657,99668,106992
2275,4712,99666,106992
2276,659,99666,106992
2277,4958,99664,106992
2278,661,99664,106992
2279,4950,99662,106992
2280,663,99662,106992
2281,4960,99660,106992
2282,665,99660,106992
2283,4955,99658,106992
2284,667,99658,106992
2285,4717,99656,106992
2286,669,99656,106992
2287,4962,99654,106992
2288,4963,99652,106992
2289,693,99652,106992
2290,4726,99524,106992
2291,695,99524,106992
2292,4727,99396,106992
2293,4959,99394,106992
2294,670,99394,106992
2295,673,99394,106992
2296,674,99394,106992
2297,676,99394,106992
2298,671,99650,106992
2299,672,99650,106992
2300,4953,99522,106992
2301,675,99522,106992
2302,677,99522,106992
2303,4967,99522,106992
2304,4968,99522,106992
2305,686,99522,106992
2306,4965,99522,106992
2307,687,99522,106992
2308,4972,99394,106992
2309,697,99394,106992
2310,4973,99266,106992
2311,4976,99138,106992
2312,678,99138,106992
2313,679,99138,106992
2314,681,99138,106992
2315,4966,98882,106992
2316,680,98882,106992
2317,682,98882,106992
2318,683,98882,106992
2319,4970,98882,106992
2320,4971,98882,106992
2321,690,98882,106992
2322,4969,98882,106992
2323,691,98882,106992
2324,4974,98754,106992
2325,4961,98752,106992
2326,699,98752,106992
2327,4975,98624,106992
2328,4977,98496,106992
2329,700,98496,106992
2330,701,98496,106992
2331,703,98496,106992
2332,702,98496,106992
2333,704,98496,106992
2334,705,98496,106992
2335,4981,98496,106992
2336,4982,98496,106992
2337,706,98496,106992
2338,708,98496,106992
2339,707,98496,106992
2340,709,98496,106992
2341,710,98496,106992
2342,4983,98496,106992
2343,4984,98496,106992
2344,713,98496,106992
2345,4980,98496,106992
2346,714,98496,106992
2347,717,98496,106992
2348,4988,98480,106992
2349,719,98480,106992
2350,4985,98352,106992
2351,4986,98224,106992
2352,721,98224,106992
2353,4989,98096,106992
2354,723,98096,106992
2355,726,98096,106992
2356,4991,97968,106992
2357,4993,97952,106992
2358,728,97952,106992
2359,730,97952,106992
2360,4737,97950,106992
2361,732,97950,106992
2362,4995,97948,106992
2363,734,97948,106992
2364,4987,97946,106992
2365,736,97946,106992
2366,4997,97944,106992
2367,738,97944,106992
2368,4992,97942,106992
2369,740,97942,106992
2370,4742,97940,106992
2371,742,97940,106992
2372,4999,97938,106992
2373,5000,97936,106992
2374,766,97936,106992
2375,4751,97808,106992
2376,768,97808,106992
2377,4752,97680,106992
2378,4996,97678,106992
2379,743,97678,106992
2380,746,97678,106992
2381,747,97678,106992
2382,749,97678,106992
2383,744,97934,106992
2384,745,97934,106992
2385,4990,97806,106992
2386,748,97806,106992
2387,750,97806,106992
2388,5004,97806,106992
2389,5005,97806,106992
2390,759,97806,106992
2391,5002,97806,106992
2392,760,97806,106992
2393,5009,97678,106992
2394,770,97678,106992
2395,5010,97550,106992
2396,5013,97422,106992
2397,751,97422,106992
2398,752,97422,106992
2399,754,97422,106992
2400,5003,97166,106992
2401,753,97166,106992
2402,755,97166,106992
2403,756,97166,106992
2404,5007,97166,106992
2405,5008,97166,106992
2406,763,97166,106992
2407,5006,97166,106992
2408,764,97166,106992
2409,5011,97038,106992
2410,4998,97036,106992
2411,772,97036,106992
2412,5012,96908,106992
2413,5014,96780,106992
2414,773,96780,106992
2415,774,96780,106992
2416,776,96780,106992
2417,775,96780,106992
2418,777,96780,106992
2419,778,96780,106992
2420,5018,96780,106992
2421,5019,96780,106992
2422,779,96780,106992
2423,781,96780,106992
2424,780,96780,106992
2425,782,96780,106992
2426,783,96780,106992
2427,5020,96780,106992
2428,5021,96780,106992
2429,786,96780,106992
2430,5017,96780,106992
2431,787,96780,106992
2432,790,96780,106992
2433,5025,96764,106992
2434,792,96764,106992
2435,5022,96636,106992
2436,5023,96508,106992
2437,794,96508,106992
2438,5026,96380,106992
2439,796,96380,106992
2440,799,96380,106992
2441,5028,96252,106992
2442,5030,96236,106992
2443,801,96236,106992
2444,803,96236,106992
2445,4762,96234,106992
2446,805,96234,106992
2447,5032,96232,106992
2448,807,96232,106992
2449,5024,96230,106992
2450,809,96230,106992
2451,5034,96228,106992
2452,811,96228,106992
2453,5029,96226,106992
2454,813,96226,106992
2455,4767,96224,106992
2456,815,96224,106992
2457,5036,96222,106992
2458,5037,96220,106992
2459,839,96220,106992
2460,4776,96092,106992
2461,841,96092,106992
2462,4777,95964,106992
2463,5033,95962,106992
2464,816,95962,106992
2465,819,95962,106992
2466,820,95962,106992
2467,822,95962,106992
2468,817,96218,106992
2469,818,96218,106992
2470,5027,96090,106992
2471,821,96090,106992
2472,823,96090,106992
2473,5041,96090,106992
2474,5042,96090,106992
2475,832,96090,106992
2476,5039,96090,106992
2477,833,96090,106992
2478,5046,95962,106992
2479,843,95962,106992
2480,5047,95834,106992
2481,5050,95706,106992
2482,824,95706,106992
2483,825,95706,106992
2484,827,95706,106992
2485,5040,95450,106992
2486,826,95450,106992
2487,828,95450,106992
2488,829,95450,106992
2489,5044,95450,106992
2490,5045,95450,106992
2491,836,95450,106992
2492,5043,95450,106992
2493,837,95450,106992
2494,5048,95322,106992
2495,5035,95320,106992
2496,845,95320,106992
2497,5049,95192,106992
2498,5051,95064,106992
2499,846,95064,106992
2500,847,95064,106992
2501,849,95064,106992
2502,848,95064,106992
2503,850,95064,106992
2504,851,95064,106992
2505,5055,95064,106992
2506,5056,95064,106992
2507,852,95064,106992
2508,854,95064,106992
2509,853,95064,106992
2510,855,95064,106992
2511,856,95064,106992
2512,5057,95064,106992
2513,5058,95064,106992
2514,859,95064,106992
2515,5054,95064,106992
2516,860,95064,106992
2517,863,95064,106992
2518,5062,95048,106992
2519,865,95048,106992
2520,5059,94920,106992
2521,5060,94792,106992
2522,867,94792,106992
2523,5063,94664,106992
2524,869,94664,106992
2525,872,94664,106992
2526,5065,94536,106992
2527,5067,94520,106992
2528,874,94520,106992
2529,876,94520,106992
2530,4787,94518,106992
2531,878,94518,106992
2532,5069,94516,106992
2533,880,94516,106992
2534,5061,94514,106992
2535,882,94514,106992
2536,5071,94512,106992
2537,884,94512,106992
2538,5066,94510,106992
2539,886,94510,106992
2540,4792,94508,106992
2541,888,94508,106992
2542,5073,94506,106992
2543,5074,94504,106992
2544,912,94504,106992
2545,4801,94376,106992
2546,914,94376,106992
2547,4802,94248,106992
2548,5070,94246,106992
2549,889,94246,106992
2550,892,94246,106992
2551,893,94246,106992
2552,895,94246,106992
2553,890,94502,106992
2554,891,94502,106992
2555,5064,94374,106992
2556,894,94374,106992
2557,896,94374,106992
2558,5078,94374,106992
2559,5079,94374,106992
2560,905,94374,106992
2561,5076,94374,106992
2562,906,94374,106992
2563,5083,94246,106992
2564,916,94246,106992
2565,5084,94118,106992
2566,5087,93990,106992
2567,897,93990,106992
2568,898,93990,106992
2569,900,93990,106992
2570,5077,93734,106992
2571,899,93734,106992
2572,901,93734,106992
2573,902,93734,106992
2574,5081,93734,106992
2575,5082,93734,106992
2576,909,93734,106992
2577,5080,93734,106992
2578,910,93734,106992
2579,5085,93606,106992
2580,5072,93604,106992
2581,918,93604,106992
2582,5086,93476,106992
2583,5088,93348,106992
2584,919,93348,106992
2585,920,93348,106992
2586,922,93348,106992
2587,921,93348,106992
2588,923,93348,106992
2589,4829,93092,106992
2590,924,93092,106992
2591,5092,93092,106992
2592,5093,93092,106992
2593,925,93092,106992
2594,927,93092,106992
2595,926,93092,106992
2596,928,93092,106992
2597,4832,92836,106992
2598,929,92836,106992
2599,5094,92836,106992
2600,5095,92836,106992
2601,932,92836,106992
2602,5091,92836,106992
2603,933,92836,106992
2604,936,92836,106992
2605,5099,92820,106992
2606,938,92820,106992
2607,5096,92692,106992
2608,5097,92564,106992
2609,940,92564,106992
2610,5100,92436,106992
2611,942,92436,106992
2612,945,92436,106992
2613,5102,92308,106992
2614,5104,92292,106992
2615,947,92292,106992
2616,949,92292,106992
2617,4812,92290,106992
2618,951,92290,106992
2619,5106,92288,106992
2620,953,92288,106992
2621,5098,92286,106992
2622,955,92286,106992
2623,5108,92284,106992
2624,957,92284,106992
2625,5103,92282,106992
2626,959,92282,106992
2627,4817,92280,106992
2628,961,92280,106992
2629,5110,92278,106992
2630,5111,92276,106992
2631,985,92276,106992
2632,4826,92148,106992
2633,987,92148,106992
2634,4827,92020,106992
2635,5107,92018,106992
2636,962,92018,106992
2637,965,92018,106992
2638,966,92018,106992
2639,968,92018,106992
2640,4854,91762,106992
2641,963,92018,106992
2642,964,92018,106992
2643,5101,91890,106992
2644,967,91890,106992
2645,969,91890,106992
2646,5115,91890,106992
2647,5116,91890,106992
2648,978,91890,106992
2649,5113,91890,106992
2650,979,91890,106992
2651,5120,91762,106992
2652,989,91762,106992
2653,5121,91634,106992
2654,5124,91506,106992
2655,970,91506,106992
2656,971,91506,106992
2657,973,91506,106992
2658,5114,91250,106992
2659,972,91250,106992
2660,974,91250,106992
2661,4858,90994,106992
2662,975,90994,106992
2663,5118,90994,106992
2664,5119,90994,106992
2665,982,90994,106992
2666,5117,90994,106992
2667,983,90994,106992
2668,5122,90866,106992
2669,5109,90864,106992
2670,991,90864,106992
2671,5123,90736,106992
2672,5125,90608,106992
2673,992,90608,106992
2674,995,90608,106992
2675,997,90608,106992
2676,996,90608,106992
2677,993,90864,106992
2678,994,90864,106992
2679,998,90864,106992
2680,999,90864,106992
2681,5130,90864,106992
2682,5131,90864,106992
2683,1002,90864,106992
2684,1004,90864,106992
2685,1003,90864,106992
2686,1000,91120,106992
2687,1001,91120,106992
2688,1005,91120,106992
2689,1006,91120,106992
2690,5133,91120,106992
2691,5134,91120,106992
2692,1009,91120,106992
2693,5128,91120,106992
2694,1010,91120,106992
2695,1013,91120,106992
2696,5138,91104,106992
2697,1015,91104,106992
2698,5135,90976,106992
2699,5136,90848,106992
2700,1017,90848,106992
2701,5139,90720,106992
2702,1019,90720,106992
2703,1022,90720,106992
2704,5141,90592,106992
2705,5143,90576,106992
2706,1024,90576,106992
2707,1026,90576,106992
2708,4844,90574,106992
2709,1028,90574,106992
2710,5145,90572,106992
2711,1030,90572,106992
2712,5137,90570,106992
2713,1032,90570,106992
2714,5147,90568,106992
2715,1034,90568,106992
2716,5142,90566,106992
2717,1036,90566,106992
2718,4851,90564,106992
2719,1038,90564,106992
2720,5149,90562,106992
2721,5150,90560,106992
2722,1066,90560,106992
2723,4867,90432,106992
2724,1068,90432,106992
2725,4868,90304,106992
2726,5146,90302,106992
2727,1039,90302,106992
2728,1044,90302,106992
2729,1045,90302,106992
2730,1040,90558,106992
2731,1042,90558,106992
2732,5140,90430,106992
2733,1046,90430,106992
2734,1041,90686,106992
2735,1043,90686,106992
2736,1047,90686,106992
2737,1048,90686,106992
2738,5155,90686,106992
2739,5156,90686,106992
2740,1059,90686,106992
2741,5152,90686,106992
2742,1060,90686,106992
2743,5161,90558,106992
2744,1070,90558,106992
2745,5162,90430,106992
2746,5165,90302,106992
2747,1049,90302,106992
2748,1052,90302,106992
2749,1054,90302,106992
2750,5153,90046,106992
2751,1053,90046,106992
2752,1050,90302,106992
2753,1051,90302,106992
2754,1055,90302,106992
2755,1056,90302,106992
2756,5159,90302,106992
2757,5160,90302,106992
2758,1063,90302,106992
2759,5157,90302,106992
2760,1064,90302,106992
2761,5163,90174,106992
2762,5148,90172,106992
2763,1072,90172,106992
2764,5164,90044,106992
2765,5166,89916,106992
2766,1073,89916,106992
2767,1074,89916,106992
2768,1076,89916,106992
2769,1075,89916,106992
2770,1077,89916,106992
2771,1078,89916,106992
2772,5170,89916,106992
2773,5171,89916,106992
2774,1079,89916,106992
2775,1081,89916,106992
2776,1080,89916,106992
2777,1082,89916,106992
2778,1083,89916,106992
2779,5172,89916,106992
2780,5173,89916,106992
2781,1086,89916,106992
2782,5169,89916,106992
2783,1087,89916,106992
2784,1090,89916,106992
2785,5177,89900,106992
2786,1092,89900,106992
2787,5174,89772,106992
2788,5175,89644,106992
2789,1094,89644,106992
2790,5178,89516,106992
2791,1096,89516,106992
2792,1099,89516,106992
2793,5180,89388,106992
2794,5182,89372,106992
2795,1101,89372,106992
2796,1103,89372,106992
2797,4883,89370,106992
2798,1105,89370,106992
2799,5184,89368,106992
2800,1107,89368,106992
2801,5176,89366,106992
2802,1109,89366,106992
2803,5186,89364,106992
2804,1111,89364,106992
2805,5181,89362,106992
2806,1113,89362,106992
2807,4890,89360,106992
2808,1115,89360,106992
2809,5188,89358,106992
2810,5189,89356,106992
2811,1139,89356,106992
2812,4904,89228,106992
2813,1141,89228,106992
2814,4905,89100,106992
2815,5185,89098,106992
2816,1116,89098,106992
2817,1119,89098,106992
2818,1120,89098,106992
2819,1122,89098,106992
2820,1117,89354,106992
2821,1118,89354,106992
2822,5179,89226,106992
2823,1121,89226,106992
2824,1123,89226,106992
2825,5193,89226,106992
2826,5194,89226,106992
2827,1132,89226,106992
2828,5191,89226,106992
2829,1133,89226,106992
2830,5198,89098,106992
2831,1143,89098,106992
2832,5199,88970,106992
2833,5202,88842,106992
2834,1124,88842,106992
2835,1125,88842,106992
2836,1127,88842,106992
2837,5192,88586,106992
2838,1126,88586,106992
2839,1128,88586,106992
2840,1129,88586,106992
2841,5196,88586,106992
2842,5197,88586,106992
2843,1136,88586,106992
2844,5195,88586,106992
2845,1137,88586,106992
2846,5200,88458,106992
2847,5187,88456,106992
2848,1145,88456,106992
2849,5201,88328,106992
2850,5203,88200,106992
2851,1146,88200,106992
2852,1147,88200,106992
2853,1149,88200,106992
2854,1148,88200,106992
2855,1150,88200,106992
2856,1151,88200,106992
2857,5207,88200,106992
2858,5208,88200,106992
2859,1152,88200,106992
2860,1154,88200,106992
2861,1153,88200,106992
2862,1155,88200,106992
2863,1156,88200,106992
2864,5209,88200,106992
2865,5210,88200,106992
2866,1159,88200,106992
2867,5206,88200,106992
2868,1160,88200,106992
2869,1163,88200,106992
2870,5214,88184,106992
2871,1165,88184,106992
2872,5211,88056,106992
2873,5212,87928,106992
2874,1167,87928,106992
2875,5215,87800,106992
2876,1169,87800,106992
2877,1172,87800,106992
2878,5217,87672,106992
2879,5219,87656,106992
2880,1174,87656,106992
2881,1176,87656,106992
2882,4920,87654,106992
2883,1178,87654,106992
2884,5221,87652,106992
2885,1180,87652,106992
2886,5213,87650,106992
2887,1182,87650,106992
2888,5223,87648,106992
2889,1184,87648,106992
2890,5218,87646,106992
2891,1186,87646,106992
2892,4927,87644,106992
2893,1188,87644,106992
2894,5225,87642,106992
2895,5226,87640,106992
2896,1212,87640,106992
2897,4941,87512,106992
2898,1214,87512,106992
2899,4942,87384,106992
2900,5222,87382,106992
2901,1189,87382,106992
2902,1192,87382,106992
2903,1193,87382,106992
2904,1195,87382,106992
2905,1190,87638,106992
2906,1191,87638,106992
2907,5216,87510,106992
2908,1194,87510,106992
2909,1196,87510,106992
2910,5230,87510,106992
2911,5231,87510,106992
2912,1205,87510,106992
2913,5228,87510,106992
2914,1206,87510,106992
2915,5235,87382,106992
2916,1216,87382,106992
2917,5236,87254,106992
2918,5239,87126,106992
2919,1197,87126,106992
2920,1198,87126,106992
2921,1200,87126,106992
2922,5229,86870,106992
2923,1199,86870,106992
2924,1201,86870,106992
2925,1202,86870,106992
2926,5233,86870,106992
2927,5234,86870,106992
2928,1209,86870,106992
2929,5232,86870,106992
2930,1210,86870,106992
2931,5237,86742,106992
2932,5224,86740,106992
2933,1218,86740,106992
2934,5238,86612,106992
2935,5240,86484,106992
2936,1219,86484,106992
2937,1220,86484,106992
2938,1222,86484,106992
2939,1221,86484,106992
2940,1223,86484,106992
2941,1224,86484,106992
2942,5244,86484,106992
2943,5245,86484,106992
2944,1225,86484,106992
2945,1227,86484,106992
2946,1226,86484,106992
2947,1228,86484,106992
2948,1229,86484,106992
2949,5246,86484,106992
2950,5247,86484,106992
2951,1232,86484,106992
2952,5243,86484,106992
2953,1233,86484,106992
2954,1236,86484,106992
2955,5251,86468,106992
2956,1238,86468,106992
2957,5248,86340,106992
2958,5249,86212,106992
2959,1240,86212,106992
2960,5252,86084,106992
2961,1242,86084,106992
2962,1245,86084,106992
2963,5254,85956,106992
2964,5256,85940,106992
2965,1247,85940,106992
2966,1249,85940,106992
2967,4957,85938,106992
2968,1251,85938,106992
2969,5258,85936,106992
2970,1253,85936,106992
2971,5250,85934,106992
2972,1255,85934,106992
2973,5260,85932,106992
2974,1257,85932,106992
2975,5255,85930,106992
2976,1259,85930,106992
2977,4964,85928,106992
2978,1261,85928,106992
2979,5262,85926,106992
2980,5263,85924,106992
2981,1285,85924,106992
2982,4978,85796,106992
2983,1287,85796,106992
2984,4979,85668,106992
2985,5259,85666,106992
2986,1262,85666,106992
2987,1265,85666,106992
2988,1266,85666,106992
2989,1268,85666,106992
2990,1263,85922,106992
2991,1264,85922,106992
2992,5253,85794,106992
2993,1267,85794,106992
2994,1269,85794,106992
2995,5267,85794,106992
2996,5268,85794,106992
2997,1278,85794,106992
2998,5265,85794,106992
2999,1279,85794,106992
3000,5272,85666,106992
3001,1289,85666,106992
3002,5273,85538,106992
3003,5276,85410,106992
3004,1270,85410,106992
3005,1271,85410,106992
3006,1273,85410,106992
3007,5266,85154,106992
3008,1272,85154,106992
3009,1274,85154,106992
3010,1275,85154,106992
3011,5270,85154,106992
3012,5271,85154,106992
3013,1282,85154,106992
3014,5269,85154,106992
3015,1283,85154,106992
3016,5274,85026,106992
3017,5261,85024,106992
3018,1291,85024,106992
3019,5275,84896,106992
3020,5277,84768,106992
3021,1292,84768,106992
3022,1293,84768,106992
3023,1295,84768,106992
3024,1294,84768,106992
3025,1296,84768,106992
3026,1297,84768,106992
3027,5281,84768,106992
3028,5282,84768,106992
3029,1298,84768,106992
3030,1300,84768,106992
3031,1299,84768,106992
3032,1301,84768,106992
3033,1302,84768,106992
3034,5283,84768,106992
3035,5284,84768,106992
3036,1305,84768,106992
3037,5280,84768,106992
3038,1306,84768,106992
3039,1309,84768,106992
3040,5288,84752,106992
3041,1311,84752,106992
3042,5285,84624,106992
3043,5286,84496,106992
3044,1313,84496,106992
3045,5289,84368,106992
3046,1315,84368,106992
3047,1318,84368,106992
3048,5291,84240,106992
3049,5293,84224,106992
3050,1320,84224,106992
3051,1322,84224,106992
3052,4994,84222,106992
3053,1324,84222,106992
3054,5295,84220,106992
3055,1326,84220,106992
3056,5287,84218,106992
3057,1328,84218,106992
3058,5297,84216,106992
3059,1330,84216,106992
3060,5292,84214,106992
3061,1332,84214,106992
3062,5001,84212,106992
3063,1334,84212,106992
3064,5299,84210,106992
3065,5300,84208,106992
3066,1358,84208,106992
3067,5015,84080,106992
3068,1360,84080,106992
3069,5016,83952,106992
3070,5296,83950,106992
3071,1335,83950,106992
3072,1338,83950,106992
3073,1339,83950,106992
3074,1341,83950,106992
3075,1336,84206,106992
3076,1337,84206,106992
3077,5290,84078,106992
3078,1340,84078,106992
3079,1342,84078,106992
3080,5304,84078,106992
3081,5305,84078,106992
3082,1351,84078,106992
3083,5302,84078,106992
3084,1352,84078,106992
3085,5309,83950,106992
3086,1362,83950,106992
3087,5310,83822,106992
3088,5313,83694,106992
3089,1343,83694,106992
3090,1344,83694,106992
3091,1346,83694,106992
3092,5303,83438,106992
3093,1345,83438,106992
3094,1347,83438,106992
3095,1348,83438,106992
3096,5307,83438,106992
3097,5308,83438,106992
3098,1355,83438,106992
3099,5306,83438,106992
3100,1356,83438,106992
3101,5311,83310,106992
3102,5298,83308,106992
3103,1364,83308,106992
3104,5312,83180,106992
3105,5314,83052,106992
3106,1365,83052,106992
3107,1366,83052,106992
3108,1368,83052,106992
3109,1367,83052,106992
3110,1369,83052,106992
3111,1370,83052,106992
3112,5318,83052,106992
3113,5319,83052,106992
3114,1371,83052,106992
3115,1373,83052,106992
3116,1372,83052,106992
3117,1374,83052,106992
3118,1375,83052,106992
3119,5320,83052,106992
3120,5321,83052,106992
3121,1378,83052,106992
3122,5317,83052,106992
3123,1379,83052,106992
3124,1382,83052,106992
3125,5325,83036,106992
3126,1384,83036,106992
3127,5322,82908,106992
3128,5323,82780,106992
3129,1386,82780,106992
3130,5326,82652,106992
3131,1388,82652,106992
3132,1391,82652,106992
3133,5328,82524,106992
3134,5330,82508,106992
3135,1393,82508,106992
3136,1395,82508,106992
3137,5031,82506,106992
3138,1397,82506,106992
3139,5332,82504,106992
3140,1399,82504,106992
3141,5324,82502,106992
3142,1401,82502,106992
3143,5334,82500,106992
3144,1403,82500,106992
3145,5329,82498,106992
3146,1405,82498,106992
3147,5038,82496,106992
3148,1407,82496,106992
3149,5336,82494,106992
3150,5337,82492,106992
3151,1431,82492,106992
3152,5052,82364,106992
3153,1433,82364,106992
3154,5053,82236,106992
3155,5333,82234,106992
3156,1408,82234,106992
3157,1411,82234,106992
3158,1412,82234,106992
3159,1414,82234,106992
3160,1409,82490,106992
3161,1410,82490,106992
3162,5327,82362,106992
3163,1413,82362,106992
3164,1415,82362,106992
3165,5341,82362,106992
3166,5342,82362,106992
3167,1424,82362,106992
3168,5339,82362,106992
3169,1425,82362,106992
3170,5346,82234,106992
3171,1435,82234,106992
3172,5347,82106,106992
3173,5350,81978,106992
3174,1416,81978,106992
3175,1417,81978,106992
3176,1419,81978,106992
3177,5340,81722,106992
3178,1418,81722,106992
3179,1420,81722,106992
3180,1421,81722,106992
3181,5344,81722,106992
3182,5345,81722,106992
3183,1428,81722,106992
3184,5343,81722,106992
3185,1429,81722,106992
3186,5348,81594,106992
3187,5335,81592,106992
3188,1437,81592,106992
3189,5349,81464,106992
3190,5351,81336,106992
3191,1438,81336,106992
3192,1439,81336,106992
3193,1441,81336,106992
3194,1440,81336,106992
3195,1442,81336,106992
3196,1443,81336,106992
3197,5355,81336,106992
3198,5356,81336,106992
3199,1444,81336,106992
3200,1446,81336,106992
3201,1445,81336,106992
3202,1447,81336,106992
3203,1448,81336,106992
3204,5357,81336,106992
3205,5358,81336,106992
3206,1451,81336,106992
3207,5354,81336,106992
3208,1452,81336,106992
3209,1455,81336,106992
3210,5362,81320,106992
3211,1457,81320,106992
3212,5359,81192,106992
3213,5360,81064,106992
3214,1459,81064,106992
3215,5363,80936,106992
3216,1461,80936,106992
3217,1464,80936,106992
3218,5365,80808,106992
3219,5367,80792,106992
3220,1466,80792,106992
3221,1468,80792,106992
3222,5068,80790,106992
3223,1470,80790,106992
3224,5369,80788,106992
3225,1472,80788,106992
3226,5361,80786,106992
3227,1474,80786,106992
3228,5371,80784,106992
3229,1476,80784,106992
3230,5366,80782,106992
3231,1478,80782,106992
3232,5075,80780,106992
3233,1480,80780,106992
3234,5373,80778,106992
3235,5374,80776,106992
3236,1504,80776,106992
3237,5089,80648,106992
3238,1506,80648,106992
3239,5090,80520,106992
3240,5370,80518,106992
3241,1481,80518,106992
3242,1484,80518,106992
3243,1485,80518,106992
3244,1487,80518,106992
3245,1482,80774,106992
3246,1483,80774,106992
3247,5364,80646,106992
3248,1486,80646,106992
3249,1488,80646,106992
3250,5378,80646,106992
3251,5379,80646,106992
3252,1497,80646,106992
3253,5376,80646,106992
3254,1498,80646,106992
3255,5383,80518,106992
3256,1508,80518,106992
3257,5384,80390,106992
3258,5387,80262,106992
3259,1489,80262,106992
3260,1490,80262,106992
3261,1492,80262,106992
3262,5377,80006,106992
3263,1491,80006,106992
3264,1493,80006,106992
3265,1494,80006,106992
3266,5381,80006,106992
3267,5382,80006,106992
3268,1501,80006,106992
3269,5380,80006,106992
3270,1502,80006,106992
3271,5385,79878,106992
3272,5372,79876,106992
3273,1510,79876,106992
3274,5386,79748,106992
3275,5388,79620,106992
3276,1511,79620,106992
3277,1512,79620,106992
3278,1514,79620,106992
3279,1513,79620,106992
3280,1515,79620,106992
3281,5129,79364,106992
3282,1516,79364,106992
3283,5392,79364,106992
3284,5393,79364,106992
3285,1517,79364,106992
3286,1519,79364,106992
3287,1518,79364,106992
3288,1520,79364,106992
3289,5132,79108,106992
3290,1521,79108,106992
3291,5394,79108,106992
3292,5395,79108,106992
3293,1524,79108,106992
3294,5391,79108,106992
3295,1525,79108,106992
3296,1528,79108,106992
3297,5399,79092,106992
3298,1530,79092,106992
3299,5396,78964,106992
3300,5397,78836,106992
3301,1532,78836,106992
3302,5400,78708,106992
3303,1534,78708,106992
3304,1537,78708,106992
3305,5402,78580,106992
3306,5404,78564,106992
3307,1539,78564,106992
3308,1541,78564,106992
3309,5105,78562,106992
3310,1543,78562,106992
3311,5406,78560,106992
3312,1545,78560,106992
3313,5398,78558,106992
3314,1547,78558,106992
3315,5408,78556,106992
3316,1549,78556,106992
3317,5403,78554,106992
3318,1551,78554,106992
3319,5112,78552,106992
3320,1553,78552,106992
3321,5410,78550,106992
3322,5411,78548,106992
3323,1577,78548,106992
3324,5126,78420,106992
3325,1579,78420,106992
3326,5127,78292,106992
3327,5407,78290,106992
3328,1554,78290,106992
3329,1557,78290,106992
3330,1558,78290,106992
3331,1560,78290,106992
3332,5154,78034,106992
3333,1555,78290,106992
3334,1556,78290,106992
3335,5401,78162,106992
3336,1559,78162,106992
3337,1561,78162,106992
3338,5415,78162,106992
3339,5416,78162,106992
3340,1570,78162,106992
3341,5413,78162,106992
3342,1571,78162,106992
3343,5420,78034,106992
3344,1581,78034,106992
3345,5421,77906,106992
3346,5424,77778,106992
3347,1562,77778,106992
3348,1563,77778,106992
3349,1565,77778,106992
3350,5414,77522,106992
3351,1564,77522,106992
3352,1566,77522,106992
3353,5158,77266,106992
3354,1567,77266,106992
3355,5418,77266,106992
3356,5419,77266,106992
3357,1574,77266,106992
3358,5417,77266,106992
3359,1575,77266,106992
3360,5422,77138,106992
3361,5409,77136,106992
3362,1583,77136,106992
3363,5423,77008,106992
3364,5425,76880,106992
3365,1584,76880,106992
3366,1587,76880,106992
3367,1589,76880,106992
3368,1588,76880,106992
3369,1585,77136,106992
3370,1586,77136,106992
3371,1590,77136,106992
3372,1591,77136,106992
3373,5430,77136,106992
3374,5431,77136,106992
3375,1594,77136,106992
3376,1596,77136,106992
3377,1595,77136,106992
3378,1592,77392,106992
3379,1593,77392,106992
3380,1597,77392,106992
3381,1598,77392,106992
3382,5433,77392,106992
3383,5434,77392,106992
3384,1601,77392,106992
3385,5428,77392,106992
3386,1602,77392,106992
3387,1605,77392,106992
3388,5438,77376,106992
3389,1607,77376,106992
3390,5435,77248,106992
3391,5436,77120,106992
3392,1609,77120,106992
3393,5439,76992,106992
3394,1611,76992,106992
3395,1614,76992,106992
3396,5441,76864,106992
3397,5443,76848,106992
3398,1616,76848,106992
3399,1618,76848,106992
3400,5144,76846,106992
3401,1620,76846,106992
3402,5445,76844,106992
3403,1622,76844,106992
3404,5437,76842,106992
3405,1624,76842,106992
3406,5447,76840,106992
3407,1626,76840,106992
3408,5442,76838,106992
3409,1628,76838,106992
3410,5151,76836,106992
3411,1630,76836,106992
3412,5449,76834,106992
3413,5450,76832,106992
3414,1658,76832,106992
3415,5167,76704,106992
3416,1660,76704,106992
3417,5168,76576,106992
3418,5446,76574,106992
3419,1631,76574,106992
3420,1636,76574,106992
3421,1637,76574,106992
3422,1632,76830,106992
3423,1634,76830,106992
3424,5440,76702,106992
3425,1638,76702,106992
3426,1633,76958,106992
3427,1635,76958,106992
3428,1639,76958,106992
3429,1640,76958,106992
3430,5455,76958,106992
3431,5456,76958,106992
3432,1651,76958,106992
3433,5452,76958,106992
3434,1652,76958,106992
3435,5461,76830,106992
3436,1662,76830,106992
3437,5462,76702,106992
3438,5465,76574,106992
3439,1641,76574,106992
3440,1644,76574,106992
3441,1646,76574,106992
3442,5453,76318,106992
3443,1645,76318,106992
3444,1642,76574,106992
3445,1643,76574,106992
3446,1647,76574,106992
3447,1648,76574,106992
3448,5459,76574,106992
3449,5460,76574,106992
3450,1655,76574,106992
3451,5457,76574,106992
3452,1656,76574,106992
3453,5463,76446,106992
3454,5448,76444,106992
3455,1664,76444,106992
3456,5464,76316,106992
3457,5466,76188,106992
3458,1665,76188,106992
3459,1666,76188,106992
3460,1668,76188,106992
3461,1667,76188,106992
3462,1669,76188,106992
3463,1670,76188,106992
3464,5470,76188,106992
3465,5471,76188,106992
3466,1671,76188,106992
3467,1673,76188,106992
3468,1672,76188,106992
3469,1674,76188,106992
3470,1675,76188,106992
3471,5472,76188,106992
3472,5473,76188,106992
3473,1678,76188,106992
3474,5469,76188,106992
3475,1679,76188,106992
3476,1682,76188,106992
3477,5477,76172,106992
3478,1684,76172,106992
3479,5474,76044,106992
3480,5475,75916,106992
3481,1686,75916,106992
3482,5478,75788,106992
3483,1688,75788,106992
3484,1691,75788,106992
3485,5480,75660,106992
3486,5482,75644,106992
3487,1693,75644,106992
3488,1695,75644,106992
3489,5183,75642,106992
3490,1697,75642,106992
3491,5484,75640,106992
3492,1699,75640,106992
3493,5476,75638,106992
3494,1701,75638,106992
3495,5486,75636,106992
3496,1703,75636,106992
3497,5481,75634,106992
3498,1705,75634,106992
3499,5190,75632,106992
3500,1707,75632,106992
3501,5488,75630,106992
3502,5489,75628,106992
3503,1731,75628,106992
3504,5204,75500,106992
3505,1733,75500,106992
3506,5205,75372,106992
3507,5485,75370,106992
3508,1708,75370,106992
3509,1711,75370,106992
3510,1712,75370,106992
3511,1714,75370,106992
3512,1709,75626,106992
3513,1710,75626,106992
3514,5479,75498,106992
3515,1713,75498,106992
3516,1715,75498,106992
3517,5493,75498,106992
3518,5494,75498,106992
3519,1724,75498,106992
3520,5491,75498,106992
3521,1725,75498,106992
3522,5498,75370,106992
3523,1735,75370,106992
3524,5499,75242,106992
3525,5502,75114,106992
3526,1716,75114,106992
3527,1717,75114,106992
3528,1719,75114,106992
3529,5492,74858,106992
3530,1718,74858,106992
3531,1720,74858,106992
3532,1721,74858,106992
3533,5496,74858,106992
3534,5497,74858,106992
3535,1728,74858,106992
3536,5495,74858,106992
3537,1729,74858,106992
3538,5500,74730,106992
3539,5487,74728,106992
3540,1737,74728,106992
3541,5501,74600,106992
3542,5503,74472,106992
3543,1738,74472,106992
3544,1739,74472,106992
3545,1741,74472,106992
3546,1740,74472,106992
3547,1742,74472,106992
3548,1743,74472,106992
3549,5507,74472,106992
3550,5508,74472,106992
3551,1744,74472,106992
3552,1746,74472,106992
3553,1745,74472,106992
3554,1747,74472,106992
3555,1748,74472,106992
3556,5509,74472,106992
3557,5510,74472,106992
3558,1751,74472,106992
3559,5506,74472,106992
3560,1752,74472,106992
3561,1755,74472,106992
3562,5514,74456,106992
3563,1757,74456,106992
3564,5511,74328,106992
3565,5512,74200,106992
3566,1759,74200,106992
3567,5515,74072,106992
3568,1761,74072,106992
3569,1764,74072,106992
3570,5517,73944,106992
3571,5519,73928,106992
3572,1766,73928,106992
3573,1768,73928,106992
3574,5220,73926,106992
3575,1770,73926,106992
3576,5521,73924,106992
3577,1772,73924,106992
3578,5513,73922,106992
3579,1774,73922,106992
3580,5523,73920,106992
3581,1776,73920,106992
3582,5518,73918,106992
3583,1778,73918,106992
3584,5227,73916,106992
3585,1780,73916,106992
3586,5525,73914,106992
3587,5526,73912,106992
3588,1804,73912,106992
3589,5241,73784,106992
3590,1806,73784,106992
3591,5242,73656,106992
3592,5522,73654,106992
3593,1781,73654,106992
3594,1784,73654,106992
3595,1785,73654,106992
3596,1787,73654,106992
3597,1782,73910,106992
3598,1783,73910,106992
3599,5516,73782,106992
3600,1786,73782,106992
3601,1788,73782,106992
3602,5530,73782,106992
3603,5531,73782,106992
3604,1797,73782,106992
3605,5528,73782,106992
3606,1798,73782,106992
3607,5535,73654,106992
3608,1808,73654,106992
3609,5536,73526,106992
3610,5539,73398,106992
3611,1789,73398,106992
3612,1790,73398,106992
3613,1792,73398,106992
3614,5529,73142,106992
3615,1791,73142,106992
3616,1793,73142,106992
3617,1794,73142,106992
3618,5533,73142,106992
3619,5534,73142,106992
3620,1801,73142,106992
3621,5532,73142,106992
3622,1802,73142,106992
3623,5537,73014,106992
3624,5524,73012,106992
3625,1810,73012,106992
3626,5538,72884,106992
3627,5540,72756,106992
3628,1811,72756,106992
3629,1812,72756,106992
3630,1814,72756,106992
3631,1813,72756,106992
3632,1815,72756,106992
3633,1816,72756,106992
3634,5544,72756,106992
3635,5545,72756,106992
3636,1817,72756,106992
3637,1819,72756,106992
3638,1818,72756,106992
3639,1820,72756,106992
3640,1821,72756,106992
3641,5546,72756,106992
3642,5547,72756,106992
3643,1824,72756,106992
3644,5543,72756,106992
3645,1825,72756,106992
3646,1828,72756,106992
3647,5551,72740,106992
3648,1830,72740,106992
3649,5548,72612,106992
3650,5549,72484,106992
3651,1832,72484,106992
3652,5552,72356,106992
3653,1834,72356,106992
3654,1837,72356,106992
3655,5554,72228,106992
3656,5556,72212,106992
3657,1839,72212,106992
3658,1841,72212,106992
3659,5257,72210,106992
3660,1843,72210,106992
3661,5558,72208,106992
3662,1845,72208,106992
3663,5550,72206,106992
3664,1847,72206,106992
3665,5560,72204,106992
3666,1849,72204,106992
3667,5555,72202,106992
3668,1851,72202,106992
3669,5264,72200,106992
3670,1853,72200,106992
3671,5562,72198,106992
3672,5563,72196,106992
3673,1877,72196,106992
3674,5278,72068,106992
3675,1879,72068,106992
3676,5279,71940,106992
3677,5559,71938,106992
3678,1854,71938,106992
3679,1857,71938,106992
3680,1858,71938,106992
3681,1860,71938,106992
3682,1855,72194,106992
3683,1856,72194,106992
3684,5553,72066,106992
3685,1859,72066,106992
3686,1861,72066,106992
3687,5567,72066,106992
3688,5568,72066,106992
3689,1870,72066,106992
3690,5565,72066,106992
3691,1871,72066,106992
3692,5572,71938,106992
3693,1881,71938,106992
3694,5573,71810,106992
3695,5576,71682,106992
3696,1862,71682,106992
3697,1863,71682,106992
3698,1865,71682,106992
3699,5566,71426,106992
3700,1864,71426,106992
3701,1866,71426,106992
3702,1867,71426,106992
3703,5570,71426,106992
3704,5571,71426,106992
3705,1874,71426,106992
3706,5569,71426,106992
3707,1875,71426,106992
3708,5574,71298,106992
3709,5561,71296,106992
3710,1883,71296,106992
3711,5575,71168,106992
3712,5577,71040,106992
3713,1884,71040,106992
3714,1885,71040,106992
3715,1887,71040,106992
3716,1886,71040,106992
3717,1888,71040,106992
3718,1889,71040,106992
3719,5581,71040,106992
3720,5582,71040,106992
3721,1890,71040,106992
3722,1892,71040,106992
3723,1891,71040,106992
3724,1893,71040,106992
3725,1894,71040,106992
3726,5583,71040,106992
3727,5584,71040,106992
3728,1897,71040,106992
3729,5580,71040,106992
3730,1898,71040,106992
3731,1901,71040,106992
3732,5588,71024,106992
3733,1903,71024,106992
3734,5585,70896,106992
3735,5586,70768,106992
3736,1905,70768,106992
3737,5589,70640,106992
3738,1907,70640,106992
3739,1910,70640,106992
3740,5591,70512,106992
3741,5593,70496,106992
3742,1912,70496,106992
3743,1914,70496,106992
3744,5294,70494,106992
3745,1916,70494,106992
3746,5595,70492,106992
3747,1918,70492,106992
3748,5587,70490,106992
3749,1920,70490,106992
3750,5597,70488,106992
3751,1922,70488,106992
3752,5592,70486,106992
3753,1924,70486,106992
3754,5301,70484,106992
3755,1926,70484,106992
3756,5599,70482,106992
3757,5600,70480,106992
3758,1950,70480,106992
3759,5315,70352,106992
3760,1952,70352,106992
3761,5316,70224,106992
3762,5596,70222,106992
3763,1927,70222,106992
3764,1930,70222,106992
3765,1931,70222,106992
3766,1933,70222,106992
3767,1928,70478,106992
3768,1929,70478,106992
3769,5590,70350,106992
3770,1932,70350,106992
3771,1934,70350,106992
3772,5604,70350,106992
3773,5605,70350,106992
3774,1943,70350,106992
3775,5602,70350,106992
3776,1944,70350,106992
3777,5609,70222,106992
3778,1954,70222,106992
3779,5610,70094,106992
3780,5613,69966,106992
3781,1935,69966,106992
3782,1936,69966,106992
3783,1938,69966,106992
3784,5603,69710,106992
3785,1937,69710,106992
3786,1939,69710,106992
3787,1940,69710,106992
3788,5607,69710,106992
3789,5608,69710,106992
3790,1947,69710,106992
3791,5606,69710,106992
3792,1948,69710,106992
3793,5611,69582,106992
3794,5598,69580,106992
3795,1956,69580,106992
3796,5612,69452,106992
3797,5614,69324,106992
3798,1957,69324,106992
3799,1958,69324,106992
3800,1960,69324,106992
3801,1959,69324,106992
3802,1961,69324,106992
3803,1962,69324,106992
3804,5618,69324,106992
3805,5619,69324,106992
3806,1963,69324,106992
3807,1965,69324,106992
3808,1964,69324,106992
3809,1966,69324,106992
3810,1967,69324,106992
3811,5620,69324,106992
3812,5621,69324,106992
3813,1970,69324,106992
3814,5617,69324,106992
3815,1971,69324,106992
3816,1974,69324,106992
3817,5625,69308,106992
3818,1976,69308,106992
3819,5622,69180,106992
3820,5623,69052,106992
3821,1978,69052,106992
3822,5626,68924,106992
3823,1980,68924,106992
3824,1983,68924,106992
3825,5628,68796,106992
3826,5630,68780,106992
3827,1985,68780,106992
3828,1987,68780,106992
3829,5331,68778,106992
3830,1989,68778,106992
3831,5632,68776,106992
3832,1991,68776,106992
3833,5624,68774,106992
3834,1993,68774,106992
3835,5634,68772,106992
3836,1995,68772,106992
3837,5629,68770,106992
3838,1997,68770,106992
3839,5338,68768,106992
3840,1999,68768,106992
3841,5636,68766,106992
3842,5637,68764,106992
3843,2023,68764,106992
3844,5352,68636,106992
3845,2025,68636,106992
3846,5353,68508,106992
3847,5633,68506,106992
3848,2000,68506,106992
3849,2003,68506,106992
3850,2004,68506,106992
3851,2006,68506,106992
3852,2001,68762,106992
3853,2002,68762,106992
3854,5627,68634,106992
3855,2005,68634,106992
3856,2007,68634,106992
3857,5641,68634,106992
3858,5642,68634,106992
3859,2016,68634,106992
3860,5639,68634,106992
3861,2017,68634,106992
3862,5646,68506,106992
3863,2027,68506,106992
3864,5647,68378,106992
3865,5650,68250,106992
3866,2008,68250,106992
3867,2009,68250,106992
3868,2011,68250,106992
3869,5640,67994,106992
3870,2010,67994,106992
3871,2012,67994,106992
3872,2013,67994,106992
3873,5644,67994,106992
3874,5645,67994,106992
3875,2020,67994,106992
3876,5643,67994,106992
3877,2021,67994,106992
3878,5648,67866,106992
3879,5635,67864,106992
3880,2029,67864,106992
3881,5649,67736,106992
3882,5651,67608,106992
3883,2030,67608,106992
3884,2031,67608,106992
3885,2033,67608,106992
3886,2032,67608,106992
3887,2034,67608,106992
3888,2035,67608,106992
3889,5655,67608,106992
3890,5656,67608,106992
3891,2036,67608,106992
3892,2038,67608,106992
3893,2037,67608,106992
3894,2039,67608,106992
3895,2040,67608,106992
3896,5657,67608,106992
3897,5658,67608,106992
3898,2043,67608,106992
3899,5654,67608,106992
3900,2044,67608,106992
3901,2047,67608,106992
3902,5662,67592,106992
3903,2049,67592,106992
3904,5659,67464,106992
3905,5660,67336,106992
3906,2051,67336,106992
3907,5663,67208,106992
3908,2053,67208,106992
3909,2056,67208,106992
3910,5665,67080,106992
3911,5667,67064,106992
3912,2058,67064,106992
3913,2060,67064,106992
3914,5368,67062,106992
3915,2062,67062,106992
3916,5669,67060,106992
3917,2064,67060,106992
3918,5661,67058,106992
3919,2066,67058,106992
3920,5671,67056,106992
3921,2068,67056,106992
3922,5666,67054,106992
3923,2070,67054,106992
3924,5375,67052,106992
3925,2072,67052,106992
3926,5673,67050,106992
3927,5674,67048,106992
3928,2096,67048,106992
3929,5389,66920,106992
3930,2098,66920,106992
3931,5390,66792,106992
3932,5670,66790,106992
3933,2073,66790,106992
3934,2076,66790,106992
3935,2077,66790,106992
3936,2079,66790,106992
3937,2074,67046,106992
3938,2075,67046,106992
3939,5664,66918,106992
3940,2078,66918,106992
3941,2080,66918,106992
3942,5678,66918,106992
3943,5679,66918,106992
3944,2089,66918,106992
3945,5676,66918,106992
3946,2090,66918,106992
3947,5683,66790,106992
3948,2100,66790,106992
3949,5684,66662,106992
3950,5687,66534,106992
3951,2081,66534,106992
3952,2082,66534,106992
3953,2084,66534,106992
3954,5677,66278,106992
3955,2083,66278,106992
3956,2085,66278,106992
3957,2086,66278,106992
3958,5681,66278,106992
3959,5682,66278,106992
3960,2093,66278,106992
3961,5680,66278,106992
3962,2094,66278,106992
3963,5685,66150,106992
3964,5672,66148,106992
3965,2102,66148,106992
3966,5686,66020,106992
3967,5688,65892,106992
3968,2103,65892,106992
3969,2104,65892,106992
3970,2106,65892,106992
3971,2105,65892,106992
3972,2107,65892,106992
3973,5429,65636,106992
3974,2108,65636,106992
3975,5692,65636,106992
3976,5693,65636,106992
3977,2109,65636,106992
3978,2111,65636,106992
3979,2110,65636,106992
3980,2112,65636,106992
3981,5432,65380,106992
3982,2113,65380,106992
3983,5694,65380,106992
3984,5695,65380,106992
3985,2116,65380,106992
3986,5691,65380,106992
3987,2117,65380,106992
3988,2120,65380,106992
3989,5699,65364,106992
3990,2122,65364,106992
3991,5696,65236,106992
3992,5697,65108,106992
3993,2124,65108,106992
3994,5700,64980,106992
3995,2126,64980,106992
3996,2129,64980,106992
3997,5702,64852,106992
3998,5704,64836,106992
3999,2131,64836,106992
4000,2133,64836,106992
4001,5405,64834,106992
4002,2135,64834,106992
4003,5706,64832,106992
4004,2137,64832,106992
4005,5698,64830,106992
4006,2139,64830,106992
4007,5708,64828,106992
4008,2141,64828,106992
4009,5703,64826,106992
4010,2143,64826,106992
4011,5412,64824,106992
4012,2145,64824,106992
4013,5710,64822,106992
4014,5711,64820,106992
4015,2169,64820,106992
4016,5426,64692,106992
4017,2171,64692,106992
4018,5427,64564,106992
4019,5707,64562,106992
4020,2146,64562,106992
4021,2149,64562,106992
4022,2150,64562,106992
4023,2152,64562,106992
4024,5454,64306,106992
4025,2147,64562,106992
4026,2148,64562,106992
4027,5701,64434,106992
4028,2151,64434,106992
4029,2153,64434,106992
4030,5715,64434,106992
4031,5716,64434,106992
4032,2162,64434,106992
4033,5713,64434,106992
4034,2163,64434,106992
4035,5720,64306,106992
4036,2173,64306,106992
4037,5721,64178,106992
4038,5724,64050,106992
4039,2154,64050,106992
4040,2155,64050,106992
4041,2157,64050,106992
4042,5714,63794,106992
4043,2156,63794,106992
4044,2158,63794,106992
4045,5458,63538,106992
4046,2159,63538,106992
4047,5718,63538,106992
4048,5719,63538,106992
4049,2166,63538,106992
4050,5717,63538,106992
4051,2167,63538,106992
4052,5722,63410,106992
4053,5709,63408,106992
4054,2175,63408,106992
4055,5723,63280,106992
4056,5725,63152,106992
4057,2176,63152,106992
4058,2179,63152,106992
4059,2181,63152,106992
4060,2180,63152,106992
4061,2177,63408,106992
4062,2178,63408,106992
4063,2182,63408,106992
4064,2183,63408,106992
4065,5730,63408,106992
4066,5731,63408,106992
4067,2186,63408,106992
4068,2188,63408,106992
4069,2187,63408,106992
4070,2184,63664,106992
4071,2185,63664,106992
4072,2189,63664,106992
4073,2190,63664,106992
4074,5733,63664,106992
4075,5734,63664,106992
4076,2193,63664,106992
4077,5728,63664,106992
4078,2194,63664,106992
4079,2197,63664,106992
4080,5738,63648,106992
4081,2199,63648,106992
4082,5735,63520,106992
4083,5736,63392,106992
4084,2201,63392,106992
4085,5739,63264,106992
4086,2203,63264,106992
4087,2206,63264,106992
4088,5741,63136,106992
4089,5743,63120,106992
4090,2208,63120,106992
4091,2210,63120,106992
4092,5444,63118,106992
4093,2212,63118,106992
4094,5745,63116,106992
4095,2214,63116,106992
4096,5737,63114,106992
4097,2216,63114,106992
4098,5747,63112,106992
4099,2218,63112,106992
4100,5742,63110,106992
4101,2220,63110,106992
4102,5451,63108,106992
4103,2222,63108,106992
4104,5749,63106,106992
4105,5750,63104,106992
4106,2250,63104,106992
4107,5467,62976,106992
4108,2252,62976,106992
4109,5468,62848,106992
4110,5746,62846,106992
4111,2223,62846,106992
4112,2228,62846,106992
4113,2229,62846,106992
4114,2224,63102,106992
4115,2226,63102,106992
4116,5740,62974,106992
4117,2230,62974,106992
4118,2225,63230,106992
4119,2227,63230,106992
4120,2231,63230,106992
4121,2232,63230,106992
4122,5755,63230,106992
4123,5756,63230,106992
4124,2243,63230,106992
4125,5752,63230,106992
4126,2244,63230,106992
4127,5761,63102,106992
4128,2254,63102,106992
4129,5762,62974,106992
4130,5765,62846,106992
4131,2233,62846,106992
4132,2236,62846,106992
4133,2238,62846,106992
4134,5753,62590,106992
4135,2237,62590,106992
4136,2234,62846,106992
4137,2235,62846,106992
4138,2239,62846,106992
4139,2240,62846,106992
4140,5759,62846,106992
4141,5760,62846,106992
4142,2247,62846,106992
4143,5757,62846,106992
4144,2248,62846,106992
4145,5763,62718,106992
4146,5748,62716,106992
4147,2256,62716,106992
4148,5764,62588,106992
4149,5766,62460,106992
4150,2257,62460,106992
4151,2258,62460,106992
4152,2260,62460,106992
4153,2259,62460,106992
4154,2261,62460,106992
4155,2262,62460,106992
4156,5770,62460,106992
4157,5771,62460,106992
4158,2263,62460,106992
4159,2265,62460,106992
4160,2264,62460,106992
4161,2266,62460,106992
4162,2267,62460,106992
4163,5772,62460,106992
4164,5773,62460,106992
4165,2270,62460,106992
4166,5769,62460,106992
4167,2271,62460,106992
4168,2274,62460,106992
4169,5777,62444,106992
4170,2276,62444,106992
4171,5774,62316,106992
4172,5775,62188,106992
4173,2278,62188,106992
4174,5778,62060,106992
4175,2280,62060,106992
4176,2283,62060,106992
4177,5780,61932,106992
4178,5782,61916,106992
4179,2285,61916,106992
4180,2287,61916,106992
4181,5483,61914,106992
4182,2289,61914,106992
4183,5784,61912,106992
4184,2291,61912,106992
4185,5776,61910,106992
4186,2293,61910,106992
4187,5786,61908,106992
4188,2295,61908,106992
4189,5781,61906,106992
4190,2297,61906,106992
4191,5490,61904,106992
4192,2299,61904,106992
4193,5788,61902,106992
4194,5789,61900,106992
4195,2323,61900,106992
4196,5504,61772,106992
4197,2325,61772,106992
4198,5505,61644,106992
4199,5785,61642,106992
4200,2300,61642,106992
4201,2303,61642,106992
4202,2304,61642,106992
4203,2306,61642,106992
4204,2301,61898,106992
4205,2302,61898,106992
4206,5779,61770,106992
4207,2305,61770,106992
4208,2307,61770,106992
4209,5793,61770,106992
4210,5794,61770,106992
4211,2316,61770,106992
4212,5791,61770,106992
4213,2317,61770,106992
4214,5798,61642,106992
4215,2327,61642,106992
4216,5799,61514,106992
4217,5802,61386,106992
4218,2308,61386,106992
4219,2309,61386,106992
4220,2311,61386,106992
4221,5792,61130,106992
4222,2310,61130,106992
4223,2312,61130,106992
4224,2313,61130,106992
4225,5796,61130,106992
4226,5797,61130,106992
4227,2320,61130,106992
4228,5795,61130,106992
4229,2321,61130,106992
4230,5800,61002,106992
4231,5787,61000,106992
4232,2329,61000,106992
4233,5801,60872,106992
4234,5803,60744,106992
4235,2330,60744,106992
4236,2331,60744,106992
4237,2333,60744,106992
4238,2332,60744,106992
4239,2334,60744,106992
4240,2335,60744,106992
4241,5807,60744,106992
4242,5808,60744,106992
4243,2336,60744,106992
4244,2338,60744,106992
4245,2337,60744,106992
4246,2339,60744,106992
4247,2340,60744,106992
4248,5809,60744,106992
4249,5810,60744,106992
4250,2343,60744,106992
4251,5806,60744,106992
4252,2344,60744,106992
4253,2347,60744,106992
4254,5814,60728,106992
4255,2349,60728,106992
4256,5811,60600,106992
4257,5812,60472,106992
4258,2351,60472,106992
4259,5815,60344,106992
4260,2353,60344,106992
4261,2356,60344,106992
4262,5817,60216,106992
4263,5819,60200,106992
4264,2358,60200,106992
4265,2360,60200,106992
4266,5520,60198,106992
4267,2362,60198,106992
4268,5821,60196,106992
4269,2364,60196,106992
4270,5813,60194,106992
4271,2366,60194,106992
4272,5823,60192,106992
4273,2368,60192,106992
4274,5818,60190,106992
4275,2370,60190,106992
4276,5527,60188,106992
4277,2372,60188,106992
4278,5825,60186,106992
4279,5826,60184,106992
4280,2396,60184,106992
4281,5541,60056,106992
4282,2398,60056,106992
4283,5542,59928,106992
4284,5822,59926,106992
4285,2373,59926,106992
4286,2376,59926,106992
4287,2377,59926,106992
4288,2379,59926,106992
4289,2374,60182,106992
4290,2375,60182,106992
4291,5816,60054,106992
4292,2378,60054,106992
4293,2380,60054,106992
4294,5830,60054,106992
4295,5831,60054,106992
4296,2389,60054,106992
4297,5828,60054,106992
4298,2390,60054,106992
4299,5835,59926,106992
4300,2400,59926,106992
4301,5836,59798,106992
4302,5839,59670,106992
4303,2381,59670,106992
4304,2382,59670,106992
4305,2384,59670,106992
4306,5829,59414,106992
4307,2383,59414,106992
4308,2385,59414,106992
4309,2386,59414,106992
4310,5833,59414,106992
4311,5834,59414,106992
4312,2393,59414,106992
4313,5832,59414,106992
4314,2394,59414,106992
4315,5837,59286,106992
4316,5824,59284,106992
4317,2402,59284,106992
4318,5838,59156,106992
4319,5840,59028,106992
4320,2403,59028,106992
4321,2404,59028,106992
4322,2406,59028,106992
4323,2405,59028,106992
4324,2407,59028,106992
4325,2408,59028,106992
4326,5844,59028,106992
4327,5845,59028,106992
4328,2409,59028,106992
4329,2411,59028,106992
4330,2410,59028,106992
4331,2412,59028,106992
4332,2413,59028,106992
4333,5846,59028,106992
4334,5847,59028,106992
4335,2416,59028,106992
4336,5843,59028,106992
4337,2417,59028,106992
4338,2420,59028,106992
4339,5851,59012,106992
4340,2422,59012,106992
4341,5848,58884,106992
4342,5849,58756,106992
4343,2424,58756,106992
4344,5852,58628,106992
4345,2426,58628,106992
4346,2429,58628,106992
4347,5854,58500,106992
4348,5856,58484,106992
4349,2431,58484,106992
4350,2433,58484,106992
4351,5557,58482,106992
4352,2435,58482,106992
4353,5858,58480,106992
4354,2437,58480,106992
4355,5850,58478,106992
4356,2439,58478,106992
4357,5860,58476,106992
4358,2441,58476,106992
4359,5855,58474,106992
4360,2443,58474,106992
4361,5564,58472,106992
4362,2445,58472,106992
4363,5862,58470,106992
4364,5863,58468,106992
4365,2469,58468,106992
4366,5578,58340,106992
4367,2471,58340,106992
4368,5579,58212,106992
4369,5859,58210,106992
4370,2446,58210,106992
4371,2449,58210,106992
4372,2450,58210,106992
4373,2452,58210,106992
4374,2447,58466,106992
4375,2448,58466,106992
4376,5853,58338,106992
4377,2451,58338,106992
4378,2453,58338,106992
4379,5867,58338,106992
4380,5868,58338,106992
4381,2462,58338,106992
4382,5865,58338,106992
4383,2463,58338,106992
4384,5872,58210,106992
4385,2473,58210,106992
4386,5873,58082,106992
4387,5876,57954,106992
4388,2454,57954,106992
4389,2455,57954,106992
4390,2457,57954,106992
4391,5866,57698,106992
4392,2456,57698,106992
4393,2458,57698,106992
4394,2459,57698,106992
4395,5870,57698,106992
4396,5871,57698,106992
4397,2466,57698,106992
4398,5869,57698,106992
4399,2467,57698,106992
4400,5874,57570,106992
4401,5861,57568,106992
4402,2475,57568,106992
4403,5875,57440,106992
4404,5877,57312,106992
4405,2476,57312,106992
4406,2477,57312,106992
4407,2479,57312,106992
4408,2478,57312,106992
4409,2480,57312,106992
4410,2481,57312,106992
4411,5881,57312,106992
4412,5882,57312,106992
4413,2482,57312,106992
4414,2484,57312,106992
4415,2483,57312,106992
4416,2485,57312,106992
4417,2486,57312,106992
4418,5883,57312,106992
4419,5884,57312,106992
4420,2489,57312,106992
4421,5880,57312,106992
4422,2490,57312,106992
4423,2493,57312,106992
4424,5888,57296,106992
4425,2495,57296,106992
4426,5885,57168,106992
4427,5886,57040,106992
4428,2497,57040,106992
4429,5889,56912,106992
4430,2499,56912,106992
4431,2502,56912,106992
4432,5891,56784,106992
4433,5893,56768,106992
4434,2504,56768,106992
4435,2506,56768,106992
4436,5594,56766,106992
4437,2508,56766,106992
4438,5895,56764,106992
4439,2510,56764,106992
4440,5887,56762,106992
4441,2512,56762,106992
4442,5897,56760,106992
4443,2514,56760,106992
4444,5892,56758,106992
4445,2516,56758,106992
4446,5601,56756,106992
4447,2518,56756,106992
4448,5899,56754,106992
4449,5900,56752,106992
4450,2542,56752,106992
4451,5615,56624,106992
4452,2544,56624,106992
4453,5616,56496,106992
4454,5896,56494,106992
4455,2519,56494,106992
4456,2522,56494,106992
4457,2523,56494,106992
4458,2525,56494,106992
4459,2520,56750,106992
4460,2521,56750,106992
4461,5890,56622,106992
4462,2524,56622,106992
4463,2526,56622,106992
4464,5904,56622,106992
4465,5905,56622,106992
4466,2535,56622,106992
4467,5902,56622,106992
4468,2536,56622,106992
4469,5909,56494,106992
4470,2546,56494,106992
4471,5910,56366,106992
4472,5913,56238,106992
4473,2527,56238,106992
4474,2528,56238,106992
4475,2530,56238,106992
4476,5903,55982,106992
4477,2529,55982,106992
4478,2531,55982,106992
4479,2532,55982,106992
4480,5907,55982,106992
4481,5908,55982,106992
4482,2539,55982,106992
4483,5906,55982,106992
4484,2540,55982,106992
4485,5911,55854,106992
4486,5898,55852,106992
4487,2548,55852,106992
4488,5912,55724,106992
4489,5914,55596,106992
4490,2549,55596,106992
4491,2550,55596,106992
4492,2552,55596,106992
4493,2551,55596,106992
4494,2553,55596,106992
4495,2554,55596,106992
4496,5918,55596,106992
4497,5919,55596,106992
4498,2555,55596,106992
4499,2557,55596,106992
4500,2556,55596,106992
4501,2558,55596,106992
4502,2559,55596,106992
4503,5920,55596,106992
4504,5921,55596,106992
4505,2562,55596,106992
4506,5917,55596,106992
4507,2563,55596,106992
4508,2566,55596,106992
4509,5925,55580,106992
4510,2568,55580,106992
4511,5922,55452,106992
4512,5923,55324,106992
4513,2570,55324,106992
4514,5926,55196,106992
4515,2572,55196,106992
4516,2575,55196,106992
4517,5928,55068,106992
4518,5930,55052,106992
4519,2577,55052,106992
4520,2579,55052,106992
4521,5631,55050,106992
4522,2581,55050,106992
4523,5932,55048,106992
4524,2583,55048,106992
4525,5924,55046,106992
4526,2585,55046,106992
4527,5934,55044,106992
4528,2587,55044,106992
4529,5929,55042,106992
4530,2589,55042,106992
4531,5638,55040,106992
4532,2591,55040,106992
4533,5936,55038,106992
4534,5937,55036,106992
4535,2615,55036,106992
4536,5652,54908,106992
4537,2617,54908,106992
4538,5653,54780,106992
4539,5933,54778,106992
4540,2592,54778,106992
4541,2595,54778,106992
4542,2596,54778,106992
4543,2598,54778,106992
4544,2593,55034,106992
4545,2594,55034,106992
4546,5927,54906,106992
4547,2597,54906,106992
4548,2599,54906,106992
4549,5941,54906,106992
4550,5942,54906,106992
4551,2608,54906,106992
4552,5939,54906,106992
4553,2609,54906,106992
4554,5946,54778,106992
4555,2619,54778,106992
4556,5947,54650,106992
4557,5950,54522,106992
4558,2600,54522,106992
4559,2601,54522,106992
4560,2603,54522,106992
4561,5940,54266,106992
4562,2602,54266,106992
4563,2604,54266,106992
4564,2605,54266,106992
4565,5944,54266,106992
4566,5945,54266,106992
4567,2612,54266,106992
4568,5943,54266,106992
4569,2613,54266,106992
4570,5948,54138,106992
4571,5935,54136,106992
4572,2621,54136,106992
4573,5949,54008,106992
4574,5951,53880,106992
4575,2622,53880,106992
4576,2623,53880,106992
4577,2625,53880,106992
4578,2624,53880,106992
4579,2626,53880,106992
4580,2627,53880,106992
4581,5955,53880,106992
4582,5956,53880,106992
4583,2628,53880,106992
4584,2630,53880,106992
4585,2629,53880,106992
4586,2631,53880,106992
4587,2632,53880,106992
4588,5957,53880,106992
4589,5958,53880,106992
4590,2635,53880,106992
4591,5954,53880,106992
4592,2636,53880,106992
4593,2639,53880,106992
4594,5962,53864,106992
4595,2641,53864,106992
4596,5959,53736,106992
4597,5960,53608,106992
4598,2643,53608,106992
4599,5963,53480,106992
4600,2645,53480,106992
4601,2648,53480,106992
4602,5965,53352,106992
4603,5967,53336,106992
4604,2650,53336,106992
4605,2652,53336,106992
4606,5668,53334,106992
4607,2654,53334,106992
4608,5969,53332,106992
4609,2656,53332,106992
4610,5961,53330,106992
4611,2658,53330,106992
4612,5971,53328,106992
4613,2660,53328,106992
4614,5966,53326,106992
4615,2662,53326,106992
4616,5675,53324,106992
4617,2664,53324,106992
4618,5973,53322,106992
4619,5974,53320,106992
4620,2688,53320,106992
4621,5689,53192,106992
4622,2690,53192,106992
4623,5690,53064,106992
4624,5970,53062,106992
4625,2665,53062,106992
4626,2668,53062,106992
4627,2669,53062,106992
4628,2671,53062,106992
4629,2666,53318,106992
4630,2667,53318,106992
4631,5964,53190,106992
4632,2670,53190,106992
4633,2672,53190,106992
4634,5978,53190,106992
4635,5979,53190,106992
4636,2681,53190,106992
4637,5976,53190,106992
4638,2682,53190,106992
4639,5983,53062,106992
4640,2692,53062,106992
4641,5984,52934,106992
4642,5987,52806,106992
4643,2673,52806,106992
4644,2674,52806,106992
4645,2676,52806,106992
4646,5977,52550,106992
4647,2675,52550,106992
4648,2677,52550,106992
4649,2678,52550,106992
4650,5981,52550,106992
4651,5982,52550,106992
4652,2685,52550,106992
4653,5980,52550,106992
4654,2686,52550,106992
4655,5985,52422,106992
4656,5972,52420,106992
4657,2694,52420,106992
4658,5986,52292,106992
4659,5988,52164,106992
4660,2695,52164,106992
4661,2696,52164,106992
4662,2698,52164,106992
4663,2697,52164,106992
4664,2699,52164,106992
4665,5729,51908,106992
4666,2700,51908,106992
4667,5992,51908,106992
4668,5993,51908,106992
4669,2701,51908,106992
4670,2703,51908,106992
4671,2702,51908,106992
4672,2704,51908,106992
4673,5732,51652,106992
4674,2705,51652,106992
4675,5994,51652,106992
4676,5995,51652,106992
4677,2708,51652,106992
4678,5991,51652,106992
4679,2709,51652,106992
4680,2712,51652,106992
4681,5999,51636,106992
4682,2714,51636,106992
4683,5996,51508,106992
4684,5997,51380,106992
4685,2716,51380,106992
4686,6000,51252,106992
4687,2718,51252,106992
4688,2721,51252,106992
4689,6002,51124,106992
4690,6004,51108,106992
4691,2723,51108,106992
4692,2725,51108,106992
4693,5705,51106,106992
4694,2727,51106,106992
4695,6006,51104,106992
4696,2729,51104,106992
4697,5998,51102,106992
4698,2731,51102,106992
4699,6008,51100,106992
4700,2733,51100,106992
4701,6003,51098,106992
4702,2735,51098,106992
4703,5712,51096,106992
4704,2737,51096,106992
4705,6010,51094,106992
4706,6011,51092,106992
4707,2761,51092,106992
4708,5726,50964,106992
4709,2763,50964,106992
4710,5727,50836,106992
4711,6007,50834,106992
4712,2738,50834,106992
4713,2741,50834,106992
4714,2742,50834,106992
4715,2744,50834,106992
4716,5754,50578,106992
4717,2739,50834,106992
4718,2740,50834,106992
4719,6001,50706,106992
4720,2743,50706,106992
4721,2745,50706,106992
4722,6015,50706,106992
4723,6016,50706,106992
4724,2754,50706,106992
4725,6013,50706,106992
4726,2755,50706,106992
4727,6020,50578,106992
4728,2765,50578,106992
4729,6021,50450,106992
4730,6024,50322,106992
4731,2746,50322,106992
4732,2747,50322,106992
4733,2749,50322,106992
4734,6014,50066,106992
4735,2748,50066,106992
4736,2750,50066,106992
4737,5758,49810,106992
4738,2751,49810,106992
4739,6018,49810,106992
4740,6019,49810,106992
4741,2758,49810,106992
4742,6017,49810,106992
4743,2759,49810,106992
4744,6022,49682,106992
4745,6009,49680,106992
4746,2767,49680,106992
4747,6023,49552,106992
4748,6025,49424,106992
4749,2768,49424,106992
4750,2771,49424,106992
4751,2773,49424,106992
4752,2772,49424,106992
4753,2769,49680,106992
4754,2770,49680,106992
4755,2774,49680,106992
4756,2775,49680,106992
4757,6030,49680,106992
4758,6031,49680,106992
4759,2778,49680,106992
4760,2780,49680,106992
4761,2779,49680,106992
4762,2776,49936,106992
4763,2777,49936,106992
4764,2781,49936,106992
4765,2782,49936,106992
4766,6033,49936,106992
4767,6034,49936,106992
4768,2785,49936,106992
4769,6028,49936,106992
4770,2786,49936,106992
4771,2789,49936,106992
4772,6038,49920,106992
4773,2791,49920,106992
4774,6035,49792,106992
4775,6036,49664,106992
4776,2793,49664,106992
4777,6039,49536,106992
4778,2795,49536,106992
4779,2798,49536,106992
4780,6041,49408,106992
4781,6043,49392,106992
4782,2800,49392,106992
4783,2802,49392,106992
4784,5744,49390,106992
4785,2804,49390,106992
4786,6045,49388,106992
4787,2806,49388,106992
4788,6037,49386,106992
4789,2808,49386,106992
4790,6047,49384,106992
4791,2810,49384,106992
4792,6042,49382,106992
4793,2812,49382,106992
4794,5751,49380,106992
4795,2814,49380,106992
4796,6049,49378,106992
4797,6050,49376,106992
4798,2842,49376,106992
4799,5767,49248,106992
4800,2844,49248,106992
4801,5768,49120,106992
4802,6046,49118,106992
4803,2815,49118,106992
4804,2820,49118,106992
4805,2821,49118,106992
4806,2816,49374,106992
4807,2818,49374,106992
4808,6040,49246,106992
4809,2822,49246,106992
4810,2817,49502,106992
4811,2819,49502,106992
4812,2823,49502,106992
4813,2824,49502,106992
4814,6055,49502,106992
4815,6056,49502,106992
4816,2835,49502,106992
4817,6052,49502,106992
4818,2836,49502,106992
4819,6061,49374,106992
4820,2846,49374,106992
4821,6062,49246,106992
4822,6065,49118,106992
4823,2825,49118,106992
4824,2828,49118,106992
4825,2830,49118,106992
4826,6053,48862,106992
4827,2829,48862,106992
4828,2826,49118,106992
4829,2827,49118,106992
4830,2831,49118,106992
4831,2832,49118,106992
4832,6059,49118,106992
4833,6060,49118,106992
4834,2839,49118,106992
4835,6057,49118,106992
4836,2840,49118,106992
4837,6063,48990,106992
4838,6048,48988,106992
4839,2848,48988,106992
4840,6064,48860,106992
4841,6066,48732,106992
4842,2849,48732,106992
4843,2850,48732,106992
4844,2852,48732,106992
4845,2851,48732,106992
4846,2853,48732,106992
4847,2854,48732,106992
4848,6070,48732,106992
4849,6071,48732,106992
4850,2855,48732,106992
4851,2857,48732,106992
4852,2856,48732,106992
4853,2858,48732,106992
4854,2859,48732,106992
4855,6072,48732,106992
4856,6073,48732,106992
4857,2862,48732,106992
4858,6069,48732,106992
4859,2863,48732,106992
4860,2866,48732,106992
4861,6077,48716,106992
4862,2868,48716,106992
4863,6074,48588,106992
4864,6075,48460,106992
4865,2870,48460,106992
4866,6078,48332,106992
4867,2872,48332,106992
4868,2875,48332,106992
4869,6080,48204,106992
4870,6082,48188,106992
4871,2877,48188,106992
4872,2879,48188,106992
4873,5783,48186,106992
4874,2881,48186,106992
4875,6084,48184,106992
4876,2883,48184,106992
4877,6076,48182,106992
4878,2885,48182,106992
4879,6086,48180,106992
4880,2887,48180,106992
4881,6081,48178,106992
4882,2889,48178,106992
4883,5790,48176,106992
4884,2891,48176,106992
4885,6088,48174,106992
4886,6089,48172,106992
4887,2915,48172,106992
4888,5804,48044,106992
4889,2917,48044,106992
4890,5805,47916,106992
4891,6085,47914,106992
4892,2892,47914,106992
4893,2895,47914,106992
4894,2896,47914,106992
4895,2898,47914,106992
4896,2893,48170,106992
4897,2894,48170,106992
4898,6079,48042,106992
4899,2897,48042,106992
4900,2899,48042,106992
4901,6093,48042,106992
4902,6094,48042,106992
4903,2908,48042,106992
4904,6091,48042,106992
4905,2909,48042,106992
4906,6098,47914,106992
4907,2919,47914,106992
4908,6099,47786,106992
4909,6102,47658,106992
4910,2900,47658,106992
4911,2901,47658,106992
4912,2903,47658,106992
4913,6092,47402,106992
4914,2902,47402,106992
4915,2904,47402,106992
4916,2905,47402,106992
4917,6096,47402,106992
4918,6097,47402,106992
4919,2912,47402,106992
4920,6095,47402,106992
4921,2913,47402,106992
4922,6100,47274,106992
4923,6087,47272,106992
4924,2921,47272,106992
4925,6101,47144,106992
4926,6103,47016,106992
4927,2922,47016,106992
4928,2923,47016,106992
4929,2925,47016,106992
4930,2924,47016,106992
4931,2926,47016,106992
4932,2927,47016,106992
4933,6107,47016,106992
4934,6108,47016,106992
4935,2928,47016,106992
4936,2930,47016,106992
4937,2929,47016,106992
4938,2931,47016,106992
4939,2932,47016,106992
4940,6109,47016,106992
4941,6110,47016,106992
4942,2935,47016,106992
4943,6106,47016,106992
4944,2936,47016,106992
4945,2939,47016,106992
4946,6114,47000,106992
4947,2941,47000,106992
4948,6111,46872,106992
4949,6112,46744,106992
4950,2943,46744,106992
4951,6115,46616,106992
4952,2945,46616,106992
4953,2948,46616,106992
4954,6117,46488,106992
4955,6119,46472,106992
4956,2950,46472,106992
4957,2952,46472,106992
4958,5820,46470,106992
4959,2954,46470,106992
4960,6121,46468,106992
4961,2956,46468,106992
4962,6113,46466,106992
4963,2958,46466,106992
4964,6123,46464,106992
4965,2960,46464,106992
4966,6118,46462,106992
4967,2962,46462,106992
4968,5827,46460,106992
4969,2964,46460,106992
4970,6125,46458,106992
4971,6126,46456,106992
4972,2988,46456,106992
4973,5841,46328,106992
4974,2990,46328,106992
4975,5842,46200,106992
4976,6122,46198,106992
4977,2965,46198,106992
4978,2968,46198,106992
4979,2969,46198,106992
4980,2971,46198,106992
4981,2966,46454,106992
4982,2967,46454,106992
4983,6116,46326,106992
4984,2970,46326,106992
4985,2972,46326,106992
4986,6130,46326,106992
4987,6131,46326,106992
4988,2981,46326,106992
4989,6128,46326,106992
4990,2982,46326,106992
4991,6135,46198,106992
4992,2992,46198,106992
4993,6136,46070,106992
4994,6139,45942,106992
4995,2973,45942,106992
4996,2974,45942,106992
4997,2976,45942,106992
4998,6129,45686,106992
4999,2975,45686,106992
5000,2977,45686,106992
5001,2978,45686,106992
5002,6133,45686,106992
5003,6134,45686,106992
5004,2985,45686,106992
5005,6132,45686,106992
5006,2986,45686,106992
5007,6137,45558,106992
5008,6124,45556,106992
5009,2994,45556,106992
5010,6138,45428,106992
5011,6140,45300,106992
5012,2995,45300,106992
5013,2996,45300,106992
5014,2998,45300,106992
5015,2997,45300,106992
5016,2999,45300,106992
5017,3000,45300,106992
5018,6144,45300,106992
5019,6145,45300,106992
5020,3001,45300,106992
5021,3003,45300,106992
5022,3002,45300,106992
5023,3004,45300,106992
5024,3005,45300,106992
5025,6146,45300,106992
5026,6147,45300,106992
5027,3008,45300,106992
5028,6143,45300,106992
5029,3009,45300,106992
5030,3012,45300,106992
5031,6151,45284,106992
5032,3014,45284,106992
5033,6148,45156,106992
5034,6149,45028,106992
5035,3016,45028,106992
5036,6152,44900,106992
5037,3018,44900,106992
5038,3021,44900,106992
5039,6154,44772,106992
5040,6156,44756,106992
5041,3023,44756,106992
5042,3025,44756,106992
5043,5857,44754,106992
5044,3027,44754,106992
5045,6158,44752,106992
5046,3029,44752,106992
5047,6150,44750,106992
5048,3031,44750,106992
5049,6160,44748,106992
5050,3033,44748,106992
5051,6155,44746,106992
5052,3035,44746,106992
5053,5864,44744,106992
5054,3037,44744,106992
5055,6162,44742,106992
5056,6163,44740,106992
5057,3061,44740,106992
5058,5878,44612,106992
5059,3063,44612,106992
5060,5879,44484,106992
5061,6159,44482,106992
5062,3038,44482,106992
5063,3041,44482,106992
5064,3042,44482,106992
5065,3044,44482,106992
5066,3039,44738,106992
5067,3040,44738,106992
5068,6153,44610,106992
5069,3043,44610,106992
5070,3045,44610,106992
5071,6167,44610,106992
5072,6168,44610,106992
5073,3054,44610,106992
5074,6165,44610,106992
5075,3055,44610,106992
5076,6172,44482,106992
5077,3065,44482,106992
5078,6173,44354,106992
5079,6176,44226,106992
5080,3046,44226,106992
5081,3047,44226,106992
5082,3049,44226,106992
5083,6166,43970,106992
5084,3048,43970,106992
5085,3050,43970,106992
5086,3051,43970,106992
5087,6170,43970,106992
5088,6171,43970,106992
5089,3058,43970,106992
5090,6169,43970,106992
5091,3059,43970,106992
5092,6174,43842,106992
5093,6161,43840,106992
5094,3067,43840,106992
5095,6175,43712,106992
5096,6177,43584,106992
5097,3068,43584,106992
5098,3069,43584,106992
5099,3071,43584,106992
5100,3070,43584,106992
5101,3072,43584,106992
5102,3073,43584,106992
5103,6181,43584,106992
5104,6182,43584,106992
5105,3074,43584,106992
5106,3076,43584,106992
5107,3075,43584,106992
5108,3077,43584,106992
5109,3078,43584,106992
5110,6183,43584,106992
5111,6184,43584,106992
5112,3081,43584,106992
5113,6180,43584,106992
5114,3082,43584,106992
5115,3085,43584,106992
5116,6188,43568,106992
5117,3087,43568,106992
5118,6185,43440,106992
5119,6186,43312,106992
5120,3089,43312,106992
5121,6189,43184,106992
5122,3091,43184,106992
5123,3094,43184,106992
5124,6191,43056,106992
5125,6193,43040,106992
5126,3096,43040,106992
5127,3098,43040,106992
5128,5894,43038,106992
5129,3100,43038,106992
5130,6195,43036,106992
5131,3102,43036,106992
5132,6187,43034,106992
5133,3104,43034,106992
5134,6197,43032,106992
5135,3106,43032,106992
5136,6192,43030,106992
5137,3108,43030,106992
5138,5901,43028,106992
5139,3110,43028,106992
5140,6199,43026,106992
5141,6200,43024,106992
5142,3134,43024,106992
5143,5915,42896,106992
5144,3136,42896,106992
5145,5916,42768,106992
5146,6196,42766,106992
5147,3111,42766,106992
5148,3114,42766,106992
5149,3115,42766,106992
5150,3117,42766,106992
5151,3112,43022,106992
5152,3113,43022,106992
5153,6190,42894,106992
5154,3116,42894,106992
5155,3118,42894,106992
5156,6204,42894,106992
5157,6205,42894,106992
5158,3127,42894,106992
5159,6202,42894,106992
5160,3128,42894,106992
5161,6209,42766,106992
5162,3138,42766,106992
5163,6210,42638,106992
5164,6213,42510,106992
5165,3119,42510,106992
5166,3120,42510,106992
5167,3122,42510,106992
5168,6203,42254,106992
5169,3121,42254,106992
5170,3123,42254,106992
5171,3124,42254,106992
5172,6207,42254,106992
5173,6208,42254,106992
5174,3131,42254,106992
5175,6206,42254,106992
5176,3132,42254,106992
5177,6211,42126,106992
5178,6198,42124,106992
5179,3140,42124,106992
5180,6212,41996,106992
5181,6214,41868,106992
5182,3141,41868,106992
5183,3142,41868,106992
5184,3144,41868,106992
5185,3143,41868,106992
5186,3145,41868,106992
5187,3146,41868,106992
5188,6218,41868,106992
5189,6219,41868,106992
5190,3147,41868,106992
5191,3149,41868,106992
5192,3148,41868,106992
5193,3150,41868,106992
5194,3151,41868,106992
5195,6220,41868,106992
5196,6221,41868,106992
5197,3154,41868,106992
5198,6217,41868,106992
5199,3155,41868,106992
5200,3158,41868,106992
5201,6225,41852,106992
5202,3160,41852,106992
5203,6222,41724,106992
5204,6223,41596,106992
5205,3162,41596,106992
5206,6226,41468,106992
5207,3164,41468,106992
5208,3167,41468,106992
5209,6228,41340,106992
5210,6230,41324,106992
5211,3169,41324,106992
5212,3171,41324,106992
5213,5931,41322,106992
5214,3173,41322,106992
5215,6232,41320,106992
5216,3175,41320,106992
5217,6224,41318,106992
5218,3177,41318,106992
5219,6234,41316,106992
5220,3179,41316,106992
5221,6229,41314,106992
5222,3181,41314,106992
5223,5938,41312,106992
5224,3183,41312,106992
5225,6236,41310,106992
5226,6237,41308,106992
5227,3207,41308,106992
5228,5952,41180,106992
5229,3209,41180,106992
5230,5953,41052,106992
5231,6233,41050,106992
5232,3184,41050,106992
5233,3187,41050,106992
5234,3188,41050,106992
5235,3190,41050,106992
5236,3185,41306,106992
5237,3186,41306,106992
5238,6227,41178,106992
5239,3189,41178,106992
5240,3191,41178,106992
5241,6241,41178,106992
5242,6242,41178,106992
5243,3200,41178,106992
5244,6239,41178,106992
5245,3201,41178,106992
5246,6246,41050,106992
5247,3211,41050,106992
5248,6247,40922,106992
5249,6250,40794,106992
5250,3192,40794,106992
5251,3193,40794,106992
5252,3195,40794,106992
5253,6240,40538,106992
5254,3194,40538,106992
5255,3196,40538,106992
5256,3197,40538,106992
5257,6244,40538,106992
5258,6245,40538,106992
5259,3204,40538,106992
5260,6243,40538,106992
5261,3205,40538,106992
5262,6248,40410,106992
5263,6235,40408,106992
5264,3213,40408,106992
5265,6249,40280,106992
5266,6251,40152,106992
5267,3214,40152,106992
5268,3215,40152,106992
5269,3217,40152,106992
5270,3216,40152,106992
5271,3218,40152,106992
5272,3219,40152,106992
5273,6255,40152,106992
5274,6256,40152,106992
5275,3220,40152,106992
5276,3222,40152,106992
5277,3221,40152,106992
5278,3223,40152,106992
5279,3224,40152,106992
5280,6257,40152,106992
5281,6258,40152,106992
5282,3227,40152,106992
5283,6254,40152,106992
5284,3228,40152,106992
5285,3231,40152,106992
5286,6262,40136,106992
5287,3233,40136,106992
5288,6259,40008,106992
5289,6260,39880,106992
5290,3235,39880,106992
5291,6263,39752,106992
5292,3237,39752,106992
5293,3240,39752,106992
5294,6265,39624,106992
5295,6267,39608,106992
5296,3242,39608,106992
5297,3244,39608,106992
5298,5968,39606,106992
5299,3246,39606,106992
5300,6269,39604,106992
5301,3248,39604,106992
5302,6261,39602,106992
5303,3250,39602,106992
5304,6271,39600,106992
5305,3252,39600,106992
5306,6266,39598,106992
5307,3254,39598,106992
5308,5975,39596,106992
5309,3256,39596,106992
5310,6273,39594,106992
5311,6274,39592,106992
5312,3280,39592,106992
5313,5989,39464,106992
5314,3282,39464,106992
5315,5990,39336,106992
5316,6270,39334,106992
5317,3257,39334,106992
5318,3260,39334,106992
5319,3261,39334,106992
5320,3263,39334,106992
5321,3258,39590,106992
5322,3259,39590,106992
5323,6264,39462,106992
5324,3262,39462,106992
5325,3264,39462,106992
5326,6278,39462,106992
5327,6279,39462,106992
5328,3273,39462,106992
5329,6276,39462,106992
5330,3274,39462,106992
5331,6283,39334,106992
5332,3284,39334,106992
5333,6284,39206,106992
5334,6287,39078,106992
5335,3265,39078,106992
5336,3266,39078,106992
5337,3268,39078,106992
5338,6277,38822,106992
5339,3267,38822,106992
5340,3269,38822,106992
5341,3270,38822,106992
5342,6281,38822,106992
5343,6282,38822,106992
5344,3277,38822,106992
5345,6280,38822,106992
5346,3278,38822,106992
5347,6285,38694,106992
5348,6272,38692,106992
5349,3286,38692,106992
5350,6286,38564,106992
5351,6288,38436,106992
5352,3287,38436,106992
5353,3288,38436,106992
5354,3290,38436,106992
5355,3289,38436,106992
5356,3291,38436,106992
5357,6029,38180,106992
5358,3292,38180,106992
5359,6292,38180,106992
5360,6293,38180,106992
5361,3293,38180,106992
5362,3295,38180,106992
5363,3294,38180,106992
5364,3296,38180,106992
5365,6032,37924,106992
5366,3297,37924,106992
5367,6294,37924,106992
5368,6295,37924,106992
5369,3300,37924,106992
5370,6291,37924,106992
5371,3301,37924,106992
5372,3304,37924,106992
5373,6299,37908,106992
5374,3306,37908,106992
5375,6296,37780,106992
5376,6297,37652,106992
5377,3308,37652,106992
5378,6300,37524,106992
5379,3310,37524,106992
5380,3313,37524,106992
5381,6302,37396,106992
5382,6304,37380,106992
5383,3315,37380,106992
5384,3317,37380,106992
5385,6005,37378,106992
5386,3319,37378,106992
5387,6306,37376,106992
5388,3321,37376,106992
5389,6298,37374,106992
5390,3323,37374,106992
5391,6308,37372,106992
5392,3325,37372,106992
5393,6303,37370,106992
5394,3327,37370,106992
5395,6012,37368,106992
5396,3329,37368,106992
5397,6310,37366,106992
5398,6311,37364,106992
5399,3353,37364,106992
5400,6026,37236,106992
5401,3355,37236,106992
5402,6027,37108,106992
5403,6307,37106,106992
5404,3330,37106,106992
5405,3333,37106,106992
5406,3334,37106,106992
5407,3336,37106,106992
5408,6054,36850,106992
5409,3331,37106,106992
5410,3332,37106,106992
5411,6301,36978,106992
5412,3335,36978,106992
5413,3337,36978,106992
5414,6315,36978,106992
5415,6316,36978,106992
5416,3346,36978,106992
5417,6313,36978,106992
5418,3347,36978,106992
5419,6320,36850,106992
5420,3357,36850,106992
5421,6321,36722,106992
5422,6324,36594,106992
5423,3338,36594,106992
5424,3339,36594,106992
5425,3341,36594,106992
5426,6314,36338,106992
5427,3340,36338,106992
5428,3342,36338,106992
5429,6058,36082,106992
5430,3343,36082,106992
5431,6318,36082,106992
5432,6319,36082,106992
5433,3350,36082,106992
5434,6317,36082,106992
5435,3351,36082,106992
5436,6322,35954,106992
5437,6309,35952,106992
5438,3359,35952,106992
5439,6323,35824,106992
5440,6325,35696,106992
5441,3360,35696,106992
5442,3363,35696,106992
5443,3365,35696,106992
5444,3364,35696,106992
5445,3361,35952,106992
5446,3362,35952,106992
5447,3366,35952,106992
5448,3367,35952,106992
5449,6330,35952,106992
5450,6331,35952,106992
5451,3370,35952,106992
5452,3372,35952,106992
5453,3371,35952,106992
5454,3368,36208,106992
5455,3369,36208,106992
5456,3373,36208,106992
5457,3374,36208,106992
5458,6333,36208,106992
5459,6334,36208,106992
5460,3377,36208,106992
5461,6328,36208,106992
5462,3378,36208,106992
5463,3381,36208,106992
5464,6338,36192,106992
5465,3383,36192,106992
5466,6335,36064,106992
5467,6336,35936,106992
5468,3385,35936,106992
5469,6339,35808,106992
5470,3387,35808,106992
5471,3390,35808,106992
5472,6341,35680,106992
5473,6343,35664,106992
5474,3392,35664,106992
5475,3394,35664,106992
5476,6044,35662,106992
5477,3396,35662,106992
5478,6345,35660,106992
5479,3398,35660,106992
5480,6337,35658,106992
5481,3400,35658,106992
5482,6347,35656,106992
5483,3402,35656,106992
5484,6342,35654,106992
5485,3404,35654,106992
5486,6051,35652,106992
5487,3406,35652,106992
5488,6349,35650,106992
5489,6350,35648,106992
5490,3434,35648,106992
5491,6067,35520,106992
5492,3436,35520,106992
5493,6068,35392,106992
5494,6346,35390,106992
5495,3407,35390,106992
5496,3412,35390,106992
5497,3413,35390,106992
5498,3408,35646,106992
5499,3410,35646,106992
5500,6340,35518,106992
5501,3414,35518,106992
5502,3409,35774,106992
5503,3411,35774,106992
5504,3415,35774,106992
5505,3416,35774,106992
5506,6355,35774,106992
5507,6356,35774,106992
5508,3427,35774,106992
5509,6352,35774,106992
5510,3428,35774,106992
5511,6361,35646,106992
5512,3438,35646,106992
5513,6362,35518,106992
5514,6365,35390,106992
5515,3417,35390,106992
5516,3420,35390,106992
5517,3422,35390,106992
5518,6353,35134,106992
5519,3421,35134,106992
5520,3418,35390,106992
5521,3419,35390,106992
5522,3423,35390,106992
5523,3424,35390,106992
5524,6359,35390,106992
5525,6360,35390,106992
5526,3431,35390,106992
5527,6357,35390,106992
5528,3432,35390,106992
5529,6363,35262,106992
5530,6348,35260,106992
5531,3440,35260,106992
5532,6364,35132,106992
5533,6366,35004,106992
5534,3441,35004,106992
5535,3442,35004,106992
5536,3444,35004,106992
5537,3443,35004,106992
5538,3445,35004,106992
5539,3446,35004,106992
5540,6370,35004,106992
5541,6371,35004,106992
5542,3447,35004,106992
5543,3449,35004,106992
5544,3448,35004,106992
5545,3450,35004,106992
5546,3451,35004,106992
5547,6372,35004,106992
5548,6373,35004,106992
5549,3454,35004,106992
5550,6369,35004,106992
5551,3455,35004,106992
5552,3458,35004,106992
5553,6377,34988,106992
5554,3460,34988,106992
5555,6374,34860,106992
5556,6375,34732,106992
5557,3462,34732,106992
5558,6378,34604,106992
5559,3464,34604,106992
5560,3467,34604,106992
5561,6380,34476,106992
5562,6382,34460,106992
5563,3469,34460,106992
5564,3471,34460,106992
5565,6083,34458,106992
5566,3473,34458,106992
5567,6384,34456,106992
5568,3475,34456,106992
5569,6376,34454,106992
5570,3477,34454,106992
5571,6386,34452,106992
5572,3479,34452,106992
5573,6381,34450,106992
5574,3481,34450,106992
5575,6090,34448,106992
5576,3483,34448,106992
5577,6388,34446,106992
5578,6389,34444,106992
5579,3507,34444,106992
5580,6104,34316,106992
5581,3509,34316,106992
5582,6105,34188,106992
5583,6385,34186,106992
5584,3484,34186,106992
5585,3487,34186,106992
5586,3488,34186,106992
5587,3490,34186,106992
5588,3485,34442,106992
5589,3486,34442,106992
5590,6379,34314,106992
5591,3489,34314,106992
5592,3491,34314,106992
5593,6393,34314,106992
5594,6394,34314,106992
5595,3500,34314,106992
5596,6391,34314,106992
5597,3501,34314,106992
5598,6398,34186,106992
5599,3511,34186,106992
5600,6399,34058,106992
5601,6402,33930,106992
5602,3492,33930,106992
5603,3493,33930,106992
5604,3495,33930,106992
5605,6392,33674,106992
5606,3494,33674,106992
5607,3496,33674,106992
5608,3497,33674,106992
5609,6396,33674,106992
5610,6397,33674,106992
5611,3504,33674,106992
5612,6395,33674,106992
5613,3505,33674,106992
5614,6400,33546,106992
5615,6387,33544,106992
5616,3513,33544,106992
5617,6401,33416,106992
5618,6403,33288,106992
5619,3514,33288,106992
5620,3515,33288,106992
5621,3517,33288,106992
5622,3516,33288,106992
5623,3518,33288,106992
5624,3519,33288,106992
5625,6407,33288,106992
5626,6408,33288,106992
5627,3520,33288,106992
5628,3522,33288,106992
5629,3521,33288,106992
5630,3523,33288,106992
5631,3524,33288,106992
5632,6409,33288,106992
5633,6410,33288,106992
5634,3527,33288,106992
5635,6406,33288,106992
5636,3528,33288,106992
5637,3531,33288,106992
5638,6414,33272,106992
5639,3533,33272,106992
5640,6411,33144,106992
5641,6412,33016,106992
5642,3535,33016,106992
5643,6415,32888,106992
5644,3537,32888,106992
5645,3540,32888,106992
5646,6417,32760,106992
5647,6419,32744,106992
5648,3542,32744,106992
5649,3544,32744,106992
5650,6120,32742,106992
5651,3546,32742,106992
5652,6421,32740,106992
5653,3548,32740,106992
5654,6413,32738,106992
5655,3550,32738,106992
5656,6423,32736,106992
5657,3552,32736,106992
5658,6418,32734,106992
5659,3554,32734,106992
5660,6127,32732,106992
5661,3556,32732,106992
5662,6425,32730,106992
5663,6426,32728,106992
5664,3580,32728,106992
5665,6141,32600,106992
5666,3582,32600,106992
5667,6142,32472,106992
5668,6422,32470,106992
5669,3557,32470,106992
5670,3560,32470,106992
5671,3561,32470,106992
5672,3563,32470,106992
5673,3558,32726,106992
5674,3559,32726,106992
5675,6416,32598,106992
5676,3562,32598,106992
5677,3564,32598,106992
5678,6430,32598,106992
5679,6431,32598,106992
5680,3573,32598,106992
5681,6428,32598,106992
5682,3574,32598,106992
5683,6435,32470,106992
5684,3584,32470,106992
5685,6436,32342,106992
5686,6439,32214,106992
5687,3565,32214,106992
5688,3566,32214,106992
5689,3568,32214,106992
5690,6429,31958,106992
5691,3567,31958,106992
5692,3569,31958,106992
5693,3570,31958,106992
5694,6433,31958,106992
5695,6434,31958,106992
5696,3577,31958,106992
5697,6432,31958,106992
5698,3578,31958,106992
5699,6437,31830,106992
5700,6424,31828,106992
5701,3586,31828,106992
5702,6438,31700,106992
5703,6440,31572,106992
5704,3587,31572,106992
5705,3588,31572,106992
5706,3590,31572,106992
5707,3589,31572,106992
5708,3591,31572,106992
5709,3592,31572,106992
5710,6444,31572,106992
5711,6445,31572,106992
5712,3593,31572,106992
5713,3595,31572,106992
5714,3594,31572,106992
5715,3596,31572,106992
5716,3597,31572,106992
5717,6446,31572,106992
5718,6447,31572,106992
5719,3600,31572,106992
5720,6443,31572,106992
5721,3601,31572,106992
5722,3604,31572,106992
5723,6451,31556,106992
5724,3606,31556,106992
5725,6448,31428,106992
5726,6449,31300,106992
5727,3608,31300,106992
5728,6452,31172,106992
5729,3610,31172,106992
5730,3613,31172,106992
5731,6454,31044,106992
5732,6456,31028,106992
5733,3615,31028,106992
5734,3617,31028,106992
5735,6157,31026,106992
5736,3619,31026,106992
5737,6458,31024,106992
5738,3621,31024,106992
5739,6450,31022,106992
5740,3623,31022,106992
5741,6460,31020,106992
5742,3625,31020,106992
5743,6455,31018,106992
5744,3627,31018,106992
5745,6164,31016,106992
5746,3629,31016,106992
5747,6462,31014,106992
5748,6463,31012,106992
5749,3653,31012,106992
5750,6178,30884,106992
5751,3655,30884,106992
5752,6179,30756,106992
5753,6459,30754,106992
5754,3630,30754,106992
5755,3633,30754,106992
5756,3634,30754,106992
5757,3636,30754,106992
5758,3631,31010,106992
5759,3632,31010,106992
5760,6453,30882,106992
5761,3635,30882,106992
5762,3637,30882,106992
5763,6467,30882,106992
5764,6468,30882,106992
5765,3646,30882,106992
5766,6465,30882,106992
5767,3647,30882,106992
5768,6472,30754,106992
5769,3657,30754,106992
5770,6473,30626,106992
5771,6476,30498,106992
5772,3638,30498,106992
5773,3639,30498,106992
5774,3641,30498,106992
5775,6466,30242,106992
5776,3640,30242,106992
5777,3642,30242,106992
5778,3643,30242,106992
5779,6470,30242,106992
5780,6471,30242,106992
5781,3650,30242,106992
5782,6469,30242,106992
5783,3651,30242,106992
5784,6474,30114,106992
5785,6461,30112,106992
5786,3659,30112,106992
5787,6475,29984,106992
5788,6477,29856,106992
5789,3660,29856,106992
5790,3661,29856,106992
5791,3663,29856,106992
5792,3662,29856,106992
5793,3664,29856,106992
5794,3665,29856,106992
5795,6481,29856,106992
5796,6482,29856,106992
5797,3666,29856,106992
5798,3668,29856,106992
5799,3667,29856,106992
5800,3669,29856,106992
5801,3670,29856,106992
5802,6483,29856,106992
5803,6484,29856,106992
5804,3673,29856,106992
5805,6480,29856,106992
5806,3674,29856,106992
5807,3677,29856,106992
5808,6488,29840,106992
5809,3679,29840,106992
5810,6485,29712,106992
5811,6486,29584,106992
5812,3681,29584,106992
5813,6489,29456,106992
5814,3683,29456,106992
5815,3686,29456,106992
5816,6491,29328,106992
5817,6493,29312,106992
5818,3688,29312,106992
5819,3690,29312,106992
5820,6194,29310,106992
5821,3692,29310,106992
5822,6495,29308,106992
5823,3694,29308,106992
5824,6487,29306,106992
5825,3696,29306,106992
5826,6497,29304,106992
5827,3698,29304,106992
5828,6492,29302,106992
5829,3700,29302,106992
5830,6201,29300,106992
5831,3702,29300,106992
5832,6499,29298,106992
5833,6500,29296,106992
5834,3726,29296,106992
5835,6215,29168,106992
5836,3728,29168,106992
5837,6216,29040,106992
5838,6496,29038,106992
5839,3703,29038,106992
5840,3706,29038,106992
5841,3707,29038,106992
5842,3709,29038,106992
5843,3704,29294,106992
5844,3705,29294,106992
5845,6490,29166,106992
5846,3708,29166,106992
5847,3710,29166,106992
5848,6504,29166,106992
5849,6505,29166,106992
5850,3719,29166,106992
5851,6502,29166,106992
5852,3720,29166,106992
5853,6509,29038,106992
5854,3730,29038,106992
5855,6510,28910,106992
5856,6513,28782,106992
5857,3711,28782,106992
5858,3712,28782,106992
5859,3714,28782,106992
5860,6503,28526,106992
5861,3713,28526,106992
5862,3715,28526,106992
5863,3716,28526,106992
5864,6507,28526,106992
5865,6508,28526,106992
5866,3723,28526,106992
5867,6506,28526,106992
5868,3724,28526,106992
5869,6511,28398,106992
5870,6498,28396,106992
5871,3732,28396,106992
5872,6512,28268,106992
5873,6514,28140,106992
5874,3733,28140,106992
5875,3734,28140,106992
5876,3736,28140,106992
5877,3735,28140,106992
5878,3737,28140,106992
5879,3738,28140,106992
5880,6518,28140,106992
5881,6519,28140,106992
5882,3739,28140,106992
5883,3741,28140,106992
5884,3740,28140,106992
5885,3742,28140,106992
5886,3743,28140,106992
5887,6520,28140,106992
5888,6521,28140,106992
5889,3746,28140,106992
5890,6517,28140,106992
5891,3747,28140,106992
5892,3750,28140,106992
5893,6525,28124,106992
5894,3752,28124,106992
5895,6522,27996,106992
5896,6523,27868,106992
5897,3754,27868,106992
5898,6526,27740,106992
5899,3756,27740,106992
5900,3759,27740,106992
5901,6528,27612,106992
5902,6530,27596,106992
5903,3761,27596,106992
5904,3763,27596,106992
5905,6231,27594,106992
5906,3765,27594,106992
5907,6532,27592,106992
5908,3767,27592,106992
5909,6524,27590,106992
5910,3769,27590,106992
5911,6534,27588,106992
5912,3771,27588,106992
5913,6529,27586,106992
5914,3773,27586,106992
5915,6238,27584,106992
5916,3775,27584,106992
5917,6536,27582,106992
5918,6537,27580,106992
5919,3799,27580,106992
5920,6252,27452,106992
5921,3801,27452,106992
5922,6253,27324,106992
5923,6533,27322,106992
5924,3776,27322,106992
5925,3779,27322,106992
5926,3780,27322,106992
5927,3782,27322,106992
5928,3777,27578,106992
5929,3778,27578,106992
5930,6527,27450,106992
5931,3781,27450,106992
5932,3783,27450,106992
5933,6541,27450,106992
5934,6542,27450,106992
5935,3792,27450,106992
5936,6539,27450,106992
5937,3793,27450,106992
5938,6546,27322,106992
5939,3803,27322,106992
5940,6547,27194,106992
5941,6550,27066,106992
5942,3784,27066,106992
5943,3785,27066,106992
5944,3787,27066,106992
5945,6540,26810,106992
5946,3786,26810,106992
5947,3788,26810,106992
5948,3789,26810,106992
5949,6544,26810,106992
5950,6545,26810,106992
5951,3796,26810,106992
5952,6543,26810,106992
5953,3797,26810,106992
5954,6548,26682,106992
5955,6535,26680,106992
5956,3805,26680,106992
5957,6549,26552,106992
5958,6551,26424,106992
5959,3806,26424,106992
5960,3807,26424,106992
5961,3809,26424,106992
5962,3808,26424,106992
5963,3810,26424,106992
5964,3811,26424,106992
5965,6555,26424,106992
5966,6556,26424,106992
5967,3812,26424,106992
5968,3814,26424,106992
5969,3813,26424,106992
5970,3815,26424,106992
5971,3816,26424,106992
5972,6557,26424,106992
5973,6558,26424,106992
5974,3819,26424,106992
5975,6554,26424,106992
5976,3820,26424,106992
5977,3823,26424,106992
5978,6562,26408,106992
5979,3825,26408,106992
5980,6559,26280,106992
5981,6560,26152,106992
5982,3827,26152,106992
5983,6563,26024,106992
5984,3829,26024,106992
5985,3832,26024,106992
5986,6565,25896,106992
5987,6567,25880,106992
5988,3834,25880,106992
5989,3836,25880,106992
5990,6268,25878,106992
5991,3838,25878,106992
5992,6569,25876,106992
5993,3840,25876,106992
5994,6561,25874,106992
5995,3842,25874,106992
5996,6571,25872,106992
5997,3844,25872,106992
5998,6566,25870,106992
5999,3846,25870,106992
6000,6275,25868,106992
6001,3848,25868,106992
6002,6573,25866,106992
6003,6574,25864,106992
6004,3872,25864,106992
6005,6289,25736,106992
6006,3874,25736,106992
6007,6290,25608,106992
6008,6570,25606,106992
6009,3849,25606,106992
6010,3852,25606,106992
6011,3853,25606,106992
6012,3855,25606,106992
6013,3850,25862,106992
6014,3851,25862,106992
6015,6564,25734,106992
6016,3854,25734,106992
6017,3856,25734,106992
6018,6578,25734,106992
6019,6579,25734,106992
6020,3865,25734,106992
6021,6576,25734,106992
6022,3866,25734,106992
6023,6583,25606,106992
6024,3876,25606,106992
6025,6584,25478,106992
6026,6587,25350,106992
6027,3857,25350,106992
6028,3858,25350,106992
6029,3860,25350,106992
6030,6577,25094,106992
6031,3859,25094,106992
6032,3861,25094,106992
6033,3862,25094,106992
6034,6581,25094,106992
6035,6582,25094,106992
6036,3869,25094,106992
6037,6580,25094,106992
6038,3870,25094,106992
6039,6585,24966,106992
6040,6572,24964,106992
6041,3878,24964,106992
6042,6586,24836,106992
6043,6588,24708,106992
6044,3879,24708,106992
6045,3880,24708,106992
6046,3882,24708,106992
6047,3881,24708,106992
6048,3883,24708,106992
6049,6329,24452,106992
6050,3884,24452,106992
6051,6592,24452,106992
6052,6593,24452,106992
6053,3885,24452,106992
6054,3887,24452,106992
6055,3886,24452,106992
6056,3888,24452,106992
6057,6332,24196,106992
6058,3889,24196,106992
6059,6594,24196,106992
6060,6595,24196,106992
6061,3892,24196,106992
6062,6591,24196,106992
6063,3893,24196,106992
6064,3896,24196,106992
6065,6599,24180,106992
6066,3898,24180,106992
6067,6596,24052,106992
6068,6597,23924,106992
6069,3900,23924,106992
6070,6600,23796,106992
6071,3902,23796,106992
6072,3905,23796,106992
6073,6602,23668,106992
6074,6604,23652,106992
6075,3907,23652,106992
6076,3909,23652,106992
6077,6305,23650,106992
6078,3911,23650,106992
6079,6606,23648,106992
6080,3913,23648,106992
6081,6598,23646,106992
6082,3915,23646,106992
6083,6608,23644,106992
6084,3917,23644,106992
6085,6603,23642,106992
6086,3919,23642,106992
6087,6312,23640,106992
6088,3921,23640,106992
6089,6610,23638,106992
6090,6611,23636,106992
6091,3945,23636,106992
6092,6326,23508,106992
6093,3947,23508,106992
6094,6327,23380,106992
6095,6607,23378,106992
6096,3922,23378,106992
6097,3925,23378,106992
6098,3926,23378,106992
6099,3928,23378,106992
6100,6354,23122,106992
6101,3923,23378,106992
6102,3924,23378,106992
6103,6601,23250,106992
6104,3927,23250,106992
6105,3929,23250,106992
6106,6615,23250,106992
6107,6616,23250,106992
6108,3938,23250,106992
6109,6613,23250,106992
6110,3939,23250,106992
6111,6620,23122,106992
6112,3949,23122,106992
6113,6621,22994,106992
6114,6624,22866,106992
6115,3930,22866,106992
6116,3931,22866,106992
6117,3933,22866,106992
6118,6614,22610,106992
6119,3932,22610,106992
6120,3934,22610,106992
6121,6358,22354,106992
6122,3935,22354,106992
6123,6618,22354,106992
6124,6619,22354,106992
6125,3942,22354,106992
6126,6617,22354,106992
6127,3943,22354,106992
6128,6622,22226,106992
6129,6609,22224,106992
6130,3951,22224,106992
6131,6623,22096,106992
6132,6625,21968,106992
6133,3952,21968,106992
6134,3955,21968,106992
6135,3957,21968,106992
6136,4625,21712,106992
6137,3956,21712,106992
6138,3953,21968,106992
6139,3954,21968,106992
6140,3958,21968,106992
6141,3959,21968,106992
6142,6630,21968,106992
6143,6631,21968,106992
6144,3962,21968,106992
6145,3964,21968,106992
6146,4629,21712,106992
6147,3963,21712,106992
6148,3960,21968,106992
6149,3961,21968,106992
6150,3965,21968,106992
6151,3966,21968,106992
6152,6633,21968,106992
6153,6634,21968,106992
6154,3969,21968,106992
6155,6628,21968,106992
6156,3970,21968,106992
6157,3973,21968,106992
6158,6638,21952,106992
6159,3975,21952,106992
6160,6635,21824,106992
6161,6636,21696,106992
6162,3977,21696,106992
6163,6639,21568,106992
6164,3979,21568,106992
6165,3982,21568,106992
6166,6641,21440,106992
6167,6643,21424,106992
6168,3984,21424,106992
6169,3986,21424,106992
6170,6344,21422,106992
6171,3988,21422,106992
6172,6645,21420,106992
6173,3990,21420,106992
6174,6637,21418,106992
6175,3992,21418,106992
6176,6647,21416,106992
6177,3994,21416,106992
6178,6642,21414,106992
6179,3996,21414,106992
6180,6351,21412,106992
6181,3998,21412,106992
6182,6649,21410,106992
6183,6650,21408,106992
6184,4026,21408,106992
6185,6367,21280,106992
6186,4028,21280,106992
6187,6368,21152,106992
6188,6646,21150,106992
6189,4034,21150,106992
6190,4041,21150,106992
6191,6651,21148,106992
6192,4042,21148,106992
6193,6644,21146,106992
6194,3999,21146,106992
6195,4004,21146,106992
6196,4005,21146,106992
6197,4000,21402,106992
6198,4002,21402,106992
6199,6640,21274,106992
6200,4006,21274,106992
6201,4001,21530,106992
6202,4003,21530,106992
6203,4007,21530,106992
6204,4008,21530,106992
6205,6655,21530,106992
6206,6656,21530,106992
6207,4019,21530,106992
6208,6652,21530,106992
6209,4020,21530,106992
6210,6661,21402,106992
6211,4030,21402,106992
6212,6662,21274,106992
6213,6665,21146,106992
6214,4036,21146,106992
6215,6667,21018,106992
6216,4039,21018,106992
6217,6670,20890,106992
6218,4009,20890,106992
6219,4012,20890,106992
6220,4014,20890,106992
6221,6653,20634,106992
6222,4013,20634,106992
6223,4010,20890,106992
6224,4011,20890,106992
6225,4015,20890,106992
6226,4016,20890,106992
6227,6659,20890,106992
6228,6660,20890,106992
6229,4023,20890,106992
6230,6657,20890,106992
6231,4024,20890,106992
6232,6663,20762,106992
6233,6648,20760,106992
6234,4032,20760,106992
6235,6664,20632,106992
6236,6666,20504,106992
6237,4038,20504,106992
6238,6668,20376,106992
6239,6669,20374,106992
6240,4040,20374,106992
6241,6671,20246,106992
6242,4043,20246,106992
6243,4044,20246,106992
6244,4046,20246,106992
6245,4654,19990,106992
6246,4045,19990,106992
6247,4047,19990,106992
6248,4048,19990,106992
6249,6673,19990,106992
6250,6674,19990,106992
6251,4049,19990,106992
6252,4051,19990,106992
6253,4657,19734,106992
6254,4050,19734,106992
6255,4052,19734,106992
6256,4053,19734,106992
6257,6675,19734,106992
6258,6676,19734,106992
6259,4056,19734,106992
6260,6672,19734,106992
6261,4057,19734,106992
6262,4060,19734,106992
6263,6680,19718,106992
6264,4062,19718,106992
6265,6677,19590,106992
6266,6678,19462,106992
6267,4064,19462,106992
6268,6681,19334,106992
6269,4066,19334,106992
6270,4069,19334,106992
6271,6683,19206,106992
6272,6685,19190,106992
6273,4071,19190,106992
6274,4073,19190,106992
6275,6383,19188,106992
6276,4075,19188,106992
6277,6687,19186,106992
6278,4077,19186,106992
6279,6679,19184,106992
6280,4079,19184,106992
6281,6689,19182,106992
6282,4081,19182,106992
6283,6684,19180,106992
6284,4083,19180,106992
6285,6390,19178,106992
6286,4085,19178,106992
6287,6691,19176,106992
6288,6692,19174,106992
6289,4109,19174,106992
6290,6404,19046,106992
6291,4111,19046,106992
6292,6405,18918,106992
6293,6688,18916,106992
6294,4117,18916,106992
6295,4124,18916,106992
6296,6693,18914,106992
6297,4125,18914,106992
6298,6686,18912,106992
6299,4086,18912,106992
6300,4089,18912,106992
6301,4090,18912,106992
6302,4092,18912,106992
6303,4087,19168,106992
6304,4088,19168,106992
6305,6682,19040,106992
6306,4091,19040,106992
6307,4093,19040,106992
6308,6696,19040,106992
6309,6697,19040,106992
6310,4102,19040,106992
6311,6694,19040,106992
6312,4103,19040,106992
6313,6701,18912,106992
6314,4113,18912,106992
6315,6702,18784,106992
6316,6705,18656,106992
6317,4119,18656,106992
6318,6707,18528,106992
6319,4122,18528,106992
6320,6710,18400,106992
6321,4094,18400,106992
6322,4095,18400,106992
6323,4097,18400,106992
6324,6695,18144,106992
6325,4096,18144,106992
6326,4098,18144,106992
6327,4099,18144,106992
6328,6699,18144,106992
6329,6700,18144,106992
6330,4106,18144,106992
6331,6698,18144,106992
6332,4107,18144,106992
6333,6703,18016,106992
6334,6690,18014,106992
6335,4115,18014,106992
6336,6704,17886,106992
6337,6706,17758,106992
6338,4121,17758,106992
6339,6708,17630,106992
6340,6709,17628,106992
6341,4123,17628,106992
6342,6711,17500,106992
6343,4126,17500,106992
6344,4127,17500,106992
6345,4129,17500,106992
6346,4679,17244,106992
6347,4128,17244,106992
6348,4130,17244,106992
6349,4131,17244,106992
6350,6713,17244,106992
6351,6714,17244,106992
6352,4132,17244,106992
6353,4134,17244,106992
6354,4682,16988,106992
6355,4133,16988,106992
6356,4135,16988,106992
6357,4136,16988,106992
6358,6715,16988,106992
6359,6716,16988,106992
6360,4139,16988,106992
6361,6712,16988,106992
6362,4140,16988,106992
6363,4143,16988,106992
6364,6720,16972,106992
6365,4145,16972,106992
6366,6717,16844,106992
6367,6718,16716,106992
6368,4147,16716,106992
6369,6721,16588,106992
6370,4149,16588,106992
6371,4152,16588,106992
6372,6723,16460,106992
6373,6725,16444,106992
6374,4154,16444,106992
6375,4156,16444,106992
6376,6420,16442,106992
6377,4158,16442,106992
6378,6727,16440,106992
6379,4160,16440,106992
6380,6719,16438,106992
6381,4162,16438,106992
6382,6729,16436,106992
6383,4164,16436,106992
6384,6724,16434,106992
6385,4166,16434,106992
6386,6427,16432,106992
6387,4168,16432,106992
6388,6731,16430,106992
6389,6732,16428,106992
6390,4192,16428,106992
6391,6441,16300,106992
6392,4194,16300,106992
6393,6442,16172,106992
6394,6728,16170,106992
6395,4200,16170,106992
6396,4207,16170,106992
6397,6733,16168,106992
6398,4208,16168,106992
6399,6726,16166,106992
6400,4169,16166,106992
6401,4172,16166,106992
6402,4173,16166,106992
6403,4175,16166,106992
6404,4170,16422,106992
6405,4171,16422,106992
6406,6722,16294,106992
6407,4174,16294,106992
6408,4176,16294,106992
6409,6736,16294,106992
6410,6737,16294,106992
6411,4185,16294,106992
6412,6734,16294,106992
6413,4186,16294,106992
6414,6741,16166,106992
6415,4196,16166,106992
6416,6742,16038,106992
6417,6745,15910,106992
6418,4202,15910,106992
6419,6747,15782,106992
6420,4205,15782,106992
6421,6750,15654,106992
6422,4177,15654,106992
6423,4178,15654,106992
6424,4180,15654,106992
6425,6735,15398,106992
6426,4179,15398,106992
6427,4181,15398,106992
6428,4182,15398,106992
6429,6739,15398,106992
6430,6740,15398,106992
6431,4189,15398,106992
6432,6738,15398,106992
6433,4190,15398,106992
6434,6743,15270,106992
6435,6730,15268,106992
6436,4198,15268,106992
6437,6744,15140,106992
6438,6746,15012,106992
6439,4204,15012,106992
6440,6748,14884,106992
6441,6749,14882,106992
6442,4206,14882,106992
6443,6751,14754,106992
6444,4209,14754,106992
6445,4210,14754,106992
6446,4212,14754,106992
6447,4704,14498,106992
6448,4211,14498,106992
6449,4213,14498,106992
6450,4214,14498,106992
6451,6753,14498,106992
6452,6754,14498,106992
6453,4215,14498,106992
6454,4217,14498,106992
6455,4707,14242,106992
6456,4216,14242,106992
6457,4218,14242,106992
6458,4219,14242,106992
6459,6755,14242,106992
6460,6756,14242,106992
6461,4222,14242,106992
6462,6752,14242,106992
6463,4223,14242,106992
6464,4226,14242,106992
6465,6760,14226,106992
6466,4228,14226,106992
6467,6757,14098,106992
6468,6758,13970,106992
6469,4230,13970,106992
6470,6761,13842,106992
6471,4232,13842,106992
6472,4235,13842,106992
6473,6763,13714,106992
6474,6765,13698,106992
6475,4237,13698,106992
6476,4239,13698,106992
6477,6457,13696,106992
6478,4241,13696,106992
6479,6767,13694,106992
6480,4243,13694,106992
6481,6759,13692,106992
6482,4245,13692,106992
6483,6769,13690,106992
6484,4247,13690,106992
6485,6764,13688,106992
6486,4249,13688,106992
6487,6464,13686,106992
6488,4251,13686,106992
6489,6771,13684,106992
6490,6772,13682,106992
6491,4275,13682,106992
6492,6478,13554,106992
6493,4277,13554,106992
6494,6479,13426,106992
6495,6768,13424,106992
6496,4283,13424,106992
6497,4290,13424,106992
6498,6773,13422,106992
6499,4291,13422,106992
6500,6766,13420,106992
6501,4252,13420,106992
6502,4255,13420,106992
6503,4256,13420,106992
6504,4258,13420,106992
6505,4253,13676,106992
6506,4254,13676,106992
6507,6762,13548,106992
6508,4257,13548,106992
6509,4259,13548,106992
6510,6776,13548,106992
6511,6777,13548,106992
6512,4268,13548,106992
6513,6774,13548,106992
6514,4269,13548,106992
6515,6781,13420,106992
6516,4279,13420,106992
6517,6782,13292,106992
6518,6785,13164,106992
6519,4285,13164,106992
6520,6787,13036,106992
6521,4288,13036,106992
6522,6790,12908,106992
6523,4260,12908,106992
6524,4261,12908,106992
6525,4263,12908,106992
6526,6775,12652,106992
6527,4262,12652,106992
6528,4264,12652,106992
6529,4265,12652,106992
6530,6779,12652,106992
6531,6780,12652,106992
6532,4272,12652,106992
6533,6778,12652,106992
6534,4273,12652,106992
6535,6783,12524,106992
6536,6770,12522,106992
6537,4281,12522,106992
6538,6784,12394,106992
6539,6786,12266,106992
6540,4287,12266,106992
6541,6788,12138,106992
6542,6789,12136,106992
6543,4289,12136,106992
6544,6791,12008,106992
6545,4292,12008,106992
6546,4293,12008,106992
6547,4295,12008,106992
6548,4729,11752,106992
6549,4294,11752,106992
6550,4296,11752,106992
6551,4297,11752,106992
6552,6793,11752,106992
6553,6794,11752,106992
6554,4298,11752,106992
6555,4300,11752,106992
6556,4732,11496,106992
6557,4299,11496,106992
6558,4301,11496,106992
6559,4302,11496,106992
6560,6795,11496,106992
6561,6796,11496,106992
6562,4305,11496,106992
6563,6792,11496,106992
6564,4306,11496,106992
6565,4309,11496,106992
6566,6800,11480,106992
6567,4311,11480,106992
6568,6797,11352,106992
6569,6798,11224,106992
6570,4313,11224,106992
6571,6801,11096,106992
6572,4315,11096,106992
6573,4318,11096,106992
6574,6803,10968,106992
6575,6805,10952,106992
6576,4320,10952,106992
6577,4322,10952,106992
6578,6494,10950,106992
6579,4324,10950,106992
6580,6807,10948,106992
6581,4326,10948,106992
6582,6799,10946,106992
6583,4328,10946,106992
6584,6809,10944,106992
6585,4330,10944,106992
6586,6804,10942,106992
6587,4332,10942,106992
6588,6501,10940,106992
6589,4334,10940,106992
6590,6811,10938,106992
6591,6812,10936,106992
6592,4358,10936,106992
6593,6515,10808,106992
6594,4360,10808,106992
6595,6516,10680,106992
6596,6808,10678,106992
6597,4366,10678,106992
6598,4373,10678,106992
6599,6813,10676,106992
6600,4374,10676,106992
6601,6806,10674,106992
6602,4335,10674,106992
6603,4338,10674,106992
6604,4339,10674,106992
6605,4341,10674,106992
6606,4336,10930,106992
6607,4337,10930,106992
6608,6802,10802,106992
6609,4340,10802,106992
6610,4342,10802,106992
6611,6816,10802,106992
6612,6817,10802,106992
6613,4351,10802,106992
6614,6814,10802,106992
6615,4352,10802,106992
6616,6821,10674,106992
6617,4362,10674,106992
6618,6822,10546,106992
6619,6825,10418,106992
6620,4368,10418,106992
6621,6827,10290,106992
6622,4371,10290,106992
6623,6830,10162,106992
6624,4343,10162,106992
6625,4344,10162,106992
6626,4346,10162,106992
6627,6815,9906,106992
6628,4345,9906,106992
6629,4347,9906,106992
6630,4348,9906,106992
6631,6819,9906,106992
6632,6820,9906,106992
6633,4355,9906,106992
6634,6818,9906,106992
6635,4356,9906,106992
6636,6823,9778,106992
6637,6810,9776,106992
6638,4364,9776,106992
6639,6824,9648,106992
6640,6826,9520,106992
6641,4370,9520,106992
6642,6828,9392,106992
6643,6829,9390,106992
6644,4372,9390,106992
6645,6831,9262,106992
6646,4375,9262,106992
6647,4376,9262,106992
6648,4378,9262,106992
6649,4754,9006,106992
6650,4377,9006,106992
6651,4379,9006,106992
6652,4380,9006,106992
6653,6833,9006,106992
6654,6834,9006,106992
6655,4381,9006,106992
6656,4383,9006,106992
6657,4757,8750,106992
6658,4382,8750,106992
6659,4384,8750,106992
6660,4385,8750,106992
6661,6835,8750,106992
6662,6836,8750,106992
6663,4388,8750,106992
6664,6832,8750,106992
6665,4389,8750,106992
6666,4392,8750,106992
6667,6840,8734,106992
6668,4394,8734,106992
6669,6837,8606,106992
6670,6838,8478,106992
6671,4396,8478,106992
6672,6841,8350,106992
6673,4398,8350,106992
6674,4401,8350,106992
6675,6843,8222,106992
6676,6845,8206,106992
6677,4403,8206,106992
6678,4405,8206,106992
6679,6531,8204,106992
6680,4407,8204,106992
6681,6847,8202,106992
6682,4409,8202,106992
6683,6839,8200,106992
6684,4411,8200,106992
6685,6849,8198,106992
6686,4413,8198,106992
6687,6844,8196,106992
6688,4415,8196,106992
6689,6538,8194,106992
6690,4417,8194,106992
6691,6851,8192,106992
6692,6852,8190,106992
6693,4441,8190,106992
6694,6552,8062,106992
6695,4443,8062,106992
6696,6553,7934,106992
6697,6848,7932,106992
6698,4449,7932,106992
6699,4456,7932,106992
6700,6853,7930,106992
6701,4457,7930,106992
6702,6846,7928,106992
6703,4418,7928,106992
6704,4421,7928,106992
6705,4422,7928,106992
6706,4424,7928,106992
6707,4419,8184,106992
6708,4420,8184,106992
6709,6842,8056,106992
6710,4423,8056,106992
6711,4425,8056,106992
6712,6856,8056,106992
6713,6857,8056,106992
6714,4434,8056,106992
6715,6854,8056,106992
6716,4435,8056,106992
6717,6861,7928,106992
6718,4445,7928,106992
6719,6862,7800,106992
6720,6865,7672,106992
6721,4451,7672,106992
6722,6867,7544,106992
6723,4454,7544,106992
6724,6870,7416,106992
6725,4426,7416,106992
6726,4427,7416,106992
6727,4429,7416,106992
6728,6855,7160,106992
6729,4428,7160,106992
6730,4430,7160,106992
6731,4431,7160,106992
6732,6859,7160,106992
6733,6860,7160,106992
6734,4438,7160,106992
6735,6858,7160,106992
6736,4439,7160,106992
6737,6863,7032,106992
6738,6850,7030,106992
6739,4447,7030,106992
6740,6864,6902,106992
6741,6866,6774,106992
6742,4453,6774,106992
6743,6868,6646,106992
6744,6869,6644,106992
6745,4455,6644,106992
6746,6871,6516,106992
6747,4458,6516,106992
6748,4459,6516,106992
6749,4461,6516,106992
6750,4779,6260,106992
6751,4460,6260,106992
6752,4462,6260,106992
6753,4463,6260,106992
6754,6873,6260,106992
6755,6874,6260,106992
6756,4464,6260,106992
6757,4466,6260,106992
6758,4782,6004,106992
6759,4465,6004,106992
6760,4467,6004,106992
6761,4468,6004,106992
6762,6875,6004,106992
6763,6876,6004,106992
6764,4471,6004,106992
6765,6872,6004,106992
6766,4472,6004,106992
6767,4475,6004,106992
6768,6880,5988,106992
6769,4477,5988,106992
6770,6877,5860,106992
6771,6878,5732,106992
6772,4479,5732,106992
6773,6881,5604,106992
6774,4481,5604,106992
6775,4484,5604,106992
6776,6883,5476,106992
6777,6885,5460,106992
6778,4486,5460,106992
6779,4488,5460,106992
6780,6568,5458,106992
6781,4490,5458,106992
6782,6887,5456,106992
6783,4492,5456,106992
6784,6879,5454,106992
6785,4494,5454,106992
6786,6889,5452,106992
6787,4496,5452,106992
6788,6884,5450,106992
6789,4498,5450,106992
6790,6575,5448,106992
6791,4500,5448,106992
6792,6891,5446,106992
6793,6892,5444,106992
6794,4524,5444,106992
6795,6589,5316,106992
6796,4526,5316,106992
6797,6590,5188,106992
6798,6888,5186,106992
6799,4532,5186,106992
6800,4539,5186,106992
6801,6893,5184,106992
6802,4540,5184,106992
6803,6886,5182,106992
6804,4501,5182,106992
6805,4504,5182,106992
6806,4505,5182,106992
6807,4507,5182,106992
6808,4502,5438,106992
6809,4503,5438,106992
6810,6882,5310,106992
6811,4506,5310,106992
6812,4508,5310,106992
6813,6896,5310,106992
6814,6897,5310,106992
6815,4517,5310,106992
6816,6894,5310,106992
6817,4518,5310,106992
6818,6901,5182,106992
6819,4528,5182,106992
6820,6902,5054,106992
6821,6905,4926,106992
6822,4534,4926,106992
6823,6907,4798,106992
6824,4537,4798,106992
6825,6910,4670,106992
6826,4509,4670,106992
6827,4510,4670,106992
6828,4512,4670,106992
6829,6895,4414,106992
6830,4511,4414,106992
6831,4513,4414,106992
6832,4514,4414,106992
6833,6899,4414,106992
6834,6900,4414,106992
6835,4521,4414,106992
6836,6898,4414,106992
6837,4522,4414,106992
6838,6903,4286,106992
6839,6890,4284,106992
6840,4530,4284,106992
6841,6904,4156,106992
6842,6906,4028,106992
6843,4536,4028,106992
6844,6908,3900,106992
6845,6909,3898,106992
6846,4538,3898,106992
6847,6911,3770,106992
6848,4541,3770,106992
6849,4542,3770,106992
6850,4544,3770,106992
6851,4804,3514,106992
6852,4543,3514,106992
6853,4545,3514,106992
6854,6629,3258,106992
6855,4546,3258,106992
6856,6913,3258,106992
6857,6914,3258,106992
6858,4547,3258,106992
6859,4549,3258,106992
6860,4807,3002,106992
6861,4548,3002,106992
6862,4550,3002,106992
6863,6632,2746,106992
6864,4551,2746,106992
6865,6915,2746,106992
6866,6916,2746,106992
6867,4554,2746,106992
6868,6912,2746,106992
6869,4555,2746,106992
6870,4558,2746,106992
6871,6920,2730,106992
6872,4560,2730,106992
6873,6917,2602,106992
6874,6918,2474,106992
6875,4562,2474,106992
6876,6921,2346,106992
6877,4564,2346,106992
6878,4567,2346,106992
6879,6923,2218,106992
6880,6925,2202,106992
6881,4569,2202,106992
6882,4571,2202,106992
6883,6605,2200,106992
6884,4573,2200,106992
6885,6927,2198,106992
6886,4575,2198,106992
6887,6919,2196,106992
6888,4577,2196,106992
6889,6929,2194,106992
6890,4579,2194,106992
6891,6924,2192,106992
6892,4581,2192,106992
6893,6612,2190,106992
6894,4583,2190,106992
6895,6931,2188,106992
6896,6932,2186,106992
6897,4607,2186,106992
6898,6626,2058,106992
6899,4609,2058,106992
6900,6627,1930,106992
6901,6928,1928,106992
6902,4615,1928,106992
6903,4622,1928,106992
6904,6933,1926,106992
6905,4623,1926,106992
6906,6926,1924,106992
6907,4584,1924,106992
6908,4587,1924,106992
6909,4588,1924,106992
6910,4590,1924,106992
6911,6654,1668,106992
6912,4585,1924,106992
6913,4586,1924,106992
6914,6922,1796,106992
6915,4589,1796,106992
6916,4591,1796,106992
6917,6936,1796,106992
6918,6937,1796,106992
6919,4600,1796,106992
6920,6934,1796,106992
6921,4601,1796,106992
6922,6941,1668,106992
6923,4611,1668,106992
6924,6942,1540,106992
6925,6945,1412,106992
6926,4617,1412,106992
6927,6947,1284,106992
6928,4620,1284,106992
6929,6950,1156,106992
6930,4592,1156,106992
6931,4593,1156,106992
6932,4595,1156,106992
6933,6935,900,106992
6934,4594,900,106992
6935,4596,900,106992
6936,6658,644,106992
6937,4597,644,106992
6938,6939,644,106992
6939,6940,644,106992
6940,4604,644,106992
6941,6938,644,106992
6942,4605,644,106992
6943,6943,516,106992
6944,6930,514,106992
6945,4613,514,106992
6946,6944,386,106992
6947,6946,258,106992
6948,4619,258,106992
6949,6948,130,106992
6950,6949,128,106992
6951,4621,128,106992
6952,6951,0,106992
