position,node_id,l1_ub_live,running_peak
1,0,0,0
2,5,0,0
3,6,0,0
4,1,128,128
5,3,128,128
6,7,128,128
7,2,256,256
8,4,256,256
9,8,256,256
10,9,256,256
11,22019,256,256
12,22020,256,256
13,14,256,256
14,15,256,256
15,10,384,384
16,12,384,384
17,16,384,384
18,11,512,512
19,13,512,512
20,17,512,512
21,18,512,512
22,22023,512,512
23,22024,512,512
24,23,512,512
25,24,512,512
26,19,640,640
27,21,640,640
28,25,640,640
29,20,768,768
30,22,768,768
31,26,768,768
32,27,768,768
33,22027,768,768
34,22028,768,768
35,32,768,768
36,33,768,768
37,28,896,896
38,30,896,896
39,34,896,896
40,29,1024,1024
41,31,1024,1024
42,35,1024,1024
43,36,1024,1024
44,22031,1024,1024
45,22032,1024,1024
46,41,1024,1024
47,42,1024,1024
48,37,1152,1152
49,39,1152,1152
50,43,1152,1152
51,38,1280,1280
52,40,1280,1280
53,44,1280,1280
54,45,1280,1280
55,22035,1280,1280
56,22036,1280,1280
57,50,1280,1280
58,51,1280,1280
59,46,1408,1408
60,48,1408,1408
61,52,1408,1408
62,47,1536,1536
63,49,1536,1536
64,53,1536,1536
65,54,1536,1536
66,22039,1536,1536
67,22040,1536,1536
68,59,1536,1536
69,60,1536,1536
70,55,1664,1664
71,57,1664,1664
72,61,1664,1664
73,56,1792,1792
74,58,1792,1792
75,62,1792,1792
76,63,1792,1792
77,22043,1792,1792
78,22044,1792,1792
79,68,1792,1792
80,69,1792,1792
81,64,1920,1920
82,66,1920,1920
83,70,1920,1920
84,65,2048,2048
85,67,2048,2048
86,71,2048,2048
87,72,2048,2048
88,22047,2048,2048
89,22048,2048,2048
90,77,2048,2048
91,78,2048,2048
92,73,2176,2176
93,75,2176,2176
94,79,2176,2176
95,74,2304,2304
96,76,2304,2304
97,80,2304,2304
98,81,2304,2304
99,22051,2304,2304
100,22052,2304,2304
101,86,2304,2304
102,87,2304,2304
103,82,2432,2432
104,84,2432,2432
105,88,2432,2432
106,83,2560,2560
107,85,2560,2560
108,89,2560,2560
109,90,2560,2560
110,22055,2560,2560
111,22056,2560,2560
112,95,2560,2560
113,96,2560,2560
114,91,2688,2688
115,93,2688,2688
116,97,2688,2688
117,92,2816,2816
118,94,2816,2816
119,98,2816,2816
120,99,2816,2816
121,22059,2816,2816
122,22060,2816,2816
123,104,2816,2816
124,105,2816,2816
125,100,2944,2944
126,102,2944,2944
127,106,2944,2944
128,101,3072,3072
129,103,3072,3072
130,107,3072,3072
131,108,3072,3072
132,22063,3072,3072
133,22064,3072,3072
134,113,3072,3072
135,114,3072,3072
136,109,3200,3200
137,111,3200,3200
138,115,3200,3200
139,110,3328,3328
140,112,3328,3328
141,116,3328,3328
142,117,3328,3328
143,22067,3328,3328
144,22068,3328,3328
145,122,3328,3328
146,123,3328,3328
147,118,3456,3456
148,120,3456,3456
149,124,3456,3456
150,119,3584,3584
151,121,3584,3584
152,125,3584,3584
153,126,3584,3584
154,22071,3584,3584
155,22072,3584,3584
156,131,3584,3584
157,132,3584,3584
158,127,3712,3712
159,129,3712,3712
160,133,3712,3712
161,128,3840,3840
162,130,3840,3840
163,134,3840,3840
164,135,3840,3840
165,22075,3840,3840
166,22076,3840,3840
167,140,3840,3840
168,141,3840,3840
169,136,3968,3968
170,138,3968,3968
171,142,3968,3968
172,137,4096,4096
173,139,4096,4096
174,143,4096,4096
175,144,4096,4096
176,22079,4096,4096
177,22080,4096,4096
178,145,4096,4096
179,22016,4096,4096
180,146,4096,4096
181,149,4096,4096
182,151,4096,4096
183,150,4096,4096
184,147,4224,4224
185,148,4224,4224
186,152,4224,4224
187,153,4224,4224
188,22083,4224,4224
189,22084,4224,4224
190,156,4224,4224
191,158,4224,4224
192,157,4224,4224
193,154,4352,4352
194,155,4352,4352
195,159,4352,4352
196,160,4352,4352
197,22086,4352,4352
198,22087,4352,4352
199,163,4352,4352
200,165,4352,4352
201,164,4352,4352
202,161,4480,4480
203,162,4480,4480
204,166,4480,4480
205,167,4480,4480
206,22089,4480,4480
207,22090,4480,4480
208,170,4480,4480
209,172,4480,4480
210,171,4480,4480
211,168,4608,4608
212,169,4608,4608
213,173,4608,4608
214,174,4608,4608
215,22092,4608,4608
216,22093,4608,4608
217,177,4608,4608
218,179,4608,4608
219,178,4608,4608
220,175,4736,4736
221,176,4736,4736
222,180,4736,4736
223,181,4736,4736
224,22095,4736,4736
225,22096,4736,4736
226,184,4736,4736
227,186,4736,4736
228,185,4736,4736
229,182,4864,4864
230,183,4864,4864
231,187,4864,4864
232,188,4864,4864
233,22098,4864,4864
234,22099,4864,4864
235,191,4864,4864
236,193,4864,4864
237,192,4864,4864
238,189,4992,4992
239,190,4992,4992
240,194,4992,4992
241,195,4992,4992
242,22101,4992,4992
243,22102,4992,4992
244,198,4992,4992
245,200,4992,4992
246,199,4992,4992
247,196,5120,5120
248,197,5120,5120
249,201,5120,5120
250,202,5120,5120
251,22104,5120,5120
252,22105,5120,5120
253,205,5120,5120
254,207,5120,5120
255,206,5120,5120
256,203,5248,5248
257,204,5248,5248
258,208,5248,5248
259,209,5248,5248
260,22107,5248,5248
261,22108,5248,5248
262,212,5248,5248
263,214,5248,5248
264,213,5248,5248
265,210,5376,5376
266,211,5376,5376
267,215,5376,5376
268,216,5376,5376
269,22110,5376,5376
270,22111,5376,5376
271,219,5376,5376
272,221,5376,5376
273,220,5376,5376
274,217,5504,5504
275,218,5504,5504
276,222,5504,5504
277,223,5504,5504
278,22113,5504,5504
279,22114,5504,5504
280,226,5504,5504
281,228,5504,5504
282,227,5504,5504
283,224,5632,5632
284,225,5632,5632
285,229,5632,5632
286,230,5632,5632
287,22116,5632,5632
288,22117,5632,5632
289,233,5632,5632
290,235,5632,5632
291,234,5632,5632
292,231,5760,5760
293,232,5760,5760
294,236,5760,5760
295,237,5760,5760
296,22119,5760,5760
297,22120,5760,5760
298,240,5760,5760
299,242,5760,5760
300,241,5760,5760
301,238,5888,5888
302,239,5888,5888
303,243,5888,5888
304,244,5888,5888
305,22122,5888,5888
306,22123,5888,5888
307,247,5888,5888
308,249,5888,5888
309,248,5888,5888
310,245,6016,6016
311,246,6016,6016
312,250,6016,6016
313,251,6016,6016
314,22125,6016,6016
315,22126,6016,6016
316,254,6016,6016
317,256,6016,6016
318,255,6016,6016
319,252,6144,6144
320,253,6144,6144
321,257,6144,6144
322,258,6144,6144
323,22128,6144,6144
324,22129,6144,6144
325,259,6144,6144
326,22081,6144,6144
327,260,6144,6144
328,263,6144,6144
329,265,6144,6144
330,264,6144,6144
331,261,6272,6272
332,262,6272,6272
333,266,6272,6272
334,267,6272,6272
335,22132,6272,6272
336,22133,6272,6272
337,270,6272,6272
338,272,6272,6272
339,271,6272,6272
340,268,6400,6400
341,269,6400,6400
342,273,6400,6400
343,274,6400,6400
344,22135,6400,6400
345,22136,6400,6400
346,277,6400,6400
347,279,6400,6400
348,278,6400,6400
349,275,6528,6528
350,276,6528,6528
351,280,6528,6528
352,281,6528,6528
353,22138,6528,6528
354,22139,6528,6528
355,284,6528,6528
356,286,6528,6528
357,285,6528,6528
358,282,6656,6656
359,283,6656,6656
360,287,6656,6656
361,288,6656,6656
362,22141,6656,6656
363,22142,6656,6656
364,291,6656,6656
365,293,6656,6656
366,292,6656,6656
367,289,6784,6784
368,290,6784,6784
369,294,6784,6784
370,295,6784,6784
371,22144,6784,6784
372,22145,6784,6784
373,298,6784,6784
374,300,6784,6784
375,299,6784,6784
376,296,6912,6912
377,297,6912,6912
378,301,6912,6912
379,302,6912,6912
380,22147,6912,6912
381,22148,6912,6912
382,305,6912,6912
383,307,6912,6912
384,306,6912,6912
385,303,7040,7040
386,304,7040,7040
387,308,7040,7040
388,309,7040,7040
389,22150,7040,7040
390,22151,7040,7040
391,312,7040,7040
392,314,7040,7040
393,313,7040,7040
394,310,7168,7168
395,311,7168,7168
396,315,7168,7168
397,316,7168,7168
398,22153,7168,7168
399,22154,7168,7168
400,319,7168,7168
401,321,7168,7168
402,320,7168,7168
403,317,7296,7296
404,318,7296,7296
405,322,7296,7296
406,323,7296,7296
407,22156,7296,7296
408,22157,7296,7296
409,326,7296,7296
410,328,7296,7296
411,327,7296,7296
412,324,7424,7424
413,325,7424,7424
414,329,7424,7424
415,330,7424,7424
416,22159,7424,7424
417,22160,7424,7424
418,333,7424,7424
419,335,7424,7424
420,334,7424,7424
421,331,7552,7552
422,332,7552,7552
423,336,7552,7552
424,337,7552,7552
425,22162,7552,7552
426,22163,7552,7552
427,340,7552,7552
428,342,7552,7552
429,341,7552,7552
430,338,7680,7680
431,339,7680,7680
432,343,7680,7680
433,344,7680,7680
434,22165,7680,7680
435,22166,7680,7680
436,347,7680,7680
437,349,7680,7680
438,348,7680,7680
439,345,7808,7808
440,346,7808,7808
441,350,7808,7808
442,351,7808,7808
443,22168,7808,7808
444,22169,7808,7808
445,354,7808,7808
446,356,7808,7808
447,355,7808,7808
448,352,7936,7936
449,353,7936,7936
450,357,7936,7936
451,358,7936,7936
452,22171,7936,7936
453,22172,7936,7936
454,361,7936,7936
455,363,7936,7936
456,362,7936,7936
457,359,8064,8064
458,360,8064,8064
459,364,8064,8064
460,365,8064,8064
461,22174,8064,8064
462,22175,8064,8064
463,368,8064,8064
464,370,8064,8064
465,369,8064,8064
466,366,8192,8192
467,367,8192,8192
468,371,8192,8192
469,372,8192,8192
470,22177,8192,8192
471,22178,8192,8192
472,373,8192,8192
473,22130,8192,8192
474,374,8192,8192
475,377,8192,8192
476,379,8192,8192
477,378,8192,8192
478,375,8320,8320
479,376,8320,8320
480,380,8320,8320
481,381,8320,8320
482,22181,8320,8320
483,22182,8320,8320
484,384,8320,8320
485,386,8320,8320
486,385,8320,8320
487,382,8448,8448
488,383,8448,8448
489,387,8448,8448
490,388,8448,8448
491,22184,8448,8448
492,22185,8448,8448
493,391,8448,8448
494,393,8448,8448
495,392,8448,8448
496,389,8576,8576
497,390,8576,8576
498,394,8576,8576
499,395,8576,8576
500,22187,8576,8576
501,22188,8576,8576
502,398,8576,8576
503,400,8576,8576
504,399,8576,8576
505,396,8704,8704
506,397,8704,8704
507,401,8704,8704
508,402,8704,8704
509,22190,8704,8704
510,22191,8704,8704
511,405,8704,8704
512,407,8704,8704
513,406,8704,8704
514,403,8832,8832
515,404,8832,8832
516,408,8832,8832
517,409,8832,8832
518,22193,8832,8832
519,22194,8832,8832
520,412,8832,8832
521,414,8832,8832
522,413,8832,8832
523,410,8960,8960
524,411,8960,8960
525,415,8960,8960
526,416,8960,8960
527,22196,8960,8960
528,22197,8960,8960
529,419,8960,8960
530,421,8960,8960
531,420,8960,8960
532,417,9088,9088
533,418,9088,9088
534,422,9088,9088
535,423,9088,9088
536,22199,9088,9088
537,22200,9088,9088
538,426,9088,9088
539,428,9088,9088
540,427,9088,9088
541,424,9216,9216
542,425,9216,9216
543,429,9216,9216
544,430,9216,9216
545,22202,9216,9216
546,22203,9216,9216
547,433,9216,9216
548,435,9216,9216
549,434,9216,9216
550,431,9344,9344
551,432,9344,9344
552,436,9344,9344
553,437,9344,9344
554,22205,9344,9344
555,22206,9344,9344
556,440,9344,9344
557,442,9344,9344
558,441,9344,9344
559,438,9472,9472
560,439,9472,9472
561,443,9472,9472
562,444,9472,9472
563,22208,9472,9472
564,22209,9472,9472
565,447,9472,9472
566,449,9472,9472
567,448,9472,9472
568,445,9600,9600
569,446,9600,9600
570,450,9600,9600
571,451,9600,9600
572,22211,9600,9600
573,22212,9600,9600
574,454,9600,9600
575,456,9600,9600
576,455,9600,9600
577,452,9728,9728
578,453,9728,9728
579,457,9728,9728
580,458,9728,9728
581,22214,9728,9728
582,22215,9728,9728
583,461,9728,9728
584,463,9728,9728
585,462,9728,9728
586,459,9856,9856
587,460,9856,9856
588,464,9856,9856
589,465,9856,9856
590,22217,9856,9856
591,22218,9856,9856
592,468,9856,9856
593,470,9856,9856
594,469,9856,9856
595,466,9984,9984
596,467,9984,9984
597,471,9984,9984
598,472,9984,9984
599,22220,9984,9984
600,22221,9984,9984
601,475,9984,9984
602,477,9984,9984
603,476,9984,9984
604,473,10112,10112
605,474,10112,10112
606,478,10112,10112
607,479,10112,10112
608,22223,10112,10112
609,22224,10112,10112
610,482,10112,10112
611,484,10112,10112
612,483,10112,10112
613,480,10240,10240
614,481,10240,10240
615,485,10240,10240
616,486,10240,10240
617,22226,10240,10240
618,22227,10240,10240
619,487,10240,10240
620,22179,10240,10240
621,488,10240,10240
622,491,10240,10240
623,493,10240,10240
624,492,10240,10240
625,489,10368,10368
626,490,10368,10368
627,494,10368,10368
628,495,10368,10368
629,22230,10368,10368
630,22231,10368,10368
631,498,10368,10368
632,500,10368,10368
633,499,10368,10368
634,496,10496,10496
635,497,10496,10496
636,501,10496,10496
637,502,10496,10496
638,22233,10496,10496
639,22234,10496,10496
640,505,10496,10496
641,507,10496,10496
642,506,10496,10496
643,503,10624,10624
644,504,10624,10624
645,508,10624,10624
646,509,10624,10624
647,22236,10624,10624
648,22237,10624,10624
649,512,10624,10624
650,514,10624,10624
651,513,10624,10624
652,510,10752,10752
653,511,10752,10752
654,515,10752,10752
655,516,10752,10752
656,22239,10752,10752
657,22240,10752,10752
658,519,10752,10752
659,521,10752,10752
660,520,10752,10752
661,517,10880,10880
662,518,10880,10880
663,522,10880,10880
664,523,10880,10880
665,22242,10880,10880
666,22243,10880,10880
667,526,10880,10880
668,528,10880,10880
669,527,10880,10880
670,524,11008,11008
671,525,11008,11008
672,529,11008,11008
673,530,11008,11008
674,22245,11008,11008
675,22246,11008,11008
676,533,11008,11008
677,535,11008,11008
678,534,11008,11008
679,531,11136,11136
680,532,11136,11136
681,536,11136,11136
682,537,11136,11136
683,22248,11136,11136
684,22249,11136,11136
685,540,11136,11136
686,542,11136,11136
687,541,11136,11136
688,538,11264,11264
689,539,11264,11264
690,543,11264,11264
691,544,11264,11264
692,22251,11264,11264
693,22252,11264,11264
694,547,11264,11264
695,549,11264,11264
696,548,11264,11264
697,545,11392,11392
698,546,11392,11392
699,550,11392,11392
700,551,11392,11392
701,22254,11392,11392
702,22255,11392,11392
703,554,11392,11392
704,556,11392,11392
705,555,11392,11392
706,552,11520,11520
707,553,11520,11520
708,557,11520,11520
709,558,11520,11520
710,22257,11520,11520
711,22258,11520,11520
712,561,11520,11520
713,563,11520,11520
714,562,11520,11520
715,559,11648,11648
716,560,11648,11648
717,564,11648,11648
718,565,11648,11648
719,22260,11648,11648
720,22261,11648,11648
721,568,11648,11648
722,570,11648,11648
723,569,11648,11648
724,566,11776,11776
725,567,11776,11776
726,571,11776,11776
727,572,11776,11776
728,22263,11776,11776
729,22264,11776,11776
730,575,11776,11776
731,577,11776,11776
732,576,11776,11776
733,573,11904,11904
734,574,11904,11904
735,578,11904,11904
736,579,11904,11904
737,22266,11904,11904
738,22267,11904,11904
739,582,11904,11904
740,584,11904,11904
741,583,11904,11904
742,580,12032,12032
743,581,12032,12032
744,585,12032,12032
745,586,12032,12032
746,22269,12032,12032
747,22270,12032,12032
748,589,12032,12032
749,591,12032,12032
750,590,12032,12032
751,587,12160,12160
752,588,12160,12160
753,592,12160,12160
754,593,12160,12160
755,22272,12160,12160
756,22273,12160,12160
757,596,12160,12160
758,598,12160,12160
759,597,12160,12160
760,594,12288,12288
761,595,12288,12288
762,599,12288,12288
763,600,12288,12288
764,22275,12288,12288
765,22276,12288,12288
766,601,12288,12288
767,22228,12288,12288
768,602,12288,12288
769,605,12288,12288
770,607,12288,12288
771,606,12288,12288
772,603,12416,12416
773,604,12416,12416
774,608,12416,12416
775,609,12416,12416
776,22279,12416,12416
777,22280,12416,12416
778,612,12416,12416
779,614,12416,12416
780,613,12416,12416
781,610,12544,12544
782,611,12544,12544
783,615,12544,12544
784,616,12544,12544
785,22282,12544,12544
786,22283,12544,12544
787,619,12544,12544
788,621,12544,12544
789,620,12544,12544
790,617,12672,12672
791,618,12672,12672
792,622,12672,12672
793,623,12672,12672
794,22285,12672,12672
795,22286,12672,12672
796,626,12672,12672
797,628,12672,12672
798,627,12672,12672
799,624,12800,12800
800,625,12800,12800
801,629,12800,12800
802,630,12800,12800
803,22288,12800,12800
804,22289,12800,12800
805,633,12800,12800
806,635,12800,12800
807,634,12800,12800
808,631,12928,12928
809,632,12928,12928
810,636,12928,12928
811,637,12928,12928
812,22291,12928,12928
813,22292,12928,12928
814,640,12928,12928
815,642,12928,12928
816,641,12928,12928
817,638,13056,13056
818,639,13056,13056
819,643,13056,13056
820,644,13056,13056
821,22294,13056,13056
822,22295,13056,13056
823,647,13056,13056
824,649,13056,13056
825,648,13056,13056
826,645,13184,13184
827,646,13184,13184
828,650,13184,13184
829,651,13184,13184
830,22297,13184,13184
831,22298,13184,13184
832,654,13184,13184
833,656,13184,13184
834,655,13184,13184
835,652,13312,13312
836,653,13312,13312
837,657,13312,13312
838,658,13312,13312
839,22300,13312,13312
840,22301,13312,13312
841,661,13312,13312
842,663,13312,13312
843,662,13312,13312
844,659,13440,13440
845,660,13440,13440
846,664,13440,13440
847,665,13440,13440
848,22303,13440,13440
849,22304,13440,13440
850,668,13440,13440
851,670,13440,13440
852,669,13440,13440
853,666,13568,13568
854,667,13568,13568
855,671,13568,13568
856,672,13568,13568
857,22306,13568,13568
858,22307,13568,13568
859,675,13568,13568
860,677,13568,13568
861,676,13568,13568
862,673,13696,13696
863,674,13696,13696
864,678,13696,13696
865,679,13696,13696
866,22309,13696,13696
867,22310,13696,13696
868,682,13696,13696
869,684,13696,13696
870,683,13696,13696
871,680,13824,13824
872,681,13824,13824
873,685,13824,13824
874,686,13824,13824
875,22312,13824,13824
876,22313,13824,13824
877,689,13824,13824
878,691,13824,13824
879,690,13824,13824
880,687,13952,13952
881,688,13952,13952
882,692,13952,13952
883,693,13952,13952
884,22315,13952,13952
885,22316,13952,13952
886,696,13952,13952
887,698,13952,13952
888,697,13952,13952
889,694,14080,14080
890,695,14080,14080
891,699,14080,14080
892,700,14080,14080
893,22318,14080,14080
894,22319,14080,14080
895,703,14080,14080
896,705,14080,14080
897,704,14080,14080
898,701,14208,14208
899,702,14208,14208
900,706,14208,14208
901,707,14208,14208
902,22321,14208,14208
903,22322,14208,14208
904,710,14208,14208
905,712,14208,14208
906,711,14208,14208
907,708,14336,14336
908,709,14336,14336
909,713,14336,14336
910,714,14336,14336
911,22324,14336,14336
912,22325,14336,14336
913,715,14336,14336
914,22277,14336,14336
915,716,14336,14336
916,719,14336,14336
917,721,14336,14336
918,720,14336,14336
919,717,14464,14464
920,718,14464,14464
921,722,14464,14464
922,723,14464,14464
923,22328,14464,14464
924,22329,14464,14464
925,726,14464,14464
926,728,14464,14464
927,727,14464,14464
928,724,14592,14592
929,725,14592,14592
930,729,14592,14592
931,730,14592,14592
932,22331,14592,14592
933,22332,14592,14592
934,733,14592,14592
935,735,14592,14592
936,734,14592,14592
937,731,14720,14720
938,732,14720,14720
939,736,14720,14720
940,737,14720,14720
941,22334,14720,14720
942,22335,14720,14720
943,740,14720,14720
944,742,14720,14720
945,741,14720,14720
946,738,14848,14848
947,739,14848,14848
948,743,14848,14848
949,744,14848,14848
950,22337,14848,14848
951,22338,14848,14848
952,747,14848,14848
953,749,14848,14848
954,748,14848,14848
955,745,14976,14976
956,746,14976,14976
957,750,14976,14976
958,751,14976,14976
959,22340,14976,14976
960,22341,14976,14976
961,754,14976,14976
962,756,14976,14976
963,755,14976,14976
964,752,15104,15104
965,753,15104,15104
966,757,15104,15104
967,758,15104,15104
968,22343,15104,15104
969,22344,15104,15104
970,761,15104,15104
971,763,15104,15104
972,762,15104,15104
973,759,15232,15232
974,760,15232,15232
975,764,15232,15232
976,765,15232,15232
977,22346,15232,15232
978,22347,15232,15232
979,768,15232,15232
980,770,15232,15232
981,769,15232,15232
982,766,15360,15360
983,767,15360,15360
984,771,15360,15360
985,772,15360,15360
986,22349,15360,15360
987,22350,15360,15360
988,775,15360,15360
989,777,15360,15360
990,776,15360,15360
991,773,15488,15488
992,774,15488,15488
993,778,15488,15488
994,779,15488,15488
995,22352,15488,15488
996,22353,15488,15488
997,782,15488,15488
998,784,15488,15488
999,783,15488,15488
1000,780,15616,15616
1001,781,15616,15616
1002,785,15616,15616
1003,786,15616,15616
1004,22355,15616,15616
1005,22356,15616,15616
1006,789,15616,15616
1007,791,15616,15616
1008,790,15616,15616
1009,787,15744,15744
1010,788,15744,15744
1011,792,15744,15744
1012,793,15744,15744
1013,22358,15744,15744
1014,22359,15744,15744
1015,796,15744,15744
1016,798,15744,15744
1017,797,15744,15744
1018,794,15872,15872
1019,795,15872,15872
1020,799,15872,15872
1021,800,15872,15872
1022,22361,15872,15872
1023,22362,15872,15872
1024,803,15872,15872
1025,805,15872,15872
1026,804,15872,15872
1027,801,16000,16000
1028,802,16000,16000
1029,806,16000,16000
1030,807,16000,16000
1031,22364,16000,16000
1032,22365,16000,16000
1033,810,16000,16000
1034,812,16000,16000
1035,811,16000,16000
1036,808,16128,16128
1037,809,16128,16128
1038,813,16128,16128
1039,814,16128,16128
1040,22367,16128,16128
1041,22368,16128,16128
1042,817,16128,16128
1043,819,16128,16128
1044,818,16128,16128
1045,815,16256,16256
1046,816,16256,16256
1047,820,16256,16256
1048,821,16256,16256
1049,22370,16256,16256
1050,22371,16256,16256
1051,824,16256,16256
1052,826,16256,16256
1053,825,16256,16256
1054,822,16384,16384
1055,823,16384,16384
1056,827,16384,16384
1057,828,16384,16384
1058,22373,16384,16384
1059,22374,16384,16384
1060,829,16384,16384
1061,22326,16384,16384
1062,830,16384,16384
1063,833,16384,16384
1064,835,16384,16384
1065,834,16384,16384
1066,831,16512,16512
1067,832,16512,16512
1068,836,16512,16512
1069,837,16512,16512
1070,22377,16512,16512
1071,22378,16512,16512
1072,840,16512,16512
1073,842,16512,16512
1074,841,16512,16512
1075,838,16640,16640
1076,839,16640,16640
1077,843,16640,16640
1078,844,16640,16640
1079,22380,16640,16640
1080,22381,16640,16640
1081,847,16640,16640
1082,849,16640,16640
1083,848,16640,16640
1084,845,16768,16768
1085,846,16768,16768
1086,850,16768,16768
1087,851,16768,16768
1088,22383,16768,16768
1089,22384,16768,16768
1090,854,16768,16768
1091,856,16768,16768
1092,855,16768,16768
1093,852,16896,16896
1094,853,16896,16896
1095,857,16896,16896
1096,858,16896,16896
1097,22386,16896,16896
1098,22387,16896,16896
1099,861,16896,16896
1100,863,16896,16896
1101,862,16896,16896
1102,859,17024,17024
1103,860,17024,17024
1104,864,17024,17024
1105,865,17024,17024
1106,22389,17024,17024
1107,22390,17024,17024
1108,868,17024,17024
1109,870,17024,17024
1110,869,17024,17024
1111,866,17152,17152
1112,867,17152,17152
1113,871,17152,17152
1114,872,17152,17152
1115,22392,17152,17152
1116,22393,17152,17152
1117,875,17152,17152
1118,877,17152,17152
1119,876,17152,17152
1120,873,17280,17280
1121,874,17280,17280
1122,878,17280,17280
1123,879,17280,17280
1124,22395,17280,17280
1125,22396,17280,17280
1126,882,17280,17280
1127,884,17280,17280
1128,883,17280,17280
1129,880,17408,17408
1130,881,17408,17408
1131,885,17408,17408
1132,886,17408,17408
1133,22398,17408,17408
1134,22399,17408,17408
1135,889,17408,17408
1136,891,17408,17408
1137,890,17408,17408
1138,887,17536,17536
1139,888,17536,17536
1140,892,17536,17536
1141,893,17536,17536
1142,22401,17536,17536
1143,22402,17536,17536
1144,896,17536,17536
1145,898,17536,17536
1146,897,17536,17536
1147,894,17664,17664
1148,895,17664,17664
1149,899,17664,17664
1150,900,17664,17664
1151,22404,17664,17664
1152,22405,17664,17664
1153,903,17664,17664
1154,905,17664,17664
1155,904,17664,17664
1156,901,17792,17792
1157,902,17792,17792
1158,906,17792,17792
1159,907,17792,17792
1160,22407,17792,17792
1161,22408,17792,17792
1162,910,17792,17792
1163,912,17792,17792
1164,911,17792,17792
1165,908,17920,17920
1166,909,17920,17920
1167,913,17920,17920
1168,914,17920,17920
1169,22410,17920,17920
1170,22411,17920,17920
1171,917,17920,17920
1172,919,17920,17920
1173,918,17920,17920
1174,915,18048,18048
1175,916,18048,18048
1176,920,18048,18048
1177,921,18048,18048
1178,22413,18048,18048
1179,22414,18048,18048
1180,924,18048,18048
1181,926,18048,18048
1182,925,18048,18048
1183,922,18176,18176
1184,923,18176,18176
1185,927,18176,18176
1186,928,18176,18176
1187,22416,18176,18176
1188,22417,18176,18176
1189,931,18176,18176
1190,933,18176,18176
1191,932,18176,18176
1192,929,18304,18304
1193,930,18304,18304
1194,934,18304,18304
1195,935,18304,18304
1196,22419,18304,18304
1197,22420,18304,18304
1198,938,18304,18304
1199,940,18304,18304
1200,939,18304,18304
1201,936,18432,18432
1202,937,18432,18432
1203,941,18432,18432
1204,942,18432,18432
1205,22422,18432,18432
1206,22423,18432,18432
1207,943,18432,18432
1208,22375,18432,18432
1209,944,18432,18432
1210,947,18432,18432
1211,949,18432,18432
1212,948,18432,18432
1213,945,18560,18560
1214,946,18560,18560
1215,950,18560,18560
1216,951,18560,18560
1217,22426,18560,18560
1218,22427,18560,18560
1219,954,18560,18560
1220,956,18560,18560
1221,955,18560,18560
1222,952,18688,18688
1223,953,18688,18688
1224,957,18688,18688
1225,958,18688,18688
1226,22429,18688,18688
1227,22430,18688,18688
1228,961,18688,18688
1229,963,18688,18688
1230,962,18688,18688
1231,959,18816,18816
1232,960,18816,18816
1233,964,18816,18816
1234,965,18816,18816
1235,22432,18816,18816
1236,22433,18816,18816
1237,968,18816,18816
1238,970,18816,18816
1239,969,18816,18816
1240,966,18944,18944
1241,967,18944,18944
1242,971,18944,18944
1243,972,18944,18944
1244,22435,18944,18944
1245,22436,18944,18944
1246,975,18944,18944
1247,977,18944,18944
1248,976,18944,18944
1249,973,19072,19072
1250,974,19072,19072
1251,978,19072,19072
1252,979,19072,19072
1253,22438,19072,19072
1254,22439,19072,19072
1255,982,19072,19072
1256,984,19072,19072
1257,983,19072,19072
1258,980,19200,19200
1259,981,19200,19200
1260,985,19200,19200
1261,986,19200,19200
1262,22441,19200,19200
1263,22442,19200,19200
1264,989,19200,19200
1265,991,19200,19200
1266,990,19200,19200
1267,987,19328,19328
1268,988,19328,19328
1269,992,19328,19328
1270,993,19328,19328
1271,22444,19328,19328
1272,22445,19328,19328
1273,996,19328,19328
1274,998,19328,19328
1275,997,19328,19328
1276,994,19456,19456
1277,995,19456,19456
1278,999,19456,19456
1279,1000,19456,19456
1280,22447,19456,19456
1281,22448,19456,19456
1282,1003,19456,19456
1283,1005,19456,19456
1284,1004,19456,19456
1285,1001,19584,19584
1286,1002,19584,19584
1287,1006,19584,19584
1288,1007,19584,19584
1289,22450,19584,19584
1290,22451,19584,19584
1291,1010,19584,19584
1292,1012,19584,19584
1293,1011,19584,19584
1294,1008,19712,19712
1295,1009,19712,19712
1296,1013,19712,19712
1297,1014,19712,19712
1298,22453,19712,19712
1299,22454,19712,19712
1300,1017,19712,19712
1301,1019,19712,19712
1302,1018,19712,19712
1303,1015,19840,19840
1304,1016,19840,19840
1305,1020,19840,19840
1306,1021,19840,19840
1307,22456,19840,19840
1308,22457,19840,19840
1309,1024,19840,19840
1310,1026,19840,19840
1311,1025,19840,19840
1312,1022,19968,19968
1313,1023,19968,19968
1314,1027,19968,19968
1315,1028,19968,19968
1316,22459,19968,19968
1317,22460,19968,19968
1318,1031,19968,19968
1319,1033,19968,19968
1320,1032,19968,19968
1321,1029,20096,20096
1322,1030,20096,20096
1323,1034,20096,20096
1324,1035,20096,20096
1325,22462,20096,20096
1326,22463,20096,20096
1327,1038,20096,20096
1328,1040,20096,20096
1329,1039,20096,20096
1330,1036,20224,20224
1331,1037,20224,20224
1332,1041,20224,20224
1333,1042,20224,20224
1334,22465,20224,20224
1335,22466,20224,20224
1336,1045,20224,20224
1337,1047,20224,20224
1338,1046,20224,20224
1339,1043,20352,20352
1340,1044,20352,20352
1341,1048,20352,20352
1342,1049,20352,20352
1343,22468,20352,20352
1344,22469,20352,20352
1345,1052,20352,20352
1346,1054,20352,20352
1347,1053,20352,20352
1348,1050,20480,20480
1349,1051,20480,20480
1350,1055,20480,20480
1351,1056,20480,20480
1352,22471,20480,20480
1353,22472,20480,20480
1354,1057,20480,20480
1355,22424,20480,20480
1356,1058,20480,20480
1357,1061,20480,20480
1358,1063,20480,20480
1359,1062,20480,20480
1360,1059,20608,20608
1361,1060,20608,20608
1362,1064,20608,20608
1363,1065,20608,20608
1364,22475,20608,20608
1365,22476,20608,20608
1366,1068,20608,20608
1367,1070,20608,20608
1368,1069,20608,20608
1369,1066,20736,20736
1370,1067,20736,20736
1371,1071,20736,20736
1372,1072,20736,20736
1373,22478,20736,20736
1374,22479,20736,20736
1375,1075,20736,20736
1376,1077,20736,20736
1377,1076,20736,20736
1378,1073,20864,20864
1379,1074,20864,20864
1380,1078,20864,20864
1381,1079,20864,20864
1382,22481,20864,20864
1383,22482,20864,20864
1384,1082,20864,20864
1385,1084,20864,20864
1386,1083,20864,20864
1387,1080,20992,20992
1388,1081,20992,20992
1389,1085,20992,20992
1390,1086,20992,20992
1391,22484,20992,20992
1392,22485,20992,20992
1393,1089,20992,20992
1394,1091,20992,20992
1395,1090,20992,20992
1396,1087,21120,21120
1397,1088,21120,21120
1398,1092,21120,21120
1399,1093,21120,21120
1400,22487,21120,21120
1401,22488,21120,21120
1402,1096,21120,21120
1403,1098,21120,21120
1404,1097,21120,21120
1405,1094,21248,21248
1406,1095,21248,21248
1407,1099,21248,21248
1408,1100,21248,21248
1409,22490,21248,21248
1410,22491,21248,21248
1411,1103,21248,21248
1412,1105,21248,21248
1413,1104,21248,21248
1414,1101,21376,21376
1415,1102,21376,21376
1416,1106,21376,21376
1417,1107,21376,21376
1418,22493,21376,21376
1419,22494,21376,21376
1420,1110,21376,21376
1421,1112,21376,21376
1422,1111,21376,21376
1423,1108,21504,21504
1424,1109,21504,21504
1425,1113,21504,21504
1426,1114,21504,21504
1427,22496,21504,21504
1428,22497,21504,21504
1429,1117,21504,21504
1430,1119,21504,21504
1431,1118,21504,21504
1432,1115,21632,21632
1433,1116,21632,21632
1434,1120,21632,21632
1435,1121,21632,21632
1436,22499,21632,21632
1437,22500,21632,21632
1438,1124,21632,21632
1439,1126,21632,21632
1440,1125,21632,21632
1441,1122,21760,21760
1442,1123,21760,21760
1443,1127,21760,21760
1444,1128,21760,21760
1445,22502,21760,21760
1446,22503,21760,21760
1447,1131,21760,21760
1448,1133,21760,21760
1449,1132,21760,21760
1450,1129,21888,21888
1451,1130,21888,21888
1452,1134,21888,21888
1453,1135,21888,21888
1454,22505,21888,21888
1455,22506,21888,21888
1456,1138,21888,21888
1457,1140,21888,21888
1458,1139,21888,21888
1459,1136,22016,22016
1460,1137,22016,22016
1461,1141,22016,22016
1462,1142,22016,22016
1463,22508,22016,22016
1464,22509,22016,22016
1465,1145,22016,22016
1466,1147,22016,22016
1467,1146,22016,22016
1468,1143,22144,22144
1469,1144,22144,22144
1470,1148,22144,22144
1471,1149,22144,22144
1472,22511,22144,22144
1473,22512,22144,22144
1474,1152,22144,22144
1475,1154,22144,22144
1476,1153,22144,22144
1477,1150,22272,22272
1478,1151,22272,22272
1479,1155,22272,22272
1480,1156,22272,22272
1481,22514,22272,22272
1482,22515,22272,22272
1483,1159,22272,22272
1484,1161,22272,22272
1485,1160,22272,22272
1486,1157,22400,22400
1487,1158,22400,22400
1488,1162,22400,22400
1489,1163,22400,22400
1490,22517,22400,22400
1491,22518,22400,22400
1492,1166,22400,22400
1493,1168,22400,22400
1494,1167,22400,22400
1495,1164,22528,22528
1496,1165,22528,22528
1497,1169,22528,22528
1498,1170,22528,22528
1499,22520,22528,22528
1500,22521,22528,22528
1501,1171,22528,22528
1502,22473,22528,22528
1503,1172,22528,22528
1504,1175,22528,22528
1505,1177,22528,22528
1506,1176,22528,22528
1507,1173,22656,22656
1508,1174,22656,22656
1509,1178,22656,22656
1510,1179,22656,22656
1511,22524,22656,22656
1512,22525,22656,22656
1513,1182,22656,22656
1514,1184,22656,22656
1515,1183,22656,22656
1516,1180,22784,22784
1517,1181,22784,22784
1518,1185,22784,22784
1519,1186,22784,22784
1520,22527,22784,22784
1521,22528,22784,22784
1522,1189,22784,22784
1523,1191,22784,22784
1524,1190,22784,22784
1525,1187,22912,22912
1526,1188,22912,22912
1527,1192,22912,22912
1528,1193,22912,22912
1529,22530,22912,22912
1530,22531,22912,22912
1531,1196,22912,22912
1532,1198,22912,22912
1533,1197,22912,22912
1534,1194,23040,23040
1535,1195,23040,23040
1536,1199,23040,23040
1537,1200,23040,23040
1538,22533,23040,23040
1539,22534,23040,23040
1540,1203,23040,23040
1541,1205,23040,23040
1542,1204,23040,23040
1543,1201,23168,23168
1544,1202,23168,23168
1545,1206,23168,23168
1546,1207,23168,23168
1547,22536,23168,23168
1548,22537,23168,23168
1549,1210,23168,23168
1550,1212,23168,23168
1551,1211,23168,23168
1552,1208,23296,23296
1553,1209,23296,23296
1554,1213,23296,23296
1555,1214,23296,23296
1556,22539,23296,23296
1557,22540,23296,23296
1558,1217,23296,23296
1559,1219,23296,23296
1560,1218,23296,23296
1561,1215,23424,23424
1562,1216,23424,23424
1563,1220,23424,23424
1564,1221,23424,23424
1565,22542,23424,23424
1566,22543,23424,23424
1567,1224,23424,23424
1568,1226,23424,23424
1569,1225,23424,23424
1570,1222,23552,23552
1571,1223,23552,23552
1572,1227,23552,23552
1573,1228,23552,23552
1574,22545,23552,23552
1575,22546,23552,23552
1576,1231,23552,23552
1577,1233,23552,23552
1578,1232,23552,23552
1579,1229,23680,23680
1580,1230,23680,23680
1581,1234,23680,23680
1582,1235,23680,23680
1583,22548,23680,23680
1584,22549,23680,23680
1585,1238,23680,23680
1586,1240,23680,23680
1587,1239,23680,23680
1588,1236,23808,23808
1589,1237,23808,23808
1590,1241,23808,23808
1591,1242,23808,23808
1592,22551,23808,23808
1593,22552,23808,23808
1594,1245,23808,23808
1595,1247,23808,23808
1596,1246,23808,23808
1597,1243,23936,23936
1598,1244,23936,23936
1599,1248,23936,23936
1600,1249,23936,23936
1601,22554,23936,23936
1602,22555,23936,23936
1603,1252,23936,23936
1604,1254,23936,23936
1605,1253,23936,23936
1606,1250,24064,24064
1607,1251,24064,24064
1608,1255,24064,24064
1609,1256,24064,24064
1610,22557,24064,24064
1611,22558,24064,24064
1612,1259,24064,24064
1613,1261,24064,24064
1614,1260,24064,24064
1615,1257,24192,24192
1616,1258,24192,24192
1617,1262,24192,24192
1618,1263,24192,24192
1619,22560,24192,24192
1620,22561,24192,24192
1621,1266,24192,24192
1622,1268,24192,24192
1623,1267,24192,24192
1624,1264,24320,24320
1625,1265,24320,24320
1626,1269,24320,24320
1627,1270,24320,24320
1628,22563,24320,24320
1629,22564,24320,24320
1630,1273,24320,24320
1631,1275,24320,24320
1632,1274,24320,24320
1633,1271,24448,24448
1634,1272,24448,24448
1635,1276,24448,24448
1636,1277,24448,24448
1637,22566,24448,24448
1638,22567,24448,24448
1639,1280,24448,24448
1640,1282,24448,24448
1641,1281,24448,24448
1642,1278,24576,24576
1643,1279,24576,24576
1644,1283,24576,24576
1645,1284,24576,24576
1646,22569,24576,24576
1647,22570,24576,24576
1648,1285,24576,24576
1649,22522,24576,24576
1650,1286,24576,24576
1651,1289,24576,24576
1652,1291,24576,24576
1653,1290,24576,24576
1654,1287,24704,24704
1655,1288,24704,24704
1656,1292,24704,24704
1657,1293,24704,24704
1658,22573,24704,24704
1659,22574,24704,24704
1660,1296,24704,24704
1661,1298,24704,24704
1662,1297,24704,24704
1663,1294,24832,24832
1664,1295,24832,24832
1665,1299,24832,24832
1666,1300,24832,24832
1667,22576,24832,24832
1668,22577,24832,24832
1669,1303,24832,24832
1670,1305,24832,24832
1671,1304,24832,24832
1672,1301,24960,24960
1673,1302,24960,24960
1674,1306,24960,24960
1675,1307,24960,24960
1676,22579,24960,24960
1677,22580,24960,24960
1678,1310,24960,24960
1679,1312,24960,24960
1680,1311,24960,24960
1681,1308,25088,25088
1682,1309,25088,25088
1683,1313,25088,25088
1684,1314,25088,25088
1685,22582,25088,25088
1686,22583,25088,25088
1687,1317,25088,25088
1688,1319,25088,25088
1689,1318,25088,25088
1690,1315,25216,25216
1691,1316,25216,25216
1692,1320,25216,25216
1693,1321,25216,25216
1694,22585,25216,25216
1695,22586,25216,25216
1696,1324,25216,25216
1697,1326,25216,25216
1698,1325,25216,25216
1699,1322,25344,25344
1700,1323,25344,25344
1701,1327,25344,25344
1702,1328,25344,25344
1703,22588,25344,25344
1704,22589,25344,25344
1705,1331,25344,25344
1706,1333,25344,25344
1707,1332,25344,25344
1708,1329,25472,25472
1709,1330,25472,25472
1710,1334,25472,25472
1711,1335,25472,25472
1712,22591,25472,25472
1713,22592,25472,25472
1714,1338,25472,25472
1715,1340,25472,25472
1716,1339,25472,25472
1717,1336,25600,25600
1718,1337,25600,25600
1719,1341,25600,25600
1720,1342,25600,25600
1721,22594,25600,25600
1722,22595,25600,25600
1723,1345,25600,25600
1724,1347,25600,25600
1725,1346,25600,25600
1726,1343,25728,25728
1727,1344,25728,25728
1728,1348,25728,25728
1729,1349,25728,25728
1730,22597,25728,25728
1731,22598,25728,25728
1732,1352,25728,25728
1733,1354,25728,25728
1734,1353,25728,25728
1735,1350,25856,25856
1736,1351,25856,25856
1737,1355,25856,25856
1738,1356,25856,25856
1739,22600,25856,25856
1740,22601,25856,25856
1741,1359,25856,25856
1742,1361,25856,25856
1743,1360,25856,25856
1744,1357,25984,25984
1745,1358,25984,25984
1746,1362,25984,25984
1747,1363,25984,25984
1748,22603,25984,25984
1749,22604,25984,25984
1750,1366,25984,25984
1751,1368,25984,25984
1752,1367,25984,25984
1753,1364,26112,26112
1754,1365,26112,26112
1755,1369,26112,26112
1756,1370,26112,26112
1757,22606,26112,26112
1758,22607,26112,26112
1759,1373,26112,26112
1760,1375,26112,26112
1761,1374,26112,26112
1762,1371,26240,26240
1763,1372,26240,26240
1764,1376,26240,26240
1765,1377,26240,26240
1766,22609,26240,26240
1767,22610,26240,26240
1768,1380,26240,26240
1769,1382,26240,26240
1770,1381,26240,26240
1771,1378,26368,26368
1772,1379,26368,26368
1773,1383,26368,26368
1774,1384,26368,26368
1775,22612,26368,26368
1776,22613,26368,26368
1777,1387,26368,26368
1778,1389,26368,26368
1779,1388,26368,26368
1780,1385,26496,26496
1781,1386,26496,26496
1782,1390,26496,26496
1783,1391,26496,26496
1784,22615,26496,26496
1785,22616,26496,26496
1786,1394,26496,26496
1787,1396,26496,26496
1788,1395,26496,26496
1789,1392,26624,26624
1790,1393,26624,26624
1791,1397,26624,26624
1792,1398,26624,26624
1793,22618,26624,26624
1794,22619,26624,26624
1795,1399,26624,26624
1796,22571,26624,26624
1797,1400,26624,26624
1798,1403,26624,26624
1799,1405,26624,26624
1800,1404,26624,26624
1801,1401,26752,26752
1802,1402,26752,26752
1803,1406,26752,26752
1804,1407,26752,26752
1805,22622,26752,26752
1806,22623,26752,26752
1807,1410,26752,26752
1808,1412,26752,26752
1809,1411,26752,26752
1810,1408,26880,26880
1811,1409,26880,26880
1812,1413,26880,26880
1813,1414,26880,26880
1814,22625,26880,26880
1815,22626,26880,26880
1816,1417,26880,26880
1817,1419,26880,26880
1818,1418,26880,26880
1819,1415,27008,27008
1820,1416,27008,27008
1821,1420,27008,27008
1822,1421,27008,27008
1823,22628,27008,27008
1824,22629,27008,27008
1825,1424,27008,27008
1826,1426,27008,27008
1827,1425,27008,27008
1828,1422,27136,27136
1829,1423,27136,27136
1830,1427,27136,27136
1831,1428,27136,27136
1832,22631,27136,27136
1833,22632,27136,27136
1834,1431,27136,27136
1835,1433,27136,27136
1836,1432,27136,27136
1837,1429,27264,27264
1838,1430,27264,27264
1839,1434,27264,27264
1840,1435,27264,27264
1841,22634,27264,27264
1842,22635,27264,27264
1843,1438,27264,27264
1844,1440,27264,27264
1845,1439,27264,27264
1846,1436,27392,27392
1847,1437,27392,27392
1848,1441,27392,27392
1849,1442,27392,27392
1850,22637,27392,27392
1851,22638,27392,27392
1852,1445,27392,27392
1853,1447,27392,27392
1854,1446,27392,27392
1855,1443,27520,27520
1856,1444,27520,27520
1857,1448,27520,27520
1858,1449,27520,27520
1859,22640,27520,27520
1860,22641,27520,27520
1861,1452,27520,27520
1862,1454,27520,27520
1863,1453,27520,27520
1864,1450,27648,27648
1865,1451,27648,27648
1866,1455,27648,27648
1867,1456,27648,27648
1868,22643,27648,27648
1869,22644,27648,27648
1870,1459,27648,27648
1871,1461,27648,27648
1872,1460,27648,27648
1873,1457,27776,27776
1874,1458,27776,27776
1875,1462,27776,27776
1876,1463,27776,27776
1877,22646,27776,27776
1878,22647,27776,27776
1879,1466,27776,27776
1880,1468,27776,27776
1881,1467,27776,27776
1882,1464,27904,27904
1883,1465,27904,27904
1884,1469,27904,27904
1885,1470,27904,27904
1886,22649,27904,27904
1887,22650,27904,27904
1888,1473,27904,27904
1889,1475,27904,27904
1890,1474,27904,27904
1891,1471,28032,28032
1892,1472,28032,28032
1893,1476,28032,28032
1894,1477,28032,28032
1895,22652,28032,28032
1896,22653,28032,28032
1897,1480,28032,28032
1898,1482,28032,28032
1899,1481,28032,28032
1900,1478,28160,28160
1901,1479,28160,28160
1902,1483,28160,28160
1903,1484,28160,28160
1904,22655,28160,28160
1905,22656,28160,28160
1906,1487,28160,28160
1907,1489,28160,28160
1908,1488,28160,28160
1909,1485,28288,28288
1910,1486,28288,28288
1911,1490,28288,28288
1912,1491,28288,28288
1913,22658,28288,28288
1914,22659,28288,28288
1915,1494,28288,28288
1916,1496,28288,28288
1917,1495,28288,28288
1918,1492,28416,28416
1919,1493,28416,28416
1920,1497,28416,28416
1921,1498,28416,28416
1922,22661,28416,28416
1923,22662,28416,28416
1924,1501,28416,28416
1925,1503,28416,28416
1926,1502,28416,28416
1927,1499,28544,28544
1928,1500,28544,28544
1929,1504,28544,28544
1930,1505,28544,28544
1931,22664,28544,28544
1932,22665,28544,28544
1933,1508,28544,28544
1934,1510,28544,28544
1935,1509,28544,28544
1936,1506,28672,28672
1937,1507,28672,28672
1938,1511,28672,28672
1939,1512,28672,28672
1940,22667,28672,28672
1941,22668,28672,28672
1942,1513,28672,28672
1943,22620,28672,28672
1944,1514,28672,28672
1945,1517,28672,28672
1946,1519,28672,28672
1947,1518,28672,28672
1948,1515,28800,28800
1949,1516,28800,28800
1950,1520,28800,28800
1951,1521,28800,28800
1952,22671,28800,28800
1953,22672,28800,28800
1954,1524,28800,28800
1955,1526,28800,28800
1956,1525,28800,28800
1957,1522,28928,28928
1958,1523,28928,28928
1959,1527,28928,28928
1960,1528,28928,28928
1961,22674,28928,28928
1962,22675,28928,28928
1963,1531,28928,28928
1964,1533,28928,28928
1965,1532,28928,28928
1966,1529,29056,29056
1967,1530,29056,29056
1968,1534,29056,29056
1969,1535,29056,29056
1970,22677,29056,29056
1971,22678,29056,29056
1972,1538,29056,29056
1973,1540,29056,29056
1974,1539,29056,29056
1975,1536,29184,29184
1976,1537,29184,29184
1977,1541,29184,29184
1978,1542,29184,29184
1979,22680,29184,29184
1980,22681,29184,29184
1981,1545,29184,29184
1982,1547,29184,29184
1983,1546,29184,29184
1984,1543,29312,29312
1985,1544,29312,29312
1986,1548,29312,29312
1987,1549,29312,29312
1988,22683,29312,29312
1989,22684,29312,29312
1990,1552,29312,29312
1991,1554,29312,29312
1992,1553,29312,29312
1993,1550,29440,29440
1994,1551,29440,29440
1995,1555,29440,29440
1996,1556,29440,29440
1997,22686,29440,29440
1998,22687,29440,29440
1999,1559,29440,29440
2000,1561,29440,29440
2001,1560,29440,29440
2002,1557,29568,29568
2003,1558,29568,29568
2004,1562,29568,29568
2005,1563,29568,29568
2006,22689,29568,29568
2007,22690,29568,29568
2008,1566,29568,29568
2009,1568,29568,29568
2010,1567,29568,29568
2011,1564,29696,29696
2012,1565,29696,29696
2013,1569,29696,29696
2014,1570,29696,29696
2015,22692,29696,29696
2016,22693,29696,29696
2017,1573,29696,29696
2018,1575,29696,29696
2019,1574,29696,29696
2020,1571,29824,29824
2021,1572,29824,29824
2022,1576,29824,29824
2023,1577,29824,29824
2024,22695,29824,29824
2025,22696,29824,29824
2026,1580,29824,29824
2027,1582,29824,29824
2028,1581,29824,29824
2029,1578,29952,29952
2030,1579,29952,29952
2031,1583,29952,29952
2032,1584,29952,29952
2033,22698,29952,29952
2034,22699,29952,29952
2035,1587,29952,29952
2036,1589,29952,29952
2037,1588,29952,29952
2038,1585,30080,30080
2039,1586,30080,30080
2040,1590,30080,30080
2041,1591,30080,30080
2042,22701,30080,30080
2043,22702,30080,30080
2044,1594,30080,30080
2045,1596,30080,30080
2046,1595,30080,30080
2047,1592,30208,30208
2048,1593,30208,30208
2049,1597,30208,30208
2050,1598,30208,30208
2051,22704,30208,30208
2052,22705,30208,30208
2053,1601,30208,30208
2054,1603,30208,30208
2055,1602,30208,30208
2056,1599,30336,30336
2057,1600,30336,30336
2058,1604,30336,30336
2059,1605,30336,30336
2060,22707,30336,30336
2061,22708,30336,30336
2062,1608,30336,30336
2063,1610,30336,30336
2064,1609,30336,30336
2065,1606,30464,30464
2066,1607,30464,30464
2067,1611,30464,30464
2068,1612,30464,30464
2069,22710,30464,30464
2070,22711,30464,30464
2071,1615,30464,30464
2072,1617,30464,30464
2073,1616,30464,30464
2074,1613,30592,30592
2075,1614,30592,30592
2076,1618,30592,30592
2077,1619,30592,30592
2078,22713,30592,30592
2079,22714,30592,30592
2080,1622,30592,30592
2081,1624,30592,30592
2082,1623,30592,30592
2083,1620,30720,30720
2084,1621,30720,30720
2085,1625,30720,30720
2086,1626,30720,30720
2087,22716,30720,30720
2088,22717,30720,30720
2089,1627,30720,30720
2090,22669,30720,30720
2091,1628,30720,30720
2092,1631,30720,30720
2093,1633,30720,30720
2094,1632,30720,30720
2095,1629,30848,30848
2096,1630,30848,30848
2097,1634,30848,30848
2098,1635,30848,30848
2099,22720,30848,30848
2100,22721,30848,30848
2101,1638,30848,30848
2102,1640,30848,30848
2103,1639,30848,30848
2104,1636,30976,30976
2105,1637,30976,30976
2106,1641,30976,30976
2107,1642,30976,30976
2108,22723,30976,30976
2109,22724,30976,30976
2110,1645,30976,30976
2111,1647,30976,30976
2112,1646,30976,30976
2113,1643,31104,31104
2114,1644,31104,31104
2115,1648,31104,31104
2116,1649,31104,31104
2117,22726,31104,31104
2118,22727,31104,31104
2119,1652,31104,31104
2120,1654,31104,31104
2121,1653,31104,31104
2122,1650,31232,31232
2123,1651,31232,31232
2124,1655,31232,31232
2125,1656,31232,31232
2126,22729,31232,31232
2127,22730,31232,31232
2128,1659,31232,31232
2129,1661,31232,31232
2130,1660,31232,31232
2131,1657,31360,31360
2132,1658,31360,31360
2133,1662,31360,31360
2134,1663,31360,31360
2135,22732,31360,31360
2136,22733,31360,31360
2137,1666,31360,31360
2138,1668,31360,31360
2139,1667,31360,31360
2140,1664,31488,31488
2141,1665,31488,31488
2142,1669,31488,31488
2143,1670,31488,31488
2144,22735,31488,31488
2145,22736,31488,31488
2146,1673,31488,31488
2147,1675,31488,31488
2148,1674,31488,31488
2149,1671,31616,31616
2150,1672,31616,31616
2151,1676,31616,31616
2152,1677,31616,31616
2153,22738,31616,31616
2154,22739,31616,31616
2155,1680,31616,31616
2156,1682,31616,31616
2157,1681,31616,31616
2158,1678,31744,31744
2159,1679,31744,31744
2160,1683,31744,31744
2161,1684,31744,31744
2162,22741,31744,31744
2163,22742,31744,31744
2164,1687,31744,31744
2165,1689,31744,31744
2166,1688,31744,31744
2167,1685,31872,31872
2168,1686,31872,31872
2169,1690,31872,31872
2170,1691,31872,31872
2171,22744,31872,31872
2172,22745,31872,31872
2173,1694,31872,31872
2174,1696,31872,31872
2175,1695,31872,31872
2176,1692,32000,32000
2177,1693,32000,32000
2178,1697,32000,32000
2179,1698,32000,32000
2180,22747,32000,32000
2181,22748,32000,32000
2182,1701,32000,32000
2183,1703,32000,32000
2184,1702,32000,32000
2185,1699,32128,32128
2186,1700,32128,32128
2187,1704,32128,32128
2188,1705,32128,32128
2189,22750,32128,32128
2190,22751,32128,32128
2191,1708,32128,32128
2192,1710,32128,32128
2193,1709,32128,32128
2194,1706,32256,32256
2195,1707,32256,32256
2196,1711,32256,32256
2197,1712,32256,32256
2198,22753,32256,32256
2199,22754,32256,32256
2200,1715,32256,32256
2201,1717,32256,32256
2202,1716,32256,32256
2203,1713,32384,32384
2204,1714,32384,32384
2205,1718,32384,32384
2206,1719,32384,32384
2207,22756,32384,32384
2208,22757,32384,32384
2209,1722,32384,32384
2210,1724,32384,32384
2211,1723,32384,32384
2212,1720,32512,32512
2213,1721,32512,32512
2214,1725,32512,32512
2215,1726,32512,32512
2216,22759,32512,32512
2217,22760,32512,32512
2218,1729,32512,32512
2219,1731,32512,32512
2220,1730,32512,32512
2221,1727,32640,32640
2222,1728,32640,32640
2223,1732,32640,32640
2224,1733,32640,32640
2225,22762,32640,32640
2226,22763,32640,32640
2227,1736,32640,32640
2228,1738,32640,32640
2229,1737,32640,32640
2230,1734,32768,32768
2231,1735,32768,32768
2232,1739,32768,32768
2233,1740,32768,32768
2234,22765,32768,32768
2235,22766,32768,32768
2236,1741,32768,32768
2237,22718,32768,32768
2238,1742,32768,32768
2239,1745,32768,32768
2240,1747,32768,32768
2241,22017,32640,32768
2242,1746,32640,32768
2243,1743,32768,32768
2244,1744,32768,32768
2245,1748,32768,32768
2246,1749,32768,32768
2247,22769,32768,32768
2248,22770,32768,32768
2249,1752,32768,32768
2250,1754,32768,32768
2251,22021,32640,32768
2252,1753,32640,32768
2253,1750,32768,32768
2254,1751,32768,32768
2255,1755,32768,32768
2256,1756,32768,32768
2257,22772,32768,32768
2258,22773,32768,32768
2259,1759,32768,32768
2260,1761,32768,32768
2261,22025,32640,32768
2262,1760,32640,32768
2263,1757,32768,32768
2264,1758,32768,32768
2265,1762,32768,32768
2266,1763,32768,32768
2267,22775,32768,32768
2268,22776,32768,32768
2269,1766,32768,32768
2270,1768,32768,32768
2271,22029,32640,32768
2272,1767,32640,32768
2273,1764,32768,32768
2274,1765,32768,32768
2275,1769,32768,32768
2276,1770,32768,32768
2277,22778,32768,32768
2278,22779,32768,32768
2279,1773,32768,32768
2280,1775,32768,32768
2281,22033,32640,32768
2282,1774,32640,32768
2283,1771,32768,32768
2284,1772,32768,32768
2285,1776,32768,32768
2286,1777,32768,32768
2287,22781,32768,32768
2288,22782,32768,32768
2289,1780,32768,32768
2290,1782,32768,32768
2291,22037,32640,32768
2292,1781,32640,32768
2293,1778,32768,32768
2294,1779,32768,32768
2295,1783,32768,32768
2296,1784,32768,32768
2297,22784,32768,32768
2298,22785,32768,32768
2299,1787,32768,32768
2300,1789,32768,32768
2301,22041,32640,32768
2302,1788,32640,32768
2303,1785,32768,32768
2304,1786,32768,32768
2305,1790,32768,32768
2306,1791,32768,32768
2307,22787,32768,32768
2308,22788,32768,32768
2309,1794,32768,32768
2310,1796,32768,32768
2311,22045,32640,32768
2312,1795,32640,32768
2313,1792,32768,32768
2314,1793,32768,32768
2315,1797,32768,32768
2316,1798,32768,32768
2317,22790,32768,32768
2318,22791,32768,32768
2319,1801,32768,32768
2320,1803,32768,32768
2321,22049,32640,32768
2322,1802,32640,32768
2323,1799,32768,32768
2324,1800,32768,32768
2325,1804,32768,32768
2326,1805,32768,32768
2327,22793,32768,32768
2328,22794,32768,32768
2329,1808,32768,32768
2330,1810,32768,32768
2331,22053,32640,32768
2332,1809,32640,32768
2333,1806,32768,32768
2334,1807,32768,32768
2335,1811,32768,32768
2336,1812,32768,32768
2337,22796,32768,32768
2338,22797,32768,32768
2339,1815,32768,32768
2340,1817,32768,32768
2341,22057,32640,32768
2342,1816,32640,32768
2343,1813,32768,32768
2344,1814,32768,32768
2345,1818,32768,32768
2346,1819,32768,32768
2347,22799,32768,32768
2348,22800,32768,32768
2349,1822,32768,32768
2350,1824,32768,32768
2351,22061,32640,32768
2352,1823,32640,32768
2353,1820,32768,32768
2354,1821,32768,32768
2355,1825,32768,32768
2356,1826,32768,32768
2357,22802,32768,32768
2358,22803,32768,32768
2359,1829,32768,32768
2360,1831,32768,32768
2361,22065,32640,32768
2362,1830,32640,32768
2363,1827,32768,32768
2364,1828,32768,32768
2365,1832,32768,32768
2366,1833,32768,32768
2367,22805,32768,32768
2368,22806,32768,32768
2369,1836,32768,32768
2370,1838,32768,32768
2371,22069,32640,32768
2372,1837,32640,32768
2373,1834,32768,32768
2374,1835,32768,32768
2375,1839,32768,32768
2376,1840,32768,32768
2377,22808,32768,32768
2378,22809,32768,32768
2379,1843,32768,32768
2380,1845,32768,32768
2381,22073,32640,32768
2382,1844,32640,32768
2383,1841,32768,32768
2384,1842,32768,32768
2385,1846,32768,32768
2386,1847,32768,32768
2387,22811,32768,32768
2388,22812,32768,32768
2389,1850,32768,32768
2390,1852,32768,32768
2391,22077,32640,32768
2392,1851,32640,32768
2393,1848,32768,32768
2394,1849,32768,32768
2395,1853,32768,32768
2396,1854,32768,32768
2397,22814,32768,32768
2398,22815,32768,32768
2399,1855,32768,32768
2400,22767,32768,32768
2401,1856,32768,32768
2402,1859,32768,32768
2403,1860,32768,32768
2404,1862,32768,32768
2405,1857,32896,32896
2406,1858,32896,32896
2407,1861,32896,32896
2408,1863,32896,32896
2409,22818,32896,32896
2410,22819,32896,32896
2411,1866,32896,32896
2412,1867,32896,32896
2413,1869,32896,32896
2414,1864,33024,33024
2415,1865,33024,33024
2416,1868,33024,33024
2417,1870,33024,33024
2418,22821,33024,33024
2419,22822,33024,33024
2420,1873,33024,33024
2421,1874,33024,33024
2422,1876,33024,33024
2423,1871,33152,33152
2424,1872,33152,33152
2425,1875,33152,33152
2426,1877,33152,33152
2427,22824,33152,33152
2428,22825,33152,33152
2429,1880,33152,33152
2430,1881,33152,33152
2431,1883,33152,33152
2432,1878,33280,33280
2433,1879,33280,33280
2434,1882,33280,33280
2435,1884,33280,33280
2436,22827,33280,33280
2437,22828,33280,33280
2438,1887,33280,33280
2439,1888,33280,33280
2440,1890,33280,33280
2441,1885,33408,33408
2442,1886,33408,33408
2443,1889,33408,33408
2444,1891,33408,33408
2445,22830,33408,33408
2446,22831,33408,33408
2447,1894,33408,33408
2448,1895,33408,33408
2449,1897,33408,33408
2450,1892,33536,33536
2451,1893,33536,33536
2452,1896,33536,33536
2453,1898,33536,33536
2454,22833,33536,33536
2455,22834,33536,33536
2456,1901,33536,33536
2457,1902,33536,33536
2458,1904,33536,33536
2459,1899,33664,33664
2460,1900,33664,33664
2461,1903,33664,33664
2462,1905,33664,33664
2463,22836,33664,33664
2464,22837,33664,33664
2465,1908,33664,33664
2466,1909,33664,33664
2467,1911,33664,33664
2468,1906,33792,33792
2469,1907,33792,33792
2470,1910,33792,33792
2471,1912,33792,33792
2472,22839,33792,33792
2473,22840,33792,33792
2474,1915,33792,33792
2475,1916,33792,33792
2476,1918,33792,33792
2477,1913,33920,33920
2478,1914,33920,33920
2479,1917,33920,33920
2480,1919,33920,33920
2481,22842,33920,33920
2482,22843,33920,33920
2483,1922,33920,33920
2484,1923,33920,33920
2485,1925,33920,33920
2486,1920,34048,34048
2487,1921,34048,34048
2488,1924,34048,34048
2489,1926,34048,34048
2490,22845,34048,34048
2491,22846,34048,34048
2492,1929,34048,34048
2493,1930,34048,34048
2494,1932,34048,34048
2495,1927,34176,34176
2496,1928,34176,34176
2497,1931,34176,34176
2498,1933,34176,34176
2499,22848,34176,34176
2500,22849,34176,34176
2501,1936,34176,34176
2502,1937,34176,34176
2503,1939,34176,34176
2504,1934,34304,34304
2505,1935,34304,34304
2506,1938,34304,34304
2507,1940,34304,34304
2508,22851,34304,34304
2509,22852,34304,34304
2510,1943,34304,34304
2511,1944,34304,34304
2512,1946,34304,34304
2513,1941,34432,34432
2514,1942,34432,34432
2515,1945,34432,34432
2516,1947,34432,34432
2517,22854,34432,34432
2518,22855,34432,34432
2519,1950,34432,34432
2520,1951,34432,34432
2521,1953,34432,34432
2522,1948,34560,34560
2523,1949,34560,34560
2524,1952,34560,34560
2525,1954,34560,34560
2526,22857,34560,34560
2527,22858,34560,34560
2528,1957,34560,34560
2529,1958,34560,34560
2530,1960,34560,34560
2531,1955,34688,34688
2532,1956,34688,34688
2533,1959,34688,34688
2534,1961,34688,34688
2535,22860,34688,34688
2536,22861,34688,34688
2537,1964,34688,34688
2538,1965,34688,34688
2539,1967,34688,34688
2540,1962,34816,34816
2541,1963,34816,34816
2542,1966,34816,34816
2543,1968,34816,34816
2544,22863,34816,34816
2545,22864,34816,34816
2546,1969,34816,34816
2547,22816,34816,34816
2548,1970,34816,34816
2549,1971,34816,34816
2550,1973,34816,34816
2551,1972,34816,34816
2552,1974,34816,34816
2553,1975,34816,34816
2554,22866,34816,34816
2555,22867,34816,34816
2556,1976,34816,34816
2557,1978,34816,34816
2558,1977,34816,34816
2559,1979,34816,34816
2560,1980,34816,34816
2561,22868,34816,34816
2562,22869,34816,34816
2563,1981,34816,34816
2564,1983,34816,34816
2565,1982,34816,34816
2566,1984,34816,34816
2567,1985,34816,34816
2568,22870,34816,34816
2569,22871,34816,34816
2570,1986,34816,34816
2571,1988,34816,34816
2572,1987,34816,34816
2573,1989,34816,34816
2574,1990,34816,34816
2575,22872,34816,34816
2576,22873,34816,34816
2577,1991,34816,34816
2578,1993,34816,34816
2579,1992,34816,34816
2580,1994,34816,34816
2581,1995,34816,34816
2582,22874,34816,34816
2583,22875,34816,34816
2584,1996,34816,34816
2585,1998,34816,34816
2586,1997,34816,34816
2587,1999,34816,34816
2588,2000,34816,34816
2589,22876,34816,34816
2590,22877,34816,34816
2591,2001,34816,34816
2592,2003,34816,34816
2593,2002,34816,34816
2594,2004,34816,34816
2595,2005,34816,34816
2596,22878,34816,34816
2597,22879,34816,34816
2598,2006,34816,34816
2599,2008,34816,34816
2600,2007,34816,34816
2601,2009,34816,34816
2602,2010,34816,34816
2603,22880,34816,34816
2604,22881,34816,34816
2605,2011,34816,34816
2606,2013,34816,34816
2607,2012,34816,34816
2608,2014,34816,34816
2609,2015,34816,34816
2610,22882,34816,34816
2611,22883,34816,34816
2612,2016,34816,34816
2613,2018,34816,34816
2614,2017,34816,34816
2615,2019,34816,34816
2616,2020,34816,34816
2617,22884,34816,34816
2618,22885,34816,34816
2619,2021,34816,34816
2620,2023,34816,34816
2621,2022,34816,34816
2622,2024,34816,34816
2623,2025,34816,34816
2624,22886,34816,34816
2625,22887,34816,34816
2626,2026,34816,34816
2627,2028,34816,34816
2628,2027,34816,34816
2629,2029,34816,34816
2630,2030,34816,34816
2631,22888,34816,34816
2632,22889,34816,34816
2633,2031,34816,34816
2634,2033,34816,34816
2635,2032,34816,34816
2636,2034,34816,34816
2637,2035,34816,34816
2638,22890,34816,34816
2639,22891,34816,34816
2640,2036,34816,34816
2641,2038,34816,34816
2642,2037,34816,34816
2643,2039,34816,34816
2644,2040,34816,34816
2645,22892,34816,34816
2646,22893,34816,34816
2647,2041,34816,34816
2648,2043,34816,34816
2649,2042,34816,34816
2650,2044,34816,34816
2651,2045,34816,34816
2652,22894,34816,34816
2653,22895,34816,34816
2654,2046,34816,34816
2655,2048,34816,34816
2656,2047,34816,34816
2657,2049,34816,34816
2658,2050,34816,34816
2659,22896,34816,34816
2660,22897,34816,34816
2661,2051,34816,34816
2662,22865,34816,34816
2663,2052,34816,34816
2664,2053,34816,34816
2665,2055,34816,34816
2666,2054,34816,34816
2667,2056,34816,34816
2668,2057,34816,34816
2669,22899,34816,34816
2670,22900,34816,34816
2671,2058,34816,34816
2672,2060,34816,34816
2673,2059,34816,34816
2674,2061,34816,34816
2675,2062,34816,34816
2676,22901,34816,34816
2677,22902,34816,34816
2678,2063,34816,34816
2679,2065,34816,34816
2680,2064,34816,34816
2681,2066,34816,34816
2682,2067,34816,34816
2683,22903,34816,34816
2684,22904,34816,34816
2685,2068,34816,34816
2686,2070,34816,34816
2687,2069,34816,34816
2688,2071,34816,34816
2689,2072,34816,34816
2690,22905,34816,34816
2691,22906,34816,34816
2692,2073,34816,34816
2693,2075,34816,34816
2694,2074,34816,34816
2695,2076,34816,34816
2696,2077,34816,34816
2697,22907,34816,34816
2698,22908,34816,34816
2699,2078,34816,34816
2700,2080,34816,34816
2701,2079,34816,34816
2702,2081,34816,34816
2703,2082,34816,34816
2704,22909,34816,34816
2705,22910,34816,34816
2706,2083,34816,34816
2707,2085,34816,34816
2708,2084,34816,34816
2709,2086,34816,34816
2710,2087,34816,34816
2711,22911,34816,34816
2712,22912,34816,34816
2713,2088,34816,34816
2714,2090,34816,34816
2715,2089,34816,34816
2716,2091,34816,34816
2717,2092,34816,34816
2718,22913,34816,34816
2719,22914,34816,34816
2720,2093,34816,34816
2721,2095,34816,34816
2722,2094,34816,34816
2723,2096,34816,34816
2724,2097,34816,34816
2725,22915,34816,34816
2726,22916,34816,34816
2727,2098,34816,34816
2728,2100,34816,34816
2729,2099,34816,34816
2730,2101,34816,34816
2731,2102,34816,34816
2732,22917,34816,34816
2733,22918,34816,34816
2734,2103,34816,34816
2735,2105,34816,34816
2736,2104,34816,34816
2737,2106,34816,34816
2738,2107,34816,34816
2739,22919,34816,34816
2740,22920,34816,34816
2741,2108,34816,34816
2742,2110,34816,34816
2743,2109,34816,34816
2744,2111,34816,34816
2745,2112,34816,34816
2746,22921,34816,34816
2747,22922,34816,34816
2748,2113,34816,34816
2749,2115,34816,34816
2750,2114,34816,34816
2751,2116,34816,34816
2752,2117,34816,34816
2753,22923,34816,34816
2754,22924,34816,34816
2755,2118,34816,34816
2756,2120,34816,34816
2757,2119,34816,34816
2758,2121,34816,34816
2759,2122,34816,34816
2760,22925,34816,34816
2761,22926,34816,34816
2762,2123,34816,34816
2763,2125,34816,34816
2764,2124,34816,34816
2765,2126,34816,34816
2766,2127,34816,34816
2767,22927,34816,34816
2768,22928,34816,34816
2769,2128,34816,34816
2770,2130,34816,34816
2771,2129,34816,34816
2772,2131,34816,34816
2773,2132,34816,34816
2774,22929,34816,34816
2775,22930,34816,34816
2776,2133,34816,34816
2777,22898,34816,34816
2778,2134,34816,34816
2779,2135,34816,34816
2780,2137,34816,34816
2781,2136,34816,34816
2782,2138,34816,34816
2783,2139,34816,34816
2784,22932,34816,34816
2785,22933,34816,34816
2786,2140,34816,34816
2787,2142,34816,34816
2788,2141,34816,34816
2789,2143,34816,34816
2790,2144,34816,34816
2791,22934,34816,34816
2792,22935,34816,34816
2793,2145,34816,34816
2794,2147,34816,34816
2795,2146,34816,34816
2796,2148,34816,34816
2797,2149,34816,34816
2798,22936,34816,34816
2799,22937,34816,34816
2800,2150,34816,34816
2801,2152,34816,34816
2802,2151,34816,34816
2803,2153,34816,34816
2804,2154,34816,34816
2805,22938,34816,34816
2806,22939,34816,34816
2807,2155,34816,34816
2808,2157,34816,34816
2809,2156,34816,34816
2810,2158,34816,34816
2811,2159,34816,34816
2812,22940,34816,34816
2813,22941,34816,34816
2814,2160,34816,34816
2815,2162,34816,34816
2816,2161,34816,34816
2817,2163,34816,34816
2818,2164,34816,34816
2819,22942,34816,34816
2820,22943,34816,34816
2821,2165,34816,34816
2822,2167,34816,34816
2823,2166,34816,34816
2824,2168,34816,34816
2825,2169,34816,34816
2826,22944,34816,34816
2827,22945,34816,34816
2828,2170,34816,34816
2829,2172,34816,34816
2830,2171,34816,34816
2831,2173,34816,34816
2832,2174,34816,34816
2833,22946,34816,34816
2834,22947,34816,34816
2835,2175,34816,34816
2836,2177,34816,34816
2837,2176,34816,34816
2838,2178,34816,34816
2839,2179,34816,34816
2840,22948,34816,34816
2841,22949,34816,34816
2842,2180,34816,34816
2843,2182,34816,34816
2844,2181,34816,34816
2845,2183,34816,34816
2846,2184,34816,34816
2847,22950,34816,34816
2848,22951,34816,34816
2849,2185,34816,34816
2850,2187,34816,34816
2851,2186,34816,34816
2852,2188,34816,34816
2853,2189,34816,34816
2854,22952,34816,34816
2855,22953,34816,34816
2856,2190,34816,34816
2857,2192,34816,34816
2858,2191,34816,34816
2859,2193,34816,34816
2860,2194,34816,34816
2861,22954,34816,34816
2862,22955,34816,34816
2863,2195,34816,34816
2864,2197,34816,34816
2865,2196,34816,34816
2866,2198,34816,34816
2867,2199,34816,34816
2868,22956,34816,34816
2869,22957,34816,34816
2870,2200,34816,34816
2871,2202,34816,34816
2872,2201,34816,34816
2873,2203,34816,34816
2874,2204,34816,34816
2875,22958,34816,34816
2876,22959,34816,34816
2877,2205,34816,34816
2878,2207,34816,34816
2879,2206,34816,34816
2880,2208,34816,34816
2881,2209,34816,34816
2882,22960,34816,34816
2883,22961,34816,34816
2884,2210,34816,34816
2885,2212,34816,34816
2886,2211,34816,34816
2887,2213,34816,34816
2888,2214,34816,34816
2889,22962,34816,34816
2890,22963,34816,34816
2891,2215,34816,34816
2892,22931,34816,34816
2893,2216,34816,34816
2894,2217,34816,34816
2895,2219,34816,34816
2896,2218,34816,34816
2897,2220,34816,34816
2898,2221,34816,34816
2899,22965,34816,34816
2900,22966,34816,34816
2901,2222,34816,34816
2902,2224,34816,34816
2903,2223,34816,34816
2904,2225,34816,34816
2905,2226,34816,34816
2906,22967,34816,34816
2907,22968,34816,34816
2908,2227,34816,34816
2909,2229,34816,34816
2910,2228,34816,34816
2911,2230,34816,34816
2912,2231,34816,34816
2913,22969,34816,34816
2914,22970,34816,34816
2915,2232,34816,34816
2916,2234,34816,34816
2917,2233,34816,34816
2918,2235,34816,34816
2919,2236,34816,34816
2920,22971,34816,34816
2921,22972,34816,34816
2922,2237,34816,34816
2923,2239,34816,34816
2924,2238,34816,34816
2925,2240,34816,34816
2926,2241,34816,34816
2927,22973,34816,34816
2928,22974,34816,34816
2929,2242,34816,34816
2930,2244,34816,34816
2931,2243,34816,34816
2932,2245,34816,34816
2933,2246,34816,34816
2934,22975,34816,34816
2935,22976,34816,34816
2936,2247,34816,34816
2937,2249,34816,34816
2938,2248,34816,34816
2939,2250,34816,34816
2940,2251,34816,34816
2941,22977,34816,34816
2942,22978,34816,34816
2943,2252,34816,34816
2944,2254,34816,34816
2945,2253,34816,34816
2946,2255,34816,34816
2947,2256,34816,34816
2948,22979,34816,34816
2949,22980,34816,34816
2950,2257,34816,34816
2951,2259,34816,34816
2952,2258,34816,34816
2953,2260,34816,34816
2954,2261,34816,34816
2955,22981,34816,34816
2956,22982,34816,34816
2957,2262,34816,34816
2958,2264,34816,34816
2959,2263,34816,34816
2960,2265,34816,34816
2961,2266,34816,34816
2962,22983,34816,34816
2963,22984,34816,34816
2964,2267,34816,34816
2965,2269,34816,34816
2966,2268,34816,34816
2967,2270,34816,34816
2968,2271,34816,34816
2969,22985,34816,34816
2970,22986,34816,34816
2971,2272,34816,34816
2972,2274,34816,34816
2973,2273,34816,34816
2974,2275,34816,34816
2975,2276,34816,34816
2976,22987,34816,34816
2977,22988,34816,34816
2978,2277,34816,34816
2979,2279,34816,34816
2980,2278,34816,34816
2981,2280,34816,34816
2982,2281,34816,34816
2983,22989,34816,34816
2984,22990,34816,34816
2985,2282,34816,34816
2986,2284,34816,34816
2987,2283,34816,34816
2988,2285,34816,34816
2989,2286,34816,34816
2990,22991,34816,34816
2991,22992,34816,34816
2992,2287,34816,34816
2993,2289,34816,34816
2994,2288,34816,34816
2995,2290,34816,34816
2996,2291,34816,34816
2997,22993,34816,34816
2998,22994,34816,34816
2999,2292,34816,34816
3000,2294,34816,34816
3001,2293,34816,34816
3002,2295,34816,34816
3003,2296,34816,34816
3004,22995,34816,34816
3005,22996,34816,34816
3006,2297,34816,34816
3007,22964,34816,34816
3008,2298,34816,34816
3009,2299,34816,34816
3010,2301,34816,34816
3011,2300,34816,34816
3012,2302,34816,34816
3013,2303,34816,34816
3014,22998,34816,34816
3015,22999,34816,34816
3016,2304,34816,34816
3017,2306,34816,34816
3018,2305,34816,34816
3019,2307,34816,34816
3020,2308,34816,34816
3021,23000,34816,34816
3022,23001,34816,34816
3023,2309,34816,34816
3024,2311,34816,34816
3025,2310,34816,34816
3026,2312,34816,34816
3027,2313,34816,34816
3028,23002,34816,34816
3029,23003,34816,34816
3030,2314,34816,34816
3031,2316,34816,34816
3032,2315,34816,34816
3033,2317,34816,34816
3034,2318,34816,34816
3035,23004,34816,34816
3036,23005,34816,34816
3037,2319,34816,34816
3038,2321,34816,34816
3039,2320,34816,34816
3040,2322,34816,34816
3041,2323,34816,34816
3042,23006,34816,34816
3043,23007,34816,34816
3044,2324,34816,34816
3045,2326,34816,34816
3046,2325,34816,34816
3047,2327,34816,34816
3048,2328,34816,34816
3049,23008,34816,34816
3050,23009,34816,34816
3051,2329,34816,34816
3052,2331,34816,34816
3053,2330,34816,34816
3054,2332,34816,34816
3055,2333,34816,34816
3056,23010,34816,34816
3057,23011,34816,34816
3058,2334,34816,34816
3059,2336,34816,34816
3060,2335,34816,34816
3061,2337,34816,34816
3062,2338,34816,34816
3063,23012,34816,34816
3064,23013,34816,34816
3065,2339,34816,34816
3066,2341,34816,34816
3067,2340,34816,34816
3068,2342,34816,34816
3069,2343,34816,34816
3070,23014,34816,34816
3071,23015,34816,34816
3072,2344,34816,34816
3073,2346,34816,34816
3074,2345,34816,34816
3075,2347,34816,34816
3076,2348,34816,34816
3077,23016,34816,34816
3078,23017,34816,34816
3079,2349,34816,34816
3080,2351,34816,34816
3081,2350,34816,34816
3082,2352,34816,34816
3083,2353,34816,34816
3084,23018,34816,34816
3085,23019,34816,34816
3086,2354,34816,34816
3087,2356,34816,34816
3088,2355,34816,34816
3089,2357,34816,34816
3090,2358,34816,34816
3091,23020,34816,34816
3092,23021,34816,34816
3093,2359,34816,34816
3094,2361,34816,34816
3095,2360,34816,34816
3096,2362,34816,34816
3097,2363,34816,34816
3098,23022,34816,34816
3099,23023,34816,34816
3100,2364,34816,34816
3101,2366,34816,34816
3102,2365,34816,34816
3103,2367,34816,34816
3104,2368,34816,34816
3105,23024,34816,34816
3106,23025,34816,34816
3107,2369,34816,34816
3108,2371,34816,34816
3109,2370,34816,34816
3110,2372,34816,34816
3111,2373,34816,34816
3112,23026,34816,34816
3113,23027,34816,34816
3114,2374,34816,34816
3115,2376,34816,34816
3116,2375,34816,34816
3117,2377,34816,34816
3118,2378,34816,34816
3119,23028,34816,34816
3120,23029,34816,34816
3121,2379,34816,34816
3122,22997,34816,34816
3123,2380,34816,34816
3124,2381,34816,34816
3125,2383,34816,34816
3126,2382,34816,34816
3127,2384,34816,34816
3128,2385,34816,34816
3129,23031,34816,34816
3130,23032,34816,34816
3131,2386,34816,34816
3132,2388,34816,34816
3133,2387,34816,34816
3134,2389,34816,34816
3135,2390,34816,34816
3136,23033,34816,34816
3137,23034,34816,34816
3138,2391,34816,34816
3139,2393,34816,34816
3140,2392,34816,34816
3141,2394,34816,34816
3142,2395,34816,34816
3143,23035,34816,34816
3144,23036,34816,34816
3145,2396,34816,34816
3146,2398,34816,34816
3147,2397,34816,34816
3148,2399,34816,34816
3149,2400,34816,34816
3150,23037,34816,34816
3151,23038,34816,34816
3152,2401,34816,34816
3153,2403,34816,34816
3154,2402,34816,34816
3155,2404,34816,34816
3156,2405,34816,34816
3157,23039,34816,34816
3158,23040,34816,34816
3159,2406,34816,34816
3160,2408,34816,34816
3161,2407,34816,34816
3162,2409,34816,34816
3163,2410,34816,34816
3164,23041,34816,34816
3165,23042,34816,34816
3166,2411,34816,34816
3167,2413,34816,34816
3168,2412,34816,34816
3169,2414,34816,34816
3170,2415,34816,34816
3171,23043,34816,34816
3172,23044,34816,34816
3173,2416,34816,34816
3174,2418,34816,34816
3175,2417,34816,34816
3176,2419,34816,34816
3177,2420,34816,34816
3178,23045,34816,34816
3179,23046,34816,34816
3180,2421,34816,34816
3181,2423,34816,34816
3182,2422,34816,34816
3183,2424,34816,34816
3184,2425,34816,34816
3185,23047,34816,34816
3186,23048,34816,34816
3187,2426,34816,34816
3188,2428,34816,34816
3189,2427,34816,34816
3190,2429,34816,34816
3191,2430,34816,34816
3192,23049,34816,34816
3193,23050,34816,34816
3194,2431,34816,34816
3195,2433,34816,34816
3196,2432,34816,34816
3197,2434,34816,34816
3198,2435,34816,34816
3199,23051,34816,34816
3200,23052,34816,34816
3201,2436,34816,34816
3202,2438,34816,34816
3203,2437,34816,34816
3204,2439,34816,34816
3205,2440,34816,34816
3206,23053,34816,34816
3207,23054,34816,34816
3208,2441,34816,34816
3209,2443,34816,34816
3210,2442,34816,34816
3211,2444,34816,34816
3212,2445,34816,34816
3213,23055,34816,34816
3214,23056,34816,34816
3215,2446,34816,34816
3216,2448,34816,34816
3217,2447,34816,34816
3218,2449,34816,34816
3219,2450,34816,34816
3220,23057,34816,34816
3221,23058,34816,34816
3222,2451,34816,34816
3223,2453,34816,34816
3224,2452,34816,34816
3225,2454,34816,34816
3226,2455,34816,34816
3227,23059,34816,34816
3228,23060,34816,34816
3229,2456,34816,34816
3230,2458,34816,34816
3231,2457,34816,34816
3232,2459,34816,34816
3233,2460,34816,34816
3234,23061,34816,34816
3235,23062,34816,34816
3236,2461,34816,34816
3237,23030,34816,34816
3238,2462,34816,34816
3239,2463,34816,34816
3240,2465,34816,34816
3241,2464,34816,34816
3242,2466,34816,34816
3243,2467,34816,34816
3244,23064,34816,34816
3245,23065,34816,34816
3246,2468,34816,34816
3247,2470,34816,34816
3248,2469,34816,34816
3249,2471,34816,34816
3250,2472,34816,34816
3251,23066,34816,34816
3252,23067,34816,34816
3253,2473,34816,34816
3254,2475,34816,34816
3255,2474,34816,34816
3256,2476,34816,34816
3257,2477,34816,34816
3258,23068,34816,34816
3259,23069,34816,34816
3260,2478,34816,34816
3261,2480,34816,34816
3262,2479,34816,34816
3263,2481,34816,34816
3264,2482,34816,34816
3265,23070,34816,34816
3266,23071,34816,34816
3267,2483,34816,34816
3268,2485,34816,34816
3269,2484,34816,34816
3270,2486,34816,34816
3271,2487,34816,34816
3272,23072,34816,34816
3273,23073,34816,34816
3274,2488,34816,34816
3275,2490,34816,34816
3276,2489,34816,34816
3277,2491,34816,34816
3278,2492,34816,34816
3279,23074,34816,34816
3280,23075,34816,34816
3281,2493,34816,34816
3282,2495,34816,34816
3283,2494,34816,34816
3284,2496,34816,34816
3285,2497,34816,34816
3286,23076,34816,34816
3287,23077,34816,34816
3288,2498,34816,34816
3289,2500,34816,34816
3290,2499,34816,34816
3291,2501,34816,34816
3292,2502,34816,34816
3293,23078,34816,34816
3294,23079,34816,34816
3295,2503,34816,34816
3296,2505,34816,34816
3297,2504,34816,34816
3298,2506,34816,34816
3299,2507,34816,34816
3300,23080,34816,34816
3301,23081,34816,34816
3302,2508,34816,34816
3303,2510,34816,34816
3304,2509,34816,34816
3305,2511,34816,34816
3306,2512,34816,34816
3307,23082,34816,34816
3308,23083,34816,34816
3309,2513,34816,34816
3310,2515,34816,34816
3311,2514,34816,34816
3312,2516,34816,34816
3313,2517,34816,34816
3314,23084,34816,34816
3315,23085,34816,34816
3316,2518,34816,34816
3317,2520,34816,34816
3318,2519,34816,34816
3319,2521,34816,34816
3320,2522,34816,34816
3321,23086,34816,34816
3322,23087,34816,34816
3323,2523,34816,34816
3324,2525,34816,34816
3325,2524,34816,34816
3326,2526,34816,34816
3327,2527,34816,34816
3328,23088,34816,34816
3329,23089,34816,34816
3330,2528,34816,34816
3331,2530,34816,34816
3332,2529,34816,34816
3333,2531,34816,34816
3334,2532,34816,34816
3335,23090,34816,34816
3336,23091,34816,34816
3337,2533,34816,34816
3338,2535,34816,34816
3339,2534,34816,34816
3340,2536,34816,34816
3341,2537,34816,34816
3342,23092,34816,34816
3343,23093,34816,34816
3344,2538,34816,34816
3345,2540,34816,34816
3346,2539,34816,34816
3347,2541,34816,34816
3348,2542,34816,34816
3349,23094,34816,34816
3350,23095,34816,34816
3351,2543,34816,34816
3352,23063,34816,34816
3353,2544,34816,34816
3354,2545,34816,34816
3355,2547,34816,34816
3356,2546,34816,34816
3357,2548,34816,34816
3358,2549,34816,34816
3359,23097,34816,34816
3360,23098,34816,34816
3361,2550,34816,34816
3362,2552,34816,34816
3363,2551,34816,34816
3364,2553,34816,34816
3365,2554,34816,34816
3366,23099,34816,34816
3367,23100,34816,34816
3368,2555,34816,34816
3369,2557,34816,34816
3370,2556,34816,34816
3371,2558,34816,34816
3372,2559,34816,34816
3373,23101,34816,34816
3374,23102,34816,34816
3375,2560,34816,34816
3376,2562,34816,34816
3377,2561,34816,34816
3378,2563,34816,34816
3379,2564,34816,34816
3380,23103,34816,34816
3381,23104,34816,34816
3382,2565,34816,34816
3383,2567,34816,34816
3384,2566,34816,34816
3385,2568,34816,34816
3386,2569,34816,34816
3387,23105,34816,34816
3388,23106,34816,34816
3389,2570,34816,34816
3390,2572,34816,34816
3391,2571,34816,34816
3392,2573,34816,34816
3393,2574,34816,34816
3394,23107,34816,34816
3395,23108,34816,34816
3396,2575,34816,34816
3397,2577,34816,34816
3398,2576,34816,34816
3399,2578,34816,34816
3400,2579,34816,34816
3401,23109,34816,34816
3402,23110,34816,34816
3403,2580,34816,34816
3404,2582,34816,34816
3405,2581,34816,34816
3406,2583,34816,34816
3407,2584,34816,34816
3408,23111,34816,34816
3409,23112,34816,34816
3410,2585,34816,34816
3411,2587,34816,34816
3412,2586,34816,34816
3413,2588,34816,34816
3414,2589,34816,34816
3415,23113,34816,34816
3416,23114,34816,34816
3417,2590,34816,34816
3418,2592,34816,34816
3419,2591,34816,34816
3420,2593,34816,34816
3421,2594,34816,34816
3422,23115,34816,34816
3423,23116,34816,34816
3424,2595,34816,34816
3425,2597,34816,34816
3426,2596,34816,34816
3427,2598,34816,34816
3428,2599,34816,34816
3429,23117,34816,34816
3430,23118,34816,34816
3431,2600,34816,34816
3432,2602,34816,34816
3433,2601,34816,34816
3434,2603,34816,34816
3435,2604,34816,34816
3436,23119,34816,34816
3437,23120,34816,34816
3438,2605,34816,34816
3439,2607,34816,34816
3440,2606,34816,34816
3441,2608,34816,34816
3442,2609,34816,34816
3443,23121,34816,34816
3444,23122,34816,34816
3445,2610,34816,34816
3446,2612,34816,34816
3447,2611,34816,34816
3448,2613,34816,34816
3449,2614,34816,34816
3450,23123,34816,34816
3451,23124,34816,34816
3452,2615,34816,34816
3453,2617,34816,34816
3454,2616,34816,34816
3455,2618,34816,34816
3456,2619,34816,34816
3457,23125,34816,34816
3458,23126,34816,34816
3459,2620,34816,34816
3460,2622,34816,34816
3461,2621,34816,34816
3462,2623,34816,34816
3463,2624,34816,34816
3464,23127,34816,34816
3465,23128,34816,34816
3466,2625,34816,34816
3467,23096,34816,34816
3468,2626,34816,34816
3469,2627,34816,34816
3470,2629,34816,34816
3471,2628,34816,34816
3472,2630,34816,34816
3473,2631,34816,34816
3474,23130,34816,34816
3475,23131,34816,34816
3476,2632,34816,34816
3477,2634,34816,34816
3478,2633,34816,34816
3479,2635,34816,34816
3480,2636,34816,34816
3481,23132,34816,34816
3482,23133,34816,34816
3483,2637,34816,34816
3484,2639,34816,34816
3485,2638,34816,34816
3486,2640,34816,34816
3487,2641,34816,34816
3488,23134,34816,34816
3489,23135,34816,34816
3490,2642,34816,34816
3491,2644,34816,34816
3492,2643,34816,34816
3493,2645,34816,34816
3494,2646,34816,34816
3495,23136,34816,34816
3496,23137,34816,34816
3497,2647,34816,34816
3498,2649,34816,34816
3499,2648,34816,34816
3500,2650,34816,34816
3501,2651,34816,34816
3502,23138,34816,34816
3503,23139,34816,34816
3504,2652,34816,34816
3505,2654,34816,34816
3506,2653,34816,34816
3507,2655,34816,34816
3508,2656,34816,34816
3509,23140,34816,34816
3510,23141,34816,34816
3511,2657,34816,34816
3512,2659,34816,34816
3513,2658,34816,34816
3514,2660,34816,34816
3515,2661,34816,34816
3516,23142,34816,34816
3517,23143,34816,34816
3518,2662,34816,34816
3519,2664,34816,34816
3520,2663,34816,34816
3521,2665,34816,34816
3522,2666,34816,34816
3523,23144,34816,34816
3524,23145,34816,34816
3525,2667,34816,34816
3526,2669,34816,34816
3527,2668,34816,34816
3528,2670,34816,34816
3529,2671,34816,34816
3530,23146,34816,34816
3531,23147,34816,34816
3532,2672,34816,34816
3533,2674,34816,34816
3534,2673,34816,34816
3535,2675,34816,34816
3536,2676,34816,34816
3537,23148,34816,34816
3538,23149,34816,34816
3539,2677,34816,34816
3540,2679,34816,34816
3541,2678,34816,34816
3542,2680,34816,34816
3543,2681,34816,34816
3544,23150,34816,34816
3545,23151,34816,34816
3546,2682,34816,34816
3547,2684,34816,34816
3548,2683,34816,34816
3549,2685,34816,34816
3550,2686,34816,34816
3551,23152,34816,34816
3552,23153,34816,34816
3553,2687,34816,34816
3554,2689,34816,34816
3555,2688,34816,34816
3556,2690,34816,34816
3557,2691,34816,34816
3558,23154,34816,34816
3559,23155,34816,34816
3560,2692,34816,34816
3561,2694,34816,34816
3562,2693,34816,34816
3563,2695,34816,34816
3564,2696,34816,34816
3565,23156,34816,34816
3566,23157,34816,34816
3567,2697,34816,34816
3568,2699,34816,34816
3569,2698,34816,34816
3570,2700,34816,34816
3571,2701,34816,34816
3572,23158,34816,34816
3573,23159,34816,34816
3574,2702,34816,34816
3575,2704,34816,34816
3576,2703,34816,34816
3577,2705,34816,34816
3578,2706,34816,34816
3579,23160,34816,34816
3580,23161,34816,34816
3581,2707,34816,34816
3582,23129,34816,34816
3583,2708,34816,34816
3584,2709,34816,34816
3585,2711,34816,34816
3586,2710,34816,34816
3587,2712,34816,34816
3588,2713,34816,34816
3589,23163,34816,34816
3590,23164,34816,34816
3591,2714,34816,34816
3592,2716,34816,34816
3593,2715,34816,34816
3594,2717,34816,34816
3595,2718,34816,34816
3596,23165,34816,34816
3597,23166,34816,34816
3598,2719,34816,34816
3599,2721,34816,34816
3600,2720,34816,34816
3601,2722,34816,34816
3602,2723,34816,34816
3603,23167,34816,34816
3604,23168,34816,34816
3605,2724,34816,34816
3606,2726,34816,34816
3607,2725,34816,34816
3608,2727,34816,34816
3609,2728,34816,34816
3610,23169,34816,34816
3611,23170,34816,34816
3612,2729,34816,34816
3613,2731,34816,34816
3614,2730,34816,34816
3615,2732,34816,34816
3616,2733,34816,34816
3617,23171,34816,34816
3618,23172,34816,34816
3619,2734,34816,34816
3620,2736,34816,34816
3621,2735,34816,34816
3622,2737,34816,34816
3623,2738,34816,34816
3624,23173,34816,34816
3625,23174,34816,34816
3626,2739,34816,34816
3627,2741,34816,34816
3628,2740,34816,34816
3629,2742,34816,34816
3630,2743,34816,34816
3631,23175,34816,34816
3632,23176,34816,34816
3633,2744,34816,34816
3634,2746,34816,34816
3635,2745,34816,34816
3636,2747,34816,34816
3637,2748,34816,34816
3638,23177,34816,34816
3639,23178,34816,34816
3640,2749,34816,34816
3641,2751,34816,34816
3642,2750,34816,34816
3643,2752,34816,34816
3644,2753,34816,34816
3645,23179,34816,34816
3646,23180,34816,34816
3647,2754,34816,34816
3648,2756,34816,34816
3649,2755,34816,34816
3650,2757,34816,34816
3651,2758,34816,34816
3652,23181,34816,34816
3653,23182,34816,34816
3654,2759,34816,34816
3655,2761,34816,34816
3656,2760,34816,34816
3657,2762,34816,34816
3658,2763,34816,34816
3659,23183,34816,34816
3660,23184,34816,34816
3661,2764,34816,34816
3662,2766,34816,34816
3663,2765,34816,34816
3664,2767,34816,34816
3665,2768,34816,34816
3666,23185,34816,34816
3667,23186,34816,34816
3668,2769,34816,34816
3669,2771,34816,34816
3670,2770,34816,34816
3671,2772,34816,34816
3672,2773,34816,34816
3673,23187,34816,34816
3674,23188,34816,34816
3675,2774,34816,34816
3676,2776,34816,34816
3677,2775,34816,34816
3678,2777,34816,34816
3679,2778,34816,34816
3680,23189,34816,34816
3681,23190,34816,34816
3682,2779,34816,34816
3683,2781,34816,34816
3684,2780,34816,34816
3685,2782,34816,34816
3686,2783,34816,34816
3687,23191,34816,34816
3688,23192,34816,34816
3689,2784,34816,34816
3690,2786,34816,34816
3691,2785,34816,34816
3692,2787,34816,34816
3693,2788,34816,34816
3694,23193,34816,34816
3695,23194,34816,34816
3696,2789,34816,34816
3697,23162,34816,34816
3698,2790,34816,34816
3699,2791,34816,34816
3700,2793,34816,34816
3701,2792,34816,34816
3702,2794,34816,34816
3703,2795,34816,34816
3704,23196,34816,34816
3705,23197,34816,34816
3706,2796,34816,34816
3707,2798,34816,34816
3708,2797,34816,34816
3709,2799,34816,34816
3710,2800,34816,34816
3711,23198,34816,34816
3712,23199,34816,34816
3713,2801,34816,34816
3714,2803,34816,34816
3715,2802,34816,34816
3716,2804,34816,34816
3717,2805,34816,34816
3718,23200,34816,34816
3719,23201,34816,34816
3720,2806,34816,34816
3721,2808,34816,34816
3722,2807,34816,34816
3723,2809,34816,34816
3724,2810,34816,34816
3725,23202,34816,34816
3726,23203,34816,34816
3727,2811,34816,34816
3728,2813,34816,34816
3729,2812,34816,34816
3730,2814,34816,34816
3731,2815,34816,34816
3732,23204,34816,34816
3733,23205,34816,34816
3734,2816,34816,34816
3735,2818,34816,34816
3736,2817,34816,34816
3737,2819,34816,34816
3738,2820,34816,34816
3739,23206,34816,34816
3740,23207,34816,34816
3741,2821,34816,34816
3742,2823,34816,34816
3743,2822,34816,34816
3744,2824,34816,34816
3745,2825,34816,34816
3746,23208,34816,34816
3747,23209,34816,34816
3748,2826,34816,34816
3749,2828,34816,34816
3750,2827,34816,34816
3751,2829,34816,34816
3752,2830,34816,34816
3753,23210,34816,34816
3754,23211,34816,34816
3755,2831,34816,34816
3756,2833,34816,34816
3757,2832,34816,34816
3758,2834,34816,34816
3759,2835,34816,34816
3760,23212,34816,34816
3761,23213,34816,34816
3762,2836,34816,34816
3763,2838,34816,34816
3764,2837,34816,34816
3765,2839,34816,34816
3766,2840,34816,34816
3767,23214,34816,34816
3768,23215,34816,34816
3769,2841,34816,34816
3770,2843,34816,34816
3771,2842,34816,34816
3772,2844,34816,34816
3773,2845,34816,34816
3774,23216,34816,34816
3775,23217,34816,34816
3776,2846,34816,34816
3777,2848,34816,34816
3778,2847,34816,34816
3779,2849,34816,34816
3780,2850,34816,34816
3781,23218,34816,34816
3782,23219,34816,34816
3783,2851,34816,34816
3784,2853,34816,34816
3785,2852,34816,34816
3786,2854,34816,34816
3787,2855,34816,34816
3788,23220,34816,34816
3789,23221,34816,34816
3790,2856,34816,34816
3791,2858,34816,34816
3792,2857,34816,34816
3793,2859,34816,34816
3794,2860,34816,34816
3795,23222,34816,34816
3796,23223,34816,34816
3797,2861,34816,34816
3798,2863,34816,34816
3799,2862,34816,34816
3800,2864,34816,34816
3801,2865,34816,34816
3802,23224,34816,34816
3803,23225,34816,34816
3804,2866,34816,34816
3805,2868,34816,34816
3806,2867,34816,34816
3807,2869,34816,34816
3808,2870,34816,34816
3809,23226,34816,34816
3810,23227,34816,34816
3811,2871,34816,34816
3812,23195,34816,34816
3813,2872,34816,34816
3814,2873,34816,34816
3815,2875,34816,34816
3816,2874,34816,34816
3817,2876,34816,34816
3818,2877,34816,34816
3819,23229,34816,34816
3820,23230,34816,34816
3821,2878,34816,34816
3822,2880,34816,34816
3823,2879,34816,34816
3824,2881,34816,34816
3825,2882,34816,34816
3826,23231,34816,34816
3827,23232,34816,34816
3828,2883,34816,34816
3829,2885,34816,34816
3830,2884,34816,34816
3831,2886,34816,34816
3832,2887,34816,34816
3833,23233,34816,34816
3834,23234,34816,34816
3835,2888,34816,34816
3836,2890,34816,34816
3837,2889,34816,34816
3838,2891,34816,34816
3839,2892,34816,34816
3840,23235,34816,34816
3841,23236,34816,34816
3842,2893,34816,34816
3843,2895,34816,34816
3844,2894,34816,34816
3845,2896,34816,34816
3846,2897,34816,34816
3847,23237,34816,34816
3848,23238,34816,34816
3849,2898,34816,34816
3850,2900,34816,34816
3851,2899,34816,34816
3852,2901,34816,34816
3853,2902,34816,34816
3854,23239,34816,34816
3855,23240,34816,34816
3856,2903,34816,34816
3857,2905,34816,34816
3858,2904,34816,34816
3859,2906,34816,34816
3860,2907,34816,34816
3861,23241,34816,34816
3862,23242,34816,34816
3863,2908,34816,34816
3864,2910,34816,34816
3865,2909,34816,34816
3866,2911,34816,34816
3867,2912,34816,34816
3868,23243,34816,34816
3869,23244,34816,34816
3870,2913,34816,34816
3871,2915,34816,34816
3872,2914,34816,34816
3873,2916,34816,34816
3874,2917,34816,34816
3875,23245,34816,34816
3876,23246,34816,34816
3877,2918,34816,34816
3878,2920,34816,34816
3879,2919,34816,34816
3880,2921,34816,34816
3881,2922,34816,34816
3882,23247,34816,34816
3883,23248,34816,34816
3884,2923,34816,34816
3885,2925,34816,34816
3886,2924,34816,34816
3887,2926,34816,34816
3888,2927,34816,34816
3889,23249,34816,34816
3890,23250,34816,34816
3891,2928,34816,34816
3892,2930,34816,34816
3893,2929,34816,34816
3894,2931,34816,34816
3895,2932,34816,34816
3896,23251,34816,34816
3897,23252,34816,34816
3898,2933,34816,34816
3899,2935,34816,34816
3900,2934,34816,34816
3901,2936,34816,34816
3902,2937,34816,34816
3903,23253,34816,34816
3904,23254,34816,34816
3905,2938,34816,34816
3906,2940,34816,34816
3907,2939,34816,34816
3908,2941,34816,34816
3909,2942,34816,34816
3910,23255,34816,34816
3911,23256,34816,34816
3912,2943,34816,34816
3913,2945,34816,34816
3914,2944,34816,34816
3915,2946,34816,34816
3916,2947,34816,34816
3917,23257,34816,34816
3918,23258,34816,34816
3919,2948,34816,34816
3920,2950,34816,34816
3921,2949,34816,34816
3922,2951,34816,34816
3923,2952,34816,34816
3924,23259,34816,34816
3925,23260,34816,34816
3926,2953,34816,34816
3927,23228,34816,34816
3928,2954,34816,34816
3929,2955,34816,34816
3930,2957,34816,34816
3931,2956,34816,34816
3932,2958,34816,34816
3933,2959,34816,34816
3934,23262,34816,34816
3935,23263,34816,34816
3936,2960,34816,34816
3937,2962,34816,34816
3938,2961,34816,34816
3939,2963,34816,34816
3940,2964,34816,34816
3941,23264,34816,34816
3942,23265,34816,34816
3943,2965,34816,34816
3944,2967,34816,34816
3945,2966,34816,34816
3946,2968,34816,34816
3947,2969,34816,34816
3948,23266,34816,34816
3949,23267,34816,34816
3950,2970,34816,34816
3951,2972,34816,34816
3952,2971,34816,34816
3953,2973,34816,34816
3954,2974,34816,34816
3955,23268,34816,34816
3956,23269,34816,34816
3957,2975,34816,34816
3958,2977,34816,34816
3959,2976,34816,34816
3960,2978,34816,34816
3961,2979,34816,34816
3962,23270,34816,34816
3963,23271,34816,34816
3964,2980,34816,34816
3965,2982,34816,34816
3966,2981,34816,34816
3967,2983,34816,34816
3968,2984,34816,34816
3969,23272,34816,34816
3970,23273,34816,34816
3971,2985,34816,34816
3972,2987,34816,34816
3973,2986,34816,34816
3974,2988,34816,34816
3975,2989,34816,34816
3976,23274,34816,34816
3977,23275,34816,34816
3978,2990,34816,34816
3979,2992,34816,34816
3980,2991,34816,34816
3981,2993,34816,34816
3982,2994,34816,34816
3983,23276,34816,34816
3984,23277,34816,34816
3985,2995,34816,34816
3986,2997,34816,34816
3987,2996,34816,34816
3988,2998,34816,34816
3989,2999,34816,34816
3990,23278,34816,34816
3991,23279,34816,34816
3992,3000,34816,34816
3993,3002,34816,34816
3994,3001,34816,34816
3995,3003,34816,34816
3996,3004,34816,34816
3997,23280,34816,34816
3998,23281,34816,34816
3999,3005,34816,34816
4000,3007,34816,34816
4001,3006,34816,34816
4002,3008,34816,34816
4003,3009,34816,34816
4004,23282,34816,34816
4005,23283,34816,34816
4006,3010,34816,34816
4007,3012,34816,34816
4008,3011,34816,34816
4009,3013,34816,34816
4010,3014,34816,34816
4011,23284,34816,34816
4012,23285,34816,34816
4013,3015,34816,34816
4014,3017,34816,34816
4015,3016,34816,34816
4016,3018,34816,34816
4017,3019,34816,34816
4018,23286,34816,34816
4019,23287,34816,34816
4020,3020,34816,34816
4021,3022,34816,34816
4022,3021,34816,34816
4023,3023,34816,34816
4024,3024,34816,34816
4025,23288,34816,34816
4026,23289,34816,34816
4027,3025,34816,34816
4028,3027,34816,34816
4029,3026,34816,34816
4030,3028,34816,34816
4031,3029,34816,34816
4032,23290,34816,34816
4033,23291,34816,34816
4034,3030,34816,34816
4035,3032,34816,34816
4036,3031,34816,34816
4037,3033,34816,34816
4038,3034,34816,34816
4039,23292,34816,34816
4040,23293,34816,34816
4041,3035,34816,34816
4042,23261,34816,34816
4043,3036,34816,34816
4044,3037,34816,34816
4045,3039,34816,34816
4046,3038,34816,34816
4047,3040,34816,34816
4048,3041,34816,34816
4049,23295,34816,34816
4050,23296,34816,34816
4051,3042,34816,34816
4052,3044,34816,34816
4053,3043,34816,34816
4054,3045,34816,34816
4055,3046,34816,34816
4056,23297,34816,34816
4057,23298,34816,34816
4058,3047,34816,34816
4059,3049,34816,34816
4060,3048,34816,34816
4061,3050,34816,34816
4062,3051,34816,34816
4063,23299,34816,34816
4064,23300,34816,34816
4065,3052,34816,34816
4066,3054,34816,34816
4067,3053,34816,34816
4068,3055,34816,34816
4069,3056,34816,34816
4070,23301,34816,34816
4071,23302,34816,34816
4072,3057,34816,34816
4073,3059,34816,34816
4074,3058,34816,34816
4075,3060,34816,34816
4076,3061,34816,34816
4077,23303,34816,34816
4078,23304,34816,34816
4079,3062,34816,34816
4080,3064,34816,34816
4081,3063,34816,34816
4082,3065,34816,34816
4083,3066,34816,34816
4084,23305,34816,34816
4085,23306,34816,34816
4086,3067,34816,34816
4087,3069,34816,34816
4088,3068,34816,34816
4089,3070,34816,34816
4090,3071,34816,34816
4091,23307,34816,34816
4092,23308,34816,34816
4093,3072,34816,34816
4094,3074,34816,34816
4095,3073,34816,34816
4096,3075,34816,34816
4097,3076,34816,34816
4098,23309,34816,34816
4099,23310,34816,34816
4100,3077,34816,34816
4101,3079,34816,34816
4102,3078,34816,34816
4103,3080,34816,34816
4104,3081,34816,34816
4105,23311,34816,34816
4106,23312,34816,34816
4107,3082,34816,34816
4108,3084,34816,34816
4109,3083,34816,34816
4110,3085,34816,34816
4111,3086,34816,34816
4112,23313,34816,34816
4113,23314,34816,34816
4114,3087,34816,34816
4115,3089,34816,34816
4116,3088,34816,34816
4117,3090,34816,34816
4118,3091,34816,34816
4119,23315,34816,34816
4120,23316,34816,34816
4121,3092,34816,34816
4122,3094,34816,34816
4123,3093,34816,34816
4124,3095,34816,34816
4125,3096,34816,34816
4126,23317,34816,34816
4127,23318,34816,34816
4128,3097,34816,34816
4129,3099,34816,34816
4130,3098,34816,34816
4131,3100,34816,34816
4132,3101,34816,34816
4133,23319,34816,34816
4134,23320,34816,34816
4135,3102,34816,34816
4136,3104,34816,34816
4137,3103,34816,34816
4138,3105,34816,34816
4139,3106,34816,34816
4140,23321,34816,34816
4141,23322,34816,34816
4142,3107,34816,34816
4143,3109,34816,34816
4144,3108,34816,34816
4145,3110,34816,34816
4146,3111,34816,34816
4147,23323,34816,34816
4148,23324,34816,34816
4149,3112,34816,34816
4150,3114,34816,34816
4151,3113,34816,34816
4152,3115,34816,34816
4153,3116,34816,34816
4154,23325,34816,34816
4155,23326,34816,34816
4156,3117,34816,34816
4157,23294,34816,34816
4158,3118,34816,34816
4159,3119,34816,34816
4160,3121,34816,34816
4161,22817,34688,34816
4162,3120,34688,34816
4163,3122,34688,34816
4164,3123,34688,34816
4165,23328,34688,34816
4166,23329,34688,34816
4167,3124,34688,34816
4168,3126,34688,34816
4169,22820,34560,34816
4170,3125,34560,34816
4171,3127,34560,34816
4172,3128,34560,34816
4173,23330,34560,34816
4174,23331,34560,34816
4175,3129,34560,34816
4176,3131,34560,34816
4177,22823,34432,34816
4178,3130,34432,34816
4179,3132,34432,34816
4180,3133,34432,34816
4181,23332,34432,34816
4182,23333,34432,34816
4183,3134,34432,34816
4184,3136,34432,34816
4185,22826,34304,34816
4186,3135,34304,34816
4187,3137,34304,34816
4188,3138,34304,34816
4189,23334,34304,34816
4190,23335,34304,34816
4191,3139,34304,34816
4192,3141,34304,34816
4193,22829,34176,34816
4194,3140,34176,34816
4195,3142,34176,34816
4196,3143,34176,34816
4197,23336,34176,34816
4198,23337,34176,34816
4199,3144,34176,34816
4200,3146,34176,34816
4201,22832,34048,34816
4202,3145,34048,34816
4203,3147,34048,34816
4204,3148,34048,34816
4205,23338,34048,34816
4206,23339,34048,34816
4207,3149,34048,34816
4208,3151,34048,34816
4209,22835,33920,34816
4210,3150,33920,34816
4211,3152,33920,34816
4212,3153,33920,34816
4213,23340,33920,34816
4214,23341,33920,34816
4215,3154,33920,34816
4216,3156,33920,34816
4217,22838,33792,34816
4218,3155,33792,34816
4219,3157,33792,34816
4220,3158,33792,34816
4221,23342,33792,34816
4222,23343,33792,34816
4223,3159,33792,34816
4224,3161,33792,34816
4225,22841,33664,34816
4226,3160,33664,34816
4227,3162,33664,34816
4228,3163,33664,34816
4229,23344,33664,34816
4230,23345,33664,34816
4231,3164,33664,34816
4232,3166,33664,34816
4233,22844,33536,34816
4234,3165,33536,34816
4235,3167,33536,34816
4236,3168,33536,34816
4237,23346,33536,34816
4238,23347,33536,34816
4239,3169,33536,34816
4240,3171,33536,34816
4241,22847,33408,34816
4242,3170,33408,34816
4243,3172,33408,34816
4244,3173,33408,34816
4245,23348,33408,34816
4246,23349,33408,34816
4247,3174,33408,34816
4248,3176,33408,34816
4249,22850,33280,34816
4250,3175,33280,34816
4251,3177,33280,34816
4252,3178,33280,34816
4253,23350,33280,34816
4254,23351,33280,34816
4255,3179,33280,34816
4256,3181,33280,34816
4257,22853,33152,34816
4258,3180,33152,34816
4259,3182,33152,34816
4260,3183,33152,34816
4261,23352,33152,34816
4262,23353,33152,34816
4263,3184,33152,34816
4264,3186,33152,34816
4265,22856,33024,34816
4266,3185,33024,34816
4267,3187,33024,34816
4268,3188,33024,34816
4269,23354,33024,34816
4270,23355,33024,34816
4271,3189,33024,34816
4272,3191,33024,34816
4273,22859,32896,34816
4274,3190,32896,34816
4275,3192,32896,34816
4276,3193,32896,34816
4277,23356,32896,34816
4278,23357,32896,34816
4279,3194,32896,34816
4280,3196,32896,34816
4281,22862,32768,34816
4282,3195,32768,34816
4283,3197,32768,34816
4284,3198,32768,34816
4285,23358,32768,34816
4286,23359,32768,34816
4287,3199,32768,34816
4288,23327,32768,34816
4289,3200,32768,34816
4290,3203,32768,34816
4291,3204,32768,34816
4292,3206,32768,34816
4293,3201,32896,34816
4294,3202,32896,34816
4295,3205,32896,34816
4296,3207,32896,34816
4297,23362,32896,34816
4298,23363,32896,34816
4299,3210,32896,34816
4300,3211,32896,34816
4301,3213,32896,34816
4302,3208,33024,34816
4303,3209,33024,34816
4304,3212,33024,34816
4305,3214,33024,34816
4306,23365,33024,34816
4307,23366,33024,34816
4308,3217,33024,34816
4309,3218,33024,34816
4310,3220,33024,34816
4311,3215,33152,34816
4312,3216,33152,34816
4313,3219,33152,34816
4314,3221,33152,34816
4315,23368,33152,34816
4316,23369,33152,34816
4317,3224,33152,34816
4318,3225,33152,34816
4319,3227,33152,34816
4320,3222,33280,34816
4321,3223,33280,34816
4322,3226,33280,34816
4323,3228,33280,34816
4324,23371,33280,34816
4325,23372,33280,34816
4326,3231,33280,34816
4327,3232,33280,34816
4328,3234,33280,34816
4329,3229,33408,34816
4330,3230,33408,34816
4331,3233,33408,34816
4332,3235,33408,34816
4333,23374,33408,34816
4334,23375,33408,34816
4335,3238,33408,34816
4336,3239,33408,34816
4337,3241,33408,34816
4338,3236,33536,34816
4339,3237,33536,34816
4340,3240,33536,34816
4341,3242,33536,34816
4342,23377,33536,34816
4343,23378,33536,34816
4344,3245,33536,34816
4345,3246,33536,34816
4346,3248,33536,34816
4347,3243,33664,34816
4348,3244,33664,34816
4349,3247,33664,34816
4350,3249,33664,34816
4351,23380,33664,34816
4352,23381,33664,34816
4353,3252,33664,34816
4354,3253,33664,34816
4355,3255,33664,34816
4356,3250,33792,34816
4357,3251,33792,34816
4358,3254,33792,34816
4359,3256,33792,34816
4360,23383,33792,34816
4361,23384,33792,34816
4362,3259,33792,34816
4363,3260,33792,34816
4364,3262,33792,34816
4365,3257,33920,34816
4366,3258,33920,34816
4367,3261,33920,34816
4368,3263,33920,34816
4369,23386,33920,34816
4370,23387,33920,34816
4371,3266,33920,34816
4372,3267,33920,34816
4373,3269,33920,34816
4374,3264,34048,34816
4375,3265,34048,34816
4376,3268,34048,34816
4377,3270,34048,34816
4378,23389,34048,34816
4379,23390,34048,34816
4380,3273,34048,34816
4381,3274,34048,34816
4382,3276,34048,34816
4383,3271,34176,34816
4384,3272,34176,34816
4385,3275,34176,34816
4386,3277,34176,34816
4387,23392,34176,34816
4388,23393,34176,34816
4389,3280,34176,34816
4390,3281,34176,34816
4391,3283,34176,34816
4392,3278,34304,34816
4393,3279,34304,34816
4394,3282,34304,34816
4395,3284,34304,34816
4396,23395,34304,34816
4397,23396,34304,34816
4398,3287,34304,34816
4399,3288,34304,34816
4400,3290,34304,34816
4401,3285,34432,34816
4402,3286,34432,34816
4403,3289,34432,34816
4404,3291,34432,34816
4405,23398,34432,34816
4406,23399,34432,34816
4407,3294,34432,34816
4408,3295,34432,34816
4409,3297,34432,34816
4410,3292,34560,34816
4411,3293,34560,34816
4412,3296,34560,34816
4413,3298,34560,34816
4414,23401,34560,34816
4415,23402,34560,34816
4416,3301,34560,34816
4417,3302,34560,34816
4418,3304,34560,34816
4419,3299,34688,34816
4420,3300,34688,34816
4421,3303,34688,34816
4422,3305,34688,34816
4423,23404,34688,34816
4424,23405,34688,34816
4425,3308,34688,34816
4426,3309,34688,34816
4427,3311,34688,34816
4428,3306,34816,34816
4429,3307,34816,34816
4430,3310,34816,34816
4431,3312,34816,34816
4432,23407,34816,34816
4433,23408,34816,34816
4434,3313,34816,34816
4435,23360,34816,34816
4436,3314,34816,34816
4437,3315,34816,34816
4438,3317,34816,34816
4439,3316,34816,34816
4440,3318,34816,34816
4441,3319,34816,34816
4442,23410,34816,34816
4443,23411,34816,34816
4444,3320,34816,34816
4445,3322,34816,34816
4446,3321,34816,34816
4447,3323,34816,34816
4448,3324,34816,34816
4449,23412,34816,34816
4450,23413,34816,34816
4451,3325,34816,34816
4452,3327,34816,34816
4453,3326,34816,34816
4454,3328,34816,34816
4455,3329,34816,34816
4456,23414,34816,34816
4457,23415,34816,34816
4458,3330,34816,34816
4459,3332,34816,34816
4460,3331,34816,34816
4461,3333,34816,34816
4462,3334,34816,34816
4463,23416,34816,34816
4464,23417,34816,34816
4465,3335,34816,34816
4466,3337,34816,34816
4467,3336,34816,34816
4468,3338,34816,34816
4469,3339,34816,34816
4470,23418,34816,34816
4471,23419,34816,34816
4472,3340,34816,34816
4473,3342,34816,34816
4474,3341,34816,34816
4475,3343,34816,34816
4476,3344,34816,34816
4477,23420,34816,34816
4478,23421,34816,34816
4479,3345,34816,34816
4480,3347,34816,34816
4481,3346,34816,34816
4482,3348,34816,34816
4483,3349,34816,34816
4484,23422,34816,34816
4485,23423,34816,34816
4486,3350,34816,34816
4487,3352,34816,34816
4488,3351,34816,34816
4489,3353,34816,34816
4490,3354,34816,34816
4491,23424,34816,34816
4492,23425,34816,34816
4493,3355,34816,34816
4494,3357,34816,34816
4495,3356,34816,34816
4496,3358,34816,34816
4497,3359,34816,34816
4498,23426,34816,34816
4499,23427,34816,34816
4500,3360,34816,34816
4501,3362,34816,34816
4502,3361,34816,34816
4503,3363,34816,34816
4504,3364,34816,34816
4505,23428,34816,34816
4506,23429,34816,34816
4507,3365,34816,34816
4508,3367,34816,34816
4509,3366,34816,34816
4510,3368,34816,34816
4511,3369,34816,34816
4512,23430,34816,34816
4513,23431,34816,34816
4514,3370,34816,34816
4515,3372,34816,34816
4516,3371,34816,34816
4517,3373,34816,34816
4518,3374,34816,34816
4519,23432,34816,34816
4520,23433,34816,34816
4521,3375,34816,34816
4522,3377,34816,34816
4523,3376,34816,34816
4524,3378,34816,34816
4525,3379,34816,34816
4526,23434,34816,34816
4527,23435,34816,34816
4528,3380,34816,34816
4529,3382,34816,34816
4530,3381,34816,34816
4531,3383,34816,34816
4532,3384,34816,34816
4533,23436,34816,34816
4534,23437,34816,34816
4535,3385,34816,34816
4536,3387,34816,34816
4537,3386,34816,34816
4538,3388,34816,34816
4539,3389,34816,34816
4540,23438,34816,34816
4541,23439,34816,34816
4542,3390,34816,34816
4543,3392,34816,34816
4544,3391,34816,34816
4545,3393,34816,34816
4546,3394,34816,34816
4547,23440,34816,34816
4548,23441,34816,34816
4549,3395,34816,34816
4550,23409,34816,34816
4551,3396,34816,34816
4552,3397,34816,34816
4553,3399,34816,34816
4554,3398,34816,34816
4555,3400,34816,34816
4556,3401,34816,34816
4557,23443,34816,34816
4558,23444,34816,34816
4559,3402,34816,34816
4560,3404,34816,34816
4561,3403,34816,34816
4562,3405,34816,34816
4563,3406,34816,34816
4564,23445,34816,34816
4565,23446,34816,34816
4566,3407,34816,34816
4567,3409,34816,34816
4568,3408,34816,34816
4569,3410,34816,34816
4570,3411,34816,34816
4571,23447,34816,34816
4572,23448,34816,34816
4573,3412,34816,34816
4574,3414,34816,34816
4575,3413,34816,34816
4576,3415,34816,34816
4577,3416,34816,34816
4578,23449,34816,34816
4579,23450,34816,34816
4580,3417,34816,34816
4581,3419,34816,34816
4582,3418,34816,34816
4583,3420,34816,34816
4584,3421,34816,34816
4585,23451,34816,34816
4586,23452,34816,34816
4587,3422,34816,34816
4588,3424,34816,34816
4589,3423,34816,34816
4590,3425,34816,34816
4591,3426,34816,34816
4592,23453,34816,34816
4593,23454,34816,34816
4594,3427,34816,34816
4595,3429,34816,34816
4596,3428,34816,34816
4597,3430,34816,34816
4598,3431,34816,34816
4599,23455,34816,34816
4600,23456,34816,34816
4601,3432,34816,34816
4602,3434,34816,34816
4603,3433,34816,34816
4604,3435,34816,34816
4605,3436,34816,34816
4606,23457,34816,34816
4607,23458,34816,34816
4608,3437,34816,34816
4609,3439,34816,34816
4610,3438,34816,34816
4611,3440,34816,34816
4612,3441,34816,34816
4613,23459,34816,34816
4614,23460,34816,34816
4615,3442,34816,34816
4616,3444,34816,34816
4617,3443,34816,34816
4618,3445,34816,34816
4619,3446,34816,34816
4620,23461,34816,34816
4621,23462,34816,34816
4622,3447,34816,34816
4623,3449,34816,34816
4624,3448,34816,34816
4625,3450,34816,34816
4626,3451,34816,34816
4627,23463,34816,34816
4628,23464,34816,34816
4629,3452,34816,34816
4630,3454,34816,34816
4631,3453,34816,34816
4632,3455,34816,34816
4633,3456,34816,34816
4634,23465,34816,34816
4635,23466,34816,34816
4636,3457,34816,34816
4637,3459,34816,34816
4638,3458,34816,34816
4639,3460,34816,34816
4640,3461,34816,34816
4641,23467,34816,34816
4642,23468,34816,34816
4643,3462,34816,34816
4644,3464,34816,34816
4645,3463,34816,34816
4646,3465,34816,34816
4647,3466,34816,34816
4648,23469,34816,34816
4649,23470,34816,34816
4650,3467,34816,34816
4651,3469,34816,34816
4652,3468,34816,34816
4653,3470,34816,34816
4654,3471,34816,34816
4655,23471,34816,34816
4656,23472,34816,34816
4657,3472,34816,34816
4658,3474,34816,34816
4659,3473,34816,34816
4660,3475,34816,34816
4661,3476,34816,34816
4662,23473,34816,34816
4663,23474,34816,34816
4664,3477,34816,34816
4665,23442,34816,34816
4666,3478,34816,34816
4667,3479,34816,34816
4668,3481,34816,34816
4669,3480,34816,34816
4670,3482,34816,34816
4671,3483,34816,34816
4672,23476,34816,34816
4673,23477,34816,34816
4674,3484,34816,34816
4675,3486,34816,34816
4676,3485,34816,34816
4677,3487,34816,34816
4678,3488,34816,34816
4679,23478,34816,34816
4680,23479,34816,34816
4681,3489,34816,34816
4682,3491,34816,34816
4683,3490,34816,34816
4684,3492,34816,34816
4685,3493,34816,34816
4686,23480,34816,34816
4687,23481,34816,34816
4688,3494,34816,34816
4689,3496,34816,34816
4690,3495,34816,34816
4691,3497,34816,34816
4692,3498,34816,34816
4693,23482,34816,34816
4694,23483,34816,34816
4695,3499,34816,34816
4696,3501,34816,34816
4697,3500,34816,34816
4698,3502,34816,34816
4699,3503,34816,34816
4700,23484,34816,34816
4701,23485,34816,34816
4702,3504,34816,34816
4703,3506,34816,34816
4704,3505,34816,34816
4705,3507,34816,34816
4706,3508,34816,34816
4707,23486,34816,34816
4708,23487,34816,34816
4709,3509,34816,34816
4710,3511,34816,34816
4711,3510,34816,34816
4712,3512,34816,34816
4713,3513,34816,34816
4714,23488,34816,34816
4715,23489,34816,34816
4716,3514,34816,34816
4717,3516,34816,34816
4718,3515,34816,34816
4719,3517,34816,34816
4720,3518,34816,34816
4721,23490,34816,34816
4722,23491,34816,34816
4723,3519,34816,34816
4724,3521,34816,34816
4725,3520,34816,34816
4726,3522,34816,34816
4727,3523,34816,34816
4728,23492,34816,34816
4729,23493,34816,34816
4730,3524,34816,34816
4731,3526,34816,34816
4732,3525,34816,34816
4733,3527,34816,34816
4734,3528,34816,34816
4735,23494,34816,34816
4736,23495,34816,34816
4737,3529,34816,34816
4738,3531,34816,34816
4739,3530,34816,34816
4740,3532,34816,34816
4741,3533,34816,34816
4742,23496,34816,34816
4743,23497,34816,34816
4744,3534,34816,34816
4745,3536,34816,34816
4746,3535,34816,34816
4747,3537,34816,34816
4748,3538,34816,34816
4749,23498,34816,34816
4750,23499,34816,34816
4751,3539,34816,34816
4752,3541,34816,34816
4753,3540,34816,34816
4754,3542,34816,34816
4755,3543,34816,34816
4756,23500,34816,34816
4757,23501,34816,34816
4758,3544,34816,34816
4759,3546,34816,34816
4760,3545,34816,34816
4761,3547,34816,34816
4762,3548,34816,34816
4763,23502,34816,34816
4764,23503,34816,34816
4765,3549,34816,34816
4766,3551,34816,34816
4767,3550,34816,34816
4768,3552,34816,34816
4769,3553,34816,34816
4770,23504,34816,34816
4771,23505,34816,34816
4772,3554,34816,34816
4773,3556,34816,34816
4774,3555,34816,34816
4775,3557,34816,34816
4776,3558,34816,34816
4777,23506,34816,34816
4778,23507,34816,34816
4779,3559,34816,34816
4780,23475,34816,34816
4781,3560,34816,34816
4782,3561,34816,34816
4783,3563,34816,34816
4784,3562,34816,34816
4785,3564,34816,34816
4786,3565,34816,34816
4787,23509,34816,34816
4788,23510,34816,34816
4789,3566,34816,34816
4790,3568,34816,34816
4791,3567,34816,34816
4792,3569,34816,34816
4793,3570,34816,34816
4794,23511,34816,34816
4795,23512,34816,34816
4796,3571,34816,34816
4797,3573,34816,34816
4798,3572,34816,34816
4799,3574,34816,34816
4800,3575,34816,34816
4801,23513,34816,34816
4802,23514,34816,34816
4803,3576,34816,34816
4804,3578,34816,34816
4805,3577,34816,34816
4806,3579,34816,34816
4807,3580,34816,34816
4808,23515,34816,34816
4809,23516,34816,34816
4810,3581,34816,34816
4811,3583,34816,34816
4812,3582,34816,34816
4813,3584,34816,34816
4814,3585,34816,34816
4815,23517,34816,34816
4816,23518,34816,34816
4817,3586,34816,34816
4818,3588,34816,34816
4819,3587,34816,34816
4820,3589,34816,34816
4821,3590,34816,34816
4822,23519,34816,34816
4823,23520,34816,34816
4824,3591,34816,34816
4825,3593,34816,34816
4826,3592,34816,34816
4827,3594,34816,34816
4828,3595,34816,34816
4829,23521,34816,34816
4830,23522,34816,34816
4831,3596,34816,34816
4832,3598,34816,34816
4833,3597,34816,34816
4834,3599,34816,34816
4835,3600,34816,34816
4836,23523,34816,34816
4837,23524,34816,34816
4838,3601,34816,34816
4839,3603,34816,34816
4840,3602,34816,34816
4841,3604,34816,34816
4842,3605,34816,34816
4843,23525,34816,34816
4844,23526,34816,34816
4845,3606,34816,34816
4846,3608,34816,34816
4847,3607,34816,34816
4848,3609,34816,34816
4849,3610,34816,34816
4850,23527,34816,34816
4851,23528,34816,34816
4852,3611,34816,34816
4853,3613,34816,34816
4854,3612,34816,34816
4855,3614,34816,34816
4856,3615,34816,34816
4857,23529,34816,34816
4858,23530,34816,34816
4859,3616,34816,34816
4860,3618,34816,34816
4861,3617,34816,34816
4862,3619,34816,34816
4863,3620,34816,34816
4864,23531,34816,34816
4865,23532,34816,34816
4866,3621,34816,34816
4867,3623,34816,34816
4868,3622,34816,34816
4869,3624,34816,34816
4870,3625,34816,34816
4871,23533,34816,34816
4872,23534,34816,34816
4873,3626,34816,34816
4874,3628,34816,34816
4875,3627,34816,34816
4876,3629,34816,34816
4877,3630,34816,34816
4878,23535,34816,34816
4879,23536,34816,34816
4880,3631,34816,34816
4881,3633,34816,34816
4882,3632,34816,34816
4883,3634,34816,34816
4884,3635,34816,34816
4885,23537,34816,34816
4886,23538,34816,34816
4887,3636,34816,34816
4888,3638,34816,34816
4889,3637,34816,34816
4890,3639,34816,34816
4891,3640,34816,34816
4892,23539,34816,34816
4893,23540,34816,34816
4894,3641,34816,34816
4895,23508,34816,34816
4896,3642,34816,34816
4897,3643,34816,34816
4898,3645,34816,34816
4899,3644,34816,34816
4900,3646,34816,34816
4901,3647,34816,34816
4902,23542,34816,34816
4903,23543,34816,34816
4904,3648,34816,34816
4905,3650,34816,34816
4906,3649,34816,34816
4907,3651,34816,34816
4908,3652,34816,34816
4909,23544,34816,34816
4910,23545,34816,34816
4911,3653,34816,34816
4912,3655,34816,34816
4913,3654,34816,34816
4914,3656,34816,34816
4915,3657,34816,34816
4916,23546,34816,34816
4917,23547,34816,34816
4918,3658,34816,34816
4919,3660,34816,34816
4920,3659,34816,34816
4921,3661,34816,34816
4922,3662,34816,34816
4923,23548,34816,34816
4924,23549,34816,34816
4925,3663,34816,34816
4926,3665,34816,34816
4927,3664,34816,34816
4928,3666,34816,34816
4929,3667,34816,34816
4930,23550,34816,34816
4931,23551,34816,34816
4932,3668,34816,34816
4933,3670,34816,34816
4934,3669,34816,34816
4935,3671,34816,34816
4936,3672,34816,34816
4937,23552,34816,34816
4938,23553,34816,34816
4939,3673,34816,34816
4940,3675,34816,34816
4941,3674,34816,34816
4942,3676,34816,34816
4943,3677,34816,34816
4944,23554,34816,34816
4945,23555,34816,34816
4946,3678,34816,34816
4947,3680,34816,34816
4948,3679,34816,34816
4949,3681,34816,34816
4950,3682,34816,34816
4951,23556,34816,34816
4952,23557,34816,34816
4953,3683,34816,34816
4954,3685,34816,34816
4955,3684,34816,34816
4956,3686,34816,34816
4957,3687,34816,34816
4958,23558,34816,34816
4959,23559,34816,34816
4960,3688,34816,34816
4961,3690,34816,34816
4962,3689,34816,34816
4963,3691,34816,34816
4964,3692,34816,34816
4965,23560,34816,34816
4966,23561,34816,34816
4967,3693,34816,34816
4968,3695,34816,34816
4969,3694,34816,34816
4970,3696,34816,34816
4971,3697,34816,34816
4972,23562,34816,34816
4973,23563,34816,34816
4974,3698,34816,34816
4975,3700,34816,34816
4976,3699,34816,34816
4977,3701,34816,34816
4978,3702,34816,34816
4979,23564,34816,34816
4980,23565,34816,34816
4981,3703,34816,34816
4982,3705,34816,34816
4983,3704,34816,34816
4984,3706,34816,34816
4985,3707,34816,34816
4986,23566,34816,34816
4987,23567,34816,34816
4988,3708,34816,34816
4989,3710,34816,34816
4990,3709,34816,34816
4991,3711,34816,34816
4992,3712,34816,34816
4993,23568,34816,34816
4994,23569,34816,34816
4995,3713,34816,34816
4996,3715,34816,34816
4997,3714,34816,34816
4998,3716,34816,34816
4999,3717,34816,34816
5000,23570,34816,34816
5001,23571,34816,34816
5002,3718,34816,34816
5003,3720,34816,34816
5004,3719,34816,34816
5005,3721,34816,34816
5006,3722,34816,34816
5007,23572,34816,34816
5008,23573,34816,34816
5009,3723,34816,34816
5010,23541,34816,34816
5011,3724,34816,34816
5012,3725,34816,34816
5013,3727,34816,34816
5014,3726,34816,34816
5015,3728,34816,34816
5016,3729,34816,34816
5017,23575,34816,34816
5018,23576,34816,34816
5019,3730,34816,34816
5020,3732,34816,34816
5021,3731,34816,34816
5022,3733,34816,34816
5023,3734,34816,34816
5024,23577,34816,34816
5025,23578,34816,34816
5026,3735,34816,34816
5027,3737,34816,34816
5028,3736,34816,34816
5029,3738,34816,34816
5030,3739,34816,34816
5031,23579,34816,34816
5032,23580,34816,34816
5033,3740,34816,34816
5034,3742,34816,34816
5035,3741,34816,34816
5036,3743,34816,34816
5037,3744,34816,34816
5038,23581,34816,34816
5039,23582,34816,34816
5040,3745,34816,34816
5041,3747,34816,34816
5042,3746,34816,34816
5043,3748,34816,34816
5044,3749,34816,34816
5045,23583,34816,34816
5046,23584,34816,34816
5047,3750,34816,34816
5048,3752,34816,34816
5049,3751,34816,34816
5050,3753,34816,34816
5051,3754,34816,34816
5052,23585,34816,34816
5053,23586,34816,34816
5054,3755,34816,34816
5055,3757,34816,34816
5056,3756,34816,34816
5057,3758,34816,34816
5058,3759,34816,34816
5059,23587,34816,34816
5060,23588,34816,34816
5061,3760,34816,34816
5062,3762,34816,34816
5063,3761,34816,34816
5064,3763,34816,34816
5065,3764,34816,34816
5066,23589,34816,34816
5067,23590,34816,34816
5068,3765,34816,34816
5069,3767,34816,34816
5070,3766,34816,34816
5071,3768,34816,34816
5072,3769,34816,34816
5073,23591,34816,34816
5074,23592,34816,34816
5075,3770,34816,34816
5076,3772,34816,34816
5077,3771,34816,34816
5078,3773,34816,34816
5079,3774,34816,34816
5080,23593,34816,34816
5081,23594,34816,34816
5082,3775,34816,34816
5083,3777,34816,34816
5084,3776,34816,34816
5085,3778,34816,34816
5086,3779,34816,34816
5087,23595,34816,34816
5088,23596,34816,34816
5089,3780,34816,34816
5090,3782,34816,34816
5091,3781,34816,34816
5092,3783,34816,34816
5093,3784,34816,34816
5094,23597,34816,34816
5095,23598,34816,34816
5096,3785,34816,34816
5097,3787,34816,34816
5098,3786,34816,34816
5099,3788,34816,34816
5100,3789,34816,34816
5101,23599,34816,34816
5102,23600,34816,34816
5103,3790,34816,34816
5104,3792,34816,34816
5105,3791,34816,34816
5106,3793,34816,34816
5107,3794,34816,34816
5108,23601,34816,34816
5109,23602,34816,34816
5110,3795,34816,34816
5111,3797,34816,34816
5112,3796,34816,34816
5113,3798,34816,34816
5114,3799,34816,34816
5115,23603,34816,34816
5116,23604,34816,34816
5117,3800,34816,34816
5118,3802,34816,34816
5119,3801,34816,34816
5120,3803,34816,34816
5121,3804,34816,34816
5122,23605,34816,34816
5123,23606,34816,34816
5124,3805,34816,34816
5125,23574,34816,34816
5126,3806,34816,34816
5127,3807,34816,34816
5128,3809,34816,34816
5129,3808,34816,34816
5130,3810,34816,34816
5131,3811,34816,34816
5132,23608,34816,34816
5133,23609,34816,34816
5134,3812,34816,34816
5135,3814,34816,34816
5136,3813,34816,34816
5137,3815,34816,34816
5138,3816,34816,34816
5139,23610,34816,34816
5140,23611,34816,34816
5141,3817,34816,34816
5142,3819,34816,34816
5143,3818,34816,34816
5144,3820,34816,34816
5145,3821,34816,34816
5146,23612,34816,34816
5147,23613,34816,34816
5148,3822,34816,34816
5149,3824,34816,34816
5150,3823,34816,34816
5151,3825,34816,34816
5152,3826,34816,34816
5153,23614,34816,34816
5154,23615,34816,34816
5155,3827,34816,34816
5156,3829,34816,34816
5157,3828,34816,34816
5158,3830,34816,34816
5159,3831,34816,34816
5160,23616,34816,34816
5161,23617,34816,34816
5162,3832,34816,34816
5163,3834,34816,34816
5164,3833,34816,34816
5165,3835,34816,34816
5166,3836,34816,34816
5167,23618,34816,34816
5168,23619,34816,34816
5169,3837,34816,34816
5170,3839,34816,34816
5171,3838,34816,34816
5172,3840,34816,34816
5173,3841,34816,34816
5174,23620,34816,34816
5175,23621,34816,34816
5176,3842,34816,34816
5177,3844,34816,34816
5178,3843,34816,34816
5179,3845,34816,34816
5180,3846,34816,34816
5181,23622,34816,34816
5182,23623,34816,34816
5183,3847,34816,34816
5184,3849,34816,34816
5185,3848,34816,34816
5186,3850,34816,34816
5187,3851,34816,34816
5188,23624,34816,34816
5189,23625,34816,34816
5190,3852,34816,34816
5191,3854,34816,34816
5192,3853,34816,34816
5193,3855,34816,34816
5194,3856,34816,34816
5195,23626,34816,34816
5196,23627,34816,34816
5197,3857,34816,34816
5198,3859,34816,34816
5199,3858,34816,34816
5200,3860,34816,34816
5201,3861,34816,34816
5202,23628,34816,34816
5203,23629,34816,34816
5204,3862,34816,34816
5205,3864,34816,34816
5206,3863,34816,34816
5207,3865,34816,34816
5208,3866,34816,34816
5209,23630,34816,34816
5210,23631,34816,34816
5211,3867,34816,34816
5212,3869,34816,34816
5213,3868,34816,34816
5214,3870,34816,34816
5215,3871,34816,34816
5216,23632,34816,34816
5217,23633,34816,34816
5218,3872,34816,34816
5219,3874,34816,34816
5220,3873,34816,34816
5221,3875,34816,34816
5222,3876,34816,34816
5223,23634,34816,34816
5224,23635,34816,34816
5225,3877,34816,34816
5226,3879,34816,34816
5227,3878,34816,34816
5228,3880,34816,34816
5229,3881,34816,34816
5230,23636,34816,34816
5231,23637,34816,34816
5232,3882,34816,34816
5233,3884,34816,34816
5234,3883,34816,34816
5235,3885,34816,34816
5236,3886,34816,34816
5237,23638,34816,34816
5238,23639,34816,34816
5239,3887,34816,34816
5240,23607,34816,34816
5241,3888,34816,34816
5242,3889,34816,34816
5243,3891,34816,34816
5244,3890,34816,34816
5245,3892,34816,34816
5246,3893,34816,34816
5247,23641,34816,34816
5248,23642,34816,34816
5249,3894,34816,34816
5250,3896,34816,34816
5251,3895,34816,34816
5252,3897,34816,34816
5253,3898,34816,34816
5254,23643,34816,34816
5255,23644,34816,34816
5256,3899,34816,34816
5257,3901,34816,34816
5258,3900,34816,34816
5259,3902,34816,34816
5260,3903,34816,34816
5261,23645,34816,34816
5262,23646,34816,34816
5263,3904,34816,34816
5264,3906,34816,34816
5265,3905,34816,34816
5266,3907,34816,34816
5267,3908,34816,34816
5268,23647,34816,34816
5269,23648,34816,34816
5270,3909,34816,34816
5271,3911,34816,34816
5272,3910,34816,34816
5273,3912,34816,34816
5274,3913,34816,34816
5275,23649,34816,34816
5276,23650,34816,34816
5277,3914,34816,34816
5278,3916,34816,34816
5279,3915,34816,34816
5280,3917,34816,34816
5281,3918,34816,34816
5282,23651,34816,34816
5283,23652,34816,34816
5284,3919,34816,34816
5285,3921,34816,34816
5286,3920,34816,34816
5287,3922,34816,34816
5288,3923,34816,34816
5289,23653,34816,34816
5290,23654,34816,34816
5291,3924,34816,34816
5292,3926,34816,34816
5293,3925,34816,34816
5294,3927,34816,34816
5295,3928,34816,34816
5296,23655,34816,34816
5297,23656,34816,34816
5298,3929,34816,34816
5299,3931,34816,34816
5300,3930,34816,34816
5301,3932,34816,34816
5302,3933,34816,34816
5303,23657,34816,34816
5304,23658,34816,34816
5305,3934,34816,34816
5306,3936,34816,34816
5307,3935,34816,34816
5308,3937,34816,34816
5309,3938,34816,34816
5310,23659,34816,34816
5311,23660,34816,34816
5312,3939,34816,34816
5313,3941,34816,34816
5314,3940,34816,34816
5315,3942,34816,34816
5316,3943,34816,34816
5317,23661,34816,34816
5318,23662,34816,34816
5319,3944,34816,34816
5320,3946,34816,34816
5321,3945,34816,34816
5322,3947,34816,34816
5323,3948,34816,34816
5324,23663,34816,34816
5325,23664,34816,34816
5326,3949,34816,34816
5327,3951,34816,34816
5328,3950,34816,34816
5329,3952,34816,34816
5330,3953,34816,34816
5331,23665,34816,34816
5332,23666,34816,34816
5333,3954,34816,34816
5334,3956,34816,34816
5335,3955,34816,34816
5336,3957,34816,34816
5337,3958,34816,34816
5338,23667,34816,34816
5339,23668,34816,34816
5340,3959,34816,34816
5341,3961,34816,34816
5342,3960,34816,34816
5343,3962,34816,34816
5344,3963,34816,34816
5345,23669,34816,34816
5346,23670,34816,34816
5347,3964,34816,34816
5348,3966,34816,34816
5349,3965,34816,34816
5350,3967,34816,34816
5351,3968,34816,34816
5352,23671,34816,34816
5353,23672,34816,34816
5354,3969,34816,34816
5355,23640,34816,34816
5356,3970,34816,34816
5357,3971,34816,34816
5358,3973,34816,34816
5359,3972,34816,34816
5360,3974,34816,34816
5361,3975,34816,34816
5362,23674,34816,34816
5363,23675,34816,34816
5364,3976,34816,34816
5365,3978,34816,34816
5366,3977,34816,34816
5367,3979,34816,34816
5368,3980,34816,34816
5369,23676,34816,34816
5370,23677,34816,34816
5371,3981,34816,34816
5372,3983,34816,34816
5373,3982,34816,34816
5374,3984,34816,34816
5375,3985,34816,34816
5376,23678,34816,34816
5377,23679,34816,34816
5378,3986,34816,34816
5379,3988,34816,34816
5380,3987,34816,34816
5381,3989,34816,34816
5382,3990,34816,34816
5383,23680,34816,34816
5384,23681,34816,34816
5385,3991,34816,34816
5386,3993,34816,34816
5387,3992,34816,34816
5388,3994,34816,34816
5389,3995,34816,34816
5390,23682,34816,34816
5391,23683,34816,34816
5392,3996,34816,34816
5393,3998,34816,34816
5394,3997,34816,34816
5395,3999,34816,34816
5396,4000,34816,34816
5397,23684,34816,34816
5398,23685,34816,34816
5399,4001,34816,34816
5400,4003,34816,34816
5401,4002,34816,34816
5402,4004,34816,34816
5403,4005,34816,34816
5404,23686,34816,34816
5405,23687,34816,34816
5406,4006,34816,34816
5407,4008,34816,34816
5408,4007,34816,34816
5409,4009,34816,34816
5410,4010,34816,34816
5411,23688,34816,34816
5412,23689,34816,34816
5413,4011,34816,34816
5414,4013,34816,34816
5415,4012,34816,34816
5416,4014,34816,34816
5417,4015,34816,34816
5418,23690,34816,34816
5419,23691,34816,34816
5420,4016,34816,34816
5421,4018,34816,34816
5422,4017,34816,34816
5423,4019,34816,34816
5424,4020,34816,34816
5425,23692,34816,34816
5426,23693,34816,34816
5427,4021,34816,34816
5428,4023,34816,34816
5429,4022,34816,34816
5430,4024,34816,34816
5431,4025,34816,34816
5432,23694,34816,34816
5433,23695,34816,34816
5434,4026,34816,34816
5435,4028,34816,34816
5436,4027,34816,34816
5437,4029,34816,34816
5438,4030,34816,34816
5439,23696,34816,34816
5440,23697,34816,34816
5441,4031,34816,34816
5442,4033,34816,34816
5443,4032,34816,34816
5444,4034,34816,34816
5445,4035,34816,34816
5446,23698,34816,34816
5447,23699,34816,34816
5448,4036,34816,34816
5449,4038,34816,34816
5450,4037,34816,34816
5451,4039,34816,34816
5452,4040,34816,34816
5453,23700,34816,34816
5454,23701,34816,34816
5455,4041,34816,34816
5456,4043,34816,34816
5457,4042,34816,34816
5458,4044,34816,34816
5459,4045,34816,34816
5460,23702,34816,34816
5461,23703,34816,34816
5462,4046,34816,34816
5463,4048,34816,34816
5464,4047,34816,34816
5465,4049,34816,34816
5466,4050,34816,34816
5467,23704,34816,34816
5468,23705,34816,34816
5469,4051,34816,34816
5470,23673,34816,34816
5471,4052,34816,34816
5472,4053,34816,34816
5473,4055,34816,34816
5474,4054,34816,34816
5475,4056,34816,34816
5476,4057,34816,34816
5477,23707,34816,34816
5478,23708,34816,34816
5479,4058,34816,34816
5480,4060,34816,34816
5481,4059,34816,34816
5482,4061,34816,34816
5483,4062,34816,34816
5484,23709,34816,34816
5485,23710,34816,34816
5486,4063,34816,34816
5487,4065,34816,34816
5488,4064,34816,34816
5489,4066,34816,34816
5490,4067,34816,34816
5491,23711,34816,34816
5492,23712,34816,34816
5493,4068,34816,34816
5494,4070,34816,34816
5495,4069,34816,34816
5496,4071,34816,34816
5497,4072,34816,34816
5498,23713,34816,34816
5499,23714,34816,34816
5500,4073,34816,34816
5501,4075,34816,34816
5502,4074,34816,34816
5503,4076,34816,34816
5504,4077,34816,34816
5505,23715,34816,34816
5506,23716,34816,34816
5507,4078,34816,34816
5508,4080,34816,34816
5509,4079,34816,34816
5510,4081,34816,34816
5511,4082,34816,34816
5512,23717,34816,34816
5513,23718,34816,34816
5514,4083,34816,34816
5515,4085,34816,34816
5516,4084,34816,34816
5517,4086,34816,34816
5518,4087,34816,34816
5519,23719,34816,34816
5520,23720,34816,34816
5521,4088,34816,34816
5522,4090,34816,34816
5523,4089,34816,34816
5524,4091,34816,34816
5525,4092,34816,34816
5526,23721,34816,34816
5527,23722,34816,34816
5528,4093,34816,34816
5529,4095,34816,34816
5530,4094,34816,34816
5531,4096,34816,34816
5532,4097,34816,34816
5533,23723,34816,34816
5534,23724,34816,34816
5535,4098,34816,34816
5536,4100,34816,34816
5537,4099,34816,34816
5538,4101,34816,34816
5539,4102,34816,34816
5540,23725,34816,34816
5541,23726,34816,34816
5542,4103,34816,34816
5543,4105,34816,34816
5544,4104,34816,34816
5545,4106,34816,34816
5546,4107,34816,34816
5547,23727,34816,34816
5548,23728,34816,34816
5549,4108,34816,34816
5550,4110,34816,34816
5551,4109,34816,34816
5552,4111,34816,34816
5553,4112,34816,34816
5554,23729,34816,34816
5555,23730,34816,34816
5556,4113,34816,34816
5557,4115,34816,34816
5558,4114,34816,34816
5559,4116,34816,34816
5560,4117,34816,34816
5561,23731,34816,34816
5562,23732,34816,34816
5563,4118,34816,34816
5564,4120,34816,34816
5565,4119,34816,34816
5566,4121,34816,34816
5567,4122,34816,34816
5568,23733,34816,34816
5569,23734,34816,34816
5570,4123,34816,34816
5571,4125,34816,34816
5572,4124,34816,34816
5573,4126,34816,34816
5574,4127,34816,34816
5575,23735,34816,34816
5576,23736,34816,34816
5577,4128,34816,34816
5578,4130,34816,34816
5579,4129,34816,34816
5580,4131,34816,34816
5581,4132,34816,34816
5582,23737,34816,34816
5583,23738,34816,34816
5584,4133,34816,34816
5585,23706,34816,34816
5586,4134,34816,34816
5587,4135,34816,34816
5588,4137,34816,34816
5589,4136,34816,34816
5590,4138,34816,34816
5591,4139,34816,34816
5592,23740,34816,34816
5593,23741,34816,34816
5594,4140,34816,34816
5595,4142,34816,34816
5596,4141,34816,34816
5597,4143,34816,34816
5598,4144,34816,34816
5599,23742,34816,34816
5600,23743,34816,34816
5601,4145,34816,34816
5602,4147,34816,34816
5603,4146,34816,34816
5604,4148,34816,34816
5605,4149,34816,34816
5606,23744,34816,34816
5607,23745,34816,34816
5608,4150,34816,34816
5609,4152,34816,34816
5610,4151,34816,34816
5611,4153,34816,34816
5612,4154,34816,34816
5613,23746,34816,34816
5614,23747,34816,34816
5615,4155,34816,34816
5616,4157,34816,34816
5617,4156,34816,34816
5618,4158,34816,34816
5619,4159,34816,34816
5620,23748,34816,34816
5621,23749,34816,34816
5622,4160,34816,34816
5623,4162,34816,34816
5624,4161,34816,34816
5625,4163,34816,34816
5626,4164,34816,34816
5627,23750,34816,34816
5628,23751,34816,34816
5629,4165,34816,34816
5630,4167,34816,34816
5631,4166,34816,34816
5632,4168,34816,34816
5633,4169,34816,34816
5634,23752,34816,34816
5635,23753,34816,34816
5636,4170,34816,34816
5637,4172,34816,34816
5638,4171,34816,34816
5639,4173,34816,34816
5640,4174,34816,34816
5641,23754,34816,34816
5642,23755,34816,34816
5643,4175,34816,34816
5644,4177,34816,34816
5645,4176,34816,34816
5646,4178,34816,34816
5647,4179,34816,34816
5648,23756,34816,34816
5649,23757,34816,34816
5650,4180,34816,34816
5651,4182,34816,34816
5652,4181,34816,34816
5653,4183,34816,34816
5654,4184,34816,34816
5655,23758,34816,34816
5656,23759,34816,34816
5657,4185,34816,34816
5658,4187,34816,34816
5659,4186,34816,34816
5660,4188,34816,34816
5661,4189,34816,34816
5662,23760,34816,34816
5663,23761,34816,34816
5664,4190,34816,34816
5665,4192,34816,34816
5666,4191,34816,34816
5667,4193,34816,34816
5668,4194,34816,34816
5669,23762,34816,34816
5670,23763,34816,34816
5671,4195,34816,34816
5672,4197,34816,34816
5673,4196,34816,34816
5674,4198,34816,34816
5675,4199,34816,34816
5676,23764,34816,34816
5677,23765,34816,34816
5678,4200,34816,34816
5679,4202,34816,34816
5680,4201,34816,34816
5681,4203,34816,34816
5682,4204,34816,34816
5683,23766,34816,34816
5684,23767,34816,34816
5685,4205,34816,34816
5686,4207,34816,34816
5687,4206,34816,34816
5688,4208,34816,34816
5689,4209,34816,34816
5690,23768,34816,34816
5691,23769,34816,34816
5692,4210,34816,34816
5693,4212,34816,34816
5694,4211,34816,34816
5695,4213,34816,34816
5696,4214,34816,34816
5697,23770,34816,34816
5698,23771,34816,34816
5699,4215,34816,34816
5700,23739,34816,34816
5701,4216,34816,34816
5702,4217,34816,34816
5703,4219,34816,34816
5704,4218,34816,34816
5705,4220,34816,34816
5706,4221,34816,34816
5707,23773,34816,34816
5708,23774,34816,34816
5709,4222,34816,34816
5710,4224,34816,34816
5711,4223,34816,34816
5712,4225,34816,34816
5713,4226,34816,34816
5714,23775,34816,34816
5715,23776,34816,34816
5716,4227,34816,34816
5717,4229,34816,34816
5718,4228,34816,34816
5719,4230,34816,34816
5720,4231,34816,34816
5721,23777,34816,34816
5722,23778,34816,34816
5723,4232,34816,34816
5724,4234,34816,34816
5725,4233,34816,34816
5726,4235,34816,34816
5727,4236,34816,34816
5728,23779,34816,34816
5729,23780,34816,34816
5730,4237,34816,34816
5731,4239,34816,34816
5732,4238,34816,34816
5733,4240,34816,34816
5734,4241,34816,34816
5735,23781,34816,34816
5736,23782,34816,34816
5737,4242,34816,34816
5738,4244,34816,34816
5739,4243,34816,34816
5740,4245,34816,34816
5741,4246,34816,34816
5742,23783,34816,34816
5743,23784,34816,34816
5744,4247,34816,34816
5745,4249,34816,34816
5746,4248,34816,34816
5747,4250,34816,34816
5748,4251,34816,34816
5749,23785,34816,34816
5750,23786,34816,34816
5751,4252,34816,34816
5752,4254,34816,34816
5753,4253,34816,34816
5754,4255,34816,34816
5755,4256,34816,34816
5756,23787,34816,34816
5757,23788,34816,34816
5758,4257,34816,34816
5759,4259,34816,34816
5760,4258,34816,34816
5761,4260,34816,34816
5762,4261,34816,34816
5763,23789,34816,34816
5764,23790,34816,34816
5765,4262,34816,34816
5766,4264,34816,34816
5767,4263,34816,34816
5768,4265,34816,34816
5769,4266,34816,34816
5770,23791,34816,34816
5771,23792,34816,34816
5772,4267,34816,34816
5773,4269,34816,34816
5774,4268,34816,34816
5775,4270,34816,34816
5776,4271,34816,34816
5777,23793,34816,34816
5778,23794,34816,34816
5779,4272,34816,34816
5780,4274,34816,34816
5781,4273,34816,34816
5782,4275,34816,34816
5783,4276,34816,34816
5784,23795,34816,34816
5785,23796,34816,34816
5786,4277,34816,34816
5787,4279,34816,34816
5788,4278,34816,34816
5789,4280,34816,34816
5790,4281,34816,34816
5791,23797,34816,34816
5792,23798,34816,34816
5793,4282,34816,34816
5794,4284,34816,34816
5795,4283,34816,34816
5796,4285,34816,34816
5797,4286,34816,34816
5798,23799,34816,34816
5799,23800,34816,34816
5800,4287,34816,34816
5801,4289,34816,34816
5802,4288,34816,34816
5803,4290,34816,34816
5804,4291,34816,34816
5805,23801,34816,34816
5806,23802,34816,34816
5807,4292,34816,34816
5808,4294,34816,34816
5809,4293,34816,34816
5810,4295,34816,34816
5811,4296,34816,34816
5812,23803,34816,34816
5813,23804,34816,34816
5814,4297,34816,34816
5815,23772,34816,34816
5816,4298,34816,34816
5817,4299,34816,34816
5818,4301,34816,34816
5819,4300,34816,34816
5820,4302,34816,34816
5821,4303,34816,34816
5822,23806,34816,34816
5823,23807,34816,34816
5824,4304,34816,34816
5825,4306,34816,34816
5826,4305,34816,34816
5827,4307,34816,34816
5828,4308,34816,34816
5829,23808,34816,34816
5830,23809,34816,34816
5831,4309,34816,34816
5832,4311,34816,34816
5833,4310,34816,34816
5834,4312,34816,34816
5835,4313,34816,34816
5836,23810,34816,34816
5837,23811,34816,34816
5838,4314,34816,34816
5839,4316,34816,34816
5840,4315,34816,34816
5841,4317,34816,34816
5842,4318,34816,34816
5843,23812,34816,34816
5844,23813,34816,34816
5845,4319,34816,34816
5846,4321,34816,34816
5847,4320,34816,34816
5848,4322,34816,34816
5849,4323,34816,34816
5850,23814,34816,34816
5851,23815,34816,34816
5852,4324,34816,34816
5853,4326,34816,34816
5854,4325,34816,34816
5855,4327,34816,34816
5856,4328,34816,34816
5857,23816,34816,34816
5858,23817,34816,34816
5859,4329,34816,34816
5860,4331,34816,34816
5861,4330,34816,34816
5862,4332,34816,34816
5863,4333,34816,34816
5864,23818,34816,34816
5865,23819,34816,34816
5866,4334,34816,34816
5867,4336,34816,34816
5868,4335,34816,34816
5869,4337,34816,34816
5870,4338,34816,34816
5871,23820,34816,34816
5872,23821,34816,34816
5873,4339,34816,34816
5874,4341,34816,34816
5875,4340,34816,34816
5876,4342,34816,34816
5877,4343,34816,34816
5878,23822,34816,34816
5879,23823,34816,34816
5880,4344,34816,34816
5881,4346,34816,34816
5882,4345,34816,34816
5883,4347,34816,34816
5884,4348,34816,34816
5885,23824,34816,34816
5886,23825,34816,34816
5887,4349,34816,34816
5888,4351,34816,34816
5889,4350,34816,34816
5890,4352,34816,34816
5891,4353,34816,34816
5892,23826,34816,34816
5893,23827,34816,34816
5894,4354,34816,34816
5895,4356,34816,34816
5896,4355,34816,34816
5897,4357,34816,34816
5898,4358,34816,34816
5899,23828,34816,34816
5900,23829,34816,34816
5901,4359,34816,34816
5902,4361,34816,34816
5903,4360,34816,34816
5904,4362,34816,34816
5905,4363,34816,34816
5906,23830,34816,34816
5907,23831,34816,34816
5908,4364,34816,34816
5909,4366,34816,34816
5910,4365,34816,34816
5911,4367,34816,34816
5912,4368,34816,34816
5913,23832,34816,34816
5914,23833,34816,34816
5915,4369,34816,34816
5916,4371,34816,34816
5917,4370,34816,34816
5918,4372,34816,34816
5919,4373,34816,34816
5920,23834,34816,34816
5921,23835,34816,34816
5922,4374,34816,34816
5923,4376,34816,34816
5924,4375,34816,34816
5925,4377,34816,34816
5926,4378,34816,34816
5927,23836,34816,34816
5928,23837,34816,34816
5929,4379,34816,34816
5930,23805,34816,34816
5931,4380,34816,34816
5932,4381,34816,34816
5933,4383,34816,34816
5934,4382,34816,34816
5935,4384,34816,34816
5936,4385,34816,34816
5937,23839,34816,34816
5938,23840,34816,34816
5939,4386,34816,34816
5940,4388,34816,34816
5941,4387,34816,34816
5942,4389,34816,34816
5943,4390,34816,34816
5944,23841,34816,34816
5945,23842,34816,34816
5946,4391,34816,34816
5947,4393,34816,34816
5948,4392,34816,34816
5949,4394,34816,34816
5950,4395,34816,34816
5951,23843,34816,34816
5952,23844,34816,34816
5953,4396,34816,34816
5954,4398,34816,34816
5955,4397,34816,34816
5956,4399,34816,34816
5957,4400,34816,34816
5958,23845,34816,34816
5959,23846,34816,34816
5960,4401,34816,34816
5961,4403,34816,34816
5962,4402,34816,34816
5963,4404,34816,34816
5964,4405,34816,34816
5965,23847,34816,34816
5966,23848,34816,34816
5967,4406,34816,34816
5968,4408,34816,34816
5969,4407,34816,34816
5970,4409,34816,34816
5971,4410,34816,34816
5972,23849,34816,34816
5973,23850,34816,34816
5974,4411,34816,34816
5975,4413,34816,34816
5976,4412,34816,34816
5977,4414,34816,34816
5978,4415,34816,34816
5979,23851,34816,34816
5980,23852,34816,34816
5981,4416,34816,34816
5982,4418,34816,34816
5983,4417,34816,34816
5984,4419,34816,34816
5985,4420,34816,34816
5986,23853,34816,34816
5987,23854,34816,34816
5988,4421,34816,34816
5989,4423,34816,34816
5990,4422,34816,34816
5991,4424,34816,34816
5992,4425,34816,34816
5993,23855,34816,34816
5994,23856,34816,34816
5995,4426,34816,34816
5996,4428,34816,34816
5997,4427,34816,34816
5998,4429,34816,34816
5999,4430,34816,34816
6000,23857,34816,34816
6001,23858,34816,34816
6002,4431,34816,34816
6003,4433,34816,34816
6004,4432,34816,34816
6005,4434,34816,34816
6006,4435,34816,34816
6007,23859,34816,34816
6008,23860,34816,34816
6009,4436,34816,34816
6010,4438,34816,34816
6011,4437,34816,34816
6012,4439,34816,34816
6013,4440,34816,34816
6014,23861,34816,34816
6015,23862,34816,34816
6016,4441,34816,34816
6017,4443,34816,34816
6018,4442,34816,34816
6019,4444,34816,34816
6020,4445,34816,34816
6021,23863,34816,34816
6022,23864,34816,34816
6023,4446,34816,34816
6024,4448,34816,34816
6025,4447,34816,34816
6026,4449,34816,34816
6027,4450,34816,34816
6028,23865,34816,34816
6029,23866,34816,34816
6030,4451,34816,34816
6031,4453,34816,34816
6032,4452,34816,34816
6033,4454,34816,34816
6034,4455,34816,34816
6035,23867,34816,34816
6036,23868,34816,34816
6037,4456,34816,34816
6038,4458,34816,34816
6039,4457,34816,34816
6040,4459,34816,34816
6041,4460,34816,34816
6042,23869,34816,34816
6043,23870,34816,34816
6044,4461,34816,34816
6045,23838,34816,34816
6046,4462,34816,34816
6047,4463,34816,34816
6048,4465,34816,34816
6049,23361,34688,34816
6050,4464,34688,34816
6051,4466,34688,34816
6052,4467,34688,34816
6053,23872,34688,34816
6054,23873,34688,34816
6055,4468,34688,34816
6056,4470,34688,34816
6057,23364,34560,34816
6058,4469,34560,34816
6059,4471,34560,34816
6060,4472,34560,34816
6061,23874,34560,34816
6062,23875,34560,34816
6063,4473,34560,34816
6064,4475,34560,34816
6065,23367,34432,34816
6066,4474,34432,34816
6067,4476,34432,34816
6068,4477,34432,34816
6069,23876,34432,34816
6070,23877,34432,34816
6071,4478,34432,34816
6072,4480,34432,34816
6073,23370,34304,34816
6074,4479,34304,34816
6075,4481,34304,34816
6076,4482,34304,34816
6077,23878,34304,34816
6078,23879,34304,34816
6079,4483,34304,34816
6080,4485,34304,34816
6081,23373,34176,34816
6082,4484,34176,34816
6083,4486,34176,34816
6084,4487,34176,34816
6085,23880,34176,34816
6086,23881,34176,34816
6087,4488,34176,34816
6088,4490,34176,34816
6089,23376,34048,34816
6090,4489,34048,34816
6091,4491,34048,34816
6092,4492,34048,34816
6093,23882,34048,34816
6094,23883,34048,34816
6095,4493,34048,34816
6096,4495,34048,34816
6097,23379,33920,34816
6098,4494,33920,34816
6099,4496,33920,34816
6100,4497,33920,34816
6101,23884,33920,34816
6102,23885,33920,34816
6103,4498,33920,34816
6104,4500,33920,34816
6105,23382,33792,34816
6106,4499,33792,34816
6107,4501,33792,34816
6108,4502,33792,34816
6109,23886,33792,34816
6110,23887,33792,34816
6111,4503,33792,34816
6112,4505,33792,34816
6113,23385,33664,34816
6114,4504,33664,34816
6115,4506,33664,34816
6116,4507,33664,34816
6117,23888,33664,34816
6118,23889,33664,34816
6119,4508,33664,34816
6120,4510,33664,34816
6121,23388,33536,34816
6122,4509,33536,34816
6123,4511,33536,34816
6124,4512,33536,34816
6125,23890,33536,34816
6126,23891,33536,34816
6127,4513,33536,34816
6128,4515,33536,34816
6129,23391,33408,34816
6130,4514,33408,34816
6131,4516,33408,34816
6132,4517,33408,34816
6133,23892,33408,34816
6134,23893,33408,34816
6135,4518,33408,34816
6136,4520,33408,34816
6137,23394,33280,34816
6138,4519,33280,34816
6139,4521,33280,34816
6140,4522,33280,34816
6141,23894,33280,34816
6142,23895,33280,34816
6143,4523,33280,34816
6144,4525,33280,34816
6145,23397,33152,34816
6146,4524,33152,34816
6147,4526,33152,34816
6148,4527,33152,34816
6149,23896,33152,34816
6150,23897,33152,34816
6151,4528,33152,34816
6152,4530,33152,34816
6153,23400,33024,34816
6154,4529,33024,34816
6155,4531,33024,34816
6156,4532,33024,34816
6157,23898,33024,34816
6158,23899,33024,34816
6159,4533,33024,34816
6160,4535,33024,34816
6161,23403,32896,34816
6162,4534,32896,34816
6163,4536,32896,34816
6164,4537,32896,34816
6165,23900,32896,34816
6166,23901,32896,34816
6167,4538,32896,34816
6168,4540,32896,34816
6169,23406,32768,34816
6170,4539,32768,34816
6171,4541,32768,34816
6172,4542,32768,34816
6173,23902,32768,34816
6174,23903,32768,34816
6175,4543,32768,34816
6176,23871,32768,34816
6177,4544,32768,34816
6178,4547,32768,34816
6179,4548,32768,34816
6180,4550,32768,34816
6181,4545,32896,34816
6182,4546,32896,34816
6183,4549,32896,34816
6184,4551,32896,34816
6185,23906,32896,34816
6186,23907,32896,34816
6187,4554,32896,34816
6188,4555,32896,34816
6189,4557,32896,34816
6190,4552,33024,34816
6191,4553,33024,34816
6192,4556,33024,34816
6193,4558,33024,34816
6194,23909,33024,34816
6195,23910,33024,34816
6196,4561,33024,34816
6197,4562,33024,34816
6198,4564,33024,34816
6199,4559,33152,34816
6200,4560,33152,34816
6201,4563,33152,34816
6202,4565,33152,34816
6203,23912,33152,34816
6204,23913,33152,34816
6205,4568,33152,34816
6206,4569,33152,34816
6207,4571,33152,34816
6208,4566,33280,34816
6209,4567,33280,34816
6210,4570,33280,34816
6211,4572,33280,34816
6212,23915,33280,34816
6213,23916,33280,34816
6214,4575,33280,34816
6215,4576,33280,34816
6216,4578,33280,34816
6217,4573,33408,34816
6218,4574,33408,34816
6219,4577,33408,34816
6220,4579,33408,34816
6221,23918,33408,34816
6222,23919,33408,34816
6223,4582,33408,34816
6224,4583,33408,34816
6225,4585,33408,34816
6226,4580,33536,34816
6227,4581,33536,34816
6228,4584,33536,34816
6229,4586,33536,34816
6230,23921,33536,34816
6231,23922,33536,34816
6232,4589,33536,34816
6233,4590,33536,34816
6234,4592,33536,34816
6235,4587,33664,34816
6236,4588,33664,34816
6237,4591,33664,34816
6238,4593,33664,34816
6239,23924,33664,34816
6240,23925,33664,34816
6241,4596,33664,34816
6242,4597,33664,34816
6243,4599,33664,34816
6244,4594,33792,34816
6245,4595,33792,34816
6246,4598,33792,34816
6247,4600,33792,34816
6248,23927,33792,34816
6249,23928,33792,34816
6250,4603,33792,34816
6251,4604,33792,34816
6252,4606,33792,34816
6253,4601,33920,34816
6254,4602,33920,34816
6255,4605,33920,34816
6256,4607,33920,34816
6257,23930,33920,34816
6258,23931,33920,34816
6259,4610,33920,34816
6260,4611,33920,34816
6261,4613,33920,34816
6262,4608,34048,34816
6263,4609,34048,34816
6264,4612,34048,34816
6265,4614,34048,34816
6266,23933,34048,34816
6267,23934,34048,34816
6268,4617,34048,34816
6269,4618,34048,34816
6270,4620,34048,34816
6271,4615,34176,34816
6272,4616,34176,34816
6273,4619,34176,34816
6274,4621,34176,34816
6275,23936,34176,34816
6276,23937,34176,34816
6277,4624,34176,34816
6278,4625,34176,34816
6279,4627,34176,34816
6280,4622,34304,34816
6281,4623,34304,34816
6282,4626,34304,34816
6283,4628,34304,34816
6284,23939,34304,34816
6285,23940,34304,34816
6286,4631,34304,34816
6287,4632,34304,34816
6288,4634,34304,34816
6289,4629,34432,34816
6290,4630,34432,34816
6291,4633,34432,34816
6292,4635,34432,34816
6293,23942,34432,34816
6294,23943,34432,34816
6295,4638,34432,34816
6296,4639,34432,34816
6297,4641,34432,34816
6298,4636,34560,34816
6299,4637,34560,34816
6300,4640,34560,34816
6301,4642,34560,34816
6302,23945,34560,34816
6303,23946,34560,34816
6304,4645,34560,34816
6305,4646,34560,34816
6306,4648,34560,34816
6307,4643,34688,34816
6308,4644,34688,34816
6309,4647,34688,34816
6310,4649,34688,34816
6311,23948,34688,34816
6312,23949,34688,34816
6313,4652,34688,34816
6314,4653,34688,34816
6315,4655,34688,34816
6316,4650,34816,34816
6317,4651,34816,34816
6318,4654,34816,34816
6319,4656,34816,34816
6320,23951,34816,34816
6321,23952,34816,34816
6322,4657,34816,34816
6323,23904,34816,34816
6324,4658,34816,34816
6325,4659,34816,34816
6326,4661,34816,34816
6327,4660,34816,34816
6328,4662,34816,34816
6329,4663,34816,34816
6330,23954,34816,34816
6331,23955,34816,34816
6332,4664,34816,34816
6333,4666,34816,34816
6334,4665,34816,34816
6335,4667,34816,34816
6336,4668,34816,34816
6337,23956,34816,34816
6338,23957,34816,34816
6339,4669,34816,34816
6340,4671,34816,34816
6341,4670,34816,34816
6342,4672,34816,34816
6343,4673,34816,34816
6344,23958,34816,34816
6345,23959,34816,34816
6346,4674,34816,34816
6347,4676,34816,34816
6348,4675,34816,34816
6349,4677,34816,34816
6350,4678,34816,34816
6351,23960,34816,34816
6352,23961,34816,34816
6353,4679,34816,34816
6354,4681,34816,34816
6355,4680,34816,34816
6356,4682,34816,34816
6357,4683,34816,34816
6358,23962,34816,34816
6359,23963,34816,34816
6360,4684,34816,34816
6361,4686,34816,34816
6362,4685,34816,34816
6363,4687,34816,34816
6364,4688,34816,34816
6365,23964,34816,34816
6366,23965,34816,34816
6367,4689,34816,34816
6368,4691,34816,34816
6369,4690,34816,34816
6370,4692,34816,34816
6371,4693,34816,34816
6372,23966,34816,34816
6373,23967,34816,34816
6374,4694,34816,34816
6375,4696,34816,34816
6376,4695,34816,34816
6377,4697,34816,34816
6378,4698,34816,34816
6379,23968,34816,34816
6380,23969,34816,34816
6381,4699,34816,34816
6382,4701,34816,34816
6383,4700,34816,34816
6384,4702,34816,34816
6385,4703,34816,34816
6386,23970,34816,34816
6387,23971,34816,34816
6388,4704,34816,34816
6389,4706,34816,34816
6390,4705,34816,34816
6391,4707,34816,34816
6392,4708,34816,34816
6393,23972,34816,34816
6394,23973,34816,34816
6395,4709,34816,34816
6396,4711,34816,34816
6397,4710,34816,34816
6398,4712,34816,34816
6399,4713,34816,34816
6400,23974,34816,34816
6401,23975,34816,34816
6402,4714,34816,34816
6403,4716,34816,34816
6404,4715,34816,34816
6405,4717,34816,34816
6406,4718,34816,34816
6407,23976,34816,34816
6408,23977,34816,34816
6409,4719,34816,34816
6410,4721,34816,34816
6411,4720,34816,34816
6412,4722,34816,34816
6413,4723,34816,34816
6414,23978,34816,34816
6415,23979,34816,34816
6416,4724,34816,34816
6417,4726,34816,34816
6418,4725,34816,34816
6419,4727,34816,34816
6420,4728,34816,34816
6421,23980,34816,34816
6422,23981,34816,34816
6423,4729,34816,34816
6424,4731,34816,34816
6425,4730,34816,34816
6426,4732,34816,34816
6427,4733,34816,34816
6428,23982,34816,34816
6429,23983,34816,34816
6430,4734,34816,34816
6431,4736,34816,34816
6432,4735,34816,34816
6433,4737,34816,34816
6434,4738,34816,34816
6435,23984,34816,34816
6436,23985,34816,34816
6437,4739,34816,34816
6438,23953,34816,34816
6439,4740,34816,34816
6440,4741,34816,34816
6441,4743,34816,34816
6442,4742,34816,34816
6443,4744,34816,34816
6444,4745,34816,34816
6445,23987,34816,34816
6446,23988,34816,34816
6447,4746,34816,34816
6448,4748,34816,34816
6449,4747,34816,34816
6450,4749,34816,34816
6451,4750,34816,34816
6452,23989,34816,34816
6453,23990,34816,34816
6454,4751,34816,34816
6455,4753,34816,34816
6456,4752,34816,34816
6457,4754,34816,34816
6458,4755,34816,34816
6459,23991,34816,34816
6460,23992,34816,34816
6461,4756,34816,34816
6462,4758,34816,34816
6463,4757,34816,34816
6464,4759,34816,34816
6465,4760,34816,34816
6466,23993,34816,34816
6467,23994,34816,34816
6468,4761,34816,34816
6469,4763,34816,34816
6470,4762,34816,34816
6471,4764,34816,34816
6472,4765,34816,34816
6473,23995,34816,34816
6474,23996,34816,34816
6475,4766,34816,34816
6476,4768,34816,34816
6477,4767,34816,34816
6478,4769,34816,34816
6479,4770,34816,34816
6480,23997,34816,34816
6481,23998,34816,34816
6482,4771,34816,34816
6483,4773,34816,34816
6484,4772,34816,34816
6485,4774,34816,34816
6486,4775,34816,34816
6487,23999,34816,34816
6488,24000,34816,34816
6489,4776,34816,34816
6490,4778,34816,34816
6491,4777,34816,34816
6492,4779,34816,34816
6493,4780,34816,34816
6494,24001,34816,34816
6495,24002,34816,34816
6496,4781,34816,34816
6497,4783,34816,34816
6498,4782,34816,34816
6499,4784,34816,34816
6500,4785,34816,34816
6501,24003,34816,34816
6502,24004,34816,34816
6503,4786,34816,34816
6504,4788,34816,34816
6505,4787,34816,34816
6506,4789,34816,34816
6507,4790,34816,34816
6508,24005,34816,34816
6509,24006,34816,34816
6510,4791,34816,34816
6511,4793,34816,34816
6512,4792,34816,34816
6513,4794,34816,34816
6514,4795,34816,34816
6515,24007,34816,34816
6516,24008,34816,34816
6517,4796,34816,34816
6518,4798,34816,34816
6519,4797,34816,34816
6520,4799,34816,34816
6521,4800,34816,34816
6522,24009,34816,34816
6523,24010,34816,34816
6524,4801,34816,34816
6525,4803,34816,34816
6526,4802,34816,34816
6527,4804,34816,34816
6528,4805,34816,34816
6529,24011,34816,34816
6530,24012,34816,34816
6531,4806,34816,34816
6532,4808,34816,34816
6533,4807,34816,34816
6534,4809,34816,34816
6535,4810,34816,34816
6536,24013,34816,34816
6537,24014,34816,34816
6538,4811,34816,34816
6539,4813,34816,34816
6540,4812,34816,34816
6541,4814,34816,34816
6542,4815,34816,34816
6543,24015,34816,34816
6544,24016,34816,34816
6545,4816,34816,34816
6546,4818,34816,34816
6547,4817,34816,34816
6548,4819,34816,34816
6549,4820,34816,34816
6550,24017,34816,34816
6551,24018,34816,34816
6552,4821,34816,34816
6553,23986,34816,34816
6554,4822,34816,34816
6555,4823,34816,34816
6556,4825,34816,34816
6557,4824,34816,34816
6558,4826,34816,34816
6559,4827,34816,34816
6560,24020,34816,34816
6561,24021,34816,34816
6562,4828,34816,34816
6563,4830,34816,34816
6564,4829,34816,34816
6565,4831,34816,34816
6566,4832,34816,34816
6567,24022,34816,34816
6568,24023,34816,34816
6569,4833,34816,34816
6570,4835,34816,34816
6571,4834,34816,34816
6572,4836,34816,34816
6573,4837,34816,34816
6574,24024,34816,34816
6575,24025,34816,34816
6576,4838,34816,34816
6577,4840,34816,34816
6578,4839,34816,34816
6579,4841,34816,34816
6580,4842,34816,34816
6581,24026,34816,34816
6582,24027,34816,34816
6583,4843,34816,34816
6584,4845,34816,34816
6585,4844,34816,34816
6586,4846,34816,34816
6587,4847,34816,34816
6588,24028,34816,34816
6589,24029,34816,34816
6590,4848,34816,34816
6591,4850,34816,34816
6592,4849,34816,34816
6593,4851,34816,34816
6594,4852,34816,34816
6595,24030,34816,34816
6596,24031,34816,34816
6597,4853,34816,34816
6598,4855,34816,34816
6599,4854,34816,34816
6600,4856,34816,34816
6601,4857,34816,34816
6602,24032,34816,34816
6603,24033,34816,34816
6604,4858,34816,34816
6605,4860,34816,34816
6606,4859,34816,34816
6607,4861,34816,34816
6608,4862,34816,34816
6609,24034,34816,34816
6610,24035,34816,34816
6611,4863,34816,34816
6612,4865,34816,34816
6613,4864,34816,34816
6614,4866,34816,34816
6615,4867,34816,34816
6616,24036,34816,34816
6617,24037,34816,34816
6618,4868,34816,34816
6619,4870,34816,34816
6620,4869,34816,34816
6621,4871,34816,34816
6622,4872,34816,34816
6623,24038,34816,34816
6624,24039,34816,34816
6625,4873,34816,34816
6626,4875,34816,34816
6627,4874,34816,34816
6628,4876,34816,34816
6629,4877,34816,34816
6630,24040,34816,34816
6631,24041,34816,34816
6632,4878,34816,34816
6633,4880,34816,34816
6634,4879,34816,34816
6635,4881,34816,34816
6636,4882,34816,34816
6637,24042,34816,34816
6638,24043,34816,34816
6639,4883,34816,34816
6640,4885,34816,34816
6641,4884,34816,34816
6642,4886,34816,34816
6643,4887,34816,34816
6644,24044,34816,34816
6645,24045,34816,34816
6646,4888,34816,34816
6647,4890,34816,34816
6648,4889,34816,34816
6649,4891,34816,34816
6650,4892,34816,34816
6651,24046,34816,34816
6652,24047,34816,34816
6653,4893,34816,34816
6654,4895,34816,34816
6655,4894,34816,34816
6656,4896,34816,34816
6657,4897,34816,34816
6658,24048,34816,34816
6659,24049,34816,34816
6660,4898,34816,34816
6661,4900,34816,34816
6662,4899,34816,34816
6663,4901,34816,34816
6664,4902,34816,34816
6665,24050,34816,34816
6666,24051,34816,34816
6667,4903,34816,34816
6668,24019,34816,34816
6669,4904,34816,34816
6670,4905,34816,34816
6671,4907,34816,34816
6672,4906,34816,34816
6673,4908,34816,34816
6674,4909,34816,34816
6675,24053,34816,34816
6676,24054,34816,34816
6677,4910,34816,34816
6678,4912,34816,34816
6679,4911,34816,34816
6680,4913,34816,34816
6681,4914,34816,34816
6682,24055,34816,34816
6683,24056,34816,34816
6684,4915,34816,34816
6685,4917,34816,34816
6686,4916,34816,34816
6687,4918,34816,34816
6688,4919,34816,34816
6689,24057,34816,34816
6690,24058,34816,34816
6691,4920,34816,34816
6692,4922,34816,34816
6693,4921,34816,34816
6694,4923,34816,34816
6695,4924,34816,34816
6696,24059,34816,34816
6697,24060,34816,34816
6698,4925,34816,34816
6699,4927,34816,34816
6700,4926,34816,34816
6701,4928,34816,34816
6702,4929,34816,34816
6703,24061,34816,34816
6704,24062,34816,34816
6705,4930,34816,34816
6706,4932,34816,34816
6707,4931,34816,34816
6708,4933,34816,34816
6709,4934,34816,34816
6710,24063,34816,34816
6711,24064,34816,34816
6712,4935,34816,34816
6713,4937,34816,34816
6714,4936,34816,34816
6715,4938,34816,34816
6716,4939,34816,34816
6717,24065,34816,34816
6718,24066,34816,34816
6719,4940,34816,34816
6720,4942,34816,34816
6721,4941,34816,34816
6722,4943,34816,34816
6723,4944,34816,34816
6724,24067,34816,34816
6725,24068,34816,34816
6726,4945,34816,34816
6727,4947,34816,34816
6728,4946,34816,34816
6729,4948,34816,34816
6730,4949,34816,34816
6731,24069,34816,34816
6732,24070,34816,34816
6733,4950,34816,34816
6734,4952,34816,34816
6735,4951,34816,34816
6736,4953,34816,34816
6737,4954,34816,34816
6738,24071,34816,34816
6739,24072,34816,34816
6740,4955,34816,34816
6741,4957,34816,34816
6742,4956,34816,34816
6743,4958,34816,34816
6744,4959,34816,34816
6745,24073,34816,34816
6746,24074,34816,34816
6747,4960,34816,34816
6748,4962,34816,34816
6749,4961,34816,34816
6750,4963,34816,34816
6751,4964,34816,34816
6752,24075,34816,34816
6753,24076,34816,34816
6754,4965,34816,34816
6755,4967,34816,34816
6756,4966,34816,34816
6757,4968,34816,34816
6758,4969,34816,34816
6759,24077,34816,34816
6760,24078,34816,34816
6761,4970,34816,34816
6762,4972,34816,34816
6763,4971,34816,34816
6764,4973,34816,34816
6765,4974,34816,34816
6766,24079,34816,34816
6767,24080,34816,34816
6768,4975,34816,34816
6769,4977,34816,34816
6770,4976,34816,34816
6771,4978,34816,34816
6772,4979,34816,34816
6773,24081,34816,34816
6774,24082,34816,34816
6775,4980,34816,34816
6776,4982,34816,34816
6777,4981,34816,34816
6778,4983,34816,34816
6779,4984,34816,34816
6780,24083,34816,34816
6781,24084,34816,34816
6782,4985,34816,34816
6783,24052,34816,34816
6784,4986,34816,34816
6785,4987,34816,34816
6786,4989,34816,34816
6787,4988,34816,34816
6788,4990,34816,34816
6789,4991,34816,34816
6790,24086,34816,34816
6791,24087,34816,34816
6792,4992,34816,34816
6793,4994,34816,34816
6794,4993,34816,34816
6795,4995,34816,34816
6796,4996,34816,34816
6797,24088,34816,34816
6798,24089,34816,34816
6799,4997,34816,34816
6800,4999,34816,34816
6801,4998,34816,34816
6802,5000,34816,34816
6803,5001,34816,34816
6804,24090,34816,34816
6805,24091,34816,34816
6806,5002,34816,34816
6807,5004,34816,34816
6808,5003,34816,34816
6809,5005,34816,34816
6810,5006,34816,34816
6811,24092,34816,34816
6812,24093,34816,34816
6813,5007,34816,34816
6814,5009,34816,34816
6815,5008,34816,34816
6816,5010,34816,34816
6817,5011,34816,34816
6818,24094,34816,34816
6819,24095,34816,34816
6820,5012,34816,34816
6821,5014,34816,34816
6822,5013,34816,34816
6823,5015,34816,34816
6824,5016,34816,34816
6825,24096,34816,34816
6826,24097,34816,34816
6827,5017,34816,34816
6828,5019,34816,34816
6829,5018,34816,34816
6830,5020,34816,34816
6831,5021,34816,34816
6832,24098,34816,34816
6833,24099,34816,34816
6834,5022,34816,34816
6835,5024,34816,34816
6836,5023,34816,34816
6837,5025,34816,34816
6838,5026,34816,34816
6839,24100,34816,34816
6840,24101,34816,34816
6841,5027,34816,34816
6842,5029,34816,34816
6843,5028,34816,34816
6844,5030,34816,34816
6845,5031,34816,34816
6846,24102,34816,34816
6847,24103,34816,34816
6848,5032,34816,34816
6849,5034,34816,34816
6850,5033,34816,34816
6851,5035,34816,34816
6852,5036,34816,34816
6853,24104,34816,34816
6854,24105,34816,34816
6855,5037,34816,34816
6856,5039,34816,34816
6857,5038,34816,34816
6858,5040,34816,34816
6859,5041,34816,34816
6860,24106,34816,34816
6861,24107,34816,34816
6862,5042,34816,34816
6863,5044,34816,34816
6864,5043,34816,34816
6865,5045,34816,34816
6866,5046,34816,34816
6867,24108,34816,34816
6868,24109,34816,34816
6869,5047,34816,34816
6870,5049,34816,34816
6871,5048,34816,34816
6872,5050,34816,34816
6873,5051,34816,34816
6874,24110,34816,34816
6875,24111,34816,34816
6876,5052,34816,34816
6877,5054,34816,34816
6878,5053,34816,34816
6879,5055,34816,34816
6880,5056,34816,34816
6881,24112,34816,34816
6882,24113,34816,34816
6883,5057,34816,34816
6884,5059,34816,34816
6885,5058,34816,34816
6886,5060,34816,34816
6887,5061,34816,34816
6888,24114,34816,34816
6889,24115,34816,34816
6890,5062,34816,34816
6891,5064,34816,34816
6892,5063,34816,34816
6893,5065,34816,34816
6894,5066,34816,34816
6895,24116,34816,34816
6896,24117,34816,34816
6897,5067,34816,34816
6898,24085,34816,34816
6899,5068,34816,34816
6900,5069,34816,34816
6901,5071,34816,34816
6902,5070,34816,34816
6903,5072,34816,34816
6904,5073,34816,34816
6905,24119,34816,34816
6906,24120,34816,34816
6907,5074,34816,34816
6908,5076,34816,34816
6909,5075,34816,34816
6910,5077,34816,34816
6911,5078,34816,34816
6912,24121,34816,34816
6913,24122,34816,34816
6914,5079,34816,34816
6915,5081,34816,34816
6916,5080,34816,34816
6917,5082,34816,34816
6918,5083,34816,34816
6919,24123,34816,34816
6920,24124,34816,34816
6921,5084,34816,34816
6922,5086,34816,34816
6923,5085,34816,34816
6924,5087,34816,34816
6925,5088,34816,34816
6926,24125,34816,34816
6927,24126,34816,34816
6928,5089,34816,34816
6929,5091,34816,34816
6930,5090,34816,34816
6931,5092,34816,34816
6932,5093,34816,34816
6933,24127,34816,34816
6934,24128,34816,34816
6935,5094,34816,34816
6936,5096,34816,34816
6937,5095,34816,34816
6938,5097,34816,34816
6939,5098,34816,34816
6940,24129,34816,34816
6941,24130,34816,34816
6942,5099,34816,34816
6943,5101,34816,34816
6944,5100,34816,34816
6945,5102,34816,34816
6946,5103,34816,34816
6947,24131,34816,34816
6948,24132,34816,34816
6949,5104,34816,34816
6950,5106,34816,34816
6951,5105,34816,34816
6952,5107,34816,34816
6953,5108,34816,34816
6954,24133,34816,34816
6955,24134,34816,34816
6956,5109,34816,34816
6957,5111,34816,34816
6958,5110,34816,34816
6959,5112,34816,34816
6960,5113,34816,34816
6961,24135,34816,34816
6962,24136,34816,34816
6963,5114,34816,34816
6964,5116,34816,34816
6965,5115,34816,34816
6966,5117,34816,34816
6967,5118,34816,34816
6968,24137,34816,34816
6969,24138,34816,34816
6970,5119,34816,34816
6971,5121,34816,34816
6972,5120,34816,34816
6973,5122,34816,34816
6974,5123,34816,34816
6975,24139,34816,34816
6976,24140,34816,34816
6977,5124,34816,34816
6978,5126,34816,34816
6979,5125,34816,34816
6980,5127,34816,34816
6981,5128,34816,34816
6982,24141,34816,34816
6983,24142,34816,34816
6984,5129,34816,34816
6985,5131,34816,34816
6986,5130,34816,34816
6987,5132,34816,34816
6988,5133,34816,34816
6989,24143,34816,34816
6990,24144,34816,34816
6991,5134,34816,34816
6992,5136,34816,34816
6993,5135,34816,34816
6994,5137,34816,34816
6995,5138,34816,34816
6996,24145,34816,34816
6997,24146,34816,34816
6998,5139,34816,34816
6999,5141,34816,34816
7000,5140,34816,34816
7001,5142,34816,34816
7002,5143,34816,34816
7003,24147,34816,34816
7004,24148,34816,34816
7005,5144,34816,34816
7006,5146,34816,34816
7007,5145,34816,34816
7008,5147,34816,34816
7009,5148,34816,34816
7010,24149,34816,34816
7011,24150,34816,34816
7012,5149,34816,34816
7013,24118,34816,34816
7014,5150,34816,34816
7015,5151,34816,34816
7016,5153,34816,34816
7017,5152,34816,34816
7018,5154,34816,34816
7019,5155,34816,34816
7020,24152,34816,34816
7021,24153,34816,34816
7022,5156,34816,34816
7023,5158,34816,34816
7024,5157,34816,34816
7025,5159,34816,34816
7026,5160,34816,34816
7027,24154,34816,34816
7028,24155,34816,34816
7029,5161,34816,34816
7030,5163,34816,34816
7031,5162,34816,34816
7032,5164,34816,34816
7033,5165,34816,34816
7034,24156,34816,34816
7035,24157,34816,34816
7036,5166,34816,34816
7037,5168,34816,34816
7038,5167,34816,34816
7039,5169,34816,34816
7040,5170,34816,34816
7041,24158,34816,34816
7042,24159,34816,34816
7043,5171,34816,34816
7044,5173,34816,34816
7045,5172,34816,34816
7046,5174,34816,34816
7047,5175,34816,34816
7048,24160,34816,34816
7049,24161,34816,34816
7050,5176,34816,34816
7051,5178,34816,34816
7052,5177,34816,34816
7053,5179,34816,34816
7054,5180,34816,34816
7055,24162,34816,34816
7056,24163,34816,34816
7057,5181,34816,34816
7058,5183,34816,34816
7059,5182,34816,34816
7060,5184,34816,34816
7061,5185,34816,34816
7062,24164,34816,34816
7063,24165,34816,34816
7064,5186,34816,34816
7065,5188,34816,34816
7066,5187,34816,34816
7067,5189,34816,34816
7068,5190,34816,34816
7069,24166,34816,34816
7070,24167,34816,34816
7071,5191,34816,34816
7072,5193,34816,34816
7073,5192,34816,34816
7074,5194,34816,34816
7075,5195,34816,34816
7076,24168,34816,34816
7077,24169,34816,34816
7078,5196,34816,34816
7079,5198,34816,34816
7080,5197,34816,34816
7081,5199,34816,34816
7082,5200,34816,34816
7083,24170,34816,34816
7084,24171,34816,34816
7085,5201,34816,34816
7086,5203,34816,34816
7087,5202,34816,34816
7088,5204,34816,34816
7089,5205,34816,34816
7090,24172,34816,34816
7091,24173,34816,34816
7092,5206,34816,34816
7093,5208,34816,34816
7094,5207,34816,34816
7095,5209,34816,34816
7096,5210,34816,34816
7097,24174,34816,34816
7098,24175,34816,34816
7099,5211,34816,34816
7100,5213,34816,34816
7101,5212,34816,34816
7102,5214,34816,34816
7103,5215,34816,34816
7104,24176,34816,34816
7105,24177,34816,34816
7106,5216,34816,34816
7107,5218,34816,34816
7108,5217,34816,34816
7109,5219,34816,34816
7110,5220,34816,34816
7111,24178,34816,34816
7112,24179,34816,34816
7113,5221,34816,34816
7114,5223,34816,34816
7115,5222,34816,34816
7116,5224,34816,34816
7117,5225,34816,34816
7118,24180,34816,34816
7119,24181,34816,34816
7120,5226,34816,34816
7121,5228,34816,34816
7122,5227,34816,34816
7123,5229,34816,34816
7124,5230,34816,34816
7125,24182,34816,34816
7126,24183,34816,34816
7127,5231,34816,34816
7128,24151,34816,34816
7129,5232,34816,34816
7130,5233,34816,34816
7131,5235,34816,34816
7132,5234,34816,34816
7133,5236,34816,34816
7134,5237,34816,34816
7135,24185,34816,34816
7136,24186,34816,34816
7137,5238,34816,34816
7138,5240,34816,34816
7139,5239,34816,34816
7140,5241,34816,34816
7141,5242,34816,34816
7142,24187,34816,34816
7143,24188,34816,34816
7144,5243,34816,34816
7145,5245,34816,34816
7146,5244,34816,34816
7147,5246,34816,34816
7148,5247,34816,34816
7149,24189,34816,34816
7150,24190,34816,34816
7151,5248,34816,34816
7152,5250,34816,34816
7153,5249,34816,34816
7154,5251,34816,34816
7155,5252,34816,34816
7156,24191,34816,34816
7157,24192,34816,34816
7158,5253,34816,34816
7159,5255,34816,34816
7160,5254,34816,34816
7161,5256,34816,34816
7162,5257,34816,34816
7163,24193,34816,34816
7164,24194,34816,34816
7165,5258,34816,34816
7166,5260,34816,34816
7167,5259,34816,34816
7168,5261,34816,34816
7169,5262,34816,34816
7170,24195,34816,34816
7171,24196,34816,34816
7172,5263,34816,34816
7173,5265,34816,34816
7174,5264,34816,34816
7175,5266,34816,34816
7176,5267,34816,34816
7177,24197,34816,34816
7178,24198,34816,34816
7179,5268,34816,34816
7180,5270,34816,34816
7181,5269,34816,34816
7182,5271,34816,34816
7183,5272,34816,34816
7184,24199,34816,34816
7185,24200,34816,34816
7186,5273,34816,34816
7187,5275,34816,34816
7188,5274,34816,34816
7189,5276,34816,34816
7190,5277,34816,34816
7191,24201,34816,34816
7192,24202,34816,34816
7193,5278,34816,34816
7194,5280,34816,34816
7195,5279,34816,34816
7196,5281,34816,34816
7197,5282,34816,34816
7198,24203,34816,34816
7199,24204,34816,34816
7200,5283,34816,34816
7201,5285,34816,34816
7202,5284,34816,34816
7203,5286,34816,34816
7204,5287,34816,34816
7205,24205,34816,34816
7206,24206,34816,34816
7207,5288,34816,34816
7208,5290,34816,34816
7209,5289,34816,34816
7210,5291,34816,34816
7211,5292,34816,34816
7212,24207,34816,34816
7213,24208,34816,34816
7214,5293,34816,34816
7215,5295,34816,34816
7216,5294,34816,34816
7217,5296,34816,34816
7218,5297,34816,34816
7219,24209,34816,34816
7220,24210,34816,34816
7221,5298,34816,34816
7222,5300,34816,34816
7223,5299,34816,34816
7224,5301,34816,34816
7225,5302,34816,34816
7226,24211,34816,34816
7227,24212,34816,34816
7228,5303,34816,34816
7229,5305,34816,34816
7230,5304,34816,34816
7231,5306,34816,34816
7232,5307,34816,34816
7233,24213,34816,34816
7234,24214,34816,34816
7235,5308,34816,34816
7236,5310,34816,34816
7237,5309,34816,34816
7238,5311,34816,34816
7239,5312,34816,34816
7240,24215,34816,34816
7241,24216,34816,34816
7242,5313,34816,34816
7243,24184,34816,34816
7244,5314,34816,34816
7245,5315,34816,34816
7246,5317,34816,34816
7247,5316,34816,34816
7248,5318,34816,34816
7249,5319,34816,34816
7250,24218,34816,34816
7251,24219,34816,34816
7252,5320,34816,34816
7253,5322,34816,34816
7254,5321,34816,34816
7255,5323,34816,34816
7256,5324,34816,34816
7257,24220,34816,34816
7258,24221,34816,34816
7259,5325,34816,34816
7260,5327,34816,34816
7261,5326,34816,34816
7262,5328,34816,34816
7263,5329,34816,34816
7264,24222,34816,34816
7265,24223,34816,34816
7266,5330,34816,34816
7267,5332,34816,34816
7268,5331,34816,34816
7269,5333,34816,34816
7270,5334,34816,34816
7271,24224,34816,34816
7272,24225,34816,34816
7273,5335,34816,34816
7274,5337,34816,34816
7275,5336,34816,34816
7276,5338,34816,34816
7277,5339,34816,34816
7278,24226,34816,34816
7279,24227,34816,34816
7280,5340,34816,34816
7281,5342,34816,34816
7282,5341,34816,34816
7283,5343,34816,34816
7284,5344,34816,34816
7285,24228,34816,34816
7286,24229,34816,34816
7287,5345,34816,34816
7288,5347,34816,34816
7289,5346,34816,34816
7290,5348,34816,34816
7291,5349,34816,34816
7292,24230,34816,34816
7293,24231,34816,34816
7294,5350,34816,34816
7295,5352,34816,34816
7296,5351,34816,34816
7297,5353,34816,34816
7298,5354,34816,34816
7299,24232,34816,34816
7300,24233,34816,34816
7301,5355,34816,34816
7302,5357,34816,34816
7303,5356,34816,34816
7304,5358,34816,34816
7305,5359,34816,34816
7306,24234,34816,34816
7307,24235,34816,34816
7308,5360,34816,34816
7309,5362,34816,34816
7310,5361,34816,34816
7311,5363,34816,34816
7312,5364,34816,34816
7313,24236,34816,34816
7314,24237,34816,34816
7315,5365,34816,34816
7316,5367,34816,34816
7317,5366,34816,34816
7318,5368,34816,34816
7319,5369,34816,34816
7320,24238,34816,34816
7321,24239,34816,34816
7322,5370,34816,34816
7323,5372,34816,34816
7324,5371,34816,34816
7325,5373,34816,34816
7326,5374,34816,34816
7327,24240,34816,34816
7328,24241,34816,34816
7329,5375,34816,34816
7330,5377,34816,34816
7331,5376,34816,34816
7332,5378,34816,34816
7333,5379,34816,34816
7334,24242,34816,34816
7335,24243,34816,34816
7336,5380,34816,34816
7337,5382,34816,34816
7338,5381,34816,34816
7339,5383,34816,34816
7340,5384,34816,34816
7341,24244,34816,34816
7342,24245,34816,34816
7343,5385,34816,34816
7344,5387,34816,34816
7345,5386,34816,34816
7346,5388,34816,34816
7347,5389,34816,34816
7348,24246,34816,34816
7349,24247,34816,34816
7350,5390,34816,34816
7351,5392,34816,34816
7352,5391,34816,34816
7353,5393,34816,34816
7354,5394,34816,34816
7355,24248,34816,34816
7356,24249,34816,34816
7357,5395,34816,34816
7358,24217,34816,34816
7359,5396,34816,34816
7360,5397,34816,34816
7361,5399,34816,34816
7362,5398,34816,34816
7363,5400,34816,34816
7364,5401,34816,34816
7365,24251,34816,34816
7366,24252,34816,34816
7367,5402,34816,34816
7368,5404,34816,34816
7369,5403,34816,34816
7370,5405,34816,34816
7371,5406,34816,34816
7372,24253,34816,34816
7373,24254,34816,34816
7374,5407,34816,34816
7375,5409,34816,34816
7376,5408,34816,34816
7377,5410,34816,34816
7378,5411,34816,34816
7379,24255,34816,34816
7380,24256,34816,34816
7381,5412,34816,34816
7382,5414,34816,34816
7383,5413,34816,34816
7384,5415,34816,34816
7385,5416,34816,34816
7386,24257,34816,34816
7387,24258,34816,34816
7388,5417,34816,34816
7389,5419,34816,34816
7390,5418,34816,34816
7391,5420,34816,34816
7392,5421,34816,34816
7393,24259,34816,34816
7394,24260,34816,34816
7395,5422,34816,34816
7396,5424,34816,34816
7397,5423,34816,34816
7398,5425,34816,34816
7399,5426,34816,34816
7400,24261,34816,34816
7401,24262,34816,34816
7402,5427,34816,34816
7403,5429,34816,34816
7404,5428,34816,34816
7405,5430,34816,34816
7406,5431,34816,34816
7407,24263,34816,34816
7408,24264,34816,34816
7409,5432,34816,34816
7410,5434,34816,34816
7411,5433,34816,34816
7412,5435,34816,34816
7413,5436,34816,34816
7414,24265,34816,34816
7415,24266,34816,34816
7416,5437,34816,34816
7417,5439,34816,34816
7418,5438,34816,34816
7419,5440,34816,34816
7420,5441,34816,34816
7421,24267,34816,34816
7422,24268,34816,34816
7423,5442,34816,34816
7424,5444,34816,34816
7425,5443,34816,34816
7426,5445,34816,34816
7427,5446,34816,34816
7428,24269,34816,34816
7429,24270,34816,34816
7430,5447,34816,34816
7431,5449,34816,34816
7432,5448,34816,34816
7433,5450,34816,34816
7434,5451,34816,34816
7435,24271,34816,34816
7436,24272,34816,34816
7437,5452,34816,34816
7438,5454,34816,34816
7439,5453,34816,34816
7440,5455,34816,34816
7441,5456,34816,34816
7442,24273,34816,34816
7443,24274,34816,34816
7444,5457,34816,34816
7445,5459,34816,34816
7446,5458,34816,34816
7447,5460,34816,34816
7448,5461,34816,34816
7449,24275,34816,34816
7450,24276,34816,34816
7451,5462,34816,34816
7452,5464,34816,34816
7453,5463,34816,34816
7454,5465,34816,34816
7455,5466,34816,34816
7456,24277,34816,34816
7457,24278,34816,34816
7458,5467,34816,34816
7459,5469,34816,34816
7460,5468,34816,34816
7461,5470,34816,34816
7462,5471,34816,34816
7463,24279,34816,34816
7464,24280,34816,34816
7465,5472,34816,34816
7466,5474,34816,34816
7467,5473,34816,34816
7468,5475,34816,34816
7469,5476,34816,34816
7470,24281,34816,34816
7471,24282,34816,34816
7472,5477,34816,34816
7473,24250,34816,34816
7474,5478,34816,34816
7475,5479,34816,34816
7476,5481,34816,34816
7477,5480,34816,34816
7478,5482,34816,34816
7479,5483,34816,34816
7480,24284,34816,34816
7481,24285,34816,34816
7482,5484,34816,34816
7483,5486,34816,34816
7484,5485,34816,34816
7485,5487,34816,34816
7486,5488,34816,34816
7487,24286,34816,34816
7488,24287,34816,34816
7489,5489,34816,34816
7490,5491,34816,34816
7491,5490,34816,34816
7492,5492,34816,34816
7493,5493,34816,34816
7494,24288,34816,34816
7495,24289,34816,34816
7496,5494,34816,34816
7497,5496,34816,34816
7498,5495,34816,34816
7499,5497,34816,34816
7500,5498,34816,34816
7501,24290,34816,34816
7502,24291,34816,34816
7503,5499,34816,34816
7504,5501,34816,34816
7505,5500,34816,34816
7506,5502,34816,34816
7507,5503,34816,34816
7508,24292,34816,34816
7509,24293,34816,34816
7510,5504,34816,34816
7511,5506,34816,34816
7512,5505,34816,34816
7513,5507,34816,34816
7514,5508,34816,34816
7515,24294,34816,34816
7516,24295,34816,34816
7517,5509,34816,34816
7518,5511,34816,34816
7519,5510,34816,34816
7520,5512,34816,34816
7521,5513,34816,34816
7522,24296,34816,34816
7523,24297,34816,34816
7524,5514,34816,34816
7525,5516,34816,34816
7526,5515,34816,34816
7527,5517,34816,34816
7528,5518,34816,34816
7529,24298,34816,34816
7530,24299,34816,34816
7531,5519,34816,34816
7532,5521,34816,34816
7533,5520,34816,34816
7534,5522,34816,34816
7535,5523,34816,34816
7536,24300,34816,34816
7537,24301,34816,34816
7538,5524,34816,34816
7539,5526,34816,34816
7540,5525,34816,34816
7541,5527,34816,34816
7542,5528,34816,34816
7543,24302,34816,34816
7544,24303,34816,34816
7545,5529,34816,34816
7546,5531,34816,34816
7547,5530,34816,34816
7548,5532,34816,34816
7549,5533,34816,34816
7550,24304,34816,34816
7551,24305,34816,34816
7552,5534,34816,34816
7553,5536,34816,34816
7554,5535,34816,34816
7555,5537,34816,34816
7556,5538,34816,34816
7557,24306,34816,34816
7558,24307,34816,34816
7559,5539,34816,34816
7560,5541,34816,34816
7561,5540,34816,34816
7562,5542,34816,34816
7563,5543,34816,34816
7564,24308,34816,34816
7565,24309,34816,34816
7566,5544,34816,34816
7567,5546,34816,34816
7568,5545,34816,34816
7569,5547,34816,34816
7570,5548,34816,34816
7571,24310,34816,34816
7572,24311,34816,34816
7573,5549,34816,34816
7574,5551,34816,34816
7575,5550,34816,34816
7576,5552,34816,34816
7577,5553,34816,34816
7578,24312,34816,34816
7579,24313,34816,34816
7580,5554,34816,34816
7581,5556,34816,34816
7582,5555,34816,34816
7583,5557,34816,34816
7584,5558,34816,34816
7585,24314,34816,34816
7586,24315,34816,34816
7587,5559,34816,34816
7588,24283,34816,34816
7589,5560,34816,34816
7590,5561,34816,34816
7591,5563,34816,34816
7592,5562,34816,34816
7593,5564,34816,34816
7594,5565,34816,34816
7595,24317,34816,34816
7596,24318,34816,34816
7597,5566,34816,34816
7598,5568,34816,34816
7599,5567,34816,34816
7600,5569,34816,34816
7601,5570,34816,34816
7602,24319,34816,34816
7603,24320,34816,34816
7604,5571,34816,34816
7605,5573,34816,34816
7606,5572,34816,34816
7607,5574,34816,34816
7608,5575,34816,34816
7609,24321,34816,34816
7610,24322,34816,34816
7611,5576,34816,34816
7612,5578,34816,34816
7613,5577,34816,34816
7614,5579,34816,34816
7615,5580,34816,34816
7616,24323,34816,34816
7617,24324,34816,34816
7618,5581,34816,34816
7619,5583,34816,34816
7620,5582,34816,34816
7621,5584,34816,34816
7622,5585,34816,34816
7623,24325,34816,34816
7624,24326,34816,34816
7625,5586,34816,34816
7626,5588,34816,34816
7627,5587,34816,34816
7628,5589,34816,34816
7629,5590,34816,34816
7630,24327,34816,34816
7631,24328,34816,34816
7632,5591,34816,34816
7633,5593,34816,34816
7634,5592,34816,34816
7635,5594,34816,34816
7636,5595,34816,34816
7637,24329,34816,34816
7638,24330,34816,34816
7639,5596,34816,34816
7640,5598,34816,34816
7641,5597,34816,34816
7642,5599,34816,34816
7643,5600,34816,34816
7644,24331,34816,34816
7645,24332,34816,34816
7646,5601,34816,34816
7647,5603,34816,34816
7648,5602,34816,34816
7649,5604,34816,34816
7650,5605,34816,34816
7651,24333,34816,34816
7652,24334,34816,34816
7653,5606,34816,34816
7654,5608,34816,34816
7655,5607,34816,34816
7656,5609,34816,34816
7657,5610,34816,34816
7658,24335,34816,34816
7659,24336,34816,34816
7660,5611,34816,34816
7661,5613,34816,34816
7662,5612,34816,34816
7663,5614,34816,34816
7664,5615,34816,34816
7665,24337,34816,34816
7666,24338,34816,34816
7667,5616,34816,34816
7668,5618,34816,34816
7669,5617,34816,34816
7670,5619,34816,34816
7671,5620,34816,34816
7672,24339,34816,34816
7673,24340,34816,34816
7674,5621,34816,34816
7675,5623,34816,34816
7676,5622,34816,34816
7677,5624,34816,34816
7678,5625,34816,34816
7679,24341,34816,34816
7680,24342,34816,34816
7681,5626,34816,34816
7682,5628,34816,34816
7683,5627,34816,34816
7684,5629,34816,34816
7685,5630,34816,34816
7686,24343,34816,34816
7687,24344,34816,34816
7688,5631,34816,34816
7689,5633,34816,34816
7690,5632,34816,34816
7691,5634,34816,34816
7692,5635,34816,34816
7693,24345,34816,34816
7694,24346,34816,34816
7695,5636,34816,34816
7696,5638,34816,34816
7697,5637,34816,34816
7698,5639,34816,34816
7699,5640,34816,34816
7700,24347,34816,34816
7701,24348,34816,34816
7702,5641,34816,34816
7703,24316,34816,34816
7704,5642,34816,34816
7705,5643,34816,34816
7706,5645,34816,34816
7707,5644,34816,34816
7708,5646,34816,34816
7709,5647,34816,34816
7710,24350,34816,34816
7711,24351,34816,34816
7712,5648,34816,34816
7713,5650,34816,34816
7714,5649,34816,34816
7715,5651,34816,34816
7716,5652,34816,34816
7717,24352,34816,34816
7718,24353,34816,34816
7719,5653,34816,34816
7720,5655,34816,34816
7721,5654,34816,34816
7722,5656,34816,34816
7723,5657,34816,34816
7724,24354,34816,34816
7725,24355,34816,34816
7726,5658,34816,34816
7727,5660,34816,34816
7728,5659,34816,34816
7729,5661,34816,34816
7730,5662,34816,34816
7731,24356,34816,34816
7732,24357,34816,34816
7733,5663,34816,34816
7734,5665,34816,34816
7735,5664,34816,34816
7736,5666,34816,34816
7737,5667,34816,34816
7738,24358,34816,34816
7739,24359,34816,34816
7740,5668,34816,34816
7741,5670,34816,34816
7742,5669,34816,34816
7743,5671,34816,34816
7744,5672,34816,34816
7745,24360,34816,34816
7746,24361,34816,34816
7747,5673,34816,34816
7748,5675,34816,34816
7749,5674,34816,34816
7750,5676,34816,34816
7751,5677,34816,34816
7752,24362,34816,34816
7753,24363,34816,34816
7754,5678,34816,34816
7755,5680,34816,34816
7756,5679,34816,34816
7757,5681,34816,34816
7758,5682,34816,34816
7759,24364,34816,34816
7760,24365,34816,34816
7761,5683,34816,34816
7762,5685,34816,34816
7763,5684,34816,34816
7764,5686,34816,34816
7765,5687,34816,34816
7766,24366,34816,34816
7767,24367,34816,34816
7768,5688,34816,34816
7769,5690,34816,34816
7770,5689,34816,34816
7771,5691,34816,34816
7772,5692,34816,34816
7773,24368,34816,34816
7774,24369,34816,34816
7775,5693,34816,34816
7776,5695,34816,34816
7777,5694,34816,34816
7778,5696,34816,34816
7779,5697,34816,34816
7780,24370,34816,34816
7781,24371,34816,34816
7782,5698,34816,34816
7783,5700,34816,34816
7784,5699,34816,34816
7785,5701,34816,34816
7786,5702,34816,34816
7787,24372,34816,34816
7788,24373,34816,34816
7789,5703,34816,34816
7790,5705,34816,34816
7791,5704,34816,34816
7792,5706,34816,34816
7793,5707,34816,34816
7794,24374,34816,34816
7795,24375,34816,34816
7796,5708,34816,34816
7797,5710,34816,34816
7798,5709,34816,34816
7799,5711,34816,34816
7800,5712,34816,34816
7801,24376,34816,34816
7802,24377,34816,34816
7803,5713,34816,34816
7804,5715,34816,34816
7805,5714,34816,34816
7806,5716,34816,34816
7807,5717,34816,34816
7808,24378,34816,34816
7809,24379,34816,34816
7810,5718,34816,34816
7811,5720,34816,34816
7812,5719,34816,34816
7813,5721,34816,34816
7814,5722,34816,34816
7815,24380,34816,34816
7816,24381,34816,34816
7817,5723,34816,34816
7818,24349,34816,34816
7819,5724,34816,34816
7820,5725,34816,34816
7821,5727,34816,34816
7822,5726,34816,34816
7823,5728,34816,34816
7824,5729,34816,34816
7825,24383,34816,34816
7826,24384,34816,34816
7827,5730,34816,34816
7828,5732,34816,34816
7829,5731,34816,34816
7830,5733,34816,34816
7831,5734,34816,34816
7832,24385,34816,34816
7833,24386,34816,34816
7834,5735,34816,34816
7835,5737,34816,34816
7836,5736,34816,34816
7837,5738,34816,34816
7838,5739,34816,34816
7839,24387,34816,34816
7840,24388,34816,34816
7841,5740,34816,34816
7842,5742,34816,34816
7843,5741,34816,34816
7844,5743,34816,34816
7845,5744,34816,34816
7846,24389,34816,34816
7847,24390,34816,34816
7848,5745,34816,34816
7849,5747,34816,34816
7850,5746,34816,34816
7851,5748,34816,34816
7852,5749,34816,34816
7853,24391,34816,34816
7854,24392,34816,34816
7855,5750,34816,34816
7856,5752,34816,34816
7857,5751,34816,34816
7858,5753,34816,34816
7859,5754,34816,34816
7860,24393,34816,34816
7861,24394,34816,34816
7862,5755,34816,34816
7863,5757,34816,34816
7864,5756,34816,34816
7865,5758,34816,34816
7866,5759,34816,34816
7867,24395,34816,34816
7868,24396,34816,34816
7869,5760,34816,34816
7870,5762,34816,34816
7871,5761,34816,34816
7872,5763,34816,34816
7873,5764,34816,34816
7874,24397,34816,34816
7875,24398,34816,34816
7876,5765,34816,34816
7877,5767,34816,34816
7878,5766,34816,34816
7879,5768,34816,34816
7880,5769,34816,34816
7881,24399,34816,34816
7882,24400,34816,34816
7883,5770,34816,34816
7884,5772,34816,34816
7885,5771,34816,34816
7886,5773,34816,34816
7887,5774,34816,34816
7888,24401,34816,34816
7889,24402,34816,34816
7890,5775,34816,34816
7891,5777,34816,34816
7892,5776,34816,34816
7893,5778,34816,34816
7894,5779,34816,34816
7895,24403,34816,34816
7896,24404,34816,34816
7897,5780,34816,34816
7898,5782,34816,34816
7899,5781,34816,34816
7900,5783,34816,34816
7901,5784,34816,34816
7902,24405,34816,34816
7903,24406,34816,34816
7904,5785,34816,34816
7905,5787,34816,34816
7906,5786,34816,34816
7907,5788,34816,34816
7908,5789,34816,34816
7909,24407,34816,34816
7910,24408,34816,34816
7911,5790,34816,34816
7912,5792,34816,34816
7913,5791,34816,34816
7914,5793,34816,34816
7915,5794,34816,34816
7916,24409,34816,34816
7917,24410,34816,34816
7918,5795,34816,34816
7919,5797,34816,34816
7920,5796,34816,34816
7921,5798,34816,34816
7922,5799,34816,34816
7923,24411,34816,34816
7924,24412,34816,34816
7925,5800,34816,34816
7926,5802,34816,34816
7927,5801,34816,34816
7928,5803,34816,34816
7929,5804,34816,34816
7930,24413,34816,34816
7931,24414,34816,34816
7932,5805,34816,34816
7933,24382,34816,34816
7934,5806,34816,34816
7935,5807,34816,34816
7936,5809,34816,34816
7937,23905,34688,34816
7938,5808,34688,34816
7939,5810,34688,34816
7940,5811,34688,34816
7941,24416,34688,34816
7942,24417,34688,34816
7943,5812,34688,34816
7944,5814,34688,34816
7945,23908,34560,34816
7946,5813,34560,34816
7947,5815,34560,34816
7948,5816,34560,34816
7949,24418,34560,34816
7950,24419,34560,34816
7951,5817,34560,34816
7952,5819,34560,34816
7953,23911,34432,34816
7954,5818,34432,34816
7955,5820,34432,34816
7956,5821,34432,34816
7957,24420,34432,34816
7958,24421,34432,34816
7959,5822,34432,34816
7960,5824,34432,34816
7961,23914,34304,34816
7962,5823,34304,34816
7963,5825,34304,34816
7964,5826,34304,34816
7965,24422,34304,34816
7966,24423,34304,34816
7967,5827,34304,34816
7968,5829,34304,34816
7969,23917,34176,34816
7970,5828,34176,34816
7971,5830,34176,34816
7972,5831,34176,34816
7973,24424,34176,34816
7974,24425,34176,34816
7975,5832,34176,34816
7976,5834,34176,34816
7977,23920,34048,34816
7978,5833,34048,34816
7979,5835,34048,34816
7980,5836,34048,34816
7981,24426,34048,34816
7982,24427,34048,34816
7983,5837,34048,34816
7984,5839,34048,34816
7985,23923,33920,34816
7986,5838,33920,34816
7987,5840,33920,34816
7988,5841,33920,34816
7989,24428,33920,34816
7990,24429,33920,34816
7991,5842,33920,34816
7992,5844,33920,34816
7993,23926,33792,34816
7994,5843,33792,34816
7995,5845,33792,34816
7996,5846,33792,34816
7997,24430,33792,34816
7998,24431,33792,34816
7999,5847,33792,34816
8000,5849,33792,34816
8001,23929,33664,34816
8002,5848,33664,34816
8003,5850,33664,34816
8004,5851,33664,34816
8005,24432,33664,34816
8006,24433,33664,34816
8007,5852,33664,34816
8008,5854,33664,34816
8009,23932,33536,34816
8010,5853,33536,34816
8011,5855,33536,34816
8012,5856,33536,34816
8013,24434,33536,34816
8014,24435,33536,34816
8015,5857,33536,34816
8016,5859,33536,34816
8017,23935,33408,34816
8018,5858,33408,34816
8019,5860,33408,34816
8020,5861,33408,34816
8021,24436,33408,34816
8022,24437,33408,34816
8023,5862,33408,34816
8024,5864,33408,34816
8025,23938,33280,34816
8026,5863,33280,34816
8027,5865,33280,34816
8028,5866,33280,34816
8029,24438,33280,34816
8030,24439,33280,34816
8031,5867,33280,34816
8032,5869,33280,34816
8033,23941,33152,34816
8034,5868,33152,34816
8035,5870,33152,34816
8036,5871,33152,34816
8037,24440,33152,34816
8038,24441,33152,34816
8039,5872,33152,34816
8040,5874,33152,34816
8041,23944,33024,34816
8042,5873,33024,34816
8043,5875,33024,34816
8044,5876,33024,34816
8045,24442,33024,34816
8046,24443,33024,34816
8047,5877,33024,34816
8048,5879,33024,34816
8049,23947,32896,34816
8050,5878,32896,34816
8051,5880,32896,34816
8052,5881,32896,34816
8053,24444,32896,34816
8054,24445,32896,34816
8055,5882,32896,34816
8056,5884,32896,34816
8057,23950,32768,34816
8058,5883,32768,34816
8059,5885,32768,34816
8060,5886,32768,34816
8061,24446,32768,34816
8062,24447,32768,34816
8063,5887,32768,34816
8064,24415,32768,34816
8065,5888,32768,34816
8066,5891,32768,34816
8067,5892,32768,34816
8068,5894,32768,34816
8069,5889,32896,34816
8070,5890,32896,34816
8071,5893,32896,34816
8072,5895,32896,34816
8073,24450,32896,34816
8074,24451,32896,34816
8075,5898,32896,34816
8076,5899,32896,34816
8077,5901,32896,34816
8078,5896,33024,34816
8079,5897,33024,34816
8080,5900,33024,34816
8081,5902,33024,34816
8082,24453,33024,34816
8083,24454,33024,34816
8084,5905,33024,34816
8085,5906,33024,34816
8086,5908,33024,34816
8087,5903,33152,34816
8088,5904,33152,34816
8089,5907,33152,34816
8090,5909,33152,34816
8091,24456,33152,34816
8092,24457,33152,34816
8093,5912,33152,34816
8094,5913,33152,34816
8095,5915,33152,34816
8096,5910,33280,34816
8097,5911,33280,34816
8098,5914,33280,34816
8099,5916,33280,34816
8100,24459,33280,34816
8101,24460,33280,34816
8102,5919,33280,34816
8103,5920,33280,34816
8104,5922,33280,34816
8105,5917,33408,34816
8106,5918,33408,34816
8107,5921,33408,34816
8108,5923,33408,34816
8109,24462,33408,34816
8110,24463,33408,34816
8111,5926,33408,34816
8112,5927,33408,34816
8113,5929,33408,34816
8114,5924,33536,34816
8115,5925,33536,34816
8116,5928,33536,34816
8117,5930,33536,34816
8118,24465,33536,34816
8119,24466,33536,34816
8120,5933,33536,34816
8121,5934,33536,34816
8122,5936,33536,34816
8123,5931,33664,34816
8124,5932,33664,34816
8125,5935,33664,34816
8126,5937,33664,34816
8127,24468,33664,34816
8128,24469,33664,34816
8129,5940,33664,34816
8130,5941,33664,34816
8131,5943,33664,34816
8132,5938,33792,34816
8133,5939,33792,34816
8134,5942,33792,34816
8135,5944,33792,34816
8136,24471,33792,34816
8137,24472,33792,34816
8138,5947,33792,34816
8139,5948,33792,34816
8140,5950,33792,34816
8141,5945,33920,34816
8142,5946,33920,34816
8143,5949,33920,34816
8144,5951,33920,34816
8145,24474,33920,34816
8146,24475,33920,34816
8147,5954,33920,34816
8148,5955,33920,34816
8149,5957,33920,34816
8150,5952,34048,34816
8151,5953,34048,34816
8152,5956,34048,34816
8153,5958,34048,34816
8154,24477,34048,34816
8155,24478,34048,34816
8156,5961,34048,34816
8157,5962,34048,34816
8158,5964,34048,34816
8159,5959,34176,34816
8160,5960,34176,34816
8161,5963,34176,34816
8162,5965,34176,34816
8163,24480,34176,34816
8164,24481,34176,34816
8165,5968,34176,34816
8166,5969,34176,34816
8167,5971,34176,34816
8168,5966,34304,34816
8169,5967,34304,34816
8170,5970,34304,34816
8171,5972,34304,34816
8172,24483,34304,34816
8173,24484,34304,34816
8174,5975,34304,34816
8175,5976,34304,34816
8176,5978,34304,34816
8177,5973,34432,34816
8178,5974,34432,34816
8179,5977,34432,34816
8180,5979,34432,34816
8181,24486,34432,34816
8182,24487,34432,34816
8183,5982,34432,34816
8184,5983,34432,34816
8185,5985,34432,34816
8186,5980,34560,34816
8187,5981,34560,34816
8188,5984,34560,34816
8189,5986,34560,34816
8190,24489,34560,34816
8191,24490,34560,34816
8192,5989,34560,34816
8193,5990,34560,34816
8194,5992,34560,34816
8195,5987,34688,34816
8196,5988,34688,34816
8197,5991,34688,34816
8198,5993,34688,34816
8199,24492,34688,34816
8200,24493,34688,34816
8201,5996,34688,34816
8202,5997,34688,34816
8203,5999,34688,34816
8204,5994,34816,34816
8205,5995,34816,34816
8206,5998,34816,34816
8207,6000,34816,34816
8208,24495,34816,34816
8209,24496,34816,34816
8210,6001,34816,34816
8211,24448,34816,34816
8212,6002,34816,34816
8213,6003,34816,34816
8214,6005,34816,34816
8215,6004,34816,34816
8216,6006,34816,34816
8217,6007,34816,34816
8218,24498,34816,34816
8219,24499,34816,34816
8220,6008,34816,34816
8221,6010,34816,34816
8222,6009,34816,34816
8223,6011,34816,34816
8224,6012,34816,34816
8225,24500,34816,34816
8226,24501,34816,34816
8227,6013,34816,34816
8228,6015,34816,34816
8229,6014,34816,34816
8230,6016,34816,34816
8231,6017,34816,34816
8232,24502,34816,34816
8233,24503,34816,34816
8234,6018,34816,34816
8235,6020,34816,34816
8236,6019,34816,34816
8237,6021,34816,34816
8238,6022,34816,34816
8239,24504,34816,34816
8240,24505,34816,34816
8241,6023,34816,34816
8242,6025,34816,34816
8243,6024,34816,34816
8244,6026,34816,34816
8245,6027,34816,34816
8246,24506,34816,34816
8247,24507,34816,34816
8248,6028,34816,34816
8249,6030,34816,34816
8250,6029,34816,34816
8251,6031,34816,34816
8252,6032,34816,34816
8253,24508,34816,34816
8254,24509,34816,34816
8255,6033,34816,34816
8256,6035,34816,34816
8257,6034,34816,34816
8258,6036,34816,34816
8259,6037,34816,34816
8260,24510,34816,34816
8261,24511,34816,34816
8262,6038,34816,34816
8263,6040,34816,34816
8264,6039,34816,34816
8265,6041,34816,34816
8266,6042,34816,34816
8267,24512,34816,34816
8268,24513,34816,34816
8269,6043,34816,34816
8270,6045,34816,34816
8271,6044,34816,34816
8272,6046,34816,34816
8273,6047,34816,34816
8274,24514,34816,34816
8275,24515,34816,34816
8276,6048,34816,34816
8277,6050,34816,34816
8278,6049,34816,34816
8279,6051,34816,34816
8280,6052,34816,34816
8281,24516,34816,34816
8282,24517,34816,34816
8283,6053,34816,34816
8284,6055,34816,34816
8285,6054,34816,34816
8286,6056,34816,34816
8287,6057,34816,34816
8288,24518,34816,34816
8289,24519,34816,34816
8290,6058,34816,34816
8291,6060,34816,34816
8292,6059,34816,34816
8293,6061,34816,34816
8294,6062,34816,34816
8295,24520,34816,34816
8296,24521,34816,34816
8297,6063,34816,34816
8298,6065,34816,34816
8299,6064,34816,34816
8300,6066,34816,34816
8301,6067,34816,34816
8302,24522,34816,34816
8303,24523,34816,34816
8304,6068,34816,34816
8305,6070,34816,34816
8306,6069,34816,34816
8307,6071,34816,34816
8308,6072,34816,34816
8309,24524,34816,34816
8310,24525,34816,34816
8311,6073,34816,34816
8312,6075,34816,34816
8313,6074,34816,34816
8314,6076,34816,34816
8315,6077,34816,34816
8316,24526,34816,34816
8317,24527,34816,34816
8318,6078,34816,34816
8319,6080,34816,34816
8320,6079,34816,34816
8321,6081,34816,34816
8322,6082,34816,34816
8323,24528,34816,34816
8324,24529,34816,34816
8325,6083,34816,34816
8326,24497,34816,34816
8327,6084,34816,34816
8328,6085,34816,34816
8329,6087,34816,34816
8330,6086,34816,34816
8331,6088,34816,34816
8332,6089,34816,34816
8333,24531,34816,34816
8334,24532,34816,34816
8335,6090,34816,34816
8336,6092,34816,34816
8337,6091,34816,34816
8338,6093,34816,34816
8339,6094,34816,34816
8340,24533,34816,34816
8341,24534,34816,34816
8342,6095,34816,34816
8343,6097,34816,34816
8344,6096,34816,34816
8345,6098,34816,34816
8346,6099,34816,34816
8347,24535,34816,34816
8348,24536,34816,34816
8349,6100,34816,34816
8350,6102,34816,34816
8351,6101,34816,34816
8352,6103,34816,34816
8353,6104,34816,34816
8354,24537,34816,34816
8355,24538,34816,34816
8356,6105,34816,34816
8357,6107,34816,34816
8358,6106,34816,34816
8359,6108,34816,34816
8360,6109,34816,34816
8361,24539,34816,34816
8362,24540,34816,34816
8363,6110,34816,34816
8364,6112,34816,34816
8365,6111,34816,34816
8366,6113,34816,34816
8367,6114,34816,34816
8368,24541,34816,34816
8369,24542,34816,34816
8370,6115,34816,34816
8371,6117,34816,34816
8372,6116,34816,34816
8373,6118,34816,34816
8374,6119,34816,34816
8375,24543,34816,34816
8376,24544,34816,34816
8377,6120,34816,34816
8378,6122,34816,34816
8379,6121,34816,34816
8380,6123,34816,34816
8381,6124,34816,34816
8382,24545,34816,34816
8383,24546,34816,34816
8384,6125,34816,34816
8385,6127,34816,34816
8386,6126,34816,34816
8387,6128,34816,34816
8388,6129,34816,34816
8389,24547,34816,34816
8390,24548,34816,34816
8391,6130,34816,34816
8392,6132,34816,34816
8393,6131,34816,34816
8394,6133,34816,34816
8395,6134,34816,34816
8396,24549,34816,34816
8397,24550,34816,34816
8398,6135,34816,34816
8399,6137,34816,34816
8400,6136,34816,34816
8401,6138,34816,34816
8402,6139,34816,34816
8403,24551,34816,34816
8404,24552,34816,34816
8405,6140,34816,34816
8406,6142,34816,34816
8407,6141,34816,34816
8408,6143,34816,34816
8409,6144,34816,34816
8410,24553,34816,34816
8411,24554,34816,34816
8412,6145,34816,34816
8413,6147,34816,34816
8414,6146,34816,34816
8415,6148,34816,34816
8416,6149,34816,34816
8417,24555,34816,34816
8418,24556,34816,34816
8419,6150,34816,34816
8420,6152,34816,34816
8421,6151,34816,34816
8422,6153,34816,34816
8423,6154,34816,34816
8424,24557,34816,34816
8425,24558,34816,34816
8426,6155,34816,34816
8427,6157,34816,34816
8428,6156,34816,34816
8429,6158,34816,34816
8430,6159,34816,34816
8431,24559,34816,34816
8432,24560,34816,34816
8433,6160,34816,34816
8434,6162,34816,34816
8435,6161,34816,34816
8436,6163,34816,34816
8437,6164,34816,34816
8438,24561,34816,34816
8439,24562,34816,34816
8440,6165,34816,34816
8441,24530,34816,34816
8442,6166,34816,34816
8443,6167,34816,34816
8444,6169,34816,34816
8445,6168,34816,34816
8446,6170,34816,34816
8447,6171,34816,34816
8448,24564,34816,34816
8449,24565,34816,34816
8450,6172,34816,34816
8451,6174,34816,34816
8452,6173,34816,34816
8453,6175,34816,34816
8454,6176,34816,34816
8455,24566,34816,34816
8456,24567,34816,34816
8457,6177,34816,34816
8458,6179,34816,34816
8459,6178,34816,34816
8460,6180,34816,34816
8461,6181,34816,34816
8462,24568,34816,34816
8463,24569,34816,34816
8464,6182,34816,34816
8465,6184,34816,34816
8466,6183,34816,34816
8467,6185,34816,34816
8468,6186,34816,34816
8469,24570,34816,34816
8470,24571,34816,34816
8471,6187,34816,34816
8472,6189,34816,34816
8473,6188,34816,34816
8474,6190,34816,34816
8475,6191,34816,34816
8476,24572,34816,34816
8477,24573,34816,34816
8478,6192,34816,34816
8479,6194,34816,34816
8480,6193,34816,34816
8481,6195,34816,34816
8482,6196,34816,34816
8483,24574,34816,34816
8484,24575,34816,34816
8485,6197,34816,34816
8486,6199,34816,34816
8487,6198,34816,34816
8488,6200,34816,34816
8489,6201,34816,34816
8490,24576,34816,34816
8491,24577,34816,34816
8492,6202,34816,34816
8493,6204,34816,34816
8494,6203,34816,34816
8495,6205,34816,34816
8496,6206,34816,34816
8497,24578,34816,34816
8498,24579,34816,34816
8499,6207,34816,34816
8500,6209,34816,34816
8501,6208,34816,34816
8502,6210,34816,34816
8503,6211,34816,34816
8504,24580,34816,34816
8505,24581,34816,34816
8506,6212,34816,34816
8507,6214,34816,34816
8508,6213,34816,34816
8509,6215,34816,34816
8510,6216,34816,34816
8511,24582,34816,34816
8512,24583,34816,34816
8513,6217,34816,34816
8514,6219,34816,34816
8515,6218,34816,34816
8516,6220,34816,34816
8517,6221,34816,34816
8518,24584,34816,34816
8519,24585,34816,34816
8520,6222,34816,34816
8521,6224,34816,34816
8522,6223,34816,34816
8523,6225,34816,34816
8524,6226,34816,34816
8525,24586,34816,34816
8526,24587,34816,34816
8527,6227,34816,34816
8528,6229,34816,34816
8529,6228,34816,34816
8530,6230,34816,34816
8531,6231,34816,34816
8532,24588,34816,34816
8533,24589,34816,34816
8534,6232,34816,34816
8535,6234,34816,34816
8536,6233,34816,34816
8537,6235,34816,34816
8538,6236,34816,34816
8539,24590,34816,34816
8540,24591,34816,34816
8541,6237,34816,34816
8542,6239,34816,34816
8543,6238,34816,34816
8544,6240,34816,34816
8545,6241,34816,34816
8546,24592,34816,34816
8547,24593,34816,34816
8548,6242,34816,34816
8549,6244,34816,34816
8550,6243,34816,34816
8551,6245,34816,34816
8552,6246,34816,34816
8553,24594,34816,34816
8554,24595,34816,34816
8555,6247,34816,34816
8556,24563,34816,34816
8557,6248,34816,34816
8558,6249,34816,34816
8559,6251,34816,34816
8560,6250,34816,34816
8561,6252,34816,34816
8562,6253,34816,34816
8563,24597,34816,34816
8564,24598,34816,34816
8565,6254,34816,34816
8566,6256,34816,34816
8567,6255,34816,34816
8568,6257,34816,34816
8569,6258,34816,34816
8570,24599,34816,34816
8571,24600,34816,34816
8572,6259,34816,34816
8573,6261,34816,34816
8574,6260,34816,34816
8575,6262,34816,34816
8576,6263,34816,34816
8577,24601,34816,34816
8578,24602,34816,34816
8579,6264,34816,34816
8580,6266,34816,34816
8581,6265,34816,34816
8582,6267,34816,34816
8583,6268,34816,34816
8584,24603,34816,34816
8585,24604,34816,34816
8586,6269,34816,34816
8587,6271,34816,34816
8588,6270,34816,34816
8589,6272,34816,34816
8590,6273,34816,34816
8591,24605,34816,34816
8592,24606,34816,34816
8593,6274,34816,34816
8594,6276,34816,34816
8595,6275,34816,34816
8596,6277,34816,34816
8597,6278,34816,34816
8598,24607,34816,34816
8599,24608,34816,34816
8600,6279,34816,34816
8601,6281,34816,34816
8602,6280,34816,34816
8603,6282,34816,34816
8604,6283,34816,34816
8605,24609,34816,34816
8606,24610,34816,34816
8607,6284,34816,34816
8608,6286,34816,34816
8609,6285,34816,34816
8610,6287,34816,34816
8611,6288,34816,34816
8612,24611,34816,34816
8613,24612,34816,34816
8614,6289,34816,34816
8615,6291,34816,34816
8616,6290,34816,34816
8617,6292,34816,34816
8618,6293,34816,34816
8619,24613,34816,34816
8620,24614,34816,34816
8621,6294,34816,34816
8622,6296,34816,34816
8623,6295,34816,34816
8624,6297,34816,34816
8625,6298,34816,34816
8626,24615,34816,34816
8627,24616,34816,34816
8628,6299,34816,34816
8629,6301,34816,34816
8630,6300,34816,34816
8631,6302,34816,34816
8632,6303,34816,34816
8633,24617,34816,34816
8634,24618,34816,34816
8635,6304,34816,34816
8636,6306,34816,34816
8637,6305,34816,34816
8638,6307,34816,34816
8639,6308,34816,34816
8640,24619,34816,34816
8641,24620,34816,34816
8642,6309,34816,34816
8643,6311,34816,34816
8644,6310,34816,34816
8645,6312,34816,34816
8646,6313,34816,34816
8647,24621,34816,34816
8648,24622,34816,34816
8649,6314,34816,34816
8650,6316,34816,34816
8651,6315,34816,34816
8652,6317,34816,34816
8653,6318,34816,34816
8654,24623,34816,34816
8655,24624,34816,34816
8656,6319,34816,34816
8657,6321,34816,34816
8658,6320,34816,34816
8659,6322,34816,34816
8660,6323,34816,34816
8661,24625,34816,34816
8662,24626,34816,34816
8663,6324,34816,34816
8664,6326,34816,34816
8665,6325,34816,34816
8666,6327,34816,34816
8667,6328,34816,34816
8668,24627,34816,34816
8669,24628,34816,34816
8670,6329,34816,34816
8671,24596,34816,34816
8672,6330,34816,34816
8673,6331,34816,34816
8674,6333,34816,34816
8675,6332,34816,34816
8676,6334,34816,34816
8677,6335,34816,34816
8678,24630,34816,34816
8679,24631,34816,34816
8680,6336,34816,34816
8681,6338,34816,34816
8682,6337,34816,34816
8683,6339,34816,34816
8684,6340,34816,34816
8685,24632,34816,34816
8686,24633,34816,34816
8687,6341,34816,34816
8688,6343,34816,34816
8689,6342,34816,34816
8690,6344,34816,34816
8691,6345,34816,34816
8692,24634,34816,34816
8693,24635,34816,34816
8694,6346,34816,34816
8695,6348,34816,34816
8696,6347,34816,34816
8697,6349,34816,34816
8698,6350,34816,34816
8699,24636,34816,34816
8700,24637,34816,34816
8701,6351,34816,34816
8702,6353,34816,34816
8703,6352,34816,34816
8704,6354,34816,34816
8705,6355,34816,34816
8706,24638,34816,34816
8707,24639,34816,34816
8708,6356,34816,34816
8709,6358,34816,34816
8710,6357,34816,34816
8711,6359,34816,34816
8712,6360,34816,34816
8713,24640,34816,34816
8714,24641,34816,34816
8715,6361,34816,34816
8716,6363,34816,34816
8717,6362,34816,34816
8718,6364,34816,34816
8719,6365,34816,34816
8720,24642,34816,34816
8721,24643,34816,34816
8722,6366,34816,34816
8723,6368,34816,34816
8724,6367,34816,34816
8725,6369,34816,34816
8726,6370,34816,34816
8727,24644,34816,34816
8728,24645,34816,34816
8729,6371,34816,34816
8730,6373,34816,34816
8731,6372,34816,34816
8732,6374,34816,34816
8733,6375,34816,34816
8734,24646,34816,34816
8735,24647,34816,34816
8736,6376,34816,34816
8737,6378,34816,34816
8738,6377,34816,34816
8739,6379,34816,34816
8740,6380,34816,34816
8741,24648,34816,34816
8742,24649,34816,34816
8743,6381,34816,34816
8744,6383,34816,34816
8745,6382,34816,34816
8746,6384,34816,34816
8747,6385,34816,34816
8748,24650,34816,34816
8749,24651,34816,34816
8750,6386,34816,34816
8751,6388,34816,34816
8752,6387,34816,34816
8753,6389,34816,34816
8754,6390,34816,34816
8755,24652,34816,34816
8756,24653,34816,34816
8757,6391,34816,34816
8758,6393,34816,34816
8759,6392,34816,34816
8760,6394,34816,34816
8761,6395,34816,34816
8762,24654,34816,34816
8763,24655,34816,34816
8764,6396,34816,34816
8765,6398,34816,34816
8766,6397,34816,34816
8767,6399,34816,34816
8768,6400,34816,34816
8769,24656,34816,34816
8770,24657,34816,34816
8771,6401,34816,34816
8772,6403,34816,34816
8773,6402,34816,34816
8774,6404,34816,34816
8775,6405,34816,34816
8776,24658,34816,34816
8777,24659,34816,34816
8778,6406,34816,34816
8779,6408,34816,34816
8780,6407,34816,34816
8781,6409,34816,34816
8782,6410,34816,34816
8783,24660,34816,34816
8784,24661,34816,34816
8785,6411,34816,34816
8786,24629,34816,34816
8787,6412,34816,34816
8788,6413,34816,34816
8789,6415,34816,34816
8790,6414,34816,34816
8791,6416,34816,34816
8792,6417,34816,34816
8793,24663,34816,34816
8794,24664,34816,34816
8795,6418,34816,34816
8796,6420,34816,34816
8797,6419,34816,34816
8798,6421,34816,34816
8799,6422,34816,34816
8800,24665,34816,34816
8801,24666,34816,34816
8802,6423,34816,34816
8803,6425,34816,34816
8804,6424,34816,34816
8805,6426,34816,34816
8806,6427,34816,34816
8807,24667,34816,34816
8808,24668,34816,34816
8809,6428,34816,34816
8810,6430,34816,34816
8811,6429,34816,34816
8812,6431,34816,34816
8813,6432,34816,34816
8814,24669,34816,34816
8815,24670,34816,34816
8816,6433,34816,34816
8817,6435,34816,34816
8818,6434,34816,34816
8819,6436,34816,34816
8820,6437,34816,34816
8821,24671,34816,34816
8822,24672,34816,34816
8823,6438,34816,34816
8824,6440,34816,34816
8825,6439,34816,34816
8826,6441,34816,34816
8827,6442,34816,34816
8828,24673,34816,34816
8829,24674,34816,34816
8830,6443,34816,34816
8831,6445,34816,34816
8832,6444,34816,34816
8833,6446,34816,34816
8834,6447,34816,34816
8835,24675,34816,34816
8836,24676,34816,34816
8837,6448,34816,34816
8838,6450,34816,34816
8839,6449,34816,34816
8840,6451,34816,34816
8841,6452,34816,34816
8842,24677,34816,34816
8843,24678,34816,34816
8844,6453,34816,34816
8845,6455,34816,34816
8846,6454,34816,34816
8847,6456,34816,34816
8848,6457,34816,34816
8849,24679,34816,34816
8850,24680,34816,34816
8851,6458,34816,34816
8852,6460,34816,34816
8853,6459,34816,34816
8854,6461,34816,34816
8855,6462,34816,34816
8856,24681,34816,34816
8857,24682,34816,34816
8858,6463,34816,34816
8859,6465,34816,34816
8860,6464,34816,34816
8861,6466,34816,34816
8862,6467,34816,34816
8863,24683,34816,34816
8864,24684,34816,34816
8865,6468,34816,34816
8866,6470,34816,34816
8867,6469,34816,34816
8868,6471,34816,34816
8869,6472,34816,34816
8870,24685,34816,34816
8871,24686,34816,34816
8872,6473,34816,34816
8873,6475,34816,34816
8874,6474,34816,34816
8875,6476,34816,34816
8876,6477,34816,34816
8877,24687,34816,34816
8878,24688,34816,34816
8879,6478,34816,34816
8880,6480,34816,34816
8881,6479,34816,34816
8882,6481,34816,34816
8883,6482,34816,34816
8884,24689,34816,34816
8885,24690,34816,34816
8886,6483,34816,34816
8887,6485,34816,34816
8888,6484,34816,34816
8889,6486,34816,34816
8890,6487,34816,34816
8891,24691,34816,34816
8892,24692,34816,34816
8893,6488,34816,34816
8894,6490,34816,34816
8895,6489,34816,34816
8896,6491,34816,34816
8897,6492,34816,34816
8898,24693,34816,34816
8899,24694,34816,34816
8900,6493,34816,34816
8901,24662,34816,34816
8902,6494,34816,34816
8903,6495,34816,34816
8904,6497,34816,34816
8905,6496,34816,34816
8906,6498,34816,34816
8907,6499,34816,34816
8908,24696,34816,34816
8909,24697,34816,34816
8910,6500,34816,34816
8911,6502,34816,34816
8912,6501,34816,34816
8913,6503,34816,34816
8914,6504,34816,34816
8915,24698,34816,34816
8916,24699,34816,34816
8917,6505,34816,34816
8918,6507,34816,34816
8919,6506,34816,34816
8920,6508,34816,34816
8921,6509,34816,34816
8922,24700,34816,34816
8923,24701,34816,34816
8924,6510,34816,34816
8925,6512,34816,34816
8926,6511,34816,34816
8927,6513,34816,34816
8928,6514,34816,34816
8929,24702,34816,34816
8930,24703,34816,34816
8931,6515,34816,34816
8932,6517,34816,34816
8933,6516,34816,34816
8934,6518,34816,34816
8935,6519,34816,34816
8936,24704,34816,34816
8937,24705,34816,34816
8938,6520,34816,34816
8939,6522,34816,34816
8940,6521,34816,34816
8941,6523,34816,34816
8942,6524,34816,34816
8943,24706,34816,34816
8944,24707,34816,34816
8945,6525,34816,34816
8946,6527,34816,34816
8947,6526,34816,34816
8948,6528,34816,34816
8949,6529,34816,34816
8950,24708,34816,34816
8951,24709,34816,34816
8952,6530,34816,34816
8953,6532,34816,34816
8954,6531,34816,34816
8955,6533,34816,34816
8956,6534,34816,34816
8957,24710,34816,34816
8958,24711,34816,34816
8959,6535,34816,34816
8960,6537,34816,34816
8961,6536,34816,34816
8962,6538,34816,34816
8963,6539,34816,34816
8964,24712,34816,34816
8965,24713,34816,34816
8966,6540,34816,34816
8967,6542,34816,34816
8968,6541,34816,34816
8969,6543,34816,34816
8970,6544,34816,34816
8971,24714,34816,34816
8972,24715,34816,34816
8973,6545,34816,34816
8974,6547,34816,34816
8975,6546,34816,34816
8976,6548,34816,34816
8977,6549,34816,34816
8978,24716,34816,34816
8979,24717,34816,34816
8980,6550,34816,34816
8981,6552,34816,34816
8982,6551,34816,34816
8983,6553,34816,34816
8984,6554,34816,34816
8985,24718,34816,34816
8986,24719,34816,34816
8987,6555,34816,34816
8988,6557,34816,34816
8989,6556,34816,34816
8990,6558,34816,34816
8991,6559,34816,34816
8992,24720,34816,34816
8993,24721,34816,34816
8994,6560,34816,34816
8995,6562,34816,34816
8996,6561,34816,34816
8997,6563,34816,34816
8998,6564,34816,34816
8999,24722,34816,34816
9000,24723,34816,34816
9001,6565,34816,34816
9002,6567,34816,34816
9003,6566,34816,34816
9004,6568,34816,34816
9005,6569,34816,34816
9006,24724,34816,34816
9007,24725,34816,34816
9008,6570,34816,34816
9009,6572,34816,34816
9010,6571,34816,34816
9011,6573,34816,34816
9012,6574,34816,34816
9013,24726,34816,34816
9014,24727,34816,34816
9015,6575,34816,34816
9016,24695,34816,34816
9017,6576,34816,34816
9018,6577,34816,34816
9019,6579,34816,34816
9020,6578,34816,34816
9021,6580,34816,34816
9022,6581,34816,34816
9023,24729,34816,34816
9024,24730,34816,34816
9025,6582,34816,34816
9026,6584,34816,34816
9027,6583,34816,34816
9028,6585,34816,34816
9029,6586,34816,34816
9030,24731,34816,34816
9031,24732,34816,34816
9032,6587,34816,34816
9033,6589,34816,34816
9034,6588,34816,34816
9035,6590,34816,34816
9036,6591,34816,34816
9037,24733,34816,34816
9038,24734,34816,34816
9039,6592,34816,34816
9040,6594,34816,34816
9041,6593,34816,34816
9042,6595,34816,34816
9043,6596,34816,34816
9044,24735,34816,34816
9045,24736,34816,34816
9046,6597,34816,34816
9047,6599,34816,34816
9048,6598,34816,34816
9049,6600,34816,34816
9050,6601,34816,34816
9051,24737,34816,34816
9052,24738,34816,34816
9053,6602,34816,34816
9054,6604,34816,34816
9055,6603,34816,34816
9056,6605,34816,34816
9057,6606,34816,34816
9058,24739,34816,34816
9059,24740,34816,34816
9060,6607,34816,34816
9061,6609,34816,34816
9062,6608,34816,34816
9063,6610,34816,34816
9064,6611,34816,34816
9065,24741,34816,34816
9066,24742,34816,34816
9067,6612,34816,34816
9068,6614,34816,34816
9069,6613,34816,34816
9070,6615,34816,34816
9071,6616,34816,34816
9072,24743,34816,34816
9073,24744,34816,34816
9074,6617,34816,34816
9075,6619,34816,34816
9076,6618,34816,34816
9077,6620,34816,34816
9078,6621,34816,34816
9079,24745,34816,34816
9080,24746,34816,34816
9081,6622,34816,34816
9082,6624,34816,34816
9083,6623,34816,34816
9084,6625,34816,34816
9085,6626,34816,34816
9086,24747,34816,34816
9087,24748,34816,34816
9088,6627,34816,34816
9089,6629,34816,34816
9090,6628,34816,34816
9091,6630,34816,34816
9092,6631,34816,34816
9093,24749,34816,34816
9094,24750,34816,34816
9095,6632,34816,34816
9096,6634,34816,34816
9097,6633,34816,34816
9098,6635,34816,34816
9099,6636,34816,34816
9100,24751,34816,34816
9101,24752,34816,34816
9102,6637,34816,34816
9103,6639,34816,34816
9104,6638,34816,34816
9105,6640,34816,34816
9106,6641,34816,34816
9107,24753,34816,34816
9108,24754,34816,34816
9109,6642,34816,34816
9110,6644,34816,34816
9111,6643,34816,34816
9112,6645,34816,34816
9113,6646,34816,34816
9114,24755,34816,34816
9115,24756,34816,34816
9116,6647,34816,34816
9117,6649,34816,34816
9118,6648,34816,34816
9119,6650,34816,34816
9120,6651,34816,34816
9121,24757,34816,34816
9122,24758,34816,34816
9123,6652,34816,34816
9124,6654,34816,34816
9125,6653,34816,34816
9126,6655,34816,34816
9127,6656,34816,34816
9128,24759,34816,34816
9129,24760,34816,34816
9130,6657,34816,34816
9131,24728,34816,34816
9132,6658,34816,34816
9133,6659,34816,34816
9134,6661,34816,34816
9135,6660,34816,34816
9136,6662,34816,34816
9137,6663,34816,34816
9138,24762,34816,34816
9139,24763,34816,34816
9140,6664,34816,34816
9141,6666,34816,34816
9142,6665,34816,34816
9143,6667,34816,34816
9144,6668,34816,34816
9145,24764,34816,34816
9146,24765,34816,34816
9147,6669,34816,34816
9148,6671,34816,34816
9149,6670,34816,34816
9150,6672,34816,34816
9151,6673,34816,34816
9152,24766,34816,34816
9153,24767,34816,34816
9154,6674,34816,34816
9155,6676,34816,34816
9156,6675,34816,34816
9157,6677,34816,34816
9158,6678,34816,34816
9159,24768,34816,34816
9160,24769,34816,34816
9161,6679,34816,34816
9162,6681,34816,34816
9163,6680,34816,34816
9164,6682,34816,34816
9165,6683,34816,34816
9166,24770,34816,34816
9167,24771,34816,34816
9168,6684,34816,34816
9169,6686,34816,34816
9170,6685,34816,34816
9171,6687,34816,34816
9172,6688,34816,34816
9173,24772,34816,34816
9174,24773,34816,34816
9175,6689,34816,34816
9176,6691,34816,34816
9177,6690,34816,34816
9178,6692,34816,34816
9179,6693,34816,34816
9180,24774,34816,34816
9181,24775,34816,34816
9182,6694,34816,34816
9183,6696,34816,34816
9184,6695,34816,34816
9185,6697,34816,34816
9186,6698,34816,34816
9187,24776,34816,34816
9188,24777,34816,34816
9189,6699,34816,34816
9190,6701,34816,34816
9191,6700,34816,34816
9192,6702,34816,34816
9193,6703,34816,34816
9194,24778,34816,34816
9195,24779,34816,34816
9196,6704,34816,34816
9197,6706,34816,34816
9198,6705,34816,34816
9199,6707,34816,34816
9200,6708,34816,34816
9201,24780,34816,34816
9202,24781,34816,34816
9203,6709,34816,34816
9204,6711,34816,34816
9205,6710,34816,34816
9206,6712,34816,34816
9207,6713,34816,34816
9208,24782,34816,34816
9209,24783,34816,34816
9210,6714,34816,34816
9211,6716,34816,34816
9212,6715,34816,34816
9213,6717,34816,34816
9214,6718,34816,34816
9215,24784,34816,34816
9216,24785,34816,34816
9217,6719,34816,34816
9218,6721,34816,34816
9219,6720,34816,34816
9220,6722,34816,34816
9221,6723,34816,34816
9222,24786,34816,34816
9223,24787,34816,34816
9224,6724,34816,34816
9225,6726,34816,34816
9226,6725,34816,34816
9227,6727,34816,34816
9228,6728,34816,34816
9229,24788,34816,34816
9230,24789,34816,34816
9231,6729,34816,34816
9232,6731,34816,34816
9233,6730,34816,34816
9234,6732,34816,34816
9235,6733,34816,34816
9236,24790,34816,34816
9237,24791,34816,34816
9238,6734,34816,34816
9239,6736,34816,34816
9240,6735,34816,34816
9241,6737,34816,34816
9242,6738,34816,34816
9243,24792,34816,34816
9244,24793,34816,34816
9245,6739,34816,34816
9246,24761,34816,34816
9247,6740,34816,34816
9248,6741,34816,34816
9249,6743,34816,34816
9250,6742,34816,34816
9251,6744,34816,34816
9252,6745,34816,34816
9253,24795,34816,34816
9254,24796,34816,34816
9255,6746,34816,34816
9256,6748,34816,34816
9257,6747,34816,34816
9258,6749,34816,34816
9259,6750,34816,34816
9260,24797,34816,34816
9261,24798,34816,34816
9262,6751,34816,34816
9263,6753,34816,34816
9264,6752,34816,34816
9265,6754,34816,34816
9266,6755,34816,34816
9267,24799,34816,34816
9268,24800,34816,34816
9269,6756,34816,34816
9270,6758,34816,34816
9271,6757,34816,34816
9272,6759,34816,34816
9273,6760,34816,34816
9274,24801,34816,34816
9275,24802,34816,34816
9276,6761,34816,34816
9277,6763,34816,34816
9278,6762,34816,34816
9279,6764,34816,34816
9280,6765,34816,34816
9281,24803,34816,34816
9282,24804,34816,34816
9283,6766,34816,34816
9284,6768,34816,34816
9285,6767,34816,34816
9286,6769,34816,34816
9287,6770,34816,34816
9288,24805,34816,34816
9289,24806,34816,34816
9290,6771,34816,34816
9291,6773,34816,34816
9292,6772,34816,34816
9293,6774,34816,34816
9294,6775,34816,34816
9295,24807,34816,34816
9296,24808,34816,34816
9297,6776,34816,34816
9298,6778,34816,34816
9299,6777,34816,34816
9300,6779,34816,34816
9301,6780,34816,34816
9302,24809,34816,34816
9303,24810,34816,34816
9304,6781,34816,34816
9305,6783,34816,34816
9306,6782,34816,34816
9307,6784,34816,34816
9308,6785,34816,34816
9309,24811,34816,34816
9310,24812,34816,34816
9311,6786,34816,34816
9312,6788,34816,34816
9313,6787,34816,34816
9314,6789,34816,34816
9315,6790,34816,34816
9316,24813,34816,34816
9317,24814,34816,34816
9318,6791,34816,34816
9319,6793,34816,34816
9320,6792,34816,34816
9321,6794,34816,34816
9322,6795,34816,34816
9323,24815,34816,34816
9324,24816,34816,34816
9325,6796,34816,34816
9326,6798,34816,34816
9327,6797,34816,34816
9328,6799,34816,34816
9329,6800,34816,34816
9330,24817,34816,34816
9331,24818,34816,34816
9332,6801,34816,34816
9333,6803,34816,34816
9334,6802,34816,34816
9335,6804,34816,34816
9336,6805,34816,34816
9337,24819,34816,34816
9338,24820,34816,34816
9339,6806,34816,34816
9340,6808,34816,34816
9341,6807,34816,34816
9342,6809,34816,34816
9343,6810,34816,34816
9344,24821,34816,34816
9345,24822,34816,34816
9346,6811,34816,34816
9347,6813,34816,34816
9348,6812,34816,34816
9349,6814,34816,34816
9350,6815,34816,34816
9351,24823,34816,34816
9352,24824,34816,34816
9353,6816,34816,34816
9354,6818,34816,34816
9355,6817,34816,34816
9356,6819,34816,34816
9357,6820,34816,34816
9358,24825,34816,34816
9359,24826,34816,34816
9360,6821,34816,34816
9361,24794,34816,34816
9362,6822,34816,34816
9363,6823,34816,34816
9364,6825,34816,34816
9365,6824,34816,34816
9366,6826,34816,34816
9367,6827,34816,34816
9368,24828,34816,34816
9369,24829,34816,34816
9370,6828,34816,34816
9371,6830,34816,34816
9372,6829,34816,34816
9373,6831,34816,34816
9374,6832,34816,34816
9375,24830,34816,34816
9376,24831,34816,34816
9377,6833,34816,34816
9378,6835,34816,34816
9379,6834,34816,34816
9380,6836,34816,34816
9381,6837,34816,34816
9382,24832,34816,34816
9383,24833,34816,34816
9384,6838,34816,34816
9385,6840,34816,34816
9386,6839,34816,34816
9387,6841,34816,34816
9388,6842,34816,34816
9389,24834,34816,34816
9390,24835,34816,34816
9391,6843,34816,34816
9392,6845,34816,34816
9393,6844,34816,34816
9394,6846,34816,34816
9395,6847,34816,34816
9396,24836,34816,34816
9397,24837,34816,34816
9398,6848,34816,34816
9399,6850,34816,34816
9400,6849,34816,34816
9401,6851,34816,34816
9402,6852,34816,34816
9403,24838,34816,34816
9404,24839,34816,34816
9405,6853,34816,34816
9406,6855,34816,34816
9407,6854,34816,34816
9408,6856,34816,34816
9409,6857,34816,34816
9410,24840,34816,34816
9411,24841,34816,34816
9412,6858,34816,34816
9413,6860,34816,34816
9414,6859,34816,34816
9415,6861,34816,34816
9416,6862,34816,34816
9417,24842,34816,34816
9418,24843,34816,34816
9419,6863,34816,34816
9420,6865,34816,34816
9421,6864,34816,34816
9422,6866,34816,34816
9423,6867,34816,34816
9424,24844,34816,34816
9425,24845,34816,34816
9426,6868,34816,34816
9427,6870,34816,34816
9428,6869,34816,34816
9429,6871,34816,34816
9430,6872,34816,34816
9431,24846,34816,34816
9432,24847,34816,34816
9433,6873,34816,34816
9434,6875,34816,34816
9435,6874,34816,34816
9436,6876,34816,34816
9437,6877,34816,34816
9438,24848,34816,34816
9439,24849,34816,34816
9440,6878,34816,34816
9441,6880,34816,34816
9442,6879,34816,34816
9443,6881,34816,34816
9444,6882,34816,34816
9445,24850,34816,34816
9446,24851,34816,34816
9447,6883,34816,34816
9448,6885,34816,34816
9449,6884,34816,34816
9450,6886,34816,34816
9451,6887,34816,34816
9452,24852,34816,34816
9453,24853,34816,34816
9454,6888,34816,34816
9455,6890,34816,34816
9456,6889,34816,34816
9457,6891,34816,34816
9458,6892,34816,34816
9459,24854,34816,34816
9460,24855,34816,34816
9461,6893,34816,34816
9462,6895,34816,34816
9463,6894,34816,34816
9464,6896,34816,34816
9465,6897,34816,34816
9466,24856,34816,34816
9467,24857,34816,34816
9468,6898,34816,34816
9469,6900,34816,34816
9470,6899,34816,34816
9471,6901,34816,34816
9472,6902,34816,34816
9473,24858,34816,34816
9474,24859,34816,34816
9475,6903,34816,34816
9476,24827,34816,34816
9477,6904,34816,34816
9478,6905,34816,34816
9479,6907,34816,34816
9480,6906,34816,34816
9481,6908,34816,34816
9482,6909,34816,34816
9483,24861,34816,34816
9484,24862,34816,34816
9485,6910,34816,34816
9486,6912,34816,34816
9487,6911,34816,34816
9488,6913,34816,34816
9489,6914,34816,34816
9490,24863,34816,34816
9491,24864,34816,34816
9492,6915,34816,34816
9493,6917,34816,34816
9494,6916,34816,34816
9495,6918,34816,34816
9496,6919,34816,34816
9497,24865,34816,34816
9498,24866,34816,34816
9499,6920,34816,34816
9500,6922,34816,34816
9501,6921,34816,34816
9502,6923,34816,34816
9503,6924,34816,34816
9504,24867,34816,34816
9505,24868,34816,34816
9506,6925,34816,34816
9507,6927,34816,34816
9508,6926,34816,34816
9509,6928,34816,34816
9510,6929,34816,34816
9511,24869,34816,34816
9512,24870,34816,34816
9513,6930,34816,34816
9514,6932,34816,34816
9515,6931,34816,34816
9516,6933,34816,34816
9517,6934,34816,34816
9518,24871,34816,34816
9519,24872,34816,34816
9520,6935,34816,34816
9521,6937,34816,34816
9522,6936,34816,34816
9523,6938,34816,34816
9524,6939,34816,34816
9525,24873,34816,34816
9526,24874,34816,34816
9527,6940,34816,34816
9528,6942,34816,34816
9529,6941,34816,34816
9530,6943,34816,34816
9531,6944,34816,34816
9532,24875,34816,34816
9533,24876,34816,34816
9534,6945,34816,34816
9535,6947,34816,34816
9536,6946,34816,34816
9537,6948,34816,34816
9538,6949,34816,34816
9539,24877,34816,34816
9540,24878,34816,34816
9541,6950,34816,34816
9542,6952,34816,34816
9543,6951,34816,34816
9544,6953,34816,34816
9545,6954,34816,34816
9546,24879,34816,34816
9547,24880,34816,34816
9548,6955,34816,34816
9549,6957,34816,34816
9550,6956,34816,34816
9551,6958,34816,34816
9552,6959,34816,34816
9553,24881,34816,34816
9554,24882,34816,34816
9555,6960,34816,34816
9556,6962,34816,34816
9557,6961,34816,34816
9558,6963,34816,34816
9559,6964,34816,34816
9560,24883,34816,34816
9561,24884,34816,34816
9562,6965,34816,34816
9563,6967,34816,34816
9564,6966,34816,34816
9565,6968,34816,34816
9566,6969,34816,34816
9567,24885,34816,34816
9568,24886,34816,34816
9569,6970,34816,34816
9570,6972,34816,34816
9571,6971,34816,34816
9572,6973,34816,34816
9573,6974,34816,34816
9574,24887,34816,34816
9575,24888,34816,34816
9576,6975,34816,34816
9577,6977,34816,34816
9578,6976,34816,34816
9579,6978,34816,34816
9580,6979,34816,34816
9581,24889,34816,34816
9582,24890,34816,34816
9583,6980,34816,34816
9584,6982,34816,34816
9585,6981,34816,34816
9586,6983,34816,34816
9587,6984,34816,34816
9588,24891,34816,34816
9589,24892,34816,34816
9590,6985,34816,34816
9591,24860,34816,34816
9592,6986,34816,34816
9593,6987,34816,34816
9594,6989,34816,34816
9595,6988,34816,34816
9596,6990,34816,34816
9597,6991,34816,34816
9598,24894,34816,34816
9599,24895,34816,34816
9600,6992,34816,34816
9601,6994,34816,34816
9602,6993,34816,34816
9603,6995,34816,34816
9604,6996,34816,34816
9605,24896,34816,34816
9606,24897,34816,34816
9607,6997,34816,34816
9608,6999,34816,34816
9609,6998,34816,34816
9610,7000,34816,34816
9611,7001,34816,34816
9612,24898,34816,34816
9613,24899,34816,34816
9614,7002,34816,34816
9615,7004,34816,34816
9616,7003,34816,34816
9617,7005,34816,34816
9618,7006,34816,34816
9619,24900,34816,34816
9620,24901,34816,34816
9621,7007,34816,34816
9622,7009,34816,34816
9623,7008,34816,34816
9624,7010,34816,34816
9625,7011,34816,34816
9626,24902,34816,34816
9627,24903,34816,34816
9628,7012,34816,34816
9629,7014,34816,34816
9630,7013,34816,34816
9631,7015,34816,34816
9632,7016,34816,34816
9633,24904,34816,34816
9634,24905,34816,34816
9635,7017,34816,34816
9636,7019,34816,34816
9637,7018,34816,34816
9638,7020,34816,34816
9639,7021,34816,34816
9640,24906,34816,34816
9641,24907,34816,34816
9642,7022,34816,34816
9643,7024,34816,34816
9644,7023,34816,34816
9645,7025,34816,34816
9646,7026,34816,34816
9647,24908,34816,34816
9648,24909,34816,34816
9649,7027,34816,34816
9650,7029,34816,34816
9651,7028,34816,34816
9652,7030,34816,34816
9653,7031,34816,34816
9654,24910,34816,34816
9655,24911,34816,34816
9656,7032,34816,34816
9657,7034,34816,34816
9658,7033,34816,34816
9659,7035,34816,34816
9660,7036,34816,34816
9661,24912,34816,34816
9662,24913,34816,34816
9663,7037,34816,34816
9664,7039,34816,34816
9665,7038,34816,34816
9666,7040,34816,34816
9667,7041,34816,34816
9668,24914,34816,34816
9669,24915,34816,34816
9670,7042,34816,34816
9671,7044,34816,34816
9672,7043,34816,34816
9673,7045,34816,34816
9674,7046,34816,34816
9675,24916,34816,34816
9676,24917,34816,34816
9677,7047,34816,34816
9678,7049,34816,34816
9679,7048,34816,34816
9680,7050,34816,34816
9681,7051,34816,34816
9682,24918,34816,34816
9683,24919,34816,34816
9684,7052,34816,34816
9685,7054,34816,34816
9686,7053,34816,34816
9687,7055,34816,34816
9688,7056,34816,34816
9689,24920,34816,34816
9690,24921,34816,34816
9691,7057,34816,34816
9692,7059,34816,34816
9693,7058,34816,34816
9694,7060,34816,34816
9695,7061,34816,34816
9696,24922,34816,34816
9697,24923,34816,34816
9698,7062,34816,34816
9699,7064,34816,34816
9700,7063,34816,34816
9701,7065,34816,34816
9702,7066,34816,34816
9703,24924,34816,34816
9704,24925,34816,34816
9705,7067,34816,34816
9706,24893,34816,34816
9707,7068,34816,34816
9708,7069,34816,34816
9709,7071,34816,34816
9710,7070,34816,34816
9711,7072,34816,34816
9712,7073,34816,34816
9713,24927,34816,34816
9714,24928,34816,34816
9715,7074,34816,34816
9716,7076,34816,34816
9717,7075,34816,34816
9718,7077,34816,34816
9719,7078,34816,34816
9720,24929,34816,34816
9721,24930,34816,34816
9722,7079,34816,34816
9723,7081,34816,34816
9724,7080,34816,34816
9725,7082,34816,34816
9726,7083,34816,34816
9727,24931,34816,34816
9728,24932,34816,34816
9729,7084,34816,34816
9730,7086,34816,34816
9731,7085,34816,34816
9732,7087,34816,34816
9733,7088,34816,34816
9734,24933,34816,34816
9735,24934,34816,34816
9736,7089,34816,34816
9737,7091,34816,34816
9738,7090,34816,34816
9739,7092,34816,34816
9740,7093,34816,34816
9741,24935,34816,34816
9742,24936,34816,34816
9743,7094,34816,34816
9744,7096,34816,34816
9745,7095,34816,34816
9746,7097,34816,34816
9747,7098,34816,34816
9748,24937,34816,34816
9749,24938,34816,34816
9750,7099,34816,34816
9751,7101,34816,34816
9752,7100,34816,34816
9753,7102,34816,34816
9754,7103,34816,34816
9755,24939,34816,34816
9756,24940,34816,34816
9757,7104,34816,34816
9758,7106,34816,34816
9759,7105,34816,34816
9760,7107,34816,34816
9761,7108,34816,34816
9762,24941,34816,34816
9763,24942,34816,34816
9764,7109,34816,34816
9765,7111,34816,34816
9766,7110,34816,34816
9767,7112,34816,34816
9768,7113,34816,34816
9769,24943,34816,34816
9770,24944,34816,34816
9771,7114,34816,34816
9772,7116,34816,34816
9773,7115,34816,34816
9774,7117,34816,34816
9775,7118,34816,34816
9776,24945,34816,34816
9777,24946,34816,34816
9778,7119,34816,34816
9779,7121,34816,34816
9780,7120,34816,34816
9781,7122,34816,34816
9782,7123,34816,34816
9783,24947,34816,34816
9784,24948,34816,34816
9785,7124,34816,34816
9786,7126,34816,34816
9787,7125,34816,34816
9788,7127,34816,34816
9789,7128,34816,34816
9790,24949,34816,34816
9791,24950,34816,34816
9792,7129,34816,34816
9793,7131,34816,34816
9794,7130,34816,34816
9795,7132,34816,34816
9796,7133,34816,34816
9797,24951,34816,34816
9798,24952,34816,34816
9799,7134,34816,34816
9800,7136,34816,34816
9801,7135,34816,34816
9802,7137,34816,34816
9803,7138,34816,34816
9804,24953,34816,34816
9805,24954,34816,34816
9806,7139,34816,34816
9807,7141,34816,34816
9808,7140,34816,34816
9809,7142,34816,34816
9810,7143,34816,34816
9811,24955,34816,34816
9812,24956,34816,34816
9813,7144,34816,34816
9814,7146,34816,34816
9815,7145,34816,34816
9816,7147,34816,34816
9817,7148,34816,34816
9818,24957,34816,34816
9819,24958,34816,34816
9820,7149,34816,34816
9821,24926,34816,34816
9822,7150,34816,34816
9823,7151,34816,34816
9824,7153,34816,34816
9825,24449,34688,34816
9826,7152,34688,34816
9827,7154,34688,34816
9828,7155,34688,34816
9829,24960,34688,34816
9830,24961,34688,34816
9831,7156,34688,34816
9832,7158,34688,34816
9833,24452,34560,34816
9834,7157,34560,34816
9835,7159,34560,34816
9836,7160,34560,34816
9837,24962,34560,34816
9838,24963,34560,34816
9839,7161,34560,34816
9840,7163,34560,34816
9841,24455,34432,34816
9842,7162,34432,34816
9843,7164,34432,34816
9844,7165,34432,34816
9845,24964,34432,34816
9846,24965,34432,34816
9847,7166,34432,34816
9848,7168,34432,34816
9849,24458,34304,34816
9850,7167,34304,34816
9851,7169,34304,34816
9852,7170,34304,34816
9853,24966,34304,34816
9854,24967,34304,34816
9855,7171,34304,34816
9856,7173,34304,34816
9857,24461,34176,34816
9858,7172,34176,34816
9859,7174,34176,34816
9860,7175,34176,34816
9861,24968,34176,34816
9862,24969,34176,34816
9863,7176,34176,34816
9864,7178,34176,34816
9865,24464,34048,34816
9866,7177,34048,34816
9867,7179,34048,34816
9868,7180,34048,34816
9869,24970,34048,34816
9870,24971,34048,34816
9871,7181,34048,34816
9872,7183,34048,34816
9873,24467,33920,34816
9874,7182,33920,34816
9875,7184,33920,34816
9876,7185,33920,34816
9877,24972,33920,34816
9878,24973,33920,34816
9879,7186,33920,34816
9880,7188,33920,34816
9881,24470,33792,34816
9882,7187,33792,34816
9883,7189,33792,34816
9884,7190,33792,34816
9885,24974,33792,34816
9886,24975,33792,34816
9887,7191,33792,34816
9888,7193,33792,34816
9889,24473,33664,34816
9890,7192,33664,34816
9891,7194,33664,34816
9892,7195,33664,34816
9893,24976,33664,34816
9894,24977,33664,34816
9895,7196,33664,34816
9896,7198,33664,34816
9897,24476,33536,34816
9898,7197,33536,34816
9899,7199,33536,34816
9900,7200,33536,34816
9901,24978,33536,34816
9902,24979,33536,34816
9903,7201,33536,34816
9904,7203,33536,34816
9905,24479,33408,34816
9906,7202,33408,34816
9907,7204,33408,34816
9908,7205,33408,34816
9909,24980,33408,34816
9910,24981,33408,34816
9911,7206,33408,34816
9912,7208,33408,34816
9913,24482,33280,34816
9914,7207,33280,34816
9915,7209,33280,34816
9916,7210,33280,34816
9917,24982,33280,34816
9918,24983,33280,34816
9919,7211,33280,34816
9920,7213,33280,34816
9921,24485,33152,34816
9922,7212,33152,34816
9923,7214,33152,34816
9924,7215,33152,34816
9925,24984,33152,34816
9926,24985,33152,34816
9927,7216,33152,34816
9928,7218,33152,34816
9929,24488,33024,34816
9930,7217,33024,34816
9931,7219,33024,34816
9932,7220,33024,34816
9933,24986,33024,34816
9934,24987,33024,34816
9935,7221,33024,34816
9936,7223,33024,34816
9937,24491,32896,34816
9938,7222,32896,34816
9939,7224,32896,34816
9940,7225,32896,34816
9941,24988,32896,34816
9942,24989,32896,34816
9943,7226,32896,34816
9944,7228,32896,34816
9945,24494,32768,34816
9946,7227,32768,34816
9947,7229,32768,34816
9948,7230,32768,34816
9949,24990,32768,34816
9950,24991,32768,34816
9951,7231,32768,34816
9952,24959,32768,34816
9953,7232,32768,34816
9954,7235,32768,34816
9955,7236,32768,34816
9956,7238,32768,34816
9957,7233,32896,34816
9958,7234,32896,34816
9959,7237,32896,34816
9960,7239,32896,34816
9961,24994,32896,34816
9962,24995,32896,34816
9963,7242,32896,34816
9964,7243,32896,34816
9965,7245,32896,34816
9966,7240,33024,34816
9967,7241,33024,34816
9968,7244,33024,34816
9969,7246,33024,34816
9970,24997,33024,34816
9971,24998,33024,34816
9972,7249,33024,34816
9973,7250,33024,34816
9974,7252,33024,34816
9975,7247,33152,34816
9976,7248,33152,34816
9977,7251,33152,34816
9978,7253,33152,34816
9979,25000,33152,34816
9980,25001,33152,34816
9981,7256,33152,34816
9982,7257,33152,34816
9983,7259,33152,34816
9984,7254,33280,34816
9985,7255,33280,34816
9986,7258,33280,34816
9987,7260,33280,34816
9988,25003,33280,34816
9989,25004,33280,34816
9990,7263,33280,34816
9991,7264,33280,34816
9992,7266,33280,34816
9993,7261,33408,34816
9994,7262,33408,34816
9995,7265,33408,34816
9996,7267,33408,34816
9997,25006,33408,34816
9998,25007,33408,34816
9999,7270,33408,34816
10000,7271,33408,34816
10001,7273,33408,34816
10002,7268,33536,34816
10003,7269,33536,34816
10004,7272,33536,34816
10005,7274,33536,34816
10006,25009,33536,34816
10007,25010,33536,34816
10008,7277,33536,34816
10009,7278,33536,34816
10010,7280,33536,34816
10011,7275,33664,34816
10012,7276,33664,34816
10013,7279,33664,34816
10014,7281,33664,34816
10015,25012,33664,34816
10016,25013,33664,34816
10017,7284,33664,34816
10018,7285,33664,34816
10019,7287,33664,34816
10020,7282,33792,34816
10021,7283,33792,34816
10022,7286,33792,34816
10023,7288,33792,34816
10024,25015,33792,34816
10025,25016,33792,34816
10026,7291,33792,34816
10027,7292,33792,34816
10028,7294,33792,34816
10029,7289,33920,34816
10030,7290,33920,34816
10031,7293,33920,34816
10032,7295,33920,34816
10033,25018,33920,34816
10034,25019,33920,34816
10035,7298,33920,34816
10036,7299,33920,34816
10037,7301,33920,34816
10038,7296,34048,34816
10039,7297,34048,34816
10040,7300,34048,34816
10041,7302,34048,34816
10042,25021,34048,34816
10043,25022,34048,34816
10044,7305,34048,34816
10045,7306,34048,34816
10046,7308,34048,34816
10047,7303,34176,34816
10048,7304,34176,34816
10049,7307,34176,34816
10050,7309,34176,34816
10051,25024,34176,34816
10052,25025,34176,34816
10053,7312,34176,34816
10054,7313,34176,34816
10055,7315,34176,34816
10056,7310,34304,34816
10057,7311,34304,34816
10058,7314,34304,34816
10059,7316,34304,34816
10060,25027,34304,34816
10061,25028,34304,34816
10062,7319,34304,34816
10063,7320,34304,34816
10064,7322,34304,34816
10065,7317,34432,34816
10066,7318,34432,34816
10067,7321,34432,34816
10068,7323,34432,34816
10069,25030,34432,34816
10070,25031,34432,34816
10071,7326,34432,34816
10072,7327,34432,34816
10073,7329,34432,34816
10074,7324,34560,34816
10075,7325,34560,34816
10076,7328,34560,34816
10077,7330,34560,34816
10078,25033,34560,34816
10079,25034,34560,34816
10080,7333,34560,34816
10081,7334,34560,34816
10082,7336,34560,34816
10083,7331,34688,34816
10084,7332,34688,34816
10085,7335,34688,34816
10086,7337,34688,34816
10087,25036,34688,34816
10088,25037,34688,34816
10089,7340,34688,34816
10090,7341,34688,34816
10091,7343,34688,34816
10092,7338,34816,34816
10093,7339,34816,34816
10094,7342,34816,34816
10095,7344,34816,34816
10096,25039,34816,34816
10097,25040,34816,34816
10098,7345,34816,34816
10099,24992,34816,34816
10100,7346,34816,34816
10101,7347,34816,34816
10102,7349,34816,34816
10103,7348,34816,34816
10104,7350,34816,34816
10105,7351,34816,34816
10106,25042,34816,34816
10107,25043,34816,34816
10108,7352,34816,34816
10109,7354,34816,34816
10110,7353,34816,34816
10111,7355,34816,34816
10112,7356,34816,34816
10113,25044,34816,34816
10114,25045,34816,34816
10115,7357,34816,34816
10116,7359,34816,34816
10117,7358,34816,34816
10118,7360,34816,34816
10119,7361,34816,34816
10120,25046,34816,34816
10121,25047,34816,34816
10122,7362,34816,34816
10123,7364,34816,34816
10124,7363,34816,34816
10125,7365,34816,34816
10126,7366,34816,34816
10127,25048,34816,34816
10128,25049,34816,34816
10129,7367,34816,34816
10130,7369,34816,34816
10131,7368,34816,34816
10132,7370,34816,34816
10133,7371,34816,34816
10134,25050,34816,34816
10135,25051,34816,34816
10136,7372,34816,34816
10137,7374,34816,34816
10138,7373,34816,34816
10139,7375,34816,34816
10140,7376,34816,34816
10141,25052,34816,34816
10142,25053,34816,34816
10143,7377,34816,34816
10144,7379,34816,34816
10145,7378,34816,34816
10146,7380,34816,34816
10147,7381,34816,34816
10148,25054,34816,34816
10149,25055,34816,34816
10150,7382,34816,34816
10151,7384,34816,34816
10152,7383,34816,34816
10153,7385,34816,34816
10154,7386,34816,34816
10155,25056,34816,34816
10156,25057,34816,34816
10157,7387,34816,34816
10158,7389,34816,34816
10159,7388,34816,34816
10160,7390,34816,34816
10161,7391,34816,34816
10162,25058,34816,34816
10163,25059,34816,34816
10164,7392,34816,34816
10165,7394,34816,34816
10166,7393,34816,34816
10167,7395,34816,34816
10168,7396,34816,34816
10169,25060,34816,34816
10170,25061,34816,34816
10171,7397,34816,34816
10172,7399,34816,34816
10173,7398,34816,34816
10174,7400,34816,34816
10175,7401,34816,34816
10176,25062,34816,34816
10177,25063,34816,34816
10178,7402,34816,34816
10179,7404,34816,34816
10180,7403,34816,34816
10181,7405,34816,34816
10182,7406,34816,34816
10183,25064,34816,34816
10184,25065,34816,34816
10185,7407,34816,34816
10186,7409,34816,34816
10187,7408,34816,34816
10188,7410,34816,34816
10189,7411,34816,34816
10190,25066,34816,34816
10191,25067,34816,34816
10192,7412,34816,34816
10193,7414,34816,34816
10194,7413,34816,34816
10195,7415,34816,34816
10196,7416,34816,34816
10197,25068,34816,34816
10198,25069,34816,34816
10199,7417,34816,34816
10200,7419,34816,34816
10201,7418,34816,34816
10202,7420,34816,34816
10203,7421,34816,34816
10204,25070,34816,34816
10205,25071,34816,34816
10206,7422,34816,34816
10207,7424,34816,34816
10208,7423,34816,34816
10209,7425,34816,34816
10210,7426,34816,34816
10211,25072,34816,34816
10212,25073,34816,34816
10213,7427,34816,34816
10214,25041,34816,34816
10215,7428,34816,34816
10216,7429,34816,34816
10217,7431,34816,34816
10218,7430,34816,34816
10219,7432,34816,34816
10220,7433,34816,34816
10221,25075,34816,34816
10222,25076,34816,34816
10223,7434,34816,34816
10224,7436,34816,34816
10225,7435,34816,34816
10226,7437,34816,34816
10227,7438,34816,34816
10228,25077,34816,34816
10229,25078,34816,34816
10230,7439,34816,34816
10231,7441,34816,34816
10232,7440,34816,34816
10233,7442,34816,34816
10234,7443,34816,34816
10235,25079,34816,34816
10236,25080,34816,34816
10237,7444,34816,34816
10238,7446,34816,34816
10239,7445,34816,34816
10240,7447,34816,34816
10241,7448,34816,34816
10242,25081,34816,34816
10243,25082,34816,34816
10244,7449,34816,34816
10245,7451,34816,34816
10246,7450,34816,34816
10247,7452,34816,34816
10248,7453,34816,34816
10249,25083,34816,34816
10250,25084,34816,34816
10251,7454,34816,34816
10252,7456,34816,34816
10253,7455,34816,34816
10254,7457,34816,34816
10255,7458,34816,34816
10256,25085,34816,34816
10257,25086,34816,34816
10258,7459,34816,34816
10259,7461,34816,34816
10260,7460,34816,34816
10261,7462,34816,34816
10262,7463,34816,34816
10263,25087,34816,34816
10264,25088,34816,34816
10265,7464,34816,34816
10266,7466,34816,34816
10267,7465,34816,34816
10268,7467,34816,34816
10269,7468,34816,34816
10270,25089,34816,34816
10271,25090,34816,34816
10272,7469,34816,34816
10273,7471,34816,34816
10274,7470,34816,34816
10275,7472,34816,34816
10276,7473,34816,34816
10277,25091,34816,34816
10278,25092,34816,34816
10279,7474,34816,34816
10280,7476,34816,34816
10281,7475,34816,34816
10282,7477,34816,34816
10283,7478,34816,34816
10284,25093,34816,34816
10285,25094,34816,34816
10286,7479,34816,34816
10287,7481,34816,34816
10288,7480,34816,34816
10289,7482,34816,34816
10290,7483,34816,34816
10291,25095,34816,34816
10292,25096,34816,34816
10293,7484,34816,34816
10294,7486,34816,34816
10295,7485,34816,34816
10296,7487,34816,34816
10297,7488,34816,34816
10298,25097,34816,34816
10299,25098,34816,34816
10300,7489,34816,34816
10301,7491,34816,34816
10302,7490,34816,34816
10303,7492,34816,34816
10304,7493,34816,34816
10305,25099,34816,34816
10306,25100,34816,34816
10307,7494,34816,34816
10308,7496,34816,34816
10309,7495,34816,34816
10310,7497,34816,34816
10311,7498,34816,34816
10312,25101,34816,34816
10313,25102,34816,34816
10314,7499,34816,34816
10315,7501,34816,34816
10316,7500,34816,34816
10317,7502,34816,34816
10318,7503,34816,34816
10319,25103,34816,34816
10320,25104,34816,34816
10321,7504,34816,34816
10322,7506,34816,34816
10323,7505,34816,34816
10324,7507,34816,34816
10325,7508,34816,34816
10326,25105,34816,34816
10327,25106,34816,34816
10328,7509,34816,34816
10329,25074,34816,34816
10330,7510,34816,34816
10331,7511,34816,34816
10332,7513,34816,34816
10333,7512,34816,34816
10334,7514,34816,34816
10335,7515,34816,34816
10336,25108,34816,34816
10337,25109,34816,34816
10338,7516,34816,34816
10339,7518,34816,34816
10340,7517,34816,34816
10341,7519,34816,34816
10342,7520,34816,34816
10343,25110,34816,34816
10344,25111,34816,34816
10345,7521,34816,34816
10346,7523,34816,34816
10347,7522,34816,34816
10348,7524,34816,34816
10349,7525,34816,34816
10350,25112,34816,34816
10351,25113,34816,34816
10352,7526,34816,34816
10353,7528,34816,34816
10354,7527,34816,34816
10355,7529,34816,34816
10356,7530,34816,34816
10357,25114,34816,34816
10358,25115,34816,34816
10359,7531,34816,34816
10360,7533,34816,34816
10361,7532,34816,34816
10362,7534,34816,34816
10363,7535,34816,34816
10364,25116,34816,34816
10365,25117,34816,34816
10366,7536,34816,34816
10367,7538,34816,34816
10368,7537,34816,34816
10369,7539,34816,34816
10370,7540,34816,34816
10371,25118,34816,34816
10372,25119,34816,34816
10373,7541,34816,34816
10374,7543,34816,34816
10375,7542,34816,34816
10376,7544,34816,34816
10377,7545,34816,34816
10378,25120,34816,34816
10379,25121,34816,34816
10380,7546,34816,34816
10381,7548,34816,34816
10382,7547,34816,34816
10383,7549,34816,34816
10384,7550,34816,34816
10385,25122,34816,34816
10386,25123,34816,34816
10387,7551,34816,34816
10388,7553,34816,34816
10389,7552,34816,34816
10390,7554,34816,34816
10391,7555,34816,34816
10392,25124,34816,34816
10393,25125,34816,34816
10394,7556,34816,34816
10395,7558,34816,34816
10396,7557,34816,34816
10397,7559,34816,34816
10398,7560,34816,34816
10399,25126,34816,34816
10400,25127,34816,34816
10401,7561,34816,34816
10402,7563,34816,34816
10403,7562,34816,34816
10404,7564,34816,34816
10405,7565,34816,34816
10406,25128,34816,34816
10407,25129,34816,34816
10408,7566,34816,34816
10409,7568,34816,34816
10410,7567,34816,34816
10411,7569,34816,34816
10412,7570,34816,34816
10413,25130,34816,34816
10414,25131,34816,34816
10415,7571,34816,34816
10416,7573,34816,34816
10417,7572,34816,34816
10418,7574,34816,34816
10419,7575,34816,34816
10420,25132,34816,34816
10421,25133,34816,34816
10422,7576,34816,34816
10423,7578,34816,34816
10424,7577,34816,34816
10425,7579,34816,34816
10426,7580,34816,34816
10427,25134,34816,34816
10428,25135,34816,34816
10429,7581,34816,34816
10430,7583,34816,34816
10431,7582,34816,34816
10432,7584,34816,34816
10433,7585,34816,34816
10434,25136,34816,34816
10435,25137,34816,34816
10436,7586,34816,34816
10437,7588,34816,34816
10438,7587,34816,34816
10439,7589,34816,34816
10440,7590,34816,34816
10441,25138,34816,34816
10442,25139,34816,34816
10443,7591,34816,34816
10444,25107,34816,34816
10445,7592,34816,34816
10446,7593,34816,34816
10447,7595,34816,34816
10448,7594,34816,34816
10449,7596,34816,34816
10450,7597,34816,34816
10451,25141,34816,34816
10452,25142,34816,34816
10453,7598,34816,34816
10454,7600,34816,34816
10455,7599,34816,34816
10456,7601,34816,34816
10457,7602,34816,34816
10458,25143,34816,34816
10459,25144,34816,34816
10460,7603,34816,34816
10461,7605,34816,34816
10462,7604,34816,34816
10463,7606,34816,34816
10464,7607,34816,34816
10465,25145,34816,34816
10466,25146,34816,34816
10467,7608,34816,34816
10468,7610,34816,34816
10469,7609,34816,34816
10470,7611,34816,34816
10471,7612,34816,34816
10472,25147,34816,34816
10473,25148,34816,34816
10474,7613,34816,34816
10475,7615,34816,34816
10476,7614,34816,34816
10477,7616,34816,34816
10478,7617,34816,34816
10479,25149,34816,34816
10480,25150,34816,34816
10481,7618,34816,34816
10482,7620,34816,34816
10483,7619,34816,34816
10484,7621,34816,34816
10485,7622,34816,34816
10486,25151,34816,34816
10487,25152,34816,34816
10488,7623,34816,34816
10489,7625,34816,34816
10490,7624,34816,34816
10491,7626,34816,34816
10492,7627,34816,34816
10493,25153,34816,34816
10494,25154,34816,34816
10495,7628,34816,34816
10496,7630,34816,34816
10497,7629,34816,34816
10498,7631,34816,34816
10499,7632,34816,34816
10500,25155,34816,34816
10501,25156,34816,34816
10502,7633,34816,34816
10503,7635,34816,34816
10504,7634,34816,34816
10505,7636,34816,34816
10506,7637,34816,34816
10507,25157,34816,34816
10508,25158,34816,34816
10509,7638,34816,34816
10510,7640,34816,34816
10511,7639,34816,34816
10512,7641,34816,34816
10513,7642,34816,34816
10514,25159,34816,34816
10515,25160,34816,34816
10516,7643,34816,34816
10517,7645,34816,34816
10518,7644,34816,34816
10519,7646,34816,34816
10520,7647,34816,34816
10521,25161,34816,34816
10522,25162,34816,34816
10523,7648,34816,34816
10524,7650,34816,34816
10525,7649,34816,34816
10526,7651,34816,34816
10527,7652,34816,34816
10528,25163,34816,34816
10529,25164,34816,34816
10530,7653,34816,34816
10531,7655,34816,34816
10532,7654,34816,34816
10533,7656,34816,34816
10534,7657,34816,34816
10535,25165,34816,34816
10536,25166,34816,34816
10537,7658,34816,34816
10538,7660,34816,34816
10539,7659,34816,34816
10540,7661,34816,34816
10541,7662,34816,34816
10542,25167,34816,34816
10543,25168,34816,34816
10544,7663,34816,34816
10545,7665,34816,34816
10546,7664,34816,34816
10547,7666,34816,34816
10548,7667,34816,34816
10549,25169,34816,34816
10550,25170,34816,34816
10551,7668,34816,34816
10552,7670,34816,34816
10553,7669,34816,34816
10554,7671,34816,34816
10555,7672,34816,34816
10556,25171,34816,34816
10557,25172,34816,34816
10558,7673,34816,34816
10559,25140,34816,34816
10560,7674,34816,34816
10561,7675,34816,34816
10562,7677,34816,34816
10563,7676,34816,34816
10564,7678,34816,34816
10565,7679,34816,34816
10566,25174,34816,34816
10567,25175,34816,34816
10568,7680,34816,34816
10569,7682,34816,34816
10570,7681,34816,34816
10571,7683,34816,34816
10572,7684,34816,34816
10573,25176,34816,34816
10574,25177,34816,34816
10575,7685,34816,34816
10576,7687,34816,34816
10577,7686,34816,34816
10578,7688,34816,34816
10579,7689,34816,34816
10580,25178,34816,34816
10581,25179,34816,34816
10582,7690,34816,34816
10583,7692,34816,34816
10584,7691,34816,34816
10585,7693,34816,34816
10586,7694,34816,34816
10587,25180,34816,34816
10588,25181,34816,34816
10589,7695,34816,34816
10590,7697,34816,34816
10591,7696,34816,34816
10592,7698,34816,34816
10593,7699,34816,34816
10594,25182,34816,34816
10595,25183,34816,34816
10596,7700,34816,34816
10597,7702,34816,34816
10598,7701,34816,34816
10599,7703,34816,34816
10600,7704,34816,34816
10601,25184,34816,34816
10602,25185,34816,34816
10603,7705,34816,34816
10604,7707,34816,34816
10605,7706,34816,34816
10606,7708,34816,34816
10607,7709,34816,34816
10608,25186,34816,34816
10609,25187,34816,34816
10610,7710,34816,34816
10611,7712,34816,34816
10612,7711,34816,34816
10613,7713,34816,34816
10614,7714,34816,34816
10615,25188,34816,34816
10616,25189,34816,34816
10617,7715,34816,34816
10618,7717,34816,34816
10619,7716,34816,34816
10620,7718,34816,34816
10621,7719,34816,34816
10622,25190,34816,34816
10623,25191,34816,34816
10624,7720,34816,34816
10625,7722,34816,34816
10626,7721,34816,34816
10627,7723,34816,34816
10628,7724,34816,34816
10629,25192,34816,34816
10630,25193,34816,34816
10631,7725,34816,34816
10632,7727,34816,34816
10633,7726,34816,34816
10634,7728,34816,34816
10635,7729,34816,34816
10636,25194,34816,34816
10637,25195,34816,34816
10638,7730,34816,34816
10639,7732,34816,34816
10640,7731,34816,34816
10641,7733,34816,34816
10642,7734,34816,34816
10643,25196,34816,34816
10644,25197,34816,34816
10645,7735,34816,34816
10646,7737,34816,34816
10647,7736,34816,34816
10648,7738,34816,34816
10649,7739,34816,34816
10650,25198,34816,34816
10651,25199,34816,34816
10652,7740,34816,34816
10653,7742,34816,34816
10654,7741,34816,34816
10655,7743,34816,34816
10656,7744,34816,34816
10657,25200,34816,34816
10658,25201,34816,34816
10659,7745,34816,34816
10660,7747,34816,34816
10661,7746,34816,34816
10662,7748,34816,34816
10663,7749,34816,34816
10664,25202,34816,34816
10665,25203,34816,34816
10666,7750,34816,34816
10667,7752,34816,34816
10668,7751,34816,34816
10669,7753,34816,34816
10670,7754,34816,34816
10671,25204,34816,34816
10672,25205,34816,34816
10673,7755,34816,34816
10674,25173,34816,34816
10675,7756,34816,34816
10676,7757,34816,34816
10677,7759,34816,34816
10678,7758,34816,34816
10679,7760,34816,34816
10680,7761,34816,34816
10681,25207,34816,34816
10682,25208,34816,34816
10683,7762,34816,34816
10684,7764,34816,34816
10685,7763,34816,34816
10686,7765,34816,34816
10687,7766,34816,34816
10688,25209,34816,34816
10689,25210,34816,34816
10690,7767,34816,34816
10691,7769,34816,34816
10692,7768,34816,34816
10693,7770,34816,34816
10694,7771,34816,34816
10695,25211,34816,34816
10696,25212,34816,34816
10697,7772,34816,34816
10698,7774,34816,34816
10699,7773,34816,34816
10700,7775,34816,34816
10701,7776,34816,34816
10702,25213,34816,34816
10703,25214,34816,34816
10704,7777,34816,34816
10705,7779,34816,34816
10706,7778,34816,34816
10707,7780,34816,34816
10708,7781,34816,34816
10709,25215,34816,34816
10710,25216,34816,34816
10711,7782,34816,34816
10712,7784,34816,34816
10713,7783,34816,34816
10714,7785,34816,34816
10715,7786,34816,34816
10716,25217,34816,34816
10717,25218,34816,34816
10718,7787,34816,34816
10719,7789,34816,34816
10720,7788,34816,34816
10721,7790,34816,34816
10722,7791,34816,34816
10723,25219,34816,34816
10724,25220,34816,34816
10725,7792,34816,34816
10726,7794,34816,34816
10727,7793,34816,34816
10728,7795,34816,34816
10729,7796,34816,34816
10730,25221,34816,34816
10731,25222,34816,34816
10732,7797,34816,34816
10733,7799,34816,34816
10734,7798,34816,34816
10735,7800,34816,34816
10736,7801,34816,34816
10737,25223,34816,34816
10738,25224,34816,34816
10739,7802,34816,34816
10740,7804,34816,34816
10741,7803,34816,34816
10742,7805,34816,34816
10743,7806,34816,34816
10744,25225,34816,34816
10745,25226,34816,34816
10746,7807,34816,34816
10747,7809,34816,34816
10748,7808,34816,34816
10749,7810,34816,34816
10750,7811,34816,34816
10751,25227,34816,34816
10752,25228,34816,34816
10753,7812,34816,34816
10754,7814,34816,34816
10755,7813,34816,34816
10756,7815,34816,34816
10757,7816,34816,34816
10758,25229,34816,34816
10759,25230,34816,34816
10760,7817,34816,34816
10761,7819,34816,34816
10762,7818,34816,34816
10763,7820,34816,34816
10764,7821,34816,34816
10765,25231,34816,34816
10766,25232,34816,34816
10767,7822,34816,34816
10768,7824,34816,34816
10769,7823,34816,34816
10770,7825,34816,34816
10771,7826,34816,34816
10772,25233,34816,34816
10773,25234,34816,34816
10774,7827,34816,34816
10775,7829,34816,34816
10776,7828,34816,34816
10777,7830,34816,34816
10778,7831,34816,34816
10779,25235,34816,34816
10780,25236,34816,34816
10781,7832,34816,34816
10782,7834,34816,34816
10783,7833,34816,34816
10784,7835,34816,34816
10785,7836,34816,34816
10786,25237,34816,34816
10787,25238,34816,34816
10788,7837,34816,34816
10789,25206,34816,34816
10790,7838,34816,34816
10791,7839,34816,34816
10792,7841,34816,34816
10793,7840,34816,34816
10794,7842,34816,34816
10795,7843,34816,34816
10796,25240,34816,34816
10797,25241,34816,34816
10798,7844,34816,34816
10799,7846,34816,34816
10800,7845,34816,34816
10801,7847,34816,34816
10802,7848,34816,34816
10803,25242,34816,34816
10804,25243,34816,34816
10805,7849,34816,34816
10806,7851,34816,34816
10807,7850,34816,34816
10808,7852,34816,34816
10809,7853,34816,34816
10810,25244,34816,34816
10811,25245,34816,34816
10812,7854,34816,34816
10813,7856,34816,34816
10814,7855,34816,34816
10815,7857,34816,34816
10816,7858,34816,34816
10817,25246,34816,34816
10818,25247,34816,34816
10819,7859,34816,34816
10820,7861,34816,34816
10821,7860,34816,34816
10822,7862,34816,34816
10823,7863,34816,34816
10824,25248,34816,34816
10825,25249,34816,34816
10826,7864,34816,34816
10827,7866,34816,34816
10828,7865,34816,34816
10829,7867,34816,34816
10830,7868,34816,34816
10831,25250,34816,34816
10832,25251,34816,34816
10833,7869,34816,34816
10834,7871,34816,34816
10835,7870,34816,34816
10836,7872,34816,34816
10837,7873,34816,34816
10838,25252,34816,34816
10839,25253,34816,34816
10840,7874,34816,34816
10841,7876,34816,34816
10842,7875,34816,34816
10843,7877,34816,34816
10844,7878,34816,34816
10845,25254,34816,34816
10846,25255,34816,34816
10847,7879,34816,34816
10848,7881,34816,34816
10849,7880,34816,34816
10850,7882,34816,34816
10851,7883,34816,34816
10852,25256,34816,34816
10853,25257,34816,34816
10854,7884,34816,34816
10855,7886,34816,34816
10856,7885,34816,34816
10857,7887,34816,34816
10858,7888,34816,34816
10859,25258,34816,34816
10860,25259,34816,34816
10861,7889,34816,34816
10862,7891,34816,34816
10863,7890,34816,34816
10864,7892,34816,34816
10865,7893,34816,34816
10866,25260,34816,34816
10867,25261,34816,34816
10868,7894,34816,34816
10869,7896,34816,34816
10870,7895,34816,34816
10871,7897,34816,34816
10872,7898,34816,34816
10873,25262,34816,34816
10874,25263,34816,34816
10875,7899,34816,34816
10876,7901,34816,34816
10877,7900,34816,34816
10878,7902,34816,34816
10879,7903,34816,34816
10880,25264,34816,34816
10881,25265,34816,34816
10882,7904,34816,34816
10883,7906,34816,34816
10884,7905,34816,34816
10885,7907,34816,34816
10886,7908,34816,34816
10887,25266,34816,34816
10888,25267,34816,34816
10889,7909,34816,34816
10890,7911,34816,34816
10891,7910,34816,34816
10892,7912,34816,34816
10893,7913,34816,34816
10894,25268,34816,34816
10895,25269,34816,34816
10896,7914,34816,34816
10897,7916,34816,34816
10898,7915,34816,34816
10899,7917,34816,34816
10900,7918,34816,34816
10901,25270,34816,34816
10902,25271,34816,34816
10903,7919,34816,34816
10904,25239,34816,34816
10905,7920,34816,34816
10906,7921,34816,34816
10907,7923,34816,34816
10908,7922,34816,34816
10909,7924,34816,34816
10910,7925,34816,34816
10911,25273,34816,34816
10912,25274,34816,34816
10913,7926,34816,34816
10914,7928,34816,34816
10915,7927,34816,34816
10916,7929,34816,34816
10917,7930,34816,34816
10918,25275,34816,34816
10919,25276,34816,34816
10920,7931,34816,34816
10921,7933,34816,34816
10922,7932,34816,34816
10923,7934,34816,34816
10924,7935,34816,34816
10925,25277,34816,34816
10926,25278,34816,34816
10927,7936,34816,34816
10928,7938,34816,34816
10929,7937,34816,34816
10930,7939,34816,34816
10931,7940,34816,34816
10932,25279,34816,34816
10933,25280,34816,34816
10934,7941,34816,34816
10935,7943,34816,34816
10936,7942,34816,34816
10937,7944,34816,34816
10938,7945,34816,34816
10939,25281,34816,34816
10940,25282,34816,34816
10941,7946,34816,34816
10942,7948,34816,34816
10943,7947,34816,34816
10944,7949,34816,34816
10945,7950,34816,34816
10946,25283,34816,34816
10947,25284,34816,34816
10948,7951,34816,34816
10949,7953,34816,34816
10950,7952,34816,34816
10951,7954,34816,34816
10952,7955,34816,34816
10953,25285,34816,34816
10954,25286,34816,34816
10955,7956,34816,34816
10956,7958,34816,34816
10957,7957,34816,34816
10958,7959,34816,34816
10959,7960,34816,34816
10960,25287,34816,34816
10961,25288,34816,34816
10962,7961,34816,34816
10963,7963,34816,34816
10964,7962,34816,34816
10965,7964,34816,34816
10966,7965,34816,34816
10967,25289,34816,34816
10968,25290,34816,34816
10969,7966,34816,34816
10970,7968,34816,34816
10971,7967,34816,34816
10972,7969,34816,34816
10973,7970,34816,34816
10974,25291,34816,34816
10975,25292,34816,34816
10976,7971,34816,34816
10977,7973,34816,34816
10978,7972,34816,34816
10979,7974,34816,34816
10980,7975,34816,34816
10981,25293,34816,34816
10982,25294,34816,34816
10983,7976,34816,34816
10984,7978,34816,34816
10985,7977,34816,34816
10986,7979,34816,34816
10987,7980,34816,34816
10988,25295,34816,34816
10989,25296,34816,34816
10990,7981,34816,34816
10991,7983,34816,34816
10992,7982,34816,34816
10993,7984,34816,34816
10994,7985,34816,34816
10995,25297,34816,34816
10996,25298,34816,34816
10997,7986,34816,34816
10998,7988,34816,34816
10999,7987,34816,34816
11000,7989,34816,34816
11001,7990,34816,34816
11002,25299,34816,34816
11003,25300,34816,34816
11004,7991,34816,34816
11005,7993,34816,34816
11006,7992,34816,34816
11007,7994,34816,34816
11008,7995,34816,34816
11009,25301,34816,34816
11010,25302,34816,34816
11011,7996,34816,34816
11012,7998,34816,34816
11013,7997,34816,34816
11014,7999,34816,34816
11015,8000,34816,34816
11016,25303,34816,34816
11017,25304,34816,34816
11018,8001,34816,34816
11019,25272,34816,34816
11020,8002,34816,34816
11021,8003,34816,34816
11022,8005,34816,34816
11023,8004,34816,34816
11024,8006,34816,34816
11025,8007,34816,34816
11026,25306,34816,34816
11027,25307,34816,34816
11028,8008,34816,34816
11029,8010,34816,34816
11030,8009,34816,34816
11031,8011,34816,34816
11032,8012,34816,34816
11033,25308,34816,34816
11034,25309,34816,34816
11035,8013,34816,34816
11036,8015,34816,34816
11037,8014,34816,34816
11038,8016,34816,34816
11039,8017,34816,34816
11040,25310,34816,34816
11041,25311,34816,34816
11042,8018,34816,34816
11043,8020,34816,34816
11044,8019,34816,34816
11045,8021,34816,34816
11046,8022,34816,34816
11047,25312,34816,34816
11048,25313,34816,34816
11049,8023,34816,34816
11050,8025,34816,34816
11051,8024,34816,34816
11052,8026,34816,34816
11053,8027,34816,34816
11054,25314,34816,34816
11055,25315,34816,34816
11056,8028,34816,34816
11057,8030,34816,34816
11058,8029,34816,34816
11059,8031,34816,34816
11060,8032,34816,34816
11061,25316,34816,34816
11062,25317,34816,34816
11063,8033,34816,34816
11064,8035,34816,34816
11065,8034,34816,34816
11066,8036,34816,34816
11067,8037,34816,34816
11068,25318,34816,34816
11069,25319,34816,34816
11070,8038,34816,34816
11071,8040,34816,34816
11072,8039,34816,34816
11073,8041,34816,34816
11074,8042,34816,34816
11075,25320,34816,34816
11076,25321,34816,34816
11077,8043,34816,34816
11078,8045,34816,34816
11079,8044,34816,34816
11080,8046,34816,34816
11081,8047,34816,34816
11082,25322,34816,34816
11083,25323,34816,34816
11084,8048,34816,34816
11085,8050,34816,34816
11086,8049,34816,34816
11087,8051,34816,34816
11088,8052,34816,34816
11089,25324,34816,34816
11090,25325,34816,34816
11091,8053,34816,34816
11092,8055,34816,34816
11093,8054,34816,34816
11094,8056,34816,34816
11095,8057,34816,34816
11096,25326,34816,34816
11097,25327,34816,34816
11098,8058,34816,34816
11099,8060,34816,34816
11100,8059,34816,34816
11101,8061,34816,34816
11102,8062,34816,34816
11103,25328,34816,34816
11104,25329,34816,34816
11105,8063,34816,34816
11106,8065,34816,34816
11107,8064,34816,34816
11108,8066,34816,34816
11109,8067,34816,34816
11110,25330,34816,34816
11111,25331,34816,34816
11112,8068,34816,34816
11113,8070,34816,34816
11114,8069,34816,34816
11115,8071,34816,34816
11116,8072,34816,34816
11117,25332,34816,34816
11118,25333,34816,34816
11119,8073,34816,34816
11120,8075,34816,34816
11121,8074,34816,34816
11122,8076,34816,34816
11123,8077,34816,34816
11124,25334,34816,34816
11125,25335,34816,34816
11126,8078,34816,34816
11127,8080,34816,34816
11128,8079,34816,34816
11129,8081,34816,34816
11130,8082,34816,34816
11131,25336,34816,34816
11132,25337,34816,34816
11133,8083,34816,34816
11134,25305,34816,34816
11135,8084,34816,34816
11136,8085,34816,34816
11137,8087,34816,34816
11138,8086,34816,34816
11139,8088,34816,34816
11140,8089,34816,34816
11141,25339,34816,34816
11142,25340,34816,34816
11143,8090,34816,34816
11144,8092,34816,34816
11145,8091,34816,34816
11146,8093,34816,34816
11147,8094,34816,34816
11148,25341,34816,34816
11149,25342,34816,34816
11150,8095,34816,34816
11151,8097,34816,34816
11152,8096,34816,34816
11153,8098,34816,34816
11154,8099,34816,34816
11155,25343,34816,34816
11156,25344,34816,34816
11157,8100,34816,34816
11158,8102,34816,34816
11159,8101,34816,34816
11160,8103,34816,34816
11161,8104,34816,34816
11162,25345,34816,34816
11163,25346,34816,34816
11164,8105,34816,34816
11165,8107,34816,34816
11166,8106,34816,34816
11167,8108,34816,34816
11168,8109,34816,34816
11169,25347,34816,34816
11170,25348,34816,34816
11171,8110,34816,34816
11172,8112,34816,34816
11173,8111,34816,34816
11174,8113,34816,34816
11175,8114,34816,34816
11176,25349,34816,34816
11177,25350,34816,34816
11178,8115,34816,34816
11179,8117,34816,34816
11180,8116,34816,34816
11181,8118,34816,34816
11182,8119,34816,34816
11183,25351,34816,34816
11184,25352,34816,34816
11185,8120,34816,34816
11186,8122,34816,34816
11187,8121,34816,34816
11188,8123,34816,34816
11189,8124,34816,34816
11190,25353,34816,34816
11191,25354,34816,34816
11192,8125,34816,34816
11193,8127,34816,34816
11194,8126,34816,34816
11195,8128,34816,34816
11196,8129,34816,34816
11197,25355,34816,34816
11198,25356,34816,34816
11199,8130,34816,34816
11200,8132,34816,34816
11201,8131,34816,34816
11202,8133,34816,34816
11203,8134,34816,34816
11204,25357,34816,34816
11205,25358,34816,34816
11206,8135,34816,34816
11207,8137,34816,34816
11208,8136,34816,34816
11209,8138,34816,34816
11210,8139,34816,34816
11211,25359,34816,34816
11212,25360,34816,34816
11213,8140,34816,34816
11214,8142,34816,34816
11215,8141,34816,34816
11216,8143,34816,34816
11217,8144,34816,34816
11218,25361,34816,34816
11219,25362,34816,34816
11220,8145,34816,34816
11221,8147,34816,34816
11222,8146,34816,34816
11223,8148,34816,34816
11224,8149,34816,34816
11225,25363,34816,34816
11226,25364,34816,34816
11227,8150,34816,34816
11228,8152,34816,34816
11229,8151,34816,34816
11230,8153,34816,34816
11231,8154,34816,34816
11232,25365,34816,34816
11233,25366,34816,34816
11234,8155,34816,34816
11235,8157,34816,34816
11236,8156,34816,34816
11237,8158,34816,34816
11238,8159,34816,34816
11239,25367,34816,34816
11240,25368,34816,34816
11241,8160,34816,34816
11242,8162,34816,34816
11243,8161,34816,34816
11244,8163,34816,34816
11245,8164,34816,34816
11246,25369,34816,34816
11247,25370,34816,34816
11248,8165,34816,34816
11249,25338,34816,34816
11250,8166,34816,34816
11251,8167,34816,34816
11252,8169,34816,34816
11253,8168,34816,34816
11254,8170,34816,34816
11255,8171,34816,34816
11256,25372,34816,34816
11257,25373,34816,34816
11258,8172,34816,34816
11259,8174,34816,34816
11260,8173,34816,34816
11261,8175,34816,34816
11262,8176,34816,34816
11263,25374,34816,34816
11264,25375,34816,34816
11265,8177,34816,34816
11266,8179,34816,34816
11267,8178,34816,34816
11268,8180,34816,34816
11269,8181,34816,34816
11270,25376,34816,34816
11271,25377,34816,34816
11272,8182,34816,34816
11273,8184,34816,34816
11274,8183,34816,34816
11275,8185,34816,34816
11276,8186,34816,34816
11277,25378,34816,34816
11278,25379,34816,34816
11279,8187,34816,34816
11280,8189,34816,34816
11281,8188,34816,34816
11282,8190,34816,34816
11283,8191,34816,34816
11284,25380,34816,34816
11285,25381,34816,34816
11286,8192,34816,34816
11287,8194,34816,34816
11288,8193,34816,34816
11289,8195,34816,34816
11290,8196,34816,34816
11291,25382,34816,34816
11292,25383,34816,34816
11293,8197,34816,34816
11294,8199,34816,34816
11295,8198,34816,34816
11296,8200,34816,34816
11297,8201,34816,34816
11298,25384,34816,34816
11299,25385,34816,34816
11300,8202,34816,34816
11301,8204,34816,34816
11302,8203,34816,34816
11303,8205,34816,34816
11304,8206,34816,34816
11305,25386,34816,34816
11306,25387,34816,34816
11307,8207,34816,34816
11308,8209,34816,34816
11309,8208,34816,34816
11310,8210,34816,34816
11311,8211,34816,34816
11312,25388,34816,34816
11313,25389,34816,34816
11314,8212,34816,34816
11315,8214,34816,34816
11316,8213,34816,34816
11317,8215,34816,34816
11318,8216,34816,34816
11319,25390,34816,34816
11320,25391,34816,34816
11321,8217,34816,34816
11322,8219,34816,34816
11323,8218,34816,34816
11324,8220,34816,34816
11325,8221,34816,34816
11326,25392,34816,34816
11327,25393,34816,34816
11328,8222,34816,34816
11329,8224,34816,34816
11330,8223,34816,34816
11331,8225,34816,34816
11332,8226,34816,34816
11333,25394,34816,34816
11334,25395,34816,34816
11335,8227,34816,34816
11336,8229,34816,34816
11337,8228,34816,34816
11338,8230,34816,34816
11339,8231,34816,34816
11340,25396,34816,34816
11341,25397,34816,34816
11342,8232,34816,34816
11343,8234,34816,34816
11344,8233,34816,34816
11345,8235,34816,34816
11346,8236,34816,34816
11347,25398,34816,34816
11348,25399,34816,34816
11349,8237,34816,34816
11350,8239,34816,34816
11351,8238,34816,34816
11352,8240,34816,34816
11353,8241,34816,34816
11354,25400,34816,34816
11355,25401,34816,34816
11356,8242,34816,34816
11357,8244,34816,34816
11358,8243,34816,34816
11359,8245,34816,34816
11360,8246,34816,34816
11361,25402,34816,34816
11362,25403,34816,34816
11363,8247,34816,34816
11364,25371,34816,34816
11365,8248,34816,34816
11366,8249,34816,34816
11367,8251,34816,34816
11368,8250,34816,34816
11369,8252,34816,34816
11370,8253,34816,34816
11371,25405,34816,34816
11372,25406,34816,34816
11373,8254,34816,34816
11374,8256,34816,34816
11375,8255,34816,34816
11376,8257,34816,34816
11377,8258,34816,34816
11378,25407,34816,34816
11379,25408,34816,34816
11380,8259,34816,34816
11381,8261,34816,34816
11382,8260,34816,34816
11383,8262,34816,34816
11384,8263,34816,34816
11385,25409,34816,34816
11386,25410,34816,34816
11387,8264,34816,34816
11388,8266,34816,34816
11389,8265,34816,34816
11390,8267,34816,34816
11391,8268,34816,34816
11392,25411,34816,34816
11393,25412,34816,34816
11394,8269,34816,34816
11395,8271,34816,34816
11396,8270,34816,34816
11397,8272,34816,34816
11398,8273,34816,34816
11399,25413,34816,34816
11400,25414,34816,34816
11401,8274,34816,34816
11402,8276,34816,34816
11403,8275,34816,34816
11404,8277,34816,34816
11405,8278,34816,34816
11406,25415,34816,34816
11407,25416,34816,34816
11408,8279,34816,34816
11409,8281,34816,34816
11410,8280,34816,34816
11411,8282,34816,34816
11412,8283,34816,34816
11413,25417,34816,34816
11414,25418,34816,34816
11415,8284,34816,34816
11416,8286,34816,34816
11417,8285,34816,34816
11418,8287,34816,34816
11419,8288,34816,34816
11420,25419,34816,34816
11421,25420,34816,34816
11422,8289,34816,34816
11423,8291,34816,34816
11424,8290,34816,34816
11425,8292,34816,34816
11426,8293,34816,34816
11427,25421,34816,34816
11428,25422,34816,34816
11429,8294,34816,34816
11430,8296,34816,34816
11431,8295,34816,34816
11432,8297,34816,34816
11433,8298,34816,34816
11434,25423,34816,34816
11435,25424,34816,34816
11436,8299,34816,34816
11437,8301,34816,34816
11438,8300,34816,34816
11439,8302,34816,34816
11440,8303,34816,34816
11441,25425,34816,34816
11442,25426,34816,34816
11443,8304,34816,34816
11444,8306,34816,34816
11445,8305,34816,34816
11446,8307,34816,34816
11447,8308,34816,34816
11448,25427,34816,34816
11449,25428,34816,34816
11450,8309,34816,34816
11451,8311,34816,34816
11452,8310,34816,34816
11453,8312,34816,34816
11454,8313,34816,34816
11455,25429,34816,34816
11456,25430,34816,34816
11457,8314,34816,34816
11458,8316,34816,34816
11459,8315,34816,34816
11460,8317,34816,34816
11461,8318,34816,34816
11462,25431,34816,34816
11463,25432,34816,34816
11464,8319,34816,34816
11465,8321,34816,34816
11466,8320,34816,34816
11467,8322,34816,34816
11468,8323,34816,34816
11469,25433,34816,34816
11470,25434,34816,34816
11471,8324,34816,34816
11472,8326,34816,34816
11473,8325,34816,34816
11474,8327,34816,34816
11475,8328,34816,34816
11476,25435,34816,34816
11477,25436,34816,34816
11478,8329,34816,34816
11479,25404,34816,34816
11480,8330,34816,34816
11481,8331,34816,34816
11482,8333,34816,34816
11483,8332,34816,34816
11484,8334,34816,34816
11485,8335,34816,34816
11486,25438,34816,34816
11487,25439,34816,34816
11488,8336,34816,34816
11489,8338,34816,34816
11490,8337,34816,34816
11491,8339,34816,34816
11492,8340,34816,34816
11493,25440,34816,34816
11494,25441,34816,34816
11495,8341,34816,34816
11496,8343,34816,34816
11497,8342,34816,34816
11498,8344,34816,34816
11499,8345,34816,34816
11500,25442,34816,34816
11501,25443,34816,34816
11502,8346,34816,34816
11503,8348,34816,34816
11504,8347,34816,34816
11505,8349,34816,34816
11506,8350,34816,34816
11507,25444,34816,34816
11508,25445,34816,34816
11509,8351,34816,34816
11510,8353,34816,34816
11511,8352,34816,34816
11512,8354,34816,34816
11513,8355,34816,34816
11514,25446,34816,34816
11515,25447,34816,34816
11516,8356,34816,34816
11517,8358,34816,34816
11518,8357,34816,34816
11519,8359,34816,34816
11520,8360,34816,34816
11521,25448,34816,34816
11522,25449,34816,34816
11523,8361,34816,34816
11524,8363,34816,34816
11525,8362,34816,34816
11526,8364,34816,34816
11527,8365,34816,34816
11528,25450,34816,34816
11529,25451,34816,34816
11530,8366,34816,34816
11531,8368,34816,34816
11532,8367,34816,34816
11533,8369,34816,34816
11534,8370,34816,34816
11535,25452,34816,34816
11536,25453,34816,34816
11537,8371,34816,34816
11538,8373,34816,34816
11539,8372,34816,34816
11540,8374,34816,34816
11541,8375,34816,34816
11542,25454,34816,34816
11543,25455,34816,34816
11544,8376,34816,34816
11545,8378,34816,34816
11546,8377,34816,34816
11547,8379,34816,34816
11548,8380,34816,34816
11549,25456,34816,34816
11550,25457,34816,34816
11551,8381,34816,34816
11552,8383,34816,34816
11553,8382,34816,34816
11554,8384,34816,34816
11555,8385,34816,34816
11556,25458,34816,34816
11557,25459,34816,34816
11558,8386,34816,34816
11559,8388,34816,34816
11560,8387,34816,34816
11561,8389,34816,34816
11562,8390,34816,34816
11563,25460,34816,34816
11564,25461,34816,34816
11565,8391,34816,34816
11566,8393,34816,34816
11567,8392,34816,34816
11568,8394,34816,34816
11569,8395,34816,34816
11570,25462,34816,34816
11571,25463,34816,34816
11572,8396,34816,34816
11573,8398,34816,34816
11574,8397,34816,34816
11575,8399,34816,34816
11576,8400,34816,34816
11577,25464,34816,34816
11578,25465,34816,34816
11579,8401,34816,34816
11580,8403,34816,34816
11581,8402,34816,34816
11582,8404,34816,34816
11583,8405,34816,34816
11584,25466,34816,34816
11585,25467,34816,34816
11586,8406,34816,34816
11587,8408,34816,34816
11588,8407,34816,34816
11589,8409,34816,34816
11590,8410,34816,34816
11591,25468,34816,34816
11592,25469,34816,34816
11593,8411,34816,34816
11594,25437,34816,34816
11595,8412,34816,34816
11596,8413,34816,34816
11597,8415,34816,34816
11598,8414,34816,34816
11599,8416,34816,34816
11600,8417,34816,34816
11601,25471,34816,34816
11602,25472,34816,34816
11603,8418,34816,34816
11604,8420,34816,34816
11605,8419,34816,34816
11606,8421,34816,34816
11607,8422,34816,34816
11608,25473,34816,34816
11609,25474,34816,34816
11610,8423,34816,34816
11611,8425,34816,34816
11612,8424,34816,34816
11613,8426,34816,34816
11614,8427,34816,34816
11615,25475,34816,34816
11616,25476,34816,34816
11617,8428,34816,34816
11618,8430,34816,34816
11619,8429,34816,34816
11620,8431,34816,34816
11621,8432,34816,34816
11622,25477,34816,34816
11623,25478,34816,34816
11624,8433,34816,34816
11625,8435,34816,34816
11626,8434,34816,34816
11627,8436,34816,34816
11628,8437,34816,34816
11629,25479,34816,34816
11630,25480,34816,34816
11631,8438,34816,34816
11632,8440,34816,34816
11633,8439,34816,34816
11634,8441,34816,34816
11635,8442,34816,34816
11636,25481,34816,34816
11637,25482,34816,34816
11638,8443,34816,34816
11639,8445,34816,34816
11640,8444,34816,34816
11641,8446,34816,34816
11642,8447,34816,34816
11643,25483,34816,34816
11644,25484,34816,34816
11645,8448,34816,34816
11646,8450,34816,34816
11647,8449,34816,34816
11648,8451,34816,34816
11649,8452,34816,34816
11650,25485,34816,34816
11651,25486,34816,34816
11652,8453,34816,34816
11653,8455,34816,34816
11654,8454,34816,34816
11655,8456,34816,34816
11656,8457,34816,34816
11657,25487,34816,34816
11658,25488,34816,34816
11659,8458,34816,34816
11660,8460,34816,34816
11661,8459,34816,34816
11662,8461,34816,34816
11663,8462,34816,34816
11664,25489,34816,34816
11665,25490,34816,34816
11666,8463,34816,34816
11667,8465,34816,34816
11668,8464,34816,34816
11669,8466,34816,34816
11670,8467,34816,34816
11671,25491,34816,34816
11672,25492,34816,34816
11673,8468,34816,34816
11674,8470,34816,34816
11675,8469,34816,34816
11676,8471,34816,34816
11677,8472,34816,34816
11678,25493,34816,34816
11679,25494,34816,34816
11680,8473,34816,34816
11681,8475,34816,34816
11682,8474,34816,34816
11683,8476,34816,34816
11684,8477,34816,34816
11685,25495,34816,34816
11686,25496,34816,34816
11687,8478,34816,34816
11688,8480,34816,34816
11689,8479,34816,34816
11690,8481,34816,34816
11691,8482,34816,34816
11692,25497,34816,34816
11693,25498,34816,34816
11694,8483,34816,34816
11695,8485,34816,34816
11696,8484,34816,34816
11697,8486,34816,34816
11698,8487,34816,34816
11699,25499,34816,34816
11700,25500,34816,34816
11701,8488,34816,34816
11702,8490,34816,34816
11703,8489,34816,34816
11704,8491,34816,34816
11705,8492,34816,34816
11706,25501,34816,34816
11707,25502,34816,34816
11708,8493,34816,34816
11709,25470,34816,34816
11710,8494,34816,34816
11711,8495,34816,34816
11712,8497,34816,34816
11713,24993,34688,34816
11714,8496,34688,34816
11715,8498,34688,34816
11716,8499,34688,34816
11717,25504,34688,34816
11718,25505,34688,34816
11719,8500,34688,34816
11720,8502,34688,34816
11721,24996,34560,34816
11722,8501,34560,34816
11723,8503,34560,34816
11724,8504,34560,34816
11725,25506,34560,34816
11726,25507,34560,34816
11727,8505,34560,34816
11728,8507,34560,34816
11729,24999,34432,34816
11730,8506,34432,34816
11731,8508,34432,34816
11732,8509,34432,34816
11733,25508,34432,34816
11734,25509,34432,34816
11735,8510,34432,34816
11736,8512,34432,34816
11737,25002,34304,34816
11738,8511,34304,34816
11739,8513,34304,34816
11740,8514,34304,34816
11741,25510,34304,34816
11742,25511,34304,34816
11743,8515,34304,34816
11744,8517,34304,34816
11745,25005,34176,34816
11746,8516,34176,34816
11747,8518,34176,34816
11748,8519,34176,34816
11749,25512,34176,34816
11750,25513,34176,34816
11751,8520,34176,34816
11752,8522,34176,34816
11753,25008,34048,34816
11754,8521,34048,34816
11755,8523,34048,34816
11756,8524,34048,34816
11757,25514,34048,34816
11758,25515,34048,34816
11759,8525,34048,34816
11760,8527,34048,34816
11761,25011,33920,34816
11762,8526,33920,34816
11763,8528,33920,34816
11764,8529,33920,34816
11765,25516,33920,34816
11766,25517,33920,34816
11767,8530,33920,34816
11768,8532,33920,34816
11769,25014,33792,34816
11770,8531,33792,34816
11771,8533,33792,34816
11772,8534,33792,34816
11773,25518,33792,34816
11774,25519,33792,34816
11775,8535,33792,34816
11776,8537,33792,34816
11777,25017,33664,34816
11778,8536,33664,34816
11779,8538,33664,34816
11780,8539,33664,34816
11781,25520,33664,34816
11782,25521,33664,34816
11783,8540,33664,34816
11784,8542,33664,34816
11785,25020,33536,34816
11786,8541,33536,34816
11787,8543,33536,34816
11788,8544,33536,34816
11789,25522,33536,34816
11790,25523,33536,34816
11791,8545,33536,34816
11792,8547,33536,34816
11793,25023,33408,34816
11794,8546,33408,34816
11795,8548,33408,34816
11796,8549,33408,34816
11797,25524,33408,34816
11798,25525,33408,34816
11799,8550,33408,34816
11800,8552,33408,34816
11801,25026,33280,34816
11802,8551,33280,34816
11803,8553,33280,34816
11804,8554,33280,34816
11805,25526,33280,34816
11806,25527,33280,34816
11807,8555,33280,34816
11808,8557,33280,34816
11809,25029,33152,34816
11810,8556,33152,34816
11811,8558,33152,34816
11812,8559,33152,34816
11813,25528,33152,34816
11814,25529,33152,34816
11815,8560,33152,34816
11816,8562,33152,34816
11817,25032,33024,34816
11818,8561,33024,34816
11819,8563,33024,34816
11820,8564,33024,34816
11821,25530,33024,34816
11822,25531,33024,34816
11823,8565,33024,34816
11824,8567,33024,34816
11825,25035,32896,34816
11826,8566,32896,34816
11827,8568,32896,34816
11828,8569,32896,34816
11829,25532,32896,34816
11830,25533,32896,34816
11831,8570,32896,34816
11832,8572,32896,34816
11833,25038,32768,34816
11834,8571,32768,34816
11835,8573,32768,34816
11836,8574,32768,34816
11837,25534,32768,34816
11838,25535,32768,34816
11839,8575,32768,34816
11840,25503,32768,34816
11841,8576,32768,34816
11842,8579,32768,34816
11843,8580,32768,34816
11844,8582,32768,34816
11845,8577,32896,34816
11846,8578,32896,34816
11847,8581,32896,34816
11848,8583,32896,34816
11849,25538,32896,34816
11850,25539,32896,34816
11851,8586,32896,34816
11852,8587,32896,34816
11853,8589,32896,34816
11854,8584,33024,34816
11855,8585,33024,34816
11856,8588,33024,34816
11857,8590,33024,34816
11858,25541,33024,34816
11859,25542,33024,34816
11860,8593,33024,34816
11861,8594,33024,34816
11862,8596,33024,34816
11863,8591,33152,34816
11864,8592,33152,34816
11865,8595,33152,34816
11866,8597,33152,34816
11867,25544,33152,34816
11868,25545,33152,34816
11869,8600,33152,34816
11870,8601,33152,34816
11871,8603,33152,34816
11872,8598,33280,34816
11873,8599,33280,34816
11874,8602,33280,34816
11875,8604,33280,34816
11876,25547,33280,34816
11877,25548,33280,34816
11878,8607,33280,34816
11879,8608,33280,34816
11880,8610,33280,34816
11881,8605,33408,34816
11882,8606,33408,34816
11883,8609,33408,34816
11884,8611,33408,34816
11885,25550,33408,34816
11886,25551,33408,34816
11887,8614,33408,34816
11888,8615,33408,34816
11889,8617,33408,34816
11890,8612,33536,34816
11891,8613,33536,34816
11892,8616,33536,34816
11893,8618,33536,34816
11894,25553,33536,34816
11895,25554,33536,34816
11896,8621,33536,34816
11897,8622,33536,34816
11898,8624,33536,34816
11899,8619,33664,34816
11900,8620,33664,34816
11901,8623,33664,34816
11902,8625,33664,34816
11903,25556,33664,34816
11904,25557,33664,34816
11905,8628,33664,34816
11906,8629,33664,34816
11907,8631,33664,34816
11908,8626,33792,34816
11909,8627,33792,34816
11910,8630,33792,34816
11911,8632,33792,34816
11912,25559,33792,34816
11913,25560,33792,34816
11914,8635,33792,34816
11915,8636,33792,34816
11916,8638,33792,34816
11917,8633,33920,34816
11918,8634,33920,34816
11919,8637,33920,34816
11920,8639,33920,34816
11921,25562,33920,34816
11922,25563,33920,34816
11923,8642,33920,34816
11924,8643,33920,34816
11925,8645,33920,34816
11926,8640,34048,34816
11927,8641,34048,34816
11928,8644,34048,34816
11929,8646,34048,34816
11930,25565,34048,34816
11931,25566,34048,34816
11932,8649,34048,34816
11933,8650,34048,34816
11934,8652,34048,34816
11935,8647,34176,34816
11936,8648,34176,34816
11937,8651,34176,34816
11938,8653,34176,34816
11939,25568,34176,34816
11940,25569,34176,34816
11941,8656,34176,34816
11942,8657,34176,34816
11943,8659,34176,34816
11944,8654,34304,34816
11945,8655,34304,34816
11946,8658,34304,34816
11947,8660,34304,34816
11948,25571,34304,34816
11949,25572,34304,34816
11950,8663,34304,34816
11951,8664,34304,34816
11952,8666,34304,34816
11953,8661,34432,34816
11954,8662,34432,34816
11955,8665,34432,34816
11956,8667,34432,34816
11957,25574,34432,34816
11958,25575,34432,34816
11959,8670,34432,34816
11960,8671,34432,34816
11961,8673,34432,34816
11962,8668,34560,34816
11963,8669,34560,34816
11964,8672,34560,34816
11965,8674,34560,34816
11966,25577,34560,34816
11967,25578,34560,34816
11968,8677,34560,34816
11969,8678,34560,34816
11970,8680,34560,34816
11971,8675,34688,34816
11972,8676,34688,34816
11973,8679,34688,34816
11974,8681,34688,34816
11975,25580,34688,34816
11976,25581,34688,34816
11977,8684,34688,34816
11978,8685,34688,34816
11979,8687,34688,34816
11980,8682,34816,34816
11981,8683,34816,34816
11982,8686,34816,34816
11983,8688,34816,34816
11984,25583,34816,34816
11985,25584,34816,34816
11986,8689,34816,34816
11987,25536,34816,34816
11988,8690,34816,34816
11989,8691,34816,34816
11990,8693,34816,34816
11991,8692,34816,34816
11992,8694,34816,34816
11993,8695,34816,34816
11994,25586,34816,34816
11995,25587,34816,34816
11996,8696,34816,34816
11997,8698,34816,34816
11998,8697,34816,34816
11999,8699,34816,34816
12000,8700,34816,34816
12001,25588,34816,34816
12002,25589,34816,34816
12003,8701,34816,34816
12004,8703,34816,34816
12005,8702,34816,34816
12006,8704,34816,34816
12007,8705,34816,34816
12008,25590,34816,34816
12009,25591,34816,34816
12010,8706,34816,34816
12011,8708,34816,34816
12012,8707,34816,34816
12013,8709,34816,34816
12014,8710,34816,34816
12015,25592,34816,34816
12016,25593,34816,34816
12017,8711,34816,34816
12018,8713,34816,34816
12019,8712,34816,34816
12020,8714,34816,34816
12021,8715,34816,34816
12022,25594,34816,34816
12023,25595,34816,34816
12024,8716,34816,34816
12025,8718,34816,34816
12026,8717,34816,34816
12027,8719,34816,34816
12028,8720,34816,34816
12029,25596,34816,34816
12030,25597,34816,34816
12031,8721,34816,34816
12032,8723,34816,34816
12033,8722,34816,34816
12034,8724,34816,34816
12035,8725,34816,34816
12036,25598,34816,34816
12037,25599,34816,34816
12038,8726,34816,34816
12039,8728,34816,34816
12040,8727,34816,34816
12041,8729,34816,34816
12042,8730,34816,34816
12043,25600,34816,34816
12044,25601,34816,34816
12045,8731,34816,34816
12046,8733,34816,34816
12047,8732,34816,34816
12048,8734,34816,34816
12049,8735,34816,34816
12050,25602,34816,34816
12051,25603,34816,34816
12052,8736,34816,34816
12053,8738,34816,34816
12054,8737,34816,34816
12055,8739,34816,34816
12056,8740,34816,34816
12057,25604,34816,34816
12058,25605,34816,34816
12059,8741,34816,34816
12060,8743,34816,34816
12061,8742,34816,34816
12062,8744,34816,34816
12063,8745,34816,34816
12064,25606,34816,34816
12065,25607,34816,34816
12066,8746,34816,34816
12067,8748,34816,34816
12068,8747,34816,34816
12069,8749,34816,34816
12070,8750,34816,34816
12071,25608,34816,34816
12072,25609,34816,34816
12073,8751,34816,34816
12074,8753,34816,34816
12075,8752,34816,34816
12076,8754,34816,34816
12077,8755,34816,34816
12078,25610,34816,34816
12079,25611,34816,34816
12080,8756,34816,34816
12081,8758,34816,34816
12082,8757,34816,34816
12083,8759,34816,34816
12084,8760,34816,34816
12085,25612,34816,34816
12086,25613,34816,34816
12087,8761,34816,34816
12088,8763,34816,34816
12089,8762,34816,34816
12090,8764,34816,34816
12091,8765,34816,34816
12092,25614,34816,34816
12093,25615,34816,34816
12094,8766,34816,34816
12095,8768,34816,34816
12096,8767,34816,34816
12097,8769,34816,34816
12098,8770,34816,34816
12099,25616,34816,34816
12100,25617,34816,34816
12101,8771,34816,34816
12102,25585,34816,34816
12103,8772,34816,34816
12104,8773,34816,34816
12105,8775,34816,34816
12106,8774,34816,34816
12107,8776,34816,34816
12108,8777,34816,34816
12109,25619,34816,34816
12110,25620,34816,34816
12111,8778,34816,34816
12112,8780,34816,34816
12113,8779,34816,34816
12114,8781,34816,34816
12115,8782,34816,34816
12116,25621,34816,34816
12117,25622,34816,34816
12118,8783,34816,34816
12119,8785,34816,34816
12120,8784,34816,34816
12121,8786,34816,34816
12122,8787,34816,34816
12123,25623,34816,34816
12124,25624,34816,34816
12125,8788,34816,34816
12126,8790,34816,34816
12127,8789,34816,34816
12128,8791,34816,34816
12129,8792,34816,34816
12130,25625,34816,34816
12131,25626,34816,34816
12132,8793,34816,34816
12133,8795,34816,34816
12134,8794,34816,34816
12135,8796,34816,34816
12136,8797,34816,34816
12137,25627,34816,34816
12138,25628,34816,34816
12139,8798,34816,34816
12140,8800,34816,34816
12141,8799,34816,34816
12142,8801,34816,34816
12143,8802,34816,34816
12144,25629,34816,34816
12145,25630,34816,34816
12146,8803,34816,34816
12147,8805,34816,34816
12148,8804,34816,34816
12149,8806,34816,34816
12150,8807,34816,34816
12151,25631,34816,34816
12152,25632,34816,34816
12153,8808,34816,34816
12154,8810,34816,34816
12155,8809,34816,34816
12156,8811,34816,34816
12157,8812,34816,34816
12158,25633,34816,34816
12159,25634,34816,34816
12160,8813,34816,34816
12161,8815,34816,34816
12162,8814,34816,34816
12163,8816,34816,34816
12164,8817,34816,34816
12165,25635,34816,34816
12166,25636,34816,34816
12167,8818,34816,34816
12168,8820,34816,34816
12169,8819,34816,34816
12170,8821,34816,34816
12171,8822,34816,34816
12172,25637,34816,34816
12173,25638,34816,34816
12174,8823,34816,34816
12175,8825,34816,34816
12176,8824,34816,34816
12177,8826,34816,34816
12178,8827,34816,34816
12179,25639,34816,34816
12180,25640,34816,34816
12181,8828,34816,34816
12182,8830,34816,34816
12183,8829,34816,34816
12184,8831,34816,34816
12185,8832,34816,34816
12186,25641,34816,34816
12187,25642,34816,34816
12188,8833,34816,34816
12189,8835,34816,34816
12190,8834,34816,34816
12191,8836,34816,34816
12192,8837,34816,34816
12193,25643,34816,34816
12194,25644,34816,34816
12195,8838,34816,34816
12196,8840,34816,34816
12197,8839,34816,34816
12198,8841,34816,34816
12199,8842,34816,34816
12200,25645,34816,34816
12201,25646,34816,34816
12202,8843,34816,34816
12203,8845,34816,34816
12204,8844,34816,34816
12205,8846,34816,34816
12206,8847,34816,34816
12207,25647,34816,34816
12208,25648,34816,34816
12209,8848,34816,34816
12210,8850,34816,34816
12211,8849,34816,34816
12212,8851,34816,34816
12213,8852,34816,34816
12214,25649,34816,34816
12215,25650,34816,34816
12216,8853,34816,34816
12217,25618,34816,34816
12218,8854,34816,34816
12219,8855,34816,34816
12220,8857,34816,34816
12221,8856,34816,34816
12222,8858,34816,34816
12223,8859,34816,34816
12224,25652,34816,34816
12225,25653,34816,34816
12226,8860,34816,34816
12227,8862,34816,34816
12228,8861,34816,34816
12229,8863,34816,34816
12230,8864,34816,34816
12231,25654,34816,34816
12232,25655,34816,34816
12233,8865,34816,34816
12234,8867,34816,34816
12235,8866,34816,34816
12236,8868,34816,34816
12237,8869,34816,34816
12238,25656,34816,34816
12239,25657,34816,34816
12240,8870,34816,34816
12241,8872,34816,34816
12242,8871,34816,34816
12243,8873,34816,34816
12244,8874,34816,34816
12245,25658,34816,34816
12246,25659,34816,34816
12247,8875,34816,34816
12248,8877,34816,34816
12249,8876,34816,34816
12250,8878,34816,34816
12251,8879,34816,34816
12252,25660,34816,34816
12253,25661,34816,34816
12254,8880,34816,34816
12255,8882,34816,34816
12256,8881,34816,34816
12257,8883,34816,34816
12258,8884,34816,34816
12259,25662,34816,34816
12260,25663,34816,34816
12261,8885,34816,34816
12262,8887,34816,34816
12263,8886,34816,34816
12264,8888,34816,34816
12265,8889,34816,34816
12266,25664,34816,34816
12267,25665,34816,34816
12268,8890,34816,34816
12269,8892,34816,34816
12270,8891,34816,34816
12271,8893,34816,34816
12272,8894,34816,34816
12273,25666,34816,34816
12274,25667,34816,34816
12275,8895,34816,34816
12276,8897,34816,34816
12277,8896,34816,34816
12278,8898,34816,34816
12279,8899,34816,34816
12280,25668,34816,34816
12281,25669,34816,34816
12282,8900,34816,34816
12283,8902,34816,34816
12284,8901,34816,34816
12285,8903,34816,34816
12286,8904,34816,34816
12287,25670,34816,34816
12288,25671,34816,34816
12289,8905,34816,34816
12290,8907,34816,34816
12291,8906,34816,34816
12292,8908,34816,34816
12293,8909,34816,34816
12294,25672,34816,34816
12295,25673,34816,34816
12296,8910,34816,34816
12297,8912,34816,34816
12298,8911,34816,34816
12299,8913,34816,34816
12300,8914,34816,34816
12301,25674,34816,34816
12302,25675,34816,34816
12303,8915,34816,34816
12304,8917,34816,34816
12305,8916,34816,34816
12306,8918,34816,34816
12307,8919,34816,34816
12308,25676,34816,34816
12309,25677,34816,34816
12310,8920,34816,34816
12311,8922,34816,34816
12312,8921,34816,34816
12313,8923,34816,34816
12314,8924,34816,34816
12315,25678,34816,34816
12316,25679,34816,34816
12317,8925,34816,34816
12318,8927,34816,34816
12319,8926,34816,34816
12320,8928,34816,34816
12321,8929,34816,34816
12322,25680,34816,34816
12323,25681,34816,34816
12324,8930,34816,34816
12325,8932,34816,34816
12326,8931,34816,34816
12327,8933,34816,34816
12328,8934,34816,34816
12329,25682,34816,34816
12330,25683,34816,34816
12331,8935,34816,34816
12332,25651,34816,34816
12333,8936,34816,34816
12334,8937,34816,34816
12335,8939,34816,34816
12336,8938,34816,34816
12337,8940,34816,34816
12338,8941,34816,34816
12339,25685,34816,34816
12340,25686,34816,34816
12341,8942,34816,34816
12342,8944,34816,34816
12343,8943,34816,34816
12344,8945,34816,34816
12345,8946,34816,34816
12346,25687,34816,34816
12347,25688,34816,34816
12348,8947,34816,34816
12349,8949,34816,34816
12350,8948,34816,34816
12351,8950,34816,34816
12352,8951,34816,34816
12353,25689,34816,34816
12354,25690,34816,34816
12355,8952,34816,34816
12356,8954,34816,34816
12357,8953,34816,34816
12358,8955,34816,34816
12359,8956,34816,34816
12360,25691,34816,34816
12361,25692,34816,34816
12362,8957,34816,34816
12363,8959,34816,34816
12364,8958,34816,34816
12365,8960,34816,34816
12366,8961,34816,34816
12367,25693,34816,34816
12368,25694,34816,34816
12369,8962,34816,34816
12370,8964,34816,34816
12371,8963,34816,34816
12372,8965,34816,34816
12373,8966,34816,34816
12374,25695,34816,34816
12375,25696,34816,34816
12376,8967,34816,34816
12377,8969,34816,34816
12378,8968,34816,34816
12379,8970,34816,34816
12380,8971,34816,34816
12381,25697,34816,34816
12382,25698,34816,34816
12383,8972,34816,34816
12384,8974,34816,34816
12385,8973,34816,34816
12386,8975,34816,34816
12387,8976,34816,34816
12388,25699,34816,34816
12389,25700,34816,34816
12390,8977,34816,34816
12391,8979,34816,34816
12392,8978,34816,34816
12393,8980,34816,34816
12394,8981,34816,34816
12395,25701,34816,34816
12396,25702,34816,34816
12397,8982,34816,34816
12398,8984,34816,34816
12399,8983,34816,34816
12400,8985,34816,34816
12401,8986,34816,34816
12402,25703,34816,34816
12403,25704,34816,34816
12404,8987,34816,34816
12405,8989,34816,34816
12406,8988,34816,34816
12407,8990,34816,34816
12408,8991,34816,34816
12409,25705,34816,34816
12410,25706,34816,34816
12411,8992,34816,34816
12412,8994,34816,34816
12413,8993,34816,34816
12414,8995,34816,34816
12415,8996,34816,34816
12416,25707,34816,34816
12417,25708,34816,34816
12418,8997,34816,34816
12419,8999,34816,34816
12420,8998,34816,34816
12421,9000,34816,34816
12422,9001,34816,34816
12423,25709,34816,34816
12424,25710,34816,34816
12425,9002,34816,34816
12426,9004,34816,34816
12427,9003,34816,34816
12428,9005,34816,34816
12429,9006,34816,34816
12430,25711,34816,34816
12431,25712,34816,34816
12432,9007,34816,34816
12433,9009,34816,34816
12434,9008,34816,34816
12435,9010,34816,34816
12436,9011,34816,34816
12437,25713,34816,34816
12438,25714,34816,34816
12439,9012,34816,34816
12440,9014,34816,34816
12441,9013,34816,34816
12442,9015,34816,34816
12443,9016,34816,34816
12444,25715,34816,34816
12445,25716,34816,34816
12446,9017,34816,34816
12447,25684,34816,34816
12448,9018,34816,34816
12449,9019,34816,34816
12450,9021,34816,34816
12451,9020,34816,34816
12452,9022,34816,34816
12453,9023,34816,34816
12454,25718,34816,34816
12455,25719,34816,34816
12456,9024,34816,34816
12457,9026,34816,34816
12458,9025,34816,34816
12459,9027,34816,34816
12460,9028,34816,34816
12461,25720,34816,34816
12462,25721,34816,34816
12463,9029,34816,34816
12464,9031,34816,34816
12465,9030,34816,34816
12466,9032,34816,34816
12467,9033,34816,34816
12468,25722,34816,34816
12469,25723,34816,34816
12470,9034,34816,34816
12471,9036,34816,34816
12472,9035,34816,34816
12473,9037,34816,34816
12474,9038,34816,34816
12475,25724,34816,34816
12476,25725,34816,34816
12477,9039,34816,34816
12478,9041,34816,34816
12479,9040,34816,34816
12480,9042,34816,34816
12481,9043,34816,34816
12482,25726,34816,34816
12483,25727,34816,34816
12484,9044,34816,34816
12485,9046,34816,34816
12486,9045,34816,34816
12487,9047,34816,34816
12488,9048,34816,34816
12489,25728,34816,34816
12490,25729,34816,34816
12491,9049,34816,34816
12492,9051,34816,34816
12493,9050,34816,34816
12494,9052,34816,34816
12495,9053,34816,34816
12496,25730,34816,34816
12497,25731,34816,34816
12498,9054,34816,34816
12499,9056,34816,34816
12500,9055,34816,34816
12501,9057,34816,34816
12502,9058,34816,34816
12503,25732,34816,34816
12504,25733,34816,34816
12505,9059,34816,34816
12506,9061,34816,34816
12507,9060,34816,34816
12508,9062,34816,34816
12509,9063,34816,34816
12510,25734,34816,34816
12511,25735,34816,34816
12512,9064,34816,34816
12513,9066,34816,34816
12514,9065,34816,34816
12515,9067,34816,34816
12516,9068,34816,34816
12517,25736,34816,34816
12518,25737,34816,34816
12519,9069,34816,34816
12520,9071,34816,34816
12521,9070,34816,34816
12522,9072,34816,34816
12523,9073,34816,34816
12524,25738,34816,34816
12525,25739,34816,34816
12526,9074,34816,34816
12527,9076,34816,34816
12528,9075,34816,34816
12529,9077,34816,34816
12530,9078,34816,34816
12531,25740,34816,34816
12532,25741,34816,34816
12533,9079,34816,34816
12534,9081,34816,34816
12535,9080,34816,34816
12536,9082,34816,34816
12537,9083,34816,34816
12538,25742,34816,34816
12539,25743,34816,34816
12540,9084,34816,34816
12541,9086,34816,34816
12542,9085,34816,34816
12543,9087,34816,34816
12544,9088,34816,34816
12545,25744,34816,34816
12546,25745,34816,34816
12547,9089,34816,34816
12548,9091,34816,34816
12549,9090,34816,34816
12550,9092,34816,34816
12551,9093,34816,34816
12552,25746,34816,34816
12553,25747,34816,34816
12554,9094,34816,34816
12555,9096,34816,34816
12556,9095,34816,34816
12557,9097,34816,34816
12558,9098,34816,34816
12559,25748,34816,34816
12560,25749,34816,34816
12561,9099,34816,34816
12562,25717,34816,34816
12563,9100,34816,34816
12564,9101,34816,34816
12565,9103,34816,34816
12566,9102,34816,34816
12567,9104,34816,34816
12568,9105,34816,34816
12569,25751,34816,34816
12570,25752,34816,34816
12571,9106,34816,34816
12572,9108,34816,34816
12573,9107,34816,34816
12574,9109,34816,34816
12575,9110,34816,34816
12576,25753,34816,34816
12577,25754,34816,34816
12578,9111,34816,34816
12579,9113,34816,34816
12580,9112,34816,34816
12581,9114,34816,34816
12582,9115,34816,34816
12583,25755,34816,34816
12584,25756,34816,34816
12585,9116,34816,34816
12586,9118,34816,34816
12587,9117,34816,34816
12588,9119,34816,34816
12589,9120,34816,34816
12590,25757,34816,34816
12591,25758,34816,34816
12592,9121,34816,34816
12593,9123,34816,34816
12594,9122,34816,34816
12595,9124,34816,34816
12596,9125,34816,34816
12597,25759,34816,34816
12598,25760,34816,34816
12599,9126,34816,34816
12600,9128,34816,34816
12601,9127,34816,34816
12602,9129,34816,34816
12603,9130,34816,34816
12604,25761,34816,34816
12605,25762,34816,34816
12606,9131,34816,34816
12607,9133,34816,34816
12608,9132,34816,34816
12609,9134,34816,34816
12610,9135,34816,34816
12611,25763,34816,34816
12612,25764,34816,34816
12613,9136,34816,34816
12614,9138,34816,34816
12615,9137,34816,34816
12616,9139,34816,34816
12617,9140,34816,34816
12618,25765,34816,34816
12619,25766,34816,34816
12620,9141,34816,34816
12621,9143,34816,34816
12622,9142,34816,34816
12623,9144,34816,34816
12624,9145,34816,34816
12625,25767,34816,34816
12626,25768,34816,34816
12627,9146,34816,34816
12628,9148,34816,34816
12629,9147,34816,34816
12630,9149,34816,34816
12631,9150,34816,34816
12632,25769,34816,34816
12633,25770,34816,34816
12634,9151,34816,34816
12635,9153,34816,34816
12636,9152,34816,34816
12637,9154,34816,34816
12638,9155,34816,34816
12639,25771,34816,34816
12640,25772,34816,34816
12641,9156,34816,34816
12642,9158,34816,34816
12643,9157,34816,34816
12644,9159,34816,34816
12645,9160,34816,34816
12646,25773,34816,34816
12647,25774,34816,34816
12648,9161,34816,34816
12649,9163,34816,34816
12650,9162,34816,34816
12651,9164,34816,34816
12652,9165,34816,34816
12653,25775,34816,34816
12654,25776,34816,34816
12655,9166,34816,34816
12656,9168,34816,34816
12657,9167,34816,34816
12658,9169,34816,34816
12659,9170,34816,34816
12660,25777,34816,34816
12661,25778,34816,34816
12662,9171,34816,34816
12663,9173,34816,34816
12664,9172,34816,34816
12665,9174,34816,34816
12666,9175,34816,34816
12667,25779,34816,34816
12668,25780,34816,34816
12669,9176,34816,34816
12670,9178,34816,34816
12671,9177,34816,34816
12672,9179,34816,34816
12673,9180,34816,34816
12674,25781,34816,34816
12675,25782,34816,34816
12676,9181,34816,34816
12677,25750,34816,34816
12678,9182,34816,34816
12679,9183,34816,34816
12680,9185,34816,34816
12681,9184,34816,34816
12682,9186,34816,34816
12683,9187,34816,34816
12684,25784,34816,34816
12685,25785,34816,34816
12686,9188,34816,34816
12687,9190,34816,34816
12688,9189,34816,34816
12689,9191,34816,34816
12690,9192,34816,34816
12691,25786,34816,34816
12692,25787,34816,34816
12693,9193,34816,34816
12694,9195,34816,34816
12695,9194,34816,34816
12696,9196,34816,34816
12697,9197,34816,34816
12698,25788,34816,34816
12699,25789,34816,34816
12700,9198,34816,34816
12701,9200,34816,34816
12702,9199,34816,34816
12703,9201,34816,34816
12704,9202,34816,34816
12705,25790,34816,34816
12706,25791,34816,34816
12707,9203,34816,34816
12708,9205,34816,34816
12709,9204,34816,34816
12710,9206,34816,34816
12711,9207,34816,34816
12712,25792,34816,34816
12713,25793,34816,34816
12714,9208,34816,34816
12715,9210,34816,34816
12716,9209,34816,34816
12717,9211,34816,34816
12718,9212,34816,34816
12719,25794,34816,34816
12720,25795,34816,34816
12721,9213,34816,34816
12722,9215,34816,34816
12723,9214,34816,34816
12724,9216,34816,34816
12725,9217,34816,34816
12726,25796,34816,34816
12727,25797,34816,34816
12728,9218,34816,34816
12729,9220,34816,34816
12730,9219,34816,34816
12731,9221,34816,34816
12732,9222,34816,34816
12733,25798,34816,34816
12734,25799,34816,34816
12735,9223,34816,34816
12736,9225,34816,34816
12737,9224,34816,34816
12738,9226,34816,34816
12739,9227,34816,34816
12740,25800,34816,34816
12741,25801,34816,34816
12742,9228,34816,34816
12743,9230,34816,34816
12744,9229,34816,34816
12745,9231,34816,34816
12746,9232,34816,34816
12747,25802,34816,34816
12748,25803,34816,34816
12749,9233,34816,34816
12750,9235,34816,34816
12751,9234,34816,34816
12752,9236,34816,34816
12753,9237,34816,34816
12754,25804,34816,34816
12755,25805,34816,34816
12756,9238,34816,34816
12757,9240,34816,34816
12758,9239,34816,34816
12759,9241,34816,34816
12760,9242,34816,34816
12761,25806,34816,34816
12762,25807,34816,34816
12763,9243,34816,34816
12764,9245,34816,34816
12765,9244,34816,34816
12766,9246,34816,34816
12767,9247,34816,34816
12768,25808,34816,34816
12769,25809,34816,34816
12770,9248,34816,34816
12771,9250,34816,34816
12772,9249,34816,34816
12773,9251,34816,34816
12774,9252,34816,34816
12775,25810,34816,34816
12776,25811,34816,34816
12777,9253,34816,34816
12778,9255,34816,34816
12779,9254,34816,34816
12780,9256,34816,34816
12781,9257,34816,34816
12782,25812,34816,34816
12783,25813,34816,34816
12784,9258,34816,34816
12785,9260,34816,34816
12786,9259,34816,34816
12787,9261,34816,34816
12788,9262,34816,34816
12789,25814,34816,34816
12790,25815,34816,34816
12791,9263,34816,34816
12792,25783,34816,34816
12793,9264,34816,34816
12794,9265,34816,34816
12795,9267,34816,34816
12796,9266,34816,34816
12797,9268,34816,34816
12798,9269,34816,34816
12799,25817,34816,34816
12800,25818,34816,34816
12801,9270,34816,34816
12802,9272,34816,34816
12803,9271,34816,34816
12804,9273,34816,34816
12805,9274,34816,34816
12806,25819,34816,34816
12807,25820,34816,34816
12808,9275,34816,34816
12809,9277,34816,34816
12810,9276,34816,34816
12811,9278,34816,34816
12812,9279,34816,34816
12813,25821,34816,34816
12814,25822,34816,34816
12815,9280,34816,34816
12816,9282,34816,34816
12817,9281,34816,34816
12818,9283,34816,34816
12819,9284,34816,34816
12820,25823,34816,34816
12821,25824,34816,34816
12822,9285,34816,34816
12823,9287,34816,34816
12824,9286,34816,34816
12825,9288,34816,34816
12826,9289,34816,34816
12827,25825,34816,34816
12828,25826,34816,34816
12829,9290,34816,34816
12830,9292,34816,34816
12831,9291,34816,34816
12832,9293,34816,34816
12833,9294,34816,34816
12834,25827,34816,34816
12835,25828,34816,34816
12836,9295,34816,34816
12837,9297,34816,34816
12838,9296,34816,34816
12839,9298,34816,34816
12840,9299,34816,34816
12841,25829,34816,34816
12842,25830,34816,34816
12843,9300,34816,34816
12844,9302,34816,34816
12845,9301,34816,34816
12846,9303,34816,34816
12847,9304,34816,34816
12848,25831,34816,34816
12849,25832,34816,34816
12850,9305,34816,34816
12851,9307,34816,34816
12852,9306,34816,34816
12853,9308,34816,34816
12854,9309,34816,34816
12855,25833,34816,34816
12856,25834,34816,34816
12857,9310,34816,34816
12858,9312,34816,34816
12859,9311,34816,34816
12860,9313,34816,34816
12861,9314,34816,34816
12862,25835,34816,34816
12863,25836,34816,34816
12864,9315,34816,34816
12865,9317,34816,34816
12866,9316,34816,34816
12867,9318,34816,34816
12868,9319,34816,34816
12869,25837,34816,34816
12870,25838,34816,34816
12871,9320,34816,34816
12872,9322,34816,34816
12873,9321,34816,34816
12874,9323,34816,34816
12875,9324,34816,34816
12876,25839,34816,34816
12877,25840,34816,34816
12878,9325,34816,34816
12879,9327,34816,34816
12880,9326,34816,34816
12881,9328,34816,34816
12882,9329,34816,34816
12883,25841,34816,34816
12884,25842,34816,34816
12885,9330,34816,34816
12886,9332,34816,34816
12887,9331,34816,34816
12888,9333,34816,34816
12889,9334,34816,34816
12890,25843,34816,34816
12891,25844,34816,34816
12892,9335,34816,34816
12893,9337,34816,34816
12894,9336,34816,34816
12895,9338,34816,34816
12896,9339,34816,34816
12897,25845,34816,34816
12898,25846,34816,34816
12899,9340,34816,34816
12900,9342,34816,34816
12901,9341,34816,34816
12902,9343,34816,34816
12903,9344,34816,34816
12904,25847,34816,34816
12905,25848,34816,34816
12906,9345,34816,34816
12907,25816,34816,34816
12908,9346,34816,34816
12909,9347,34816,34816
12910,9349,34816,34816
12911,9348,34816,34816
12912,9350,34816,34816
12913,9351,34816,34816
12914,25850,34816,34816
12915,25851,34816,34816
12916,9352,34816,34816
12917,9354,34816,34816
12918,9353,34816,34816
12919,9355,34816,34816
12920,9356,34816,34816
12921,25852,34816,34816
12922,25853,34816,34816
12923,9357,34816,34816
12924,9359,34816,34816
12925,9358,34816,34816
12926,9360,34816,34816
12927,9361,34816,34816
12928,25854,34816,34816
12929,25855,34816,34816
12930,9362,34816,34816
12931,9364,34816,34816
12932,9363,34816,34816
12933,9365,34816,34816
12934,9366,34816,34816
12935,25856,34816,34816
12936,25857,34816,34816
12937,9367,34816,34816
12938,9369,34816,34816
12939,9368,34816,34816
12940,9370,34816,34816
12941,9371,34816,34816
12942,25858,34816,34816
12943,25859,34816,34816
12944,9372,34816,34816
12945,9374,34816,34816
12946,9373,34816,34816
12947,9375,34816,34816
12948,9376,34816,34816
12949,25860,34816,34816
12950,25861,34816,34816
12951,9377,34816,34816
12952,9379,34816,34816
12953,9378,34816,34816
12954,9380,34816,34816
12955,9381,34816,34816
12956,25862,34816,34816
12957,25863,34816,34816
12958,9382,34816,34816
12959,9384,34816,34816
12960,9383,34816,34816
12961,9385,34816,34816
12962,9386,34816,34816
12963,25864,34816,34816
12964,25865,34816,34816
12965,9387,34816,34816
12966,9389,34816,34816
12967,9388,34816,34816
12968,9390,34816,34816
12969,9391,34816,34816
12970,25866,34816,34816
12971,25867,34816,34816
12972,9392,34816,34816
12973,9394,34816,34816
12974,9393,34816,34816
12975,9395,34816,34816
12976,9396,34816,34816
12977,25868,34816,34816
12978,25869,34816,34816
12979,9397,34816,34816
12980,9399,34816,34816
12981,9398,34816,34816
12982,9400,34816,34816
12983,9401,34816,34816
12984,25870,34816,34816
12985,25871,34816,34816
12986,9402,34816,34816
12987,9404,34816,34816
12988,9403,34816,34816
12989,9405,34816,34816
12990,9406,34816,34816
12991,25872,34816,34816
12992,25873,34816,34816
12993,9407,34816,34816
12994,9409,34816,34816
12995,9408,34816,34816
12996,9410,34816,34816
12997,9411,34816,34816
12998,25874,34816,34816
12999,25875,34816,34816
13000,9412,34816,34816
13001,9414,34816,34816
13002,9413,34816,34816
13003,9415,34816,34816
13004,9416,34816,34816
13005,25876,34816,34816
13006,25877,34816,34816
13007,9417,34816,34816
13008,9419,34816,34816
13009,9418,34816,34816
13010,9420,34816,34816
13011,9421,34816,34816
13012,25878,34816,34816
13013,25879,34816,34816
13014,9422,34816,34816
13015,9424,34816,34816
13016,9423,34816,34816
13017,9425,34816,34816
13018,9426,34816,34816
13019,25880,34816,34816
13020,25881,34816,34816
13021,9427,34816,34816
13022,25849,34816,34816
13023,9428,34816,34816
13024,9429,34816,34816
13025,9431,34816,34816
13026,9430,34816,34816
13027,9432,34816,34816
13028,9433,34816,34816
13029,25883,34816,34816
13030,25884,34816,34816
13031,9434,34816,34816
13032,9436,34816,34816
13033,9435,34816,34816
13034,9437,34816,34816
13035,9438,34816,34816
13036,25885,34816,34816
13037,25886,34816,34816
13038,9439,34816,34816
13039,9441,34816,34816
13040,9440,34816,34816
13041,9442,34816,34816
13042,9443,34816,34816
13043,25887,34816,34816
13044,25888,34816,34816
13045,9444,34816,34816
13046,9446,34816,34816
13047,9445,34816,34816
13048,9447,34816,34816
13049,9448,34816,34816
13050,25889,34816,34816
13051,25890,34816,34816
13052,9449,34816,34816
13053,9451,34816,34816
13054,9450,34816,34816
13055,9452,34816,34816
13056,9453,34816,34816
13057,25891,34816,34816
13058,25892,34816,34816
13059,9454,34816,34816
13060,9456,34816,34816
13061,9455,34816,34816
13062,9457,34816,34816
13063,9458,34816,34816
13064,25893,34816,34816
13065,25894,34816,34816
13066,9459,34816,34816
13067,9461,34816,34816
13068,9460,34816,34816
13069,9462,34816,34816
13070,9463,34816,34816
13071,25895,34816,34816
13072,25896,34816,34816
13073,9464,34816,34816
13074,9466,34816,34816
13075,9465,34816,34816
13076,9467,34816,34816
13077,9468,34816,34816
13078,25897,34816,34816
13079,25898,34816,34816
13080,9469,34816,34816
13081,9471,34816,34816
13082,9470,34816,34816
13083,9472,34816,34816
13084,9473,34816,34816
13085,25899,34816,34816
13086,25900,34816,34816
13087,9474,34816,34816
13088,9476,34816,34816
13089,9475,34816,34816
13090,9477,34816,34816
13091,9478,34816,34816
13092,25901,34816,34816
13093,25902,34816,34816
13094,9479,34816,34816
13095,9481,34816,34816
13096,9480,34816,34816
13097,9482,34816,34816
13098,9483,34816,34816
13099,25903,34816,34816
13100,25904,34816,34816
13101,9484,34816,34816
13102,9486,34816,34816
13103,9485,34816,34816
13104,9487,34816,34816
13105,9488,34816,34816
13106,25905,34816,34816
13107,25906,34816,34816
13108,9489,34816,34816
13109,9491,34816,34816
13110,9490,34816,34816
13111,9492,34816,34816
13112,9493,34816,34816
13113,25907,34816,34816
13114,25908,34816,34816
13115,9494,34816,34816
13116,9496,34816,34816
13117,9495,34816,34816
13118,9497,34816,34816
13119,9498,34816,34816
13120,25909,34816,34816
13121,25910,34816,34816
13122,9499,34816,34816
13123,9501,34816,34816
13124,9500,34816,34816
13125,9502,34816,34816
13126,9503,34816,34816
13127,25911,34816,34816
13128,25912,34816,34816
13129,9504,34816,34816
13130,9506,34816,34816
13131,9505,34816,34816
13132,9507,34816,34816
13133,9508,34816,34816
13134,25913,34816,34816
13135,25914,34816,34816
13136,9509,34816,34816
13137,25882,34816,34816
13138,9510,34816,34816
13139,9511,34816,34816
13140,9513,34816,34816
13141,9512,34816,34816
13142,9514,34816,34816
13143,9515,34816,34816
13144,25916,34816,34816
13145,25917,34816,34816
13146,9516,34816,34816
13147,9518,34816,34816
13148,9517,34816,34816
13149,9519,34816,34816
13150,9520,34816,34816
13151,25918,34816,34816
13152,25919,34816,34816
13153,9521,34816,34816
13154,9523,34816,34816
13155,9522,34816,34816
13156,9524,34816,34816
13157,9525,34816,34816
13158,25920,34816,34816
13159,25921,34816,34816
13160,9526,34816,34816
13161,9528,34816,34816
13162,9527,34816,34816
13163,9529,34816,34816
13164,9530,34816,34816
13165,25922,34816,34816
13166,25923,34816,34816
13167,9531,34816,34816
13168,9533,34816,34816
13169,9532,34816,34816
13170,9534,34816,34816
13171,9535,34816,34816
13172,25924,34816,34816
13173,25925,34816,34816
13174,9536,34816,34816
13175,9538,34816,34816
13176,9537,34816,34816
13177,9539,34816,34816
13178,9540,34816,34816
13179,25926,34816,34816
13180,25927,34816,34816
13181,9541,34816,34816
13182,9543,34816,34816
13183,9542,34816,34816
13184,9544,34816,34816
13185,9545,34816,34816
13186,25928,34816,34816
13187,25929,34816,34816
13188,9546,34816,34816
13189,9548,34816,34816
13190,9547,34816,34816
13191,9549,34816,34816
13192,9550,34816,34816
13193,25930,34816,34816
13194,25931,34816,34816
13195,9551,34816,34816
13196,9553,34816,34816
13197,9552,34816,34816
13198,9554,34816,34816
13199,9555,34816,34816
13200,25932,34816,34816
13201,25933,34816,34816
13202,9556,34816,34816
13203,9558,34816,34816
13204,9557,34816,34816
13205,9559,34816,34816
13206,9560,34816,34816
13207,25934,34816,34816
13208,25935,34816,34816
13209,9561,34816,34816
13210,9563,34816,34816
13211,9562,34816,34816
13212,9564,34816,34816
13213,9565,34816,34816
13214,25936,34816,34816
13215,25937,34816,34816
13216,9566,34816,34816
13217,9568,34816,34816
13218,9567,34816,34816
13219,9569,34816,34816
13220,9570,34816,34816
13221,25938,34816,34816
13222,25939,34816,34816
13223,9571,34816,34816
13224,9573,34816,34816
13225,9572,34816,34816
13226,9574,34816,34816
13227,9575,34816,34816
13228,25940,34816,34816
13229,25941,34816,34816
13230,9576,34816,34816
13231,9578,34816,34816
13232,9577,34816,34816
13233,9579,34816,34816
13234,9580,34816,34816
13235,25942,34816,34816
13236,25943,34816,34816
13237,9581,34816,34816
13238,9583,34816,34816
13239,9582,34816,34816
13240,9584,34816,34816
13241,9585,34816,34816
13242,25944,34816,34816
13243,25945,34816,34816
13244,9586,34816,34816
13245,9588,34816,34816
13246,9587,34816,34816
13247,9589,34816,34816
13248,9590,34816,34816
13249,25946,34816,34816
13250,25947,34816,34816
13251,9591,34816,34816
13252,25915,34816,34816
13253,9592,34816,34816
13254,9593,34816,34816
13255,9595,34816,34816
13256,9594,34816,34816
13257,9596,34816,34816
13258,9597,34816,34816
13259,25949,34816,34816
13260,25950,34816,34816
13261,9598,34816,34816
13262,9600,34816,34816
13263,9599,34816,34816
13264,9601,34816,34816
13265,9602,34816,34816
13266,25951,34816,34816
13267,25952,34816,34816
13268,9603,34816,34816
13269,9605,34816,34816
13270,9604,34816,34816
13271,9606,34816,34816
13272,9607,34816,34816
13273,25953,34816,34816
13274,25954,34816,34816
13275,9608,34816,34816
13276,9610,34816,34816
13277,9609,34816,34816
13278,9611,34816,34816
13279,9612,34816,34816
13280,25955,34816,34816
13281,25956,34816,34816
13282,9613,34816,34816
13283,9615,34816,34816
13284,9614,34816,34816
13285,9616,34816,34816
13286,9617,34816,34816
13287,25957,34816,34816
13288,25958,34816,34816
13289,9618,34816,34816
13290,9620,34816,34816
13291,9619,34816,34816
13292,9621,34816,34816
13293,9622,34816,34816
13294,25959,34816,34816
13295,25960,34816,34816
13296,9623,34816,34816
13297,9625,34816,34816
13298,9624,34816,34816
13299,9626,34816,34816
13300,9627,34816,34816
13301,25961,34816,34816
13302,25962,34816,34816
13303,9628,34816,34816
13304,9630,34816,34816
13305,9629,34816,34816
13306,9631,34816,34816
13307,9632,34816,34816
13308,25963,34816,34816
13309,25964,34816,34816
13310,9633,34816,34816
13311,9635,34816,34816
13312,9634,34816,34816
13313,9636,34816,34816
13314,9637,34816,34816
13315,25965,34816,34816
13316,25966,34816,34816
13317,9638,34816,34816
13318,9640,34816,34816
13319,9639,34816,34816
13320,9641,34816,34816
13321,9642,34816,34816
13322,25967,34816,34816
13323,25968,34816,34816
13324,9643,34816,34816
13325,9645,34816,34816
13326,9644,34816,34816
13327,9646,34816,34816
13328,9647,34816,34816
13329,25969,34816,34816
13330,25970,34816,34816
13331,9648,34816,34816
13332,9650,34816,34816
13333,9649,34816,34816
13334,9651,34816,34816
13335,9652,34816,34816
13336,25971,34816,34816
13337,25972,34816,34816
13338,9653,34816,34816
13339,9655,34816,34816
13340,9654,34816,34816
13341,9656,34816,34816
13342,9657,34816,34816
13343,25973,34816,34816
13344,25974,34816,34816
13345,9658,34816,34816
13346,9660,34816,34816
13347,9659,34816,34816
13348,9661,34816,34816
13349,9662,34816,34816
13350,25975,34816,34816
13351,25976,34816,34816
13352,9663,34816,34816
13353,9665,34816,34816
13354,9664,34816,34816
13355,9666,34816,34816
13356,9667,34816,34816
13357,25977,34816,34816
13358,25978,34816,34816
13359,9668,34816,34816
13360,9670,34816,34816
13361,9669,34816,34816
13362,9671,34816,34816
13363,9672,34816,34816
13364,25979,34816,34816
13365,25980,34816,34816
13366,9673,34816,34816
13367,25948,34816,34816
13368,9674,34816,34816
13369,9675,34816,34816
13370,9677,34816,34816
13371,9676,34816,34816
13372,9678,34816,34816
13373,9679,34816,34816
13374,25982,34816,34816
13375,25983,34816,34816
13376,9680,34816,34816
13377,9682,34816,34816
13378,9681,34816,34816
13379,9683,34816,34816
13380,9684,34816,34816
13381,25984,34816,34816
13382,25985,34816,34816
13383,9685,34816,34816
13384,9687,34816,34816
13385,9686,34816,34816
13386,9688,34816,34816
13387,9689,34816,34816
13388,25986,34816,34816
13389,25987,34816,34816
13390,9690,34816,34816
13391,9692,34816,34816
13392,9691,34816,34816
13393,9693,34816,34816
13394,9694,34816,34816
13395,25988,34816,34816
13396,25989,34816,34816
13397,9695,34816,34816
13398,9697,34816,34816
13399,9696,34816,34816
13400,9698,34816,34816
13401,9699,34816,34816
13402,25990,34816,34816
13403,25991,34816,34816
13404,9700,34816,34816
13405,9702,34816,34816
13406,9701,34816,34816
13407,9703,34816,34816
13408,9704,34816,34816
13409,25992,34816,34816
13410,25993,34816,34816
13411,9705,34816,34816
13412,9707,34816,34816
13413,9706,34816,34816
13414,9708,34816,34816
13415,9709,34816,34816
13416,25994,34816,34816
13417,25995,34816,34816
13418,9710,34816,34816
13419,9712,34816,34816
13420,9711,34816,34816
13421,9713,34816,34816
13422,9714,34816,34816
13423,25996,34816,34816
13424,25997,34816,34816
13425,9715,34816,34816
13426,9717,34816,34816
13427,9716,34816,34816
13428,9718,34816,34816
13429,9719,34816,34816
13430,25998,34816,34816
13431,25999,34816,34816
13432,9720,34816,34816
13433,9722,34816,34816
13434,9721,34816,34816
13435,9723,34816,34816
13436,9724,34816,34816
13437,26000,34816,34816
13438,26001,34816,34816
13439,9725,34816,34816
13440,9727,34816,34816
13441,9726,34816,34816
13442,9728,34816,34816
13443,9729,34816,34816
13444,26002,34816,34816
13445,26003,34816,34816
13446,9730,34816,34816
13447,9732,34816,34816
13448,9731,34816,34816
13449,9733,34816,34816
13450,9734,34816,34816
13451,26004,34816,34816
13452,26005,34816,34816
13453,9735,34816,34816
13454,9737,34816,34816
13455,9736,34816,34816
13456,9738,34816,34816
13457,9739,34816,34816
13458,26006,34816,34816
13459,26007,34816,34816
13460,9740,34816,34816
13461,9742,34816,34816
13462,9741,34816,34816
13463,9743,34816,34816
13464,9744,34816,34816
13465,26008,34816,34816
13466,26009,34816,34816
13467,9745,34816,34816
13468,9747,34816,34816
13469,9746,34816,34816
13470,9748,34816,34816
13471,9749,34816,34816
13472,26010,34816,34816
13473,26011,34816,34816
13474,9750,34816,34816
13475,9752,34816,34816
13476,9751,34816,34816
13477,9753,34816,34816
13478,9754,34816,34816
13479,26012,34816,34816
13480,26013,34816,34816
13481,9755,34816,34816
13482,25981,34816,34816
13483,9756,34816,34816
13484,9757,34816,34816
13485,9759,34816,34816
13486,9758,34816,34816
13487,9760,34816,34816
13488,9761,34816,34816
13489,26015,34816,34816
13490,26016,34816,34816
13491,9762,34816,34816
13492,9764,34816,34816
13493,9763,34816,34816
13494,9765,34816,34816
13495,9766,34816,34816
13496,26017,34816,34816
13497,26018,34816,34816
13498,9767,34816,34816
13499,9769,34816,34816
13500,9768,34816,34816
13501,9770,34816,34816
13502,9771,34816,34816
13503,26019,34816,34816
13504,26020,34816,34816
13505,9772,34816,34816
13506,9774,34816,34816
13507,9773,34816,34816
13508,9775,34816,34816
13509,9776,34816,34816
13510,26021,34816,34816
13511,26022,34816,34816
13512,9777,34816,34816
13513,9779,34816,34816
13514,9778,34816,34816
13515,9780,34816,34816
13516,9781,34816,34816
13517,26023,34816,34816
13518,26024,34816,34816
13519,9782,34816,34816
13520,9784,34816,34816
13521,9783,34816,34816
13522,9785,34816,34816
13523,9786,34816,34816
13524,26025,34816,34816
13525,26026,34816,34816
13526,9787,34816,34816
13527,9789,34816,34816
13528,9788,34816,34816
13529,9790,34816,34816
13530,9791,34816,34816
13531,26027,34816,34816
13532,26028,34816,34816
13533,9792,34816,34816
13534,9794,34816,34816
13535,9793,34816,34816
13536,9795,34816,34816
13537,9796,34816,34816
13538,26029,34816,34816
13539,26030,34816,34816
13540,9797,34816,34816
13541,9799,34816,34816
13542,9798,34816,34816
13543,9800,34816,34816
13544,9801,34816,34816
13545,26031,34816,34816
13546,26032,34816,34816
13547,9802,34816,34816
13548,9804,34816,34816
13549,9803,34816,34816
13550,9805,34816,34816
13551,9806,34816,34816
13552,26033,34816,34816
13553,26034,34816,34816
13554,9807,34816,34816
13555,9809,34816,34816
13556,9808,34816,34816
13557,9810,34816,34816
13558,9811,34816,34816
13559,26035,34816,34816
13560,26036,34816,34816
13561,9812,34816,34816
13562,9814,34816,34816
13563,9813,34816,34816
13564,9815,34816,34816
13565,9816,34816,34816
13566,26037,34816,34816
13567,26038,34816,34816
13568,9817,34816,34816
13569,9819,34816,34816
13570,9818,34816,34816
13571,9820,34816,34816
13572,9821,34816,34816
13573,26039,34816,34816
13574,26040,34816,34816
13575,9822,34816,34816
13576,9824,34816,34816
13577,9823,34816,34816
13578,9825,34816,34816
13579,9826,34816,34816
13580,26041,34816,34816
13581,26042,34816,34816
13582,9827,34816,34816
13583,9829,34816,34816
13584,9828,34816,34816
13585,9830,34816,34816
13586,9831,34816,34816
13587,26043,34816,34816
13588,26044,34816,34816
13589,9832,34816,34816
13590,9834,34816,34816
13591,9833,34816,34816
13592,9835,34816,34816
13593,9836,34816,34816
13594,26045,34816,34816
13595,26046,34816,34816
13596,9837,34816,34816
13597,26014,34816,34816
13598,9838,34816,34816
13599,9839,34816,34816
13600,9841,34816,34816
13601,25537,34688,34816
13602,9840,34688,34816
13603,9842,34688,34816
13604,9843,34688,34816
13605,26048,34688,34816
13606,26049,34688,34816
13607,9844,34688,34816
13608,9846,34688,34816
13609,25540,34560,34816
13610,9845,34560,34816
13611,9847,34560,34816
13612,9848,34560,34816
13613,26050,34560,34816
13614,26051,34560,34816
13615,9849,34560,34816
13616,9851,34560,34816
13617,25543,34432,34816
13618,9850,34432,34816
13619,9852,34432,34816
13620,9853,34432,34816
13621,26052,34432,34816
13622,26053,34432,34816
13623,9854,34432,34816
13624,9856,34432,34816
13625,25546,34304,34816
13626,9855,34304,34816
13627,9857,34304,34816
13628,9858,34304,34816
13629,26054,34304,34816
13630,26055,34304,34816
13631,9859,34304,34816
13632,9861,34304,34816
13633,25549,34176,34816
13634,9860,34176,34816
13635,9862,34176,34816
13636,9863,34176,34816
13637,26056,34176,34816
13638,26057,34176,34816
13639,9864,34176,34816
13640,9866,34176,34816
13641,25552,34048,34816
13642,9865,34048,34816
13643,9867,34048,34816
13644,9868,34048,34816
13645,26058,34048,34816
13646,26059,34048,34816
13647,9869,34048,34816
13648,9871,34048,34816
13649,25555,33920,34816
13650,9870,33920,34816
13651,9872,33920,34816
13652,9873,33920,34816
13653,26060,33920,34816
13654,26061,33920,34816
13655,9874,33920,34816
13656,9876,33920,34816
13657,25558,33792,34816
13658,9875,33792,34816
13659,9877,33792,34816
13660,9878,33792,34816
13661,26062,33792,34816
13662,26063,33792,34816
13663,9879,33792,34816
13664,9881,33792,34816
13665,25561,33664,34816
13666,9880,33664,34816
13667,9882,33664,34816
13668,9883,33664,34816
13669,26064,33664,34816
13670,26065,33664,34816
13671,9884,33664,34816
13672,9886,33664,34816
13673,25564,33536,34816
13674,9885,33536,34816
13675,9887,33536,34816
13676,9888,33536,34816
13677,26066,33536,34816
13678,26067,33536,34816
13679,9889,33536,34816
13680,9891,33536,34816
13681,25567,33408,34816
13682,9890,33408,34816
13683,9892,33408,34816
13684,9893,33408,34816
13685,26068,33408,34816
13686,26069,33408,34816
13687,9894,33408,34816
13688,9896,33408,34816
13689,25570,33280,34816
13690,9895,33280,34816
13691,9897,33280,34816
13692,9898,33280,34816
13693,26070,33280,34816
13694,26071,33280,34816
13695,9899,33280,34816
13696,9901,33280,34816
13697,25573,33152,34816
13698,9900,33152,34816
13699,9902,33152,34816
13700,9903,33152,34816
13701,26072,33152,34816
13702,26073,33152,34816
13703,9904,33152,34816
13704,9906,33152,34816
13705,25576,33024,34816
13706,9905,33024,34816
13707,9907,33024,34816
13708,9908,33024,34816
13709,26074,33024,34816
13710,26075,33024,34816
13711,9909,33024,34816
13712,9911,33024,34816
13713,25579,32896,34816
13714,9910,32896,34816
13715,9912,32896,34816
13716,9913,32896,34816
13717,26076,32896,34816
13718,26077,32896,34816
13719,9914,32896,34816
13720,9916,32896,34816
13721,25582,32768,34816
13722,9915,32768,34816
13723,9917,32768,34816
13724,9918,32768,34816
13725,26078,32768,34816
13726,26079,32768,34816
13727,9919,32768,34816
13728,26047,32768,34816
13729,9920,32768,34816
13730,9923,32768,34816
13731,9924,32768,34816
13732,9926,32768,34816
13733,9921,32896,34816
13734,9922,32896,34816
13735,9925,32896,34816
13736,9927,32896,34816
13737,26082,32896,34816
13738,26083,32896,34816
13739,9930,32896,34816
13740,9931,32896,34816
13741,9933,32896,34816
13742,9928,33024,34816
13743,9929,33024,34816
13744,9932,33024,34816
13745,9934,33024,34816
13746,26085,33024,34816
13747,26086,33024,34816
13748,9937,33024,34816
13749,9938,33024,34816
13750,9940,33024,34816
13751,9935,33152,34816
13752,9936,33152,34816
13753,9939,33152,34816
13754,9941,33152,34816
13755,26088,33152,34816
13756,26089,33152,34816
13757,9944,33152,34816
13758,9945,33152,34816
13759,9947,33152,34816
13760,9942,33280,34816
13761,9943,33280,34816
13762,9946,33280,34816
13763,9948,33280,34816
13764,26091,33280,34816
13765,26092,33280,34816
13766,9951,33280,34816
13767,9952,33280,34816
13768,9954,33280,34816
13769,9949,33408,34816
13770,9950,33408,34816
13771,9953,33408,34816
13772,9955,33408,34816
13773,26094,33408,34816
13774,26095,33408,34816
13775,9958,33408,34816
13776,9959,33408,34816
13777,9961,33408,34816
13778,9956,33536,34816
13779,9957,33536,34816
13780,9960,33536,34816
13781,9962,33536,34816
13782,26097,33536,34816
13783,26098,33536,34816
13784,9965,33536,34816
13785,9966,33536,34816
13786,9968,33536,34816
13787,9963,33664,34816
13788,9964,33664,34816
13789,9967,33664,34816
13790,9969,33664,34816
13791,26100,33664,34816
13792,26101,33664,34816
13793,9972,33664,34816
13794,9973,33664,34816
13795,9975,33664,34816
13796,9970,33792,34816
13797,9971,33792,34816
13798,9974,33792,34816
13799,9976,33792,34816
13800,26103,33792,34816
13801,26104,33792,34816
13802,9979,33792,34816
13803,9980,33792,34816
13804,9982,33792,34816
13805,9977,33920,34816
13806,9978,33920,34816
13807,9981,33920,34816
13808,9983,33920,34816
13809,26106,33920,34816
13810,26107,33920,34816
13811,9986,33920,34816
13812,9987,33920,34816
13813,9989,33920,34816
13814,9984,34048,34816
13815,9985,34048,34816
13816,9988,34048,34816
13817,9990,34048,34816
13818,26109,34048,34816
13819,26110,34048,34816
13820,9993,34048,34816
13821,9994,34048,34816
13822,9996,34048,34816
13823,9991,34176,34816
13824,9992,34176,34816
13825,9995,34176,34816
13826,9997,34176,34816
13827,26112,34176,34816
13828,26113,34176,34816
13829,10000,34176,34816
13830,10001,34176,34816
13831,10003,34176,34816
13832,9998,34304,34816
13833,9999,34304,34816
13834,10002,34304,34816
13835,10004,34304,34816
13836,26115,34304,34816
13837,26116,34304,34816
13838,10007,34304,34816
13839,10008,34304,34816
13840,10010,34304,34816
13841,10005,34432,34816
13842,10006,34432,34816
13843,10009,34432,34816
13844,10011,34432,34816
13845,26118,34432,34816
13846,26119,34432,34816
13847,10014,34432,34816
13848,10015,34432,34816
13849,10017,34432,34816
13850,10012,34560,34816
13851,10013,34560,34816
13852,10016,34560,34816
13853,10018,34560,34816
13854,26121,34560,34816
13855,26122,34560,34816
13856,10021,34560,34816
13857,10022,34560,34816
13858,10024,34560,34816
13859,10019,34688,34816
13860,10020,34688,34816
13861,10023,34688,34816
13862,10025,34688,34816
13863,26124,34688,34816
13864,26125,34688,34816
13865,10028,34688,34816
13866,10029,34688,34816
13867,10031,34688,34816
13868,10026,34816,34816
13869,10027,34816,34816
13870,10030,34816,34816
13871,10032,34816,34816
13872,26127,34816,34816
13873,26128,34816,34816
13874,10033,34816,34816
13875,26080,34816,34816
13876,10034,34816,34816
13877,10035,34816,34816
13878,10037,34816,34816
13879,10036,34816,34816
13880,10038,34816,34816
13881,10039,34816,34816
13882,26130,34816,34816
13883,26131,34816,34816
13884,10040,34816,34816
13885,10042,34816,34816
13886,10041,34816,34816
13887,10043,34816,34816
13888,10044,34816,34816
13889,26132,34816,34816
13890,26133,34816,34816
13891,10045,34816,34816
13892,10047,34816,34816
13893,10046,34816,34816
13894,10048,34816,34816
13895,10049,34816,34816
13896,26134,34816,34816
13897,26135,34816,34816
13898,10050,34816,34816
13899,10052,34816,34816
13900,10051,34816,34816
13901,10053,34816,34816
13902,10054,34816,34816
13903,26136,34816,34816
13904,26137,34816,34816
13905,10055,34816,34816
13906,10057,34816,34816
13907,10056,34816,34816
13908,10058,34816,34816
13909,10059,34816,34816
13910,26138,34816,34816
13911,26139,34816,34816
13912,10060,34816,34816
13913,10062,34816,34816
13914,10061,34816,34816
13915,10063,34816,34816
13916,10064,34816,34816
13917,26140,34816,34816
13918,26141,34816,34816
13919,10065,34816,34816
13920,10067,34816,34816
13921,10066,34816,34816
13922,10068,34816,34816
13923,10069,34816,34816
13924,26142,34816,34816
13925,26143,34816,34816
13926,10070,34816,34816
13927,10072,34816,34816
13928,10071,34816,34816
13929,10073,34816,34816
13930,10074,34816,34816
13931,26144,34816,34816
13932,26145,34816,34816
13933,10075,34816,34816
13934,10077,34816,34816
13935,10076,34816,34816
13936,10078,34816,34816
13937,10079,34816,34816
13938,26146,34816,34816
13939,26147,34816,34816
13940,10080,34816,34816
13941,10082,34816,34816
13942,10081,34816,34816
13943,10083,34816,34816
13944,10084,34816,34816
13945,26148,34816,34816
13946,26149,34816,34816
13947,10085,34816,34816
13948,10087,34816,34816
13949,10086,34816,34816
13950,10088,34816,34816
13951,10089,34816,34816
13952,26150,34816,34816
13953,26151,34816,34816
13954,10090,34816,34816
13955,10092,34816,34816
13956,10091,34816,34816
13957,10093,34816,34816
13958,10094,34816,34816
13959,26152,34816,34816
13960,26153,34816,34816
13961,10095,34816,34816
13962,10097,34816,34816
13963,10096,34816,34816
13964,10098,34816,34816
13965,10099,34816,34816
13966,26154,34816,34816
13967,26155,34816,34816
13968,10100,34816,34816
13969,10102,34816,34816
13970,10101,34816,34816
13971,10103,34816,34816
13972,10104,34816,34816
13973,26156,34816,34816
13974,26157,34816,34816
13975,10105,34816,34816
13976,10107,34816,34816
13977,10106,34816,34816
13978,10108,34816,34816
13979,10109,34816,34816
13980,26158,34816,34816
13981,26159,34816,34816
13982,10110,34816,34816
13983,10112,34816,34816
13984,10111,34816,34816
13985,10113,34816,34816
13986,10114,34816,34816
13987,26160,34816,34816
13988,26161,34816,34816
13989,10115,34816,34816
13990,26129,34816,34816
13991,10116,34816,34816
13992,10117,34816,34816
13993,10119,34816,34816
13994,10118,34816,34816
13995,10120,34816,34816
13996,10121,34816,34816
13997,26163,34816,34816
13998,26164,34816,34816
13999,10122,34816,34816
14000,10124,34816,34816
14001,10123,34816,34816
14002,10125,34816,34816
14003,10126,34816,34816
14004,26165,34816,34816
14005,26166,34816,34816
14006,10127,34816,34816
14007,10129,34816,34816
14008,10128,34816,34816
14009,10130,34816,34816
14010,10131,34816,34816
14011,26167,34816,34816
14012,26168,34816,34816
14013,10132,34816,34816
14014,10134,34816,34816
14015,10133,34816,34816
14016,10135,34816,34816
14017,10136,34816,34816
14018,26169,34816,34816
14019,26170,34816,34816
14020,10137,34816,34816
14021,10139,34816,34816
14022,10138,34816,34816
14023,10140,34816,34816
14024,10141,34816,34816
14025,26171,34816,34816
14026,26172,34816,34816
14027,10142,34816,34816
14028,10144,34816,34816
14029,10143,34816,34816
14030,10145,34816,34816
14031,10146,34816,34816
14032,26173,34816,34816
14033,26174,34816,34816
14034,10147,34816,34816
14035,10149,34816,34816
14036,10148,34816,34816
14037,10150,34816,34816
14038,10151,34816,34816
14039,26175,34816,34816
14040,26176,34816,34816
14041,10152,34816,34816
14042,10154,34816,34816
14043,10153,34816,34816
14044,10155,34816,34816
14045,10156,34816,34816
14046,26177,34816,34816
14047,26178,34816,34816
14048,10157,34816,34816
14049,10159,34816,34816
14050,10158,34816,34816
14051,10160,34816,34816
14052,10161,34816,34816
14053,26179,34816,34816
14054,26180,34816,34816
14055,10162,34816,34816
14056,10164,34816,34816
14057,10163,34816,34816
14058,10165,34816,34816
14059,10166,34816,34816
14060,26181,34816,34816
14061,26182,34816,34816
14062,10167,34816,34816
14063,10169,34816,34816
14064,10168,34816,34816
14065,10170,34816,34816
14066,10171,34816,34816
14067,26183,34816,34816
14068,26184,34816,34816
14069,10172,34816,34816
14070,10174,34816,34816
14071,10173,34816,34816
14072,10175,34816,34816
14073,10176,34816,34816
14074,26185,34816,34816
14075,26186,34816,34816
14076,10177,34816,34816
14077,10179,34816,34816
14078,10178,34816,34816
14079,10180,34816,34816
14080,10181,34816,34816
14081,26187,34816,34816
14082,26188,34816,34816
14083,10182,34816,34816
14084,10184,34816,34816
14085,10183,34816,34816
14086,10185,34816,34816
14087,10186,34816,34816
14088,26189,34816,34816
14089,26190,34816,34816
14090,10187,34816,34816
14091,10189,34816,34816
14092,10188,34816,34816
14093,10190,34816,34816
14094,10191,34816,34816
14095,26191,34816,34816
14096,26192,34816,34816
14097,10192,34816,34816
14098,10194,34816,34816
14099,10193,34816,34816
14100,10195,34816,34816
14101,10196,34816,34816
14102,26193,34816,34816
14103,26194,34816,34816
14104,10197,34816,34816
14105,26162,34816,34816
14106,10198,34816,34816
14107,10199,34816,34816
14108,10201,34816,34816
14109,10200,34816,34816
14110,10202,34816,34816
14111,10203,34816,34816
14112,26196,34816,34816
14113,26197,34816,34816
14114,10204,34816,34816
14115,10206,34816,34816
14116,10205,34816,34816
14117,10207,34816,34816
14118,10208,34816,34816
14119,26198,34816,34816
14120,26199,34816,34816
14121,10209,34816,34816
14122,10211,34816,34816
14123,10210,34816,34816
14124,10212,34816,34816
14125,10213,34816,34816
14126,26200,34816,34816
14127,26201,34816,34816
14128,10214,34816,34816
14129,10216,34816,34816
14130,10215,34816,34816
14131,10217,34816,34816
14132,10218,34816,34816
14133,26202,34816,34816
14134,26203,34816,34816
14135,10219,34816,34816
14136,10221,34816,34816
14137,10220,34816,34816
14138,10222,34816,34816
14139,10223,34816,34816
14140,26204,34816,34816
14141,26205,34816,34816
14142,10224,34816,34816
14143,10226,34816,34816
14144,10225,34816,34816
14145,10227,34816,34816
14146,10228,34816,34816
14147,26206,34816,34816
14148,26207,34816,34816
14149,10229,34816,34816
14150,10231,34816,34816
14151,10230,34816,34816
14152,10232,34816,34816
14153,10233,34816,34816
14154,26208,34816,34816
14155,26209,34816,34816
14156,10234,34816,34816
14157,10236,34816,34816
14158,10235,34816,34816
14159,10237,34816,34816
14160,10238,34816,34816
14161,26210,34816,34816
14162,26211,34816,34816
14163,10239,34816,34816
14164,10241,34816,34816
14165,10240,34816,34816
14166,10242,34816,34816
14167,10243,34816,34816
14168,26212,34816,34816
14169,26213,34816,34816
14170,10244,34816,34816
14171,10246,34816,34816
14172,10245,34816,34816
14173,10247,34816,34816
14174,10248,34816,34816
14175,26214,34816,34816
14176,26215,34816,34816
14177,10249,34816,34816
14178,10251,34816,34816
14179,10250,34816,34816
14180,10252,34816,34816
14181,10253,34816,34816
14182,26216,34816,34816
14183,26217,34816,34816
14184,10254,34816,34816
14185,10256,34816,34816
14186,10255,34816,34816
14187,10257,34816,34816
14188,10258,34816,34816
14189,26218,34816,34816
14190,26219,34816,34816
14191,10259,34816,34816
14192,10261,34816,34816
14193,10260,34816,34816
14194,10262,34816,34816
14195,10263,34816,34816
14196,26220,34816,34816
14197,26221,34816,34816
14198,10264,34816,34816
14199,10266,34816,34816
14200,10265,34816,34816
14201,10267,34816,34816
14202,10268,34816,34816
14203,26222,34816,34816
14204,26223,34816,34816
14205,10269,34816,34816
14206,10271,34816,34816
14207,10270,34816,34816
14208,10272,34816,34816
14209,10273,34816,34816
14210,26224,34816,34816
14211,26225,34816,34816
14212,10274,34816,34816
14213,10276,34816,34816
14214,10275,34816,34816
14215,10277,34816,34816
14216,10278,34816,34816
14217,26226,34816,34816
14218,26227,34816,34816
14219,10279,34816,34816
14220,26195,34816,34816
14221,10280,34816,34816
14222,10281,34816,34816
14223,10283,34816,34816
14224,10282,34816,34816
14225,10284,34816,34816
14226,10285,34816,34816
14227,26229,34816,34816
14228,26230,34816,34816
14229,10286,34816,34816
14230,10288,34816,34816
14231,10287,34816,34816
14232,10289,34816,34816
14233,10290,34816,34816
14234,26231,34816,34816
14235,26232,34816,34816
14236,10291,34816,34816
14237,10293,34816,34816
14238,10292,34816,34816
14239,10294,34816,34816
14240,10295,34816,34816
14241,26233,34816,34816
14242,26234,34816,34816
14243,10296,34816,34816
14244,10298,34816,34816
14245,10297,34816,34816
14246,10299,34816,34816
14247,10300,34816,34816
14248,26235,34816,34816
14249,26236,34816,34816
14250,10301,34816,34816
14251,10303,34816,34816
14252,10302,34816,34816
14253,10304,34816,34816
14254,10305,34816,34816
14255,26237,34816,34816
14256,26238,34816,34816
14257,10306,34816,34816
14258,10308,34816,34816
14259,10307,34816,34816
14260,10309,34816,34816
14261,10310,34816,34816
14262,26239,34816,34816
14263,26240,34816,34816
14264,10311,34816,34816
14265,10313,34816,34816
14266,10312,34816,34816
14267,10314,34816,34816
14268,10315,34816,34816
14269,26241,34816,34816
14270,26242,34816,34816
14271,10316,34816,34816
14272,10318,34816,34816
14273,10317,34816,34816
14274,10319,34816,34816
14275,10320,34816,34816
14276,26243,34816,34816
14277,26244,34816,34816
14278,10321,34816,34816
14279,10323,34816,34816
14280,10322,34816,34816
14281,10324,34816,34816
14282,10325,34816,34816
14283,26245,34816,34816
14284,26246,34816,34816
14285,10326,34816,34816
14286,10328,34816,34816
14287,10327,34816,34816
14288,10329,34816,34816
14289,10330,34816,34816
14290,26247,34816,34816
14291,26248,34816,34816
14292,10331,34816,34816
14293,10333,34816,34816
14294,10332,34816,34816
14295,10334,34816,34816
14296,10335,34816,34816
14297,26249,34816,34816
14298,26250,34816,34816
14299,10336,34816,34816
14300,10338,34816,34816
14301,10337,34816,34816
14302,10339,34816,34816
14303,10340,34816,34816
14304,26251,34816,34816
14305,26252,34816,34816
14306,10341,34816,34816
14307,10343,34816,34816
14308,10342,34816,34816
14309,10344,34816,34816
14310,10345,34816,34816
14311,26253,34816,34816
14312,26254,34816,34816
14313,10346,34816,34816
14314,10348,34816,34816
14315,10347,34816,34816
14316,10349,34816,34816
14317,10350,34816,34816
14318,26255,34816,34816
14319,26256,34816,34816
14320,10351,34816,34816
14321,10353,34816,34816
14322,10352,34816,34816
14323,10354,34816,34816
14324,10355,34816,34816
14325,26257,34816,34816
14326,26258,34816,34816
14327,10356,34816,34816
14328,10358,34816,34816
14329,10357,34816,34816
14330,10359,34816,34816
14331,10360,34816,34816
14332,26259,34816,34816
14333,26260,34816,34816
14334,10361,34816,34816
14335,26228,34816,34816
14336,10362,34816,34816
14337,10363,34816,34816
14338,10365,34816,34816
14339,10364,34816,34816
14340,10366,34816,34816
14341,10367,34816,34816
14342,26262,34816,34816
14343,26263,34816,34816
14344,10368,34816,34816
14345,10370,34816,34816
14346,10369,34816,34816
14347,10371,34816,34816
14348,10372,34816,34816
14349,26264,34816,34816
14350,26265,34816,34816
14351,10373,34816,34816
14352,10375,34816,34816
14353,10374,34816,34816
14354,10376,34816,34816
14355,10377,34816,34816
14356,26266,34816,34816
14357,26267,34816,34816
14358,10378,34816,34816
14359,10380,34816,34816
14360,10379,34816,34816
14361,10381,34816,34816
14362,10382,34816,34816
14363,26268,34816,34816
14364,26269,34816,34816
14365,10383,34816,34816
14366,10385,34816,34816
14367,10384,34816,34816
14368,10386,34816,34816
14369,10387,34816,34816
14370,26270,34816,34816
14371,26271,34816,34816
14372,10388,34816,34816
14373,10390,34816,34816
14374,10389,34816,34816
14375,10391,34816,34816
14376,10392,34816,34816
14377,26272,34816,34816
14378,26273,34816,34816
14379,10393,34816,34816
14380,10395,34816,34816
14381,10394,34816,34816
14382,10396,34816,34816
14383,10397,34816,34816
14384,26274,34816,34816
14385,26275,34816,34816
14386,10398,34816,34816
14387,10400,34816,34816
14388,10399,34816,34816
14389,10401,34816,34816
14390,10402,34816,34816
14391,26276,34816,34816
14392,26277,34816,34816
14393,10403,34816,34816
14394,10405,34816,34816
14395,10404,34816,34816
14396,10406,34816,34816
14397,10407,34816,34816
14398,26278,34816,34816
14399,26279,34816,34816
14400,10408,34816,34816
14401,10410,34816,34816
14402,10409,34816,34816
14403,10411,34816,34816
14404,10412,34816,34816
14405,26280,34816,34816
14406,26281,34816,34816
14407,10413,34816,34816
14408,10415,34816,34816
14409,10414,34816,34816
14410,10416,34816,34816
14411,10417,34816,34816
14412,26282,34816,34816
14413,26283,34816,34816
14414,10418,34816,34816
14415,10420,34816,34816
14416,10419,34816,34816
14417,10421,34816,34816
14418,10422,34816,34816
14419,26284,34816,34816
14420,26285,34816,34816
14421,10423,34816,34816
14422,10425,34816,34816
14423,10424,34816,34816
14424,10426,34816,34816
14425,10427,34816,34816
14426,26286,34816,34816
14427,26287,34816,34816
14428,10428,34816,34816
14429,10430,34816,34816
14430,10429,34816,34816
14431,10431,34816,34816
14432,10432,34816,34816
14433,26288,34816,34816
14434,26289,34816,34816
14435,10433,34816,34816
14436,10435,34816,34816
14437,10434,34816,34816
14438,10436,34816,34816
14439,10437,34816,34816
14440,26290,34816,34816
14441,26291,34816,34816
14442,10438,34816,34816
14443,10440,34816,34816
14444,10439,34816,34816
14445,10441,34816,34816
14446,10442,34816,34816
14447,26292,34816,34816
14448,26293,34816,34816
14449,10443,34816,34816
14450,26261,34816,34816
14451,10444,34816,34816
14452,10445,34816,34816
14453,10447,34816,34816
14454,10446,34816,34816
14455,10448,34816,34816
14456,10449,34816,34816
14457,26295,34816,34816
14458,26296,34816,34816
14459,10450,34816,34816
14460,10452,34816,34816
14461,10451,34816,34816
14462,10453,34816,34816
14463,10454,34816,34816
14464,26297,34816,34816
14465,26298,34816,34816
14466,10455,34816,34816
14467,10457,34816,34816
14468,10456,34816,34816
14469,10458,34816,34816
14470,10459,34816,34816
14471,26299,34816,34816
14472,26300,34816,34816
14473,10460,34816,34816
14474,10462,34816,34816
14475,10461,34816,34816
14476,10463,34816,34816
14477,10464,34816,34816
14478,26301,34816,34816
14479,26302,34816,34816
14480,10465,34816,34816
14481,10467,34816,34816
14482,10466,34816,34816
14483,10468,34816,34816
14484,10469,34816,34816
14485,26303,34816,34816
14486,26304,34816,34816
14487,10470,34816,34816
14488,10472,34816,34816
14489,10471,34816,34816
14490,10473,34816,34816
14491,10474,34816,34816
14492,26305,34816,34816
14493,26306,34816,34816
14494,10475,34816,34816
14495,10477,34816,34816
14496,10476,34816,34816
14497,10478,34816,34816
14498,10479,34816,34816
14499,26307,34816,34816
14500,26308,34816,34816
14501,10480,34816,34816
14502,10482,34816,34816
14503,10481,34816,34816
14504,10483,34816,34816
14505,10484,34816,34816
14506,26309,34816,34816
14507,26310,34816,34816
14508,10485,34816,34816
14509,10487,34816,34816
14510,10486,34816,34816
14511,10488,34816,34816
14512,10489,34816,34816
14513,26311,34816,34816
14514,26312,34816,34816
14515,10490,34816,34816
14516,10492,34816,34816
14517,10491,34816,34816
14518,10493,34816,34816
14519,10494,34816,34816
14520,26313,34816,34816
14521,26314,34816,34816
14522,10495,34816,34816
14523,10497,34816,34816
14524,10496,34816,34816
14525,10498,34816,34816
14526,10499,34816,34816
14527,26315,34816,34816
14528,26316,34816,34816
14529,10500,34816,34816
14530,10502,34816,34816
14531,10501,34816,34816
14532,10503,34816,34816
14533,10504,34816,34816
14534,26317,34816,34816
14535,26318,34816,34816
14536,10505,34816,34816
14537,10507,34816,34816
14538,10506,34816,34816
14539,10508,34816,34816
14540,10509,34816,34816
14541,26319,34816,34816
14542,26320,34816,34816
14543,10510,34816,34816
14544,10512,34816,34816
14545,10511,34816,34816
14546,10513,34816,34816
14547,10514,34816,34816
14548,26321,34816,34816
14549,26322,34816,34816
14550,10515,34816,34816
14551,10517,34816,34816
14552,10516,34816,34816
14553,10518,34816,34816
14554,10519,34816,34816
14555,26323,34816,34816
14556,26324,34816,34816
14557,10520,34816,34816
14558,10522,34816,34816
14559,10521,34816,34816
14560,10523,34816,34816
14561,10524,34816,34816
14562,26325,34816,34816
14563,26326,34816,34816
14564,10525,34816,34816
14565,26294,34816,34816
14566,10526,34816,34816
14567,10527,34816,34816
14568,10529,34816,34816
14569,10528,34816,34816
14570,10530,34816,34816
14571,10531,34816,34816
14572,26328,34816,34816
14573,26329,34816,34816
14574,10532,34816,34816
14575,10534,34816,34816
14576,10533,34816,34816
14577,10535,34816,34816
14578,10536,34816,34816
14579,26330,34816,34816
14580,26331,34816,34816
14581,10537,34816,34816
14582,10539,34816,34816
14583,10538,34816,34816
14584,10540,34816,34816
14585,10541,34816,34816
14586,26332,34816,34816
14587,26333,34816,34816
14588,10542,34816,34816
14589,10544,34816,34816
14590,10543,34816,34816
14591,10545,34816,34816
14592,10546,34816,34816
14593,26334,34816,34816
14594,26335,34816,34816
14595,10547,34816,34816
14596,10549,34816,34816
14597,10548,34816,34816
14598,10550,34816,34816
14599,10551,34816,34816
14600,26336,34816,34816
14601,26337,34816,34816
14602,10552,34816,34816
14603,10554,34816,34816
14604,10553,34816,34816
14605,10555,34816,34816
14606,10556,34816,34816
14607,26338,34816,34816
14608,26339,34816,34816
14609,10557,34816,34816
14610,10559,34816,34816
14611,10558,34816,34816
14612,10560,34816,34816
14613,10561,34816,34816
14614,26340,34816,34816
14615,26341,34816,34816
14616,10562,34816,34816
14617,10564,34816,34816
14618,10563,34816,34816
14619,10565,34816,34816
14620,10566,34816,34816
14621,26342,34816,34816
14622,26343,34816,34816
14623,10567,34816,34816
14624,10569,34816,34816
14625,10568,34816,34816
14626,10570,34816,34816
14627,10571,34816,34816
14628,26344,34816,34816
14629,26345,34816,34816
14630,10572,34816,34816
14631,10574,34816,34816
14632,10573,34816,34816
14633,10575,34816,34816
14634,10576,34816,34816
14635,26346,34816,34816
14636,26347,34816,34816
14637,10577,34816,34816
14638,10579,34816,34816
14639,10578,34816,34816
14640,10580,34816,34816
14641,10581,34816,34816
14642,26348,34816,34816
14643,26349,34816,34816
14644,10582,34816,34816
14645,10584,34816,34816
14646,10583,34816,34816
14647,10585,34816,34816
14648,10586,34816,34816
14649,26350,34816,34816
14650,26351,34816,34816
14651,10587,34816,34816
14652,10589,34816,34816
14653,10588,34816,34816
14654,10590,34816,34816
14655,10591,34816,34816
14656,26352,34816,34816
14657,26353,34816,34816
14658,10592,34816,34816
14659,10594,34816,34816
14660,10593,34816,34816
14661,10595,34816,34816
14662,10596,34816,34816
14663,26354,34816,34816
14664,26355,34816,34816
14665,10597,34816,34816
14666,10599,34816,34816
14667,10598,34816,34816
14668,10600,34816,34816
14669,10601,34816,34816
14670,26356,34816,34816
14671,26357,34816,34816
14672,10602,34816,34816
14673,10604,34816,34816
14674,10603,34816,34816
14675,10605,34816,34816
14676,10606,34816,34816
14677,26358,34816,34816
14678,26359,34816,34816
14679,10607,34816,34816
14680,26327,34816,34816
14681,10608,34816,34816
14682,10609,34816,34816
14683,10611,34816,34816
14684,10610,34816,34816
14685,10612,34816,34816
14686,10613,34816,34816
14687,26361,34816,34816
14688,26362,34816,34816
14689,10614,34816,34816
14690,10616,34816,34816
14691,10615,34816,34816
14692,10617,34816,34816
14693,10618,34816,34816
14694,26363,34816,34816
14695,26364,34816,34816
14696,10619,34816,34816
14697,10621,34816,34816
14698,10620,34816,34816
14699,10622,34816,34816
14700,10623,34816,34816
14701,26365,34816,34816
14702,26366,34816,34816
14703,10624,34816,34816
14704,10626,34816,34816
14705,10625,34816,34816
14706,10627,34816,34816
14707,10628,34816,34816
14708,26367,34816,34816
14709,26368,34816,34816
14710,10629,34816,34816
14711,10631,34816,34816
14712,10630,34816,34816
14713,10632,34816,34816
14714,10633,34816,34816
14715,26369,34816,34816
14716,26370,34816,34816
14717,10634,34816,34816
14718,10636,34816,34816
14719,10635,34816,34816
14720,10637,34816,34816
14721,10638,34816,34816
14722,26371,34816,34816
14723,26372,34816,34816
14724,10639,34816,34816
14725,10641,34816,34816
14726,10640,34816,34816
14727,10642,34816,34816
14728,10643,34816,34816
14729,26373,34816,34816
14730,26374,34816,34816
14731,10644,34816,34816
14732,10646,34816,34816
14733,10645,34816,34816
14734,10647,34816,34816
14735,10648,34816,34816
14736,26375,34816,34816
14737,26376,34816,34816
14738,10649,34816,34816
14739,10651,34816,34816
14740,10650,34816,34816
14741,10652,34816,34816
14742,10653,34816,34816
14743,26377,34816,34816
14744,26378,34816,34816
14745,10654,34816,34816
14746,10656,34816,34816
14747,10655,34816,34816
14748,10657,34816,34816
14749,10658,34816,34816
14750,26379,34816,34816
14751,26380,34816,34816
14752,10659,34816,34816
14753,10661,34816,34816
14754,10660,34816,34816
14755,10662,34816,34816
14756,10663,34816,34816
14757,26381,34816,34816
14758,26382,34816,34816
14759,10664,34816,34816
14760,10666,34816,34816
14761,10665,34816,34816
14762,10667,34816,34816
14763,10668,34816,34816
14764,26383,34816,34816
14765,26384,34816,34816
14766,10669,34816,34816
14767,10671,34816,34816
14768,10670,34816,34816
14769,10672,34816,34816
14770,10673,34816,34816
14771,26385,34816,34816
14772,26386,34816,34816
14773,10674,34816,34816
14774,10676,34816,34816
14775,10675,34816,34816
14776,10677,34816,34816
14777,10678,34816,34816
14778,26387,34816,34816
14779,26388,34816,34816
14780,10679,34816,34816
14781,10681,34816,34816
14782,10680,34816,34816
14783,10682,34816,34816
14784,10683,34816,34816
14785,26389,34816,34816
14786,26390,34816,34816
14787,10684,34816,34816
14788,10686,34816,34816
14789,10685,34816,34816
14790,10687,34816,34816
14791,10688,34816,34816
14792,26391,34816,34816
14793,26392,34816,34816
14794,10689,34816,34816
14795,26360,34816,34816
14796,10690,34816,34816
14797,10691,34816,34816
14798,10693,34816,34816
14799,10692,34816,34816
14800,10694,34816,34816
14801,10695,34816,34816
14802,26394,34816,34816
14803,26395,34816,34816
14804,10696,34816,34816
14805,10698,34816,34816
14806,10697,34816,34816
14807,10699,34816,34816
14808,10700,34816,34816
14809,26396,34816,34816
14810,26397,34816,34816
14811,10701,34816,34816
14812,10703,34816,34816
14813,10702,34816,34816
14814,10704,34816,34816
14815,10705,34816,34816
14816,26398,34816,34816
14817,26399,34816,34816
14818,10706,34816,34816
14819,10708,34816,34816
14820,10707,34816,34816
14821,10709,34816,34816
14822,10710,34816,34816
14823,26400,34816,34816
14824,26401,34816,34816
14825,10711,34816,34816
14826,10713,34816,34816
14827,10712,34816,34816
14828,10714,34816,34816
14829,10715,34816,34816
14830,26402,34816,34816
14831,26403,34816,34816
14832,10716,34816,34816
14833,10718,34816,34816
14834,10717,34816,34816
14835,10719,34816,34816
14836,10720,34816,34816
14837,26404,34816,34816
14838,26405,34816,34816
14839,10721,34816,34816
14840,10723,34816,34816
14841,10722,34816,34816
14842,10724,34816,34816
14843,10725,34816,34816
14844,26406,34816,34816
14845,26407,34816,34816
14846,10726,34816,34816
14847,10728,34816,34816
14848,10727,34816,34816
14849,10729,34816,34816
14850,10730,34816,34816
14851,26408,34816,34816
14852,26409,34816,34816
14853,10731,34816,34816
14854,10733,34816,34816
14855,10732,34816,34816
14856,10734,34816,34816
14857,10735,34816,34816
14858,26410,34816,34816
14859,26411,34816,34816
14860,10736,34816,34816
14861,10738,34816,34816
14862,10737,34816,34816
14863,10739,34816,34816
14864,10740,34816,34816
14865,26412,34816,34816
14866,26413,34816,34816
14867,10741,34816,34816
14868,10743,34816,34816
14869,10742,34816,34816
14870,10744,34816,34816
14871,10745,34816,34816
14872,26414,34816,34816
14873,26415,34816,34816
14874,10746,34816,34816
14875,10748,34816,34816
14876,10747,34816,34816
14877,10749,34816,34816
14878,10750,34816,34816
14879,26416,34816,34816
14880,26417,34816,34816
14881,10751,34816,34816
14882,10753,34816,34816
14883,10752,34816,34816
14884,10754,34816,34816
14885,10755,34816,34816
14886,26418,34816,34816
14887,26419,34816,34816
14888,10756,34816,34816
14889,10758,34816,34816
14890,10757,34816,34816
14891,10759,34816,34816
14892,10760,34816,34816
14893,26420,34816,34816
14894,26421,34816,34816
14895,10761,34816,34816
14896,10763,34816,34816
14897,10762,34816,34816
14898,10764,34816,34816
14899,10765,34816,34816
14900,26422,34816,34816
14901,26423,34816,34816
14902,10766,34816,34816
14903,10768,34816,34816
14904,10767,34816,34816
14905,10769,34816,34816
14906,10770,34816,34816
14907,26424,34816,34816
14908,26425,34816,34816
14909,10771,34816,34816
14910,26393,34816,34816
14911,10772,34816,34816
14912,10773,34816,34816
14913,10775,34816,34816
14914,10774,34816,34816
14915,10776,34816,34816
14916,10777,34816,34816
14917,26427,34816,34816
14918,26428,34816,34816
14919,10778,34816,34816
14920,10780,34816,34816
14921,10779,34816,34816
14922,10781,34816,34816
14923,10782,34816,34816
14924,26429,34816,34816
14925,26430,34816,34816
14926,10783,34816,34816
14927,10785,34816,34816
14928,10784,34816,34816
14929,10786,34816,34816
14930,10787,34816,34816
14931,26431,34816,34816
14932,26432,34816,34816
14933,10788,34816,34816
14934,10790,34816,34816
14935,10789,34816,34816
14936,10791,34816,34816
14937,10792,34816,34816
14938,26433,34816,34816
14939,26434,34816,34816
14940,10793,34816,34816
14941,10795,34816,34816
14942,10794,34816,34816
14943,10796,34816,34816
14944,10797,34816,34816
14945,26435,34816,34816
14946,26436,34816,34816
14947,10798,34816,34816
14948,10800,34816,34816
14949,10799,34816,34816
14950,10801,34816,34816
14951,10802,34816,34816
14952,26437,34816,34816
14953,26438,34816,34816
14954,10803,34816,34816
14955,10805,34816,34816
14956,10804,34816,34816
14957,10806,34816,34816
14958,10807,34816,34816
14959,26439,34816,34816
14960,26440,34816,34816
14961,10808,34816,34816
14962,10810,34816,34816
14963,10809,34816,34816
14964,10811,34816,34816
14965,10812,34816,34816
14966,26441,34816,34816
14967,26442,34816,34816
14968,10813,34816,34816
14969,10815,34816,34816
14970,10814,34816,34816
14971,10816,34816,34816
14972,10817,34816,34816
14973,26443,34816,34816
14974,26444,34816,34816
14975,10818,34816,34816
14976,10820,34816,34816
14977,10819,34816,34816
14978,10821,34816,34816
14979,10822,34816,34816
14980,26445,34816,34816
14981,26446,34816,34816
14982,10823,34816,34816
14983,10825,34816,34816
14984,10824,34816,34816
14985,10826,34816,34816
14986,10827,34816,34816
14987,26447,34816,34816
14988,26448,34816,34816
14989,10828,34816,34816
14990,10830,34816,34816
14991,10829,34816,34816
14992,10831,34816,34816
14993,10832,34816,34816
14994,26449,34816,34816
14995,26450,34816,34816
14996,10833,34816,34816
14997,10835,34816,34816
14998,10834,34816,34816
14999,10836,34816,34816
15000,10837,34816,34816
15001,26451,34816,34816
15002,26452,34816,34816
15003,10838,34816,34816
15004,10840,34816,34816
15005,10839,34816,34816
15006,10841,34816,34816
15007,10842,34816,34816
15008,26453,34816,34816
15009,26454,34816,34816
15010,10843,34816,34816
15011,10845,34816,34816
15012,10844,34816,34816
15013,10846,34816,34816
15014,10847,34816,34816
15015,26455,34816,34816
15016,26456,34816,34816
15017,10848,34816,34816
15018,10850,34816,34816
15019,10849,34816,34816
15020,10851,34816,34816
15021,10852,34816,34816
15022,26457,34816,34816
15023,26458,34816,34816
15024,10853,34816,34816
15025,26426,34816,34816
15026,10854,34816,34816
15027,10855,34816,34816
15028,10857,34816,34816
15029,10856,34816,34816
15030,10858,34816,34816
15031,10859,34816,34816
15032,26460,34816,34816
15033,26461,34816,34816
15034,10860,34816,34816
15035,10862,34816,34816
15036,10861,34816,34816
15037,10863,34816,34816
15038,10864,34816,34816
15039,26462,34816,34816
15040,26463,34816,34816
15041,10865,34816,34816
15042,10867,34816,34816
15043,10866,34816,34816
15044,10868,34816,34816
15045,10869,34816,34816
15046,26464,34816,34816
15047,26465,34816,34816
15048,10870,34816,34816
15049,10872,34816,34816
15050,10871,34816,34816
15051,10873,34816,34816
15052,10874,34816,34816
15053,26466,34816,34816
15054,26467,34816,34816
15055,10875,34816,34816
15056,10877,34816,34816
15057,10876,34816,34816
15058,10878,34816,34816
15059,10879,34816,34816
15060,26468,34816,34816
15061,26469,34816,34816
15062,10880,34816,34816
15063,10882,34816,34816
15064,10881,34816,34816
15065,10883,34816,34816
15066,10884,34816,34816
15067,26470,34816,34816
15068,26471,34816,34816
15069,10885,34816,34816
15070,10887,34816,34816
15071,10886,34816,34816
15072,10888,34816,34816
15073,10889,34816,34816
15074,26472,34816,34816
15075,26473,34816,34816
15076,10890,34816,34816
15077,10892,34816,34816
15078,10891,34816,34816
15079,10893,34816,34816
15080,10894,34816,34816
15081,26474,34816,34816
15082,26475,34816,34816
15083,10895,34816,34816
15084,10897,34816,34816
15085,10896,34816,34816
15086,10898,34816,34816
15087,10899,34816,34816
15088,26476,34816,34816
15089,26477,34816,34816
15090,10900,34816,34816
15091,10902,34816,34816
15092,10901,34816,34816
15093,10903,34816,34816
15094,10904,34816,34816
15095,26478,34816,34816
15096,26479,34816,34816
15097,10905,34816,34816
15098,10907,34816,34816
15099,10906,34816,34816
15100,10908,34816,34816
15101,10909,34816,34816
15102,26480,34816,34816
15103,26481,34816,34816
15104,10910,34816,34816
15105,10912,34816,34816
15106,10911,34816,34816
15107,10913,34816,34816
15108,10914,34816,34816
15109,26482,34816,34816
15110,26483,34816,34816
15111,10915,34816,34816
15112,10917,34816,34816
15113,10916,34816,34816
15114,10918,34816,34816
15115,10919,34816,34816
15116,26484,34816,34816
15117,26485,34816,34816
15118,10920,34816,34816
15119,10922,34816,34816
15120,10921,34816,34816
15121,10923,34816,34816
15122,10924,34816,34816
15123,26486,34816,34816
15124,26487,34816,34816
15125,10925,34816,34816
15126,10927,34816,34816
15127,10926,34816,34816
15128,10928,34816,34816
15129,10929,34816,34816
15130,26488,34816,34816
15131,26489,34816,34816
15132,10930,34816,34816
15133,10932,34816,34816
15134,10931,34816,34816
15135,10933,34816,34816
15136,10934,34816,34816
15137,26490,34816,34816
15138,26491,34816,34816
15139,10935,34816,34816
15140,26459,34816,34816
15141,10936,34816,34816
15142,10937,34816,34816
15143,10939,34816,34816
15144,10938,34816,34816
15145,10940,34816,34816
15146,10941,34816,34816
15147,26493,34816,34816
15148,26494,34816,34816
15149,10942,34816,34816
15150,10944,34816,34816
15151,10943,34816,34816
15152,10945,34816,34816
15153,10946,34816,34816
15154,26495,34816,34816
15155,26496,34816,34816
15156,10947,34816,34816
15157,10949,34816,34816
15158,10948,34816,34816
15159,10950,34816,34816
15160,10951,34816,34816
15161,26497,34816,34816
15162,26498,34816,34816
15163,10952,34816,34816
15164,10954,34816,34816
15165,10953,34816,34816
15166,10955,34816,34816
15167,10956,34816,34816
15168,26499,34816,34816
15169,26500,34816,34816
15170,10957,34816,34816
15171,10959,34816,34816
15172,10958,34816,34816
15173,10960,34816,34816
15174,10961,34816,34816
15175,26501,34816,34816
15176,26502,34816,34816
15177,10962,34816,34816
15178,10964,34816,34816
15179,10963,34816,34816
15180,10965,34816,34816
15181,10966,34816,34816
15182,26503,34816,34816
15183,26504,34816,34816
15184,10967,34816,34816
15185,10969,34816,34816
15186,10968,34816,34816
15187,10970,34816,34816
15188,10971,34816,34816
15189,26505,34816,34816
15190,26506,34816,34816
15191,10972,34816,34816
15192,10974,34816,34816
15193,10973,34816,34816
15194,10975,34816,34816
15195,10976,34816,34816
15196,26507,34816,34816
15197,26508,34816,34816
15198,10977,34816,34816
15199,10979,34816,34816
15200,10978,34816,34816
15201,10980,34816,34816
15202,10981,34816,34816
15203,26509,34816,34816
15204,26510,34816,34816
15205,10982,34816,34816
15206,10984,34816,34816
15207,10983,34816,34816
15208,10985,34816,34816
15209,10986,34816,34816
15210,26511,34816,34816
15211,26512,34816,34816
15212,10987,34816,34816
15213,10989,34816,34816
15214,10988,34816,34816
15215,10990,34816,34816
15216,10991,34816,34816
15217,26513,34816,34816
15218,26514,34816,34816
15219,10992,34816,34816
15220,10994,34816,34816
15221,10993,34816,34816
15222,10995,34816,34816
15223,10996,34816,34816
15224,26515,34816,34816
15225,26516,34816,34816
15226,10997,34816,34816
15227,10999,34816,34816
15228,10998,34816,34816
15229,11000,34816,34816
15230,11001,34816,34816
15231,26517,34816,34816
15232,26518,34816,34816
15233,11002,34816,34816
15234,11004,34816,34816
15235,11003,34816,34816
15236,11005,34816,34816
15237,11006,34816,34816
15238,26519,34816,34816
15239,26520,34816,34816
15240,11007,34816,34816
15241,11009,34816,34816
15242,11008,34816,34816
15243,11010,34816,34816
15244,11011,34816,34816
15245,26521,34816,34816
15246,26522,34816,34816
15247,11012,34816,34816
15248,11014,34816,34816
15249,11013,34816,34816
15250,11015,34816,34816
15251,11016,34816,34816
15252,26523,34816,34816
15253,26524,34816,34816
15254,11017,34816,34816
15255,26492,34816,34816
15256,11018,34816,34816
15257,11019,34816,34816
15258,11021,34816,34816
15259,11020,34816,34816
15260,11022,34816,34816
15261,11023,34816,34816
15262,26526,34816,34816
15263,26527,34816,34816
15264,11024,34816,34816
15265,11026,34816,34816
15266,11025,34816,34816
15267,11027,34816,34816
15268,11028,34816,34816
15269,26528,34816,34816
15270,26529,34816,34816
15271,11029,34816,34816
15272,11031,34816,34816
15273,11030,34816,34816
15274,11032,34816,34816
15275,11033,34816,34816
15276,26530,34816,34816
15277,26531,34816,34816
15278,11034,34816,34816
15279,11036,34816,34816
15280,11035,34816,34816
15281,11037,34816,34816
15282,11038,34816,34816
15283,26532,34816,34816
15284,26533,34816,34816
15285,11039,34816,34816
15286,11041,34816,34816
15287,11040,34816,34816
15288,11042,34816,34816
15289,11043,34816,34816
15290,26534,34816,34816
15291,26535,34816,34816
15292,11044,34816,34816
15293,11046,34816,34816
15294,11045,34816,34816
15295,11047,34816,34816
15296,11048,34816,34816
15297,26536,34816,34816
15298,26537,34816,34816
15299,11049,34816,34816
15300,11051,34816,34816
15301,11050,34816,34816
15302,11052,34816,34816
15303,11053,34816,34816
15304,26538,34816,34816
15305,26539,34816,34816
15306,11054,34816,34816
15307,11056,34816,34816
15308,11055,34816,34816
15309,11057,34816,34816
15310,11058,34816,34816
15311,26540,34816,34816
15312,26541,34816,34816
15313,11059,34816,34816
15314,11061,34816,34816
15315,11060,34816,34816
15316,11062,34816,34816
15317,11063,34816,34816
15318,26542,34816,34816
15319,26543,34816,34816
15320,11064,34816,34816
15321,11066,34816,34816
15322,11065,34816,34816
15323,11067,34816,34816
15324,11068,34816,34816
15325,26544,34816,34816
15326,26545,34816,34816
15327,11069,34816,34816
15328,11071,34816,34816
15329,11070,34816,34816
15330,11072,34816,34816
15331,11073,34816,34816
15332,26546,34816,34816
15333,26547,34816,34816
15334,11074,34816,34816
15335,11076,34816,34816
15336,11075,34816,34816
15337,11077,34816,34816
15338,11078,34816,34816
15339,26548,34816,34816
15340,26549,34816,34816
15341,11079,34816,34816
15342,11081,34816,34816
15343,11080,34816,34816
15344,11082,34816,34816
15345,11083,34816,34816
15346,26550,34816,34816
15347,26551,34816,34816
15348,11084,34816,34816
15349,11086,34816,34816
15350,11085,34816,34816
15351,11087,34816,34816
15352,11088,34816,34816
15353,26552,34816,34816
15354,26553,34816,34816
15355,11089,34816,34816
15356,11091,34816,34816
15357,11090,34816,34816
15358,11092,34816,34816
15359,11093,34816,34816
15360,26554,34816,34816
15361,26555,34816,34816
15362,11094,34816,34816
15363,11096,34816,34816
15364,11095,34816,34816
15365,11097,34816,34816
15366,11098,34816,34816
15367,26556,34816,34816
15368,26557,34816,34816
15369,11099,34816,34816
15370,26525,34816,34816
15371,11100,34816,34816
15372,11101,34816,34816
15373,11103,34816,34816
15374,11102,34816,34816
15375,11104,34816,34816
15376,11105,34816,34816
15377,26559,34816,34816
15378,26560,34816,34816
15379,11106,34816,34816
15380,11108,34816,34816
15381,11107,34816,34816
15382,11109,34816,34816
15383,11110,34816,34816
15384,26561,34816,34816
15385,26562,34816,34816
15386,11111,34816,34816
15387,11113,34816,34816
15388,11112,34816,34816
15389,11114,34816,34816
15390,11115,34816,34816
15391,26563,34816,34816
15392,26564,34816,34816
15393,11116,34816,34816
15394,11118,34816,34816
15395,11117,34816,34816
15396,11119,34816,34816
15397,11120,34816,34816
15398,26565,34816,34816
15399,26566,34816,34816
15400,11121,34816,34816
15401,11123,34816,34816
15402,11122,34816,34816
15403,11124,34816,34816
15404,11125,34816,34816
15405,26567,34816,34816
15406,26568,34816,34816
15407,11126,34816,34816
15408,11128,34816,34816
15409,11127,34816,34816
15410,11129,34816,34816
15411,11130,34816,34816
15412,26569,34816,34816
15413,26570,34816,34816
15414,11131,34816,34816
15415,11133,34816,34816
15416,11132,34816,34816
15417,11134,34816,34816
15418,11135,34816,34816
15419,26571,34816,34816
15420,26572,34816,34816
15421,11136,34816,34816
15422,11138,34816,34816
15423,11137,34816,34816
15424,11139,34816,34816
15425,11140,34816,34816
15426,26573,34816,34816
15427,26574,34816,34816
15428,11141,34816,34816
15429,11143,34816,34816
15430,11142,34816,34816
15431,11144,34816,34816
15432,11145,34816,34816
15433,26575,34816,34816
15434,26576,34816,34816
15435,11146,34816,34816
15436,11148,34816,34816
15437,11147,34816,34816
15438,11149,34816,34816
15439,11150,34816,34816
15440,26577,34816,34816
15441,26578,34816,34816
15442,11151,34816,34816
15443,11153,34816,34816
15444,11152,34816,34816
15445,11154,34816,34816
15446,11155,34816,34816
15447,26579,34816,34816
15448,26580,34816,34816
15449,11156,34816,34816
15450,11158,34816,34816
15451,11157,34816,34816
15452,11159,34816,34816
15453,11160,34816,34816
15454,26581,34816,34816
15455,26582,34816,34816
15456,11161,34816,34816
15457,11163,34816,34816
15458,11162,34816,34816
15459,11164,34816,34816
15460,11165,34816,34816
15461,26583,34816,34816
15462,26584,34816,34816
15463,11166,34816,34816
15464,11168,34816,34816
15465,11167,34816,34816
15466,11169,34816,34816
15467,11170,34816,34816
15468,26585,34816,34816
15469,26586,34816,34816
15470,11171,34816,34816
15471,11173,34816,34816
15472,11172,34816,34816
15473,11174,34816,34816
15474,11175,34816,34816
15475,26587,34816,34816
15476,26588,34816,34816
15477,11176,34816,34816
15478,11178,34816,34816
15479,11177,34816,34816
15480,11179,34816,34816
15481,11180,34816,34816
15482,26589,34816,34816
15483,26590,34816,34816
15484,11181,34816,34816
15485,26558,34816,34816
15486,11182,34816,34816
15487,11183,34816,34816
15488,11185,34816,34816
15489,26081,34688,34816
15490,11184,34688,34816
15491,11186,34688,34816
15492,11187,34688,34816
15493,26592,34688,34816
15494,26593,34688,34816
15495,11188,34688,34816
15496,11190,34688,34816
15497,26084,34560,34816
15498,11189,34560,34816
15499,11191,34560,34816
15500,11192,34560,34816
15501,26594,34560,34816
15502,26595,34560,34816
15503,11193,34560,34816
15504,11195,34560,34816
15505,26087,34432,34816
15506,11194,34432,34816
15507,11196,34432,34816
15508,11197,34432,34816
15509,26596,34432,34816
15510,26597,34432,34816
15511,11198,34432,34816
15512,11200,34432,34816
15513,26090,34304,34816
15514,11199,34304,34816
15515,11201,34304,34816
15516,11202,34304,34816
15517,26598,34304,34816
15518,26599,34304,34816
15519,11203,34304,34816
15520,11205,34304,34816
15521,26093,34176,34816
15522,11204,34176,34816
15523,11206,34176,34816
15524,11207,34176,34816
15525,26600,34176,34816
15526,26601,34176,34816
15527,11208,34176,34816
15528,11210,34176,34816
15529,26096,34048,34816
15530,11209,34048,34816
15531,11211,34048,34816
15532,11212,34048,34816
15533,26602,34048,34816
15534,26603,34048,34816
15535,11213,34048,34816
15536,11215,34048,34816
15537,26099,33920,34816
15538,11214,33920,34816
15539,11216,33920,34816
15540,11217,33920,34816
15541,26604,33920,34816
15542,26605,33920,34816
15543,11218,33920,34816
15544,11220,33920,34816
15545,26102,33792,34816
15546,11219,33792,34816
15547,11221,33792,34816
15548,11222,33792,34816
15549,26606,33792,34816
15550,26607,33792,34816
15551,11223,33792,34816
15552,11225,33792,34816
15553,26105,33664,34816
15554,11224,33664,34816
15555,11226,33664,34816
15556,11227,33664,34816
15557,26608,33664,34816
15558,26609,33664,34816
15559,11228,33664,34816
15560,11230,33664,34816
15561,26108,33536,34816
15562,11229,33536,34816
15563,11231,33536,34816
15564,11232,33536,34816
15565,26610,33536,34816
15566,26611,33536,34816
15567,11233,33536,34816
15568,11235,33536,34816
15569,26111,33408,34816
15570,11234,33408,34816
15571,11236,33408,34816
15572,11237,33408,34816
15573,26612,33408,34816
15574,26613,33408,34816
15575,11238,33408,34816
15576,11240,33408,34816
15577,26114,33280,34816
15578,11239,33280,34816
15579,11241,33280,34816
15580,11242,33280,34816
15581,26614,33280,34816
15582,26615,33280,34816
15583,11243,33280,34816
15584,11245,33280,34816
15585,26117,33152,34816
15586,11244,33152,34816
15587,11246,33152,34816
15588,11247,33152,34816
15589,26616,33152,34816
15590,26617,33152,34816
15591,11248,33152,34816
15592,11250,33152,34816
15593,26120,33024,34816
15594,11249,33024,34816
15595,11251,33024,34816
15596,11252,33024,34816
15597,26618,33024,34816
15598,26619,33024,34816
15599,11253,33024,34816
15600,11255,33024,34816
15601,26123,32896,34816
15602,11254,32896,34816
15603,11256,32896,34816
15604,11257,32896,34816
15605,26620,32896,34816
15606,26621,32896,34816
15607,11258,32896,34816
15608,11260,32896,34816
15609,26126,32768,34816
15610,11259,32768,34816
15611,11261,32768,34816
15612,11262,32768,34816
15613,26622,32768,34816
15614,26623,32768,34816
15615,11263,32768,34816
15616,26591,32768,34816
15617,11264,32768,34816
15618,11267,32768,34816
15619,11268,32768,34816
15620,11270,32768,34816
15621,11265,32896,34816
15622,11266,32896,34816
15623,11269,32896,34816
15624,11271,32896,34816
15625,26626,32896,34816
15626,26627,32896,34816
15627,11274,32896,34816
15628,11275,32896,34816
15629,11277,32896,34816
15630,11272,33024,34816
15631,11273,33024,34816
15632,11276,33024,34816
15633,11278,33024,34816
15634,26629,33024,34816
15635,26630,33024,34816
15636,11281,33024,34816
15637,11282,33024,34816
15638,11284,33024,34816
15639,11279,33152,34816
15640,11280,33152,34816
15641,11283,33152,34816
15642,11285,33152,34816
15643,26632,33152,34816
15644,26633,33152,34816
15645,11288,33152,34816
15646,11289,33152,34816
15647,11291,33152,34816
15648,11286,33280,34816
15649,11287,33280,34816
15650,11290,33280,34816
15651,11292,33280,34816
15652,26635,33280,34816
15653,26636,33280,34816
15654,11295,33280,34816
15655,11296,33280,34816
15656,11298,33280,34816
15657,11293,33408,34816
15658,11294,33408,34816
15659,11297,33408,34816
15660,11299,33408,34816
15661,26638,33408,34816
15662,26639,33408,34816
15663,11302,33408,34816
15664,11303,33408,34816
15665,11305,33408,34816
15666,11300,33536,34816
15667,11301,33536,34816
15668,11304,33536,34816
15669,11306,33536,34816
15670,26641,33536,34816
15671,26642,33536,34816
15672,11309,33536,34816
15673,11310,33536,34816
15674,11312,33536,34816
15675,11307,33664,34816
15676,11308,33664,34816
15677,11311,33664,34816
15678,11313,33664,34816
15679,26644,33664,34816
15680,26645,33664,34816
15681,11316,33664,34816
15682,11317,33664,34816
15683,11319,33664,34816
15684,11314,33792,34816
15685,11315,33792,34816
15686,11318,33792,34816
15687,11320,33792,34816
15688,26647,33792,34816
15689,26648,33792,34816
15690,11323,33792,34816
15691,11324,33792,34816
15692,11326,33792,34816
15693,11321,33920,34816
15694,11322,33920,34816
15695,11325,33920,34816
15696,11327,33920,34816
15697,26650,33920,34816
15698,26651,33920,34816
15699,11330,33920,34816
15700,11331,33920,34816
15701,11333,33920,34816
15702,11328,34048,34816
15703,11329,34048,34816
15704,11332,34048,34816
15705,11334,34048,34816
15706,26653,34048,34816
15707,26654,34048,34816
15708,11337,34048,34816
15709,11338,34048,34816
15710,11340,34048,34816
15711,11335,34176,34816
15712,11336,34176,34816
15713,11339,34176,34816
15714,11341,34176,34816
15715,26656,34176,34816
15716,26657,34176,34816
15717,11344,34176,34816
15718,11345,34176,34816
15719,11347,34176,34816
15720,11342,34304,34816
15721,11343,34304,34816
15722,11346,34304,34816
15723,11348,34304,34816
15724,26659,34304,34816
15725,26660,34304,34816
15726,11351,34304,34816
15727,11352,34304,34816
15728,11354,34304,34816
15729,11349,34432,34816
15730,11350,34432,34816
15731,11353,34432,34816
15732,11355,34432,34816
15733,26662,34432,34816
15734,26663,34432,34816
15735,11358,34432,34816
15736,11359,34432,34816
15737,11361,34432,34816
15738,11356,34560,34816
15739,11357,34560,34816
15740,11360,34560,34816
15741,11362,34560,34816
15742,26665,34560,34816
15743,26666,34560,34816
15744,11365,34560,34816
15745,11366,34560,34816
15746,11368,34560,34816
15747,11363,34688,34816
15748,11364,34688,34816
15749,11367,34688,34816
15750,11369,34688,34816
15751,26668,34688,34816
15752,26669,34688,34816
15753,11372,34688,34816
15754,11373,34688,34816
15755,11375,34688,34816
15756,11370,34816,34816
15757,11371,34816,34816
15758,11374,34816,34816
15759,11376,34816,34816
15760,26671,34816,34816
15761,26672,34816,34816
15762,11377,34816,34816
15763,26624,34816,34816
15764,11378,34816,34816
15765,11379,34816,34816
15766,11381,34816,34816
15767,11380,34816,34816
15768,11382,34816,34816
15769,11383,34816,34816
15770,26674,34816,34816
15771,26675,34816,34816
15772,11384,34816,34816
15773,11386,34816,34816
15774,11385,34816,34816
15775,11387,34816,34816
15776,11388,34816,34816
15777,26676,34816,34816
15778,26677,34816,34816
15779,11389,34816,34816
15780,11391,34816,34816
15781,11390,34816,34816
15782,11392,34816,34816
15783,11393,34816,34816
15784,26678,34816,34816
15785,26679,34816,34816
15786,11394,34816,34816
15787,11396,34816,34816
15788,11395,34816,34816
15789,11397,34816,34816
15790,11398,34816,34816
15791,26680,34816,34816
15792,26681,34816,34816
15793,11399,34816,34816
15794,11401,34816,34816
15795,11400,34816,34816
15796,11402,34816,34816
15797,11403,34816,34816
15798,26682,34816,34816
15799,26683,34816,34816
15800,11404,34816,34816
15801,11406,34816,34816
15802,11405,34816,34816
15803,11407,34816,34816
15804,11408,34816,34816
15805,26684,34816,34816
15806,26685,34816,34816
15807,11409,34816,34816
15808,11411,34816,34816
15809,11410,34816,34816
15810,11412,34816,34816
15811,11413,34816,34816
15812,26686,34816,34816
15813,26687,34816,34816
15814,11414,34816,34816
15815,11416,34816,34816
15816,11415,34816,34816
15817,11417,34816,34816
15818,11418,34816,34816
15819,26688,34816,34816
15820,26689,34816,34816
15821,11419,34816,34816
15822,11421,34816,34816
15823,11420,34816,34816
15824,11422,34816,34816
15825,11423,34816,34816
15826,26690,34816,34816
15827,26691,34816,34816
15828,11424,34816,34816
15829,11426,34816,34816
15830,11425,34816,34816
15831,11427,34816,34816
15832,11428,34816,34816
15833,26692,34816,34816
15834,26693,34816,34816
15835,11429,34816,34816
15836,11431,34816,34816
15837,11430,34816,34816
15838,11432,34816,34816
15839,11433,34816,34816
15840,26694,34816,34816
15841,26695,34816,34816
15842,11434,34816,34816
15843,11436,34816,34816
15844,11435,34816,34816
15845,11437,34816,34816
15846,11438,34816,34816
15847,26696,34816,34816
15848,26697,34816,34816
15849,11439,34816,34816
15850,11441,34816,34816
15851,11440,34816,34816
15852,11442,34816,34816
15853,11443,34816,34816
15854,26698,34816,34816
15855,26699,34816,34816
15856,11444,34816,34816
15857,11446,34816,34816
15858,11445,34816,34816
15859,11447,34816,34816
15860,11448,34816,34816
15861,26700,34816,34816
15862,26701,34816,34816
15863,11449,34816,34816
15864,11451,34816,34816
15865,11450,34816,34816
15866,11452,34816,34816
15867,11453,34816,34816
15868,26702,34816,34816
15869,26703,34816,34816
15870,11454,34816,34816
15871,11456,34816,34816
15872,11455,34816,34816
15873,11457,34816,34816
15874,11458,34816,34816
15875,26704,34816,34816
15876,26705,34816,34816
15877,11459,34816,34816
15878,26673,34816,34816
15879,11460,34816,34816
15880,11461,34816,34816
15881,11463,34816,34816
15882,11462,34816,34816
15883,11464,34816,34816
15884,11465,34816,34816
15885,26707,34816,34816
15886,26708,34816,34816
15887,11466,34816,34816
15888,11468,34816,34816
15889,11467,34816,34816
15890,11469,34816,34816
15891,11470,34816,34816
15892,26709,34816,34816
15893,26710,34816,34816
15894,11471,34816,34816
15895,11473,34816,34816
15896,11472,34816,34816
15897,11474,34816,34816
15898,11475,34816,34816
15899,26711,34816,34816
15900,26712,34816,34816
15901,11476,34816,34816
15902,11478,34816,34816
15903,11477,34816,34816
15904,11479,34816,34816
15905,11480,34816,34816
15906,26713,34816,34816
15907,26714,34816,34816
15908,11481,34816,34816
15909,11483,34816,34816
15910,11482,34816,34816
15911,11484,34816,34816
15912,11485,34816,34816
15913,26715,34816,34816
15914,26716,34816,34816
15915,11486,34816,34816
15916,11488,34816,34816
15917,11487,34816,34816
15918,11489,34816,34816
15919,11490,34816,34816
15920,26717,34816,34816
15921,26718,34816,34816
15922,11491,34816,34816
15923,11493,34816,34816
15924,11492,34816,34816
15925,11494,34816,34816
15926,11495,34816,34816
15927,26719,34816,34816
15928,26720,34816,34816
15929,11496,34816,34816
15930,11498,34816,34816
15931,11497,34816,34816
15932,11499,34816,34816
15933,11500,34816,34816
15934,26721,34816,34816
15935,26722,34816,34816
15936,11501,34816,34816
15937,11503,34816,34816
15938,11502,34816,34816
15939,11504,34816,34816
15940,11505,34816,34816
15941,26723,34816,34816
15942,26724,34816,34816
15943,11506,34816,34816
15944,11508,34816,34816
15945,11507,34816,34816
15946,11509,34816,34816
15947,11510,34816,34816
15948,26725,34816,34816
15949,26726,34816,34816
15950,11511,34816,34816
15951,11513,34816,34816
15952,11512,34816,34816
15953,11514,34816,34816
15954,11515,34816,34816
15955,26727,34816,34816
15956,26728,34816,34816
15957,11516,34816,34816
15958,11518,34816,34816
15959,11517,34816,34816
15960,11519,34816,34816
15961,11520,34816,34816
15962,26729,34816,34816
15963,26730,34816,34816
15964,11521,34816,34816
15965,11523,34816,34816
15966,11522,34816,34816
15967,11524,34816,34816
15968,11525,34816,34816
15969,26731,34816,34816
15970,26732,34816,34816
15971,11526,34816,34816
15972,11528,34816,34816
15973,11527,34816,34816
15974,11529,34816,34816
15975,11530,34816,34816
15976,26733,34816,34816
15977,26734,34816,34816
15978,11531,34816,34816
15979,11533,34816,34816
15980,11532,34816,34816
15981,11534,34816,34816
15982,11535,34816,34816
15983,26735,34816,34816
15984,26736,34816,34816
15985,11536,34816,34816
15986,11538,34816,34816
15987,11537,34816,34816
15988,11539,34816,34816
15989,11540,34816,34816
15990,26737,34816,34816
15991,26738,34816,34816
15992,11541,34816,34816
15993,26706,34816,34816
15994,11542,34816,34816
15995,11543,34816,34816
15996,11545,34816,34816
15997,11544,34816,34816
15998,11546,34816,34816
15999,11547,34816,34816
16000,26740,34816,34816
16001,26741,34816,34816
16002,11548,34816,34816
16003,11550,34816,34816
16004,11549,34816,34816
16005,11551,34816,34816
16006,11552,34816,34816
16007,26742,34816,34816
16008,26743,34816,34816
16009,11553,34816,34816
16010,11555,34816,34816
16011,11554,34816,34816
16012,11556,34816,34816
16013,11557,34816,34816
16014,26744,34816,34816
16015,26745,34816,34816
16016,11558,34816,34816
16017,11560,34816,34816
16018,11559,34816,34816
16019,11561,34816,34816
16020,11562,34816,34816
16021,26746,34816,34816
16022,26747,34816,34816
16023,11563,34816,34816
16024,11565,34816,34816
16025,11564,34816,34816
16026,11566,34816,34816
16027,11567,34816,34816
16028,26748,34816,34816
16029,26749,34816,34816
16030,11568,34816,34816
16031,11570,34816,34816
16032,11569,34816,34816
16033,11571,34816,34816
16034,11572,34816,34816
16035,26750,34816,34816
16036,26751,34816,34816
16037,11573,34816,34816
16038,11575,34816,34816
16039,11574,34816,34816
16040,11576,34816,34816
16041,11577,34816,34816
16042,26752,34816,34816
16043,26753,34816,34816
16044,11578,34816,34816
16045,11580,34816,34816
16046,11579,34816,34816
16047,11581,34816,34816
16048,11582,34816,34816
16049,26754,34816,34816
16050,26755,34816,34816
16051,11583,34816,34816
16052,11585,34816,34816
16053,11584,34816,34816
16054,11586,34816,34816
16055,11587,34816,34816
16056,26756,34816,34816
16057,26757,34816,34816
16058,11588,34816,34816
16059,11590,34816,34816
16060,11589,34816,34816
16061,11591,34816,34816
16062,11592,34816,34816
16063,26758,34816,34816
16064,26759,34816,34816
16065,11593,34816,34816
16066,11595,34816,34816
16067,11594,34816,34816
16068,11596,34816,34816
16069,11597,34816,34816
16070,26760,34816,34816
16071,26761,34816,34816
16072,11598,34816,34816
16073,11600,34816,34816
16074,11599,34816,34816
16075,11601,34816,34816
16076,11602,34816,34816
16077,26762,34816,34816
16078,26763,34816,34816
16079,11603,34816,34816
16080,11605,34816,34816
16081,11604,34816,34816
16082,11606,34816,34816
16083,11607,34816,34816
16084,26764,34816,34816
16085,26765,34816,34816
16086,11608,34816,34816
16087,11610,34816,34816
16088,11609,34816,34816
16089,11611,34816,34816
16090,11612,34816,34816
16091,26766,34816,34816
16092,26767,34816,34816
16093,11613,34816,34816
16094,11615,34816,34816
16095,11614,34816,34816
16096,11616,34816,34816
16097,11617,34816,34816
16098,26768,34816,34816
16099,26769,34816,34816
16100,11618,34816,34816
16101,11620,34816,34816
16102,11619,34816,34816
16103,11621,34816,34816
16104,11622,34816,34816
16105,26770,34816,34816
16106,26771,34816,34816
16107,11623,34816,34816
16108,26739,34816,34816
16109,11624,34816,34816
16110,11625,34816,34816
16111,11627,34816,34816
16112,11626,34816,34816
16113,11628,34816,34816
16114,11629,34816,34816
16115,26773,34816,34816
16116,26774,34816,34816
16117,11630,34816,34816
16118,11632,34816,34816
16119,11631,34816,34816
16120,11633,34816,34816
16121,11634,34816,34816
16122,26775,34816,34816
16123,26776,34816,34816
16124,11635,34816,34816
16125,11637,34816,34816
16126,11636,34816,34816
16127,11638,34816,34816
16128,11639,34816,34816
16129,26777,34816,34816
16130,26778,34816,34816
16131,11640,34816,34816
16132,11642,34816,34816
16133,11641,34816,34816
16134,11643,34816,34816
16135,11644,34816,34816
16136,26779,34816,34816
16137,26780,34816,34816
16138,11645,34816,34816
16139,11647,34816,34816
16140,11646,34816,34816
16141,11648,34816,34816
16142,11649,34816,34816
16143,26781,34816,34816
16144,26782,34816,34816
16145,11650,34816,34816
16146,11652,34816,34816
16147,11651,34816,34816
16148,11653,34816,34816
16149,11654,34816,34816
16150,26783,34816,34816
16151,26784,34816,34816
16152,11655,34816,34816
16153,11657,34816,34816
16154,11656,34816,34816
16155,11658,34816,34816
16156,11659,34816,34816
16157,26785,34816,34816
16158,26786,34816,34816
16159,11660,34816,34816
16160,11662,34816,34816
16161,11661,34816,34816
16162,11663,34816,34816
16163,11664,34816,34816
16164,26787,34816,34816
16165,26788,34816,34816
16166,11665,34816,34816
16167,11667,34816,34816
16168,11666,34816,34816
16169,11668,34816,34816
16170,11669,34816,34816
16171,26789,34816,34816
16172,26790,34816,34816
16173,11670,34816,34816
16174,11672,34816,34816
16175,11671,34816,34816
16176,11673,34816,34816
16177,11674,34816,34816
16178,26791,34816,34816
16179,26792,34816,34816
16180,11675,34816,34816
16181,11677,34816,34816
16182,11676,34816,34816
16183,11678,34816,34816
16184,11679,34816,34816
16185,26793,34816,34816
16186,26794,34816,34816
16187,11680,34816,34816
16188,11682,34816,34816
16189,11681,34816,34816
16190,11683,34816,34816
16191,11684,34816,34816
16192,26795,34816,34816
16193,26796,34816,34816
16194,11685,34816,34816
16195,11687,34816,34816
16196,11686,34816,34816
16197,11688,34816,34816
16198,11689,34816,34816
16199,26797,34816,34816
16200,26798,34816,34816
16201,11690,34816,34816
16202,11692,34816,34816
16203,11691,34816,34816
16204,11693,34816,34816
16205,11694,34816,34816
16206,26799,34816,34816
16207,26800,34816,34816
16208,11695,34816,34816
16209,11697,34816,34816
16210,11696,34816,34816
16211,11698,34816,34816
16212,11699,34816,34816
16213,26801,34816,34816
16214,26802,34816,34816
16215,11700,34816,34816
16216,11702,34816,34816
16217,11701,34816,34816
16218,11703,34816,34816
16219,11704,34816,34816
16220,26803,34816,34816
16221,26804,34816,34816
16222,11705,34816,34816
16223,26772,34816,34816
16224,11706,34816,34816
16225,11707,34816,34816
16226,11709,34816,34816
16227,11708,34816,34816
16228,11710,34816,34816
16229,11711,34816,34816
16230,26806,34816,34816
16231,26807,34816,34816
16232,11712,34816,34816
16233,11714,34816,34816
16234,11713,34816,34816
16235,11715,34816,34816
16236,11716,34816,34816
16237,26808,34816,34816
16238,26809,34816,34816
16239,11717,34816,34816
16240,11719,34816,34816
16241,11718,34816,34816
16242,11720,34816,34816
16243,11721,34816,34816
16244,26810,34816,34816
16245,26811,34816,34816
16246,11722,34816,34816
16247,11724,34816,34816
16248,11723,34816,34816
16249,11725,34816,34816
16250,11726,34816,34816
16251,26812,34816,34816
16252,26813,34816,34816
16253,11727,34816,34816
16254,11729,34816,34816
16255,11728,34816,34816
16256,11730,34816,34816
16257,11731,34816,34816
16258,26814,34816,34816
16259,26815,34816,34816
16260,11732,34816,34816
16261,11734,34816,34816
16262,11733,34816,34816
16263,11735,34816,34816
16264,11736,34816,34816
16265,26816,34816,34816
16266,26817,34816,34816
16267,11737,34816,34816
16268,11739,34816,34816
16269,11738,34816,34816
16270,11740,34816,34816
16271,11741,34816,34816
16272,26818,34816,34816
16273,26819,34816,34816
16274,11742,34816,34816
16275,11744,34816,34816
16276,11743,34816,34816
16277,11745,34816,34816
16278,11746,34816,34816
16279,26820,34816,34816
16280,26821,34816,34816
16281,11747,34816,34816
16282,11749,34816,34816
16283,11748,34816,34816
16284,11750,34816,34816
16285,11751,34816,34816
16286,26822,34816,34816
16287,26823,34816,34816
16288,11752,34816,34816
16289,11754,34816,34816
16290,11753,34816,34816
16291,11755,34816,34816
16292,11756,34816,34816
16293,26824,34816,34816
16294,26825,34816,34816
16295,11757,34816,34816
16296,11759,34816,34816
16297,11758,34816,34816
16298,11760,34816,34816
16299,11761,34816,34816
16300,26826,34816,34816
16301,26827,34816,34816
16302,11762,34816,34816
16303,11764,34816,34816
16304,11763,34816,34816
16305,11765,34816,34816
16306,11766,34816,34816
16307,26828,34816,34816
16308,26829,34816,34816
16309,11767,34816,34816
16310,11769,34816,34816
16311,11768,34816,34816
16312,11770,34816,34816
16313,11771,34816,34816
16314,26830,34816,34816
16315,26831,34816,34816
16316,11772,34816,34816
16317,11774,34816,34816
16318,11773,34816,34816
16319,11775,34816,34816
16320,11776,34816,34816
16321,26832,34816,34816
16322,26833,34816,34816
16323,11777,34816,34816
16324,11779,34816,34816
16325,11778,34816,34816
16326,11780,34816,34816
16327,11781,34816,34816
16328,26834,34816,34816
16329,26835,34816,34816
16330,11782,34816,34816
16331,11784,34816,34816
16332,11783,34816,34816
16333,11785,34816,34816
16334,11786,34816,34816
16335,26836,34816,34816
16336,26837,34816,34816
16337,11787,34816,34816
16338,26805,34816,34816
16339,11788,34816,34816
16340,11789,34816,34816
16341,11791,34816,34816
16342,11790,34816,34816
16343,11792,34816,34816
16344,11793,34816,34816
16345,26839,34816,34816
16346,26840,34816,34816
16347,11794,34816,34816
16348,11796,34816,34816
16349,11795,34816,34816
16350,11797,34816,34816
16351,11798,34816,34816
16352,26841,34816,34816
16353,26842,34816,34816
16354,11799,34816,34816
16355,11801,34816,34816
16356,11800,34816,34816
16357,11802,34816,34816
16358,11803,34816,34816
16359,26843,34816,34816
16360,26844,34816,34816
16361,11804,34816,34816
16362,11806,34816,34816
16363,11805,34816,34816
16364,11807,34816,34816
16365,11808,34816,34816
16366,26845,34816,34816
16367,26846,34816,34816
16368,11809,34816,34816
16369,11811,34816,34816
16370,11810,34816,34816
16371,11812,34816,34816
16372,11813,34816,34816
16373,26847,34816,34816
16374,26848,34816,34816
16375,11814,34816,34816
16376,11816,34816,34816
16377,11815,34816,34816
16378,11817,34816,34816
16379,11818,34816,34816
16380,26849,34816,34816
16381,26850,34816,34816
16382,11819,34816,34816
16383,11821,34816,34816
16384,11820,34816,34816
16385,11822,34816,34816
16386,11823,34816,34816
16387,26851,34816,34816
16388,26852,34816,34816
16389,11824,34816,34816
16390,11826,34816,34816
16391,11825,34816,34816
16392,11827,34816,34816
16393,11828,34816,34816
16394,26853,34816,34816
16395,26854,34816,34816
16396,11829,34816,34816
16397,11831,34816,34816
16398,11830,34816,34816
16399,11832,34816,34816
16400,11833,34816,34816
16401,26855,34816,34816
16402,26856,34816,34816
16403,11834,34816,34816
16404,11836,34816,34816
16405,11835,34816,34816
16406,11837,34816,34816
16407,11838,34816,34816
16408,26857,34816,34816
16409,26858,34816,34816
16410,11839,34816,34816
16411,11841,34816,34816
16412,11840,34816,34816
16413,11842,34816,34816
16414,11843,34816,34816
16415,26859,34816,34816
16416,26860,34816,34816
16417,11844,34816,34816
16418,11846,34816,34816
16419,11845,34816,34816
16420,11847,34816,34816
16421,11848,34816,34816
16422,26861,34816,34816
16423,26862,34816,34816
16424,11849,34816,34816
16425,11851,34816,34816
16426,11850,34816,34816
16427,11852,34816,34816
16428,11853,34816,34816
16429,26863,34816,34816
16430,26864,34816,34816
16431,11854,34816,34816
16432,11856,34816,34816
16433,11855,34816,34816
16434,11857,34816,34816
16435,11858,34816,34816
16436,26865,34816,34816
16437,26866,34816,34816
16438,11859,34816,34816
16439,11861,34816,34816
16440,11860,34816,34816
16441,11862,34816,34816
16442,11863,34816,34816
16443,26867,34816,34816
16444,26868,34816,34816
16445,11864,34816,34816
16446,11866,34816,34816
16447,11865,34816,34816
16448,11867,34816,34816
16449,11868,34816,34816
16450,26869,34816,34816
16451,26870,34816,34816
16452,11869,34816,34816
16453,26838,34816,34816
16454,11870,34816,34816
16455,11871,34816,34816
16456,11873,34816,34816
16457,11872,34816,34816
16458,11874,34816,34816
16459,11875,34816,34816
16460,26872,34816,34816
16461,26873,34816,34816
16462,11876,34816,34816
16463,11878,34816,34816
16464,11877,34816,34816
16465,11879,34816,34816
16466,11880,34816,34816
16467,26874,34816,34816
16468,26875,34816,34816
16469,11881,34816,34816
16470,11883,34816,34816
16471,11882,34816,34816
16472,11884,34816,34816
16473,11885,34816,34816
16474,26876,34816,34816
16475,26877,34816,34816
16476,11886,34816,34816
16477,11888,34816,34816
16478,11887,34816,34816
16479,11889,34816,34816
16480,11890,34816,34816
16481,26878,34816,34816
16482,26879,34816,34816
16483,11891,34816,34816
16484,11893,34816,34816
16485,11892,34816,34816
16486,11894,34816,34816
16487,11895,34816,34816
16488,26880,34816,34816
16489,26881,34816,34816
16490,11896,34816,34816
16491,11898,34816,34816
16492,11897,34816,34816
16493,11899,34816,34816
16494,11900,34816,34816
16495,26882,34816,34816
16496,26883,34816,34816
16497,11901,34816,34816
16498,11903,34816,34816
16499,11902,34816,34816
16500,11904,34816,34816
16501,11905,34816,34816
16502,26884,34816,34816
16503,26885,34816,34816
16504,11906,34816,34816
16505,11908,34816,34816
16506,11907,34816,34816
16507,11909,34816,34816
16508,11910,34816,34816
16509,26886,34816,34816
16510,26887,34816,34816
16511,11911,34816,34816
16512,11913,34816,34816
16513,11912,34816,34816
16514,11914,34816,34816
16515,11915,34816,34816
16516,26888,34816,34816
16517,26889,34816,34816
16518,11916,34816,34816
16519,11918,34816,34816
16520,11917,34816,34816
16521,11919,34816,34816
16522,11920,34816,34816
16523,26890,34816,34816
16524,26891,34816,34816
16525,11921,34816,34816
16526,11923,34816,34816
16527,11922,34816,34816
16528,11924,34816,34816
16529,11925,34816,34816
16530,26892,34816,34816
16531,26893,34816,34816
16532,11926,34816,34816
16533,11928,34816,34816
16534,11927,34816,34816
16535,11929,34816,34816
16536,11930,34816,34816
16537,26894,34816,34816
16538,26895,34816,34816
16539,11931,34816,34816
16540,11933,34816,34816
16541,11932,34816,34816
16542,11934,34816,34816
16543,11935,34816,34816
16544,26896,34816,34816
16545,26897,34816,34816
16546,11936,34816,34816
16547,11938,34816,34816
16548,11937,34816,34816
16549,11939,34816,34816
16550,11940,34816,34816
16551,26898,34816,34816
16552,26899,34816,34816
16553,11941,34816,34816
16554,11943,34816,34816
16555,11942,34816,34816
16556,11944,34816,34816
16557,11945,34816,34816
16558,26900,34816,34816
16559,26901,34816,34816
16560,11946,34816,34816
16561,11948,34816,34816
16562,11947,34816,34816
16563,11949,34816,34816
16564,11950,34816,34816
16565,26902,34816,34816
16566,26903,34816,34816
16567,11951,34816,34816
16568,26871,34816,34816
16569,11952,34816,34816
16570,11953,34816,34816
16571,11955,34816,34816
16572,11954,34816,34816
16573,11956,34816,34816
16574,11957,34816,34816
16575,26905,34816,34816
16576,26906,34816,34816
16577,11958,34816,34816
16578,11960,34816,34816
16579,11959,34816,34816
16580,11961,34816,34816
16581,11962,34816,34816
16582,26907,34816,34816
16583,26908,34816,34816
16584,11963,34816,34816
16585,11965,34816,34816
16586,11964,34816,34816
16587,11966,34816,34816
16588,11967,34816,34816
16589,26909,34816,34816
16590,26910,34816,34816
16591,11968,34816,34816
16592,11970,34816,34816
16593,11969,34816,34816
16594,11971,34816,34816
16595,11972,34816,34816
16596,26911,34816,34816
16597,26912,34816,34816
16598,11973,34816,34816
16599,11975,34816,34816
16600,11974,34816,34816
16601,11976,34816,34816
16602,11977,34816,34816
16603,26913,34816,34816
16604,26914,34816,34816
16605,11978,34816,34816
16606,11980,34816,34816
16607,11979,34816,34816
16608,11981,34816,34816
16609,11982,34816,34816
16610,26915,34816,34816
16611,26916,34816,34816
16612,11983,34816,34816
16613,11985,34816,34816
16614,11984,34816,34816
16615,11986,34816,34816
16616,11987,34816,34816
16617,26917,34816,34816
16618,26918,34816,34816
16619,11988,34816,34816
16620,11990,34816,34816
16621,11989,34816,34816
16622,11991,34816,34816
16623,11992,34816,34816
16624,26919,34816,34816
16625,26920,34816,34816
16626,11993,34816,34816
16627,11995,34816,34816
16628,11994,34816,34816
16629,11996,34816,34816
16630,11997,34816,34816
16631,26921,34816,34816
16632,26922,34816,34816
16633,11998,34816,34816
16634,12000,34816,34816
16635,11999,34816,34816
16636,12001,34816,34816
16637,12002,34816,34816
16638,26923,34816,34816
16639,26924,34816,34816
16640,12003,34816,34816
16641,12005,34816,34816
16642,12004,34816,34816
16643,12006,34816,34816
16644,12007,34816,34816
16645,26925,34816,34816
16646,26926,34816,34816
16647,12008,34816,34816
16648,12010,34816,34816
16649,12009,34816,34816
16650,12011,34816,34816
16651,12012,34816,34816
16652,26927,34816,34816
16653,26928,34816,34816
16654,12013,34816,34816
16655,12015,34816,34816
16656,12014,34816,34816
16657,12016,34816,34816
16658,12017,34816,34816
16659,26929,34816,34816
16660,26930,34816,34816
16661,12018,34816,34816
16662,12020,34816,34816
16663,12019,34816,34816
16664,12021,34816,34816
16665,12022,34816,34816
16666,26931,34816,34816
16667,26932,34816,34816
16668,12023,34816,34816
16669,12025,34816,34816
16670,12024,34816,34816
16671,12026,34816,34816
16672,12027,34816,34816
16673,26933,34816,34816
16674,26934,34816,34816
16675,12028,34816,34816
16676,12030,34816,34816
16677,12029,34816,34816
16678,12031,34816,34816
16679,12032,34816,34816
16680,26935,34816,34816
16681,26936,34816,34816
16682,12033,34816,34816
16683,26904,34816,34816
16684,12034,34816,34816
16685,12035,34816,34816
16686,12037,34816,34816
16687,12036,34816,34816
16688,12038,34816,34816
16689,12039,34816,34816
16690,26938,34816,34816
16691,26939,34816,34816
16692,12040,34816,34816
16693,12042,34816,34816
16694,12041,34816,34816
16695,12043,34816,34816
16696,12044,34816,34816
16697,26940,34816,34816
16698,26941,34816,34816
16699,12045,34816,34816
16700,12047,34816,34816
16701,12046,34816,34816
16702,12048,34816,34816
16703,12049,34816,34816
16704,26942,34816,34816
16705,26943,34816,34816
16706,12050,34816,34816
16707,12052,34816,34816
16708,12051,34816,34816
16709,12053,34816,34816
16710,12054,34816,34816
16711,26944,34816,34816
16712,26945,34816,34816
16713,12055,34816,34816
16714,12057,34816,34816
16715,12056,34816,34816
16716,12058,34816,34816
16717,12059,34816,34816
16718,26946,34816,34816
16719,26947,34816,34816
16720,12060,34816,34816
16721,12062,34816,34816
16722,12061,34816,34816
16723,12063,34816,34816
16724,12064,34816,34816
16725,26948,34816,34816
16726,26949,34816,34816
16727,12065,34816,34816
16728,12067,34816,34816
16729,12066,34816,34816
16730,12068,34816,34816
16731,12069,34816,34816
16732,26950,34816,34816
16733,26951,34816,34816
16734,12070,34816,34816
16735,12072,34816,34816
16736,12071,34816,34816
16737,12073,34816,34816
16738,12074,34816,34816
16739,26952,34816,34816
16740,26953,34816,34816
16741,12075,34816,34816
16742,12077,34816,34816
16743,12076,34816,34816
16744,12078,34816,34816
16745,12079,34816,34816
16746,26954,34816,34816
16747,26955,34816,34816
16748,12080,34816,34816
16749,12082,34816,34816
16750,12081,34816,34816
16751,12083,34816,34816
16752,12084,34816,34816
16753,26956,34816,34816
16754,26957,34816,34816
16755,12085,34816,34816
16756,12087,34816,34816
16757,12086,34816,34816
16758,12088,34816,34816
16759,12089,34816,34816
16760,26958,34816,34816
16761,26959,34816,34816
16762,12090,34816,34816
16763,12092,34816,34816
16764,12091,34816,34816
16765,12093,34816,34816
16766,12094,34816,34816
16767,26960,34816,34816
16768,26961,34816,34816
16769,12095,34816,34816
16770,12097,34816,34816
16771,12096,34816,34816
16772,12098,34816,34816
16773,12099,34816,34816
16774,26962,34816,34816
16775,26963,34816,34816
16776,12100,34816,34816
16777,12102,34816,34816
16778,12101,34816,34816
16779,12103,34816,34816
16780,12104,34816,34816
16781,26964,34816,34816
16782,26965,34816,34816
16783,12105,34816,34816
16784,12107,34816,34816
16785,12106,34816,34816
16786,12108,34816,34816
16787,12109,34816,34816
16788,26966,34816,34816
16789,26967,34816,34816
16790,12110,34816,34816
16791,12112,34816,34816
16792,12111,34816,34816
16793,12113,34816,34816
16794,12114,34816,34816
16795,26968,34816,34816
16796,26969,34816,34816
16797,12115,34816,34816
16798,26937,34816,34816
16799,12116,34816,34816
16800,12117,34816,34816
16801,12119,34816,34816
16802,12118,34816,34816
16803,12120,34816,34816
16804,12121,34816,34816
16805,26971,34816,34816
16806,26972,34816,34816
16807,12122,34816,34816
16808,12124,34816,34816
16809,12123,34816,34816
16810,12125,34816,34816
16811,12126,34816,34816
16812,26973,34816,34816
16813,26974,34816,34816
16814,12127,34816,34816
16815,12129,34816,34816
16816,12128,34816,34816
16817,12130,34816,34816
16818,12131,34816,34816
16819,26975,34816,34816
16820,26976,34816,34816
16821,12132,34816,34816
16822,12134,34816,34816
16823,12133,34816,34816
16824,12135,34816,34816
16825,12136,34816,34816
16826,26977,34816,34816
16827,26978,34816,34816
16828,12137,34816,34816
16829,12139,34816,34816
16830,12138,34816,34816
16831,12140,34816,34816
16832,12141,34816,34816
16833,26979,34816,34816
16834,26980,34816,34816
16835,12142,34816,34816
16836,12144,34816,34816
16837,12143,34816,34816
16838,12145,34816,34816
16839,12146,34816,34816
16840,26981,34816,34816
16841,26982,34816,34816
16842,12147,34816,34816
16843,12149,34816,34816
16844,12148,34816,34816
16845,12150,34816,34816
16846,12151,34816,34816
16847,26983,34816,34816
16848,26984,34816,34816
16849,12152,34816,34816
16850,12154,34816,34816
16851,12153,34816,34816
16852,12155,34816,34816
16853,12156,34816,34816
16854,26985,34816,34816
16855,26986,34816,34816
16856,12157,34816,34816
16857,12159,34816,34816
16858,12158,34816,34816
16859,12160,34816,34816
16860,12161,34816,34816
16861,26987,34816,34816
16862,26988,34816,34816
16863,12162,34816,34816
16864,12164,34816,34816
16865,12163,34816,34816
16866,12165,34816,34816
16867,12166,34816,34816
16868,26989,34816,34816
16869,26990,34816,34816
16870,12167,34816,34816
16871,12169,34816,34816
16872,12168,34816,34816
16873,12170,34816,34816
16874,12171,34816,34816
16875,26991,34816,34816
16876,26992,34816,34816
16877,12172,34816,34816
16878,12174,34816,34816
16879,12173,34816,34816
16880,12175,34816,34816
16881,12176,34816,34816
16882,26993,34816,34816
16883,26994,34816,34816
16884,12177,34816,34816
16885,12179,34816,34816
16886,12178,34816,34816
16887,12180,34816,34816
16888,12181,34816,34816
16889,26995,34816,34816
16890,26996,34816,34816
16891,12182,34816,34816
16892,12184,34816,34816
16893,12183,34816,34816
16894,12185,34816,34816
16895,12186,34816,34816
16896,26997,34816,34816
16897,26998,34816,34816
16898,12187,34816,34816
16899,12189,34816,34816
16900,12188,34816,34816
16901,12190,34816,34816
16902,12191,34816,34816
16903,26999,34816,34816
16904,27000,34816,34816
16905,12192,34816,34816
16906,12194,34816,34816
16907,12193,34816,34816
16908,12195,34816,34816
16909,12196,34816,34816
16910,27001,34816,34816
16911,27002,34816,34816
16912,12197,34816,34816
16913,26970,34816,34816
16914,12198,34816,34816
16915,12199,34816,34816
16916,12201,34816,34816
16917,12200,34816,34816
16918,12202,34816,34816
16919,12203,34816,34816
16920,27004,34816,34816
16921,27005,34816,34816
16922,12204,34816,34816
16923,12206,34816,34816
16924,12205,34816,34816
16925,12207,34816,34816
16926,12208,34816,34816
16927,27006,34816,34816
16928,27007,34816,34816
16929,12209,34816,34816
16930,12211,34816,34816
16931,12210,34816,34816
16932,12212,34816,34816
16933,12213,34816,34816
16934,27008,34816,34816
16935,27009,34816,34816
16936,12214,34816,34816
16937,12216,34816,34816
16938,12215,34816,34816
16939,12217,34816,34816
16940,12218,34816,34816
16941,27010,34816,34816
16942,27011,34816,34816
16943,12219,34816,34816
16944,12221,34816,34816
16945,12220,34816,34816
16946,12222,34816,34816
16947,12223,34816,34816
16948,27012,34816,34816
16949,27013,34816,34816
16950,12224,34816,34816
16951,12226,34816,34816
16952,12225,34816,34816
16953,12227,34816,34816
16954,12228,34816,34816
16955,27014,34816,34816
16956,27015,34816,34816
16957,12229,34816,34816
16958,12231,34816,34816
16959,12230,34816,34816
16960,12232,34816,34816
16961,12233,34816,34816
16962,27016,34816,34816
16963,27017,34816,34816
16964,12234,34816,34816
16965,12236,34816,34816
16966,12235,34816,34816
16967,12237,34816,34816
16968,12238,34816,34816
16969,27018,34816,34816
16970,27019,34816,34816
16971,12239,34816,34816
16972,12241,34816,34816
16973,12240,34816,34816
16974,12242,34816,34816
16975,12243,34816,34816
16976,27020,34816,34816
16977,27021,34816,34816
16978,12244,34816,34816
16979,12246,34816,34816
16980,12245,34816,34816
16981,12247,34816,34816
16982,12248,34816,34816
16983,27022,34816,34816
16984,27023,34816,34816
16985,12249,34816,34816
16986,12251,34816,34816
16987,12250,34816,34816
16988,12252,34816,34816
16989,12253,34816,34816
16990,27024,34816,34816
16991,27025,34816,34816
16992,12254,34816,34816
16993,12256,34816,34816
16994,12255,34816,34816
16995,12257,34816,34816
16996,12258,34816,34816
16997,27026,34816,34816
16998,27027,34816,34816
16999,12259,34816,34816
17000,12261,34816,34816
17001,12260,34816,34816
17002,12262,34816,34816
17003,12263,34816,34816
17004,27028,34816,34816
17005,27029,34816,34816
17006,12264,34816,34816
17007,12266,34816,34816
17008,12265,34816,34816
17009,12267,34816,34816
17010,12268,34816,34816
17011,27030,34816,34816
17012,27031,34816,34816
17013,12269,34816,34816
17014,12271,34816,34816
17015,12270,34816,34816
17016,12272,34816,34816
17017,12273,34816,34816
17018,27032,34816,34816
17019,27033,34816,34816
17020,12274,34816,34816
17021,12276,34816,34816
17022,12275,34816,34816
17023,12277,34816,34816
17024,12278,34816,34816
17025,27034,34816,34816
17026,27035,34816,34816
17027,12279,34816,34816
17028,27003,34816,34816
17029,12280,34816,34816
17030,12281,34816,34816
17031,12283,34816,34816
17032,12282,34816,34816
17033,12284,34816,34816
17034,12285,34816,34816
17035,27037,34816,34816
17036,27038,34816,34816
17037,12286,34816,34816
17038,12288,34816,34816
17039,12287,34816,34816
17040,12289,34816,34816
17041,12290,34816,34816
17042,27039,34816,34816
17043,27040,34816,34816
17044,12291,34816,34816
17045,12293,34816,34816
17046,12292,34816,34816
17047,12294,34816,34816
17048,12295,34816,34816
17049,27041,34816,34816
17050,27042,34816,34816
17051,12296,34816,34816
17052,12298,34816,34816
17053,12297,34816,34816
17054,12299,34816,34816
17055,12300,34816,34816
17056,27043,34816,34816
17057,27044,34816,34816
17058,12301,34816,34816
17059,12303,34816,34816
17060,12302,34816,34816
17061,12304,34816,34816
17062,12305,34816,34816
17063,27045,34816,34816
17064,27046,34816,34816
17065,12306,34816,34816
17066,12308,34816,34816
17067,12307,34816,34816
17068,12309,34816,34816
17069,12310,34816,34816
17070,27047,34816,34816
17071,27048,34816,34816
17072,12311,34816,34816
17073,12313,34816,34816
17074,12312,34816,34816
17075,12314,34816,34816
17076,12315,34816,34816
17077,27049,34816,34816
17078,27050,34816,34816
17079,12316,34816,34816
17080,12318,34816,34816
17081,12317,34816,34816
17082,12319,34816,34816
17083,12320,34816,34816
17084,27051,34816,34816
17085,27052,34816,34816
17086,12321,34816,34816
17087,12323,34816,34816
17088,12322,34816,34816
17089,12324,34816,34816
17090,12325,34816,34816
17091,27053,34816,34816
17092,27054,34816,34816
17093,12326,34816,34816
17094,12328,34816,34816
17095,12327,34816,34816
17096,12329,34816,34816
17097,12330,34816,34816
17098,27055,34816,34816
17099,27056,34816,34816
17100,12331,34816,34816
17101,12333,34816,34816
17102,12332,34816,34816
17103,12334,34816,34816
17104,12335,34816,34816
17105,27057,34816,34816
17106,27058,34816,34816
17107,12336,34816,34816
17108,12338,34816,34816
17109,12337,34816,34816
17110,12339,34816,34816
17111,12340,34816,34816
17112,27059,34816,34816
17113,27060,34816,34816
17114,12341,34816,34816
17115,12343,34816,34816
17116,12342,34816,34816
17117,12344,34816,34816
17118,12345,34816,34816
17119,27061,34816,34816
17120,27062,34816,34816
17121,12346,34816,34816
17122,12348,34816,34816
17123,12347,34816,34816
17124,12349,34816,34816
17125,12350,34816,34816
17126,27063,34816,34816
17127,27064,34816,34816
17128,12351,34816,34816
17129,12353,34816,34816
17130,12352,34816,34816
17131,12354,34816,34816
17132,12355,34816,34816
17133,27065,34816,34816
17134,27066,34816,34816
17135,12356,34816,34816
17136,12358,34816,34816
17137,12357,34816,34816
17138,12359,34816,34816
17139,12360,34816,34816
17140,27067,34816,34816
17141,27068,34816,34816
17142,12361,34816,34816
17143,27036,34816,34816
17144,12362,34816,34816
17145,12363,34816,34816
17146,12365,34816,34816
17147,12364,34816,34816
17148,12366,34816,34816
17149,12367,34816,34816
17150,27070,34816,34816
17151,27071,34816,34816
17152,12368,34816,34816
17153,12370,34816,34816
17154,12369,34816,34816
17155,12371,34816,34816
17156,12372,34816,34816
17157,27072,34816,34816
17158,27073,34816,34816
17159,12373,34816,34816
17160,12375,34816,34816
17161,12374,34816,34816
17162,12376,34816,34816
17163,12377,34816,34816
17164,27074,34816,34816
17165,27075,34816,34816
17166,12378,34816,34816
17167,12380,34816,34816
17168,12379,34816,34816
17169,12381,34816,34816
17170,12382,34816,34816
17171,27076,34816,34816
17172,27077,34816,34816
17173,12383,34816,34816
17174,12385,34816,34816
17175,12384,34816,34816
17176,12386,34816,34816
17177,12387,34816,34816
17178,27078,34816,34816
17179,27079,34816,34816
17180,12388,34816,34816
17181,12390,34816,34816
17182,12389,34816,34816
17183,12391,34816,34816
17184,12392,34816,34816
17185,27080,34816,34816
17186,27081,34816,34816
17187,12393,34816,34816
17188,12395,34816,34816
17189,12394,34816,34816
17190,12396,34816,34816
17191,12397,34816,34816
17192,27082,34816,34816
17193,27083,34816,34816
17194,12398,34816,34816
17195,12400,34816,34816
17196,12399,34816,34816
17197,12401,34816,34816
17198,12402,34816,34816
17199,27084,34816,34816
17200,27085,34816,34816
17201,12403,34816,34816
17202,12405,34816,34816
17203,12404,34816,34816
17204,12406,34816,34816
17205,12407,34816,34816
17206,27086,34816,34816
17207,27087,34816,34816
17208,12408,34816,34816
17209,12410,34816,34816
17210,12409,34816,34816
17211,12411,34816,34816
17212,12412,34816,34816
17213,27088,34816,34816
17214,27089,34816,34816
17215,12413,34816,34816
17216,12415,34816,34816
17217,12414,34816,34816
17218,12416,34816,34816
17219,12417,34816,34816
17220,27090,34816,34816
17221,27091,34816,34816
17222,12418,34816,34816
17223,12420,34816,34816
17224,12419,34816,34816
17225,12421,34816,34816
17226,12422,34816,34816
17227,27092,34816,34816
17228,27093,34816,34816
17229,12423,34816,34816
17230,12425,34816,34816
17231,12424,34816,34816
17232,12426,34816,34816
17233,12427,34816,34816
17234,27094,34816,34816
17235,27095,34816,34816
17236,12428,34816,34816
17237,12430,34816,34816
17238,12429,34816,34816
17239,12431,34816,34816
17240,12432,34816,34816
17241,27096,34816,34816
17242,27097,34816,34816
17243,12433,34816,34816
17244,12435,34816,34816
17245,12434,34816,34816
17246,12436,34816,34816
17247,12437,34816,34816
17248,27098,34816,34816
17249,27099,34816,34816
17250,12438,34816,34816
17251,12440,34816,34816
17252,12439,34816,34816
17253,12441,34816,34816
17254,12442,34816,34816
17255,27100,34816,34816
17256,27101,34816,34816
17257,12443,34816,34816
17258,27069,34816,34816
17259,12444,34816,34816
17260,12445,34816,34816
17261,12447,34816,34816
17262,12446,34816,34816
17263,12448,34816,34816
17264,12449,34816,34816
17265,27103,34816,34816
17266,27104,34816,34816
17267,12450,34816,34816
17268,12452,34816,34816
17269,12451,34816,34816
17270,12453,34816,34816
17271,12454,34816,34816
17272,27105,34816,34816
17273,27106,34816,34816
17274,12455,34816,34816
17275,12457,34816,34816
17276,12456,34816,34816
17277,12458,34816,34816
17278,12459,34816,34816
17279,27107,34816,34816
17280,27108,34816,34816
17281,12460,34816,34816
17282,12462,34816,34816
17283,12461,34816,34816
17284,12463,34816,34816
17285,12464,34816,34816
17286,27109,34816,34816
17287,27110,34816,34816
17288,12465,34816,34816
17289,12467,34816,34816
17290,12466,34816,34816
17291,12468,34816,34816
17292,12469,34816,34816
17293,27111,34816,34816
17294,27112,34816,34816
17295,12470,34816,34816
17296,12472,34816,34816
17297,12471,34816,34816
17298,12473,34816,34816
17299,12474,34816,34816
17300,27113,34816,34816
17301,27114,34816,34816
17302,12475,34816,34816
17303,12477,34816,34816
17304,12476,34816,34816
17305,12478,34816,34816
17306,12479,34816,34816
17307,27115,34816,34816
17308,27116,34816,34816
17309,12480,34816,34816
17310,12482,34816,34816
17311,12481,34816,34816
17312,12483,34816,34816
17313,12484,34816,34816
17314,27117,34816,34816
17315,27118,34816,34816
17316,12485,34816,34816
17317,12487,34816,34816
17318,12486,34816,34816
17319,12488,34816,34816
17320,12489,34816,34816
17321,27119,34816,34816
17322,27120,34816,34816
17323,12490,34816,34816
17324,12492,34816,34816
17325,12491,34816,34816
17326,12493,34816,34816
17327,12494,34816,34816
17328,27121,34816,34816
17329,27122,34816,34816
17330,12495,34816,34816
17331,12497,34816,34816
17332,12496,34816,34816
17333,12498,34816,34816
17334,12499,34816,34816
17335,27123,34816,34816
17336,27124,34816,34816
17337,12500,34816,34816
17338,12502,34816,34816
17339,12501,34816,34816
17340,12503,34816,34816
17341,12504,34816,34816
17342,27125,34816,34816
17343,27126,34816,34816
17344,12505,34816,34816
17345,12507,34816,34816
17346,12506,34816,34816
17347,12508,34816,34816
17348,12509,34816,34816
17349,27127,34816,34816
17350,27128,34816,34816
17351,12510,34816,34816
17352,12512,34816,34816
17353,12511,34816,34816
17354,12513,34816,34816
17355,12514,34816,34816
17356,27129,34816,34816
17357,27130,34816,34816
17358,12515,34816,34816
17359,12517,34816,34816
17360,12516,34816,34816
17361,12518,34816,34816
17362,12519,34816,34816
17363,27131,34816,34816
17364,27132,34816,34816
17365,12520,34816,34816
17366,12522,34816,34816
17367,12521,34816,34816
17368,12523,34816,34816
17369,12524,34816,34816
17370,27133,34816,34816
17371,27134,34816,34816
17372,12525,34816,34816
17373,27102,34816,34816
17374,12526,34816,34816
17375,12527,34816,34816
17376,12529,34816,34816
17377,26625,34688,34816
17378,12528,34688,34816
17379,12530,34688,34816
17380,12531,34688,34816
17381,27136,34688,34816
17382,27137,34688,34816
17383,12532,34688,34816
17384,12534,34688,34816
17385,26628,34560,34816
17386,12533,34560,34816
17387,12535,34560,34816
17388,12536,34560,34816
17389,27138,34560,34816
17390,27139,34560,34816
17391,12537,34560,34816
17392,12539,34560,34816
17393,26631,34432,34816
17394,12538,34432,34816
17395,12540,34432,34816
17396,12541,34432,34816
17397,27140,34432,34816
17398,27141,34432,34816
17399,12542,34432,34816
17400,12544,34432,34816
17401,26634,34304,34816
17402,12543,34304,34816
17403,12545,34304,34816
17404,12546,34304,34816
17405,27142,34304,34816
17406,27143,34304,34816
17407,12547,34304,34816
17408,12549,34304,34816
17409,26637,34176,34816
17410,12548,34176,34816
17411,12550,34176,34816
17412,12551,34176,34816
17413,27144,34176,34816
17414,27145,34176,34816
17415,12552,34176,34816
17416,12554,34176,34816
17417,26640,34048,34816
17418,12553,34048,34816
17419,12555,34048,34816
17420,12556,34048,34816
17421,27146,34048,34816
17422,27147,34048,34816
17423,12557,34048,34816
17424,12559,34048,34816
17425,26643,33920,34816
17426,12558,33920,34816
17427,12560,33920,34816
17428,12561,33920,34816
17429,27148,33920,34816
17430,27149,33920,34816
17431,12562,33920,34816
17432,12564,33920,34816
17433,26646,33792,34816
17434,12563,33792,34816
17435,12565,33792,34816
17436,12566,33792,34816
17437,27150,33792,34816
17438,27151,33792,34816
17439,12567,33792,34816
17440,12569,33792,34816
17441,26649,33664,34816
17442,12568,33664,34816
17443,12570,33664,34816
17444,12571,33664,34816
17445,27152,33664,34816
17446,27153,33664,34816
17447,12572,33664,34816
17448,12574,33664,34816
17449,26652,33536,34816
17450,12573,33536,34816
17451,12575,33536,34816
17452,12576,33536,34816
17453,27154,33536,34816
17454,27155,33536,34816
17455,12577,33536,34816
17456,12579,33536,34816
17457,26655,33408,34816
17458,12578,33408,34816
17459,12580,33408,34816
17460,12581,33408,34816
17461,27156,33408,34816
17462,27157,33408,34816
17463,12582,33408,34816
17464,12584,33408,34816
17465,26658,33280,34816
17466,12583,33280,34816
17467,12585,33280,34816
17468,12586,33280,34816
17469,27158,33280,34816
17470,27159,33280,34816
17471,12587,33280,34816
17472,12589,33280,34816
17473,26661,33152,34816
17474,12588,33152,34816
17475,12590,33152,34816
17476,12591,33152,34816
17477,27160,33152,34816
17478,27161,33152,34816
17479,12592,33152,34816
17480,12594,33152,34816
17481,26664,33024,34816
17482,12593,33024,34816
17483,12595,33024,34816
17484,12596,33024,34816
17485,27162,33024,34816
17486,27163,33024,34816
17487,12597,33024,34816
17488,12599,33024,34816
17489,26667,32896,34816
17490,12598,32896,34816
17491,12600,32896,34816
17492,12601,32896,34816
17493,27164,32896,34816
17494,27165,32896,34816
17495,12602,32896,34816
17496,12604,32896,34816
17497,26670,32768,34816
17498,12603,32768,34816
17499,12605,32768,34816
17500,12606,32768,34816
17501,27166,32768,34816
17502,27167,32768,34816
17503,12607,32768,34816
17504,27135,32768,34816
17505,12608,32768,34816
17506,12611,32768,34816
17507,12612,32768,34816
17508,12614,32768,34816
17509,12609,32896,34816
17510,12610,32896,34816
17511,12613,32896,34816
17512,12615,32896,34816
17513,27170,32896,34816
17514,27171,32896,34816
17515,12618,32896,34816
17516,12619,32896,34816
17517,12621,32896,34816
17518,12616,33024,34816
17519,12617,33024,34816
17520,12620,33024,34816
17521,12622,33024,34816
17522,27173,33024,34816
17523,27174,33024,34816
17524,12625,33024,34816
17525,12626,33024,34816
17526,12628,33024,34816
17527,12623,33152,34816
17528,12624,33152,34816
17529,12627,33152,34816
17530,12629,33152,34816
17531,27176,33152,34816
17532,27177,33152,34816
17533,12632,33152,34816
17534,12633,33152,34816
17535,12635,33152,34816
17536,12630,33280,34816
17537,12631,33280,34816
17538,12634,33280,34816
17539,12636,33280,34816
17540,27179,33280,34816
17541,27180,33280,34816
17542,12639,33280,34816
17543,12640,33280,34816
17544,12642,33280,34816
17545,12637,33408,34816
17546,12638,33408,34816
17547,12641,33408,34816
17548,12643,33408,34816
17549,27182,33408,34816
17550,27183,33408,34816
17551,12646,33408,34816
17552,12647,33408,34816
17553,12649,33408,34816
17554,12644,33536,34816
17555,12645,33536,34816
17556,12648,33536,34816
17557,12650,33536,34816
17558,27185,33536,34816
17559,27186,33536,34816
17560,12653,33536,34816
17561,12654,33536,34816
17562,12656,33536,34816
17563,12651,33664,34816
17564,12652,33664,34816
17565,12655,33664,34816
17566,12657,33664,34816
17567,27188,33664,34816
17568,27189,33664,34816
17569,12660,33664,34816
17570,12661,33664,34816
17571,12663,33664,34816
17572,12658,33792,34816
17573,12659,33792,34816
17574,12662,33792,34816
17575,12664,33792,34816
17576,27191,33792,34816
17577,27192,33792,34816
17578,12667,33792,34816
17579,12668,33792,34816
17580,12670,33792,34816
17581,12665,33920,34816
17582,12666,33920,34816
17583,12669,33920,34816
17584,12671,33920,34816
17585,27194,33920,34816
17586,27195,33920,34816
17587,12674,33920,34816
17588,12675,33920,34816
17589,12677,33920,34816
17590,12672,34048,34816
17591,12673,34048,34816
17592,12676,34048,34816
17593,12678,34048,34816
17594,27197,34048,34816
17595,27198,34048,34816
17596,12681,34048,34816
17597,12682,34048,34816
17598,12684,34048,34816
17599,12679,34176,34816
17600,12680,34176,34816
17601,12683,34176,34816
17602,12685,34176,34816
17603,27200,34176,34816
17604,27201,34176,34816
17605,12688,34176,34816
17606,12689,34176,34816
17607,12691,34176,34816
17608,12686,34304,34816
17609,12687,34304,34816
17610,12690,34304,34816
17611,12692,34304,34816
17612,27203,34304,34816
17613,27204,34304,34816
17614,12695,34304,34816
17615,12696,34304,34816
17616,12698,34304,34816
17617,12693,34432,34816
17618,12694,34432,34816
17619,12697,34432,34816
17620,12699,34432,34816
17621,27206,34432,34816
17622,27207,34432,34816
17623,12702,34432,34816
17624,12703,34432,34816
17625,12705,34432,34816
17626,12700,34560,34816
17627,12701,34560,34816
17628,12704,34560,34816
17629,12706,34560,34816
17630,27209,34560,34816
17631,27210,34560,34816
17632,12709,34560,34816
17633,12710,34560,34816
17634,12712,34560,34816
17635,12707,34688,34816
17636,12708,34688,34816
17637,12711,34688,34816
17638,12713,34688,34816
17639,27212,34688,34816
17640,27213,34688,34816
17641,12716,34688,34816
17642,12717,34688,34816
17643,12719,34688,34816
17644,12714,34816,34816
17645,12715,34816,34816
17646,12718,34816,34816
17647,12720,34816,34816
17648,27215,34816,34816
17649,27216,34816,34816
17650,12721,34816,34816
17651,27168,34816,34816
17652,12722,34816,34816
17653,12723,34816,34816
17654,12725,34816,34816
17655,12724,34816,34816
17656,12726,34816,34816
17657,12727,34816,34816
17658,27218,34816,34816
17659,27219,34816,34816
17660,12728,34816,34816
17661,12730,34816,34816
17662,12729,34816,34816
17663,12731,34816,34816
17664,12732,34816,34816
17665,27220,34816,34816
17666,27221,34816,34816
17667,12733,34816,34816
17668,12735,34816,34816
17669,12734,34816,34816
17670,12736,34816,34816
17671,12737,34816,34816
17672,27222,34816,34816
17673,27223,34816,34816
17674,12738,34816,34816
17675,12740,34816,34816
17676,12739,34816,34816
17677,12741,34816,34816
17678,12742,34816,34816
17679,27224,34816,34816
17680,27225,34816,34816
17681,12743,34816,34816
17682,12745,34816,34816
17683,12744,34816,34816
17684,12746,34816,34816
17685,12747,34816,34816
17686,27226,34816,34816
17687,27227,34816,34816
17688,12748,34816,34816
17689,12750,34816,34816
17690,12749,34816,34816
17691,12751,34816,34816
17692,12752,34816,34816
17693,27228,34816,34816
17694,27229,34816,34816
17695,12753,34816,34816
17696,12755,34816,34816
17697,12754,34816,34816
17698,12756,34816,34816
17699,12757,34816,34816
17700,27230,34816,34816
17701,27231,34816,34816
17702,12758,34816,34816
17703,12760,34816,34816
17704,12759,34816,34816
17705,12761,34816,34816
17706,12762,34816,34816
17707,27232,34816,34816
17708,27233,34816,34816
17709,12763,34816,34816
17710,12765,34816,34816
17711,12764,34816,34816
17712,12766,34816,34816
17713,12767,34816,34816
17714,27234,34816,34816
17715,27235,34816,34816
17716,12768,34816,34816
17717,12770,34816,34816
17718,12769,34816,34816
17719,12771,34816,34816
17720,12772,34816,34816
17721,27236,34816,34816
17722,27237,34816,34816
17723,12773,34816,34816
17724,12775,34816,34816
17725,12774,34816,34816
17726,12776,34816,34816
17727,12777,34816,34816
17728,27238,34816,34816
17729,27239,34816,34816
17730,12778,34816,34816
17731,12780,34816,34816
17732,12779,34816,34816
17733,12781,34816,34816
17734,12782,34816,34816
17735,27240,34816,34816
17736,27241,34816,34816
17737,12783,34816,34816
17738,12785,34816,34816
17739,12784,34816,34816
17740,12786,34816,34816
17741,12787,34816,34816
17742,27242,34816,34816
17743,27243,34816,34816
17744,12788,34816,34816
17745,12790,34816,34816
17746,12789,34816,34816
17747,12791,34816,34816
17748,12792,34816,34816
17749,27244,34816,34816
17750,27245,34816,34816
17751,12793,34816,34816
17752,12795,34816,34816
17753,12794,34816,34816
17754,12796,34816,34816
17755,12797,34816,34816
17756,27246,34816,34816
17757,27247,34816,34816
17758,12798,34816,34816
17759,12800,34816,34816
17760,12799,34816,34816
17761,12801,34816,34816
17762,12802,34816,34816
17763,27248,34816,34816
17764,27249,34816,34816
17765,12803,34816,34816
17766,27217,34816,34816
17767,12804,34816,34816
17768,12805,34816,34816
17769,12807,34816,34816
17770,12806,34816,34816
17771,12808,34816,34816
17772,12809,34816,34816
17773,27251,34816,34816
17774,27252,34816,34816
17775,12810,34816,34816
17776,12812,34816,34816
17777,12811,34816,34816
17778,12813,34816,34816
17779,12814,34816,34816
17780,27253,34816,34816
17781,27254,34816,34816
17782,12815,34816,34816
17783,12817,34816,34816
17784,12816,34816,34816
17785,12818,34816,34816
17786,12819,34816,34816
17787,27255,34816,34816
17788,27256,34816,34816
17789,12820,34816,34816
17790,12822,34816,34816
17791,12821,34816,34816
17792,12823,34816,34816
17793,12824,34816,34816
17794,27257,34816,34816
17795,27258,34816,34816
17796,12825,34816,34816
17797,12827,34816,34816
17798,12826,34816,34816
17799,12828,34816,34816
17800,12829,34816,34816
17801,27259,34816,34816
17802,27260,34816,34816
17803,12830,34816,34816
17804,12832,34816,34816
17805,12831,34816,34816
17806,12833,34816,34816
17807,12834,34816,34816
17808,27261,34816,34816
17809,27262,34816,34816
17810,12835,34816,34816
17811,12837,34816,34816
17812,12836,34816,34816
17813,12838,34816,34816
17814,12839,34816,34816
17815,27263,34816,34816
17816,27264,34816,34816
17817,12840,34816,34816
17818,12842,34816,34816
17819,12841,34816,34816
17820,12843,34816,34816
17821,12844,34816,34816
17822,27265,34816,34816
17823,27266,34816,34816
17824,12845,34816,34816
17825,12847,34816,34816
17826,12846,34816,34816
17827,12848,34816,34816
17828,12849,34816,34816
17829,27267,34816,34816
17830,27268,34816,34816
17831,12850,34816,34816
17832,12852,34816,34816
17833,12851,34816,34816
17834,12853,34816,34816
17835,12854,34816,34816
17836,27269,34816,34816
17837,27270,34816,34816
17838,12855,34816,34816
17839,12857,34816,34816
17840,12856,34816,34816
17841,12858,34816,34816
17842,12859,34816,34816
17843,27271,34816,34816
17844,27272,34816,34816
17845,12860,34816,34816
17846,12862,34816,34816
17847,12861,34816,34816
17848,12863,34816,34816
17849,12864,34816,34816
17850,27273,34816,34816
17851,27274,34816,34816
17852,12865,34816,34816
17853,12867,34816,34816
17854,12866,34816,34816
17855,12868,34816,34816
17856,12869,34816,34816
17857,27275,34816,34816
17858,27276,34816,34816
17859,12870,34816,34816
17860,12872,34816,34816
17861,12871,34816,34816
17862,12873,34816,34816
17863,12874,34816,34816
17864,27277,34816,34816
17865,27278,34816,34816
17866,12875,34816,34816
17867,12877,34816,34816
17868,12876,34816,34816
17869,12878,34816,34816
17870,12879,34816,34816
17871,27279,34816,34816
17872,27280,34816,34816
17873,12880,34816,34816
17874,12882,34816,34816
17875,12881,34816,34816
17876,12883,34816,34816
17877,12884,34816,34816
17878,27281,34816,34816
17879,27282,34816,34816
17880,12885,34816,34816
17881,27250,34816,34816
17882,12886,34816,34816
17883,12887,34816,34816
17884,12889,34816,34816
17885,12888,34816,34816
17886,12890,34816,34816
17887,12891,34816,34816
17888,27284,34816,34816
17889,27285,34816,34816
17890,12892,34816,34816
17891,12894,34816,34816
17892,12893,34816,34816
17893,12895,34816,34816
17894,12896,34816,34816
17895,27286,34816,34816
17896,27287,34816,34816
17897,12897,34816,34816
17898,12899,34816,34816
17899,12898,34816,34816
17900,12900,34816,34816
17901,12901,34816,34816
17902,27288,34816,34816
17903,27289,34816,34816
17904,12902,34816,34816
17905,12904,34816,34816
17906,12903,34816,34816
17907,12905,34816,34816
17908,12906,34816,34816
17909,27290,34816,34816
17910,27291,34816,34816
17911,12907,34816,34816
17912,12909,34816,34816
17913,12908,34816,34816
17914,12910,34816,34816
17915,12911,34816,34816
17916,27292,34816,34816
17917,27293,34816,34816
17918,12912,34816,34816
17919,12914,34816,34816
17920,12913,34816,34816
17921,12915,34816,34816
17922,12916,34816,34816
17923,27294,34816,34816
17924,27295,34816,34816
17925,12917,34816,34816
17926,12919,34816,34816
17927,12918,34816,34816
17928,12920,34816,34816
17929,12921,34816,34816
17930,27296,34816,34816
17931,27297,34816,34816
17932,12922,34816,34816
17933,12924,34816,34816
17934,12923,34816,34816
17935,12925,34816,34816
17936,12926,34816,34816
17937,27298,34816,34816
17938,27299,34816,34816
17939,12927,34816,34816
17940,12929,34816,34816
17941,12928,34816,34816
17942,12930,34816,34816
17943,12931,34816,34816
17944,27300,34816,34816
17945,27301,34816,34816
17946,12932,34816,34816
17947,12934,34816,34816
17948,12933,34816,34816
17949,12935,34816,34816
17950,12936,34816,34816
17951,27302,34816,34816
17952,27303,34816,34816
17953,12937,34816,34816
17954,12939,34816,34816
17955,12938,34816,34816
17956,12940,34816,34816
17957,12941,34816,34816
17958,27304,34816,34816
17959,27305,34816,34816
17960,12942,34816,34816
17961,12944,34816,34816
17962,12943,34816,34816
17963,12945,34816,34816
17964,12946,34816,34816
17965,27306,34816,34816
17966,27307,34816,34816
17967,12947,34816,34816
17968,12949,34816,34816
17969,12948,34816,34816
17970,12950,34816,34816
17971,12951,34816,34816
17972,27308,34816,34816
17973,27309,34816,34816
17974,12952,34816,34816
17975,12954,34816,34816
17976,12953,34816,34816
17977,12955,34816,34816
17978,12956,34816,34816
17979,27310,34816,34816
17980,27311,34816,34816
17981,12957,34816,34816
17982,12959,34816,34816
17983,12958,34816,34816
17984,12960,34816,34816
17985,12961,34816,34816
17986,27312,34816,34816
17987,27313,34816,34816
17988,12962,34816,34816
17989,12964,34816,34816
17990,12963,34816,34816
17991,12965,34816,34816
17992,12966,34816,34816
17993,27314,34816,34816
17994,27315,34816,34816
17995,12967,34816,34816
17996,27283,34816,34816
17997,12968,34816,34816
17998,12969,34816,34816
17999,12971,34816,34816
18000,12970,34816,34816
18001,12972,34816,34816
18002,12973,34816,34816
18003,27317,34816,34816
18004,27318,34816,34816
18005,12974,34816,34816
18006,12976,34816,34816
18007,12975,34816,34816
18008,12977,34816,34816
18009,12978,34816,34816
18010,27319,34816,34816
18011,27320,34816,34816
18012,12979,34816,34816
18013,12981,34816,34816
18014,12980,34816,34816
18015,12982,34816,34816
18016,12983,34816,34816
18017,27321,34816,34816
18018,27322,34816,34816
18019,12984,34816,34816
18020,12986,34816,34816
18021,12985,34816,34816
18022,12987,34816,34816
18023,12988,34816,34816
18024,27323,34816,34816
18025,27324,34816,34816
18026,12989,34816,34816
18027,12991,34816,34816
18028,12990,34816,34816
18029,12992,34816,34816
18030,12993,34816,34816
18031,27325,34816,34816
18032,27326,34816,34816
18033,12994,34816,34816
18034,12996,34816,34816
18035,12995,34816,34816
18036,12997,34816,34816
18037,12998,34816,34816
18038,27327,34816,34816
18039,27328,34816,34816
18040,12999,34816,34816
18041,13001,34816,34816
18042,13000,34816,34816
18043,13002,34816,34816
18044,13003,34816,34816
18045,27329,34816,34816
18046,27330,34816,34816
18047,13004,34816,34816
18048,13006,34816,34816
18049,13005,34816,34816
18050,13007,34816,34816
18051,13008,34816,34816
18052,27331,34816,34816
18053,27332,34816,34816
18054,13009,34816,34816
18055,13011,34816,34816
18056,13010,34816,34816
18057,13012,34816,34816
18058,13013,34816,34816
18059,27333,34816,34816
18060,27334,34816,34816
18061,13014,34816,34816
18062,13016,34816,34816
18063,13015,34816,34816
18064,13017,34816,34816
18065,13018,34816,34816
18066,27335,34816,34816
18067,27336,34816,34816
18068,13019,34816,34816
18069,13021,34816,34816
18070,13020,34816,34816
18071,13022,34816,34816
18072,13023,34816,34816
18073,27337,34816,34816
18074,27338,34816,34816
18075,13024,34816,34816
18076,13026,34816,34816
18077,13025,34816,34816
18078,13027,34816,34816
18079,13028,34816,34816
18080,27339,34816,34816
18081,27340,34816,34816
18082,13029,34816,34816
18083,13031,34816,34816
18084,13030,34816,34816
18085,13032,34816,34816
18086,13033,34816,34816
18087,27341,34816,34816
18088,27342,34816,34816
18089,13034,34816,34816
18090,13036,34816,34816
18091,13035,34816,34816
18092,13037,34816,34816
18093,13038,34816,34816
18094,27343,34816,34816
18095,27344,34816,34816
18096,13039,34816,34816
18097,13041,34816,34816
18098,13040,34816,34816
18099,13042,34816,34816
18100,13043,34816,34816
18101,27345,34816,34816
18102,27346,34816,34816
18103,13044,34816,34816
18104,13046,34816,34816
18105,13045,34816,34816
18106,13047,34816,34816
18107,13048,34816,34816
18108,27347,34816,34816
18109,27348,34816,34816
18110,13049,34816,34816
18111,27316,34816,34816
18112,13050,34816,34816
18113,13051,34816,34816
18114,13053,34816,34816
18115,13052,34816,34816
18116,13054,34816,34816
18117,13055,34816,34816
18118,27350,34816,34816
18119,27351,34816,34816
18120,13056,34816,34816
18121,13058,34816,34816
18122,13057,34816,34816
18123,13059,34816,34816
18124,13060,34816,34816
18125,27352,34816,34816
18126,27353,34816,34816
18127,13061,34816,34816
18128,13063,34816,34816
18129,13062,34816,34816
18130,13064,34816,34816
18131,13065,34816,34816
18132,27354,34816,34816
18133,27355,34816,34816
18134,13066,34816,34816
18135,13068,34816,34816
18136,13067,34816,34816
18137,13069,34816,34816
18138,13070,34816,34816
18139,27356,34816,34816
18140,27357,34816,34816
18141,13071,34816,34816
18142,13073,34816,34816
18143,13072,34816,34816
18144,13074,34816,34816
18145,13075,34816,34816
18146,27358,34816,34816
18147,27359,34816,34816
18148,13076,34816,34816
18149,13078,34816,34816
18150,13077,34816,34816
18151,13079,34816,34816
18152,13080,34816,34816
18153,27360,34816,34816
18154,27361,34816,34816
18155,13081,34816,34816
18156,13083,34816,34816
18157,13082,34816,34816
18158,13084,34816,34816
18159,13085,34816,34816
18160,27362,34816,34816
18161,27363,34816,34816
18162,13086,34816,34816
18163,13088,34816,34816
18164,13087,34816,34816
18165,13089,34816,34816
18166,13090,34816,34816
18167,27364,34816,34816
18168,27365,34816,34816
18169,13091,34816,34816
18170,13093,34816,34816
18171,13092,34816,34816
18172,13094,34816,34816
18173,13095,34816,34816
18174,27366,34816,34816
18175,27367,34816,34816
18176,13096,34816,34816
18177,13098,34816,34816
18178,13097,34816,34816
18179,13099,34816,34816
18180,13100,34816,34816
18181,27368,34816,34816
18182,27369,34816,34816
18183,13101,34816,34816
18184,13103,34816,34816
18185,13102,34816,34816
18186,13104,34816,34816
18187,13105,34816,34816
18188,27370,34816,34816
18189,27371,34816,34816
18190,13106,34816,34816
18191,13108,34816,34816
18192,13107,34816,34816
18193,13109,34816,34816
18194,13110,34816,34816
18195,27372,34816,34816
18196,27373,34816,34816
18197,13111,34816,34816
18198,13113,34816,34816
18199,13112,34816,34816
18200,13114,34816,34816
18201,13115,34816,34816
18202,27374,34816,34816
18203,27375,34816,34816
18204,13116,34816,34816
18205,13118,34816,34816
18206,13117,34816,34816
18207,13119,34816,34816
18208,13120,34816,34816
18209,27376,34816,34816
18210,27377,34816,34816
18211,13121,34816,34816
18212,13123,34816,34816
18213,13122,34816,34816
18214,13124,34816,34816
18215,13125,34816,34816
18216,27378,34816,34816
18217,27379,34816,34816
18218,13126,34816,34816
18219,13128,34816,34816
18220,13127,34816,34816
18221,13129,34816,34816
18222,13130,34816,34816
18223,27380,34816,34816
18224,27381,34816,34816
18225,13131,34816,34816
18226,27349,34816,34816
18227,13132,34816,34816
18228,13133,34816,34816
18229,13135,34816,34816
18230,13134,34816,34816
18231,13136,34816,34816
18232,13137,34816,34816
18233,27383,34816,34816
18234,27384,34816,34816
18235,13138,34816,34816
18236,13140,34816,34816
18237,13139,34816,34816
18238,13141,34816,34816
18239,13142,34816,34816
18240,27385,34816,34816
18241,27386,34816,34816
18242,13143,34816,34816
18243,13145,34816,34816
18244,13144,34816,34816
18245,13146,34816,34816
18246,13147,34816,34816
18247,27387,34816,34816
18248,27388,34816,34816
18249,13148,34816,34816
18250,13150,34816,34816
18251,13149,34816,34816
18252,13151,34816,34816
18253,13152,34816,34816
18254,27389,34816,34816
18255,27390,34816,34816
18256,13153,34816,34816
18257,13155,34816,34816
18258,13154,34816,34816
18259,13156,34816,34816
18260,13157,34816,34816
18261,27391,34816,34816
18262,27392,34816,34816
18263,13158,34816,34816
18264,13160,34816,34816
18265,13159,34816,34816
18266,13161,34816,34816
18267,13162,34816,34816
18268,27393,34816,34816
18269,27394,34816,34816
18270,13163,34816,34816
18271,13165,34816,34816
18272,13164,34816,34816
18273,13166,34816,34816
18274,13167,34816,34816
18275,27395,34816,34816
18276,27396,34816,34816
18277,13168,34816,34816
18278,13170,34816,34816
18279,13169,34816,34816
18280,13171,34816,34816
18281,13172,34816,34816
18282,27397,34816,34816
18283,27398,34816,34816
18284,13173,34816,34816
18285,13175,34816,34816
18286,13174,34816,34816
18287,13176,34816,34816
18288,13177,34816,34816
18289,27399,34816,34816
18290,27400,34816,34816
18291,13178,34816,34816
18292,13180,34816,34816
18293,13179,34816,34816
18294,13181,34816,34816
18295,13182,34816,34816
18296,27401,34816,34816
18297,27402,34816,34816
18298,13183,34816,34816
18299,13185,34816,34816
18300,13184,34816,34816
18301,13186,34816,34816
18302,13187,34816,34816
18303,27403,34816,34816
18304,27404,34816,34816
18305,13188,34816,34816
18306,13190,34816,34816
18307,13189,34816,34816
18308,13191,34816,34816
18309,13192,34816,34816
18310,27405,34816,34816
18311,27406,34816,34816
18312,13193,34816,34816
18313,13195,34816,34816
18314,13194,34816,34816
18315,13196,34816,34816
18316,13197,34816,34816
18317,27407,34816,34816
18318,27408,34816,34816
18319,13198,34816,34816
18320,13200,34816,34816
18321,13199,34816,34816
18322,13201,34816,34816
18323,13202,34816,34816
18324,27409,34816,34816
18325,27410,34816,34816
18326,13203,34816,34816
18327,13205,34816,34816
18328,13204,34816,34816
18329,13206,34816,34816
18330,13207,34816,34816
18331,27411,34816,34816
18332,27412,34816,34816
18333,13208,34816,34816
18334,13210,34816,34816
18335,13209,34816,34816
18336,13211,34816,34816
18337,13212,34816,34816
18338,27413,34816,34816
18339,27414,34816,34816
18340,13213,34816,34816
18341,27382,34816,34816
18342,13214,34816,34816
18343,13215,34816,34816
18344,13217,34816,34816
18345,13216,34816,34816
18346,13218,34816,34816
18347,13219,34816,34816
18348,27416,34816,34816
18349,27417,34816,34816
18350,13220,34816,34816
18351,13222,34816,34816
18352,13221,34816,34816
18353,13223,34816,34816
18354,13224,34816,34816
18355,27418,34816,34816
18356,27419,34816,34816
18357,13225,34816,34816
18358,13227,34816,34816
18359,13226,34816,34816
18360,13228,34816,34816
18361,13229,34816,34816
18362,27420,34816,34816
18363,27421,34816,34816
18364,13230,34816,34816
18365,13232,34816,34816
18366,13231,34816,34816
18367,13233,34816,34816
18368,13234,34816,34816
18369,27422,34816,34816
18370,27423,34816,34816
18371,13235,34816,34816
18372,13237,34816,34816
18373,13236,34816,34816
18374,13238,34816,34816
18375,13239,34816,34816
18376,27424,34816,34816
18377,27425,34816,34816
18378,13240,34816,34816
18379,13242,34816,34816
18380,13241,34816,34816
18381,13243,34816,34816
18382,13244,34816,34816
18383,27426,34816,34816
18384,27427,34816,34816
18385,13245,34816,34816
18386,13247,34816,34816
18387,13246,34816,34816
18388,13248,34816,34816
18389,13249,34816,34816
18390,27428,34816,34816
18391,27429,34816,34816
18392,13250,34816,34816
18393,13252,34816,34816
18394,13251,34816,34816
18395,13253,34816,34816
18396,13254,34816,34816
18397,27430,34816,34816
18398,27431,34816,34816
18399,13255,34816,34816
18400,13257,34816,34816
18401,13256,34816,34816
18402,13258,34816,34816
18403,13259,34816,34816
18404,27432,34816,34816
18405,27433,34816,34816
18406,13260,34816,34816
18407,13262,34816,34816
18408,13261,34816,34816
18409,13263,34816,34816
18410,13264,34816,34816
18411,27434,34816,34816
18412,27435,34816,34816
18413,13265,34816,34816
18414,13267,34816,34816
18415,13266,34816,34816
18416,13268,34816,34816
18417,13269,34816,34816
18418,27436,34816,34816
18419,27437,34816,34816
18420,13270,34816,34816
18421,13272,34816,34816
18422,13271,34816,34816
18423,13273,34816,34816
18424,13274,34816,34816
18425,27438,34816,34816
18426,27439,34816,34816
18427,13275,34816,34816
18428,13277,34816,34816
18429,13276,34816,34816
18430,13278,34816,34816
18431,13279,34816,34816
18432,27440,34816,34816
18433,27441,34816,34816
18434,13280,34816,34816
18435,13282,34816,34816
18436,13281,34816,34816
18437,13283,34816,34816
18438,13284,34816,34816
18439,27442,34816,34816
18440,27443,34816,34816
18441,13285,34816,34816
18442,13287,34816,34816
18443,13286,34816,34816
18444,13288,34816,34816
18445,13289,34816,34816
18446,27444,34816,34816
18447,27445,34816,34816
18448,13290,34816,34816
18449,13292,34816,34816
18450,13291,34816,34816
18451,13293,34816,34816
18452,13294,34816,34816
18453,27446,34816,34816
18454,27447,34816,34816
18455,13295,34816,34816
18456,27415,34816,34816
18457,13296,34816,34816
18458,13297,34816,34816
18459,13299,34816,34816
18460,13298,34816,34816
18461,13300,34816,34816
18462,13301,34816,34816
18463,27449,34816,34816
18464,27450,34816,34816
18465,13302,34816,34816
18466,13304,34816,34816
18467,13303,34816,34816
18468,13305,34816,34816
18469,13306,34816,34816
18470,27451,34816,34816
18471,27452,34816,34816
18472,13307,34816,34816
18473,13309,34816,34816
18474,13308,34816,34816
18475,13310,34816,34816
18476,13311,34816,34816
18477,27453,34816,34816
18478,27454,34816,34816
18479,13312,34816,34816
18480,13314,34816,34816
18481,13313,34816,34816
18482,13315,34816,34816
18483,13316,34816,34816
18484,27455,34816,34816
18485,27456,34816,34816
18486,13317,34816,34816
18487,13319,34816,34816
18488,13318,34816,34816
18489,13320,34816,34816
18490,13321,34816,34816
18491,27457,34816,34816
18492,27458,34816,34816
18493,13322,34816,34816
18494,13324,34816,34816
18495,13323,34816,34816
18496,13325,34816,34816
18497,13326,34816,34816
18498,27459,34816,34816
18499,27460,34816,34816
18500,13327,34816,34816
18501,13329,34816,34816
18502,13328,34816,34816
18503,13330,34816,34816
18504,13331,34816,34816
18505,27461,34816,34816
18506,27462,34816,34816
18507,13332,34816,34816
18508,13334,34816,34816
18509,13333,34816,34816
18510,13335,34816,34816
18511,13336,34816,34816
18512,27463,34816,34816
18513,27464,34816,34816
18514,13337,34816,34816
18515,13339,34816,34816
18516,13338,34816,34816
18517,13340,34816,34816
18518,13341,34816,34816
18519,27465,34816,34816
18520,27466,34816,34816
18521,13342,34816,34816
18522,13344,34816,34816
18523,13343,34816,34816
18524,13345,34816,34816
18525,13346,34816,34816
18526,27467,34816,34816
18527,27468,34816,34816
18528,13347,34816,34816
18529,13349,34816,34816
18530,13348,34816,34816
18531,13350,34816,34816
18532,13351,34816,34816
18533,27469,34816,34816
18534,27470,34816,34816
18535,13352,34816,34816
18536,13354,34816,34816
18537,13353,34816,34816
18538,13355,34816,34816
18539,13356,34816,34816
18540,27471,34816,34816
18541,27472,34816,34816
18542,13357,34816,34816
18543,13359,34816,34816
18544,13358,34816,34816
18545,13360,34816,34816
18546,13361,34816,34816
18547,27473,34816,34816
18548,27474,34816,34816
18549,13362,34816,34816
18550,13364,34816,34816
18551,13363,34816,34816
18552,13365,34816,34816
18553,13366,34816,34816
18554,27475,34816,34816
18555,27476,34816,34816
18556,13367,34816,34816
18557,13369,34816,34816
18558,13368,34816,34816
18559,13370,34816,34816
18560,13371,34816,34816
18561,27477,34816,34816
18562,27478,34816,34816
18563,13372,34816,34816
18564,13374,34816,34816
18565,13373,34816,34816
18566,13375,34816,34816
18567,13376,34816,34816
18568,27479,34816,34816
18569,27480,34816,34816
18570,13377,34816,34816
18571,27448,34816,34816
18572,13378,34816,34816
18573,13379,34816,34816
18574,13381,34816,34816
18575,13380,34816,34816
18576,13382,34816,34816
18577,13383,34816,34816
18578,27482,34816,34816
18579,27483,34816,34816
18580,13384,34816,34816
18581,13386,34816,34816
18582,13385,34816,34816
18583,13387,34816,34816
18584,13388,34816,34816
18585,27484,34816,34816
18586,27485,34816,34816
18587,13389,34816,34816
18588,13391,34816,34816
18589,13390,34816,34816
18590,13392,34816,34816
18591,13393,34816,34816
18592,27486,34816,34816
18593,27487,34816,34816
18594,13394,34816,34816
18595,13396,34816,34816
18596,13395,34816,34816
18597,13397,34816,34816
18598,13398,34816,34816
18599,27488,34816,34816
18600,27489,34816,34816
18601,13399,34816,34816
18602,13401,34816,34816
18603,13400,34816,34816
18604,13402,34816,34816
18605,13403,34816,34816
18606,27490,34816,34816
18607,27491,34816,34816
18608,13404,34816,34816
18609,13406,34816,34816
18610,13405,34816,34816
18611,13407,34816,34816
18612,13408,34816,34816
18613,27492,34816,34816
18614,27493,34816,34816
18615,13409,34816,34816
18616,13411,34816,34816
18617,13410,34816,34816
18618,13412,34816,34816
18619,13413,34816,34816
18620,27494,34816,34816
18621,27495,34816,34816
18622,13414,34816,34816
18623,13416,34816,34816
18624,13415,34816,34816
18625,13417,34816,34816
18626,13418,34816,34816
18627,27496,34816,34816
18628,27497,34816,34816
18629,13419,34816,34816
18630,13421,34816,34816
18631,13420,34816,34816
18632,13422,34816,34816
18633,13423,34816,34816
18634,27498,34816,34816
18635,27499,34816,34816
18636,13424,34816,34816
18637,13426,34816,34816
18638,13425,34816,34816
18639,13427,34816,34816
18640,13428,34816,34816
18641,27500,34816,34816
18642,27501,34816,34816
18643,13429,34816,34816
18644,13431,34816,34816
18645,13430,34816,34816
18646,13432,34816,34816
18647,13433,34816,34816
18648,27502,34816,34816
18649,27503,34816,34816
18650,13434,34816,34816
18651,13436,34816,34816
18652,13435,34816,34816
18653,13437,34816,34816
18654,13438,34816,34816
18655,27504,34816,34816
18656,27505,34816,34816
18657,13439,34816,34816
18658,13441,34816,34816
18659,13440,34816,34816
18660,13442,34816,34816
18661,13443,34816,34816
18662,27506,34816,34816
18663,27507,34816,34816
18664,13444,34816,34816
18665,13446,34816,34816
18666,13445,34816,34816
18667,13447,34816,34816
18668,13448,34816,34816
18669,27508,34816,34816
18670,27509,34816,34816
18671,13449,34816,34816
18672,13451,34816,34816
18673,13450,34816,34816
18674,13452,34816,34816
18675,13453,34816,34816
18676,27510,34816,34816
18677,27511,34816,34816
18678,13454,34816,34816
18679,13456,34816,34816
18680,13455,34816,34816
18681,13457,34816,34816
18682,13458,34816,34816
18683,27512,34816,34816
18684,27513,34816,34816
18685,13459,34816,34816
18686,27481,34816,34816
18687,13460,34816,34816
18688,13461,34816,34816
18689,13463,34816,34816
18690,13462,34816,34816
18691,13464,34816,34816
18692,13465,34816,34816
18693,27515,34816,34816
18694,27516,34816,34816
18695,13466,34816,34816
18696,13468,34816,34816
18697,13467,34816,34816
18698,13469,34816,34816
18699,13470,34816,34816
18700,27517,34816,34816
18701,27518,34816,34816
18702,13471,34816,34816
18703,13473,34816,34816
18704,13472,34816,34816
18705,13474,34816,34816
18706,13475,34816,34816
18707,27519,34816,34816
18708,27520,34816,34816
18709,13476,34816,34816
18710,13478,34816,34816
18711,13477,34816,34816
18712,13479,34816,34816
18713,13480,34816,34816
18714,27521,34816,34816
18715,27522,34816,34816
18716,13481,34816,34816
18717,13483,34816,34816
18718,13482,34816,34816
18719,13484,34816,34816
18720,13485,34816,34816
18721,27523,34816,34816
18722,27524,34816,34816
18723,13486,34816,34816
18724,13488,34816,34816
18725,13487,34816,34816
18726,13489,34816,34816
18727,13490,34816,34816
18728,27525,34816,34816
18729,27526,34816,34816
18730,13491,34816,34816
18731,13493,34816,34816
18732,13492,34816,34816
18733,13494,34816,34816
18734,13495,34816,34816
18735,27527,34816,34816
18736,27528,34816,34816
18737,13496,34816,34816
18738,13498,34816,34816
18739,13497,34816,34816
18740,13499,34816,34816
18741,13500,34816,34816
18742,27529,34816,34816
18743,27530,34816,34816
18744,13501,34816,34816
18745,13503,34816,34816
18746,13502,34816,34816
18747,13504,34816,34816
18748,13505,34816,34816
18749,27531,34816,34816
18750,27532,34816,34816
18751,13506,34816,34816
18752,13508,34816,34816
18753,13507,34816,34816
18754,13509,34816,34816
18755,13510,34816,34816
18756,27533,34816,34816
18757,27534,34816,34816
18758,13511,34816,34816
18759,13513,34816,34816
18760,13512,34816,34816
18761,13514,34816,34816
18762,13515,34816,34816
18763,27535,34816,34816
18764,27536,34816,34816
18765,13516,34816,34816
18766,13518,34816,34816
18767,13517,34816,34816
18768,13519,34816,34816
18769,13520,34816,34816
18770,27537,34816,34816
18771,27538,34816,34816
18772,13521,34816,34816
18773,13523,34816,34816
18774,13522,34816,34816
18775,13524,34816,34816
18776,13525,34816,34816
18777,27539,34816,34816
18778,27540,34816,34816
18779,13526,34816,34816
18780,13528,34816,34816
18781,13527,34816,34816
18782,13529,34816,34816
18783,13530,34816,34816
18784,27541,34816,34816
18785,27542,34816,34816
18786,13531,34816,34816
18787,13533,34816,34816
18788,13532,34816,34816
18789,13534,34816,34816
18790,13535,34816,34816
18791,27543,34816,34816
18792,27544,34816,34816
18793,13536,34816,34816
18794,13538,34816,34816
18795,13537,34816,34816
18796,13539,34816,34816
18797,13540,34816,34816
18798,27545,34816,34816
18799,27546,34816,34816
18800,13541,34816,34816
18801,27514,34816,34816
18802,13542,34816,34816
18803,13543,34816,34816
18804,13545,34816,34816
18805,13544,34816,34816
18806,13546,34816,34816
18807,13547,34816,34816
18808,27548,34816,34816
18809,27549,34816,34816
18810,13548,34816,34816
18811,13550,34816,34816
18812,13549,34816,34816
18813,13551,34816,34816
18814,13552,34816,34816
18815,27550,34816,34816
18816,27551,34816,34816
18817,13553,34816,34816
18818,13555,34816,34816
18819,13554,34816,34816
18820,13556,34816,34816
18821,13557,34816,34816
18822,27552,34816,34816
18823,27553,34816,34816
18824,13558,34816,34816
18825,13560,34816,34816
18826,13559,34816,34816
18827,13561,34816,34816
18828,13562,34816,34816
18829,27554,34816,34816
18830,27555,34816,34816
18831,13563,34816,34816
18832,13565,34816,34816
18833,13564,34816,34816
18834,13566,34816,34816
18835,13567,34816,34816
18836,27556,34816,34816
18837,27557,34816,34816
18838,13568,34816,34816
18839,13570,34816,34816
18840,13569,34816,34816
18841,13571,34816,34816
18842,13572,34816,34816
18843,27558,34816,34816
18844,27559,34816,34816
18845,13573,34816,34816
18846,13575,34816,34816
18847,13574,34816,34816
18848,13576,34816,34816
18849,13577,34816,34816
18850,27560,34816,34816
18851,27561,34816,34816
18852,13578,34816,34816
18853,13580,34816,34816
18854,13579,34816,34816
18855,13581,34816,34816
18856,13582,34816,34816
18857,27562,34816,34816
18858,27563,34816,34816
18859,13583,34816,34816
18860,13585,34816,34816
18861,13584,34816,34816
18862,13586,34816,34816
18863,13587,34816,34816
18864,27564,34816,34816
18865,27565,34816,34816
18866,13588,34816,34816
18867,13590,34816,34816
18868,13589,34816,34816
18869,13591,34816,34816
18870,13592,34816,34816
18871,27566,34816,34816
18872,27567,34816,34816
18873,13593,34816,34816
18874,13595,34816,34816
18875,13594,34816,34816
18876,13596,34816,34816
18877,13597,34816,34816
18878,27568,34816,34816
18879,27569,34816,34816
18880,13598,34816,34816
18881,13600,34816,34816
18882,13599,34816,34816
18883,13601,34816,34816
18884,13602,34816,34816
18885,27570,34816,34816
18886,27571,34816,34816
18887,13603,34816,34816
18888,13605,34816,34816
18889,13604,34816,34816
18890,13606,34816,34816
18891,13607,34816,34816
18892,27572,34816,34816
18893,27573,34816,34816
18894,13608,34816,34816
18895,13610,34816,34816
18896,13609,34816,34816
18897,13611,34816,34816
18898,13612,34816,34816
18899,27574,34816,34816
18900,27575,34816,34816
18901,13613,34816,34816
18902,13615,34816,34816
18903,13614,34816,34816
18904,13616,34816,34816
18905,13617,34816,34816
18906,27576,34816,34816
18907,27577,34816,34816
18908,13618,34816,34816
18909,13620,34816,34816
18910,13619,34816,34816
18911,13621,34816,34816
18912,13622,34816,34816
18913,27578,34816,34816
18914,27579,34816,34816
18915,13623,34816,34816
18916,27547,34816,34816
18917,13624,34816,34816
18918,13625,34816,34816
18919,13627,34816,34816
18920,13626,34816,34816
18921,13628,34816,34816
18922,13629,34816,34816
18923,27581,34816,34816
18924,27582,34816,34816
18925,13630,34816,34816
18926,13632,34816,34816
18927,13631,34816,34816
18928,13633,34816,34816
18929,13634,34816,34816
18930,27583,34816,34816
18931,27584,34816,34816
18932,13635,34816,34816
18933,13637,34816,34816
18934,13636,34816,34816
18935,13638,34816,34816
18936,13639,34816,34816
18937,27585,34816,34816
18938,27586,34816,34816
18939,13640,34816,34816
18940,13642,34816,34816
18941,13641,34816,34816
18942,13643,34816,34816
18943,13644,34816,34816
18944,27587,34816,34816
18945,27588,34816,34816
18946,13645,34816,34816
18947,13647,34816,34816
18948,13646,34816,34816
18949,13648,34816,34816
18950,13649,34816,34816
18951,27589,34816,34816
18952,27590,34816,34816
18953,13650,34816,34816
18954,13652,34816,34816
18955,13651,34816,34816
18956,13653,34816,34816
18957,13654,34816,34816
18958,27591,34816,34816
18959,27592,34816,34816
18960,13655,34816,34816
18961,13657,34816,34816
18962,13656,34816,34816
18963,13658,34816,34816
18964,13659,34816,34816
18965,27593,34816,34816
18966,27594,34816,34816
18967,13660,34816,34816
18968,13662,34816,34816
18969,13661,34816,34816
18970,13663,34816,34816
18971,13664,34816,34816
18972,27595,34816,34816
18973,27596,34816,34816
18974,13665,34816,34816
18975,13667,34816,34816
18976,13666,34816,34816
18977,13668,34816,34816
18978,13669,34816,34816
18979,27597,34816,34816
18980,27598,34816,34816
18981,13670,34816,34816
18982,13672,34816,34816
18983,13671,34816,34816
18984,13673,34816,34816
18985,13674,34816,34816
18986,27599,34816,34816
18987,27600,34816,34816
18988,13675,34816,34816
18989,13677,34816,34816
18990,13676,34816,34816
18991,13678,34816,34816
18992,13679,34816,34816
18993,27601,34816,34816
18994,27602,34816,34816
18995,13680,34816,34816
18996,13682,34816,34816
18997,13681,34816,34816
18998,13683,34816,34816
18999,13684,34816,34816
19000,27603,34816,34816
19001,27604,34816,34816
19002,13685,34816,34816
19003,13687,34816,34816
19004,13686,34816,34816
19005,13688,34816,34816
19006,13689,34816,34816
19007,27605,34816,34816
19008,27606,34816,34816
19009,13690,34816,34816
19010,13692,34816,34816
19011,13691,34816,34816
19012,13693,34816,34816
19013,13694,34816,34816
19014,27607,34816,34816
19015,27608,34816,34816
19016,13695,34816,34816
19017,13697,34816,34816
19018,13696,34816,34816
19019,13698,34816,34816
19020,13699,34816,34816
19021,27609,34816,34816
19022,27610,34816,34816
19023,13700,34816,34816
19024,13702,34816,34816
19025,13701,34816,34816
19026,13703,34816,34816
19027,13704,34816,34816
19028,27611,34816,34816
19029,27612,34816,34816
19030,13705,34816,34816
19031,27580,34816,34816
19032,13706,34816,34816
19033,13707,34816,34816
19034,13709,34816,34816
19035,13708,34816,34816
19036,13710,34816,34816
19037,13711,34816,34816
19038,27614,34816,34816
19039,27615,34816,34816
19040,13712,34816,34816
19041,13714,34816,34816
19042,13713,34816,34816
19043,13715,34816,34816
19044,13716,34816,34816
19045,27616,34816,34816
19046,27617,34816,34816
19047,13717,34816,34816
19048,13719,34816,34816
19049,13718,34816,34816
19050,13720,34816,34816
19051,13721,34816,34816
19052,27618,34816,34816
19053,27619,34816,34816
19054,13722,34816,34816
19055,13724,34816,34816
19056,13723,34816,34816
19057,13725,34816,34816
19058,13726,34816,34816
19059,27620,34816,34816
19060,27621,34816,34816
19061,13727,34816,34816
19062,13729,34816,34816
19063,13728,34816,34816
19064,13730,34816,34816
19065,13731,34816,34816
19066,27622,34816,34816
19067,27623,34816,34816
19068,13732,34816,34816
19069,13734,34816,34816
19070,13733,34816,34816
19071,13735,34816,34816
19072,13736,34816,34816
19073,27624,34816,34816
19074,27625,34816,34816
19075,13737,34816,34816
19076,13739,34816,34816
19077,13738,34816,34816
19078,13740,34816,34816
19079,13741,34816,34816
19080,27626,34816,34816
19081,27627,34816,34816
19082,13742,34816,34816
19083,13744,34816,34816
19084,13743,34816,34816
19085,13745,34816,34816
19086,13746,34816,34816
19087,27628,34816,34816
19088,27629,34816,34816
19089,13747,34816,34816
19090,13749,34816,34816
19091,13748,34816,34816
19092,13750,34816,34816
19093,13751,34816,34816
19094,27630,34816,34816
19095,27631,34816,34816
19096,13752,34816,34816
19097,13754,34816,34816
19098,13753,34816,34816
19099,13755,34816,34816
19100,13756,34816,34816
19101,27632,34816,34816
19102,27633,34816,34816
19103,13757,34816,34816
19104,13759,34816,34816
19105,13758,34816,34816
19106,13760,34816,34816
19107,13761,34816,34816
19108,27634,34816,34816
19109,27635,34816,34816
19110,13762,34816,34816
19111,13764,34816,34816
19112,13763,34816,34816
19113,13765,34816,34816
19114,13766,34816,34816
19115,27636,34816,34816
19116,27637,34816,34816
19117,13767,34816,34816
19118,13769,34816,34816
19119,13768,34816,34816
19120,13770,34816,34816
19121,13771,34816,34816
19122,27638,34816,34816
19123,27639,34816,34816
19124,13772,34816,34816
19125,13774,34816,34816
19126,13773,34816,34816
19127,13775,34816,34816
19128,13776,34816,34816
19129,27640,34816,34816
19130,27641,34816,34816
19131,13777,34816,34816
19132,13779,34816,34816
19133,13778,34816,34816
19134,13780,34816,34816
19135,13781,34816,34816
19136,27642,34816,34816
19137,27643,34816,34816
19138,13782,34816,34816
19139,13784,34816,34816
19140,13783,34816,34816
19141,13785,34816,34816
19142,13786,34816,34816
19143,27644,34816,34816
19144,27645,34816,34816
19145,13787,34816,34816
19146,27613,34816,34816
19147,13788,34816,34816
19148,13789,34816,34816
19149,13791,34816,34816
19150,13790,34816,34816
19151,13792,34816,34816
19152,13793,34816,34816
19153,27647,34816,34816
19154,27648,34816,34816
19155,13794,34816,34816
19156,13796,34816,34816
19157,13795,34816,34816
19158,13797,34816,34816
19159,13798,34816,34816
19160,27649,34816,34816
19161,27650,34816,34816
19162,13799,34816,34816
19163,13801,34816,34816
19164,13800,34816,34816
19165,13802,34816,34816
19166,13803,34816,34816
19167,27651,34816,34816
19168,27652,34816,34816
19169,13804,34816,34816
19170,13806,34816,34816
19171,13805,34816,34816
19172,13807,34816,34816
19173,13808,34816,34816
19174,27653,34816,34816
19175,27654,34816,34816
19176,13809,34816,34816
19177,13811,34816,34816
19178,13810,34816,34816
19179,13812,34816,34816
19180,13813,34816,34816
19181,27655,34816,34816
19182,27656,34816,34816
19183,13814,34816,34816
19184,13816,34816,34816
19185,13815,34816,34816
19186,13817,34816,34816
19187,13818,34816,34816
19188,27657,34816,34816
19189,27658,34816,34816
19190,13819,34816,34816
19191,13821,34816,34816
19192,13820,34816,34816
19193,13822,34816,34816
19194,13823,34816,34816
19195,27659,34816,34816
19196,27660,34816,34816
19197,13824,34816,34816
19198,13826,34816,34816
19199,13825,34816,34816
19200,13827,34816,34816
19201,13828,34816,34816
19202,27661,34816,34816
19203,27662,34816,34816
19204,13829,34816,34816
19205,13831,34816,34816
19206,13830,34816,34816
19207,13832,34816,34816
19208,13833,34816,34816
19209,27663,34816,34816
19210,27664,34816,34816
19211,13834,34816,34816
19212,13836,34816,34816
19213,13835,34816,34816
19214,13837,34816,34816
19215,13838,34816,34816
19216,27665,34816,34816
19217,27666,34816,34816
19218,13839,34816,34816
19219,13841,34816,34816
19220,13840,34816,34816
19221,13842,34816,34816
19222,13843,34816,34816
19223,27667,34816,34816
19224,27668,34816,34816
19225,13844,34816,34816
19226,13846,34816,34816
19227,13845,34816,34816
19228,13847,34816,34816
19229,13848,34816,34816
19230,27669,34816,34816
19231,27670,34816,34816
19232,13849,34816,34816
19233,13851,34816,34816
19234,13850,34816,34816
19235,13852,34816,34816
19236,13853,34816,34816
19237,27671,34816,34816
19238,27672,34816,34816
19239,13854,34816,34816
19240,13856,34816,34816
19241,13855,34816,34816
19242,13857,34816,34816
19243,13858,34816,34816
19244,27673,34816,34816
19245,27674,34816,34816
19246,13859,34816,34816
19247,13861,34816,34816
19248,13860,34816,34816
19249,13862,34816,34816
19250,13863,34816,34816
19251,27675,34816,34816
19252,27676,34816,34816
19253,13864,34816,34816
19254,13866,34816,34816
19255,13865,34816,34816
19256,13867,34816,34816
19257,13868,34816,34816
19258,27677,34816,34816
19259,27678,34816,34816
19260,13869,34816,34816
19261,27646,34816,34816
19262,13870,34816,34816
19263,13871,34816,34816
19264,13873,34816,34816
19265,27169,34688,34816
19266,13872,34688,34816
19267,13874,34688,34816
19268,13875,34688,34816
19269,27680,34688,34816
19270,27681,34688,34816
19271,13876,34688,34816
19272,13878,34688,34816
19273,27172,34560,34816
19274,13877,34560,34816
19275,13879,34560,34816
19276,13880,34560,34816
19277,27682,34560,34816
19278,27683,34560,34816
19279,13881,34560,34816
19280,13883,34560,34816
19281,27175,34432,34816
19282,13882,34432,34816
19283,13884,34432,34816
19284,13885,34432,34816
19285,27684,34432,34816
19286,27685,34432,34816
19287,13886,34432,34816
19288,13888,34432,34816
19289,27178,34304,34816
19290,13887,34304,34816
19291,13889,34304,34816
19292,13890,34304,34816
19293,27686,34304,34816
19294,27687,34304,34816
19295,13891,34304,34816
19296,13893,34304,34816
19297,27181,34176,34816
19298,13892,34176,34816
19299,13894,34176,34816
19300,13895,34176,34816
19301,27688,34176,34816
19302,27689,34176,34816
19303,13896,34176,34816
19304,13898,34176,34816
19305,27184,34048,34816
19306,13897,34048,34816
19307,13899,34048,34816
19308,13900,34048,34816
19309,27690,34048,34816
19310,27691,34048,34816
19311,13901,34048,34816
19312,13903,34048,34816
19313,27187,33920,34816
19314,13902,33920,34816
19315,13904,33920,34816
19316,13905,33920,34816
19317,27692,33920,34816
19318,27693,33920,34816
19319,13906,33920,34816
19320,13908,33920,34816
19321,27190,33792,34816
19322,13907,33792,34816
19323,13909,33792,34816
19324,13910,33792,34816
19325,27694,33792,34816
19326,27695,33792,34816
19327,13911,33792,34816
19328,13913,33792,34816
19329,27193,33664,34816
19330,13912,33664,34816
19331,13914,33664,34816
19332,13915,33664,34816
19333,27696,33664,34816
19334,27697,33664,34816
19335,13916,33664,34816
19336,13918,33664,34816
19337,27196,33536,34816
19338,13917,33536,34816
19339,13919,33536,34816
19340,13920,33536,34816
19341,27698,33536,34816
19342,27699,33536,34816
19343,13921,33536,34816
19344,13923,33536,34816
19345,27199,33408,34816
19346,13922,33408,34816
19347,13924,33408,34816
19348,13925,33408,34816
19349,27700,33408,34816
19350,27701,33408,34816
19351,13926,33408,34816
19352,13928,33408,34816
19353,27202,33280,34816
19354,13927,33280,34816
19355,13929,33280,34816
19356,13930,33280,34816
19357,27702,33280,34816
19358,27703,33280,34816
19359,13931,33280,34816
19360,13933,33280,34816
19361,27205,33152,34816
19362,13932,33152,34816
19363,13934,33152,34816
19364,13935,33152,34816
19365,27704,33152,34816
19366,27705,33152,34816
19367,13936,33152,34816
19368,13938,33152,34816
19369,27208,33024,34816
19370,13937,33024,34816
19371,13939,33024,34816
19372,13940,33024,34816
19373,27706,33024,34816
19374,27707,33024,34816
19375,13941,33024,34816
19376,13943,33024,34816
19377,27211,32896,34816
19378,13942,32896,34816
19379,13944,32896,34816
19380,13945,32896,34816
19381,27708,32896,34816
19382,27709,32896,34816
19383,13946,32896,34816
19384,13948,32896,34816
19385,27214,32768,34816
19386,13947,32768,34816
19387,13949,32768,34816
19388,13950,32768,34816
19389,27710,32768,34816
19390,27711,32768,34816
19391,13951,32768,34816
19392,27679,32768,34816
19393,13952,32768,34816
19394,13955,32768,34816
19395,13956,32768,34816
19396,13958,32768,34816
19397,13953,32896,34816
19398,13954,32896,34816
19399,13957,32896,34816
19400,13959,32896,34816
19401,27714,32896,34816
19402,27715,32896,34816
19403,13962,32896,34816
19404,13963,32896,34816
19405,13965,32896,34816
19406,13960,33024,34816
19407,13961,33024,34816
19408,13964,33024,34816
19409,13966,33024,34816
19410,27717,33024,34816
19411,27718,33024,34816
19412,13969,33024,34816
19413,13970,33024,34816
19414,13972,33024,34816
19415,13967,33152,34816
19416,13968,33152,34816
19417,13971,33152,34816
19418,13973,33152,34816
19419,27720,33152,34816
19420,27721,33152,34816
19421,13976,33152,34816
19422,13977,33152,34816
19423,13979,33152,34816
19424,13974,33280,34816
19425,13975,33280,34816
19426,13978,33280,34816
19427,13980,33280,34816
19428,27723,33280,34816
19429,27724,33280,34816
19430,13983,33280,34816
19431,13984,33280,34816
19432,13986,33280,34816
19433,13981,33408,34816
19434,13982,33408,34816
19435,13985,33408,34816
19436,13987,33408,34816
19437,27726,33408,34816
19438,27727,33408,34816
19439,13990,33408,34816
19440,13991,33408,34816
19441,13993,33408,34816
19442,13988,33536,34816
19443,13989,33536,34816
19444,13992,33536,34816
19445,13994,33536,34816
19446,27729,33536,34816
19447,27730,33536,34816
19448,13997,33536,34816
19449,13998,33536,34816
19450,14000,33536,34816
19451,13995,33664,34816
19452,13996,33664,34816
19453,13999,33664,34816
19454,14001,33664,34816
19455,27732,33664,34816
19456,27733,33664,34816
19457,14004,33664,34816
19458,14005,33664,34816
19459,14007,33664,34816
19460,14002,33792,34816
19461,14003,33792,34816
19462,14006,33792,34816
19463,14008,33792,34816
19464,27735,33792,34816
19465,27736,33792,34816
19466,14011,33792,34816
19467,14012,33792,34816
19468,14014,33792,34816
19469,14009,33920,34816
19470,14010,33920,34816
19471,14013,33920,34816
19472,14015,33920,34816
19473,27738,33920,34816
19474,27739,33920,34816
19475,14018,33920,34816
19476,14019,33920,34816
19477,14021,33920,34816
19478,14016,34048,34816
19479,14017,34048,34816
19480,14020,34048,34816
19481,14022,34048,34816
19482,27741,34048,34816
19483,27742,34048,34816
19484,14025,34048,34816
19485,14026,34048,34816
19486,14028,34048,34816
19487,14023,34176,34816
19488,14024,34176,34816
19489,14027,34176,34816
19490,14029,34176,34816
19491,27744,34176,34816
19492,27745,34176,34816
19493,14032,34176,34816
19494,14033,34176,34816
19495,14035,34176,34816
19496,14030,34304,34816
19497,14031,34304,34816
19498,14034,34304,34816
19499,14036,34304,34816
19500,27747,34304,34816
19501,27748,34304,34816
19502,14039,34304,34816
19503,14040,34304,34816
19504,14042,34304,34816
19505,14037,34432,34816
19506,14038,34432,34816
19507,14041,34432,34816
19508,14043,34432,34816
19509,27750,34432,34816
19510,27751,34432,34816
19511,14046,34432,34816
19512,14047,34432,34816
19513,14049,34432,34816
19514,14044,34560,34816
19515,14045,34560,34816
19516,14048,34560,34816
19517,14050,34560,34816
19518,27753,34560,34816
19519,27754,34560,34816
19520,14053,34560,34816
19521,14054,34560,34816
19522,14056,34560,34816
19523,14051,34688,34816
19524,14052,34688,34816
19525,14055,34688,34816
19526,14057,34688,34816
19527,27756,34688,34816
19528,27757,34688,34816
19529,14060,34688,34816
19530,14061,34688,34816
19531,14063,34688,34816
19532,14058,34816,34816
19533,14059,34816,34816
19534,14062,34816,34816
19535,14064,34816,34816
19536,27759,34816,34816
19537,27760,34816,34816
19538,14065,34816,34816
19539,27712,34816,34816
19540,14066,34816,34816
19541,14067,34816,34816
19542,14069,34816,34816
19543,14068,34816,34816
19544,14070,34816,34816
19545,14071,34816,34816
19546,27762,34816,34816
19547,27763,34816,34816
19548,14072,34816,34816
19549,14074,34816,34816
19550,14073,34816,34816
19551,14075,34816,34816
19552,14076,34816,34816
19553,27764,34816,34816
19554,27765,34816,34816
19555,14077,34816,34816
19556,14079,34816,34816
19557,14078,34816,34816
19558,14080,34816,34816
19559,14081,34816,34816
19560,27766,34816,34816
19561,27767,34816,34816
19562,14082,34816,34816
19563,14084,34816,34816
19564,14083,34816,34816
19565,14085,34816,34816
19566,14086,34816,34816
19567,27768,34816,34816
19568,27769,34816,34816
19569,14087,34816,34816
19570,14089,34816,34816
19571,14088,34816,34816
19572,14090,34816,34816
19573,14091,34816,34816
19574,27770,34816,34816
19575,27771,34816,34816
19576,14092,34816,34816
19577,14094,34816,34816
19578,14093,34816,34816
19579,14095,34816,34816
19580,14096,34816,34816
19581,27772,34816,34816
19582,27773,34816,34816
19583,14097,34816,34816
19584,14099,34816,34816
19585,14098,34816,34816
19586,14100,34816,34816
19587,14101,34816,34816
19588,27774,34816,34816
19589,27775,34816,34816
19590,14102,34816,34816
19591,14104,34816,34816
19592,14103,34816,34816
19593,14105,34816,34816
19594,14106,34816,34816
19595,27776,34816,34816
19596,27777,34816,34816
19597,14107,34816,34816
19598,14109,34816,34816
19599,14108,34816,34816
19600,14110,34816,34816
19601,14111,34816,34816
19602,27778,34816,34816
19603,27779,34816,34816
19604,14112,34816,34816
19605,14114,34816,34816
19606,14113,34816,34816
19607,14115,34816,34816
19608,14116,34816,34816
19609,27780,34816,34816
19610,27781,34816,34816
19611,14117,34816,34816
19612,14119,34816,34816
19613,14118,34816,34816
19614,14120,34816,34816
19615,14121,34816,34816
19616,27782,34816,34816
19617,27783,34816,34816
19618,14122,34816,34816
19619,14124,34816,34816
19620,14123,34816,34816
19621,14125,34816,34816
19622,14126,34816,34816
19623,27784,34816,34816
19624,27785,34816,34816
19625,14127,34816,34816
19626,14129,34816,34816
19627,14128,34816,34816
19628,14130,34816,34816
19629,14131,34816,34816
19630,27786,34816,34816
19631,27787,34816,34816
19632,14132,34816,34816
19633,14134,34816,34816
19634,14133,34816,34816
19635,14135,34816,34816
19636,14136,34816,34816
19637,27788,34816,34816
19638,27789,34816,34816
19639,14137,34816,34816
19640,14139,34816,34816
19641,14138,34816,34816
19642,14140,34816,34816
19643,14141,34816,34816
19644,27790,34816,34816
19645,27791,34816,34816
19646,14142,34816,34816
19647,14144,34816,34816
19648,14143,34816,34816
19649,14145,34816,34816
19650,14146,34816,34816
19651,27792,34816,34816
19652,27793,34816,34816
19653,14147,34816,34816
19654,27761,34816,34816
19655,14148,34816,34816
19656,14149,34816,34816
19657,14151,34816,34816
19658,14150,34816,34816
19659,14152,34816,34816
19660,14153,34816,34816
19661,27795,34816,34816
19662,27796,34816,34816
19663,14154,34816,34816
19664,14156,34816,34816
19665,14155,34816,34816
19666,14157,34816,34816
19667,14158,34816,34816
19668,27797,34816,34816
19669,27798,34816,34816
19670,14159,34816,34816
19671,14161,34816,34816
19672,14160,34816,34816
19673,14162,34816,34816
19674,14163,34816,34816
19675,27799,34816,34816
19676,27800,34816,34816
19677,14164,34816,34816
19678,14166,34816,34816
19679,14165,34816,34816
19680,14167,34816,34816
19681,14168,34816,34816
19682,27801,34816,34816
19683,27802,34816,34816
19684,14169,34816,34816
19685,14171,34816,34816
19686,14170,34816,34816
19687,14172,34816,34816
19688,14173,34816,34816
19689,27803,34816,34816
19690,27804,34816,34816
19691,14174,34816,34816
19692,14176,34816,34816
19693,14175,34816,34816
19694,14177,34816,34816
19695,14178,34816,34816
19696,27805,34816,34816
19697,27806,34816,34816
19698,14179,34816,34816
19699,14181,34816,34816
19700,14180,34816,34816
19701,14182,34816,34816
19702,14183,34816,34816
19703,27807,34816,34816
19704,27808,34816,34816
19705,14184,34816,34816
19706,14186,34816,34816
19707,14185,34816,34816
19708,14187,34816,34816
19709,14188,34816,34816
19710,27809,34816,34816
19711,27810,34816,34816
19712,14189,34816,34816
19713,14191,34816,34816
19714,14190,34816,34816
19715,14192,34816,34816
19716,14193,34816,34816
19717,27811,34816,34816
19718,27812,34816,34816
19719,14194,34816,34816
19720,14196,34816,34816
19721,14195,34816,34816
19722,14197,34816,34816
19723,14198,34816,34816
19724,27813,34816,34816
19725,27814,34816,34816
19726,14199,34816,34816
19727,14201,34816,34816
19728,14200,34816,34816
19729,14202,34816,34816
19730,14203,34816,34816
19731,27815,34816,34816
19732,27816,34816,34816
19733,14204,34816,34816
19734,14206,34816,34816
19735,14205,34816,34816
19736,14207,34816,34816
19737,14208,34816,34816
19738,27817,34816,34816
19739,27818,34816,34816
19740,14209,34816,34816
19741,14211,34816,34816
19742,14210,34816,34816
19743,14212,34816,34816
19744,14213,34816,34816
19745,27819,34816,34816
19746,27820,34816,34816
19747,14214,34816,34816
19748,14216,34816,34816
19749,14215,34816,34816
19750,14217,34816,34816
19751,14218,34816,34816
19752,27821,34816,34816
19753,27822,34816,34816
19754,14219,34816,34816
19755,14221,34816,34816
19756,14220,34816,34816
19757,14222,34816,34816
19758,14223,34816,34816
19759,27823,34816,34816
19760,27824,34816,34816
19761,14224,34816,34816
19762,14226,34816,34816
19763,14225,34816,34816
19764,14227,34816,34816
19765,14228,34816,34816
19766,27825,34816,34816
19767,27826,34816,34816
19768,14229,34816,34816
19769,27794,34816,34816
19770,14230,34816,34816
19771,14231,34816,34816
19772,14233,34816,34816
19773,14232,34816,34816
19774,14234,34816,34816
19775,14235,34816,34816
19776,27828,34816,34816
19777,27829,34816,34816
19778,14236,34816,34816
19779,14238,34816,34816
19780,14237,34816,34816
19781,14239,34816,34816
19782,14240,34816,34816
19783,27830,34816,34816
19784,27831,34816,34816
19785,14241,34816,34816
19786,14243,34816,34816
19787,14242,34816,34816
19788,14244,34816,34816
19789,14245,34816,34816
19790,27832,34816,34816
19791,27833,34816,34816
19792,14246,34816,34816
19793,14248,34816,34816
19794,14247,34816,34816
19795,14249,34816,34816
19796,14250,34816,34816
19797,27834,34816,34816
19798,27835,34816,34816
19799,14251,34816,34816
19800,14253,34816,34816
19801,14252,34816,34816
19802,14254,34816,34816
19803,14255,34816,34816
19804,27836,34816,34816
19805,27837,34816,34816
19806,14256,34816,34816
19807,14258,34816,34816
19808,14257,34816,34816
19809,14259,34816,34816
19810,14260,34816,34816
19811,27838,34816,34816
19812,27839,34816,34816
19813,14261,34816,34816
19814,14263,34816,34816
19815,14262,34816,34816
19816,14264,34816,34816
19817,14265,34816,34816
19818,27840,34816,34816
19819,27841,34816,34816
19820,14266,34816,34816
19821,14268,34816,34816
19822,14267,34816,34816
19823,14269,34816,34816
19824,14270,34816,34816
19825,27842,34816,34816
19826,27843,34816,34816
19827,14271,34816,34816
19828,14273,34816,34816
19829,14272,34816,34816
19830,14274,34816,34816
19831,14275,34816,34816
19832,27844,34816,34816
19833,27845,34816,34816
19834,14276,34816,34816
19835,14278,34816,34816
19836,14277,34816,34816
19837,14279,34816,34816
19838,14280,34816,34816
19839,27846,34816,34816
19840,27847,34816,34816
19841,14281,34816,34816
19842,14283,34816,34816
19843,14282,34816,34816
19844,14284,34816,34816
19845,14285,34816,34816
19846,27848,34816,34816
19847,27849,34816,34816
19848,14286,34816,34816
19849,14288,34816,34816
19850,14287,34816,34816
19851,14289,34816,34816
19852,14290,34816,34816
19853,27850,34816,34816
19854,27851,34816,34816
19855,14291,34816,34816
19856,14293,34816,34816
19857,14292,34816,34816
19858,14294,34816,34816
19859,14295,34816,34816
19860,27852,34816,34816
19861,27853,34816,34816
19862,14296,34816,34816
19863,14298,34816,34816
19864,14297,34816,34816
19865,14299,34816,34816
19866,14300,34816,34816
19867,27854,34816,34816
19868,27855,34816,34816
19869,14301,34816,34816
19870,14303,34816,34816
19871,14302,34816,34816
19872,14304,34816,34816
19873,14305,34816,34816
19874,27856,34816,34816
19875,27857,34816,34816
19876,14306,34816,34816
19877,14308,34816,34816
19878,14307,34816,34816
19879,14309,34816,34816
19880,14310,34816,34816
19881,27858,34816,34816
19882,27859,34816,34816
19883,14311,34816,34816
19884,27827,34816,34816
19885,14312,34816,34816
19886,14313,34816,34816
19887,14315,34816,34816
19888,14314,34816,34816
19889,14316,34816,34816
19890,14317,34816,34816
19891,27861,34816,34816
19892,27862,34816,34816
19893,14318,34816,34816
19894,14320,34816,34816
19895,14319,34816,34816
19896,14321,34816,34816
19897,14322,34816,34816
19898,27863,34816,34816
19899,27864,34816,34816
19900,14323,34816,34816
19901,14325,34816,34816
19902,14324,34816,34816
19903,14326,34816,34816
19904,14327,34816,34816
19905,27865,34816,34816
19906,27866,34816,34816
19907,14328,34816,34816
19908,14330,34816,34816
19909,14329,34816,34816
19910,14331,34816,34816
19911,14332,34816,34816
19912,27867,34816,34816
19913,27868,34816,34816
19914,14333,34816,34816
19915,14335,34816,34816
19916,14334,34816,34816
19917,14336,34816,34816
19918,14337,34816,34816
19919,27869,34816,34816
19920,27870,34816,34816
19921,14338,34816,34816
19922,14340,34816,34816
19923,14339,34816,34816
19924,14341,34816,34816
19925,14342,34816,34816
19926,27871,34816,34816
19927,27872,34816,34816
19928,14343,34816,34816
19929,14345,34816,34816
19930,14344,34816,34816
19931,14346,34816,34816
19932,14347,34816,34816
19933,27873,34816,34816
19934,27874,34816,34816
19935,14348,34816,34816
19936,14350,34816,34816
19937,14349,34816,34816
19938,14351,34816,34816
19939,14352,34816,34816
19940,27875,34816,34816
19941,27876,34816,34816
19942,14353,34816,34816
19943,14355,34816,34816
19944,14354,34816,34816
19945,14356,34816,34816
19946,14357,34816,34816
19947,27877,34816,34816
19948,27878,34816,34816
19949,14358,34816,34816
19950,14360,34816,34816
19951,14359,34816,34816
19952,14361,34816,34816
19953,14362,34816,34816
19954,27879,34816,34816
19955,27880,34816,34816
19956,14363,34816,34816
19957,14365,34816,34816
19958,14364,34816,34816
19959,14366,34816,34816
19960,14367,34816,34816
19961,27881,34816,34816
19962,27882,34816,34816
19963,14368,34816,34816
19964,14370,34816,34816
19965,14369,34816,34816
19966,14371,34816,34816
19967,14372,34816,34816
19968,27883,34816,34816
19969,27884,34816,34816
19970,14373,34816,34816
19971,14375,34816,34816
19972,14374,34816,34816
19973,14376,34816,34816
19974,14377,34816,34816
19975,27885,34816,34816
19976,27886,34816,34816
19977,14378,34816,34816
19978,14380,34816,34816
19979,14379,34816,34816
19980,14381,34816,34816
19981,14382,34816,34816
19982,27887,34816,34816
19983,27888,34816,34816
19984,14383,34816,34816
19985,14385,34816,34816
19986,14384,34816,34816
19987,14386,34816,34816
19988,14387,34816,34816
19989,27889,34816,34816
19990,27890,34816,34816
19991,14388,34816,34816
19992,14390,34816,34816
19993,14389,34816,34816
19994,14391,34816,34816
19995,14392,34816,34816
19996,27891,34816,34816
19997,27892,34816,34816
19998,14393,34816,34816
19999,27860,34816,34816
20000,14394,34816,34816
20001,14395,34816,34816
20002,14397,34816,34816
20003,14396,34816,34816
20004,14398,34816,34816
20005,14399,34816,34816
20006,27894,34816,34816
20007,27895,34816,34816
20008,14400,34816,34816
20009,14402,34816,34816
20010,14401,34816,34816
20011,14403,34816,34816
20012,14404,34816,34816
20013,27896,34816,34816
20014,27897,34816,34816
20015,14405,34816,34816
20016,14407,34816,34816
20017,14406,34816,34816
20018,14408,34816,34816
20019,14409,34816,34816
20020,27898,34816,34816
20021,27899,34816,34816
20022,14410,34816,34816
20023,14412,34816,34816
20024,14411,34816,34816
20025,14413,34816,34816
20026,14414,34816,34816
20027,27900,34816,34816
20028,27901,34816,34816
20029,14415,34816,34816
20030,14417,34816,34816
20031,14416,34816,34816
20032,14418,34816,34816
20033,14419,34816,34816
20034,27902,34816,34816
20035,27903,34816,34816
20036,14420,34816,34816
20037,14422,34816,34816
20038,14421,34816,34816
20039,14423,34816,34816
20040,14424,34816,34816
20041,27904,34816,34816
20042,27905,34816,34816
20043,14425,34816,34816
20044,14427,34816,34816
20045,14426,34816,34816
20046,14428,34816,34816
20047,14429,34816,34816
20048,27906,34816,34816
20049,27907,34816,34816
20050,14430,34816,34816
20051,14432,34816,34816
20052,14431,34816,34816
20053,14433,34816,34816
20054,14434,34816,34816
20055,27908,34816,34816
20056,27909,34816,34816
20057,14435,34816,34816
20058,14437,34816,34816
20059,14436,34816,34816
20060,14438,34816,34816
20061,14439,34816,34816
20062,27910,34816,34816
20063,27911,34816,34816
20064,14440,34816,34816
20065,14442,34816,34816
20066,14441,34816,34816
20067,14443,34816,34816
20068,14444,34816,34816
20069,27912,34816,34816
20070,27913,34816,34816
20071,14445,34816,34816
20072,14447,34816,34816
20073,14446,34816,34816
20074,14448,34816,34816
20075,14449,34816,34816
20076,27914,34816,34816
20077,27915,34816,34816
20078,14450,34816,34816
20079,14452,34816,34816
20080,14451,34816,34816
20081,14453,34816,34816
20082,14454,34816,34816
20083,27916,34816,34816
20084,27917,34816,34816
20085,14455,34816,34816
20086,14457,34816,34816
20087,14456,34816,34816
20088,14458,34816,34816
20089,14459,34816,34816
20090,27918,34816,34816
20091,27919,34816,34816
20092,14460,34816,34816
20093,14462,34816,34816
20094,14461,34816,34816
20095,14463,34816,34816
20096,14464,34816,34816
20097,27920,34816,34816
20098,27921,34816,34816
20099,14465,34816,34816
20100,14467,34816,34816
20101,14466,34816,34816
20102,14468,34816,34816
20103,14469,34816,34816
20104,27922,34816,34816
20105,27923,34816,34816
20106,14470,34816,34816
20107,14472,34816,34816
20108,14471,34816,34816
20109,14473,34816,34816
20110,14474,34816,34816
20111,27924,34816,34816
20112,27925,34816,34816
20113,14475,34816,34816
20114,27893,34816,34816
20115,14476,34816,34816
20116,14477,34816,34816
20117,14479,34816,34816
20118,14478,34816,34816
20119,14480,34816,34816
20120,14481,34816,34816
20121,27927,34816,34816
20122,27928,34816,34816
20123,14482,34816,34816
20124,14484,34816,34816
20125,14483,34816,34816
20126,14485,34816,34816
20127,14486,34816,34816
20128,27929,34816,34816
20129,27930,34816,34816
20130,14487,34816,34816
20131,14489,34816,34816
20132,14488,34816,34816
20133,14490,34816,34816
20134,14491,34816,34816
20135,27931,34816,34816
20136,27932,34816,34816
20137,14492,34816,34816
20138,14494,34816,34816
20139,14493,34816,34816
20140,14495,34816,34816
20141,14496,34816,34816
20142,27933,34816,34816
20143,27934,34816,34816
20144,14497,34816,34816
20145,14499,34816,34816
20146,14498,34816,34816
20147,14500,34816,34816
20148,14501,34816,34816
20149,27935,34816,34816
20150,27936,34816,34816
20151,14502,34816,34816
20152,14504,34816,34816
20153,14503,34816,34816
20154,14505,34816,34816
20155,14506,34816,34816
20156,27937,34816,34816
20157,27938,34816,34816
20158,14507,34816,34816
20159,14509,34816,34816
20160,14508,34816,34816
20161,14510,34816,34816
20162,14511,34816,34816
20163,27939,34816,34816
20164,27940,34816,34816
20165,14512,34816,34816
20166,14514,34816,34816
20167,14513,34816,34816
20168,14515,34816,34816
20169,14516,34816,34816
20170,27941,34816,34816
20171,27942,34816,34816
20172,14517,34816,34816
20173,14519,34816,34816
20174,14518,34816,34816
20175,14520,34816,34816
20176,14521,34816,34816
20177,27943,34816,34816
20178,27944,34816,34816
20179,14522,34816,34816
20180,14524,34816,34816
20181,14523,34816,34816
20182,14525,34816,34816
20183,14526,34816,34816
20184,27945,34816,34816
20185,27946,34816,34816
20186,14527,34816,34816
20187,14529,34816,34816
20188,14528,34816,34816
20189,14530,34816,34816
20190,14531,34816,34816
20191,27947,34816,34816
20192,27948,34816,34816
20193,14532,34816,34816
20194,14534,34816,34816
20195,14533,34816,34816
20196,14535,34816,34816
20197,14536,34816,34816
20198,27949,34816,34816
20199,27950,34816,34816
20200,14537,34816,34816
20201,14539,34816,34816
20202,14538,34816,34816
20203,14540,34816,34816
20204,14541,34816,34816
20205,27951,34816,34816
20206,27952,34816,34816
20207,14542,34816,34816
20208,14544,34816,34816
20209,14543,34816,34816
20210,14545,34816,34816
20211,14546,34816,34816
20212,27953,34816,34816
20213,27954,34816,34816
20214,14547,34816,34816
20215,14549,34816,34816
20216,14548,34816,34816
20217,14550,34816,34816
20218,14551,34816,34816
20219,27955,34816,34816
20220,27956,34816,34816
20221,14552,34816,34816
20222,14554,34816,34816
20223,14553,34816,34816
20224,14555,34816,34816
20225,14556,34816,34816
20226,27957,34816,34816
20227,27958,34816,34816
20228,14557,34816,34816
20229,27926,34816,34816
20230,14558,34816,34816
20231,14559,34816,34816
20232,14561,34816,34816
20233,14560,34816,34816
20234,14562,34816,34816
20235,14563,34816,34816
20236,27960,34816,34816
20237,27961,34816,34816
20238,14564,34816,34816
20239,14566,34816,34816
20240,14565,34816,34816
20241,14567,34816,34816
20242,14568,34816,34816
20243,27962,34816,34816
20244,27963,34816,34816
20245,14569,34816,34816
20246,14571,34816,34816
20247,14570,34816,34816
20248,14572,34816,34816
20249,14573,34816,34816
20250,27964,34816,34816
20251,27965,34816,34816
20252,14574,34816,34816
20253,14576,34816,34816
20254,14575,34816,34816
20255,14577,34816,34816
20256,14578,34816,34816
20257,27966,34816,34816
20258,27967,34816,34816
20259,14579,34816,34816
20260,14581,34816,34816
20261,14580,34816,34816
20262,14582,34816,34816
20263,14583,34816,34816
20264,27968,34816,34816
20265,27969,34816,34816
20266,14584,34816,34816
20267,14586,34816,34816
20268,14585,34816,34816
20269,14587,34816,34816
20270,14588,34816,34816
20271,27970,34816,34816
20272,27971,34816,34816
20273,14589,34816,34816
20274,14591,34816,34816
20275,14590,34816,34816
20276,14592,34816,34816
20277,14593,34816,34816
20278,27972,34816,34816
20279,27973,34816,34816
20280,14594,34816,34816
20281,14596,34816,34816
20282,14595,34816,34816
20283,14597,34816,34816
20284,14598,34816,34816
20285,27974,34816,34816
20286,27975,34816,34816
20287,14599,34816,34816
20288,14601,34816,34816
20289,14600,34816,34816
20290,14602,34816,34816
20291,14603,34816,34816
20292,27976,34816,34816
20293,27977,34816,34816
20294,14604,34816,34816
20295,14606,34816,34816
20296,14605,34816,34816
20297,14607,34816,34816
20298,14608,34816,34816
20299,27978,34816,34816
20300,27979,34816,34816
20301,14609,34816,34816
20302,14611,34816,34816
20303,14610,34816,34816
20304,14612,34816,34816
20305,14613,34816,34816
20306,27980,34816,34816
20307,27981,34816,34816
20308,14614,34816,34816
20309,14616,34816,34816
20310,14615,34816,34816
20311,14617,34816,34816
20312,14618,34816,34816
20313,27982,34816,34816
20314,27983,34816,34816
20315,14619,34816,34816
20316,14621,34816,34816
20317,14620,34816,34816
20318,14622,34816,34816
20319,14623,34816,34816
20320,27984,34816,34816
20321,27985,34816,34816
20322,14624,34816,34816
20323,14626,34816,34816
20324,14625,34816,34816
20325,14627,34816,34816
20326,14628,34816,34816
20327,27986,34816,34816
20328,27987,34816,34816
20329,14629,34816,34816
20330,14631,34816,34816
20331,14630,34816,34816
20332,14632,34816,34816
20333,14633,34816,34816
20334,27988,34816,34816
20335,27989,34816,34816
20336,14634,34816,34816
20337,14636,34816,34816
20338,14635,34816,34816
20339,14637,34816,34816
20340,14638,34816,34816
20341,27990,34816,34816
20342,27991,34816,34816
20343,14639,34816,34816
20344,27959,34816,34816
20345,14640,34816,34816
20346,14641,34816,34816
20347,14643,34816,34816
20348,14642,34816,34816
20349,14644,34816,34816
20350,14645,34816,34816
20351,27993,34816,34816
20352,27994,34816,34816
20353,14646,34816,34816
20354,14648,34816,34816
20355,14647,34816,34816
20356,14649,34816,34816
20357,14650,34816,34816
20358,27995,34816,34816
20359,27996,34816,34816
20360,14651,34816,34816
20361,14653,34816,34816
20362,14652,34816,34816
20363,14654,34816,34816
20364,14655,34816,34816
20365,27997,34816,34816
20366,27998,34816,34816
20367,14656,34816,34816
20368,14658,34816,34816
20369,14657,34816,34816
20370,14659,34816,34816
20371,14660,34816,34816
20372,27999,34816,34816
20373,28000,34816,34816
20374,14661,34816,34816
20375,14663,34816,34816
20376,14662,34816,34816
20377,14664,34816,34816
20378,14665,34816,34816
20379,28001,34816,34816
20380,28002,34816,34816
20381,14666,34816,34816
20382,14668,34816,34816
20383,14667,34816,34816
20384,14669,34816,34816
20385,14670,34816,34816
20386,28003,34816,34816
20387,28004,34816,34816
20388,14671,34816,34816
20389,14673,34816,34816
20390,14672,34816,34816
20391,14674,34816,34816
20392,14675,34816,34816
20393,28005,34816,34816
20394,28006,34816,34816
20395,14676,34816,34816
20396,14678,34816,34816
20397,14677,34816,34816
20398,14679,34816,34816
20399,14680,34816,34816
20400,28007,34816,34816
20401,28008,34816,34816
20402,14681,34816,34816
20403,14683,34816,34816
20404,14682,34816,34816
20405,14684,34816,34816
20406,14685,34816,34816
20407,28009,34816,34816
20408,28010,34816,34816
20409,14686,34816,34816
20410,14688,34816,34816
20411,14687,34816,34816
20412,14689,34816,34816
20413,14690,34816,34816
20414,28011,34816,34816
20415,28012,34816,34816
20416,14691,34816,34816
20417,14693,34816,34816
20418,14692,34816,34816
20419,14694,34816,34816
20420,14695,34816,34816
20421,28013,34816,34816
20422,28014,34816,34816
20423,14696,34816,34816
20424,14698,34816,34816
20425,14697,34816,34816
20426,14699,34816,34816
20427,14700,34816,34816
20428,28015,34816,34816
20429,28016,34816,34816
20430,14701,34816,34816
20431,14703,34816,34816
20432,14702,34816,34816
20433,14704,34816,34816
20434,14705,34816,34816
20435,28017,34816,34816
20436,28018,34816,34816
20437,14706,34816,34816
20438,14708,34816,34816
20439,14707,34816,34816
20440,14709,34816,34816
20441,14710,34816,34816
20442,28019,34816,34816
20443,28020,34816,34816
20444,14711,34816,34816
20445,14713,34816,34816
20446,14712,34816,34816
20447,14714,34816,34816
20448,14715,34816,34816
20449,28021,34816,34816
20450,28022,34816,34816
20451,14716,34816,34816
20452,14718,34816,34816
20453,14717,34816,34816
20454,14719,34816,34816
20455,14720,34816,34816
20456,28023,34816,34816
20457,28024,34816,34816
20458,14721,34816,34816
20459,27992,34816,34816
20460,14722,34816,34816
20461,14723,34816,34816
20462,14725,34816,34816
20463,14724,34816,34816
20464,14726,34816,34816
20465,14727,34816,34816
20466,28026,34816,34816
20467,28027,34816,34816
20468,14728,34816,34816
20469,14730,34816,34816
20470,14729,34816,34816
20471,14731,34816,34816
20472,14732,34816,34816
20473,28028,34816,34816
20474,28029,34816,34816
20475,14733,34816,34816
20476,14735,34816,34816
20477,14734,34816,34816
20478,14736,34816,34816
20479,14737,34816,34816
20480,28030,34816,34816
20481,28031,34816,34816
20482,14738,34816,34816
20483,14740,34816,34816
20484,14739,34816,34816
20485,14741,34816,34816
20486,14742,34816,34816
20487,28032,34816,34816
20488,28033,34816,34816
20489,14743,34816,34816
20490,14745,34816,34816
20491,14744,34816,34816
20492,14746,34816,34816
20493,14747,34816,34816
20494,28034,34816,34816
20495,28035,34816,34816
20496,14748,34816,34816
20497,14750,34816,34816
20498,14749,34816,34816
20499,14751,34816,34816
20500,14752,34816,34816
20501,28036,34816,34816
20502,28037,34816,34816
20503,14753,34816,34816
20504,14755,34816,34816
20505,14754,34816,34816
20506,14756,34816,34816
20507,14757,34816,34816
20508,28038,34816,34816
20509,28039,34816,34816
20510,14758,34816,34816
20511,14760,34816,34816
20512,14759,34816,34816
20513,14761,34816,34816
20514,14762,34816,34816
20515,28040,34816,34816
20516,28041,34816,34816
20517,14763,34816,34816
20518,14765,34816,34816
20519,14764,34816,34816
20520,14766,34816,34816
20521,14767,34816,34816
20522,28042,34816,34816
20523,28043,34816,34816
20524,14768,34816,34816
20525,14770,34816,34816
20526,14769,34816,34816
20527,14771,34816,34816
20528,14772,34816,34816
20529,28044,34816,34816
20530,28045,34816,34816
20531,14773,34816,34816
20532,14775,34816,34816
20533,14774,34816,34816
20534,14776,34816,34816
20535,14777,34816,34816
20536,28046,34816,34816
20537,28047,34816,34816
20538,14778,34816,34816
20539,14780,34816,34816
20540,14779,34816,34816
20541,14781,34816,34816
20542,14782,34816,34816
20543,28048,34816,34816
20544,28049,34816,34816
20545,14783,34816,34816
20546,14785,34816,34816
20547,14784,34816,34816
20548,14786,34816,34816
20549,14787,34816,34816
20550,28050,34816,34816
20551,28051,34816,34816
20552,14788,34816,34816
20553,14790,34816,34816
20554,14789,34816,34816
20555,14791,34816,34816
20556,14792,34816,34816
20557,28052,34816,34816
20558,28053,34816,34816
20559,14793,34816,34816
20560,14795,34816,34816
20561,14794,34816,34816
20562,14796,34816,34816
20563,14797,34816,34816
20564,28054,34816,34816
20565,28055,34816,34816
20566,14798,34816,34816
20567,14800,34816,34816
20568,14799,34816,34816
20569,14801,34816,34816
20570,14802,34816,34816
20571,28056,34816,34816
20572,28057,34816,34816
20573,14803,34816,34816
20574,28025,34816,34816
20575,14804,34816,34816
20576,14805,34816,34816
20577,14807,34816,34816
20578,14806,34816,34816
20579,14808,34816,34816
20580,14809,34816,34816
20581,28059,34816,34816
20582,28060,34816,34816
20583,14810,34816,34816
20584,14812,34816,34816
20585,14811,34816,34816
20586,14813,34816,34816
20587,14814,34816,34816
20588,28061,34816,34816
20589,28062,34816,34816
20590,14815,34816,34816
20591,14817,34816,34816
20592,14816,34816,34816
20593,14818,34816,34816
20594,14819,34816,34816
20595,28063,34816,34816
20596,28064,34816,34816
20597,14820,34816,34816
20598,14822,34816,34816
20599,14821,34816,34816
20600,14823,34816,34816
20601,14824,34816,34816
20602,28065,34816,34816
20603,28066,34816,34816
20604,14825,34816,34816
20605,14827,34816,34816
20606,14826,34816,34816
20607,14828,34816,34816
20608,14829,34816,34816
20609,28067,34816,34816
20610,28068,34816,34816
20611,14830,34816,34816
20612,14832,34816,34816
20613,14831,34816,34816
20614,14833,34816,34816
20615,14834,34816,34816
20616,28069,34816,34816
20617,28070,34816,34816
20618,14835,34816,34816
20619,14837,34816,34816
20620,14836,34816,34816
20621,14838,34816,34816
20622,14839,34816,34816
20623,28071,34816,34816
20624,28072,34816,34816
20625,14840,34816,34816
20626,14842,34816,34816
20627,14841,34816,34816
20628,14843,34816,34816
20629,14844,34816,34816
20630,28073,34816,34816
20631,28074,34816,34816
20632,14845,34816,34816
20633,14847,34816,34816
20634,14846,34816,34816
20635,14848,34816,34816
20636,14849,34816,34816
20637,28075,34816,34816
20638,28076,34816,34816
20639,14850,34816,34816
20640,14852,34816,34816
20641,14851,34816,34816
20642,14853,34816,34816
20643,14854,34816,34816
20644,28077,34816,34816
20645,28078,34816,34816
20646,14855,34816,34816
20647,14857,34816,34816
20648,14856,34816,34816
20649,14858,34816,34816
20650,14859,34816,34816
20651,28079,34816,34816
20652,28080,34816,34816
20653,14860,34816,34816
20654,14862,34816,34816
20655,14861,34816,34816
20656,14863,34816,34816
20657,14864,34816,34816
20658,28081,34816,34816
20659,28082,34816,34816
20660,14865,34816,34816
20661,14867,34816,34816
20662,14866,34816,34816
20663,14868,34816,34816
20664,14869,34816,34816
20665,28083,34816,34816
20666,28084,34816,34816
20667,14870,34816,34816
20668,14872,34816,34816
20669,14871,34816,34816
20670,14873,34816,34816
20671,14874,34816,34816
20672,28085,34816,34816
20673,28086,34816,34816
20674,14875,34816,34816
20675,14877,34816,34816
20676,14876,34816,34816
20677,14878,34816,34816
20678,14879,34816,34816
20679,28087,34816,34816
20680,28088,34816,34816
20681,14880,34816,34816
20682,14882,34816,34816
20683,14881,34816,34816
20684,14883,34816,34816
20685,14884,34816,34816
20686,28089,34816,34816
20687,28090,34816,34816
20688,14885,34816,34816
20689,28058,34816,34816
20690,14886,34816,34816
20691,14887,34816,34816
20692,14889,34816,34816
20693,14888,34816,34816
20694,14890,34816,34816
20695,14891,34816,34816
20696,28092,34816,34816
20697,28093,34816,34816
20698,14892,34816,34816
20699,14894,34816,34816
20700,14893,34816,34816
20701,14895,34816,34816
20702,14896,34816,34816
20703,28094,34816,34816
20704,28095,34816,34816
20705,14897,34816,34816
20706,14899,34816,34816
20707,14898,34816,34816
20708,14900,34816,34816
20709,14901,34816,34816
20710,28096,34816,34816
20711,28097,34816,34816
20712,14902,34816,34816
20713,14904,34816,34816
20714,14903,34816,34816
20715,14905,34816,34816
20716,14906,34816,34816
20717,28098,34816,34816
20718,28099,34816,34816
20719,14907,34816,34816
20720,14909,34816,34816
20721,14908,34816,34816
20722,14910,34816,34816
20723,14911,34816,34816
20724,28100,34816,34816
20725,28101,34816,34816
20726,14912,34816,34816
20727,14914,34816,34816
20728,14913,34816,34816
20729,14915,34816,34816
20730,14916,34816,34816
20731,28102,34816,34816
20732,28103,34816,34816
20733,14917,34816,34816
20734,14919,34816,34816
20735,14918,34816,34816
20736,14920,34816,34816
20737,14921,34816,34816
20738,28104,34816,34816
20739,28105,34816,34816
20740,14922,34816,34816
20741,14924,34816,34816
20742,14923,34816,34816
20743,14925,34816,34816
20744,14926,34816,34816
20745,28106,34816,34816
20746,28107,34816,34816
20747,14927,34816,34816
20748,14929,34816,34816
20749,14928,34816,34816
20750,14930,34816,34816
20751,14931,34816,34816
20752,28108,34816,34816
20753,28109,34816,34816
20754,14932,34816,34816
20755,14934,34816,34816
20756,14933,34816,34816
20757,14935,34816,34816
20758,14936,34816,34816
20759,28110,34816,34816
20760,28111,34816,34816
20761,14937,34816,34816
20762,14939,34816,34816
20763,14938,34816,34816
20764,14940,34816,34816
20765,14941,34816,34816
20766,28112,34816,34816
20767,28113,34816,34816
20768,14942,34816,34816
20769,14944,34816,34816
20770,14943,34816,34816
20771,14945,34816,34816
20772,14946,34816,34816
20773,28114,34816,34816
20774,28115,34816,34816
20775,14947,34816,34816
20776,14949,34816,34816
20777,14948,34816,34816
20778,14950,34816,34816
20779,14951,34816,34816
20780,28116,34816,34816
20781,28117,34816,34816
20782,14952,34816,34816
20783,14954,34816,34816
20784,14953,34816,34816
20785,14955,34816,34816
20786,14956,34816,34816
20787,28118,34816,34816
20788,28119,34816,34816
20789,14957,34816,34816
20790,14959,34816,34816
20791,14958,34816,34816
20792,14960,34816,34816
20793,14961,34816,34816
20794,28120,34816,34816
20795,28121,34816,34816
20796,14962,34816,34816
20797,14964,34816,34816
20798,14963,34816,34816
20799,14965,34816,34816
20800,14966,34816,34816
20801,28122,34816,34816
20802,28123,34816,34816
20803,14967,34816,34816
20804,28091,34816,34816
20805,14968,34816,34816
20806,14969,34816,34816
20807,14971,34816,34816
20808,14970,34816,34816
20809,14972,34816,34816
20810,14973,34816,34816
20811,28125,34816,34816
20812,28126,34816,34816
20813,14974,34816,34816
20814,14976,34816,34816
20815,14975,34816,34816
20816,14977,34816,34816
20817,14978,34816,34816
20818,28127,34816,34816
20819,28128,34816,34816
20820,14979,34816,34816
20821,14981,34816,34816
20822,14980,34816,34816
20823,14982,34816,34816
20824,14983,34816,34816
20825,28129,34816,34816
20826,28130,34816,34816
20827,14984,34816,34816
20828,14986,34816,34816
20829,14985,34816,34816
20830,14987,34816,34816
20831,14988,34816,34816
20832,28131,34816,34816
20833,28132,34816,34816
20834,14989,34816,34816
20835,14991,34816,34816
20836,14990,34816,34816
20837,14992,34816,34816
20838,14993,34816,34816
20839,28133,34816,34816
20840,28134,34816,34816
20841,14994,34816,34816
20842,14996,34816,34816
20843,14995,34816,34816
20844,14997,34816,34816
20845,14998,34816,34816
20846,28135,34816,34816
20847,28136,34816,34816
20848,14999,34816,34816
20849,15001,34816,34816
20850,15000,34816,34816
20851,15002,34816,34816
20852,15003,34816,34816
20853,28137,34816,34816
20854,28138,34816,34816
20855,15004,34816,34816
20856,15006,34816,34816
20857,15005,34816,34816
20858,15007,34816,34816
20859,15008,34816,34816
20860,28139,34816,34816
20861,28140,34816,34816
20862,15009,34816,34816
20863,15011,34816,34816
20864,15010,34816,34816
20865,15012,34816,34816
20866,15013,34816,34816
20867,28141,34816,34816
20868,28142,34816,34816
20869,15014,34816,34816
20870,15016,34816,34816
20871,15015,34816,34816
20872,15017,34816,34816
20873,15018,34816,34816
20874,28143,34816,34816
20875,28144,34816,34816
20876,15019,34816,34816
20877,15021,34816,34816
20878,15020,34816,34816
20879,15022,34816,34816
20880,15023,34816,34816
20881,28145,34816,34816
20882,28146,34816,34816
20883,15024,34816,34816
20884,15026,34816,34816
20885,15025,34816,34816
20886,15027,34816,34816
20887,15028,34816,34816
20888,28147,34816,34816
20889,28148,34816,34816
20890,15029,34816,34816
20891,15031,34816,34816
20892,15030,34816,34816
20893,15032,34816,34816
20894,15033,34816,34816
20895,28149,34816,34816
20896,28150,34816,34816
20897,15034,34816,34816
20898,15036,34816,34816
20899,15035,34816,34816
20900,15037,34816,34816
20901,15038,34816,34816
20902,28151,34816,34816
20903,28152,34816,34816
20904,15039,34816,34816
20905,15041,34816,34816
20906,15040,34816,34816
20907,15042,34816,34816
20908,15043,34816,34816
20909,28153,34816,34816
20910,28154,34816,34816
20911,15044,34816,34816
20912,15046,34816,34816
20913,15045,34816,34816
20914,15047,34816,34816
20915,15048,34816,34816
20916,28155,34816,34816
20917,28156,34816,34816
20918,15049,34816,34816
20919,28124,34816,34816
20920,15050,34816,34816
20921,15051,34816,34816
20922,15053,34816,34816
20923,15052,34816,34816
20924,15054,34816,34816
20925,15055,34816,34816
20926,28158,34816,34816
20927,28159,34816,34816
20928,15056,34816,34816
20929,15058,34816,34816
20930,15057,34816,34816
20931,15059,34816,34816
20932,15060,34816,34816
20933,28160,34816,34816
20934,28161,34816,34816
20935,15061,34816,34816
20936,15063,34816,34816
20937,15062,34816,34816
20938,15064,34816,34816
20939,15065,34816,34816
20940,28162,34816,34816
20941,28163,34816,34816
20942,15066,34816,34816
20943,15068,34816,34816
20944,15067,34816,34816
20945,15069,34816,34816
20946,15070,34816,34816
20947,28164,34816,34816
20948,28165,34816,34816
20949,15071,34816,34816
20950,15073,34816,34816
20951,15072,34816,34816
20952,15074,34816,34816
20953,15075,34816,34816
20954,28166,34816,34816
20955,28167,34816,34816
20956,15076,34816,34816
20957,15078,34816,34816
20958,15077,34816,34816
20959,15079,34816,34816
20960,15080,34816,34816
20961,28168,34816,34816
20962,28169,34816,34816
20963,15081,34816,34816
20964,15083,34816,34816
20965,15082,34816,34816
20966,15084,34816,34816
20967,15085,34816,34816
20968,28170,34816,34816
20969,28171,34816,34816
20970,15086,34816,34816
20971,15088,34816,34816
20972,15087,34816,34816
20973,15089,34816,34816
20974,15090,34816,34816
20975,28172,34816,34816
20976,28173,34816,34816
20977,15091,34816,34816
20978,15093,34816,34816
20979,15092,34816,34816
20980,15094,34816,34816
20981,15095,34816,34816
20982,28174,34816,34816
20983,28175,34816,34816
20984,15096,34816,34816
20985,15098,34816,34816
20986,15097,34816,34816
20987,15099,34816,34816
20988,15100,34816,34816
20989,28176,34816,34816
20990,28177,34816,34816
20991,15101,34816,34816
20992,15103,34816,34816
20993,15102,34816,34816
20994,15104,34816,34816
20995,15105,34816,34816
20996,28178,34816,34816
20997,28179,34816,34816
20998,15106,34816,34816
20999,15108,34816,34816
21000,15107,34816,34816
21001,15109,34816,34816
21002,15110,34816,34816
21003,28180,34816,34816
21004,28181,34816,34816
21005,15111,34816,34816
21006,15113,34816,34816
21007,15112,34816,34816
21008,15114,34816,34816
21009,15115,34816,34816
21010,28182,34816,34816
21011,28183,34816,34816
21012,15116,34816,34816
21013,15118,34816,34816
21014,15117,34816,34816
21015,15119,34816,34816
21016,15120,34816,34816
21017,28184,34816,34816
21018,28185,34816,34816
21019,15121,34816,34816
21020,15123,34816,34816
21021,15122,34816,34816
21022,15124,34816,34816
21023,15125,34816,34816
21024,28186,34816,34816
21025,28187,34816,34816
21026,15126,34816,34816
21027,15128,34816,34816
21028,15127,34816,34816
21029,15129,34816,34816
21030,15130,34816,34816
21031,28188,34816,34816
21032,28189,34816,34816
21033,15131,34816,34816
21034,28157,34816,34816
21035,15132,34816,34816
21036,15133,34816,34816
21037,15135,34816,34816
21038,15134,34816,34816
21039,15136,34816,34816
21040,15137,34816,34816
21041,28191,34816,34816
21042,28192,34816,34816
21043,15138,34816,34816
21044,15140,34816,34816
21045,15139,34816,34816
21046,15141,34816,34816
21047,15142,34816,34816
21048,28193,34816,34816
21049,28194,34816,34816
21050,15143,34816,34816
21051,15145,34816,34816
21052,15144,34816,34816
21053,15146,34816,34816
21054,15147,34816,34816
21055,28195,34816,34816
21056,28196,34816,34816
21057,15148,34816,34816
21058,15150,34816,34816
21059,15149,34816,34816
21060,15151,34816,34816
21061,15152,34816,34816
21062,28197,34816,34816
21063,28198,34816,34816
21064,15153,34816,34816
21065,15155,34816,34816
21066,15154,34816,34816
21067,15156,34816,34816
21068,15157,34816,34816
21069,28199,34816,34816
21070,28200,34816,34816
21071,15158,34816,34816
21072,15160,34816,34816
21073,15159,34816,34816
21074,15161,34816,34816
21075,15162,34816,34816
21076,28201,34816,34816
21077,28202,34816,34816
21078,15163,34816,34816
21079,15165,34816,34816
21080,15164,34816,34816
21081,15166,34816,34816
21082,15167,34816,34816
21083,28203,34816,34816
21084,28204,34816,34816
21085,15168,34816,34816
21086,15170,34816,34816
21087,15169,34816,34816
21088,15171,34816,34816
21089,15172,34816,34816
21090,28205,34816,34816
21091,28206,34816,34816
21092,15173,34816,34816
21093,15175,34816,34816
21094,15174,34816,34816
21095,15176,34816,34816
21096,15177,34816,34816
21097,28207,34816,34816
21098,28208,34816,34816
21099,15178,34816,34816
21100,15180,34816,34816
21101,15179,34816,34816
21102,15181,34816,34816
21103,15182,34816,34816
21104,28209,34816,34816
21105,28210,34816,34816
21106,15183,34816,34816
21107,15185,34816,34816
21108,15184,34816,34816
21109,15186,34816,34816
21110,15187,34816,34816
21111,28211,34816,34816
21112,28212,34816,34816
21113,15188,34816,34816
21114,15190,34816,34816
21115,15189,34816,34816
21116,15191,34816,34816
21117,15192,34816,34816
21118,28213,34816,34816
21119,28214,34816,34816
21120,15193,34816,34816
21121,15195,34816,34816
21122,15194,34816,34816
21123,15196,34816,34816
21124,15197,34816,34816
21125,28215,34816,34816
21126,28216,34816,34816
21127,15198,34816,34816
21128,15200,34816,34816
21129,15199,34816,34816
21130,15201,34816,34816
21131,15202,34816,34816
21132,28217,34816,34816
21133,28218,34816,34816
21134,15203,34816,34816
21135,15205,34816,34816
21136,15204,34816,34816
21137,15206,34816,34816
21138,15207,34816,34816
21139,28219,34816,34816
21140,28220,34816,34816
21141,15208,34816,34816
21142,15210,34816,34816
21143,15209,34816,34816
21144,15211,34816,34816
21145,15212,34816,34816
21146,28221,34816,34816
21147,28222,34816,34816
21148,15213,34816,34816
21149,28190,34816,34816
21150,15214,34816,34816
21151,15215,34816,34816
21152,15217,34816,34816
21153,27713,34688,34816
21154,15216,34688,34816
21155,15218,34688,34816
21156,15219,34688,34816
21157,28224,34688,34816
21158,28225,34688,34816
21159,15220,34688,34816
21160,15222,34688,34816
21161,27716,34560,34816
21162,15221,34560,34816
21163,15223,34560,34816
21164,15224,34560,34816
21165,28226,34560,34816
21166,28227,34560,34816
21167,15225,34560,34816
21168,15227,34560,34816
21169,27719,34432,34816
21170,15226,34432,34816
21171,15228,34432,34816
21172,15229,34432,34816
21173,28228,34432,34816
21174,28229,34432,34816
21175,15230,34432,34816
21176,15232,34432,34816
21177,27722,34304,34816
21178,15231,34304,34816
21179,15233,34304,34816
21180,15234,34304,34816
21181,28230,34304,34816
21182,28231,34304,34816
21183,15235,34304,34816
21184,15237,34304,34816
21185,27725,34176,34816
21186,15236,34176,34816
21187,15238,34176,34816
21188,15239,34176,34816
21189,28232,34176,34816
21190,28233,34176,34816
21191,15240,34176,34816
21192,15242,34176,34816
21193,27728,34048,34816
21194,15241,34048,34816
21195,15243,34048,34816
21196,15244,34048,34816
21197,28234,34048,34816
21198,28235,34048,34816
21199,15245,34048,34816
21200,15247,34048,34816
21201,27731,33920,34816
21202,15246,33920,34816
21203,15248,33920,34816
21204,15249,33920,34816
21205,28236,33920,34816
21206,28237,33920,34816
21207,15250,33920,34816
21208,15252,33920,34816
21209,27734,33792,34816
21210,15251,33792,34816
21211,15253,33792,34816
21212,15254,33792,34816
21213,28238,33792,34816
21214,28239,33792,34816
21215,15255,33792,34816
21216,15257,33792,34816
21217,27737,33664,34816
21218,15256,33664,34816
21219,15258,33664,34816
21220,15259,33664,34816
21221,28240,33664,34816
21222,28241,33664,34816
21223,15260,33664,34816
21224,15262,33664,34816
21225,27740,33536,34816
21226,15261,33536,34816
21227,15263,33536,34816
21228,15264,33536,34816
21229,28242,33536,34816
21230,28243,33536,34816
21231,15265,33536,34816
21232,15267,33536,34816
21233,27743,33408,34816
21234,15266,33408,34816
21235,15268,33408,34816
21236,15269,33408,34816
21237,28244,33408,34816
21238,28245,33408,34816
21239,15270,33408,34816
21240,15272,33408,34816
21241,27746,33280,34816
21242,15271,33280,34816
21243,15273,33280,34816
21244,15274,33280,34816
21245,28246,33280,34816
21246,28247,33280,34816
21247,15275,33280,34816
21248,15277,33280,34816
21249,27749,33152,34816
21250,15276,33152,34816
21251,15278,33152,34816
21252,15279,33152,34816
21253,28248,33152,34816
21254,28249,33152,34816
21255,15280,33152,34816
21256,15282,33152,34816
21257,27752,33024,34816
21258,15281,33024,34816
21259,15283,33024,34816
21260,15284,33024,34816
21261,28250,33024,34816
21262,28251,33024,34816
21263,15285,33024,34816
21264,15287,33024,34816
21265,27755,32896,34816
21266,15286,32896,34816
21267,15288,32896,34816
21268,15289,32896,34816
21269,28252,32896,34816
21270,28253,32896,34816
21271,15290,32896,34816
21272,15292,32896,34816
21273,27758,32768,34816
21274,15291,32768,34816
21275,15293,32768,34816
21276,15294,32768,34816
21277,28254,32768,34816
21278,28255,32768,34816
21279,15295,32768,34816
21280,28223,32768,34816
21281,15296,32768,34816
21282,15299,32768,34816
21283,15300,32768,34816
21284,15302,32768,34816
21285,15297,32896,34816
21286,15298,32896,34816
21287,15301,32896,34816
21288,15303,32896,34816
21289,28258,32896,34816
21290,28259,32896,34816
21291,15306,32896,34816
21292,15307,32896,34816
21293,15309,32896,34816
21294,15304,33024,34816
21295,15305,33024,34816
21296,15308,33024,34816
21297,15310,33024,34816
21298,28261,33024,34816
21299,28262,33024,34816
21300,15313,33024,34816
21301,15314,33024,34816
21302,15316,33024,34816
21303,15311,33152,34816
21304,15312,33152,34816
21305,15315,33152,34816
21306,15317,33152,34816
21307,28264,33152,34816
21308,28265,33152,34816
21309,15320,33152,34816
21310,15321,33152,34816
21311,15323,33152,34816
21312,15318,33280,34816
21313,15319,33280,34816
21314,15322,33280,34816
21315,15324,33280,34816
21316,28267,33280,34816
21317,28268,33280,34816
21318,15327,33280,34816
21319,15328,33280,34816
21320,15330,33280,34816
21321,15325,33408,34816
21322,15326,33408,34816
21323,15329,33408,34816
21324,15331,33408,34816
21325,28270,33408,34816
21326,28271,33408,34816
21327,15334,33408,34816
21328,15335,33408,34816
21329,15337,33408,34816
21330,15332,33536,34816
21331,15333,33536,34816
21332,15336,33536,34816
21333,15338,33536,34816
21334,28273,33536,34816
21335,28274,33536,34816
21336,15341,33536,34816
21337,15342,33536,34816
21338,15344,33536,34816
21339,15339,33664,34816
21340,15340,33664,34816
21341,15343,33664,34816
21342,15345,33664,34816
21343,28276,33664,34816
21344,28277,33664,34816
21345,15348,33664,34816
21346,15349,33664,34816
21347,15351,33664,34816
21348,15346,33792,34816
21349,15347,33792,34816
21350,15350,33792,34816
21351,15352,33792,34816
21352,28279,33792,34816
21353,28280,33792,34816
21354,15355,33792,34816
21355,15356,33792,34816
21356,15358,33792,34816
21357,15353,33920,34816
21358,15354,33920,34816
21359,15357,33920,34816
21360,15359,33920,34816
21361,28282,33920,34816
21362,28283,33920,34816
21363,15362,33920,34816
21364,15363,33920,34816
21365,15365,33920,34816
21366,15360,34048,34816
21367,15361,34048,34816
21368,15364,34048,34816
21369,15366,34048,34816
21370,28285,34048,34816
21371,28286,34048,34816
21372,15369,34048,34816
21373,15370,34048,34816
21374,15372,34048,34816
21375,15367,34176,34816
21376,15368,34176,34816
21377,15371,34176,34816
21378,15373,34176,34816
21379,28288,34176,34816
21380,28289,34176,34816
21381,15376,34176,34816
21382,15377,34176,34816
21383,15379,34176,34816
21384,15374,34304,34816
21385,15375,34304,34816
21386,15378,34304,34816
21387,15380,34304,34816
21388,28291,34304,34816
21389,28292,34304,34816
21390,15383,34304,34816
21391,15384,34304,34816
21392,15386,34304,34816
21393,15381,34432,34816
21394,15382,34432,34816
21395,15385,34432,34816
21396,15387,34432,34816
21397,28294,34432,34816
21398,28295,34432,34816
21399,15390,34432,34816
21400,15391,34432,34816
21401,15393,34432,34816
21402,15388,34560,34816
21403,15389,34560,34816
21404,15392,34560,34816
21405,15394,34560,34816
21406,28297,34560,34816
21407,28298,34560,34816
21408,15397,34560,34816
21409,15398,34560,34816
21410,15400,34560,34816
21411,15395,34688,34816
21412,15396,34688,34816
21413,15399,34688,34816
21414,15401,34688,34816
21415,28300,34688,34816
21416,28301,34688,34816
21417,15404,34688,34816
21418,15405,34688,34816
21419,15407,34688,34816
21420,15402,34816,34816
21421,15403,34816,34816
21422,15406,34816,34816
21423,15408,34816,34816
21424,28303,34816,34816
21425,28304,34816,34816
21426,15409,34816,34816
21427,28256,34816,34816
21428,15410,34816,34816
21429,15411,34816,34816
21430,15413,34816,34816
21431,15412,34816,34816
21432,15414,34816,34816
21433,15415,34816,34816
21434,28306,34816,34816
21435,28307,34816,34816
21436,15416,34816,34816
21437,15418,34816,34816
21438,15417,34816,34816
21439,15419,34816,34816
21440,15420,34816,34816
21441,28308,34816,34816
21442,28309,34816,34816
21443,15421,34816,34816
21444,15423,34816,34816
21445,15422,34816,34816
21446,15424,34816,34816
21447,15425,34816,34816
21448,28310,34816,34816
21449,28311,34816,34816
21450,15426,34816,34816
21451,15428,34816,34816
21452,15427,34816,34816
21453,15429,34816,34816
21454,15430,34816,34816
21455,28312,34816,34816
21456,28313,34816,34816
21457,15431,34816,34816
21458,15433,34816,34816
21459,15432,34816,34816
21460,15434,34816,34816
21461,15435,34816,34816
21462,28314,34816,34816
21463,28315,34816,34816
21464,15436,34816,34816
21465,15438,34816,34816
21466,15437,34816,34816
21467,15439,34816,34816
21468,15440,34816,34816
21469,28316,34816,34816
21470,28317,34816,34816
21471,15441,34816,34816
21472,15443,34816,34816
21473,15442,34816,34816
21474,15444,34816,34816
21475,15445,34816,34816
21476,28318,34816,34816
21477,28319,34816,34816
21478,15446,34816,34816
21479,15448,34816,34816
21480,15447,34816,34816
21481,15449,34816,34816
21482,15450,34816,34816
21483,28320,34816,34816
21484,28321,34816,34816
21485,15451,34816,34816
21486,15453,34816,34816
21487,15452,34816,34816
21488,15454,34816,34816
21489,15455,34816,34816
21490,28322,34816,34816
21491,28323,34816,34816
21492,15456,34816,34816
21493,15458,34816,34816
21494,15457,34816,34816
21495,15459,34816,34816
21496,15460,34816,34816
21497,28324,34816,34816
21498,28325,34816,34816
21499,15461,34816,34816
21500,15463,34816,34816
21501,15462,34816,34816
21502,15464,34816,34816
21503,15465,34816,34816
21504,28326,34816,34816
21505,28327,34816,34816
21506,15466,34816,34816
21507,15468,34816,34816
21508,15467,34816,34816
21509,15469,34816,34816
21510,15470,34816,34816
21511,28328,34816,34816
21512,28329,34816,34816
21513,15471,34816,34816
21514,15473,34816,34816
21515,15472,34816,34816
21516,15474,34816,34816
21517,15475,34816,34816
21518,28330,34816,34816
21519,28331,34816,34816
21520,15476,34816,34816
21521,15478,34816,34816
21522,15477,34816,34816
21523,15479,34816,34816
21524,15480,34816,34816
21525,28332,34816,34816
21526,28333,34816,34816
21527,15481,34816,34816
21528,15483,34816,34816
21529,15482,34816,34816
21530,15484,34816,34816
21531,15485,34816,34816
21532,28334,34816,34816
21533,28335,34816,34816
21534,15486,34816,34816
21535,15488,34816,34816
21536,15487,34816,34816
21537,15489,34816,34816
21538,15490,34816,34816
21539,28336,34816,34816
21540,28337,34816,34816
21541,15491,34816,34816
21542,28305,34816,34816
21543,15492,34816,34816
21544,15493,34816,34816
21545,15495,34816,34816
21546,15494,34816,34816
21547,15496,34816,34816
21548,15497,34816,34816
21549,28339,34816,34816
21550,28340,34816,34816
21551,15498,34816,34816
21552,15500,34816,34816
21553,15499,34816,34816
21554,15501,34816,34816
21555,15502,34816,34816
21556,28341,34816,34816
21557,28342,34816,34816
21558,15503,34816,34816
21559,15505,34816,34816
21560,15504,34816,34816
21561,15506,34816,34816
21562,15507,34816,34816
21563,28343,34816,34816
21564,28344,34816,34816
21565,15508,34816,34816
21566,15510,34816,34816
21567,15509,34816,34816
21568,15511,34816,34816
21569,15512,34816,34816
21570,28345,34816,34816
21571,28346,34816,34816
21572,15513,34816,34816
21573,15515,34816,34816
21574,15514,34816,34816
21575,15516,34816,34816
21576,15517,34816,34816
21577,28347,34816,34816
21578,28348,34816,34816
21579,15518,34816,34816
21580,15520,34816,34816
21581,15519,34816,34816
21582,15521,34816,34816
21583,15522,34816,34816
21584,28349,34816,34816
21585,28350,34816,34816
21586,15523,34816,34816
21587,15525,34816,34816
21588,15524,34816,34816
21589,15526,34816,34816
21590,15527,34816,34816
21591,28351,34816,34816
21592,28352,34816,34816
21593,15528,34816,34816
21594,15530,34816,34816
21595,15529,34816,34816
21596,15531,34816,34816
21597,15532,34816,34816
21598,28353,34816,34816
21599,28354,34816,34816
21600,15533,34816,34816
21601,15535,34816,34816
21602,15534,34816,34816
21603,15536,34816,34816
21604,15537,34816,34816
21605,28355,34816,34816
21606,28356,34816,34816
21607,15538,34816,34816
21608,15540,34816,34816
21609,15539,34816,34816
21610,15541,34816,34816
21611,15542,34816,34816
21612,28357,34816,34816
21613,28358,34816,34816
21614,15543,34816,34816
21615,15545,34816,34816
21616,15544,34816,34816
21617,15546,34816,34816
21618,15547,34816,34816
21619,28359,34816,34816
21620,28360,34816,34816
21621,15548,34816,34816
21622,15550,34816,34816
21623,15549,34816,34816
21624,15551,34816,34816
21625,15552,34816,34816
21626,28361,34816,34816
21627,28362,34816,34816
21628,15553,34816,34816
21629,15555,34816,34816
21630,15554,34816,34816
21631,15556,34816,34816
21632,15557,34816,34816
21633,28363,34816,34816
21634,28364,34816,34816
21635,15558,34816,34816
21636,15560,34816,34816
21637,15559,34816,34816
21638,15561,34816,34816
21639,15562,34816,34816
21640,28365,34816,34816
21641,28366,34816,34816
21642,15563,34816,34816
21643,15565,34816,34816
21644,15564,34816,34816
21645,15566,34816,34816
21646,15567,34816,34816
21647,28367,34816,34816
21648,28368,34816,34816
21649,15568,34816,34816
21650,15570,34816,34816
21651,15569,34816,34816
21652,15571,34816,34816
21653,15572,34816,34816
21654,28369,34816,34816
21655,28370,34816,34816
21656,15573,34816,34816
21657,28338,34816,34816
21658,15574,34816,34816
21659,15575,34816,34816
21660,15577,34816,34816
21661,15576,34816,34816
21662,15578,34816,34816
21663,15579,34816,34816
21664,28372,34816,34816
21665,28373,34816,34816
21666,15580,34816,34816
21667,15582,34816,34816
21668,15581,34816,34816
21669,15583,34816,34816
21670,15584,34816,34816
21671,28374,34816,34816
21672,28375,34816,34816
21673,15585,34816,34816
21674,15587,34816,34816
21675,15586,34816,34816
21676,15588,34816,34816
21677,15589,34816,34816
21678,28376,34816,34816
21679,28377,34816,34816
21680,15590,34816,34816
21681,15592,34816,34816
21682,15591,34816,34816
21683,15593,34816,34816
21684,15594,34816,34816
21685,28378,34816,34816
21686,28379,34816,34816
21687,15595,34816,34816
21688,15597,34816,34816
21689,15596,34816,34816
21690,15598,34816,34816
21691,15599,34816,34816
21692,28380,34816,34816
21693,28381,34816,34816
21694,15600,34816,34816
21695,15602,34816,34816
21696,15601,34816,34816
21697,15603,34816,34816
21698,15604,34816,34816
21699,28382,34816,34816
21700,28383,34816,34816
21701,15605,34816,34816
21702,15607,34816,34816
21703,15606,34816,34816
21704,15608,34816,34816
21705,15609,34816,34816
21706,28384,34816,34816
21707,28385,34816,34816
21708,15610,34816,34816
21709,15612,34816,34816
21710,15611,34816,34816
21711,15613,34816,34816
21712,15614,34816,34816
21713,28386,34816,34816
21714,28387,34816,34816
21715,15615,34816,34816
21716,15617,34816,34816
21717,15616,34816,34816
21718,15618,34816,34816
21719,15619,34816,34816
21720,28388,34816,34816
21721,28389,34816,34816
21722,15620,34816,34816
21723,15622,34816,34816
21724,15621,34816,34816
21725,15623,34816,34816
21726,15624,34816,34816
21727,28390,34816,34816
21728,28391,34816,34816
21729,15625,34816,34816
21730,15627,34816,34816
21731,15626,34816,34816
21732,15628,34816,34816
21733,15629,34816,34816
21734,28392,34816,34816
21735,28393,34816,34816
21736,15630,34816,34816
21737,15632,34816,34816
21738,15631,34816,34816
21739,15633,34816,34816
21740,15634,34816,34816
21741,28394,34816,34816
21742,28395,34816,34816
21743,15635,34816,34816
21744,15637,34816,34816
21745,15636,34816,34816
21746,15638,34816,34816
21747,15639,34816,34816
21748,28396,34816,34816
21749,28397,34816,34816
21750,15640,34816,34816
21751,15642,34816,34816
21752,15641,34816,34816
21753,15643,34816,34816
21754,15644,34816,34816
21755,28398,34816,34816
21756,28399,34816,34816
21757,15645,34816,34816
21758,15647,34816,34816
21759,15646,34816,34816
21760,15648,34816,34816
21761,15649,34816,34816
21762,28400,34816,34816
21763,28401,34816,34816
21764,15650,34816,34816
21765,15652,34816,34816
21766,15651,34816,34816
21767,15653,34816,34816
21768,15654,34816,34816
21769,28402,34816,34816
21770,28403,34816,34816
21771,15655,34816,34816
21772,28371,34816,34816
21773,15656,34816,34816
21774,15657,34816,34816
21775,15659,34816,34816
21776,15658,34816,34816
21777,15660,34816,34816
21778,15661,34816,34816
21779,28405,34816,34816
21780,28406,34816,34816
21781,15662,34816,34816
21782,15664,34816,34816
21783,15663,34816,34816
21784,15665,34816,34816
21785,15666,34816,34816
21786,28407,34816,34816
21787,28408,34816,34816
21788,15667,34816,34816
21789,15669,34816,34816
21790,15668,34816,34816
21791,15670,34816,34816
21792,15671,34816,34816
21793,28409,34816,34816
21794,28410,34816,34816
21795,15672,34816,34816
21796,15674,34816,34816
21797,15673,34816,34816
21798,15675,34816,34816
21799,15676,34816,34816
21800,28411,34816,34816
21801,28412,34816,34816
21802,15677,34816,34816
21803,15679,34816,34816
21804,15678,34816,34816
21805,15680,34816,34816
21806,15681,34816,34816
21807,28413,34816,34816
21808,28414,34816,34816
21809,15682,34816,34816
21810,15684,34816,34816
21811,15683,34816,34816
21812,15685,34816,34816
21813,15686,34816,34816
21814,28415,34816,34816
21815,28416,34816,34816
21816,15687,34816,34816
21817,15689,34816,34816
21818,15688,34816,34816
21819,15690,34816,34816
21820,15691,34816,34816
21821,28417,34816,34816
21822,28418,34816,34816
21823,15692,34816,34816
21824,15694,34816,34816
21825,15693,34816,34816
21826,15695,34816,34816
21827,15696,34816,34816
21828,28419,34816,34816
21829,28420,34816,34816
21830,15697,34816,34816
21831,15699,34816,34816
21832,15698,34816,34816
21833,15700,34816,34816
21834,15701,34816,34816
21835,28421,34816,34816
21836,28422,34816,34816
21837,15702,34816,34816
21838,15704,34816,34816
21839,15703,34816,34816
21840,15705,34816,34816
21841,15706,34816,34816
21842,28423,34816,34816
21843,28424,34816,34816
21844,15707,34816,34816
21845,15709,34816,34816
21846,15708,34816,34816
21847,15710,34816,34816
21848,15711,34816,34816
21849,28425,34816,34816
21850,28426,34816,34816
21851,15712,34816,34816
21852,15714,34816,34816
21853,15713,34816,34816
21854,15715,34816,34816
21855,15716,34816,34816
21856,28427,34816,34816
21857,28428,34816,34816
21858,15717,34816,34816
21859,15719,34816,34816
21860,15718,34816,34816
21861,15720,34816,34816
21862,15721,34816,34816
21863,28429,34816,34816
21864,28430,34816,34816
21865,15722,34816,34816
21866,15724,34816,34816
21867,15723,34816,34816
21868,15725,34816,34816
21869,15726,34816,34816
21870,28431,34816,34816
21871,28432,34816,34816
21872,15727,34816,34816
21873,15729,34816,34816
21874,15728,34816,34816
21875,15730,34816,34816
21876,15731,34816,34816
21877,28433,34816,34816
21878,28434,34816,34816
21879,15732,34816,34816
21880,15734,34816,34816
21881,15733,34816,34816
21882,15735,34816,34816
21883,15736,34816,34816
21884,28435,34816,34816
21885,28436,34816,34816
21886,15737,34816,34816
21887,28404,34816,34816
21888,15738,34816,34816
21889,15739,34816,34816
21890,15741,34816,34816
21891,15740,34816,34816
21892,15742,34816,34816
21893,15743,34816,34816
21894,28438,34816,34816
21895,28439,34816,34816
21896,15744,34816,34816
21897,15746,34816,34816
21898,15745,34816,34816
21899,15747,34816,34816
21900,15748,34816,34816
21901,28440,34816,34816
21902,28441,34816,34816
21903,15749,34816,34816
21904,15751,34816,34816
21905,15750,34816,34816
21906,15752,34816,34816
21907,15753,34816,34816
21908,28442,34816,34816
21909,28443,34816,34816
21910,15754,34816,34816
21911,15756,34816,34816
21912,15755,34816,34816
21913,15757,34816,34816
21914,15758,34816,34816
21915,28444,34816,34816
21916,28445,34816,34816
21917,15759,34816,34816
21918,15761,34816,34816
21919,15760,34816,34816
21920,15762,34816,34816
21921,15763,34816,34816
21922,28446,34816,34816
21923,28447,34816,34816
21924,15764,34816,34816
21925,15766,34816,34816
21926,15765,34816,34816
21927,15767,34816,34816
21928,15768,34816,34816
21929,28448,34816,34816
21930,28449,34816,34816
21931,15769,34816,34816
21932,15771,34816,34816
21933,15770,34816,34816
21934,15772,34816,34816
21935,15773,34816,34816
21936,28450,34816,34816
21937,28451,34816,34816
21938,15774,34816,34816
21939,15776,34816,34816
21940,15775,34816,34816
21941,15777,34816,34816
21942,15778,34816,34816
21943,28452,34816,34816
21944,28453,34816,34816
21945,15779,34816,34816
21946,15781,34816,34816
21947,15780,34816,34816
21948,15782,34816,34816
21949,15783,34816,34816
21950,28454,34816,34816
21951,28455,34816,34816
21952,15784,34816,34816
21953,15786,34816,34816
21954,15785,34816,34816
21955,15787,34816,34816
21956,15788,34816,34816
21957,28456,34816,34816
21958,28457,34816,34816
21959,15789,34816,34816
21960,15791,34816,34816
21961,15790,34816,34816
21962,15792,34816,34816
21963,15793,34816,34816
21964,28458,34816,34816
21965,28459,34816,34816
21966,15794,34816,34816
21967,15796,34816,34816
21968,15795,34816,34816
21969,15797,34816,34816
21970,15798,34816,34816
21971,28460,34816,34816
21972,28461,34816,34816
21973,15799,34816,34816
21974,15801,34816,34816
21975,15800,34816,34816
21976,15802,34816,34816
21977,15803,34816,34816
21978,28462,34816,34816
21979,28463,34816,34816
21980,15804,34816,34816
21981,15806,34816,34816
21982,15805,34816,34816
21983,15807,34816,34816
21984,15808,34816,34816
21985,28464,34816,34816
21986,28465,34816,34816
21987,15809,34816,34816
21988,15811,34816,34816
21989,15810,34816,34816
21990,15812,34816,34816
21991,15813,34816,34816
21992,28466,34816,34816
21993,28467,34816,34816
21994,15814,34816,34816
21995,15816,34816,34816
21996,15815,34816,34816
21997,15817,34816,34816
21998,15818,34816,34816
21999,28468,34816,34816
22000,28469,34816,34816
22001,15819,34816,34816
22002,28437,34816,34816
22003,15820,34816,34816
22004,15821,34816,34816
22005,15823,34816,34816
22006,15822,34816,34816
22007,15824,34816,34816
22008,15825,34816,34816
22009,28471,34816,34816
22010,28472,34816,34816
22011,15826,34816,34816
22012,15828,34816,34816
22013,15827,34816,34816
22014,15829,34816,34816
22015,15830,34816,34816
22016,28473,34816,34816
22017,28474,34816,34816
22018,15831,34816,34816
22019,15833,34816,34816
22020,15832,34816,34816
22021,15834,34816,34816
22022,15835,34816,34816
22023,28475,34816,34816
22024,28476,34816,34816
22025,15836,34816,34816
22026,15838,34816,34816
22027,15837,34816,34816
22028,15839,34816,34816
22029,15840,34816,34816
22030,28477,34816,34816
22031,28478,34816,34816
22032,15841,34816,34816
22033,15843,34816,34816
22034,15842,34816,34816
22035,15844,34816,34816
22036,15845,34816,34816
22037,28479,34816,34816
22038,28480,34816,34816
22039,15846,34816,34816
22040,15848,34816,34816
22041,15847,34816,34816
22042,15849,34816,34816
22043,15850,34816,34816
22044,28481,34816,34816
22045,28482,34816,34816
22046,15851,34816,34816
22047,15853,34816,34816
22048,15852,34816,34816
22049,15854,34816,34816
22050,15855,34816,34816
22051,28483,34816,34816
22052,28484,34816,34816
22053,15856,34816,34816
22054,15858,34816,34816
22055,15857,34816,34816
22056,15859,34816,34816
22057,15860,34816,34816
22058,28485,34816,34816
22059,28486,34816,34816
22060,15861,34816,34816
22061,15863,34816,34816
22062,15862,34816,34816
22063,15864,34816,34816
22064,15865,34816,34816
22065,28487,34816,34816
22066,28488,34816,34816
22067,15866,34816,34816
22068,15868,34816,34816
22069,15867,34816,34816
22070,15869,34816,34816
22071,15870,34816,34816
22072,28489,34816,34816
22073,28490,34816,34816
22074,15871,34816,34816
22075,15873,34816,34816
22076,15872,34816,34816
22077,15874,34816,34816
22078,15875,34816,34816
22079,28491,34816,34816
22080,28492,34816,34816
22081,15876,34816,34816
22082,15878,34816,34816
22083,15877,34816,34816
22084,15879,34816,34816
22085,15880,34816,34816
22086,28493,34816,34816
22087,28494,34816,34816
22088,15881,34816,34816
22089,15883,34816,34816
22090,15882,34816,34816
22091,15884,34816,34816
22092,15885,34816,34816
22093,28495,34816,34816
22094,28496,34816,34816
22095,15886,34816,34816
22096,15888,34816,34816
22097,15887,34816,34816
22098,15889,34816,34816
22099,15890,34816,34816
22100,28497,34816,34816
22101,28498,34816,34816
22102,15891,34816,34816
22103,15893,34816,34816
22104,15892,34816,34816
22105,15894,34816,34816
22106,15895,34816,34816
22107,28499,34816,34816
22108,28500,34816,34816
22109,15896,34816,34816
22110,15898,34816,34816
22111,15897,34816,34816
22112,15899,34816,34816
22113,15900,34816,34816
22114,28501,34816,34816
22115,28502,34816,34816
22116,15901,34816,34816
22117,28470,34816,34816
22118,15902,34816,34816
22119,15903,34816,34816
22120,15905,34816,34816
22121,15904,34816,34816
22122,15906,34816,34816
22123,15907,34816,34816
22124,28504,34816,34816
22125,28505,34816,34816
22126,15908,34816,34816
22127,15910,34816,34816
22128,15909,34816,34816
22129,15911,34816,34816
22130,15912,34816,34816
22131,28506,34816,34816
22132,28507,34816,34816
22133,15913,34816,34816
22134,15915,34816,34816
22135,15914,34816,34816
22136,15916,34816,34816
22137,15917,34816,34816
22138,28508,34816,34816
22139,28509,34816,34816
22140,15918,34816,34816
22141,15920,34816,34816
22142,15919,34816,34816
22143,15921,34816,34816
22144,15922,34816,34816
22145,28510,34816,34816
22146,28511,34816,34816
22147,15923,34816,34816
22148,15925,34816,34816
22149,15924,34816,34816
22150,15926,34816,34816
22151,15927,34816,34816
22152,28512,34816,34816
22153,28513,34816,34816
22154,15928,34816,34816
22155,15930,34816,34816
22156,15929,34816,34816
22157,15931,34816,34816
22158,15932,34816,34816
22159,28514,34816,34816
22160,28515,34816,34816
22161,15933,34816,34816
22162,15935,34816,34816
22163,15934,34816,34816
22164,15936,34816,34816
22165,15937,34816,34816
22166,28516,34816,34816
22167,28517,34816,34816
22168,15938,34816,34816
22169,15940,34816,34816
22170,15939,34816,34816
22171,15941,34816,34816
22172,15942,34816,34816
22173,28518,34816,34816
22174,28519,34816,34816
22175,15943,34816,34816
22176,15945,34816,34816
22177,15944,34816,34816
22178,15946,34816,34816
22179,15947,34816,34816
22180,28520,34816,34816
22181,28521,34816,34816
22182,15948,34816,34816
22183,15950,34816,34816
22184,15949,34816,34816
22185,15951,34816,34816
22186,15952,34816,34816
22187,28522,34816,34816
22188,28523,34816,34816
22189,15953,34816,34816
22190,15955,34816,34816
22191,15954,34816,34816
22192,15956,34816,34816
22193,15957,34816,34816
22194,28524,34816,34816
22195,28525,34816,34816
22196,15958,34816,34816
22197,15960,34816,34816
22198,15959,34816,34816
22199,15961,34816,34816
22200,15962,34816,34816
22201,28526,34816,34816
22202,28527,34816,34816
22203,15963,34816,34816
22204,15965,34816,34816
22205,15964,34816,34816
22206,15966,34816,34816
22207,15967,34816,34816
22208,28528,34816,34816
22209,28529,34816,34816
22210,15968,34816,34816
22211,15970,34816,34816
22212,15969,34816,34816
22213,15971,34816,34816
22214,15972,34816,34816
22215,28530,34816,34816
22216,28531,34816,34816
22217,15973,34816,34816
22218,15975,34816,34816
22219,15974,34816,34816
22220,15976,34816,34816
22221,15977,34816,34816
22222,28532,34816,34816
22223,28533,34816,34816
22224,15978,34816,34816
22225,15980,34816,34816
22226,15979,34816,34816
22227,15981,34816,34816
22228,15982,34816,34816
22229,28534,34816,34816
22230,28535,34816,34816
22231,15983,34816,34816
22232,28503,34816,34816
22233,15984,34816,34816
22234,15985,34816,34816
22235,15987,34816,34816
22236,15986,34816,34816
22237,15988,34816,34816
22238,15989,34816,34816
22239,28537,34816,34816
22240,28538,34816,34816
22241,15990,34816,34816
22242,15992,34816,34816
22243,15991,34816,34816
22244,15993,34816,34816
22245,15994,34816,34816
22246,28539,34816,34816
22247,28540,34816,34816
22248,15995,34816,34816
22249,15997,34816,34816
22250,15996,34816,34816
22251,15998,34816,34816
22252,15999,34816,34816
22253,28541,34816,34816
22254,28542,34816,34816
22255,16000,34816,34816
22256,16002,34816,34816
22257,16001,34816,34816
22258,16003,34816,34816
22259,16004,34816,34816
22260,28543,34816,34816
22261,28544,34816,34816
22262,16005,34816,34816
22263,16007,34816,34816
22264,16006,34816,34816
22265,16008,34816,34816
22266,16009,34816,34816
22267,28545,34816,34816
22268,28546,34816,34816
22269,16010,34816,34816
22270,16012,34816,34816
22271,16011,34816,34816
22272,16013,34816,34816
22273,16014,34816,34816
22274,28547,34816,34816
22275,28548,34816,34816
22276,16015,34816,34816
22277,16017,34816,34816
22278,16016,34816,34816
22279,16018,34816,34816
22280,16019,34816,34816
22281,28549,34816,34816
22282,28550,34816,34816
22283,16020,34816,34816
22284,16022,34816,34816
22285,16021,34816,34816
22286,16023,34816,34816
22287,16024,34816,34816
22288,28551,34816,34816
22289,28552,34816,34816
22290,16025,34816,34816
22291,16027,34816,34816
22292,16026,34816,34816
22293,16028,34816,34816
22294,16029,34816,34816
22295,28553,34816,34816
22296,28554,34816,34816
22297,16030,34816,34816
22298,16032,34816,34816
22299,16031,34816,34816
22300,16033,34816,34816
22301,16034,34816,34816
22302,28555,34816,34816
22303,28556,34816,34816
22304,16035,34816,34816
22305,16037,34816,34816
22306,16036,34816,34816
22307,16038,34816,34816
22308,16039,34816,34816
22309,28557,34816,34816
22310,28558,34816,34816
22311,16040,34816,34816
22312,16042,34816,34816
22313,16041,34816,34816
22314,16043,34816,34816
22315,16044,34816,34816
22316,28559,34816,34816
22317,28560,34816,34816
22318,16045,34816,34816
22319,16047,34816,34816
22320,16046,34816,34816
22321,16048,34816,34816
22322,16049,34816,34816
22323,28561,34816,34816
22324,28562,34816,34816
22325,16050,34816,34816
22326,16052,34816,34816
22327,16051,34816,34816
22328,16053,34816,34816
22329,16054,34816,34816
22330,28563,34816,34816
22331,28564,34816,34816
22332,16055,34816,34816
22333,16057,34816,34816
22334,16056,34816,34816
22335,16058,34816,34816
22336,16059,34816,34816
22337,28565,34816,34816
22338,28566,34816,34816
22339,16060,34816,34816
22340,16062,34816,34816
22341,16061,34816,34816
22342,16063,34816,34816
22343,16064,34816,34816
22344,28567,34816,34816
22345,28568,34816,34816
22346,16065,34816,34816
22347,28536,34816,34816
22348,16066,34816,34816
22349,16067,34816,34816
22350,16069,34816,34816
22351,16068,34816,34816
22352,16070,34816,34816
22353,16071,34816,34816
22354,28570,34816,34816
22355,28571,34816,34816
22356,16072,34816,34816
22357,16074,34816,34816
22358,16073,34816,34816
22359,16075,34816,34816
22360,16076,34816,34816
22361,28572,34816,34816
22362,28573,34816,34816
22363,16077,34816,34816
22364,16079,34816,34816
22365,16078,34816,34816
22366,16080,34816,34816
22367,16081,34816,34816
22368,28574,34816,34816
22369,28575,34816,34816
22370,16082,34816,34816
22371,16084,34816,34816
22372,16083,34816,34816
22373,16085,34816,34816
22374,16086,34816,34816
22375,28576,34816,34816
22376,28577,34816,34816
22377,16087,34816,34816
22378,16089,34816,34816
22379,16088,34816,34816
22380,16090,34816,34816
22381,16091,34816,34816
22382,28578,34816,34816
22383,28579,34816,34816
22384,16092,34816,34816
22385,16094,34816,34816
22386,16093,34816,34816
22387,16095,34816,34816
22388,16096,34816,34816
22389,28580,34816,34816
22390,28581,34816,34816
22391,16097,34816,34816
22392,16099,34816,34816
22393,16098,34816,34816
22394,16100,34816,34816
22395,16101,34816,34816
22396,28582,34816,34816
22397,28583,34816,34816
22398,16102,34816,34816
22399,16104,34816,34816
22400,16103,34816,34816
22401,16105,34816,34816
22402,16106,34816,34816
22403,28584,34816,34816
22404,28585,34816,34816
22405,16107,34816,34816
22406,16109,34816,34816
22407,16108,34816,34816
22408,16110,34816,34816
22409,16111,34816,34816
22410,28586,34816,34816
22411,28587,34816,34816
22412,16112,34816,34816
22413,16114,34816,34816
22414,16113,34816,34816
22415,16115,34816,34816
22416,16116,34816,34816
22417,28588,34816,34816
22418,28589,34816,34816
22419,16117,34816,34816
22420,16119,34816,34816
22421,16118,34816,34816
22422,16120,34816,34816
22423,16121,34816,34816
22424,28590,34816,34816
22425,28591,34816,34816
22426,16122,34816,34816
22427,16124,34816,34816
22428,16123,34816,34816
22429,16125,34816,34816
22430,16126,34816,34816
22431,28592,34816,34816
22432,28593,34816,34816
22433,16127,34816,34816
22434,16129,34816,34816
22435,16128,34816,34816
22436,16130,34816,34816
22437,16131,34816,34816
22438,28594,34816,34816
22439,28595,34816,34816
22440,16132,34816,34816
22441,16134,34816,34816
22442,16133,34816,34816
22443,16135,34816,34816
22444,16136,34816,34816
22445,28596,34816,34816
22446,28597,34816,34816
22447,16137,34816,34816
22448,16139,34816,34816
22449,16138,34816,34816
22450,16140,34816,34816
22451,16141,34816,34816
22452,28598,34816,34816
22453,28599,34816,34816
22454,16142,34816,34816
22455,16144,34816,34816
22456,16143,34816,34816
22457,16145,34816,34816
22458,16146,34816,34816
22459,28600,34816,34816
22460,28601,34816,34816
22461,16147,34816,34816
22462,28569,34816,34816
22463,16148,34816,34816
22464,16149,34816,34816
22465,16151,34816,34816
22466,16150,34816,34816
22467,16152,34816,34816
22468,16153,34816,34816
22469,28603,34816,34816
22470,28604,34816,34816
22471,16154,34816,34816
22472,16156,34816,34816
22473,16155,34816,34816
22474,16157,34816,34816
22475,16158,34816,34816
22476,28605,34816,34816
22477,28606,34816,34816
22478,16159,34816,34816
22479,16161,34816,34816
22480,16160,34816,34816
22481,16162,34816,34816
22482,16163,34816,34816
22483,28607,34816,34816
22484,28608,34816,34816
22485,16164,34816,34816
22486,16166,34816,34816
22487,16165,34816,34816
22488,16167,34816,34816
22489,16168,34816,34816
22490,28609,34816,34816
22491,28610,34816,34816
22492,16169,34816,34816
22493,16171,34816,34816
22494,16170,34816,34816
22495,16172,34816,34816
22496,16173,34816,34816
22497,28611,34816,34816
22498,28612,34816,34816
22499,16174,34816,34816
22500,16176,34816,34816
22501,16175,34816,34816
22502,16177,34816,34816
22503,16178,34816,34816
22504,28613,34816,34816
22505,28614,34816,34816
22506,16179,34816,34816
22507,16181,34816,34816
22508,16180,34816,34816
22509,16182,34816,34816
22510,16183,34816,34816
22511,28615,34816,34816
22512,28616,34816,34816
22513,16184,34816,34816
22514,16186,34816,34816
22515,16185,34816,34816
22516,16187,34816,34816
22517,16188,34816,34816
22518,28617,34816,34816
22519,28618,34816,34816
22520,16189,34816,34816
22521,16191,34816,34816
22522,16190,34816,34816
22523,16192,34816,34816
22524,16193,34816,34816
22525,28619,34816,34816
22526,28620,34816,34816
22527,16194,34816,34816
22528,16196,34816,34816
22529,16195,34816,34816
22530,16197,34816,34816
22531,16198,34816,34816
22532,28621,34816,34816
22533,28622,34816,34816
22534,16199,34816,34816
22535,16201,34816,34816
22536,16200,34816,34816
22537,16202,34816,34816
22538,16203,34816,34816
22539,28623,34816,34816
22540,28624,34816,34816
22541,16204,34816,34816
22542,16206,34816,34816
22543,16205,34816,34816
22544,16207,34816,34816
22545,16208,34816,34816
22546,28625,34816,34816
22547,28626,34816,34816
22548,16209,34816,34816
22549,16211,34816,34816
22550,16210,34816,34816
22551,16212,34816,34816
22552,16213,34816,34816
22553,28627,34816,34816
22554,28628,34816,34816
22555,16214,34816,34816
22556,16216,34816,34816
22557,16215,34816,34816
22558,16217,34816,34816
22559,16218,34816,34816
22560,28629,34816,34816
22561,28630,34816,34816
22562,16219,34816,34816
22563,16221,34816,34816
22564,16220,34816,34816
22565,16222,34816,34816
22566,16223,34816,34816
22567,28631,34816,34816
22568,28632,34816,34816
22569,16224,34816,34816
22570,16226,34816,34816
22571,16225,34816,34816
22572,16227,34816,34816
22573,16228,34816,34816
22574,28633,34816,34816
22575,28634,34816,34816
22576,16229,34816,34816
22577,28602,34816,34816
22578,16230,34816,34816
22579,16231,34816,34816
22580,16233,34816,34816
22581,16232,34816,34816
22582,16234,34816,34816
22583,16235,34816,34816
22584,28636,34816,34816
22585,28637,34816,34816
22586,16236,34816,34816
22587,16238,34816,34816
22588,16237,34816,34816
22589,16239,34816,34816
22590,16240,34816,34816
22591,28638,34816,34816
22592,28639,34816,34816
22593,16241,34816,34816
22594,16243,34816,34816
22595,16242,34816,34816
22596,16244,34816,34816
22597,16245,34816,34816
22598,28640,34816,34816
22599,28641,34816,34816
22600,16246,34816,34816
22601,16248,34816,34816
22602,16247,34816,34816
22603,16249,34816,34816
22604,16250,34816,34816
22605,28642,34816,34816
22606,28643,34816,34816
22607,16251,34816,34816
22608,16253,34816,34816
22609,16252,34816,34816
22610,16254,34816,34816
22611,16255,34816,34816
22612,28644,34816,34816
22613,28645,34816,34816
22614,16256,34816,34816
22615,16258,34816,34816
22616,16257,34816,34816
22617,16259,34816,34816
22618,16260,34816,34816
22619,28646,34816,34816
22620,28647,34816,34816
22621,16261,34816,34816
22622,16263,34816,34816
22623,16262,34816,34816
22624,16264,34816,34816
22625,16265,34816,34816
22626,28648,34816,34816
22627,28649,34816,34816
22628,16266,34816,34816
22629,16268,34816,34816
22630,16267,34816,34816
22631,16269,34816,34816
22632,16270,34816,34816
22633,28650,34816,34816
22634,28651,34816,34816
22635,16271,34816,34816
22636,16273,34816,34816
22637,16272,34816,34816
22638,16274,34816,34816
22639,16275,34816,34816
22640,28652,34816,34816
22641,28653,34816,34816
22642,16276,34816,34816
22643,16278,34816,34816
22644,16277,34816,34816
22645,16279,34816,34816
22646,16280,34816,34816
22647,28654,34816,34816
22648,28655,34816,34816
22649,16281,34816,34816
22650,16283,34816,34816
22651,16282,34816,34816
22652,16284,34816,34816
22653,16285,34816,34816
22654,28656,34816,34816
22655,28657,34816,34816
22656,16286,34816,34816
22657,16288,34816,34816
22658,16287,34816,34816
22659,16289,34816,34816
22660,16290,34816,34816
22661,28658,34816,34816
22662,28659,34816,34816
22663,16291,34816,34816
22664,16293,34816,34816
22665,16292,34816,34816
22666,16294,34816,34816
22667,16295,34816,34816
22668,28660,34816,34816
22669,28661,34816,34816
22670,16296,34816,34816
22671,16298,34816,34816
22672,16297,34816,34816
22673,16299,34816,34816
22674,16300,34816,34816
22675,28662,34816,34816
22676,28663,34816,34816
22677,16301,34816,34816
22678,16303,34816,34816
22679,16302,34816,34816
22680,16304,34816,34816
22681,16305,34816,34816
22682,28664,34816,34816
22683,28665,34816,34816
22684,16306,34816,34816
22685,16308,34816,34816
22686,16307,34816,34816
22687,16309,34816,34816
22688,16310,34816,34816
22689,28666,34816,34816
22690,28667,34816,34816
22691,16311,34816,34816
22692,28635,34816,34816
22693,16312,34816,34816
22694,16313,34816,34816
22695,16315,34816,34816
22696,16314,34816,34816
22697,16316,34816,34816
22698,16317,34816,34816
22699,28669,34816,34816
22700,28670,34816,34816
22701,16318,34816,34816
22702,16320,34816,34816
22703,16319,34816,34816
22704,16321,34816,34816
22705,16322,34816,34816
22706,28671,34816,34816
22707,28672,34816,34816
22708,16323,34816,34816
22709,16325,34816,34816
22710,16324,34816,34816
22711,16326,34816,34816
22712,16327,34816,34816
22713,28673,34816,34816
22714,28674,34816,34816
22715,16328,34816,34816
22716,16330,34816,34816
22717,16329,34816,34816
22718,16331,34816,34816
22719,16332,34816,34816
22720,28675,34816,34816
22721,28676,34816,34816
22722,16333,34816,34816
22723,16335,34816,34816
22724,16334,34816,34816
22725,16336,34816,34816
22726,16337,34816,34816
22727,28677,34816,34816
22728,28678,34816,34816
22729,16338,34816,34816
22730,16340,34816,34816
22731,16339,34816,34816
22732,16341,34816,34816
22733,16342,34816,34816
22734,28679,34816,34816
22735,28680,34816,34816
22736,16343,34816,34816
22737,16345,34816,34816
22738,16344,34816,34816
22739,16346,34816,34816
22740,16347,34816,34816
22741,28681,34816,34816
22742,28682,34816,34816
22743,16348,34816,34816
22744,16350,34816,34816
22745,16349,34816,34816
22746,16351,34816,34816
22747,16352,34816,34816
22748,28683,34816,34816
22749,28684,34816,34816
22750,16353,34816,34816
22751,16355,34816,34816
22752,16354,34816,34816
22753,16356,34816,34816
22754,16357,34816,34816
22755,28685,34816,34816
22756,28686,34816,34816
22757,16358,34816,34816
22758,16360,34816,34816
22759,16359,34816,34816
22760,16361,34816,34816
22761,16362,34816,34816
22762,28687,34816,34816
22763,28688,34816,34816
22764,16363,34816,34816
22765,16365,34816,34816
22766,16364,34816,34816
22767,16366,34816,34816
22768,16367,34816,34816
22769,28689,34816,34816
22770,28690,34816,34816
22771,16368,34816,34816
22772,16370,34816,34816
22773,16369,34816,34816
22774,16371,34816,34816
22775,16372,34816,34816
22776,28691,34816,34816
22777,28692,34816,34816
22778,16373,34816,34816
22779,16375,34816,34816
22780,16374,34816,34816
22781,16376,34816,34816
22782,16377,34816,34816
22783,28693,34816,34816
22784,28694,34816,34816
22785,16378,34816,34816
22786,16380,34816,34816
22787,16379,34816,34816
22788,16381,34816,34816
22789,16382,34816,34816
22790,28695,34816,34816
22791,28696,34816,34816
22792,16383,34816,34816
22793,16385,34816,34816
22794,16384,34816,34816
22795,16386,34816,34816
22796,16387,34816,34816
22797,28697,34816,34816
22798,28698,34816,34816
22799,16388,34816,34816
22800,16390,34816,34816
22801,16389,34816,34816
22802,16391,34816,34816
22803,16392,34816,34816
22804,28699,34816,34816
22805,28700,34816,34816
22806,16393,34816,34816
22807,28668,34816,34816
22808,16394,34816,34816
22809,16395,34816,34816
22810,16397,34816,34816
22811,16396,34816,34816
22812,16398,34816,34816
22813,16399,34816,34816
22814,28702,34816,34816
22815,28703,34816,34816
22816,16400,34816,34816
22817,16402,34816,34816
22818,16401,34816,34816
22819,16403,34816,34816
22820,16404,34816,34816
22821,28704,34816,34816
22822,28705,34816,34816
22823,16405,34816,34816
22824,16407,34816,34816
22825,16406,34816,34816
22826,16408,34816,34816
22827,16409,34816,34816
22828,28706,34816,34816
22829,28707,34816,34816
22830,16410,34816,34816
22831,16412,34816,34816
22832,16411,34816,34816
22833,16413,34816,34816
22834,16414,34816,34816
22835,28708,34816,34816
22836,28709,34816,34816
22837,16415,34816,34816
22838,16417,34816,34816
22839,16416,34816,34816
22840,16418,34816,34816
22841,16419,34816,34816
22842,28710,34816,34816
22843,28711,34816,34816
22844,16420,34816,34816
22845,16422,34816,34816
22846,16421,34816,34816
22847,16423,34816,34816
22848,16424,34816,34816
22849,28712,34816,34816
22850,28713,34816,34816
22851,16425,34816,34816
22852,16427,34816,34816
22853,16426,34816,34816
22854,16428,34816,34816
22855,16429,34816,34816
22856,28714,34816,34816
22857,28715,34816,34816
22858,16430,34816,34816
22859,16432,34816,34816
22860,16431,34816,34816
22861,16433,34816,34816
22862,16434,34816,34816
22863,28716,34816,34816
22864,28717,34816,34816
22865,16435,34816,34816
22866,16437,34816,34816
22867,16436,34816,34816
22868,16438,34816,34816
22869,16439,34816,34816
22870,28718,34816,34816
22871,28719,34816,34816
22872,16440,34816,34816
22873,16442,34816,34816
22874,16441,34816,34816
22875,16443,34816,34816
22876,16444,34816,34816
22877,28720,34816,34816
22878,28721,34816,34816
22879,16445,34816,34816
22880,16447,34816,34816
22881,16446,34816,34816
22882,16448,34816,34816
22883,16449,34816,34816
22884,28722,34816,34816
22885,28723,34816,34816
22886,16450,34816,34816
22887,16452,34816,34816
22888,16451,34816,34816
22889,16453,34816,34816
22890,16454,34816,34816
22891,28724,34816,34816
22892,28725,34816,34816
22893,16455,34816,34816
22894,16457,34816,34816
22895,16456,34816,34816
22896,16458,34816,34816
22897,16459,34816,34816
22898,28726,34816,34816
22899,28727,34816,34816
22900,16460,34816,34816
22901,16462,34816,34816
22902,16461,34816,34816
22903,16463,34816,34816
22904,16464,34816,34816
22905,28728,34816,34816
22906,28729,34816,34816
22907,16465,34816,34816
22908,16467,34816,34816
22909,16466,34816,34816
22910,16468,34816,34816
22911,16469,34816,34816
22912,28730,34816,34816
22913,28731,34816,34816
22914,16470,34816,34816
22915,16472,34816,34816
22916,16471,34816,34816
22917,16473,34816,34816
22918,16474,34816,34816
22919,28732,34816,34816
22920,28733,34816,34816
22921,16475,34816,34816
22922,28701,34816,34816
22923,16476,34816,34816
22924,16477,34816,34816
22925,16479,34816,34816
22926,16478,34816,34816
22927,16480,34816,34816
22928,16481,34816,34816
22929,28735,34816,34816
22930,28736,34816,34816
22931,16482,34816,34816
22932,16484,34816,34816
22933,16483,34816,34816
22934,16485,34816,34816
22935,16486,34816,34816
22936,28737,34816,34816
22937,28738,34816,34816
22938,16487,34816,34816
22939,16489,34816,34816
22940,16488,34816,34816
22941,16490,34816,34816
22942,16491,34816,34816
22943,28739,34816,34816
22944,28740,34816,34816
22945,16492,34816,34816
22946,16494,34816,34816
22947,16493,34816,34816
22948,16495,34816,34816
22949,16496,34816,34816
22950,28741,34816,34816
22951,28742,34816,34816
22952,16497,34816,34816
22953,16499,34816,34816
22954,16498,34816,34816
22955,16500,34816,34816
22956,16501,34816,34816
22957,28743,34816,34816
22958,28744,34816,34816
22959,16502,34816,34816
22960,16504,34816,34816
22961,16503,34816,34816
22962,16505,34816,34816
22963,16506,34816,34816
22964,28745,34816,34816
22965,28746,34816,34816
22966,16507,34816,34816
22967,16509,34816,34816
22968,16508,34816,34816
22969,16510,34816,34816
22970,16511,34816,34816
22971,28747,34816,34816
22972,28748,34816,34816
22973,16512,34816,34816
22974,16514,34816,34816
22975,16513,34816,34816
22976,16515,34816,34816
22977,16516,34816,34816
22978,28749,34816,34816
22979,28750,34816,34816
22980,16517,34816,34816
22981,16519,34816,34816
22982,16518,34816,34816
22983,16520,34816,34816
22984,16521,34816,34816
22985,28751,34816,34816
22986,28752,34816,34816
22987,16522,34816,34816
22988,16524,34816,34816
22989,16523,34816,34816
22990,16525,34816,34816
22991,16526,34816,34816
22992,28753,34816,34816
22993,28754,34816,34816
22994,16527,34816,34816
22995,16529,34816,34816
22996,16528,34816,34816
22997,16530,34816,34816
22998,16531,34816,34816
22999,28755,34816,34816
23000,28756,34816,34816
23001,16532,34816,34816
23002,16534,34816,34816
23003,16533,34816,34816
23004,16535,34816,34816
23005,16536,34816,34816
23006,28757,34816,34816
23007,28758,34816,34816
23008,16537,34816,34816
23009,16539,34816,34816
23010,16538,34816,34816
23011,16540,34816,34816
23012,16541,34816,34816
23013,28759,34816,34816
23014,28760,34816,34816
23015,16542,34816,34816
23016,16544,34816,34816
23017,16543,34816,34816
23018,16545,34816,34816
23019,16546,34816,34816
23020,28761,34816,34816
23021,28762,34816,34816
23022,16547,34816,34816
23023,16549,34816,34816
23024,16548,34816,34816
23025,16550,34816,34816
23026,16551,34816,34816
23027,28763,34816,34816
23028,28764,34816,34816
23029,16552,34816,34816
23030,16554,34816,34816
23031,16553,34816,34816
23032,16555,34816,34816
23033,16556,34816,34816
23034,28765,34816,34816
23035,28766,34816,34816
23036,16557,34816,34816
23037,28734,34816,34816
23038,16558,34816,34816
23039,16559,34816,34816
23040,16561,34816,34816
23041,28257,34688,34816
23042,16560,34688,34816
23043,16562,34688,34816
23044,16563,34688,34816
23045,28768,34688,34816
23046,28769,34688,34816
23047,16564,34688,34816
23048,16566,34688,34816
23049,28260,34560,34816
23050,16565,34560,34816
23051,16567,34560,34816
23052,16568,34560,34816
23053,28770,34560,34816
23054,28771,34560,34816
23055,16569,34560,34816
23056,16571,34560,34816
23057,28263,34432,34816
23058,16570,34432,34816
23059,16572,34432,34816
23060,16573,34432,34816
23061,28772,34432,34816
23062,28773,34432,34816
23063,16574,34432,34816
23064,16576,34432,34816
23065,28266,34304,34816
23066,16575,34304,34816
23067,16577,34304,34816
23068,16578,34304,34816
23069,28774,34304,34816
23070,28775,34304,34816
23071,16579,34304,34816
23072,16581,34304,34816
23073,28269,34176,34816
23074,16580,34176,34816
23075,16582,34176,34816
23076,16583,34176,34816
23077,28776,34176,34816
23078,28777,34176,34816
23079,16584,34176,34816
23080,16586,34176,34816
23081,28272,34048,34816
23082,16585,34048,34816
23083,16587,34048,34816
23084,16588,34048,34816
23085,28778,34048,34816
23086,28779,34048,34816
23087,16589,34048,34816
23088,16591,34048,34816
23089,28275,33920,34816
23090,16590,33920,34816
23091,16592,33920,34816
23092,16593,33920,34816
23093,28780,33920,34816
23094,28781,33920,34816
23095,16594,33920,34816
23096,16596,33920,34816
23097,28278,33792,34816
23098,16595,33792,34816
23099,16597,33792,34816
23100,16598,33792,34816
23101,28782,33792,34816
23102,28783,33792,34816
23103,16599,33792,34816
23104,16601,33792,34816
23105,28281,33664,34816
23106,16600,33664,34816
23107,16602,33664,34816
23108,16603,33664,34816
23109,28784,33664,34816
23110,28785,33664,34816
23111,16604,33664,34816
23112,16606,33664,34816
23113,28284,33536,34816
23114,16605,33536,34816
23115,16607,33536,34816
23116,16608,33536,34816
23117,28786,33536,34816
23118,28787,33536,34816
23119,16609,33536,34816
23120,16611,33536,34816
23121,28287,33408,34816
23122,16610,33408,34816
23123,16612,33408,34816
23124,16613,33408,34816
23125,28788,33408,34816
23126,28789,33408,34816
23127,16614,33408,34816
23128,16616,33408,34816
23129,28290,33280,34816
23130,16615,33280,34816
23131,16617,33280,34816
23132,16618,33280,34816
23133,28790,33280,34816
23134,28791,33280,34816
23135,16619,33280,34816
23136,16621,33280,34816
23137,28293,33152,34816
23138,16620,33152,34816
23139,16622,33152,34816
23140,16623,33152,34816
23141,28792,33152,34816
23142,28793,33152,34816
23143,16624,33152,34816
23144,16626,33152,34816
23145,28296,33024,34816
23146,16625,33024,34816
23147,16627,33024,34816
23148,16628,33024,34816
23149,28794,33024,34816
23150,28795,33024,34816
23151,16629,33024,34816
23152,16631,33024,34816
23153,28299,32896,34816
23154,16630,32896,34816
23155,16632,32896,34816
23156,16633,32896,34816
23157,28796,32896,34816
23158,28797,32896,34816
23159,16634,32896,34816
23160,16636,32896,34816
23161,28302,32768,34816
23162,16635,32768,34816
23163,16637,32768,34816
23164,16638,32768,34816
23165,28798,32768,34816
23166,28799,32768,34816
23167,16639,32768,34816
23168,28767,32768,34816
23169,16640,32768,34816
23170,16643,32768,34816
23171,16644,32768,34816
23172,16646,32768,34816
23173,16641,32896,34816
23174,16642,32896,34816
23175,16645,32896,34816
23176,16647,32896,34816
23177,28802,32896,34816
23178,28803,32896,34816
23179,16650,32896,34816
23180,16651,32896,34816
23181,16653,32896,34816
23182,16648,33024,34816
23183,16649,33024,34816
23184,16652,33024,34816
23185,16654,33024,34816
23186,28805,33024,34816
23187,28806,33024,34816
23188,16657,33024,34816
23189,16658,33024,34816
23190,16660,33024,34816
23191,16655,33152,34816
23192,16656,33152,34816
23193,16659,33152,34816
23194,16661,33152,34816
23195,28808,33152,34816
23196,28809,33152,34816
23197,16664,33152,34816
23198,16665,33152,34816
23199,16667,33152,34816
23200,16662,33280,34816
23201,16663,33280,34816
23202,16666,33280,34816
23203,16668,33280,34816
23204,28811,33280,34816
23205,28812,33280,34816
23206,16671,33280,34816
23207,16672,33280,34816
23208,16674,33280,34816
23209,16669,33408,34816
23210,16670,33408,34816
23211,16673,33408,34816
23212,16675,33408,34816
23213,28814,33408,34816
23214,28815,33408,34816
23215,16678,33408,34816
23216,16679,33408,34816
23217,16681,33408,34816
23218,16676,33536,34816
23219,16677,33536,34816
23220,16680,33536,34816
23221,16682,33536,34816
23222,28817,33536,34816
23223,28818,33536,34816
23224,16685,33536,34816
23225,16686,33536,34816
23226,16688,33536,34816
23227,16683,33664,34816
23228,16684,33664,34816
23229,16687,33664,34816
23230,16689,33664,34816
23231,28820,33664,34816
23232,28821,33664,34816
23233,16692,33664,34816
23234,16693,33664,34816
23235,16695,33664,34816
23236,16690,33792,34816
23237,16691,33792,34816
23238,16694,33792,34816
23239,16696,33792,34816
23240,28823,33792,34816
23241,28824,33792,34816
23242,16699,33792,34816
23243,16700,33792,34816
23244,16702,33792,34816
23245,16697,33920,34816
23246,16698,33920,34816
23247,16701,33920,34816
23248,16703,33920,34816
23249,28826,33920,34816
23250,28827,33920,34816
23251,16706,33920,34816
23252,16707,33920,34816
23253,16709,33920,34816
23254,16704,34048,34816
23255,16705,34048,34816
23256,16708,34048,34816
23257,16710,34048,34816
23258,28829,34048,34816
23259,28830,34048,34816
23260,16713,34048,34816
23261,16714,34048,34816
23262,16716,34048,34816
23263,16711,34176,34816
23264,16712,34176,34816
23265,16715,34176,34816
23266,16717,34176,34816
23267,28832,34176,34816
23268,28833,34176,34816
23269,16720,34176,34816
23270,16721,34176,34816
23271,16723,34176,34816
23272,16718,34304,34816
23273,16719,34304,34816
23274,16722,34304,34816
23275,16724,34304,34816
23276,28835,34304,34816
23277,28836,34304,34816
23278,16727,34304,34816
23279,16728,34304,34816
23280,16730,34304,34816
23281,16725,34432,34816
23282,16726,34432,34816
23283,16729,34432,34816
23284,16731,34432,34816
23285,28838,34432,34816
23286,28839,34432,34816
23287,16734,34432,34816
23288,16735,34432,34816
23289,16737,34432,34816
23290,16732,34560,34816
23291,16733,34560,34816
23292,16736,34560,34816
23293,16738,34560,34816
23294,28841,34560,34816
23295,28842,34560,34816
23296,16741,34560,34816
23297,16742,34560,34816
23298,16744,34560,34816
23299,16739,34688,34816
23300,16740,34688,34816
23301,16743,34688,34816
23302,16745,34688,34816
23303,28844,34688,34816
23304,28845,34688,34816
23305,16748,34688,34816
23306,16749,34688,34816
23307,16751,34688,34816
23308,16746,34816,34816
23309,16747,34816,34816
23310,16750,34816,34816
23311,16752,34816,34816
23312,28847,34816,34816
23313,28848,34816,34816
23314,16753,34816,34816
23315,28800,34816,34816
23316,16754,34816,34816
23317,16755,34816,34816
23318,16757,34816,34816
23319,16756,34816,34816
23320,16758,34816,34816
23321,16759,34816,34816
23322,28850,34816,34816
23323,28851,34816,34816
23324,16760,34816,34816
23325,16762,34816,34816
23326,16761,34816,34816
23327,16763,34816,34816
23328,16764,34816,34816
23329,28852,34816,34816
23330,28853,34816,34816
23331,16765,34816,34816
23332,16767,34816,34816
23333,16766,34816,34816
23334,16768,34816,34816
23335,16769,34816,34816
23336,28854,34816,34816
23337,28855,34816,34816
23338,16770,34816,34816
23339,16772,34816,34816
23340,16771,34816,34816
23341,16773,34816,34816
23342,16774,34816,34816
23343,28856,34816,34816
23344,28857,34816,34816
23345,16775,34816,34816
23346,16777,34816,34816
23347,16776,34816,34816
23348,16778,34816,34816
23349,16779,34816,34816
23350,28858,34816,34816
23351,28859,34816,34816
23352,16780,34816,34816
23353,16782,34816,34816
23354,16781,34816,34816
23355,16783,34816,34816
23356,16784,34816,34816
23357,28860,34816,34816
23358,28861,34816,34816
23359,16785,34816,34816
23360,16787,34816,34816
23361,16786,34816,34816
23362,16788,34816,34816
23363,16789,34816,34816
23364,28862,34816,34816
23365,28863,34816,34816
23366,16790,34816,34816
23367,16792,34816,34816
23368,16791,34816,34816
23369,16793,34816,34816
23370,16794,34816,34816
23371,28864,34816,34816
23372,28865,34816,34816
23373,16795,34816,34816
23374,16797,34816,34816
23375,16796,34816,34816
23376,16798,34816,34816
23377,16799,34816,34816
23378,28866,34816,34816
23379,28867,34816,34816
23380,16800,34816,34816
23381,16802,34816,34816
23382,16801,34816,34816
23383,16803,34816,34816
23384,16804,34816,34816
23385,28868,34816,34816
23386,28869,34816,34816
23387,16805,34816,34816
23388,16807,34816,34816
23389,16806,34816,34816
23390,16808,34816,34816
23391,16809,34816,34816
23392,28870,34816,34816
23393,28871,34816,34816
23394,16810,34816,34816
23395,16812,34816,34816
23396,16811,34816,34816
23397,16813,34816,34816
23398,16814,34816,34816
23399,28872,34816,34816
23400,28873,34816,34816
23401,16815,34816,34816
23402,16817,34816,34816
23403,16816,34816,34816
23404,16818,34816,34816
23405,16819,34816,34816
23406,28874,34816,34816
23407,28875,34816,34816
23408,16820,34816,34816
23409,16822,34816,34816
23410,16821,34816,34816
23411,16823,34816,34816
23412,16824,34816,34816
23413,28876,34816,34816
23414,28877,34816,34816
23415,16825,34816,34816
23416,16827,34816,34816
23417,16826,34816,34816
23418,16828,34816,34816
23419,16829,34816,34816
23420,28878,34816,34816
23421,28879,34816,34816
23422,16830,34816,34816
23423,16832,34816,34816
23424,16831,34816,34816
23425,16833,34816,34816
23426,16834,34816,34816
23427,28880,34816,34816
23428,28881,34816,34816
23429,16835,34816,34816
23430,28849,34816,34816
23431,16836,34816,34816
23432,16837,34816,34816
23433,16839,34816,34816
23434,16838,34816,34816
23435,16840,34816,34816
23436,16841,34816,34816
23437,28883,34816,34816
23438,28884,34816,34816
23439,16842,34816,34816
23440,16844,34816,34816
23441,16843,34816,34816
23442,16845,34816,34816
23443,16846,34816,34816
23444,28885,34816,34816
23445,28886,34816,34816
23446,16847,34816,34816
23447,16849,34816,34816
23448,16848,34816,34816
23449,16850,34816,34816
23450,16851,34816,34816
23451,28887,34816,34816
23452,28888,34816,34816
23453,16852,34816,34816
23454,16854,34816,34816
23455,16853,34816,34816
23456,16855,34816,34816
23457,16856,34816,34816
23458,28889,34816,34816
23459,28890,34816,34816
23460,16857,34816,34816
23461,16859,34816,34816
23462,16858,34816,34816
23463,16860,34816,34816
23464,16861,34816,34816
23465,28891,34816,34816
23466,28892,34816,34816
23467,16862,34816,34816
23468,16864,34816,34816
23469,16863,34816,34816
23470,16865,34816,34816
23471,16866,34816,34816
23472,28893,34816,34816
23473,28894,34816,34816
23474,16867,34816,34816
23475,16869,34816,34816
23476,16868,34816,34816
23477,16870,34816,34816
23478,16871,34816,34816
23479,28895,34816,34816
23480,28896,34816,34816
23481,16872,34816,34816
23482,16874,34816,34816
23483,16873,34816,34816
23484,16875,34816,34816
23485,16876,34816,34816
23486,28897,34816,34816
23487,28898,34816,34816
23488,16877,34816,34816
23489,16879,34816,34816
23490,16878,34816,34816
23491,16880,34816,34816
23492,16881,34816,34816
23493,28899,34816,34816
23494,28900,34816,34816
23495,16882,34816,34816
23496,16884,34816,34816
23497,16883,34816,34816
23498,16885,34816,34816
23499,16886,34816,34816
23500,28901,34816,34816
23501,28902,34816,34816
23502,16887,34816,34816
23503,16889,34816,34816
23504,16888,34816,34816
23505,16890,34816,34816
23506,16891,34816,34816
23507,28903,34816,34816
23508,28904,34816,34816
23509,16892,34816,34816
23510,16894,34816,34816
23511,16893,34816,34816
23512,16895,34816,34816
23513,16896,34816,34816
23514,28905,34816,34816
23515,28906,34816,34816
23516,16897,34816,34816
23517,16899,34816,34816
23518,16898,34816,34816
23519,16900,34816,34816
23520,16901,34816,34816
23521,28907,34816,34816
23522,28908,34816,34816
23523,16902,34816,34816
23524,16904,34816,34816
23525,16903,34816,34816
23526,16905,34816,34816
23527,16906,34816,34816
23528,28909,34816,34816
23529,28910,34816,34816
23530,16907,34816,34816
23531,16909,34816,34816
23532,16908,34816,34816
23533,16910,34816,34816
23534,16911,34816,34816
23535,28911,34816,34816
23536,28912,34816,34816
23537,16912,34816,34816
23538,16914,34816,34816
23539,16913,34816,34816
23540,16915,34816,34816
23541,16916,34816,34816
23542,28913,34816,34816
23543,28914,34816,34816
23544,16917,34816,34816
23545,28882,34816,34816
23546,16918,34816,34816
23547,16919,34816,34816
23548,16921,34816,34816
23549,16920,34816,34816
23550,16922,34816,34816
23551,16923,34816,34816
23552,28916,34816,34816
23553,28917,34816,34816
23554,16924,34816,34816
23555,16926,34816,34816
23556,16925,34816,34816
23557,16927,34816,34816
23558,16928,34816,34816
23559,28918,34816,34816
23560,28919,34816,34816
23561,16929,34816,34816
23562,16931,34816,34816
23563,16930,34816,34816
23564,16932,34816,34816
23565,16933,34816,34816
23566,28920,34816,34816
23567,28921,34816,34816
23568,16934,34816,34816
23569,16936,34816,34816
23570,16935,34816,34816
23571,16937,34816,34816
23572,16938,34816,34816
23573,28922,34816,34816
23574,28923,34816,34816
23575,16939,34816,34816
23576,16941,34816,34816
23577,16940,34816,34816
23578,16942,34816,34816
23579,16943,34816,34816
23580,28924,34816,34816
23581,28925,34816,34816
23582,16944,34816,34816
23583,16946,34816,34816
23584,16945,34816,34816
23585,16947,34816,34816
23586,16948,34816,34816
23587,28926,34816,34816
23588,28927,34816,34816
23589,16949,34816,34816
23590,16951,34816,34816
23591,16950,34816,34816
23592,16952,34816,34816
23593,16953,34816,34816
23594,28928,34816,34816
23595,28929,34816,34816
23596,16954,34816,34816
23597,16956,34816,34816
23598,16955,34816,34816
23599,16957,34816,34816
23600,16958,34816,34816
23601,28930,34816,34816
23602,28931,34816,34816
23603,16959,34816,34816
23604,16961,34816,34816
23605,16960,34816,34816
23606,16962,34816,34816
23607,16963,34816,34816
23608,28932,34816,34816
23609,28933,34816,34816
23610,16964,34816,34816
23611,16966,34816,34816
23612,16965,34816,34816
23613,16967,34816,34816
23614,16968,34816,34816
23615,28934,34816,34816
23616,28935,34816,34816
23617,16969,34816,34816
23618,16971,34816,34816
23619,16970,34816,34816
23620,16972,34816,34816
23621,16973,34816,34816
23622,28936,34816,34816
23623,28937,34816,34816
23624,16974,34816,34816
23625,16976,34816,34816
23626,16975,34816,34816
23627,16977,34816,34816
23628,16978,34816,34816
23629,28938,34816,34816
23630,28939,34816,34816
23631,16979,34816,34816
23632,16981,34816,34816
23633,16980,34816,34816
23634,16982,34816,34816
23635,16983,34816,34816
23636,28940,34816,34816
23637,28941,34816,34816
23638,16984,34816,34816
23639,16986,34816,34816
23640,16985,34816,34816
23641,16987,34816,34816
23642,16988,34816,34816
23643,28942,34816,34816
23644,28943,34816,34816
23645,16989,34816,34816
23646,16991,34816,34816
23647,16990,34816,34816
23648,16992,34816,34816
23649,16993,34816,34816
23650,28944,34816,34816
23651,28945,34816,34816
23652,16994,34816,34816
23653,16996,34816,34816
23654,16995,34816,34816
23655,16997,34816,34816
23656,16998,34816,34816
23657,28946,34816,34816
23658,28947,34816,34816
23659,16999,34816,34816
23660,28915,34816,34816
23661,17000,34816,34816
23662,17001,34816,34816
23663,17003,34816,34816
23664,17002,34816,34816
23665,17004,34816,34816
23666,17005,34816,34816
23667,28949,34816,34816
23668,28950,34816,34816
23669,17006,34816,34816
23670,17008,34816,34816
23671,17007,34816,34816
23672,17009,34816,34816
23673,17010,34816,34816
23674,28951,34816,34816
23675,28952,34816,34816
23676,17011,34816,34816
23677,17013,34816,34816
23678,17012,34816,34816
23679,17014,34816,34816
23680,17015,34816,34816
23681,28953,34816,34816
23682,28954,34816,34816
23683,17016,34816,34816
23684,17018,34816,34816
23685,17017,34816,34816
23686,17019,34816,34816
23687,17020,34816,34816
23688,28955,34816,34816
23689,28956,34816,34816
23690,17021,34816,34816
23691,17023,34816,34816
23692,17022,34816,34816
23693,17024,34816,34816
23694,17025,34816,34816
23695,28957,34816,34816
23696,28958,34816,34816
23697,17026,34816,34816
23698,17028,34816,34816
23699,17027,34816,34816
23700,17029,34816,34816
23701,17030,34816,34816
23702,28959,34816,34816
23703,28960,34816,34816
23704,17031,34816,34816
23705,17033,34816,34816
23706,17032,34816,34816
23707,17034,34816,34816
23708,17035,34816,34816
23709,28961,34816,34816
23710,28962,34816,34816
23711,17036,34816,34816
23712,17038,34816,34816
23713,17037,34816,34816
23714,17039,34816,34816
23715,17040,34816,34816
23716,28963,34816,34816
23717,28964,34816,34816
23718,17041,34816,34816
23719,17043,34816,34816
23720,17042,34816,34816
23721,17044,34816,34816
23722,17045,34816,34816
23723,28965,34816,34816
23724,28966,34816,34816
23725,17046,34816,34816
23726,17048,34816,34816
23727,17047,34816,34816
23728,17049,34816,34816
23729,17050,34816,34816
23730,28967,34816,34816
23731,28968,34816,34816
23732,17051,34816,34816
23733,17053,34816,34816
23734,17052,34816,34816
23735,17054,34816,34816
23736,17055,34816,34816
23737,28969,34816,34816
23738,28970,34816,34816
23739,17056,34816,34816
23740,17058,34816,34816
23741,17057,34816,34816
23742,17059,34816,34816
23743,17060,34816,34816
23744,28971,34816,34816
23745,28972,34816,34816
23746,17061,34816,34816
23747,17063,34816,34816
23748,17062,34816,34816
23749,17064,34816,34816
23750,17065,34816,34816
23751,28973,34816,34816
23752,28974,34816,34816
23753,17066,34816,34816
23754,17068,34816,34816
23755,17067,34816,34816
23756,17069,34816,34816
23757,17070,34816,34816
23758,28975,34816,34816
23759,28976,34816,34816
23760,17071,34816,34816
23761,17073,34816,34816
23762,17072,34816,34816
23763,17074,34816,34816
23764,17075,34816,34816
23765,28977,34816,34816
23766,28978,34816,34816
23767,17076,34816,34816
23768,17078,34816,34816
23769,17077,34816,34816
23770,17079,34816,34816
23771,17080,34816,34816
23772,28979,34816,34816
23773,28980,34816,34816
23774,17081,34816,34816
23775,28948,34816,34816
23776,17082,34816,34816
23777,17083,34816,34816
23778,17085,34816,34816
23779,17084,34816,34816
23780,17086,34816,34816
23781,17087,34816,34816
23782,28982,34816,34816
23783,28983,34816,34816
23784,17088,34816,34816
23785,17090,34816,34816
23786,17089,34816,34816
23787,17091,34816,34816
23788,17092,34816,34816
23789,28984,34816,34816
23790,28985,34816,34816
23791,17093,34816,34816
23792,17095,34816,34816
23793,17094,34816,34816
23794,17096,34816,34816
23795,17097,34816,34816
23796,28986,34816,34816
23797,28987,34816,34816
23798,17098,34816,34816
23799,17100,34816,34816
23800,17099,34816,34816
23801,17101,34816,34816
23802,17102,34816,34816
23803,28988,34816,34816
23804,28989,34816,34816
23805,17103,34816,34816
23806,17105,34816,34816
23807,17104,34816,34816
23808,17106,34816,34816
23809,17107,34816,34816
23810,28990,34816,34816
23811,28991,34816,34816
23812,17108,34816,34816
23813,17110,34816,34816
23814,17109,34816,34816
23815,17111,34816,34816
23816,17112,34816,34816
23817,28992,34816,34816
23818,28993,34816,34816
23819,17113,34816,34816
23820,17115,34816,34816
23821,17114,34816,34816
23822,17116,34816,34816
23823,17117,34816,34816
23824,28994,34816,34816
23825,28995,34816,34816
23826,17118,34816,34816
23827,17120,34816,34816
23828,17119,34816,34816
23829,17121,34816,34816
23830,17122,34816,34816
23831,28996,34816,34816
23832,28997,34816,34816
23833,17123,34816,34816
23834,17125,34816,34816
23835,17124,34816,34816
23836,17126,34816,34816
23837,17127,34816,34816
23838,28998,34816,34816
23839,28999,34816,34816
23840,17128,34816,34816
23841,17130,34816,34816
23842,17129,34816,34816
23843,17131,34816,34816
23844,17132,34816,34816
23845,29000,34816,34816
23846,29001,34816,34816
23847,17133,34816,34816
23848,17135,34816,34816
23849,17134,34816,34816
23850,17136,34816,34816
23851,17137,34816,34816
23852,29002,34816,34816
23853,29003,34816,34816
23854,17138,34816,34816
23855,17140,34816,34816
23856,17139,34816,34816
23857,17141,34816,34816
23858,17142,34816,34816
23859,29004,34816,34816
23860,29005,34816,34816
23861,17143,34816,34816
23862,17145,34816,34816
23863,17144,34816,34816
23864,17146,34816,34816
23865,17147,34816,34816
23866,29006,34816,34816
23867,29007,34816,34816
23868,17148,34816,34816
23869,17150,34816,34816
23870,17149,34816,34816
23871,17151,34816,34816
23872,17152,34816,34816
23873,29008,34816,34816
23874,29009,34816,34816
23875,17153,34816,34816
23876,17155,34816,34816
23877,17154,34816,34816
23878,17156,34816,34816
23879,17157,34816,34816
23880,29010,34816,34816
23881,29011,34816,34816
23882,17158,34816,34816
23883,17160,34816,34816
23884,17159,34816,34816
23885,17161,34816,34816
23886,17162,34816,34816
23887,29012,34816,34816
23888,29013,34816,34816
23889,17163,34816,34816
23890,28981,34816,34816
23891,17164,34816,34816
23892,17165,34816,34816
23893,17167,34816,34816
23894,17166,34816,34816
23895,17168,34816,34816
23896,17169,34816,34816
23897,29015,34816,34816
23898,29016,34816,34816
23899,17170,34816,34816
23900,17172,34816,34816
23901,17171,34816,34816
23902,17173,34816,34816
23903,17174,34816,34816
23904,29017,34816,34816
23905,29018,34816,34816
23906,17175,34816,34816
23907,17177,34816,34816
23908,17176,34816,34816
23909,17178,34816,34816
23910,17179,34816,34816
23911,29019,34816,34816
23912,29020,34816,34816
23913,17180,34816,34816
23914,17182,34816,34816
23915,17181,34816,34816
23916,17183,34816,34816
23917,17184,34816,34816
23918,29021,34816,34816
23919,29022,34816,34816
23920,17185,34816,34816
23921,17187,34816,34816
23922,17186,34816,34816
23923,17188,34816,34816
23924,17189,34816,34816
23925,29023,34816,34816
23926,29024,34816,34816
23927,17190,34816,34816
23928,17192,34816,34816
23929,17191,34816,34816
23930,17193,34816,34816
23931,17194,34816,34816
23932,29025,34816,34816
23933,29026,34816,34816
23934,17195,34816,34816
23935,17197,34816,34816
23936,17196,34816,34816
23937,17198,34816,34816
23938,17199,34816,34816
23939,29027,34816,34816
23940,29028,34816,34816
23941,17200,34816,34816
23942,17202,34816,34816
23943,17201,34816,34816
23944,17203,34816,34816
23945,17204,34816,34816
23946,29029,34816,34816
23947,29030,34816,34816
23948,17205,34816,34816
23949,17207,34816,34816
23950,17206,34816,34816
23951,17208,34816,34816
23952,17209,34816,34816
23953,29031,34816,34816
23954,29032,34816,34816
23955,17210,34816,34816
23956,17212,34816,34816
23957,17211,34816,34816
23958,17213,34816,34816
23959,17214,34816,34816
23960,29033,34816,34816
23961,29034,34816,34816
23962,17215,34816,34816
23963,17217,34816,34816
23964,17216,34816,34816
23965,17218,34816,34816
23966,17219,34816,34816
23967,29035,34816,34816
23968,29036,34816,34816
23969,17220,34816,34816
23970,17222,34816,34816
23971,17221,34816,34816
23972,17223,34816,34816
23973,17224,34816,34816
23974,29037,34816,34816
23975,29038,34816,34816
23976,17225,34816,34816
23977,17227,34816,34816
23978,17226,34816,34816
23979,17228,34816,34816
23980,17229,34816,34816
23981,29039,34816,34816
23982,29040,34816,34816
23983,17230,34816,34816
23984,17232,34816,34816
23985,17231,34816,34816
23986,17233,34816,34816
23987,17234,34816,34816
23988,29041,34816,34816
23989,29042,34816,34816
23990,17235,34816,34816
23991,17237,34816,34816
23992,17236,34816,34816
23993,17238,34816,34816
23994,17239,34816,34816
23995,29043,34816,34816
23996,29044,34816,34816
23997,17240,34816,34816
23998,17242,34816,34816
23999,17241,34816,34816
24000,17243,34816,34816
24001,17244,34816,34816
24002,29045,34816,34816
24003,29046,34816,34816
24004,17245,34816,34816
24005,29014,34816,34816
24006,17246,34816,34816
24007,17247,34816,34816
24008,17249,34816,34816
24009,17248,34816,34816
24010,17250,34816,34816
24011,17251,34816,34816
24012,29048,34816,34816
24013,29049,34816,34816
24014,17252,34816,34816
24015,17254,34816,34816
24016,17253,34816,34816
24017,17255,34816,34816
24018,17256,34816,34816
24019,29050,34816,34816
24020,29051,34816,34816
24021,17257,34816,34816
24022,17259,34816,34816
24023,17258,34816,34816
24024,17260,34816,34816
24025,17261,34816,34816
24026,29052,34816,34816
24027,29053,34816,34816
24028,17262,34816,34816
24029,17264,34816,34816
24030,17263,34816,34816
24031,17265,34816,34816
24032,17266,34816,34816
24033,29054,34816,34816
24034,29055,34816,34816
24035,17267,34816,34816
24036,17269,34816,34816
24037,17268,34816,34816
24038,17270,34816,34816
24039,17271,34816,34816
24040,29056,34816,34816
24041,29057,34816,34816
24042,17272,34816,34816
24043,17274,34816,34816
24044,17273,34816,34816
24045,17275,34816,34816
24046,17276,34816,34816
24047,29058,34816,34816
24048,29059,34816,34816
24049,17277,34816,34816
24050,17279,34816,34816
24051,17278,34816,34816
24052,17280,34816,34816
24053,17281,34816,34816
24054,29060,34816,34816
24055,29061,34816,34816
24056,17282,34816,34816
24057,17284,34816,34816
24058,17283,34816,34816
24059,17285,34816,34816
24060,17286,34816,34816
24061,29062,34816,34816
24062,29063,34816,34816
24063,17287,34816,34816
24064,17289,34816,34816
24065,17288,34816,34816
24066,17290,34816,34816
24067,17291,34816,34816
24068,29064,34816,34816
24069,29065,34816,34816
24070,17292,34816,34816
24071,17294,34816,34816
24072,17293,34816,34816
24073,17295,34816,34816
24074,17296,34816,34816
24075,29066,34816,34816
24076,29067,34816,34816
24077,17297,34816,34816
24078,17299,34816,34816
24079,17298,34816,34816
24080,17300,34816,34816
24081,17301,34816,34816
24082,29068,34816,34816
24083,29069,34816,34816
24084,17302,34816,34816
24085,17304,34816,34816
24086,17303,34816,34816
24087,17305,34816,34816
24088,17306,34816,34816
24089,29070,34816,34816
24090,29071,34816,34816
24091,17307,34816,34816
24092,17309,34816,34816
24093,17308,34816,34816
24094,17310,34816,34816
24095,17311,34816,34816
24096,29072,34816,34816
24097,29073,34816,34816
24098,17312,34816,34816
24099,17314,34816,34816
24100,17313,34816,34816
24101,17315,34816,34816
24102,17316,34816,34816
24103,29074,34816,34816
24104,29075,34816,34816
24105,17317,34816,34816
24106,17319,34816,34816
24107,17318,34816,34816
24108,17320,34816,34816
24109,17321,34816,34816
24110,29076,34816,34816
24111,29077,34816,34816
24112,17322,34816,34816
24113,17324,34816,34816
24114,17323,34816,34816
24115,17325,34816,34816
24116,17326,34816,34816
24117,29078,34816,34816
24118,29079,34816,34816
24119,17327,34816,34816
24120,29047,34816,34816
24121,17328,34816,34816
24122,17329,34816,34816
24123,17331,34816,34816
24124,17330,34816,34816
24125,17332,34816,34816
24126,17333,34816,34816
24127,29081,34816,34816
24128,29082,34816,34816
24129,17334,34816,34816
24130,17336,34816,34816
24131,17335,34816,34816
24132,17337,34816,34816
24133,17338,34816,34816
24134,29083,34816,34816
24135,29084,34816,34816
24136,17339,34816,34816
24137,17341,34816,34816
24138,17340,34816,34816
24139,17342,34816,34816
24140,17343,34816,34816
24141,29085,34816,34816
24142,29086,34816,34816
24143,17344,34816,34816
24144,17346,34816,34816
24145,17345,34816,34816
24146,17347,34816,34816
24147,17348,34816,34816
24148,29087,34816,34816
24149,29088,34816,34816
24150,17349,34816,34816
24151,17351,34816,34816
24152,17350,34816,34816
24153,17352,34816,34816
24154,17353,34816,34816
24155,29089,34816,34816
24156,29090,34816,34816
24157,17354,34816,34816
24158,17356,34816,34816
24159,17355,34816,34816
24160,17357,34816,34816
24161,17358,34816,34816
24162,29091,34816,34816
24163,29092,34816,34816
24164,17359,34816,34816
24165,17361,34816,34816
24166,17360,34816,34816
24167,17362,34816,34816
24168,17363,34816,34816
24169,29093,34816,34816
24170,29094,34816,34816
24171,17364,34816,34816
24172,17366,34816,34816
24173,17365,34816,34816
24174,17367,34816,34816
24175,17368,34816,34816
24176,29095,34816,34816
24177,29096,34816,34816
24178,17369,34816,34816
24179,17371,34816,34816
24180,17370,34816,34816
24181,17372,34816,34816
24182,17373,34816,34816
24183,29097,34816,34816
24184,29098,34816,34816
24185,17374,34816,34816
24186,17376,34816,34816
24187,17375,34816,34816
24188,17377,34816,34816
24189,17378,34816,34816
24190,29099,34816,34816
24191,29100,34816,34816
24192,17379,34816,34816
24193,17381,34816,34816
24194,17380,34816,34816
24195,17382,34816,34816
24196,17383,34816,34816
24197,29101,34816,34816
24198,29102,34816,34816
24199,17384,34816,34816
24200,17386,34816,34816
24201,17385,34816,34816
24202,17387,34816,34816
24203,17388,34816,34816
24204,29103,34816,34816
24205,29104,34816,34816
24206,17389,34816,34816
24207,17391,34816,34816
24208,17390,34816,34816
24209,17392,34816,34816
24210,17393,34816,34816
24211,29105,34816,34816
24212,29106,34816,34816
24213,17394,34816,34816
24214,17396,34816,34816
24215,17395,34816,34816
24216,17397,34816,34816
24217,17398,34816,34816
24218,29107,34816,34816
24219,29108,34816,34816
24220,17399,34816,34816
24221,17401,34816,34816
24222,17400,34816,34816
24223,17402,34816,34816
24224,17403,34816,34816
24225,29109,34816,34816
24226,29110,34816,34816
24227,17404,34816,34816
24228,17406,34816,34816
24229,17405,34816,34816
24230,17407,34816,34816
24231,17408,34816,34816
24232,29111,34816,34816
24233,29112,34816,34816
24234,17409,34816,34816
24235,29080,34816,34816
24236,17410,34816,34816
24237,17411,34816,34816
24238,17413,34816,34816
24239,17412,34816,34816
24240,17414,34816,34816
24241,17415,34816,34816
24242,29114,34816,34816
24243,29115,34816,34816
24244,17416,34816,34816
24245,17418,34816,34816
24246,17417,34816,34816
24247,17419,34816,34816
24248,17420,34816,34816
24249,29116,34816,34816
24250,29117,34816,34816
24251,17421,34816,34816
24252,17423,34816,34816
24253,17422,34816,34816
24254,17424,34816,34816
24255,17425,34816,34816
24256,29118,34816,34816
24257,29119,34816,34816
24258,17426,34816,34816
24259,17428,34816,34816
24260,17427,34816,34816
24261,17429,34816,34816
24262,17430,34816,34816
24263,29120,34816,34816
24264,29121,34816,34816
24265,17431,34816,34816
24266,17433,34816,34816
24267,17432,34816,34816
24268,17434,34816,34816
24269,17435,34816,34816
24270,29122,34816,34816
24271,29123,34816,34816
24272,17436,34816,34816
24273,17438,34816,34816
24274,17437,34816,34816
24275,17439,34816,34816
24276,17440,34816,34816
24277,29124,34816,34816
24278,29125,34816,34816
24279,17441,34816,34816
24280,17443,34816,34816
24281,17442,34816,34816
24282,17444,34816,34816
24283,17445,34816,34816
24284,29126,34816,34816
24285,29127,34816,34816
24286,17446,34816,34816
24287,17448,34816,34816
24288,17447,34816,34816
24289,17449,34816,34816
24290,17450,34816,34816
24291,29128,34816,34816
24292,29129,34816,34816
24293,17451,34816,34816
24294,17453,34816,34816
24295,17452,34816,34816
24296,17454,34816,34816
24297,17455,34816,34816
24298,29130,34816,34816
24299,29131,34816,34816
24300,17456,34816,34816
24301,17458,34816,34816
24302,17457,34816,34816
24303,17459,34816,34816
24304,17460,34816,34816
24305,29132,34816,34816
24306,29133,34816,34816
24307,17461,34816,34816
24308,17463,34816,34816
24309,17462,34816,34816
24310,17464,34816,34816
24311,17465,34816,34816
24312,29134,34816,34816
24313,29135,34816,34816
24314,17466,34816,34816
24315,17468,34816,34816
24316,17467,34816,34816
24317,17469,34816,34816
24318,17470,34816,34816
24319,29136,34816,34816
24320,29137,34816,34816
24321,17471,34816,34816
24322,17473,34816,34816
24323,17472,34816,34816
24324,17474,34816,34816
24325,17475,34816,34816
24326,29138,34816,34816
24327,29139,34816,34816
24328,17476,34816,34816
24329,17478,34816,34816
24330,17477,34816,34816
24331,17479,34816,34816
24332,17480,34816,34816
24333,29140,34816,34816
24334,29141,34816,34816
24335,17481,34816,34816
24336,17483,34816,34816
24337,17482,34816,34816
24338,17484,34816,34816
24339,17485,34816,34816
24340,29142,34816,34816
24341,29143,34816,34816
24342,17486,34816,34816
24343,17488,34816,34816
24344,17487,34816,34816
24345,17489,34816,34816
24346,17490,34816,34816
24347,29144,34816,34816
24348,29145,34816,34816
24349,17491,34816,34816
24350,29113,34816,34816
24351,17492,34816,34816
24352,17493,34816,34816
24353,17495,34816,34816
24354,17494,34816,34816
24355,17496,34816,34816
24356,17497,34816,34816
24357,29147,34816,34816
24358,29148,34816,34816
24359,17498,34816,34816
24360,17500,34816,34816
24361,17499,34816,34816
24362,17501,34816,34816
24363,17502,34816,34816
24364,29149,34816,34816
24365,29150,34816,34816
24366,17503,34816,34816
24367,17505,34816,34816
24368,17504,34816,34816
24369,17506,34816,34816
24370,17507,34816,34816
24371,29151,34816,34816
24372,29152,34816,34816
24373,17508,34816,34816
24374,17510,34816,34816
24375,17509,34816,34816
24376,17511,34816,34816
24377,17512,34816,34816
24378,29153,34816,34816
24379,29154,34816,34816
24380,17513,34816,34816
24381,17515,34816,34816
24382,17514,34816,34816
24383,17516,34816,34816
24384,17517,34816,34816
24385,29155,34816,34816
24386,29156,34816,34816
24387,17518,34816,34816
24388,17520,34816,34816
24389,17519,34816,34816
24390,17521,34816,34816
24391,17522,34816,34816
24392,29157,34816,34816
24393,29158,34816,34816
24394,17523,34816,34816
24395,17525,34816,34816
24396,17524,34816,34816
24397,17526,34816,34816
24398,17527,34816,34816
24399,29159,34816,34816
24400,29160,34816,34816
24401,17528,34816,34816
24402,17530,34816,34816
24403,17529,34816,34816
24404,17531,34816,34816
24405,17532,34816,34816
24406,29161,34816,34816
24407,29162,34816,34816
24408,17533,34816,34816
24409,17535,34816,34816
24410,17534,34816,34816
24411,17536,34816,34816
24412,17537,34816,34816
24413,29163,34816,34816
24414,29164,34816,34816
24415,17538,34816,34816
24416,17540,34816,34816
24417,17539,34816,34816
24418,17541,34816,34816
24419,17542,34816,34816
24420,29165,34816,34816
24421,29166,34816,34816
24422,17543,34816,34816
24423,17545,34816,34816
24424,17544,34816,34816
24425,17546,34816,34816
24426,17547,34816,34816
24427,29167,34816,34816
24428,29168,34816,34816
24429,17548,34816,34816
24430,17550,34816,34816
24431,17549,34816,34816
24432,17551,34816,34816
24433,17552,34816,34816
24434,29169,34816,34816
24435,29170,34816,34816
24436,17553,34816,34816
24437,17555,34816,34816
24438,17554,34816,34816
24439,17556,34816,34816
24440,17557,34816,34816
24441,29171,34816,34816
24442,29172,34816,34816
24443,17558,34816,34816
24444,17560,34816,34816
24445,17559,34816,34816
24446,17561,34816,34816
24447,17562,34816,34816
24448,29173,34816,34816
24449,29174,34816,34816
24450,17563,34816,34816
24451,17565,34816,34816
24452,17564,34816,34816
24453,17566,34816,34816
24454,17567,34816,34816
24455,29175,34816,34816
24456,29176,34816,34816
24457,17568,34816,34816
24458,17570,34816,34816
24459,17569,34816,34816
24460,17571,34816,34816
24461,17572,34816,34816
24462,29177,34816,34816
24463,29178,34816,34816
24464,17573,34816,34816
24465,29146,34816,34816
24466,17574,34816,34816
24467,17575,34816,34816
24468,17577,34816,34816
24469,17576,34816,34816
24470,17578,34816,34816
24471,17579,34816,34816
24472,29180,34816,34816
24473,29181,34816,34816
24474,17580,34816,34816
24475,17582,34816,34816
24476,17581,34816,34816
24477,17583,34816,34816
24478,17584,34816,34816
24479,29182,34816,34816
24480,29183,34816,34816
24481,17585,34816,34816
24482,17587,34816,34816
24483,17586,34816,34816
24484,17588,34816,34816
24485,17589,34816,34816
24486,29184,34816,34816
24487,29185,34816,34816
24488,17590,34816,34816
24489,17592,34816,34816
24490,17591,34816,34816
24491,17593,34816,34816
24492,17594,34816,34816
24493,29186,34816,34816
24494,29187,34816,34816
24495,17595,34816,34816
24496,17597,34816,34816
24497,17596,34816,34816
24498,17598,34816,34816
24499,17599,34816,34816
24500,29188,34816,34816
24501,29189,34816,34816
24502,17600,34816,34816
24503,17602,34816,34816
24504,17601,34816,34816
24505,17603,34816,34816
24506,17604,34816,34816
24507,29190,34816,34816
24508,29191,34816,34816
24509,17605,34816,34816
24510,17607,34816,34816
24511,17606,34816,34816
24512,17608,34816,34816
24513,17609,34816,34816
24514,29192,34816,34816
24515,29193,34816,34816
24516,17610,34816,34816
24517,17612,34816,34816
24518,17611,34816,34816
24519,17613,34816,34816
24520,17614,34816,34816
24521,29194,34816,34816
24522,29195,34816,34816
24523,17615,34816,34816
24524,17617,34816,34816
24525,17616,34816,34816
24526,17618,34816,34816
24527,17619,34816,34816
24528,29196,34816,34816
24529,29197,34816,34816
24530,17620,34816,34816
24531,17622,34816,34816
24532,17621,34816,34816
24533,17623,34816,34816
24534,17624,34816,34816
24535,29198,34816,34816
24536,29199,34816,34816
24537,17625,34816,34816
24538,17627,34816,34816
24539,17626,34816,34816
24540,17628,34816,34816
24541,17629,34816,34816
24542,29200,34816,34816
24543,29201,34816,34816
24544,17630,34816,34816
24545,17632,34816,34816
24546,17631,34816,34816
24547,17633,34816,34816
24548,17634,34816,34816
24549,29202,34816,34816
24550,29203,34816,34816
24551,17635,34816,34816
24552,17637,34816,34816
24553,17636,34816,34816
24554,17638,34816,34816
24555,17639,34816,34816
24556,29204,34816,34816
24557,29205,34816,34816
24558,17640,34816,34816
24559,17642,34816,34816
24560,17641,34816,34816
24561,17643,34816,34816
24562,17644,34816,34816
24563,29206,34816,34816
24564,29207,34816,34816
24565,17645,34816,34816
24566,17647,34816,34816
24567,17646,34816,34816
24568,17648,34816,34816
24569,17649,34816,34816
24570,29208,34816,34816
24571,29209,34816,34816
24572,17650,34816,34816
24573,17652,34816,34816
24574,17651,34816,34816
24575,17653,34816,34816
24576,17654,34816,34816
24577,29210,34816,34816
24578,29211,34816,34816
24579,17655,34816,34816
24580,29179,34816,34816
24581,17656,34816,34816
24582,17657,34816,34816
24583,17659,34816,34816
24584,17658,34816,34816
24585,17660,34816,34816
24586,17661,34816,34816
24587,29213,34816,34816
24588,29214,34816,34816
24589,17662,34816,34816
24590,17664,34816,34816
24591,17663,34816,34816
24592,17665,34816,34816
24593,17666,34816,34816
24594,29215,34816,34816
24595,29216,34816,34816
24596,17667,34816,34816
24597,17669,34816,34816
24598,17668,34816,34816
24599,17670,34816,34816
24600,17671,34816,34816
24601,29217,34816,34816
24602,29218,34816,34816
24603,17672,34816,34816
24604,17674,34816,34816
24605,17673,34816,34816
24606,17675,34816,34816
24607,17676,34816,34816
24608,29219,34816,34816
24609,29220,34816,34816
24610,17677,34816,34816
24611,17679,34816,34816
24612,17678,34816,34816
24613,17680,34816,34816
24614,17681,34816,34816
24615,29221,34816,34816
24616,29222,34816,34816
24617,17682,34816,34816
24618,17684,34816,34816
24619,17683,34816,34816
24620,17685,34816,34816
24621,17686,34816,34816
24622,29223,34816,34816
24623,29224,34816,34816
24624,17687,34816,34816
24625,17689,34816,34816
24626,17688,34816,34816
24627,17690,34816,34816
24628,17691,34816,34816
24629,29225,34816,34816
24630,29226,34816,34816
24631,17692,34816,34816
24632,17694,34816,34816
24633,17693,34816,34816
24634,17695,34816,34816
24635,17696,34816,34816
24636,29227,34816,34816
24637,29228,34816,34816
24638,17697,34816,34816
24639,17699,34816,34816
24640,17698,34816,34816
24641,17700,34816,34816
24642,17701,34816,34816
24643,29229,34816,34816
24644,29230,34816,34816
24645,17702,34816,34816
24646,17704,34816,34816
24647,17703,34816,34816
24648,17705,34816,34816
24649,17706,34816,34816
24650,29231,34816,34816
24651,29232,34816,34816
24652,17707,34816,34816
24653,17709,34816,34816
24654,17708,34816,34816
24655,17710,34816,34816
24656,17711,34816,34816
24657,29233,34816,34816
24658,29234,34816,34816
24659,17712,34816,34816
24660,17714,34816,34816
24661,17713,34816,34816
24662,17715,34816,34816
24663,17716,34816,34816
24664,29235,34816,34816
24665,29236,34816,34816
24666,17717,34816,34816
24667,17719,34816,34816
24668,17718,34816,34816
24669,17720,34816,34816
24670,17721,34816,34816
24671,29237,34816,34816
24672,29238,34816,34816
24673,17722,34816,34816
24674,17724,34816,34816
24675,17723,34816,34816
24676,17725,34816,34816
24677,17726,34816,34816
24678,29239,34816,34816
24679,29240,34816,34816
24680,17727,34816,34816
24681,17729,34816,34816
24682,17728,34816,34816
24683,17730,34816,34816
24684,17731,34816,34816
24685,29241,34816,34816
24686,29242,34816,34816
24687,17732,34816,34816
24688,17734,34816,34816
24689,17733,34816,34816
24690,17735,34816,34816
24691,17736,34816,34816
24692,29243,34816,34816
24693,29244,34816,34816
24694,17737,34816,34816
24695,29212,34816,34816
24696,17738,34816,34816
24697,17739,34816,34816
24698,17741,34816,34816
24699,17740,34816,34816
24700,17742,34816,34816
24701,17743,34816,34816
24702,29246,34816,34816
24703,29247,34816,34816
24704,17744,34816,34816
24705,17746,34816,34816
24706,17745,34816,34816
24707,17747,34816,34816
24708,17748,34816,34816
24709,29248,34816,34816
24710,29249,34816,34816
24711,17749,34816,34816
24712,17751,34816,34816
24713,17750,34816,34816
24714,17752,34816,34816
24715,17753,34816,34816
24716,29250,34816,34816
24717,29251,34816,34816
24718,17754,34816,34816
24719,17756,34816,34816
24720,17755,34816,34816
24721,17757,34816,34816
24722,17758,34816,34816
24723,29252,34816,34816
24724,29253,34816,34816
24725,17759,34816,34816
24726,17761,34816,34816
24727,17760,34816,34816
24728,17762,34816,34816
24729,17763,34816,34816
24730,29254,34816,34816
24731,29255,34816,34816
24732,17764,34816,34816
24733,17766,34816,34816
24734,17765,34816,34816
24735,17767,34816,34816
24736,17768,34816,34816
24737,29256,34816,34816
24738,29257,34816,34816
24739,17769,34816,34816
24740,17771,34816,34816
24741,17770,34816,34816
24742,17772,34816,34816
24743,17773,34816,34816
24744,29258,34816,34816
24745,29259,34816,34816
24746,17774,34816,34816
24747,17776,34816,34816
24748,17775,34816,34816
24749,17777,34816,34816
24750,17778,34816,34816
24751,29260,34816,34816
24752,29261,34816,34816
24753,17779,34816,34816
24754,17781,34816,34816
24755,17780,34816,34816
24756,17782,34816,34816
24757,17783,34816,34816
24758,29262,34816,34816
24759,29263,34816,34816
24760,17784,34816,34816
24761,17786,34816,34816
24762,17785,34816,34816
24763,17787,34816,34816
24764,17788,34816,34816
24765,29264,34816,34816
24766,29265,34816,34816
24767,17789,34816,34816
24768,17791,34816,34816
24769,17790,34816,34816
24770,17792,34816,34816
24771,17793,34816,34816
24772,29266,34816,34816
24773,29267,34816,34816
24774,17794,34816,34816
24775,17796,34816,34816
24776,17795,34816,34816
24777,17797,34816,34816
24778,17798,34816,34816
24779,29268,34816,34816
24780,29269,34816,34816
24781,17799,34816,34816
24782,17801,34816,34816
24783,17800,34816,34816
24784,17802,34816,34816
24785,17803,34816,34816
24786,29270,34816,34816
24787,29271,34816,34816
24788,17804,34816,34816
24789,17806,34816,34816
24790,17805,34816,34816
24791,17807,34816,34816
24792,17808,34816,34816
24793,29272,34816,34816
24794,29273,34816,34816
24795,17809,34816,34816
24796,17811,34816,34816
24797,17810,34816,34816
24798,17812,34816,34816
24799,17813,34816,34816
24800,29274,34816,34816
24801,29275,34816,34816
24802,17814,34816,34816
24803,17816,34816,34816
24804,17815,34816,34816
24805,17817,34816,34816
24806,17818,34816,34816
24807,29276,34816,34816
24808,29277,34816,34816
24809,17819,34816,34816
24810,29245,34816,34816
24811,17820,34816,34816
24812,17821,34816,34816
24813,17823,34816,34816
24814,17822,34816,34816
24815,17824,34816,34816
24816,17825,34816,34816
24817,29279,34816,34816
24818,29280,34816,34816
24819,17826,34816,34816
24820,17828,34816,34816
24821,17827,34816,34816
24822,17829,34816,34816
24823,17830,34816,34816
24824,29281,34816,34816
24825,29282,34816,34816
24826,17831,34816,34816
24827,17833,34816,34816
24828,17832,34816,34816
24829,17834,34816,34816
24830,17835,34816,34816
24831,29283,34816,34816
24832,29284,34816,34816
24833,17836,34816,34816
24834,17838,34816,34816
24835,17837,34816,34816
24836,17839,34816,34816
24837,17840,34816,34816
24838,29285,34816,34816
24839,29286,34816,34816
24840,17841,34816,34816
24841,17843,34816,34816
24842,17842,34816,34816
24843,17844,34816,34816
24844,17845,34816,34816
24845,29287,34816,34816
24846,29288,34816,34816
24847,17846,34816,34816
24848,17848,34816,34816
24849,17847,34816,34816
24850,17849,34816,34816
24851,17850,34816,34816
24852,29289,34816,34816
24853,29290,34816,34816
24854,17851,34816,34816
24855,17853,34816,34816
24856,17852,34816,34816
24857,17854,34816,34816
24858,17855,34816,34816
24859,29291,34816,34816
24860,29292,34816,34816
24861,17856,34816,34816
24862,17858,34816,34816
24863,17857,34816,34816
24864,17859,34816,34816
24865,17860,34816,34816
24866,29293,34816,34816
24867,29294,34816,34816
24868,17861,34816,34816
24869,17863,34816,34816
24870,17862,34816,34816
24871,17864,34816,34816
24872,17865,34816,34816
24873,29295,34816,34816
24874,29296,34816,34816
24875,17866,34816,34816
24876,17868,34816,34816
24877,17867,34816,34816
24878,17869,34816,34816
24879,17870,34816,34816
24880,29297,34816,34816
24881,29298,34816,34816
24882,17871,34816,34816
24883,17873,34816,34816
24884,17872,34816,34816
24885,17874,34816,34816
24886,17875,34816,34816
24887,29299,34816,34816
24888,29300,34816,34816
24889,17876,34816,34816
24890,17878,34816,34816
24891,17877,34816,34816
24892,17879,34816,34816
24893,17880,34816,34816
24894,29301,34816,34816
24895,29302,34816,34816
24896,17881,34816,34816
24897,17883,34816,34816
24898,17882,34816,34816
24899,17884,34816,34816
24900,17885,34816,34816
24901,29303,34816,34816
24902,29304,34816,34816
24903,17886,34816,34816
24904,17888,34816,34816
24905,17887,34816,34816
24906,17889,34816,34816
24907,17890,34816,34816
24908,29305,34816,34816
24909,29306,34816,34816
24910,17891,34816,34816
24911,17893,34816,34816
24912,17892,34816,34816
24913,17894,34816,34816
24914,17895,34816,34816
24915,29307,34816,34816
24916,29308,34816,34816
24917,17896,34816,34816
24918,17898,34816,34816
24919,17897,34816,34816
24920,17899,34816,34816
24921,17900,34816,34816
24922,29309,34816,34816
24923,29310,34816,34816
24924,17901,34816,34816
24925,29278,34816,34816
24926,17902,34816,34816
24927,17903,34816,34816
24928,17905,34816,34816
24929,28801,34688,34816
24930,17904,34688,34816
24931,17906,34688,34816
24932,17907,34688,34816
24933,29312,34688,34816
24934,29313,34688,34816
24935,17908,34688,34816
24936,17910,34688,34816
24937,28804,34560,34816
24938,17909,34560,34816
24939,17911,34560,34816
24940,17912,34560,34816
24941,29314,34560,34816
24942,29315,34560,34816
24943,17913,34560,34816
24944,17915,34560,34816
24945,28807,34432,34816
24946,17914,34432,34816
24947,17916,34432,34816
24948,17917,34432,34816
24949,29316,34432,34816
24950,29317,34432,34816
24951,17918,34432,34816
24952,17920,34432,34816
24953,28810,34304,34816
24954,17919,34304,34816
24955,17921,34304,34816
24956,17922,34304,34816
24957,29318,34304,34816
24958,29319,34304,34816
24959,17923,34304,34816
24960,17925,34304,34816
24961,28813,34176,34816
24962,17924,34176,34816
24963,17926,34176,34816
24964,17927,34176,34816
24965,29320,34176,34816
24966,29321,34176,34816
24967,17928,34176,34816
24968,17930,34176,34816
24969,28816,34048,34816
24970,17929,34048,34816
24971,17931,34048,34816
24972,17932,34048,34816
24973,29322,34048,34816
24974,29323,34048,34816
24975,17933,34048,34816
24976,17935,34048,34816
24977,28819,33920,34816
24978,17934,33920,34816
24979,17936,33920,34816
24980,17937,33920,34816
24981,29324,33920,34816
24982,29325,33920,34816
24983,17938,33920,34816
24984,17940,33920,34816
24985,28822,33792,34816
24986,17939,33792,34816
24987,17941,33792,34816
24988,17942,33792,34816
24989,29326,33792,34816
24990,29327,33792,34816
24991,17943,33792,34816
24992,17945,33792,34816
24993,28825,33664,34816
24994,17944,33664,34816
24995,17946,33664,34816
24996,17947,33664,34816
24997,29328,33664,34816
24998,29329,33664,34816
24999,17948,33664,34816
25000,17950,33664,34816
25001,28828,33536,34816
25002,17949,33536,34816
25003,17951,33536,34816
25004,17952,33536,34816
25005,29330,33536,34816
25006,29331,33536,34816
25007,17953,33536,34816
25008,17955,33536,34816
25009,28831,33408,34816
25010,17954,33408,34816
25011,17956,33408,34816
25012,17957,33408,34816
25013,29332,33408,34816
25014,29333,33408,34816
25015,17958,33408,34816
25016,17960,33408,34816
25017,28834,33280,34816
25018,17959,33280,34816
25019,17961,33280,34816
25020,17962,33280,34816
25021,29334,33280,34816
25022,29335,33280,34816
25023,17963,33280,34816
25024,17965,33280,34816
25025,28837,33152,34816
25026,17964,33152,34816
25027,17966,33152,34816
25028,17967,33152,34816
25029,29336,33152,34816
25030,29337,33152,34816
25031,17968,33152,34816
25032,17970,33152,34816
25033,28840,33024,34816
25034,17969,33024,34816
25035,17971,33024,34816
25036,17972,33024,34816
25037,29338,33024,34816
25038,29339,33024,34816
25039,17973,33024,34816
25040,17975,33024,34816
25041,28843,32896,34816
25042,17974,32896,34816
25043,17976,32896,34816
25044,17977,32896,34816
25045,29340,32896,34816
25046,29341,32896,34816
25047,17978,32896,34816
25048,17980,32896,34816
25049,28846,32768,34816
25050,17979,32768,34816
25051,17981,32768,34816
25052,17982,32768,34816
25053,29342,32768,34816
25054,29343,32768,34816
25055,17983,32768,34816
25056,29311,32768,34816
25057,17984,32768,34816
25058,17987,32768,34816
25059,17988,32768,34816
25060,17990,32768,34816
25061,17985,32896,34816
25062,17986,32896,34816
25063,17989,32896,34816
25064,17991,32896,34816
25065,29346,32896,34816
25066,29347,32896,34816
25067,17994,32896,34816
25068,17995,32896,34816
25069,17997,32896,34816
25070,17992,33024,34816
25071,17993,33024,34816
25072,17996,33024,34816
25073,17998,33024,34816
25074,29349,33024,34816
25075,29350,33024,34816
25076,18001,33024,34816
25077,18002,33024,34816
25078,18004,33024,34816
25079,17999,33152,34816
25080,18000,33152,34816
25081,18003,33152,34816
25082,18005,33152,34816
25083,29352,33152,34816
25084,29353,33152,34816
25085,18008,33152,34816
25086,18009,33152,34816
25087,18011,33152,34816
25088,18006,33280,34816
25089,18007,33280,34816
25090,18010,33280,34816
25091,18012,33280,34816
25092,29355,33280,34816
25093,29356,33280,34816
25094,18015,33280,34816
25095,18016,33280,34816
25096,18018,33280,34816
25097,18013,33408,34816
25098,18014,33408,34816
25099,18017,33408,34816
25100,18019,33408,34816
25101,29358,33408,34816
25102,29359,33408,34816
25103,18022,33408,34816
25104,18023,33408,34816
25105,18025,33408,34816
25106,18020,33536,34816
25107,18021,33536,34816
25108,18024,33536,34816
25109,18026,33536,34816
25110,29361,33536,34816
25111,29362,33536,34816
25112,18029,33536,34816
25113,18030,33536,34816
25114,18032,33536,34816
25115,18027,33664,34816
25116,18028,33664,34816
25117,18031,33664,34816
25118,18033,33664,34816
25119,29364,33664,34816
25120,29365,33664,34816
25121,18036,33664,34816
25122,18037,33664,34816
25123,18039,33664,34816
25124,18034,33792,34816
25125,18035,33792,34816
25126,18038,33792,34816
25127,18040,33792,34816
25128,29367,33792,34816
25129,29368,33792,34816
25130,18043,33792,34816
25131,18044,33792,34816
25132,18046,33792,34816
25133,18041,33920,34816
25134,18042,33920,34816
25135,18045,33920,34816
25136,18047,33920,34816
25137,29370,33920,34816
25138,29371,33920,34816
25139,18050,33920,34816
25140,18051,33920,34816
25141,18053,33920,34816
25142,18048,34048,34816
25143,18049,34048,34816
25144,18052,34048,34816
25145,18054,34048,34816
25146,29373,34048,34816
25147,29374,34048,34816
25148,18057,34048,34816
25149,18058,34048,34816
25150,18060,34048,34816
25151,18055,34176,34816
25152,18056,34176,34816
25153,18059,34176,34816
25154,18061,34176,34816
25155,29376,34176,34816
25156,29377,34176,34816
25157,18064,34176,34816
25158,18065,34176,34816
25159,18067,34176,34816
25160,18062,34304,34816
25161,18063,34304,34816
25162,18066,34304,34816
25163,18068,34304,34816
25164,29379,34304,34816
25165,29380,34304,34816
25166,18071,34304,34816
25167,18072,34304,34816
25168,18074,34304,34816
25169,18069,34432,34816
25170,18070,34432,34816
25171,18073,34432,34816
25172,18075,34432,34816
25173,29382,34432,34816
25174,29383,34432,34816
25175,18078,34432,34816
25176,18079,34432,34816
25177,18081,34432,34816
25178,18076,34560,34816
25179,18077,34560,34816
25180,18080,34560,34816
25181,18082,34560,34816
25182,29385,34560,34816
25183,29386,34560,34816
25184,18085,34560,34816
25185,18086,34560,34816
25186,18088,34560,34816
25187,18083,34688,34816
25188,18084,34688,34816
25189,18087,34688,34816
25190,18089,34688,34816
25191,29388,34688,34816
25192,29389,34688,34816
25193,18092,34688,34816
25194,18093,34688,34816
25195,18095,34688,34816
25196,18090,34816,34816
25197,18091,34816,34816
25198,18094,34816,34816
25199,18096,34816,34816
25200,29391,34816,34816
25201,29392,34816,34816
25202,18097,34816,34816
25203,29344,34816,34816
25204,18098,34816,34816
25205,18099,34816,34816
25206,18101,34816,34816
25207,18100,34816,34816
25208,18102,34816,34816
25209,18103,34816,34816
25210,29394,34816,34816
25211,29395,34816,34816
25212,18104,34816,34816
25213,18106,34816,34816
25214,18105,34816,34816
25215,18107,34816,34816
25216,18108,34816,34816
25217,29396,34816,34816
25218,29397,34816,34816
25219,18109,34816,34816
25220,18111,34816,34816
25221,18110,34816,34816
25222,18112,34816,34816
25223,18113,34816,34816
25224,29398,34816,34816
25225,29399,34816,34816
25226,18114,34816,34816
25227,18116,34816,34816
25228,18115,34816,34816
25229,18117,34816,34816
25230,18118,34816,34816
25231,29400,34816,34816
25232,29401,34816,34816
25233,18119,34816,34816
25234,18121,34816,34816
25235,18120,34816,34816
25236,18122,34816,34816
25237,18123,34816,34816
25238,29402,34816,34816
25239,29403,34816,34816
25240,18124,34816,34816
25241,18126,34816,34816
25242,18125,34816,34816
25243,18127,34816,34816
25244,18128,34816,34816
25245,29404,34816,34816
25246,29405,34816,34816
25247,18129,34816,34816
25248,18131,34816,34816
25249,18130,34816,34816
25250,18132,34816,34816
25251,18133,34816,34816
25252,29406,34816,34816
25253,29407,34816,34816
25254,18134,34816,34816
25255,18136,34816,34816
25256,18135,34816,34816
25257,18137,34816,34816
25258,18138,34816,34816
25259,29408,34816,34816
25260,29409,34816,34816
25261,18139,34816,34816
25262,18141,34816,34816
25263,18140,34816,34816
25264,18142,34816,34816
25265,18143,34816,34816
25266,29410,34816,34816
25267,29411,34816,34816
25268,18144,34816,34816
25269,18146,34816,34816
25270,18145,34816,34816
25271,18147,34816,34816
25272,18148,34816,34816
25273,29412,34816,34816
25274,29413,34816,34816
25275,18149,34816,34816
25276,18151,34816,34816
25277,18150,34816,34816
25278,18152,34816,34816
25279,18153,34816,34816
25280,29414,34816,34816
25281,29415,34816,34816
25282,18154,34816,34816
25283,18156,34816,34816
25284,18155,34816,34816
25285,18157,34816,34816
25286,18158,34816,34816
25287,29416,34816,34816
25288,29417,34816,34816
25289,18159,34816,34816
25290,18161,34816,34816
25291,18160,34816,34816
25292,18162,34816,34816
25293,18163,34816,34816
25294,29418,34816,34816
25295,29419,34816,34816
25296,18164,34816,34816
25297,18166,34816,34816
25298,18165,34816,34816
25299,18167,34816,34816
25300,18168,34816,34816
25301,29420,34816,34816
25302,29421,34816,34816
25303,18169,34816,34816
25304,18171,34816,34816
25305,18170,34816,34816
25306,18172,34816,34816
25307,18173,34816,34816
25308,29422,34816,34816
25309,29423,34816,34816
25310,18174,34816,34816
25311,18176,34816,34816
25312,18175,34816,34816
25313,18177,34816,34816
25314,18178,34816,34816
25315,29424,34816,34816
25316,29425,34816,34816
25317,18179,34816,34816
25318,29393,34816,34816
25319,18180,34816,34816
25320,18181,34816,34816
25321,18183,34816,34816
25322,18182,34816,34816
25323,18184,34816,34816
25324,18185,34816,34816
25325,29427,34816,34816
25326,29428,34816,34816
25327,18186,34816,34816
25328,18188,34816,34816
25329,18187,34816,34816
25330,18189,34816,34816
25331,18190,34816,34816
25332,29429,34816,34816
25333,29430,34816,34816
25334,18191,34816,34816
25335,18193,34816,34816
25336,18192,34816,34816
25337,18194,34816,34816
25338,18195,34816,34816
25339,29431,34816,34816
25340,29432,34816,34816
25341,18196,34816,34816
25342,18198,34816,34816
25343,18197,34816,34816
25344,18199,34816,34816
25345,18200,34816,34816
25346,29433,34816,34816
25347,29434,34816,34816
25348,18201,34816,34816
25349,18203,34816,34816
25350,18202,34816,34816
25351,18204,34816,34816
25352,18205,34816,34816
25353,29435,34816,34816
25354,29436,34816,34816
25355,18206,34816,34816
25356,18208,34816,34816
25357,18207,34816,34816
25358,18209,34816,34816
25359,18210,34816,34816
25360,29437,34816,34816
25361,29438,34816,34816
25362,18211,34816,34816
25363,18213,34816,34816
25364,18212,34816,34816
25365,18214,34816,34816
25366,18215,34816,34816
25367,29439,34816,34816
25368,29440,34816,34816
25369,18216,34816,34816
25370,18218,34816,34816
25371,18217,34816,34816
25372,18219,34816,34816
25373,18220,34816,34816
25374,29441,34816,34816
25375,29442,34816,34816
25376,18221,34816,34816
25377,18223,34816,34816
25378,18222,34816,34816
25379,18224,34816,34816
25380,18225,34816,34816
25381,29443,34816,34816
25382,29444,34816,34816
25383,18226,34816,34816
25384,18228,34816,34816
25385,18227,34816,34816
25386,18229,34816,34816
25387,18230,34816,34816
25388,29445,34816,34816
25389,29446,34816,34816
25390,18231,34816,34816
25391,18233,34816,34816
25392,18232,34816,34816
25393,18234,34816,34816
25394,18235,34816,34816
25395,29447,34816,34816
25396,29448,34816,34816
25397,18236,34816,34816
25398,18238,34816,34816
25399,18237,34816,34816
25400,18239,34816,34816
25401,18240,34816,34816
25402,29449,34816,34816
25403,29450,34816,34816
25404,18241,34816,34816
25405,18243,34816,34816
25406,18242,34816,34816
25407,18244,34816,34816
25408,18245,34816,34816
25409,29451,34816,34816
25410,29452,34816,34816
25411,18246,34816,34816
25412,18248,34816,34816
25413,18247,34816,34816
25414,18249,34816,34816
25415,18250,34816,34816
25416,29453,34816,34816
25417,29454,34816,34816
25418,18251,34816,34816
25419,18253,34816,34816
25420,18252,34816,34816
25421,18254,34816,34816
25422,18255,34816,34816
25423,29455,34816,34816
25424,29456,34816,34816
25425,18256,34816,34816
25426,18258,34816,34816
25427,18257,34816,34816
25428,18259,34816,34816
25429,18260,34816,34816
25430,29457,34816,34816
25431,29458,34816,34816
25432,18261,34816,34816
25433,29426,34816,34816
25434,18262,34816,34816
25435,18263,34816,34816
25436,18265,34816,34816
25437,18264,34816,34816
25438,18266,34816,34816
25439,18267,34816,34816
25440,29460,34816,34816
25441,29461,34816,34816
25442,18268,34816,34816
25443,18270,34816,34816
25444,18269,34816,34816
25445,18271,34816,34816
25446,18272,34816,34816
25447,29462,34816,34816
25448,29463,34816,34816
25449,18273,34816,34816
25450,18275,34816,34816
25451,18274,34816,34816
25452,18276,34816,34816
25453,18277,34816,34816
25454,29464,34816,34816
25455,29465,34816,34816
25456,18278,34816,34816
25457,18280,34816,34816
25458,18279,34816,34816
25459,18281,34816,34816
25460,18282,34816,34816
25461,29466,34816,34816
25462,29467,34816,34816
25463,18283,34816,34816
25464,18285,34816,34816
25465,18284,34816,34816
25466,18286,34816,34816
25467,18287,34816,34816
25468,29468,34816,34816
25469,29469,34816,34816
25470,18288,34816,34816
25471,18290,34816,34816
25472,18289,34816,34816
25473,18291,34816,34816
25474,18292,34816,34816
25475,29470,34816,34816
25476,29471,34816,34816
25477,18293,34816,34816
25478,18295,34816,34816
25479,18294,34816,34816
25480,18296,34816,34816
25481,18297,34816,34816
25482,29472,34816,34816
25483,29473,34816,34816
25484,18298,34816,34816
25485,18300,34816,34816
25486,18299,34816,34816
25487,18301,34816,34816
25488,18302,34816,34816
25489,29474,34816,34816
25490,29475,34816,34816
25491,18303,34816,34816
25492,18305,34816,34816
25493,18304,34816,34816
25494,18306,34816,34816
25495,18307,34816,34816
25496,29476,34816,34816
25497,29477,34816,34816
25498,18308,34816,34816
25499,18310,34816,34816
25500,18309,34816,34816
25501,18311,34816,34816
25502,18312,34816,34816
25503,29478,34816,34816
25504,29479,34816,34816
25505,18313,34816,34816
25506,18315,34816,34816
25507,18314,34816,34816
25508,18316,34816,34816
25509,18317,34816,34816
25510,29480,34816,34816
25511,29481,34816,34816
25512,18318,34816,34816
25513,18320,34816,34816
25514,18319,34816,34816
25515,18321,34816,34816
25516,18322,34816,34816
25517,29482,34816,34816
25518,29483,34816,34816
25519,18323,34816,34816
25520,18325,34816,34816
25521,18324,34816,34816
25522,18326,34816,34816
25523,18327,34816,34816
25524,29484,34816,34816
25525,29485,34816,34816
25526,18328,34816,34816
25527,18330,34816,34816
25528,18329,34816,34816
25529,18331,34816,34816
25530,18332,34816,34816
25531,29486,34816,34816
25532,29487,34816,34816
25533,18333,34816,34816
25534,18335,34816,34816
25535,18334,34816,34816
25536,18336,34816,34816
25537,18337,34816,34816
25538,29488,34816,34816
25539,29489,34816,34816
25540,18338,34816,34816
25541,18340,34816,34816
25542,18339,34816,34816
25543,18341,34816,34816
25544,18342,34816,34816
25545,29490,34816,34816
25546,29491,34816,34816
25547,18343,34816,34816
25548,29459,34816,34816
25549,18344,34816,34816
25550,18345,34816,34816
25551,18347,34816,34816
25552,18346,34816,34816
25553,18348,34816,34816
25554,18349,34816,34816
25555,29493,34816,34816
25556,29494,34816,34816
25557,18350,34816,34816
25558,18352,34816,34816
25559,18351,34816,34816
25560,18353,34816,34816
25561,18354,34816,34816
25562,29495,34816,34816
25563,29496,34816,34816
25564,18355,34816,34816
25565,18357,34816,34816
25566,18356,34816,34816
25567,18358,34816,34816
25568,18359,34816,34816
25569,29497,34816,34816
25570,29498,34816,34816
25571,18360,34816,34816
25572,18362,34816,34816
25573,18361,34816,34816
25574,18363,34816,34816
25575,18364,34816,34816
25576,29499,34816,34816
25577,29500,34816,34816
25578,18365,34816,34816
25579,18367,34816,34816
25580,18366,34816,34816
25581,18368,34816,34816
25582,18369,34816,34816
25583,29501,34816,34816
25584,29502,34816,34816
25585,18370,34816,34816
25586,18372,34816,34816
25587,18371,34816,34816
25588,18373,34816,34816
25589,18374,34816,34816
25590,29503,34816,34816
25591,29504,34816,34816
25592,18375,34816,34816
25593,18377,34816,34816
25594,18376,34816,34816
25595,18378,34816,34816
25596,18379,34816,34816
25597,29505,34816,34816
25598,29506,34816,34816
25599,18380,34816,34816
25600,18382,34816,34816
25601,18381,34816,34816
25602,18383,34816,34816
25603,18384,34816,34816
25604,29507,34816,34816
25605,29508,34816,34816
25606,18385,34816,34816
25607,18387,34816,34816
25608,18386,34816,34816
25609,18388,34816,34816
25610,18389,34816,34816
25611,29509,34816,34816
25612,29510,34816,34816
25613,18390,34816,34816
25614,18392,34816,34816
25615,18391,34816,34816
25616,18393,34816,34816
25617,18394,34816,34816
25618,29511,34816,34816
25619,29512,34816,34816
25620,18395,34816,34816
25621,18397,34816,34816
25622,18396,34816,34816
25623,18398,34816,34816
25624,18399,34816,34816
25625,29513,34816,34816
25626,29514,34816,34816
25627,18400,34816,34816
25628,18402,34816,34816
25629,18401,34816,34816
25630,18403,34816,34816
25631,18404,34816,34816
25632,29515,34816,34816
25633,29516,34816,34816
25634,18405,34816,34816
25635,18407,34816,34816
25636,18406,34816,34816
25637,18408,34816,34816
25638,18409,34816,34816
25639,29517,34816,34816
25640,29518,34816,34816
25641,18410,34816,34816
25642,18412,34816,34816
25643,18411,34816,34816
25644,18413,34816,34816
25645,18414,34816,34816
25646,29519,34816,34816
25647,29520,34816,34816
25648,18415,34816,34816
25649,18417,34816,34816
25650,18416,34816,34816
25651,18418,34816,34816
25652,18419,34816,34816
25653,29521,34816,34816
25654,29522,34816,34816
25655,18420,34816,34816
25656,18422,34816,34816
25657,18421,34816,34816
25658,18423,34816,34816
25659,18424,34816,34816
25660,29523,34816,34816
25661,29524,34816,34816
25662,18425,34816,34816
25663,29492,34816,34816
25664,18426,34816,34816
25665,18427,34816,34816
25666,18429,34816,34816
25667,18428,34816,34816
25668,18430,34816,34816
25669,18431,34816,34816
25670,29526,34816,34816
25671,29527,34816,34816
25672,18432,34816,34816
25673,18434,34816,34816
25674,18433,34816,34816
25675,18435,34816,34816
25676,18436,34816,34816
25677,29528,34816,34816
25678,29529,34816,34816
25679,18437,34816,34816
25680,18439,34816,34816
25681,18438,34816,34816
25682,18440,34816,34816
25683,18441,34816,34816
25684,29530,34816,34816
25685,29531,34816,34816
25686,18442,34816,34816
25687,18444,34816,34816
25688,18443,34816,34816
25689,18445,34816,34816
25690,18446,34816,34816
25691,29532,34816,34816
25692,29533,34816,34816
25693,18447,34816,34816
25694,18449,34816,34816
25695,18448,34816,34816
25696,18450,34816,34816
25697,18451,34816,34816
25698,29534,34816,34816
25699,29535,34816,34816
25700,18452,34816,34816
25701,18454,34816,34816
25702,18453,34816,34816
25703,18455,34816,34816
25704,18456,34816,34816
25705,29536,34816,34816
25706,29537,34816,34816
25707,18457,34816,34816
25708,18459,34816,34816
25709,18458,34816,34816
25710,18460,34816,34816
25711,18461,34816,34816
25712,29538,34816,34816
25713,29539,34816,34816
25714,18462,34816,34816
25715,18464,34816,34816
25716,18463,34816,34816
25717,18465,34816,34816
25718,18466,34816,34816
25719,29540,34816,34816
25720,29541,34816,34816
25721,18467,34816,34816
25722,18469,34816,34816
25723,18468,34816,34816
25724,18470,34816,34816
25725,18471,34816,34816
25726,29542,34816,34816
25727,29543,34816,34816
25728,18472,34816,34816
25729,18474,34816,34816
25730,18473,34816,34816
25731,18475,34816,34816
25732,18476,34816,34816
25733,29544,34816,34816
25734,29545,34816,34816
25735,18477,34816,34816
25736,18479,34816,34816
25737,18478,34816,34816
25738,18480,34816,34816
25739,18481,34816,34816
25740,29546,34816,34816
25741,29547,34816,34816
25742,18482,34816,34816
25743,18484,34816,34816
25744,18483,34816,34816
25745,18485,34816,34816
25746,18486,34816,34816
25747,29548,34816,34816
25748,29549,34816,34816
25749,18487,34816,34816
25750,18489,34816,34816
25751,18488,34816,34816
25752,18490,34816,34816
25753,18491,34816,34816
25754,29550,34816,34816
25755,29551,34816,34816
25756,18492,34816,34816
25757,18494,34816,34816
25758,18493,34816,34816
25759,18495,34816,34816
25760,18496,34816,34816
25761,29552,34816,34816
25762,29553,34816,34816
25763,18497,34816,34816
25764,18499,34816,34816
25765,18498,34816,34816
25766,18500,34816,34816
25767,18501,34816,34816
25768,29554,34816,34816
25769,29555,34816,34816
25770,18502,34816,34816
25771,18504,34816,34816
25772,18503,34816,34816
25773,18505,34816,34816
25774,18506,34816,34816
25775,29556,34816,34816
25776,29557,34816,34816
25777,18507,34816,34816
25778,29525,34816,34816
25779,18508,34816,34816
25780,18509,34816,34816
25781,18511,34816,34816
25782,18510,34816,34816
25783,18512,34816,34816
25784,18513,34816,34816
25785,29559,34816,34816
25786,29560,34816,34816
25787,18514,34816,34816
25788,18516,34816,34816
25789,18515,34816,34816
25790,18517,34816,34816
25791,18518,34816,34816
25792,29561,34816,34816
25793,29562,34816,34816
25794,18519,34816,34816
25795,18521,34816,34816
25796,18520,34816,34816
25797,18522,34816,34816
25798,18523,34816,34816
25799,29563,34816,34816
25800,29564,34816,34816
25801,18524,34816,34816
25802,18526,34816,34816
25803,18525,34816,34816
25804,18527,34816,34816
25805,18528,34816,34816
25806,29565,34816,34816
25807,29566,34816,34816
25808,18529,34816,34816
25809,18531,34816,34816
25810,18530,34816,34816
25811,18532,34816,34816
25812,18533,34816,34816
25813,29567,34816,34816
25814,29568,34816,34816
25815,18534,34816,34816
25816,18536,34816,34816
25817,18535,34816,34816
25818,18537,34816,34816
25819,18538,34816,34816
25820,29569,34816,34816
25821,29570,34816,34816
25822,18539,34816,34816
25823,18541,34816,34816
25824,18540,34816,34816
25825,18542,34816,34816
25826,18543,34816,34816
25827,29571,34816,34816
25828,29572,34816,34816
25829,18544,34816,34816
25830,18546,34816,34816
25831,18545,34816,34816
25832,18547,34816,34816
25833,18548,34816,34816
25834,29573,34816,34816
25835,29574,34816,34816
25836,18549,34816,34816
25837,18551,34816,34816
25838,18550,34816,34816
25839,18552,34816,34816
25840,18553,34816,34816
25841,29575,34816,34816
25842,29576,34816,34816
25843,18554,34816,34816
25844,18556,34816,34816
25845,18555,34816,34816
25846,18557,34816,34816
25847,18558,34816,34816
25848,29577,34816,34816
25849,29578,34816,34816
25850,18559,34816,34816
25851,18561,34816,34816
25852,18560,34816,34816
25853,18562,34816,34816
25854,18563,34816,34816
25855,29579,34816,34816
25856,29580,34816,34816
25857,18564,34816,34816
25858,18566,34816,34816
25859,18565,34816,34816
25860,18567,34816,34816
25861,18568,34816,34816
25862,29581,34816,34816
25863,29582,34816,34816
25864,18569,34816,34816
25865,18571,34816,34816
25866,18570,34816,34816
25867,18572,34816,34816
25868,18573,34816,34816
25869,29583,34816,34816
25870,29584,34816,34816
25871,18574,34816,34816
25872,18576,34816,34816
25873,18575,34816,34816
25874,18577,34816,34816
25875,18578,34816,34816
25876,29585,34816,34816
25877,29586,34816,34816
25878,18579,34816,34816
25879,18581,34816,34816
25880,18580,34816,34816
25881,18582,34816,34816
25882,18583,34816,34816
25883,29587,34816,34816
25884,29588,34816,34816
25885,18584,34816,34816
25886,18586,34816,34816
25887,18585,34816,34816
25888,18587,34816,34816
25889,18588,34816,34816
25890,29589,34816,34816
25891,29590,34816,34816
25892,18589,34816,34816
25893,29558,34816,34816
25894,18590,34816,34816
25895,18591,34816,34816
25896,18593,34816,34816
25897,18592,34816,34816
25898,18594,34816,34816
25899,18595,34816,34816
25900,29592,34816,34816
25901,29593,34816,34816
25902,18596,34816,34816
25903,18598,34816,34816
25904,18597,34816,34816
25905,18599,34816,34816
25906,18600,34816,34816
25907,29594,34816,34816
25908,29595,34816,34816
25909,18601,34816,34816
25910,18603,34816,34816
25911,18602,34816,34816
25912,18604,34816,34816
25913,18605,34816,34816
25914,29596,34816,34816
25915,29597,34816,34816
25916,18606,34816,34816
25917,18608,34816,34816
25918,18607,34816,34816
25919,18609,34816,34816
25920,18610,34816,34816
25921,29598,34816,34816
25922,29599,34816,34816
25923,18611,34816,34816
25924,18613,34816,34816
25925,18612,34816,34816
25926,18614,34816,34816
25927,18615,34816,34816
25928,29600,34816,34816
25929,29601,34816,34816
25930,18616,34816,34816
25931,18618,34816,34816
25932,18617,34816,34816
25933,18619,34816,34816
25934,18620,34816,34816
25935,29602,34816,34816
25936,29603,34816,34816
25937,18621,34816,34816
25938,18623,34816,34816
25939,18622,34816,34816
25940,18624,34816,34816
25941,18625,34816,34816
25942,29604,34816,34816
25943,29605,34816,34816
25944,18626,34816,34816
25945,18628,34816,34816
25946,18627,34816,34816
25947,18629,34816,34816
25948,18630,34816,34816
25949,29606,34816,34816
25950,29607,34816,34816
25951,18631,34816,34816
25952,18633,34816,34816
25953,18632,34816,34816
25954,18634,34816,34816
25955,18635,34816,34816
25956,29608,34816,34816
25957,29609,34816,34816
25958,18636,34816,34816
25959,18638,34816,34816
25960,18637,34816,34816
25961,18639,34816,34816
25962,18640,34816,34816
25963,29610,34816,34816
25964,29611,34816,34816
25965,18641,34816,34816
25966,18643,34816,34816
25967,18642,34816,34816
25968,18644,34816,34816
25969,18645,34816,34816
25970,29612,34816,34816
25971,29613,34816,34816
25972,18646,34816,34816
25973,18648,34816,34816
25974,18647,34816,34816
25975,18649,34816,34816
25976,18650,34816,34816
25977,29614,34816,34816
25978,29615,34816,34816
25979,18651,34816,34816
25980,18653,34816,34816
25981,18652,34816,34816
25982,18654,34816,34816
25983,18655,34816,34816
25984,29616,34816,34816
25985,29617,34816,34816
25986,18656,34816,34816
25987,18658,34816,34816
25988,18657,34816,34816
25989,18659,34816,34816
25990,18660,34816,34816
25991,29618,34816,34816
25992,29619,34816,34816
25993,18661,34816,34816
25994,18663,34816,34816
25995,18662,34816,34816
25996,18664,34816,34816
25997,18665,34816,34816
25998,29620,34816,34816
25999,29621,34816,34816
26000,18666,34816,34816
26001,18668,34816,34816
26002,18667,34816,34816
26003,18669,34816,34816
26004,18670,34816,34816
26005,29622,34816,34816
26006,29623,34816,34816
26007,18671,34816,34816
26008,29591,34816,34816
26009,18672,34816,34816
26010,18673,34816,34816
26011,18675,34816,34816
26012,18674,34816,34816
26013,18676,34816,34816
26014,18677,34816,34816
26015,29625,34816,34816
26016,29626,34816,34816
26017,18678,34816,34816
26018,18680,34816,34816
26019,18679,34816,34816
26020,18681,34816,34816
26021,18682,34816,34816
26022,29627,34816,34816
26023,29628,34816,34816
26024,18683,34816,34816
26025,18685,34816,34816
26026,18684,34816,34816
26027,18686,34816,34816
26028,18687,34816,34816
26029,29629,34816,34816
26030,29630,34816,34816
26031,18688,34816,34816
26032,18690,34816,34816
26033,18689,34816,34816
26034,18691,34816,34816
26035,18692,34816,34816
26036,29631,34816,34816
26037,29632,34816,34816
26038,18693,34816,34816
26039,18695,34816,34816
26040,18694,34816,34816
26041,18696,34816,34816
26042,18697,34816,34816
26043,29633,34816,34816
26044,29634,34816,34816
26045,18698,34816,34816
26046,18700,34816,34816
26047,18699,34816,34816
26048,18701,34816,34816
26049,18702,34816,34816
26050,29635,34816,34816
26051,29636,34816,34816
26052,18703,34816,34816
26053,18705,34816,34816
26054,18704,34816,34816
26055,18706,34816,34816
26056,18707,34816,34816
26057,29637,34816,34816
26058,29638,34816,34816
26059,18708,34816,34816
26060,18710,34816,34816
26061,18709,34816,34816
26062,18711,34816,34816
26063,18712,34816,34816
26064,29639,34816,34816
26065,29640,34816,34816
26066,18713,34816,34816
26067,18715,34816,34816
26068,18714,34816,34816
26069,18716,34816,34816
26070,18717,34816,34816
26071,29641,34816,34816
26072,29642,34816,34816
26073,18718,34816,34816
26074,18720,34816,34816
26075,18719,34816,34816
26076,18721,34816,34816
26077,18722,34816,34816
26078,29643,34816,34816
26079,29644,34816,34816
26080,18723,34816,34816
26081,18725,34816,34816
26082,18724,34816,34816
26083,18726,34816,34816
26084,18727,34816,34816
26085,29645,34816,34816
26086,29646,34816,34816
26087,18728,34816,34816
26088,18730,34816,34816
26089,18729,34816,34816
26090,18731,34816,34816
26091,18732,34816,34816
26092,29647,34816,34816
26093,29648,34816,34816
26094,18733,34816,34816
26095,18735,34816,34816
26096,18734,34816,34816
26097,18736,34816,34816
26098,18737,34816,34816
26099,29649,34816,34816
26100,29650,34816,34816
26101,18738,34816,34816
26102,18740,34816,34816
26103,18739,34816,34816
26104,18741,34816,34816
26105,18742,34816,34816
26106,29651,34816,34816
26107,29652,34816,34816
26108,18743,34816,34816
26109,18745,34816,34816
26110,18744,34816,34816
26111,18746,34816,34816
26112,18747,34816,34816
26113,29653,34816,34816
26114,29654,34816,34816
26115,18748,34816,34816
26116,18750,34816,34816
26117,18749,34816,34816
26118,18751,34816,34816
26119,18752,34816,34816
26120,29655,34816,34816
26121,29656,34816,34816
26122,18753,34816,34816
26123,29624,34816,34816
26124,18754,34816,34816
26125,18755,34816,34816
26126,18757,34816,34816
26127,18756,34816,34816
26128,18758,34816,34816
26129,18759,34816,34816
26130,29658,34816,34816
26131,29659,34816,34816
26132,18760,34816,34816
26133,18762,34816,34816
26134,18761,34816,34816
26135,18763,34816,34816
26136,18764,34816,34816
26137,29660,34816,34816
26138,29661,34816,34816
26139,18765,34816,34816
26140,18767,34816,34816
26141,18766,34816,34816
26142,18768,34816,34816
26143,18769,34816,34816
26144,29662,34816,34816
26145,29663,34816,34816
26146,18770,34816,34816
26147,18772,34816,34816
26148,18771,34816,34816
26149,18773,34816,34816
26150,18774,34816,34816
26151,29664,34816,34816
26152,29665,34816,34816
26153,18775,34816,34816
26154,18777,34816,34816
26155,18776,34816,34816
26156,18778,34816,34816
26157,18779,34816,34816
26158,29666,34816,34816
26159,29667,34816,34816
26160,18780,34816,34816
26161,18782,34816,34816
26162,18781,34816,34816
26163,18783,34816,34816
26164,18784,34816,34816
26165,29668,34816,34816
26166,29669,34816,34816
26167,18785,34816,34816
26168,18787,34816,34816
26169,18786,34816,34816
26170,18788,34816,34816
26171,18789,34816,34816
26172,29670,34816,34816
26173,29671,34816,34816
26174,18790,34816,34816
26175,18792,34816,34816
26176,18791,34816,34816
26177,18793,34816,34816
26178,18794,34816,34816
26179,29672,34816,34816
26180,29673,34816,34816
26181,18795,34816,34816
26182,18797,34816,34816
26183,18796,34816,34816
26184,18798,34816,34816
26185,18799,34816,34816
26186,29674,34816,34816
26187,29675,34816,34816
26188,18800,34816,34816
26189,18802,34816,34816
26190,18801,34816,34816
26191,18803,34816,34816
26192,18804,34816,34816
26193,29676,34816,34816
26194,29677,34816,34816
26195,18805,34816,34816
26196,18807,34816,34816
26197,18806,34816,34816
26198,18808,34816,34816
26199,18809,34816,34816
26200,29678,34816,34816
26201,29679,34816,34816
26202,18810,34816,34816
26203,18812,34816,34816
26204,18811,34816,34816
26205,18813,34816,34816
26206,18814,34816,34816
26207,29680,34816,34816
26208,29681,34816,34816
26209,18815,34816,34816
26210,18817,34816,34816
26211,18816,34816,34816
26212,18818,34816,34816
26213,18819,34816,34816
26214,29682,34816,34816
26215,29683,34816,34816
26216,18820,34816,34816
26217,18822,34816,34816
26218,18821,34816,34816
26219,18823,34816,34816
26220,18824,34816,34816
26221,29684,34816,34816
26222,29685,34816,34816
26223,18825,34816,34816
26224,18827,34816,34816
26225,18826,34816,34816
26226,18828,34816,34816
26227,18829,34816,34816
26228,29686,34816,34816
26229,29687,34816,34816
26230,18830,34816,34816
26231,18832,34816,34816
26232,18831,34816,34816
26233,18833,34816,34816
26234,18834,34816,34816
26235,29688,34816,34816
26236,29689,34816,34816
26237,18835,34816,34816
26238,29657,34816,34816
26239,18836,34816,34816
26240,18837,34816,34816
26241,18839,34816,34816
26242,18838,34816,34816
26243,18840,34816,34816
26244,18841,34816,34816
26245,29691,34816,34816
26246,29692,34816,34816
26247,18842,34816,34816
26248,18844,34816,34816
26249,18843,34816,34816
26250,18845,34816,34816
26251,18846,34816,34816
26252,29693,34816,34816
26253,29694,34816,34816
26254,18847,34816,34816
26255,18849,34816,34816
26256,18848,34816,34816
26257,18850,34816,34816
26258,18851,34816,34816
26259,29695,34816,34816
26260,29696,34816,34816
26261,18852,34816,34816
26262,18854,34816,34816
26263,18853,34816,34816
26264,18855,34816,34816
26265,18856,34816,34816
26266,29697,34816,34816
26267,29698,34816,34816
26268,18857,34816,34816
26269,18859,34816,34816
26270,18858,34816,34816
26271,18860,34816,34816
26272,18861,34816,34816
26273,29699,34816,34816
26274,29700,34816,34816
26275,18862,34816,34816
26276,18864,34816,34816
26277,18863,34816,34816
26278,18865,34816,34816
26279,18866,34816,34816
26280,29701,34816,34816
26281,29702,34816,34816
26282,18867,34816,34816
26283,18869,34816,34816
26284,18868,34816,34816
26285,18870,34816,34816
26286,18871,34816,34816
26287,29703,34816,34816
26288,29704,34816,34816
26289,18872,34816,34816
26290,18874,34816,34816
26291,18873,34816,34816
26292,18875,34816,34816
26293,18876,34816,34816
26294,29705,34816,34816
26295,29706,34816,34816
26296,18877,34816,34816
26297,18879,34816,34816
26298,18878,34816,34816
26299,18880,34816,34816
26300,18881,34816,34816
26301,29707,34816,34816
26302,29708,34816,34816
26303,18882,34816,34816
26304,18884,34816,34816
26305,18883,34816,34816
26306,18885,34816,34816
26307,18886,34816,34816
26308,29709,34816,34816
26309,29710,34816,34816
26310,18887,34816,34816
26311,18889,34816,34816
26312,18888,34816,34816
26313,18890,34816,34816
26314,18891,34816,34816
26315,29711,34816,34816
26316,29712,34816,34816
26317,18892,34816,34816
26318,18894,34816,34816
26319,18893,34816,34816
26320,18895,34816,34816
26321,18896,34816,34816
26322,29713,34816,34816
26323,29714,34816,34816
26324,18897,34816,34816
26325,18899,34816,34816
26326,18898,34816,34816
26327,18900,34816,34816
26328,18901,34816,34816
26329,29715,34816,34816
26330,29716,34816,34816
26331,18902,34816,34816
26332,18904,34816,34816
26333,18903,34816,34816
26334,18905,34816,34816
26335,18906,34816,34816
26336,29717,34816,34816
26337,29718,34816,34816
26338,18907,34816,34816
26339,18909,34816,34816
26340,18908,34816,34816
26341,18910,34816,34816
26342,18911,34816,34816
26343,29719,34816,34816
26344,29720,34816,34816
26345,18912,34816,34816
26346,18914,34816,34816
26347,18913,34816,34816
26348,18915,34816,34816
26349,18916,34816,34816
26350,29721,34816,34816
26351,29722,34816,34816
26352,18917,34816,34816
26353,29690,34816,34816
26354,18918,34816,34816
26355,18919,34816,34816
26356,18921,34816,34816
26357,18920,34816,34816
26358,18922,34816,34816
26359,18923,34816,34816
26360,29724,34816,34816
26361,29725,34816,34816
26362,18924,34816,34816
26363,18926,34816,34816
26364,18925,34816,34816
26365,18927,34816,34816
26366,18928,34816,34816
26367,29726,34816,34816
26368,29727,34816,34816
26369,18929,34816,34816
26370,18931,34816,34816
26371,18930,34816,34816
26372,18932,34816,34816
26373,18933,34816,34816
26374,29728,34816,34816
26375,29729,34816,34816
26376,18934,34816,34816
26377,18936,34816,34816
26378,18935,34816,34816
26379,18937,34816,34816
26380,18938,34816,34816
26381,29730,34816,34816
26382,29731,34816,34816
26383,18939,34816,34816
26384,18941,34816,34816
26385,18940,34816,34816
26386,18942,34816,34816
26387,18943,34816,34816
26388,29732,34816,34816
26389,29733,34816,34816
26390,18944,34816,34816
26391,18946,34816,34816
26392,18945,34816,34816
26393,18947,34816,34816
26394,18948,34816,34816
26395,29734,34816,34816
26396,29735,34816,34816
26397,18949,34816,34816
26398,18951,34816,34816
26399,18950,34816,34816
26400,18952,34816,34816
26401,18953,34816,34816
26402,29736,34816,34816
26403,29737,34816,34816
26404,18954,34816,34816
26405,18956,34816,34816
26406,18955,34816,34816
26407,18957,34816,34816
26408,18958,34816,34816
26409,29738,34816,34816
26410,29739,34816,34816
26411,18959,34816,34816
26412,18961,34816,34816
26413,18960,34816,34816
26414,18962,34816,34816
26415,18963,34816,34816
26416,29740,34816,34816
26417,29741,34816,34816
26418,18964,34816,34816
26419,18966,34816,34816
26420,18965,34816,34816
26421,18967,34816,34816
26422,18968,34816,34816
26423,29742,34816,34816
26424,29743,34816,34816
26425,18969,34816,34816
26426,18971,34816,34816
26427,18970,34816,34816
26428,18972,34816,34816
26429,18973,34816,34816
26430,29744,34816,34816
26431,29745,34816,34816
26432,18974,34816,34816
26433,18976,34816,34816
26434,18975,34816,34816
26435,18977,34816,34816
26436,18978,34816,34816
26437,29746,34816,34816
26438,29747,34816,34816
26439,18979,34816,34816
26440,18981,34816,34816
26441,18980,34816,34816
26442,18982,34816,34816
26443,18983,34816,34816
26444,29748,34816,34816
26445,29749,34816,34816
26446,18984,34816,34816
26447,18986,34816,34816
26448,18985,34816,34816
26449,18987,34816,34816
26450,18988,34816,34816
26451,29750,34816,34816
26452,29751,34816,34816
26453,18989,34816,34816
26454,18991,34816,34816
26455,18990,34816,34816
26456,18992,34816,34816
26457,18993,34816,34816
26458,29752,34816,34816
26459,29753,34816,34816
26460,18994,34816,34816
26461,18996,34816,34816
26462,18995,34816,34816
26463,18997,34816,34816
26464,18998,34816,34816
26465,29754,34816,34816
26466,29755,34816,34816
26467,18999,34816,34816
26468,29723,34816,34816
26469,19000,34816,34816
26470,19001,34816,34816
26471,19003,34816,34816
26472,19002,34816,34816
26473,19004,34816,34816
26474,19005,34816,34816
26475,29757,34816,34816
26476,29758,34816,34816
26477,19006,34816,34816
26478,19008,34816,34816
26479,19007,34816,34816
26480,19009,34816,34816
26481,19010,34816,34816
26482,29759,34816,34816
26483,29760,34816,34816
26484,19011,34816,34816
26485,19013,34816,34816
26486,19012,34816,34816
26487,19014,34816,34816
26488,19015,34816,34816
26489,29761,34816,34816
26490,29762,34816,34816
26491,19016,34816,34816
26492,19018,34816,34816
26493,19017,34816,34816
26494,19019,34816,34816
26495,19020,34816,34816
26496,29763,34816,34816
26497,29764,34816,34816
26498,19021,34816,34816
26499,19023,34816,34816
26500,19022,34816,34816
26501,19024,34816,34816
26502,19025,34816,34816
26503,29765,34816,34816
26504,29766,34816,34816
26505,19026,34816,34816
26506,19028,34816,34816
26507,19027,34816,34816
26508,19029,34816,34816
26509,19030,34816,34816
26510,29767,34816,34816
26511,29768,34816,34816
26512,19031,34816,34816
26513,19033,34816,34816
26514,19032,34816,34816
26515,19034,34816,34816
26516,19035,34816,34816
26517,29769,34816,34816
26518,29770,34816,34816
26519,19036,34816,34816
26520,19038,34816,34816
26521,19037,34816,34816
26522,19039,34816,34816
26523,19040,34816,34816
26524,29771,34816,34816
26525,29772,34816,34816
26526,19041,34816,34816
26527,19043,34816,34816
26528,19042,34816,34816
26529,19044,34816,34816
26530,19045,34816,34816
26531,29773,34816,34816
26532,29774,34816,34816
26533,19046,34816,34816
26534,19048,34816,34816
26535,19047,34816,34816
26536,19049,34816,34816
26537,19050,34816,34816
26538,29775,34816,34816
26539,29776,34816,34816
26540,19051,34816,34816
26541,19053,34816,34816
26542,19052,34816,34816
26543,19054,34816,34816
26544,19055,34816,34816
26545,29777,34816,34816
26546,29778,34816,34816
26547,19056,34816,34816
26548,19058,34816,34816
26549,19057,34816,34816
26550,19059,34816,34816
26551,19060,34816,34816
26552,29779,34816,34816
26553,29780,34816,34816
26554,19061,34816,34816
26555,19063,34816,34816
26556,19062,34816,34816
26557,19064,34816,34816
26558,19065,34816,34816
26559,29781,34816,34816
26560,29782,34816,34816
26561,19066,34816,34816
26562,19068,34816,34816
26563,19067,34816,34816
26564,19069,34816,34816
26565,19070,34816,34816
26566,29783,34816,34816
26567,29784,34816,34816
26568,19071,34816,34816
26569,19073,34816,34816
26570,19072,34816,34816
26571,19074,34816,34816
26572,19075,34816,34816
26573,29785,34816,34816
26574,29786,34816,34816
26575,19076,34816,34816
26576,19078,34816,34816
26577,19077,34816,34816
26578,19079,34816,34816
26579,19080,34816,34816
26580,29787,34816,34816
26581,29788,34816,34816
26582,19081,34816,34816
26583,29756,34816,34816
26584,19082,34816,34816
26585,19083,34816,34816
26586,19085,34816,34816
26587,19084,34816,34816
26588,19086,34816,34816
26589,19087,34816,34816
26590,29790,34816,34816
26591,29791,34816,34816
26592,19088,34816,34816
26593,19090,34816,34816
26594,19089,34816,34816
26595,19091,34816,34816
26596,19092,34816,34816
26597,29792,34816,34816
26598,29793,34816,34816
26599,19093,34816,34816
26600,19095,34816,34816
26601,19094,34816,34816
26602,19096,34816,34816
26603,19097,34816,34816
26604,29794,34816,34816
26605,29795,34816,34816
26606,19098,34816,34816
26607,19100,34816,34816
26608,19099,34816,34816
26609,19101,34816,34816
26610,19102,34816,34816
26611,29796,34816,34816
26612,29797,34816,34816
26613,19103,34816,34816
26614,19105,34816,34816
26615,19104,34816,34816
26616,19106,34816,34816
26617,19107,34816,34816
26618,29798,34816,34816
26619,29799,34816,34816
26620,19108,34816,34816
26621,19110,34816,34816
26622,19109,34816,34816
26623,19111,34816,34816
26624,19112,34816,34816
26625,29800,34816,34816
26626,29801,34816,34816
26627,19113,34816,34816
26628,19115,34816,34816
26629,19114,34816,34816
26630,19116,34816,34816
26631,19117,34816,34816
26632,29802,34816,34816
26633,29803,34816,34816
26634,19118,34816,34816
26635,19120,34816,34816
26636,19119,34816,34816
26637,19121,34816,34816
26638,19122,34816,34816
26639,29804,34816,34816
26640,29805,34816,34816
26641,19123,34816,34816
26642,19125,34816,34816
26643,19124,34816,34816
26644,19126,34816,34816
26645,19127,34816,34816
26646,29806,34816,34816
26647,29807,34816,34816
26648,19128,34816,34816
26649,19130,34816,34816
26650,19129,34816,34816
26651,19131,34816,34816
26652,19132,34816,34816
26653,29808,34816,34816
26654,29809,34816,34816
26655,19133,34816,34816
26656,19135,34816,34816
26657,19134,34816,34816
26658,19136,34816,34816
26659,19137,34816,34816
26660,29810,34816,34816
26661,29811,34816,34816
26662,19138,34816,34816
26663,19140,34816,34816
26664,19139,34816,34816
26665,19141,34816,34816
26666,19142,34816,34816
26667,29812,34816,34816
26668,29813,34816,34816
26669,19143,34816,34816
26670,19145,34816,34816
26671,19144,34816,34816
26672,19146,34816,34816
26673,19147,34816,34816
26674,29814,34816,34816
26675,29815,34816,34816
26676,19148,34816,34816
26677,19150,34816,34816
26678,19149,34816,34816
26679,19151,34816,34816
26680,19152,34816,34816
26681,29816,34816,34816
26682,29817,34816,34816
26683,19153,34816,34816
26684,19155,34816,34816
26685,19154,34816,34816
26686,19156,34816,34816
26687,19157,34816,34816
26688,29818,34816,34816
26689,29819,34816,34816
26690,19158,34816,34816
26691,19160,34816,34816
26692,19159,34816,34816
26693,19161,34816,34816
26694,19162,34816,34816
26695,29820,34816,34816
26696,29821,34816,34816
26697,19163,34816,34816
26698,29789,34816,34816
26699,19164,34816,34816
26700,19165,34816,34816
26701,19167,34816,34816
26702,19166,34816,34816
26703,19168,34816,34816
26704,19169,34816,34816
26705,29823,34816,34816
26706,29824,34816,34816
26707,19170,34816,34816
26708,19172,34816,34816
26709,19171,34816,34816
26710,19173,34816,34816
26711,19174,34816,34816
26712,29825,34816,34816
26713,29826,34816,34816
26714,19175,34816,34816
26715,19177,34816,34816
26716,19176,34816,34816
26717,19178,34816,34816
26718,19179,34816,34816
26719,29827,34816,34816
26720,29828,34816,34816
26721,19180,34816,34816
26722,19182,34816,34816
26723,19181,34816,34816
26724,19183,34816,34816
26725,19184,34816,34816
26726,29829,34816,34816
26727,29830,34816,34816
26728,19185,34816,34816
26729,19187,34816,34816
26730,19186,34816,34816
26731,19188,34816,34816
26732,19189,34816,34816
26733,29831,34816,34816
26734,29832,34816,34816
26735,19190,34816,34816
26736,19192,34816,34816
26737,19191,34816,34816
26738,19193,34816,34816
26739,19194,34816,34816
26740,29833,34816,34816
26741,29834,34816,34816
26742,19195,34816,34816
26743,19197,34816,34816
26744,19196,34816,34816
26745,19198,34816,34816
26746,19199,34816,34816
26747,29835,34816,34816
26748,29836,34816,34816
26749,19200,34816,34816
26750,19202,34816,34816
26751,19201,34816,34816
26752,19203,34816,34816
26753,19204,34816,34816
26754,29837,34816,34816
26755,29838,34816,34816
26756,19205,34816,34816
26757,19207,34816,34816
26758,19206,34816,34816
26759,19208,34816,34816
26760,19209,34816,34816
26761,29839,34816,34816
26762,29840,34816,34816
26763,19210,34816,34816
26764,19212,34816,34816
26765,19211,34816,34816
26766,19213,34816,34816
26767,19214,34816,34816
26768,29841,34816,34816
26769,29842,34816,34816
26770,19215,34816,34816
26771,19217,34816,34816
26772,19216,34816,34816
26773,19218,34816,34816
26774,19219,34816,34816
26775,29843,34816,34816
26776,29844,34816,34816
26777,19220,34816,34816
26778,19222,34816,34816
26779,19221,34816,34816
26780,19223,34816,34816
26781,19224,34816,34816
26782,29845,34816,34816
26783,29846,34816,34816
26784,19225,34816,34816
26785,19227,34816,34816
26786,19226,34816,34816
26787,19228,34816,34816
26788,19229,34816,34816
26789,29847,34816,34816
26790,29848,34816,34816
26791,19230,34816,34816
26792,19232,34816,34816
26793,19231,34816,34816
26794,19233,34816,34816
26795,19234,34816,34816
26796,29849,34816,34816
26797,29850,34816,34816
26798,19235,34816,34816
26799,19237,34816,34816
26800,19236,34816,34816
26801,19238,34816,34816
26802,19239,34816,34816
26803,29851,34816,34816
26804,29852,34816,34816
26805,19240,34816,34816
26806,19242,34816,34816
26807,19241,34816,34816
26808,19243,34816,34816
26809,19244,34816,34816
26810,29853,34816,34816
26811,29854,34816,34816
26812,19245,34816,34816
26813,29822,34816,34816
26814,19246,34816,34816
26815,19247,34816,34816
26816,19249,34816,34816
26817,29345,34688,34816
26818,19248,34688,34816
26819,19250,34688,34816
26820,19251,34688,34816
26821,29856,34688,34816
26822,29857,34688,34816
26823,19252,34688,34816
26824,19254,34688,34816
26825,29348,34560,34816
26826,19253,34560,34816
26827,19255,34560,34816
26828,19256,34560,34816
26829,29858,34560,34816
26830,29859,34560,34816
26831,19257,34560,34816
26832,19259,34560,34816
26833,29351,34432,34816
26834,19258,34432,34816
26835,19260,34432,34816
26836,19261,34432,34816
26837,29860,34432,34816
26838,29861,34432,34816
26839,19262,34432,34816
26840,19264,34432,34816
26841,29354,34304,34816
26842,19263,34304,34816
26843,19265,34304,34816
26844,19266,34304,34816
26845,29862,34304,34816
26846,29863,34304,34816
26847,19267,34304,34816
26848,19269,34304,34816
26849,29357,34176,34816
26850,19268,34176,34816
26851,19270,34176,34816
26852,19271,34176,34816
26853,29864,34176,34816
26854,29865,34176,34816
26855,19272,34176,34816
26856,19274,34176,34816
26857,29360,34048,34816
26858,19273,34048,34816
26859,19275,34048,34816
26860,19276,34048,34816
26861,29866,34048,34816
26862,29867,34048,34816
26863,19277,34048,34816
26864,19279,34048,34816
26865,29363,33920,34816
26866,19278,33920,34816
26867,19280,33920,34816
26868,19281,33920,34816
26869,29868,33920,34816
26870,29869,33920,34816
26871,19282,33920,34816
26872,19284,33920,34816
26873,29366,33792,34816
26874,19283,33792,34816
26875,19285,33792,34816
26876,19286,33792,34816
26877,29870,33792,34816
26878,29871,33792,34816
26879,19287,33792,34816
26880,19289,33792,34816
26881,29369,33664,34816
26882,19288,33664,34816
26883,19290,33664,34816
26884,19291,33664,34816
26885,29872,33664,34816
26886,29873,33664,34816
26887,19292,33664,34816
26888,19294,33664,34816
26889,29372,33536,34816
26890,19293,33536,34816
26891,19295,33536,34816
26892,19296,33536,34816
26893,29874,33536,34816
26894,29875,33536,34816
26895,19297,33536,34816
26896,19299,33536,34816
26897,29375,33408,34816
26898,19298,33408,34816
26899,19300,33408,34816
26900,19301,33408,34816
26901,29876,33408,34816
26902,29877,33408,34816
26903,19302,33408,34816
26904,19304,33408,34816
26905,29378,33280,34816
26906,19303,33280,34816
26907,19305,33280,34816
26908,19306,33280,34816
26909,29878,33280,34816
26910,29879,33280,34816
26911,19307,33280,34816
26912,19309,33280,34816
26913,29381,33152,34816
26914,19308,33152,34816
26915,19310,33152,34816
26916,19311,33152,34816
26917,29880,33152,34816
26918,29881,33152,34816
26919,19312,33152,34816
26920,19314,33152,34816
26921,29384,33024,34816
26922,19313,33024,34816
26923,19315,33024,34816
26924,19316,33024,34816
26925,29882,33024,34816
26926,29883,33024,34816
26927,19317,33024,34816
26928,19319,33024,34816
26929,29387,32896,34816
26930,19318,32896,34816
26931,19320,32896,34816
26932,19321,32896,34816
26933,29884,32896,34816
26934,29885,32896,34816
26935,19322,32896,34816
26936,19324,32896,34816
26937,29390,32768,34816
26938,19323,32768,34816
26939,19325,32768,34816
26940,19326,32768,34816
26941,29886,32768,34816
26942,29887,32768,34816
26943,19327,32768,34816
26944,29855,32768,34816
26945,19328,32768,34816
26946,19331,32768,34816
26947,19332,32768,34816
26948,19334,32768,34816
26949,19329,32896,34816
26950,19330,32896,34816
26951,19333,32896,34816
26952,19335,32896,34816
26953,29890,32896,34816
26954,29891,32896,34816
26955,19338,32896,34816
26956,19339,32896,34816
26957,19341,32896,34816
26958,19336,33024,34816
26959,19337,33024,34816
26960,19340,33024,34816
26961,19342,33024,34816
26962,29893,33024,34816
26963,29894,33024,34816
26964,19345,33024,34816
26965,19346,33024,34816
26966,19348,33024,34816
26967,19343,33152,34816
26968,19344,33152,34816
26969,19347,33152,34816
26970,19349,33152,34816
26971,29896,33152,34816
26972,29897,33152,34816
26973,19352,33152,34816
26974,19353,33152,34816
26975,19355,33152,34816
26976,19350,33280,34816
26977,19351,33280,34816
26978,19354,33280,34816
26979,19356,33280,34816
26980,29899,33280,34816
26981,29900,33280,34816
26982,19359,33280,34816
26983,19360,33280,34816
26984,19362,33280,34816
26985,19357,33408,34816
26986,19358,33408,34816
26987,19361,33408,34816
26988,19363,33408,34816
26989,29902,33408,34816
26990,29903,33408,34816
26991,19366,33408,34816
26992,19367,33408,34816
26993,19369,33408,34816
26994,19364,33536,34816
26995,19365,33536,34816
26996,19368,33536,34816
26997,19370,33536,34816
26998,29905,33536,34816
26999,29906,33536,34816
27000,19373,33536,34816
27001,19374,33536,34816
27002,19376,33536,34816
27003,19371,33664,34816
27004,19372,33664,34816
27005,19375,33664,34816
27006,19377,33664,34816
27007,29908,33664,34816
27008,29909,33664,34816
27009,19380,33664,34816
27010,19381,33664,34816
27011,19383,33664,34816
27012,19378,33792,34816
27013,19379,33792,34816
27014,19382,33792,34816
27015,19384,33792,34816
27016,29911,33792,34816
27017,29912,33792,34816
27018,19387,33792,34816
27019,19388,33792,34816
27020,19390,33792,34816
27021,19385,33920,34816
27022,19386,33920,34816
27023,19389,33920,34816
27024,19391,33920,34816
27025,29914,33920,34816
27026,29915,33920,34816
27027,19394,33920,34816
27028,19395,33920,34816
27029,19397,33920,34816
27030,19392,34048,34816
27031,19393,34048,34816
27032,19396,34048,34816
27033,19398,34048,34816
27034,29917,34048,34816
27035,29918,34048,34816
27036,19401,34048,34816
27037,19402,34048,34816
27038,19404,34048,34816
27039,19399,34176,34816
27040,19400,34176,34816
27041,19403,34176,34816
27042,19405,34176,34816
27043,29920,34176,34816
27044,29921,34176,34816
27045,19408,34176,34816
27046,19409,34176,34816
27047,19411,34176,34816
27048,19406,34304,34816
27049,19407,34304,34816
27050,19410,34304,34816
27051,19412,34304,34816
27052,29923,34304,34816
27053,29924,34304,34816
27054,19415,34304,34816
27055,19416,34304,34816
27056,19418,34304,34816
27057,19413,34432,34816
27058,19414,34432,34816
27059,19417,34432,34816
27060,19419,34432,34816
27061,29926,34432,34816
27062,29927,34432,34816
27063,19422,34432,34816
27064,19423,34432,34816
27065,19425,34432,34816
27066,19420,34560,34816
27067,19421,34560,34816
27068,19424,34560,34816
27069,19426,34560,34816
27070,29929,34560,34816
27071,29930,34560,34816
27072,19429,34560,34816
27073,19430,34560,34816
27074,19432,34560,34816
27075,19427,34688,34816
27076,19428,34688,34816
27077,19431,34688,34816
27078,19433,34688,34816
27079,29932,34688,34816
27080,29933,34688,34816
27081,19436,34688,34816
27082,19437,34688,34816
27083,19439,34688,34816
27084,19434,34816,34816
27085,19435,34816,34816
27086,19438,34816,34816
27087,19440,34816,34816
27088,29935,34816,34816
27089,29936,34816,34816
27090,19441,34816,34816
27091,29888,34816,34816
27092,19442,34816,34816
27093,19443,34816,34816
27094,19445,34816,34816
27095,19444,34816,34816
27096,19446,34816,34816
27097,19447,34816,34816
27098,29938,34816,34816
27099,29939,34816,34816
27100,19448,34816,34816
27101,19450,34816,34816
27102,19449,34816,34816
27103,19451,34816,34816
27104,19452,34816,34816
27105,29940,34816,34816
27106,29941,34816,34816
27107,19453,34816,34816
27108,19455,34816,34816
27109,19454,34816,34816
27110,19456,34816,34816
27111,19457,34816,34816
27112,29942,34816,34816
27113,29943,34816,34816
27114,19458,34816,34816
27115,19460,34816,34816
27116,19459,34816,34816
27117,19461,34816,34816
27118,19462,34816,34816
27119,29944,34816,34816
27120,29945,34816,34816
27121,19463,34816,34816
27122,19465,34816,34816
27123,19464,34816,34816
27124,19466,34816,34816
27125,19467,34816,34816
27126,29946,34816,34816
27127,29947,34816,34816
27128,19468,34816,34816
27129,19470,34816,34816
27130,19469,34816,34816
27131,19471,34816,34816
27132,19472,34816,34816
27133,29948,34816,34816
27134,29949,34816,34816
27135,19473,34816,34816
27136,19475,34816,34816
27137,19474,34816,34816
27138,19476,34816,34816
27139,19477,34816,34816
27140,29950,34816,34816
27141,29951,34816,34816
27142,19478,34816,34816
27143,19480,34816,34816
27144,19479,34816,34816
27145,19481,34816,34816
27146,19482,34816,34816
27147,29952,34816,34816
27148,29953,34816,34816
27149,19483,34816,34816
27150,19485,34816,34816
27151,19484,34816,34816
27152,19486,34816,34816
27153,19487,34816,34816
27154,29954,34816,34816
27155,29955,34816,34816
27156,19488,34816,34816
27157,19490,34816,34816
27158,19489,34816,34816
27159,19491,34816,34816
27160,19492,34816,34816
27161,29956,34816,34816
27162,29957,34816,34816
27163,19493,34816,34816
27164,19495,34816,34816
27165,19494,34816,34816
27166,19496,34816,34816
27167,19497,34816,34816
27168,29958,34816,34816
27169,29959,34816,34816
27170,19498,34816,34816
27171,19500,34816,34816
27172,19499,34816,34816
27173,19501,34816,34816
27174,19502,34816,34816
27175,29960,34816,34816
27176,29961,34816,34816
27177,19503,34816,34816
27178,19505,34816,34816
27179,19504,34816,34816
27180,19506,34816,34816
27181,19507,34816,34816
27182,29962,34816,34816
27183,29963,34816,34816
27184,19508,34816,34816
27185,19510,34816,34816
27186,19509,34816,34816
27187,19511,34816,34816
27188,19512,34816,34816
27189,29964,34816,34816
27190,29965,34816,34816
27191,19513,34816,34816
27192,19515,34816,34816
27193,19514,34816,34816
27194,19516,34816,34816
27195,19517,34816,34816
27196,29966,34816,34816
27197,29967,34816,34816
27198,19518,34816,34816
27199,19520,34816,34816
27200,19519,34816,34816
27201,19521,34816,34816
27202,19522,34816,34816
27203,29968,34816,34816
27204,29969,34816,34816
27205,19523,34816,34816
27206,29937,34816,34816
27207,19524,34816,34816
27208,19525,34816,34816
27209,19527,34816,34816
27210,19526,34816,34816
27211,19528,34816,34816
27212,19529,34816,34816
27213,29971,34816,34816
27214,29972,34816,34816
27215,19530,34816,34816
27216,19532,34816,34816
27217,19531,34816,34816
27218,19533,34816,34816
27219,19534,34816,34816
27220,29973,34816,34816
27221,29974,34816,34816
27222,19535,34816,34816
27223,19537,34816,34816
27224,19536,34816,34816
27225,19538,34816,34816
27226,19539,34816,34816
27227,29975,34816,34816
27228,29976,34816,34816
27229,19540,34816,34816
27230,19542,34816,34816
27231,19541,34816,34816
27232,19543,34816,34816
27233,19544,34816,34816
27234,29977,34816,34816
27235,29978,34816,34816
27236,19545,34816,34816
27237,19547,34816,34816
27238,19546,34816,34816
27239,19548,34816,34816
27240,19549,34816,34816
27241,29979,34816,34816
27242,29980,34816,34816
27243,19550,34816,34816
27244,19552,34816,34816
27245,19551,34816,34816
27246,19553,34816,34816
27247,19554,34816,34816
27248,29981,34816,34816
27249,29982,34816,34816
27250,19555,34816,34816
27251,19557,34816,34816
27252,19556,34816,34816
27253,19558,34816,34816
27254,19559,34816,34816
27255,29983,34816,34816
27256,29984,34816,34816
27257,19560,34816,34816
27258,19562,34816,34816
27259,19561,34816,34816
27260,19563,34816,34816
27261,19564,34816,34816
27262,29985,34816,34816
27263,29986,34816,34816
27264,19565,34816,34816
27265,19567,34816,34816
27266,19566,34816,34816
27267,19568,34816,34816
27268,19569,34816,34816
27269,29987,34816,34816
27270,29988,34816,34816
27271,19570,34816,34816
27272,19572,34816,34816
27273,19571,34816,34816
27274,19573,34816,34816
27275,19574,34816,34816
27276,29989,34816,34816
27277,29990,34816,34816
27278,19575,34816,34816
27279,19577,34816,34816
27280,19576,34816,34816
27281,19578,34816,34816
27282,19579,34816,34816
27283,29991,34816,34816
27284,29992,34816,34816
27285,19580,34816,34816
27286,19582,34816,34816
27287,19581,34816,34816
27288,19583,34816,34816
27289,19584,34816,34816
27290,29993,34816,34816
27291,29994,34816,34816
27292,19585,34816,34816
27293,19587,34816,34816
27294,19586,34816,34816
27295,19588,34816,34816
27296,19589,34816,34816
27297,29995,34816,34816
27298,29996,34816,34816
27299,19590,34816,34816
27300,19592,34816,34816
27301,19591,34816,34816
27302,19593,34816,34816
27303,19594,34816,34816
27304,29997,34816,34816
27305,29998,34816,34816
27306,19595,34816,34816
27307,19597,34816,34816
27308,19596,34816,34816
27309,19598,34816,34816
27310,19599,34816,34816
27311,29999,34816,34816
27312,30000,34816,34816
27313,19600,34816,34816
27314,19602,34816,34816
27315,19601,34816,34816
27316,19603,34816,34816
27317,19604,34816,34816
27318,30001,34816,34816
27319,30002,34816,34816
27320,19605,34816,34816
27321,29970,34816,34816
27322,19606,34816,34816
27323,19607,34816,34816
27324,19609,34816,34816
27325,19608,34816,34816
27326,19610,34816,34816
27327,19611,34816,34816
27328,30004,34816,34816
27329,30005,34816,34816
27330,19612,34816,34816
27331,19614,34816,34816
27332,19613,34816,34816
27333,19615,34816,34816
27334,19616,34816,34816
27335,30006,34816,34816
27336,30007,34816,34816
27337,19617,34816,34816
27338,19619,34816,34816
27339,19618,34816,34816
27340,19620,34816,34816
27341,19621,34816,34816
27342,30008,34816,34816
27343,30009,34816,34816
27344,19622,34816,34816
27345,19624,34816,34816
27346,19623,34816,34816
27347,19625,34816,34816
27348,19626,34816,34816
27349,30010,34816,34816
27350,30011,34816,34816
27351,19627,34816,34816
27352,19629,34816,34816
27353,19628,34816,34816
27354,19630,34816,34816
27355,19631,34816,34816
27356,30012,34816,34816
27357,30013,34816,34816
27358,19632,34816,34816
27359,19634,34816,34816
27360,19633,34816,34816
27361,19635,34816,34816
27362,19636,34816,34816
27363,30014,34816,34816
27364,30015,34816,34816
27365,19637,34816,34816
27366,19639,34816,34816
27367,19638,34816,34816
27368,19640,34816,34816
27369,19641,34816,34816
27370,30016,34816,34816
27371,30017,34816,34816
27372,19642,34816,34816
27373,19644,34816,34816
27374,19643,34816,34816
27375,19645,34816,34816
27376,19646,34816,34816
27377,30018,34816,34816
27378,30019,34816,34816
27379,19647,34816,34816
27380,19649,34816,34816
27381,19648,34816,34816
27382,19650,34816,34816
27383,19651,34816,34816
27384,30020,34816,34816
27385,30021,34816,34816
27386,19652,34816,34816
27387,19654,34816,34816
27388,19653,34816,34816
27389,19655,34816,34816
27390,19656,34816,34816
27391,30022,34816,34816
27392,30023,34816,34816
27393,19657,34816,34816
27394,19659,34816,34816
27395,19658,34816,34816
27396,19660,34816,34816
27397,19661,34816,34816
27398,30024,34816,34816
27399,30025,34816,34816
27400,19662,34816,34816
27401,19664,34816,34816
27402,19663,34816,34816
27403,19665,34816,34816
27404,19666,34816,34816
27405,30026,34816,34816
27406,30027,34816,34816
27407,19667,34816,34816
27408,19669,34816,34816
27409,19668,34816,34816
27410,19670,34816,34816
27411,19671,34816,34816
27412,30028,34816,34816
27413,30029,34816,34816
27414,19672,34816,34816
27415,19674,34816,34816
27416,19673,34816,34816
27417,19675,34816,34816
27418,19676,34816,34816
27419,30030,34816,34816
27420,30031,34816,34816
27421,19677,34816,34816
27422,19679,34816,34816
27423,19678,34816,34816
27424,19680,34816,34816
27425,19681,34816,34816
27426,30032,34816,34816
27427,30033,34816,34816
27428,19682,34816,34816
27429,19684,34816,34816
27430,19683,34816,34816
27431,19685,34816,34816
27432,19686,34816,34816
27433,30034,34816,34816
27434,30035,34816,34816
27435,19687,34816,34816
27436,30003,34816,34816
27437,19688,34816,34816
27438,19689,34816,34816
27439,19691,34816,34816
27440,19690,34816,34816
27441,19692,34816,34816
27442,19693,34816,34816
27443,30037,34816,34816
27444,30038,34816,34816
27445,19694,34816,34816
27446,19696,34816,34816
27447,19695,34816,34816
27448,19697,34816,34816
27449,19698,34816,34816
27450,30039,34816,34816
27451,30040,34816,34816
27452,19699,34816,34816
27453,19701,34816,34816
27454,19700,34816,34816
27455,19702,34816,34816
27456,19703,34816,34816
27457,30041,34816,34816
27458,30042,34816,34816
27459,19704,34816,34816
27460,19706,34816,34816
27461,19705,34816,34816
27462,19707,34816,34816
27463,19708,34816,34816
27464,30043,34816,34816
27465,30044,34816,34816
27466,19709,34816,34816
27467,19711,34816,34816
27468,19710,34816,34816
27469,19712,34816,34816
27470,19713,34816,34816
27471,30045,34816,34816
27472,30046,34816,34816
27473,19714,34816,34816
27474,19716,34816,34816
27475,19715,34816,34816
27476,19717,34816,34816
27477,19718,34816,34816
27478,30047,34816,34816
27479,30048,34816,34816
27480,19719,34816,34816
27481,19721,34816,34816
27482,19720,34816,34816
27483,19722,34816,34816
27484,19723,34816,34816
27485,30049,34816,34816
27486,30050,34816,34816
27487,19724,34816,34816
27488,19726,34816,34816
27489,19725,34816,34816
27490,19727,34816,34816
27491,19728,34816,34816
27492,30051,34816,34816
27493,30052,34816,34816
27494,19729,34816,34816
27495,19731,34816,34816
27496,19730,34816,34816
27497,19732,34816,34816
27498,19733,34816,34816
27499,30053,34816,34816
27500,30054,34816,34816
27501,19734,34816,34816
27502,19736,34816,34816
27503,19735,34816,34816
27504,19737,34816,34816
27505,19738,34816,34816
27506,30055,34816,34816
27507,30056,34816,34816
27508,19739,34816,34816
27509,19741,34816,34816
27510,19740,34816,34816
27511,19742,34816,34816
27512,19743,34816,34816
27513,30057,34816,34816
27514,30058,34816,34816
27515,19744,34816,34816
27516,19746,34816,34816
27517,19745,34816,34816
27518,19747,34816,34816
27519,19748,34816,34816
27520,30059,34816,34816
27521,30060,34816,34816
27522,19749,34816,34816
27523,19751,34816,34816
27524,19750,34816,34816
27525,19752,34816,34816
27526,19753,34816,34816
27527,30061,34816,34816
27528,30062,34816,34816
27529,19754,34816,34816
27530,19756,34816,34816
27531,19755,34816,34816
27532,19757,34816,34816
27533,19758,34816,34816
27534,30063,34816,34816
27535,30064,34816,34816
27536,19759,34816,34816
27537,19761,34816,34816
27538,19760,34816,34816
27539,19762,34816,34816
27540,19763,34816,34816
27541,30065,34816,34816
27542,30066,34816,34816
27543,19764,34816,34816
27544,19766,34816,34816
27545,19765,34816,34816
27546,19767,34816,34816
27547,19768,34816,34816
27548,30067,34816,34816
27549,30068,34816,34816
27550,19769,34816,34816
27551,30036,34816,34816
27552,19770,34816,34816
27553,19771,34816,34816
27554,19773,34816,34816
27555,19772,34816,34816
27556,19774,34816,34816
27557,19775,34816,34816
27558,30070,34816,34816
27559,30071,34816,34816
27560,19776,34816,34816
27561,19778,34816,34816
27562,19777,34816,34816
27563,19779,34816,34816
27564,19780,34816,34816
27565,30072,34816,34816
27566,30073,34816,34816
27567,19781,34816,34816
27568,19783,34816,34816
27569,19782,34816,34816
27570,19784,34816,34816
27571,19785,34816,34816
27572,30074,34816,34816
27573,30075,34816,34816
27574,19786,34816,34816
27575,19788,34816,34816
27576,19787,34816,34816
27577,19789,34816,34816
27578,19790,34816,34816
27579,30076,34816,34816
27580,30077,34816,34816
27581,19791,34816,34816
27582,19793,34816,34816
27583,19792,34816,34816
27584,19794,34816,34816
27585,19795,34816,34816
27586,30078,34816,34816
27587,30079,34816,34816
27588,19796,34816,34816
27589,19798,34816,34816
27590,19797,34816,34816
27591,19799,34816,34816
27592,19800,34816,34816
27593,30080,34816,34816
27594,30081,34816,34816
27595,19801,34816,34816
27596,19803,34816,34816
27597,19802,34816,34816
27598,19804,34816,34816
27599,19805,34816,34816
27600,30082,34816,34816
27601,30083,34816,34816
27602,19806,34816,34816
27603,19808,34816,34816
27604,19807,34816,34816
27605,19809,34816,34816
27606,19810,34816,34816
27607,30084,34816,34816
27608,30085,34816,34816
27609,19811,34816,34816
27610,19813,34816,34816
27611,19812,34816,34816
27612,19814,34816,34816
27613,19815,34816,34816
27614,30086,34816,34816
27615,30087,34816,34816
27616,19816,34816,34816
27617,19818,34816,34816
27618,19817,34816,34816
27619,19819,34816,34816
27620,19820,34816,34816
27621,30088,34816,34816
27622,30089,34816,34816
27623,19821,34816,34816
27624,19823,34816,34816
27625,19822,34816,34816
27626,19824,34816,34816
27627,19825,34816,34816
27628,30090,34816,34816
27629,30091,34816,34816
27630,19826,34816,34816
27631,19828,34816,34816
27632,19827,34816,34816
27633,19829,34816,34816
27634,19830,34816,34816
27635,30092,34816,34816
27636,30093,34816,34816
27637,19831,34816,34816
27638,19833,34816,34816
27639,19832,34816,34816
27640,19834,34816,34816
27641,19835,34816,34816
27642,30094,34816,34816
27643,30095,34816,34816
27644,19836,34816,34816
27645,19838,34816,34816
27646,19837,34816,34816
27647,19839,34816,34816
27648,19840,34816,34816
27649,30096,34816,34816
27650,30097,34816,34816
27651,19841,34816,34816
27652,19843,34816,34816
27653,19842,34816,34816
27654,19844,34816,34816
27655,19845,34816,34816
27656,30098,34816,34816
27657,30099,34816,34816
27658,19846,34816,34816
27659,19848,34816,34816
27660,19847,34816,34816
27661,19849,34816,34816
27662,19850,34816,34816
27663,30100,34816,34816
27664,30101,34816,34816
27665,19851,34816,34816
27666,30069,34816,34816
27667,19852,34816,34816
27668,19853,34816,34816
27669,19855,34816,34816
27670,19854,34816,34816
27671,19856,34816,34816
27672,19857,34816,34816
27673,30103,34816,34816
27674,30104,34816,34816
27675,19858,34816,34816
27676,19860,34816,34816
27677,19859,34816,34816
27678,19861,34816,34816
27679,19862,34816,34816
27680,30105,34816,34816
27681,30106,34816,34816
27682,19863,34816,34816
27683,19865,34816,34816
27684,19864,34816,34816
27685,19866,34816,34816
27686,19867,34816,34816
27687,30107,34816,34816
27688,30108,34816,34816
27689,19868,34816,34816
27690,19870,34816,34816
27691,19869,34816,34816
27692,19871,34816,34816
27693,19872,34816,34816
27694,30109,34816,34816
27695,30110,34816,34816
27696,19873,34816,34816
27697,19875,34816,34816
27698,19874,34816,34816
27699,19876,34816,34816
27700,19877,34816,34816
27701,30111,34816,34816
27702,30112,34816,34816
27703,19878,34816,34816
27704,19880,34816,34816
27705,19879,34816,34816
27706,19881,34816,34816
27707,19882,34816,34816
27708,30113,34816,34816
27709,30114,34816,34816
27710,19883,34816,34816
27711,19885,34816,34816
27712,19884,34816,34816
27713,19886,34816,34816
27714,19887,34816,34816
27715,30115,34816,34816
27716,30116,34816,34816
27717,19888,34816,34816
27718,19890,34816,34816
27719,19889,34816,34816
27720,19891,34816,34816
27721,19892,34816,34816
27722,30117,34816,34816
27723,30118,34816,34816
27724,19893,34816,34816
27725,19895,34816,34816
27726,19894,34816,34816
27727,19896,34816,34816
27728,19897,34816,34816
27729,30119,34816,34816
27730,30120,34816,34816
27731,19898,34816,34816
27732,19900,34816,34816
27733,19899,34816,34816
27734,19901,34816,34816
27735,19902,34816,34816
27736,30121,34816,34816
27737,30122,34816,34816
27738,19903,34816,34816
27739,19905,34816,34816
27740,19904,34816,34816
27741,19906,34816,34816
27742,19907,34816,34816
27743,30123,34816,34816
27744,30124,34816,34816
27745,19908,34816,34816
27746,19910,34816,34816
27747,19909,34816,34816
27748,19911,34816,34816
27749,19912,34816,34816
27750,30125,34816,34816
27751,30126,34816,34816
27752,19913,34816,34816
27753,19915,34816,34816
27754,19914,34816,34816
27755,19916,34816,34816
27756,19917,34816,34816
27757,30127,34816,34816
27758,30128,34816,34816
27759,19918,34816,34816
27760,19920,34816,34816
27761,19919,34816,34816
27762,19921,34816,34816
27763,19922,34816,34816
27764,30129,34816,34816
27765,30130,34816,34816
27766,19923,34816,34816
27767,19925,34816,34816
27768,19924,34816,34816
27769,19926,34816,34816
27770,19927,34816,34816
27771,30131,34816,34816
27772,30132,34816,34816
27773,19928,34816,34816
27774,19930,34816,34816
27775,19929,34816,34816
27776,19931,34816,34816
27777,19932,34816,34816
27778,30133,34816,34816
27779,30134,34816,34816
27780,19933,34816,34816
27781,30102,34816,34816
27782,19934,34816,34816
27783,19935,34816,34816
27784,19937,34816,34816
27785,19936,34816,34816
27786,19938,34816,34816
27787,19939,34816,34816
27788,30136,34816,34816
27789,30137,34816,34816
27790,19940,34816,34816
27791,19942,34816,34816
27792,19941,34816,34816
27793,19943,34816,34816
27794,19944,34816,34816
27795,30138,34816,34816
27796,30139,34816,34816
27797,19945,34816,34816
27798,19947,34816,34816
27799,19946,34816,34816
27800,19948,34816,34816
27801,19949,34816,34816
27802,30140,34816,34816
27803,30141,34816,34816
27804,19950,34816,34816
27805,19952,34816,34816
27806,19951,34816,34816
27807,19953,34816,34816
27808,19954,34816,34816
27809,30142,34816,34816
27810,30143,34816,34816
27811,19955,34816,34816
27812,19957,34816,34816
27813,19956,34816,34816
27814,19958,34816,34816
27815,19959,34816,34816
27816,30144,34816,34816
27817,30145,34816,34816
27818,19960,34816,34816
27819,19962,34816,34816
27820,19961,34816,34816
27821,19963,34816,34816
27822,19964,34816,34816
27823,30146,34816,34816
27824,30147,34816,34816
27825,19965,34816,34816
27826,19967,34816,34816
27827,19966,34816,34816
27828,19968,34816,34816
27829,19969,34816,34816
27830,30148,34816,34816
27831,30149,34816,34816
27832,19970,34816,34816
27833,19972,34816,34816
27834,19971,34816,34816
27835,19973,34816,34816
27836,19974,34816,34816
27837,30150,34816,34816
27838,30151,34816,34816
27839,19975,34816,34816
27840,19977,34816,34816
27841,19976,34816,34816
27842,19978,34816,34816
27843,19979,34816,34816
27844,30152,34816,34816
27845,30153,34816,34816
27846,19980,34816,34816
27847,19982,34816,34816
27848,19981,34816,34816
27849,19983,34816,34816
27850,19984,34816,34816
27851,30154,34816,34816
27852,30155,34816,34816
27853,19985,34816,34816
27854,19987,34816,34816
27855,19986,34816,34816
27856,19988,34816,34816
27857,19989,34816,34816
27858,30156,34816,34816
27859,30157,34816,34816
27860,19990,34816,34816
27861,19992,34816,34816
27862,19991,34816,34816
27863,19993,34816,34816
27864,19994,34816,34816
27865,30158,34816,34816
27866,30159,34816,34816
27867,19995,34816,34816
27868,19997,34816,34816
27869,19996,34816,34816
27870,19998,34816,34816
27871,19999,34816,34816
27872,30160,34816,34816
27873,30161,34816,34816
27874,20000,34816,34816
27875,20002,34816,34816
27876,20001,34816,34816
27877,20003,34816,34816
27878,20004,34816,34816
27879,30162,34816,34816
27880,30163,34816,34816
27881,20005,34816,34816
27882,20007,34816,34816
27883,20006,34816,34816
27884,20008,34816,34816
27885,20009,34816,34816
27886,30164,34816,34816
27887,30165,34816,34816
27888,20010,34816,34816
27889,20012,34816,34816
27890,20011,34816,34816
27891,20013,34816,34816
27892,20014,34816,34816
27893,30166,34816,34816
27894,30167,34816,34816
27895,20015,34816,34816
27896,30135,34816,34816
27897,20016,34816,34816
27898,20017,34816,34816
27899,20019,34816,34816
27900,20018,34816,34816
27901,20020,34816,34816
27902,20021,34816,34816
27903,30169,34816,34816
27904,30170,34816,34816
27905,20022,34816,34816
27906,20024,34816,34816
27907,20023,34816,34816
27908,20025,34816,34816
27909,20026,34816,34816
27910,30171,34816,34816
27911,30172,34816,34816
27912,20027,34816,34816
27913,20029,34816,34816
27914,20028,34816,34816
27915,20030,34816,34816
27916,20031,34816,34816
27917,30173,34816,34816
27918,30174,34816,34816
27919,20032,34816,34816
27920,20034,34816,34816
27921,20033,34816,34816
27922,20035,34816,34816
27923,20036,34816,34816
27924,30175,34816,34816
27925,30176,34816,34816
27926,20037,34816,34816
27927,20039,34816,34816
27928,20038,34816,34816
27929,20040,34816,34816
27930,20041,34816,34816
27931,30177,34816,34816
27932,30178,34816,34816
27933,20042,34816,34816
27934,20044,34816,34816
27935,20043,34816,34816
27936,20045,34816,34816
27937,20046,34816,34816
27938,30179,34816,34816
27939,30180,34816,34816
27940,20047,34816,34816
27941,20049,34816,34816
27942,20048,34816,34816
27943,20050,34816,34816
27944,20051,34816,34816
27945,30181,34816,34816
27946,30182,34816,34816
27947,20052,34816,34816
27948,20054,34816,34816
27949,20053,34816,34816
27950,20055,34816,34816
27951,20056,34816,34816
27952,30183,34816,34816
27953,30184,34816,34816
27954,20057,34816,34816
27955,20059,34816,34816
27956,20058,34816,34816
27957,20060,34816,34816
27958,20061,34816,34816
27959,30185,34816,34816
27960,30186,34816,34816
27961,20062,34816,34816
27962,20064,34816,34816
27963,20063,34816,34816
27964,20065,34816,34816
27965,20066,34816,34816
27966,30187,34816,34816
27967,30188,34816,34816
27968,20067,34816,34816
27969,20069,34816,34816
27970,20068,34816,34816
27971,20070,34816,34816
27972,20071,34816,34816
27973,30189,34816,34816
27974,30190,34816,34816
27975,20072,34816,34816
27976,20074,34816,34816
27977,20073,34816,34816
27978,20075,34816,34816
27979,20076,34816,34816
27980,30191,34816,34816
27981,30192,34816,34816
27982,20077,34816,34816
27983,20079,34816,34816
27984,20078,34816,34816
27985,20080,34816,34816
27986,20081,34816,34816
27987,30193,34816,34816
27988,30194,34816,34816
27989,20082,34816,34816
27990,20084,34816,34816
27991,20083,34816,34816
27992,20085,34816,34816
27993,20086,34816,34816
27994,30195,34816,34816
27995,30196,34816,34816
27996,20087,34816,34816
27997,20089,34816,34816
27998,20088,34816,34816
27999,20090,34816,34816
28000,20091,34816,34816
28001,30197,34816,34816
28002,30198,34816,34816
28003,20092,34816,34816
28004,20094,34816,34816
28005,20093,34816,34816
28006,20095,34816,34816
28007,20096,34816,34816
28008,30199,34816,34816
28009,30200,34816,34816
28010,20097,34816,34816
28011,30168,34816,34816
28012,20098,34816,34816
28013,20099,34816,34816
28014,20101,34816,34816
28015,20100,34816,34816
28016,20102,34816,34816
28017,20103,34816,34816
28018,30202,34816,34816
28019,30203,34816,34816
28020,20104,34816,34816
28021,20106,34816,34816
28022,20105,34816,34816
28023,20107,34816,34816
28024,20108,34816,34816
28025,30204,34816,34816
28026,30205,34816,34816
28027,20109,34816,34816
28028,20111,34816,34816
28029,20110,34816,34816
28030,20112,34816,34816
28031,20113,34816,34816
28032,30206,34816,34816
28033,30207,34816,34816
28034,20114,34816,34816
28035,20116,34816,34816
28036,20115,34816,34816
28037,20117,34816,34816
28038,20118,34816,34816
28039,30208,34816,34816
28040,30209,34816,34816
28041,20119,34816,34816
28042,20121,34816,34816
28043,20120,34816,34816
28044,20122,34816,34816
28045,20123,34816,34816
28046,30210,34816,34816
28047,30211,34816,34816
28048,20124,34816,34816
28049,20126,34816,34816
28050,20125,34816,34816
28051,20127,34816,34816
28052,20128,34816,34816
28053,30212,34816,34816
28054,30213,34816,34816
28055,20129,34816,34816
28056,20131,34816,34816
28057,20130,34816,34816
28058,20132,34816,34816
28059,20133,34816,34816
28060,30214,34816,34816
28061,30215,34816,34816
28062,20134,34816,34816
28063,20136,34816,34816
28064,20135,34816,34816
28065,20137,34816,34816
28066,20138,34816,34816
28067,30216,34816,34816
28068,30217,34816,34816
28069,20139,34816,34816
28070,20141,34816,34816
28071,20140,34816,34816
28072,20142,34816,34816
28073,20143,34816,34816
28074,30218,34816,34816
28075,30219,34816,34816
28076,20144,34816,34816
28077,20146,34816,34816
28078,20145,34816,34816
28079,20147,34816,34816
28080,20148,34816,34816
28081,30220,34816,34816
28082,30221,34816,34816
28083,20149,34816,34816
28084,20151,34816,34816
28085,20150,34816,34816
28086,20152,34816,34816
28087,20153,34816,34816
28088,30222,34816,34816
28089,30223,34816,34816
28090,20154,34816,34816
28091,20156,34816,34816
28092,20155,34816,34816
28093,20157,34816,34816
28094,20158,34816,34816
28095,30224,34816,34816
28096,30225,34816,34816
28097,20159,34816,34816
28098,20161,34816,34816
28099,20160,34816,34816
28100,20162,34816,34816
28101,20163,34816,34816
28102,30226,34816,34816
28103,30227,34816,34816
28104,20164,34816,34816
28105,20166,34816,34816
28106,20165,34816,34816
28107,20167,34816,34816
28108,20168,34816,34816
28109,30228,34816,34816
28110,30229,34816,34816
28111,20169,34816,34816
28112,20171,34816,34816
28113,20170,34816,34816
28114,20172,34816,34816
28115,20173,34816,34816
28116,30230,34816,34816
28117,30231,34816,34816
28118,20174,34816,34816
28119,20176,34816,34816
28120,20175,34816,34816
28121,20177,34816,34816
28122,20178,34816,34816
28123,30232,34816,34816
28124,30233,34816,34816
28125,20179,34816,34816
28126,30201,34816,34816
28127,20180,34816,34816
28128,20181,34816,34816
28129,20183,34816,34816
28130,20182,34816,34816
28131,20184,34816,34816
28132,20185,34816,34816
28133,30235,34816,34816
28134,30236,34816,34816
28135,20186,34816,34816
28136,20188,34816,34816
28137,20187,34816,34816
28138,20189,34816,34816
28139,20190,34816,34816
28140,30237,34816,34816
28141,30238,34816,34816
28142,20191,34816,34816
28143,20193,34816,34816
28144,20192,34816,34816
28145,20194,34816,34816
28146,20195,34816,34816
28147,30239,34816,34816
28148,30240,34816,34816
28149,20196,34816,34816
28150,20198,34816,34816
28151,20197,34816,34816
28152,20199,34816,34816
28153,20200,34816,34816
28154,30241,34816,34816
28155,30242,34816,34816
28156,20201,34816,34816
28157,20203,34816,34816
28158,20202,34816,34816
28159,20204,34816,34816
28160,20205,34816,34816
28161,30243,34816,34816
28162,30244,34816,34816
28163,20206,34816,34816
28164,20208,34816,34816
28165,20207,34816,34816
28166,20209,34816,34816
28167,20210,34816,34816
28168,30245,34816,34816
28169,30246,34816,34816
28170,20211,34816,34816
28171,20213,34816,34816
28172,20212,34816,34816
28173,20214,34816,34816
28174,20215,34816,34816
28175,30247,34816,34816
28176,30248,34816,34816
28177,20216,34816,34816
28178,20218,34816,34816
28179,20217,34816,34816
28180,20219,34816,34816
28181,20220,34816,34816
28182,30249,34816,34816
28183,30250,34816,34816
28184,20221,34816,34816
28185,20223,34816,34816
28186,20222,34816,34816
28187,20224,34816,34816
28188,20225,34816,34816
28189,30251,34816,34816
28190,30252,34816,34816
28191,20226,34816,34816
28192,20228,34816,34816
28193,20227,34816,34816
28194,20229,34816,34816
28195,20230,34816,34816
28196,30253,34816,34816
28197,30254,34816,34816
28198,20231,34816,34816
28199,20233,34816,34816
28200,20232,34816,34816
28201,20234,34816,34816
28202,20235,34816,34816
28203,30255,34816,34816
28204,30256,34816,34816
28205,20236,34816,34816
28206,20238,34816,34816
28207,20237,34816,34816
28208,20239,34816,34816
28209,20240,34816,34816
28210,30257,34816,34816
28211,30258,34816,34816
28212,20241,34816,34816
28213,20243,34816,34816
28214,20242,34816,34816
28215,20244,34816,34816
28216,20245,34816,34816
28217,30259,34816,34816
28218,30260,34816,34816
28219,20246,34816,34816
28220,20248,34816,34816
28221,20247,34816,34816
28222,20249,34816,34816
28223,20250,34816,34816
28224,30261,34816,34816
28225,30262,34816,34816
28226,20251,34816,34816
28227,20253,34816,34816
28228,20252,34816,34816
28229,20254,34816,34816
28230,20255,34816,34816
28231,30263,34816,34816
28232,30264,34816,34816
28233,20256,34816,34816
28234,20258,34816,34816
28235,20257,34816,34816
28236,20259,34816,34816
28237,20260,34816,34816
28238,30265,34816,34816
28239,30266,34816,34816
28240,20261,34816,34816
28241,30234,34816,34816
28242,20262,34816,34816
28243,20263,34816,34816
28244,20265,34816,34816
28245,20264,34816,34816
28246,20266,34816,34816
28247,20267,34816,34816
28248,30268,34816,34816
28249,30269,34816,34816
28250,20268,34816,34816
28251,20270,34816,34816
28252,20269,34816,34816
28253,20271,34816,34816
28254,20272,34816,34816
28255,30270,34816,34816
28256,30271,34816,34816
28257,20273,34816,34816
28258,20275,34816,34816
28259,20274,34816,34816
28260,20276,34816,34816
28261,20277,34816,34816
28262,30272,34816,34816
28263,30273,34816,34816
28264,20278,34816,34816
28265,20280,34816,34816
28266,20279,34816,34816
28267,20281,34816,34816
28268,20282,34816,34816
28269,30274,34816,34816
28270,30275,34816,34816
28271,20283,34816,34816
28272,20285,34816,34816
28273,20284,34816,34816
28274,20286,34816,34816
28275,20287,34816,34816
28276,30276,34816,34816
28277,30277,34816,34816
28278,20288,34816,34816
28279,20290,34816,34816
28280,20289,34816,34816
28281,20291,34816,34816
28282,20292,34816,34816
28283,30278,34816,34816
28284,30279,34816,34816
28285,20293,34816,34816
28286,20295,34816,34816
28287,20294,34816,34816
28288,20296,34816,34816
28289,20297,34816,34816
28290,30280,34816,34816
28291,30281,34816,34816
28292,20298,34816,34816
28293,20300,34816,34816
28294,20299,34816,34816
28295,20301,34816,34816
28296,20302,34816,34816
28297,30282,34816,34816
28298,30283,34816,34816
28299,20303,34816,34816
28300,20305,34816,34816
28301,20304,34816,34816
28302,20306,34816,34816
28303,20307,34816,34816
28304,30284,34816,34816
28305,30285,34816,34816
28306,20308,34816,34816
28307,20310,34816,34816
28308,20309,34816,34816
28309,20311,34816,34816
28310,20312,34816,34816
28311,30286,34816,34816
28312,30287,34816,34816
28313,20313,34816,34816
28314,20315,34816,34816
28315,20314,34816,34816
28316,20316,34816,34816
28317,20317,34816,34816
28318,30288,34816,34816
28319,30289,34816,34816
28320,20318,34816,34816
28321,20320,34816,34816
28322,20319,34816,34816
28323,20321,34816,34816
28324,20322,34816,34816
28325,30290,34816,34816
28326,30291,34816,34816
28327,20323,34816,34816
28328,20325,34816,34816
28329,20324,34816,34816
28330,20326,34816,34816
28331,20327,34816,34816
28332,30292,34816,34816
28333,30293,34816,34816
28334,20328,34816,34816
28335,20330,34816,34816
28336,20329,34816,34816
28337,20331,34816,34816
28338,20332,34816,34816
28339,30294,34816,34816
28340,30295,34816,34816
28341,20333,34816,34816
28342,20335,34816,34816
28343,20334,34816,34816
28344,20336,34816,34816
28345,20337,34816,34816
28346,30296,34816,34816
28347,30297,34816,34816
28348,20338,34816,34816
28349,20340,34816,34816
28350,20339,34816,34816
28351,20341,34816,34816
28352,20342,34816,34816
28353,30298,34816,34816
28354,30299,34816,34816
28355,20343,34816,34816
28356,30267,34816,34816
28357,20344,34816,34816
28358,20345,34816,34816
28359,20347,34816,34816
28360,20346,34816,34816
28361,20348,34816,34816
28362,20349,34816,34816
28363,30301,34816,34816
28364,30302,34816,34816
28365,20350,34816,34816
28366,20352,34816,34816
28367,20351,34816,34816
28368,20353,34816,34816
28369,20354,34816,34816
28370,30303,34816,34816
28371,30304,34816,34816
28372,20355,34816,34816
28373,20357,34816,34816
28374,20356,34816,34816
28375,20358,34816,34816
28376,20359,34816,34816
28377,30305,34816,34816
28378,30306,34816,34816
28379,20360,34816,34816
28380,20362,34816,34816
28381,20361,34816,34816
28382,20363,34816,34816
28383,20364,34816,34816
28384,30307,34816,34816
28385,30308,34816,34816
28386,20365,34816,34816
28387,20367,34816,34816
28388,20366,34816,34816
28389,20368,34816,34816
28390,20369,34816,34816
28391,30309,34816,34816
28392,30310,34816,34816
28393,20370,34816,34816
28394,20372,34816,34816
28395,20371,34816,34816
28396,20373,34816,34816
28397,20374,34816,34816
28398,30311,34816,34816
28399,30312,34816,34816
28400,20375,34816,34816
28401,20377,34816,34816
28402,20376,34816,34816
28403,20378,34816,34816
28404,20379,34816,34816
28405,30313,34816,34816
28406,30314,34816,34816
28407,20380,34816,34816
28408,20382,34816,34816
28409,20381,34816,34816
28410,20383,34816,34816
28411,20384,34816,34816
28412,30315,34816,34816
28413,30316,34816,34816
28414,20385,34816,34816
28415,20387,34816,34816
28416,20386,34816,34816
28417,20388,34816,34816
28418,20389,34816,34816
28419,30317,34816,34816
28420,30318,34816,34816
28421,20390,34816,34816
28422,20392,34816,34816
28423,20391,34816,34816
28424,20393,34816,34816
28425,20394,34816,34816
28426,30319,34816,34816
28427,30320,34816,34816
28428,20395,34816,34816
28429,20397,34816,34816
28430,20396,34816,34816
28431,20398,34816,34816
28432,20399,34816,34816
28433,30321,34816,34816
28434,30322,34816,34816
28435,20400,34816,34816
28436,20402,34816,34816
28437,20401,34816,34816
28438,20403,34816,34816
28439,20404,34816,34816
28440,30323,34816,34816
28441,30324,34816,34816
28442,20405,34816,34816
28443,20407,34816,34816
28444,20406,34816,34816
28445,20408,34816,34816
28446,20409,34816,34816
28447,30325,34816,34816
28448,30326,34816,34816
28449,20410,34816,34816
28450,20412,34816,34816
28451,20411,34816,34816
28452,20413,34816,34816
28453,20414,34816,34816
28454,30327,34816,34816
28455,30328,34816,34816
28456,20415,34816,34816
28457,20417,34816,34816
28458,20416,34816,34816
28459,20418,34816,34816
28460,20419,34816,34816
28461,30329,34816,34816
28462,30330,34816,34816
28463,20420,34816,34816
28464,20422,34816,34816
28465,20421,34816,34816
28466,20423,34816,34816
28467,20424,34816,34816
28468,30331,34816,34816
28469,30332,34816,34816
28470,20425,34816,34816
28471,30300,34816,34816
28472,20426,34816,34816
28473,20427,34816,34816
28474,20429,34816,34816
28475,20428,34816,34816
28476,20430,34816,34816
28477,20431,34816,34816
28478,30334,34816,34816
28479,30335,34816,34816
28480,20432,34816,34816
28481,20434,34816,34816
28482,20433,34816,34816
28483,20435,34816,34816
28484,20436,34816,34816
28485,30336,34816,34816
28486,30337,34816,34816
28487,20437,34816,34816
28488,20439,34816,34816
28489,20438,34816,34816
28490,20440,34816,34816
28491,20441,34816,34816
28492,30338,34816,34816
28493,30339,34816,34816
28494,20442,34816,34816
28495,20444,34816,34816
28496,20443,34816,34816
28497,20445,34816,34816
28498,20446,34816,34816
28499,30340,34816,34816
28500,30341,34816,34816
28501,20447,34816,34816
28502,20449,34816,34816
28503,20448,34816,34816
28504,20450,34816,34816
28505,20451,34816,34816
28506,30342,34816,34816
28507,30343,34816,34816
28508,20452,34816,34816
28509,20454,34816,34816
28510,20453,34816,34816
28511,20455,34816,34816
28512,20456,34816,34816
28513,30344,34816,34816
28514,30345,34816,34816
28515,20457,34816,34816
28516,20459,34816,34816
28517,20458,34816,34816
28518,20460,34816,34816
28519,20461,34816,34816
28520,30346,34816,34816
28521,30347,34816,34816
28522,20462,34816,34816
28523,20464,34816,34816
28524,20463,34816,34816
28525,20465,34816,34816
28526,20466,34816,34816
28527,30348,34816,34816
28528,30349,34816,34816
28529,20467,34816,34816
28530,20469,34816,34816
28531,20468,34816,34816
28532,20470,34816,34816
28533,20471,34816,34816
28534,30350,34816,34816
28535,30351,34816,34816
28536,20472,34816,34816
28537,20474,34816,34816
28538,20473,34816,34816
28539,20475,34816,34816
28540,20476,34816,34816
28541,30352,34816,34816
28542,30353,34816,34816
28543,20477,34816,34816
28544,20479,34816,34816
28545,20478,34816,34816
28546,20480,34816,34816
28547,20481,34816,34816
28548,30354,34816,34816
28549,30355,34816,34816
28550,20482,34816,34816
28551,20484,34816,34816
28552,20483,34816,34816
28553,20485,34816,34816
28554,20486,34816,34816
28555,30356,34816,34816
28556,30357,34816,34816
28557,20487,34816,34816
28558,20489,34816,34816
28559,20488,34816,34816
28560,20490,34816,34816
28561,20491,34816,34816
28562,30358,34816,34816
28563,30359,34816,34816
28564,20492,34816,34816
28565,20494,34816,34816
28566,20493,34816,34816
28567,20495,34816,34816
28568,20496,34816,34816
28569,30360,34816,34816
28570,30361,34816,34816
28571,20497,34816,34816
28572,20499,34816,34816
28573,20498,34816,34816
28574,20500,34816,34816
28575,20501,34816,34816
28576,30362,34816,34816
28577,30363,34816,34816
28578,20502,34816,34816
28579,20504,34816,34816
28580,20503,34816,34816
28581,20505,34816,34816
28582,20506,34816,34816
28583,30364,34816,34816
28584,30365,34816,34816
28585,20507,34816,34816
28586,30333,34816,34816
28587,20508,34816,34816
28588,20509,34816,34816
28589,20511,34816,34816
28590,20510,34816,34816
28591,20512,34816,34816
28592,20513,34816,34816
28593,30367,34816,34816
28594,30368,34816,34816
28595,20514,34816,34816
28596,20516,34816,34816
28597,20515,34816,34816
28598,20517,34816,34816
28599,20518,34816,34816
28600,30369,34816,34816
28601,30370,34816,34816
28602,20519,34816,34816
28603,20521,34816,34816
28604,20520,34816,34816
28605,20522,34816,34816
28606,20523,34816,34816
28607,30371,34816,34816
28608,30372,34816,34816
28609,20524,34816,34816
28610,20526,34816,34816
28611,20525,34816,34816
28612,20527,34816,34816
28613,20528,34816,34816
28614,30373,34816,34816
28615,30374,34816,34816
28616,20529,34816,34816
28617,20531,34816,34816
28618,20530,34816,34816
28619,20532,34816,34816
28620,20533,34816,34816
28621,30375,34816,34816
28622,30376,34816,34816
28623,20534,34816,34816
28624,20536,34816,34816
28625,20535,34816,34816
28626,20537,34816,34816
28627,20538,34816,34816
28628,30377,34816,34816
28629,30378,34816,34816
28630,20539,34816,34816
28631,20541,34816,34816
28632,20540,34816,34816
28633,20542,34816,34816
28634,20543,34816,34816
28635,30379,34816,34816
28636,30380,34816,34816
28637,20544,34816,34816
28638,20546,34816,34816
28639,20545,34816,34816
28640,20547,34816,34816
28641,20548,34816,34816
28642,30381,34816,34816
28643,30382,34816,34816
28644,20549,34816,34816
28645,20551,34816,34816
28646,20550,34816,34816
28647,20552,34816,34816
28648,20553,34816,34816
28649,30383,34816,34816
28650,30384,34816,34816
28651,20554,34816,34816
28652,20556,34816,34816
28653,20555,34816,34816
28654,20557,34816,34816
28655,20558,34816,34816
28656,30385,34816,34816
28657,30386,34816,34816
28658,20559,34816,34816
28659,20561,34816,34816
28660,20560,34816,34816
28661,20562,34816,34816
28662,20563,34816,34816
28663,30387,34816,34816
28664,30388,34816,34816
28665,20564,34816,34816
28666,20566,34816,34816
28667,20565,34816,34816
28668,20567,34816,34816
28669,20568,34816,34816
28670,30389,34816,34816
28671,30390,34816,34816
28672,20569,34816,34816
28673,20571,34816,34816
28674,20570,34816,34816
28675,20572,34816,34816
28676,20573,34816,34816
28677,30391,34816,34816
28678,30392,34816,34816
28679,20574,34816,34816
28680,20576,34816,34816
28681,20575,34816,34816
28682,20577,34816,34816
28683,20578,34816,34816
28684,30393,34816,34816
28685,30394,34816,34816
28686,20579,34816,34816
28687,20581,34816,34816
28688,20580,34816,34816
28689,20582,34816,34816
28690,20583,34816,34816
28691,30395,34816,34816
28692,30396,34816,34816
28693,20584,34816,34816
28694,20586,34816,34816
28695,20585,34816,34816
28696,20587,34816,34816
28697,20588,34816,34816
28698,30397,34816,34816
28699,30398,34816,34816
28700,20589,34816,34816
28701,30366,34816,34816
28702,20590,34816,34816
28703,20591,34816,34816
28704,20593,34816,34816
28705,29889,34688,34816
28706,20592,34688,34816
28707,20594,34688,34816
28708,20595,34688,34816
28709,30400,34688,34816
28710,30401,34688,34816
28711,20596,34688,34816
28712,20598,34688,34816
28713,29892,34560,34816
28714,20597,34560,34816
28715,20599,34560,34816
28716,20600,34560,34816
28717,30402,34560,34816
28718,30403,34560,34816
28719,20601,34560,34816
28720,20603,34560,34816
28721,29895,34432,34816
28722,20602,34432,34816
28723,20604,34432,34816
28724,20605,34432,34816
28725,30404,34432,34816
28726,30405,34432,34816
28727,20606,34432,34816
28728,20608,34432,34816
28729,29898,34304,34816
28730,20607,34304,34816
28731,20609,34304,34816
28732,20610,34304,34816
28733,30406,34304,34816
28734,30407,34304,34816
28735,20611,34304,34816
28736,20613,34304,34816
28737,29901,34176,34816
28738,20612,34176,34816
28739,20614,34176,34816
28740,20615,34176,34816
28741,30408,34176,34816
28742,30409,34176,34816
28743,20616,34176,34816
28744,20618,34176,34816
28745,29904,34048,34816
28746,20617,34048,34816
28747,20619,34048,34816
28748,20620,34048,34816
28749,30410,34048,34816
28750,30411,34048,34816
28751,20621,34048,34816
28752,20623,34048,34816
28753,29907,33920,34816
28754,20622,33920,34816
28755,20624,33920,34816
28756,20625,33920,34816
28757,30412,33920,34816
28758,30413,33920,34816
28759,20626,33920,34816
28760,20628,33920,34816
28761,29910,33792,34816
28762,20627,33792,34816
28763,20629,33792,34816
28764,20630,33792,34816
28765,30414,33792,34816
28766,30415,33792,34816
28767,20631,33792,34816
28768,20633,33792,34816
28769,29913,33664,34816
28770,20632,33664,34816
28771,20634,33664,34816
28772,20635,33664,34816
28773,30416,33664,34816
28774,30417,33664,34816
28775,20636,33664,34816
28776,20638,33664,34816
28777,29916,33536,34816
28778,20637,33536,34816
28779,20639,33536,34816
28780,20640,33536,34816
28781,30418,33536,34816
28782,30419,33536,34816
28783,20641,33536,34816
28784,20643,33536,34816
28785,29919,33408,34816
28786,20642,33408,34816
28787,20644,33408,34816
28788,20645,33408,34816
28789,30420,33408,34816
28790,30421,33408,34816
28791,20646,33408,34816
28792,20648,33408,34816
28793,29922,33280,34816
28794,20647,33280,34816
28795,20649,33280,34816
28796,20650,33280,34816
28797,30422,33280,34816
28798,30423,33280,34816
28799,20651,33280,34816
28800,20653,33280,34816
28801,29925,33152,34816
28802,20652,33152,34816
28803,20654,33152,34816
28804,20655,33152,34816
28805,30424,33152,34816
28806,30425,33152,34816
28807,20656,33152,34816
28808,20658,33152,34816
28809,29928,33024,34816
28810,20657,33024,34816
28811,20659,33024,34816
28812,20660,33024,34816
28813,30426,33024,34816
28814,30427,33024,34816
28815,20661,33024,34816
28816,20663,33024,34816
28817,29931,32896,34816
28818,20662,32896,34816
28819,20664,32896,34816
28820,20665,32896,34816
28821,30428,32896,34816
28822,30429,32896,34816
28823,20666,32896,34816
28824,20668,32896,34816
28825,29934,32768,34816
28826,20667,32768,34816
28827,20669,32768,34816
28828,20670,32768,34816
28829,30430,32768,34816
28830,30431,32768,34816
28831,20671,32768,34816
28832,30399,32768,34816
28833,20672,32768,34816
28834,20675,32768,34816
28835,20676,32768,34816
28836,20678,32768,34816
28837,22018,32640,34816
28838,20673,32768,34816
28839,20674,32768,34816
28840,20677,32768,34816
28841,20679,32768,34816
28842,30434,32768,34816
28843,30435,32768,34816
28844,20682,32768,34816
28845,20683,32768,34816
28846,20685,32768,34816
28847,22022,32640,34816
28848,20680,32768,34816
28849,20681,32768,34816
28850,20684,32768,34816
28851,20686,32768,34816
28852,30437,32768,34816
28853,30438,32768,34816
28854,20689,32768,34816
28855,20690,32768,34816
28856,20692,32768,34816
28857,22026,32640,34816
28858,20687,32768,34816
28859,20688,32768,34816
28860,20691,32768,34816
28861,20693,32768,34816
28862,30440,32768,34816
28863,30441,32768,34816
28864,20696,32768,34816
28865,20697,32768,34816
28866,20699,32768,34816
28867,22030,32640,34816
28868,20694,32768,34816
28869,20695,32768,34816
28870,20698,32768,34816
28871,20700,32768,34816
28872,30443,32768,34816
28873,30444,32768,34816
28874,20703,32768,34816
28875,20704,32768,34816
28876,20706,32768,34816
28877,22034,32640,34816
28878,20701,32768,34816
28879,20702,32768,34816
28880,20705,32768,34816
28881,20707,32768,34816
28882,30446,32768,34816
28883,30447,32768,34816
28884,20710,32768,34816
28885,20711,32768,34816
28886,20713,32768,34816
28887,22038,32640,34816
28888,20708,32768,34816
28889,20709,32768,34816
28890,20712,32768,34816
28891,20714,32768,34816
28892,30449,32768,34816
28893,30450,32768,34816
28894,20717,32768,34816
28895,20718,32768,34816
28896,20720,32768,34816
28897,22042,32640,34816
28898,20715,32768,34816
28899,20716,32768,34816
28900,20719,32768,34816
28901,20721,32768,34816
28902,30452,32768,34816
28903,30453,32768,34816
28904,20724,32768,34816
28905,20725,32768,34816
28906,20727,32768,34816
28907,22046,32640,34816
28908,20722,32768,34816
28909,20723,32768,34816
28910,20726,32768,34816
28911,20728,32768,34816
28912,30455,32768,34816
28913,30456,32768,34816
28914,20731,32768,34816
28915,20732,32768,34816
28916,20734,32768,34816
28917,22050,32640,34816
28918,20729,32768,34816
28919,20730,32768,34816
28920,20733,32768,34816
28921,20735,32768,34816
28922,30458,32768,34816
28923,30459,32768,34816
28924,20738,32768,34816
28925,20739,32768,34816
28926,20741,32768,34816
28927,22054,32640,34816
28928,20736,32768,34816
28929,20737,32768,34816
28930,20740,32768,34816
28931,20742,32768,34816
28932,30461,32768,34816
28933,30462,32768,34816
28934,20745,32768,34816
28935,20746,32768,34816
28936,20748,32768,34816
28937,22058,32640,34816
28938,20743,32768,34816
28939,20744,32768,34816
28940,20747,32768,34816
28941,20749,32768,34816
28942,30464,32768,34816
28943,30465,32768,34816
28944,20752,32768,34816
28945,20753,32768,34816
28946,20755,32768,34816
28947,22062,32640,34816
28948,20750,32768,34816
28949,20751,32768,34816
28950,20754,32768,34816
28951,20756,32768,34816
28952,30467,32768,34816
28953,30468,32768,34816
28954,20759,32768,34816
28955,20760,32768,34816
28956,20762,32768,34816
28957,22066,32640,34816
28958,20757,32768,34816
28959,20758,32768,34816
28960,20761,32768,34816
28961,20763,32768,34816
28962,30470,32768,34816
28963,30471,32768,34816
28964,20766,32768,34816
28965,20767,32768,34816
28966,20769,32768,34816
28967,22070,32640,34816
28968,20764,32768,34816
28969,20765,32768,34816
28970,20768,32768,34816
28971,20770,32768,34816
28972,30473,32768,34816
28973,30474,32768,34816
28974,20773,32768,34816
28975,20774,32768,34816
28976,20776,32768,34816
28977,22074,32640,34816
28978,20771,32768,34816
28979,20772,32768,34816
28980,20775,32768,34816
28981,20777,32768,34816
28982,30476,32768,34816
28983,30477,32768,34816
28984,20780,32768,34816
28985,20781,32768,34816
28986,20783,32768,34816
28987,22078,32640,34816
28988,20778,32768,34816
28989,20779,32768,34816
28990,20782,32768,34816
28991,20784,32768,34816
28992,30479,32768,34816
28993,30480,32768,34816
28994,20785,32768,34816
28995,30432,32768,34816
28996,20786,32768,34816
28997,20787,32768,34816
28998,20789,32768,34816
28999,20788,32768,34816
29000,20790,32768,34816
29001,22082,32640,34816
29002,20791,32640,34816
29003,30482,32640,34816
29004,30483,32640,34816
29005,20792,32640,34816
29006,20794,32640,34816
29007,20793,32640,34816
29008,20795,32640,34816
29009,22085,32512,34816
29010,20796,32512,34816
29011,30484,32512,34816
29012,30485,32512,34816
29013,20797,32512,34816
29014,20799,32512,34816
29015,20798,32512,34816
29016,20800,32512,34816
29017,22088,32384,34816
29018,20801,32384,34816
29019,30486,32384,34816
29020,30487,32384,34816
29021,20802,32384,34816
29022,20804,32384,34816
29023,20803,32384,34816
29024,20805,32384,34816
29025,22091,32256,34816
29026,20806,32256,34816
29027,30488,32256,34816
29028,30489,32256,34816
29029,20807,32256,34816
29030,20809,32256,34816
29031,20808,32256,34816
29032,20810,32256,34816
29033,22094,32128,34816
29034,20811,32128,34816
29035,30490,32128,34816
29036,30491,32128,34816
29037,20812,32128,34816
29038,20814,32128,34816
29039,20813,32128,34816
29040,20815,32128,34816
29041,22097,32000,34816
29042,20816,32000,34816
29043,30492,32000,34816
29044,30493,32000,34816
29045,20817,32000,34816
29046,20819,32000,34816
29047,20818,32000,34816
29048,20820,32000,34816
29049,22100,31872,34816
29050,20821,31872,34816
29051,30494,31872,34816
29052,30495,31872,34816
29053,20822,31872,34816
29054,20824,31872,34816
29055,20823,31872,34816
29056,20825,31872,34816
29057,22103,31744,34816
29058,20826,31744,34816
29059,30496,31744,34816
29060,30497,31744,34816
29061,20827,31744,34816
29062,20829,31744,34816
29063,20828,31744,34816
29064,20830,31744,34816
29065,22106,31616,34816
29066,20831,31616,34816
29067,30498,31616,34816
29068,30499,31616,34816
29069,20832,31616,34816
29070,20834,31616,34816
29071,20833,31616,34816
29072,20835,31616,34816
29073,22109,31488,34816
29074,20836,31488,34816
29075,30500,31488,34816
29076,30501,31488,34816
29077,20837,31488,34816
29078,20839,31488,34816
29079,20838,31488,34816
29080,20840,31488,34816
29081,22112,31360,34816
29082,20841,31360,34816
29083,30502,31360,34816
29084,30503,31360,34816
29085,20842,31360,34816
29086,20844,31360,34816
29087,20843,31360,34816
29088,20845,31360,34816
29089,22115,31232,34816
29090,20846,31232,34816
29091,30504,31232,34816
29092,30505,31232,34816
29093,20847,31232,34816
29094,20849,31232,34816
29095,20848,31232,34816
29096,20850,31232,34816
29097,22118,31104,34816
29098,20851,31104,34816
29099,30506,31104,34816
29100,30507,31104,34816
29101,20852,31104,34816
29102,20854,31104,34816
29103,20853,31104,34816
29104,20855,31104,34816
29105,22121,30976,34816
29106,20856,30976,34816
29107,30508,30976,34816
29108,30509,30976,34816
29109,20857,30976,34816
29110,20859,30976,34816
29111,20858,30976,34816
29112,20860,30976,34816
29113,22124,30848,34816
29114,20861,30848,34816
29115,30510,30848,34816
29116,30511,30848,34816
29117,20862,30848,34816
29118,20864,30848,34816
29119,20863,30848,34816
29120,20865,30848,34816
29121,22127,30720,34816
29122,20866,30720,34816
29123,30512,30720,34816
29124,30513,30720,34816
29125,20867,30720,34816
29126,30481,30720,34816
29127,20868,30720,34816
29128,20869,30720,34816
29129,20871,30720,34816
29130,20870,30720,34816
29131,20872,30720,34816
29132,22131,30592,34816
29133,20873,30592,34816
29134,30515,30592,34816
29135,30516,30592,34816
29136,20874,30592,34816
29137,20876,30592,34816
29138,20875,30592,34816
29139,20877,30592,34816
29140,22134,30464,34816
29141,20878,30464,34816
29142,30517,30464,34816
29143,30518,30464,34816
29144,20879,30464,34816
29145,20881,30464,34816
29146,20880,30464,34816
29147,20882,30464,34816
29148,22137,30336,34816
29149,20883,30336,34816
29150,30519,30336,34816
29151,30520,30336,34816
29152,20884,30336,34816
29153,20886,30336,34816
29154,20885,30336,34816
29155,20887,30336,34816
29156,22140,30208,34816
29157,20888,30208,34816
29158,30521,30208,34816
29159,30522,30208,34816
29160,20889,30208,34816
29161,20891,30208,34816
29162,20890,30208,34816
29163,20892,30208,34816
29164,22143,30080,34816
29165,20893,30080,34816
29166,30523,30080,34816
29167,30524,30080,34816
29168,20894,30080,34816
29169,20896,30080,34816
29170,20895,30080,34816
29171,20897,30080,34816
29172,22146,29952,34816
29173,20898,29952,34816
29174,30525,29952,34816
29175,30526,29952,34816
29176,20899,29952,34816
29177,20901,29952,34816
29178,20900,29952,34816
29179,20902,29952,34816
29180,22149,29824,34816
29181,20903,29824,34816
29182,30527,29824,34816
29183,30528,29824,34816
29184,20904,29824,34816
29185,20906,29824,34816
29186,20905,29824,34816
29187,20907,29824,34816
29188,22152,29696,34816
29189,20908,29696,34816
29190,30529,29696,34816
29191,30530,29696,34816
29192,20909,29696,34816
29193,20911,29696,34816
29194,20910,29696,34816
29195,20912,29696,34816
29196,22155,29568,34816
29197,20913,29568,34816
29198,30531,29568,34816
29199,30532,29568,34816
29200,20914,29568,34816
29201,20916,29568,34816
29202,20915,29568,34816
29203,20917,29568,34816
29204,22158,29440,34816
29205,20918,29440,34816
29206,30533,29440,34816
29207,30534,29440,34816
29208,20919,29440,34816
29209,20921,29440,34816
29210,20920,29440,34816
29211,20922,29440,34816
29212,22161,29312,34816
29213,20923,29312,34816
29214,30535,29312,34816
29215,30536,29312,34816
29216,20924,29312,34816
29217,20926,29312,34816
29218,20925,29312,34816
29219,20927,29312,34816
29220,22164,29184,34816
29221,20928,29184,34816
29222,30537,29184,34816
29223,30538,29184,34816
29224,20929,29184,34816
29225,20931,29184,34816
29226,20930,29184,34816
29227,20932,29184,34816
29228,22167,29056,34816
29229,20933,29056,34816
29230,30539,29056,34816
29231,30540,29056,34816
29232,20934,29056,34816
29233,20936,29056,34816
29234,20935,29056,34816
29235,20937,29056,34816
29236,22170,28928,34816
29237,20938,28928,34816
29238,30541,28928,34816
29239,30542,28928,34816
29240,20939,28928,34816
29241,20941,28928,34816
29242,20940,28928,34816
29243,20942,28928,34816
29244,22173,28800,34816
29245,20943,28800,34816
29246,30543,28800,34816
29247,30544,28800,34816
29248,20944,28800,34816
29249,20946,28800,34816
29250,20945,28800,34816
29251,20947,28800,34816
29252,22176,28672,34816
29253,20948,28672,34816
29254,30545,28672,34816
29255,30546,28672,34816
29256,20949,28672,34816
29257,30514,28672,34816
29258,20950,28672,34816
29259,20951,28672,34816
29260,20953,28672,34816
29261,20952,28672,34816
29262,20954,28672,34816
29263,22180,28544,34816
29264,20955,28544,34816
29265,30548,28544,34816
29266,30549,28544,34816
29267,20956,28544,34816
29268,20958,28544,34816
29269,20957,28544,34816
29270,20959,28544,34816
29271,22183,28416,34816
29272,20960,28416,34816
29273,30550,28416,34816
29274,30551,28416,34816
29275,20961,28416,34816
29276,20963,28416,34816
29277,20962,28416,34816
29278,20964,28416,34816
29279,22186,28288,34816
29280,20965,28288,34816
29281,30552,28288,34816
29282,30553,28288,34816
29283,20966,28288,34816
29284,20968,28288,34816
29285,20967,28288,34816
29286,20969,28288,34816
29287,22189,28160,34816
29288,20970,28160,34816
29289,30554,28160,34816
29290,30555,28160,34816
29291,20971,28160,34816
29292,20973,28160,34816
29293,20972,28160,34816
29294,20974,28160,34816
29295,22192,28032,34816
29296,20975,28032,34816
29297,30556,28032,34816
29298,30557,28032,34816
29299,20976,28032,34816
29300,20978,28032,34816
29301,20977,28032,34816
29302,20979,28032,34816
29303,22195,27904,34816
29304,20980,27904,34816
29305,30558,27904,34816
29306,30559,27904,34816
29307,20981,27904,34816
29308,20983,27904,34816
29309,20982,27904,34816
29310,20984,27904,34816
29311,22198,27776,34816
29312,20985,27776,34816
29313,30560,27776,34816
29314,30561,27776,34816
29315,20986,27776,34816
29316,20988,27776,34816
29317,20987,27776,34816
29318,20989,27776,34816
29319,22201,27648,34816
29320,20990,27648,34816
29321,30562,27648,34816
29322,30563,27648,34816
29323,20991,27648,34816
29324,20993,27648,34816
29325,20992,27648,34816
29326,20994,27648,34816
29327,22204,27520,34816
29328,20995,27520,34816
29329,30564,27520,34816
29330,30565,27520,34816
29331,20996,27520,34816
29332,20998,27520,34816
29333,20997,27520,34816
29334,20999,27520,34816
29335,22207,27392,34816
29336,21000,27392,34816
29337,30566,27392,34816
29338,30567,27392,34816
29339,21001,27392,34816
29340,21003,27392,34816
29341,21002,27392,34816
29342,21004,27392,34816
29343,22210,27264,34816
29344,21005,27264,34816
29345,30568,27264,34816
29346,30569,27264,34816
29347,21006,27264,34816
29348,21008,27264,34816
29349,21007,27264,34816
29350,21009,27264,34816
29351,22213,27136,34816
29352,21010,27136,34816
29353,30570,27136,34816
29354,30571,27136,34816
29355,21011,27136,34816
29356,21013,27136,34816
29357,21012,27136,34816
29358,21014,27136,34816
29359,22216,27008,34816
29360,21015,27008,34816
29361,30572,27008,34816
29362,30573,27008,34816
29363,21016,27008,34816
29364,21018,27008,34816
29365,21017,27008,34816
29366,21019,27008,34816
29367,22219,26880,34816
29368,21020,26880,34816
29369,30574,26880,34816
29370,30575,26880,34816
29371,21021,26880,34816
29372,21023,26880,34816
29373,21022,26880,34816
29374,21024,26880,34816
29375,22222,26752,34816
29376,21025,26752,34816
29377,30576,26752,34816
29378,30577,26752,34816
29379,21026,26752,34816
29380,21028,26752,34816
29381,21027,26752,34816
29382,21029,26752,34816
29383,22225,26624,34816
29384,21030,26624,34816
29385,30578,26624,34816
29386,30579,26624,34816
29387,21031,26624,34816
29388,30547,26624,34816
29389,21032,26624,34816
29390,21033,26624,34816
29391,21035,26624,34816
29392,21034,26624,34816
29393,21036,26624,34816
29394,22229,26496,34816
29395,21037,26496,34816
29396,30581,26496,34816
29397,30582,26496,34816
29398,21038,26496,34816
29399,21040,26496,34816
29400,21039,26496,34816
29401,21041,26496,34816
29402,22232,26368,34816
29403,21042,26368,34816
29404,30583,26368,34816
29405,30584,26368,34816
29406,21043,26368,34816
29407,21045,26368,34816
29408,21044,26368,34816
29409,21046,26368,34816
29410,22235,26240,34816
29411,21047,26240,34816
29412,30585,26240,34816
29413,30586,26240,34816
29414,21048,26240,34816
29415,21050,26240,34816
29416,21049,26240,34816
29417,21051,26240,34816
29418,22238,26112,34816
29419,21052,26112,34816
29420,30587,26112,34816
29421,30588,26112,34816
29422,21053,26112,34816
29423,21055,26112,34816
29424,21054,26112,34816
29425,21056,26112,34816
29426,22241,25984,34816
29427,21057,25984,34816
29428,30589,25984,34816
29429,30590,25984,34816
29430,21058,25984,34816
29431,21060,25984,34816
29432,21059,25984,34816
29433,21061,25984,34816
29434,22244,25856,34816
29435,21062,25856,34816
29436,30591,25856,34816
29437,30592,25856,34816
29438,21063,25856,34816
29439,21065,25856,34816
29440,21064,25856,34816
29441,21066,25856,34816
29442,22247,25728,34816
29443,21067,25728,34816
29444,30593,25728,34816
29445,30594,25728,34816
29446,21068,25728,34816
29447,21070,25728,34816
29448,21069,25728,34816
29449,21071,25728,34816
29450,22250,25600,34816
29451,21072,25600,34816
29452,30595,25600,34816
29453,30596,25600,34816
29454,21073,25600,34816
29455,21075,25600,34816
29456,21074,25600,34816
29457,21076,25600,34816
29458,22253,25472,34816
29459,21077,25472,34816
29460,30597,25472,34816
29461,30598,25472,34816
29462,21078,25472,34816
29463,21080,25472,34816
29464,21079,25472,34816
29465,21081,25472,34816
29466,22256,25344,34816
29467,21082,25344,34816
29468,30599,25344,34816
29469,30600,25344,34816
29470,21083,25344,34816
29471,21085,25344,34816
29472,21084,25344,34816
29473,21086,25344,34816
29474,22259,25216,34816
29475,21087,25216,34816
29476,30601,25216,34816
29477,30602,25216,34816
29478,21088,25216,34816
29479,21090,25216,34816
29480,21089,25216,34816
29481,21091,25216,34816
29482,22262,25088,34816
29483,21092,25088,34816
29484,30603,25088,34816
29485,30604,25088,34816
29486,21093,25088,34816
29487,21095,25088,34816
29488,21094,25088,34816
29489,21096,25088,34816
29490,22265,24960,34816
29491,21097,24960,34816
29492,30605,24960,34816
29493,30606,24960,34816
29494,21098,24960,34816
29495,21100,24960,34816
29496,21099,24960,34816
29497,21101,24960,34816
29498,22268,24832,34816
29499,21102,24832,34816
29500,30607,24832,34816
29501,30608,24832,34816
29502,21103,24832,34816
29503,21105,24832,34816
29504,21104,24832,34816
29505,21106,24832,34816
29506,22271,24704,34816
29507,21107,24704,34816
29508,30609,24704,34816
29509,30610,24704,34816
29510,21108,24704,34816
29511,21110,24704,34816
29512,21109,24704,34816
29513,21111,24704,34816
29514,22274,24576,34816
29515,21112,24576,34816
29516,30611,24576,34816
29517,30612,24576,34816
29518,21113,24576,34816
29519,30580,24576,34816
29520,21114,24576,34816
29521,21115,24576,34816
29522,21117,24576,34816
29523,21116,24576,34816
29524,21118,24576,34816
29525,22278,24448,34816
29526,21119,24448,34816
29527,30614,24448,34816
29528,30615,24448,34816
29529,21120,24448,34816
29530,21122,24448,34816
29531,21121,24448,34816
29532,21123,24448,34816
29533,22281,24320,34816
29534,21124,24320,34816
29535,30616,24320,34816
29536,30617,24320,34816
29537,21125,24320,34816
29538,21127,24320,34816
29539,21126,24320,34816
29540,21128,24320,34816
29541,22284,24192,34816
29542,21129,24192,34816
29543,30618,24192,34816
29544,30619,24192,34816
29545,21130,24192,34816
29546,21132,24192,34816
29547,21131,24192,34816
29548,21133,24192,34816
29549,22287,24064,34816
29550,21134,24064,34816
29551,30620,24064,34816
29552,30621,24064,34816
29553,21135,24064,34816
29554,21137,24064,34816
29555,21136,24064,34816
29556,21138,24064,34816
29557,22290,23936,34816
29558,21139,23936,34816
29559,30622,23936,34816
29560,30623,23936,34816
29561,21140,23936,34816
29562,21142,23936,34816
29563,21141,23936,34816
29564,21143,23936,34816
29565,22293,23808,34816
29566,21144,23808,34816
29567,30624,23808,34816
29568,30625,23808,34816
29569,21145,23808,34816
29570,21147,23808,34816
29571,21146,23808,34816
29572,21148,23808,34816
29573,22296,23680,34816
29574,21149,23680,34816
29575,30626,23680,34816
29576,30627,23680,34816
29577,21150,23680,34816
29578,21152,23680,34816
29579,21151,23680,34816
29580,21153,23680,34816
29581,22299,23552,34816
29582,21154,23552,34816
29583,30628,23552,34816
29584,30629,23552,34816
29585,21155,23552,34816
29586,21157,23552,34816
29587,21156,23552,34816
29588,21158,23552,34816
29589,22302,23424,34816
29590,21159,23424,34816
29591,30630,23424,34816
29592,30631,23424,34816
29593,21160,23424,34816
29594,21162,23424,34816
29595,21161,23424,34816
29596,21163,23424,34816
29597,22305,23296,34816
29598,21164,23296,34816
29599,30632,23296,34816
29600,30633,23296,34816
29601,21165,23296,34816
29602,21167,23296,34816
29603,21166,23296,34816
29604,21168,23296,34816
29605,22308,23168,34816
29606,21169,23168,34816
29607,30634,23168,34816
29608,30635,23168,34816
29609,21170,23168,34816
29610,21172,23168,34816
29611,21171,23168,34816
29612,21173,23168,34816
29613,22311,23040,34816
29614,21174,23040,34816
29615,30636,23040,34816
29616,30637,23040,34816
29617,21175,23040,34816
29618,21177,23040,34816
29619,21176,23040,34816
29620,21178,23040,34816
29621,22314,22912,34816
29622,21179,22912,34816
29623,30638,22912,34816
29624,30639,22912,34816
29625,21180,22912,34816
29626,21182,22912,34816
29627,21181,22912,34816
29628,21183,22912,34816
29629,22317,22784,34816
29630,21184,22784,34816
29631,30640,22784,34816
29632,30641,22784,34816
29633,21185,22784,34816
29634,21187,22784,34816
29635,21186,22784,34816
29636,21188,22784,34816
29637,22320,22656,34816
29638,21189,22656,34816
29639,30642,22656,34816
29640,30643,22656,34816
29641,21190,22656,34816
29642,21192,22656,34816
29643,21191,22656,34816
29644,21193,22656,34816
29645,22323,22528,34816
29646,21194,22528,34816
29647,30644,22528,34816
29648,30645,22528,34816
29649,21195,22528,34816
29650,30613,22528,34816
29651,21196,22528,34816
29652,21197,22528,34816
29653,21199,22528,34816
29654,21198,22528,34816
29655,21200,22528,34816
29656,22327,22400,34816
29657,21201,22400,34816
29658,30647,22400,34816
29659,30648,22400,34816
29660,21202,22400,34816
29661,21204,22400,34816
29662,21203,22400,34816
29663,21205,22400,34816
29664,22330,22272,34816
29665,21206,22272,34816
29666,30649,22272,34816
29667,30650,22272,34816
29668,21207,22272,34816
29669,21209,22272,34816
29670,21208,22272,34816
29671,21210,22272,34816
29672,22333,22144,34816
29673,21211,22144,34816
29674,30651,22144,34816
29675,30652,22144,34816
29676,21212,22144,34816
29677,21214,22144,34816
29678,21213,22144,34816
29679,21215,22144,34816
29680,22336,22016,34816
29681,21216,22016,34816
29682,30653,22016,34816
29683,30654,22016,34816
29684,21217,22016,34816
29685,21219,22016,34816
29686,21218,22016,34816
29687,21220,22016,34816
29688,22339,21888,34816
29689,21221,21888,34816
29690,30655,21888,34816
29691,30656,21888,34816
29692,21222,21888,34816
29693,21224,21888,34816
29694,21223,21888,34816
29695,21225,21888,34816
29696,22342,21760,34816
29697,21226,21760,34816
29698,30657,21760,34816
29699,30658,21760,34816
29700,21227,21760,34816
29701,21229,21760,34816
29702,21228,21760,34816
29703,21230,21760,34816
29704,22345,21632,34816
29705,21231,21632,34816
29706,30659,21632,34816
29707,30660,21632,34816
29708,21232,21632,34816
29709,21234,21632,34816
29710,21233,21632,34816
29711,21235,21632,34816
29712,22348,21504,34816
29713,21236,21504,34816
29714,30661,21504,34816
29715,30662,21504,34816
29716,21237,21504,34816
29717,21239,21504,34816
29718,21238,21504,34816
29719,21240,21504,34816
29720,22351,21376,34816
29721,21241,21376,34816
29722,30663,21376,34816
29723,30664,21376,34816
29724,21242,21376,34816
29725,21244,21376,34816
29726,21243,21376,34816
29727,21245,21376,34816
29728,22354,21248,34816
29729,21246,21248,34816
29730,30665,21248,34816
29731,30666,21248,34816
29732,21247,21248,34816
29733,21249,21248,34816
29734,21248,21248,34816
29735,21250,21248,34816
29736,22357,21120,34816
29737,21251,21120,34816
29738,30667,21120,34816
29739,30668,21120,34816
29740,21252,21120,34816
29741,21254,21120,34816
29742,21253,21120,34816
29743,21255,21120,34816
29744,22360,20992,34816
29745,21256,20992,34816
29746,30669,20992,34816
29747,30670,20992,34816
29748,21257,20992,34816
29749,21259,20992,34816
29750,21258,20992,34816
29751,21260,20992,34816
29752,22363,20864,34816
29753,21261,20864,34816
29754,30671,20864,34816
29755,30672,20864,34816
29756,21262,20864,34816
29757,21264,20864,34816
29758,21263,20864,34816
29759,21265,20864,34816
29760,22366,20736,34816
29761,21266,20736,34816
29762,30673,20736,34816
29763,30674,20736,34816
29764,21267,20736,34816
29765,21269,20736,34816
29766,21268,20736,34816
29767,21270,20736,34816
29768,22369,20608,34816
29769,21271,20608,34816
29770,30675,20608,34816
29771,30676,20608,34816
29772,21272,20608,34816
29773,21274,20608,34816
29774,21273,20608,34816
29775,21275,20608,34816
29776,22372,20480,34816
29777,21276,20480,34816
29778,30677,20480,34816
29779,30678,20480,34816
29780,21277,20480,34816
29781,30646,20480,34816
29782,21278,20480,34816
29783,21279,20480,34816
29784,21281,20480,34816
29785,21280,20480,34816
29786,21282,20480,34816
29787,22376,20352,34816
29788,21283,20352,34816
29789,30680,20352,34816
29790,30681,20352,34816
29791,21284,20352,34816
29792,21286,20352,34816
29793,21285,20352,34816
29794,21287,20352,34816
29795,22379,20224,34816
29796,21288,20224,34816
29797,30682,20224,34816
29798,30683,20224,34816
29799,21289,20224,34816
29800,21291,20224,34816
29801,21290,20224,34816
29802,21292,20224,34816
29803,22382,20096,34816
29804,21293,20096,34816
29805,30684,20096,34816
29806,30685,20096,34816
29807,21294,20096,34816
29808,21296,20096,34816
29809,21295,20096,34816
29810,21297,20096,34816
29811,22385,19968,34816
29812,21298,19968,34816
29813,30686,19968,34816
29814,30687,19968,34816
29815,21299,19968,34816
29816,21301,19968,34816
29817,21300,19968,34816
29818,21302,19968,34816
29819,22388,19840,34816
29820,21303,19840,34816
29821,30688,19840,34816
29822,30689,19840,34816
29823,21304,19840,34816
29824,21306,19840,34816
29825,21305,19840,34816
29826,21307,19840,34816
29827,22391,19712,34816
29828,21308,19712,34816
29829,30690,19712,34816
29830,30691,19712,34816
29831,21309,19712,34816
29832,21311,19712,34816
29833,21310,19712,34816
29834,21312,19712,34816
29835,22394,19584,34816
29836,21313,19584,34816
29837,30692,19584,34816
29838,30693,19584,34816
29839,21314,19584,34816
29840,21316,19584,34816
29841,21315,19584,34816
29842,21317,19584,34816
29843,22397,19456,34816
29844,21318,19456,34816
29845,30694,19456,34816
29846,30695,19456,34816
29847,21319,19456,34816
29848,21321,19456,34816
29849,21320,19456,34816
29850,21322,19456,34816
29851,22400,19328,34816
29852,21323,19328,34816
29853,30696,19328,34816
29854,30697,19328,34816
29855,21324,19328,34816
29856,21326,19328,34816
29857,21325,19328,34816
29858,21327,19328,34816
29859,22403,19200,34816
29860,21328,19200,34816
29861,30698,19200,34816
29862,30699,19200,34816
29863,21329,19200,34816
29864,21331,19200,34816
29865,21330,19200,34816
29866,21332,19200,34816
29867,22406,19072,34816
29868,21333,19072,34816
29869,30700,19072,34816
29870,30701,19072,34816
29871,21334,19072,34816
29872,21336,19072,34816
29873,21335,19072,34816
29874,21337,19072,34816
29875,22409,18944,34816
29876,21338,18944,34816
29877,30702,18944,34816
29878,30703,18944,34816
29879,21339,18944,34816
29880,21341,18944,34816
29881,21340,18944,34816
29882,21342,18944,34816
29883,22412,18816,34816
29884,21343,18816,34816
29885,30704,18816,34816
29886,30705,18816,34816
29887,21344,18816,34816
29888,21346,18816,34816
29889,21345,18816,34816
29890,21347,18816,34816
29891,22415,18688,34816
29892,21348,18688,34816
29893,30706,18688,34816
29894,30707,18688,34816
29895,21349,18688,34816
29896,21351,18688,34816
29897,21350,18688,34816
29898,21352,18688,34816
29899,22418,18560,34816
29900,21353,18560,34816
29901,30708,18560,34816
29902,30709,18560,34816
29903,21354,18560,34816
29904,21356,18560,34816
29905,21355,18560,34816
29906,21357,18560,34816
29907,22421,18432,34816
29908,21358,18432,34816
29909,30710,18432,34816
29910,30711,18432,34816
29911,21359,18432,34816
29912,30679,18432,34816
29913,21360,18432,34816
29914,21361,18432,34816
29915,21363,18432,34816
29916,21362,18432,34816
29917,21364,18432,34816
29918,22425,18304,34816
29919,21365,18304,34816
29920,30713,18304,34816
29921,30714,18304,34816
29922,21366,18304,34816
29923,21368,18304,34816
29924,21367,18304,34816
29925,21369,18304,34816
29926,22428,18176,34816
29927,21370,18176,34816
29928,30715,18176,34816
29929,30716,18176,34816
29930,21371,18176,34816
29931,21373,18176,34816
29932,21372,18176,34816
29933,21374,18176,34816
29934,22431,18048,34816
29935,21375,18048,34816
29936,30717,18048,34816
29937,30718,18048,34816
29938,21376,18048,34816
29939,21378,18048,34816
29940,21377,18048,34816
29941,21379,18048,34816
29942,22434,17920,34816
29943,21380,17920,34816
29944,30719,17920,34816
29945,30720,17920,34816
29946,21381,17920,34816
29947,21383,17920,34816
29948,21382,17920,34816
29949,21384,17920,34816
29950,22437,17792,34816
29951,21385,17792,34816
29952,30721,17792,34816
29953,30722,17792,34816
29954,21386,17792,34816
29955,21388,17792,34816
29956,21387,17792,34816
29957,21389,17792,34816
29958,22440,17664,34816
29959,21390,17664,34816
29960,30723,17664,34816
29961,30724,17664,34816
29962,21391,17664,34816
29963,21393,17664,34816
29964,21392,17664,34816
29965,21394,17664,34816
29966,22443,17536,34816
29967,21395,17536,34816
29968,30725,17536,34816
29969,30726,17536,34816
29970,21396,17536,34816
29971,21398,17536,34816
29972,21397,17536,34816
29973,21399,17536,34816
29974,22446,17408,34816
29975,21400,17408,34816
29976,30727,17408,34816
29977,30728,17408,34816
29978,21401,17408,34816
29979,21403,17408,34816
29980,21402,17408,34816
29981,21404,17408,34816
29982,22449,17280,34816
29983,21405,17280,34816
29984,30729,17280,34816
29985,30730,17280,34816
29986,21406,17280,34816
29987,21408,17280,34816
29988,21407,17280,34816
29989,21409,17280,34816
29990,22452,17152,34816
29991,21410,17152,34816
29992,30731,17152,34816
29993,30732,17152,34816
29994,21411,17152,34816
29995,21413,17152,34816
29996,21412,17152,34816
29997,21414,17152,34816
29998,22455,17024,34816
29999,21415,17024,34816
30000,30733,17024,34816
30001,30734,17024,34816
30002,21416,17024,34816
30003,21418,17024,34816
30004,21417,17024,34816
30005,21419,17024,34816
30006,22458,16896,34816
30007,21420,16896,34816
30008,30735,16896,34816
30009,30736,16896,34816
30010,21421,16896,34816
30011,21423,16896,34816
30012,21422,16896,34816
30013,21424,16896,34816
30014,22461,16768,34816
30015,21425,16768,34816
30016,30737,16768,34816
30017,30738,16768,34816
30018,21426,16768,34816
30019,21428,16768,34816
30020,21427,16768,34816
30021,21429,16768,34816
30022,22464,16640,34816
30023,21430,16640,34816
30024,30739,16640,34816
30025,30740,16640,34816
30026,21431,16640,34816
30027,21433,16640,34816
30028,21432,16640,34816
30029,21434,16640,34816
30030,22467,16512,34816
30031,21435,16512,34816
30032,30741,16512,34816
30033,30742,16512,34816
30034,21436,16512,34816
30035,21438,16512,34816
30036,21437,16512,34816
30037,21439,16512,34816
30038,22470,16384,34816
30039,21440,16384,34816
30040,30743,16384,34816
30041,30744,16384,34816
30042,21441,16384,34816
30043,30712,16384,34816
30044,21442,16384,34816
30045,21443,16384,34816
30046,21445,16384,34816
30047,21444,16384,34816
30048,21446,16384,34816
30049,22474,16256,34816
30050,21447,16256,34816
30051,30746,16256,34816
30052,30747,16256,34816
30053,21448,16256,34816
30054,21450,16256,34816
30055,21449,16256,34816
30056,21451,16256,34816
30057,22477,16128,34816
30058,21452,16128,34816
30059,30748,16128,34816
30060,30749,16128,34816
30061,21453,16128,34816
30062,21455,16128,34816
30063,21454,16128,34816
30064,21456,16128,34816
30065,22480,16000,34816
30066,21457,16000,34816
30067,30750,16000,34816
30068,30751,16000,34816
30069,21458,16000,34816
30070,21460,16000,34816
30071,21459,16000,34816
30072,21461,16000,34816
30073,22483,15872,34816
30074,21462,15872,34816
30075,30752,15872,34816
30076,30753,15872,34816
30077,21463,15872,34816
30078,21465,15872,34816
30079,21464,15872,34816
30080,21466,15872,34816
30081,22486,15744,34816
30082,21467,15744,34816
30083,30754,15744,34816
30084,30755,15744,34816
30085,21468,15744,34816
30086,21470,15744,34816
30087,21469,15744,34816
30088,21471,15744,34816
30089,22489,15616,34816
30090,21472,15616,34816
30091,30756,15616,34816
30092,30757,15616,34816
30093,21473,15616,34816
30094,21475,15616,34816
30095,21474,15616,34816
30096,21476,15616,34816
30097,22492,15488,34816
30098,21477,15488,34816
30099,30758,15488,34816
30100,30759,15488,34816
30101,21478,15488,34816
30102,21480,15488,34816
30103,21479,15488,34816
30104,21481,15488,34816
30105,22495,15360,34816
30106,21482,15360,34816
30107,30760,15360,34816
30108,30761,15360,34816
30109,21483,15360,34816
30110,21485,15360,34816
30111,21484,15360,34816
30112,21486,15360,34816
30113,22498,15232,34816
30114,21487,15232,34816
30115,30762,15232,34816
30116,30763,15232,34816
30117,21488,15232,34816
30118,21490,15232,34816
30119,21489,15232,34816
30120,21491,15232,34816
30121,22501,15104,34816
30122,21492,15104,34816
30123,30764,15104,34816
30124,30765,15104,34816
30125,21493,15104,34816
30126,21495,15104,34816
30127,21494,15104,34816
30128,21496,15104,34816
30129,22504,14976,34816
30130,21497,14976,34816
30131,30766,14976,34816
30132,30767,14976,34816
30133,21498,14976,34816
30134,21500,14976,34816
30135,21499,14976,34816
30136,21501,14976,34816
30137,22507,14848,34816
30138,21502,14848,34816
30139,30768,14848,34816
30140,30769,14848,34816
30141,21503,14848,34816
30142,21505,14848,34816
30143,21504,14848,34816
30144,21506,14848,34816
30145,22510,14720,34816
30146,21507,14720,34816
30147,30770,14720,34816
30148,30771,14720,34816
30149,21508,14720,34816
30150,21510,14720,34816
30151,21509,14720,34816
30152,21511,14720,34816
30153,22513,14592,34816
30154,21512,14592,34816
30155,30772,14592,34816
30156,30773,14592,34816
30157,21513,14592,34816
30158,21515,14592,34816
30159,21514,14592,34816
30160,21516,14592,34816
30161,22516,14464,34816
30162,21517,14464,34816
30163,30774,14464,34816
30164,30775,14464,34816
30165,21518,14464,34816
30166,21520,14464,34816
30167,21519,14464,34816
30168,21521,14464,34816
30169,22519,14336,34816
30170,21522,14336,34816
30171,30776,14336,34816
30172,30777,14336,34816
30173,21523,14336,34816
30174,30745,14336,34816
30175,21524,14336,34816
30176,21525,14336,34816
30177,21527,14336,34816
30178,21526,14336,34816
30179,21528,14336,34816
30180,22523,14208,34816
30181,21529,14208,34816
30182,30779,14208,34816
30183,30780,14208,34816
30184,21530,14208,34816
30185,21532,14208,34816
30186,21531,14208,34816
30187,21533,14208,34816
30188,22526,14080,34816
30189,21534,14080,34816
30190,30781,14080,34816
30191,30782,14080,34816
30192,21535,14080,34816
30193,21537,14080,34816
30194,21536,14080,34816
30195,21538,14080,34816
30196,22529,13952,34816
30197,21539,13952,34816
30198,30783,13952,34816
30199,30784,13952,34816
30200,21540,13952,34816
30201,21542,13952,34816
30202,21541,13952,34816
30203,21543,13952,34816
30204,22532,13824,34816
30205,21544,13824,34816
30206,30785,13824,34816
30207,30786,13824,34816
30208,21545,13824,34816
30209,21547,13824,34816
30210,21546,13824,34816
30211,21548,13824,34816
30212,22535,13696,34816
30213,21549,13696,34816
30214,30787,13696,34816
30215,30788,13696,34816
30216,21550,13696,34816
30217,21552,13696,34816
30218,21551,13696,34816
30219,21553,13696,34816
30220,22538,13568,34816
30221,21554,13568,34816
30222,30789,13568,34816
30223,30790,13568,34816
30224,21555,13568,34816
30225,21557,13568,34816
30226,21556,13568,34816
30227,21558,13568,34816
30228,22541,13440,34816
30229,21559,13440,34816
30230,30791,13440,34816
30231,30792,13440,34816
30232,21560,13440,34816
30233,21562,13440,34816
30234,21561,13440,34816
30235,21563,13440,34816
30236,22544,13312,34816
30237,21564,13312,34816
30238,30793,13312,34816
30239,30794,13312,34816
30240,21565,13312,34816
30241,21567,13312,34816
30242,21566,13312,34816
30243,21568,13312,34816
30244,22547,13184,34816
30245,21569,13184,34816
30246,30795,13184,34816
30247,30796,13184,34816
30248,21570,13184,34816
30249,21572,13184,34816
30250,21571,13184,34816
30251,21573,13184,34816
30252,22550,13056,34816
30253,21574,13056,34816
30254,30797,13056,34816
30255,30798,13056,34816
30256,21575,13056,34816
30257,21577,13056,34816
30258,21576,13056,34816
30259,21578,13056,34816
30260,22553,12928,34816
30261,21579,12928,34816
30262,30799,12928,34816
30263,30800,12928,34816
30264,21580,12928,34816
30265,21582,12928,34816
30266,21581,12928,34816
30267,21583,12928,34816
30268,22556,12800,34816
30269,21584,12800,34816
30270,30801,12800,34816
30271,30802,12800,34816
30272,21585,12800,34816
30273,21587,12800,34816
30274,21586,12800,34816
30275,21588,12800,34816
30276,22559,12672,34816
30277,21589,12672,34816
30278,30803,12672,34816
30279,30804,12672,34816
30280,21590,12672,34816
30281,21592,12672,34816
30282,21591,12672,34816
30283,21593,12672,34816
30284,22562,12544,34816
30285,21594,12544,34816
30286,30805,12544,34816
30287,30806,12544,34816
30288,21595,12544,34816
30289,21597,12544,34816
30290,21596,12544,34816
30291,21598,12544,34816
30292,22565,12416,34816
30293,21599,12416,34816
30294,30807,12416,34816
30295,30808,12416,34816
30296,21600,12416,34816
30297,21602,12416,34816
30298,21601,12416,34816
30299,21603,12416,34816
30300,22568,12288,34816
30301,21604,12288,34816
30302,30809,12288,34816
30303,30810,12288,34816
30304,21605,12288,34816
30305,30778,12288,34816
30306,21606,12288,34816
30307,21607,12288,34816
30308,21609,12288,34816
30309,21608,12288,34816
30310,21610,12288,34816
30311,22572,12160,34816
30312,21611,12160,34816
30313,30812,12160,34816
30314,30813,12160,34816
30315,21612,12160,34816
30316,21614,12160,34816
30317,21613,12160,34816
30318,21615,12160,34816
30319,22575,12032,34816
30320,21616,12032,34816
30321,30814,12032,34816
30322,30815,12032,34816
30323,21617,12032,34816
30324,21619,12032,34816
30325,21618,12032,34816
30326,21620,12032,34816
30327,22578,11904,34816
30328,21621,11904,34816
30329,30816,11904,34816
30330,30817,11904,34816
30331,21622,11904,34816
30332,21624,11904,34816
30333,21623,11904,34816
30334,21625,11904,34816
30335,22581,11776,34816
30336,21626,11776,34816
30337,30818,11776,34816
30338,30819,11776,34816
30339,21627,11776,34816
30340,21629,11776,34816
30341,21628,11776,34816
30342,21630,11776,34816
30343,22584,11648,34816
30344,21631,11648,34816
30345,30820,11648,34816
30346,30821,11648,34816
30347,21632,11648,34816
30348,21634,11648,34816
30349,21633,11648,34816
30350,21635,11648,34816
30351,22587,11520,34816
30352,21636,11520,34816
30353,30822,11520,34816
30354,30823,11520,34816
30355,21637,11520,34816
30356,21639,11520,34816
30357,21638,11520,34816
30358,21640,11520,34816
30359,22590,11392,34816
30360,21641,11392,34816
30361,30824,11392,34816
30362,30825,11392,34816
30363,21642,11392,34816
30364,21644,11392,34816
30365,21643,11392,34816
30366,21645,11392,34816
30367,22593,11264,34816
30368,21646,11264,34816
30369,30826,11264,34816
30370,30827,11264,34816
30371,21647,11264,34816
30372,21649,11264,34816
30373,21648,11264,34816
30374,21650,11264,34816
30375,22596,11136,34816
30376,21651,11136,34816
30377,30828,11136,34816
30378,30829,11136,34816
30379,21652,11136,34816
30380,21654,11136,34816
30381,21653,11136,34816
30382,21655,11136,34816
30383,22599,11008,34816
30384,21656,11008,34816
30385,30830,11008,34816
30386,30831,11008,34816
30387,21657,11008,34816
30388,21659,11008,34816
30389,21658,11008,34816
30390,21660,11008,34816
30391,22602,10880,34816
30392,21661,10880,34816
30393,30832,10880,34816
30394,30833,10880,34816
30395,21662,10880,34816
30396,21664,10880,34816
30397,21663,10880,34816
30398,21665,10880,34816
30399,22605,10752,34816
30400,21666,10752,34816
30401,30834,10752,34816
30402,30835,10752,34816
30403,21667,10752,34816
30404,21669,10752,34816
30405,21668,10752,34816
30406,21670,10752,34816
30407,22608,10624,34816
30408,21671,10624,34816
30409,30836,10624,34816
30410,30837,10624,34816
30411,21672,10624,34816
30412,21674,10624,34816
30413,21673,10624,34816
30414,21675,10624,34816
30415,22611,10496,34816
30416,21676,10496,34816
30417,30838,10496,34816
30418,30839,10496,34816
30419,21677,10496,34816
30420,21679,10496,34816
30421,21678,10496,34816
30422,21680,10496,34816
30423,22614,10368,34816
30424,21681,10368,34816
30425,30840,10368,34816
30426,30841,10368,34816
30427,21682,10368,34816
30428,21684,10368,34816
30429,21683,10368,34816
30430,21685,10368,34816
30431,22617,10240,34816
30432,21686,10240,34816
30433,30842,10240,34816
30434,30843,10240,34816
30435,21687,10240,34816
30436,30811,10240,34816
30437,21688,10240,34816
30438,21689,10240,34816
30439,21691,10240,34816
30440,21690,10240,34816
30441,21692,10240,34816
30442,22621,10112,34816
30443,21693,10112,34816
30444,30845,10112,34816
30445,30846,10112,34816
30446,21694,10112,34816
30447,21696,10112,34816
30448,21695,10112,34816
30449,21697,10112,34816
30450,22624,9984,34816
30451,21698,9984,34816
30452,30847,9984,34816
30453,30848,9984,34816
30454,21699,9984,34816
30455,21701,9984,34816
30456,21700,9984,34816
30457,21702,9984,34816
30458,22627,9856,34816
30459,21703,9856,34816
30460,30849,9856,34816
30461,30850,9856,34816
30462,21704,9856,34816
30463,21706,9856,34816
30464,21705,9856,34816
30465,21707,9856,34816
30466,22630,9728,34816
30467,21708,9728,34816
30468,30851,9728,34816
30469,30852,9728,34816
30470,21709,9728,34816
30471,21711,9728,34816
30472,21710,9728,34816
30473,21712,9728,34816
30474,22633,9600,34816
30475,21713,9600,34816
30476,30853,9600,34816
30477,30854,9600,34816
30478,21714,9600,34816
30479,21716,9600,34816
30480,21715,9600,34816
30481,21717,9600,34816
30482,22636,9472,34816
30483,21718,9472,34816
30484,30855,9472,34816
30485,30856,9472,34816
30486,21719,9472,34816
30487,21721,9472,34816
30488,21720,9472,34816
30489,21722,9472,34816
30490,22639,9344,34816
30491,21723,9344,34816
30492,30857,9344,34816
30493,30858,9344,34816
30494,21724,9344,34816
30495,21726,9344,34816
30496,21725,9344,34816
30497,21727,9344,34816
30498,22642,9216,34816
30499,21728,9216,34816
30500,30859,9216,34816
30501,30860,9216,34816
30502,21729,9216,34816
30503,21731,9216,34816
30504,21730,9216,34816
30505,21732,9216,34816
30506,22645,9088,34816
30507,21733,9088,34816
30508,30861,9088,34816
30509,30862,9088,34816
30510,21734,9088,34816
30511,21736,9088,34816
30512,21735,9088,34816
30513,21737,9088,34816
30514,22648,8960,34816
30515,21738,8960,34816
30516,30863,8960,34816
30517,30864,8960,34816
30518,21739,8960,34816
30519,21741,8960,34816
30520,21740,8960,34816
30521,21742,8960,34816
30522,22651,8832,34816
30523,21743,8832,34816
30524,30865,8832,34816
30525,30866,8832,34816
30526,21744,8832,34816
30527,21746,8832,34816
30528,21745,8832,34816
30529,21747,8832,34816
30530,22654,8704,34816
30531,21748,8704,34816
30532,30867,8704,34816
30533,30868,8704,34816
30534,21749,8704,34816
30535,21751,8704,34816
30536,21750,8704,34816
30537,21752,8704,34816
30538,22657,8576,34816
30539,21753,8576,34816
30540,30869,8576,34816
30541,30870,8576,34816
30542,21754,8576,34816
30543,21756,8576,34816
30544,21755,8576,34816
30545,21757,8576,34816
30546,22660,8448,34816
30547,21758,8448,34816
30548,30871,8448,34816
30549,30872,8448,34816
30550,21759,8448,34816
30551,21761,8448,34816
30552,21760,8448,34816
30553,21762,8448,34816
30554,22663,8320,34816
30555,21763,8320,34816
30556,30873,8320,34816
30557,30874,8320,34816
30558,21764,8320,34816
30559,21766,8320,34816
30560,21765,8320,34816
30561,21767,8320,34816
30562,22666,8192,34816
30563,21768,8192,34816
30564,30875,8192,34816
30565,30876,8192,34816
30566,21769,8192,34816
30567,30844,8192,34816
30568,21770,8192,34816
30569,21771,8192,34816
30570,21773,8192,34816
30571,21772,8192,34816
30572,21774,8192,34816
30573,22670,8064,34816
30574,21775,8064,34816
30575,30878,8064,34816
30576,30879,8064,34816
30577,21776,8064,34816
30578,21778,8064,34816
30579,21777,8064,34816
30580,21779,8064,34816
30581,22673,7936,34816
30582,21780,7936,34816
30583,30880,7936,34816
30584,30881,7936,34816
30585,21781,7936,34816
30586,21783,7936,34816
30587,21782,7936,34816
30588,21784,7936,34816
30589,22676,7808,34816
30590,21785,7808,34816
30591,30882,7808,34816
30592,30883,7808,34816
30593,21786,7808,34816
30594,21788,7808,34816
30595,21787,7808,34816
30596,21789,7808,34816
30597,22679,7680,34816
30598,21790,7680,34816
30599,30884,7680,34816
30600,30885,7680,34816
30601,21791,7680,34816
30602,21793,7680,34816
30603,21792,7680,34816
30604,21794,7680,34816
30605,22682,7552,34816
30606,21795,7552,34816
30607,30886,7552,34816
30608,30887,7552,34816
30609,21796,7552,34816
30610,21798,7552,34816
30611,21797,7552,34816
30612,21799,7552,34816
30613,22685,7424,34816
30614,21800,7424,34816
30615,30888,7424,34816
30616,30889,7424,34816
30617,21801,7424,34816
30618,21803,7424,34816
30619,21802,7424,34816
30620,21804,7424,34816
30621,22688,7296,34816
30622,21805,7296,34816
30623,30890,7296,34816
30624,30891,7296,34816
30625,21806,7296,34816
30626,21808,7296,34816
30627,21807,7296,34816
30628,21809,7296,34816
30629,22691,7168,34816
30630,21810,7168,34816
30631,30892,7168,34816
30632,30893,7168,34816
30633,21811,7168,34816
30634,21813,7168,34816
30635,21812,7168,34816
30636,21814,7168,34816
30637,22694,7040,34816
30638,21815,7040,34816
30639,30894,7040,34816
30640,30895,7040,34816
30641,21816,7040,34816
30642,21818,7040,34816
30643,21817,7040,34816
30644,21819,7040,34816
30645,22697,6912,34816
30646,21820,6912,34816
30647,30896,6912,34816
30648,30897,6912,34816
30649,21821,6912,34816
30650,21823,6912,34816
30651,21822,6912,34816
30652,21824,6912,34816
30653,22700,6784,34816
30654,21825,6784,34816
30655,30898,6784,34816
30656,30899,6784,34816
30657,21826,6784,34816
30658,21828,6784,34816
30659,21827,6784,34816
30660,21829,6784,34816
30661,22703,6656,34816
30662,21830,6656,34816
30663,30900,6656,34816
30664,30901,6656,34816
30665,21831,6656,34816
30666,21833,6656,34816
30667,21832,6656,34816
30668,21834,6656,34816
30669,22706,6528,34816
30670,21835,6528,34816
30671,30902,6528,34816
30672,30903,6528,34816
30673,21836,6528,34816
30674,21838,6528,34816
30675,21837,6528,34816
30676,21839,6528,34816
30677,22709,6400,34816
30678,21840,6400,34816
30679,30904,6400,34816
30680,30905,6400,34816
30681,21841,6400,34816
30682,21843,6400,34816
30683,21842,6400,34816
30684,21844,6400,34816
30685,22712,6272,34816
30686,21845,6272,34816
30687,30906,6272,34816
30688,30907,6272,34816
30689,21846,6272,34816
30690,21848,6272,34816
30691,21847,6272,34816
30692,21849,6272,34816
30693,22715,6144,34816
30694,21850,6144,34816
30695,30908,6144,34816
30696,30909,6144,34816
30697,21851,6144,34816
30698,30877,6144,34816
30699,21852,6144,34816
30700,21853,6144,34816
30701,21855,6144,34816
30702,21854,6144,34816
30703,21856,6144,34816
30704,22719,6016,34816
30705,21857,6016,34816
30706,30911,6016,34816
30707,30912,6016,34816
30708,21858,6016,34816
30709,21860,6016,34816
30710,21859,6016,34816
30711,21861,6016,34816
30712,22722,5888,34816
30713,21862,5888,34816
30714,30913,5888,34816
30715,30914,5888,34816
30716,21863,5888,34816
30717,21865,5888,34816
30718,21864,5888,34816
30719,21866,5888,34816
30720,22725,5760,34816
30721,21867,5760,34816
30722,30915,5760,34816
30723,30916,5760,34816
30724,21868,5760,34816
30725,21870,5760,34816
30726,21869,5760,34816
30727,21871,5760,34816
30728,22728,5632,34816
30729,21872,5632,34816
30730,30917,5632,34816
30731,30918,5632,34816
30732,21873,5632,34816
30733,21875,5632,34816
30734,21874,5632,34816
30735,21876,5632,34816
30736,22731,5504,34816
30737,21877,5504,34816
30738,30919,5504,34816
30739,30920,5504,34816
30740,21878,5504,34816
30741,21880,5504,34816
30742,21879,5504,34816
30743,21881,5504,34816
30744,22734,5376,34816
30745,21882,5376,34816
30746,30921,5376,34816
30747,30922,5376,34816
30748,21883,5376,34816
30749,21885,5376,34816
30750,21884,5376,34816
30751,21886,5376,34816
30752,22737,5248,34816
30753,21887,5248,34816
30754,30923,5248,34816
30755,30924,5248,34816
30756,21888,5248,34816
30757,21890,5248,34816
30758,21889,5248,34816
30759,21891,5248,34816
30760,22740,5120,34816
30761,21892,5120,34816
30762,30925,5120,34816
30763,30926,5120,34816
30764,21893,5120,34816
30765,21895,5120,34816
30766,21894,5120,34816
30767,21896,5120,34816
30768,22743,4992,34816
30769,21897,4992,34816
30770,30927,4992,34816
30771,30928,4992,34816
30772,21898,4992,34816
30773,21900,4992,34816
30774,21899,4992,34816
30775,21901,4992,34816
30776,22746,4864,34816
30777,21902,4864,34816
30778,30929,4864,34816
30779,30930,4864,34816
30780,21903,4864,34816
30781,21905,4864,34816
30782,21904,4864,34816
30783,21906,4864,34816
30784,22749,4736,34816
30785,21907,4736,34816
30786,30931,4736,34816
30787,30932,4736,34816
30788,21908,4736,34816
30789,21910,4736,34816
30790,21909,4736,34816
30791,21911,4736,34816
30792,22752,4608,34816
30793,21912,4608,34816
30794,30933,4608,34816
30795,30934,4608,34816
30796,21913,4608,34816
30797,21915,4608,34816
30798,21914,4608,34816
30799,21916,4608,34816
30800,22755,4480,34816
30801,21917,4480,34816
30802,30935,4480,34816
30803,30936,4480,34816
30804,21918,4480,34816
30805,21920,4480,34816
30806,21919,4480,34816
30807,21921,4480,34816
30808,22758,4352,34816
30809,21922,4352,34816
30810,30937,4352,34816
30811,30938,4352,34816
30812,21923,4352,34816
30813,21925,4352,34816
30814,21924,4352,34816
30815,21926,4352,34816
30816,22761,4224,34816
30817,21927,4224,34816
30818,30939,4224,34816
30819,30940,4224,34816
30820,21928,4224,34816
30821,21930,4224,34816
30822,21929,4224,34816
30823,21931,4224,34816
30824,22764,4096,34816
30825,21932,4096,34816
30826,30941,4096,34816
30827,30942,4096,34816
30828,21933,4096,34816
30829,30910,4096,34816
30830,21934,4096,34816
30831,21935,4096,34816
30832,21937,4096,34816
30833,30433,3968,34816
30834,21936,3968,34816
30835,21938,3968,34816
30836,22768,3840,34816
30837,21939,3840,34816
30838,30944,3840,34816
30839,30945,3840,34816
30840,21940,3840,34816
30841,21942,3840,34816
30842,30436,3712,34816
30843,21941,3712,34816
30844,21943,3712,34816
30845,22771,3584,34816
30846,21944,3584,34816
30847,30946,3584,34816
30848,30947,3584,34816
30849,21945,3584,34816
30850,21947,3584,34816
30851,30439,3456,34816
30852,21946,3456,34816
30853,21948,3456,34816
30854,22774,3328,34816
30855,21949,3328,34816
30856,30948,3328,34816
30857,30949,3328,34816
30858,21950,3328,34816
30859,21952,3328,34816
30860,30442,3200,34816
30861,21951,3200,34816
30862,21953,3200,34816
30863,22777,3072,34816
30864,21954,3072,34816
30865,30950,3072,34816
30866,30951,3072,34816
30867,21955,3072,34816
30868,21957,3072,34816
30869,30445,2944,34816
30870,21956,2944,34816
30871,21958,2944,34816
30872,22780,2816,34816
30873,21959,2816,34816
30874,30952,2816,34816
30875,30953,2816,34816
30876,21960,2816,34816
30877,21962,2816,34816
30878,30448,2688,34816
30879,21961,2688,34816
30880,21963,2688,34816
30881,22783,2560,34816
30882,21964,2560,34816
30883,30954,2560,34816
30884,30955,2560,34816
30885,21965,2560,34816
30886,21967,2560,34816
30887,30451,2432,34816
30888,21966,2432,34816
30889,21968,2432,34816
30890,22786,2304,34816
30891,21969,2304,34816
30892,30956,2304,34816
30893,30957,2304,34816
30894,21970,2304,34816
30895,21972,2304,34816
30896,30454,2176,34816
30897,21971,2176,34816
30898,21973,2176,34816
30899,22789,2048,34816
30900,21974,2048,34816
30901,30958,2048,34816
30902,30959,2048,34816
30903,21975,2048,34816
30904,21977,2048,34816
30905,30457,1920,34816
30906,21976,1920,34816
30907,21978,1920,34816
30908,22792,1792,34816
30909,21979,1792,34816
30910,30960,1792,34816
30911,30961,1792,34816
30912,21980,1792,34816
30913,21982,1792,34816
30914,30460,1664,34816
30915,21981,1664,34816
30916,21983,1664,34816
30917,22795,1536,34816
30918,21984,1536,34816
30919,30962,1536,34816
30920,30963,1536,34816
30921,21985,1536,34816
30922,21987,1536,34816
30923,30463,1408,34816
30924,21986,1408,34816
30925,21988,1408,34816
30926,22798,1280,34816
30927,21989,1280,34816
30928,30964,1280,34816
30929,30965,1280,34816
30930,21990,1280,34816
30931,21992,1280,34816
30932,30466,1152,34816
30933,21991,1152,34816
30934,21993,1152,34816
30935,22801,1024,34816
30936,21994,1024,34816
30937,30966,1024,34816
30938,30967,1024,34816
30939,21995,1024,34816
30940,21997,1024,34816
30941,30469,896,34816
30942,21996,896,34816
30943,21998,896,34816
30944,22804,768,34816
30945,21999,768,34816
30946,30968,768,34816
30947,30969,768,34816
30948,22000,768,34816
30949,22002,768,34816
30950,30472,640,34816
30951,22001,640,34816
30952,22003,640,34816
30953,22807,512,34816
30954,22004,512,34816
30955,30970,512,34816
30956,30971,512,34816
30957,22005,512,34816
30958,22007,512,34816
30959,30475,384,34816
30960,22006,384,34816
30961,22008,384,34816
30962,22810,256,34816
30963,22009,256,34816
30964,30972,256,34816
30965,30973,256,34816
30966,22010,256,34816
30967,22012,256,34816
30968,30478,128,34816
30969,22011,128,34816
30970,22013,128,34816
30971,22813,0,34816
30972,22014,0,34816
30973,30974,0,34816
30974,30975,0,34816
30975,22015,0,34816
30976,30943,0,34816
