buf_id,segment_index,memory_type,size,acquire_node,release_node,acquire_position,release_position,offset,created_by_spill
3,0,L0A,128,5,22019,2,10,0,0
7,0,L0A,128,14,22023,14,21,0,0
11,0,L0A,128,23,22027,25,32,0,0
15,0,L0A,128,32,22031,36,43,0,0
19,0,L0A,128,41,22035,47,54,0,0
23,0,L0A,128,50,22039,58,65,0,0
27,0,L0A,128,59,22043,69,76,0,0
31,0,L0A,128,68,22047,80,87,0,0
35,0,L0A,128,77,22051,91,98,0,0
39,0,L0A,128,86,22055,102,109,0,0
43,0,L0A,128,95,22059,113,120,0,0
47,0,L0A,128,104,22063,124,131,0,0
51,0,L0A,128,113,22067,135,142,0,0
55,0,L0A,128,122,22071,146,153,0,0
59,0,L0A,128,131,22075,157,164,0,0
63,0,L0A,128,140,22079,168,175,0,0
67,0,L0A,128,149,22083,179,188,0,0
70,0,L0A,128,156,22086,190,198,0,0
73,0,L0A,128,163,22089,200,208,0,0
76,0,L0A,128,170,22092,210,218,0,0
79,0,L0A,128,177,22095,220,228,0,0
82,0,L0A,128,184,22098,230,238,0,0
85,0,L0A,128,191,22101,240,248,0,0
88,0,L0A,128,198,22104,250,258,0,0
91,0,L0A,128,205,22107,260,268,0,0
94,0,L0A,128,212,22110,270,278,0,0
97,0,L0A,128,219,22113,280,288,0,0
100,0,L0A,128,226,22116,290,298,0,0
103,0,L0A,128,233,22119,300,308,0,0
106,0,L0A,128,240,22122,310,318,0,0
109,0,L0A,128,247,22125,320,328,0,0
112,0,L0A,128,254,22128,330,338,0,0
116,0,L0A,128,263,22132,342,351,0,0
119,0,L0A,128,270,22135,353,361,0,0
122,0,L0A,128,277,22138,363,371,0,0
125,0,L0A,128,284,22141,373,381,0,0
128,0,L0A,128,291,22144,383,391,0,0
131,0,L0A,128,298,22147,393,401,0,0
134,0,L0A,128,305,22150,403,411,0,0
137,0,L0A,128,312,22153,413,421,0,0
140,0,L0A,128,319,22156,423,431,0,0
143,0,L0A,128,326,22159,433,441,0,0
146,0,L0A,128,333,22162,443,451,0,0
149,0,L0A,128,340,22165,453,461,0,0
152,0,L0A,128,347,22168,463,471,0,0
155,0,L0A,128,354,22171,473,481,0,0
158,0,L0A,128,361,22174,483,491,0,0
161,0,L0A,128,368,22177,493,501,0,0
165,0,L0A,128,377,22181,505,514,0,0
168,0,L0A,128,384,22184,516,524,0,0
171,0,L0A,128,391,22187,526,534,0,0
174,0,L0A,128,398,22190,536,544,0,0
177,0,L0A,128,405,22193,546,554,0,0
180,0,L0A,128,412,22196,556,564,0,0
183,0,L0A,128,419,22199,566,574,0,0
186,0,L0A,128,426,22202,576,584,0,0
189,0,L0A,128,433,22205,586,594,0,0
192,0,L0A,128,440,22208,596,604,0,0
195,0,L0A,128,447,22211,606,614,0,0
198,0,L0A,128,454,22214,616,624,0,0
201,0,L0A,128,461,22217,626,634,0,0
204,0,L0A,128,468,22220,636,644,0,0
207,0,L0A,128,475,22223,646,654,0,0
210,0,L0A,128,482,22226,656,664,0,0
214,0,L0A,128,491,22230,668,677,0,0
217,0,L0A,128,498,22233,679,687,0,0
220,0,L0A,128,505,22236,689,697,0,0
223,0,L0A,128,512,22239,699,707,0,0
226,0,L0A,128,519,22242,709,717,0,0
229,0,L0A,128,526,22245,719,727,0,0
232,0,L0A,128,533,22248,729,737,0,0
235,0,L0A,128,540,22251,739,747,0,0
238,0,L0A,128,547,22254,749,757,0,0
241,0,L0A,128,554,22257,759,767,0,0
244,0,L0A,128,561,22260,769,777,0,0
247,0,L0A,128,568,22263,779,787,0,0
250,0,L0A,128,575,22266,789,797,0,0
253,0,L0A,128,582,22269,799,807,0,0
256,0,L0A,128,589,22272,809,817,0,0
259,0,L0A,128,596,22275,819,827,0,0
263,0,L0A,128,605,22279,831,840,0,0
266,0,L0A,128,612,22282,842,850,0,0
269,0,L0A,128,619,22285,852,860,0,0
272,0,L0A,128,626,22288,862,870,0,0
275,0,L0A,128,633,22291,872,880,0,0
278,0,L0A,128,640,22294,882,890,0,0
281,0,L0A,128,647,22297,892,900,0,0
284,0,L0A,128,654,22300,902,910,0,0
287,0,L0A,128,661,22303,912,920,0,0
290,0,L0A,128,668,22306,922,930,0,0
293,0,L0A,128,675,22309,932,940,0,0
296,0,L0A,128,682,22312,942,950,0,0
299,0,L0A,128,689,22315,952,960,0,0
302,0,L0A,128,696,22318,962,970,0,0
305,0,L0A,128,703,22321,972,980,0,0
308,0,L0A,128,710,22324,982,990,0,0
312,0,L0A,128,719,22328,994,1003,0,0
315,0,L0A,128,726,22331,1005,1013,0,0
318,0,L0A,128,733,22334,1015,1023,0,0
321,0,L0A,128,740,22337,1025,1033,0,0
324,0,L0A,128,747,22340,1035,1043,0,0
327,0,L0A,128,754,22343,1045,1053,0,0
330,0,L0A,128,761,22346,1055,1063,0,0
333,0,L0A,128,768,22349,1065,1073,0,0
336,0,L0A,128,775,22352,1075,1083,0,0
339,0,L0A,128,782,22355,1085,1093,0,0
342,0,L0A,128,789,22358,1095,1103,0,0
345,0,L0A,128,796,22361,1105,1113,0,0
348,0,L0A,128,803,22364,1115,1123,0,0
351,0,L0A,128,810,22367,1125,1133,0,0
354,0,L0A,128,817,22370,1135,1143,0,0
357,0,L0A,128,824,22373,1145,1153,0,0
361,0,L0A,128,833,22377,1157,1166,0,0
364,0,L0A,128,840,22380,1168,1176,0,0
367,0,L0A,128,847,22383,1178,1186,0,0
370,0,L0A,128,854,22386,1188,1196,0,0
373,0,L0A,128,861,22389,1198,1206,0,0
376,0,L0A,128,868,22392,1208,1216,0,0
379,0,L0A,128,875,22395,1218,1226,0,0
382,0,L0A,128,882,22398,1228,1236,0,0
385,0,L0A,128,889,22401,1238,1246,0,0
388,0,L0A,128,896,22404,1248,1256,0,0
391,0,L0A,128,903,22407,1258,1266,0,0
394,0,L0A,128,910,22410,1268,1276,0,0
397,0,L0A,128,917,22413,1278,1286,0,0
400,0,L0A,128,924,22416,1288,1296,0,0
403,0,L0A,128,931,22419,1298,1306,0,0
406,0,L0A,128,938,22422,1308,1316,0,0
410,0,L0A,128,947,22426,1320,1329,0,0
413,0,L0A,128,954,22429,1331,1339,0,0
416,0,L0A,128,961,22432,1341,1349,0,0
419,0,L0A,128,968,22435,1351,1359,0,0
422,0,L0A,128,975,22438,1361,1369,0,0
425,0,L0A,128,982,22441,1371,1379,0,0
428,0,L0A,128,989,22444,1381,1389,0,0
431,0,L0A,128,996,22447,1391,1399,0,0
434,0,L0A,128,1003,22450,1401,1409,0,0
437,0,L0A,128,1010,22453,1411,1419,0,0
440,0,L0A,128,1017,22456,1421,1429,0,0
443,0,L0A,128,1024,22459,1431,1439,0,0
446,0,L0A,128,1031,22462,1441,1449,0,0
449,0,L0A,128,1038,22465,1451,1459,0,0
452,0,L0A,128,1045,22468,1461,1469,0,0
455,0,L0A,128,1052,22471,1471,1479,0,0
459,0,L0A,128,1061,22475,1483,1492,0,0
462,0,L0A,128,1068,22478,1494,1502,0,0
465,0,L0A,128,1075,22481,1504,1512,0,0
468,0,L0A,128,1082,22484,1514,1522,0,0
471,0,L0A,128,1089,22487,1524,1532,0,0
474,0,L0A,128,1096,22490,1534,1542,0,0
477,0,L0A,128,1103,22493,1544,1552,0,0
480,0,L0A,128,1110,22496,1554,1562,0,0
483,0,L0A,128,1117,22499,1564,1572,0,0
486,0,L0A,128,1124,22502,1574,1582,0,0
489,0,L0A,128,1131,22505,1584,1592,0,0
492,0,L0A,128,1138,22508,1594,1602,0,0
495,0,L0A,128,1145,22511,1604,1612,0,0
498,0,L0A,128,1152,22514,1614,1622,0,0
501,0,L0A,128,1159,22517,1624,1632,0,0
504,0,L0A,128,1166,22520,1634,1642,0,0
508,0,L0A,128,1175,22524,1646,1655,0,0
511,0,L0A,128,1182,22527,1657,1665,0,0
514,0,L0A,128,1189,22530,1667,1675,0,0
517,0,L0A,128,1196,22533,1677,1685,0,0
520,0,L0A,128,1203,22536,1687,1695,0,0
523,0,L0A,128,1210,22539,1697,1705,0,0
526,0,L0A,128,1217,22542,1707,1715,0,0
529,0,L0A,128,1224,22545,1717,1725,0,0
532,0,L0A,128,1231,22548,1727,1735,0,0
535,0,L0A,128,1238,22551,1737,1745,0,0
538,0,L0A,128,1245,22554,1747,1755,0,0
541,0,L0A,128,1252,22557,1757,1765,0,0
544,0,L0A,128,1259,22560,1767,1775,0,0
547,0,L0A,128,1266,22563,1777,1785,0,0
550,0,L0A,128,1273,22566,1787,1795,0,0
553,0,L0A,128,1280,22569,1797,1805,0,0
557,0,L0A,128,1289,22573,1809,1818,0,0
560,0,L0A,128,1296,22576,1820,1828,0,0
563,0,L0A,128,1303,22579,1830,1838,0,0
566,0,L0A,128,1310,22582,1840,1848,0,0
569,0,L0A,128,1317,22585,1850,1858,0,0
572,0,L0A,128,1324,22588,1860,1868,0,0
575,0,L0A,128,1331,22591,1870,1878,0,0
578,0,L0A,128,1338,22594,1880,1888,0,0
581,0,L0A,128,1345,22597,1890,1898,0,0
584,0,L0A,128,1352,22600,1900,1908,0,0
587,0,L0A,128,1359,22603,1910,1918,0,0
590,0,L0A,128,1366,22606,1920,1928,0,0
593,0,L0A,128,1373,22609,1930,1938,0,0
596,0,L0A,128,1380,22612,1940,1948,0,0
599,0,L0A,128,1387,22615,1950,1958,0,0
602,0,L0A,128,1394,22618,1960,1968,0,0
606,0,L0A,128,1403,22622,1972,1981,0,0
609,0,L0A,128,1410,22625,1983,1991,0,0
612,0,L0A,128,1417,22628,1993,2001,0,0
615,0,L0A,128,1424,22631,2003,2011,0,0
618,0,L0A,128,1431,22634,2013,2021,0,0
621,0,L0A,128,1438,22637,2023,2031,0,0
624,0,L0A,128,1445,22640,2033,2041,0,0
627,0,L0A,128,1452,22643,2043,2051,0,0
630,0,L0A,128,1459,22646,2053,2061,0,0
633,0,L0A,128,1466,22649,2063,2071,0,0
636,0,L0A,128,1473,22652,2073,2081,0,0
639,0,L0A,128,1480,22655,2083,2091,0,0
642,0,L0A,128,1487,22658,2093,2101,0,0
645,0,L0A,128,1494,22661,2103,2111,0,0
648,0,L0A,128,1501,22664,2113,2121,0,0
651,0,L0A,128,1508,22667,2123,2131,0,0
655,0,L0A,128,1517,22671,2135,2144,0,0
658,0,L0A,128,1524,22674,2146,2154,0,0
661,0,L0A,128,1531,22677,2156,2164,0,0
664,0,L0A,128,1538,22680,2166,2174,0,0
667,0,L0A,128,1545,22683,2176,2184,0,0
670,0,L0A,128,1552,22686,2186,2194,0,0
673,0,L0A,128,1559,22689,2196,2204,0,0
676,0,L0A,128,1566,22692,2206,2214,0,0
679,0,L0A,128,1573,22695,2216,2224,0,0
682,0,L0A,128,1580,22698,2226,2234,0,0
685,0,L0A,128,1587,22701,2236,2244,0,0
688,0,L0A,128,1594,22704,2246,2254,0,0
691,0,L0A,128,1601,22707,2256,2264,0,0
694,0,L0A,128,1608,22710,2266,2274,0,0
697,0,L0A,128,1615,22713,2276,2284,0,0
700,0,L0A,128,1622,22716,2286,2294,0,0
704,0,L0A,128,1631,22720,2298,2307,0,0
707,0,L0A,128,1638,22723,2309,2317,0,0
710,0,L0A,128,1645,22726,2319,2327,0,0
713,0,L0A,128,1652,22729,2329,2337,0,0
716,0,L0A,128,1659,22732,2339,2347,0,0
719,0,L0A,128,1666,22735,2349,2357,0,0
722,0,L0A,128,1673,22738,2359,2367,0,0
725,0,L0A,128,1680,22741,2369,2377,0,0
728,0,L0A,128,1687,22744,2379,2387,0,0
731,0,L0A,128,1694,22747,2389,2397,0,0
734,0,L0A,128,1701,22750,2399,2407,0,0
737,0,L0A,128,1708,22753,2409,2417,0,0
740,0,L0A,128,1715,22756,2419,2427,0,0
743,0,L0A,128,1722,22759,2429,2437,0,0
746,0,L0A,128,1729,22762,2439,2447,0,0
749,0,L0A,128,1736,22765,2449,2457,0,0
753,0,L0A,128,1745,22769,2461,2470,0,0
756,0,L0A,128,1752,22772,2472,2480,0,0
759,0,L0A,128,1759,22775,2482,2490,0,0
762,0,L0A,128,1766,22778,2492,2500,0,0
765,0,L0A,128,1773,22781,2502,2510,0,0
768,0,L0A,128,1780,22784,2512,2520,0,0
771,0,L0A,128,1787,22787,2522,2530,0,0
774,0,L0A,128,1794,22790,2532,2540,0,0
777,0,L0A,128,1801,22793,2542,2550,0,0
780,0,L0A,128,1808,22796,2552,2560,0,0
783,0,L0A,128,1815,22799,2562,2570,0,0
786,0,L0A,128,1822,22802,2572,2580,0,0
789,0,L0A,128,1829,22805,2582,2590,0,0
792,0,L0A,128,1836,22808,2592,2600,0,0
795,0,L0A,128,1843,22811,2602,2610,0,0
798,0,L0A,128,1850,22814,2612,2620,0,0
802,0,L0A,128,1859,22818,2629,2633,0,0
805,0,L0A,128,1866,22821,2640,2643,0,0
808,0,L0A,128,1873,22824,2650,2653,0,0
811,0,L0A,128,1880,22827,2660,2663,0,0
814,0,L0A,128,1887,22830,2670,2673,0,0
817,0,L0A,128,1894,22833,2680,2683,0,0
820,0,L0A,128,1901,22836,2690,2693,0,0
823,0,L0A,128,1908,22839,2700,2703,0,0
826,0,L0A,128,1915,22842,2710,2713,0,0
829,0,L0A,128,1922,22845,2720,2723,0,0
832,0,L0A,128,1929,22848,2730,2733,0,0
835,0,L0A,128,1936,22851,2740,2743,0,0
838,0,L0A,128,1943,22854,2750,2753,0,0
841,0,L0A,128,1950,22857,2760,2763,0,0
844,0,L0A,128,1957,22860,2770,2773,0,0
847,0,L0A,128,1964,22863,2782,2785,0,0
850,0,L0A,128,1971,22866,2789,2797,0,0
852,0,L0A,128,1976,22868,2799,2806,0,0
854,0,L0A,128,1981,22870,2808,2815,0,0
856,0,L0A,128,1986,22872,2817,2824,0,0
858,0,L0A,128,1991,22874,2826,2833,0,0
860,0,L0A,128,1996,22876,2835,2842,0,0
862,0,L0A,128,2001,22878,2844,2851,0,0
864,0,L0A,128,2006,22880,2853,2860,0,0
866,0,L0A,128,2011,22882,2862,2869,0,0
868,0,L0A,128,2016,22884,2871,2878,0,0
870,0,L0A,128,2021,22886,2880,2887,0,0
872,0,L0A,128,2026,22888,2889,2896,0,0
874,0,L0A,128,2031,22890,2898,2905,0,0
876,0,L0A,128,2036,22892,2907,2914,0,0
878,0,L0A,128,2041,22894,2916,2923,0,0
880,0,L0A,128,2046,22896,2925,2932,0,0
883,0,L0A,128,2053,22899,2936,2944,0,0
885,0,L0A,128,2058,22901,2946,2953,0,0
887,0,L0A,128,2063,22903,2955,2962,0,0
889,0,L0A,128,2068,22905,2964,2971,0,0
891,0,L0A,128,2073,22907,2973,2980,0,0
893,0,L0A,128,2078,22909,2982,2989,0,0
895,0,L0A,128,2083,22911,2991,2998,0,0
897,0,L0A,128,2088,22913,3000,3007,0,0
899,0,L0A,128,2093,22915,3009,3016,0,0
901,0,L0A,128,2098,22917,3018,3025,0,0
903,0,L0A,128,2103,22919,3027,3034,0,0
905,0,L0A,128,2108,22921,3036,3043,0,0
907,0,L0A,128,2113,22923,3045,3052,0,0
909,0,L0A,128,2118,22925,3054,3061,0,0
911,0,L0A,128,2123,22927,3063,3070,0,0
913,0,L0A,128,2128,22929,3072,3079,0,0
916,0,L0A,128,2135,22932,3083,3091,0,0
918,0,L0A,128,2140,22934,3093,3100,0,0
920,0,L0A,128,2145,22936,3102,3109,0,0
922,0,L0A,128,2150,22938,3111,3118,0,0
924,0,L0A,128,2155,22940,3120,3127,0,0
926,0,L0A,128,2160,22942,3129,3136,0,0
928,0,L0A,128,2165,22944,3138,3145,0,0
930,0,L0A,128,2170,22946,3147,3154,0,0
932,0,L0A,128,2175,22948,3156,3163,0,0
934,0,L0A,128,2180,22950,3165,3172,0,0
936,0,L0A,128,2185,22952,3174,3181,0,0
938,0,L0A,128,2190,22954,3183,3190,0,0
940,0,L0A,128,2195,22956,3192,3199,0,0
942,0,L0A,128,2200,22958,3201,3208,0,0
944,0,L0A,128,2205,22960,3210,3217,0,0
946,0,L0A,128,2210,22962,3219,3226,0,0
949,0,L0A,128,2217,22965,3230,3238,0,0
951,0,L0A,128,2222,22967,3240,3247,0,0
953,0,L0A,128,2227,22969,3249,3256,0,0
955,0,L0A,128,2232,22971,3258,3265,0,0
957,0,L0A,128,2237,22973,3267,3274,0,0
959,0,L0A,128,2242,22975,3276,3283,0,0
961,0,L0A,128,2247,22977,3285,3292,0,0
963,0,L0A,128,2252,22979,3294,3301,0,0
965,0,L0A,128,2257,22981,3303,3310,0,0
967,0,L0A,128,2262,22983,3312,3319,0,0
969,0,L0A,128,2267,22985,3321,3328,0,0
971,0,L0A,128,2272,22987,3330,3337,0,0
973,0,L0A,128,2277,22989,3339,3346,0,0
975,0,L0A,128,2282,22991,3348,3355,0,0
977,0,L0A,128,2287,22993,3357,3364,0,0
979,0,L0A,128,2292,22995,3366,3373,0,0
982,0,L0A,128,2299,22998,3377,3385,0,0
984,0,L0A,128,2304,23000,3387,3394,0,0
986,0,L0A,128,2309,23002,3396,3403,0,0
988,0,L0A,128,2314,23004,3405,3412,0,0
990,0,L0A,128,2319,23006,3414,3421,0,0
992,0,L0A,128,2324,23008,3423,3430,0,0
994,0,L0A,128,2329,23010,3432,3439,0,0
996,0,L0A,128,2334,23012,3441,3448,0,0
998,0,L0A,128,2339,23014,3450,3457,0,0
1000,0,L0A,128,2344,23016,3459,3466,0,0
1002,0,L0A,128,2349,23018,3468,3475,0,0
1004,0,L0A,128,2354,23020,3477,3484,0,0
1006,0,L0A,128,2359,23022,3486,3493,0,0
1008,0,L0A,128,2364,23024,3495,3502,0,0
1010,0,L0A,128,2369,23026,3504,3511,0,0
1012,0,L0A,128,2374,23028,3513,3520,0,0
1015,0,L0A,128,2381,23031,3524,3532,0,0
1017,0,L0A,128,2386,23033,3534,3541,0,0
1019,0,L0A,128,2391,23035,3543,3550,0,0
1021,0,L0A,128,2396,23037,3552,3559,0,0
1023,0,L0A,128,2401,23039,3561,3568,0,0
1025,0,L0A,128,2406,23041,3570,3577,0,0
1027,0,L0A,128,2411,23043,3579,3586,0,0
1029,0,L0A,128,2416,23045,3588,3595,0,0
1031,0,L0A,128,2421,23047,3597,3604,0,0
1033,0,L0A,128,2426,23049,3606,3613,0,0
1035,0,L0A,128,2431,23051,3615,3622,0,0
1037,0,L0A,128,2436,23053,3624,3631,0,0
1039,0,L0A,128,2441,23055,3633,3640,0,0
1041,0,L0A,128,2446,23057,3642,3649,0,0
1043,0,L0A,128,2451,23059,3651,3658,0,0
1045,0,L0A,128,2456,23061,3660,3667,0,0
1048,0,L0A,128,2463,23064,3671,3679,0,0
1050,0,L0A,128,2468,23066,3681,3688,0,0
1052,0,L0A,128,2473,23068,3690,3697,0,0
1054,0,L0A,128,2478,23070,3699,3706,0,0
1056,0,L0A,128,2483,23072,3708,3715,0,0
1058,0,L0A,128,2488,23074,3717,3724,0,0
1060,0,L0A,128,2493,23076,3726,3733,0,0
1062,0,L0A,128,2498,23078,3735,3742,0,0
1064,0,L0A,128,2503,23080,3744,3751,0,0
1066,0,L0A,128,2508,23082,3753,3760,0,0
1068,0,L0A,128,2513,23084,3762,3769,0,0
1070,0,L0A,128,2518,23086,3771,3778,0,0
1072,0,L0A,128,2523,23088,3780,3787,0,0
1074,0,L0A,128,2528,23090,3789,3796,0,0
1076,0,L0A,128,2533,23092,3798,3805,0,0
1078,0,L0A,128,2538,23094,3807,3814,0,0
1081,0,L0A,128,2545,23097,3818,3826,0,0
1083,0,L0A,128,2550,23099,3828,3835,0,0
1085,0,L0A,128,2555,23101,3837,3844,0,0
1087,0,L0A,128,2560,23103,3846,3853,0,0
1089,0,L0A,128,2565,23105,3855,3862,0,0
1091,0,L0A,128,2570,23107,3864,3871,0,0
1093,0,L0A,128,2575,23109,3873,3880,0,0
1095,0,L0A,128,2580,23111,3882,3889,0,0
1097,0,L0A,128,2585,23113,3891,3898,0,0
1099,0,L0A,128,2590,23115,3900,3907,0,0
1101,0,L0A,128,2595,23117,3909,3916,0,0
1103,0,L0A,128,2600,23119,3918,3925,0,0
1105,0,L0A,128,2605,23121,3927,3934,0,0
1107,0,L0A,128,2610,23123,3936,3943,0,0
1109,0,L0A,128,2615,23125,3945,3952,0,0
1111,0,L0A,128,2620,23127,3954,3961,0,0
1114,0,L0A,128,2627,23130,3965,3973,0,0
1116,0,L0A,128,2632,23132,3975,3982,0,0
1118,0,L0A,128,2637,23134,3984,3991,0,0
1120,0,L0A,128,2642,23136,3993,4000,0,0
1122,0,L0A,128,2647,23138,4002,4009,0,0
1124,0,L0A,128,2652,23140,4011,4018,0,0
1126,0,L0A,128,2657,23142,4020,4027,0,0
1128,0,L0A,128,2662,23144,4029,4036,0,0
1130,0,L0A,128,2667,23146,4038,4045,0,0
1132,0,L0A,128,2672,23148,4047,4054,0,0
1134,0,L0A,128,2677,23150,4056,4063,0,0
1136,0,L0A,128,2682,23152,4065,4072,0,0
1138,0,L0A,128,2687,23154,4074,4081,0,0
1140,0,L0A,128,2692,23156,4083,4090,0,0
1142,0,L0A,128,2697,23158,4092,4099,0,0
1144,0,L0A,128,2702,23160,4101,4108,0,0
1147,0,L0A,128,2709,23163,4112,4120,0,0
1149,0,L0A,128,2714,23165,4122,4129,0,0
1151,0,L0A,128,2719,23167,4131,4138,0,0
1153,0,L0A,128,2724,23169,4140,4147,0,0
1155,0,L0A,128,2729,23171,4149,4156,0,0
1157,0,L0A,128,2734,23173,4158,4165,0,0
1159,0,L0A,128,2739,23175,4167,4174,0,0
1161,0,L0A,128,2744,23177,4176,4183,0,0
1163,0,L0A,128,2749,23179,4185,4192,0,0
1165,0,L0A,128,2754,23181,4194,4201,0,0
1167,0,L0A,128,2759,23183,4203,4210,0,0
1169,0,L0A,128,2764,23185,4212,4219,0,0
1171,0,L0A,128,2769,23187,4221,4228,0,0
1173,0,L0A,128,2774,23189,4230,4237,0,0
1175,0,L0A,128,2779,23191,4239,4246,0,0
1177,0,L0A,128,2784,23193,4248,4255,0,0
1180,0,L0A,128,2791,23196,4259,4267,0,0
1182,0,L0A,128,2796,23198,4269,4276,0,0
1184,0,L0A,128,2801,23200,4278,4285,0,0
1186,0,L0A,128,2806,23202,4287,4294,0,0
1188,0,L0A,128,2811,23204,4296,4303,0,0
1190,0,L0A,128,2816,23206,4305,4312,0,0
1192,0,L0A,128,2821,23208,4314,4321,0,0
1194,0,L0A,128,2826,23210,4323,4330,0,0
1196,0,L0A,128,2831,23212,4332,4339,0,0
1198,0,L0A,128,2836,23214,4341,4348,0,0
1200,0,L0A,128,2841,23216,4350,4357,0,0
1202,0,L0A,128,2846,23218,4359,4366,0,0
1204,0,L0A,128,2851,23220,4368,4375,0,0
1206,0,L0A,128,2856,23222,4377,4384,0,0
1208,0,L0A,128,2861,23224,4386,4393,0,0
1210,0,L0A,128,2866,23226,4395,4402,0,0
1213,0,L0A,128,2873,23229,4406,4414,0,0
1215,0,L0A,128,2878,23231,4416,4423,0,0
1217,0,L0A,128,2883,23233,4425,4432,0,0
1219,0,L0A,128,2888,23235,4434,4441,0,0
1221,0,L0A,128,2893,23237,4443,4450,0,0
1223,0,L0A,128,2898,23239,4452,4459,0,0
1225,0,L0A,128,2903,23241,4461,4468,0,0
1227,0,L0A,128,2908,23243,4470,4477,0,0
1229,0,L0A,128,2913,23245,4479,4486,0,0
1231,0,L0A,128,2918,23247,4488,4495,0,0
1233,0,L0A,128,2923,23249,4497,4504,0,0
1235,0,L0A,128,2928,23251,4506,4513,0,0
1237,0,L0A,128,2933,23253,4515,4522,0,0
1239,0,L0A,128,2938,23255,4524,4531,0,0
1241,0,L0A,128,2943,23257,4533,4540,0,0
1243,0,L0A,128,2948,23259,4542,4549,0,0
1246,0,L0A,128,2955,23262,4553,4561,0,0
1248,0,L0A,128,2960,23264,4563,4570,0,0
1250,0,L0A,128,2965,23266,4572,4579,0,0
1252,0,L0A,128,2970,23268,4581,4588,0,0
1254,0,L0A,128,2975,23270,4590,4597,0,0
1256,0,L0A,128,2980,23272,4599,4606,0,0
1258,0,L0A,128,2985,23274,4608,4615,0,0
1260,0,L0A,128,2990,23276,4617,4624,0,0
1262,0,L0A,128,2995,23278,4626,4633,0,0
1264,0,L0A,128,3000,23280,4635,4642,0,0
1266,0,L0A,128,3005,23282,4644,4651,0,0
1268,0,L0A,128,3010,23284,4653,4660,0,0
1270,0,L0A,128,3015,23286,4662,4669,0,0
1272,0,L0A,128,3020,23288,4671,4678,0,0
1274,0,L0A,128,3025,23290,4680,4687,0,0
1276,0,L0A,128,3030,23292,4689,4696,0,0
1279,0,L0A,128,3037,23295,4700,4708,0,0
1281,0,L0A,128,3042,23297,4710,4717,0,0
1283,0,L0A,128,3047,23299,4719,4726,0,0
1285,0,L0A,128,3052,23301,4728,4735,0,0
1287,0,L0A,128,3057,23303,4737,4744,0,0
1289,0,L0A,128,3062,23305,4746,4753,0,0
1291,0,L0A,128,3067,23307,4755,4762,0,0
1293,0,L0A,128,3072,23309,4764,4771,0,0
1295,0,L0A,128,3077,23311,4773,4780,0,0
1297,0,L0A,128,3082,23313,4782,4789,0,0
1299,0,L0A,128,3087,23315,4791,4798,0,0
1301,0,L0A,128,3092,23317,4800,4807,0,0
1303,0,L0A,128,3097,23319,4809,4816,0,0
1305,0,L0A,128,3102,23321,4818,4825,0,0
1307,0,L0A,128,3107,23323,4827,4834,0,0
1309,0,L0A,128,3112,23325,4836,4841,0,0
1312,0,L0A,128,3119,23328,4845,4852,0,0
1314,0,L0A,128,3124,23330,4854,4860,0,0
1316,0,L0A,128,3129,23332,4862,4868,0,0
1318,0,L0A,128,3134,23334,4870,4876,0,0
1320,0,L0A,128,3139,23336,4878,4884,0,0
1322,0,L0A,128,3144,23338,4886,4892,0,0
1324,0,L0A,128,3149,23340,4894,4900,0,0
1326,0,L0A,128,3154,23342,4902,4908,0,0
1328,0,L0A,128,3159,23344,4910,4916,0,0
1330,0,L0A,128,3164,23346,4918,4924,0,0
1332,0,L0A,128,3169,23348,4926,4932,0,0
1334,0,L0A,128,3174,23350,4934,4940,0,0
1336,0,L0A,128,3179,23352,4942,4948,0,0
1338,0,L0A,128,3184,23354,4950,4956,0,0
1340,0,L0A,128,3189,23356,4958,4965,0,0
1342,0,L0A,128,3194,23358,4967,4974,0,0
1346,0,L0A,128,3203,23362,4983,4987,0,0
1349,0,L0A,128,3210,23365,4994,4997,0,0
1352,0,L0A,128,3217,23368,5004,5007,0,0
1355,0,L0A,128,3224,23371,5014,5017,0,0
1358,0,L0A,128,3231,23374,5024,5027,0,0
1361,0,L0A,128,3238,23377,5034,5037,0,0
1364,0,L0A,128,3245,23380,5044,5047,0,0
1367,0,L0A,128,3252,23383,5056,5059,0,0
1370,0,L0A,128,3259,23386,5068,5071,0,0
1373,0,L0A,128,3266,23389,5080,5083,0,0
1376,0,L0A,128,3273,23392,5092,5095,0,0
1379,0,L0A,128,3280,23395,5104,5107,0,0
1382,0,L0A,128,3287,23398,5116,5119,0,0
1385,0,L0A,128,3294,23401,5128,5131,0,0
1388,0,L0A,128,3301,23404,5140,5143,0,0
1391,0,L0A,128,3308,23407,5152,5155,0,0
1394,0,L0A,128,3315,23410,5159,5167,0,0
1396,0,L0A,128,3320,23412,5169,5176,0,0
1398,0,L0A,128,3325,23414,5178,5185,0,0
1400,0,L0A,128,3330,23416,5187,5194,0,0
1402,0,L0A,128,3335,23418,5196,5203,0,0
1404,0,L0A,128,3340,23420,5205,5212,0,0
1406,0,L0A,128,3345,23422,5214,5221,0,0
1408,0,L0A,128,3350,23424,5223,5230,0,0
1410,0,L0A,128,3355,23426,5232,5239,0,0
1412,0,L0A,128,3360,23428,5241,5248,0,0
1414,0,L0A,128,3365,23430,5250,5257,0,0
1416,0,L0A,128,3370,23432,5259,5266,0,0
1418,0,L0A,128,3375,23434,5268,5275,0,0
1420,0,L0A,128,3380,23436,5277,5284,0,0
1422,0,L0A,128,3385,23438,5286,5293,0,0
1424,0,L0A,128,3390,23440,5295,5302,0,0
1427,0,L0A,128,3397,23443,5306,5314,0,0
1429,0,L0A,128,3402,23445,5316,5323,0,0
1431,0,L0A,128,3407,23447,5325,5332,0,0
1433,0,L0A,128,3412,23449,5334,5341,0,0
1435,0,L0A,128,3417,23451,5343,5350,0,0
1437,0,L0A,128,3422,23453,5352,5359,0,0
1439,0,L0A,128,3427,23455,5361,5368,0,0
1441,0,L0A,128,3432,23457,5370,5377,0,0
1443,0,L0A,128,3437,23459,5379,5386,0,0
1445,0,L0A,128,3442,23461,5388,5395,0,0
1447,0,L0A,128,3447,23463,5397,5404,0,0
1449,0,L0A,128,3452,23465,5406,5413,0,0
1451,0,L0A,128,3457,23467,5415,5422,0,0
1453,0,L0A,128,3462,23469,5424,5431,0,0
1455,0,L0A,128,3467,23471,5433,5440,0,0
1457,0,L0A,128,3472,23473,5442,5449,0,0
1460,0,L0A,128,3479,23476,5453,5461,0,0
1462,0,L0A,128,3484,23478,5463,5470,0,0
1464,0,L0A,128,3489,23480,5472,5479,0,0
1466,0,L0A,128,3494,23482,5481,5488,0,0
1468,0,L0A,128,3499,23484,5490,5497,0,0
1470,0,L0A,128,3504,23486,5499,5506,0,0
1472,0,L0A,128,3509,23488,5508,5515,0,0
1474,0,L0A,128,3514,23490,5517,5524,0,0
1476,0,L0A,128,3519,23492,5526,5533,0,0
1478,0,L0A,128,3524,23494,5535,5542,0,0
1480,0,L0A,128,3529,23496,5544,5551,0,0
1482,0,L0A,128,3534,23498,5553,5560,0,0
1484,0,L0A,128,3539,23500,5562,5569,0,0
1486,0,L0A,128,3544,23502,5571,5578,0,0
1488,0,L0A,128,3549,23504,5580,5587,0,0
1490,0,L0A,128,3554,23506,5589,5596,0,0
1493,0,L0A,128,3561,23509,5600,5608,0,0
1495,0,L0A,128,3566,23511,5610,5617,0,0
1497,0,L0A,128,3571,23513,5619,5626,0,0
1499,0,L0A,128,3576,23515,5628,5635,0,0
1501,0,L0A,128,3581,23517,5637,5644,0,0
1503,0,L0A,128,3586,23519,5646,5653,0,0
1505,0,L0A,128,3591,23521,5655,5662,0,0
1507,0,L0A,128,3596,23523,5664,5671,0,0
1509,0,L0A,128,3601,23525,5673,5680,0,0
1511,0,L0A,128,3606,23527,5682,5689,0,0
1513,0,L0A,128,3611,23529,5691,5698,0,0
1515,0,L0A,128,3616,23531,5700,5707,0,0
1517,0,L0A,128,3621,23533,5709,5716,0,0
1519,0,L0A,128,3626,23535,5718,5725,0,0
1521,0,L0A,128,3631,23537,5727,5734,0,0
1523,0,L0A,128,3636,23539,5736,5743,0,0
1526,0,L0A,128,3643,23542,5747,5755,0,0
1528,0,L0A,128,3648,23544,5757,5764,0,0
1530,0,L0A,128,3653,23546,5766,5773,0,0
1532,0,L0A,128,3658,23548,5775,5782,0,0
1534,0,L0A,128,3663,23550,5784,5791,0,0
1536,0,L0A,128,3668,23552,5793,5800,0,0
1538,0,L0A,128,3673,23554,5802,5809,0,0
1540,0,L0A,128,3678,23556,5811,5818,0,0
1542,0,L0A,128,3683,23558,5820,5827,0,0
1544,0,L0A,128,3688,23560,5829,5836,0,0
1546,0,L0A,128,3693,23562,5838,5845,0,0
1548,0,L0A,128,3698,23564,5847,5854,0,0
1550,0,L0A,128,3703,23566,5856,5863,0,0
1552,0,L0A,128,3708,23568,5865,5872,0,0
1554,0,L0A,128,3713,23570,5874,5881,0,0
1556,0,L0A,128,3718,23572,5883,5890,0,0
1559,0,L0A,128,3725,23575,5894,5902,0,0
1561,0,L0A,128,3730,23577,5904,5911,0,0
1563,0,L0A,128,3735,23579,5913,5920,0,0
1565,0,L0A,128,3740,23581,5922,5929,0,0
1567,0,L0A,128,3745,23583,5931,5938,0,0
1569,0,L0A,128,3750,23585,5940,5947,0,0
1571,0,L0A,128,3755,23587,5949,5956,0,0
1573,0,L0A,128,3760,23589,5958,5965,0,0
1575,0,L0A,128,3765,23591,5967,5974,0,0
1577,0,L0A,128,3770,23593,5976,5983,0,0
1579,0,L0A,128,3775,23595,5985,5992,0,0
1581,0,L0A,128,3780,23597,5994,6001,0,0
1583,0,L0A,128,3785,23599,6003,6010,0,0
1585,0,L0A,128,3790,23601,6012,6019,0,0
1587,0,L0A,128,3795,23603,6021,6028,0,0
1589,0,L0A,128,3800,23605,6030,6037,0,0
1592,0,L0A,128,3807,23608,6041,6049,0,0
1594,0,L0A,128,3812,23610,6051,6058,0,0
1596,0,L0A,128,3817,23612,6060,6067,0,0
1598,0,L0A,128,3822,23614,6069,6076,0,0
1600,0,L0A,128,3827,23616,6078,6085,0,0
1602,0,L0A,128,3832,23618,6087,6094,0,0
1604,0,L0A,128,3837,23620,6096,6103,0,0
1606,0,L0A,128,3842,23622,6105,6112,0,0
1608,0,L0A,128,3847,23624,6114,6121,0,0
1610,0,L0A,128,3852,23626,6123,6130,0,0
1612,0,L0A,128,3857,23628,6132,6139,0,0
1614,0,L0A,128,3862,23630,6141,6148,0,0
1616,0,L0A,128,3867,23632,6150,6157,0,0
1618,0,L0A,128,3872,23634,6159,6166,0,0
1620,0,L0A,128,3877,23636,6168,6175,0,0
1622,0,L0A,128,3882,23638,6177,6184,0,0
1625,0,L0A,128,3889,23641,6188,6196,0,0
1627,0,L0A,128,3894,23643,6198,6205,0,0
1629,0,L0A,128,3899,23645,6207,6214,0,0
1631,0,L0A,128,3904,23647,6216,6223,0,0
1633,0,L0A,128,3909,23649,6225,6232,0,0
1635,0,L0A,128,3914,23651,6234,6241,0,0
1637,0,L0A,128,3919,23653,6243,6250,0,0
1639,0,L0A,128,3924,23655,6252,6259,0,0
1641,0,L0A,128,3929,23657,6261,6268,0,0
1643,0,L0A,128,3934,23659,6270,6277,0,0
1645,0,L0A,128,3939,23661,6279,6286,0,0
1647,0,L0A,128,3944,23663,6288,6295,0,0
1649,0,L0A,128,3949,23665,6297,6304,0,0
1651,0,L0A,128,3954,23667,6306,6313,0,0
1653,0,L0A,128,3959,23669,6315,6322,0,0
1655,0,L0A,128,3964,23671,6324,6331,0,0
1658,0,L0A,128,3971,23674,6335,6343,0,0
1660,0,L0A,128,3976,23676,6345,6352,0,0
1662,0,L0A,128,3981,23678,6354,6361,0,0
1664,0,L0A,128,3986,23680,6363,6370,0,0
1666,0,L0A,128,3991,23682,6372,6379,0,0
1668,0,L0A,128,3996,23684,6381,6388,0,0
1670,0,L0A,128,4001,23686,6390,6397,0,0
1672,0,L0A,128,4006,23688,6399,6406,0,0
1674,0,L0A,128,4011,23690,6408,6415,0,0
1676,0,L0A,128,4016,23692,6417,6424,0,0
1678,0,L0A,128,4021,23694,6426,6433,0,0
1680,0,L0A,128,4026,23696,6435,6442,0,0
1682,0,L0A,128,4031,23698,6444,6451,0,0
1684,0,L0A,128,4036,23700,6453,6460,0,0
1686,0,L0A,128,4041,23702,6462,6469,0,0
1688,0,L0A,128,4046,23704,6471,6478,0,0
1691,0,L0A,128,4053,23707,6482,6490,0,0
1693,0,L0A,128,4058,23709,6492,6499,0,0
1695,0,L0A,128,4063,23711,6501,6508,0,0
1697,0,L0A,128,4068,23713,6510,6517,0,0
1699,0,L0A,128,4073,23715,6519,6526,0,0
1701,0,L0A,128,4078,23717,6528,6535,0,0
1703,0,L0A,128,4083,23719,6537,6544,0,0
1705,0,L0A,128,4088,23721,6546,6553,0,0
1707,0,L0A,128,4093,23723,6555,6562,0,0
1709,0,L0A,128,4098,23725,6564,6571,0,0
1711,0,L0A,128,4103,23727,6573,6580,0,0
1713,0,L0A,128,4108,23729,6582,6589,0,0
1715,0,L0A,128,4113,23731,6591,6598,0,0
1717,0,L0A,128,4118,23733,6600,6607,0,0
1719,0,L0A,128,4123,23735,6609,6616,0,0
1721,0,L0A,128,4128,23737,6618,6625,0,0
1724,0,L0A,128,4135,23740,6629,6637,0,0
1726,0,L0A,128,4140,23742,6639,6646,0,0
1728,0,L0A,128,4145,23744,6648,6655,0,0
1730,0,L0A,128,4150,23746,6657,6664,0,0
1732,0,L0A,128,4155,23748,6666,6673,0,0
1734,0,L0A,128,4160,23750,6675,6682,0,0
1736,0,L0A,128,4165,23752,6684,6691,0,0
1738,0,L0A,128,4170,23754,6693,6700,0,0
1740,0,L0A,128,4175,23756,6702,6709,0,0
1742,0,L0A,128,4180,23758,6711,6718,0,0
1744,0,L0A,128,4185,23760,6720,6727,0,0
1746,0,L0A,128,4190,23762,6729,6736,0,0
1748,0,L0A,128,4195,23764,6738,6745,0,0
1750,0,L0A,128,4200,23766,6747,6754,0,0
1752,0,L0A,128,4205,23768,6756,6763,0,0
1754,0,L0A,128,4210,23770,6765,6772,0,0
1757,0,L0A,128,4217,23773,6776,6784,0,0
1759,0,L0A,128,4222,23775,6786,6793,0,0
1761,0,L0A,128,4227,23777,6795,6802,0,0
1763,0,L0A,128,4232,23779,6804,6811,0,0
1765,0,L0A,128,4237,23781,6813,6820,0,0
1767,0,L0A,128,4242,23783,6822,6829,0,0
1769,0,L0A,128,4247,23785,6831,6838,0,0
1771,0,L0A,128,4252,23787,6840,6847,0,0
1773,0,L0A,128,4257,23789,6849,6856,0,0
1775,0,L0A,128,4262,23791,6858,6865,0,0
1777,0,L0A,128,4267,23793,6867,6874,0,0
1779,0,L0A,128,4272,23795,6876,6883,0,0
1781,0,L0A,128,4277,23797,6885,6892,0,0
1783,0,L0A,128,4282,23799,6894,6901,0,0
1785,0,L0A,128,4287,23801,6903,6910,0,0
1787,0,L0A,128,4292,23803,6912,6919,0,0
1790,0,L0A,128,4299,23806,6923,6931,0,0
1792,0,L0A,128,4304,23808,6933,6940,0,0
1794,0,L0A,128,4309,23810,6942,6949,0,0
1796,0,L0A,128,4314,23812,6951,6958,0,0
1798,0,L0A,128,4319,23814,6960,6967,0,0
1800,0,L0A,128,4324,23816,6969,6976,0,0
1802,0,L0A,128,4329,23818,6978,6985,0,0
1804,0,L0A,128,4334,23820,6987,6994,0,0
1806,0,L0A,128,4339,23822,6996,7003,0,0
1808,0,L0A,128,4344,23824,7005,7012,0,0
1810,0,L0A,128,4349,23826,7014,7021,0,0
1812,0,L0A,128,4354,23828,7023,7030,0,0
1814,0,L0A,128,4359,23830,7032,7039,0,0
1816,0,L0A,128,4364,23832,7041,7048,0,0
1818,0,L0A,128,4369,23834,7050,7057,0,0
1820,0,L0A,128,4374,23836,7059,7066,0,0
1823,0,L0A,128,4381,23839,7070,7078,0,0
1825,0,L0A,128,4386,23841,7080,7087,0,0
1827,0,L0A,128,4391,23843,7089,7096,0,0
1829,0,L0A,128,4396,23845,7098,7105,0,0
1831,0,L0A,128,4401,23847,7107,7114,0,0
1833,0,L0A,128,4406,23849,7116,7123,0,0
1835,0,L0A,128,4411,23851,7125,7132,0,0
1837,0,L0A,128,4416,23853,7134,7141,0,0
1839,0,L0A,128,4421,23855,7143,7150,0,0
1841,0,L0A,128,4426,23857,7152,7159,0,0
1843,0,L0A,128,4431,23859,7161,7168,0,0
1845,0,L0A,128,4436,23861,7170,7177,0,0
1847,0,L0A,128,4441,23863,7179,7186,0,0
1849,0,L0A,128,4446,23865,7188,7195,0,0
1851,0,L0A,128,4451,23867,7197,7202,0,0
1853,0,L0A,128,4456,23869,7204,7209,0,0
1856,0,L0A,128,4463,23872,7213,7220,0,0
1858,0,L0A,128,4468,23874,7222,7228,0,0
1860,0,L0A,128,4473,23876,7230,7236,0,0
1862,0,L0A,128,4478,23878,7238,7244,0,0
1864,0,L0A,128,4483,23880,7246,7252,0,0
1866,0,L0A,128,4488,23882,7254,7260,0,0
1868,0,L0A,128,4493,23884,7262,7268,0,0
1870,0,L0A,128,4498,23886,7270,7276,0,0
1872,0,L0A,128,4503,23888,7278,7284,0,0
1874,0,L0A,128,4508,23890,7286,7292,0,0
1876,0,L0A,128,4513,23892,7294,7300,0,0
1878,0,L0A,128,4518,23894,7302,7308,0,0
1880,0,L0A,128,4523,23896,7310,7316,0,0
1882,0,L0A,128,4528,23898,7318,7325,0,0
1884,0,L0A,128,4533,23900,7327,7334,0,0
1886,0,L0A,128,4538,23902,7336,7343,0,0
1890,0,L0A,128,4547,23906,7352,7356,0,0
1893,0,L0A,128,4554,23909,7363,7366,0,0
1896,0,L0A,128,4561,23912,7373,7376,0,0
1899,0,L0A,128,4568,23915,7383,7386,0,0
1902,0,L0A,128,4575,23918,7393,7396,0,0
1905,0,L0A,128,4582,23921,7403,7406,0,0
1908,0,L0A,128,4589,23924,7414,7417,0,0
1911,0,L0A,128,4596,23927,7426,7429,0,0
1914,0,L0A,128,4603,23930,7438,7441,0,0
1917,0,L0A,128,4610,23933,7450,7453,0,0
1920,0,L0A,128,4617,23936,7462,7465,0,0
1923,0,L0A,128,4624,23939,7474,7477,0,0
1926,0,L0A,128,4631,23942,7486,7489,0,0
1929,0,L0A,128,4638,23945,7498,7501,0,0
1932,0,L0A,128,4645,23948,7510,7513,0,0
1935,0,L0A,128,4652,23951,7522,7525,0,0
1938,0,L0A,128,4659,23954,7529,7537,0,0
1940,0,L0A,128,4664,23956,7539,7546,0,0
1942,0,L0A,128,4669,23958,7548,7555,0,0
1944,0,L0A,128,4674,23960,7557,7564,0,0
1946,0,L0A,128,4679,23962,7566,7573,0,0
1948,0,L0A,128,4684,23964,7575,7582,0,0
1950,0,L0A,128,4689,23966,7584,7591,0,0
1952,0,L0A,128,4694,23968,7593,7600,0,0
1954,0,L0A,128,4699,23970,7602,7609,0,0
1956,0,L0A,128,4704,23972,7611,7618,0,0
1958,0,L0A,128,4709,23974,7620,7627,0,0
1960,0,L0A,128,4714,23976,7629,7636,0,0
1962,0,L0A,128,4719,23978,7638,7645,0,0
1964,0,L0A,128,4724,23980,7647,7654,0,0
1966,0,L0A,128,4729,23982,7656,7663,0,0
1968,0,L0A,128,4734,23984,7665,7672,0,0
1971,0,L0A,128,4741,23987,7676,7684,0,0
1973,0,L0A,128,4746,23989,7686,7693,0,0
1975,0,L0A,128,4751,23991,7695,7702,0,0
1977,0,L0A,128,4756,23993,7704,7711,0,0
1979,0,L0A,128,4761,23995,7713,7720,0,0
1981,0,L0A,128,4766,23997,7722,7729,0,0
1983,0,L0A,128,4771,23999,7731,7738,0,0
1985,0,L0A,128,4776,24001,7740,7747,0,0
1987,0,L0A,128,4781,24003,7749,7756,0,0
1989,0,L0A,128,4786,24005,7758,7765,0,0
1991,0,L0A,128,4791,24007,7767,7774,0,0
1993,0,L0A,128,4796,24009,7776,7783,0,0
1995,0,L0A,128,4801,24011,7785,7792,0,0
1997,0,L0A,128,4806,24013,7794,7801,0,0
1999,0,L0A,128,4811,24015,7803,7810,0,0
2001,0,L0A,128,4816,24017,7812,7819,0,0
2004,0,L0A,128,4823,24020,7823,7831,0,0
2006,0,L0A,128,4828,24022,7833,7840,0,0
2008,0,L0A,128,4833,24024,7842,7849,0,0
2010,0,L0A,128,4838,24026,7851,7858,0,0
2012,0,L0A,128,4843,24028,7860,7867,0,0
2014,0,L0A,128,4848,24030,7869,7876,0,0
2016,0,L0A,128,4853,24032,7878,7885,0,0
2018,0,L0A,128,4858,24034,7887,7894,0,0
2020,0,L0A,128,4863,24036,7896,7903,0,0
2022,0,L0A,128,4868,24038,7905,7912,0,0
2024,0,L0A,128,4873,24040,7914,7921,0,0
2026,0,L0A,128,4878,24042,7923,7930,0,0
2028,0,L0A,128,4883,24044,7932,7939,0,0
2030,0,L0A,128,4888,24046,7941,7948,0,0
2032,0,L0A,128,4893,24048,7950,7957,0,0
2034,0,L0A,128,4898,24050,7959,7966,0,0
2037,0,L0A,128,4905,24053,7970,7978,0,0
2039,0,L0A,128,4910,24055,7980,7987,0,0
2041,0,L0A,128,4915,24057,7989,7996,0,0
2043,0,L0A,128,4920,24059,7998,8005,0,0
2045,0,L0A,128,4925,24061,8007,8014,0,0
2047,0,L0A,128,4930,24063,8016,8023,0,0
2049,0,L0A,128,4935,24065,8025,8032,0,0
2051,0,L0A,128,4940,24067,8034,8041,0,0
2053,0,L0A,128,4945,24069,8043,8050,0,0
2055,0,L0A,128,4950,24071,8052,8059,0,0
2057,0,L0A,128,4955,24073,8061,8068,0,0
2059,0,L0A,128,4960,24075,8070,8077,0,0
2061,0,L0A,128,4965,24077,8079,8086,0,0
2063,0,L0A,128,4970,24079,8088,8095,0,0
2065,0,L0A,128,4975,24081,8097,8104,0,0
2067,0,L0A,128,4980,24083,8106,8113,0,0
2070,0,L0A,128,4987,24086,8117,8125,0,0
2072,0,L0A,128,4992,24088,8127,8134,0,0
2074,0,L0A,128,4997,24090,8136,8143,0,0
2076,0,L0A,128,5002,24092,8145,8152,0,0
2078,0,L0A,128,5007,24094,8154,8161,0,0
2080,0,L0A,128,5012,24096,8163,8170,0,0
2082,0,L0A,128,5017,24098,8172,8179,0,0
2084,0,L0A,128,5022,24100,8181,8188,0,0
2086,0,L0A,128,5027,24102,8190,8197,0,0
2088,0,L0A,128,5032,24104,8199,8206,0,0
2090,0,L0A,128,5037,24106,8208,8215,0,0
2092,0,L0A,128,5042,24108,8217,8224,0,0
2094,0,L0A,128,5047,24110,8226,8233,0,0
2096,0,L0A,128,5052,24112,8235,8242,0,0
2098,0,L0A,128,5057,24114,8244,8251,0,0
2100,0,L0A,128,5062,24116,8253,8260,0,0
2103,0,L0A,128,5069,24119,8264,8272,0,0
2105,0,L0A,128,5074,24121,8274,8281,0,0
2107,0,L0A,128,5079,24123,8283,8290,0,0
2109,0,L0A,128,5084,24125,8292,8299,0,0
2111,0,L0A,128,5089,24127,8301,8308,0,0
2113,0,L0A,128,5094,24129,8310,8317,0,0
2115,0,L0A,128,5099,24131,8319,8326,0,0
2117,0,L0A,128,5104,24133,8328,8335,0,0
2119,0,L0A,128,5109,24135,8337,8344,0,0
2121,0,L0A,128,5114,24137,8346,8353,0,0
2123,0,L0A,128,5119,24139,8355,8362,0,0
2125,0,L0A,128,5124,24141,8364,8371,0,0
2127,0,L0A,128,5129,24143,8373,8380,0,0
2129,0,L0A,128,5134,24145,8382,8389,0,0
2131,0,L0A,128,5139,24147,8391,8398,0,0
2133,0,L0A,128,5144,24149,8400,8407,0,0
2136,0,L0A,128,5151,24152,8411,8419,0,0
2138,0,L0A,128,5156,24154,8421,8428,0,0
2140,0,L0A,128,5161,24156,8430,8437,0,0
2142,0,L0A,128,5166,24158,8439,8446,0,0
2144,0,L0A,128,5171,24160,8448,8455,0,0
2146,0,L0A,128,5176,24162,8457,8464,0,0
2148,0,L0A,128,5181,24164,8466,8473,0,0
2150,0,L0A,128,5186,24166,8475,8482,0,0
2152,0,L0A,128,5191,24168,8484,8491,0,0
2154,0,L0A,128,5196,24170,8493,8500,0,0
2156,0,L0A,128,5201,24172,8502,8509,0,0
2158,0,L0A,128,5206,24174,8511,8518,0,0
2160,0,L0A,128,5211,24176,8520,8527,0,0
2162,0,L0A,128,5216,24178,8529,8536,0,0
2164,0,L0A,128,5221,24180,8538,8545,0,0
2166,0,L0A,128,5226,24182,8547,8554,0,0
2169,0,L0A,128,5233,24185,8558,8566,0,0
2171,0,L0A,128,5238,24187,8568,8575,0,0
2173,0,L0A,128,5243,24189,8577,8584,0,0
2175,0,L0A,128,5248,24191,8586,8593,0,0
2177,0,L0A,128,5253,24193,8595,8602,0,0
2179,0,L0A,128,5258,24195,8604,8611,0,0
2181,0,L0A,128,5263,24197,8613,8620,0,0
2183,0,L0A,128,5268,24199,8622,8629,0,0
2185,0,L0A,128,5273,24201,8631,8638,0,0
2187,0,L0A,128,5278,24203,8640,8647,0,0
2189,0,L0A,128,5283,24205,8649,8656,0,0
2191,0,L0A,128,5288,24207,8658,8665,0,0
2193,0,L0A,128,5293,24209,8667,8674,0,0
2195,0,L0A,128,5298,24211,8676,8683,0,0
2197,0,L0A,128,5303,24213,8685,8692,0,0
2199,0,L0A,128,5308,24215,8694,8701,0,0
2202,0,L0A,128,5315,24218,8705,8713,0,0
2204,0,L0A,128,5320,24220,8715,8722,0,0
2206,0,L0A,128,5325,24222,8724,8731,0,0
2208,0,L0A,128,5330,24224,8733,8740,0,0
2210,0,L0A,128,5335,24226,8742,8749,0,0
2212,0,L0A,128,5340,24228,8751,8758,0,0
2214,0,L0A,128,5345,24230,8760,8767,0,0
2216,0,L0A,128,5350,24232,8769,8776,0,0
2218,0,L0A,128,5355,24234,8778,8785,0,0
2220,0,L0A,128,5360,24236,8787,8794,0,0
2222,0,L0A,128,5365,24238,8796,8803,0,0
2224,0,L0A,128,5370,24240,8805,8812,0,0
2226,0,L0A,128,5375,24242,8814,8821,0,0
2228,0,L0A,128,5380,24244,8823,8830,0,0
2230,0,L0A,128,5385,24246,8832,8839,0,0
2232,0,L0A,128,5390,24248,8841,8848,0,0
2235,0,L0A,128,5397,24251,8852,8860,0,0
2237,0,L0A,128,5402,24253,8862,8869,0,0
2239,0,L0A,128,5407,24255,8871,8878,0,0
2241,0,L0A,128,5412,24257,8880,8887,0,0
2243,0,L0A,128,5417,24259,8889,8896,0,0
2245,0,L0A,128,5422,24261,8898,8905,0,0
2247,0,L0A,128,5427,24263,8907,8914,0,0
2249,0,L0A,128,5432,24265,8916,8923,0,0
2251,0,L0A,128,5437,24267,8925,8932,0,0
2253,0,L0A,128,5442,24269,8934,8941,0,0
2255,0,L0A,128,5447,24271,8943,8950,0,0
2257,0,L0A,128,5452,24273,8952,8959,0,0
2259,0,L0A,128,5457,24275,8961,8968,0,0
2261,0,L0A,128,5462,24277,8970,8977,0,0
2263,0,L0A,128,5467,24279,8979,8986,0,0
2265,0,L0A,128,5472,24281,8988,8995,0,0
2268,0,L0A,128,5479,24284,8999,9007,0,0
2270,0,L0A,128,5484,24286,9009,9016,0,0
2272,0,L0A,128,5489,24288,9018,9025,0,0
2274,0,L0A,128,5494,24290,9027,9034,0,0
2276,0,L0A,128,5499,24292,9036,9043,0,0
2278,0,L0A,128,5504,24294,9045,9052,0,0
2280,0,L0A,128,5509,24296,9054,9061,0,0
2282,0,L0A,128,5514,24298,9063,9070,0,0
2284,0,L0A,128,5519,24300,9072,9079,0,0
2286,0,L0A,128,5524,24302,9081,9088,0,0
2288,0,L0A,128,5529,24304,9090,9097,0,0
2290,0,L0A,128,5534,24306,9099,9106,0,0
2292,0,L0A,128,5539,24308,9108,9115,0,0
2294,0,L0A,128,5544,24310,9117,9124,0,0
2296,0,L0A,128,5549,24312,9126,9133,0,0
2298,0,L0A,128,5554,24314,9135,9142,0,0
2301,0,L0A,128,5561,24317,9146,9154,0,0
2303,0,L0A,128,5566,24319,9156,9163,0,0
2305,0,L0A,128,5571,24321,9165,9172,0,0
2307,0,L0A,128,5576,24323,9174,9181,0,0
2309,0,L0A,128,5581,24325,9183,9190,0,0
2311,0,L0A,128,5586,24327,9192,9199,0,0
2313,0,L0A,128,5591,24329,9201,9208,0,0
2315,0,L0A,128,5596,24331,9210,9217,0,0
2317,0,L0A,128,5601,24333,9219,9226,0,0
2319,0,L0A,128,5606,24335,9228,9235,0,0
2321,0,L0A,128,5611,24337,9237,9244,0,0
2323,0,L0A,128,5616,24339,9246,9253,0,0
2325,0,L0A,128,5621,24341,9255,9262,0,0
2327,0,L0A,128,5626,24343,9264,9271,0,0
2329,0,L0A,128,5631,24345,9273,9280,0,0
2331,0,L0A,128,5636,24347,9282,9289,0,0
2334,0,L0A,128,5643,24350,9293,9301,0,0
2336,0,L0A,128,5648,24352,9303,9310,0,0
2338,0,L0A,128,5653,24354,9312,9319,0,0
2340,0,L0A,128,5658,24356,9321,9328,0,0
2342,0,L0A,128,5663,24358,9330,9337,0,0
2344,0,L0A,128,5668,24360,9339,9346,0,0
2346,0,L0A,128,5673,24362,9348,9355,0,0
2348,0,L0A,128,5678,24364,9357,9364,0,0
2350,0,L0A,128,5683,24366,9366,9373,0,0
2352,0,L0A,128,5688,24368,9375,9382,0,0
2354,0,L0A,128,5693,24370,9384,9391,0,0
2356,0,L0A,128,5698,24372,9393,9400,0,0
2358,0,L0A,128,5703,24374,9402,9409,0,0
2360,0,L0A,128,5708,24376,9411,9418,0,0
2362,0,L0A,128,5713,24378,9420,9427,0,0
2364,0,L0A,128,5718,24380,9429,9436,0,0
2367,0,L0A,128,5725,24383,9440,9448,0,0
2369,0,L0A,128,5730,24385,9450,9457,0,0
2371,0,L0A,128,5735,24387,9459,9466,0,0
2373,0,L0A,128,5740,24389,9468,9475,0,0
2375,0,L0A,128,5745,24391,9477,9484,0,0
2377,0,L0A,128,5750,24393,9486,9493,0,0
2379,0,L0A,128,5755,24395,9495,9502,0,0
2381,0,L0A,128,5760,24397,9504,9511,0,0
2383,0,L0A,128,5765,24399,9513,9520,0,0
2385,0,L0A,128,5770,24401,9522,9529,0,0
2387,0,L0A,128,5775,24403,9531,9538,0,0
2389,0,L0A,128,5780,24405,9540,9547,0,0
2391,0,L0A,128,5785,24407,9549,9556,0,0
2393,0,L0A,128,5790,24409,9558,9563,0,0
2395,0,L0A,128,5795,24411,9565,9570,0,0
2397,0,L0A,128,5800,24413,9572,9577,0,0
2400,0,L0A,128,5807,24416,9581,9588,0,0
2402,0,L0A,128,5812,24418,9590,9596,0,0
2404,0,L0A,128,5817,24420,9598,9604,0,0
2406,0,L0A,128,5822,24422,9606,9612,0,0
2408,0,L0A,128,5827,24424,9614,9620,0,0
2410,0,L0A,128,5832,24426,9622,9628,0,0
2412,0,L0A,128,5837,24428,9630,9636,0,0
2414,0,L0A,128,5842,24430,9638,9644,0,0
2416,0,L0A,128,5847,24432,9646,9652,0,0
2418,0,L0A,128,5852,24434,9654,9660,0,0
2420,0,L0A,128,5857,24436,9662,9668,0,0
2422,0,L0A,128,5862,24438,9670,9676,0,0
2424,0,L0A,128,5867,24440,9678,9685,0,0
2426,0,L0A,128,5872,24442,9687,9694,0,0
2428,0,L0A,128,5877,24444,9696,9703,0,0
2430,0,L0A,128,5882,24446,9705,9712,0,0
2434,0,L0A,128,5891,24450,9721,9725,0,0
2437,0,L0A,128,5898,24453,9732,9735,0,0
2440,0,L0A,128,5905,24456,9742,9745,0,0
2443,0,L0A,128,5912,24459,9752,9755,0,0
2446,0,L0A,128,5919,24462,9762,9765,0,0
2449,0,L0A,128,5926,24465,9772,9775,0,0
2452,0,L0A,128,5933,24468,9784,9787,0,0
2455,0,L0A,128,5940,24471,9796,9799,0,0
2458,0,L0A,128,5947,24474,9808,9811,0,0
2461,0,L0A,128,5954,24477,9820,9823,0,0
2464,0,L0A,128,5961,24480,9832,9835,0,0
2467,0,L0A,128,5968,24483,9844,9847,0,0
2470,0,L0A,128,5975,24486,9856,9859,0,0
2473,0,L0A,128,5982,24489,9868,9871,0,0
2476,0,L0A,128,5989,24492,9880,9883,0,0
2479,0,L0A,128,5996,24495,9892,9895,0,0
2482,0,L0A,128,6003,24498,9899,9907,0,0
2484,0,L0A,128,6008,24500,9909,9916,0,0
2486,0,L0A,128,6013,24502,9918,9925,0,0
2488,0,L0A,128,6018,24504,9927,9934,0,0
2490,0,L0A,128,6023,24506,9936,9943,0,0
2492,0,L0A,128,6028,24508,9945,9952,0,0
2494,0,L0A,128,6033,24510,9954,9961,0,0
2496,0,L0A,128,6038,24512,9963,9970,0,0
2498,0,L0A,128,6043,24514,9972,9979,0,0
2500,0,L0A,128,6048,24516,9981,9988,0,0
2502,0,L0A,128,6053,24518,9990,9997,0,0
2504,0,L0A,128,6058,24520,9999,10006,0,0
2506,0,L0A,128,6063,24522,10008,10015,0,0
2508,0,L0A,128,6068,24524,10017,10024,0,0
2510,0,L0A,128,6073,24526,10026,10033,0,0
2512,0,L0A,128,6078,24528,10035,10042,0,0
2515,0,L0A,128,6085,24531,10046,10054,0,0
2517,0,L0A,128,6090,24533,10056,10063,0,0
2519,0,L0A,128,6095,24535,10065,10072,0,0
2521,0,L0A,128,6100,24537,10074,10081,0,0
2523,0,L0A,128,6105,24539,10083,10090,0,0
2525,0,L0A,128,6110,24541,10092,10099,0,0
2527,0,L0A,128,6115,24543,10101,10108,0,0
2529,0,L0A,128,6120,24545,10110,10117,0,0
2531,0,L0A,128,6125,24547,10119,10126,0,0
2533,0,L0A,128,6130,24549,10128,10135,0,0
2535,0,L0A,128,6135,24551,10137,10144,0,0
2537,0,L0A,128,6140,24553,10146,10153,0,0
2539,0,L0A,128,6145,24555,10155,10162,0,0
2541,0,L0A,128,6150,24557,10164,10171,0,0
2543,0,L0A,128,6155,24559,10173,10180,0,0
2545,0,L0A,128,6160,24561,10182,10189,0,0
2548,0,L0A,128,6167,24564,10193,10201,0,0
2550,0,L0A,128,6172,24566,10203,10210,0,0
2552,0,L0A,128,6177,24568,10212,10219,0,0
2554,0,L0A,128,6182,24570,10221,10228,0,0
2556,0,L0A,128,6187,24572,10230,10237,0,0
2558,0,L0A,128,6192,24574,10239,10246,0,0
2560,0,L0A,128,6197,24576,10248,10255,0,0
2562,0,L0A,128,6202,24578,10257,10264,0,0
2564,0,L0A,128,6207,24580,10266,10273,0,0
2566,0,L0A,128,6212,24582,10275,10282,0,0
2568,0,L0A,128,6217,24584,10284,10291,0,0
2570,0,L0A,128,6222,24586,10293,10300,0,0
2572,0,L0A,128,6227,24588,10302,10309,0,0
2574,0,L0A,128,6232,24590,10311,10318,0,0
2576,0,L0A,128,6237,24592,10320,10327,0,0
2578,0,L0A,128,6242,24594,10329,10336,0,0
2581,0,L0A,128,6249,24597,10340,10348,0,0
2583,0,L0A,128,6254,24599,10350,10357,0,0
2585,0,L0A,128,6259,24601,10359,10366,0,0
2587,0,L0A,128,6264,24603,10368,10375,0,0
2589,0,L0A,128,6269,24605,10377,10384,0,0
2591,0,L0A,128,6274,24607,10386,10393,0,0
2593,0,L0A,128,6279,24609,10395,10402,0,0
2595,0,L0A,128,6284,24611,10404,10411,0,0
2597,0,L0A,128,6289,24613,10413,10420,0,0
2599,0,L0A,128,6294,24615,10422,10429,0,0
2601,0,L0A,128,6299,24617,10431,10438,0,0
2603,0,L0A,128,6304,24619,10440,10447,0,0
2605,0,L0A,128,6309,24621,10449,10456,0,0
2607,0,L0A,128,6314,24623,10458,10465,0,0
2609,0,L0A,128,6319,24625,10467,10474,0,0
2611,0,L0A,128,6324,24627,10476,10483,0,0
2614,0,L0A,128,6331,24630,10487,10495,0,0
2616,0,L0A,128,6336,24632,10497,10504,0,0
2618,0,L0A,128,6341,24634,10506,10513,0,0
2620,0,L0A,128,6346,24636,10515,10522,0,0
2622,0,L0A,128,6351,24638,10524,10531,0,0
2624,0,L0A,128,6356,24640,10533,10540,0,0
2626,0,L0A,128,6361,24642,10542,10549,0,0
2628,0,L0A,128,6366,24644,10551,10558,0,0
2630,0,L0A,128,6371,24646,10560,10567,0,0
2632,0,L0A,128,6376,24648,10569,10576,0,0
2634,0,L0A,128,6381,24650,10578,10585,0,0
2636,0,L0A,128,6386,24652,10587,10594,0,0
2638,0,L0A,128,6391,24654,10596,10603,0,0
2640,0,L0A,128,6396,24656,10605,10612,0,0
2642,0,L0A,128,6401,24658,10614,10621,0,0
2644,0,L0A,128,6406,24660,10623,10630,0,0
2647,0,L0A,128,6413,24663,10634,10642,0,0
2649,0,L0A,128,6418,24665,10644,10651,0,0
2651,0,L0A,128,6423,24667,10653,10660,0,0
2653,0,L0A,128,6428,24669,10662,10669,0,0
2655,0,L0A,128,6433,24671,10671,10678,0,0
2657,0,L0A,128,6438,24673,10680,10687,0,0
2659,0,L0A,128,6443,24675,10689,10696,0,0
2661,0,L0A,128,6448,24677,10698,10705,0,0
2663,0,L0A,128,6453,24679,10707,10714,0,0
2665,0,L0A,128,6458,24681,10716,10723,0,0
2667,0,L0A,128,6463,24683,10725,10732,0,0
2669,0,L0A,128,6468,24685,10734,10741,0,0
2671,0,L0A,128,6473,24687,10743,10750,0,0
2673,0,L0A,128,6478,24689,10752,10759,0,0
2675,0,L0A,128,6483,24691,10761,10768,0,0
2677,0,L0A,128,6488,24693,10770,10777,0,0
2680,0,L0A,128,6495,24696,10781,10789,0,0
2682,0,L0A,128,6500,24698,10791,10798,0,0
2684,0,L0A,128,6505,24700,10800,10807,0,0
2686,0,L0A,128,6510,24702,10809,10816,0,0
2688,0,L0A,128,6515,24704,10818,10825,0,0
2690,0,L0A,128,6520,24706,10827,10834,0,0
2692,0,L0A,128,6525,24708,10836,10843,0,0
2694,0,L0A,128,6530,24710,10845,10852,0,0
2696,0,L0A,128,6535,24712,10854,10861,0,0
2698,0,L0A,128,6540,24714,10863,10870,0,0
2700,0,L0A,128,6545,24716,10872,10879,0,0
2702,0,L0A,128,6550,24718,10881,10888,0,0
2704,0,L0A,128,6555,24720,10890,10897,0,0
2706,0,L0A,128,6560,24722,10899,10906,0,0
2708,0,L0A,128,6565,24724,10908,10915,0,0
2710,0,L0A,128,6570,24726,10917,10924,0,0
2713,0,L0A,128,6577,24729,10928,10936,0,0
2715,0,L0A,128,6582,24731,10938,10945,0,0
2717,0,L0A,128,6587,24733,10947,10954,0,0
2719,0,L0A,128,6592,24735,10956,10963,0,0
2721,0,L0A,128,6597,24737,10965,10972,0,0
2723,0,L0A,128,6602,24739,10974,10981,0,0
2725,0,L0A,128,6607,24741,10983,10990,0,0
2727,0,L0A,128,6612,24743,10992,10999,0,0
2729,0,L0A,128,6617,24745,11001,11008,0,0
2731,0,L0A,128,6622,24747,11010,11017,0,0
2733,0,L0A,128,6627,24749,11019,11026,0,0
2735,0,L0A,128,6632,24751,11028,11035,0,0
2737,0,L0A,128,6637,24753,11037,11044,0,0
2739,0,L0A,128,6642,24755,11046,11053,0,0
2741,0,L0A,128,6647,24757,11055,11062,0,0
2743,0,L0A,128,6652,24759,11064,11071,0,0
2746,0,L0A,128,6659,24762,11075,11083,0,0
2748,0,L0A,128,6664,24764,11085,11092,0,0
2750,0,L0A,128,6669,24766,11094,11101,0,0
2752,0,L0A,128,6674,24768,11103,11110,0,0
2754,0,L0A,128,6679,24770,11112,11119,0,0
2756,0,L0A,128,6684,24772,11121,11128,0,0
2758,0,L0A,128,6689,24774,11130,11137,0,0
2760,0,L0A,128,6694,24776,11139,11146,0,0
2762,0,L0A,128,6699,24778,11148,11155,0,0
2764,0,L0A,128,6704,24780,11157,11164,0,0
2766,0,L0A,128,6709,24782,11166,11173,0,0
2768,0,L0A,128,6714,24784,11175,11182,0,0
2770,0,L0A,128,6719,24786,11184,11191,0,0
2772,0,L0A,128,6724,24788,11193,11200,0,0
2774,0,L0A,128,6729,24790,11202,11209,0,0
2776,0,L0A,128,6734,24792,11211,11218,0,0
2779,0,L0A,128,6741,24795,11222,11230,0,0
2781,0,L0A,128,6746,24797,11232,11239,0,0
2783,0,L0A,128,6751,24799,11241,11248,0,0
2785,0,L0A,128,6756,24801,11250,11257,0,0
2787,0,L0A,128,6761,24803,11259,11266,0,0
2789,0,L0A,128,6766,24805,11268,11275,0,0
2791,0,L0A,128,6771,24807,11277,11284,0,0
2793,0,L0A,128,6776,24809,11286,11293,0,0
2795,0,L0A,128,6781,24811,11295,11302,0,0
2797,0,L0A,128,6786,24813,11304,11311,0,0
2799,0,L0A,128,6791,24815,11313,11320,0,0
2801,0,L0A,128,6796,24817,11322,11329,0,0
2803,0,L0A,128,6801,24819,11331,11338,0,0
2805,0,L0A,128,6806,24821,11340,11347,0,0
2807,0,L0A,128,6811,24823,11349,11356,0,0
2809,0,L0A,128,6816,24825,11358,11365,0,0
2812,0,L0A,128,6823,24828,11369,11377,0,0
2814,0,L0A,128,6828,24830,11379,11386,0,0
2816,0,L0A,128,6833,24832,11388,11395,0,0
2818,0,L0A,128,6838,24834,11397,11404,0,0
2820,0,L0A,128,6843,24836,11406,11413,0,0
2822,0,L0A,128,6848,24838,11415,11422,0,0
2824,0,L0A,128,6853,24840,11424,11431,0,0
2826,0,L0A,128,6858,24842,11433,11440,0,0
2828,0,L0A,128,6863,24844,11442,11449,0,0
2830,0,L0A,128,6868,24846,11451,11458,0,0
2832,0,L0A,128,6873,24848,11460,11467,0,0
2834,0,L0A,128,6878,24850,11469,11476,0,0
2836,0,L0A,128,6883,24852,11478,11485,0,0
2838,0,L0A,128,6888,24854,11487,11494,0,0
2840,0,L0A,128,6893,24856,11496,11503,0,0
2842,0,L0A,128,6898,24858,11505,11512,0,0
2845,0,L0A,128,6905,24861,11516,11524,0,0
2847,0,L0A,128,6910,24863,11526,11533,0,0
2849,0,L0A,128,6915,24865,11535,11542,0,0
2851,0,L0A,128,6920,24867,11544,11551,0,0
2853,0,L0A,128,6925,24869,11553,11560,0,0
2855,0,L0A,128,6930,24871,11562,11569,0,0
2857,0,L0A,128,6935,24873,11571,11578,0,0
2859,0,L0A,128,6940,24875,11580,11587,0,0
2861,0,L0A,128,6945,24877,11589,11596,0,0
2863,0,L0A,128,6950,24879,11598,11605,0,0
2865,0,L0A,128,6955,24881,11607,11614,0,0
2867,0,L0A,128,6960,24883,11616,11623,0,0
2869,0,L0A,128,6965,24885,11625,11632,0,0
2871,0,L0A,128,6970,24887,11634,11641,0,0
2873,0,L0A,128,6975,24889,11643,11650,0,0
2875,0,L0A,128,6980,24891,11652,11659,0,0
2878,0,L0A,128,6987,24894,11663,11671,0,0
2880,0,L0A,128,6992,24896,11673,11680,0,0
2882,0,L0A,128,6997,24898,11682,11689,0,0
2884,0,L0A,128,7002,24900,11691,11698,0,0
2886,0,L0A,128,7007,24902,11700,11707,0,0
2888,0,L0A,128,7012,24904,11709,11716,0,0
2890,0,L0A,128,7017,24906,11718,11725,0,0
2892,0,L0A,128,7022,24908,11727,11734,0,0
2894,0,L0A,128,7027,24910,11736,11743,0,0
2896,0,L0A,128,7032,24912,11745,11752,0,0
2898,0,L0A,128,7037,24914,11754,11761,0,0
2900,0,L0A,128,7042,24916,11763,11770,0,0
2902,0,L0A,128,7047,24918,11772,11779,0,0
2904,0,L0A,128,7052,24920,11781,11788,0,0
2906,0,L0A,128,7057,24922,11790,11797,0,0
2908,0,L0A,128,7062,24924,11799,11806,0,0
2911,0,L0A,128,7069,24927,11810,11818,0,0
2913,0,L0A,128,7074,24929,11820,11827,0,0
2915,0,L0A,128,7079,24931,11829,11836,0,0
2917,0,L0A,128,7084,24933,11838,11845,0,0
2919,0,L0A,128,7089,24935,11847,11854,0,0
2921,0,L0A,128,7094,24937,11856,11863,0,0
2923,0,L0A,128,7099,24939,11865,11872,0,0
2925,0,L0A,128,7104,24941,11874,11881,0,0
2927,0,L0A,128,7109,24943,11883,11890,0,0
2929,0,L0A,128,7114,24945,11892,11899,0,0
2931,0,L0A,128,7119,24947,11901,11908,0,0
2933,0,L0A,128,7124,24949,11910,11917,0,0
2935,0,L0A,128,7129,24951,11919,11924,0,0
2937,0,L0A,128,7134,24953,11926,11931,0,0
2939,0,L0A,128,7139,24955,11933,11938,0,0
2941,0,L0A,128,7144,24957,11940,11945,0,0
2944,0,L0A,128,7151,24960,11949,11956,0,0
2946,0,L0A,128,7156,24962,11958,11964,0,0
2948,0,L0A,128,7161,24964,11966,11972,0,0
2950,0,L0A,128,7166,24966,11974,11980,0,0
2952,0,L0A,128,7171,24968,11982,11988,0,0
2954,0,L0A,128,7176,24970,11990,11996,0,0
2956,0,L0A,128,7181,24972,11998,12004,0,0
2958,0,L0A,128,7186,24974,12006,12012,0,0
2960,0,L0A,128,7191,24976,12014,12020,0,0
2962,0,L0A,128,7196,24978,12022,12028,0,0
2964,0,L0A,128,7201,24980,12030,12036,0,0
2966,0,L0A,128,7206,24982,12038,12045,0,0
2968,0,L0A,128,7211,24984,12047,12054,0,0
2970,0,L0A,128,7216,24986,12056,12063,0,0
2972,0,L0A,128,7221,24988,12065,12072,0,0
2974,0,L0A,128,7226,24990,12074,12081,0,0
2978,0,L0A,128,7235,24994,12090,12094,0,0
2981,0,L0A,128,7242,24997,12101,12104,0,0
2984,0,L0A,128,7249,25000,12111,12114,0,0
2987,0,L0A,128,7256,25003,12121,12124,0,0
2990,0,L0A,128,7263,25006,12131,12134,0,0
2993,0,L0A,128,7270,25009,12142,12145,0,0
2996,0,L0A,128,7277,25012,12154,12157,0,0
2999,0,L0A,128,7284,25015,12166,12169,0,0
3002,0,L0A,128,7291,25018,12178,12181,0,0
3005,0,L0A,128,7298,25021,12190,12193,0,0
3008,0,L0A,128,7305,25024,12202,12205,0,0
3011,0,L0A,128,7312,25027,12214,12217,0,0
3014,0,L0A,128,7319,25030,12226,12229,0,0
3017,0,L0A,128,7326,25033,12238,12241,0,0
3020,0,L0A,128,7333,25036,12250,12253,0,0
3023,0,L0A,128,7340,25039,12262,12265,0,0
3026,0,L0A,128,7347,25042,12269,12277,0,0
3028,0,L0A,128,7352,25044,12279,12286,0,0
3030,0,L0A,128,7357,25046,12288,12295,0,0
3032,0,L0A,128,7362,25048,12297,12304,0,0
3034,0,L0A,128,7367,25050,12306,12313,0,0
3036,0,L0A,128,7372,25052,12315,12322,0,0
3038,0,L0A,128,7377,25054,12324,12331,0,0
3040,0,L0A,128,7382,25056,12333,12340,0,0
3042,0,L0A,128,7387,25058,12342,12349,0,0
3044,0,L0A,128,7392,25060,12351,12358,0,0
3046,0,L0A,128,7397,25062,12360,12367,0,0
3048,0,L0A,128,7402,25064,12369,12376,0,0
3050,0,L0A,128,7407,25066,12378,12385,0,0
3052,0,L0A,128,7412,25068,12387,12394,0,0
3054,0,L0A,128,7417,25070,12396,12403,0,0
3056,0,L0A,128,7422,25072,12405,12412,0,0
3059,0,L0A,128,7429,25075,12416,12424,0,0
3061,0,L0A,128,7434,25077,12426,12433,0,0
3063,0,L0A,128,7439,25079,12435,12442,0,0
3065,0,L0A,128,7444,25081,12444,12451,0,0
3067,0,L0A,128,7449,25083,12453,12460,0,0
3069,0,L0A,128,7454,25085,12462,12469,0,0
3071,0,L0A,128,7459,25087,12471,12478,0,0
3073,0,L0A,128,7464,25089,12480,12487,0,0
3075,0,L0A,128,7469,25091,12489,12496,0,0
3077,0,L0A,128,7474,25093,12498,12505,0,0
3079,0,L0A,128,7479,25095,12507,12514,0,0
3081,0,L0A,128,7484,25097,12516,12523,0,0
3083,0,L0A,128,7489,25099,12525,12532,0,0
3085,0,L0A,128,7494,25101,12534,12541,0,0
3087,0,L0A,128,7499,25103,12543,12550,0,0
3089,0,L0A,128,7504,25105,12552,12559,0,0
3092,0,L0A,128,7511,25108,12563,12571,0,0
3094,0,L0A,128,7516,25110,12573,12580,0,0
3096,0,L0A,128,7521,25112,12582,12589,0,0
3098,0,L0A,128,7526,25114,12591,12598,0,0
3100,0,L0A,128,7531,25116,12600,12607,0,0
3102,0,L0A,128,7536,25118,12609,12616,0,0
3104,0,L0A,128,7541,25120,12618,12625,0,0
3106,0,L0A,128,7546,25122,12627,12634,0,0
3108,0,L0A,128,7551,25124,12636,12643,0,0
3110,0,L0A,128,7556,25126,12645,12652,0,0
3112,0,L0A,128,7561,25128,12654,12661,0,0
3114,0,L0A,128,7566,25130,12663,12670,0,0
3116,0,L0A,128,7571,25132,12672,12679,0,0
3118,0,L0A,128,7576,25134,12681,12688,0,0
3120,0,L0A,128,7581,25136,12690,12697,0,0
3122,0,L0A,128,7586,25138,12699,12706,0,0
3125,0,L0A,128,7593,25141,12710,12718,0,0
3127,0,L0A,128,7598,25143,12720,12727,0,0
3129,0,L0A,128,7603,25145,12729,12736,0,0
3131,0,L0A,128,7608,25147,12738,12745,0,0
3133,0,L0A,128,7613,25149,12747,12754,0,0
3135,0,L0A,128,7618,25151,12756,12763,0,0
3137,0,L0A,128,7623,25153,12765,12772,0,0
3139,0,L0A,128,7628,25155,12774,12781,0,0
3141,0,L0A,128,7633,25157,12783,12790,0,0
3143,0,L0A,128,7638,25159,12792,12799,0,0
3145,0,L0A,128,7643,25161,12801,12808,0,0
3147,0,L0A,128,7648,25163,12810,12817,0,0
3149,0,L0A,128,7653,25165,12819,12826,0,0
3151,0,L0A,128,7658,25167,12828,12835,0,0
3153,0,L0A,128,7663,25169,12837,12844,0,0
3155,0,L0A,128,7668,25171,12846,12853,0,0
3158,0,L0A,128,7675,25174,12857,12865,0,0
3160,0,L0A,128,7680,25176,12867,12874,0,0
3162,0,L0A,128,7685,25178,12876,12883,0,0
3164,0,L0A,128,7690,25180,12885,12892,0,0
3166,0,L0A,128,7695,25182,12894,12901,0,0
3168,0,L0A,128,7700,25184,12903,12910,0,0
3170,0,L0A,128,7705,25186,12912,12919,0,0
3172,0,L0A,128,7710,25188,12921,12928,0,0
3174,0,L0A,128,7715,25190,12930,12937,0,0
3176,0,L0A,128,7720,25192,12939,12946,0,0
3178,0,L0A,128,7725,25194,12948,12955,0,0
3180,0,L0A,128,7730,25196,12957,12964,0,0
3182,0,L0A,128,7735,25198,12966,12973,0,0
3184,0,L0A,128,7740,25200,12975,12982,0,0
3186,0,L0A,128,7745,25202,12984,12991,0,0
3188,0,L0A,128,7750,25204,12993,13000,0,0
3191,0,L0A,128,7757,25207,13004,13012,0,0
3193,0,L0A,128,7762,25209,13014,13021,0,0
3195,0,L0A,128,7767,25211,13023,13030,0,0
3197,0,L0A,128,7772,25213,13032,13039,0,0
3199,0,L0A,128,7777,25215,13041,13048,0,0
3201,0,L0A,128,7782,25217,13050,13057,0,0
3203,0,L0A,128,7787,25219,13059,13066,0,0
3205,0,L0A,128,7792,25221,13068,13075,0,0
3207,0,L0A,128,7797,25223,13077,13084,0,0
3209,0,L0A,128,7802,25225,13086,13093,0,0
3211,0,L0A,128,7807,25227,13095,13102,0,0
3213,0,L0A,128,7812,25229,13104,13111,0,0
3215,0,L0A,128,7817,25231,13113,13120,0,0
3217,0,L0A,128,7822,25233,13122,13129,0,0
3219,0,L0A,128,7827,25235,13131,13138,0,0
3221,0,L0A,128,7832,25237,13140,13147,0,0
3224,0,L0A,128,7839,25240,13151,13159,0,0
3226,0,L0A,128,7844,25242,13161,13168,0,0
3228,0,L0A,128,7849,25244,13170,13177,0,0
3230,0,L0A,128,7854,25246,13179,13186,0,0
3232,0,L0A,128,7859,25248,13188,13195,0,0
3234,0,L0A,128,7864,25250,13197,13204,0,0
3236,0,L0A,128,7869,25252,13206,13213,0,0
3238,0,L0A,128,7874,25254,13215,13222,0,0
3240,0,L0A,128,7879,25256,13224,13231,0,0
3242,0,L0A,128,7884,25258,13233,13240,0,0
3244,0,L0A,128,7889,25260,13242,13249,0,0
3246,0,L0A,128,7894,25262,13251,13258,0,0
3248,0,L0A,128,7899,25264,13260,13267,0,0
3250,0,L0A,128,7904,25266,13269,13276,0,0
3252,0,L0A,128,7909,25268,13278,13285,0,0
3254,0,L0A,128,7914,25270,13287,13294,0,0
3257,0,L0A,128,7921,25273,13298,13306,0,0
3259,0,L0A,128,7926,25275,13308,13315,0,0
3261,0,L0A,128,7931,25277,13317,13324,0,0
3263,0,L0A,128,7936,25279,13326,13333,0,0
3265,0,L0A,128,7941,25281,13335,13342,0,0
3267,0,L0A,128,7946,25283,13344,13351,0,0
3269,0,L0A,128,7951,25285,13353,13360,0,0
3271,0,L0A,128,7956,25287,13362,13369,0,0
3273,0,L0A,128,7961,25289,13371,13378,0,0
3275,0,L0A,128,7966,25291,13380,13387,0,0
3277,0,L0A,128,7971,25293,13389,13396,0,0
3279,0,L0A,128,7976,25295,13398,13405,0,0
3281,0,L0A,128,7981,25297,13407,13414,0,0
3283,0,L0A,128,7986,25299,13416,13423,0,0
3285,0,L0A,128,7991,25301,13425,13432,0,0
3287,0,L0A,128,7996,25303,13434,13441,0,0
3290,0,L0A,128,8003,25306,13445,13453,0,0
3292,0,L0A,128,8008,25308,13455,13462,0,0
3294,0,L0A,128,8013,25310,13464,13471,0,0
3296,0,L0A,128,8018,25312,13473,13480,0,0
3298,0,L0A,128,8023,25314,13482,13489,0,0
3300,0,L0A,128,8028,25316,13491,13498,0,0
3302,0,L0A,128,8033,25318,13500,13507,0,0
3304,0,L0A,128,8038,25320,13509,13516,0,0
3306,0,L0A,128,8043,25322,13518,13525,0,0
3308,0,L0A,128,8048,25324,13527,13534,0,0
3310,0,L0A,128,8053,25326,13536,13543,0,0
3312,0,L0A,128,8058,25328,13545,13552,0,0
3314,0,L0A,128,8063,25330,13554,13561,0,0
3316,0,L0A,128,8068,25332,13563,13570,0,0
3318,0,L0A,128,8073,25334,13572,13579,0,0
3320,0,L0A,128,8078,25336,13581,13588,0,0
3323,0,L0A,128,8085,25339,13592,13600,0,0
3325,0,L0A,128,8090,25341,13602,13609,0,0
3327,0,L0A,128,8095,25343,13611,13618,0,0
3329,0,L0A,128,8100,25345,13620,13627,0,0
3331,0,L0A,128,8105,25347,13629,13636,0,0
3333,0,L0A,128,8110,25349,13638,13645,0,0
3335,0,L0A,128,8115,25351,13647,13654,0,0
3337,0,L0A,128,8120,25353,13656,13663,0,0
3339,0,L0A,128,8125,25355,13665,13672,0,0
3341,0,L0A,128,8130,25357,13674,13681,0,0
3343,0,L0A,128,8135,25359,13683,13690,0,0
3345,0,L0A,128,8140,25361,13692,13699,0,0
3347,0,L0A,128,8145,25363,13701,13708,0,0
3349,0,L0A,128,8150,25365,13710,13717,0,0
3351,0,L0A,128,8155,25367,13719,13726,0,0
3353,0,L0A,128,8160,25369,13728,13735,0,0
3356,0,L0A,128,8167,25372,13739,13747,0,0
3358,0,L0A,128,8172,25374,13749,13756,0,0
3360,0,L0A,128,8177,25376,13758,13765,0,0
3362,0,L0A,128,8182,25378,13767,13774,0,0
3364,0,L0A,128,8187,25380,13776,13783,0,0
3366,0,L0A,128,8192,25382,13785,13792,0,0
3368,0,L0A,128,8197,25384,13794,13801,0,0
3370,0,L0A,128,8202,25386,13803,13810,0,0
3372,0,L0A,128,8207,25388,13812,13819,0,0
3374,0,L0A,128,8212,25390,13821,13828,0,0
3376,0,L0A,128,8217,25392,13830,13837,0,0
3378,0,L0A,128,8222,25394,13839,13846,0,0
3380,0,L0A,128,8227,25396,13848,13855,0,0
3382,0,L0A,128,8232,25398,13857,13864,0,0
3384,0,L0A,128,8237,25400,13866,13873,0,0
3386,0,L0A,128,8242,25402,13875,13882,0,0
3389,0,L0A,128,8249,25405,13886,13894,0,0
3391,0,L0A,128,8254,25407,13896,13903,0,0
3393,0,L0A,128,8259,25409,13905,13912,0,0
3395,0,L0A,128,8264,25411,13914,13921,0,0
3397,0,L0A,128,8269,25413,13923,13930,0,0
3399,0,L0A,128,8274,25415,13932,13939,0,0
3401,0,L0A,128,8279,25417,13941,13948,0,0
3403,0,L0A,128,8284,25419,13950,13957,0,0
3405,0,L0A,128,8289,25421,13959,13966,0,0
3407,0,L0A,128,8294,25423,13968,13975,0,0
3409,0,L0A,128,8299,25425,13977,13984,0,0
3411,0,L0A,128,8304,25427,13986,13993,0,0
3413,0,L0A,128,8309,25429,13995,14002,0,0
3415,0,L0A,128,8314,25431,14004,14011,0,0
3417,0,L0A,128,8319,25433,14013,14020,0,0
3419,0,L0A,128,8324,25435,14022,14029,0,0
3422,0,L0A,128,8331,25438,14033,14041,0,0
3424,0,L0A,128,8336,25440,14043,14050,0,0
3426,0,L0A,128,8341,25442,14052,14059,0,0
3428,0,L0A,128,8346,25444,14061,14068,0,0
3430,0,L0A,128,8351,25446,14070,14077,0,0
3432,0,L0A,128,8356,25448,14079,14086,0,0
3434,0,L0A,128,8361,25450,14088,14095,0,0
3436,0,L0A,128,8366,25452,14097,14104,0,0
3438,0,L0A,128,8371,25454,14106,14113,0,0
3440,0,L0A,128,8376,25456,14115,14122,0,0
3442,0,L0A,128,8381,25458,14124,14131,0,0
3444,0,L0A,128,8386,25460,14133,14140,0,0
3446,0,L0A,128,8391,25462,14142,14149,0,0
3448,0,L0A,128,8396,25464,14151,14158,0,0
3450,0,L0A,128,8401,25466,14160,14167,0,0
3452,0,L0A,128,8406,25468,14169,14176,0,0
3455,0,L0A,128,8413,25471,14180,14188,0,0
3457,0,L0A,128,8418,25473,14190,14197,0,0
3459,0,L0A,128,8423,25475,14199,14206,0,0
3461,0,L0A,128,8428,25477,14208,14215,0,0
3463,0,L0A,128,8433,25479,14217,14224,0,0
3465,0,L0A,128,8438,25481,14226,14233,0,0
3467,0,L0A,128,8443,25483,14235,14242,0,0
3469,0,L0A,128,8448,25485,14244,14251,0,0
3471,0,L0A,128,8453,25487,14253,14260,0,0
3473,0,L0A,128,8458,25489,14262,14269,0,0
3475,0,L0A,128,8463,25491,14271,14278,0,0
3477,0,L0A,128,8468,25493,14280,14285,0,0
3479,0,L0A,128,8473,25495,14287,14292,0,0
3481,0,L0A,128,8478,25497,14294,14299,0,0
3483,0,L0A,128,8483,25499,14301,14306,0,0
3485,0,L0A,128,8488,25501,14308,14313,0,0
3488,0,L0A,128,8495,25504,14317,14324,0,0
3490,0,L0A,128,8500,25506,14326,14332,0,0
3492,0,L0A,128,8505,25508,14334,14340,0,0
3494,0,L0A,128,8510,25510,14342,14348,0,0
3496,0,L0A,128,8515,25512,14350,14356,0,0
3498,0,L0A,128,8520,25514,14358,14364,0,0
3500,0,L0A,128,8525,25516,14366,14372,0,0
3502,0,L0A,128,8530,25518,14374,14380,0,0
3504,0,L0A,128,8535,25520,14382,14388,0,0
3506,0,L0A,128,8540,25522,14390,14396,0,0
3508,0,L0A,128,8545,25524,14398,14405,0,0
3510,0,L0A,128,8550,25526,14407,14414,0,0
3512,0,L0A,128,8555,25528,14416,14423,0,0
3514,0,L0A,128,8560,25530,14425,14432,0,0
3516,0,L0A,128,8565,25532,14434,14441,0,0
3518,0,L0A,128,8570,25534,14443,14450,0,0
3522,0,L0A,128,8579,25538,14459,14463,0,0
3525,0,L0A,128,8586,25541,14470,14473,0,0
3528,0,L0A,128,8593,25544,14480,14483,0,0
3531,0,L0A,128,8600,25547,14490,14493,0,0
3534,0,L0A,128,8607,25550,14500,14503,0,0
3537,0,L0A,128,8614,25553,14512,14515,0,0
3540,0,L0A,128,8621,25556,14524,14527,0,0
3543,0,L0A,128,8628,25559,14536,14539,0,0
3546,0,L0A,128,8635,25562,14548,14551,0,0
3549,0,L0A,128,8642,25565,14560,14563,0,0
3552,0,L0A,128,8649,25568,14572,14575,0,0
3555,0,L0A,128,8656,25571,14584,14587,0,0
3558,0,L0A,128,8663,25574,14596,14599,0,0
3561,0,L0A,128,8670,25577,14608,14611,0,0
3564,0,L0A,128,8677,25580,14620,14623,0,0
3567,0,L0A,128,8684,25583,14632,14635,0,0
3570,0,L0A,128,8691,25586,14639,14647,0,0
3572,0,L0A,128,8696,25588,14649,14656,0,0
3574,0,L0A,128,8701,25590,14658,14665,0,0
3576,0,L0A,128,8706,25592,14667,14674,0,0
3578,0,L0A,128,8711,25594,14676,14683,0,0
3580,0,L0A,128,8716,25596,14685,14692,0,0
3582,0,L0A,128,8721,25598,14694,14701,0,0
3584,0,L0A,128,8726,25600,14703,14710,0,0
3586,0,L0A,128,8731,25602,14712,14719,0,0
3588,0,L0A,128,8736,25604,14721,14728,0,0
3590,0,L0A,128,8741,25606,14730,14737,0,0
3592,0,L0A,128,8746,25608,14739,14746,0,0
3594,0,L0A,128,8751,25610,14748,14755,0,0
3596,0,L0A,128,8756,25612,14757,14764,0,0
3598,0,L0A,128,8761,25614,14766,14773,0,0
3600,0,L0A,128,8766,25616,14775,14782,0,0
3603,0,L0A,128,8773,25619,14786,14794,0,0
3605,0,L0A,128,8778,25621,14796,14803,0,0
3607,0,L0A,128,8783,25623,14805,14812,0,0
3609,0,L0A,128,8788,25625,14814,14821,0,0
3611,0,L0A,128,8793,25627,14823,14830,0,0
3613,0,L0A,128,8798,25629,14832,14839,0,0
3615,0,L0A,128,8803,25631,14841,14848,0,0
3617,0,L0A,128,8808,25633,14850,14857,0,0
3619,0,L0A,128,8813,25635,14859,14866,0,0
3621,0,L0A,128,8818,25637,14868,14875,0,0
3623,0,L0A,128,8823,25639,14877,14884,0,0
3625,0,L0A,128,8828,25641,14886,14893,0,0
3627,0,L0A,128,8833,25643,14895,14902,0,0
3629,0,L0A,128,8838,25645,14904,14911,0,0
3631,0,L0A,128,8843,25647,14913,14920,0,0
3633,0,L0A,128,8848,25649,14922,14929,0,0
3636,0,L0A,128,8855,25652,14933,14941,0,0
3638,0,L0A,128,8860,25654,14943,14950,0,0
3640,0,L0A,128,8865,25656,14952,14959,0,0
3642,0,L0A,128,8870,25658,14961,14968,0,0
3644,0,L0A,128,8875,25660,14970,14977,0,0
3646,0,L0A,128,8880,25662,14979,14986,0,0
3648,0,L0A,128,8885,25664,14988,14995,0,0
3650,0,L0A,128,8890,25666,14997,15004,0,0
3652,0,L0A,128,8895,25668,15006,15013,0,0
3654,0,L0A,128,8900,25670,15015,15022,0,0
3656,0,L0A,128,8905,25672,15024,15031,0,0
3658,0,L0A,128,8910,25674,15033,15040,0,0
3660,0,L0A,128,8915,25676,15042,15049,0,0
3662,0,L0A,128,8920,25678,15051,15058,0,0
3664,0,L0A,128,8925,25680,15060,15067,0,0
3666,0,L0A,128,8930,25682,15069,15076,0,0
3669,0,L0A,128,8937,25685,15080,15088,0,0
3671,0,L0A,128,8942,25687,15090,15097,0,0
3673,0,L0A,128,8947,25689,15099,15106,0,0
3675,0,L0A,128,8952,25691,15108,15115,0,0
3677,0,L0A,128,8957,25693,15117,15124,0,0
3679,0,L0A,128,8962,25695,15126,15133,0,0
3681,0,L0A,128,8967,25697,15135,15142,0,0
3683,0,L0A,128,8972,25699,15144,15151,0,0
3685,0,L0A,128,8977,25701,15153,15160,0,0
3687,0,L0A,128,8982,25703,15162,15169,0,0
3689,0,L0A,128,8987,25705,15171,15178,0,0
3691,0,L0A,128,8992,25707,15180,15187,0,0
3693,0,L0A,128,8997,25709,15189,15196,0,0
3695,0,L0A,128,9002,25711,15198,15205,0,0
3697,0,L0A,128,9007,25713,15207,15214,0,0
3699,0,L0A,128,9012,25715,15216,15223,0,0
3702,0,L0A,128,9019,25718,15227,15235,0,0
3704,0,L0A,128,9024,25720,15237,15244,0,0
3706,0,L0A,128,9029,25722,15246,15253,0,0
3708,0,L0A,128,9034,25724,15255,15262,0,0
3710,0,L0A,128,9039,25726,15264,15271,0,0
3712,0,L0A,128,9044,25728,15273,15280,0,0
3714,0,L0A,128,9049,25730,15282,15289,0,0
3716,0,L0A,128,9054,25732,15291,15298,0,0
3718,0,L0A,128,9059,25734,15300,15307,0,0
3720,0,L0A,128,9064,25736,15309,15316,0,0
3722,0,L0A,128,9069,25738,15318,15325,0,0
3724,0,L0A,128,9074,25740,15327,15334,0,0
3726,0,L0A,128,9079,25742,15336,15343,0,0
3728,0,L0A,128,9084,25744,15345,15352,0,0
3730,0,L0A,128,9089,25746,15354,15361,0,0
3732,0,L0A,128,9094,25748,15363,15370,0,0
3735,0,L0A,128,9101,25751,15374,15382,0,0
3737,0,L0A,128,9106,25753,15384,15391,0,0
3739,0,L0A,128,9111,25755,15393,15400,0,0
3741,0,L0A,128,9116,25757,15402,15409,0,0
3743,0,L0A,128,9121,25759,15411,15418,0,0
3745,0,L0A,128,9126,25761,15420,15427,0,0
3747,0,L0A,128,9131,25763,15429,15436,0,0
3749,0,L0A,128,9136,25765,15438,15445,0,0
3751,0,L0A,128,9141,25767,15447,15454,0,0
3753,0,L0A,128,9146,25769,15456,15463,0,0
3755,0,L0A,128,9151,25771,15465,15472,0,0
3757,0,L0A,128,9156,25773,15474,15481,0,0
3759,0,L0A,128,9161,25775,15483,15490,0,0
3761,0,L0A,128,9166,25777,15492,15499,0,0
3763,0,L0A,128,9171,25779,15501,15508,0,0
3765,0,L0A,128,9176,25781,15510,15517,0,0
3768,0,L0A,128,9183,25784,15521,15529,0,0
3770,0,L0A,128,9188,25786,15531,15538,0,0
3772,0,L0A,128,9193,25788,15540,15547,0,0
3774,0,L0A,128,9198,25790,15549,15556,0,0
3776,0,L0A,128,9203,25792,15558,15565,0,0
3778,0,L0A,128,9208,25794,15567,15574,0,0
3780,0,L0A,128,9213,25796,15576,15583,0,0
3782,0,L0A,128,9218,25798,15585,15592,0,0
3784,0,L0A,128,9223,25800,15594,15601,0,0
3786,0,L0A,128,9228,25802,15603,15610,0,0
3788,0,L0A,128,9233,25804,15612,15619,0,0
3790,0,L0A,128,9238,25806,15621,15628,0,0
3792,0,L0A,128,9243,25808,15630,15637,0,0
3794,0,L0A,128,9248,25810,15639,15646,0,0
3796,0,L0A,128,9253,25812,15648,15655,0,0
3798,0,L0A,128,9258,25814,15657,15664,0,0
3801,0,L0A,128,9265,25817,15668,15676,0,0
3803,0,L0A,128,9270,25819,15678,15685,0,0
3805,0,L0A,128,9275,25821,15687,15694,0,0
3807,0,L0A,128,9280,25823,15696,15703,0,0
3809,0,L0A,128,9285,25825,15705,15712,0,0
3811,0,L0A,128,9290,25827,15714,15721,0,0
3813,0,L0A,128,9295,25829,15723,15730,0,0
3815,0,L0A,128,9300,25831,15732,15739,0,0
3817,0,L0A,128,9305,25833,15741,15748,0,0
3819,0,L0A,128,9310,25835,15750,15757,0,0
3821,0,L0A,128,9315,25837,15759,15766,0,0
3823,0,L0A,128,9320,25839,15768,15775,0,0
3825,0,L0A,128,9325,25841,15777,15784,0,0
3827,0,L0A,128,9330,25843,15786,15793,0,0
3829,0,L0A,128,9335,25845,15795,15802,0,0
3831,0,L0A,128,9340,25847,15804,15811,0,0
3834,0,L0A,128,9347,25850,15815,15823,0,0
3836,0,L0A,128,9352,25852,15825,15832,0,0
3838,0,L0A,128,9357,25854,15834,15841,0,0
3840,0,L0A,128,9362,25856,15843,15850,0,0
3842,0,L0A,128,9367,25858,15852,15859,0,0
3844,0,L0A,128,9372,25860,15861,15868,0,0
3846,0,L0A,128,9377,25862,15870,15877,0,0
3848,0,L0A,128,9382,25864,15879,15886,0,0
3850,0,L0A,128,9387,25866,15888,15895,0,0
3852,0,L0A,128,9392,25868,15897,15904,0,0
3854,0,L0A,128,9397,25870,15906,15913,0,0
3856,0,L0A,128,9402,25872,15915,15922,0,0
3858,0,L0A,128,9407,25874,15924,15931,0,0
3860,0,L0A,128,9412,25876,15933,15940,0,0
3862,0,L0A,128,9417,25878,15942,15949,0,0
3864,0,L0A,128,9422,25880,15951,15958,0,0
3867,0,L0A,128,9429,25883,15962,15970,0,0
3869,0,L0A,128,9434,25885,15972,15979,0,0
3871,0,L0A,128,9439,25887,15981,15988,0,0
3873,0,L0A,128,9444,25889,15990,15997,0,0
3875,0,L0A,128,9449,25891,15999,16006,0,0
3877,0,L0A,128,9454,25893,16008,16015,0,0
3879,0,L0A,128,9459,25895,16017,16024,0,0
3881,0,L0A,128,9464,25897,16026,16033,0,0
3883,0,L0A,128,9469,25899,16035,16042,0,0
3885,0,L0A,128,9474,25901,16044,16051,0,0
3887,0,L0A,128,9479,25903,16053,16060,0,0
3889,0,L0A,128,9484,25905,16062,16069,0,0
3891,0,L0A,128,9489,25907,16071,16078,0,0
3893,0,L0A,128,9494,25909,16080,16087,0,0
3895,0,L0A,128,9499,25911,16089,16096,0,0
3897,0,L0A,128,9504,25913,16098,16105,0,0
3900,0,L0A,128,9511,25916,16109,16117,0,0
3902,0,L0A,128,9516,25918,16119,16126,0,0
3904,0,L0A,128,9521,25920,16128,16135,0,0
3906,0,L0A,128,9526,25922,16137,16144,0,0
3908,0,L0A,128,9531,25924,16146,16153,0,0
3910,0,L0A,128,9536,25926,16155,16162,0,0
3912,0,L0A,128,9541,25928,16164,16171,0,0
3914,0,L0A,128,9546,25930,16173,16180,0,0
3916,0,L0A,128,9551,25932,16182,16189,0,0
3918,0,L0A,128,9556,25934,16191,16198,0,0
3920,0,L0A,128,9561,25936,16200,16207,0,0
3922,0,L0A,128,9566,25938,16209,16216,0,0
3924,0,L0A,128,9571,25940,16218,16225,0,0
3926,0,L0A,128,9576,25942,16227,16234,0,0
3928,0,L0A,128,9581,25944,16236,16243,0,0
3930,0,L0A,128,9586,25946,16245,16252,0,0
3933,0,L0A,128,9593,25949,16256,16264,0,0
3935,0,L0A,128,9598,25951,16266,16273,0,0
3937,0,L0A,128,9603,25953,16275,16282,0,0
3939,0,L0A,128,9608,25955,16284,16291,0,0
3941,0,L0A,128,9613,25957,16293,16300,0,0
3943,0,L0A,128,9618,25959,16302,16309,0,0
3945,0,L0A,128,9623,25961,16311,16318,0,0
3947,0,L0A,128,9628,25963,16320,16327,0,0
3949,0,L0A,128,9633,25965,16329,16336,0,0
3951,0,L0A,128,9638,25967,16338,16345,0,0
3953,0,L0A,128,9643,25969,16347,16354,0,0
3955,0,L0A,128,9648,25971,16356,16363,0,0
3957,0,L0A,128,9653,25973,16365,16372,0,0
3959,0,L0A,128,9658,25975,16374,16381,0,0
3961,0,L0A,128,9663,25977,16383,16390,0,0
3963,0,L0A,128,9668,25979,16392,16399,0,0
3966,0,L0A,128,9675,25982,16403,16411,0,0
3968,0,L0A,128,9680,25984,16413,16420,0,0
3970,0,L0A,128,9685,25986,16422,16429,0,0
3972,0,L0A,128,9690,25988,16431,16438,0,0
3974,0,L0A,128,9695,25990,16440,16447,0,0
3976,0,L0A,128,9700,25992,16449,16456,0,0
3978,0,L0A,128,9705,25994,16458,16465,0,0
3980,0,L0A,128,9710,25996,16467,16474,0,0
3982,0,L0A,128,9715,25998,16476,16483,0,0
3984,0,L0A,128,9720,26000,16485,16492,0,0
3986,0,L0A,128,9725,26002,16494,16501,0,0
3988,0,L0A,128,9730,26004,16503,16510,0,0
3990,0,L0A,128,9735,26006,16512,16519,0,0
3992,0,L0A,128,9740,26008,16521,16528,0,0
3994,0,L0A,128,9745,26010,16530,16537,0,0
3996,0,L0A,128,9750,26012,16539,16546,0,0
3999,0,L0A,128,9757,26015,16550,16558,0,0
4001,0,L0A,128,9762,26017,16560,16567,0,0
4003,0,L0A,128,9767,26019,16569,16576,0,0
4005,0,L0A,128,9772,26021,16578,16585,0,0
4007,0,L0A,128,9777,26023,16587,16594,0,0
4009,0,L0A,128,9782,26025,16596,16603,0,0
4011,0,L0A,128,9787,26027,16605,16612,0,0
4013,0,L0A,128,9792,26029,16614,16621,0,0
4015,0,L0A,128,9797,26031,16623,16630,0,0
4017,0,L0A,128,9802,26033,16632,16639,0,0
4019,0,L0A,128,9807,26035,16641,16646,0,0
4021,0,L0A,128,9812,26037,16648,16653,0,0
4023,0,L0A,128,9817,26039,16655,16660,0,0
4025,0,L0A,128,9822,26041,16662,16667,0,0
4027,0,L0A,128,9827,26043,16669,16674,0,0
4029,0,L0A,128,9832,26045,16676,16681,0,0
4032,0,L0A,128,9839,26048,16685,16692,0,0
4034,0,L0A,128,9844,26050,16694,16700,0,0
4036,0,L0A,128,9849,26052,16702,16708,0,0
4038,0,L0A,128,9854,26054,16710,16716,0,0
4040,0,L0A,128,9859,26056,16718,16724,0,0
4042,0,L0A,128,9864,26058,16726,16732,0,0
4044,0,L0A,128,9869,26060,16734,16740,0,0
4046,0,L0A,128,9874,26062,16742,16748,0,0
4048,0,L0A,128,9879,26064,16750,16756,0,0
4050,0,L0A,128,9884,26066,16758,16765,0,0
4052,0,L0A,128,9889,26068,16767,16774,0,0
4054,0,L0A,128,9894,26070,16776,16783,0,0
4056,0,L0A,128,9899,26072,16785,16792,0,0
4058,0,L0A,128,9904,26074,16794,16801,0,0
4060,0,L0A,128,9909,26076,16803,16810,0,0
4062,0,L0A,128,9914,26078,16812,16819,0,0
4066,0,L0A,128,9923,26082,16828,16832,0,0
4069,0,L0A,128,9930,26085,16839,16842,0,0
4072,0,L0A,128,9937,26088,16849,16852,0,0
4075,0,L0A,128,9944,26091,16859,16862,0,0
4078,0,L0A,128,9951,26094,16870,16873,0,0
4081,0,L0A,128,9958,26097,16882,16885,0,0
4084,0,L0A,128,9965,26100,16894,16897,0,0
4087,0,L0A,128,9972,26103,16906,16909,0,0
4090,0,L0A,128,9979,26106,16918,16921,0,0
4093,0,L0A,128,9986,26109,16930,16933,0,0
4096,0,L0A,128,9993,26112,16942,16945,0,0
4099,0,L0A,128,10000,26115,16954,16957,0,0
4102,0,L0A,128,10007,26118,16966,16969,0,0
4105,0,L0A,128,10014,26121,16978,16981,0,0
4108,0,L0A,128,10021,26124,16990,16993,0,0
4111,0,L0A,128,10028,26127,17002,17005,0,0
4114,0,L0A,128,10035,26130,17009,17017,0,0
4116,0,L0A,128,10040,26132,17019,17026,0,0
4118,0,L0A,128,10045,26134,17028,17035,0,0
4120,0,L0A,128,10050,26136,17037,17044,0,0
4122,0,L0A,128,10055,26138,17046,17053,0,0
4124,0,L0A,128,10060,26140,17055,17062,0,0
4126,0,L0A,128,10065,26142,17064,17071,0,0
4128,0,L0A,128,10070,26144,17073,17080,0,0
4130,0,L0A,128,10075,26146,17082,17089,0,0
4132,0,L0A,128,10080,26148,17091,17098,0,0
4134,0,L0A,128,10085,26150,17100,17107,0,0
4136,0,L0A,128,10090,26152,17109,17116,0,0
4138,0,L0A,128,10095,26154,17118,17125,0,0
4140,0,L0A,128,10100,26156,17127,17134,0,0
4142,0,L0A,128,10105,26158,17136,17143,0,0
4144,0,L0A,128,10110,26160,17145,17152,0,0
4147,0,L0A,128,10117,26163,17156,17164,0,0
4149,0,L0A,128,10122,26165,17166,17173,0,0
4151,0,L0A,128,10127,26167,17175,17182,0,0
4153,0,L0A,128,10132,26169,17184,17191,0,0
4155,0,L0A,128,10137,26171,17193,17200,0,0
4157,0,L0A,128,10142,26173,17202,17209,0,0
4159,0,L0A,128,10147,26175,17211,17218,0,0
4161,0,L0A,128,10152,26177,17220,17227,0,0
4163,0,L0A,128,10157,26179,17229,17236,0,0
4165,0,L0A,128,10162,26181,17238,17245,0,0
4167,0,L0A,128,10167,26183,17247,17254,0,0
4169,0,L0A,128,10172,26185,17256,17263,0,0
4171,0,L0A,128,10177,26187,17265,17272,0,0
4173,0,L0A,128,10182,26189,17274,17281,0,0
4175,0,L0A,128,10187,26191,17283,17290,0,0
4177,0,L0A,128,10192,26193,17292,17299,0,0
4180,0,L0A,128,10199,26196,17303,17311,0,0
4182,0,L0A,128,10204,26198,17313,17320,0,0
4184,0,L0A,128,10209,26200,17322,17329,0,0
4186,0,L0A,128,10214,26202,17331,17338,0,0
4188,0,L0A,128,10219,26204,17340,17347,0,0
4190,0,L0A,128,10224,26206,17349,17356,0,0
4192,0,L0A,128,10229,26208,17358,17365,0,0
4194,0,L0A,128,10234,26210,17367,17374,0,0
4196,0,L0A,128,10239,26212,17376,17383,0,0
4198,0,L0A,128,10244,26214,17385,17392,0,0
4200,0,L0A,128,10249,26216,17394,17401,0,0
4202,0,L0A,128,10254,26218,17403,17410,0,0
4204,0,L0A,128,10259,26220,17412,17419,0,0
4206,0,L0A,128,10264,26222,17421,17428,0,0
4208,0,L0A,128,10269,26224,17430,17437,0,0
4210,0,L0A,128,10274,26226,17439,17446,0,0
4213,0,L0A,128,10281,26229,17450,17458,0,0
4215,0,L0A,128,10286,26231,17460,17467,0,0
4217,0,L0A,128,10291,26233,17469,17476,0,0
4219,0,L0A,128,10296,26235,17478,17485,0,0
4221,0,L0A,128,10301,26237,17487,17494,0,0
4223,0,L0A,128,10306,26239,17496,17503,0,0
4225,0,L0A,128,10311,26241,17505,17512,0,0
4227,0,L0A,128,10316,26243,17514,17521,0,0
4229,0,L0A,128,10321,26245,17523,17530,0,0
4231,0,L0A,128,10326,26247,17532,17539,0,0
4233,0,L0A,128,10331,26249,17541,17548,0,0
4235,0,L0A,128,10336,26251,17550,17557,0,0
4237,0,L0A,128,10341,26253,17559,17566,0,0
4239,0,L0A,128,10346,26255,17568,17575,0,0
4241,0,L0A,128,10351,26257,17577,17584,0,0
4243,0,L0A,128,10356,26259,17586,17593,0,0
4246,0,L0A,128,10363,26262,17597,17605,0,0
4248,0,L0A,128,10368,26264,17607,17614,0,0
4250,0,L0A,128,10373,26266,17616,17623,0,0
4252,0,L0A,128,10378,26268,17625,17632,0,0
4254,0,L0A,128,10383,26270,17634,17641,0,0
4256,0,L0A,128,10388,26272,17643,17650,0,0
4258,0,L0A,128,10393,26274,17652,17659,0,0
4260,0,L0A,128,10398,26276,17661,17668,0,0
4262,0,L0A,128,10403,26278,17670,17677,0,0
4264,0,L0A,128,10408,26280,17679,17686,0,0
4266,0,L0A,128,10413,26282,17688,17695,0,0
4268,0,L0A,128,10418,26284,17697,17704,0,0
4270,0,L0A,128,10423,26286,17706,17713,0,0
4272,0,L0A,128,10428,26288,17715,17722,0,0
4274,0,L0A,128,10433,26290,17724,17731,0,0
4276,0,L0A,128,10438,26292,17733,17740,0,0
4279,0,L0A,128,10445,26295,17744,17752,0,0
4281,0,L0A,128,10450,26297,17754,17761,0,0
4283,0,L0A,128,10455,26299,17763,17770,0,0
4285,0,L0A,128,10460,26301,17772,17779,0,0
4287,0,L0A,128,10465,26303,17781,17788,0,0
4289,0,L0A,128,10470,26305,17790,17797,0,0
4291,0,L0A,128,10475,26307,17799,17806,0,0
4293,0,L0A,128,10480,26309,17808,17815,0,0
4295,0,L0A,128,10485,26311,17817,17824,0,0
4297,0,L0A,128,10490,26313,17826,17833,0,0
4299,0,L0A,128,10495,26315,17835,17842,0,0
4301,0,L0A,128,10500,26317,17844,17851,0,0
4303,0,L0A,128,10505,26319,17853,17860,0,0
4305,0,L0A,128,10510,26321,17862,17869,0,0
4307,0,L0A,128,10515,26323,17871,17878,0,0
4309,0,L0A,128,10520,26325,17880,17887,0,0
4312,0,L0A,128,10527,26328,17891,17899,0,0
4314,0,L0A,128,10532,26330,17901,17908,0,0
4316,0,L0A,128,10537,26332,17910,17917,0,0
4318,0,L0A,128,10542,26334,17919,17926,0,0
4320,0,L0A,128,10547,26336,17928,17935,0,0
4322,0,L0A,128,10552,26338,17937,17944,0,0
4324,0,L0A,128,10557,26340,17946,17953,0,0
4326,0,L0A,128,10562,26342,17955,17962,0,0
4328,0,L0A,128,10567,26344,17964,17971,0,0
4330,0,L0A,128,10572,26346,17973,17980,0,0
4332,0,L0A,128,10577,26348,17982,17989,0,0
4334,0,L0A,128,10582,26350,17991,17998,0,0
4336,0,L0A,128,10587,26352,18000,18007,0,0
4338,0,L0A,128,10592,26354,18009,18016,0,0
4340,0,L0A,128,10597,26356,18018,18025,0,0
4342,0,L0A,128,10602,26358,18027,18034,0,0
4345,0,L0A,128,10609,26361,18038,18046,0,0
4347,0,L0A,128,10614,26363,18048,18055,0,0
4349,0,L0A,128,10619,26365,18057,18064,0,0
4351,0,L0A,128,10624,26367,18066,18073,0,0
4353,0,L0A,128,10629,26369,18075,18082,0,0
4355,0,L0A,128,10634,26371,18084,18091,0,0
4357,0,L0A,128,10639,26373,18093,18100,0,0
4359,0,L0A,128,10644,26375,18102,18109,0,0
4361,0,L0A,128,10649,26377,18111,18118,0,0
4363,0,L0A,128,10654,26379,18120,18127,0,0
4365,0,L0A,128,10659,26381,18129,18136,0,0
4367,0,L0A,128,10664,26383,18138,18145,0,0
4369,0,L0A,128,10669,26385,18147,18154,0,0
4371,0,L0A,128,10674,26387,18156,18163,0,0
4373,0,L0A,128,10679,26389,18165,18172,0,0
4375,0,L0A,128,10684,26391,18174,18181,0,0
4378,0,L0A,128,10691,26394,18185,18193,0,0
4380,0,L0A,128,10696,26396,18195,18202,0,0
4382,0,L0A,128,10701,26398,18204,18211,0,0
4384,0,L0A,128,10706,26400,18213,18220,0,0
4386,0,L0A,128,10711,26402,18222,18229,0,0
4388,0,L0A,128,10716,26404,18231,18238,0,0
4390,0,L0A,128,10721,26406,18240,18247,0,0
4392,0,L0A,128,10726,26408,18249,18256,0,0
4394,0,L0A,128,10731,26410,18258,18265,0,0
4396,0,L0A,128,10736,26412,18267,18274,0,0
4398,0,L0A,128,10741,26414,18276,18283,0,0
4400,0,L0A,128,10746,26416,18285,18292,0,0
4402,0,L0A,128,10751,26418,18294,18301,0,0
4404,0,L0A,128,10756,26420,18303,18310,0,0
4406,0,L0A,128,10761,26422,18312,18319,0,0
4408,0,L0A,128,10766,26424,18321,18328,0,0
4411,0,L0A,128,10773,26427,18332,18340,0,0
4413,0,L0A,128,10778,26429,18342,18349,0,0
4415,0,L0A,128,10783,26431,18351,18358,0,0
4417,0,L0A,128,10788,26433,18360,18367,0,0
4419,0,L0A,128,10793,26435,18369,18376,0,0
4421,0,L0A,128,10798,26437,18378,18385,0,0
4423,0,L0A,128,10803,26439,18387,18394,0,0
4425,0,L0A,128,10808,26441,18396,18403,0,0
4427,0,L0A,128,10813,26443,18405,18412,0,0
4429,0,L0A,128,10818,26445,18414,18421,0,0
4431,0,L0A,128,10823,26447,18423,18430,0,0
4433,0,L0A,128,10828,26449,18432,18439,0,0
4435,0,L0A,128,10833,26451,18441,18448,0,0
4437,0,L0A,128,10838,26453,18450,18457,0,0
4439,0,L0A,128,10843,26455,18459,18466,0,0
4441,0,L0A,128,10848,26457,18468,18475,0,0
4444,0,L0A,128,10855,26460,18479,18487,0,0
4446,0,L0A,128,10860,26462,18489,18496,0,0
4448,0,L0A,128,10865,26464,18498,18505,0,0
4450,0,L0A,128,10870,26466,18507,18514,0,0
4452,0,L0A,128,10875,26468,18516,18523,0,0
4454,0,L0A,128,10880,26470,18525,18532,0,0
4456,0,L0A,128,10885,26472,18534,18541,0,0
4458,0,L0A,128,10890,26474,18543,18550,0,0
4460,0,L0A,128,10895,26476,18552,18559,0,0
4462,0,L0A,128,10900,26478,18561,18568,0,0
4464,0,L0A,128,10905,26480,18570,18577,0,0
4466,0,L0A,128,10910,26482,18579,18586,0,0
4468,0,L0A,128,10915,26484,18588,18595,0,0
4470,0,L0A,128,10920,26486,18597,18604,0,0
4472,0,L0A,128,10925,26488,18606,18613,0,0
4474,0,L0A,128,10930,26490,18615,18622,0,0
4477,0,L0A,128,10937,26493,18626,18634,0,0
4479,0,L0A,128,10942,26495,18636,18643,0,0
4481,0,L0A,128,10947,26497,18645,18652,0,0
4483,0,L0A,128,10952,26499,18654,18661,0,0
4485,0,L0A,128,10957,26501,18663,18670,0,0
4487,0,L0A,128,10962,26503,18672,18679,0,0
4489,0,L0A,128,10967,26505,18681,18688,0,0
4491,0,L0A,128,10972,26507,18690,18697,0,0
4493,0,L0A,128,10977,26509,18699,18706,0,0
4495,0,L0A,128,10982,26511,18708,18715,0,0
4497,0,L0A,128,10987,26513,18717,18724,0,0
4499,0,L0A,128,10992,26515,18726,18733,0,0
4501,0,L0A,128,10997,26517,18735,18742,0,0
4503,0,L0A,128,11002,26519,18744,18751,0,0
4505,0,L0A,128,11007,26521,18753,18760,0,0
4507,0,L0A,128,11012,26523,18762,18769,0,0
4510,0,L0A,128,11019,26526,18773,18781,0,0
4512,0,L0A,128,11024,26528,18783,18790,0,0
4514,0,L0A,128,11029,26530,18792,18799,0,0
4516,0,L0A,128,11034,26532,18801,18808,0,0
4518,0,L0A,128,11039,26534,18810,18817,0,0
4520,0,L0A,128,11044,26536,18819,18826,0,0
4522,0,L0A,128,11049,26538,18828,18835,0,0
4524,0,L0A,128,11054,26540,18837,18844,0,0
4526,0,L0A,128,11059,26542,18846,18853,0,0
4528,0,L0A,128,11064,26544,18855,18862,0,0
4530,0,L0A,128,11069,26546,18864,18871,0,0
4532,0,L0A,128,11074,26548,18873,18880,0,0
4534,0,L0A,128,11079,26550,18882,18889,0,0
4536,0,L0A,128,11084,26552,18891,18898,0,0
4538,0,L0A,128,11089,26554,18900,18907,0,0
4540,0,L0A,128,11094,26556,18909,18916,0,0
4543,0,L0A,128,11101,26559,18920,18928,0,0
4545,0,L0A,128,11106,26561,18930,18937,0,0
4547,0,L0A,128,11111,26563,18939,18946,0,0
4549,0,L0A,128,11116,26565,18948,18955,0,0
4551,0,L0A,128,11121,26567,18957,18964,0,0
4553,0,L0A,128,11126,26569,18966,18973,0,0
4555,0,L0A,128,11131,26571,18975,18982,0,0
4557,0,L0A,128,11136,26573,18984,18991,0,0
4559,0,L0A,128,11141,26575,18993,19000,0,0
4561,0,L0A,128,11146,26577,19002,19007,0,0
4563,0,L0A,128,11151,26579,19009,19014,0,0
4565,0,L0A,128,11156,26581,19016,19021,0,0
4567,0,L0A,128,11161,26583,19023,19028,0,0
4569,0,L0A,128,11166,26585,19030,19035,0,0
4571,0,L0A,128,11171,26587,19037,19042,0,0
4573,0,L0A,128,11176,26589,19044,19049,0,0
4576,0,L0A,128,11183,26592,19053,19060,0,0
4578,0,L0A,128,11188,26594,19062,19068,0,0
4580,0,L0A,128,11193,26596,19070,19076,0,0
4582,0,L0A,128,11198,26598,19078,19084,0,0
4584,0,L0A,128,11203,26600,19086,19092,0,0
4586,0,L0A,128,11208,26602,19094,19100,0,0
4588,0,L0A,128,11213,26604,19102,19108,0,0
4590,0,L0A,128,11218,26606,19110,19116,0,0
4592,0,L0A,128,11223,26608,19118,19125,0,0
4594,0,L0A,128,11228,26610,19127,19134,0,0
4596,0,L0A,128,11233,26612,19136,19143,0,0
4598,0,L0A,128,11238,26614,19145,19152,0,0
4600,0,L0A,128,11243,26616,19154,19161,0,0
4602,0,L0A,128,11248,26618,19163,19170,0,0
4604,0,L0A,128,11253,26620,19172,19179,0,0
4606,0,L0A,128,11258,26622,19181,19188,0,0
4610,0,L0A,128,11267,26626,19197,19201,0,0
4613,0,L0A,128,11274,26629,19208,19211,0,0
4616,0,L0A,128,11281,26632,19218,19221,0,0
4619,0,L0A,128,11288,26635,19228,19231,0,0
4622,0,L0A,128,11295,26638,19240,19243,0,0
4625,0,L0A,128,11302,26641,19252,19255,0,0
4628,0,L0A,128,11309,26644,19264,19267,0,0
4631,0,L0A,128,11316,26647,19276,19279,0,0
4634,0,L0A,128,11323,26650,19288,19291,0,0
4637,0,L0A,128,11330,26653,19300,19303,0,0
4640,0,L0A,128,11337,26656,19312,19315,0,0
4643,0,L0A,128,11344,26659,19324,19327,0,0
4646,0,L0A,128,11351,26662,19336,19339,0,0
4649,0,L0A,128,11358,26665,19348,19351,0,0
4652,0,L0A,128,11365,26668,19360,19363,0,0
4655,0,L0A,128,11372,26671,19372,19375,0,0
4658,0,L0A,128,11379,26674,19379,19387,0,0
4660,0,L0A,128,11384,26676,19389,19396,0,0
4662,0,L0A,128,11389,26678,19398,19405,0,0
4664,0,L0A,128,11394,26680,19407,19414,0,0
4666,0,L0A,128,11399,26682,19416,19423,0,0
4668,0,L0A,128,11404,26684,19425,19432,0,0
4670,0,L0A,128,11409,26686,19434,19441,0,0
4672,0,L0A,128,11414,26688,19443,19450,0,0
4674,0,L0A,128,11419,26690,19452,19459,0,0
4676,0,L0A,128,11424,26692,19461,19468,0,0
4678,0,L0A,128,11429,26694,19470,19477,0,0
4680,0,L0A,128,11434,26696,19479,19486,0,0
4682,0,L0A,128,11439,26698,19488,19495,0,0
4684,0,L0A,128,11444,26700,19497,19504,0,0
4686,0,L0A,128,11449,26702,19506,19513,0,0
4688,0,L0A,128,11454,26704,19515,19522,0,0
4691,0,L0A,128,11461,26707,19526,19534,0,0
4693,0,L0A,128,11466,26709,19536,19543,0,0
4695,0,L0A,128,11471,26711,19545,19552,0,0
4697,0,L0A,128,11476,26713,19554,19561,0,0
4699,0,L0A,128,11481,26715,19563,19570,0,0
4701,0,L0A,128,11486,26717,19572,19579,0,0
4703,0,L0A,128,11491,26719,19581,19588,0,0
4705,0,L0A,128,11496,26721,19590,19597,0,0
4707,0,L0A,128,11501,26723,19599,19606,0,0
4709,0,L0A,128,11506,26725,19608,19615,0,0
4711,0,L0A,128,11511,26727,19617,19624,0,0
4713,0,L0A,128,11516,26729,19626,19633,0,0
4715,0,L0A,128,11521,26731,19635,19642,0,0
4717,0,L0A,128,11526,26733,19644,19651,0,0
4719,0,L0A,128,11531,26735,19653,19660,0,0
4721,0,L0A,128,11536,26737,19662,19669,0,0
4724,0,L0A,128,11543,26740,19673,19681,0,0
4726,0,L0A,128,11548,26742,19683,19690,0,0
4728,0,L0A,128,11553,26744,19692,19699,0,0
4730,0,L0A,128,11558,26746,19701,19708,0,0
4732,0,L0A,128,11563,26748,19710,19717,0,0
4734,0,L0A,128,11568,26750,19719,19726,0,0
4736,0,L0A,128,11573,26752,19728,19735,0,0
4738,0,L0A,128,11578,26754,19737,19744,0,0
4740,0,L0A,128,11583,26756,19746,19753,0,0
4742,0,L0A,128,11588,26758,19755,19762,0,0
4744,0,L0A,128,11593,26760,19764,19771,0,0
4746,0,L0A,128,11598,26762,19773,19780,0,0
4748,0,L0A,128,11603,26764,19782,19789,0,0
4750,0,L0A,128,11608,26766,19791,19798,0,0
4752,0,L0A,128,11613,26768,19800,19807,0,0
4754,0,L0A,128,11618,26770,19809,19816,0,0
4757,0,L0A,128,11625,26773,19820,19828,0,0
4759,0,L0A,128,11630,26775,19830,19837,0,0
4761,0,L0A,128,11635,26777,19839,19846,0,0
4763,0,L0A,128,11640,26779,19848,19855,0,0
4765,0,L0A,128,11645,26781,19857,19864,0,0
4767,0,L0A,128,11650,26783,19866,19873,0,0
4769,0,L0A,128,11655,26785,19875,19882,0,0
4771,0,L0A,128,11660,26787,19884,19891,0,0
4773,0,L0A,128,11665,26789,19893,19900,0,0
4775,0,L0A,128,11670,26791,19902,19909,0,0
4777,0,L0A,128,11675,26793,19911,19918,0,0
4779,0,L0A,128,11680,26795,19920,19927,0,0
4781,0,L0A,128,11685,26797,19929,19936,0,0
4783,0,L0A,128,11690,26799,19938,19945,0,0
4785,0,L0A,128,11695,26801,19947,19954,0,0
4787,0,L0A,128,11700,26803,19956,19963,0,0
4790,0,L0A,128,11707,26806,19967,19975,0,0
4792,0,L0A,128,11712,26808,19977,19984,0,0
4794,0,L0A,128,11717,26810,19986,19993,0,0
4796,0,L0A,128,11722,26812,19995,20002,0,0
4798,0,L0A,128,11727,26814,20004,20011,0,0
4800,0,L0A,128,11732,26816,20013,20020,0,0
4802,0,L0A,128,11737,26818,20022,20029,0,0
4804,0,L0A,128,11742,26820,20031,20038,0,0
4806,0,L0A,128,11747,26822,20040,20047,0,0
4808,0,L0A,128,11752,26824,20049,20056,0,0
4810,0,L0A,128,11757,26826,20058,20065,0,0
4812,0,L0A,128,11762,26828,20067,20074,0,0
4814,0,L0A,128,11767,26830,20076,20083,0,0
4816,0,L0A,128,11772,26832,20085,20092,0,0
4818,0,L0A,128,11777,26834,20094,20101,0,0
4820,0,L0A,128,11782,26836,20103,20110,0,0
4823,0,L0A,128,11789,26839,20114,20122,0,0
4825,0,L0A,128,11794,26841,20124,20131,0,0
4827,0,L0A,128,11799,26843,20133,20140,0,0
4829,0,L0A,128,11804,26845,20142,20149,0,0
4831,0,L0A,128,11809,26847,20151,20158,0,0
4833,0,L0A,128,11814,26849,20160,20167,0,0
4835,0,L0A,128,11819,26851,20169,20176,0,0
4837,0,L0A,128,11824,26853,20178,20185,0,0
4839,0,L0A,128,11829,26855,20187,20194,0,0
4841,0,L0A,128,11834,26857,20196,20203,0,0
4843,0,L0A,128,11839,26859,20205,20212,0,0
4845,0,L0A,128,11844,26861,20214,20221,0,0
4847,0,L0A,128,11849,26863,20223,20230,0,0
4849,0,L0A,128,11854,26865,20232,20239,0,0
4851,0,L0A,128,11859,26867,20241,20248,0,0
4853,0,L0A,128,11864,26869,20250,20257,0,0
4856,0,L0A,128,11871,26872,20261,20269,0,0
4858,0,L0A,128,11876,26874,20271,20278,0,0
4860,0,L0A,128,11881,26876,20280,20287,0,0
4862,0,L0A,128,11886,26878,20289,20296,0,0
4864,0,L0A,128,11891,26880,20298,20305,0,0
4866,0,L0A,128,11896,26882,20307,20314,0,0
4868,0,L0A,128,11901,26884,20316,20323,0,0
4870,0,L0A,128,11906,26886,20325,20332,0,0
4872,0,L0A,128,11911,26888,20334,20341,0,0
4874,0,L0A,128,11916,26890,20343,20350,0,0
4876,0,L0A,128,11921,26892,20352,20359,0,0
4878,0,L0A,128,11926,26894,20361,20368,0,0
4880,0,L0A,128,11931,26896,20370,20377,0,0
4882,0,L0A,128,11936,26898,20379,20386,0,0
4884,0,L0A,128,11941,26900,20388,20395,0,0
4886,0,L0A,128,11946,26902,20397,20404,0,0
4889,0,L0A,128,11953,26905,20408,20416,0,0
4891,0,L0A,128,11958,26907,20418,20425,0,0
4893,0,L0A,128,11963,26909,20427,20434,0,0
4895,0,L0A,128,11968,26911,20436,20443,0,0
4897,0,L0A,128,11973,26913,20445,20452,0,0
4899,0,L0A,128,11978,26915,20454,20461,0,0
4901,0,L0A,128,11983,26917,20463,20470,0,0
4903,0,L0A,128,11988,26919,20472,20479,0,0
4905,0,L0A,128,11993,26921,20481,20488,0,0
4907,0,L0A,128,11998,26923,20490,20497,0,0
4909,0,L0A,128,12003,26925,20499,20506,0,0
4911,0,L0A,128,12008,26927,20508,20515,0,0
4913,0,L0A,128,12013,26929,20517,20524,0,0
4915,0,L0A,128,12018,26931,20526,20533,0,0
4917,0,L0A,128,12023,26933,20535,20542,0,0
4919,0,L0A,128,12028,26935,20544,20551,0,0
4922,0,L0A,128,12035,26938,20555,20563,0,0
4924,0,L0A,128,12040,26940,20565,20572,0,0
4926,0,L0A,128,12045,26942,20574,20581,0,0
4928,0,L0A,128,12050,26944,20583,20590,0,0
4930,0,L0A,128,12055,26946,20592,20599,0,0
4932,0,L0A,128,12060,26948,20601,20608,0,0
4934,0,L0A,128,12065,26950,20610,20617,0,0
4936,0,L0A,128,12070,26952,20619,20626,0,0
4938,0,L0A,128,12075,26954,20628,20635,0,0
4940,0,L0A,128,12080,26956,20637,20644,0,0
4942,0,L0A,128,12085,26958,20646,20653,0,0
4944,0,L0A,128,12090,26960,20655,20662,0,0
4946,0,L0A,128,12095,26962,20664,20671,0,0
4948,0,L0A,128,12100,26964,20673,20680,0,0
4950,0,L0A,128,12105,26966,20682,20689,0,0
4952,0,L0A,128,12110,26968,20691,20698,0,0
4955,0,L0A,128,12117,26971,20702,20710,0,0
4957,0,L0A,128,12122,26973,20712,20719,0,0
4959,0,L0A,128,12127,26975,20721,20728,0,0
4961,0,L0A,128,12132,26977,20730,20737,0,0
4963,0,L0A,128,12137,26979,20739,20746,0,0
4965,0,L0A,128,12142,26981,20748,20755,0,0
4967,0,L0A,128,12147,26983,20757,20764,0,0
4969,0,L0A,128,12152,26985,20766,20773,0,0
4971,0,L0A,128,12157,26987,20775,20782,0,0
4973,0,L0A,128,12162,26989,20784,20791,0,0
4975,0,L0A,128,12167,26991,20793,20800,0,0
4977,0,L0A,128,12172,26993,20802,20809,0,0
4979,0,L0A,128,12177,26995,20811,20818,0,0
4981,0,L0A,128,12182,26997,20820,20827,0,0
4983,0,L0A,128,12187,26999,20829,20836,0,0
4985,0,L0A,128,12192,27001,20838,20845,0,0
4988,0,L0A,128,12199,27004,20849,20857,0,0
4990,0,L0A,128,12204,27006,20859,20866,0,0
4992,0,L0A,128,12209,27008,20868,20875,0,0
4994,0,L0A,128,12214,27010,20877,20884,0,0
4996,0,L0A,128,12219,27012,20886,20893,0,0
4998,0,L0A,128,12224,27014,20895,20902,0,0
5000,0,L0A,128,12229,27016,20904,20911,0,0
5002,0,L0A,128,12234,27018,20913,20920,0,0
5004,0,L0A,128,12239,27020,20922,20929,0,0
5006,0,L0A,128,12244,27022,20931,20938,0,0
5008,0,L0A,128,12249,27024,20940,20947,0,0
5010,0,L0A,128,12254,27026,20949,20956,0,0
5012,0,L0A,128,12259,27028,20958,20965,0,0
5014,0,L0A,128,12264,27030,20967,20974,0,0
5016,0,L0A,128,12269,27032,20976,20983,0,0
5018,0,L0A,128,12274,27034,20985,20992,0,0
5021,0,L0A,128,12281,27037,20996,21004,0,0
5023,0,L0A,128,12286,27039,21006,21013,0,0
5025,0,L0A,128,12291,27041,21015,21022,0,0
5027,0,L0A,128,12296,27043,21024,21031,0,0
5029,0,L0A,128,12301,27045,21033,21040,0,0
5031,0,L0A,128,12306,27047,21042,21049,0,0
5033,0,L0A,128,12311,27049,21051,21058,0,0
5035,0,L0A,128,12316,27051,21060,21067,0,0
5037,0,L0A,128,12321,27053,21069,21076,0,0
5039,0,L0A,128,12326,27055,21078,21085,0,0
5041,0,L0A,128,12331,27057,21087,21094,0,0
5043,0,L0A,128,12336,27059,21096,21103,0,0
5045,0,L0A,128,12341,27061,21105,21112,0,0
5047,0,L0A,128,12346,27063,21114,21121,0,0
5049,0,L0A,128,12351,27065,21123,21130,0,0
5051,0,L0A,128,12356,27067,21132,21139,0,0
5054,0,L0A,128,12363,27070,21143,21151,0,0
5056,0,L0A,128,12368,27072,21153,21160,0,0
5058,0,L0A,128,12373,27074,21162,21169,0,0
5060,0,L0A,128,12378,27076,21171,21178,0,0
5062,0,L0A,128,12383,27078,21180,21187,0,0
5064,0,L0A,128,12388,27080,21189,21196,0,0
5066,0,L0A,128,12393,27082,21198,21205,0,0
5068,0,L0A,128,12398,27084,21207,21214,0,0
5070,0,L0A,128,12403,27086,21216,21223,0,0
5072,0,L0A,128,12408,27088,21225,21232,0,0
5074,0,L0A,128,12413,27090,21234,21241,0,0
5076,0,L0A,128,12418,27092,21243,21250,0,0
5078,0,L0A,128,12423,27094,21252,21259,0,0
5080,0,L0A,128,12428,27096,21261,21268,0,0
5082,0,L0A,128,12433,27098,21270,21277,0,0
5084,0,L0A,128,12438,27100,21279,21286,0,0
5087,0,L0A,128,12445,27103,21290,21298,0,0
5089,0,L0A,128,12450,27105,21300,21307,0,0
5091,0,L0A,128,12455,27107,21309,21316,0,0
5093,0,L0A,128,12460,27109,21318,21325,0,0
5095,0,L0A,128,12465,27111,21327,21334,0,0
5097,0,L0A,128,12470,27113,21336,21343,0,0
5099,0,L0A,128,12475,27115,21345,21352,0,0
5101,0,L0A,128,12480,27117,21354,21361,0,0
5103,0,L0A,128,12485,27119,21363,21368,0,0
5105,0,L0A,128,12490,27121,21370,21375,0,0
5107,0,L0A,128,12495,27123,21377,21382,0,0
5109,0,L0A,128,12500,27125,21384,21389,0,0
5111,0,L0A,128,12505,27127,21391,21396,0,0
5113,0,L0A,128,12510,27129,21398,21403,0,0
5115,0,L0A,128,12515,27131,21405,21410,0,0
5117,0,L0A,128,12520,27133,21412,21417,0,0
5120,0,L0A,128,12527,27136,21421,21428,0,0
5122,0,L0A,128,12532,27138,21430,21436,0,0
5124,0,L0A,128,12537,27140,21438,21444,0,0
5126,0,L0A,128,12542,27142,21446,21452,0,0
5128,0,L0A,128,12547,27144,21454,21460,0,0
5130,0,L0A,128,12552,27146,21462,21468,0,0
5132,0,L0A,128,12557,27148,21470,21476,0,0
5134,0,L0A,128,12562,27150,21478,21485,0,0
5136,0,L0A,128,12567,27152,21487,21494,0,0
5138,0,L0A,128,12572,27154,21496,21503,0,0
5140,0,L0A,128,12577,27156,21505,21512,0,0
5142,0,L0A,128,12582,27158,21514,21521,0,0
5144,0,L0A,128,12587,27160,21523,21530,0,0
5146,0,L0A,128,12592,27162,21532,21539,0,0
5148,0,L0A,128,12597,27164,21541,21548,0,0
5150,0,L0A,128,12602,27166,21550,21557,0,0
5154,0,L0A,128,12611,27170,21566,21570,0,0
5157,0,L0A,128,12618,27173,21577,21580,0,0
5160,0,L0A,128,12625,27176,21587,21590,0,0
5163,0,L0A,128,12632,27179,21598,21601,0,0
5166,0,L0A,128,12639,27182,21610,21613,0,0
5169,0,L0A,128,12646,27185,21622,21625,0,0
5172,0,L0A,128,12653,27188,21634,21637,0,0
5175,0,L0A,128,12660,27191,21646,21649,0,0
5178,0,L0A,128,12667,27194,21658,21661,0,0
5181,0,L0A,128,12674,27197,21670,21673,0,0
5184,0,L0A,128,12681,27200,21682,21685,0,0
5187,0,L0A,128,12688,27203,21694,21697,0,0
5190,0,L0A,128,12695,27206,21706,21709,0,0
5193,0,L0A,128,12702,27209,21718,21721,0,0
5196,0,L0A,128,12709,27212,21730,21733,0,0
5199,0,L0A,128,12716,27215,21742,21745,0,0
5202,0,L0A,128,12723,27218,21749,21757,0,0
5204,0,L0A,128,12728,27220,21759,21766,0,0
5206,0,L0A,128,12733,27222,21768,21775,0,0
5208,0,L0A,128,12738,27224,21777,21784,0,0
5210,0,L0A,128,12743,27226,21786,21793,0,0
5212,0,L0A,128,12748,27228,21795,21802,0,0
5214,0,L0A,128,12753,27230,21804,21811,0,0
5216,0,L0A,128,12758,27232,21813,21820,0,0
5218,0,L0A,128,12763,27234,21822,21829,0,0
5220,0,L0A,128,12768,27236,21831,21838,0,0
5222,0,L0A,128,12773,27238,21840,21847,0,0
5224,0,L0A,128,12778,27240,21849,21856,0,0
5226,0,L0A,128,12783,27242,21858,21865,0,0
5228,0,L0A,128,12788,27244,21867,21874,0,0
5230,0,L0A,128,12793,27246,21876,21883,0,0
5232,0,L0A,128,12798,27248,21885,21892,0,0
5235,0,L0A,128,12805,27251,21896,21904,0,0
5237,0,L0A,128,12810,27253,21906,21913,0,0
5239,0,L0A,128,12815,27255,21915,21922,0,0
5241,0,L0A,128,12820,27257,21924,21931,0,0
5243,0,L0A,128,12825,27259,21933,21940,0,0
5245,0,L0A,128,12830,27261,21942,21949,0,0
5247,0,L0A,128,12835,27263,21951,21958,0,0
5249,0,L0A,128,12840,27265,21960,21967,0,0
5251,0,L0A,128,12845,27267,21969,21976,0,0
5253,0,L0A,128,12850,27269,21978,21985,0,0
5255,0,L0A,128,12855,27271,21987,21994,0,0
5257,0,L0A,128,12860,27273,21996,22003,0,0
5259,0,L0A,128,12865,27275,22005,22012,0,0
5261,0,L0A,128,12870,27277,22014,22021,0,0
5263,0,L0A,128,12875,27279,22023,22030,0,0
5265,0,L0A,128,12880,27281,22032,22039,0,0
5268,0,L0A,128,12887,27284,22043,22051,0,0
5270,0,L0A,128,12892,27286,22053,22060,0,0
5272,0,L0A,128,12897,27288,22062,22069,0,0
5274,0,L0A,128,12902,27290,22071,22078,0,0
5276,0,L0A,128,12907,27292,22080,22087,0,0
5278,0,L0A,128,12912,27294,22089,22096,0,0
5280,0,L0A,128,12917,27296,22098,22105,0,0
5282,0,L0A,128,12922,27298,22107,22114,0,0
5284,0,L0A,128,12927,27300,22116,22123,0,0
5286,0,L0A,128,12932,27302,22125,22132,0,0
5288,0,L0A,128,12937,27304,22134,22141,0,0
5290,0,L0A,128,12942,27306,22143,22150,0,0
5292,0,L0A,128,12947,27308,22152,22159,0,0
5294,0,L0A,128,12952,27310,22161,22168,0,0
5296,0,L0A,128,12957,27312,22170,22177,0,0
5298,0,L0A,128,12962,27314,22179,22186,0,0
5301,0,L0A,128,12969,27317,22190,22198,0,0
5303,0,L0A,128,12974,27319,22200,22207,0,0
5305,0,L0A,128,12979,27321,22209,22216,0,0
5307,0,L0A,128,12984,27323,22218,22225,0,0
5309,0,L0A,128,12989,27325,22227,22234,0,0
5311,0,L0A,128,12994,27327,22236,22243,0,0
5313,0,L0A,128,12999,27329,22245,22252,0,0
5315,0,L0A,128,13004,27331,22254,22261,0,0
5317,0,L0A,128,13009,27333,22263,22270,0,0
5319,0,L0A,128,13014,27335,22272,22279,0,0
5321,0,L0A,128,13019,27337,22281,22288,0,0
5323,0,L0A,128,13024,27339,22290,22297,0,0
5325,0,L0A,128,13029,27341,22299,22306,0,0
5327,0,L0A,128,13034,27343,22308,22315,0,0
5329,0,L0A,128,13039,27345,22317,22324,0,0
5331,0,L0A,128,13044,27347,22326,22333,0,0
5334,0,L0A,128,13051,27350,22337,22345,0,0
5336,0,L0A,128,13056,27352,22347,22354,0,0
5338,0,L0A,128,13061,27354,22356,22363,0,0
5340,0,L0A,128,13066,27356,22365,22372,0,0
5342,0,L0A,128,13071,27358,22374,22381,0,0
5344,0,L0A,128,13076,27360,22383,22390,0,0
5346,0,L0A,128,13081,27362,22392,22399,0,0
5348,0,L0A,128,13086,27364,22401,22408,0,0
5350,0,L0A,128,13091,27366,22410,22417,0,0
5352,0,L0A,128,13096,27368,22419,22426,0,0
5354,0,L0A,128,13101,27370,22428,22435,0,0
5356,0,L0A,128,13106,27372,22437,22444,0,0
5358,0,L0A,128,13111,27374,22446,22453,0,0
5360,0,L0A,128,13116,27376,22455,22462,0,0
5362,0,L0A,128,13121,27378,22464,22471,0,0
5364,0,L0A,128,13126,27380,22473,22480,0,0
5367,0,L0A,128,13133,27383,22484,22492,0,0
5369,0,L0A,128,13138,27385,22494,22501,0,0
5371,0,L0A,128,13143,27387,22503,22510,0,0
5373,0,L0A,128,13148,27389,22512,22519,0,0
5375,0,L0A,128,13153,27391,22521,22528,0,0
5377,0,L0A,128,13158,27393,22530,22537,0,0
5379,0,L0A,128,13163,27395,22539,22546,0,0
5381,0,L0A,128,13168,27397,22548,22555,0,0
5383,0,L0A,128,13173,27399,22557,22564,0,0
5385,0,L0A,128,13178,27401,22566,22573,0,0
5387,0,L0A,128,13183,27403,22575,22582,0,0
5389,0,L0A,128,13188,27405,22584,22591,0,0
5391,0,L0A,128,13193,27407,22593,22600,0,0
5393,0,L0A,128,13198,27409,22602,22609,0,0
5395,0,L0A,128,13203,27411,22611,22618,0,0
5397,0,L0A,128,13208,27413,22620,22627,0,0
5400,0,L0A,128,13215,27416,22631,22639,0,0
5402,0,L0A,128,13220,27418,22641,22648,0,0
5404,0,L0A,128,13225,27420,22650,22657,0,0
5406,0,L0A,128,13230,27422,22659,22666,0,0
5408,0,L0A,128,13235,27424,22668,22675,0,0
5410,0,L0A,128,13240,27426,22677,22684,0,0
5412,0,L0A,128,13245,27428,22686,22693,0,0
5414,0,L0A,128,13250,27430,22695,22702,0,0
5416,0,L0A,128,13255,27432,22704,22711,0,0
5418,0,L0A,128,13260,27434,22713,22720,0,0
5420,0,L0A,128,13265,27436,22722,22729,0,0
5422,0,L0A,128,13270,27438,22731,22738,0,0
5424,0,L0A,128,13275,27440,22740,22747,0,0
5426,0,L0A,128,13280,27442,22749,22756,0,0
5428,0,L0A,128,13285,27444,22758,22765,0,0
5430,0,L0A,128,13290,27446,22767,22774,0,0
5433,0,L0A,128,13297,27449,22778,22786,0,0
5435,0,L0A,128,13302,27451,22788,22795,0,0
5437,0,L0A,128,13307,27453,22797,22804,0,0
5439,0,L0A,128,13312,27455,22806,22813,0,0
5441,0,L0A,128,13317,27457,22815,22822,0,0
5443,0,L0A,128,13322,27459,22824,22831,0,0
5445,0,L0A,128,13327,27461,22833,22840,0,0
5447,0,L0A,128,13332,27463,22842,22849,0,0
5449,0,L0A,128,13337,27465,22851,22858,0,0
5451,0,L0A,128,13342,27467,22860,22867,0,0
5453,0,L0A,128,13347,27469,22869,22876,0,0
5455,0,L0A,128,13352,27471,22878,22885,0,0
5457,0,L0A,128,13357,27473,22887,22894,0,0
5459,0,L0A,128,13362,27475,22896,22903,0,0
5461,0,L0A,128,13367,27477,22905,22912,0,0
5463,0,L0A,128,13372,27479,22914,22921,0,0
5466,0,L0A,128,13379,27482,22925,22933,0,0
5468,0,L0A,128,13384,27484,22935,22942,0,0
5470,0,L0A,128,13389,27486,22944,22951,0,0
5472,0,L0A,128,13394,27488,22953,22960,0,0
5474,0,L0A,128,13399,27490,22962,22969,0,0
5476,0,L0A,128,13404,27492,22971,22978,0,0
5478,0,L0A,128,13409,27494,22980,22987,0,0
5480,0,L0A,128,13414,27496,22989,22996,0,0
5482,0,L0A,128,13419,27498,22998,23005,0,0
5484,0,L0A,128,13424,27500,23007,23014,0,0
5486,0,L0A,128,13429,27502,23016,23023,0,0
5488,0,L0A,128,13434,27504,23025,23032,0,0
5490,0,L0A,128,13439,27506,23034,23041,0,0
5492,0,L0A,128,13444,27508,23043,23050,0,0
5494,0,L0A,128,13449,27510,23052,23059,0,0
5496,0,L0A,128,13454,27512,23061,23068,0,0
5499,0,L0A,128,13461,27515,23072,23080,0,0
5501,0,L0A,128,13466,27517,23082,23089,0,0
5503,0,L0A,128,13471,27519,23091,23098,0,0
5505,0,L0A,128,13476,27521,23100,23107,0,0
5507,0,L0A,128,13481,27523,23109,23116,0,0
5509,0,L0A,128,13486,27525,23118,23125,0,0
5511,0,L0A,128,13491,27527,23127,23134,0,0
5513,0,L0A,128,13496,27529,23136,23143,0,0
5515,0,L0A,128,13501,27531,23145,23152,0,0
5517,0,L0A,128,13506,27533,23154,23161,0,0
5519,0,L0A,128,13511,27535,23163,23170,0,0
5521,0,L0A,128,13516,27537,23172,23179,0,0
5523,0,L0A,128,13521,27539,23181,23188,0,0
5525,0,L0A,128,13526,27541,23190,23197,0,0
5527,0,L0A,128,13531,27543,23199,23206,0,0
5529,0,L0A,128,13536,27545,23208,23215,0,0
5532,0,L0A,128,13543,27548,23219,23227,0,0
5534,0,L0A,128,13548,27550,23229,23236,0,0
5536,0,L0A,128,13553,27552,23238,23245,0,0
5538,0,L0A,128,13558,27554,23247,23254,0,0
5540,0,L0A,128,13563,27556,23256,23263,0,0
5542,0,L0A,128,13568,27558,23265,23272,0,0
5544,0,L0A,128,13573,27560,23274,23281,0,0
5546,0,L0A,128,13578,27562,23283,23290,0,0
5548,0,L0A,128,13583,27564,23292,23299,0,0
5550,0,L0A,128,13588,27566,23301,23308,0,0
5552,0,L0A,128,13593,27568,23310,23317,0,0
5554,0,L0A,128,13598,27570,23319,23326,0,0
5556,0,L0A,128,13603,27572,23328,23335,0,0
5558,0,L0A,128,13608,27574,23337,23344,0,0
5560,0,L0A,128,13613,27576,23346,23353,0,0
5562,0,L0A,128,13618,27578,23355,23362,0,0
5565,0,L0A,128,13625,27581,23366,23374,0,0
5567,0,L0A,128,13630,27583,23376,23383,0,0
5569,0,L0A,128,13635,27585,23385,23392,0,0
5571,0,L0A,128,13640,27587,23394,23401,0,0
5573,0,L0A,128,13645,27589,23403,23410,0,0
5575,0,L0A,128,13650,27591,23412,23419,0,0
5577,0,L0A,128,13655,27593,23421,23428,0,0
5579,0,L0A,128,13660,27595,23430,23437,0,0
5581,0,L0A,128,13665,27597,23439,23446,0,0
5583,0,L0A,128,13670,27599,23448,23455,0,0
5585,0,L0A,128,13675,27601,23457,23464,0,0
5587,0,L0A,128,13680,27603,23466,23473,0,0
5589,0,L0A,128,13685,27605,23475,23482,0,0
5591,0,L0A,128,13690,27607,23484,23491,0,0
5593,0,L0A,128,13695,27609,23493,23500,0,0
5595,0,L0A,128,13700,27611,23502,23509,0,0
5598,0,L0A,128,13707,27614,23513,23521,0,0
5600,0,L0A,128,13712,27616,23523,23530,0,0
5602,0,L0A,128,13717,27618,23532,23539,0,0
5604,0,L0A,128,13722,27620,23541,23548,0,0
5606,0,L0A,128,13727,27622,23550,23557,0,0
5608,0,L0A,128,13732,27624,23559,23566,0,0
5610,0,L0A,128,13737,27626,23568,23575,0,0
5612,0,L0A,128,13742,27628,23577,23584,0,0
5614,0,L0A,128,13747,27630,23586,23593,0,0
5616,0,L0A,128,13752,27632,23595,23602,0,0
5618,0,L0A,128,13757,27634,23604,23611,0,0
5620,0,L0A,128,13762,27636,23613,23620,0,0
5622,0,L0A,128,13767,27638,23622,23629,0,0
5624,0,L0A,128,13772,27640,23631,23638,0,0
5626,0,L0A,128,13777,27642,23640,23647,0,0
5628,0,L0A,128,13782,27644,23649,23656,0,0
5631,0,L0A,128,13789,27647,23660,23668,0,0
5633,0,L0A,128,13794,27649,23670,23677,0,0
5635,0,L0A,128,13799,27651,23679,23686,0,0
5637,0,L0A,128,13804,27653,23688,23695,0,0
5639,0,L0A,128,13809,27655,23697,23704,0,0
5641,0,L0A,128,13814,27657,23706,23713,0,0
5643,0,L0A,128,13819,27659,23715,23722,0,0
5645,0,L0A,128,13824,27661,23724,23729,0,0
5647,0,L0A,128,13829,27663,23731,23736,0,0
5649,0,L0A,128,13834,27665,23738,23743,0,0
5651,0,L0A,128,13839,27667,23745,23750,0,0
5653,0,L0A,128,13844,27669,23752,23757,0,0
5655,0,L0A,128,13849,27671,23759,23764,0,0
5657,0,L0A,128,13854,27673,23766,23771,0,0
5659,0,L0A,128,13859,27675,23773,23778,0,0
5661,0,L0A,128,13864,27677,23780,23785,0,0
5664,0,L0A,128,13871,27680,23789,23796,0,0
5666,0,L0A,128,13876,27682,23798,23804,0,0
5668,0,L0A,128,13881,27684,23806,23812,0,0
5670,0,L0A,128,13886,27686,23814,23820,0,0
5672,0,L0A,128,13891,27688,23822,23828,0,0
5674,0,L0A,128,13896,27690,23830,23836,0,0
5676,0,L0A,128,13901,27692,23838,23845,0,0
5678,0,L0A,128,13906,27694,23847,23854,0,0
5680,0,L0A,128,13911,27696,23856,23863,0,0
5682,0,L0A,128,13916,27698,23865,23872,0,0
5684,0,L0A,128,13921,27700,23874,23881,0,0
5686,0,L0A,128,13926,27702,23883,23890,0,0
5688,0,L0A,128,13931,27704,23892,23899,0,0
5690,0,L0A,128,13936,27706,23901,23908,0,0
5692,0,L0A,128,13941,27708,23910,23917,0,0
5694,0,L0A,128,13946,27710,23919,23926,0,0
5698,0,L0A,128,13955,27714,23935,23939,0,0
5701,0,L0A,128,13962,27717,23946,23949,0,0
5704,0,L0A,128,13969,27720,23956,23959,0,0
5707,0,L0A,128,13976,27723,23968,23971,0,0
5710,0,L0A,128,13983,27726,23980,23983,0,0
5713,0,L0A,128,13990,27729,23992,23995,0,0
5716,0,L0A,128,13997,27732,24004,24007,0,0
5719,0,L0A,128,14004,27735,24016,24019,0,0
5722,0,L0A,128,14011,27738,24028,24031,0,0
5725,0,L0A,128,14018,27741,24040,24043,0,0
5728,0,L0A,128,14025,27744,24052,24055,0,0
5731,0,L0A,128,14032,27747,24064,24067,0,0
5734,0,L0A,128,14039,27750,24076,24079,0,0
5737,0,L0A,128,14046,27753,24088,24091,0,0
5740,0,L0A,128,14053,27756,24100,24103,0,0
5743,0,L0A,128,14060,27759,24112,24115,0,0
5746,0,L0A,128,14067,27762,24119,24127,0,0
5748,0,L0A,128,14072,27764,24129,24136,0,0
5750,0,L0A,128,14077,27766,24138,24145,0,0
5752,0,L0A,128,14082,27768,24147,24154,0,0
5754,0,L0A,128,14087,27770,24156,24163,0,0
5756,0,L0A,128,14092,27772,24165,24172,0,0
5758,0,L0A,128,14097,27774,24174,24181,0,0
5760,0,L0A,128,14102,27776,24183,24190,0,0
5762,0,L0A,128,14107,27778,24192,24199,0,0
5764,0,L0A,128,14112,27780,24201,24208,0,0
5766,0,L0A,128,14117,27782,24210,24217,0,0
5768,0,L0A,128,14122,27784,24219,24226,0,0
5770,0,L0A,128,14127,27786,24228,24235,0,0
5772,0,L0A,128,14132,27788,24237,24244,0,0
5774,0,L0A,128,14137,27790,24246,24253,0,0
5776,0,L0A,128,14142,27792,24255,24262,0,0
5779,0,L0A,128,14149,27795,24266,24274,0,0
5781,0,L0A,128,14154,27797,24276,24283,0,0
5783,0,L0A,128,14159,27799,24285,24292,0,0
5785,0,L0A,128,14164,27801,24294,24301,0,0
5787,0,L0A,128,14169,27803,24303,24310,0,0
5789,0,L0A,128,14174,27805,24312,24319,0,0
5791,0,L0A,128,14179,27807,24321,24328,0,0
5793,0,L0A,128,14184,27809,24330,24337,0,0
5795,0,L0A,128,14189,27811,24339,24346,0,0
5797,0,L0A,128,14194,27813,24348,24355,0,0
5799,0,L0A,128,14199,27815,24357,24364,0,0
5801,0,L0A,128,14204,27817,24366,24373,0,0
5803,0,L0A,128,14209,27819,24375,24382,0,0
5805,0,L0A,128,14214,27821,24384,24391,0,0
5807,0,L0A,128,14219,27823,24393,24400,0,0
5809,0,L0A,128,14224,27825,24402,24409,0,0
5812,0,L0A,128,14231,27828,24413,24421,0,0
5814,0,L0A,128,14236,27830,24423,24430,0,0
5816,0,L0A,128,14241,27832,24432,24439,0,0
5818,0,L0A,128,14246,27834,24441,24448,0,0
5820,0,L0A,128,14251,27836,24450,24457,0,0
5822,0,L0A,128,14256,27838,24459,24466,0,0
5824,0,L0A,128,14261,27840,24468,24475,0,0
5826,0,L0A,128,14266,27842,24477,24484,0,0
5828,0,L0A,128,14271,27844,24486,24493,0,0
5830,0,L0A,128,14276,27846,24495,24502,0,0
5832,0,L0A,128,14281,27848,24504,24511,0,0
5834,0,L0A,128,14286,27850,24513,24520,0,0
5836,0,L0A,128,14291,27852,24522,24529,0,0
5838,0,L0A,128,14296,27854,24531,24538,0,0
5840,0,L0A,128,14301,27856,24540,24547,0,0
5842,0,L0A,128,14306,27858,24549,24556,0,0
5845,0,L0A,128,14313,27861,24560,24568,0,0
5847,0,L0A,128,14318,27863,24570,24577,0,0
5849,0,L0A,128,14323,27865,24579,24586,0,0
5851,0,L0A,128,14328,27867,24588,24595,0,0
5853,0,L0A,128,14333,27869,24597,24604,0,0
5855,0,L0A,128,14338,27871,24606,24613,0,0
5857,0,L0A,128,14343,27873,24615,24622,0,0
5859,0,L0A,128,14348,27875,24624,24631,0,0
5861,0,L0A,128,14353,27877,24633,24640,0,0
5863,0,L0A,128,14358,27879,24642,24649,0,0
5865,0,L0A,128,14363,27881,24651,24658,0,0
5867,0,L0A,128,14368,27883,24660,24667,0,0
5869,0,L0A,128,14373,27885,24669,24676,0,0
5871,0,L0A,128,14378,27887,24678,24685,0,0
5873,0,L0A,128,14383,27889,24687,24694,0,0
5875,0,L0A,128,14388,27891,24696,24703,0,0
5878,0,L0A,128,14395,27894,24707,24715,0,0
5880,0,L0A,128,14400,27896,24717,24724,0,0
5882,0,L0A,128,14405,27898,24726,24733,0,0
5884,0,L0A,128,14410,27900,24735,24742,0,0
5886,0,L0A,128,14415,27902,24744,24751,0,0
5888,0,L0A,128,14420,27904,24753,24760,0,0
5890,0,L0A,128,14425,27906,24762,24769,0,0
5892,0,L0A,128,14430,27908,24771,24778,0,0
5894,0,L0A,128,14435,27910,24780,24787,0,0
5896,0,L0A,128,14440,27912,24789,24796,0,0
5898,0,L0A,128,14445,27914,24798,24805,0,0
5900,0,L0A,128,14450,27916,24807,24814,0,0
5902,0,L0A,128,14455,27918,24816,24823,0,0
5904,0,L0A,128,14460,27920,24825,24832,0,0
5906,0,L0A,128,14465,27922,24834,24841,0,0
5908,0,L0A,128,14470,27924,24843,24850,0,0
5911,0,L0A,128,14477,27927,24854,24862,0,0
5913,0,L0A,128,14482,27929,24864,24871,0,0
5915,0,L0A,128,14487,27931,24873,24880,0,0
5917,0,L0A,128,14492,27933,24882,24889,0,0
5919,0,L0A,128,14497,27935,24891,24898,0,0
5921,0,L0A,128,14502,27937,24900,24907,0,0
5923,0,L0A,128,14507,27939,24909,24916,0,0
5925,0,L0A,128,14512,27941,24918,24925,0,0
5927,0,L0A,128,14517,27943,24927,24934,0,0
5929,0,L0A,128,14522,27945,24936,24943,0,0
5931,0,L0A,128,14527,27947,24945,24952,0,0
5933,0,L0A,128,14532,27949,24954,24961,0,0
5935,0,L0A,128,14537,27951,24963,24970,0,0
5937,0,L0A,128,14542,27953,24972,24979,0,0
5939,0,L0A,128,14547,27955,24981,24988,0,0
5941,0,L0A,128,14552,27957,24990,24997,0,0
5944,0,L0A,128,14559,27960,25001,25009,0,0
5946,0,L0A,128,14564,27962,25011,25018,0,0
5948,0,L0A,128,14569,27964,25020,25027,0,0
5950,0,L0A,128,14574,27966,25029,25036,0,0
5952,0,L0A,128,14579,27968,25038,25045,0,0
5954,0,L0A,128,14584,27970,25047,25054,0,0
5956,0,L0A,128,14589,27972,25056,25063,0,0
5958,0,L0A,128,14594,27974,25065,25072,0,0
5960,0,L0A,128,14599,27976,25074,25081,0,0
5962,0,L0A,128,14604,27978,25083,25090,0,0
5964,0,L0A,128,14609,27980,25092,25099,0,0
5966,0,L0A,128,14614,27982,25101,25108,0,0
5968,0,L0A,128,14619,27984,25110,25117,0,0
5970,0,L0A,128,14624,27986,25119,25126,0,0
5972,0,L0A,128,14629,27988,25128,25135,0,0
5974,0,L0A,128,14634,27990,25137,25144,0,0
5977,0,L0A,128,14641,27993,25148,25156,0,0
5979,0,L0A,128,14646,27995,25158,25165,0,0
5981,0,L0A,128,14651,27997,25167,25174,0,0
5983,0,L0A,128,14656,27999,25176,25183,0,0
5985,0,L0A,128,14661,28001,25185,25192,0,0
5987,0,L0A,128,14666,28003,25194,25201,0,0
5989,0,L0A,128,14671,28005,25203,25210,0,0
5991,0,L0A,128,14676,28007,25212,25219,0,0
5993,0,L0A,128,14681,28009,25221,25228,0,0
5995,0,L0A,128,14686,28011,25230,25237,0,0
5997,0,L0A,128,14691,28013,25239,25246,0,0
5999,0,L0A,128,14696,28015,25248,25255,0,0
6001,0,L0A,128,14701,28017,25257,25264,0,0
6003,0,L0A,128,14706,28019,25266,25273,0,0
6005,0,L0A,128,14711,28021,25275,25282,0,0
6007,0,L0A,128,14716,28023,25284,25291,0,0
6010,0,L0A,128,14723,28026,25295,25303,0,0
6012,0,L0A,128,14728,28028,25305,25312,0,0
6014,0,L0A,128,14733,28030,25314,25321,0,0
6016,0,L0A,128,14738,28032,25323,25330,0,0
6018,0,L0A,128,14743,28034,25332,25339,0,0
6020,0,L0A,128,14748,28036,25341,25348,0,0
6022,0,L0A,128,14753,28038,25350,25357,0,0
6024,0,L0A,128,14758,28040,25359,25366,0,0
6026,0,L0A,128,14763,28042,25368,25375,0,0
6028,0,L0A,128,14768,28044,25377,25384,0,0
6030,0,L0A,128,14773,28046,25386,25393,0,0
6032,0,L0A,128,14778,28048,25395,25402,0,0
6034,0,L0A,128,14783,28050,25404,25411,0,0
6036,0,L0A,128,14788,28052,25413,25420,0,0
6038,0,L0A,128,14793,28054,25422,25429,0,0
6040,0,L0A,128,14798,28056,25431,25438,0,0
6043,0,L0A,128,14805,28059,25442,25450,0,0
6045,0,L0A,128,14810,28061,25452,25459,0,0
6047,0,L0A,128,14815,28063,25461,25468,0,0
6049,0,L0A,128,14820,28065,25470,25477,0,0
6051,0,L0A,128,14825,28067,25479,25486,0,0
6053,0,L0A,128,14830,28069,25488,25495,0,0
6055,0,L0A,128,14835,28071,25497,25504,0,0
6057,0,L0A,128,14840,28073,25506,25513,0,0
6059,0,L0A,128,14845,28075,25515,25522,0,0
6061,0,L0A,128,14850,28077,25524,25531,0,0
6063,0,L0A,128,14855,28079,25533,25540,0,0
6065,0,L0A,128,14860,28081,25542,25549,0,0
6067,0,L0A,128,14865,28083,25551,25558,0,0
6069,0,L0A,128,14870,28085,25560,25567,0,0
6071,0,L0A,128,14875,28087,25569,25576,0,0
6073,0,L0A,128,14880,28089,25578,25585,0,0
6076,0,L0A,128,14887,28092,25589,25597,0,0
6078,0,L0A,128,14892,28094,25599,25606,0,0
6080,0,L0A,128,14897,28096,25608,25615,0,0
6082,0,L0A,128,14902,28098,25617,25624,0,0
6084,0,L0A,128,14907,28100,25626,25633,0,0
6086,0,L0A,128,14912,28102,25635,25642,0,0
6088,0,L0A,128,14917,28104,25644,25651,0,0
6090,0,L0A,128,14922,28106,25653,25660,0,0
6092,0,L0A,128,14927,28108,25662,25669,0,0
6094,0,L0A,128,14932,28110,25671,25678,0,0
6096,0,L0A,128,14937,28112,25680,25687,0,0
6098,0,L0A,128,14942,28114,25689,25696,0,0
6100,0,L0A,128,14947,28116,25698,25705,0,0
6102,0,L0A,128,14952,28118,25707,25714,0,0
6104,0,L0A,128,14957,28120,25716,25723,0,0
6106,0,L0A,128,14962,28122,25725,25732,0,0
6109,0,L0A,128,14969,28125,25736,25744,0,0
6111,0,L0A,128,14974,28127,25746,25753,0,0
6113,0,L0A,128,14979,28129,25755,25762,0,0
6115,0,L0A,128,14984,28131,25764,25771,0,0
6117,0,L0A,128,14989,28133,25773,25780,0,0
6119,0,L0A,128,14994,28135,25782,25789,0,0
6121,0,L0A,128,14999,28137,25791,25798,0,0
6123,0,L0A,128,15004,28139,25800,25807,0,0
6125,0,L0A,128,15009,28141,25809,25816,0,0
6127,0,L0A,128,15014,28143,25818,25825,0,0
6129,0,L0A,128,15019,28145,25827,25834,0,0
6131,0,L0A,128,15024,28147,25836,25843,0,0
6133,0,L0A,128,15029,28149,25845,25852,0,0
6135,0,L0A,128,15034,28151,25854,25861,0,0
6137,0,L0A,128,15039,28153,25863,25870,0,0
6139,0,L0A,128,15044,28155,25872,25879,0,0
6142,0,L0A,128,15051,28158,25883,25891,0,0
6144,0,L0A,128,15056,28160,25893,25900,0,0
6146,0,L0A,128,15061,28162,25902,25909,0,0
6148,0,L0A,128,15066,28164,25911,25918,0,0
6150,0,L0A,128,15071,28166,25920,25927,0,0
6152,0,L0A,128,15076,28168,25929,25936,0,0
6154,0,L0A,128,15081,28170,25938,25945,0,0
6156,0,L0A,128,15086,28172,25947,25954,0,0
6158,0,L0A,128,15091,28174,25956,25963,0,0
6160,0,L0A,128,15096,28176,25965,25972,0,0
6162,0,L0A,128,15101,28178,25974,25981,0,0
6164,0,L0A,128,15106,28180,25983,25990,0,0
6166,0,L0A,128,15111,28182,25992,25999,0,0
6168,0,L0A,128,15116,28184,26001,26008,0,0
6170,0,L0A,128,15121,28186,26010,26017,0,0
6172,0,L0A,128,15126,28188,26019,26026,0,0
6175,0,L0A,128,15133,28191,26030,26038,0,0
6177,0,L0A,128,15138,28193,26040,26047,0,0
6179,0,L0A,128,15143,28195,26049,26056,0,0
6181,0,L0A,128,15148,28197,26058,26065,0,0
6183,0,L0A,128,15153,28199,26067,26074,0,0
6185,0,L0A,128,15158,28201,26076,26083,0,0
6187,0,L0A,128,15163,28203,26085,26090,0,0
6189,0,L0A,128,15168,28205,26092,26097,0,0
6191,0,L0A,128,15173,28207,26099,26104,0,0
6193,0,L0A,128,15178,28209,26106,26111,0,0
6195,0,L0A,128,15183,28211,26113,26118,0,0
6197,0,L0A,128,15188,28213,26120,26125,0,0
6199,0,L0A,128,15193,28215,26127,26132,0,0
6201,0,L0A,128,15198,28217,26134,26139,0,0
6203,0,L0A,128,15203,28219,26141,26146,0,0
6205,0,L0A,128,15208,28221,26148,26153,0,0
6208,0,L0A,128,15215,28224,26157,26164,0,0
6210,0,L0A,128,15220,28226,26166,26172,0,0
6212,0,L0A,128,15225,28228,26174,26180,0,0
6214,0,L0A,128,15230,28230,26182,26188,0,0
6216,0,L0A,128,15235,28232,26190,26196,0,0
6218,0,L0A,128,15240,28234,26198,26205,0,0
6220,0,L0A,128,15245,28236,26207,26214,0,0
6222,0,L0A,128,15250,28238,26216,26223,0,0
6224,0,L0A,128,15255,28240,26225,26232,0,0
6226,0,L0A,128,15260,28242,26234,26241,0,0
6228,0,L0A,128,15265,28244,26243,26250,0,0
6230,0,L0A,128,15270,28246,26252,26259,0,0
6232,0,L0A,128,15275,28248,26261,26268,0,0
6234,0,L0A,128,15280,28250,26270,26277,0,0
6236,0,L0A,128,15285,28252,26279,26286,0,0
6238,0,L0A,128,15290,28254,26288,26295,0,0
6242,0,L0A,128,15299,28258,26304,26308,0,0
6245,0,L0A,128,15306,28261,26315,26318,0,0
6248,0,L0A,128,15313,28264,26326,26329,0,0
6251,0,L0A,128,15320,28267,26338,26341,0,0
6254,0,L0A,128,15327,28270,26350,26353,0,0
6257,0,L0A,128,15334,28273,26362,26365,0,0
6260,0,L0A,128,15341,28276,26374,26377,0,0
6263,0,L0A,128,15348,28279,26386,26389,0,0
6266,0,L0A,128,15355,28282,26398,26401,0,0
6269,0,L0A,128,15362,28285,26410,26413,0,0
6272,0,L0A,128,15369,28288,26422,26425,0,0
6275,0,L0A,128,15376,28291,26434,26437,0,0
6278,0,L0A,128,15383,28294,26446,26449,0,0
6281,0,L0A,128,15390,28297,26458,26461,0,0
6284,0,L0A,128,15397,28300,26470,26473,0,0
6287,0,L0A,128,15404,28303,26482,26485,0,0
6290,0,L0A,128,15411,28306,26489,26497,0,0
6292,0,L0A,128,15416,28308,26499,26506,0,0
6294,0,L0A,128,15421,28310,26508,26515,0,0
6296,0,L0A,128,15426,28312,26517,26524,0,0
6298,0,L0A,128,15431,28314,26526,26533,0,0
6300,0,L0A,128,15436,28316,26535,26542,0,0
6302,0,L0A,128,15441,28318,26544,26551,0,0
6304,0,L0A,128,15446,28320,26553,26560,0,0
6306,0,L0A,128,15451,28322,26562,26569,0,0
6308,0,L0A,128,15456,28324,26571,26578,0,0
6310,0,L0A,128,15461,28326,26580,26587,0,0
6312,0,L0A,128,15466,28328,26589,26596,0,0
6314,0,L0A,128,15471,28330,26598,26605,0,0
6316,0,L0A,128,15476,28332,26607,26614,0,0
6318,0,L0A,128,15481,28334,26616,26623,0,0
6320,0,L0A,128,15486,28336,26625,26632,0,0
6323,0,L0A,128,15493,28339,26636,26644,0,0
6325,0,L0A,128,15498,28341,26646,26653,0,0
6327,0,L0A,128,15503,28343,26655,26662,0,0
6329,0,L0A,128,15508,28345,26664,26671,0,0
6331,0,L0A,128,15513,28347,26673,26680,0,0
6333,0,L0A,128,15518,28349,26682,26689,0,0
6335,0,L0A,128,15523,28351,26691,26698,0,0
6337,0,L0A,128,15528,28353,26700,26707,0,0
6339,0,L0A,128,15533,28355,26709,26716,0,0
6341,0,L0A,128,15538,28357,26718,26725,0,0
6343,0,L0A,128,15543,28359,26727,26734,0,0
6345,0,L0A,128,15548,28361,26736,26743,0,0
6347,0,L0A,128,15553,28363,26745,26752,0,0
6349,0,L0A,128,15558,28365,26754,26761,0,0
6351,0,L0A,128,15563,28367,26763,26770,0,0
6353,0,L0A,128,15568,28369,26772,26779,0,0
6356,0,L0A,128,15575,28372,26783,26791,0,0
6358,0,L0A,128,15580,28374,26793,26800,0,0
6360,0,L0A,128,15585,28376,26802,26809,0,0
6362,0,L0A,128,15590,28378,26811,26818,0,0
6364,0,L0A,128,15595,28380,26820,26827,0,0
6366,0,L0A,128,15600,28382,26829,26836,0,0
6368,0,L0A,128,15605,28384,26838,26845,0,0
6370,0,L0A,128,15610,28386,26847,26854,0,0
6372,0,L0A,128,15615,28388,26856,26863,0,0
6374,0,L0A,128,15620,28390,26865,26872,0,0
6376,0,L0A,128,15625,28392,26874,26881,0,0
6378,0,L0A,128,15630,28394,26883,26890,0,0
6380,0,L0A,128,15635,28396,26892,26899,0,0
6382,0,L0A,128,15640,28398,26901,26908,0,0
6384,0,L0A,128,15645,28400,26910,26917,0,0
6386,0,L0A,128,15650,28402,26919,26926,0,0
6389,0,L0A,128,15657,28405,26930,26938,0,0
6391,0,L0A,128,15662,28407,26940,26947,0,0
6393,0,L0A,128,15667,28409,26949,26956,0,0
6395,0,L0A,128,15672,28411,26958,26965,0,0
6397,0,L0A,128,15677,28413,26967,26974,0,0
6399,0,L0A,128,15682,28415,26976,26983,0,0
6401,0,L0A,128,15687,28417,26985,26992,0,0
6403,0,L0A,128,15692,28419,26994,27001,0,0
6405,0,L0A,128,15697,28421,27003,27010,0,0
6407,0,L0A,128,15702,28423,27012,27019,0,0
6409,0,L0A,128,15707,28425,27021,27028,0,0
6411,0,L0A,128,15712,28427,27030,27037,0,0
6413,0,L0A,128,15717,28429,27039,27046,0,0
6415,0,L0A,128,15722,28431,27048,27055,0,0
6417,0,L0A,128,15727,28433,27057,27064,0,0
6419,0,L0A,128,15732,28435,27066,27073,0,0
6422,0,L0A,128,15739,28438,27077,27085,0,0
6424,0,L0A,128,15744,28440,27087,27094,0,0
6426,0,L0A,128,15749,28442,27096,27103,0,0
6428,0,L0A,128,15754,28444,27105,27112,0,0
6430,0,L0A,128,15759,28446,27114,27121,0,0
6432,0,L0A,128,15764,28448,27123,27130,0,0
6434,0,L0A,128,15769,28450,27132,27139,0,0
6436,0,L0A,128,15774,28452,27141,27148,0,0
6438,0,L0A,128,15779,28454,27150,27157,0,0
6440,0,L0A,128,15784,28456,27159,27166,0,0
6442,0,L0A,128,15789,28458,27168,27175,0,0
6444,0,L0A,128,15794,28460,27177,27184,0,0
6446,0,L0A,128,15799,28462,27186,27193,0,0
6448,0,L0A,128,15804,28464,27195,27202,0,0
6450,0,L0A,128,15809,28466,27204,27211,0,0
6452,0,L0A,128,15814,28468,27213,27220,0,0
6455,0,L0A,128,15821,28471,27224,27232,0,0
6457,0,L0A,128,15826,28473,27234,27241,0,0
6459,0,L0A,128,15831,28475,27243,27250,0,0
6461,0,L0A,128,15836,28477,27252,27259,0,0
6463,0,L0A,128,15841,28479,27261,27268,0,0
6465,0,L0A,128,15846,28481,27270,27277,0,0
6467,0,L0A,128,15851,28483,27279,27286,0,0
6469,0,L0A,128,15856,28485,27288,27295,0,0
6471,0,L0A,128,15861,28487,27297,27304,0,0
6473,0,L0A,128,15866,28489,27306,27313,0,0
6475,0,L0A,128,15871,28491,27315,27322,0,0
6477,0,L0A,128,15876,28493,27324,27331,0,0
6479,0,L0A,128,15881,28495,27333,27340,0,0
6481,0,L0A,128,15886,28497,27342,27349,0,0
6483,0,L0A,128,15891,28499,27351,27358,0,0
6485,0,L0A,128,15896,28501,27360,27367,0,0
6488,0,L0A,128,15903,28504,27371,27379,0,0
6490,0,L0A,128,15908,28506,27381,27388,0,0
6492,0,L0A,128,15913,28508,27390,27397,0,0
6494,0,L0A,128,15918,28510,27399,27406,0,0
6496,0,L0A,128,15923,28512,27408,27415,0,0
6498,0,L0A,128,15928,28514,27417,27424,0,0
6500,0,L0A,128,15933,28516,27426,27433,0,0
6502,0,L0A,128,15938,28518,27435,27442,0,0
6504,0,L0A,128,15943,28520,27444,27451,0,0
6506,0,L0A,128,15948,28522,27453,27460,0,0
6508,0,L0A,128,15953,28524,27462,27469,0,0
6510,0,L0A,128,15958,28526,27471,27478,0,0
6512,0,L0A,128,15963,28528,27480,27487,0,0
6514,0,L0A,128,15968,28530,27489,27496,0,0
6516,0,L0A,128,15973,28532,27498,27505,0,0
6518,0,L0A,128,15978,28534,27507,27514,0,0
6521,0,L0A,128,15985,28537,27518,27526,0,0
6523,0,L0A,128,15990,28539,27528,27535,0,0
6525,0,L0A,128,15995,28541,27537,27544,0,0
6527,0,L0A,128,16000,28543,27546,27553,0,0
6529,0,L0A,128,16005,28545,27555,27562,0,0
6531,0,L0A,128,16010,28547,27564,27571,0,0
6533,0,L0A,128,16015,28549,27573,27580,0,0
6535,0,L0A,128,16020,28551,27582,27589,0,0
6537,0,L0A,128,16025,28553,27591,27598,0,0
6539,0,L0A,128,16030,28555,27600,27607,0,0
6541,0,L0A,128,16035,28557,27609,27616,0,0
6543,0,L0A,128,16040,28559,27618,27625,0,0
6545,0,L0A,128,16045,28561,27627,27634,0,0
6547,0,L0A,128,16050,28563,27636,27643,0,0
6549,0,L0A,128,16055,28565,27645,27652,0,0
6551,0,L0A,128,16060,28567,27654,27661,0,0
6554,0,L0A,128,16067,28570,27665,27673,0,0
6556,0,L0A,128,16072,28572,27675,27682,0,0
6558,0,L0A,128,16077,28574,27684,27691,0,0
6560,0,L0A,128,16082,28576,27693,27700,0,0
6562,0,L0A,128,16087,28578,27702,27709,0,0
6564,0,L0A,128,16092,28580,27711,27718,0,0
6566,0,L0A,128,16097,28582,27720,27727,0,0
6568,0,L0A,128,16102,28584,27729,27736,0,0
6570,0,L0A,128,16107,28586,27738,27745,0,0
6572,0,L0A,128,16112,28588,27747,27754,0,0
6574,0,L0A,128,16117,28590,27756,27763,0,0
6576,0,L0A,128,16122,28592,27765,27772,0,0
6578,0,L0A,128,16127,28594,27774,27781,0,0
6580,0,L0A,128,16132,28596,27783,27790,0,0
6582,0,L0A,128,16137,28598,27792,27799,0,0
6584,0,L0A,128,16142,28600,27801,27808,0,0
6587,0,L0A,128,16149,28603,27812,27820,0,0
6589,0,L0A,128,16154,28605,27822,27829,0,0
6591,0,L0A,128,16159,28607,27831,27838,0,0
6593,0,L0A,128,16164,28609,27840,27847,0,0
6595,0,L0A,128,16169,28611,27849,27856,0,0
6597,0,L0A,128,16174,28613,27858,27865,0,0
6599,0,L0A,128,16179,28615,27867,27874,0,0
6601,0,L0A,128,16184,28617,27876,27883,0,0
6603,0,L0A,128,16189,28619,27885,27892,0,0
6605,0,L0A,128,16194,28621,27894,27901,0,0
6607,0,L0A,128,16199,28623,27903,27910,0,0
6609,0,L0A,128,16204,28625,27912,27919,0,0
6611,0,L0A,128,16209,28627,27921,27928,0,0
6613,0,L0A,128,16214,28629,27930,27937,0,0
6615,0,L0A,128,16219,28631,27939,27946,0,0
6617,0,L0A,128,16224,28633,27948,27955,0,0
6620,0,L0A,128,16231,28636,27959,27967,0,0
6622,0,L0A,128,16236,28638,27969,27976,0,0
6624,0,L0A,128,16241,28640,27978,27985,0,0
6626,0,L0A,128,16246,28642,27987,27994,0,0
6628,0,L0A,128,16251,28644,27996,28003,0,0
6630,0,L0A,128,16256,28646,28005,28012,0,0
6632,0,L0A,128,16261,28648,28014,28021,0,0
6634,0,L0A,128,16266,28650,28023,28030,0,0
6636,0,L0A,128,16271,28652,28032,28039,0,0
6638,0,L0A,128,16276,28654,28041,28048,0,0
6640,0,L0A,128,16281,28656,28050,28057,0,0
6642,0,L0A,128,16286,28658,28059,28066,0,0
6644,0,L0A,128,16291,28660,28068,28075,0,0
6646,0,L0A,128,16296,28662,28077,28084,0,0
6648,0,L0A,128,16301,28664,28086,28093,0,0
6650,0,L0A,128,16306,28666,28095,28102,0,0
6653,0,L0A,128,16313,28669,28106,28114,0,0
6655,0,L0A,128,16318,28671,28116,28123,0,0
6657,0,L0A,128,16323,28673,28125,28132,0,0
6659,0,L0A,128,16328,28675,28134,28141,0,0
6661,0,L0A,128,16333,28677,28143,28150,0,0
6663,0,L0A,128,16338,28679,28152,28159,0,0
6665,0,L0A,128,16343,28681,28161,28168,0,0
6667,0,L0A,128,16348,28683,28170,28177,0,0
6669,0,L0A,128,16353,28685,28179,28186,0,0
6671,0,L0A,128,16358,28687,28188,28195,0,0
6673,0,L0A,128,16363,28689,28197,28204,0,0
6675,0,L0A,128,16368,28691,28206,28213,0,0
6677,0,L0A,128,16373,28693,28215,28222,0,0
6679,0,L0A,128,16378,28695,28224,28231,0,0
6681,0,L0A,128,16383,28697,28233,28240,0,0
6683,0,L0A,128,16388,28699,28242,28249,0,0
6686,0,L0A,128,16395,28702,28253,28261,0,0
6688,0,L0A,128,16400,28704,28263,28270,0,0
6690,0,L0A,128,16405,28706,28272,28279,0,0
6692,0,L0A,128,16410,28708,28281,28288,0,0
6694,0,L0A,128,16415,28710,28290,28297,0,0
6696,0,L0A,128,16420,28712,28299,28306,0,0
6698,0,L0A,128,16425,28714,28308,28315,0,0
6700,0,L0A,128,16430,28716,28317,28324,0,0
6702,0,L0A,128,16435,28718,28326,28333,0,0
6704,0,L0A,128,16440,28720,28335,28342,0,0
6706,0,L0A,128,16445,28722,28344,28351,0,0
6708,0,L0A,128,16450,28724,28353,28360,0,0
6710,0,L0A,128,16455,28726,28362,28369,0,0
6712,0,L0A,128,16460,28728,28371,28378,0,0
6714,0,L0A,128,16465,28730,28380,28387,0,0
6716,0,L0A,128,16470,28732,28389,28396,0,0
6719,0,L0A,128,16477,28735,28400,28408,0,0
6721,0,L0A,128,16482,28737,28410,28417,0,0
6723,0,L0A,128,16487,28739,28419,28426,0,0
6725,0,L0A,128,16492,28741,28428,28435,0,0
6727,0,L0A,128,16497,28743,28437,28444,0,0
6729,0,L0A,128,16502,28745,28446,28451,0,0
6731,0,L0A,128,16507,28747,28453,28458,0,0
6733,0,L0A,128,16512,28749,28460,28465,0,0
6735,0,L0A,128,16517,28751,28467,28472,0,0
6737,0,L0A,128,16522,28753,28474,28479,0,0
6739,0,L0A,128,16527,28755,28481,28486,0,0
6741,0,L0A,128,16532,28757,28488,28493,0,0
6743,0,L0A,128,16537,28759,28495,28500,0,0
6745,0,L0A,128,16542,28761,28502,28507,0,0
6747,0,L0A,128,16547,28763,28509,28514,0,0
6749,0,L0A,128,16552,28765,28516,28521,0,0
6752,0,L0A,128,16559,28768,28525,28532,0,0
6754,0,L0A,128,16564,28770,28534,28540,0,0
6756,0,L0A,128,16569,28772,28542,28548,0,0
6758,0,L0A,128,16574,28774,28550,28556,0,0
6760,0,L0A,128,16579,28776,28558,28565,0,0
6762,0,L0A,128,16584,28778,28567,28574,0,0
6764,0,L0A,128,16589,28780,28576,28583,0,0
6766,0,L0A,128,16594,28782,28585,28592,0,0
6768,0,L0A,128,16599,28784,28594,28601,0,0
6770,0,L0A,128,16604,28786,28603,28610,0,0
6772,0,L0A,128,16609,28788,28612,28619,0,0
6774,0,L0A,128,16614,28790,28621,28628,0,0
6776,0,L0A,128,16619,28792,28630,28637,0,0
6778,0,L0A,128,16624,28794,28639,28646,0,0
6780,0,L0A,128,16629,28796,28648,28655,0,0
6782,0,L0A,128,16634,28798,28657,28664,0,0
6786,0,L0A,128,16643,28802,28673,28677,0,0
6789,0,L0A,128,16650,28805,28684,28687,0,0
6792,0,L0A,128,16657,28808,28696,28699,0,0
6795,0,L0A,128,16664,28811,28708,28711,0,0
6798,0,L0A,128,16671,28814,28720,28723,0,0
6801,0,L0A,128,16678,28817,28732,28735,0,0
6804,0,L0A,128,16685,28820,28744,28747,0,0
6807,0,L0A,128,16692,28823,28756,28759,0,0
6810,0,L0A,128,16699,28826,28768,28771,0,0
6813,0,L0A,128,16706,28829,28780,28783,0,0
6816,0,L0A,128,16713,28832,28792,28795,0,0
6819,0,L0A,128,16720,28835,28804,28807,0,0
6822,0,L0A,128,16727,28838,28816,28819,0,0
6825,0,L0A,128,16734,28841,28828,28831,0,0
6828,0,L0A,128,16741,28844,28840,28843,0,0
6831,0,L0A,128,16748,28847,28852,28855,0,0
6834,0,L0A,128,16755,28850,28859,28867,0,0
6836,0,L0A,128,16760,28852,28869,28876,0,0
6838,0,L0A,128,16765,28854,28878,28885,0,0
6840,0,L0A,128,16770,28856,28887,28894,0,0
6842,0,L0A,128,16775,28858,28896,28903,0,0
6844,0,L0A,128,16780,28860,28905,28912,0,0
6846,0,L0A,128,16785,28862,28914,28921,0,0
6848,0,L0A,128,16790,28864,28923,28930,0,0
6850,0,L0A,128,16795,28866,28932,28939,0,0
6852,0,L0A,128,16800,28868,28941,28948,0,0
6854,0,L0A,128,16805,28870,28950,28957,0,0
6856,0,L0A,128,16810,28872,28959,28966,0,0
6858,0,L0A,128,16815,28874,28968,28975,0,0
6860,0,L0A,128,16820,28876,28977,28984,0,0
6862,0,L0A,128,16825,28878,28986,28993,0,0
6864,0,L0A,128,16830,28880,28995,29002,0,0
6867,0,L0A,128,16837,28883,29006,29014,0,0
6869,0,L0A,128,16842,28885,29016,29023,0,0
6871,0,L0A,128,16847,28887,29025,29032,0,0
6873,0,L0A,128,16852,28889,29034,29041,0,0
6875,0,L0A,128,16857,28891,29043,29050,0,0
6877,0,L0A,128,16862,28893,29052,29059,0,0
6879,0,L0A,128,16867,28895,29061,29068,0,0
6881,0,L0A,128,16872,28897,29070,29077,0,0
6883,0,L0A,128,16877,28899,29079,29086,0,0
6885,0,L0A,128,16882,28901,29088,29095,0,0
6887,0,L0A,128,16887,28903,29097,29104,0,0
6889,0,L0A,128,16892,28905,29106,29113,0,0
6891,0,L0A,128,16897,28907,29115,29122,0,0
6893,0,L0A,128,16902,28909,29124,29131,0,0
6895,0,L0A,128,16907,28911,29133,29140,0,0
6897,0,L0A,128,16912,28913,29142,29149,0,0
6900,0,L0A,128,16919,28916,29153,29161,0,0
6902,0,L0A,128,16924,28918,29163,29170,0,0
6904,0,L0A,128,16929,28920,29172,29179,0,0
6906,0,L0A,128,16934,28922,29181,29188,0,0
6908,0,L0A,128,16939,28924,29190,29197,0,0
6910,0,L0A,128,16944,28926,29199,29206,0,0
6912,0,L0A,128,16949,28928,29208,29215,0,0
6914,0,L0A,128,16954,28930,29217,29224,0,0
6916,0,L0A,128,16959,28932,29226,29233,0,0
6918,0,L0A,128,16964,28934,29235,29242,0,0
6920,0,L0A,128,16969,28936,29244,29251,0,0
6922,0,L0A,128,16974,28938,29253,29260,0,0
6924,0,L0A,128,16979,28940,29262,29269,0,0
6926,0,L0A,128,16984,28942,29271,29278,0,0
6928,0,L0A,128,16989,28944,29280,29287,0,0
6930,0,L0A,128,16994,28946,29289,29296,0,0
6933,0,L0A,128,17001,28949,29300,29308,0,0
6935,0,L0A,128,17006,28951,29310,29317,0,0
6937,0,L0A,128,17011,28953,29319,29326,0,0
6939,0,L0A,128,17016,28955,29328,29335,0,0
6941,0,L0A,128,17021,28957,29337,29344,0,0
6943,0,L0A,128,17026,28959,29346,29353,0,0
6945,0,L0A,128,17031,28961,29355,29362,0,0
6947,0,L0A,128,17036,28963,29364,29371,0,0
6949,0,L0A,128,17041,28965,29373,29380,0,0
6951,0,L0A,128,17046,28967,29382,29389,0,0
6953,0,L0A,128,17051,28969,29391,29398,0,0
6955,0,L0A,128,17056,28971,29400,29407,0,0
6957,0,L0A,128,17061,28973,29409,29416,0,0
6959,0,L0A,128,17066,28975,29418,29425,0,0
6961,0,L0A,128,17071,28977,29427,29434,0,0
6963,0,L0A,128,17076,28979,29436,29443,0,0
6966,0,L0A,128,17083,28982,29447,29455,0,0
6968,0,L0A,128,17088,28984,29457,29464,0,0
6970,0,L0A,128,17093,28986,29466,29473,0,0
6972,0,L0A,128,17098,28988,29475,29482,0,0
6974,0,L0A,128,17103,28990,29484,29491,0,0
6976,0,L0A,128,17108,28992,29493,29500,0,0
6978,0,L0A,128,17113,28994,29502,29509,0,0
6980,0,L0A,128,17118,28996,29511,29518,0,0
6982,0,L0A,128,17123,28998,29520,29527,0,0
6984,0,L0A,128,17128,29000,29529,29536,0,0
6986,0,L0A,128,17133,29002,29538,29545,0,0
6988,0,L0A,128,17138,29004,29547,29554,0,0
6990,0,L0A,128,17143,29006,29556,29563,0,0
6992,0,L0A,128,17148,29008,29565,29572,0,0
6994,0,L0A,128,17153,29010,29574,29581,0,0
6996,0,L0A,128,17158,29012,29583,29590,0,0
6999,0,L0A,128,17165,29015,29594,29602,0,0
7001,0,L0A,128,17170,29017,29604,29611,0,0
7003,0,L0A,128,17175,29019,29613,29620,0,0
7005,0,L0A,128,17180,29021,29622,29629,0,0
7007,0,L0A,128,17185,29023,29631,29638,0,0
7009,0,L0A,128,17190,29025,29640,29647,0,0
7011,0,L0A,128,17195,29027,29649,29656,0,0
7013,0,L0A,128,17200,29029,29658,29665,0,0
7015,0,L0A,128,17205,29031,29667,29674,0,0
7017,0,L0A,128,17210,29033,29676,29683,0,0
7019,0,L0A,128,17215,29035,29685,29692,0,0
7021,0,L0A,128,17220,29037,29694,29701,0,0
7023,0,L0A,128,17225,29039,29703,29710,0,0
7025,0,L0A,128,17230,29041,29712,29719,0,0
7027,0,L0A,128,17235,29043,29721,29728,0,0
7029,0,L0A,128,17240,29045,29730,29737,0,0
7032,0,L0A,128,17247,29048,29741,29749,0,0
7034,0,L0A,128,17252,29050,29751,29758,0,0
7036,0,L0A,128,17257,29052,29760,29767,0,0
7038,0,L0A,128,17262,29054,29769,29776,0,0
7040,0,L0A,128,17267,29056,29778,29785,0,0
7042,0,L0A,128,17272,29058,29787,29794,0,0
7044,0,L0A,128,17277,29060,29796,29803,0,0
7046,0,L0A,128,17282,29062,29805,29812,0,0
7048,0,L0A,128,17287,29064,29814,29821,0,0
7050,0,L0A,128,17292,29066,29823,29830,0,0
7052,0,L0A,128,17297,29068,29832,29839,0,0
7054,0,L0A,128,17302,29070,29841,29848,0,0
7056,0,L0A,128,17307,29072,29850,29857,0,0
7058,0,L0A,128,17312,29074,29859,29866,0,0
7060,0,L0A,128,17317,29076,29868,29875,0,0
7062,0,L0A,128,17322,29078,29877,29884,0,0
7065,0,L0A,128,17329,29081,29888,29896,0,0
7067,0,L0A,128,17334,29083,29898,29905,0,0
7069,0,L0A,128,17339,29085,29907,29914,0,0
7071,0,L0A,128,17344,29087,29916,29923,0,0
7073,0,L0A,128,17349,29089,29925,29932,0,0
7075,0,L0A,128,17354,29091,29934,29941,0,0
7077,0,L0A,128,17359,29093,29943,29950,0,0
7079,0,L0A,128,17364,29095,29952,29959,0,0
7081,0,L0A,128,17369,29097,29961,29968,0,0
7083,0,L0A,128,17374,29099,29970,29977,0,0
7085,0,L0A,128,17379,29101,29979,29986,0,0
7087,0,L0A,128,17384,29103,29988,29995,0,0
7089,0,L0A,128,17389,29105,29997,30004,0,0
7091,0,L0A,128,17394,29107,30006,30013,0,0
7093,0,L0A,128,17399,29109,30015,30022,0,0
7095,0,L0A,128,17404,29111,30024,30031,0,0
7098,0,L0A,128,17411,29114,30035,30043,0,0
7100,0,L0A,128,17416,29116,30045,30052,0,0
7102,0,L0A,128,17421,29118,30054,30061,0,0
7104,0,L0A,128,17426,29120,30063,30070,0,0
7106,0,L0A,128,17431,29122,30072,30079,0,0
7108,0,L0A,128,17436,29124,30081,30088,0,0
7110,0,L0A,128,17441,29126,30090,30097,0,0
7112,0,L0A,128,17446,29128,30099,30106,0,0
7114,0,L0A,128,17451,29130,30108,30115,0,0
7116,0,L0A,128,17456,29132,30117,30124,0,0
7118,0,L0A,128,17461,29134,30126,30133,0,0
7120,0,L0A,128,17466,29136,30135,30142,0,0
7122,0,L0A,128,17471,29138,30144,30151,0,0
7124,0,L0A,128,17476,29140,30153,30160,0,0
7126,0,L0A,128,17481,29142,30162,30169,0,0
7128,0,L0A,128,17486,29144,30171,30178,0,0
7131,0,L0A,128,17493,29147,30182,30190,0,0
7133,0,L0A,128,17498,29149,30192,30199,0,0
7135,0,L0A,128,17503,29151,30201,30208,0,0
7137,0,L0A,128,17508,29153,30210,30217,0,0
7139,0,L0A,128,17513,29155,30219,30226,0,0
7141,0,L0A,128,17518,29157,30228,30235,0,0
7143,0,L0A,128,17523,29159,30237,30244,0,0
7145,0,L0A,128,17528,29161,30246,30253,0,0
7147,0,L0A,128,17533,29163,30255,30262,0,0
7149,0,L0A,128,17538,29165,30264,30271,0,0
7151,0,L0A,128,17543,29167,30273,30280,0,0
7153,0,L0A,128,17548,29169,30282,30289,0,0
7155,0,L0A,128,17553,29171,30291,30298,0,0
7157,0,L0A,128,17558,29173,30300,30307,0,0
7159,0,L0A,128,17563,29175,30309,30316,0,0
7161,0,L0A,128,17568,29177,30318,30325,0,0
7164,0,L0A,128,17575,29180,30329,30337,0,0
7166,0,L0A,128,17580,29182,30339,30346,0,0
7168,0,L0A,128,17585,29184,30348,30355,0,0
7170,0,L0A,128,17590,29186,30357,30364,0,0
7172,0,L0A,128,17595,29188,30366,30373,0,0
7174,0,L0A,128,17600,29190,30375,30382,0,0
7176,0,L0A,128,17605,29192,30384,30391,0,0
7178,0,L0A,128,17610,29194,30393,30400,0,0
7180,0,L0A,128,17615,29196,30402,30409,0,0
7182,0,L0A,128,17620,29198,30411,30418,0,0
7184,0,L0A,128,17625,29200,30420,30427,0,0
7186,0,L0A,128,17630,29202,30429,30436,0,0
7188,0,L0A,128,17635,29204,30438,30445,0,0
7190,0,L0A,128,17640,29206,30447,30454,0,0
7192,0,L0A,128,17645,29208,30456,30463,0,0
7194,0,L0A,128,17650,29210,30465,30472,0,0
7197,0,L0A,128,17657,29213,30476,30484,0,0
7199,0,L0A,128,17662,29215,30486,30493,0,0
7201,0,L0A,128,17667,29217,30495,30502,0,0
7203,0,L0A,128,17672,29219,30504,30511,0,0
7205,0,L0A,128,17677,29221,30513,30520,0,0
7207,0,L0A,128,17682,29223,30522,30529,0,0
7209,0,L0A,128,17687,29225,30531,30538,0,0
7211,0,L0A,128,17692,29227,30540,30547,0,0
7213,0,L0A,128,17697,29229,30549,30556,0,0
7215,0,L0A,128,17702,29231,30558,30565,0,0
7217,0,L0A,128,17707,29233,30567,30574,0,0
7219,0,L0A,128,17712,29235,30576,30583,0,0
7221,0,L0A,128,17717,29237,30585,30592,0,0
7223,0,L0A,128,17722,29239,30594,30601,0,0
7225,0,L0A,128,17727,29241,30603,30610,0,0
7227,0,L0A,128,17732,29243,30612,30619,0,0
7230,0,L0A,128,17739,29246,30623,30631,0,0
7232,0,L0A,128,17744,29248,30633,30640,0,0
7234,0,L0A,128,17749,29250,30642,30649,0,0
7236,0,L0A,128,17754,29252,30651,30658,0,0
7238,0,L0A,128,17759,29254,30660,30667,0,0
7240,0,L0A,128,17764,29256,30669,30676,0,0
7242,0,L0A,128,17769,29258,30678,30685,0,0
7244,0,L0A,128,17774,29260,30687,30694,0,0
7246,0,L0A,128,17779,29262,30696,30703,0,0
7248,0,L0A,128,17784,29264,30705,30712,0,0
7250,0,L0A,128,17789,29266,30714,30721,0,0
7252,0,L0A,128,17794,29268,30723,30730,0,0
7254,0,L0A,128,17799,29270,30732,30739,0,0
7256,0,L0A,128,17804,29272,30741,30748,0,0
7258,0,L0A,128,17809,29274,30750,30757,0,0
7260,0,L0A,128,17814,29276,30759,30766,0,0
7263,0,L0A,128,17821,29279,30770,30778,0,0
7265,0,L0A,128,17826,29281,30780,30787,0,0
7267,0,L0A,128,17831,29283,30789,30796,0,0
7269,0,L0A,128,17836,29285,30798,30805,0,0
7271,0,L0A,128,17841,29287,30807,30812,0,0
7273,0,L0A,128,17846,29289,30814,30819,0,0
7275,0,L0A,128,17851,29291,30821,30826,0,0
7277,0,L0A,128,17856,29293,30828,30833,0,0
7279,0,L0A,128,17861,29295,30835,30840,0,0
7281,0,L0A,128,17866,29297,30842,30847,0,0
7283,0,L0A,128,17871,29299,30849,30854,0,0
7285,0,L0A,128,17876,29301,30856,30861,0,0
7287,0,L0A,128,17881,29303,30863,30868,0,0
7289,0,L0A,128,17886,29305,30870,30875,0,0
7291,0,L0A,128,17891,29307,30877,30882,0,0
7293,0,L0A,128,17896,29309,30884,30889,0,0
7296,0,L0A,128,17903,29312,30893,30900,0,0
7298,0,L0A,128,17908,29314,30902,30908,0,0
7300,0,L0A,128,17913,29316,30910,30916,0,0
7302,0,L0A,128,17918,29318,30918,30925,0,0
7304,0,L0A,128,17923,29320,30927,30934,0,0
7306,0,L0A,128,17928,29322,30936,30943,0,0
7308,0,L0A,128,17933,29324,30945,30952,0,0
7310,0,L0A,128,17938,29326,30954,30961,0,0
7312,0,L0A,128,17943,29328,30963,30970,0,0
7314,0,L0A,128,17948,29330,30972,30979,0,0
7316,0,L0A,128,17953,29332,30981,30988,0,0
7318,0,L0A,128,17958,29334,30990,30997,0,0
7320,0,L0A,128,17963,29336,30999,31006,0,0
7322,0,L0A,128,17968,29338,31008,31015,0,0
7324,0,L0A,128,17973,29340,31017,31024,0,0
7326,0,L0A,128,17978,29342,31026,31033,0,0
7330,0,L0A,128,17987,29346,31042,31046,0,0
7333,0,L0A,128,17994,29349,31054,31057,0,0
7336,0,L0A,128,18001,29352,31066,31069,0,0
7339,0,L0A,128,18008,29355,31078,31081,0,0
7342,0,L0A,128,18015,29358,31090,31093,0,0
7345,0,L0A,128,18022,29361,31102,31105,0,0
7348,0,L0A,128,18029,29364,31114,31117,0,0
7351,0,L0A,128,18036,29367,31126,31129,0,0
7354,0,L0A,128,18043,29370,31138,31141,0,0
7357,0,L0A,128,18050,29373,31150,31153,0,0
7360,0,L0A,128,18057,29376,31162,31165,0,0
7363,0,L0A,128,18064,29379,31174,31177,0,0
7366,0,L0A,128,18071,29382,31186,31189,0,0
7369,0,L0A,128,18078,29385,31198,31201,0,0
7372,0,L0A,128,18085,29388,31210,31213,0,0
7375,0,L0A,128,18092,29391,31222,31225,0,0
7378,0,L0A,128,18099,29394,31229,31237,0,0
7380,0,L0A,128,18104,29396,31239,31246,0,0
7382,0,L0A,128,18109,29398,31248,31255,0,0
7384,0,L0A,128,18114,29400,31257,31264,0,0
7386,0,L0A,128,18119,29402,31266,31273,0,0
7388,0,L0A,128,18124,29404,31275,31282,0,0
7390,0,L0A,128,18129,29406,31284,31291,0,0
7392,0,L0A,128,18134,29408,31293,31300,0,0
7394,0,L0A,128,18139,29410,31302,31309,0,0
7396,0,L0A,128,18144,29412,31311,31318,0,0
7398,0,L0A,128,18149,29414,31320,31327,0,0
7400,0,L0A,128,18154,29416,31329,31336,0,0
7402,0,L0A,128,18159,29418,31338,31345,0,0
7404,0,L0A,128,18164,29420,31347,31354,0,0
7406,0,L0A,128,18169,29422,31356,31363,0,0
7408,0,L0A,128,18174,29424,31365,31372,0,0
7411,0,L0A,128,18181,29427,31376,31384,0,0
7413,0,L0A,128,18186,29429,31386,31393,0,0
7415,0,L0A,128,18191,29431,31395,31402,0,0
7417,0,L0A,128,18196,29433,31404,31411,0,0
7419,0,L0A,128,18201,29435,31413,31420,0,0
7421,0,L0A,128,18206,29437,31422,31429,0,0
7423,0,L0A,128,18211,29439,31431,31438,0,0
7425,0,L0A,128,18216,29441,31440,31447,0,0
7427,0,L0A,128,18221,29443,31449,31456,0,0
7429,0,L0A,128,18226,29445,31458,31465,0,0
7431,0,L0A,128,18231,29447,31467,31474,0,0
7433,0,L0A,128,18236,29449,31476,31483,0,0
7435,0,L0A,128,18241,29451,31485,31492,0,0
7437,0,L0A,128,18246,29453,31494,31501,0,0
7439,0,L0A,128,18251,29455,31503,31510,0,0
7441,0,L0A,128,18256,29457,31512,31519,0,0
7444,0,L0A,128,18263,29460,31523,31531,0,0
7446,0,L0A,128,18268,29462,31533,31540,0,0
7448,0,L0A,128,18273,29464,31542,31549,0,0
7450,0,L0A,128,18278,29466,31551,31558,0,0
7452,0,L0A,128,18283,29468,31560,31567,0,0
7454,0,L0A,128,18288,29470,31569,31576,0,0
7456,0,L0A,128,18293,29472,31578,31585,0,0
7458,0,L0A,128,18298,29474,31587,31594,0,0
7460,0,L0A,128,18303,29476,31596,31603,0,0
7462,0,L0A,128,18308,29478,31605,31612,0,0
7464,0,L0A,128,18313,29480,31614,31621,0,0
7466,0,L0A,128,18318,29482,31623,31630,0,0
7468,0,L0A,128,18323,29484,31632,31639,0,0
7470,0,L0A,128,18328,29486,31641,31648,0,0
7472,0,L0A,128,18333,29488,31650,31657,0,0
7474,0,L0A,128,18338,29490,31659,31666,0,0
7477,0,L0A,128,18345,29493,31670,31678,0,0
7479,0,L0A,128,18350,29495,31680,31687,0,0
7481,0,L0A,128,18355,29497,31689,31696,0,0
7483,0,L0A,128,18360,29499,31698,31705,0,0
7485,0,L0A,128,18365,29501,31707,31714,0,0
7487,0,L0A,128,18370,29503,31716,31723,0,0
7489,0,L0A,128,18375,29505,31725,31732,0,0
7491,0,L0A,128,18380,29507,31734,31741,0,0
7493,0,L0A,128,18385,29509,31743,31750,0,0
7495,0,L0A,128,18390,29511,31752,31759,0,0
7497,0,L0A,128,18395,29513,31761,31768,0,0
7499,0,L0A,128,18400,29515,31770,31777,0,0
7501,0,L0A,128,18405,29517,31779,31786,0,0
7503,0,L0A,128,18410,29519,31788,31795,0,0
7505,0,L0A,128,18415,29521,31797,31804,0,0
7507,0,L0A,128,18420,29523,31806,31813,0,0
7510,0,L0A,128,18427,29526,31817,31825,0,0
7512,0,L0A,128,18432,29528,31827,31834,0,0
7514,0,L0A,128,18437,29530,31836,31843,0,0
7516,0,L0A,128,18442,29532,31845,31852,0,0
7518,0,L0A,128,18447,29534,31854,31861,0,0
7520,0,L0A,128,18452,29536,31863,31870,0,0
7522,0,L0A,128,18457,29538,31872,31879,0,0
7524,0,L0A,128,18462,29540,31881,31888,0,0
7526,0,L0A,128,18467,29542,31890,31897,0,0
7528,0,L0A,128,18472,29544,31899,31906,0,0
7530,0,L0A,128,18477,29546,31908,31915,0,0
7532,0,L0A,128,18482,29548,31917,31924,0,0
7534,0,L0A,128,18487,29550,31926,31933,0,0
7536,0,L0A,128,18492,29552,31935,31942,0,0
7538,0,L0A,128,18497,29554,31944,31951,0,0
7540,0,L0A,128,18502,29556,31953,31960,0,0
7543,0,L0A,128,18509,29559,31964,31972,0,0
7545,0,L0A,128,18514,29561,31974,31981,0,0
7547,0,L0A,128,18519,29563,31983,31990,0,0
7549,0,L0A,128,18524,29565,31992,31999,0,0
7551,0,L0A,128,18529,29567,32001,32008,0,0
7553,0,L0A,128,18534,29569,32010,32017,0,0
7555,0,L0A,128,18539,29571,32019,32026,0,0
7557,0,L0A,128,18544,29573,32028,32035,0,0
7559,0,L0A,128,18549,29575,32037,32044,0,0
7561,0,L0A,128,18554,29577,32046,32053,0,0
7563,0,L0A,128,18559,29579,32055,32062,0,0
7565,0,L0A,128,18564,29581,32064,32071,0,0
7567,0,L0A,128,18569,29583,32073,32080,0,0
7569,0,L0A,128,18574,29585,32082,32089,0,0
7571,0,L0A,128,18579,29587,32091,32098,0,0
7573,0,L0A,128,18584,29589,32100,32107,0,0
7576,0,L0A,128,18591,29592,32111,32119,0,0
7578,0,L0A,128,18596,29594,32121,32128,0,0
7580,0,L0A,128,18601,29596,32130,32137,0,0
7582,0,L0A,128,18606,29598,32139,32146,0,0
7584,0,L0A,128,18611,29600,32148,32155,0,0
7586,0,L0A,128,18616,29602,32157,32164,0,0
7588,0,L0A,128,18621,29604,32166,32173,0,0
7590,0,L0A,128,18626,29606,32175,32182,0,0
7592,0,L0A,128,18631,29608,32184,32191,0,0
7594,0,L0A,128,18636,29610,32193,32200,0,0
7596,0,L0A,128,18641,29612,32202,32209,0,0
7598,0,L0A,128,18646,29614,32211,32218,0,0
7600,0,L0A,128,18651,29616,32220,32227,0,0
7602,0,L0A,128,18656,29618,32229,32236,0,0
7604,0,L0A,128,18661,29620,32238,32245,0,0
7606,0,L0A,128,18666,29622,32247,32254,0,0
7609,0,L0A,128,18673,29625,32258,32266,0,0
7611,0,L0A,128,18678,29627,32268,32275,0,0
7613,0,L0A,128,18683,29629,32277,32284,0,0
7615,0,L0A,128,18688,29631,32286,32293,0,0
7617,0,L0A,128,18693,29633,32295,32302,0,0
7619,0,L0A,128,18698,29635,32304,32311,0,0
7621,0,L0A,128,18703,29637,32313,32320,0,0
7623,0,L0A,128,18708,29639,32322,32329,0,0
7625,0,L0A,128,18713,29641,32331,32338,0,0
7627,0,L0A,128,18718,29643,32340,32347,0,0
7629,0,L0A,128,18723,29645,32349,32356,0,0
7631,0,L0A,128,18728,29647,32358,32365,0,0
7633,0,L0A,128,18733,29649,32367,32374,0,0
7635,0,L0A,128,18738,29651,32376,32383,0,0
7637,0,L0A,128,18743,29653,32385,32392,0,0
7639,0,L0A,128,18748,29655,32394,32401,0,0
7642,0,L0A,128,18755,29658,32405,32413,0,0
7644,0,L0A,128,18760,29660,32415,32422,0,0
7646,0,L0A,128,18765,29662,32424,32431,0,0
7648,0,L0A,128,18770,29664,32433,32440,0,0
7650,0,L0A,128,18775,29666,32442,32449,0,0
7652,0,L0A,128,18780,29668,32451,32458,0,0
7654,0,L0A,128,18785,29670,32460,32467,0,0
7656,0,L0A,128,18790,29672,32469,32476,0,0
7658,0,L0A,128,18795,29674,32478,32485,0,0
7660,0,L0A,128,18800,29676,32487,32494,0,0
7662,0,L0A,128,18805,29678,32496,32503,0,0
7664,0,L0A,128,18810,29680,32505,32512,0,0
7666,0,L0A,128,18815,29682,32514,32521,0,0
7668,0,L0A,128,18820,29684,32523,32530,0,0
7670,0,L0A,128,18825,29686,32532,32539,0,0
7672,0,L0A,128,18830,29688,32541,32548,0,0
7675,0,L0A,128,18837,29691,32552,32560,0,0
7677,0,L0A,128,18842,29693,32562,32569,0,0
7679,0,L0A,128,18847,29695,32571,32578,0,0
7681,0,L0A,128,18852,29697,32580,32587,0,0
7683,0,L0A,128,18857,29699,32589,32596,0,0
7685,0,L0A,128,18862,29701,32598,32605,0,0
7687,0,L0A,128,18867,29703,32607,32614,0,0
7689,0,L0A,128,18872,29705,32616,32623,0,0
7691,0,L0A,128,18877,29707,32625,32632,0,0
7693,0,L0A,128,18882,29709,32634,32641,0,0
7695,0,L0A,128,18887,29711,32643,32650,0,0
7697,0,L0A,128,18892,29713,32652,32659,0,0
7699,0,L0A,128,18897,29715,32661,32668,0,0
7701,0,L0A,128,18902,29717,32670,32677,0,0
7703,0,L0A,128,18907,29719,32679,32686,0,0
7705,0,L0A,128,18912,29721,32688,32695,0,0
7708,0,L0A,128,18919,29724,32699,32707,0,0
7710,0,L0A,128,18924,29726,32709,32716,0,0
7712,0,L0A,128,18929,29728,32718,32725,0,0
7714,0,L0A,128,18934,29730,32727,32734,0,0
7716,0,L0A,128,18939,29732,32736,32743,0,0
7718,0,L0A,128,18944,29734,32745,32752,0,0
7720,0,L0A,128,18949,29736,32754,32761,0,0
7722,0,L0A,128,18954,29738,32763,32770,0,0
7724,0,L0A,128,18959,29740,32772,32779,0,0
7726,0,L0A,128,18964,29742,32781,32788,0,0
7728,0,L0A,128,18969,29744,32790,32797,0,0
7730,0,L0A,128,18974,29746,32799,32806,0,0
7732,0,L0A,128,18979,29748,32808,32815,0,0
7734,0,L0A,128,18984,29750,32817,32824,0,0
7736,0,L0A,128,18989,29752,32826,32833,0,0
7738,0,L0A,128,18994,29754,32835,32842,0,0
7741,0,L0A,128,19001,29757,32846,32854,0,0
7743,0,L0A,128,19006,29759,32856,32863,0,0
7745,0,L0A,128,19011,29761,32865,32872,0,0
7747,0,L0A,128,19016,29763,32874,32881,0,0
7749,0,L0A,128,19021,29765,32883,32890,0,0
7751,0,L0A,128,19026,29767,32892,32899,0,0
7753,0,L0A,128,19031,29769,32901,32908,0,0
7755,0,L0A,128,19036,29771,32910,32917,0,0
7757,0,L0A,128,19041,29773,32919,32926,0,0
7759,0,L0A,128,19046,29775,32928,32935,0,0
7761,0,L0A,128,19051,29777,32937,32944,0,0
7763,0,L0A,128,19056,29779,32946,32953,0,0
7765,0,L0A,128,19061,29781,32955,32962,0,0
7767,0,L0A,128,19066,29783,32964,32971,0,0
7769,0,L0A,128,19071,29785,32973,32980,0,0
7771,0,L0A,128,19076,29787,32982,32989,0,0
7774,0,L0A,128,19083,29790,32993,33001,0,0
7776,0,L0A,128,19088,29792,33003,33010,0,0
7778,0,L0A,128,19093,29794,33012,33019,0,0
7780,0,L0A,128,19098,29796,33021,33028,0,0
7782,0,L0A,128,19103,29798,33030,33037,0,0
7784,0,L0A,128,19108,29800,33039,33046,0,0
7786,0,L0A,128,19113,29802,33048,33055,0,0
7788,0,L0A,128,19118,29804,33057,33064,0,0
7790,0,L0A,128,19123,29806,33066,33073,0,0
7792,0,L0A,128,19128,29808,33075,33082,0,0
7794,0,L0A,128,19133,29810,33084,33091,0,0
7796,0,L0A,128,19138,29812,33093,33100,0,0
7798,0,L0A,128,19143,29814,33102,33109,0,0
7800,0,L0A,128,19148,29816,33111,33118,0,0
7802,0,L0A,128,19153,29818,33120,33127,0,0
7804,0,L0A,128,19158,29820,33129,33136,0,0
7807,0,L0A,128,19165,29823,33140,33148,0,0
7809,0,L0A,128,19170,29825,33150,33157,0,0
7811,0,L0A,128,19175,29827,33159,33166,0,0
7813,0,L0A,128,19180,29829,33168,33173,0,0
7815,0,L0A,128,19185,29831,33175,33180,0,0
7817,0,L0A,128,19190,29833,33182,33187,0,0
7819,0,L0A,128,19195,29835,33189,33194,0,0
7821,0,L0A,128,19200,29837,33196,33201,0,0
7823,0,L0A,128,19205,29839,33203,33208,0,0
7825,0,L0A,128,19210,29841,33210,33215,0,0
7827,0,L0A,128,19215,29843,33217,33222,0,0
7829,0,L0A,128,19220,29845,33224,33229,0,0
7831,0,L0A,128,19225,29847,33231,33236,0,0
7833,0,L0A,128,19230,29849,33238,33243,0,0
7835,0,L0A,128,19235,29851,33245,33250,0,0
7837,0,L0A,128,19240,29853,33252,33257,0,0
7840,0,L0A,128,19247,29856,33261,33268,0,0
7842,0,L0A,128,19252,29858,33270,33276,0,0
7844,0,L0A,128,19257,29860,33278,33285,0,0
7846,0,L0A,128,19262,29862,33287,33294,0,0
7848,0,L0A,128,19267,29864,33296,33303,0,0
7850,0,L0A,128,19272,29866,33305,33312,0,0
7852,0,L0A,128,19277,29868,33314,33321,0,0
7854,0,L0A,128,19282,29870,33323,33330,0,0
7856,0,L0A,128,19287,29872,33332,33339,0,0
7858,0,L0A,128,19292,29874,33341,33348,0,0
7860,0,L0A,128,19297,29876,33350,33357,0,0
7862,0,L0A,128,19302,29878,33359,33366,0,0
7864,0,L0A,128,19307,29880,33368,33375,0,0
7866,0,L0A,128,19312,29882,33377,33384,0,0
7868,0,L0A,128,19317,29884,33386,33393,0,0
7870,0,L0A,128,19322,29886,33395,33402,0,0
7874,0,L0A,128,19331,29890,33411,33415,0,0
7877,0,L0A,128,19338,29893,33424,33427,0,0
7880,0,L0A,128,19345,29896,33436,33439,0,0
7883,0,L0A,128,19352,29899,33448,33451,0,0
7886,0,L0A,128,19359,29902,33460,33463,0,0
7889,0,L0A,128,19366,29905,33472,33475,0,0
7892,0,L0A,128,19373,29908,33484,33487,0,0
7895,0,L0A,128,19380,29911,33496,33499,0,0
7898,0,L0A,128,19387,29914,33508,33511,0,0
7901,0,L0A,128,19394,29917,33520,33523,0,0
7904,0,L0A,128,19401,29920,33532,33535,0,0
7907,0,L0A,128,19408,29923,33544,33547,0,0
7910,0,L0A,128,19415,29926,33556,33559,0,0
7913,0,L0A,128,19422,29929,33568,33571,0,0
7916,0,L0A,128,19429,29932,33580,33583,0,0
7919,0,L0A,128,19436,29935,33592,33595,0,0
7922,0,L0A,128,19443,29938,33599,33607,0,0
7924,0,L0A,128,19448,29940,33609,33616,0,0
7926,0,L0A,128,19453,29942,33618,33625,0,0
7928,0,L0A,128,19458,29944,33627,33634,0,0
7930,0,L0A,128,19463,29946,33636,33643,0,0
7932,0,L0A,128,19468,29948,33645,33652,0,0
7934,0,L0A,128,19473,29950,33654,33661,0,0
7936,0,L0A,128,19478,29952,33663,33670,0,0
7938,0,L0A,128,19483,29954,33672,33679,0,0
7940,0,L0A,128,19488,29956,33681,33688,0,0
7942,0,L0A,128,19493,29958,33690,33697,0,0
7944,0,L0A,128,19498,29960,33699,33706,0,0
7946,0,L0A,128,19503,29962,33708,33715,0,0
7948,0,L0A,128,19508,29964,33717,33724,0,0
7950,0,L0A,128,19513,29966,33726,33733,0,0
7952,0,L0A,128,19518,29968,33735,33742,0,0
7955,0,L0A,128,19525,29971,33746,33754,0,0
7957,0,L0A,128,19530,29973,33756,33763,0,0
7959,0,L0A,128,19535,29975,33765,33772,0,0
7961,0,L0A,128,19540,29977,33774,33781,0,0
7963,0,L0A,128,19545,29979,33783,33790,0,0
7965,0,L0A,128,19550,29981,33792,33799,0,0
7967,0,L0A,128,19555,29983,33801,33808,0,0
7969,0,L0A,128,19560,29985,33810,33817,0,0
7971,0,L0A,128,19565,29987,33819,33826,0,0
7973,0,L0A,128,19570,29989,33828,33835,0,0
7975,0,L0A,128,19575,29991,33837,33844,0,0
7977,0,L0A,128,19580,29993,33846,33853,0,0
7979,0,L0A,128,19585,29995,33855,33862,0,0
7981,0,L0A,128,19590,29997,33864,33871,0,0
7983,0,L0A,128,19595,29999,33873,33880,0,0
7985,0,L0A,128,19600,30001,33882,33889,0,0
7988,0,L0A,128,19607,30004,33893,33901,0,0
7990,0,L0A,128,19612,30006,33903,33910,0,0
7992,0,L0A,128,19617,30008,33912,33919,0,0
7994,0,L0A,128,19622,30010,33921,33928,0,0
7996,0,L0A,128,19627,30012,33930,33937,0,0
7998,0,L0A,128,19632,30014,33939,33946,0,0
8000,0,L0A,128,19637,30016,33948,33955,0,0
8002,0,L0A,128,19642,30018,33957,33964,0,0
8004,0,L0A,128,19647,30020,33966,33973,0,0
8006,0,L0A,128,19652,30022,33975,33982,0,0
8008,0,L0A,128,19657,30024,33984,33991,0,0
8010,0,L0A,128,19662,30026,33993,34000,0,0
8012,0,L0A,128,19667,30028,34002,34009,0,0
8014,0,L0A,128,19672,30030,34011,34018,0,0
8016,0,L0A,128,19677,30032,34020,34027,0,0
8018,0,L0A,128,19682,30034,34029,34036,0,0
8021,0,L0A,128,19689,30037,34040,34048,0,0
8023,0,L0A,128,19694,30039,34050,34057,0,0
8025,0,L0A,128,19699,30041,34059,34066,0,0
8027,0,L0A,128,19704,30043,34068,34075,0,0
8029,0,L0A,128,19709,30045,34077,34084,0,0
8031,0,L0A,128,19714,30047,34086,34093,0,0
8033,0,L0A,128,19719,30049,34095,34102,0,0
8035,0,L0A,128,19724,30051,34104,34111,0,0
8037,0,L0A,128,19729,30053,34113,34120,0,0
8039,0,L0A,128,19734,30055,34122,34129,0,0
8041,0,L0A,128,19739,30057,34131,34138,0,0
8043,0,L0A,128,19744,30059,34140,34147,0,0
8045,0,L0A,128,19749,30061,34149,34156,0,0
8047,0,L0A,128,19754,30063,34158,34165,0,0
8049,0,L0A,128,19759,30065,34167,34174,0,0
8051,0,L0A,128,19764,30067,34176,34183,0,0
8054,0,L0A,128,19771,30070,34187,34195,0,0
8056,0,L0A,128,19776,30072,34197,34204,0,0
8058,0,L0A,128,19781,30074,34206,34213,0,0
8060,0,L0A,128,19786,30076,34215,34222,0,0
8062,0,L0A,128,19791,30078,34224,34231,0,0
8064,0,L0A,128,19796,30080,34233,34240,0,0
8066,0,L0A,128,19801,30082,34242,34249,0,0
8068,0,L0A,128,19806,30084,34251,34258,0,0
8070,0,L0A,128,19811,30086,34260,34267,0,0
8072,0,L0A,128,19816,30088,34269,34276,0,0
8074,0,L0A,128,19821,30090,34278,34285,0,0
8076,0,L0A,128,19826,30092,34287,34294,0,0
8078,0,L0A,128,19831,30094,34296,34303,0,0
8080,0,L0A,128,19836,30096,34305,34312,0,0
8082,0,L0A,128,19841,30098,34314,34321,0,0
8084,0,L0A,128,19846,30100,34323,34330,0,0
8087,0,L0A,128,19853,30103,34334,34342,0,0
8089,0,L0A,128,19858,30105,34344,34351,0,0
8091,0,L0A,128,19863,30107,34353,34360,0,0
8093,0,L0A,128,19868,30109,34362,34369,0,0
8095,0,L0A,128,19873,30111,34371,34378,0,0
8097,0,L0A,128,19878,30113,34380,34387,0,0
8099,0,L0A,128,19883,30115,34389,34396,0,0
8101,0,L0A,128,19888,30117,34398,34405,0,0
8103,0,L0A,128,19893,30119,34407,34414,0,0
8105,0,L0A,128,19898,30121,34416,34423,0,0
8107,0,L0A,128,19903,30123,34425,34432,0,0
8109,0,L0A,128,19908,30125,34434,34441,0,0
8111,0,L0A,128,19913,30127,34443,34450,0,0
8113,0,L0A,128,19918,30129,34452,34459,0,0
8115,0,L0A,128,19923,30131,34461,34468,0,0
8117,0,L0A,128,19928,30133,34470,34477,0,0
8120,0,L0A,128,19935,30136,34481,34489,0,0
8122,0,L0A,128,19940,30138,34491,34498,0,0
8124,0,L0A,128,19945,30140,34500,34507,0,0
8126,0,L0A,128,19950,30142,34509,34516,0,0
8128,0,L0A,128,19955,30144,34518,34525,0,0
8130,0,L0A,128,19960,30146,34527,34534,0,0
8132,0,L0A,128,19965,30148,34536,34543,0,0
8134,0,L0A,128,19970,30150,34545,34552,0,0
8136,0,L0A,128,19975,30152,34554,34561,0,0
8138,0,L0A,128,19980,30154,34563,34570,0,0
8140,0,L0A,128,19985,30156,34572,34579,0,0
8142,0,L0A,128,19990,30158,34581,34588,0,0
8144,0,L0A,128,19995,30160,34590,34597,0,0
8146,0,L0A,128,20000,30162,34599,34606,0,0
8148,0,L0A,128,20005,30164,34608,34615,0,0
8150,0,L0A,128,20010,30166,34617,34624,0,0
8153,0,L0A,128,20017,30169,34628,34636,0,0
8155,0,L0A,128,20022,30171,34638,34645,0,0
8157,0,L0A,128,20027,30173,34647,34654,0,0
8159,0,L0A,128,20032,30175,34656,34663,0,0
8161,0,L0A,128,20037,30177,34665,34672,0,0
8163,0,L0A,128,20042,30179,34674,34681,0,0
8165,0,L0A,128,20047,30181,34683,34690,0,0
8167,0,L0A,128,20052,30183,34692,34699,0,0
8169,0,L0A,128,20057,30185,34701,34708,0,0
8171,0,L0A,128,20062,30187,34710,34717,0,0
8173,0,L0A,128,20067,30189,34719,34726,0,0
8175,0,L0A,128,20072,30191,34728,34735,0,0
8177,0,L0A,128,20077,30193,34737,34744,0,0
8179,0,L0A,128,20082,30195,34746,34753,0,0
8181,0,L0A,128,20087,30197,34755,34762,0,0
8183,0,L0A,128,20092,30199,34764,34771,0,0
8186,0,L0A,128,20099,30202,34775,34783,0,0
8188,0,L0A,128,20104,30204,34785,34792,0,0
8190,0,L0A,128,20109,30206,34794,34801,0,0
8192,0,L0A,128,20114,30208,34803,34810,0,0
8194,0,L0A,128,20119,30210,34812,34819,0,0
8196,0,L0A,128,20124,30212,34821,34828,0,0
8198,0,L0A,128,20129,30214,34830,34837,0,0
8200,0,L0A,128,20134,30216,34839,34846,0,0
8202,0,L0A,128,20139,30218,34848,34855,0,0
8204,0,L0A,128,20144,30220,34857,34864,0,0
8206,0,L0A,128,20149,30222,34866,34873,0,0
8208,0,L0A,128,20154,30224,34875,34882,0,0
8210,0,L0A,128,20159,30226,34884,34891,0,0
8212,0,L0A,128,20164,30228,34893,34900,0,0
8214,0,L0A,128,20169,30230,34902,34909,0,0
8216,0,L0A,128,20174,30232,34911,34918,0,0
8219,0,L0A,128,20181,30235,34922,34930,0,0
8221,0,L0A,128,20186,30237,34932,34939,0,0
8223,0,L0A,128,20191,30239,34941,34948,0,0
8225,0,L0A,128,20196,30241,34950,34957,0,0
8227,0,L0A,128,20201,30243,34959,34966,0,0
8229,0,L0A,128,20206,30245,34968,34975,0,0
8231,0,L0A,128,20211,30247,34977,34984,0,0
8233,0,L0A,128,20216,30249,34986,34993,0,0
8235,0,L0A,128,20221,30251,34995,35002,0,0
8237,0,L0A,128,20226,30253,35004,35011,0,0
8239,0,L0A,128,20231,30255,35013,35020,0,0
8241,0,L0A,128,20236,30257,35022,35029,0,0
8243,0,L0A,128,20241,30259,35031,35038,0,0
8245,0,L0A,128,20246,30261,35040,35047,0,0
8247,0,L0A,128,20251,30263,35049,35056,0,0
8249,0,L0A,128,20256,30265,35058,35065,0,0
8252,0,L0A,128,20263,30268,35069,35077,0,0
8254,0,L0A,128,20268,30270,35079,35086,0,0
8256,0,L0A,128,20273,30272,35088,35095,0,0
8258,0,L0A,128,20278,30274,35097,35104,0,0
8260,0,L0A,128,20283,30276,35106,35113,0,0
8262,0,L0A,128,20288,30278,35115,35122,0,0
8264,0,L0A,128,20293,30280,35124,35131,0,0
8266,0,L0A,128,20298,30282,35133,35140,0,0
8268,0,L0A,128,20303,30284,35142,35149,0,0
8270,0,L0A,128,20308,30286,35151,35158,0,0
8272,0,L0A,128,20313,30288,35160,35167,0,0
8274,0,L0A,128,20318,30290,35169,35176,0,0
8276,0,L0A,128,20323,30292,35178,35185,0,0
8278,0,L0A,128,20328,30294,35187,35194,0,0
8280,0,L0A,128,20333,30296,35196,35203,0,0
8282,0,L0A,128,20338,30298,35205,35212,0,0
8285,0,L0A,128,20345,30301,35216,35224,0,0
8287,0,L0A,128,20350,30303,35226,35233,0,0
8289,0,L0A,128,20355,30305,35235,35242,0,0
8291,0,L0A,128,20360,30307,35244,35251,0,0
8293,0,L0A,128,20365,30309,35253,35260,0,0
8295,0,L0A,128,20370,30311,35262,35269,0,0
8297,0,L0A,128,20375,30313,35271,35278,0,0
8299,0,L0A,128,20380,30315,35280,35287,0,0
8301,0,L0A,128,20385,30317,35289,35296,0,0
8303,0,L0A,128,20390,30319,35298,35305,0,0
8305,0,L0A,128,20395,30321,35307,35314,0,0
8307,0,L0A,128,20400,30323,35316,35323,0,0
8309,0,L0A,128,20405,30325,35325,35332,0,0
8311,0,L0A,128,20410,30327,35334,35341,0,0
8313,0,L0A,128,20415,30329,35343,35350,0,0
8315,0,L0A,128,20420,30331,35352,35359,0,0
8318,0,L0A,128,20427,30334,35363,35371,0,0
8320,0,L0A,128,20432,30336,35373,35380,0,0
8322,0,L0A,128,20437,30338,35382,35389,0,0
8324,0,L0A,128,20442,30340,35391,35398,0,0
8326,0,L0A,128,20447,30342,35400,35407,0,0
8328,0,L0A,128,20452,30344,35409,35416,0,0
8330,0,L0A,128,20457,30346,35418,35425,0,0
8332,0,L0A,128,20462,30348,35427,35434,0,0
8334,0,L0A,128,20467,30350,35436,35443,0,0
8336,0,L0A,128,20472,30352,35445,35452,0,0
8338,0,L0A,128,20477,30354,35454,35461,0,0
8340,0,L0A,128,20482,30356,35463,35470,0,0
8342,0,L0A,128,20487,30358,35472,35479,0,0
8344,0,L0A,128,20492,30360,35481,35488,0,0
8346,0,L0A,128,20497,30362,35490,35497,0,0
8348,0,L0A,128,20502,30364,35499,35506,0,0
8351,0,L0A,128,20509,30367,35510,35518,0,0
8353,0,L0A,128,20514,30369,35520,35527,0,0
8355,0,L0A,128,20519,30371,35529,35534,0,0
8357,0,L0A,128,20524,30373,35536,35541,0,0
8359,0,L0A,128,20529,30375,35543,35548,0,0
8361,0,L0A,128,20534,30377,35550,35555,0,0
8363,0,L0A,128,20539,30379,35557,35562,0,0
8365,0,L0A,128,20544,30381,35564,35569,0,0
8367,0,L0A,128,20549,30383,35571,35576,0,0
8369,0,L0A,128,20554,30385,35578,35583,0,0
8371,0,L0A,128,20559,30387,35585,35590,0,0
8373,0,L0A,128,20564,30389,35592,35597,0,0
8375,0,L0A,128,20569,30391,35599,35604,0,0
8377,0,L0A,128,20574,30393,35606,35611,0,0
8379,0,L0A,128,20579,30395,35613,35618,0,0
8381,0,L0A,128,20584,30397,35620,35625,0,0
8384,0,L0A,128,20591,30400,35629,35636,0,0
8386,0,L0A,128,20596,30402,35638,35645,0,0
8388,0,L0A,128,20601,30404,35647,35654,0,0
8390,0,L0A,128,20606,30406,35656,35663,0,0
8392,0,L0A,128,20611,30408,35665,35672,0,0
8394,0,L0A,128,20616,30410,35674,35681,0,0
8396,0,L0A,128,20621,30412,35683,35690,0,0
8398,0,L0A,128,20626,30414,35692,35699,0,0
8400,0,L0A,128,20631,30416,35701,35708,0,0
8402,0,L0A,128,20636,30418,35710,35717,0,0
8404,0,L0A,128,20641,30420,35719,35726,0,0
8406,0,L0A,128,20646,30422,35728,35735,0,0
8408,0,L0A,128,20651,30424,35737,35744,0,0
8410,0,L0A,128,20656,30426,35746,35753,0,0
8412,0,L0A,128,20661,30428,35755,35762,0,0
8414,0,L0A,128,20666,30430,35764,35771,0,0
8418,0,L0A,128,20675,30434,35781,35785,0,0
8421,0,L0A,128,20682,30437,35794,35797,0,0
8424,0,L0A,128,20689,30440,35806,35809,0,0
8427,0,L0A,128,20696,30443,35818,35821,0,0
8430,0,L0A,128,20703,30446,35830,35833,0,0
8433,0,L0A,128,20710,30449,35842,35845,0,0
8436,0,L0A,128,20717,30452,35854,35857,0,0
8439,0,L0A,128,20724,30455,35866,35869,0,0
8442,0,L0A,128,20731,30458,35878,35881,0,0
8445,0,L0A,128,20738,30461,35890,35893,0,0
8448,0,L0A,128,20745,30464,35902,35905,0,0
8451,0,L0A,128,20752,30467,35914,35917,0,0
8454,0,L0A,128,20759,30470,35926,35929,0,0
8457,0,L0A,128,20766,30473,35938,35941,0,0
8460,0,L0A,128,20773,30476,35950,35953,0,0
8463,0,L0A,128,20780,30479,35962,35965,0,0
8466,0,L0A,128,20787,30482,35969,35978,0,0
8468,0,L0A,128,20792,30484,35980,35987,0,0
8470,0,L0A,128,20797,30486,35989,35996,0,0
8472,0,L0A,128,20802,30488,35998,36005,0,0
8474,0,L0A,128,20807,30490,36007,36014,0,0
8476,0,L0A,128,20812,30492,36016,36023,0,0
8478,0,L0A,128,20817,30494,36025,36032,0,0
8480,0,L0A,128,20822,30496,36034,36041,0,0
8482,0,L0A,128,20827,30498,36043,36050,0,0
8484,0,L0A,128,20832,30500,36052,36059,0,0
8486,0,L0A,128,20837,30502,36061,36068,0,0
8488,0,L0A,128,20842,30504,36070,36077,0,0
8490,0,L0A,128,20847,30506,36079,36086,0,0
8492,0,L0A,128,20852,30508,36088,36095,0,0
8494,0,L0A,128,20857,30510,36097,36104,0,0
8496,0,L0A,128,20862,30512,36106,36113,0,0
8499,0,L0A,128,20869,30515,36117,36125,0,0
8501,0,L0A,128,20874,30517,36127,36134,0,0
8503,0,L0A,128,20879,30519,36136,36143,0,0
8505,0,L0A,128,20884,30521,36145,36152,0,0
8507,0,L0A,128,20889,30523,36154,36161,0,0
8509,0,L0A,128,20894,30525,36163,36170,0,0
8511,0,L0A,128,20899,30527,36172,36179,0,0
8513,0,L0A,128,20904,30529,36181,36188,0,0
8515,0,L0A,128,20909,30531,36190,36197,0,0
8517,0,L0A,128,20914,30533,36199,36206,0,0
8519,0,L0A,128,20919,30535,36208,36215,0,0
8521,0,L0A,128,20924,30537,36217,36224,0,0
8523,0,L0A,128,20929,30539,36226,36233,0,0
8525,0,L0A,128,20934,30541,36235,36242,0,0
8527,0,L0A,128,20939,30543,36244,36251,0,0
8529,0,L0A,128,20944,30545,36253,36260,0,0
8532,0,L0A,128,20951,30548,36264,36272,0,0
8534,0,L0A,128,20956,30550,36274,36281,0,0
8536,0,L0A,128,20961,30552,36283,36290,0,0
8538,0,L0A,128,20966,30554,36292,36299,0,0
8540,0,L0A,128,20971,30556,36301,36308,0,0
8542,0,L0A,128,20976,30558,36310,36317,0,0
8544,0,L0A,128,20981,30560,36319,36326,0,0
8546,0,L0A,128,20986,30562,36328,36335,0,0
8548,0,L0A,128,20991,30564,36337,36344,0,0
8550,0,L0A,128,20996,30566,36346,36353,0,0
8552,0,L0A,128,21001,30568,36355,36362,0,0
8554,0,L0A,128,21006,30570,36364,36371,0,0
8556,0,L0A,128,21011,30572,36373,36380,0,0
8558,0,L0A,128,21016,30574,36382,36389,0,0
8560,0,L0A,128,21021,30576,36391,36398,0,0
8562,0,L0A,128,21026,30578,36400,36407,0,0
8565,0,L0A,128,21033,30581,36411,36419,0,0
8567,0,L0A,128,21038,30583,36421,36428,0,0
8569,0,L0A,128,21043,30585,36430,36437,0,0
8571,0,L0A,128,21048,30587,36439,36446,0,0
8573,0,L0A,128,21053,30589,36448,36455,0,0
8575,0,L0A,128,21058,30591,36457,36464,0,0
8577,0,L0A,128,21063,30593,36466,36473,0,0
8579,0,L0A,128,21068,30595,36475,36482,0,0
8581,0,L0A,128,21073,30597,36484,36491,0,0
8583,0,L0A,128,21078,30599,36493,36500,0,0
8585,0,L0A,128,21083,30601,36502,36509,0,0
8587,0,L0A,128,21088,30603,36511,36518,0,0
8589,0,L0A,128,21093,30605,36520,36527,0,0
8591,0,L0A,128,21098,30607,36529,36536,0,0
8593,0,L0A,128,21103,30609,36538,36545,0,0
8595,0,L0A,128,21108,30611,36547,36554,0,0
8598,0,L0A,128,21115,30614,36558,36566,0,0
8600,0,L0A,128,21120,30616,36568,36575,0,0
8602,0,L0A,128,21125,30618,36577,36584,0,0
8604,0,L0A,128,21130,30620,36586,36593,0,0
8606,0,L0A,128,21135,30622,36595,36602,0,0
8608,0,L0A,128,21140,30624,36604,36611,0,0
8610,0,L0A,128,21145,30626,36613,36620,0,0
8612,0,L0A,128,21150,30628,36622,36629,0,0
8614,0,L0A,128,21155,30630,36631,36638,0,0
8616,0,L0A,128,21160,30632,36640,36647,0,0
8618,0,L0A,128,21165,30634,36649,36656,0,0
8620,0,L0A,128,21170,30636,36658,36665,0,0
8622,0,L0A,128,21175,30638,36667,36674,0,0
8624,0,L0A,128,21180,30640,36676,36683,0,0
8626,0,L0A,128,21185,30642,36685,36692,0,0
8628,0,L0A,128,21190,30644,36694,36701,0,0
8631,0,L0A,128,21197,30647,36705,36713,0,0
8633,0,L0A,128,21202,30649,36715,36722,0,0
8635,0,L0A,128,21207,30651,36724,36731,0,0
8637,0,L0A,128,21212,30653,36733,36740,0,0
8639,0,L0A,128,21217,30655,36742,36749,0,0
8641,0,L0A,128,21222,30657,36751,36758,0,0
8643,0,L0A,128,21227,30659,36760,36767,0,0
8645,0,L0A,128,21232,30661,36769,36776,0,0
8647,0,L0A,128,21237,30663,36778,36785,0,0
8649,0,L0A,128,21242,30665,36787,36794,0,0
8651,0,L0A,128,21247,30667,36796,36803,0,0
8653,0,L0A,128,21252,30669,36805,36812,0,0
8655,0,L0A,128,21257,30671,36814,36821,0,0
8657,0,L0A,128,21262,30673,36823,36830,0,0
8659,0,L0A,128,21267,30675,36832,36839,0,0
8661,0,L0A,128,21272,30677,36841,36848,0,0
8664,0,L0A,128,21279,30680,36852,36860,0,0
8666,0,L0A,128,21284,30682,36862,36869,0,0
8668,0,L0A,128,21289,30684,36871,36878,0,0
8670,0,L0A,128,21294,30686,36880,36887,0,0
8672,0,L0A,128,21299,30688,36889,36896,0,0
8674,0,L0A,128,21304,30690,36898,36905,0,0
8676,0,L0A,128,21309,30692,36907,36914,0,0
8678,0,L0A,128,21314,30694,36916,36923,0,0
8680,0,L0A,128,21319,30696,36925,36932,0,0
8682,0,L0A,128,21324,30698,36934,36941,0,0
8684,0,L0A,128,21329,30700,36943,36950,0,0
8686,0,L0A,128,21334,30702,36952,36959,0,0
8688,0,L0A,128,21339,30704,36961,36968,0,0
8690,0,L0A,128,21344,30706,36970,36977,0,0
8692,0,L0A,128,21349,30708,36979,36986,0,0
8694,0,L0A,128,21354,30710,36988,36995,0,0
8697,0,L0A,128,21361,30713,36999,37007,0,0
8699,0,L0A,128,21366,30715,37009,37016,0,0
8701,0,L0A,128,21371,30717,37018,37025,0,0
8703,0,L0A,128,21376,30719,37027,37034,0,0
8705,0,L0A,128,21381,30721,37036,37043,0,0
8707,0,L0A,128,21386,30723,37045,37052,0,0
8709,0,L0A,128,21391,30725,37054,37061,0,0
8711,0,L0A,128,21396,30727,37063,37070,0,0
8713,0,L0A,128,21401,30729,37072,37079,0,0
8715,0,L0A,128,21406,30731,37081,37088,0,0
8717,0,L0A,128,21411,30733,37090,37097,0,0
8719,0,L0A,128,21416,30735,37099,37106,0,0
8721,0,L0A,128,21421,30737,37108,37115,0,0
8723,0,L0A,128,21426,30739,37117,37124,0,0
8725,0,L0A,128,21431,30741,37126,37133,0,0
8727,0,L0A,128,21436,30743,37135,37142,0,0
8730,0,L0A,128,21443,30746,37146,37154,0,0
8732,0,L0A,128,21448,30748,37156,37163,0,0
8734,0,L0A,128,21453,30750,37165,37172,0,0
8736,0,L0A,128,21458,30752,37174,37181,0,0
8738,0,L0A,128,21463,30754,37183,37190,0,0
8740,0,L0A,128,21468,30756,37192,37199,0,0
8742,0,L0A,128,21473,30758,37201,37208,0,0
8744,0,L0A,128,21478,30760,37210,37217,0,0
8746,0,L0A,128,21483,30762,37219,37226,0,0
8748,0,L0A,128,21488,30764,37228,37235,0,0
8750,0,L0A,128,21493,30766,37237,37244,0,0
8752,0,L0A,128,21498,30768,37246,37253,0,0
8754,0,L0A,128,21503,30770,37255,37262,0,0
8756,0,L0A,128,21508,30772,37264,37271,0,0
8758,0,L0A,128,21513,30774,37273,37280,0,0
8760,0,L0A,128,21518,30776,37282,37289,0,0
8763,0,L0A,128,21525,30779,37293,37301,0,0
8765,0,L0A,128,21530,30781,37303,37310,0,0
8767,0,L0A,128,21535,30783,37312,37319,0,0
8769,0,L0A,128,21540,30785,37321,37328,0,0
8771,0,L0A,128,21545,30787,37330,37337,0,0
8773,0,L0A,128,21550,30789,37339,37346,0,0
8775,0,L0A,128,21555,30791,37348,37355,0,0
8777,0,L0A,128,21560,30793,37357,37364,0,0
8779,0,L0A,128,21565,30795,37366,37373,0,0
8781,0,L0A,128,21570,30797,37375,37382,0,0
8783,0,L0A,128,21575,30799,37384,37391,0,0
8785,0,L0A,128,21580,30801,37393,37400,0,0
8787,0,L0A,128,21585,30803,37402,37409,0,0
8789,0,L0A,128,21590,30805,37411,37418,0,0
8791,0,L0A,128,21595,30807,37420,37427,0,0
8793,0,L0A,128,21600,30809,37429,37436,0,0
8796,0,L0A,128,21607,30812,37440,37448,0,0
8798,0,L0A,128,21612,30814,37450,37457,0,0
8800,0,L0A,128,21617,30816,37459,37466,0,0
8802,0,L0A,128,21622,30818,37468,37475,0,0
8804,0,L0A,128,21627,30820,37477,37484,0,0
8806,0,L0A,128,21632,30822,37486,37493,0,0
8808,0,L0A,128,21637,30824,37495,37502,0,0
8810,0,L0A,128,21642,30826,37504,37511,0,0
8812,0,L0A,128,21647,30828,37513,37520,0,0
8814,0,L0A,128,21652,30830,37522,37529,0,0
8816,0,L0A,128,21657,30832,37531,37538,0,0
8818,0,L0A,128,21662,30834,37540,37547,0,0
8820,0,L0A,128,21667,30836,37549,37556,0,0
8822,0,L0A,128,21672,30838,37558,37565,0,0
8824,0,L0A,128,21677,30840,37567,37574,0,0
8826,0,L0A,128,21682,30842,37576,37583,0,0
8829,0,L0A,128,21689,30845,37587,37595,0,0
8831,0,L0A,128,21694,30847,37597,37604,0,0
8833,0,L0A,128,21699,30849,37606,37613,0,0
8835,0,L0A,128,21704,30851,37615,37622,0,0
8837,0,L0A,128,21709,30853,37624,37631,0,0
8839,0,L0A,128,21714,30855,37633,37640,0,0
8841,0,L0A,128,21719,30857,37642,37649,0,0
8843,0,L0A,128,21724,30859,37651,37658,0,0
8845,0,L0A,128,21729,30861,37660,37667,0,0
8847,0,L0A,128,21734,30863,37669,37676,0,0
8849,0,L0A,128,21739,30865,37678,37685,0,0
8851,0,L0A,128,21744,30867,37687,37694,0,0
8853,0,L0A,128,21749,30869,37696,37703,0,0
8855,0,L0A,128,21754,30871,37705,37712,0,0
8857,0,L0A,128,21759,30873,37714,37721,0,0
8859,0,L0A,128,21764,30875,37723,37730,0,0
8862,0,L0A,128,21771,30878,37734,37742,0,0
8864,0,L0A,128,21776,30880,37744,37751,0,0
8866,0,L0A,128,21781,30882,37753,37760,0,0
8868,0,L0A,128,21786,30884,37762,37769,0,0
8870,0,L0A,128,21791,30886,37771,37778,0,0
8872,0,L0A,128,21796,30888,37780,37787,0,0
8874,0,L0A,128,21801,30890,37789,37796,0,0
8876,0,L0A,128,21806,30892,37798,37805,0,0
8878,0,L0A,128,21811,30894,37807,37814,0,0
8880,0,L0A,128,21816,30896,37816,37823,0,0
8882,0,L0A,128,21821,30898,37825,37832,0,0
8884,0,L0A,128,21826,30900,37834,37841,0,0
8886,0,L0A,128,21831,30902,37843,37850,0,0
8888,0,L0A,128,21836,30904,37852,37859,0,0
8890,0,L0A,128,21841,30906,37861,37868,0,0
8892,0,L0A,128,21846,30908,37870,37877,0,0
8895,0,L0A,128,21853,30911,37881,37889,0,0
8897,0,L0A,128,21858,30913,37891,37897,0,0
8899,0,L0A,128,21863,30915,37899,37905,0,0
8901,0,L0A,128,21868,30917,37907,37913,0,0
8903,0,L0A,128,21873,30919,37915,37921,0,0
8905,0,L0A,128,21878,30921,37923,37929,0,0
8907,0,L0A,128,21883,30923,37931,37937,0,0
8909,0,L0A,128,21888,30925,37939,37945,0,0
8911,0,L0A,128,21893,30927,37947,37953,0,0
8913,0,L0A,128,21898,30929,37955,37961,0,0
8915,0,L0A,128,21903,30931,37963,37969,0,0
8917,0,L0A,128,21908,30933,37971,37977,0,0
8919,0,L0A,128,21913,30935,37979,37985,0,0
8921,0,L0A,128,21918,30937,37987,37993,0,0
8923,0,L0A,128,21923,30939,37995,38001,0,0
8925,0,L0A,128,21928,30941,38003,38009,0,0
8928,0,L0A,128,21935,30944,38013,38022,0,0
8930,0,L0A,128,21940,30946,38024,38032,0,0
8932,0,L0A,128,21945,30948,38034,38042,0,0
8934,0,L0A,128,21950,30950,38044,38052,0,0
8936,0,L0A,128,21955,30952,38054,38062,0,0
8938,0,L0A,128,21960,30954,38064,38072,0,0
8940,0,L0A,128,21965,30956,38074,38082,0,0
8942,0,L0A,128,21970,30958,38084,38092,0,0
8944,0,L0A,128,21975,30960,38094,38102,0,0
8946,0,L0A,128,21980,30962,38104,38112,0,0
8948,0,L0A,128,21985,30964,38114,38122,0,0
8950,0,L0A,128,21990,30966,38124,38132,0,0
8952,0,L0A,128,21995,30968,38134,38142,0,0
8954,0,L0A,128,22000,30970,38144,38152,0,0
8956,0,L0A,128,22005,30972,38154,38162,0,0
8958,0,L0A,128,22010,30974,38164,38172,0,0
4,0,L0B,128,6,22020,6,11,0,0
8,0,L0B,128,15,22024,18,22,0,0
12,0,L0B,128,24,22028,29,33,0,0
16,0,L0B,128,33,22032,40,44,0,0
20,0,L0B,128,42,22036,51,55,0,0
24,0,L0B,128,51,22040,62,66,0,0
28,0,L0B,128,60,22044,73,77,0,0
32,0,L0B,128,69,22048,84,88,0,0
36,0,L0B,128,78,22052,95,99,0,0
40,0,L0B,128,87,22056,106,110,0,0
44,0,L0B,128,96,22060,117,121,0,0
48,0,L0B,128,105,22064,128,132,0,0
52,0,L0B,128,114,22068,139,143,0,0
56,0,L0B,128,123,22072,150,154,0,0
60,0,L0B,128,132,22076,161,165,0,0
64,0,L0B,128,141,22080,172,176,0,0
68,0,L0B,128,150,22084,184,189,0,0
71,0,L0B,128,157,22087,195,199,0,0
74,0,L0B,128,164,22090,205,209,0,0
77,0,L0B,128,171,22093,215,219,0,0
80,0,L0B,128,178,22096,225,229,0,0
83,0,L0B,128,185,22099,235,239,0,0
86,0,L0B,128,192,22102,245,249,0,0
89,0,L0B,128,199,22105,255,259,0,0
92,0,L0B,128,206,22108,265,269,0,0
95,0,L0B,128,213,22111,275,279,0,0
98,0,L0B,128,220,22114,285,289,0,0
101,0,L0B,128,227,22117,295,299,0,0
104,0,L0B,128,234,22120,305,309,0,0
107,0,L0B,128,241,22123,315,319,0,0
110,0,L0B,128,248,22126,325,329,0,0
113,0,L0B,128,255,22129,335,339,0,0
117,0,L0B,128,264,22133,347,352,0,0
120,0,L0B,128,271,22136,358,362,0,0
123,0,L0B,128,278,22139,368,372,0,0
126,0,L0B,128,285,22142,378,382,0,0
129,0,L0B,128,292,22145,388,392,0,0
132,0,L0B,128,299,22148,398,402,0,0
135,0,L0B,128,306,22151,408,412,0,0
138,0,L0B,128,313,22154,418,422,0,0
141,0,L0B,128,320,22157,428,432,0,0
144,0,L0B,128,327,22160,438,442,0,0
147,0,L0B,128,334,22163,448,452,0,0
150,0,L0B,128,341,22166,458,462,0,0
153,0,L0B,128,348,22169,468,472,0,0
156,0,L0B,128,355,22172,478,482,0,0
159,0,L0B,128,362,22175,488,492,0,0
162,0,L0B,128,369,22178,498,502,0,0
166,0,L0B,128,378,22182,510,515,0,0
169,0,L0B,128,385,22185,521,525,0,0
172,0,L0B,128,392,22188,531,535,0,0
175,0,L0B,128,399,22191,541,545,0,0
178,0,L0B,128,406,22194,551,555,0,0
181,0,L0B,128,413,22197,561,565,0,0
184,0,L0B,128,420,22200,571,575,0,0
187,0,L0B,128,427,22203,581,585,0,0
190,0,L0B,128,434,22206,591,595,0,0
193,0,L0B,128,441,22209,601,605,0,0
196,0,L0B,128,448,22212,611,615,0,0
199,0,L0B,128,455,22215,621,625,0,0
202,0,L0B,128,462,22218,631,635,0,0
205,0,L0B,128,469,22221,641,645,0,0
208,0,L0B,128,476,22224,651,655,0,0
211,0,L0B,128,483,22227,661,665,0,0
215,0,L0B,128,492,22231,673,678,0,0
218,0,L0B,128,499,22234,684,688,0,0
221,0,L0B,128,506,22237,694,698,0,0
224,0,L0B,128,513,22240,704,708,0,0
227,0,L0B,128,520,22243,714,718,0,0
230,0,L0B,128,527,22246,724,728,0,0
233,0,L0B,128,534,22249,734,738,0,0
236,0,L0B,128,541,22252,744,748,0,0
239,0,L0B,128,548,22255,754,758,0,0
242,0,L0B,128,555,22258,764,768,0,0
245,0,L0B,128,562,22261,774,778,0,0
248,0,L0B,128,569,22264,784,788,0,0
251,0,L0B,128,576,22267,794,798,0,0
254,0,L0B,128,583,22270,804,808,0,0
257,0,L0B,128,590,22273,814,818,0,0
260,0,L0B,128,597,22276,824,828,0,0
264,0,L0B,128,606,22280,836,841,0,0
267,0,L0B,128,613,22283,847,851,0,0
270,0,L0B,128,620,22286,857,861,0,0
273,0,L0B,128,627,22289,867,871,0,0
276,0,L0B,128,634,22292,877,881,0,0
279,0,L0B,128,641,22295,887,891,0,0
282,0,L0B,128,648,22298,897,901,0,0
285,0,L0B,128,655,22301,907,911,0,0
288,0,L0B,128,662,22304,917,921,0,0
291,0,L0B,128,669,22307,927,931,0,0
294,0,L0B,128,676,22310,937,941,0,0
297,0,L0B,128,683,22313,947,951,0,0
300,0,L0B,128,690,22316,957,961,0,0
303,0,L0B,128,697,22319,967,971,0,0
306,0,L0B,128,704,22322,977,981,0,0
309,0,L0B,128,711,22325,987,991,0,0
313,0,L0B,128,720,22329,999,1004,0,0
316,0,L0B,128,727,22332,1010,1014,0,0
319,0,L0B,128,734,22335,1020,1024,0,0
322,0,L0B,128,741,22338,1030,1034,0,0
325,0,L0B,128,748,22341,1040,1044,0,0
328,0,L0B,128,755,22344,1050,1054,0,0
331,0,L0B,128,762,22347,1060,1064,0,0
334,0,L0B,128,769,22350,1070,1074,0,0
337,0,L0B,128,776,22353,1080,1084,0,0
340,0,L0B,128,783,22356,1090,1094,0,0
343,0,L0B,128,790,22359,1100,1104,0,0
346,0,L0B,128,797,22362,1110,1114,0,0
349,0,L0B,128,804,22365,1120,1124,0,0
352,0,L0B,128,811,22368,1130,1134,0,0
355,0,L0B,128,818,22371,1140,1144,0,0
358,0,L0B,128,825,22374,1150,1154,0,0
362,0,L0B,128,834,22378,1162,1167,0,0
365,0,L0B,128,841,22381,1173,1177,0,0
368,0,L0B,128,848,22384,1183,1187,0,0
371,0,L0B,128,855,22387,1193,1197,0,0
374,0,L0B,128,862,22390,1203,1207,0,0
377,0,L0B,128,869,22393,1213,1217,0,0
380,0,L0B,128,876,22396,1223,1227,0,0
383,0,L0B,128,883,22399,1233,1237,0,0
386,0,L0B,128,890,22402,1243,1247,0,0
389,0,L0B,128,897,22405,1253,1257,0,0
392,0,L0B,128,904,22408,1263,1267,0,0
395,0,L0B,128,911,22411,1273,1277,0,0
398,0,L0B,128,918,22414,1283,1287,0,0
401,0,L0B,128,925,22417,1293,1297,0,0
404,0,L0B,128,932,22420,1303,1307,0,0
407,0,L0B,128,939,22423,1313,1317,0,0
411,0,L0B,128,948,22427,1325,1330,0,0
414,0,L0B,128,955,22430,1336,1340,0,0
417,0,L0B,128,962,22433,1346,1350,0,0
420,0,L0B,128,969,22436,1356,1360,0,0
423,0,L0B,128,976,22439,1366,1370,0,0
426,0,L0B,128,983,22442,1376,1380,0,0
429,0,L0B,128,990,22445,1386,1390,0,0
432,0,L0B,128,997,22448,1396,1400,0,0
435,0,L0B,128,1004,22451,1406,1410,0,0
438,0,L0B,128,1011,22454,1416,1420,0,0
441,0,L0B,128,1018,22457,1426,1430,0,0
444,0,L0B,128,1025,22460,1436,1440,0,0
447,0,L0B,128,1032,22463,1446,1450,0,0
450,0,L0B,128,1039,22466,1456,1460,0,0
453,0,L0B,128,1046,22469,1466,1470,0,0
456,0,L0B,128,1053,22472,1476,1480,0,0
460,0,L0B,128,1062,22476,1488,1493,0,0
463,0,L0B,128,1069,22479,1499,1503,0,0
466,0,L0B,128,1076,22482,1509,1513,0,0
469,0,L0B,128,1083,22485,1519,1523,0,0
472,0,L0B,128,1090,22488,1529,1533,0,0
475,0,L0B,128,1097,22491,1539,1543,0,0
478,0,L0B,128,1104,22494,1549,1553,0,0
481,0,L0B,128,1111,22497,1559,1563,0,0
484,0,L0B,128,1118,22500,1569,1573,0,0
487,0,L0B,128,1125,22503,1579,1583,0,0
490,0,L0B,128,1132,22506,1589,1593,0,0
493,0,L0B,128,1139,22509,1599,1603,0,0
496,0,L0B,128,1146,22512,1609,1613,0,0
499,0,L0B,128,1153,22515,1619,1623,0,0
502,0,L0B,128,1160,22518,1629,1633,0,0
505,0,L0B,128,1167,22521,1639,1643,0,0
509,0,L0B,128,1176,22525,1651,1656,0,0
512,0,L0B,128,1183,22528,1662,1666,0,0
515,0,L0B,128,1190,22531,1672,1676,0,0
518,0,L0B,128,1197,22534,1682,1686,0,0
521,0,L0B,128,1204,22537,1692,1696,0,0
524,0,L0B,128,1211,22540,1702,1706,0,0
527,0,L0B,128,1218,22543,1712,1716,0,0
530,0,L0B,128,1225,22546,1722,1726,0,0
533,0,L0B,128,1232,22549,1732,1736,0,0
536,0,L0B,128,1239,22552,1742,1746,0,0
539,0,L0B,128,1246,22555,1752,1756,0,0
542,0,L0B,128,1253,22558,1762,1766,0,0
545,0,L0B,128,1260,22561,1772,1776,0,0
548,0,L0B,128,1267,22564,1782,1786,0,0
551,0,L0B,128,1274,22567,1792,1796,0,0
554,0,L0B,128,1281,22570,1802,1806,0,0
558,0,L0B,128,1290,22574,1814,1819,0,0
561,0,L0B,128,1297,22577,1825,1829,0,0
564,0,L0B,128,1304,22580,1835,1839,0,0
567,0,L0B,128,1311,22583,1845,1849,0,0
570,0,L0B,128,1318,22586,1855,1859,0,0
573,0,L0B,128,1325,22589,1865,1869,0,0
576,0,L0B,128,1332,22592,1875,1879,0,0
579,0,L0B,128,1339,22595,1885,1889,0,0
582,0,L0B,128,1346,22598,1895,1899,0,0
585,0,L0B,128,1353,22601,1905,1909,0,0
588,0,L0B,128,1360,22604,1915,1919,0,0
591,0,L0B,128,1367,22607,1925,1929,0,0
594,0,L0B,128,1374,22610,1935,1939,0,0
597,0,L0B,128,1381,22613,1945,1949,0,0
600,0,L0B,128,1388,22616,1955,1959,0,0
603,0,L0B,128,1395,22619,1965,1969,0,0
607,0,L0B,128,1404,22623,1977,1982,0,0
610,0,L0B,128,1411,22626,1988,1992,0,0
613,0,L0B,128,1418,22629,1998,2002,0,0
616,0,L0B,128,1425,22632,2008,2012,0,0
619,0,L0B,128,1432,22635,2018,2022,0,0
622,0,L0B,128,1439,22638,2028,2032,0,0
625,0,L0B,128,1446,22641,2038,2042,0,0
628,0,L0B,128,1453,22644,2048,2052,0,0
631,0,L0B,128,1460,22647,2058,2062,0,0
634,0,L0B,128,1467,22650,2068,2072,0,0
637,0,L0B,128,1474,22653,2078,2082,0,0
640,0,L0B,128,1481,22656,2088,2092,0,0
643,0,L0B,128,1488,22659,2098,2102,0,0
646,0,L0B,128,1495,22662,2108,2112,0,0
649,0,L0B,128,1502,22665,2118,2122,0,0
652,0,L0B,128,1509,22668,2128,2132,0,0
656,0,L0B,128,1518,22672,2140,2145,0,0
659,0,L0B,128,1525,22675,2151,2155,0,0
662,0,L0B,128,1532,22678,2161,2165,0,0
665,0,L0B,128,1539,22681,2171,2175,0,0
668,0,L0B,128,1546,22684,2181,2185,0,0
671,0,L0B,128,1553,22687,2191,2195,0,0
674,0,L0B,128,1560,22690,2201,2205,0,0
677,0,L0B,128,1567,22693,2211,2215,0,0
680,0,L0B,128,1574,22696,2221,2225,0,0
683,0,L0B,128,1581,22699,2231,2235,0,0
686,0,L0B,128,1588,22702,2241,2245,0,0
689,0,L0B,128,1595,22705,2251,2255,0,0
692,0,L0B,128,1602,22708,2261,2265,0,0
695,0,L0B,128,1609,22711,2271,2275,0,0
698,0,L0B,128,1616,22714,2281,2285,0,0
701,0,L0B,128,1623,22717,2291,2295,0,0
705,0,L0B,128,1632,22721,2303,2308,0,0
708,0,L0B,128,1639,22724,2314,2318,0,0
711,0,L0B,128,1646,22727,2324,2328,0,0
714,0,L0B,128,1653,22730,2334,2338,0,0
717,0,L0B,128,1660,22733,2344,2348,0,0
720,0,L0B,128,1667,22736,2354,2358,0,0
723,0,L0B,128,1674,22739,2364,2368,0,0
726,0,L0B,128,1681,22742,2374,2378,0,0
729,0,L0B,128,1688,22745,2384,2388,0,0
732,0,L0B,128,1695,22748,2394,2398,0,0
735,0,L0B,128,1702,22751,2404,2408,0,0
738,0,L0B,128,1709,22754,2414,2418,0,0
741,0,L0B,128,1716,22757,2424,2428,0,0
744,0,L0B,128,1723,22760,2434,2438,0,0
747,0,L0B,128,1730,22763,2444,2448,0,0
750,0,L0B,128,1737,22766,2454,2458,0,0
754,0,L0B,128,1746,22770,2466,2471,0,0
757,0,L0B,128,1753,22773,2477,2481,0,0
760,0,L0B,128,1760,22776,2487,2491,0,0
763,0,L0B,128,1767,22779,2497,2501,0,0
766,0,L0B,128,1774,22782,2507,2511,0,0
769,0,L0B,128,1781,22785,2517,2521,0,0
772,0,L0B,128,1788,22788,2527,2531,0,0
775,0,L0B,128,1795,22791,2537,2541,0,0
778,0,L0B,128,1802,22794,2547,2551,0,0
781,0,L0B,128,1809,22797,2557,2561,0,0
784,0,L0B,128,1816,22800,2567,2571,0,0
787,0,L0B,128,1823,22803,2577,2581,0,0
790,0,L0B,128,1830,22806,2587,2591,0,0
793,0,L0B,128,1837,22809,2597,2601,0,0
796,0,L0B,128,1844,22812,2607,2611,0,0
799,0,L0B,128,1851,22815,2617,2621,0,0
803,0,L0B,128,1860,22819,2624,2634,0,0
806,0,L0B,128,1867,22822,2635,2644,0,0
809,0,L0B,128,1874,22825,2645,2654,0,0
812,0,L0B,128,1881,22828,2655,2664,0,0
815,0,L0B,128,1888,22831,2665,2674,0,0
818,0,L0B,128,1895,22834,2675,2684,0,0
821,0,L0B,128,1902,22837,2685,2694,0,0
824,0,L0B,128,1909,22840,2695,2704,0,0
827,0,L0B,128,1916,22843,2705,2714,0,0
830,0,L0B,128,1923,22846,2715,2724,0,0
833,0,L0B,128,1930,22849,2725,2734,0,0
836,0,L0B,128,1937,22852,2735,2744,0,0
839,0,L0B,128,1944,22855,2745,2754,0,0
842,0,L0B,128,1951,22858,2755,2764,0,0
845,0,L0B,128,1958,22861,2765,2774,0,0
848,0,L0B,128,1965,22864,2775,2786,0,0
851,0,L0B,128,1972,22867,2791,2798,0,0
853,0,L0B,128,1977,22869,2801,2807,0,0
855,0,L0B,128,1982,22871,2810,2816,0,0
857,0,L0B,128,1987,22873,2819,2825,0,0
859,0,L0B,128,1992,22875,2828,2834,0,0
861,0,L0B,128,1997,22877,2837,2843,0,0
863,0,L0B,128,2002,22879,2846,2852,0,0
865,0,L0B,128,2007,22881,2855,2861,0,0
867,0,L0B,128,2012,22883,2864,2870,0,0
869,0,L0B,128,2017,22885,2873,2879,0,0
871,0,L0B,128,2022,22887,2882,2888,0,0
873,0,L0B,128,2027,22889,2891,2897,0,0
875,0,L0B,128,2032,22891,2900,2906,0,0
877,0,L0B,128,2037,22893,2909,2915,0,0
879,0,L0B,128,2042,22895,2918,2924,0,0
881,0,L0B,128,2047,22897,2927,2933,0,0
884,0,L0B,128,2054,22900,2938,2945,0,0
886,0,L0B,128,2059,22902,2948,2954,0,0
888,0,L0B,128,2064,22904,2957,2963,0,0
890,0,L0B,128,2069,22906,2966,2972,0,0
892,0,L0B,128,2074,22908,2975,2981,0,0
894,0,L0B,128,2079,22910,2984,2990,0,0
896,0,L0B,128,2084,22912,2993,2999,0,0
898,0,L0B,128,2089,22914,3002,3008,0,0
900,0,L0B,128,2094,22916,3011,3017,0,0
902,0,L0B,128,2099,22918,3020,3026,0,0
904,0,L0B,128,2104,22920,3029,3035,0,0
906,0,L0B,128,2109,22922,3038,3044,0,0
908,0,L0B,128,2114,22924,3047,3053,0,0
910,0,L0B,128,2119,22926,3056,3062,0,0
912,0,L0B,128,2124,22928,3065,3071,0,0
914,0,L0B,128,2129,22930,3074,3080,0,0
917,0,L0B,128,2136,22933,3085,3092,0,0
919,0,L0B,128,2141,22935,3095,3101,0,0
921,0,L0B,128,2146,22937,3104,3110,0,0
923,0,L0B,128,2151,22939,3113,3119,0,0
925,0,L0B,128,2156,22941,3122,3128,0,0
927,0,L0B,128,2161,22943,3131,3137,0,0
929,0,L0B,128,2166,22945,3140,3146,0,0
931,0,L0B,128,2171,22947,3149,3155,0,0
933,0,L0B,128,2176,22949,3158,3164,0,0
935,0,L0B,128,2181,22951,3167,3173,0,0
937,0,L0B,128,2186,22953,3176,3182,0,0
939,0,L0B,128,2191,22955,3185,3191,0,0
941,0,L0B,128,2196,22957,3194,3200,0,0
943,0,L0B,128,2201,22959,3203,3209,0,0
945,0,L0B,128,2206,22961,3212,3218,0,0
947,0,L0B,128,2211,22963,3221,3227,0,0
950,0,L0B,128,2218,22966,3232,3239,0,0
952,0,L0B,128,2223,22968,3242,3248,0,0
954,0,L0B,128,2228,22970,3251,3257,0,0
956,0,L0B,128,2233,22972,3260,3266,0,0
958,0,L0B,128,2238,22974,3269,3275,0,0
960,0,L0B,128,2243,22976,3278,3284,0,0
962,0,L0B,128,2248,22978,3287,3293,0,0
964,0,L0B,128,2253,22980,3296,3302,0,0
966,0,L0B,128,2258,22982,3305,3311,0,0
968,0,L0B,128,2263,22984,3314,3320,0,0
970,0,L0B,128,2268,22986,3323,3329,0,0
972,0,L0B,128,2273,22988,3332,3338,0,0
974,0,L0B,128,2278,22990,3341,3347,0,0
976,0,L0B,128,2283,22992,3350,3356,0,0
978,0,L0B,128,2288,22994,3359,3365,0,0
980,0,L0B,128,2293,22996,3368,3374,0,0
983,0,L0B,128,2300,22999,3379,3386,0,0
985,0,L0B,128,2305,23001,3389,3395,0,0
987,0,L0B,128,2310,23003,3398,3404,0,0
989,0,L0B,128,2315,23005,3407,3413,0,0
991,0,L0B,128,2320,23007,3416,3422,0,0
993,0,L0B,128,2325,23009,3425,3431,0,0
995,0,L0B,128,2330,23011,3434,3440,0,0
997,0,L0B,128,2335,23013,3443,3449,0,0
999,0,L0B,128,2340,23015,3452,3458,0,0
1001,0,L0B,128,2345,23017,3461,3467,0,0
1003,0,L0B,128,2350,23019,3470,3476,0,0
1005,0,L0B,128,2355,23021,3479,3485,0,0
1007,0,L0B,128,2360,23023,3488,3494,0,0
1009,0,L0B,128,2365,23025,3497,3503,0,0
1011,0,L0B,128,2370,23027,3506,3512,0,0
1013,0,L0B,128,2375,23029,3515,3521,0,0
1016,0,L0B,128,2382,23032,3526,3533,0,0
1018,0,L0B,128,2387,23034,3536,3542,0,0
1020,0,L0B,128,2392,23036,3545,3551,0,0
1022,0,L0B,128,2397,23038,3554,3560,0,0
1024,0,L0B,128,2402,23040,3563,3569,0,0
1026,0,L0B,128,2407,23042,3572,3578,0,0
1028,0,L0B,128,2412,23044,3581,3587,0,0
1030,0,L0B,128,2417,23046,3590,3596,0,0
1032,0,L0B,128,2422,23048,3599,3605,0,0
1034,0,L0B,128,2427,23050,3608,3614,0,0
1036,0,L0B,128,2432,23052,3617,3623,0,0
1038,0,L0B,128,2437,23054,3626,3632,0,0
1040,0,L0B,128,2442,23056,3635,3641,0,0
1042,0,L0B,128,2447,23058,3644,3650,0,0
1044,0,L0B,128,2452,23060,3653,3659,0,0
1046,0,L0B,128,2457,23062,3662,3668,0,0
1049,0,L0B,128,2464,23065,3673,3680,0,0
1051,0,L0B,128,2469,23067,3683,3689,0,0
1053,0,L0B,128,2474,23069,3692,3698,0,0
1055,0,L0B,128,2479,23071,3701,3707,0,0
1057,0,L0B,128,2484,23073,3710,3716,0,0
1059,0,L0B,128,2489,23075,3719,3725,0,0
1061,0,L0B,128,2494,23077,3728,3734,0,0
1063,0,L0B,128,2499,23079,3737,3743,0,0
1065,0,L0B,128,2504,23081,3746,3752,0,0
1067,0,L0B,128,2509,23083,3755,3761,0,0
1069,0,L0B,128,2514,23085,3764,3770,0,0
1071,0,L0B,128,2519,23087,3773,3779,0,0
1073,0,L0B,128,2524,23089,3782,3788,0,0
1075,0,L0B,128,2529,23091,3791,3797,0,0
1077,0,L0B,128,2534,23093,3800,3806,0,0
1079,0,L0B,128,2539,23095,3809,3815,0,0
1082,0,L0B,128,2546,23098,3820,3827,0,0
1084,0,L0B,128,2551,23100,3830,3836,0,0
1086,0,L0B,128,2556,23102,3839,3845,0,0
1088,0,L0B,128,2561,23104,3848,3854,0,0
1090,0,L0B,128,2566,23106,3857,3863,0,0
1092,0,L0B,128,2571,23108,3866,3872,0,0
1094,0,L0B,128,2576,23110,3875,3881,0,0
1096,0,L0B,128,2581,23112,3884,3890,0,0
1098,0,L0B,128,2586,23114,3893,3899,0,0
1100,0,L0B,128,2591,23116,3902,3908,0,0
1102,0,L0B,128,2596,23118,3911,3917,0,0
1104,0,L0B,128,2601,23120,3920,3926,0,0
1106,0,L0B,128,2606,23122,3929,3935,0,0
1108,0,L0B,128,2611,23124,3938,3944,0,0
1110,0,L0B,128,2616,23126,3947,3953,0,0
1112,0,L0B,128,2621,23128,3956,3962,0,0
1115,0,L0B,128,2628,23131,3967,3974,0,0
1117,0,L0B,128,2633,23133,3977,3983,0,0
1119,0,L0B,128,2638,23135,3986,3992,0,0
1121,0,L0B,128,2643,23137,3995,4001,0,0
1123,0,L0B,128,2648,23139,4004,4010,0,0
1125,0,L0B,128,2653,23141,4013,4019,0,0
1127,0,L0B,128,2658,23143,4022,4028,0,0
1129,0,L0B,128,2663,23145,4031,4037,0,0
1131,0,L0B,128,2668,23147,4040,4046,0,0
1133,0,L0B,128,2673,23149,4049,4055,0,0
1135,0,L0B,128,2678,23151,4058,4064,0,0
1137,0,L0B,128,2683,23153,4067,4073,0,0
1139,0,L0B,128,2688,23155,4076,4082,0,0
1141,0,L0B,128,2693,23157,4085,4091,0,0
1143,0,L0B,128,2698,23159,4094,4100,0,0
1145,0,L0B,128,2703,23161,4103,4109,0,0
1148,0,L0B,128,2710,23164,4114,4121,0,0
1150,0,L0B,128,2715,23166,4124,4130,0,0
1152,0,L0B,128,2720,23168,4133,4139,0,0
1154,0,L0B,128,2725,23170,4142,4148,0,0
1156,0,L0B,128,2730,23172,4151,4157,0,0
1158,0,L0B,128,2735,23174,4160,4166,0,0
1160,0,L0B,128,2740,23176,4169,4175,0,0
1162,0,L0B,128,2745,23178,4178,4184,0,0
1164,0,L0B,128,2750,23180,4187,4193,0,0
1166,0,L0B,128,2755,23182,4196,4202,0,0
1168,0,L0B,128,2760,23184,4205,4211,0,0
1170,0,L0B,128,2765,23186,4214,4220,0,0
1172,0,L0B,128,2770,23188,4223,4229,0,0
1174,0,L0B,128,2775,23190,4232,4238,0,0
1176,0,L0B,128,2780,23192,4241,4247,0,0
1178,0,L0B,128,2785,23194,4250,4256,0,0
1181,0,L0B,128,2792,23197,4261,4268,0,0
1183,0,L0B,128,2797,23199,4271,4277,0,0
1185,0,L0B,128,2802,23201,4280,4286,0,0
1187,0,L0B,128,2807,23203,4289,4295,0,0
1189,0,L0B,128,2812,23205,4298,4304,0,0
1191,0,L0B,128,2817,23207,4307,4313,0,0
1193,0,L0B,128,2822,23209,4316,4322,0,0
1195,0,L0B,128,2827,23211,4325,4331,0,0
1197,0,L0B,128,2832,23213,4334,4340,0,0
1199,0,L0B,128,2837,23215,4343,4349,0,0
1201,0,L0B,128,2842,23217,4352,4358,0,0
1203,0,L0B,128,2847,23219,4361,4367,0,0
1205,0,L0B,128,2852,23221,4370,4376,0,0
1207,0,L0B,128,2857,23223,4379,4385,0,0
1209,0,L0B,128,2862,23225,4388,4394,0,0
1211,0,L0B,128,2867,23227,4397,4403,0,0
1214,0,L0B,128,2874,23230,4408,4415,0,0
1216,0,L0B,128,2879,23232,4418,4424,0,0
1218,0,L0B,128,2884,23234,4427,4433,0,0
1220,0,L0B,128,2889,23236,4436,4442,0,0
1222,0,L0B,128,2894,23238,4445,4451,0,0
1224,0,L0B,128,2899,23240,4454,4460,0,0
1226,0,L0B,128,2904,23242,4463,4469,0,0
1228,0,L0B,128,2909,23244,4472,4478,0,0
1230,0,L0B,128,2914,23246,4481,4487,0,0
1232,0,L0B,128,2919,23248,4490,4496,0,0
1234,0,L0B,128,2924,23250,4499,4505,0,0
1236,0,L0B,128,2929,23252,4508,4514,0,0
1238,0,L0B,128,2934,23254,4517,4523,0,0
1240,0,L0B,128,2939,23256,4526,4532,0,0
1242,0,L0B,128,2944,23258,4535,4541,0,0
1244,0,L0B,128,2949,23260,4544,4550,0,0
1247,0,L0B,128,2956,23263,4555,4562,0,0
1249,0,L0B,128,2961,23265,4565,4571,0,0
1251,0,L0B,128,2966,23267,4574,4580,0,0
1253,0,L0B,128,2971,23269,4583,4589,0,0
1255,0,L0B,128,2976,23271,4592,4598,0,0
1257,0,L0B,128,2981,23273,4601,4607,0,0
1259,0,L0B,128,2986,23275,4610,4616,0,0
1261,0,L0B,128,2991,23277,4619,4625,0,0
1263,0,L0B,128,2996,23279,4628,4634,0,0
1265,0,L0B,128,3001,23281,4637,4643,0,0
1267,0,L0B,128,3006,23283,4646,4652,0,0
1269,0,L0B,128,3011,23285,4655,4661,0,0
1271,0,L0B,128,3016,23287,4664,4670,0,0
1273,0,L0B,128,3021,23289,4673,4679,0,0
1275,0,L0B,128,3026,23291,4682,4688,0,0
1277,0,L0B,128,3031,23293,4691,4697,0,0
1280,0,L0B,128,3038,23296,4702,4709,0,0
1282,0,L0B,128,3043,23298,4712,4718,0,0
1284,0,L0B,128,3048,23300,4721,4727,0,0
1286,0,L0B,128,3053,23302,4730,4736,0,0
1288,0,L0B,128,3058,23304,4739,4745,0,0
1290,0,L0B,128,3063,23306,4748,4754,0,0
1292,0,L0B,128,3068,23308,4757,4763,0,0
1294,0,L0B,128,3073,23310,4766,4772,0,0
1296,0,L0B,128,3078,23312,4775,4781,0,0
1298,0,L0B,128,3083,23314,4784,4790,0,0
1300,0,L0B,128,3088,23316,4793,4799,0,0
1302,0,L0B,128,3093,23318,4802,4808,0,0
1304,0,L0B,128,3098,23320,4811,4817,0,0
1306,0,L0B,128,3103,23322,4820,4826,0,0
1308,0,L0B,128,3108,23324,4829,4835,0,0
1310,0,L0B,128,3113,23326,4838,4842,0,0
1313,0,L0B,128,3120,23329,4848,4853,0,0
1315,0,L0B,128,3125,23331,4857,4861,0,0
1317,0,L0B,128,3130,23333,4865,4869,0,0
1319,0,L0B,128,3135,23335,4873,4877,0,0
1321,0,L0B,128,3140,23337,4881,4885,0,0
1323,0,L0B,128,3145,23339,4889,4893,0,0
1325,0,L0B,128,3150,23341,4897,4901,0,0
1327,0,L0B,128,3155,23343,4905,4909,0,0
1329,0,L0B,128,3160,23345,4913,4917,0,0
1331,0,L0B,128,3165,23347,4921,4925,0,0
1333,0,L0B,128,3170,23349,4929,4933,0,0
1335,0,L0B,128,3175,23351,4937,4941,0,0
1337,0,L0B,128,3180,23353,4945,4949,0,0
1339,0,L0B,128,3185,23355,4953,4957,0,0
1341,0,L0B,128,3190,23357,4961,4966,0,0
1343,0,L0B,128,3195,23359,4970,4975,0,0
1347,0,L0B,128,3204,23363,4978,4988,0,0
1350,0,L0B,128,3211,23366,4989,4998,0,0
1353,0,L0B,128,3218,23369,4999,5008,0,0
1356,0,L0B,128,3225,23372,5009,5018,0,0
1359,0,L0B,128,3232,23375,5019,5028,0,0
1362,0,L0B,128,3239,23378,5029,5038,0,0
1365,0,L0B,128,3246,23381,5039,5048,0,0
1368,0,L0B,128,3253,23384,5049,5060,0,0
1371,0,L0B,128,3260,23387,5061,5072,0,0
1374,0,L0B,128,3267,23390,5073,5084,0,0
1377,0,L0B,128,3274,23393,5085,5096,0,0
1380,0,L0B,128,3281,23396,5097,5108,0,0
1383,0,L0B,128,3288,23399,5109,5120,0,0
1386,0,L0B,128,3295,23402,5121,5132,0,0
1389,0,L0B,128,3302,23405,5133,5144,0,0
1392,0,L0B,128,3309,23408,5145,5156,0,0
1395,0,L0B,128,3316,23411,5161,5168,0,0
1397,0,L0B,128,3321,23413,5171,5177,0,0
1399,0,L0B,128,3326,23415,5180,5186,0,0
1401,0,L0B,128,3331,23417,5189,5195,0,0
1403,0,L0B,128,3336,23419,5198,5204,0,0
1405,0,L0B,128,3341,23421,5207,5213,0,0
1407,0,L0B,128,3346,23423,5216,5222,0,0
1409,0,L0B,128,3351,23425,5225,5231,0,0
1411,0,L0B,128,3356,23427,5234,5240,0,0
1413,0,L0B,128,3361,23429,5243,5249,0,0
1415,0,L0B,128,3366,23431,5252,5258,0,0
1417,0,L0B,128,3371,23433,5261,5267,0,0
1419,0,L0B,128,3376,23435,5270,5276,0,0
1421,0,L0B,128,3381,23437,5279,5285,0,0
1423,0,L0B,128,3386,23439,5288,5294,0,0
1425,0,L0B,128,3391,23441,5297,5303,0,0
1428,0,L0B,128,3398,23444,5308,5315,0,0
1430,0,L0B,128,3403,23446,5318,5324,0,0
1432,0,L0B,128,3408,23448,5327,5333,0,0
1434,0,L0B,128,3413,23450,5336,5342,0,0
1436,0,L0B,128,3418,23452,5345,5351,0,0
1438,0,L0B,128,3423,23454,5354,5360,0,0
1440,0,L0B,128,3428,23456,5363,5369,0,0
1442,0,L0B,128,3433,23458,5372,5378,0,0
1444,0,L0B,128,3438,23460,5381,5387,0,0
1446,0,L0B,128,3443,23462,5390,5396,0,0
1448,0,L0B,128,3448,23464,5399,5405,0,0
1450,0,L0B,128,3453,23466,5408,5414,0,0
1452,0,L0B,128,3458,23468,5417,5423,0,0
1454,0,L0B,128,3463,23470,5426,5432,0,0
1456,0,L0B,128,3468,23472,5435,5441,0,0
1458,0,L0B,128,3473,23474,5444,5450,0,0
1461,0,L0B,128,3480,23477,5455,5462,0,0
1463,0,L0B,128,3485,23479,5465,5471,0,0
1465,0,L0B,128,3490,23481,5474,5480,0,0
1467,0,L0B,128,3495,23483,5483,5489,0,0
1469,0,L0B,128,3500,23485,5492,5498,0,0
1471,0,L0B,128,3505,23487,5501,5507,0,0
1473,0,L0B,128,3510,23489,5510,5516,0,0
1475,0,L0B,128,3515,23491,5519,5525,0,0
1477,0,L0B,128,3520,23493,5528,5534,0,0
1479,0,L0B,128,3525,23495,5537,5543,0,0
1481,0,L0B,128,3530,23497,5546,5552,0,0
1483,0,L0B,128,3535,23499,5555,5561,0,0
1485,0,L0B,128,3540,23501,5564,5570,0,0
1487,0,L0B,128,3545,23503,5573,5579,0,0
1489,0,L0B,128,3550,23505,5582,5588,0,0
1491,0,L0B,128,3555,23507,5591,5597,0,0
1494,0,L0B,128,3562,23510,5602,5609,0,0
1496,0,L0B,128,3567,23512,5612,5618,0,0
1498,0,L0B,128,3572,23514,5621,5627,0,0
1500,0,L0B,128,3577,23516,5630,5636,0,0
1502,0,L0B,128,3582,23518,5639,5645,0,0
1504,0,L0B,128,3587,23520,5648,5654,0,0
1506,0,L0B,128,3592,23522,5657,5663,0,0
1508,0,L0B,128,3597,23524,5666,5672,0,0
1510,0,L0B,128,3602,23526,5675,5681,0,0
1512,0,L0B,128,3607,23528,5684,5690,0,0
1514,0,L0B,128,3612,23530,5693,5699,0,0
1516,0,L0B,128,3617,23532,5702,5708,0,0
1518,0,L0B,128,3622,23534,5711,5717,0,0
1520,0,L0B,128,3627,23536,5720,5726,0,0
1522,0,L0B,128,3632,23538,5729,5735,0,0
1524,0,L0B,128,3637,23540,5738,5744,0,0
1527,0,L0B,128,3644,23543,5749,5756,0,0
1529,0,L0B,128,3649,23545,5759,5765,0,0
1531,0,L0B,128,3654,23547,5768,5774,0,0
1533,0,L0B,128,3659,23549,5777,5783,0,0
1535,0,L0B,128,3664,23551,5786,5792,0,0
1537,0,L0B,128,3669,23553,5795,5801,0,0
1539,0,L0B,128,3674,23555,5804,5810,0,0
1541,0,L0B,128,3679,23557,5813,5819,0,0
1543,0,L0B,128,3684,23559,5822,5828,0,0
1545,0,L0B,128,3689,23561,5831,5837,0,0
1547,0,L0B,128,3694,23563,5840,5846,0,0
1549,0,L0B,128,3699,23565,5849,5855,0,0
1551,0,L0B,128,3704,23567,5858,5864,0,0
1553,0,L0B,128,3709,23569,5867,5873,0,0
1555,0,L0B,128,3714,23571,5876,5882,0,0
1557,0,L0B,128,3719,23573,5885,5891,0,0
1560,0,L0B,128,3726,23576,5896,5903,0,0
1562,0,L0B,128,3731,23578,5906,5912,0,0
1564,0,L0B,128,3736,23580,5915,5921,0,0
1566,0,L0B,128,3741,23582,5924,5930,0,0
1568,0,L0B,128,3746,23584,5933,5939,0,0
1570,0,L0B,128,3751,23586,5942,5948,0,0
1572,0,L0B,128,3756,23588,5951,5957,0,0
1574,0,L0B,128,3761,23590,5960,5966,0,0
1576,0,L0B,128,3766,23592,5969,5975,0,0
1578,0,L0B,128,3771,23594,5978,5984,0,0
1580,0,L0B,128,3776,23596,5987,5993,0,0
1582,0,L0B,128,3781,23598,5996,6002,0,0
1584,0,L0B,128,3786,23600,6005,6011,0,0
1586,0,L0B,128,3791,23602,6014,6020,0,0
1588,0,L0B,128,3796,23604,6023,6029,0,0
1590,0,L0B,128,3801,23606,6032,6038,0,0
1593,0,L0B,128,3808,23609,6043,6050,0,0
1595,0,L0B,128,3813,23611,6053,6059,0,0
1597,0,L0B,128,3818,23613,6062,6068,0,0
1599,0,L0B,128,3823,23615,6071,6077,0,0
1601,0,L0B,128,3828,23617,6080,6086,0,0
1603,0,L0B,128,3833,23619,6089,6095,0,0
1605,0,L0B,128,3838,23621,6098,6104,0,0
1607,0,L0B,128,3843,23623,6107,6113,0,0
1609,0,L0B,128,3848,23625,6116,6122,0,0
1611,0,L0B,128,3853,23627,6125,6131,0,0
1613,0,L0B,128,3858,23629,6134,6140,0,0
1615,0,L0B,128,3863,23631,6143,6149,0,0
1617,0,L0B,128,3868,23633,6152,6158,0,0
1619,0,L0B,128,3873,23635,6161,6167,0,0
1621,0,L0B,128,3878,23637,6170,6176,0,0
1623,0,L0B,128,3883,23639,6179,6185,0,0
1626,0,L0B,128,3890,23642,6190,6197,0,0
1628,0,L0B,128,3895,23644,6200,6206,0,0
1630,0,L0B,128,3900,23646,6209,6215,0,0
1632,0,L0B,128,3905,23648,6218,6224,0,0
1634,0,L0B,128,3910,23650,6227,6233,0,0
1636,0,L0B,128,3915,23652,6236,6242,0,0
1638,0,L0B,128,3920,23654,6245,6251,0,0
1640,0,L0B,128,3925,23656,6254,6260,0,0
1642,0,L0B,128,3930,23658,6263,6269,0,0
1644,0,L0B,128,3935,23660,6272,6278,0,0
1646,0,L0B,128,3940,23662,6281,6287,0,0
1648,0,L0B,128,3945,23664,6290,6296,0,0
1650,0,L0B,128,3950,23666,6299,6305,0,0
1652,0,L0B,128,3955,23668,6308,6314,0,0
1654,0,L0B,128,3960,23670,6317,6323,0,0
1656,0,L0B,128,3965,23672,6326,6332,0,0
1659,0,L0B,128,3972,23675,6337,6344,0,0
1661,0,L0B,128,3977,23677,6347,6353,0,0
1663,0,L0B,128,3982,23679,6356,6362,0,0
1665,0,L0B,128,3987,23681,6365,6371,0,0
1667,0,L0B,128,3992,23683,6374,6380,0,0
1669,0,L0B,128,3997,23685,6383,6389,0,0
1671,0,L0B,128,4002,23687,6392,6398,0,0
1673,0,L0B,128,4007,23689,6401,6407,0,0
1675,0,L0B,128,4012,23691,6410,6416,0,0
1677,0,L0B,128,4017,23693,6419,6425,0,0
1679,0,L0B,128,4022,23695,6428,6434,0,0
1681,0,L0B,128,4027,23697,6437,6443,0,0
1683,0,L0B,128,4032,23699,6446,6452,0,0
1685,0,L0B,128,4037,23701,6455,6461,0,0
1687,0,L0B,128,4042,23703,6464,6470,0,0
1689,0,L0B,128,4047,23705,6473,6479,0,0
1692,0,L0B,128,4054,23708,6484,6491,0,0
1694,0,L0B,128,4059,23710,6494,6500,0,0
1696,0,L0B,128,4064,23712,6503,6509,0,0
1698,0,L0B,128,4069,23714,6512,6518,0,0
1700,0,L0B,128,4074,23716,6521,6527,0,0
1702,0,L0B,128,4079,23718,6530,6536,0,0
1704,0,L0B,128,4084,23720,6539,6545,0,0
1706,0,L0B,128,4089,23722,6548,6554,0,0
1708,0,L0B,128,4094,23724,6557,6563,0,0
1710,0,L0B,128,4099,23726,6566,6572,0,0
1712,0,L0B,128,4104,23728,6575,6581,0,0
1714,0,L0B,128,4109,23730,6584,6590,0,0
1716,0,L0B,128,4114,23732,6593,6599,0,0
1718,0,L0B,128,4119,23734,6602,6608,0,0
1720,0,L0B,128,4124,23736,6611,6617,0,0
1722,0,L0B,128,4129,23738,6620,6626,0,0
1725,0,L0B,128,4136,23741,6631,6638,0,0
1727,0,L0B,128,4141,23743,6641,6647,0,0
1729,0,L0B,128,4146,23745,6650,6656,0,0
1731,0,L0B,128,4151,23747,6659,6665,0,0
1733,0,L0B,128,4156,23749,6668,6674,0,0
1735,0,L0B,128,4161,23751,6677,6683,0,0
1737,0,L0B,128,4166,23753,6686,6692,0,0
1739,0,L0B,128,4171,23755,6695,6701,0,0
1741,0,L0B,128,4176,23757,6704,6710,0,0
1743,0,L0B,128,4181,23759,6713,6719,0,0
1745,0,L0B,128,4186,23761,6722,6728,0,0
1747,0,L0B,128,4191,23763,6731,6737,0,0
1749,0,L0B,128,4196,23765,6740,6746,0,0
1751,0,L0B,128,4201,23767,6749,6755,0,0
1753,0,L0B,128,4206,23769,6758,6764,0,0
1755,0,L0B,128,4211,23771,6767,6773,0,0
1758,0,L0B,128,4218,23774,6778,6785,0,0
1760,0,L0B,128,4223,23776,6788,6794,0,0
1762,0,L0B,128,4228,23778,6797,6803,0,0
1764,0,L0B,128,4233,23780,6806,6812,0,0
1766,0,L0B,128,4238,23782,6815,6821,0,0
1768,0,L0B,128,4243,23784,6824,6830,0,0
1770,0,L0B,128,4248,23786,6833,6839,0,0
1772,0,L0B,128,4253,23788,6842,6848,0,0
1774,0,L0B,128,4258,23790,6851,6857,0,0
1776,0,L0B,128,4263,23792,6860,6866,0,0
1778,0,L0B,128,4268,23794,6869,6875,0,0
1780,0,L0B,128,4273,23796,6878,6884,0,0
1782,0,L0B,128,4278,23798,6887,6893,0,0
1784,0,L0B,128,4283,23800,6896,6902,0,0
1786,0,L0B,128,4288,23802,6905,6911,0,0
1788,0,L0B,128,4293,23804,6914,6920,0,0
1791,0,L0B,128,4300,23807,6925,6932,0,0
1793,0,L0B,128,4305,23809,6935,6941,0,0
1795,0,L0B,128,4310,23811,6944,6950,0,0
1797,0,L0B,128,4315,23813,6953,6959,0,0
1799,0,L0B,128,4320,23815,6962,6968,0,0
1801,0,L0B,128,4325,23817,6971,6977,0,0
1803,0,L0B,128,4330,23819,6980,6986,0,0
1805,0,L0B,128,4335,23821,6989,6995,0,0
1807,0,L0B,128,4340,23823,6998,7004,0,0
1809,0,L0B,128,4345,23825,7007,7013,0,0
1811,0,L0B,128,4350,23827,7016,7022,0,0
1813,0,L0B,128,4355,23829,7025,7031,0,0
1815,0,L0B,128,4360,23831,7034,7040,0,0
1817,0,L0B,128,4365,23833,7043,7049,0,0
1819,0,L0B,128,4370,23835,7052,7058,0,0
1821,0,L0B,128,4375,23837,7061,7067,0,0
1824,0,L0B,128,4382,23840,7072,7079,0,0
1826,0,L0B,128,4387,23842,7082,7088,0,0
1828,0,L0B,128,4392,23844,7091,7097,0,0
1830,0,L0B,128,4397,23846,7100,7106,0,0
1832,0,L0B,128,4402,23848,7109,7115,0,0
1834,0,L0B,128,4407,23850,7118,7124,0,0
1836,0,L0B,128,4412,23852,7127,7133,0,0
1838,0,L0B,128,4417,23854,7136,7142,0,0
1840,0,L0B,128,4422,23856,7145,7151,0,0
1842,0,L0B,128,4427,23858,7154,7160,0,0
1844,0,L0B,128,4432,23860,7163,7169,0,0
1846,0,L0B,128,4437,23862,7172,7178,0,0
1848,0,L0B,128,4442,23864,7181,7187,0,0
1850,0,L0B,128,4447,23866,7190,7196,0,0
1852,0,L0B,128,4452,23868,7199,7203,0,0
1854,0,L0B,128,4457,23870,7206,7210,0,0
1857,0,L0B,128,4464,23873,7216,7221,0,0
1859,0,L0B,128,4469,23875,7225,7229,0,0
1861,0,L0B,128,4474,23877,7233,7237,0,0
1863,0,L0B,128,4479,23879,7241,7245,0,0
1865,0,L0B,128,4484,23881,7249,7253,0,0
1867,0,L0B,128,4489,23883,7257,7261,0,0
1869,0,L0B,128,4494,23885,7265,7269,0,0
1871,0,L0B,128,4499,23887,7273,7277,0,0
1873,0,L0B,128,4504,23889,7281,7285,0,0
1875,0,L0B,128,4509,23891,7289,7293,0,0
1877,0,L0B,128,4514,23893,7297,7301,0,0
1879,0,L0B,128,4519,23895,7305,7309,0,0
1881,0,L0B,128,4524,23897,7313,7317,0,0
1883,0,L0B,128,4529,23899,7321,7326,0,0
1885,0,L0B,128,4534,23901,7330,7335,0,0
1887,0,L0B,128,4539,23903,7339,7344,0,0
1891,0,L0B,128,4548,23907,7347,7357,0,0
1894,0,L0B,128,4555,23910,7358,7367,0,0
1897,0,L0B,128,4562,23913,7368,7377,0,0
1900,0,L0B,128,4569,23916,7378,7387,0,0
1903,0,L0B,128,4576,23919,7388,7397,0,0
1906,0,L0B,128,4583,23922,7398,7407,0,0
1909,0,L0B,128,4590,23925,7408,7418,0,0
1912,0,L0B,128,4597,23928,7419,7430,0,0
1915,0,L0B,128,4604,23931,7431,7442,0,0
1918,0,L0B,128,4611,23934,7443,7454,0,0
1921,0,L0B,128,4618,23937,7455,7466,0,0
1924,0,L0B,128,4625,23940,7467,7478,0,0
1927,0,L0B,128,4632,23943,7479,7490,0,0
1930,0,L0B,128,4639,23946,7491,7502,0,0
1933,0,L0B,128,4646,23949,7503,7514,0,0
1936,0,L0B,128,4653,23952,7515,7526,0,0
1939,0,L0B,128,4660,23955,7531,7538,0,0
1941,0,L0B,128,4665,23957,7541,7547,0,0
1943,0,L0B,128,4670,23959,7550,7556,0,0
1945,0,L0B,128,4675,23961,7559,7565,0,0
1947,0,L0B,128,4680,23963,7568,7574,0,0
1949,0,L0B,128,4685,23965,7577,7583,0,0
1951,0,L0B,128,4690,23967,7586,7592,0,0
1953,0,L0B,128,4695,23969,7595,7601,0,0
1955,0,L0B,128,4700,23971,7604,7610,0,0
1957,0,L0B,128,4705,23973,7613,7619,0,0
1959,0,L0B,128,4710,23975,7622,7628,0,0
1961,0,L0B,128,4715,23977,7631,7637,0,0
1963,0,L0B,128,4720,23979,7640,7646,0,0
1965,0,L0B,128,4725,23981,7649,7655,0,0
1967,0,L0B,128,4730,23983,7658,7664,0,0
1969,0,L0B,128,4735,23985,7667,7673,0,0
1972,0,L0B,128,4742,23988,7678,7685,0,0
1974,0,L0B,128,4747,23990,7688,7694,0,0
1976,0,L0B,128,4752,23992,7697,7703,0,0
1978,0,L0B,128,4757,23994,7706,7712,0,0
1980,0,L0B,128,4762,23996,7715,7721,0,0
1982,0,L0B,128,4767,23998,7724,7730,0,0
1984,0,L0B,128,4772,24000,7733,7739,0,0
1986,0,L0B,128,4777,24002,7742,7748,0,0
1988,0,L0B,128,4782,24004,7751,7757,0,0
1990,0,L0B,128,4787,24006,7760,7766,0,0
1992,0,L0B,128,4792,24008,7769,7775,0,0
1994,0,L0B,128,4797,24010,7778,7784,0,0
1996,0,L0B,128,4802,24012,7787,7793,0,0
1998,0,L0B,128,4807,24014,7796,7802,0,0
2000,0,L0B,128,4812,24016,7805,7811,0,0
2002,0,L0B,128,4817,24018,7814,7820,0,0
2005,0,L0B,128,4824,24021,7825,7832,0,0
2007,0,L0B,128,4829,24023,7835,7841,0,0
2009,0,L0B,128,4834,24025,7844,7850,0,0
2011,0,L0B,128,4839,24027,7853,7859,0,0
2013,0,L0B,128,4844,24029,7862,7868,0,0
2015,0,L0B,128,4849,24031,7871,7877,0,0
2017,0,L0B,128,4854,24033,7880,7886,0,0
2019,0,L0B,128,4859,24035,7889,7895,0,0
2021,0,L0B,128,4864,24037,7898,7904,0,0
2023,0,L0B,128,4869,24039,7907,7913,0,0
2025,0,L0B,128,4874,24041,7916,7922,0,0
2027,0,L0B,128,4879,24043,7925,7931,0,0
2029,0,L0B,128,4884,24045,7934,7940,0,0
2031,0,L0B,128,4889,24047,7943,7949,0,0
2033,0,L0B,128,4894,24049,7952,7958,0,0
2035,0,L0B,128,4899,24051,7961,7967,0,0
2038,0,L0B,128,4906,24054,7972,7979,0,0
2040,0,L0B,128,4911,24056,7982,7988,0,0
2042,0,L0B,128,4916,24058,7991,7997,0,0
2044,0,L0B,128,4921,24060,8000,8006,0,0
2046,0,L0B,128,4926,24062,8009,8015,0,0
2048,0,L0B,128,4931,24064,8018,8024,0,0
2050,0,L0B,128,4936,24066,8027,8033,0,0
2052,0,L0B,128,4941,24068,8036,8042,0,0
2054,0,L0B,128,4946,24070,8045,8051,0,0
2056,0,L0B,128,4951,24072,8054,8060,0,0
2058,0,L0B,128,4956,24074,8063,8069,0,0
2060,0,L0B,128,4961,24076,8072,8078,0,0
2062,0,L0B,128,4966,24078,8081,8087,0,0
2064,0,L0B,128,4971,24080,8090,8096,0,0
2066,0,L0B,128,4976,24082,8099,8105,0,0
2068,0,L0B,128,4981,24084,8108,8114,0,0
2071,0,L0B,128,4988,24087,8119,8126,0,0
2073,0,L0B,128,4993,24089,8129,8135,0,0
2075,0,L0B,128,4998,24091,8138,8144,0,0
2077,0,L0B,128,5003,24093,8147,8153,0,0
2079,0,L0B,128,5008,24095,8156,8162,0,0
2081,0,L0B,128,5013,24097,8165,8171,0,0
2083,0,L0B,128,5018,24099,8174,8180,0,0
2085,0,L0B,128,5023,24101,8183,8189,0,0
2087,0,L0B,128,5028,24103,8192,8198,0,0
2089,0,L0B,128,5033,24105,8201,8207,0,0
2091,0,L0B,128,5038,24107,8210,8216,0,0
2093,0,L0B,128,5043,24109,8219,8225,0,0
2095,0,L0B,128,5048,24111,8228,8234,0,0
2097,0,L0B,128,5053,24113,8237,8243,0,0
2099,0,L0B,128,5058,24115,8246,8252,0,0
2101,0,L0B,128,5063,24117,8255,8261,0,0
2104,0,L0B,128,5070,24120,8266,8273,0,0
2106,0,L0B,128,5075,24122,8276,8282,0,0
2108,0,L0B,128,5080,24124,8285,8291,0,0
2110,0,L0B,128,5085,24126,8294,8300,0,0
2112,0,L0B,128,5090,24128,8303,8309,0,0
2114,0,L0B,128,5095,24130,8312,8318,0,0
2116,0,L0B,128,5100,24132,8321,8327,0,0
2118,0,L0B,128,5105,24134,8330,8336,0,0
2120,0,L0B,128,5110,24136,8339,8345,0,0
2122,0,L0B,128,5115,24138,8348,8354,0,0
2124,0,L0B,128,5120,24140,8357,8363,0,0
2126,0,L0B,128,5125,24142,8366,8372,0,0
2128,0,L0B,128,5130,24144,8375,8381,0,0
2130,0,L0B,128,5135,24146,8384,8390,0,0
2132,0,L0B,128,5140,24148,8393,8399,0,0
2134,0,L0B,128,5145,24150,8402,8408,0,0
2137,0,L0B,128,5152,24153,8413,8420,0,0
2139,0,L0B,128,5157,24155,8423,8429,0,0
2141,0,L0B,128,5162,24157,8432,8438,0,0
2143,0,L0B,128,5167,24159,8441,8447,0,0
2145,0,L0B,128,5172,24161,8450,8456,0,0
2147,0,L0B,128,5177,24163,8459,8465,0,0
2149,0,L0B,128,5182,24165,8468,8474,0,0
2151,0,L0B,128,5187,24167,8477,8483,0,0
2153,0,L0B,128,5192,24169,8486,8492,0,0
2155,0,L0B,128,5197,24171,8495,8501,0,0
2157,0,L0B,128,5202,24173,8504,8510,0,0
2159,0,L0B,128,5207,24175,8513,8519,0,0
2161,0,L0B,128,5212,24177,8522,8528,0,0
2163,0,L0B,128,5217,24179,8531,8537,0,0
2165,0,L0B,128,5222,24181,8540,8546,0,0
2167,0,L0B,128,5227,24183,8549,8555,0,0
2170,0,L0B,128,5234,24186,8560,8567,0,0
2172,0,L0B,128,5239,24188,8570,8576,0,0
2174,0,L0B,128,5244,24190,8579,8585,0,0
2176,0,L0B,128,5249,24192,8588,8594,0,0
2178,0,L0B,128,5254,24194,8597,8603,0,0
2180,0,L0B,128,5259,24196,8606,8612,0,0
2182,0,L0B,128,5264,24198,8615,8621,0,0
2184,0,L0B,128,5269,24200,8624,8630,0,0
2186,0,L0B,128,5274,24202,8633,8639,0,0
2188,0,L0B,128,5279,24204,8642,8648,0,0
2190,0,L0B,128,5284,24206,8651,8657,0,0
2192,0,L0B,128,5289,24208,8660,8666,0,0
2194,0,L0B,128,5294,24210,8669,8675,0,0
2196,0,L0B,128,5299,24212,8678,8684,0,0
2198,0,L0B,128,5304,24214,8687,8693,0,0
2200,0,L0B,128,5309,24216,8696,8702,0,0
2203,0,L0B,128,5316,24219,8707,8714,0,0
2205,0,L0B,128,5321,24221,8717,8723,0,0
2207,0,L0B,128,5326,24223,8726,8732,0,0
2209,0,L0B,128,5331,24225,8735,8741,0,0
2211,0,L0B,128,5336,24227,8744,8750,0,0
2213,0,L0B,128,5341,24229,8753,8759,0,0
2215,0,L0B,128,5346,24231,8762,8768,0,0
2217,0,L0B,128,5351,24233,8771,8777,0,0
2219,0,L0B,128,5356,24235,8780,8786,0,0
2221,0,L0B,128,5361,24237,8789,8795,0,0
2223,0,L0B,128,5366,24239,8798,8804,0,0
2225,0,L0B,128,5371,24241,8807,8813,0,0
2227,0,L0B,128,5376,24243,8816,8822,0,0
2229,0,L0B,128,5381,24245,8825,8831,0,0
2231,0,L0B,128,5386,24247,8834,8840,0,0
2233,0,L0B,128,5391,24249,8843,8849,0,0
2236,0,L0B,128,5398,24252,8854,8861,0,0
2238,0,L0B,128,5403,24254,8864,8870,0,0
2240,0,L0B,128,5408,24256,8873,8879,0,0
2242,0,L0B,128,5413,24258,8882,8888,0,0
2244,0,L0B,128,5418,24260,8891,8897,0,0
2246,0,L0B,128,5423,24262,8900,8906,0,0
2248,0,L0B,128,5428,24264,8909,8915,0,0
2250,0,L0B,128,5433,24266,8918,8924,0,0
2252,0,L0B,128,5438,24268,8927,8933,0,0
2254,0,L0B,128,5443,24270,8936,8942,0,0
2256,0,L0B,128,5448,24272,8945,8951,0,0
2258,0,L0B,128,5453,24274,8954,8960,0,0
2260,0,L0B,128,5458,24276,8963,8969,0,0
2262,0,L0B,128,5463,24278,8972,8978,0,0
2264,0,L0B,128,5468,24280,8981,8987,0,0
2266,0,L0B,128,5473,24282,8990,8996,0,0
2269,0,L0B,128,5480,24285,9001,9008,0,0
2271,0,L0B,128,5485,24287,9011,9017,0,0
2273,0,L0B,128,5490,24289,9020,9026,0,0
2275,0,L0B,128,5495,24291,9029,9035,0,0
2277,0,L0B,128,5500,24293,9038,9044,0,0
2279,0,L0B,128,5505,24295,9047,9053,0,0
2281,0,L0B,128,5510,24297,9056,9062,0,0
2283,0,L0B,128,5515,24299,9065,9071,0,0
2285,0,L0B,128,5520,24301,9074,9080,0,0
2287,0,L0B,128,5525,24303,9083,9089,0,0
2289,0,L0B,128,5530,24305,9092,9098,0,0
2291,0,L0B,128,5535,24307,9101,9107,0,0
2293,0,L0B,128,5540,24309,9110,9116,0,0
2295,0,L0B,128,5545,24311,9119,9125,0,0
2297,0,L0B,128,5550,24313,9128,9134,0,0
2299,0,L0B,128,5555,24315,9137,9143,0,0
2302,0,L0B,128,5562,24318,9148,9155,0,0
2304,0,L0B,128,5567,24320,9158,9164,0,0
2306,0,L0B,128,5572,24322,9167,9173,0,0
2308,0,L0B,128,5577,24324,9176,9182,0,0
2310,0,L0B,128,5582,24326,9185,9191,0,0
2312,0,L0B,128,5587,24328,9194,9200,0,0
2314,0,L0B,128,5592,24330,9203,9209,0,0
2316,0,L0B,128,5597,24332,9212,9218,0,0
2318,0,L0B,128,5602,24334,9221,9227,0,0
2320,0,L0B,128,5607,24336,9230,9236,0,0
2322,0,L0B,128,5612,24338,9239,9245,0,0
2324,0,L0B,128,5617,24340,9248,9254,0,0
2326,0,L0B,128,5622,24342,9257,9263,0,0
2328,0,L0B,128,5627,24344,9266,9272,0,0
2330,0,L0B,128,5632,24346,9275,9281,0,0
2332,0,L0B,128,5637,24348,9284,9290,0,0
2335,0,L0B,128,5644,24351,9295,9302,0,0
2337,0,L0B,128,5649,24353,9305,9311,0,0
2339,0,L0B,128,5654,24355,9314,9320,0,0
2341,0,L0B,128,5659,24357,9323,9329,0,0
2343,0,L0B,128,5664,24359,9332,9338,0,0
2345,0,L0B,128,5669,24361,9341,9347,0,0
2347,0,L0B,128,5674,24363,9350,9356,0,0
2349,0,L0B,128,5679,24365,9359,9365,0,0
2351,0,L0B,128,5684,24367,9368,9374,0,0
2353,0,L0B,128,5689,24369,9377,9383,0,0
2355,0,L0B,128,5694,24371,9386,9392,0,0
2357,0,L0B,128,5699,24373,9395,9401,0,0
2359,0,L0B,128,5704,24375,9404,9410,0,0
2361,0,L0B,128,5709,24377,9413,9419,0,0
2363,0,L0B,128,5714,24379,9422,9428,0,0
2365,0,L0B,128,5719,24381,9431,9437,0,0
2368,0,L0B,128,5726,24384,9442,9449,0,0
2370,0,L0B,128,5731,24386,9452,9458,0,0
2372,0,L0B,128,5736,24388,9461,9467,0,0
2374,0,L0B,128,5741,24390,9470,9476,0,0
2376,0,L0B,128,5746,24392,9479,9485,0,0
2378,0,L0B,128,5751,24394,9488,9494,0,0
2380,0,L0B,128,5756,24396,9497,9503,0,0
2382,0,L0B,128,5761,24398,9506,9512,0,0
2384,0,L0B,128,5766,24400,9515,9521,0,0
2386,0,L0B,128,5771,24402,9524,9530,0,0
2388,0,L0B,128,5776,24404,9533,9539,0,0
2390,0,L0B,128,5781,24406,9542,9548,0,0
2392,0,L0B,128,5786,24408,9551,9557,0,0
2394,0,L0B,128,5791,24410,9560,9564,0,0
2396,0,L0B,128,5796,24412,9567,9571,0,0
2398,0,L0B,128,5801,24414,9574,9578,0,0
2401,0,L0B,128,5808,24417,9584,9589,0,0
2403,0,L0B,128,5813,24419,9593,9597,0,0
2405,0,L0B,128,5818,24421,9601,9605,0,0
2407,0,L0B,128,5823,24423,9609,9613,0,0
2409,0,L0B,128,5828,24425,9617,9621,0,0
2411,0,L0B,128,5833,24427,9625,9629,0,0
2413,0,L0B,128,5838,24429,9633,9637,0,0
2415,0,L0B,128,5843,24431,9641,9645,0,0
2417,0,L0B,128,5848,24433,9649,9653,0,0
2419,0,L0B,128,5853,24435,9657,9661,0,0
2421,0,L0B,128,5858,24437,9665,9669,0,0
2423,0,L0B,128,5863,24439,9673,9677,0,0
2425,0,L0B,128,5868,24441,9681,9686,0,0
2427,0,L0B,128,5873,24443,9690,9695,0,0
2429,0,L0B,128,5878,24445,9699,9704,0,0
2431,0,L0B,128,5883,24447,9708,9713,0,0
2435,0,L0B,128,5892,24451,9716,9726,0,0
2438,0,L0B,128,5899,24454,9727,9736,0,0
2441,0,L0B,128,5906,24457,9737,9746,0,0
2444,0,L0B,128,5913,24460,9747,9756,0,0
2447,0,L0B,128,5920,24463,9757,9766,0,0
2450,0,L0B,128,5927,24466,9767,9776,0,0
2453,0,L0B,128,5934,24469,9777,9788,0,0
2456,0,L0B,128,5941,24472,9789,9800,0,0
2459,0,L0B,128,5948,24475,9801,9812,0,0
2462,0,L0B,128,5955,24478,9813,9824,0,0
2465,0,L0B,128,5962,24481,9825,9836,0,0
2468,0,L0B,128,5969,24484,9837,9848,0,0
2471,0,L0B,128,5976,24487,9849,9860,0,0
2474,0,L0B,128,5983,24490,9861,9872,0,0
2477,0,L0B,128,5990,24493,9873,9884,0,0
2480,0,L0B,128,5997,24496,9885,9896,0,0
2483,0,L0B,128,6004,24499,9901,9908,0,0
2485,0,L0B,128,6009,24501,9911,9917,0,0
2487,0,L0B,128,6014,24503,9920,9926,0,0
2489,0,L0B,128,6019,24505,9929,9935,0,0
2491,0,L0B,128,6024,24507,9938,9944,0,0
2493,0,L0B,128,6029,24509,9947,9953,0,0
2495,0,L0B,128,6034,24511,9956,9962,0,0
2497,0,L0B,128,6039,24513,9965,9971,0,0
2499,0,L0B,128,6044,24515,9974,9980,0,0
2501,0,L0B,128,6049,24517,9983,9989,0,0
2503,0,L0B,128,6054,24519,9992,9998,0,0
2505,0,L0B,128,6059,24521,10001,10007,0,0
2507,0,L0B,128,6064,24523,10010,10016,0,0
2509,0,L0B,128,6069,24525,10019,10025,0,0
2511,0,L0B,128,6074,24527,10028,10034,0,0
2513,0,L0B,128,6079,24529,10037,10043,0,0
2516,0,L0B,128,6086,24532,10048,10055,0,0
2518,0,L0B,128,6091,24534,10058,10064,0,0
2520,0,L0B,128,6096,24536,10067,10073,0,0
2522,0,L0B,128,6101,24538,10076,10082,0,0
2524,0,L0B,128,6106,24540,10085,10091,0,0
2526,0,L0B,128,6111,24542,10094,10100,0,0
2528,0,L0B,128,6116,24544,10103,10109,0,0
2530,0,L0B,128,6121,24546,10112,10118,0,0
2532,0,L0B,128,6126,24548,10121,10127,0,0
2534,0,L0B,128,6131,24550,10130,10136,0,0
2536,0,L0B,128,6136,24552,10139,10145,0,0
2538,0,L0B,128,6141,24554,10148,10154,0,0
2540,0,L0B,128,6146,24556,10157,10163,0,0
2542,0,L0B,128,6151,24558,10166,10172,0,0
2544,0,L0B,128,6156,24560,10175,10181,0,0
2546,0,L0B,128,6161,24562,10184,10190,0,0
2549,0,L0B,128,6168,24565,10195,10202,0,0
2551,0,L0B,128,6173,24567,10205,10211,0,0
2553,0,L0B,128,6178,24569,10214,10220,0,0
2555,0,L0B,128,6183,24571,10223,10229,0,0
2557,0,L0B,128,6188,24573,10232,10238,0,0
2559,0,L0B,128,6193,24575,10241,10247,0,0
2561,0,L0B,128,6198,24577,10250,10256,0,0
2563,0,L0B,128,6203,24579,10259,10265,0,0
2565,0,L0B,128,6208,24581,10268,10274,0,0
2567,0,L0B,128,6213,24583,10277,10283,0,0
2569,0,L0B,128,6218,24585,10286,10292,0,0
2571,0,L0B,128,6223,24587,10295,10301,0,0
2573,0,L0B,128,6228,24589,10304,10310,0,0
2575,0,L0B,128,6233,24591,10313,10319,0,0
2577,0,L0B,128,6238,24593,10322,10328,0,0
2579,0,L0B,128,6243,24595,10331,10337,0,0
2582,0,L0B,128,6250,24598,10342,10349,0,0
2584,0,L0B,128,6255,24600,10352,10358,0,0
2586,0,L0B,128,6260,24602,10361,10367,0,0
2588,0,L0B,128,6265,24604,10370,10376,0,0
2590,0,L0B,128,6270,24606,10379,10385,0,0
2592,0,L0B,128,6275,24608,10388,10394,0,0
2594,0,L0B,128,6280,24610,10397,10403,0,0
2596,0,L0B,128,6285,24612,10406,10412,0,0
2598,0,L0B,128,6290,24614,10415,10421,0,0
2600,0,L0B,128,6295,24616,10424,10430,0,0
2602,0,L0B,128,6300,24618,10433,10439,0,0
2604,0,L0B,128,6305,24620,10442,10448,0,0
2606,0,L0B,128,6310,24622,10451,10457,0,0
2608,0,L0B,128,6315,24624,10460,10466,0,0
2610,0,L0B,128,6320,24626,10469,10475,0,0
2612,0,L0B,128,6325,24628,10478,10484,0,0
2615,0,L0B,128,6332,24631,10489,10496,0,0
2617,0,L0B,128,6337,24633,10499,10505,0,0
2619,0,L0B,128,6342,24635,10508,10514,0,0
2621,0,L0B,128,6347,24637,10517,10523,0,0
2623,0,L0B,128,6352,24639,10526,10532,0,0
2625,0,L0B,128,6357,24641,10535,10541,0,0
2627,0,L0B,128,6362,24643,10544,10550,0,0
2629,0,L0B,128,6367,24645,10553,10559,0,0
2631,0,L0B,128,6372,24647,10562,10568,0,0
2633,0,L0B,128,6377,24649,10571,10577,0,0
2635,0,L0B,128,6382,24651,10580,10586,0,0
2637,0,L0B,128,6387,24653,10589,10595,0,0
2639,0,L0B,128,6392,24655,10598,10604,0,0
2641,0,L0B,128,6397,24657,10607,10613,0,0
2643,0,L0B,128,6402,24659,10616,10622,0,0
2645,0,L0B,128,6407,24661,10625,10631,0,0
2648,0,L0B,128,6414,24664,10636,10643,0,0
2650,0,L0B,128,6419,24666,10646,10652,0,0
2652,0,L0B,128,6424,24668,10655,10661,0,0
2654,0,L0B,128,6429,24670,10664,10670,0,0
2656,0,L0B,128,6434,24672,10673,10679,0,0
2658,0,L0B,128,6439,24674,10682,10688,0,0
2660,0,L0B,128,6444,24676,10691,10697,0,0
2662,0,L0B,128,6449,24678,10700,10706,0,0
2664,0,L0B,128,6454,24680,10709,10715,0,0
2666,0,L0B,128,6459,24682,10718,10724,0,0
2668,0,L0B,128,6464,24684,10727,10733,0,0
2670,0,L0B,128,6469,24686,10736,10742,0,0
2672,0,L0B,128,6474,24688,10745,10751,0,0
2674,0,L0B,128,6479,24690,10754,10760,0,0
2676,0,L0B,128,6484,24692,10763,10769,0,0
2678,0,L0B,128,6489,24694,10772,10778,0,0
2681,0,L0B,128,6496,24697,10783,10790,0,0
2683,0,L0B,128,6501,24699,10793,10799,0,0
2685,0,L0B,128,6506,24701,10802,10808,0,0
2687,0,L0B,128,6511,24703,10811,10817,0,0
2689,0,L0B,128,6516,24705,10820,10826,0,0
2691,0,L0B,128,6521,24707,10829,10835,0,0
2693,0,L0B,128,6526,24709,10838,10844,0,0
2695,0,L0B,128,6531,24711,10847,10853,0,0
2697,0,L0B,128,6536,24713,10856,10862,0,0
2699,0,L0B,128,6541,24715,10865,10871,0,0
2701,0,L0B,128,6546,24717,10874,10880,0,0
2703,0,L0B,128,6551,24719,10883,10889,0,0
2705,0,L0B,128,6556,24721,10892,10898,0,0
2707,0,L0B,128,6561,24723,10901,10907,0,0
2709,0,L0B,128,6566,24725,10910,10916,0,0
2711,0,L0B,128,6571,24727,10919,10925,0,0
2714,0,L0B,128,6578,24730,10930,10937,0,0
2716,0,L0B,128,6583,24732,10940,10946,0,0
2718,0,L0B,128,6588,24734,10949,10955,0,0
2720,0,L0B,128,6593,24736,10958,10964,0,0
2722,0,L0B,128,6598,24738,10967,10973,0,0
2724,0,L0B,128,6603,24740,10976,10982,0,0
2726,0,L0B,128,6608,24742,10985,10991,0,0
2728,0,L0B,128,6613,24744,10994,11000,0,0
2730,0,L0B,128,6618,24746,11003,11009,0,0
2732,0,L0B,128,6623,24748,11012,11018,0,0
2734,0,L0B,128,6628,24750,11021,11027,0,0
2736,0,L0B,128,6633,24752,11030,11036,0,0
2738,0,L0B,128,6638,24754,11039,11045,0,0
2740,0,L0B,128,6643,24756,11048,11054,0,0
2742,0,L0B,128,6648,24758,11057,11063,0,0
2744,0,L0B,128,6653,24760,11066,11072,0,0
2747,0,L0B,128,6660,24763,11077,11084,0,0
2749,0,L0B,128,6665,24765,11087,11093,0,0
2751,0,L0B,128,6670,24767,11096,11102,0,0
2753,0,L0B,128,6675,24769,11105,11111,0,0
2755,0,L0B,128,6680,24771,11114,11120,0,0
2757,0,L0B,128,6685,24773,11123,11129,0,0
2759,0,L0B,128,6690,24775,11132,11138,0,0
2761,0,L0B,128,6695,24777,11141,11147,0,0
2763,0,L0B,128,6700,24779,11150,11156,0,0
2765,0,L0B,128,6705,24781,11159,11165,0,0
2767,0,L0B,128,6710,24783,11168,11174,0,0
2769,0,L0B,128,6715,24785,11177,11183,0,0
2771,0,L0B,128,6720,24787,11186,11192,0,0
2773,0,L0B,128,6725,24789,11195,11201,0,0
2775,0,L0B,128,6730,24791,11204,11210,0,0
2777,0,L0B,128,6735,24793,11213,11219,0,0
2780,0,L0B,128,6742,24796,11224,11231,0,0
2782,0,L0B,128,6747,24798,11234,11240,0,0
2784,0,L0B,128,6752,24800,11243,11249,0,0
2786,0,L0B,128,6757,24802,11252,11258,0,0
2788,0,L0B,128,6762,24804,11261,11267,0,0
2790,0,L0B,128,6767,24806,11270,11276,0,0
2792,0,L0B,128,6772,24808,11279,11285,0,0
2794,0,L0B,128,6777,24810,11288,11294,0,0
2796,0,L0B,128,6782,24812,11297,11303,0,0
2798,0,L0B,128,6787,24814,11306,11312,0,0
2800,0,L0B,128,6792,24816,11315,11321,0,0
2802,0,L0B,128,6797,24818,11324,11330,0,0
2804,0,L0B,128,6802,24820,11333,11339,0,0
2806,0,L0B,128,6807,24822,11342,11348,0,0
2808,0,L0B,128,6812,24824,11351,11357,0,0
2810,0,L0B,128,6817,24826,11360,11366,0,0
2813,0,L0B,128,6824,24829,11371,11378,0,0
2815,0,L0B,128,6829,24831,11381,11387,0,0
2817,0,L0B,128,6834,24833,11390,11396,0,0
2819,0,L0B,128,6839,24835,11399,11405,0,0
2821,0,L0B,128,6844,24837,11408,11414,0,0
2823,0,L0B,128,6849,24839,11417,11423,0,0
2825,0,L0B,128,6854,24841,11426,11432,0,0
2827,0,L0B,128,6859,24843,11435,11441,0,0
2829,0,L0B,128,6864,24845,11444,11450,0,0
2831,0,L0B,128,6869,24847,11453,11459,0,0
2833,0,L0B,128,6874,24849,11462,11468,0,0
2835,0,L0B,128,6879,24851,11471,11477,0,0
2837,0,L0B,128,6884,24853,11480,11486,0,0
2839,0,L0B,128,6889,24855,11489,11495,0,0
2841,0,L0B,128,6894,24857,11498,11504,0,0
2843,0,L0B,128,6899,24859,11507,11513,0,0
2846,0,L0B,128,6906,24862,11518,11525,0,0
2848,0,L0B,128,6911,24864,11528,11534,0,0
2850,0,L0B,128,6916,24866,11537,11543,0,0
2852,0,L0B,128,6921,24868,11546,11552,0,0
2854,0,L0B,128,6926,24870,11555,11561,0,0
2856,0,L0B,128,6931,24872,11564,11570,0,0
2858,0,L0B,128,6936,24874,11573,11579,0,0
2860,0,L0B,128,6941,24876,11582,11588,0,0
2862,0,L0B,128,6946,24878,11591,11597,0,0
2864,0,L0B,128,6951,24880,11600,11606,0,0
2866,0,L0B,128,6956,24882,11609,11615,0,0
2868,0,L0B,128,6961,24884,11618,11624,0,0
2870,0,L0B,128,6966,24886,11627,11633,0,0
2872,0,L0B,128,6971,24888,11636,11642,0,0
2874,0,L0B,128,6976,24890,11645,11651,0,0
2876,0,L0B,128,6981,24892,11654,11660,0,0
2879,0,L0B,128,6988,24895,11665,11672,0,0
2881,0,L0B,128,6993,24897,11675,11681,0,0
2883,0,L0B,128,6998,24899,11684,11690,0,0
2885,0,L0B,128,7003,24901,11693,11699,0,0
2887,0,L0B,128,7008,24903,11702,11708,0,0
2889,0,L0B,128,7013,24905,11711,11717,0,0
2891,0,L0B,128,7018,24907,11720,11726,0,0
2893,0,L0B,128,7023,24909,11729,11735,0,0
2895,0,L0B,128,7028,24911,11738,11744,0,0
2897,0,L0B,128,7033,24913,11747,11753,0,0
2899,0,L0B,128,7038,24915,11756,11762,0,0
2901,0,L0B,128,7043,24917,11765,11771,0,0
2903,0,L0B,128,7048,24919,11774,11780,0,0
2905,0,L0B,128,7053,24921,11783,11789,0,0
2907,0,L0B,128,7058,24923,11792,11798,0,0
2909,0,L0B,128,7063,24925,11801,11807,0,0
2912,0,L0B,128,7070,24928,11812,11819,0,0
2914,0,L0B,128,7075,24930,11822,11828,0,0
2916,0,L0B,128,7080,24932,11831,11837,0,0
2918,0,L0B,128,7085,24934,11840,11846,0,0
2920,0,L0B,128,7090,24936,11849,11855,0,0
2922,0,L0B,128,7095,24938,11858,11864,0,0
2924,0,L0B,128,7100,24940,11867,11873,0,0
2926,0,L0B,128,7105,24942,11876,11882,0,0
2928,0,L0B,128,7110,24944,11885,11891,0,0
2930,0,L0B,128,7115,24946,11894,11900,0,0
2932,0,L0B,128,7120,24948,11903,11909,0,0
2934,0,L0B,128,7125,24950,11912,11918,0,0
2936,0,L0B,128,7130,24952,11921,11925,0,0
2938,0,L0B,128,7135,24954,11928,11932,0,0
2940,0,L0B,128,7140,24956,11935,11939,0,0
2942,0,L0B,128,7145,24958,11942,11946,0,0
2945,0,L0B,128,7152,24961,11952,11957,0,0
2947,0,L0B,128,7157,24963,11961,11965,0,0
2949,0,L0B,128,7162,24965,11969,11973,0,0
2951,0,L0B,128,7167,24967,11977,11981,0,0
2953,0,L0B,128,7172,24969,11985,11989,0,0
2955,0,L0B,128,7177,24971,11993,11997,0,0
2957,0,L0B,128,7182,24973,12001,12005,0,0
2959,0,L0B,128,7187,24975,12009,12013,0,0
2961,0,L0B,128,7192,24977,12017,12021,0,0
2963,0,L0B,128,7197,24979,12025,12029,0,0
2965,0,L0B,128,7202,24981,12033,12037,0,0
2967,0,L0B,128,7207,24983,12041,12046,0,0
2969,0,L0B,128,7212,24985,12050,12055,0,0
2971,0,L0B,128,7217,24987,12059,12064,0,0
2973,0,L0B,128,7222,24989,12068,12073,0,0
2975,0,L0B,128,7227,24991,12077,12082,0,0
2979,0,L0B,128,7236,24995,12085,12095,0,0
2982,0,L0B,128,7243,24998,12096,12105,0,0
2985,0,L0B,128,7250,25001,12106,12115,0,0
2988,0,L0B,128,7257,25004,12116,12125,0,0
2991,0,L0B,128,7264,25007,12126,12135,0,0
2994,0,L0B,128,7271,25010,12136,12146,0,0
2997,0,L0B,128,7278,25013,12147,12158,0,0
3000,0,L0B,128,7285,25016,12159,12170,0,0
3003,0,L0B,128,7292,25019,12171,12182,0,0
3006,0,L0B,128,7299,25022,12183,12194,0,0
3009,0,L0B,128,7306,25025,12195,12206,0,0
3012,0,L0B,128,7313,25028,12207,12218,0,0
3015,0,L0B,128,7320,25031,12219,12230,0,0
3018,0,L0B,128,7327,25034,12231,12242,0,0
3021,0,L0B,128,7334,25037,12243,12254,0,0
3024,0,L0B,128,7341,25040,12255,12266,0,0
3027,0,L0B,128,7348,25043,12271,12278,0,0
3029,0,L0B,128,7353,25045,12281,12287,0,0
3031,0,L0B,128,7358,25047,12290,12296,0,0
3033,0,L0B,128,7363,25049,12299,12305,0,0
3035,0,L0B,128,7368,25051,12308,12314,0,0
3037,0,L0B,128,7373,25053,12317,12323,0,0
3039,0,L0B,128,7378,25055,12326,12332,0,0
3041,0,L0B,128,7383,25057,12335,12341,0,0
3043,0,L0B,128,7388,25059,12344,12350,0,0
3045,0,L0B,128,7393,25061,12353,12359,0,0
3047,0,L0B,128,7398,25063,12362,12368,0,0
3049,0,L0B,128,7403,25065,12371,12377,0,0
3051,0,L0B,128,7408,25067,12380,12386,0,0
3053,0,L0B,128,7413,25069,12389,12395,0,0
3055,0,L0B,128,7418,25071,12398,12404,0,0
3057,0,L0B,128,7423,25073,12407,12413,0,0
3060,0,L0B,128,7430,25076,12418,12425,0,0
3062,0,L0B,128,7435,25078,12428,12434,0,0
3064,0,L0B,128,7440,25080,12437,12443,0,0
3066,0,L0B,128,7445,25082,12446,12452,0,0
3068,0,L0B,128,7450,25084,12455,12461,0,0
3070,0,L0B,128,7455,25086,12464,12470,0,0
3072,0,L0B,128,7460,25088,12473,12479,0,0
3074,0,L0B,128,7465,25090,12482,12488,0,0
3076,0,L0B,128,7470,25092,12491,12497,0,0
3078,0,L0B,128,7475,25094,12500,12506,0,0
3080,0,L0B,128,7480,25096,12509,12515,0,0
3082,0,L0B,128,7485,25098,12518,12524,0,0
3084,0,L0B,128,7490,25100,12527,12533,0,0
3086,0,L0B,128,7495,25102,12536,12542,0,0
3088,0,L0B,128,7500,25104,12545,12551,0,0
3090,0,L0B,128,7505,25106,12554,12560,0,0
3093,0,L0B,128,7512,25109,12565,12572,0,0
3095,0,L0B,128,7517,25111,12575,12581,0,0
3097,0,L0B,128,7522,25113,12584,12590,0,0
3099,0,L0B,128,7527,25115,12593,12599,0,0
3101,0,L0B,128,7532,25117,12602,12608,0,0
3103,0,L0B,128,7537,25119,12611,12617,0,0
3105,0,L0B,128,7542,25121,12620,12626,0,0
3107,0,L0B,128,7547,25123,12629,12635,0,0
3109,0,L0B,128,7552,25125,12638,12644,0,0
3111,0,L0B,128,7557,25127,12647,12653,0,0
3113,0,L0B,128,7562,25129,12656,12662,0,0
3115,0,L0B,128,7567,25131,12665,12671,0,0
3117,0,L0B,128,7572,25133,12674,12680,0,0
3119,0,L0B,128,7577,25135,12683,12689,0,0
3121,0,L0B,128,7582,25137,12692,12698,0,0
3123,0,L0B,128,7587,25139,12701,12707,0,0
3126,0,L0B,128,7594,25142,12712,12719,0,0
3128,0,L0B,128,7599,25144,12722,12728,0,0
3130,0,L0B,128,7604,25146,12731,12737,0,0
3132,0,L0B,128,7609,25148,12740,12746,0,0
3134,0,L0B,128,7614,25150,12749,12755,0,0
3136,0,L0B,128,7619,25152,12758,12764,0,0
3138,0,L0B,128,7624,25154,12767,12773,0,0
3140,0,L0B,128,7629,25156,12776,12782,0,0
3142,0,L0B,128,7634,25158,12785,12791,0,0
3144,0,L0B,128,7639,25160,12794,12800,0,0
3146,0,L0B,128,7644,25162,12803,12809,0,0
3148,0,L0B,128,7649,25164,12812,12818,0,0
3150,0,L0B,128,7654,25166,12821,12827,0,0
3152,0,L0B,128,7659,25168,12830,12836,0,0
3154,0,L0B,128,7664,25170,12839,12845,0,0
3156,0,L0B,128,7669,25172,12848,12854,0,0
3159,0,L0B,128,7676,25175,12859,12866,0,0
3161,0,L0B,128,7681,25177,12869,12875,0,0
3163,0,L0B,128,7686,25179,12878,12884,0,0
3165,0,L0B,128,7691,25181,12887,12893,0,0
3167,0,L0B,128,7696,25183,12896,12902,0,0
3169,0,L0B,128,7701,25185,12905,12911,0,0
3171,0,L0B,128,7706,25187,12914,12920,0,0
3173,0,L0B,128,7711,25189,12923,12929,0,0
3175,0,L0B,128,7716,25191,12932,12938,0,0
3177,0,L0B,128,7721,25193,12941,12947,0,0
3179,0,L0B,128,7726,25195,12950,12956,0,0
3181,0,L0B,128,7731,25197,12959,12965,0,0
3183,0,L0B,128,7736,25199,12968,12974,0,0
3185,0,L0B,128,7741,25201,12977,12983,0,0
3187,0,L0B,128,7746,25203,12986,12992,0,0
3189,0,L0B,128,7751,25205,12995,13001,0,0
3192,0,L0B,128,7758,25208,13006,13013,0,0
3194,0,L0B,128,7763,25210,13016,13022,0,0
3196,0,L0B,128,7768,25212,13025,13031,0,0
3198,0,L0B,128,7773,25214,13034,13040,0,0
3200,0,L0B,128,7778,25216,13043,13049,0,0
3202,0,L0B,128,7783,25218,13052,13058,0,0
3204,0,L0B,128,7788,25220,13061,13067,0,0
3206,0,L0B,128,7793,25222,13070,13076,0,0
3208,0,L0B,128,7798,25224,13079,13085,0,0
3210,0,L0B,128,7803,25226,13088,13094,0,0
3212,0,L0B,128,7808,25228,13097,13103,0,0
3214,0,L0B,128,7813,25230,13106,13112,0,0
3216,0,L0B,128,7818,25232,13115,13121,0,0
3218,0,L0B,128,7823,25234,13124,13130,0,0
3220,0,L0B,128,7828,25236,13133,13139,0,0
3222,0,L0B,128,7833,25238,13142,13148,0,0
3225,0,L0B,128,7840,25241,13153,13160,0,0
3227,0,L0B,128,7845,25243,13163,13169,0,0
3229,0,L0B,128,7850,25245,13172,13178,0,0
3231,0,L0B,128,7855,25247,13181,13187,0,0
3233,0,L0B,128,7860,25249,13190,13196,0,0
3235,0,L0B,128,7865,25251,13199,13205,0,0
3237,0,L0B,128,7870,25253,13208,13214,0,0
3239,0,L0B,128,7875,25255,13217,13223,0,0
3241,0,L0B,128,7880,25257,13226,13232,0,0
3243,0,L0B,128,7885,25259,13235,13241,0,0
3245,0,L0B,128,7890,25261,13244,13250,0,0
3247,0,L0B,128,7895,25263,13253,13259,0,0
3249,0,L0B,128,7900,25265,13262,13268,0,0
3251,0,L0B,128,7905,25267,13271,13277,0,0
3253,0,L0B,128,7910,25269,13280,13286,0,0
3255,0,L0B,128,7915,25271,13289,13295,0,0
3258,0,L0B,128,7922,25274,13300,13307,0,0
3260,0,L0B,128,7927,25276,13310,13316,0,0
3262,0,L0B,128,7932,25278,13319,13325,0,0
3264,0,L0B,128,7937,25280,13328,13334,0,0
3266,0,L0B,128,7942,25282,13337,13343,0,0
3268,0,L0B,128,7947,25284,13346,13352,0,0
3270,0,L0B,128,7952,25286,13355,13361,0,0
3272,0,L0B,128,7957,25288,13364,13370,0,0
3274,0,L0B,128,7962,25290,13373,13379,0,0
3276,0,L0B,128,7967,25292,13382,13388,0,0
3278,0,L0B,128,7972,25294,13391,13397,0,0
3280,0,L0B,128,7977,25296,13400,13406,0,0
3282,0,L0B,128,7982,25298,13409,13415,0,0
3284,0,L0B,128,7987,25300,13418,13424,0,0
3286,0,L0B,128,7992,25302,13427,13433,0,0
3288,0,L0B,128,7997,25304,13436,13442,0,0
3291,0,L0B,128,8004,25307,13447,13454,0,0
3293,0,L0B,128,8009,25309,13457,13463,0,0
3295,0,L0B,128,8014,25311,13466,13472,0,0
3297,0,L0B,128,8019,25313,13475,13481,0,0
3299,0,L0B,128,8024,25315,13484,13490,0,0
3301,0,L0B,128,8029,25317,13493,13499,0,0
3303,0,L0B,128,8034,25319,13502,13508,0,0
3305,0,L0B,128,8039,25321,13511,13517,0,0
3307,0,L0B,128,8044,25323,13520,13526,0,0
3309,0,L0B,128,8049,25325,13529,13535,0,0
3311,0,L0B,128,8054,25327,13538,13544,0,0
3313,0,L0B,128,8059,25329,13547,13553,0,0
3315,0,L0B,128,8064,25331,13556,13562,0,0
3317,0,L0B,128,8069,25333,13565,13571,0,0
3319,0,L0B,128,8074,25335,13574,13580,0,0
3321,0,L0B,128,8079,25337,13583,13589,0,0
3324,0,L0B,128,8086,25340,13594,13601,0,0
3326,0,L0B,128,8091,25342,13604,13610,0,0
3328,0,L0B,128,8096,25344,13613,13619,0,0
3330,0,L0B,128,8101,25346,13622,13628,0,0
3332,0,L0B,128,8106,25348,13631,13637,0,0
3334,0,L0B,128,8111,25350,13640,13646,0,0
3336,0,L0B,128,8116,25352,13649,13655,0,0
3338,0,L0B,128,8121,25354,13658,13664,0,0
3340,0,L0B,128,8126,25356,13667,13673,0,0
3342,0,L0B,128,8131,25358,13676,13682,0,0
3344,0,L0B,128,8136,25360,13685,13691,0,0
3346,0,L0B,128,8141,25362,13694,13700,0,0
3348,0,L0B,128,8146,25364,13703,13709,0,0
3350,0,L0B,128,8151,25366,13712,13718,0,0
3352,0,L0B,128,8156,25368,13721,13727,0,0
3354,0,L0B,128,8161,25370,13730,13736,0,0
3357,0,L0B,128,8168,25373,13741,13748,0,0
3359,0,L0B,128,8173,25375,13751,13757,0,0
3361,0,L0B,128,8178,25377,13760,13766,0,0
3363,0,L0B,128,8183,25379,13769,13775,0,0
3365,0,L0B,128,8188,25381,13778,13784,0,0
3367,0,L0B,128,8193,25383,13787,13793,0,0
3369,0,L0B,128,8198,25385,13796,13802,0,0
3371,0,L0B,128,8203,25387,13805,13811,0,0
3373,0,L0B,128,8208,25389,13814,13820,0,0
3375,0,L0B,128,8213,25391,13823,13829,0,0
3377,0,L0B,128,8218,25393,13832,13838,0,0
3379,0,L0B,128,8223,25395,13841,13847,0,0
3381,0,L0B,128,8228,25397,13850,13856,0,0
3383,0,L0B,128,8233,25399,13859,13865,0,0
3385,0,L0B,128,8238,25401,13868,13874,0,0
3387,0,L0B,128,8243,25403,13877,13883,0,0
3390,0,L0B,128,8250,25406,13888,13895,0,0
3392,0,L0B,128,8255,25408,13898,13904,0,0
3394,0,L0B,128,8260,25410,13907,13913,0,0
3396,0,L0B,128,8265,25412,13916,13922,0,0
3398,0,L0B,128,8270,25414,13925,13931,0,0
3400,0,L0B,128,8275,25416,13934,13940,0,0
3402,0,L0B,128,8280,25418,13943,13949,0,0
3404,0,L0B,128,8285,25420,13952,13958,0,0
3406,0,L0B,128,8290,25422,13961,13967,0,0
3408,0,L0B,128,8295,25424,13970,13976,0,0
3410,0,L0B,128,8300,25426,13979,13985,0,0
3412,0,L0B,128,8305,25428,13988,13994,0,0
3414,0,L0B,128,8310,25430,13997,14003,0,0
3416,0,L0B,128,8315,25432,14006,14012,0,0
3418,0,L0B,128,8320,25434,14015,14021,0,0
3420,0,L0B,128,8325,25436,14024,14030,0,0
3423,0,L0B,128,8332,25439,14035,14042,0,0
3425,0,L0B,128,8337,25441,14045,14051,0,0
3427,0,L0B,128,8342,25443,14054,14060,0,0
3429,0,L0B,128,8347,25445,14063,14069,0,0
3431,0,L0B,128,8352,25447,14072,14078,0,0
3433,0,L0B,128,8357,25449,14081,14087,0,0
3435,0,L0B,128,8362,25451,14090,14096,0,0
3437,0,L0B,128,8367,25453,14099,14105,0,0
3439,0,L0B,128,8372,25455,14108,14114,0,0
3441,0,L0B,128,8377,25457,14117,14123,0,0
3443,0,L0B,128,8382,25459,14126,14132,0,0
3445,0,L0B,128,8387,25461,14135,14141,0,0
3447,0,L0B,128,8392,25463,14144,14150,0,0
3449,0,L0B,128,8397,25465,14153,14159,0,0
3451,0,L0B,128,8402,25467,14162,14168,0,0
3453,0,L0B,128,8407,25469,14171,14177,0,0
3456,0,L0B,128,8414,25472,14182,14189,0,0
3458,0,L0B,128,8419,25474,14192,14198,0,0
3460,0,L0B,128,8424,25476,14201,14207,0,0
3462,0,L0B,128,8429,25478,14210,14216,0,0
3464,0,L0B,128,8434,25480,14219,14225,0,0
3466,0,L0B,128,8439,25482,14228,14234,0,0
3468,0,L0B,128,8444,25484,14237,14243,0,0
3470,0,L0B,128,8449,25486,14246,14252,0,0
3472,0,L0B,128,8454,25488,14255,14261,0,0
3474,0,L0B,128,8459,25490,14264,14270,0,0
3476,0,L0B,128,8464,25492,14273,14279,0,0
3478,0,L0B,128,8469,25494,14282,14286,0,0
3480,0,L0B,128,8474,25496,14289,14293,0,0
3482,0,L0B,128,8479,25498,14296,14300,0,0
3484,0,L0B,128,8484,25500,14303,14307,0,0
3486,0,L0B,128,8489,25502,14310,14314,0,0
3489,0,L0B,128,8496,25505,14320,14325,0,0
3491,0,L0B,128,8501,25507,14329,14333,0,0
3493,0,L0B,128,8506,25509,14337,14341,0,0
3495,0,L0B,128,8511,25511,14345,14349,0,0
3497,0,L0B,128,8516,25513,14353,14357,0,0
3499,0,L0B,128,8521,25515,14361,14365,0,0
3501,0,L0B,128,8526,25517,14369,14373,0,0
3503,0,L0B,128,8531,25519,14377,14381,0,0
3505,0,L0B,128,8536,25521,14385,14389,0,0
3507,0,L0B,128,8541,25523,14393,14397,0,0
3509,0,L0B,128,8546,25525,14401,14406,0,0
3511,0,L0B,128,8551,25527,14410,14415,0,0
3513,0,L0B,128,8556,25529,14419,14424,0,0
3515,0,L0B,128,8561,25531,14428,14433,0,0
3517,0,L0B,128,8566,25533,14437,14442,0,0
3519,0,L0B,128,8571,25535,14446,14451,0,0
3523,0,L0B,128,8580,25539,14454,14464,0,0
3526,0,L0B,128,8587,25542,14465,14474,0,0
3529,0,L0B,128,8594,25545,14475,14484,0,0
3532,0,L0B,128,8601,25548,14485,14494,0,0
3535,0,L0B,128,8608,25551,14495,14504,0,0
3538,0,L0B,128,8615,25554,14505,14516,0,0
3541,0,L0B,128,8622,25557,14517,14528,0,0
3544,0,L0B,128,8629,25560,14529,14540,0,0
3547,0,L0B,128,8636,25563,14541,14552,0,0
3550,0,L0B,128,8643,25566,14553,14564,0,0
3553,0,L0B,128,8650,25569,14565,14576,0,0
3556,0,L0B,128,8657,25572,14577,14588,0,0
3559,0,L0B,128,8664,25575,14589,14600,0,0
3562,0,L0B,128,8671,25578,14601,14612,0,0
3565,0,L0B,128,8678,25581,14613,14624,0,0
3568,0,L0B,128,8685,25584,14625,14636,0,0
3571,0,L0B,128,8692,25587,14641,14648,0,0
3573,0,L0B,128,8697,25589,14651,14657,0,0
3575,0,L0B,128,8702,25591,14660,14666,0,0
3577,0,L0B,128,8707,25593,14669,14675,0,0
3579,0,L0B,128,8712,25595,14678,14684,0,0
3581,0,L0B,128,8717,25597,14687,14693,0,0
3583,0,L0B,128,8722,25599,14696,14702,0,0
3585,0,L0B,128,8727,25601,14705,14711,0,0
3587,0,L0B,128,8732,25603,14714,14720,0,0
3589,0,L0B,128,8737,25605,14723,14729,0,0
3591,0,L0B,128,8742,25607,14732,14738,0,0
3593,0,L0B,128,8747,25609,14741,14747,0,0
3595,0,L0B,128,8752,25611,14750,14756,0,0
3597,0,L0B,128,8757,25613,14759,14765,0,0
3599,0,L0B,128,8762,25615,14768,14774,0,0
3601,0,L0B,128,8767,25617,14777,14783,0,0
3604,0,L0B,128,8774,25620,14788,14795,0,0
3606,0,L0B,128,8779,25622,14798,14804,0,0
3608,0,L0B,128,8784,25624,14807,14813,0,0
3610,0,L0B,128,8789,25626,14816,14822,0,0
3612,0,L0B,128,8794,25628,14825,14831,0,0
3614,0,L0B,128,8799,25630,14834,14840,0,0
3616,0,L0B,128,8804,25632,14843,14849,0,0
3618,0,L0B,128,8809,25634,14852,14858,0,0
3620,0,L0B,128,8814,25636,14861,14867,0,0
3622,0,L0B,128,8819,25638,14870,14876,0,0
3624,0,L0B,128,8824,25640,14879,14885,0,0
3626,0,L0B,128,8829,25642,14888,14894,0,0
3628,0,L0B,128,8834,25644,14897,14903,0,0
3630,0,L0B,128,8839,25646,14906,14912,0,0
3632,0,L0B,128,8844,25648,14915,14921,0,0
3634,0,L0B,128,8849,25650,14924,14930,0,0
3637,0,L0B,128,8856,25653,14935,14942,0,0
3639,0,L0B,128,8861,25655,14945,14951,0,0
3641,0,L0B,128,8866,25657,14954,14960,0,0
3643,0,L0B,128,8871,25659,14963,14969,0,0
3645,0,L0B,128,8876,25661,14972,14978,0,0
3647,0,L0B,128,8881,25663,14981,14987,0,0
3649,0,L0B,128,8886,25665,14990,14996,0,0
3651,0,L0B,128,8891,25667,14999,15005,0,0
3653,0,L0B,128,8896,25669,15008,15014,0,0
3655,0,L0B,128,8901,25671,15017,15023,0,0
3657,0,L0B,128,8906,25673,15026,15032,0,0
3659,0,L0B,128,8911,25675,15035,15041,0,0
3661,0,L0B,128,8916,25677,15044,15050,0,0
3663,0,L0B,128,8921,25679,15053,15059,0,0
3665,0,L0B,128,8926,25681,15062,15068,0,0
3667,0,L0B,128,8931,25683,15071,15077,0,0
3670,0,L0B,128,8938,25686,15082,15089,0,0
3672,0,L0B,128,8943,25688,15092,15098,0,0
3674,0,L0B,128,8948,25690,15101,15107,0,0
3676,0,L0B,128,8953,25692,15110,15116,0,0
3678,0,L0B,128,8958,25694,15119,15125,0,0
3680,0,L0B,128,8963,25696,15128,15134,0,0
3682,0,L0B,128,8968,25698,15137,15143,0,0
3684,0,L0B,128,8973,25700,15146,15152,0,0
3686,0,L0B,128,8978,25702,15155,15161,0,0
3688,0,L0B,128,8983,25704,15164,15170,0,0
3690,0,L0B,128,8988,25706,15173,15179,0,0
3692,0,L0B,128,8993,25708,15182,15188,0,0
3694,0,L0B,128,8998,25710,15191,15197,0,0
3696,0,L0B,128,9003,25712,15200,15206,0,0
3698,0,L0B,128,9008,25714,15209,15215,0,0
3700,0,L0B,128,9013,25716,15218,15224,0,0
3703,0,L0B,128,9020,25719,15229,15236,0,0
3705,0,L0B,128,9025,25721,15239,15245,0,0
3707,0,L0B,128,9030,25723,15248,15254,0,0
3709,0,L0B,128,9035,25725,15257,15263,0,0
3711,0,L0B,128,9040,25727,15266,15272,0,0
3713,0,L0B,128,9045,25729,15275,15281,0,0
3715,0,L0B,128,9050,25731,15284,15290,0,0
3717,0,L0B,128,9055,25733,15293,15299,0,0
3719,0,L0B,128,9060,25735,15302,15308,0,0
3721,0,L0B,128,9065,25737,15311,15317,0,0
3723,0,L0B,128,9070,25739,15320,15326,0,0
3725,0,L0B,128,9075,25741,15329,15335,0,0
3727,0,L0B,128,9080,25743,15338,15344,0,0
3729,0,L0B,128,9085,25745,15347,15353,0,0
3731,0,L0B,128,9090,25747,15356,15362,0,0
3733,0,L0B,128,9095,25749,15365,15371,0,0
3736,0,L0B,128,9102,25752,15376,15383,0,0
3738,0,L0B,128,9107,25754,15386,15392,0,0
3740,0,L0B,128,9112,25756,15395,15401,0,0
3742,0,L0B,128,9117,25758,15404,15410,0,0
3744,0,L0B,128,9122,25760,15413,15419,0,0
3746,0,L0B,128,9127,25762,15422,15428,0,0
3748,0,L0B,128,9132,25764,15431,15437,0,0
3750,0,L0B,128,9137,25766,15440,15446,0,0
3752,0,L0B,128,9142,25768,15449,15455,0,0
3754,0,L0B,128,9147,25770,15458,15464,0,0
3756,0,L0B,128,9152,25772,15467,15473,0,0
3758,0,L0B,128,9157,25774,15476,15482,0,0
3760,0,L0B,128,9162,25776,15485,15491,0,0
3762,0,L0B,128,9167,25778,15494,15500,0,0
3764,0,L0B,128,9172,25780,15503,15509,0,0
3766,0,L0B,128,9177,25782,15512,15518,0,0
3769,0,L0B,128,9184,25785,15523,15530,0,0
3771,0,L0B,128,9189,25787,15533,15539,0,0
3773,0,L0B,128,9194,25789,15542,15548,0,0
3775,0,L0B,128,9199,25791,15551,15557,0,0
3777,0,L0B,128,9204,25793,15560,15566,0,0
3779,0,L0B,128,9209,25795,15569,15575,0,0
3781,0,L0B,128,9214,25797,15578,15584,0,0
3783,0,L0B,128,9219,25799,15587,15593,0,0
3785,0,L0B,128,9224,25801,15596,15602,0,0
3787,0,L0B,128,9229,25803,15605,15611,0,0
3789,0,L0B,128,9234,25805,15614,15620,0,0
3791,0,L0B,128,9239,25807,15623,15629,0,0
3793,0,L0B,128,9244,25809,15632,15638,0,0
3795,0,L0B,128,9249,25811,15641,15647,0,0
3797,0,L0B,128,9254,25813,15650,15656,0,0
3799,0,L0B,128,9259,25815,15659,15665,0,0
3802,0,L0B,128,9266,25818,15670,15677,0,0
3804,0,L0B,128,9271,25820,15680,15686,0,0
3806,0,L0B,128,9276,25822,15689,15695,0,0
3808,0,L0B,128,9281,25824,15698,15704,0,0
3810,0,L0B,128,9286,25826,15707,15713,0,0
3812,0,L0B,128,9291,25828,15716,15722,0,0
3814,0,L0B,128,9296,25830,15725,15731,0,0
3816,0,L0B,128,9301,25832,15734,15740,0,0
3818,0,L0B,128,9306,25834,15743,15749,0,0
3820,0,L0B,128,9311,25836,15752,15758,0,0
3822,0,L0B,128,9316,25838,15761,15767,0,0
3824,0,L0B,128,9321,25840,15770,15776,0,0
3826,0,L0B,128,9326,25842,15779,15785,0,0
3828,0,L0B,128,9331,25844,15788,15794,0,0
3830,0,L0B,128,9336,25846,15797,15803,0,0
3832,0,L0B,128,9341,25848,15806,15812,0,0
3835,0,L0B,128,9348,25851,15817,15824,0,0
3837,0,L0B,128,9353,25853,15827,15833,0,0
3839,0,L0B,128,9358,25855,15836,15842,0,0
3841,0,L0B,128,9363,25857,15845,15851,0,0
3843,0,L0B,128,9368,25859,15854,15860,0,0
3845,0,L0B,128,9373,25861,15863,15869,0,0
3847,0,L0B,128,9378,25863,15872,15878,0,0
3849,0,L0B,128,9383,25865,15881,15887,0,0
3851,0,L0B,128,9388,25867,15890,15896,0,0
3853,0,L0B,128,9393,25869,15899,15905,0,0
3855,0,L0B,128,9398,25871,15908,15914,0,0
3857,0,L0B,128,9403,25873,15917,15923,0,0
3859,0,L0B,128,9408,25875,15926,15932,0,0
3861,0,L0B,128,9413,25877,15935,15941,0,0
3863,0,L0B,128,9418,25879,15944,15950,0,0
3865,0,L0B,128,9423,25881,15953,15959,0,0
3868,0,L0B,128,9430,25884,15964,15971,0,0
3870,0,L0B,128,9435,25886,15974,15980,0,0
3872,0,L0B,128,9440,25888,15983,15989,0,0
3874,0,L0B,128,9445,25890,15992,15998,0,0
3876,0,L0B,128,9450,25892,16001,16007,0,0
3878,0,L0B,128,9455,25894,16010,16016,0,0
3880,0,L0B,128,9460,25896,16019,16025,0,0
3882,0,L0B,128,9465,25898,16028,16034,0,0
3884,0,L0B,128,9470,25900,16037,16043,0,0
3886,0,L0B,128,9475,25902,16046,16052,0,0
3888,0,L0B,128,9480,25904,16055,16061,0,0
3890,0,L0B,128,9485,25906,16064,16070,0,0
3892,0,L0B,128,9490,25908,16073,16079,0,0
3894,0,L0B,128,9495,25910,16082,16088,0,0
3896,0,L0B,128,9500,25912,16091,16097,0,0
3898,0,L0B,128,9505,25914,16100,16106,0,0
3901,0,L0B,128,9512,25917,16111,16118,0,0
3903,0,L0B,128,9517,25919,16121,16127,0,0
3905,0,L0B,128,9522,25921,16130,16136,0,0
3907,0,L0B,128,9527,25923,16139,16145,0,0
3909,0,L0B,128,9532,25925,16148,16154,0,0
3911,0,L0B,128,9537,25927,16157,16163,0,0
3913,0,L0B,128,9542,25929,16166,16172,0,0
3915,0,L0B,128,9547,25931,16175,16181,0,0
3917,0,L0B,128,9552,25933,16184,16190,0,0
3919,0,L0B,128,9557,25935,16193,16199,0,0
3921,0,L0B,128,9562,25937,16202,16208,0,0
3923,0,L0B,128,9567,25939,16211,16217,0,0
3925,0,L0B,128,9572,25941,16220,16226,0,0
3927,0,L0B,128,9577,25943,16229,16235,0,0
3929,0,L0B,128,9582,25945,16238,16244,0,0
3931,0,L0B,128,9587,25947,16247,16253,0,0
3934,0,L0B,128,9594,25950,16258,16265,0,0
3936,0,L0B,128,9599,25952,16268,16274,0,0
3938,0,L0B,128,9604,25954,16277,16283,0,0
3940,0,L0B,128,9609,25956,16286,16292,0,0
3942,0,L0B,128,9614,25958,16295,16301,0,0
3944,0,L0B,128,9619,25960,16304,16310,0,0
3946,0,L0B,128,9624,25962,16313,16319,0,0
3948,0,L0B,128,9629,25964,16322,16328,0,0
3950,0,L0B,128,9634,25966,16331,16337,0,0
3952,0,L0B,128,9639,25968,16340,16346,0,0
3954,0,L0B,128,9644,25970,16349,16355,0,0
3956,0,L0B,128,9649,25972,16358,16364,0,0
3958,0,L0B,128,9654,25974,16367,16373,0,0
3960,0,L0B,128,9659,25976,16376,16382,0,0
3962,0,L0B,128,9664,25978,16385,16391,0,0
3964,0,L0B,128,9669,25980,16394,16400,0,0
3967,0,L0B,128,9676,25983,16405,16412,0,0
3969,0,L0B,128,9681,25985,16415,16421,0,0
3971,0,L0B,128,9686,25987,16424,16430,0,0
3973,0,L0B,128,9691,25989,16433,16439,0,0
3975,0,L0B,128,9696,25991,16442,16448,0,0
3977,0,L0B,128,9701,25993,16451,16457,0,0
3979,0,L0B,128,9706,25995,16460,16466,0,0
3981,0,L0B,128,9711,25997,16469,16475,0,0
3983,0,L0B,128,9716,25999,16478,16484,0,0
3985,0,L0B,128,9721,26001,16487,16493,0,0
3987,0,L0B,128,9726,26003,16496,16502,0,0
3989,0,L0B,128,9731,26005,16505,16511,0,0
3991,0,L0B,128,9736,26007,16514,16520,0,0
3993,0,L0B,128,9741,26009,16523,16529,0,0
3995,0,L0B,128,9746,26011,16532,16538,0,0
3997,0,L0B,128,9751,26013,16541,16547,0,0
4000,0,L0B,128,9758,26016,16552,16559,0,0
4002,0,L0B,128,9763,26018,16562,16568,0,0
4004,0,L0B,128,9768,26020,16571,16577,0,0
4006,0,L0B,128,9773,26022,16580,16586,0,0
4008,0,L0B,128,9778,26024,16589,16595,0,0
4010,0,L0B,128,9783,26026,16598,16604,0,0
4012,0,L0B,128,9788,26028,16607,16613,0,0
4014,0,L0B,128,9793,26030,16616,16622,0,0
4016,0,L0B,128,9798,26032,16625,16631,0,0
4018,0,L0B,128,9803,26034,16634,16640,0,0
4020,0,L0B,128,9808,26036,16643,16647,0,0
4022,0,L0B,128,9813,26038,16650,16654,0,0
4024,0,L0B,128,9818,26040,16657,16661,0,0
4026,0,L0B,128,9823,26042,16664,16668,0,0
4028,0,L0B,128,9828,26044,16671,16675,0,0
4030,0,L0B,128,9833,26046,16678,16682,0,0
4033,0,L0B,128,9840,26049,16688,16693,0,0
4035,0,L0B,128,9845,26051,16697,16701,0,0
4037,0,L0B,128,9850,26053,16705,16709,0,0
4039,0,L0B,128,9855,26055,16713,16717,0,0
4041,0,L0B,128,9860,26057,16721,16725,0,0
4043,0,L0B,128,9865,26059,16729,16733,0,0
4045,0,L0B,128,9870,26061,16737,16741,0,0
4047,0,L0B,128,9875,26063,16745,16749,0,0
4049,0,L0B,128,9880,26065,16753,16757,0,0
4051,0,L0B,128,9885,26067,16761,16766,0,0
4053,0,L0B,128,9890,26069,16770,16775,0,0
4055,0,L0B,128,9895,26071,16779,16784,0,0
4057,0,L0B,128,9900,26073,16788,16793,0,0
4059,0,L0B,128,9905,26075,16797,16802,0,0
4061,0,L0B,128,9910,26077,16806,16811,0,0
4063,0,L0B,128,9915,26079,16815,16820,0,0
4067,0,L0B,128,9924,26083,16823,16833,0,0
4070,0,L0B,128,9931,26086,16834,16843,0,0
4073,0,L0B,128,9938,26089,16844,16853,0,0
4076,0,L0B,128,9945,26092,16854,16863,0,0
4079,0,L0B,128,9952,26095,16864,16874,0,0
4082,0,L0B,128,9959,26098,16875,16886,0,0
4085,0,L0B,128,9966,26101,16887,16898,0,0
4088,0,L0B,128,9973,26104,16899,16910,0,0
4091,0,L0B,128,9980,26107,16911,16922,0,0
4094,0,L0B,128,9987,26110,16923,16934,0,0
4097,0,L0B,128,9994,26113,16935,16946,0,0
4100,0,L0B,128,10001,26116,16947,16958,0,0
4103,0,L0B,128,10008,26119,16959,16970,0,0
4106,0,L0B,128,10015,26122,16971,16982,0,0
4109,0,L0B,128,10022,26125,16983,16994,0,0
4112,0,L0B,128,10029,26128,16995,17006,0,0
4115,0,L0B,128,10036,26131,17011,17018,0,0
4117,0,L0B,128,10041,26133,17021,17027,0,0
4119,0,L0B,128,10046,26135,17030,17036,0,0
4121,0,L0B,128,10051,26137,17039,17045,0,0
4123,0,L0B,128,10056,26139,17048,17054,0,0
4125,0,L0B,128,10061,26141,17057,17063,0,0
4127,0,L0B,128,10066,26143,17066,17072,0,0
4129,0,L0B,128,10071,26145,17075,17081,0,0
4131,0,L0B,128,10076,26147,17084,17090,0,0
4133,0,L0B,128,10081,26149,17093,17099,0,0
4135,0,L0B,128,10086,26151,17102,17108,0,0
4137,0,L0B,128,10091,26153,17111,17117,0,0
4139,0,L0B,128,10096,26155,17120,17126,0,0
4141,0,L0B,128,10101,26157,17129,17135,0,0
4143,0,L0B,128,10106,26159,17138,17144,0,0
4145,0,L0B,128,10111,26161,17147,17153,0,0
4148,0,L0B,128,10118,26164,17158,17165,0,0
4150,0,L0B,128,10123,26166,17168,17174,0,0
4152,0,L0B,128,10128,26168,17177,17183,0,0
4154,0,L0B,128,10133,26170,17186,17192,0,0
4156,0,L0B,128,10138,26172,17195,17201,0,0
4158,0,L0B,128,10143,26174,17204,17210,0,0
4160,0,L0B,128,10148,26176,17213,17219,0,0
4162,0,L0B,128,10153,26178,17222,17228,0,0
4164,0,L0B,128,10158,26180,17231,17237,0,0
4166,0,L0B,128,10163,26182,17240,17246,0,0
4168,0,L0B,128,10168,26184,17249,17255,0,0
4170,0,L0B,128,10173,26186,17258,17264,0,0
4172,0,L0B,128,10178,26188,17267,17273,0,0
4174,0,L0B,128,10183,26190,17276,17282,0,0
4176,0,L0B,128,10188,26192,17285,17291,0,0
4178,0,L0B,128,10193,26194,17294,17300,0,0
4181,0,L0B,128,10200,26197,17305,17312,0,0
4183,0,L0B,128,10205,26199,17315,17321,0,0
4185,0,L0B,128,10210,26201,17324,17330,0,0
4187,0,L0B,128,10215,26203,17333,17339,0,0
4189,0,L0B,128,10220,26205,17342,17348,0,0
4191,0,L0B,128,10225,26207,17351,17357,0,0
4193,0,L0B,128,10230,26209,17360,17366,0,0
4195,0,L0B,128,10235,26211,17369,17375,0,0
4197,0,L0B,128,10240,26213,17378,17384,0,0
4199,0,L0B,128,10245,26215,17387,17393,0,0
4201,0,L0B,128,10250,26217,17396,17402,0,0
4203,0,L0B,128,10255,26219,17405,17411,0,0
4205,0,L0B,128,10260,26221,17414,17420,0,0
4207,0,L0B,128,10265,26223,17423,17429,0,0
4209,0,L0B,128,10270,26225,17432,17438,0,0
4211,0,L0B,128,10275,26227,17441,17447,0,0
4214,0,L0B,128,10282,26230,17452,17459,0,0
4216,0,L0B,128,10287,26232,17462,17468,0,0
4218,0,L0B,128,10292,26234,17471,17477,0,0
4220,0,L0B,128,10297,26236,17480,17486,0,0
4222,0,L0B,128,10302,26238,17489,17495,0,0
4224,0,L0B,128,10307,26240,17498,17504,0,0
4226,0,L0B,128,10312,26242,17507,17513,0,0
4228,0,L0B,128,10317,26244,17516,17522,0,0
4230,0,L0B,128,10322,26246,17525,17531,0,0
4232,0,L0B,128,10327,26248,17534,17540,0,0
4234,0,L0B,128,10332,26250,17543,17549,0,0
4236,0,L0B,128,10337,26252,17552,17558,0,0
4238,0,L0B,128,10342,26254,17561,17567,0,0
4240,0,L0B,128,10347,26256,17570,17576,0,0
4242,0,L0B,128,10352,26258,17579,17585,0,0
4244,0,L0B,128,10357,26260,17588,17594,0,0
4247,0,L0B,128,10364,26263,17599,17606,0,0
4249,0,L0B,128,10369,26265,17609,17615,0,0
4251,0,L0B,128,10374,26267,17618,17624,0,0
4253,0,L0B,128,10379,26269,17627,17633,0,0
4255,0,L0B,128,10384,26271,17636,17642,0,0
4257,0,L0B,128,10389,26273,17645,17651,0,0
4259,0,L0B,128,10394,26275,17654,17660,0,0
4261,0,L0B,128,10399,26277,17663,17669,0,0
4263,0,L0B,128,10404,26279,17672,17678,0,0
4265,0,L0B,128,10409,26281,17681,17687,0,0
4267,0,L0B,128,10414,26283,17690,17696,0,0
4269,0,L0B,128,10419,26285,17699,17705,0,0
4271,0,L0B,128,10424,26287,17708,17714,0,0
4273,0,L0B,128,10429,26289,17717,17723,0,0
4275,0,L0B,128,10434,26291,17726,17732,0,0
4277,0,L0B,128,10439,26293,17735,17741,0,0
4280,0,L0B,128,10446,26296,17746,17753,0,0
4282,0,L0B,128,10451,26298,17756,17762,0,0
4284,0,L0B,128,10456,26300,17765,17771,0,0
4286,0,L0B,128,10461,26302,17774,17780,0,0
4288,0,L0B,128,10466,26304,17783,17789,0,0
4290,0,L0B,128,10471,26306,17792,17798,0,0
4292,0,L0B,128,10476,26308,17801,17807,0,0
4294,0,L0B,128,10481,26310,17810,17816,0,0
4296,0,L0B,128,10486,26312,17819,17825,0,0
4298,0,L0B,128,10491,26314,17828,17834,0,0
4300,0,L0B,128,10496,26316,17837,17843,0,0
4302,0,L0B,128,10501,26318,17846,17852,0,0
4304,0,L0B,128,10506,26320,17855,17861,0,0
4306,0,L0B,128,10511,26322,17864,17870,0,0
4308,0,L0B,128,10516,26324,17873,17879,0,0
4310,0,L0B,128,10521,26326,17882,17888,0,0
4313,0,L0B,128,10528,26329,17893,17900,0,0
4315,0,L0B,128,10533,26331,17903,17909,0,0
4317,0,L0B,128,10538,26333,17912,17918,0,0
4319,0,L0B,128,10543,26335,17921,17927,0,0
4321,0,L0B,128,10548,26337,17930,17936,0,0
4323,0,L0B,128,10553,26339,17939,17945,0,0
4325,0,L0B,128,10558,26341,17948,17954,0,0
4327,0,L0B,128,10563,26343,17957,17963,0,0
4329,0,L0B,128,10568,26345,17966,17972,0,0
4331,0,L0B,128,10573,26347,17975,17981,0,0
4333,0,L0B,128,10578,26349,17984,17990,0,0
4335,0,L0B,128,10583,26351,17993,17999,0,0
4337,0,L0B,128,10588,26353,18002,18008,0,0
4339,0,L0B,128,10593,26355,18011,18017,0,0
4341,0,L0B,128,10598,26357,18020,18026,0,0
4343,0,L0B,128,10603,26359,18029,18035,0,0
4346,0,L0B,128,10610,26362,18040,18047,0,0
4348,0,L0B,128,10615,26364,18050,18056,0,0
4350,0,L0B,128,10620,26366,18059,18065,0,0
4352,0,L0B,128,10625,26368,18068,18074,0,0
4354,0,L0B,128,10630,26370,18077,18083,0,0
4356,0,L0B,128,10635,26372,18086,18092,0,0
4358,0,L0B,128,10640,26374,18095,18101,0,0
4360,0,L0B,128,10645,26376,18104,18110,0,0
4362,0,L0B,128,10650,26378,18113,18119,0,0
4364,0,L0B,128,10655,26380,18122,18128,0,0
4366,0,L0B,128,10660,26382,18131,18137,0,0
4368,0,L0B,128,10665,26384,18140,18146,0,0
4370,0,L0B,128,10670,26386,18149,18155,0,0
4372,0,L0B,128,10675,26388,18158,18164,0,0
4374,0,L0B,128,10680,26390,18167,18173,0,0
4376,0,L0B,128,10685,26392,18176,18182,0,0
4379,0,L0B,128,10692,26395,18187,18194,0,0
4381,0,L0B,128,10697,26397,18197,18203,0,0
4383,0,L0B,128,10702,26399,18206,18212,0,0
4385,0,L0B,128,10707,26401,18215,18221,0,0
4387,0,L0B,128,10712,26403,18224,18230,0,0
4389,0,L0B,128,10717,26405,18233,18239,0,0
4391,0,L0B,128,10722,26407,18242,18248,0,0
4393,0,L0B,128,10727,26409,18251,18257,0,0
4395,0,L0B,128,10732,26411,18260,18266,0,0
4397,0,L0B,128,10737,26413,18269,18275,0,0
4399,0,L0B,128,10742,26415,18278,18284,0,0
4401,0,L0B,128,10747,26417,18287,18293,0,0
4403,0,L0B,128,10752,26419,18296,18302,0,0
4405,0,L0B,128,10757,26421,18305,18311,0,0
4407,0,L0B,128,10762,26423,18314,18320,0,0
4409,0,L0B,128,10767,26425,18323,18329,0,0
4412,0,L0B,128,10774,26428,18334,18341,0,0
4414,0,L0B,128,10779,26430,18344,18350,0,0
4416,0,L0B,128,10784,26432,18353,18359,0,0
4418,0,L0B,128,10789,26434,18362,18368,0,0
4420,0,L0B,128,10794,26436,18371,18377,0,0
4422,0,L0B,128,10799,26438,18380,18386,0,0
4424,0,L0B,128,10804,26440,18389,18395,0,0
4426,0,L0B,128,10809,26442,18398,18404,0,0
4428,0,L0B,128,10814,26444,18407,18413,0,0
4430,0,L0B,128,10819,26446,18416,18422,0,0
4432,0,L0B,128,10824,26448,18425,18431,0,0
4434,0,L0B,128,10829,26450,18434,18440,0,0
4436,0,L0B,128,10834,26452,18443,18449,0,0
4438,0,L0B,128,10839,26454,18452,18458,0,0
4440,0,L0B,128,10844,26456,18461,18467,0,0
4442,0,L0B,128,10849,26458,18470,18476,0,0
4445,0,L0B,128,10856,26461,18481,18488,0,0
4447,0,L0B,128,10861,26463,18491,18497,0,0
4449,0,L0B,128,10866,26465,18500,18506,0,0
4451,0,L0B,128,10871,26467,18509,18515,0,0
4453,0,L0B,128,10876,26469,18518,18524,0,0
4455,0,L0B,128,10881,26471,18527,18533,0,0
4457,0,L0B,128,10886,26473,18536,18542,0,0
4459,0,L0B,128,10891,26475,18545,18551,0,0
4461,0,L0B,128,10896,26477,18554,18560,0,0
4463,0,L0B,128,10901,26479,18563,18569,0,0
4465,0,L0B,128,10906,26481,18572,18578,0,0
4467,0,L0B,128,10911,26483,18581,18587,0,0
4469,0,L0B,128,10916,26485,18590,18596,0,0
4471,0,L0B,128,10921,26487,18599,18605,0,0
4473,0,L0B,128,10926,26489,18608,18614,0,0
4475,0,L0B,128,10931,26491,18617,18623,0,0
4478,0,L0B,128,10938,26494,18628,18635,0,0
4480,0,L0B,128,10943,26496,18638,18644,0,0
4482,0,L0B,128,10948,26498,18647,18653,0,0
4484,0,L0B,128,10953,26500,18656,18662,0,0
4486,0,L0B,128,10958,26502,18665,18671,0,0
4488,0,L0B,128,10963,26504,18674,18680,0,0
4490,0,L0B,128,10968,26506,18683,18689,0,0
4492,0,L0B,128,10973,26508,18692,18698,0,0
4494,0,L0B,128,10978,26510,18701,18707,0,0
4496,0,L0B,128,10983,26512,18710,18716,0,0
4498,0,L0B,128,10988,26514,18719,18725,0,0
4500,0,L0B,128,10993,26516,18728,18734,0,0
4502,0,L0B,128,10998,26518,18737,18743,0,0
4504,0,L0B,128,11003,26520,18746,18752,0,0
4506,0,L0B,128,11008,26522,18755,18761,0,0
4508,0,L0B,128,11013,26524,18764,18770,0,0
4511,0,L0B,128,11020,26527,18775,18782,0,0
4513,0,L0B,128,11025,26529,18785,18791,0,0
4515,0,L0B,128,11030,26531,18794,18800,0,0
4517,0,L0B,128,11035,26533,18803,18809,0,0
4519,0,L0B,128,11040,26535,18812,18818,0,0
4521,0,L0B,128,11045,26537,18821,18827,0,0
4523,0,L0B,128,11050,26539,18830,18836,0,0
4525,0,L0B,128,11055,26541,18839,18845,0,0
4527,0,L0B,128,11060,26543,18848,18854,0,0
4529,0,L0B,128,11065,26545,18857,18863,0,0
4531,0,L0B,128,11070,26547,18866,18872,0,0
4533,0,L0B,128,11075,26549,18875,18881,0,0
4535,0,L0B,128,11080,26551,18884,18890,0,0
4537,0,L0B,128,11085,26553,18893,18899,0,0
4539,0,L0B,128,11090,26555,18902,18908,0,0
4541,0,L0B,128,11095,26557,18911,18917,0,0
4544,0,L0B,128,11102,26560,18922,18929,0,0
4546,0,L0B,128,11107,26562,18932,18938,0,0
4548,0,L0B,128,11112,26564,18941,18947,0,0
4550,0,L0B,128,11117,26566,18950,18956,0,0
4552,0,L0B,128,11122,26568,18959,18965,0,0
4554,0,L0B,128,11127,26570,18968,18974,0,0
4556,0,L0B,128,11132,26572,18977,18983,0,0
4558,0,L0B,128,11137,26574,18986,18992,0,0
4560,0,L0B,128,11142,26576,18995,19001,0,0
4562,0,L0B,128,11147,26578,19004,19008,0,0
4564,0,L0B,128,11152,26580,19011,19015,0,0
4566,0,L0B,128,11157,26582,19018,19022,0,0
4568,0,L0B,128,11162,26584,19025,19029,0,0
4570,0,L0B,128,11167,26586,19032,19036,0,0
4572,0,L0B,128,11172,26588,19039,19043,0,0
4574,0,L0B,128,11177,26590,19046,19050,0,0
4577,0,L0B,128,11184,26593,19056,19061,0,0
4579,0,L0B,128,11189,26595,19065,19069,0,0
4581,0,L0B,128,11194,26597,19073,19077,0,0
4583,0,L0B,128,11199,26599,19081,19085,0,0
4585,0,L0B,128,11204,26601,19089,19093,0,0
4587,0,L0B,128,11209,26603,19097,19101,0,0
4589,0,L0B,128,11214,26605,19105,19109,0,0
4591,0,L0B,128,11219,26607,19113,19117,0,0
4593,0,L0B,128,11224,26609,19121,19126,0,0
4595,0,L0B,128,11229,26611,19130,19135,0,0
4597,0,L0B,128,11234,26613,19139,19144,0,0
4599,0,L0B,128,11239,26615,19148,19153,0,0
4601,0,L0B,128,11244,26617,19157,19162,0,0
4603,0,L0B,128,11249,26619,19166,19171,0,0
4605,0,L0B,128,11254,26621,19175,19180,0,0
4607,0,L0B,128,11259,26623,19184,19189,0,0
4611,0,L0B,128,11268,26627,19192,19202,0,0
4614,0,L0B,128,11275,26630,19203,19212,0,0
4617,0,L0B,128,11282,26633,19213,19222,0,0
4620,0,L0B,128,11289,26636,19223,19232,0,0
4623,0,L0B,128,11296,26639,19233,19244,0,0
4626,0,L0B,128,11303,26642,19245,19256,0,0
4629,0,L0B,128,11310,26645,19257,19268,0,0
4632,0,L0B,128,11317,26648,19269,19280,0,0
4635,0,L0B,128,11324,26651,19281,19292,0,0
4638,0,L0B,128,11331,26654,19293,19304,0,0
4641,0,L0B,128,11338,26657,19305,19316,0,0
4644,0,L0B,128,11345,26660,19317,19328,0,0
4647,0,L0B,128,11352,26663,19329,19340,0,0
4650,0,L0B,128,11359,26666,19341,19352,0,0
4653,0,L0B,128,11366,26669,19353,19364,0,0
4656,0,L0B,128,11373,26672,19365,19376,0,0
4659,0,L0B,128,11380,26675,19381,19388,0,0
4661,0,L0B,128,11385,26677,19391,19397,0,0
4663,0,L0B,128,11390,26679,19400,19406,0,0
4665,0,L0B,128,11395,26681,19409,19415,0,0
4667,0,L0B,128,11400,26683,19418,19424,0,0
4669,0,L0B,128,11405,26685,19427,19433,0,0
4671,0,L0B,128,11410,26687,19436,19442,0,0
4673,0,L0B,128,11415,26689,19445,19451,0,0
4675,0,L0B,128,11420,26691,19454,19460,0,0
4677,0,L0B,128,11425,26693,19463,19469,0,0
4679,0,L0B,128,11430,26695,19472,19478,0,0
4681,0,L0B,128,11435,26697,19481,19487,0,0
4683,0,L0B,128,11440,26699,19490,19496,0,0
4685,0,L0B,128,11445,26701,19499,19505,0,0
4687,0,L0B,128,11450,26703,19508,19514,0,0
4689,0,L0B,128,11455,26705,19517,19523,0,0
4692,0,L0B,128,11462,26708,19528,19535,0,0
4694,0,L0B,128,11467,26710,19538,19544,0,0
4696,0,L0B,128,11472,26712,19547,19553,0,0
4698,0,L0B,128,11477,26714,19556,19562,0,0
4700,0,L0B,128,11482,26716,19565,19571,0,0
4702,0,L0B,128,11487,26718,19574,19580,0,0
4704,0,L0B,128,11492,26720,19583,19589,0,0
4706,0,L0B,128,11497,26722,19592,19598,0,0
4708,0,L0B,128,11502,26724,19601,19607,0,0
4710,0,L0B,128,11507,26726,19610,19616,0,0
4712,0,L0B,128,11512,26728,19619,19625,0,0
4714,0,L0B,128,11517,26730,19628,19634,0,0
4716,0,L0B,128,11522,26732,19637,19643,0,0
4718,0,L0B,128,11527,26734,19646,19652,0,0
4720,0,L0B,128,11532,26736,19655,19661,0,0
4722,0,L0B,128,11537,26738,19664,19670,0,0
4725,0,L0B,128,11544,26741,19675,19682,0,0
4727,0,L0B,128,11549,26743,19685,19691,0,0
4729,0,L0B,128,11554,26745,19694,19700,0,0
4731,0,L0B,128,11559,26747,19703,19709,0,0
4733,0,L0B,128,11564,26749,19712,19718,0,0
4735,0,L0B,128,11569,26751,19721,19727,0,0
4737,0,L0B,128,11574,26753,19730,19736,0,0
4739,0,L0B,128,11579,26755,19739,19745,0,0
4741,0,L0B,128,11584,26757,19748,19754,0,0
4743,0,L0B,128,11589,26759,19757,19763,0,0
4745,0,L0B,128,11594,26761,19766,19772,0,0
4747,0,L0B,128,11599,26763,19775,19781,0,0
4749,0,L0B,128,11604,26765,19784,19790,0,0
4751,0,L0B,128,11609,26767,19793,19799,0,0
4753,0,L0B,128,11614,26769,19802,19808,0,0
4755,0,L0B,128,11619,26771,19811,19817,0,0
4758,0,L0B,128,11626,26774,19822,19829,0,0
4760,0,L0B,128,11631,26776,19832,19838,0,0
4762,0,L0B,128,11636,26778,19841,19847,0,0
4764,0,L0B,128,11641,26780,19850,19856,0,0
4766,0,L0B,128,11646,26782,19859,19865,0,0
4768,0,L0B,128,11651,26784,19868,19874,0,0
4770,0,L0B,128,11656,26786,19877,19883,0,0
4772,0,L0B,128,11661,26788,19886,19892,0,0
4774,0,L0B,128,11666,26790,19895,19901,0,0
4776,0,L0B,128,11671,26792,19904,19910,0,0
4778,0,L0B,128,11676,26794,19913,19919,0,0
4780,0,L0B,128,11681,26796,19922,19928,0,0
4782,0,L0B,128,11686,26798,19931,19937,0,0
4784,0,L0B,128,11691,26800,19940,19946,0,0
4786,0,L0B,128,11696,26802,19949,19955,0,0
4788,0,L0B,128,11701,26804,19958,19964,0,0
4791,0,L0B,128,11708,26807,19969,19976,0,0
4793,0,L0B,128,11713,26809,19979,19985,0,0
4795,0,L0B,128,11718,26811,19988,19994,0,0
4797,0,L0B,128,11723,26813,19997,20003,0,0
4799,0,L0B,128,11728,26815,20006,20012,0,0
4801,0,L0B,128,11733,26817,20015,20021,0,0
4803,0,L0B,128,11738,26819,20024,20030,0,0
4805,0,L0B,128,11743,26821,20033,20039,0,0
4807,0,L0B,128,11748,26823,20042,20048,0,0
4809,0,L0B,128,11753,26825,20051,20057,0,0
4811,0,L0B,128,11758,26827,20060,20066,0,0
4813,0,L0B,128,11763,26829,20069,20075,0,0
4815,0,L0B,128,11768,26831,20078,20084,0,0
4817,0,L0B,128,11773,26833,20087,20093,0,0
4819,0,L0B,128,11778,26835,20096,20102,0,0
4821,0,L0B,128,11783,26837,20105,20111,0,0
4824,0,L0B,128,11790,26840,20116,20123,0,0
4826,0,L0B,128,11795,26842,20126,20132,0,0
4828,0,L0B,128,11800,26844,20135,20141,0,0
4830,0,L0B,128,11805,26846,20144,20150,0,0
4832,0,L0B,128,11810,26848,20153,20159,0,0
4834,0,L0B,128,11815,26850,20162,20168,0,0
4836,0,L0B,128,11820,26852,20171,20177,0,0
4838,0,L0B,128,11825,26854,20180,20186,0,0
4840,0,L0B,128,11830,26856,20189,20195,0,0
4842,0,L0B,128,11835,26858,20198,20204,0,0
4844,0,L0B,128,11840,26860,20207,20213,0,0
4846,0,L0B,128,11845,26862,20216,20222,0,0
4848,0,L0B,128,11850,26864,20225,20231,0,0
4850,0,L0B,128,11855,26866,20234,20240,0,0
4852,0,L0B,128,11860,26868,20243,20249,0,0
4854,0,L0B,128,11865,26870,20252,20258,0,0
4857,0,L0B,128,11872,26873,20263,20270,0,0
4859,0,L0B,128,11877,26875,20273,20279,0,0
4861,0,L0B,128,11882,26877,20282,20288,0,0
4863,0,L0B,128,11887,26879,20291,20297,0,0
4865,0,L0B,128,11892,26881,20300,20306,0,0
4867,0,L0B,128,11897,26883,20309,20315,0,0
4869,0,L0B,128,11902,26885,20318,20324,0,0
4871,0,L0B,128,11907,26887,20327,20333,0,0
4873,0,L0B,128,11912,26889,20336,20342,0,0
4875,0,L0B,128,11917,26891,20345,20351,0,0
4877,0,L0B,128,11922,26893,20354,20360,0,0
4879,0,L0B,128,11927,26895,20363,20369,0,0
4881,0,L0B,128,11932,26897,20372,20378,0,0
4883,0,L0B,128,11937,26899,20381,20387,0,0
4885,0,L0B,128,11942,26901,20390,20396,0,0
4887,0,L0B,128,11947,26903,20399,20405,0,0
4890,0,L0B,128,11954,26906,20410,20417,0,0
4892,0,L0B,128,11959,26908,20420,20426,0,0
4894,0,L0B,128,11964,26910,20429,20435,0,0
4896,0,L0B,128,11969,26912,20438,20444,0,0
4898,0,L0B,128,11974,26914,20447,20453,0,0
4900,0,L0B,128,11979,26916,20456,20462,0,0
4902,0,L0B,128,11984,26918,20465,20471,0,0
4904,0,L0B,128,11989,26920,20474,20480,0,0
4906,0,L0B,128,11994,26922,20483,20489,0,0
4908,0,L0B,128,11999,26924,20492,20498,0,0
4910,0,L0B,128,12004,26926,20501,20507,0,0
4912,0,L0B,128,12009,26928,20510,20516,0,0
4914,0,L0B,128,12014,26930,20519,20525,0,0
4916,0,L0B,128,12019,26932,20528,20534,0,0
4918,0,L0B,128,12024,26934,20537,20543,0,0
4920,0,L0B,128,12029,26936,20546,20552,0,0
4923,0,L0B,128,12036,26939,20557,20564,0,0
4925,0,L0B,128,12041,26941,20567,20573,0,0
4927,0,L0B,128,12046,26943,20576,20582,0,0
4929,0,L0B,128,12051,26945,20585,20591,0,0
4931,0,L0B,128,12056,26947,20594,20600,0,0
4933,0,L0B,128,12061,26949,20603,20609,0,0
4935,0,L0B,128,12066,26951,20612,20618,0,0
4937,0,L0B,128,12071,26953,20621,20627,0,0
4939,0,L0B,128,12076,26955,20630,20636,0,0
4941,0,L0B,128,12081,26957,20639,20645,0,0
4943,0,L0B,128,12086,26959,20648,20654,0,0
4945,0,L0B,128,12091,26961,20657,20663,0,0
4947,0,L0B,128,12096,26963,20666,20672,0,0
4949,0,L0B,128,12101,26965,20675,20681,0,0
4951,0,L0B,128,12106,26967,20684,20690,0,0
4953,0,L0B,128,12111,26969,20693,20699,0,0
4956,0,L0B,128,12118,26972,20704,20711,0,0
4958,0,L0B,128,12123,26974,20714,20720,0,0
4960,0,L0B,128,12128,26976,20723,20729,0,0
4962,0,L0B,128,12133,26978,20732,20738,0,0
4964,0,L0B,128,12138,26980,20741,20747,0,0
4966,0,L0B,128,12143,26982,20750,20756,0,0
4968,0,L0B,128,12148,26984,20759,20765,0,0
4970,0,L0B,128,12153,26986,20768,20774,0,0
4972,0,L0B,128,12158,26988,20777,20783,0,0
4974,0,L0B,128,12163,26990,20786,20792,0,0
4976,0,L0B,128,12168,26992,20795,20801,0,0
4978,0,L0B,128,12173,26994,20804,20810,0,0
4980,0,L0B,128,12178,26996,20813,20819,0,0
4982,0,L0B,128,12183,26998,20822,20828,0,0
4984,0,L0B,128,12188,27000,20831,20837,0,0
4986,0,L0B,128,12193,27002,20840,20846,0,0
4989,0,L0B,128,12200,27005,20851,20858,0,0
4991,0,L0B,128,12205,27007,20861,20867,0,0
4993,0,L0B,128,12210,27009,20870,20876,0,0
4995,0,L0B,128,12215,27011,20879,20885,0,0
4997,0,L0B,128,12220,27013,20888,20894,0,0
4999,0,L0B,128,12225,27015,20897,20903,0,0
5001,0,L0B,128,12230,27017,20906,20912,0,0
5003,0,L0B,128,12235,27019,20915,20921,0,0
5005,0,L0B,128,12240,27021,20924,20930,0,0
5007,0,L0B,128,12245,27023,20933,20939,0,0
5009,0,L0B,128,12250,27025,20942,20948,0,0
5011,0,L0B,128,12255,27027,20951,20957,0,0
5013,0,L0B,128,12260,27029,20960,20966,0,0
5015,0,L0B,128,12265,27031,20969,20975,0,0
5017,0,L0B,128,12270,27033,20978,20984,0,0
5019,0,L0B,128,12275,27035,20987,20993,0,0
5022,0,L0B,128,12282,27038,20998,21005,0,0
5024,0,L0B,128,12287,27040,21008,21014,0,0
5026,0,L0B,128,12292,27042,21017,21023,0,0
5028,0,L0B,128,12297,27044,21026,21032,0,0
5030,0,L0B,128,12302,27046,21035,21041,0,0
5032,0,L0B,128,12307,27048,21044,21050,0,0
5034,0,L0B,128,12312,27050,21053,21059,0,0
5036,0,L0B,128,12317,27052,21062,21068,0,0
5038,0,L0B,128,12322,27054,21071,21077,0,0
5040,0,L0B,128,12327,27056,21080,21086,0,0
5042,0,L0B,128,12332,27058,21089,21095,0,0
5044,0,L0B,128,12337,27060,21098,21104,0,0
5046,0,L0B,128,12342,27062,21107,21113,0,0
5048,0,L0B,128,12347,27064,21116,21122,0,0
5050,0,L0B,128,12352,27066,21125,21131,0,0
5052,0,L0B,128,12357,27068,21134,21140,0,0
5055,0,L0B,128,12364,27071,21145,21152,0,0
5057,0,L0B,128,12369,27073,21155,21161,0,0
5059,0,L0B,128,12374,27075,21164,21170,0,0
5061,0,L0B,128,12379,27077,21173,21179,0,0
5063,0,L0B,128,12384,27079,21182,21188,0,0
5065,0,L0B,128,12389,27081,21191,21197,0,0
5067,0,L0B,128,12394,27083,21200,21206,0,0
5069,0,L0B,128,12399,27085,21209,21215,0,0
5071,0,L0B,128,12404,27087,21218,21224,0,0
5073,0,L0B,128,12409,27089,21227,21233,0,0
5075,0,L0B,128,12414,27091,21236,21242,0,0
5077,0,L0B,128,12419,27093,21245,21251,0,0
5079,0,L0B,128,12424,27095,21254,21260,0,0
5081,0,L0B,128,12429,27097,21263,21269,0,0
5083,0,L0B,128,12434,27099,21272,21278,0,0
5085,0,L0B,128,12439,27101,21281,21287,0,0
5088,0,L0B,128,12446,27104,21292,21299,0,0
5090,0,L0B,128,12451,27106,21302,21308,0,0
5092,0,L0B,128,12456,27108,21311,21317,0,0
5094,0,L0B,128,12461,27110,21320,21326,0,0
5096,0,L0B,128,12466,27112,21329,21335,0,0
5098,0,L0B,128,12471,27114,21338,21344,0,0
5100,0,L0B,128,12476,27116,21347,21353,0,0
5102,0,L0B,128,12481,27118,21356,21362,0,0
5104,0,L0B,128,12486,27120,21365,21369,0,0
5106,0,L0B,128,12491,27122,21372,21376,0,0
5108,0,L0B,128,12496,27124,21379,21383,0,0
5110,0,L0B,128,12501,27126,21386,21390,0,0
5112,0,L0B,128,12506,27128,21393,21397,0,0
5114,0,L0B,128,12511,27130,21400,21404,0,0
5116,0,L0B,128,12516,27132,21407,21411,0,0
5118,0,L0B,128,12521,27134,21414,21418,0,0
5121,0,L0B,128,12528,27137,21424,21429,0,0
5123,0,L0B,128,12533,27139,21433,21437,0,0
5125,0,L0B,128,12538,27141,21441,21445,0,0
5127,0,L0B,128,12543,27143,21449,21453,0,0
5129,0,L0B,128,12548,27145,21457,21461,0,0
5131,0,L0B,128,12553,27147,21465,21469,0,0
5133,0,L0B,128,12558,27149,21473,21477,0,0
5135,0,L0B,128,12563,27151,21481,21486,0,0
5137,0,L0B,128,12568,27153,21490,21495,0,0
5139,0,L0B,128,12573,27155,21499,21504,0,0
5141,0,L0B,128,12578,27157,21508,21513,0,0
5143,0,L0B,128,12583,27159,21517,21522,0,0
5145,0,L0B,128,12588,27161,21526,21531,0,0
5147,0,L0B,128,12593,27163,21535,21540,0,0
5149,0,L0B,128,12598,27165,21544,21549,0,0
5151,0,L0B,128,12603,27167,21553,21558,0,0
5155,0,L0B,128,12612,27171,21561,21571,0,0
5158,0,L0B,128,12619,27174,21572,21581,0,0
5161,0,L0B,128,12626,27177,21582,21591,0,0
5164,0,L0B,128,12633,27180,21592,21602,0,0
5167,0,L0B,128,12640,27183,21603,21614,0,0
5170,0,L0B,128,12647,27186,21615,21626,0,0
5173,0,L0B,128,12654,27189,21627,21638,0,0
5176,0,L0B,128,12661,27192,21639,21650,0,0
5179,0,L0B,128,12668,27195,21651,21662,0,0
5182,0,L0B,128,12675,27198,21663,21674,0,0
5185,0,L0B,128,12682,27201,21675,21686,0,0
5188,0,L0B,128,12689,27204,21687,21698,0,0
5191,0,L0B,128,12696,27207,21699,21710,0,0
5194,0,L0B,128,12703,27210,21711,21722,0,0
5197,0,L0B,128,12710,27213,21723,21734,0,0
5200,0,L0B,128,12717,27216,21735,21746,0,0
5203,0,L0B,128,12724,27219,21751,21758,0,0
5205,0,L0B,128,12729,27221,21761,21767,0,0
5207,0,L0B,128,12734,27223,21770,21776,0,0
5209,0,L0B,128,12739,27225,21779,21785,0,0
5211,0,L0B,128,12744,27227,21788,21794,0,0
5213,0,L0B,128,12749,27229,21797,21803,0,0
5215,0,L0B,128,12754,27231,21806,21812,0,0
5217,0,L0B,128,12759,27233,21815,21821,0,0
5219,0,L0B,128,12764,27235,21824,21830,0,0
5221,0,L0B,128,12769,27237,21833,21839,0,0
5223,0,L0B,128,12774,27239,21842,21848,0,0
5225,0,L0B,128,12779,27241,21851,21857,0,0
5227,0,L0B,128,12784,27243,21860,21866,0,0
5229,0,L0B,128,12789,27245,21869,21875,0,0
5231,0,L0B,128,12794,27247,21878,21884,0,0
5233,0,L0B,128,12799,27249,21887,21893,0,0
5236,0,L0B,128,12806,27252,21898,21905,0,0
5238,0,L0B,128,12811,27254,21908,21914,0,0
5240,0,L0B,128,12816,27256,21917,21923,0,0
5242,0,L0B,128,12821,27258,21926,21932,0,0
5244,0,L0B,128,12826,27260,21935,21941,0,0
5246,0,L0B,128,12831,27262,21944,21950,0,0
5248,0,L0B,128,12836,27264,21953,21959,0,0
5250,0,L0B,128,12841,27266,21962,21968,0,0
5252,0,L0B,128,12846,27268,21971,21977,0,0
5254,0,L0B,128,12851,27270,21980,21986,0,0
5256,0,L0B,128,12856,27272,21989,21995,0,0
5258,0,L0B,128,12861,27274,21998,22004,0,0
5260,0,L0B,128,12866,27276,22007,22013,0,0
5262,0,L0B,128,12871,27278,22016,22022,0,0
5264,0,L0B,128,12876,27280,22025,22031,0,0
5266,0,L0B,128,12881,27282,22034,22040,0,0
5269,0,L0B,128,12888,27285,22045,22052,0,0
5271,0,L0B,128,12893,27287,22055,22061,0,0
5273,0,L0B,128,12898,27289,22064,22070,0,0
5275,0,L0B,128,12903,27291,22073,22079,0,0
5277,0,L0B,128,12908,27293,22082,22088,0,0
5279,0,L0B,128,12913,27295,22091,22097,0,0
5281,0,L0B,128,12918,27297,22100,22106,0,0
5283,0,L0B,128,12923,27299,22109,22115,0,0
5285,0,L0B,128,12928,27301,22118,22124,0,0
5287,0,L0B,128,12933,27303,22127,22133,0,0
5289,0,L0B,128,12938,27305,22136,22142,0,0
5291,0,L0B,128,12943,27307,22145,22151,0,0
5293,0,L0B,128,12948,27309,22154,22160,0,0
5295,0,L0B,128,12953,27311,22163,22169,0,0
5297,0,L0B,128,12958,27313,22172,22178,0,0
5299,0,L0B,128,12963,27315,22181,22187,0,0
5302,0,L0B,128,12970,27318,22192,22199,0,0
5304,0,L0B,128,12975,27320,22202,22208,0,0
5306,0,L0B,128,12980,27322,22211,22217,0,0
5308,0,L0B,128,12985,27324,22220,22226,0,0
5310,0,L0B,128,12990,27326,22229,22235,0,0
5312,0,L0B,128,12995,27328,22238,22244,0,0
5314,0,L0B,128,13000,27330,22247,22253,0,0
5316,0,L0B,128,13005,27332,22256,22262,0,0
5318,0,L0B,128,13010,27334,22265,22271,0,0
5320,0,L0B,128,13015,27336,22274,22280,0,0
5322,0,L0B,128,13020,27338,22283,22289,0,0
5324,0,L0B,128,13025,27340,22292,22298,0,0
5326,0,L0B,128,13030,27342,22301,22307,0,0
5328,0,L0B,128,13035,27344,22310,22316,0,0
5330,0,L0B,128,13040,27346,22319,22325,0,0
5332,0,L0B,128,13045,27348,22328,22334,0,0
5335,0,L0B,128,13052,27351,22339,22346,0,0
5337,0,L0B,128,13057,27353,22349,22355,0,0
5339,0,L0B,128,13062,27355,22358,22364,0,0
5341,0,L0B,128,13067,27357,22367,22373,0,0
5343,0,L0B,128,13072,27359,22376,22382,0,0
5345,0,L0B,128,13077,27361,22385,22391,0,0
5347,0,L0B,128,13082,27363,22394,22400,0,0
5349,0,L0B,128,13087,27365,22403,22409,0,0
5351,0,L0B,128,13092,27367,22412,22418,0,0
5353,0,L0B,128,13097,27369,22421,22427,0,0
5355,0,L0B,128,13102,27371,22430,22436,0,0
5357,0,L0B,128,13107,27373,22439,22445,0,0
5359,0,L0B,128,13112,27375,22448,22454,0,0
5361,0,L0B,128,13117,27377,22457,22463,0,0
5363,0,L0B,128,13122,27379,22466,22472,0,0
5365,0,L0B,128,13127,27381,22475,22481,0,0
5368,0,L0B,128,13134,27384,22486,22493,0,0
5370,0,L0B,128,13139,27386,22496,22502,0,0
5372,0,L0B,128,13144,27388,22505,22511,0,0
5374,0,L0B,128,13149,27390,22514,22520,0,0
5376,0,L0B,128,13154,27392,22523,22529,0,0
5378,0,L0B,128,13159,27394,22532,22538,0,0
5380,0,L0B,128,13164,27396,22541,22547,0,0
5382,0,L0B,128,13169,27398,22550,22556,0,0
5384,0,L0B,128,13174,27400,22559,22565,0,0
5386,0,L0B,128,13179,27402,22568,22574,0,0
5388,0,L0B,128,13184,27404,22577,22583,0,0
5390,0,L0B,128,13189,27406,22586,22592,0,0
5392,0,L0B,128,13194,27408,22595,22601,0,0
5394,0,L0B,128,13199,27410,22604,22610,0,0
5396,0,L0B,128,13204,27412,22613,22619,0,0
5398,0,L0B,128,13209,27414,22622,22628,0,0
5401,0,L0B,128,13216,27417,22633,22640,0,0
5403,0,L0B,128,13221,27419,22643,22649,0,0
5405,0,L0B,128,13226,27421,22652,22658,0,0
5407,0,L0B,128,13231,27423,22661,22667,0,0
5409,0,L0B,128,13236,27425,22670,22676,0,0
5411,0,L0B,128,13241,27427,22679,22685,0,0
5413,0,L0B,128,13246,27429,22688,22694,0,0
5415,0,L0B,128,13251,27431,22697,22703,0,0
5417,0,L0B,128,13256,27433,22706,22712,0,0
5419,0,L0B,128,13261,27435,22715,22721,0,0
5421,0,L0B,128,13266,27437,22724,22730,0,0
5423,0,L0B,128,13271,27439,22733,22739,0,0
5425,0,L0B,128,13276,27441,22742,22748,0,0
5427,0,L0B,128,13281,27443,22751,22757,0,0
5429,0,L0B,128,13286,27445,22760,22766,0,0
5431,0,L0B,128,13291,27447,22769,22775,0,0
5434,0,L0B,128,13298,27450,22780,22787,0,0
5436,0,L0B,128,13303,27452,22790,22796,0,0
5438,0,L0B,128,13308,27454,22799,22805,0,0
5440,0,L0B,128,13313,27456,22808,22814,0,0
5442,0,L0B,128,13318,27458,22817,22823,0,0
5444,0,L0B,128,13323,27460,22826,22832,0,0
5446,0,L0B,128,13328,27462,22835,22841,0,0
5448,0,L0B,128,13333,27464,22844,22850,0,0
5450,0,L0B,128,13338,27466,22853,22859,0,0
5452,0,L0B,128,13343,27468,22862,22868,0,0
5454,0,L0B,128,13348,27470,22871,22877,0,0
5456,0,L0B,128,13353,27472,22880,22886,0,0
5458,0,L0B,128,13358,27474,22889,22895,0,0
5460,0,L0B,128,13363,27476,22898,22904,0,0
5462,0,L0B,128,13368,27478,22907,22913,0,0
5464,0,L0B,128,13373,27480,22916,22922,0,0
5467,0,L0B,128,13380,27483,22927,22934,0,0
5469,0,L0B,128,13385,27485,22937,22943,0,0
5471,0,L0B,128,13390,27487,22946,22952,0,0
5473,0,L0B,128,13395,27489,22955,22961,0,0
5475,0,L0B,128,13400,27491,22964,22970,0,0
5477,0,L0B,128,13405,27493,22973,22979,0,0
5479,0,L0B,128,13410,27495,22982,22988,0,0
5481,0,L0B,128,13415,27497,22991,22997,0,0
5483,0,L0B,128,13420,27499,23000,23006,0,0
5485,0,L0B,128,13425,27501,23009,23015,0,0
5487,0,L0B,128,13430,27503,23018,23024,0,0
5489,0,L0B,128,13435,27505,23027,23033,0,0
5491,0,L0B,128,13440,27507,23036,23042,0,0
5493,0,L0B,128,13445,27509,23045,23051,0,0
5495,0,L0B,128,13450,27511,23054,23060,0,0
5497,0,L0B,128,13455,27513,23063,23069,0,0
5500,0,L0B,128,13462,27516,23074,23081,0,0
5502,0,L0B,128,13467,27518,23084,23090,0,0
5504,0,L0B,128,13472,27520,23093,23099,0,0
5506,0,L0B,128,13477,27522,23102,23108,0,0
5508,0,L0B,128,13482,27524,23111,23117,0,0
5510,0,L0B,128,13487,27526,23120,23126,0,0
5512,0,L0B,128,13492,27528,23129,23135,0,0
5514,0,L0B,128,13497,27530,23138,23144,0,0
5516,0,L0B,128,13502,27532,23147,23153,0,0
5518,0,L0B,128,13507,27534,23156,23162,0,0
5520,0,L0B,128,13512,27536,23165,23171,0,0
5522,0,L0B,128,13517,27538,23174,23180,0,0
5524,0,L0B,128,13522,27540,23183,23189,0,0
5526,0,L0B,128,13527,27542,23192,23198,0,0
5528,0,L0B,128,13532,27544,23201,23207,0,0
5530,0,L0B,128,13537,27546,23210,23216,0,0
5533,0,L0B,128,13544,27549,23221,23228,0,0
5535,0,L0B,128,13549,27551,23231,23237,0,0
5537,0,L0B,128,13554,27553,23240,23246,0,0
5539,0,L0B,128,13559,27555,23249,23255,0,0
5541,0,L0B,128,13564,27557,23258,23264,0,0
5543,0,L0B,128,13569,27559,23267,23273,0,0
5545,0,L0B,128,13574,27561,23276,23282,0,0
5547,0,L0B,128,13579,27563,23285,23291,0,0
5549,0,L0B,128,13584,27565,23294,23300,0,0
5551,0,L0B,128,13589,27567,23303,23309,0,0
5553,0,L0B,128,13594,27569,23312,23318,0,0
5555,0,L0B,128,13599,27571,23321,23327,0,0
5557,0,L0B,128,13604,27573,23330,23336,0,0
5559,0,L0B,128,13609,27575,23339,23345,0,0
5561,0,L0B,128,13614,27577,23348,23354,0,0
5563,0,L0B,128,13619,27579,23357,23363,0,0
5566,0,L0B,128,13626,27582,23368,23375,0,0
5568,0,L0B,128,13631,27584,23378,23384,0,0
5570,0,L0B,128,13636,27586,23387,23393,0,0
5572,0,L0B,128,13641,27588,23396,23402,0,0
5574,0,L0B,128,13646,27590,23405,23411,0,0
5576,0,L0B,128,13651,27592,23414,23420,0,0
5578,0,L0B,128,13656,27594,23423,23429,0,0
5580,0,L0B,128,13661,27596,23432,23438,0,0
5582,0,L0B,128,13666,27598,23441,23447,0,0
5584,0,L0B,128,13671,27600,23450,23456,0,0
5586,0,L0B,128,13676,27602,23459,23465,0,0
5588,0,L0B,128,13681,27604,23468,23474,0,0
5590,0,L0B,128,13686,27606,23477,23483,0,0
5592,0,L0B,128,13691,27608,23486,23492,0,0
5594,0,L0B,128,13696,27610,23495,23501,0,0
5596,0,L0B,128,13701,27612,23504,23510,0,0
5599,0,L0B,128,13708,27615,23515,23522,0,0
5601,0,L0B,128,13713,27617,23525,23531,0,0
5603,0,L0B,128,13718,27619,23534,23540,0,0
5605,0,L0B,128,13723,27621,23543,23549,0,0
5607,0,L0B,128,13728,27623,23552,23558,0,0
5609,0,L0B,128,13733,27625,23561,23567,0,0
5611,0,L0B,128,13738,27627,23570,23576,0,0
5613,0,L0B,128,13743,27629,23579,23585,0,0
5615,0,L0B,128,13748,27631,23588,23594,0,0
5617,0,L0B,128,13753,27633,23597,23603,0,0
5619,0,L0B,128,13758,27635,23606,23612,0,0
5621,0,L0B,128,13763,27637,23615,23621,0,0
5623,0,L0B,128,13768,27639,23624,23630,0,0
5625,0,L0B,128,13773,27641,23633,23639,0,0
5627,0,L0B,128,13778,27643,23642,23648,0,0
5629,0,L0B,128,13783,27645,23651,23657,0,0
5632,0,L0B,128,13790,27648,23662,23669,0,0
5634,0,L0B,128,13795,27650,23672,23678,0,0
5636,0,L0B,128,13800,27652,23681,23687,0,0
5638,0,L0B,128,13805,27654,23690,23696,0,0
5640,0,L0B,128,13810,27656,23699,23705,0,0
5642,0,L0B,128,13815,27658,23708,23714,0,0
5644,0,L0B,128,13820,27660,23717,23723,0,0
5646,0,L0B,128,13825,27662,23726,23730,0,0
5648,0,L0B,128,13830,27664,23733,23737,0,0
5650,0,L0B,128,13835,27666,23740,23744,0,0
5652,0,L0B,128,13840,27668,23747,23751,0,0
5654,0,L0B,128,13845,27670,23754,23758,0,0
5656,0,L0B,128,13850,27672,23761,23765,0,0
5658,0,L0B,128,13855,27674,23768,23772,0,0
5660,0,L0B,128,13860,27676,23775,23779,0,0
5662,0,L0B,128,13865,27678,23782,23786,0,0
5665,0,L0B,128,13872,27681,23792,23797,0,0
5667,0,L0B,128,13877,27683,23801,23805,0,0
5669,0,L0B,128,13882,27685,23809,23813,0,0
5671,0,L0B,128,13887,27687,23817,23821,0,0
5673,0,L0B,128,13892,27689,23825,23829,0,0
5675,0,L0B,128,13897,27691,23833,23837,0,0
5677,0,L0B,128,13902,27693,23841,23846,0,0
5679,0,L0B,128,13907,27695,23850,23855,0,0
5681,0,L0B,128,13912,27697,23859,23864,0,0
5683,0,L0B,128,13917,27699,23868,23873,0,0
5685,0,L0B,128,13922,27701,23877,23882,0,0
5687,0,L0B,128,13927,27703,23886,23891,0,0
5689,0,L0B,128,13932,27705,23895,23900,0,0
5691,0,L0B,128,13937,27707,23904,23909,0,0
5693,0,L0B,128,13942,27709,23913,23918,0,0
5695,0,L0B,128,13947,27711,23922,23927,0,0
5699,0,L0B,128,13956,27715,23930,23940,0,0
5702,0,L0B,128,13963,27718,23941,23950,0,0
5705,0,L0B,128,13970,27721,23951,23960,0,0
5708,0,L0B,128,13977,27724,23961,23972,0,0
5711,0,L0B,128,13984,27727,23973,23984,0,0
5714,0,L0B,128,13991,27730,23985,23996,0,0
5717,0,L0B,128,13998,27733,23997,24008,0,0
5720,0,L0B,128,14005,27736,24009,24020,0,0
5723,0,L0B,128,14012,27739,24021,24032,0,0
5726,0,L0B,128,14019,27742,24033,24044,0,0
5729,0,L0B,128,14026,27745,24045,24056,0,0
5732,0,L0B,128,14033,27748,24057,24068,0,0
5735,0,L0B,128,14040,27751,24069,24080,0,0
5738,0,L0B,128,14047,27754,24081,24092,0,0
5741,0,L0B,128,14054,27757,24093,24104,0,0
5744,0,L0B,128,14061,27760,24105,24116,0,0
5747,0,L0B,128,14068,27763,24121,24128,0,0
5749,0,L0B,128,14073,27765,24131,24137,0,0
5751,0,L0B,128,14078,27767,24140,24146,0,0
5753,0,L0B,128,14083,27769,24149,24155,0,0
5755,0,L0B,128,14088,27771,24158,24164,0,0
5757,0,L0B,128,14093,27773,24167,24173,0,0
5759,0,L0B,128,14098,27775,24176,24182,0,0
5761,0,L0B,128,14103,27777,24185,24191,0,0
5763,0,L0B,128,14108,27779,24194,24200,0,0
5765,0,L0B,128,14113,27781,24203,24209,0,0
5767,0,L0B,128,14118,27783,24212,24218,0,0
5769,0,L0B,128,14123,27785,24221,24227,0,0
5771,0,L0B,128,14128,27787,24230,24236,0,0
5773,0,L0B,128,14133,27789,24239,24245,0,0
5775,0,L0B,128,14138,27791,24248,24254,0,0
5777,0,L0B,128,14143,27793,24257,24263,0,0
5780,0,L0B,128,14150,27796,24268,24275,0,0
5782,0,L0B,128,14155,27798,24278,24284,0,0
5784,0,L0B,128,14160,27800,24287,24293,0,0
5786,0,L0B,128,14165,27802,24296,24302,0,0
5788,0,L0B,128,14170,27804,24305,24311,0,0
5790,0,L0B,128,14175,27806,24314,24320,0,0
5792,0,L0B,128,14180,27808,24323,24329,0,0
5794,0,L0B,128,14185,27810,24332,24338,0,0
5796,0,L0B,128,14190,27812,24341,24347,0,0
5798,0,L0B,128,14195,27814,24350,24356,0,0
5800,0,L0B,128,14200,27816,24359,24365,0,0
5802,0,L0B,128,14205,27818,24368,24374,0,0
5804,0,L0B,128,14210,27820,24377,24383,0,0
5806,0,L0B,128,14215,27822,24386,24392,0,0
5808,0,L0B,128,14220,27824,24395,24401,0,0
5810,0,L0B,128,14225,27826,24404,24410,0,0
5813,0,L0B,128,14232,27829,24415,24422,0,0
5815,0,L0B,128,14237,27831,24425,24431,0,0
5817,0,L0B,128,14242,27833,24434,24440,0,0
5819,0,L0B,128,14247,27835,24443,24449,0,0
5821,0,L0B,128,14252,27837,24452,24458,0,0
5823,0,L0B,128,14257,27839,24461,24467,0,0
5825,0,L0B,128,14262,27841,24470,24476,0,0
5827,0,L0B,128,14267,27843,24479,24485,0,0
5829,0,L0B,128,14272,27845,24488,24494,0,0
5831,0,L0B,128,14277,27847,24497,24503,0,0
5833,0,L0B,128,14282,27849,24506,24512,0,0
5835,0,L0B,128,14287,27851,24515,24521,0,0
5837,0,L0B,128,14292,27853,24524,24530,0,0
5839,0,L0B,128,14297,27855,24533,24539,0,0
5841,0,L0B,128,14302,27857,24542,24548,0,0
5843,0,L0B,128,14307,27859,24551,24557,0,0
5846,0,L0B,128,14314,27862,24562,24569,0,0
5848,0,L0B,128,14319,27864,24572,24578,0,0
5850,0,L0B,128,14324,27866,24581,24587,0,0
5852,0,L0B,128,14329,27868,24590,24596,0,0
5854,0,L0B,128,14334,27870,24599,24605,0,0
5856,0,L0B,128,14339,27872,24608,24614,0,0
5858,0,L0B,128,14344,27874,24617,24623,0,0
5860,0,L0B,128,14349,27876,24626,24632,0,0
5862,0,L0B,128,14354,27878,24635,24641,0,0
5864,0,L0B,128,14359,27880,24644,24650,0,0
5866,0,L0B,128,14364,27882,24653,24659,0,0
5868,0,L0B,128,14369,27884,24662,24668,0,0
5870,0,L0B,128,14374,27886,24671,24677,0,0
5872,0,L0B,128,14379,27888,24680,24686,0,0
5874,0,L0B,128,14384,27890,24689,24695,0,0
5876,0,L0B,128,14389,27892,24698,24704,0,0
5879,0,L0B,128,14396,27895,24709,24716,0,0
5881,0,L0B,128,14401,27897,24719,24725,0,0
5883,0,L0B,128,14406,27899,24728,24734,0,0
5885,0,L0B,128,14411,27901,24737,24743,0,0
5887,0,L0B,128,14416,27903,24746,24752,0,0
5889,0,L0B,128,14421,27905,24755,24761,0,0
5891,0,L0B,128,14426,27907,24764,24770,0,0
5893,0,L0B,128,14431,27909,24773,24779,0,0
5895,0,L0B,128,14436,27911,24782,24788,0,0
5897,0,L0B,128,14441,27913,24791,24797,0,0
5899,0,L0B,128,14446,27915,24800,24806,0,0
5901,0,L0B,128,14451,27917,24809,24815,0,0
5903,0,L0B,128,14456,27919,24818,24824,0,0
5905,0,L0B,128,14461,27921,24827,24833,0,0
5907,0,L0B,128,14466,27923,24836,24842,0,0
5909,0,L0B,128,14471,27925,24845,24851,0,0
5912,0,L0B,128,14478,27928,24856,24863,0,0
5914,0,L0B,128,14483,27930,24866,24872,0,0
5916,0,L0B,128,14488,27932,24875,24881,0,0
5918,0,L0B,128,14493,27934,24884,24890,0,0
5920,0,L0B,128,14498,27936,24893,24899,0,0
5922,0,L0B,128,14503,27938,24902,24908,0,0
5924,0,L0B,128,14508,27940,24911,24917,0,0
5926,0,L0B,128,14513,27942,24920,24926,0,0
5928,0,L0B,128,14518,27944,24929,24935,0,0
5930,0,L0B,128,14523,27946,24938,24944,0,0
5932,0,L0B,128,14528,27948,24947,24953,0,0
5934,0,L0B,128,14533,27950,24956,24962,0,0
5936,0,L0B,128,14538,27952,24965,24971,0,0
5938,0,L0B,128,14543,27954,24974,24980,0,0
5940,0,L0B,128,14548,27956,24983,24989,0,0
5942,0,L0B,128,14553,27958,24992,24998,0,0
5945,0,L0B,128,14560,27961,25003,25010,0,0
5947,0,L0B,128,14565,27963,25013,25019,0,0
5949,0,L0B,128,14570,27965,25022,25028,0,0
5951,0,L0B,128,14575,27967,25031,25037,0,0
5953,0,L0B,128,14580,27969,25040,25046,0,0
5955,0,L0B,128,14585,27971,25049,25055,0,0
5957,0,L0B,128,14590,27973,25058,25064,0,0
5959,0,L0B,128,14595,27975,25067,25073,0,0
5961,0,L0B,128,14600,27977,25076,25082,0,0
5963,0,L0B,128,14605,27979,25085,25091,0,0
5965,0,L0B,128,14610,27981,25094,25100,0,0
5967,0,L0B,128,14615,27983,25103,25109,0,0
5969,0,L0B,128,14620,27985,25112,25118,0,0
5971,0,L0B,128,14625,27987,25121,25127,0,0
5973,0,L0B,128,14630,27989,25130,25136,0,0
5975,0,L0B,128,14635,27991,25139,25145,0,0
5978,0,L0B,128,14642,27994,25150,25157,0,0
5980,0,L0B,128,14647,27996,25160,25166,0,0
5982,0,L0B,128,14652,27998,25169,25175,0,0
5984,0,L0B,128,14657,28000,25178,25184,0,0
5986,0,L0B,128,14662,28002,25187,25193,0,0
5988,0,L0B,128,14667,28004,25196,25202,0,0
5990,0,L0B,128,14672,28006,25205,25211,0,0
5992,0,L0B,128,14677,28008,25214,25220,0,0
5994,0,L0B,128,14682,28010,25223,25229,0,0
5996,0,L0B,128,14687,28012,25232,25238,0,0
5998,0,L0B,128,14692,28014,25241,25247,0,0
6000,0,L0B,128,14697,28016,25250,25256,0,0
6002,0,L0B,128,14702,28018,25259,25265,0,0
6004,0,L0B,128,14707,28020,25268,25274,0,0
6006,0,L0B,128,14712,28022,25277,25283,0,0
6008,0,L0B,128,14717,28024,25286,25292,0,0
6011,0,L0B,128,14724,28027,25297,25304,0,0
6013,0,L0B,128,14729,28029,25307,25313,0,0
6015,0,L0B,128,14734,28031,25316,25322,0,0
6017,0,L0B,128,14739,28033,25325,25331,0,0
6019,0,L0B,128,14744,28035,25334,25340,0,0
6021,0,L0B,128,14749,28037,25343,25349,0,0
6023,0,L0B,128,14754,28039,25352,25358,0,0
6025,0,L0B,128,14759,28041,25361,25367,0,0
6027,0,L0B,128,14764,28043,25370,25376,0,0
6029,0,L0B,128,14769,28045,25379,25385,0,0
6031,0,L0B,128,14774,28047,25388,25394,0,0
6033,0,L0B,128,14779,28049,25397,25403,0,0
6035,0,L0B,128,14784,28051,25406,25412,0,0
6037,0,L0B,128,14789,28053,25415,25421,0,0
6039,0,L0B,128,14794,28055,25424,25430,0,0
6041,0,L0B,128,14799,28057,25433,25439,0,0
6044,0,L0B,128,14806,28060,25444,25451,0,0
6046,0,L0B,128,14811,28062,25454,25460,0,0
6048,0,L0B,128,14816,28064,25463,25469,0,0
6050,0,L0B,128,14821,28066,25472,25478,0,0
6052,0,L0B,128,14826,28068,25481,25487,0,0
6054,0,L0B,128,14831,28070,25490,25496,0,0
6056,0,L0B,128,14836,28072,25499,25505,0,0
6058,0,L0B,128,14841,28074,25508,25514,0,0
6060,0,L0B,128,14846,28076,25517,25523,0,0
6062,0,L0B,128,14851,28078,25526,25532,0,0
6064,0,L0B,128,14856,28080,25535,25541,0,0
6066,0,L0B,128,14861,28082,25544,25550,0,0
6068,0,L0B,128,14866,28084,25553,25559,0,0
6070,0,L0B,128,14871,28086,25562,25568,0,0
6072,0,L0B,128,14876,28088,25571,25577,0,0
6074,0,L0B,128,14881,28090,25580,25586,0,0
6077,0,L0B,128,14888,28093,25591,25598,0,0
6079,0,L0B,128,14893,28095,25601,25607,0,0
6081,0,L0B,128,14898,28097,25610,25616,0,0
6083,0,L0B,128,14903,28099,25619,25625,0,0
6085,0,L0B,128,14908,28101,25628,25634,0,0
6087,0,L0B,128,14913,28103,25637,25643,0,0
6089,0,L0B,128,14918,28105,25646,25652,0,0
6091,0,L0B,128,14923,28107,25655,25661,0,0
6093,0,L0B,128,14928,28109,25664,25670,0,0
6095,0,L0B,128,14933,28111,25673,25679,0,0
6097,0,L0B,128,14938,28113,25682,25688,0,0
6099,0,L0B,128,14943,28115,25691,25697,0,0
6101,0,L0B,128,14948,28117,25700,25706,0,0
6103,0,L0B,128,14953,28119,25709,25715,0,0
6105,0,L0B,128,14958,28121,25718,25724,0,0
6107,0,L0B,128,14963,28123,25727,25733,0,0
6110,0,L0B,128,14970,28126,25738,25745,0,0
6112,0,L0B,128,14975,28128,25748,25754,0,0
6114,0,L0B,128,14980,28130,25757,25763,0,0
6116,0,L0B,128,14985,28132,25766,25772,0,0
6118,0,L0B,128,14990,28134,25775,25781,0,0
6120,0,L0B,128,14995,28136,25784,25790,0,0
6122,0,L0B,128,15000,28138,25793,25799,0,0
6124,0,L0B,128,15005,28140,25802,25808,0,0
6126,0,L0B,128,15010,28142,25811,25817,0,0
6128,0,L0B,128,15015,28144,25820,25826,0,0
6130,0,L0B,128,15020,28146,25829,25835,0,0
6132,0,L0B,128,15025,28148,25838,25844,0,0
6134,0,L0B,128,15030,28150,25847,25853,0,0
6136,0,L0B,128,15035,28152,25856,25862,0,0
6138,0,L0B,128,15040,28154,25865,25871,0,0
6140,0,L0B,128,15045,28156,25874,25880,0,0
6143,0,L0B,128,15052,28159,25885,25892,0,0
6145,0,L0B,128,15057,28161,25895,25901,0,0
6147,0,L0B,128,15062,28163,25904,25910,0,0
6149,0,L0B,128,15067,28165,25913,25919,0,0
6151,0,L0B,128,15072,28167,25922,25928,0,0
6153,0,L0B,128,15077,28169,25931,25937,0,0
6155,0,L0B,128,15082,28171,25940,25946,0,0
6157,0,L0B,128,15087,28173,25949,25955,0,0
6159,0,L0B,128,15092,28175,25958,25964,0,0
6161,0,L0B,128,15097,28177,25967,25973,0,0
6163,0,L0B,128,15102,28179,25976,25982,0,0
6165,0,L0B,128,15107,28181,25985,25991,0,0
6167,0,L0B,128,15112,28183,25994,26000,0,0
6169,0,L0B,128,15117,28185,26003,26009,0,0
6171,0,L0B,128,15122,28187,26012,26018,0,0
6173,0,L0B,128,15127,28189,26021,26027,0,0
6176,0,L0B,128,15134,28192,26032,26039,0,0
6178,0,L0B,128,15139,28194,26042,26048,0,0
6180,0,L0B,128,15144,28196,26051,26057,0,0
6182,0,L0B,128,15149,28198,26060,26066,0,0
6184,0,L0B,128,15154,28200,26069,26075,0,0
6186,0,L0B,128,15159,28202,26078,26084,0,0
6188,0,L0B,128,15164,28204,26087,26091,0,0
6190,0,L0B,128,15169,28206,26094,26098,0,0
6192,0,L0B,128,15174,28208,26101,26105,0,0
6194,0,L0B,128,15179,28210,26108,26112,0,0
6196,0,L0B,128,15184,28212,26115,26119,0,0
6198,0,L0B,128,15189,28214,26122,26126,0,0
6200,0,L0B,128,15194,28216,26129,26133,0,0
6202,0,L0B,128,15199,28218,26136,26140,0,0
6204,0,L0B,128,15204,28220,26143,26147,0,0
6206,0,L0B,128,15209,28222,26150,26154,0,0
6209,0,L0B,128,15216,28225,26160,26165,0,0
6211,0,L0B,128,15221,28227,26169,26173,0,0
6213,0,L0B,128,15226,28229,26177,26181,0,0
6215,0,L0B,128,15231,28231,26185,26189,0,0
6217,0,L0B,128,15236,28233,26193,26197,0,0
6219,0,L0B,128,15241,28235,26201,26206,0,0
6221,0,L0B,128,15246,28237,26210,26215,0,0
6223,0,L0B,128,15251,28239,26219,26224,0,0
6225,0,L0B,128,15256,28241,26228,26233,0,0
6227,0,L0B,128,15261,28243,26237,26242,0,0
6229,0,L0B,128,15266,28245,26246,26251,0,0
6231,0,L0B,128,15271,28247,26255,26260,0,0
6233,0,L0B,128,15276,28249,26264,26269,0,0
6235,0,L0B,128,15281,28251,26273,26278,0,0
6237,0,L0B,128,15286,28253,26282,26287,0,0
6239,0,L0B,128,15291,28255,26291,26296,0,0
6243,0,L0B,128,15300,28259,26299,26309,0,0
6246,0,L0B,128,15307,28262,26310,26319,0,0
6249,0,L0B,128,15314,28265,26320,26330,0,0
6252,0,L0B,128,15321,28268,26331,26342,0,0
6255,0,L0B,128,15328,28271,26343,26354,0,0
6258,0,L0B,128,15335,28274,26355,26366,0,0
6261,0,L0B,128,15342,28277,26367,26378,0,0
6264,0,L0B,128,15349,28280,26379,26390,0,0
6267,0,L0B,128,15356,28283,26391,26402,0,0
6270,0,L0B,128,15363,28286,26403,26414,0,0
6273,0,L0B,128,15370,28289,26415,26426,0,0
6276,0,L0B,128,15377,28292,26427,26438,0,0
6279,0,L0B,128,15384,28295,26439,26450,0,0
6282,0,L0B,128,15391,28298,26451,26462,0,0
6285,0,L0B,128,15398,28301,26463,26474,0,0
6288,0,L0B,128,15405,28304,26475,26486,0,0
6291,0,L0B,128,15412,28307,26491,26498,0,0
6293,0,L0B,128,15417,28309,26501,26507,0,0
6295,0,L0B,128,15422,28311,26510,26516,0,0
6297,0,L0B,128,15427,28313,26519,26525,0,0
6299,0,L0B,128,15432,28315,26528,26534,0,0
6301,0,L0B,128,15437,28317,26537,26543,0,0
6303,0,L0B,128,15442,28319,26546,26552,0,0
6305,0,L0B,128,15447,28321,26555,26561,0,0
6307,0,L0B,128,15452,28323,26564,26570,0,0
6309,0,L0B,128,15457,28325,26573,26579,0,0
6311,0,L0B,128,15462,28327,26582,26588,0,0
6313,0,L0B,128,15467,28329,26591,26597,0,0
6315,0,L0B,128,15472,28331,26600,26606,0,0
6317,0,L0B,128,15477,28333,26609,26615,0,0
6319,0,L0B,128,15482,28335,26618,26624,0,0
6321,0,L0B,128,15487,28337,26627,26633,0,0
6324,0,L0B,128,15494,28340,26638,26645,0,0
6326,0,L0B,128,15499,28342,26648,26654,0,0
6328,0,L0B,128,15504,28344,26657,26663,0,0
6330,0,L0B,128,15509,28346,26666,26672,0,0
6332,0,L0B,128,15514,28348,26675,26681,0,0
6334,0,L0B,128,15519,28350,26684,26690,0,0
6336,0,L0B,128,15524,28352,26693,26699,0,0
6338,0,L0B,128,15529,28354,26702,26708,0,0
6340,0,L0B,128,15534,28356,26711,26717,0,0
6342,0,L0B,128,15539,28358,26720,26726,0,0
6344,0,L0B,128,15544,28360,26729,26735,0,0
6346,0,L0B,128,15549,28362,26738,26744,0,0
6348,0,L0B,128,15554,28364,26747,26753,0,0
6350,0,L0B,128,15559,28366,26756,26762,0,0
6352,0,L0B,128,15564,28368,26765,26771,0,0
6354,0,L0B,128,15569,28370,26774,26780,0,0
6357,0,L0B,128,15576,28373,26785,26792,0,0
6359,0,L0B,128,15581,28375,26795,26801,0,0
6361,0,L0B,128,15586,28377,26804,26810,0,0
6363,0,L0B,128,15591,28379,26813,26819,0,0
6365,0,L0B,128,15596,28381,26822,26828,0,0
6367,0,L0B,128,15601,28383,26831,26837,0,0
6369,0,L0B,128,15606,28385,26840,26846,0,0
6371,0,L0B,128,15611,28387,26849,26855,0,0
6373,0,L0B,128,15616,28389,26858,26864,0,0
6375,0,L0B,128,15621,28391,26867,26873,0,0
6377,0,L0B,128,15626,28393,26876,26882,0,0
6379,0,L0B,128,15631,28395,26885,26891,0,0
6381,0,L0B,128,15636,28397,26894,26900,0,0
6383,0,L0B,128,15641,28399,26903,26909,0,0
6385,0,L0B,128,15646,28401,26912,26918,0,0
6387,0,L0B,128,15651,28403,26921,26927,0,0
6390,0,L0B,128,15658,28406,26932,26939,0,0
6392,0,L0B,128,15663,28408,26942,26948,0,0
6394,0,L0B,128,15668,28410,26951,26957,0,0
6396,0,L0B,128,15673,28412,26960,26966,0,0
6398,0,L0B,128,15678,28414,26969,26975,0,0
6400,0,L0B,128,15683,28416,26978,26984,0,0
6402,0,L0B,128,15688,28418,26987,26993,0,0
6404,0,L0B,128,15693,28420,26996,27002,0,0
6406,0,L0B,128,15698,28422,27005,27011,0,0
6408,0,L0B,128,15703,28424,27014,27020,0,0
6410,0,L0B,128,15708,28426,27023,27029,0,0
6412,0,L0B,128,15713,28428,27032,27038,0,0
6414,0,L0B,128,15718,28430,27041,27047,0,0
6416,0,L0B,128,15723,28432,27050,27056,0,0
6418,0,L0B,128,15728,28434,27059,27065,0,0
6420,0,L0B,128,15733,28436,27068,27074,0,0
6423,0,L0B,128,15740,28439,27079,27086,0,0
6425,0,L0B,128,15745,28441,27089,27095,0,0
6427,0,L0B,128,15750,28443,27098,27104,0,0
6429,0,L0B,128,15755,28445,27107,27113,0,0
6431,0,L0B,128,15760,28447,27116,27122,0,0
6433,0,L0B,128,15765,28449,27125,27131,0,0
6435,0,L0B,128,15770,28451,27134,27140,0,0
6437,0,L0B,128,15775,28453,27143,27149,0,0
6439,0,L0B,128,15780,28455,27152,27158,0,0
6441,0,L0B,128,15785,28457,27161,27167,0,0
6443,0,L0B,128,15790,28459,27170,27176,0,0
6445,0,L0B,128,15795,28461,27179,27185,0,0
6447,0,L0B,128,15800,28463,27188,27194,0,0
6449,0,L0B,128,15805,28465,27197,27203,0,0
6451,0,L0B,128,15810,28467,27206,27212,0,0
6453,0,L0B,128,15815,28469,27215,27221,0,0
6456,0,L0B,128,15822,28472,27226,27233,0,0
6458,0,L0B,128,15827,28474,27236,27242,0,0
6460,0,L0B,128,15832,28476,27245,27251,0,0
6462,0,L0B,128,15837,28478,27254,27260,0,0
6464,0,L0B,128,15842,28480,27263,27269,0,0
6466,0,L0B,128,15847,28482,27272,27278,0,0
6468,0,L0B,128,15852,28484,27281,27287,0,0
6470,0,L0B,128,15857,28486,27290,27296,0,0
6472,0,L0B,128,15862,28488,27299,27305,0,0
6474,0,L0B,128,15867,28490,27308,27314,0,0
6476,0,L0B,128,15872,28492,27317,27323,0,0
6478,0,L0B,128,15877,28494,27326,27332,0,0
6480,0,L0B,128,15882,28496,27335,27341,0,0
6482,0,L0B,128,15887,28498,27344,27350,0,0
6484,0,L0B,128,15892,28500,27353,27359,0,0
6486,0,L0B,128,15897,28502,27362,27368,0,0
6489,0,L0B,128,15904,28505,27373,27380,0,0
6491,0,L0B,128,15909,28507,27383,27389,0,0
6493,0,L0B,128,15914,28509,27392,27398,0,0
6495,0,L0B,128,15919,28511,27401,27407,0,0
6497,0,L0B,128,15924,28513,27410,27416,0,0
6499,0,L0B,128,15929,28515,27419,27425,0,0
6501,0,L0B,128,15934,28517,27428,27434,0,0
6503,0,L0B,128,15939,28519,27437,27443,0,0
6505,0,L0B,128,15944,28521,27446,27452,0,0
6507,0,L0B,128,15949,28523,27455,27461,0,0
6509,0,L0B,128,15954,28525,27464,27470,0,0
6511,0,L0B,128,15959,28527,27473,27479,0,0
6513,0,L0B,128,15964,28529,27482,27488,0,0
6515,0,L0B,128,15969,28531,27491,27497,0,0
6517,0,L0B,128,15974,28533,27500,27506,0,0
6519,0,L0B,128,15979,28535,27509,27515,0,0
6522,0,L0B,128,15986,28538,27520,27527,0,0
6524,0,L0B,128,15991,28540,27530,27536,0,0
6526,0,L0B,128,15996,28542,27539,27545,0,0
6528,0,L0B,128,16001,28544,27548,27554,0,0
6530,0,L0B,128,16006,28546,27557,27563,0,0
6532,0,L0B,128,16011,28548,27566,27572,0,0
6534,0,L0B,128,16016,28550,27575,27581,0,0
6536,0,L0B,128,16021,28552,27584,27590,0,0
6538,0,L0B,128,16026,28554,27593,27599,0,0
6540,0,L0B,128,16031,28556,27602,27608,0,0
6542,0,L0B,128,16036,28558,27611,27617,0,0
6544,0,L0B,128,16041,28560,27620,27626,0,0
6546,0,L0B,128,16046,28562,27629,27635,0,0
6548,0,L0B,128,16051,28564,27638,27644,0,0
6550,0,L0B,128,16056,28566,27647,27653,0,0
6552,0,L0B,128,16061,28568,27656,27662,0,0
6555,0,L0B,128,16068,28571,27667,27674,0,0
6557,0,L0B,128,16073,28573,27677,27683,0,0
6559,0,L0B,128,16078,28575,27686,27692,0,0
6561,0,L0B,128,16083,28577,27695,27701,0,0
6563,0,L0B,128,16088,28579,27704,27710,0,0
6565,0,L0B,128,16093,28581,27713,27719,0,0
6567,0,L0B,128,16098,28583,27722,27728,0,0
6569,0,L0B,128,16103,28585,27731,27737,0,0
6571,0,L0B,128,16108,28587,27740,27746,0,0
6573,0,L0B,128,16113,28589,27749,27755,0,0
6575,0,L0B,128,16118,28591,27758,27764,0,0
6577,0,L0B,128,16123,28593,27767,27773,0,0
6579,0,L0B,128,16128,28595,27776,27782,0,0
6581,0,L0B,128,16133,28597,27785,27791,0,0
6583,0,L0B,128,16138,28599,27794,27800,0,0
6585,0,L0B,128,16143,28601,27803,27809,0,0
6588,0,L0B,128,16150,28604,27814,27821,0,0
6590,0,L0B,128,16155,28606,27824,27830,0,0
6592,0,L0B,128,16160,28608,27833,27839,0,0
6594,0,L0B,128,16165,28610,27842,27848,0,0
6596,0,L0B,128,16170,28612,27851,27857,0,0
6598,0,L0B,128,16175,28614,27860,27866,0,0
6600,0,L0B,128,16180,28616,27869,27875,0,0
6602,0,L0B,128,16185,28618,27878,27884,0,0
6604,0,L0B,128,16190,28620,27887,27893,0,0
6606,0,L0B,128,16195,28622,27896,27902,0,0
6608,0,L0B,128,16200,28624,27905,27911,0,0
6610,0,L0B,128,16205,28626,27914,27920,0,0
6612,0,L0B,128,16210,28628,27923,27929,0,0
6614,0,L0B,128,16215,28630,27932,27938,0,0
6616,0,L0B,128,16220,28632,27941,27947,0,0
6618,0,L0B,128,16225,28634,27950,27956,0,0
6621,0,L0B,128,16232,28637,27961,27968,0,0
6623,0,L0B,128,16237,28639,27971,27977,0,0
6625,0,L0B,128,16242,28641,27980,27986,0,0
6627,0,L0B,128,16247,28643,27989,27995,0,0
6629,0,L0B,128,16252,28645,27998,28004,0,0
6631,0,L0B,128,16257,28647,28007,28013,0,0
6633,0,L0B,128,16262,28649,28016,28022,0,0
6635,0,L0B,128,16267,28651,28025,28031,0,0
6637,0,L0B,128,16272,28653,28034,28040,0,0
6639,0,L0B,128,16277,28655,28043,28049,0,0
6641,0,L0B,128,16282,28657,28052,28058,0,0
6643,0,L0B,128,16287,28659,28061,28067,0,0
6645,0,L0B,128,16292,28661,28070,28076,0,0
6647,0,L0B,128,16297,28663,28079,28085,0,0
6649,0,L0B,128,16302,28665,28088,28094,0,0
6651,0,L0B,128,16307,28667,28097,28103,0,0
6654,0,L0B,128,16314,28670,28108,28115,0,0
6656,0,L0B,128,16319,28672,28118,28124,0,0
6658,0,L0B,128,16324,28674,28127,28133,0,0
6660,0,L0B,128,16329,28676,28136,28142,0,0
6662,0,L0B,128,16334,28678,28145,28151,0,0
6664,0,L0B,128,16339,28680,28154,28160,0,0
6666,0,L0B,128,16344,28682,28163,28169,0,0
6668,0,L0B,128,16349,28684,28172,28178,0,0
6670,0,L0B,128,16354,28686,28181,28187,0,0
6672,0,L0B,128,16359,28688,28190,28196,0,0
6674,0,L0B,128,16364,28690,28199,28205,0,0
6676,0,L0B,128,16369,28692,28208,28214,0,0
6678,0,L0B,128,16374,28694,28217,28223,0,0
6680,0,L0B,128,16379,28696,28226,28232,0,0
6682,0,L0B,128,16384,28698,28235,28241,0,0
6684,0,L0B,128,16389,28700,28244,28250,0,0
6687,0,L0B,128,16396,28703,28255,28262,0,0
6689,0,L0B,128,16401,28705,28265,28271,0,0
6691,0,L0B,128,16406,28707,28274,28280,0,0
6693,0,L0B,128,16411,28709,28283,28289,0,0
6695,0,L0B,128,16416,28711,28292,28298,0,0
6697,0,L0B,128,16421,28713,28301,28307,0,0
6699,0,L0B,128,16426,28715,28310,28316,0,0
6701,0,L0B,128,16431,28717,28319,28325,0,0
6703,0,L0B,128,16436,28719,28328,28334,0,0
6705,0,L0B,128,16441,28721,28337,28343,0,0
6707,0,L0B,128,16446,28723,28346,28352,0,0
6709,0,L0B,128,16451,28725,28355,28361,0,0
6711,0,L0B,128,16456,28727,28364,28370,0,0
6713,0,L0B,128,16461,28729,28373,28379,0,0
6715,0,L0B,128,16466,28731,28382,28388,0,0
6717,0,L0B,128,16471,28733,28391,28397,0,0
6720,0,L0B,128,16478,28736,28402,28409,0,0
6722,0,L0B,128,16483,28738,28412,28418,0,0
6724,0,L0B,128,16488,28740,28421,28427,0,0
6726,0,L0B,128,16493,28742,28430,28436,0,0
6728,0,L0B,128,16498,28744,28439,28445,0,0
6730,0,L0B,128,16503,28746,28448,28452,0,0
6732,0,L0B,128,16508,28748,28455,28459,0,0
6734,0,L0B,128,16513,28750,28462,28466,0,0
6736,0,L0B,128,16518,28752,28469,28473,0,0
6738,0,L0B,128,16523,28754,28476,28480,0,0
6740,0,L0B,128,16528,28756,28483,28487,0,0
6742,0,L0B,128,16533,28758,28490,28494,0,0
6744,0,L0B,128,16538,28760,28497,28501,0,0
6746,0,L0B,128,16543,28762,28504,28508,0,0
6748,0,L0B,128,16548,28764,28511,28515,0,0
6750,0,L0B,128,16553,28766,28518,28522,0,0
6753,0,L0B,128,16560,28769,28528,28533,0,0
6755,0,L0B,128,16565,28771,28537,28541,0,0
6757,0,L0B,128,16570,28773,28545,28549,0,0
6759,0,L0B,128,16575,28775,28553,28557,0,0
6761,0,L0B,128,16580,28777,28561,28566,0,0
6763,0,L0B,128,16585,28779,28570,28575,0,0
6765,0,L0B,128,16590,28781,28579,28584,0,0
6767,0,L0B,128,16595,28783,28588,28593,0,0
6769,0,L0B,128,16600,28785,28597,28602,0,0
6771,0,L0B,128,16605,28787,28606,28611,0,0
6773,0,L0B,128,16610,28789,28615,28620,0,0
6775,0,L0B,128,16615,28791,28624,28629,0,0
6777,0,L0B,128,16620,28793,28633,28638,0,0
6779,0,L0B,128,16625,28795,28642,28647,0,0
6781,0,L0B,128,16630,28797,28651,28656,0,0
6783,0,L0B,128,16635,28799,28660,28665,0,0
6787,0,L0B,128,16644,28803,28668,28678,0,0
6790,0,L0B,128,16651,28806,28679,28688,0,0
6793,0,L0B,128,16658,28809,28689,28700,0,0
6796,0,L0B,128,16665,28812,28701,28712,0,0
6799,0,L0B,128,16672,28815,28713,28724,0,0
6802,0,L0B,128,16679,28818,28725,28736,0,0
6805,0,L0B,128,16686,28821,28737,28748,0,0
6808,0,L0B,128,16693,28824,28749,28760,0,0
6811,0,L0B,128,16700,28827,28761,28772,0,0
6814,0,L0B,128,16707,28830,28773,28784,0,0
6817,0,L0B,128,16714,28833,28785,28796,0,0
6820,0,L0B,128,16721,28836,28797,28808,0,0
6823,0,L0B,128,16728,28839,28809,28820,0,0
6826,0,L0B,128,16735,28842,28821,28832,0,0
6829,0,L0B,128,16742,28845,28833,28844,0,0
6832,0,L0B,128,16749,28848,28845,28856,0,0
6835,0,L0B,128,16756,28851,28861,28868,0,0
6837,0,L0B,128,16761,28853,28871,28877,0,0
6839,0,L0B,128,16766,28855,28880,28886,0,0
6841,0,L0B,128,16771,28857,28889,28895,0,0
6843,0,L0B,128,16776,28859,28898,28904,0,0
6845,0,L0B,128,16781,28861,28907,28913,0,0
6847,0,L0B,128,16786,28863,28916,28922,0,0
6849,0,L0B,128,16791,28865,28925,28931,0,0
6851,0,L0B,128,16796,28867,28934,28940,0,0
6853,0,L0B,128,16801,28869,28943,28949,0,0
6855,0,L0B,128,16806,28871,28952,28958,0,0
6857,0,L0B,128,16811,28873,28961,28967,0,0
6859,0,L0B,128,16816,28875,28970,28976,0,0
6861,0,L0B,128,16821,28877,28979,28985,0,0
6863,0,L0B,128,16826,28879,28988,28994,0,0
6865,0,L0B,128,16831,28881,28997,29003,0,0
6868,0,L0B,128,16838,28884,29008,29015,0,0
6870,0,L0B,128,16843,28886,29018,29024,0,0
6872,0,L0B,128,16848,28888,29027,29033,0,0
6874,0,L0B,128,16853,28890,29036,29042,0,0
6876,0,L0B,128,16858,28892,29045,29051,0,0
6878,0,L0B,128,16863,28894,29054,29060,0,0
6880,0,L0B,128,16868,28896,29063,29069,0,0
6882,0,L0B,128,16873,28898,29072,29078,0,0
6884,0,L0B,128,16878,28900,29081,29087,0,0
6886,0,L0B,128,16883,28902,29090,29096,0,0
6888,0,L0B,128,16888,28904,29099,29105,0,0
6890,0,L0B,128,16893,28906,29108,29114,0,0
6892,0,L0B,128,16898,28908,29117,29123,0,0
6894,0,L0B,128,16903,28910,29126,29132,0,0
6896,0,L0B,128,16908,28912,29135,29141,0,0
6898,0,L0B,128,16913,28914,29144,29150,0,0
6901,0,L0B,128,16920,28917,29155,29162,0,0
6903,0,L0B,128,16925,28919,29165,29171,0,0
6905,0,L0B,128,16930,28921,29174,29180,0,0
6907,0,L0B,128,16935,28923,29183,29189,0,0
6909,0,L0B,128,16940,28925,29192,29198,0,0
6911,0,L0B,128,16945,28927,29201,29207,0,0
6913,0,L0B,128,16950,28929,29210,29216,0,0
6915,0,L0B,128,16955,28931,29219,29225,0,0
6917,0,L0B,128,16960,28933,29228,29234,0,0
6919,0,L0B,128,16965,28935,29237,29243,0,0
6921,0,L0B,128,16970,28937,29246,29252,0,0
6923,0,L0B,128,16975,28939,29255,29261,0,0
6925,0,L0B,128,16980,28941,29264,29270,0,0
6927,0,L0B,128,16985,28943,29273,29279,0,0
6929,0,L0B,128,16990,28945,29282,29288,0,0
6931,0,L0B,128,16995,28947,29291,29297,0,0
6934,0,L0B,128,17002,28950,29302,29309,0,0
6936,0,L0B,128,17007,28952,29312,29318,0,0
6938,0,L0B,128,17012,28954,29321,29327,0,0
6940,0,L0B,128,17017,28956,29330,29336,0,0
6942,0,L0B,128,17022,28958,29339,29345,0,0
6944,0,L0B,128,17027,28960,29348,29354,0,0
6946,0,L0B,128,17032,28962,29357,29363,0,0
6948,0,L0B,128,17037,28964,29366,29372,0,0
6950,0,L0B,128,17042,28966,29375,29381,0,0
6952,0,L0B,128,17047,28968,29384,29390,0,0
6954,0,L0B,128,17052,28970,29393,29399,0,0
6956,0,L0B,128,17057,28972,29402,29408,0,0
6958,0,L0B,128,17062,28974,29411,29417,0,0
6960,0,L0B,128,17067,28976,29420,29426,0,0
6962,0,L0B,128,17072,28978,29429,29435,0,0
6964,0,L0B,128,17077,28980,29438,29444,0,0
6967,0,L0B,128,17084,28983,29449,29456,0,0
6969,0,L0B,128,17089,28985,29459,29465,0,0
6971,0,L0B,128,17094,28987,29468,29474,0,0
6973,0,L0B,128,17099,28989,29477,29483,0,0
6975,0,L0B,128,17104,28991,29486,29492,0,0
6977,0,L0B,128,17109,28993,29495,29501,0,0
6979,0,L0B,128,17114,28995,29504,29510,0,0
6981,0,L0B,128,17119,28997,29513,29519,0,0
6983,0,L0B,128,17124,28999,29522,29528,0,0
6985,0,L0B,128,17129,29001,29531,29537,0,0
6987,0,L0B,128,17134,29003,29540,29546,0,0
6989,0,L0B,128,17139,29005,29549,29555,0,0
6991,0,L0B,128,17144,29007,29558,29564,0,0
6993,0,L0B,128,17149,29009,29567,29573,0,0
6995,0,L0B,128,17154,29011,29576,29582,0,0
6997,0,L0B,128,17159,29013,29585,29591,0,0
7000,0,L0B,128,17166,29016,29596,29603,0,0
7002,0,L0B,128,17171,29018,29606,29612,0,0
7004,0,L0B,128,17176,29020,29615,29621,0,0
7006,0,L0B,128,17181,29022,29624,29630,0,0
7008,0,L0B,128,17186,29024,29633,29639,0,0
7010,0,L0B,128,17191,29026,29642,29648,0,0
7012,0,L0B,128,17196,29028,29651,29657,0,0
7014,0,L0B,128,17201,29030,29660,29666,0,0
7016,0,L0B,128,17206,29032,29669,29675,0,0
7018,0,L0B,128,17211,29034,29678,29684,0,0
7020,0,L0B,128,17216,29036,29687,29693,0,0
7022,0,L0B,128,17221,29038,29696,29702,0,0
7024,0,L0B,128,17226,29040,29705,29711,0,0
7026,0,L0B,128,17231,29042,29714,29720,0,0
7028,0,L0B,128,17236,29044,29723,29729,0,0
7030,0,L0B,128,17241,29046,29732,29738,0,0
7033,0,L0B,128,17248,29049,29743,29750,0,0
7035,0,L0B,128,17253,29051,29753,29759,0,0
7037,0,L0B,128,17258,29053,29762,29768,0,0
7039,0,L0B,128,17263,29055,29771,29777,0,0
7041,0,L0B,128,17268,29057,29780,29786,0,0
7043,0,L0B,128,17273,29059,29789,29795,0,0
7045,0,L0B,128,17278,29061,29798,29804,0,0
7047,0,L0B,128,17283,29063,29807,29813,0,0
7049,0,L0B,128,17288,29065,29816,29822,0,0
7051,0,L0B,128,17293,29067,29825,29831,0,0
7053,0,L0B,128,17298,29069,29834,29840,0,0
7055,0,L0B,128,17303,29071,29843,29849,0,0
7057,0,L0B,128,17308,29073,29852,29858,0,0
7059,0,L0B,128,17313,29075,29861,29867,0,0
7061,0,L0B,128,17318,29077,29870,29876,0,0
7063,0,L0B,128,17323,29079,29879,29885,0,0
7066,0,L0B,128,17330,29082,29890,29897,0,0
7068,0,L0B,128,17335,29084,29900,29906,0,0
7070,0,L0B,128,17340,29086,29909,29915,0,0
7072,0,L0B,128,17345,29088,29918,29924,0,0
7074,0,L0B,128,17350,29090,29927,29933,0,0
7076,0,L0B,128,17355,29092,29936,29942,0,0
7078,0,L0B,128,17360,29094,29945,29951,0,0
7080,0,L0B,128,17365,29096,29954,29960,0,0
7082,0,L0B,128,17370,29098,29963,29969,0,0
7084,0,L0B,128,17375,29100,29972,29978,0,0
7086,0,L0B,128,17380,29102,29981,29987,0,0
7088,0,L0B,128,17385,29104,29990,29996,0,0
7090,0,L0B,128,17390,29106,29999,30005,0,0
7092,0,L0B,128,17395,29108,30008,30014,0,0
7094,0,L0B,128,17400,29110,30017,30023,0,0
7096,0,L0B,128,17405,29112,30026,30032,0,0
7099,0,L0B,128,17412,29115,30037,30044,0,0
7101,0,L0B,128,17417,29117,30047,30053,0,0
7103,0,L0B,128,17422,29119,30056,30062,0,0
7105,0,L0B,128,17427,29121,30065,30071,0,0
7107,0,L0B,128,17432,29123,30074,30080,0,0
7109,0,L0B,128,17437,29125,30083,30089,0,0
7111,0,L0B,128,17442,29127,30092,30098,0,0
7113,0,L0B,128,17447,29129,30101,30107,0,0
7115,0,L0B,128,17452,29131,30110,30116,0,0
7117,0,L0B,128,17457,29133,30119,30125,0,0
7119,0,L0B,128,17462,29135,30128,30134,0,0
7121,0,L0B,128,17467,29137,30137,30143,0,0
7123,0,L0B,128,17472,29139,30146,30152,0,0
7125,0,L0B,128,17477,29141,30155,30161,0,0
7127,0,L0B,128,17482,29143,30164,30170,0,0
7129,0,L0B,128,17487,29145,30173,30179,0,0
7132,0,L0B,128,17494,29148,30184,30191,0,0
7134,0,L0B,128,17499,29150,30194,30200,0,0
7136,0,L0B,128,17504,29152,30203,30209,0,0
7138,0,L0B,128,17509,29154,30212,30218,0,0
7140,0,L0B,128,17514,29156,30221,30227,0,0
7142,0,L0B,128,17519,29158,30230,30236,0,0
7144,0,L0B,128,17524,29160,30239,30245,0,0
7146,0,L0B,128,17529,29162,30248,30254,0,0
7148,0,L0B,128,17534,29164,30257,30263,0,0
7150,0,L0B,128,17539,29166,30266,30272,0,0
7152,0,L0B,128,17544,29168,30275,30281,0,0
7154,0,L0B,128,17549,29170,30284,30290,0,0
7156,0,L0B,128,17554,29172,30293,30299,0,0
7158,0,L0B,128,17559,29174,30302,30308,0,0
7160,0,L0B,128,17564,29176,30311,30317,0,0
7162,0,L0B,128,17569,29178,30320,30326,0,0
7165,0,L0B,128,17576,29181,30331,30338,0,0
7167,0,L0B,128,17581,29183,30341,30347,0,0
7169,0,L0B,128,17586,29185,30350,30356,0,0
7171,0,L0B,128,17591,29187,30359,30365,0,0
7173,0,L0B,128,17596,29189,30368,30374,0,0
7175,0,L0B,128,17601,29191,30377,30383,0,0
7177,0,L0B,128,17606,29193,30386,30392,0,0
7179,0,L0B,128,17611,29195,30395,30401,0,0
7181,0,L0B,128,17616,29197,30404,30410,0,0
7183,0,L0B,128,17621,29199,30413,30419,0,0
7185,0,L0B,128,17626,29201,30422,30428,0,0
7187,0,L0B,128,17631,29203,30431,30437,0,0
7189,0,L0B,128,17636,29205,30440,30446,0,0
7191,0,L0B,128,17641,29207,30449,30455,0,0
7193,0,L0B,128,17646,29209,30458,30464,0,0
7195,0,L0B,128,17651,29211,30467,30473,0,0
7198,0,L0B,128,17658,29214,30478,30485,0,0
7200,0,L0B,128,17663,29216,30488,30494,0,0
7202,0,L0B,128,17668,29218,30497,30503,0,0
7204,0,L0B,128,17673,29220,30506,30512,0,0
7206,0,L0B,128,17678,29222,30515,30521,0,0
7208,0,L0B,128,17683,29224,30524,30530,0,0
7210,0,L0B,128,17688,29226,30533,30539,0,0
7212,0,L0B,128,17693,29228,30542,30548,0,0
7214,0,L0B,128,17698,29230,30551,30557,0,0
7216,0,L0B,128,17703,29232,30560,30566,0,0
7218,0,L0B,128,17708,29234,30569,30575,0,0
7220,0,L0B,128,17713,29236,30578,30584,0,0
7222,0,L0B,128,17718,29238,30587,30593,0,0
7224,0,L0B,128,17723,29240,30596,30602,0,0
7226,0,L0B,128,17728,29242,30605,30611,0,0
7228,0,L0B,128,17733,29244,30614,30620,0,0
7231,0,L0B,128,17740,29247,30625,30632,0,0
7233,0,L0B,128,17745,29249,30635,30641,0,0
7235,0,L0B,128,17750,29251,30644,30650,0,0
7237,0,L0B,128,17755,29253,30653,30659,0,0
7239,0,L0B,128,17760,29255,30662,30668,0,0
7241,0,L0B,128,17765,29257,30671,30677,0,0
7243,0,L0B,128,17770,29259,30680,30686,0,0
7245,0,L0B,128,17775,29261,30689,30695,0,0
7247,0,L0B,128,17780,29263,30698,30704,0,0
7249,0,L0B,128,17785,29265,30707,30713,0,0
7251,0,L0B,128,17790,29267,30716,30722,0,0
7253,0,L0B,128,17795,29269,30725,30731,0,0
7255,0,L0B,128,17800,29271,30734,30740,0,0
7257,0,L0B,128,17805,29273,30743,30749,0,0
7259,0,L0B,128,17810,29275,30752,30758,0,0
7261,0,L0B,128,17815,29277,30761,30767,0,0
7264,0,L0B,128,17822,29280,30772,30779,0,0
7266,0,L0B,128,17827,29282,30782,30788,0,0
7268,0,L0B,128,17832,29284,30791,30797,0,0
7270,0,L0B,128,17837,29286,30800,30806,0,0
7272,0,L0B,128,17842,29288,30809,30813,0,0
7274,0,L0B,128,17847,29290,30816,30820,0,0
7276,0,L0B,128,17852,29292,30823,30827,0,0
7278,0,L0B,128,17857,29294,30830,30834,0,0
7280,0,L0B,128,17862,29296,30837,30841,0,0
7282,0,L0B,128,17867,29298,30844,30848,0,0
7284,0,L0B,128,17872,29300,30851,30855,0,0
7286,0,L0B,128,17877,29302,30858,30862,0,0
7288,0,L0B,128,17882,29304,30865,30869,0,0
7290,0,L0B,128,17887,29306,30872,30876,0,0
7292,0,L0B,128,17892,29308,30879,30883,0,0
7294,0,L0B,128,17897,29310,30886,30890,0,0
7297,0,L0B,128,17904,29313,30896,30901,0,0
7299,0,L0B,128,17909,29315,30905,30909,0,0
7301,0,L0B,128,17914,29317,30913,30917,0,0
7303,0,L0B,128,17919,29319,30921,30926,0,0
7305,0,L0B,128,17924,29321,30930,30935,0,0
7307,0,L0B,128,17929,29323,30939,30944,0,0
7309,0,L0B,128,17934,29325,30948,30953,0,0
7311,0,L0B,128,17939,29327,30957,30962,0,0
7313,0,L0B,128,17944,29329,30966,30971,0,0
7315,0,L0B,128,17949,29331,30975,30980,0,0
7317,0,L0B,128,17954,29333,30984,30989,0,0
7319,0,L0B,128,17959,29335,30993,30998,0,0
7321,0,L0B,128,17964,29337,31002,31007,0,0
7323,0,L0B,128,17969,29339,31011,31016,0,0
7325,0,L0B,128,17974,29341,31020,31025,0,0
7327,0,L0B,128,17979,29343,31029,31034,0,0
7331,0,L0B,128,17988,29347,31037,31047,0,0
7334,0,L0B,128,17995,29350,31048,31058,0,0
7337,0,L0B,128,18002,29353,31059,31070,0,0
7340,0,L0B,128,18009,29356,31071,31082,0,0
7343,0,L0B,128,18016,29359,31083,31094,0,0
7346,0,L0B,128,18023,29362,31095,31106,0,0
7349,0,L0B,128,18030,29365,31107,31118,0,0
7352,0,L0B,128,18037,29368,31119,31130,0,0
7355,0,L0B,128,18044,29371,31131,31142,0,0
7358,0,L0B,128,18051,29374,31143,31154,0,0
7361,0,L0B,128,18058,29377,31155,31166,0,0
7364,0,L0B,128,18065,29380,31167,31178,0,0
7367,0,L0B,128,18072,29383,31179,31190,0,0
7370,0,L0B,128,18079,29386,31191,31202,0,0
7373,0,L0B,128,18086,29389,31203,31214,0,0
7376,0,L0B,128,18093,29392,31215,31226,0,0
7379,0,L0B,128,18100,29395,31231,31238,0,0
7381,0,L0B,128,18105,29397,31241,31247,0,0
7383,0,L0B,128,18110,29399,31250,31256,0,0
7385,0,L0B,128,18115,29401,31259,31265,0,0
7387,0,L0B,128,18120,29403,31268,31274,0,0
7389,0,L0B,128,18125,29405,31277,31283,0,0
7391,0,L0B,128,18130,29407,31286,31292,0,0
7393,0,L0B,128,18135,29409,31295,31301,0,0
7395,0,L0B,128,18140,29411,31304,31310,0,0
7397,0,L0B,128,18145,29413,31313,31319,0,0
7399,0,L0B,128,18150,29415,31322,31328,0,0
7401,0,L0B,128,18155,29417,31331,31337,0,0
7403,0,L0B,128,18160,29419,31340,31346,0,0
7405,0,L0B,128,18165,29421,31349,31355,0,0
7407,0,L0B,128,18170,29423,31358,31364,0,0
7409,0,L0B,128,18175,29425,31367,31373,0,0
7412,0,L0B,128,18182,29428,31378,31385,0,0
7414,0,L0B,128,18187,29430,31388,31394,0,0
7416,0,L0B,128,18192,29432,31397,31403,0,0
7418,0,L0B,128,18197,29434,31406,31412,0,0
7420,0,L0B,128,18202,29436,31415,31421,0,0
7422,0,L0B,128,18207,29438,31424,31430,0,0
7424,0,L0B,128,18212,29440,31433,31439,0,0
7426,0,L0B,128,18217,29442,31442,31448,0,0
7428,0,L0B,128,18222,29444,31451,31457,0,0
7430,0,L0B,128,18227,29446,31460,31466,0,0
7432,0,L0B,128,18232,29448,31469,31475,0,0
7434,0,L0B,128,18237,29450,31478,31484,0,0
7436,0,L0B,128,18242,29452,31487,31493,0,0
7438,0,L0B,128,18247,29454,31496,31502,0,0
7440,0,L0B,128,18252,29456,31505,31511,0,0
7442,0,L0B,128,18257,29458,31514,31520,0,0
7445,0,L0B,128,18264,29461,31525,31532,0,0
7447,0,L0B,128,18269,29463,31535,31541,0,0
7449,0,L0B,128,18274,29465,31544,31550,0,0
7451,0,L0B,128,18279,29467,31553,31559,0,0
7453,0,L0B,128,18284,29469,31562,31568,0,0
7455,0,L0B,128,18289,29471,31571,31577,0,0
7457,0,L0B,128,18294,29473,31580,31586,0,0
7459,0,L0B,128,18299,29475,31589,31595,0,0
7461,0,L0B,128,18304,29477,31598,31604,0,0
7463,0,L0B,128,18309,29479,31607,31613,0,0
7465,0,L0B,128,18314,29481,31616,31622,0,0
7467,0,L0B,128,18319,29483,31625,31631,0,0
7469,0,L0B,128,18324,29485,31634,31640,0,0
7471,0,L0B,128,18329,29487,31643,31649,0,0
7473,0,L0B,128,18334,29489,31652,31658,0,0
7475,0,L0B,128,18339,29491,31661,31667,0,0
7478,0,L0B,128,18346,29494,31672,31679,0,0
7480,0,L0B,128,18351,29496,31682,31688,0,0
7482,0,L0B,128,18356,29498,31691,31697,0,0
7484,0,L0B,128,18361,29500,31700,31706,0,0
7486,0,L0B,128,18366,29502,31709,31715,0,0
7488,0,L0B,128,18371,29504,31718,31724,0,0
7490,0,L0B,128,18376,29506,31727,31733,0,0
7492,0,L0B,128,18381,29508,31736,31742,0,0
7494,0,L0B,128,18386,29510,31745,31751,0,0
7496,0,L0B,128,18391,29512,31754,31760,0,0
7498,0,L0B,128,18396,29514,31763,31769,0,0
7500,0,L0B,128,18401,29516,31772,31778,0,0
7502,0,L0B,128,18406,29518,31781,31787,0,0
7504,0,L0B,128,18411,29520,31790,31796,0,0
7506,0,L0B,128,18416,29522,31799,31805,0,0
7508,0,L0B,128,18421,29524,31808,31814,0,0
7511,0,L0B,128,18428,29527,31819,31826,0,0
7513,0,L0B,128,18433,29529,31829,31835,0,0
7515,0,L0B,128,18438,29531,31838,31844,0,0
7517,0,L0B,128,18443,29533,31847,31853,0,0
7519,0,L0B,128,18448,29535,31856,31862,0,0
7521,0,L0B,128,18453,29537,31865,31871,0,0
7523,0,L0B,128,18458,29539,31874,31880,0,0
7525,0,L0B,128,18463,29541,31883,31889,0,0
7527,0,L0B,128,18468,29543,31892,31898,0,0
7529,0,L0B,128,18473,29545,31901,31907,0,0
7531,0,L0B,128,18478,29547,31910,31916,0,0
7533,0,L0B,128,18483,29549,31919,31925,0,0
7535,0,L0B,128,18488,29551,31928,31934,0,0
7537,0,L0B,128,18493,29553,31937,31943,0,0
7539,0,L0B,128,18498,29555,31946,31952,0,0
7541,0,L0B,128,18503,29557,31955,31961,0,0
7544,0,L0B,128,18510,29560,31966,31973,0,0
7546,0,L0B,128,18515,29562,31976,31982,0,0
7548,0,L0B,128,18520,29564,31985,31991,0,0
7550,0,L0B,128,18525,29566,31994,32000,0,0
7552,0,L0B,128,18530,29568,32003,32009,0,0
7554,0,L0B,128,18535,29570,32012,32018,0,0
7556,0,L0B,128,18540,29572,32021,32027,0,0
7558,0,L0B,128,18545,29574,32030,32036,0,0
7560,0,L0B,128,18550,29576,32039,32045,0,0
7562,0,L0B,128,18555,29578,32048,32054,0,0
7564,0,L0B,128,18560,29580,32057,32063,0,0
7566,0,L0B,128,18565,29582,32066,32072,0,0
7568,0,L0B,128,18570,29584,32075,32081,0,0
7570,0,L0B,128,18575,29586,32084,32090,0,0
7572,0,L0B,128,18580,29588,32093,32099,0,0
7574,0,L0B,128,18585,29590,32102,32108,0,0
7577,0,L0B,128,18592,29593,32113,32120,0,0
7579,0,L0B,128,18597,29595,32123,32129,0,0
7581,0,L0B,128,18602,29597,32132,32138,0,0
7583,0,L0B,128,18607,29599,32141,32147,0,0
7585,0,L0B,128,18612,29601,32150,32156,0,0
7587,0,L0B,128,18617,29603,32159,32165,0,0
7589,0,L0B,128,18622,29605,32168,32174,0,0
7591,0,L0B,128,18627,29607,32177,32183,0,0
7593,0,L0B,128,18632,29609,32186,32192,0,0
7595,0,L0B,128,18637,29611,32195,32201,0,0
7597,0,L0B,128,18642,29613,32204,32210,0,0
7599,0,L0B,128,18647,29615,32213,32219,0,0
7601,0,L0B,128,18652,29617,32222,32228,0,0
7603,0,L0B,128,18657,29619,32231,32237,0,0
7605,0,L0B,128,18662,29621,32240,32246,0,0
7607,0,L0B,128,18667,29623,32249,32255,0,0
7610,0,L0B,128,18674,29626,32260,32267,0,0
7612,0,L0B,128,18679,29628,32270,32276,0,0
7614,0,L0B,128,18684,29630,32279,32285,0,0
7616,0,L0B,128,18689,29632,32288,32294,0,0
7618,0,L0B,128,18694,29634,32297,32303,0,0
7620,0,L0B,128,18699,29636,32306,32312,0,0
7622,0,L0B,128,18704,29638,32315,32321,0,0
7624,0,L0B,128,18709,29640,32324,32330,0,0
7626,0,L0B,128,18714,29642,32333,32339,0,0
7628,0,L0B,128,18719,29644,32342,32348,0,0
7630,0,L0B,128,18724,29646,32351,32357,0,0
7632,0,L0B,128,18729,29648,32360,32366,0,0
7634,0,L0B,128,18734,29650,32369,32375,0,0
7636,0,L0B,128,18739,29652,32378,32384,0,0
7638,0,L0B,128,18744,29654,32387,32393,0,0
7640,0,L0B,128,18749,29656,32396,32402,0,0
7643,0,L0B,128,18756,29659,32407,32414,0,0
7645,0,L0B,128,18761,29661,32417,32423,0,0
7647,0,L0B,128,18766,29663,32426,32432,0,0
7649,0,L0B,128,18771,29665,32435,32441,0,0
7651,0,L0B,128,18776,29667,32444,32450,0,0
7653,0,L0B,128,18781,29669,32453,32459,0,0
7655,0,L0B,128,18786,29671,32462,32468,0,0
7657,0,L0B,128,18791,29673,32471,32477,0,0
7659,0,L0B,128,18796,29675,32480,32486,0,0
7661,0,L0B,128,18801,29677,32489,32495,0,0
7663,0,L0B,128,18806,29679,32498,32504,0,0
7665,0,L0B,128,18811,29681,32507,32513,0,0
7667,0,L0B,128,18816,29683,32516,32522,0,0
7669,0,L0B,128,18821,29685,32525,32531,0,0
7671,0,L0B,128,18826,29687,32534,32540,0,0
7673,0,L0B,128,18831,29689,32543,32549,0,0
7676,0,L0B,128,18838,29692,32554,32561,0,0
7678,0,L0B,128,18843,29694,32564,32570,0,0
7680,0,L0B,128,18848,29696,32573,32579,0,0
7682,0,L0B,128,18853,29698,32582,32588,0,0
7684,0,L0B,128,18858,29700,32591,32597,0,0
7686,0,L0B,128,18863,29702,32600,32606,0,0
7688,0,L0B,128,18868,29704,32609,32615,0,0
7690,0,L0B,128,18873,29706,32618,32624,0,0
7692,0,L0B,128,18878,29708,32627,32633,0,0
7694,0,L0B,128,18883,29710,32636,32642,0,0
7696,0,L0B,128,18888,29712,32645,32651,0,0
7698,0,L0B,128,18893,29714,32654,32660,0,0
7700,0,L0B,128,18898,29716,32663,32669,0,0
7702,0,L0B,128,18903,29718,32672,32678,0,0
7704,0,L0B,128,18908,29720,32681,32687,0,0
7706,0,L0B,128,18913,29722,32690,32696,0,0
7709,0,L0B,128,18920,29725,32701,32708,0,0
7711,0,L0B,128,18925,29727,32711,32717,0,0
7713,0,L0B,128,18930,29729,32720,32726,0,0
7715,0,L0B,128,18935,29731,32729,32735,0,0
7717,0,L0B,128,18940,29733,32738,32744,0,0
7719,0,L0B,128,18945,29735,32747,32753,0,0
7721,0,L0B,128,18950,29737,32756,32762,0,0
7723,0,L0B,128,18955,29739,32765,32771,0,0
7725,0,L0B,128,18960,29741,32774,32780,0,0
7727,0,L0B,128,18965,29743,32783,32789,0,0
7729,0,L0B,128,18970,29745,32792,32798,0,0
7731,0,L0B,128,18975,29747,32801,32807,0,0
7733,0,L0B,128,18980,29749,32810,32816,0,0
7735,0,L0B,128,18985,29751,32819,32825,0,0
7737,0,L0B,128,18990,29753,32828,32834,0,0
7739,0,L0B,128,18995,29755,32837,32843,0,0
7742,0,L0B,128,19002,29758,32848,32855,0,0
7744,0,L0B,128,19007,29760,32858,32864,0,0
7746,0,L0B,128,19012,29762,32867,32873,0,0
7748,0,L0B,128,19017,29764,32876,32882,0,0
7750,0,L0B,128,19022,29766,32885,32891,0,0
7752,0,L0B,128,19027,29768,32894,32900,0,0
7754,0,L0B,128,19032,29770,32903,32909,0,0
7756,0,L0B,128,19037,29772,32912,32918,0,0
7758,0,L0B,128,19042,29774,32921,32927,0,0
7760,0,L0B,128,19047,29776,32930,32936,0,0
7762,0,L0B,128,19052,29778,32939,32945,0,0
7764,0,L0B,128,19057,29780,32948,32954,0,0
7766,0,L0B,128,19062,29782,32957,32963,0,0
7768,0,L0B,128,19067,29784,32966,32972,0,0
7770,0,L0B,128,19072,29786,32975,32981,0,0
7772,0,L0B,128,19077,29788,32984,32990,0,0
7775,0,L0B,128,19084,29791,32995,33002,0,0
7777,0,L0B,128,19089,29793,33005,33011,0,0
7779,0,L0B,128,19094,29795,33014,33020,0,0
7781,0,L0B,128,19099,29797,33023,33029,0,0
7783,0,L0B,128,19104,29799,33032,33038,0,0
7785,0,L0B,128,19109,29801,33041,33047,0,0
7787,0,L0B,128,19114,29803,33050,33056,0,0
7789,0,L0B,128,19119,29805,33059,33065,0,0
7791,0,L0B,128,19124,29807,33068,33074,0,0
7793,0,L0B,128,19129,29809,33077,33083,0,0
7795,0,L0B,128,19134,29811,33086,33092,0,0
7797,0,L0B,128,19139,29813,33095,33101,0,0
7799,0,L0B,128,19144,29815,33104,33110,0,0
7801,0,L0B,128,19149,29817,33113,33119,0,0
7803,0,L0B,128,19154,29819,33122,33128,0,0
7805,0,L0B,128,19159,29821,33131,33137,0,0
7808,0,L0B,128,19166,29824,33142,33149,0,0
7810,0,L0B,128,19171,29826,33152,33158,0,0
7812,0,L0B,128,19176,29828,33161,33167,0,0
7814,0,L0B,128,19181,29830,33170,33174,0,0
7816,0,L0B,128,19186,29832,33177,33181,0,0
7818,0,L0B,128,19191,29834,33184,33188,0,0
7820,0,L0B,128,19196,29836,33191,33195,0,0
7822,0,L0B,128,19201,29838,33198,33202,0,0
7824,0,L0B,128,19206,29840,33205,33209,0,0
7826,0,L0B,128,19211,29842,33212,33216,0,0
7828,0,L0B,128,19216,29844,33219,33223,0,0
7830,0,L0B,128,19221,29846,33226,33230,0,0
7832,0,L0B,128,19226,29848,33233,33237,0,0
7834,0,L0B,128,19231,29850,33240,33244,0,0
7836,0,L0B,128,19236,29852,33247,33251,0,0
7838,0,L0B,128,19241,29854,33254,33258,0,0
7841,0,L0B,128,19248,29857,33264,33269,0,0
7843,0,L0B,128,19253,29859,33273,33277,0,0
7845,0,L0B,128,19258,29861,33281,33286,0,0
7847,0,L0B,128,19263,29863,33290,33295,0,0
7849,0,L0B,128,19268,29865,33299,33304,0,0
7851,0,L0B,128,19273,29867,33308,33313,0,0
7853,0,L0B,128,19278,29869,33317,33322,0,0
7855,0,L0B,128,19283,29871,33326,33331,0,0
7857,0,L0B,128,19288,29873,33335,33340,0,0
7859,0,L0B,128,19293,29875,33344,33349,0,0
7861,0,L0B,128,19298,29877,33353,33358,0,0
7863,0,L0B,128,19303,29879,33362,33367,0,0
7865,0,L0B,128,19308,29881,33371,33376,0,0
7867,0,L0B,128,19313,29883,33380,33385,0,0
7869,0,L0B,128,19318,29885,33389,33394,0,0
7871,0,L0B,128,19323,29887,33398,33403,0,0
7875,0,L0B,128,19332,29891,33406,33416,0,0
7878,0,L0B,128,19339,29894,33417,33428,0,0
7881,0,L0B,128,19346,29897,33429,33440,0,0
7884,0,L0B,128,19353,29900,33441,33452,0,0
7887,0,L0B,128,19360,29903,33453,33464,0,0
7890,0,L0B,128,19367,29906,33465,33476,0,0
7893,0,L0B,128,19374,29909,33477,33488,0,0
7896,0,L0B,128,19381,29912,33489,33500,0,0
7899,0,L0B,128,19388,29915,33501,33512,0,0
7902,0,L0B,128,19395,29918,33513,33524,0,0
7905,0,L0B,128,19402,29921,33525,33536,0,0
7908,0,L0B,128,19409,29924,33537,33548,0,0
7911,0,L0B,128,19416,29927,33549,33560,0,0
7914,0,L0B,128,19423,29930,33561,33572,0,0
7917,0,L0B,128,19430,29933,33573,33584,0,0
7920,0,L0B,128,19437,29936,33585,33596,0,0
7923,0,L0B,128,19444,29939,33601,33608,0,0
7925,0,L0B,128,19449,29941,33611,33617,0,0
7927,0,L0B,128,19454,29943,33620,33626,0,0
7929,0,L0B,128,19459,29945,33629,33635,0,0
7931,0,L0B,128,19464,29947,33638,33644,0,0
7933,0,L0B,128,19469,29949,33647,33653,0,0
7935,0,L0B,128,19474,29951,33656,33662,0,0
7937,0,L0B,128,19479,29953,33665,33671,0,0
7939,0,L0B,128,19484,29955,33674,33680,0,0
7941,0,L0B,128,19489,29957,33683,33689,0,0
7943,0,L0B,128,19494,29959,33692,33698,0,0
7945,0,L0B,128,19499,29961,33701,33707,0,0
7947,0,L0B,128,19504,29963,33710,33716,0,0
7949,0,L0B,128,19509,29965,33719,33725,0,0
7951,0,L0B,128,19514,29967,33728,33734,0,0
7953,0,L0B,128,19519,29969,33737,33743,0,0
7956,0,L0B,128,19526,29972,33748,33755,0,0
7958,0,L0B,128,19531,29974,33758,33764,0,0
7960,0,L0B,128,19536,29976,33767,33773,0,0
7962,0,L0B,128,19541,29978,33776,33782,0,0
7964,0,L0B,128,19546,29980,33785,33791,0,0
7966,0,L0B,128,19551,29982,33794,33800,0,0
7968,0,L0B,128,19556,29984,33803,33809,0,0
7970,0,L0B,128,19561,29986,33812,33818,0,0
7972,0,L0B,128,19566,29988,33821,33827,0,0
7974,0,L0B,128,19571,29990,33830,33836,0,0
7976,0,L0B,128,19576,29992,33839,33845,0,0
7978,0,L0B,128,19581,29994,33848,33854,0,0
7980,0,L0B,128,19586,29996,33857,33863,0,0
7982,0,L0B,128,19591,29998,33866,33872,0,0
7984,0,L0B,128,19596,30000,33875,33881,0,0
7986,0,L0B,128,19601,30002,33884,33890,0,0
7989,0,L0B,128,19608,30005,33895,33902,0,0
7991,0,L0B,128,19613,30007,33905,33911,0,0
7993,0,L0B,128,19618,30009,33914,33920,0,0
7995,0,L0B,128,19623,30011,33923,33929,0,0
7997,0,L0B,128,19628,30013,33932,33938,0,0
7999,0,L0B,128,19633,30015,33941,33947,0,0
8001,0,L0B,128,19638,30017,33950,33956,0,0
8003,0,L0B,128,19643,30019,33959,33965,0,0
8005,0,L0B,128,19648,30021,33968,33974,0,0
8007,0,L0B,128,19653,30023,33977,33983,0,0
8009,0,L0B,128,19658,30025,33986,33992,0,0
8011,0,L0B,128,19663,30027,33995,34001,0,0
8013,0,L0B,128,19668,30029,34004,34010,0,0
8015,0,L0B,128,19673,30031,34013,34019,0,0
8017,0,L0B,128,19678,30033,34022,34028,0,0
8019,0,L0B,128,19683,30035,34031,34037,0,0
8022,0,L0B,128,19690,30038,34042,34049,0,0
8024,0,L0B,128,19695,30040,34052,34058,0,0
8026,0,L0B,128,19700,30042,34061,34067,0,0
8028,0,L0B,128,19705,30044,34070,34076,0,0
8030,0,L0B,128,19710,30046,34079,34085,0,0
8032,0,L0B,128,19715,30048,34088,34094,0,0
8034,0,L0B,128,19720,30050,34097,34103,0,0
8036,0,L0B,128,19725,30052,34106,34112,0,0
8038,0,L0B,128,19730,30054,34115,34121,0,0
8040,0,L0B,128,19735,30056,34124,34130,0,0
8042,0,L0B,128,19740,30058,34133,34139,0,0
8044,0,L0B,128,19745,30060,34142,34148,0,0
8046,0,L0B,128,19750,30062,34151,34157,0,0
8048,0,L0B,128,19755,30064,34160,34166,0,0
8050,0,L0B,128,19760,30066,34169,34175,0,0
8052,0,L0B,128,19765,30068,34178,34184,0,0
8055,0,L0B,128,19772,30071,34189,34196,0,0
8057,0,L0B,128,19777,30073,34199,34205,0,0
8059,0,L0B,128,19782,30075,34208,34214,0,0
8061,0,L0B,128,19787,30077,34217,34223,0,0
8063,0,L0B,128,19792,30079,34226,34232,0,0
8065,0,L0B,128,19797,30081,34235,34241,0,0
8067,0,L0B,128,19802,30083,34244,34250,0,0
8069,0,L0B,128,19807,30085,34253,34259,0,0
8071,0,L0B,128,19812,30087,34262,34268,0,0
8073,0,L0B,128,19817,30089,34271,34277,0,0
8075,0,L0B,128,19822,30091,34280,34286,0,0
8077,0,L0B,128,19827,30093,34289,34295,0,0
8079,0,L0B,128,19832,30095,34298,34304,0,0
8081,0,L0B,128,19837,30097,34307,34313,0,0
8083,0,L0B,128,19842,30099,34316,34322,0,0
8085,0,L0B,128,19847,30101,34325,34331,0,0
8088,0,L0B,128,19854,30104,34336,34343,0,0
8090,0,L0B,128,19859,30106,34346,34352,0,0
8092,0,L0B,128,19864,30108,34355,34361,0,0
8094,0,L0B,128,19869,30110,34364,34370,0,0
8096,0,L0B,128,19874,30112,34373,34379,0,0
8098,0,L0B,128,19879,30114,34382,34388,0,0
8100,0,L0B,128,19884,30116,34391,34397,0,0
8102,0,L0B,128,19889,30118,34400,34406,0,0
8104,0,L0B,128,19894,30120,34409,34415,0,0
8106,0,L0B,128,19899,30122,34418,34424,0,0
8108,0,L0B,128,19904,30124,34427,34433,0,0
8110,0,L0B,128,19909,30126,34436,34442,0,0
8112,0,L0B,128,19914,30128,34445,34451,0,0
8114,0,L0B,128,19919,30130,34454,34460,0,0
8116,0,L0B,128,19924,30132,34463,34469,0,0
8118,0,L0B,128,19929,30134,34472,34478,0,0
8121,0,L0B,128,19936,30137,34483,34490,0,0
8123,0,L0B,128,19941,30139,34493,34499,0,0
8125,0,L0B,128,19946,30141,34502,34508,0,0
8127,0,L0B,128,19951,30143,34511,34517,0,0
8129,0,L0B,128,19956,30145,34520,34526,0,0
8131,0,L0B,128,19961,30147,34529,34535,0,0
8133,0,L0B,128,19966,30149,34538,34544,0,0
8135,0,L0B,128,19971,30151,34547,34553,0,0
8137,0,L0B,128,19976,30153,34556,34562,0,0
8139,0,L0B,128,19981,30155,34565,34571,0,0
8141,0,L0B,128,19986,30157,34574,34580,0,0
8143,0,L0B,128,19991,30159,34583,34589,0,0
8145,0,L0B,128,19996,30161,34592,34598,0,0
8147,0,L0B,128,20001,30163,34601,34607,0,0
8149,0,L0B,128,20006,30165,34610,34616,0,0
8151,0,L0B,128,20011,30167,34619,34625,0,0
8154,0,L0B,128,20018,30170,34630,34637,0,0
8156,0,L0B,128,20023,30172,34640,34646,0,0
8158,0,L0B,128,20028,30174,34649,34655,0,0
8160,0,L0B,128,20033,30176,34658,34664,0,0
8162,0,L0B,128,20038,30178,34667,34673,0,0
8164,0,L0B,128,20043,30180,34676,34682,0,0
8166,0,L0B,128,20048,30182,34685,34691,0,0
8168,0,L0B,128,20053,30184,34694,34700,0,0
8170,0,L0B,128,20058,30186,34703,34709,0,0
8172,0,L0B,128,20063,30188,34712,34718,0,0
8174,0,L0B,128,20068,30190,34721,34727,0,0
8176,0,L0B,128,20073,30192,34730,34736,0,0
8178,0,L0B,128,20078,30194,34739,34745,0,0
8180,0,L0B,128,20083,30196,34748,34754,0,0
8182,0,L0B,128,20088,30198,34757,34763,0,0
8184,0,L0B,128,20093,30200,34766,34772,0,0
8187,0,L0B,128,20100,30203,34777,34784,0,0
8189,0,L0B,128,20105,30205,34787,34793,0,0
8191,0,L0B,128,20110,30207,34796,34802,0,0
8193,0,L0B,128,20115,30209,34805,34811,0,0
8195,0,L0B,128,20120,30211,34814,34820,0,0
8197,0,L0B,128,20125,30213,34823,34829,0,0
8199,0,L0B,128,20130,30215,34832,34838,0,0
8201,0,L0B,128,20135,30217,34841,34847,0,0
8203,0,L0B,128,20140,30219,34850,34856,0,0
8205,0,L0B,128,20145,30221,34859,34865,0,0
8207,0,L0B,128,20150,30223,34868,34874,0,0
8209,0,L0B,128,20155,30225,34877,34883,0,0
8211,0,L0B,128,20160,30227,34886,34892,0,0
8213,0,L0B,128,20165,30229,34895,34901,0,0
8215,0,L0B,128,20170,30231,34904,34910,0,0
8217,0,L0B,128,20175,30233,34913,34919,0,0
8220,0,L0B,128,20182,30236,34924,34931,0,0
8222,0,L0B,128,20187,30238,34934,34940,0,0
8224,0,L0B,128,20192,30240,34943,34949,0,0
8226,0,L0B,128,20197,30242,34952,34958,0,0
8228,0,L0B,128,20202,30244,34961,34967,0,0
8230,0,L0B,128,20207,30246,34970,34976,0,0
8232,0,L0B,128,20212,30248,34979,34985,0,0
8234,0,L0B,128,20217,30250,34988,34994,0,0
8236,0,L0B,128,20222,30252,34997,35003,0,0
8238,0,L0B,128,20227,30254,35006,35012,0,0
8240,0,L0B,128,20232,30256,35015,35021,0,0
8242,0,L0B,128,20237,30258,35024,35030,0,0
8244,0,L0B,128,20242,30260,35033,35039,0,0
8246,0,L0B,128,20247,30262,35042,35048,0,0
8248,0,L0B,128,20252,30264,35051,35057,0,0
8250,0,L0B,128,20257,30266,35060,35066,0,0
8253,0,L0B,128,20264,30269,35071,35078,0,0
8255,0,L0B,128,20269,30271,35081,35087,0,0
8257,0,L0B,128,20274,30273,35090,35096,0,0
8259,0,L0B,128,20279,30275,35099,35105,0,0
8261,0,L0B,128,20284,30277,35108,35114,0,0
8263,0,L0B,128,20289,30279,35117,35123,0,0
8265,0,L0B,128,20294,30281,35126,35132,0,0
8267,0,L0B,128,20299,30283,35135,35141,0,0
8269,0,L0B,128,20304,30285,35144,35150,0,0
8271,0,L0B,128,20309,30287,35153,35159,0,0
8273,0,L0B,128,20314,30289,35162,35168,0,0
8275,0,L0B,128,20319,30291,35171,35177,0,0
8277,0,L0B,128,20324,30293,35180,35186,0,0
8279,0,L0B,128,20329,30295,35189,35195,0,0
8281,0,L0B,128,20334,30297,35198,35204,0,0
8283,0,L0B,128,20339,30299,35207,35213,0,0
8286,0,L0B,128,20346,30302,35218,35225,0,0
8288,0,L0B,128,20351,30304,35228,35234,0,0
8290,0,L0B,128,20356,30306,35237,35243,0,0
8292,0,L0B,128,20361,30308,35246,35252,0,0
8294,0,L0B,128,20366,30310,35255,35261,0,0
8296,0,L0B,128,20371,30312,35264,35270,0,0
8298,0,L0B,128,20376,30314,35273,35279,0,0
8300,0,L0B,128,20381,30316,35282,35288,0,0
8302,0,L0B,128,20386,30318,35291,35297,0,0
8304,0,L0B,128,20391,30320,35300,35306,0,0
8306,0,L0B,128,20396,30322,35309,35315,0,0
8308,0,L0B,128,20401,30324,35318,35324,0,0
8310,0,L0B,128,20406,30326,35327,35333,0,0
8312,0,L0B,128,20411,30328,35336,35342,0,0
8314,0,L0B,128,20416,30330,35345,35351,0,0
8316,0,L0B,128,20421,30332,35354,35360,0,0
8319,0,L0B,128,20428,30335,35365,35372,0,0
8321,0,L0B,128,20433,30337,35375,35381,0,0
8323,0,L0B,128,20438,30339,35384,35390,0,0
8325,0,L0B,128,20443,30341,35393,35399,0,0
8327,0,L0B,128,20448,30343,35402,35408,0,0
8329,0,L0B,128,20453,30345,35411,35417,0,0
8331,0,L0B,128,20458,30347,35420,35426,0,0
8333,0,L0B,128,20463,30349,35429,35435,0,0
8335,0,L0B,128,20468,30351,35438,35444,0,0
8337,0,L0B,128,20473,30353,35447,35453,0,0
8339,0,L0B,128,20478,30355,35456,35462,0,0
8341,0,L0B,128,20483,30357,35465,35471,0,0
8343,0,L0B,128,20488,30359,35474,35480,0,0
8345,0,L0B,128,20493,30361,35483,35489,0,0
8347,0,L0B,128,20498,30363,35492,35498,0,0
8349,0,L0B,128,20503,30365,35501,35507,0,0
8352,0,L0B,128,20510,30368,35512,35519,0,0
8354,0,L0B,128,20515,30370,35522,35528,0,0
8356,0,L0B,128,20520,30372,35531,35535,0,0
8358,0,L0B,128,20525,30374,35538,35542,0,0
8360,0,L0B,128,20530,30376,35545,35549,0,0
8362,0,L0B,128,20535,30378,35552,35556,0,0
8364,0,L0B,128,20540,30380,35559,35563,0,0
8366,0,L0B,128,20545,30382,35566,35570,0,0
8368,0,L0B,128,20550,30384,35573,35577,0,0
8370,0,L0B,128,20555,30386,35580,35584,0,0
8372,0,L0B,128,20560,30388,35587,35591,0,0
8374,0,L0B,128,20565,30390,35594,35598,0,0
8376,0,L0B,128,20570,30392,35601,35605,0,0
8378,0,L0B,128,20575,30394,35608,35612,0,0
8380,0,L0B,128,20580,30396,35615,35619,0,0
8382,0,L0B,128,20585,30398,35622,35626,0,0
8385,0,L0B,128,20592,30401,35632,35637,0,0
8387,0,L0B,128,20597,30403,35641,35646,0,0
8389,0,L0B,128,20602,30405,35650,35655,0,0
8391,0,L0B,128,20607,30407,35659,35664,0,0
8393,0,L0B,128,20612,30409,35668,35673,0,0
8395,0,L0B,128,20617,30411,35677,35682,0,0
8397,0,L0B,128,20622,30413,35686,35691,0,0
8399,0,L0B,128,20627,30415,35695,35700,0,0
8401,0,L0B,128,20632,30417,35704,35709,0,0
8403,0,L0B,128,20637,30419,35713,35718,0,0
8405,0,L0B,128,20642,30421,35722,35727,0,0
8407,0,L0B,128,20647,30423,35731,35736,0,0
8409,0,L0B,128,20652,30425,35740,35745,0,0
8411,0,L0B,128,20657,30427,35749,35754,0,0
8413,0,L0B,128,20662,30429,35758,35763,0,0
8415,0,L0B,128,20667,30431,35767,35772,0,0
8419,0,L0B,128,20676,30435,35775,35786,0,0
8422,0,L0B,128,20683,30438,35787,35798,0,0
8425,0,L0B,128,20690,30441,35799,35810,0,0
8428,0,L0B,128,20697,30444,35811,35822,0,0
8431,0,L0B,128,20704,30447,35823,35834,0,0
8434,0,L0B,128,20711,30450,35835,35846,0,0
8437,0,L0B,128,20718,30453,35847,35858,0,0
8440,0,L0B,128,20725,30456,35859,35870,0,0
8443,0,L0B,128,20732,30459,35871,35882,0,0
8446,0,L0B,128,20739,30462,35883,35894,0,0
8449,0,L0B,128,20746,30465,35895,35906,0,0
8452,0,L0B,128,20753,30468,35907,35918,0,0
8455,0,L0B,128,20760,30471,35919,35930,0,0
8458,0,L0B,128,20767,30474,35931,35942,0,0
8461,0,L0B,128,20774,30477,35943,35954,0,0
8464,0,L0B,128,20781,30480,35955,35966,0,0
8467,0,L0B,128,20788,30483,35971,35979,0,0
8469,0,L0B,128,20793,30485,35982,35988,0,0
8471,0,L0B,128,20798,30487,35991,35997,0,0
8473,0,L0B,128,20803,30489,36000,36006,0,0
8475,0,L0B,128,20808,30491,36009,36015,0,0
8477,0,L0B,128,20813,30493,36018,36024,0,0
8479,0,L0B,128,20818,30495,36027,36033,0,0
8481,0,L0B,128,20823,30497,36036,36042,0,0
8483,0,L0B,128,20828,30499,36045,36051,0,0
8485,0,L0B,128,20833,30501,36054,36060,0,0
8487,0,L0B,128,20838,30503,36063,36069,0,0
8489,0,L0B,128,20843,30505,36072,36078,0,0
8491,0,L0B,128,20848,30507,36081,36087,0,0
8493,0,L0B,128,20853,30509,36090,36096,0,0
8495,0,L0B,128,20858,30511,36099,36105,0,0
8497,0,L0B,128,20863,30513,36108,36114,0,0
8500,0,L0B,128,20870,30516,36119,36126,0,0
8502,0,L0B,128,20875,30518,36129,36135,0,0
8504,0,L0B,128,20880,30520,36138,36144,0,0
8506,0,L0B,128,20885,30522,36147,36153,0,0
8508,0,L0B,128,20890,30524,36156,36162,0,0
8510,0,L0B,128,20895,30526,36165,36171,0,0
8512,0,L0B,128,20900,30528,36174,36180,0,0
8514,0,L0B,128,20905,30530,36183,36189,0,0
8516,0,L0B,128,20910,30532,36192,36198,0,0
8518,0,L0B,128,20915,30534,36201,36207,0,0
8520,0,L0B,128,20920,30536,36210,36216,0,0
8522,0,L0B,128,20925,30538,36219,36225,0,0
8524,0,L0B,128,20930,30540,36228,36234,0,0
8526,0,L0B,128,20935,30542,36237,36243,0,0
8528,0,L0B,128,20940,30544,36246,36252,0,0
8530,0,L0B,128,20945,30546,36255,36261,0,0
8533,0,L0B,128,20952,30549,36266,36273,0,0
8535,0,L0B,128,20957,30551,36276,36282,0,0
8537,0,L0B,128,20962,30553,36285,36291,0,0
8539,0,L0B,128,20967,30555,36294,36300,0,0
8541,0,L0B,128,20972,30557,36303,36309,0,0
8543,0,L0B,128,20977,30559,36312,36318,0,0
8545,0,L0B,128,20982,30561,36321,36327,0,0
8547,0,L0B,128,20987,30563,36330,36336,0,0
8549,0,L0B,128,20992,30565,36339,36345,0,0
8551,0,L0B,128,20997,30567,36348,36354,0,0
8553,0,L0B,128,21002,30569,36357,36363,0,0
8555,0,L0B,128,21007,30571,36366,36372,0,0
8557,0,L0B,128,21012,30573,36375,36381,0,0
8559,0,L0B,128,21017,30575,36384,36390,0,0
8561,0,L0B,128,21022,30577,36393,36399,0,0
8563,0,L0B,128,21027,30579,36402,36408,0,0
8566,0,L0B,128,21034,30582,36413,36420,0,0
8568,0,L0B,128,21039,30584,36423,36429,0,0
8570,0,L0B,128,21044,30586,36432,36438,0,0
8572,0,L0B,128,21049,30588,36441,36447,0,0
8574,0,L0B,128,21054,30590,36450,36456,0,0
8576,0,L0B,128,21059,30592,36459,36465,0,0
8578,0,L0B,128,21064,30594,36468,36474,0,0
8580,0,L0B,128,21069,30596,36477,36483,0,0
8582,0,L0B,128,21074,30598,36486,36492,0,0
8584,0,L0B,128,21079,30600,36495,36501,0,0
8586,0,L0B,128,21084,30602,36504,36510,0,0
8588,0,L0B,128,21089,30604,36513,36519,0,0
8590,0,L0B,128,21094,30606,36522,36528,0,0
8592,0,L0B,128,21099,30608,36531,36537,0,0
8594,0,L0B,128,21104,30610,36540,36546,0,0
8596,0,L0B,128,21109,30612,36549,36555,0,0
8599,0,L0B,128,21116,30615,36560,36567,0,0
8601,0,L0B,128,21121,30617,36570,36576,0,0
8603,0,L0B,128,21126,30619,36579,36585,0,0
8605,0,L0B,128,21131,30621,36588,36594,0,0
8607,0,L0B,128,21136,30623,36597,36603,0,0
8609,0,L0B,128,21141,30625,36606,36612,0,0
8611,0,L0B,128,21146,30627,36615,36621,0,0
8613,0,L0B,128,21151,30629,36624,36630,0,0
8615,0,L0B,128,21156,30631,36633,36639,0,0
8617,0,L0B,128,21161,30633,36642,36648,0,0
8619,0,L0B,128,21166,30635,36651,36657,0,0
8621,0,L0B,128,21171,30637,36660,36666,0,0
8623,0,L0B,128,21176,30639,36669,36675,0,0
8625,0,L0B,128,21181,30641,36678,36684,0,0
8627,0,L0B,128,21186,30643,36687,36693,0,0
8629,0,L0B,128,21191,30645,36696,36702,0,0
8632,0,L0B,128,21198,30648,36707,36714,0,0
8634,0,L0B,128,21203,30650,36717,36723,0,0
8636,0,L0B,128,21208,30652,36726,36732,0,0
8638,0,L0B,128,21213,30654,36735,36741,0,0
8640,0,L0B,128,21218,30656,36744,36750,0,0
8642,0,L0B,128,21223,30658,36753,36759,0,0
8644,0,L0B,128,21228,30660,36762,36768,0,0
8646,0,L0B,128,21233,30662,36771,36777,0,0
8648,0,L0B,128,21238,30664,36780,36786,0,0
8650,0,L0B,128,21243,30666,36789,36795,0,0
8652,0,L0B,128,21248,30668,36798,36804,0,0
8654,0,L0B,128,21253,30670,36807,36813,0,0
8656,0,L0B,128,21258,30672,36816,36822,0,0
8658,0,L0B,128,21263,30674,36825,36831,0,0
8660,0,L0B,128,21268,30676,36834,36840,0,0
8662,0,L0B,128,21273,30678,36843,36849,0,0
8665,0,L0B,128,21280,30681,36854,36861,0,0
8667,0,L0B,128,21285,30683,36864,36870,0,0
8669,0,L0B,128,21290,30685,36873,36879,0,0
8671,0,L0B,128,21295,30687,36882,36888,0,0
8673,0,L0B,128,21300,30689,36891,36897,0,0
8675,0,L0B,128,21305,30691,36900,36906,0,0
8677,0,L0B,128,21310,30693,36909,36915,0,0
8679,0,L0B,128,21315,30695,36918,36924,0,0
8681,0,L0B,128,21320,30697,36927,36933,0,0
8683,0,L0B,128,21325,30699,36936,36942,0,0
8685,0,L0B,128,21330,30701,36945,36951,0,0
8687,0,L0B,128,21335,30703,36954,36960,0,0
8689,0,L0B,128,21340,30705,36963,36969,0,0
8691,0,L0B,128,21345,30707,36972,36978,0,0
8693,0,L0B,128,21350,30709,36981,36987,0,0
8695,0,L0B,128,21355,30711,36990,36996,0,0
8698,0,L0B,128,21362,30714,37001,37008,0,0
8700,0,L0B,128,21367,30716,37011,37017,0,0
8702,0,L0B,128,21372,30718,37020,37026,0,0
8704,0,L0B,128,21377,30720,37029,37035,0,0
8706,0,L0B,128,21382,30722,37038,37044,0,0
8708,0,L0B,128,21387,30724,37047,37053,0,0
8710,0,L0B,128,21392,30726,37056,37062,0,0
8712,0,L0B,128,21397,30728,37065,37071,0,0
8714,0,L0B,128,21402,30730,37074,37080,0,0
8716,0,L0B,128,21407,30732,37083,37089,0,0
8718,0,L0B,128,21412,30734,37092,37098,0,0
8720,0,L0B,128,21417,30736,37101,37107,0,0
8722,0,L0B,128,21422,30738,37110,37116,0,0
8724,0,L0B,128,21427,30740,37119,37125,0,0
8726,0,L0B,128,21432,30742,37128,37134,0,0
8728,0,L0B,128,21437,30744,37137,37143,0,0
8731,0,L0B,128,21444,30747,37148,37155,0,0
8733,0,L0B,128,21449,30749,37158,37164,0,0
8735,0,L0B,128,21454,30751,37167,37173,0,0
8737,0,L0B,128,21459,30753,37176,37182,0,0
8739,0,L0B,128,21464,30755,37185,37191,0,0
8741,0,L0B,128,21469,30757,37194,37200,0,0
8743,0,L0B,128,21474,30759,37203,37209,0,0
8745,0,L0B,128,21479,30761,37212,37218,0,0
8747,0,L0B,128,21484,30763,37221,37227,0,0
8749,0,L0B,128,21489,30765,37230,37236,0,0
8751,0,L0B,128,21494,30767,37239,37245,0,0
8753,0,L0B,128,21499,30769,37248,37254,0,0
8755,0,L0B,128,21504,30771,37257,37263,0,0
8757,0,L0B,128,21509,30773,37266,37272,0,0
8759,0,L0B,128,21514,30775,37275,37281,0,0
8761,0,L0B,128,21519,30777,37284,37290,0,0
8764,0,L0B,128,21526,30780,37295,37302,0,0
8766,0,L0B,128,21531,30782,37305,37311,0,0
8768,0,L0B,128,21536,30784,37314,37320,0,0
8770,0,L0B,128,21541,30786,37323,37329,0,0
8772,0,L0B,128,21546,30788,37332,37338,0,0
8774,0,L0B,128,21551,30790,37341,37347,0,0
8776,0,L0B,128,21556,30792,37350,37356,0,0
8778,0,L0B,128,21561,30794,37359,37365,0,0
8780,0,L0B,128,21566,30796,37368,37374,0,0
8782,0,L0B,128,21571,30798,37377,37383,0,0
8784,0,L0B,128,21576,30800,37386,37392,0,0
8786,0,L0B,128,21581,30802,37395,37401,0,0
8788,0,L0B,128,21586,30804,37404,37410,0,0
8790,0,L0B,128,21591,30806,37413,37419,0,0
8792,0,L0B,128,21596,30808,37422,37428,0,0
8794,0,L0B,128,21601,30810,37431,37437,0,0
8797,0,L0B,128,21608,30813,37442,37449,0,0
8799,0,L0B,128,21613,30815,37452,37458,0,0
8801,0,L0B,128,21618,30817,37461,37467,0,0
8803,0,L0B,128,21623,30819,37470,37476,0,0
8805,0,L0B,128,21628,30821,37479,37485,0,0
8807,0,L0B,128,21633,30823,37488,37494,0,0
8809,0,L0B,128,21638,30825,37497,37503,0,0
8811,0,L0B,128,21643,30827,37506,37512,0,0
8813,0,L0B,128,21648,30829,37515,37521,0,0
8815,0,L0B,128,21653,30831,37524,37530,0,0
8817,0,L0B,128,21658,30833,37533,37539,0,0
8819,0,L0B,128,21663,30835,37542,37548,0,0
8821,0,L0B,128,21668,30837,37551,37557,0,0
8823,0,L0B,128,21673,30839,37560,37566,0,0
8825,0,L0B,128,21678,30841,37569,37575,0,0
8827,0,L0B,128,21683,30843,37578,37584,0,0
8830,0,L0B,128,21690,30846,37589,37596,0,0
8832,0,L0B,128,21695,30848,37599,37605,0,0
8834,0,L0B,128,21700,30850,37608,37614,0,0
8836,0,L0B,128,21705,30852,37617,37623,0,0
8838,0,L0B,128,21710,30854,37626,37632,0,0
8840,0,L0B,128,21715,30856,37635,37641,0,0
8842,0,L0B,128,21720,30858,37644,37650,0,0
8844,0,L0B,128,21725,30860,37653,37659,0,0
8846,0,L0B,128,21730,30862,37662,37668,0,0
8848,0,L0B,128,21735,30864,37671,37677,0,0
8850,0,L0B,128,21740,30866,37680,37686,0,0
8852,0,L0B,128,21745,30868,37689,37695,0,0
8854,0,L0B,128,21750,30870,37698,37704,0,0
8856,0,L0B,128,21755,30872,37707,37713,0,0
8858,0,L0B,128,21760,30874,37716,37722,0,0
8860,0,L0B,128,21765,30876,37725,37731,0,0
8863,0,L0B,128,21772,30879,37736,37743,0,0
8865,0,L0B,128,21777,30881,37746,37752,0,0
8867,0,L0B,128,21782,30883,37755,37761,0,0
8869,0,L0B,128,21787,30885,37764,37770,0,0
8871,0,L0B,128,21792,30887,37773,37779,0,0
8873,0,L0B,128,21797,30889,37782,37788,0,0
8875,0,L0B,128,21802,30891,37791,37797,0,0
8877,0,L0B,128,21807,30893,37800,37806,0,0
8879,0,L0B,128,21812,30895,37809,37815,0,0
8881,0,L0B,128,21817,30897,37818,37824,0,0
8883,0,L0B,128,21822,30899,37827,37833,0,0
8885,0,L0B,128,21827,30901,37836,37842,0,0
8887,0,L0B,128,21832,30903,37845,37851,0,0
8889,0,L0B,128,21837,30905,37854,37860,0,0
8891,0,L0B,128,21842,30907,37863,37869,0,0
8893,0,L0B,128,21847,30909,37872,37878,0,0
8896,0,L0B,128,21854,30912,37883,37890,0,0
8898,0,L0B,128,21859,30914,37893,37898,0,0
8900,0,L0B,128,21864,30916,37901,37906,0,0
8902,0,L0B,128,21869,30918,37909,37914,0,0
8904,0,L0B,128,21874,30920,37917,37922,0,0
8906,0,L0B,128,21879,30922,37925,37930,0,0
8908,0,L0B,128,21884,30924,37933,37938,0,0
8910,0,L0B,128,21889,30926,37941,37946,0,0
8912,0,L0B,128,21894,30928,37949,37954,0,0
8914,0,L0B,128,21899,30930,37957,37962,0,0
8916,0,L0B,128,21904,30932,37965,37970,0,0
8918,0,L0B,128,21909,30934,37973,37978,0,0
8920,0,L0B,128,21914,30936,37981,37986,0,0
8922,0,L0B,128,21919,30938,37989,37994,0,0
8924,0,L0B,128,21924,30940,37997,38002,0,0
8926,0,L0B,128,21929,30942,38005,38010,0,0
8929,0,L0B,128,21936,30945,38016,38023,0,0
8931,0,L0B,128,21941,30947,38027,38033,0,0
8933,0,L0B,128,21946,30949,38037,38043,0,0
8935,0,L0B,128,21951,30951,38047,38053,0,0
8937,0,L0B,128,21956,30953,38057,38063,0,0
8939,0,L0B,128,21961,30955,38067,38073,0,0
8941,0,L0B,128,21966,30957,38077,38083,0,0
8943,0,L0B,128,21971,30959,38087,38093,0,0
8945,0,L0B,128,21976,30961,38097,38103,0,0
8947,0,L0B,128,21981,30963,38107,38113,0,0
8949,0,L0B,128,21986,30965,38117,38123,0,0
8951,0,L0B,128,21991,30967,38127,38133,0,0
8953,0,L0B,128,21996,30969,38137,38143,0,0
8955,0,L0B,128,22001,30971,38147,38153,0,0
8957,0,L0B,128,22006,30973,38157,38163,0,0
8959,0,L0B,128,22011,30975,38167,38173,0,0
0,0,L0C,256,0,22016,8,178,0,0
65,0,L0C,256,146,22081,186,341,0,0
114,0,L0C,256,260,22130,349,504,0,0
163,0,L0C,256,374,22179,512,667,0,0
212,0,L0C,256,488,22228,675,830,0,0
261,0,L0C,256,602,22277,838,993,0,0
310,0,L0C,256,716,22326,1001,1156,0,0
359,0,L0C,256,830,22375,1164,1319,0,0
408,0,L0C,256,944,22424,1327,1482,0,0
457,0,L0C,256,1058,22473,1490,1645,0,0
506,0,L0C,256,1172,22522,1653,1808,0,0
555,0,L0C,256,1286,22571,1816,1971,0,0
604,0,L0C,256,1400,22620,1979,2134,0,0
653,0,L0C,256,1514,22669,2142,2297,0,0
702,0,L0C,256,1628,22718,2305,2460,0,0
751,0,L0C,256,1742,22767,2468,2623,0,0
800,0,L0C,256,1856,22816,2631,2788,0,0
849,0,L0C,256,1970,22865,2795,2935,0,0
882,0,L0C,256,2052,22898,2942,3082,0,0
915,0,L0C,256,2134,22931,3089,3229,0,0
948,0,L0C,256,2216,22964,3236,3376,0,0
981,0,L0C,256,2298,22997,3383,3523,0,0
1014,0,L0C,256,2380,23030,3530,3670,0,0
1047,0,L0C,256,2462,23063,3677,3817,0,0
1080,0,L0C,256,2544,23096,3824,3964,0,0
1113,0,L0C,256,2626,23129,3971,4111,0,0
1146,0,L0C,256,2708,23162,4118,4258,0,0
1179,0,L0C,256,2790,23195,4265,4405,0,0
1212,0,L0C,256,2872,23228,4412,4552,0,0
1245,0,L0C,256,2954,23261,4559,4699,0,0
1278,0,L0C,256,3036,23294,4706,4844,0,0
1311,0,L0C,256,3118,23327,4850,4977,0,0
1344,0,L0C,256,3200,23360,4985,5158,0,0
1393,0,L0C,256,3314,23409,5165,5305,0,0
1426,0,L0C,256,3396,23442,5312,5452,0,0
1459,0,L0C,256,3478,23475,5459,5599,0,0
1492,0,L0C,256,3560,23508,5606,5746,0,0
1525,0,L0C,256,3642,23541,5753,5893,0,0
1558,0,L0C,256,3724,23574,5900,6040,0,0
1591,0,L0C,256,3806,23607,6047,6187,0,0
1624,0,L0C,256,3888,23640,6194,6334,0,0
1657,0,L0C,256,3970,23673,6341,6481,0,0
1690,0,L0C,256,4052,23706,6488,6628,0,0
1723,0,L0C,256,4134,23739,6635,6775,0,0
1756,0,L0C,256,4216,23772,6782,6922,0,0
1789,0,L0C,256,4298,23805,6929,7069,0,0
1822,0,L0C,256,4380,23838,7076,7212,0,0
1855,0,L0C,256,4462,23871,7218,7346,0,0
1888,0,L0C,256,4544,23904,7354,7528,0,0
1937,0,L0C,256,4658,23953,7535,7675,0,0
1970,0,L0C,256,4740,23986,7682,7822,0,0
2003,0,L0C,256,4822,24019,7829,7969,0,0
2036,0,L0C,256,4904,24052,7976,8116,0,0
2069,0,L0C,256,4986,24085,8123,8263,0,0
2102,0,L0C,256,5068,24118,8270,8410,0,0
2135,0,L0C,256,5150,24151,8417,8557,0,0
2168,0,L0C,256,5232,24184,8564,8704,0,0
2201,0,L0C,256,5314,24217,8711,8851,0,0
2234,0,L0C,256,5396,24250,8858,8998,0,0
2267,0,L0C,256,5478,24283,9005,9145,0,0
2300,0,L0C,256,5560,24316,9152,9292,0,0
2333,0,L0C,256,5642,24349,9299,9439,0,0
2366,0,L0C,256,5724,24382,9446,9580,0,0
2399,0,L0C,256,5806,24415,9586,9715,0,0
2432,0,L0C,256,5888,24448,9723,9898,0,0
2481,0,L0C,256,6002,24497,9905,10045,0,0
2514,0,L0C,256,6084,24530,10052,10192,0,0
2547,0,L0C,256,6166,24563,10199,10339,0,0
2580,0,L0C,256,6248,24596,10346,10486,0,0
2613,0,L0C,256,6330,24629,10493,10633,0,0
2646,0,L0C,256,6412,24662,10640,10780,0,0
2679,0,L0C,256,6494,24695,10787,10927,0,0
2712,0,L0C,256,6576,24728,10934,11074,0,0
2745,0,L0C,256,6658,24761,11081,11221,0,0
2778,0,L0C,256,6740,24794,11228,11368,0,0
2811,0,L0C,256,6822,24827,11375,11515,0,0
2844,0,L0C,256,6904,24860,11522,11662,0,0
2877,0,L0C,256,6986,24893,11669,11809,0,0
2910,0,L0C,256,7068,24926,11816,11948,0,0
2943,0,L0C,256,7150,24959,11954,12084,0,0
2976,0,L0C,256,7232,24992,12092,12268,0,0
3025,0,L0C,256,7346,25041,12275,12415,0,0
3058,0,L0C,256,7428,25074,12422,12562,0,0
3091,0,L0C,256,7510,25107,12569,12709,0,0
3124,0,L0C,256,7592,25140,12716,12856,0,0
3157,0,L0C,256,7674,25173,12863,13003,0,0
3190,0,L0C,256,7756,25206,13010,13150,0,0
3223,0,L0C,256,7838,25239,13157,13297,0,0
3256,0,L0C,256,7920,25272,13304,13444,0,0
3289,0,L0C,256,8002,25305,13451,13591,0,0
3322,0,L0C,256,8084,25338,13598,13738,0,0
3355,0,L0C,256,8166,25371,13745,13885,0,0
3388,0,L0C,256,8248,25404,13892,14032,0,0
3421,0,L0C,256,8330,25437,14039,14179,0,0
3454,0,L0C,256,8412,25470,14186,14316,0,0
3487,0,L0C,256,8494,25503,14322,14453,0,0
3520,0,L0C,256,8576,25536,14461,14638,0,0
3569,0,L0C,256,8690,25585,14645,14785,0,0
3602,0,L0C,256,8772,25618,14792,14932,0,0
3635,0,L0C,256,8854,25651,14939,15079,0,0
3668,0,L0C,256,8936,25684,15086,15226,0,0
3701,0,L0C,256,9018,25717,15233,15373,0,0
3734,0,L0C,256,9100,25750,15380,15520,0,0
3767,0,L0C,256,9182,25783,15527,15667,0,0
3800,0,L0C,256,9264,25816,15674,15814,0,0
3833,0,L0C,256,9346,25849,15821,15961,0,0
3866,0,L0C,256,9428,25882,15968,16108,0,0
3899,0,L0C,256,9510,25915,16115,16255,0,0
3932,0,L0C,256,9592,25948,16262,16402,0,0
3965,0,L0C,256,9674,25981,16409,16549,0,0
3998,0,L0C,256,9756,26014,16556,16684,0,0
4031,0,L0C,256,9838,26047,16690,16822,0,0
4064,0,L0C,256,9920,26080,16830,17008,0,0
4113,0,L0C,256,10034,26129,17015,17155,0,0
4146,0,L0C,256,10116,26162,17162,17302,0,0
4179,0,L0C,256,10198,26195,17309,17449,0,0
4212,0,L0C,256,10280,26228,17456,17596,0,0
4245,0,L0C,256,10362,26261,17603,17743,0,0
4278,0,L0C,256,10444,26294,17750,17890,0,0
4311,0,L0C,256,10526,26327,17897,18037,0,0
4344,0,L0C,256,10608,26360,18044,18184,0,0
4377,0,L0C,256,10690,26393,18191,18331,0,0
4410,0,L0C,256,10772,26426,18338,18478,0,0
4443,0,L0C,256,10854,26459,18485,18625,0,0
4476,0,L0C,256,10936,26492,18632,18772,0,0
4509,0,L0C,256,11018,26525,18779,18919,0,0
4542,0,L0C,256,11100,26558,18926,19052,0,0
4575,0,L0C,256,11182,26591,19058,19191,0,0
4608,0,L0C,256,11264,26624,19199,19378,0,0
4657,0,L0C,256,11378,26673,19385,19525,0,0
4690,0,L0C,256,11460,26706,19532,19672,0,0
4723,0,L0C,256,11542,26739,19679,19819,0,0
4756,0,L0C,256,11624,26772,19826,19966,0,0
4789,0,L0C,256,11706,26805,19973,20113,0,0
4822,0,L0C,256,11788,26838,20120,20260,0,0
4855,0,L0C,256,11870,26871,20267,20407,0,0
4888,0,L0C,256,11952,26904,20414,20554,0,0
4921,0,L0C,256,12034,26937,20561,20701,0,0
4954,0,L0C,256,12116,26970,20708,20848,0,0
4987,0,L0C,256,12198,27003,20855,20995,0,0
5020,0,L0C,256,12280,27036,21002,21142,0,0
5053,0,L0C,256,12362,27069,21149,21289,0,0
5086,0,L0C,256,12444,27102,21296,21420,0,0
5119,0,L0C,256,12526,27135,21426,21560,0,0
5152,0,L0C,256,12608,27168,21568,21748,0,0
5201,0,L0C,256,12722,27217,21755,21895,0,0
5234,0,L0C,256,12804,27250,21902,22042,0,0
5267,0,L0C,256,12886,27283,22049,22189,0,0
5300,0,L0C,256,12968,27316,22196,22336,0,0
5333,0,L0C,256,13050,27349,22343,22483,0,0
5366,0,L0C,256,13132,27382,22490,22630,0,0
5399,0,L0C,256,13214,27415,22637,22777,0,0
5432,0,L0C,256,13296,27448,22784,22924,0,0
5465,0,L0C,256,13378,27481,22931,23071,0,0
5498,0,L0C,256,13460,27514,23078,23218,0,0
5531,0,L0C,256,13542,27547,23225,23365,0,0
5564,0,L0C,256,13624,27580,23372,23512,0,0
5597,0,L0C,256,13706,27613,23519,23659,0,0
5630,0,L0C,256,13788,27646,23666,23788,0,0
5663,0,L0C,256,13870,27679,23794,23929,0,0
5696,0,L0C,256,13952,27712,23937,24118,0,0
5745,0,L0C,256,14066,27761,24125,24265,0,0
5778,0,L0C,256,14148,27794,24272,24412,0,0
5811,0,L0C,256,14230,27827,24419,24559,0,0
5844,0,L0C,256,14312,27860,24566,24706,0,0
5877,0,L0C,256,14394,27893,24713,24853,0,0
5910,0,L0C,256,14476,27926,24860,25000,0,0
5943,0,L0C,256,14558,27959,25007,25147,0,0
5976,0,L0C,256,14640,27992,25154,25294,0,0
6009,0,L0C,256,14722,28025,25301,25441,0,0
6042,0,L0C,256,14804,28058,25448,25588,0,0
6075,0,L0C,256,14886,28091,25595,25735,0,0
6108,0,L0C,256,14968,28124,25742,25882,0,0
6141,0,L0C,256,15050,28157,25889,26029,0,0
6174,0,L0C,256,15132,28190,26036,26156,0,0
6207,0,L0C,256,15214,28223,26162,26298,0,0
6240,0,L0C,256,15296,28256,26306,26488,0,0
6289,0,L0C,256,15410,28305,26495,26635,0,0
6322,0,L0C,256,15492,28338,26642,26782,0,0
6355,0,L0C,256,15574,28371,26789,26929,0,0
6388,0,L0C,256,15656,28404,26936,27076,0,0
6421,0,L0C,256,15738,28437,27083,27223,0,0
6454,0,L0C,256,15820,28470,27230,27370,0,0
6487,0,L0C,256,15902,28503,27377,27517,0,0
6520,0,L0C,256,15984,28536,27524,27664,0,0
6553,0,L0C,256,16066,28569,27671,27811,0,0
6586,0,L0C,256,16148,28602,27818,27958,0,0
6619,0,L0C,256,16230,28635,27965,28105,0,0
6652,0,L0C,256,16312,28668,28112,28252,0,0
6685,0,L0C,256,16394,28701,28259,28399,0,0
6718,0,L0C,256,16476,28734,28406,28524,0,0
6751,0,L0C,256,16558,28767,28530,28667,0,0
6784,0,L0C,256,16640,28800,28675,28858,0,0
6833,0,L0C,256,16754,28849,28865,29005,0,0
6866,0,L0C,256,16836,28882,29012,29152,0,0
6899,0,L0C,256,16918,28915,29159,29299,0,0
6932,0,L0C,256,17000,28948,29306,29446,0,0
6965,0,L0C,256,17082,28981,29453,29593,0,0
6998,0,L0C,256,17164,29014,29600,29740,0,0
7031,0,L0C,256,17246,29047,29747,29887,0,0
7064,0,L0C,256,17328,29080,29894,30034,0,0
7097,0,L0C,256,17410,29113,30041,30181,0,0
7130,0,L0C,256,17492,29146,30188,30328,0,0
7163,0,L0C,256,17574,29179,30335,30475,0,0
7196,0,L0C,256,17656,29212,30482,30622,0,0
7229,0,L0C,256,17738,29245,30629,30769,0,0
7262,0,L0C,256,17820,29278,30776,30892,0,0
7295,0,L0C,256,17902,29311,30898,31036,0,0
7328,0,L0C,256,17984,29344,31044,31228,0,0
7377,0,L0C,256,18098,29393,31235,31375,0,0
7410,0,L0C,256,18180,29426,31382,31522,0,0
7443,0,L0C,256,18262,29459,31529,31669,0,0
7476,0,L0C,256,18344,29492,31676,31816,0,0
7509,0,L0C,256,18426,29525,31823,31963,0,0
7542,0,L0C,256,18508,29558,31970,32110,0,0
7575,0,L0C,256,18590,29591,32117,32257,0,0
7608,0,L0C,256,18672,29624,32264,32404,0,0
7641,0,L0C,256,18754,29657,32411,32551,0,0
7674,0,L0C,256,18836,29690,32558,32698,0,0
7707,0,L0C,256,18918,29723,32705,32845,0,0
7740,0,L0C,256,19000,29756,32852,32992,0,0
7773,0,L0C,256,19082,29789,32999,33139,0,0
7806,0,L0C,256,19164,29822,33146,33260,0,0
7839,0,L0C,256,19246,29855,33266,33405,0,0
7872,0,L0C,256,19328,29888,33413,33598,0,0
7921,0,L0C,256,19442,29937,33605,33745,0,0
7954,0,L0C,256,19524,29970,33752,33892,0,0
7987,0,L0C,256,19606,30003,33899,34039,0,0
8020,0,L0C,256,19688,30036,34046,34186,0,0
8053,0,L0C,256,19770,30069,34193,34333,0,0
8086,0,L0C,256,19852,30102,34340,34480,0,0
8119,0,L0C,256,19934,30135,34487,34627,0,0
8152,0,L0C,256,20016,30168,34634,34774,0,0
8185,0,L0C,256,20098,30201,34781,34921,0,0
8218,0,L0C,256,20180,30234,34928,35068,0,0
8251,0,L0C,256,20262,30267,35075,35215,0,0
8284,0,L0C,256,20344,30300,35222,35362,0,0
8317,0,L0C,256,20426,30333,35369,35509,0,0
8350,0,L0C,256,20508,30366,35516,35628,0,0
8383,0,L0C,256,20590,30399,35634,35774,0,0
8416,0,L0C,256,20672,30432,35783,35968,0,0
8465,0,L0C,256,20786,30481,35976,36116,0,0
8498,0,L0C,256,20868,30514,36123,36263,0,0
8531,0,L0C,256,20950,30547,36270,36410,0,0
8564,0,L0C,256,21032,30580,36417,36557,0,0
8597,0,L0C,256,21114,30613,36564,36704,0,0
8630,0,L0C,256,21196,30646,36711,36851,0,0
8663,0,L0C,256,21278,30679,36858,36998,0,0
8696,0,L0C,256,21360,30712,37005,37145,0,0
8729,0,L0C,256,21442,30745,37152,37292,0,0
8762,0,L0C,256,21524,30778,37299,37439,0,0
8795,0,L0C,256,21606,30811,37446,37586,0,0
8828,0,L0C,256,21688,30844,37593,37733,0,0
8861,0,L0C,256,21770,30877,37740,37880,0,0
8894,0,L0C,256,21852,30910,37887,38012,0,0
8927,0,L0C,256,21934,30943,38020,38175,0,0
1,0,L1,128,1,22017,0,2463,0,0
2,0,L1,128,2,31424,4,2626,128,0
5,0,L1,128,10,22021,12,2474,256,0
6,0,L1,128,11,31426,16,2637,384,0
9,0,L1,128,19,22025,23,2484,512,0
10,0,L1,128,20,31428,27,2647,640,0
13,0,L1,128,28,22029,34,2494,768,0
14,0,L1,128,29,31430,38,2657,896,0
17,0,L1,128,37,22033,45,2504,1024,0
18,0,L1,128,38,31432,49,2667,1152,0
21,0,L1,128,46,22037,56,2514,1280,0
22,0,L1,128,47,31434,60,2677,1408,0
25,0,L1,128,55,22041,67,2524,1536,0
26,0,L1,128,56,31436,71,2687,1664,0
29,0,L1,128,64,22045,78,2534,1792,0
30,0,L1,128,65,31438,82,2697,1920,0
33,0,L1,128,73,22049,89,2544,2048,0
34,0,L1,128,74,31440,93,2707,2176,0
37,0,L1,128,82,22053,100,2554,2304,0
38,0,L1,128,83,31442,104,2717,2432,0
41,0,L1,128,91,22057,111,2564,2560,0
42,0,L1,128,92,31444,115,2727,2688,0
45,0,L1,128,100,22061,122,2574,2816,0
46,0,L1,128,101,31446,126,2737,2944,0
49,0,L1,128,109,22065,133,2584,3072,0
50,0,L1,128,110,31448,137,2747,3200,0
53,0,L1,128,118,22069,144,2594,3328,0
54,0,L1,128,119,31450,148,2757,3456,0
57,0,L1,128,127,22073,155,2604,3584,0
58,0,L1,128,128,31452,159,2767,3712,0
61,0,L1,128,136,22077,166,2614,3840,0
62,0,L1,128,137,30976,170,181,3968,0
66,0,L1,128,147,30978,182,192,3968,0
69,0,L1,128,154,30980,193,202,3968,0
72,0,L1,128,161,30982,203,212,3968,0
75,0,L1,128,168,30984,213,222,3968,0
78,0,L1,128,175,30986,223,232,3968,0
81,0,L1,128,182,30988,233,242,3968,0
84,0,L1,128,189,30990,243,252,3968,0
87,0,L1,128,196,30992,253,262,3968,0
90,0,L1,128,203,30994,263,272,3968,0
93,0,L1,128,210,30996,273,282,3968,0
96,0,L1,128,217,30998,283,292,3968,0
99,0,L1,128,224,31000,293,302,3968,0
102,0,L1,128,231,31002,303,312,3968,0
105,0,L1,128,238,31004,313,322,3968,0
108,0,L1,128,245,31006,323,332,3968,0
111,0,L1,128,252,31008,333,344,3968,0
115,0,L1,128,261,31010,345,355,3968,0
118,0,L1,128,268,31012,356,365,3968,0
121,0,L1,128,275,31014,366,375,3968,0
124,0,L1,128,282,31016,376,385,3968,0
127,0,L1,128,289,31018,386,395,3968,0
130,0,L1,128,296,31020,396,405,3968,0
133,0,L1,128,303,31022,406,415,3968,0
136,0,L1,128,310,31024,416,425,3968,0
139,0,L1,128,317,31026,426,435,3968,0
142,0,L1,128,324,31028,436,445,3968,0
145,0,L1,128,331,31030,446,455,3968,0
148,0,L1,128,338,31032,456,465,3968,0
151,0,L1,128,345,31034,466,475,3968,0
154,0,L1,128,352,31036,476,485,3968,0
157,0,L1,128,359,31038,486,495,3968,0
160,0,L1,128,366,31040,496,507,3968,0
164,0,L1,128,375,31042,508,518,3968,0
167,0,L1,128,382,31044,519,528,3968,0
170,0,L1,128,389,31046,529,538,3968,0
173,0,L1,128,396,31048,539,548,3968,0
176,0,L1,128,403,31050,549,558,3968,0
179,0,L1,128,410,31052,559,568,3968,0
182,0,L1,128,417,31054,569,578,3968,0
185,0,L1,128,424,31056,579,588,3968,0
188,0,L1,128,431,31058,589,598,3968,0
191,0,L1,128,438,31060,599,608,3968,0
194,0,L1,128,445,31062,609,618,3968,0
197,0,L1,128,452,31064,619,628,3968,0
200,0,L1,128,459,31066,629,638,3968,0
203,0,L1,128,466,31068,639,648,3968,0
206,0,L1,128,473,31070,649,658,3968,0
209,0,L1,128,480,31072,659,670,3968,0
213,0,L1,128,489,31074,671,681,3968,0
216,0,L1,128,496,31076,682,691,3968,0
219,0,L1,128,503,31078,692,701,3968,0
222,0,L1,128,510,31080,702,711,3968,0
225,0,L1,128,517,31082,712,721,3968,0
228,0,L1,128,524,31084,722,731,3968,0
231,0,L1,128,531,31086,732,741,3968,0
234,0,L1,128,538,31088,742,751,3968,0
237,0,L1,128,545,31090,752,761,3968,0
240,0,L1,128,552,31092,762,771,3968,0
243,0,L1,128,559,31094,772,781,3968,0
246,0,L1,128,566,31096,782,791,3968,0
249,0,L1,128,573,31098,792,801,3968,0
252,0,L1,128,580,31100,802,811,3968,0
255,0,L1,128,587,31102,812,821,3968,0
258,0,L1,128,594,31104,822,833,3968,0
262,0,L1,128,603,31106,834,844,3968,0
265,0,L1,128,610,31108,845,854,3968,0
268,0,L1,128,617,31110,855,864,3968,0
271,0,L1,128,624,31112,865,874,3968,0
274,0,L1,128,631,31114,875,884,3968,0
277,0,L1,128,638,31116,885,894,3968,0
280,0,L1,128,645,31118,895,904,3968,0
283,0,L1,128,652,31120,905,914,3968,0
286,0,L1,128,659,31122,915,924,3968,0
289,0,L1,128,666,31124,925,934,3968,0
292,0,L1,128,673,31126,935,944,3968,0
295,0,L1,128,680,31128,945,954,3968,0
298,0,L1,128,687,31130,955,964,3968,0
301,0,L1,128,694,31132,965,974,3968,0
304,0,L1,128,701,31134,975,984,3968,0
307,0,L1,128,708,31136,985,996,3968,0
311,0,L1,128,717,31138,997,1007,3968,0
314,0,L1,128,724,31140,1008,1017,3968,0
317,0,L1,128,731,31142,1018,1027,3968,0
320,0,L1,128,738,31144,1028,1037,3968,0
323,0,L1,128,745,31146,1038,1047,3968,0
326,0,L1,128,752,31148,1048,1057,3968,0
329,0,L1,128,759,31150,1058,1067,3968,0
332,0,L1,128,766,31152,1068,1077,3968,0
335,0,L1,128,773,31154,1078,1087,3968,0
338,0,L1,128,780,31156,1088,1097,3968,0
341,0,L1,128,787,31158,1098,1107,3968,0
344,0,L1,128,794,31160,1108,1117,3968,0
347,0,L1,128,801,31162,1118,1127,3968,0
350,0,L1,128,808,31164,1128,1137,3968,0
353,0,L1,128,815,31166,1138,1147,3968,0
356,0,L1,128,822,31168,1148,1159,3968,0
360,0,L1,128,831,31170,1160,1170,3968,0
363,0,L1,128,838,31172,1171,1180,3968,0
366,0,L1,128,845,31174,1181,1190,3968,0
369,0,L1,128,852,31176,1191,1200,3968,0
372,0,L1,128,859,31178,1201,1210,3968,0
375,0,L1,128,866,31180,1211,1220,3968,0
378,0,L1,128,873,31182,1221,1230,3968,0
381,0,L1,128,880,31184,1231,1240,3968,0
384,0,L1,128,887,31186,1241,1250,3968,0
387,0,L1,128,894,31188,1251,1260,3968,0
390,0,L1,128,901,31190,1261,1270,3968,0
393,0,L1,128,908,31192,1271,1280,3968,0
396,0,L1,128,915,31194,1281,1290,3968,0
399,0,L1,128,922,31196,1291,1300,3968,0
402,0,L1,128,929,31198,1301,1310,3968,0
405,0,L1,128,936,31200,1311,1322,3968,0
409,0,L1,128,945,31202,1323,1333,3968,0
412,0,L1,128,952,31204,1334,1343,3968,0
415,0,L1,128,959,31206,1344,1353,3968,0
418,0,L1,128,966,31208,1354,1363,3968,0
421,0,L1,128,973,31210,1364,1373,3968,0
424,0,L1,128,980,31212,1374,1383,3968,0
427,0,L1,128,987,31214,1384,1393,3968,0
430,0,L1,128,994,31216,1394,1403,3968,0
433,0,L1,128,1001,31218,1404,1413,3968,0
436,0,L1,128,1008,31220,1414,1423,3968,0
439,0,L1,128,1015,31222,1424,1433,3968,0
442,0,L1,128,1022,31224,1434,1443,3968,0
445,0,L1,128,1029,31226,1444,1453,3968,0
448,0,L1,128,1036,31228,1454,1463,3968,0
451,0,L1,128,1043,31230,1464,1473,3968,0
454,0,L1,128,1050,31232,1474,1485,3968,0
458,0,L1,128,1059,31234,1486,1496,3968,0
461,0,L1,128,1066,31236,1497,1506,3968,0
464,0,L1,128,1073,31238,1507,1516,3968,0
467,0,L1,128,1080,31240,1517,1526,3968,0
470,0,L1,128,1087,31242,1527,1536,3968,0
473,0,L1,128,1094,31244,1537,1546,3968,0
476,0,L1,128,1101,31246,1547,1556,3968,0
479,0,L1,128,1108,31248,1557,1566,3968,0
482,0,L1,128,1115,31250,1567,1576,3968,0
485,0,L1,128,1122,31252,1577,1586,3968,0
488,0,L1,128,1129,31254,1587,1596,3968,0
491,0,L1,128,1136,31256,1597,1606,3968,0
494,0,L1,128,1143,31258,1607,1616,3968,0
497,0,L1,128,1150,31260,1617,1626,3968,0
500,0,L1,128,1157,31262,1627,1636,3968,0
503,0,L1,128,1164,31264,1637,1648,3968,0
507,0,L1,128,1173,31266,1649,1659,3968,0
510,0,L1,128,1180,31268,1660,1669,3968,0
513,0,L1,128,1187,31270,1670,1679,3968,0
516,0,L1,128,1194,31272,1680,1689,3968,0
519,0,L1,128,1201,31274,1690,1699,3968,0
522,0,L1,128,1208,31276,1700,1709,3968,0
525,0,L1,128,1215,31278,1710,1719,3968,0
528,0,L1,128,1222,31280,1720,1729,3968,0
531,0,L1,128,1229,31282,1730,1739,3968,0
534,0,L1,128,1236,31284,1740,1749,3968,0
537,0,L1,128,1243,31286,1750,1759,3968,0
540,0,L1,128,1250,31288,1760,1769,3968,0
543,0,L1,128,1257,31290,1770,1779,3968,0
546,0,L1,128,1264,31292,1780,1789,3968,0
549,0,L1,128,1271,31294,1790,1799,3968,0
552,0,L1,128,1278,31296,1800,1811,3968,0
556,0,L1,128,1287,31298,1812,1822,3968,0
559,0,L1,128,1294,31300,1823,1832,3968,0
562,0,L1,128,1301,31302,1833,1842,3968,0
565,0,L1,128,1308,31304,1843,1852,3968,0
568,0,L1,128,1315,31306,1853,1862,3968,0
571,0,L1,128,1322,31308,1863,1872,3968,0
574,0,L1,128,1329,31310,1873,1882,3968,0
577,0,L1,128,1336,31312,1883,1892,3968,0
580,0,L1,128,1343,31314,1893,1902,3968,0
583,0,L1,128,1350,31316,1903,1912,3968,0
586,0,L1,128,1357,31318,1913,1922,3968,0
589,0,L1,128,1364,31320,1923,1932,3968,0
592,0,L1,128,1371,31322,1933,1942,3968,0
595,0,L1,128,1378,31324,1943,1952,3968,0
598,0,L1,128,1385,31326,1953,1962,3968,0
601,0,L1,128,1392,31328,1963,1974,3968,0
605,0,L1,128,1401,31330,1975,1985,3968,0
608,0,L1,128,1408,31332,1986,1995,3968,0
611,0,L1,128,1415,31334,1996,2005,3968,0
614,0,L1,128,1422,31336,2006,2015,3968,0
617,0,L1,128,1429,31338,2016,2025,3968,0
620,0,L1,128,1436,31340,2026,2035,3968,0
623,0,L1,128,1443,31342,2036,2045,3968,0
626,0,L1,128,1450,31344,2046,2055,3968,0
629,0,L1,128,1457,31346,2056,2065,3968,0
632,0,L1,128,1464,31348,2066,2075,3968,0
635,0,L1,128,1471,31350,2076,2085,3968,0
638,0,L1,128,1478,31352,2086,2095,3968,0
641,0,L1,128,1485,31354,2096,2105,3968,0
644,0,L1,128,1492,31356,2106,2115,3968,0
647,0,L1,128,1499,31358,2116,2125,3968,0
650,0,L1,128,1506,31360,2126,2137,3968,0
654,0,L1,128,1515,31362,2138,2148,3968,0
657,0,L1,128,1522,31364,2149,2158,3968,0
660,0,L1,128,1529,31366,2159,2168,3968,0
663,0,L1,128,1536,31368,2169,2178,3968,0
666,0,L1,128,1543,31370,2179,2188,3968,0
669,0,L1,128,1550,31372,2189,2198,3968,0
672,0,L1,128,1557,31374,2199,2208,3968,0
675,0,L1,128,1564,31376,2209,2218,3968,0
678,0,L1,128,1571,31378,2219,2228,3968,0
681,0,L1,128,1578,31380,2229,2238,3968,0
684,0,L1,128,1585,31382,2239,2248,3968,0
687,0,L1,128,1592,31384,2249,2258,3968,0
690,0,L1,128,1599,31386,2259,2268,3968,0
693,0,L1,128,1606,31388,2269,2278,3968,0
696,0,L1,128,1613,31390,2279,2288,3968,0
699,0,L1,128,1620,31392,2289,2300,3968,0
703,0,L1,128,1629,31394,2301,2311,3968,0
706,0,L1,128,1636,31396,2312,2321,3968,0
709,0,L1,128,1643,31398,2322,2331,3968,0
712,0,L1,128,1650,31400,2332,2341,3968,0
715,0,L1,128,1657,31402,2342,2351,3968,0
718,0,L1,128,1664,31404,2352,2361,3968,0
721,0,L1,128,1671,31406,2362,2371,3968,0
724,0,L1,128,1678,31408,2372,2381,3968,0
727,0,L1,128,1685,31410,2382,2391,3968,0
730,0,L1,128,1692,31412,2392,2401,3968,0
733,0,L1,128,1699,31414,2402,2411,3968,0
736,0,L1,128,1706,31416,2412,2421,3968,0
739,0,L1,128,1713,31418,2422,2431,3968,0
742,0,L1,128,1720,31420,2432,2441,3968,0
745,0,L1,128,1727,31422,2442,2451,3968,0
748,0,L1,128,1734,22764,2452,38007,3968,0
752,0,L1,128,1743,38174,2464,35972,0,0
755,0,L1,128,1750,37724,2475,33602,256,0
758,0,L1,128,1757,37242,2485,31232,512,0
761,0,L1,128,1764,36760,2495,28862,768,0
764,0,L1,128,1771,36278,2505,26492,1024,0
767,0,L1,128,1778,35796,2515,24122,1280,0
770,0,L1,128,1785,35314,2525,21752,1536,0
773,0,L1,128,1792,34832,2535,19382,1792,0
776,0,L1,128,1799,34350,2545,17012,2048,0
779,0,L1,128,1806,33868,2555,14642,2304,0
782,0,L1,128,1813,33386,2565,12272,2560,0
785,0,L1,128,1820,32904,2575,9902,2816,0
788,0,L1,128,1827,32422,2585,7532,3072,0
791,0,L1,128,1834,31940,2595,5162,3328,0
794,0,L1,128,1841,31458,2605,2792,3584,0
797,0,L1,128,1848,31454,2615,2776,3840,0
801,0,L1,128,1857,22817,2627,4847,128,0
804,0,L1,128,1864,22820,2638,4856,384,0
807,0,L1,128,1871,22823,2648,4864,640,0
810,0,L1,128,1878,22826,2658,4872,896,0
813,0,L1,128,1885,22829,2668,4880,1152,0
816,0,L1,128,1892,22832,2678,4888,1408,0
819,0,L1,128,1899,22835,2688,4896,1664,0
822,0,L1,128,1906,22838,2698,4904,1920,0
825,0,L1,128,1913,22841,2708,4912,2176,0
828,0,L1,128,1920,22844,2718,4920,2432,0
831,0,L1,128,1927,22847,2728,4928,2688,0
834,0,L1,128,1934,22850,2738,4936,2944,0
837,0,L1,128,1941,22853,2748,4944,3200,0
840,0,L1,128,1948,22856,2758,4952,3456,0
843,0,L1,128,1955,22859,2768,4960,3712,0
62,1,L1,128,30977,31456,2777,2779,3840,1
846,0,L1,128,1962,22862,2780,4969,3840,0
66,1,L1,128,30979,31460,2793,2802,3584,1
69,1,L1,128,30981,31462,2803,2811,3584,1
72,1,L1,128,30983,31464,2812,2820,3584,1
75,1,L1,128,30985,31466,2821,2829,3584,1
78,1,L1,128,30987,31468,2830,2838,3584,1
81,1,L1,128,30989,31470,2839,2847,3584,1
84,1,L1,128,30991,31472,2848,2856,3584,1
87,1,L1,128,30993,31474,2857,2865,3584,1
90,1,L1,128,30995,31476,2866,2874,3584,1
93,1,L1,128,30997,31478,2875,2883,3584,1
96,1,L1,128,30999,31480,2884,2892,3584,1
99,1,L1,128,31001,31482,2893,2901,3584,1
102,1,L1,128,31003,31484,2902,2910,3584,1
105,1,L1,128,31005,31486,2911,2919,3584,1
108,1,L1,128,31007,31488,2920,2928,3584,1
111,1,L1,128,31009,31490,2929,2939,3584,1
115,1,L1,128,31011,31492,2940,2949,3584,1
118,1,L1,128,31013,31494,2950,2958,3584,1
121,1,L1,128,31015,31496,2959,2967,3584,1
124,1,L1,128,31017,31498,2968,2976,3584,1
127,1,L1,128,31019,31500,2977,2985,3584,1
130,1,L1,128,31021,31502,2986,2994,3584,1
133,1,L1,128,31023,31504,2995,3003,3584,1
136,1,L1,128,31025,31506,3004,3012,3584,1
139,1,L1,128,31027,31508,3013,3021,3584,1
142,1,L1,128,31029,31510,3022,3030,3584,1
145,1,L1,128,31031,31512,3031,3039,3584,1
148,1,L1,128,31033,31514,3040,3048,3584,1
151,1,L1,128,31035,31516,3049,3057,3584,1
154,1,L1,128,31037,31518,3058,3066,3584,1
157,1,L1,128,31039,31520,3067,3075,3584,1
160,1,L1,128,31041,31522,3076,3086,3584,1
164,1,L1,128,31043,31524,3087,3096,3584,1
167,1,L1,128,31045,31526,3097,3105,3584,1
170,1,L1,128,31047,31528,3106,3114,3584,1
173,1,L1,128,31049,31530,3115,3123,3584,1
176,1,L1,128,31051,31532,3124,3132,3584,1
179,1,L1,128,31053,31534,3133,3141,3584,1
182,1,L1,128,31055,31536,3142,3150,3584,1
185,1,L1,128,31057,31538,3151,3159,3584,1
188,1,L1,128,31059,31540,3160,3168,3584,1
191,1,L1,128,31061,31542,3169,3177,3584,1
194,1,L1,128,31063,31544,3178,3186,3584,1
197,1,L1,128,31065,31546,3187,3195,3584,1
200,1,L1,128,31067,31548,3196,3204,3584,1
203,1,L1,128,31069,31550,3205,3213,3584,1
206,1,L1,128,31071,31552,3214,3222,3584,1
209,1,L1,128,31073,31554,3223,3233,3584,1
213,1,L1,128,31075,31556,3234,3243,3584,1
216,1,L1,128,31077,31558,3244,3252,3584,1
219,1,L1,128,31079,31560,3253,3261,3584,1
222,1,L1,128,31081,31562,3262,3270,3584,1
225,1,L1,128,31083,31564,3271,3279,3584,1
228,1,L1,128,31085,31566,3280,3288,3584,1
231,1,L1,128,31087,31568,3289,3297,3584,1
234,1,L1,128,31089,31570,3298,3306,3584,1
237,1,L1,128,31091,31572,3307,3315,3584,1
240,1,L1,128,31093,31574,3316,3324,3584,1
243,1,L1,128,31095,31576,3325,3333,3584,1
246,1,L1,128,31097,31578,3334,3342,3584,1
249,1,L1,128,31099,31580,3343,3351,3584,1
252,1,L1,128,31101,31582,3352,3360,3584,1
255,1,L1,128,31103,31584,3361,3369,3584,1
258,1,L1,128,31105,31586,3370,3380,3584,1
262,1,L1,128,31107,31588,3381,3390,3584,1
265,1,L1,128,31109,31590,3391,3399,3584,1
268,1,L1,128,31111,31592,3400,3408,3584,1
271,1,L1,128,31113,31594,3409,3417,3584,1
274,1,L1,128,31115,31596,3418,3426,3584,1
277,1,L1,128,31117,31598,3427,3435,3584,1
280,1,L1,128,31119,31600,3436,3444,3584,1
283,1,L1,128,31121,31602,3445,3453,3584,1
286,1,L1,128,31123,31604,3454,3462,3584,1
289,1,L1,128,31125,31606,3463,3471,3584,1
292,1,L1,128,31127,31608,3472,3480,3584,1
295,1,L1,128,31129,31610,3481,3489,3584,1
298,1,L1,128,31131,31612,3490,3498,3584,1
301,1,L1,128,31133,31614,3499,3507,3584,1
304,1,L1,128,31135,31616,3508,3516,3584,1
307,1,L1,128,31137,31618,3517,3527,3584,1
311,1,L1,128,31139,31620,3528,3537,3584,1
314,1,L1,128,31141,31622,3538,3546,3584,1
317,1,L1,128,31143,31624,3547,3555,3584,1
320,1,L1,128,31145,31626,3556,3564,3584,1
323,1,L1,128,31147,31628,3565,3573,3584,1
326,1,L1,128,31149,31630,3574,3582,3584,1
329,1,L1,128,31151,31632,3583,3591,3584,1
332,1,L1,128,31153,31634,3592,3600,3584,1
335,1,L1,128,31155,31636,3601,3609,3584,1
338,1,L1,128,31157,31638,3610,3618,3584,1
341,1,L1,128,31159,31640,3619,3627,3584,1
344,1,L1,128,31161,31642,3628,3636,3584,1
347,1,L1,128,31163,31644,3637,3645,3584,1
350,1,L1,128,31165,31646,3646,3654,3584,1
353,1,L1,128,31167,31648,3655,3663,3584,1
356,1,L1,128,31169,31650,3664,3674,3584,1
360,1,L1,128,31171,31652,3675,3684,3584,1
363,1,L1,128,31173,31654,3685,3693,3584,1
366,1,L1,128,31175,31656,3694,3702,3584,1
369,1,L1,128,31177,31658,3703,3711,3584,1
372,1,L1,128,31179,31660,3712,3720,3584,1
375,1,L1,128,31181,31662,3721,3729,3584,1
378,1,L1,128,31183,31664,3730,3738,3584,1
381,1,L1,128,31185,31666,3739,3747,3584,1
384,1,L1,128,31187,31668,3748,3756,3584,1
387,1,L1,128,31189,31670,3757,3765,3584,1
390,1,L1,128,31191,31672,3766,3774,3584,1
393,1,L1,128,31193,31674,3775,3783,3584,1
396,1,L1,128,31195,31676,3784,3792,3584,1
399,1,L1,128,31197,31678,3793,3801,3584,1
402,1,L1,128,31199,31680,3802,3810,3584,1
405,1,L1,128,31201,31682,3811,3821,3584,1
409,1,L1,128,31203,31684,3822,3831,3584,1
412,1,L1,128,31205,31686,3832,3840,3584,1
415,1,L1,128,31207,31688,3841,3849,3584,1
418,1,L1,128,31209,31690,3850,3858,3584,1
421,1,L1,128,31211,31692,3859,3867,3584,1
424,1,L1,128,31213,31694,3868,3876,3584,1
427,1,L1,128,31215,31696,3877,3885,3584,1
430,1,L1,128,31217,31698,3886,3894,3584,1
433,1,L1,128,31219,31700,3895,3903,3584,1
436,1,L1,128,31221,31702,3904,3912,3584,1
439,1,L1,128,31223,31704,3913,3921,3584,1
442,1,L1,128,31225,31706,3922,3930,3584,1
445,1,L1,128,31227,31708,3931,3939,3584,1
448,1,L1,128,31229,31710,3940,3948,3584,1
451,1,L1,128,31231,31712,3949,3957,3584,1
454,1,L1,128,31233,31714,3958,3968,3584,1
458,1,L1,128,31235,31716,3969,3978,3584,1
461,1,L1,128,31237,31718,3979,3987,3584,1
464,1,L1,128,31239,31720,3988,3996,3584,1
467,1,L1,128,31241,31722,3997,4005,3584,1
470,1,L1,128,31243,31724,4006,4014,3584,1
473,1,L1,128,31245,31726,4015,4023,3584,1
476,1,L1,128,31247,31728,4024,4032,3584,1
479,1,L1,128,31249,31730,4033,4041,3584,1
482,1,L1,128,31251,31732,4042,4050,3584,1
485,1,L1,128,31253,31734,4051,4059,3584,1
488,1,L1,128,31255,31736,4060,4068,3584,1
491,1,L1,128,31257,31738,4069,4077,3584,1
494,1,L1,128,31259,31740,4078,4086,3584,1
497,1,L1,128,31261,31742,4087,4095,3584,1
500,1,L1,128,31263,31744,4096,4104,3584,1
503,1,L1,128,31265,31746,4105,4115,3584,1
507,1,L1,128,31267,31748,4116,4125,3584,1
510,1,L1,128,31269,31750,4126,4134,3584,1
513,1,L1,128,31271,31752,4135,4143,3584,1
516,1,L1,128,31273,31754,4144,4152,3584,1
519,1,L1,128,31275,31756,4153,4161,3584,1
522,1,L1,128,31277,31758,4162,4170,3584,1
525,1,L1,128,31279,31760,4171,4179,3584,1
528,1,L1,128,31281,31762,4180,4188,3584,1
531,1,L1,128,31283,31764,4189,4197,3584,1
534,1,L1,128,31285,31766,4198,4206,3584,1
537,1,L1,128,31287,31768,4207,4215,3584,1
540,1,L1,128,31289,31770,4216,4224,3584,1
543,1,L1,128,31291,31772,4225,4233,3584,1
546,1,L1,128,31293,31774,4234,4242,3584,1
549,1,L1,128,31295,31776,4243,4251,3584,1
552,1,L1,128,31297,31778,4252,4262,3584,1
556,1,L1,128,31299,31780,4263,4272,3584,1
559,1,L1,128,31301,31782,4273,4281,3584,1
562,1,L1,128,31303,31784,4282,4290,3584,1
565,1,L1,128,31305,31786,4291,4299,3584,1
568,1,L1,128,31307,31788,4300,4308,3584,1
571,1,L1,128,31309,31790,4309,4317,3584,1
574,1,L1,128,31311,31792,4318,4326,3584,1
577,1,L1,128,31313,31794,4327,4335,3584,1
580,1,L1,128,31315,31796,4336,4344,3584,1
583,1,L1,128,31317,31798,4345,4353,3584,1
586,1,L1,128,31319,31800,4354,4362,3584,1
589,1,L1,128,31321,31802,4363,4371,3584,1
592,1,L1,128,31323,31804,4372,4380,3584,1
595,1,L1,128,31325,31806,4381,4389,3584,1
598,1,L1,128,31327,31808,4390,4398,3584,1
601,1,L1,128,31329,31810,4399,4409,3584,1
605,1,L1,128,31331,31812,4410,4419,3584,1
608,1,L1,128,31333,31814,4420,4428,3584,1
611,1,L1,128,31335,31816,4429,4437,3584,1
614,1,L1,128,31337,31818,4438,4446,3584,1
617,1,L1,128,31339,31820,4447,4455,3584,1
620,1,L1,128,31341,31822,4456,4464,3584,1
623,1,L1,128,31343,31824,4465,4473,3584,1
626,1,L1,128,31345,31826,4474,4482,3584,1
629,1,L1,128,31347,31828,4483,4491,3584,1
632,1,L1,128,31349,31830,4492,4500,3584,1
635,1,L1,128,31351,31832,4501,4509,3584,1
638,1,L1,128,31353,31834,4510,4518,3584,1
641,1,L1,128,31355,31836,4519,4527,3584,1
644,1,L1,128,31357,31838,4528,4536,3584,1
647,1,L1,128,31359,31840,4537,4545,3584,1
650,1,L1,128,31361,31842,4546,4556,3584,1
654,1,L1,128,31363,31844,4557,4566,3584,1
657,1,L1,128,31365,31846,4567,4575,3584,1
660,1,L1,128,31367,31848,4576,4584,3584,1
663,1,L1,128,31369,31850,4585,4593,3584,1
666,1,L1,128,31371,31852,4594,4602,3584,1
669,1,L1,128,31373,31854,4603,4611,3584,1
672,1,L1,128,31375,31856,4612,4620,3584,1
675,1,L1,128,31377,31858,4621,4629,3584,1
678,1,L1,128,31379,31860,4630,4638,3584,1
681,1,L1,128,31381,31862,4639,4647,3584,1
684,1,L1,128,31383,31864,4648,4656,3584,1
687,1,L1,128,31385,31866,4657,4665,3584,1
690,1,L1,128,31387,31868,4666,4674,3584,1
693,1,L1,128,31389,31870,4675,4683,3584,1
696,1,L1,128,31391,31872,4684,4692,3584,1
699,1,L1,128,31393,31874,4693,4703,3584,1
703,1,L1,128,31395,31876,4704,4713,3584,1
706,1,L1,128,31397,31878,4714,4722,3584,1
709,1,L1,128,31399,31880,4723,4731,3584,1
712,1,L1,128,31401,31882,4732,4740,3584,1
715,1,L1,128,31403,31884,4741,4749,3584,1
718,1,L1,128,31405,31886,4750,4758,3584,1
721,1,L1,128,31407,31888,4759,4767,3584,1
724,1,L1,128,31409,31890,4768,4776,3584,1
727,1,L1,128,31411,31892,4777,4785,3584,1
730,1,L1,128,31413,31894,4786,4794,3584,1
733,1,L1,128,31415,31896,4795,4803,3584,1
736,1,L1,128,31417,31898,4804,4812,3584,1
739,1,L1,128,31419,31900,4813,4821,3584,1
742,1,L1,128,31421,31902,4822,4830,3584,1
745,1,L1,128,31423,22761,4831,37999,3584,1
794,1,L1,128,31459,31936,4962,5146,128,1
797,1,L1,128,31455,31932,4971,5134,384,1
2,1,L1,128,31425,31928,4979,5122,640,1
1345,0,L1,128,3201,23361,4981,7215,896,0
6,1,L1,128,31427,31924,4990,5110,1152,1
1348,0,L1,128,3208,23364,4992,7224,1408,0
10,1,L1,128,31429,31920,5000,5098,1664,1
1351,0,L1,128,3215,23367,5002,7232,1920,0
14,1,L1,128,31431,31916,5010,5086,2176,1
1354,0,L1,128,3222,23370,5012,7240,2432,0
18,1,L1,128,31433,31912,5020,5074,2688,1
1357,0,L1,128,3229,23373,5022,7248,2944,0
22,1,L1,128,31435,31908,5030,5062,3200,1
1360,0,L1,128,3236,23376,5032,7256,3456,0
26,1,L1,128,31437,31904,5040,5050,3712,1
1363,0,L1,128,3243,23379,5042,7264,3840,0
30,1,L1,128,31439,31906,5051,5053,3712,1
1366,0,L1,128,3250,23382,5054,7272,3712,0
34,1,L1,128,31441,31910,5063,5065,3200,1
1369,0,L1,128,3257,23385,5066,7280,3200,0
38,1,L1,128,31443,31914,5075,5077,2688,1
1372,0,L1,128,3264,23388,5078,7288,2688,0
42,1,L1,128,31445,31918,5087,5089,2176,1
1375,0,L1,128,3271,23391,5090,7296,2176,0
46,1,L1,128,31447,31922,5099,5101,1664,1
1378,0,L1,128,3278,23394,5102,7304,1664,0
50,1,L1,128,31449,31926,5111,5113,1152,1
1381,0,L1,128,3285,23397,5114,7312,1152,0
54,1,L1,128,31451,31930,5123,5125,640,1
1384,0,L1,128,3292,23400,5126,7320,640,0
58,1,L1,128,31453,31934,5135,5137,384,1
1387,0,L1,128,3299,23403,5138,7329,384,0
62,2,L1,128,31457,31938,5147,5149,128,1
1390,0,L1,128,3306,23406,5150,7338,128,0
66,2,L1,128,31461,31942,5163,5172,3328,1
69,2,L1,128,31463,31944,5173,5181,3328,1
72,2,L1,128,31465,31946,5182,5190,3328,1
75,2,L1,128,31467,31948,5191,5199,3328,1
78,2,L1,128,31469,31950,5200,5208,3328,1
81,2,L1,128,31471,31952,5209,5217,3328,1
84,2,L1,128,31473,31954,5218,5226,3328,1
87,2,L1,128,31475,31956,5227,5235,3328,1
90,2,L1,128,31477,31958,5236,5244,3328,1
93,2,L1,128,31479,31960,5245,5253,3328,1
96,2,L1,128,31481,31962,5254,5262,3328,1
99,2,L1,128,31483,31964,5263,5271,3328,1
102,2,L1,128,31485,31966,5272,5280,3328,1
105,2,L1,128,31487,31968,5281,5289,3328,1
108,2,L1,128,31489,31970,5290,5298,3328,1
111,2,L1,128,31491,31972,5299,5309,3328,1
115,2,L1,128,31493,31974,5310,5319,3328,1
118,2,L1,128,31495,31976,5320,5328,3328,1
121,2,L1,128,31497,31978,5329,5337,3328,1
124,2,L1,128,31499,31980,5338,5346,3328,1
127,2,L1,128,31501,31982,5347,5355,3328,1
130,2,L1,128,31503,31984,5356,5364,3328,1
133,2,L1,128,31505,31986,5365,5373,3328,1
136,2,L1,128,31507,31988,5374,5382,3328,1
139,2,L1,128,31509,31990,5383,5391,3328,1
142,2,L1,128,31511,31992,5392,5400,3328,1
145,2,L1,128,31513,31994,5401,5409,3328,1
148,2,L1,128,31515,31996,5410,5418,3328,1
151,2,L1,128,31517,31998,5419,5427,3328,1
154,2,L1,128,31519,32000,5428,5436,3328,1
157,2,L1,128,31521,32002,5437,5445,3328,1
160,2,L1,128,31523,32004,5446,5456,3328,1
164,2,L1,128,31525,32006,5457,5466,3328,1
167,2,L1,128,31527,32008,5467,5475,3328,1
170,2,L1,128,31529,32010,5476,5484,3328,1
173,2,L1,128,31531,32012,5485,5493,3328,1
176,2,L1,128,31533,32014,5494,5502,3328,1
179,2,L1,128,31535,32016,5503,5511,3328,1
182,2,L1,128,31537,32018,5512,5520,3328,1
185,2,L1,128,31539,32020,5521,5529,3328,1
188,2,L1,128,31541,32022,5530,5538,3328,1
191,2,L1,128,31543,32024,5539,5547,3328,1
194,2,L1,128,31545,32026,5548,5556,3328,1
197,2,L1,128,31547,32028,5557,5565,3328,1
200,2,L1,128,31549,32030,5566,5574,3328,1
203,2,L1,128,31551,32032,5575,5583,3328,1
206,2,L1,128,31553,32034,5584,5592,3328,1
209,2,L1,128,31555,32036,5593,5603,3328,1
213,2,L1,128,31557,32038,5604,5613,3328,1
216,2,L1,128,31559,32040,5614,5622,3328,1
219,2,L1,128,31561,32042,5623,5631,3328,1
222,2,L1,128,31563,32044,5632,5640,3328,1
225,2,L1,128,31565,32046,5641,5649,3328,1
228,2,L1,128,31567,32048,5650,5658,3328,1
231,2,L1,128,31569,32050,5659,5667,3328,1
234,2,L1,128,31571,32052,5668,5676,3328,1
237,2,L1,128,31573,32054,5677,5685,3328,1
240,2,L1,128,31575,32056,5686,5694,3328,1
243,2,L1,128,31577,32058,5695,5703,3328,1
246,2,L1,128,31579,32060,5704,5712,3328,1
249,2,L1,128,31581,32062,5713,5721,3328,1
252,2,L1,128,31583,32064,5722,5730,3328,1
255,2,L1,128,31585,32066,5731,5739,3328,1
258,2,L1,128,31587,32068,5740,5750,3328,1
262,2,L1,128,31589,32070,5751,5760,3328,1
265,2,L1,128,31591,32072,5761,5769,3328,1
268,2,L1,128,31593,32074,5770,5778,3328,1
271,2,L1,128,31595,32076,5779,5787,3328,1
274,2,L1,128,31597,32078,5788,5796,3328,1
277,2,L1,128,31599,32080,5797,5805,3328,1
280,2,L1,128,31601,32082,5806,5814,3328,1
283,2,L1,128,31603,32084,5815,5823,3328,1
286,2,L1,128,31605,32086,5824,5832,3328,1
289,2,L1,128,31607,32088,5833,5841,3328,1
292,2,L1,128,31609,32090,5842,5850,3328,1
295,2,L1,128,31611,32092,5851,5859,3328,1
298,2,L1,128,31613,32094,5860,5868,3328,1
301,2,L1,128,31615,32096,5869,5877,3328,1
304,2,L1,128,31617,32098,5878,5886,3328,1
307,2,L1,128,31619,32100,5887,5897,3328,1
311,2,L1,128,31621,32102,5898,5907,3328,1
314,2,L1,128,31623,32104,5908,5916,3328,1
317,2,L1,128,31625,32106,5917,5925,3328,1
320,2,L1,128,31627,32108,5926,5934,3328,1
323,2,L1,128,31629,32110,5935,5943,3328,1
326,2,L1,128,31631,32112,5944,5952,3328,1
329,2,L1,128,31633,32114,5953,5961,3328,1
332,2,L1,128,31635,32116,5962,5970,3328,1
335,2,L1,128,31637,32118,5971,5979,3328,1
338,2,L1,128,31639,32120,5980,5988,3328,1
341,2,L1,128,31641,32122,5989,5997,3328,1
344,2,L1,128,31643,32124,5998,6006,3328,1
347,2,L1,128,31645,32126,6007,6015,3328,1
350,2,L1,128,31647,32128,6016,6024,3328,1
353,2,L1,128,31649,32130,6025,6033,3328,1
356,2,L1,128,31651,32132,6034,6044,3328,1
360,2,L1,128,31653,32134,6045,6054,3328,1
363,2,L1,128,31655,32136,6055,6063,3328,1
366,2,L1,128,31657,32138,6064,6072,3328,1
369,2,L1,128,31659,32140,6073,6081,3328,1
372,2,L1,128,31661,32142,6082,6090,3328,1
375,2,L1,128,31663,32144,6091,6099,3328,1
378,2,L1,128,31665,32146,6100,6108,3328,1
381,2,L1,128,31667,32148,6109,6117,3328,1
384,2,L1,128,31669,32150,6118,6126,3328,1
387,2,L1,128,31671,32152,6127,6135,3328,1
390,2,L1,128,31673,32154,6136,6144,3328,1
393,2,L1,128,31675,32156,6145,6153,3328,1
396,2,L1,128,31677,32158,6154,6162,3328,1
399,2,L1,128,31679,32160,6163,6171,3328,1
402,2,L1,128,31681,32162,6172,6180,3328,1
405,2,L1,128,31683,32164,6181,6191,3328,1
409,2,L1,128,31685,32166,6192,6201,3328,1
412,2,L1,128,31687,32168,6202,6210,3328,1
415,2,L1,128,31689,32170,6211,6219,3328,1
418,2,L1,128,31691,32172,6220,6228,3328,1
421,2,L1,128,31693,32174,6229,6237,3328,1
424,2,L1,128,31695,32176,6238,6246,3328,1
427,2,L1,128,31697,32178,6247,6255,3328,1
430,2,L1,128,31699,32180,6256,6264,3328,1
433,2,L1,128,31701,32182,6265,6273,3328,1
436,2,L1,128,31703,32184,6274,6282,3328,1
439,2,L1,128,31705,32186,6283,6291,3328,1
442,2,L1,128,31707,32188,6292,6300,3328,1
445,2,L1,128,31709,32190,6301,6309,3328,1
448,2,L1,128,31711,32192,6310,6318,3328,1
451,2,L1,128,31713,32194,6319,6327,3328,1
454,2,L1,128,31715,32196,6328,6338,3328,1
458,2,L1,128,31717,32198,6339,6348,3328,1
461,2,L1,128,31719,32200,6349,6357,3328,1
464,2,L1,128,31721,32202,6358,6366,3328,1
467,2,L1,128,31723,32204,6367,6375,3328,1
470,2,L1,128,31725,32206,6376,6384,3328,1
473,2,L1,128,31727,32208,6385,6393,3328,1
476,2,L1,128,31729,32210,6394,6402,3328,1
479,2,L1,128,31731,32212,6403,6411,3328,1
482,2,L1,128,31733,32214,6412,6420,3328,1
485,2,L1,128,31735,32216,6421,6429,3328,1
488,2,L1,128,31737,32218,6430,6438,3328,1
491,2,L1,128,31739,32220,6439,6447,3328,1
494,2,L1,128,31741,32222,6448,6456,3328,1
497,2,L1,128,31743,32224,6457,6465,3328,1
500,2,L1,128,31745,32226,6466,6474,3328,1
503,2,L1,128,31747,32228,6475,6485,3328,1
507,2,L1,128,31749,32230,6486,6495,3328,1
510,2,L1,128,31751,32232,6496,6504,3328,1
513,2,L1,128,31753,32234,6505,6513,3328,1
516,2,L1,128,31755,32236,6514,6522,3328,1
519,2,L1,128,31757,32238,6523,6531,3328,1
522,2,L1,128,31759,32240,6532,6540,3328,1
525,2,L1,128,31761,32242,6541,6549,3328,1
528,2,L1,128,31763,32244,6550,6558,3328,1
531,2,L1,128,31765,32246,6559,6567,3328,1
534,2,L1,128,31767,32248,6568,6576,3328,1
537,2,L1,128,31769,32250,6577,6585,3328,1
540,2,L1,128,31771,32252,6586,6594,3328,1
543,2,L1,128,31773,32254,6595,6603,3328,1
546,2,L1,128,31775,32256,6604,6612,3328,1
549,2,L1,128,31777,32258,6613,6621,3328,1
552,2,L1,128,31779,32260,6622,6632,3328,1
556,2,L1,128,31781,32262,6633,6642,3328,1
559,2,L1,128,31783,32264,6643,6651,3328,1
562,2,L1,128,31785,32266,6652,6660,3328,1
565,2,L1,128,31787,32268,6661,6669,3328,1
568,2,L1,128,31789,32270,6670,6678,3328,1
571,2,L1,128,31791,32272,6679,6687,3328,1
574,2,L1,128,31793,32274,6688,6696,3328,1
577,2,L1,128,31795,32276,6697,6705,3328,1
580,2,L1,128,31797,32278,6706,6714,3328,1
583,2,L1,128,31799,32280,6715,6723,3328,1
586,2,L1,128,31801,32282,6724,6732,3328,1
589,2,L1,128,31803,32284,6733,6741,3328,1
592,2,L1,128,31805,32286,6742,6750,3328,1
595,2,L1,128,31807,32288,6751,6759,3328,1
598,2,L1,128,31809,32290,6760,6768,3328,1
601,2,L1,128,31811,32292,6769,6779,3328,1
605,2,L1,128,31813,32294,6780,6789,3328,1
608,2,L1,128,31815,32296,6790,6798,3328,1
611,2,L1,128,31817,32298,6799,6807,3328,1
614,2,L1,128,31819,32300,6808,6816,3328,1
617,2,L1,128,31821,32302,6817,6825,3328,1
620,2,L1,128,31823,32304,6826,6834,3328,1
623,2,L1,128,31825,32306,6835,6843,3328,1
626,2,L1,128,31827,32308,6844,6852,3328,1
629,2,L1,128,31829,32310,6853,6861,3328,1
632,2,L1,128,31831,32312,6862,6870,3328,1
635,2,L1,128,31833,32314,6871,6879,3328,1
638,2,L1,128,31835,32316,6880,6888,3328,1
641,2,L1,128,31837,32318,6889,6897,3328,1
644,2,L1,128,31839,32320,6898,6906,3328,1
647,2,L1,128,31841,32322,6907,6915,3328,1
650,2,L1,128,31843,32324,6916,6926,3328,1
654,2,L1,128,31845,32326,6927,6936,3328,1
657,2,L1,128,31847,32328,6937,6945,3328,1
660,2,L1,128,31849,32330,6946,6954,3328,1
663,2,L1,128,31851,32332,6955,6963,3328,1
666,2,L1,128,31853,32334,6964,6972,3328,1
669,2,L1,128,31855,32336,6973,6981,3328,1
672,2,L1,128,31857,32338,6982,6990,3328,1
675,2,L1,128,31859,32340,6991,6999,3328,1
678,2,L1,128,31861,32342,7000,7008,3328,1
681,2,L1,128,31863,32344,7009,7017,3328,1
684,2,L1,128,31865,32346,7018,7026,3328,1
687,2,L1,128,31867,32348,7027,7035,3328,1
690,2,L1,128,31869,32350,7036,7044,3328,1
693,2,L1,128,31871,32352,7045,7053,3328,1
696,2,L1,128,31873,32354,7054,7062,3328,1
699,2,L1,128,31875,32356,7063,7073,3328,1
703,2,L1,128,31877,32358,7074,7083,3328,1
706,2,L1,128,31879,32360,7084,7092,3328,1
709,2,L1,128,31881,32362,7093,7101,3328,1
712,2,L1,128,31883,32364,7102,7110,3328,1
715,2,L1,128,31885,32366,7111,7119,3328,1
718,2,L1,128,31887,32368,7120,7128,3328,1
721,2,L1,128,31889,32370,7129,7137,3328,1
724,2,L1,128,31891,32372,7138,7146,3328,1
727,2,L1,128,31893,32374,7147,7155,3328,1
730,2,L1,128,31895,32376,7156,7164,3328,1
733,2,L1,128,31897,32378,7165,7173,3328,1
736,2,L1,128,31899,32380,7174,7182,3328,1
739,2,L1,128,31901,32382,7183,7191,3328,1
742,2,L1,128,31903,22758,7192,37991,3328,1
791,1,L1,128,31941,32418,7322,7516,640,1
794,2,L1,128,31937,32414,7331,7504,384,1
797,2,L1,128,31933,32410,7340,7492,128,1
2,2,L1,128,31929,32406,7348,7480,896,1
1889,0,L1,128,4545,23905,7350,9583,1152,0
6,2,L1,128,31925,32402,7359,7468,1408,1
1892,0,L1,128,4552,23908,7361,9592,1664,0
10,2,L1,128,31921,32398,7369,7456,1920,1
1895,0,L1,128,4559,23911,7371,9600,2176,0
14,2,L1,128,31917,32394,7379,7444,2432,1
1898,0,L1,128,4566,23914,7381,9608,2688,0
18,2,L1,128,31913,32390,7389,7432,2944,1
1901,0,L1,128,4573,23917,7391,9616,3200,0
22,2,L1,128,31909,32386,7399,7420,3456,1
1904,0,L1,128,4580,23920,7401,9624,3712,0
26,2,L1,128,31905,32384,7409,7411,3840,1
1907,0,L1,128,4587,23923,7412,9632,3840,0
30,2,L1,128,31907,32388,7421,7423,3456,1
1910,0,L1,128,4594,23926,7424,9640,3456,0
34,2,L1,128,31911,32392,7433,7435,2944,1
1913,0,L1,128,4601,23929,7436,9648,2944,0
38,2,L1,128,31915,32396,7445,7447,2432,1
1916,0,L1,128,4608,23932,7448,9656,2432,0
42,2,L1,128,31919,32400,7457,7459,1920,1
1919,0,L1,128,4615,23935,7460,9664,1920,0
46,2,L1,128,31923,32404,7469,7471,1408,1
1922,0,L1,128,4622,23938,7472,9672,1408,0
50,2,L1,128,31927,32408,7481,7483,896,1
1925,0,L1,128,4629,23941,7484,9680,896,0
54,2,L1,128,31931,32412,7493,7495,128,1
1928,0,L1,128,4636,23944,7496,9689,128,0
58,2,L1,128,31935,32416,7505,7507,384,1
1931,0,L1,128,4643,23947,7508,9698,384,0
62,3,L1,128,31939,32420,7517,7519,640,1
1934,0,L1,128,4650,23950,7520,9707,640,0
66,3,L1,128,31943,32424,7533,7542,3072,1
69,3,L1,128,31945,32426,7543,7551,3072,1
72,3,L1,128,31947,32428,7552,7560,3072,1
75,3,L1,128,31949,32430,7561,7569,3072,1
78,3,L1,128,31951,32432,7570,7578,3072,1
81,3,L1,128,31953,32434,7579,7587,3072,1
84,3,L1,128,31955,32436,7588,7596,3072,1
87,3,L1,128,31957,32438,7597,7605,3072,1
90,3,L1,128,31959,32440,7606,7614,3072,1
93,3,L1,128,31961,32442,7615,7623,3072,1
96,3,L1,128,31963,32444,7624,7632,3072,1
99,3,L1,128,31965,32446,7633,7641,3072,1
102,3,L1,128,31967,32448,7642,7650,3072,1
105,3,L1,128,31969,32450,7651,7659,3072,1
108,3,L1,128,31971,32452,7660,7668,3072,1
111,3,L1,128,31973,32454,7669,7679,3072,1
115,3,L1,128,31975,32456,7680,7689,3072,1
118,3,L1,128,31977,32458,7690,7698,3072,1
121,3,L1,128,31979,32460,7699,7707,3072,1
124,3,L1,128,31981,32462,7708,7716,3072,1
127,3,L1,128,31983,32464,7717,7725,3072,1
130,3,L1,128,31985,32466,7726,7734,3072,1
133,3,L1,128,31987,32468,7735,7743,3072,1
136,3,L1,128,31989,32470,7744,7752,3072,1
139,3,L1,128,31991,32472,7753,7761,3072,1
142,3,L1,128,31993,32474,7762,7770,3072,1
145,3,L1,128,31995,32476,7771,7779,3072,1
148,3,L1,128,31997,32478,7780,7788,3072,1
151,3,L1,128,31999,32480,7789,7797,3072,1
154,3,L1,128,32001,32482,7798,7806,3072,1
157,3,L1,128,32003,32484,7807,7815,3072,1
160,3,L1,128,32005,32486,7816,7826,3072,1
164,3,L1,128,32007,32488,7827,7836,3072,1
167,3,L1,128,32009,32490,7837,7845,3072,1
170,3,L1,128,32011,32492,7846,7854,3072,1
173,3,L1,128,32013,32494,7855,7863,3072,1
176,3,L1,128,32015,32496,7864,7872,3072,1
179,3,L1,128,32017,32498,7873,7881,3072,1
182,3,L1,128,32019,32500,7882,7890,3072,1
185,3,L1,128,32021,32502,7891,7899,3072,1
188,3,L1,128,32023,32504,7900,7908,3072,1
191,3,L1,128,32025,32506,7909,7917,3072,1
194,3,L1,128,32027,32508,7918,7926,3072,1
197,3,L1,128,32029,32510,7927,7935,3072,1
200,3,L1,128,32031,32512,7936,7944,3072,1
203,3,L1,128,32033,32514,7945,7953,3072,1
206,3,L1,128,32035,32516,7954,7962,3072,1
209,3,L1,128,32037,32518,7963,7973,3072,1
213,3,L1,128,32039,32520,7974,7983,3072,1
216,3,L1,128,32041,32522,7984,7992,3072,1
219,3,L1,128,32043,32524,7993,8001,3072,1
222,3,L1,128,32045,32526,8002,8010,3072,1
225,3,L1,128,32047,32528,8011,8019,3072,1
228,3,L1,128,32049,32530,8020,8028,3072,1
231,3,L1,128,32051,32532,8029,8037,3072,1
234,3,L1,128,32053,32534,8038,8046,3072,1
237,3,L1,128,32055,32536,8047,8055,3072,1
240,3,L1,128,32057,32538,8056,8064,3072,1
243,3,L1,128,32059,32540,8065,8073,3072,1
246,3,L1,128,32061,32542,8074,8082,3072,1
249,3,L1,128,32063,32544,8083,8091,3072,1
252,3,L1,128,32065,32546,8092,8100,3072,1
255,3,L1,128,32067,32548,8101,8109,3072,1
258,3,L1,128,32069,32550,8110,8120,3072,1
262,3,L1,128,32071,32552,8121,8130,3072,1
265,3,L1,128,32073,32554,8131,8139,3072,1
268,3,L1,128,32075,32556,8140,8148,3072,1
271,3,L1,128,32077,32558,8149,8157,3072,1
274,3,L1,128,32079,32560,8158,8166,3072,1
277,3,L1,128,32081,32562,8167,8175,3072,1
280,3,L1,128,32083,32564,8176,8184,3072,1
283,3,L1,128,32085,32566,8185,8193,3072,1
286,3,L1,128,32087,32568,8194,8202,3072,1
289,3,L1,128,32089,32570,8203,8211,3072,1
292,3,L1,128,32091,32572,8212,8220,3072,1
295,3,L1,128,32093,32574,8221,8229,3072,1
298,3,L1,128,32095,32576,8230,8238,3072,1
301,3,L1,128,32097,32578,8239,8247,3072,1
304,3,L1,128,32099,32580,8248,8256,3072,1
307,3,L1,128,32101,32582,8257,8267,3072,1
311,3,L1,128,32103,32584,8268,8277,3072,1
314,3,L1,128,32105,32586,8278,8286,3072,1
317,3,L1,128,32107,32588,8287,8295,3072,1
320,3,L1,128,32109,32590,8296,8304,3072,1
323,3,L1,128,32111,32592,8305,8313,3072,1
326,3,L1,128,32113,32594,8314,8322,3072,1
329,3,L1,128,32115,32596,8323,8331,3072,1
332,3,L1,128,32117,32598,8332,8340,3072,1
335,3,L1,128,32119,32600,8341,8349,3072,1
338,3,L1,128,32121,32602,8350,8358,3072,1
341,3,L1,128,32123,32604,8359,8367,3072,1
344,3,L1,128,32125,32606,8368,8376,3072,1
347,3,L1,128,32127,32608,8377,8385,3072,1
350,3,L1,128,32129,32610,8386,8394,3072,1
353,3,L1,128,32131,32612,8395,8403,3072,1
356,3,L1,128,32133,32614,8404,8414,3072,1
360,3,L1,128,32135,32616,8415,8424,3072,1
363,3,L1,128,32137,32618,8425,8433,3072,1
366,3,L1,128,32139,32620,8434,8442,3072,1
369,3,L1,128,32141,32622,8443,8451,3072,1
372,3,L1,128,32143,32624,8452,8460,3072,1
375,3,L1,128,32145,32626,8461,8469,3072,1
378,3,L1,128,32147,32628,8470,8478,3072,1
381,3,L1,128,32149,32630,8479,8487,3072,1
384,3,L1,128,32151,32632,8488,8496,3072,1
387,3,L1,128,32153,32634,8497,8505,3072,1
390,3,L1,128,32155,32636,8506,8514,3072,1
393,3,L1,128,32157,32638,8515,8523,3072,1
396,3,L1,128,32159,32640,8524,8532,3072,1
399,3,L1,128,32161,32642,8533,8541,3072,1
402,3,L1,128,32163,32644,8542,8550,3072,1
405,3,L1,128,32165,32646,8551,8561,3072,1
409,3,L1,128,32167,32648,8562,8571,3072,1
412,3,L1,128,32169,32650,8572,8580,3072,1
415,3,L1,128,32171,32652,8581,8589,3072,1
418,3,L1,128,32173,32654,8590,8598,3072,1
421,3,L1,128,32175,32656,8599,8607,3072,1
424,3,L1,128,32177,32658,8608,8616,3072,1
427,3,L1,128,32179,32660,8617,8625,3072,1
430,3,L1,128,32181,32662,8626,8634,3072,1
433,3,L1,128,32183,32664,8635,8643,3072,1
436,3,L1,128,32185,32666,8644,8652,3072,1
439,3,L1,128,32187,32668,8653,8661,3072,1
442,3,L1,128,32189,32670,8662,8670,3072,1
445,3,L1,128,32191,32672,8671,8679,3072,1
448,3,L1,128,32193,32674,8680,8688,3072,1
451,3,L1,128,32195,32676,8689,8697,3072,1
454,3,L1,128,32197,32678,8698,8708,3072,1
458,3,L1,128,32199,32680,8709,8718,3072,1
461,3,L1,128,32201,32682,8719,8727,3072,1
464,3,L1,128,32203,32684,8728,8736,3072,1
467,3,L1,128,32205,32686,8737,8745,3072,1
470,3,L1,128,32207,32688,8746,8754,3072,1
473,3,L1,128,32209,32690,8755,8763,3072,1
476,3,L1,128,32211,32692,8764,8772,3072,1
479,3,L1,128,32213,32694,8773,8781,3072,1
482,3,L1,128,32215,32696,8782,8790,3072,1
485,3,L1,128,32217,32698,8791,8799,3072,1
488,3,L1,128,32219,32700,8800,8808,3072,1
491,3,L1,128,32221,32702,8809,8817,3072,1
494,3,L1,128,32223,32704,8818,8826,3072,1
497,3,L1,128,32225,32706,8827,8835,3072,1
500,3,L1,128,32227,32708,8836,8844,3072,1
503,3,L1,128,32229,32710,8845,8855,3072,1
507,3,L1,128,32231,32712,8856,8865,3072,1
510,3,L1,128,32233,32714,8866,8874,3072,1
513,3,L1,128,32235,32716,8875,8883,3072,1
516,3,L1,128,32237,32718,8884,8892,3072,1
519,3,L1,128,32239,32720,8893,8901,3072,1
522,3,L1,128,32241,32722,8902,8910,3072,1
525,3,L1,128,32243,32724,8911,8919,3072,1
528,3,L1,128,32245,32726,8920,8928,3072,1
531,3,L1,128,32247,32728,8929,8937,3072,1
534,3,L1,128,32249,32730,8938,8946,3072,1
537,3,L1,128,32251,32732,8947,8955,3072,1
540,3,L1,128,32253,32734,8956,8964,3072,1
543,3,L1,128,32255,32736,8965,8973,3072,1
546,3,L1,128,32257,32738,8974,8982,3072,1
549,3,L1,128,32259,32740,8983,8991,3072,1
552,3,L1,128,32261,32742,8992,9002,3072,1
556,3,L1,128,32263,32744,9003,9012,3072,1
559,3,L1,128,32265,32746,9013,9021,3072,1
562,3,L1,128,32267,32748,9022,9030,3072,1
565,3,L1,128,32269,32750,9031,9039,3072,1
568,3,L1,128,32271,32752,9040,9048,3072,1
571,3,L1,128,32273,32754,9049,9057,3072,1
574,3,L1,128,32275,32756,9058,9066,3072,1
577,3,L1,128,32277,32758,9067,9075,3072,1
580,3,L1,128,32279,32760,9076,9084,3072,1
583,3,L1,128,32281,32762,9085,9093,3072,1
586,3,L1,128,32283,32764,9094,9102,3072,1
589,3,L1,128,32285,32766,9103,9111,3072,1
592,3,L1,128,32287,32768,9112,9120,3072,1
595,3,L1,128,32289,32770,9121,9129,3072,1
598,3,L1,128,32291,32772,9130,9138,3072,1
601,3,L1,128,32293,32774,9139,9149,3072,1
605,3,L1,128,32295,32776,9150,9159,3072,1
608,3,L1,128,32297,32778,9160,9168,3072,1
611,3,L1,128,32299,32780,9169,9177,3072,1
614,3,L1,128,32301,32782,9178,9186,3072,1
617,3,L1,128,32303,32784,9187,9195,3072,1
620,3,L1,128,32305,32786,9196,9204,3072,1
623,3,L1,128,32307,32788,9205,9213,3072,1
626,3,L1,128,32309,32790,9214,9222,3072,1
629,3,L1,128,32311,32792,9223,9231,3072,1
632,3,L1,128,32313,32794,9232,9240,3072,1
635,3,L1,128,32315,32796,9241,9249,3072,1
638,3,L1,128,32317,32798,9250,9258,3072,1
641,3,L1,128,32319,32800,9259,9267,3072,1
644,3,L1,128,32321,32802,9268,9276,3072,1
647,3,L1,128,32323,32804,9277,9285,3072,1
650,3,L1,128,32325,32806,9286,9296,3072,1
654,3,L1,128,32327,32808,9297,9306,3072,1
657,3,L1,128,32329,32810,9307,9315,3072,1
660,3,L1,128,32331,32812,9316,9324,3072,1
663,3,L1,128,32333,32814,9325,9333,3072,1
666,3,L1,128,32335,32816,9334,9342,3072,1
669,3,L1,128,32337,32818,9343,9351,3072,1
672,3,L1,128,32339,32820,9352,9360,3072,1
675,3,L1,128,32341,32822,9361,9369,3072,1
678,3,L1,128,32343,32824,9370,9378,3072,1
681,3,L1,128,32345,32826,9379,9387,3072,1
684,3,L1,128,32347,32828,9388,9396,3072,1
687,3,L1,128,32349,32830,9397,9405,3072,1
690,3,L1,128,32351,32832,9406,9414,3072,1
693,3,L1,128,32353,32834,9415,9423,3072,1
696,3,L1,128,32355,32836,9424,9432,3072,1
699,3,L1,128,32357,32838,9433,9443,3072,1
703,3,L1,128,32359,32840,9444,9453,3072,1
706,3,L1,128,32361,32842,9454,9462,3072,1
709,3,L1,128,32363,32844,9463,9471,3072,1
712,3,L1,128,32365,32846,9472,9480,3072,1
715,3,L1,128,32367,32848,9481,9489,3072,1
718,3,L1,128,32369,32850,9490,9498,3072,1
721,3,L1,128,32371,32852,9499,9507,3072,1
724,3,L1,128,32373,32854,9508,9516,3072,1
727,3,L1,128,32375,32856,9517,9525,3072,1
730,3,L1,128,32377,32858,9526,9534,3072,1
733,3,L1,128,32379,32860,9535,9543,3072,1
736,3,L1,128,32381,32862,9544,9552,3072,1
739,3,L1,128,32383,22755,9553,37983,3072,1
788,1,L1,128,32423,32900,9682,9886,896,1
791,2,L1,128,32419,32896,9691,9874,128,1
794,3,L1,128,32415,32892,9700,9862,384,1
797,3,L1,128,32411,32888,9709,9850,640,1
2,3,L1,128,32407,32884,9717,9838,1152,1
2433,0,L1,128,5889,24449,9719,11951,1408,0
6,3,L1,128,32403,32880,9728,9826,1664,1
2436,0,L1,128,5896,24452,9730,11960,1920,0
10,3,L1,128,32399,32876,9738,9814,2176,1
2439,0,L1,128,5903,24455,9740,11968,2432,0
14,3,L1,128,32395,32872,9748,9802,2688,1
2442,0,L1,128,5910,24458,9750,11976,2944,0
18,3,L1,128,32391,32868,9758,9790,3200,1
2445,0,L1,128,5917,24461,9760,11984,3456,0
22,3,L1,128,32387,32864,9768,9778,3712,1
2448,0,L1,128,5924,24464,9770,11992,3840,0
26,3,L1,128,32385,32866,9779,9781,3712,1
2451,0,L1,128,5931,24467,9782,12000,3712,0
30,3,L1,128,32389,32870,9791,9793,3200,1
2454,0,L1,128,5938,24470,9794,12008,3200,0
34,3,L1,128,32393,32874,9803,9805,2688,1
2457,0,L1,128,5945,24473,9806,12016,2688,0
38,3,L1,128,32397,32878,9815,9817,2176,1
2460,0,L1,128,5952,24476,9818,12024,2176,0
42,3,L1,128,32401,32882,9827,9829,1664,1
2463,0,L1,128,5959,24479,9830,12032,1664,0
46,3,L1,128,32405,32886,9839,9841,1152,1
2466,0,L1,128,5966,24482,9842,12040,1152,0
50,3,L1,128,32409,32890,9851,9853,640,1
2469,0,L1,128,5973,24485,9854,12049,640,0
54,3,L1,128,32413,32894,9863,9865,384,1
2472,0,L1,128,5980,24488,9866,12058,384,0
58,3,L1,128,32417,32898,9875,9877,128,1
2475,0,L1,128,5987,24491,9878,12067,128,0
62,4,L1,128,32421,32902,9887,9889,896,1
2478,0,L1,128,5994,24494,9890,12076,896,0
66,4,L1,128,32425,32906,9903,9912,2816,1
69,4,L1,128,32427,32908,9913,9921,2816,1
72,4,L1,128,32429,32910,9922,9930,2816,1
75,4,L1,128,32431,32912,9931,9939,2816,1
78,4,L1,128,32433,32914,9940,9948,2816,1
81,4,L1,128,32435,32916,9949,9957,2816,1
84,4,L1,128,32437,32918,9958,9966,2816,1
87,4,L1,128,32439,32920,9967,9975,2816,1
90,4,L1,128,32441,32922,9976,9984,2816,1
93,4,L1,128,32443,32924,9985,9993,2816,1
96,4,L1,128,32445,32926,9994,10002,2816,1
99,4,L1,128,32447,32928,10003,10011,2816,1
102,4,L1,128,32449,32930,10012,10020,2816,1
105,4,L1,128,32451,32932,10021,10029,2816,1
108,4,L1,128,32453,32934,10030,10038,2816,1
111,4,L1,128,32455,32936,10039,10049,2816,1
115,4,L1,128,32457,32938,10050,10059,2816,1
118,4,L1,128,32459,32940,10060,10068,2816,1
121,4,L1,128,32461,32942,10069,10077,2816,1
124,4,L1,128,32463,32944,10078,10086,2816,1
127,4,L1,128,32465,32946,10087,10095,2816,1
130,4,L1,128,32467,32948,10096,10104,2816,1
133,4,L1,128,32469,32950,10105,10113,2816,1
136,4,L1,128,32471,32952,10114,10122,2816,1
139,4,L1,128,32473,32954,10123,10131,2816,1
142,4,L1,128,32475,32956,10132,10140,2816,1
145,4,L1,128,32477,32958,10141,10149,2816,1
148,4,L1,128,32479,32960,10150,10158,2816,1
151,4,L1,128,32481,32962,10159,10167,2816,1
154,4,L1,128,32483,32964,10168,10176,2816,1
157,4,L1,128,32485,32966,10177,10185,2816,1
160,4,L1,128,32487,32968,10186,10196,2816,1
164,4,L1,128,32489,32970,10197,10206,2816,1
167,4,L1,128,32491,32972,10207,10215,2816,1
170,4,L1,128,32493,32974,10216,10224,2816,1
173,4,L1,128,32495,32976,10225,10233,2816,1
176,4,L1,128,32497,32978,10234,10242,2816,1
179,4,L1,128,32499,32980,10243,10251,2816,1
182,4,L1,128,32501,32982,10252,10260,2816,1
185,4,L1,128,32503,32984,10261,10269,2816,1
188,4,L1,128,32505,32986,10270,10278,2816,1
191,4,L1,128,32507,32988,10279,10287,2816,1
194,4,L1,128,32509,32990,10288,10296,2816,1
197,4,L1,128,32511,32992,10297,10305,2816,1
200,4,L1,128,32513,32994,10306,10314,2816,1
203,4,L1,128,32515,32996,10315,10323,2816,1
206,4,L1,128,32517,32998,10324,10332,2816,1
209,4,L1,128,32519,33000,10333,10343,2816,1
213,4,L1,128,32521,33002,10344,10353,2816,1
216,4,L1,128,32523,33004,10354,10362,2816,1
219,4,L1,128,32525,33006,10363,10371,2816,1
222,4,L1,128,32527,33008,10372,10380,2816,1
225,4,L1,128,32529,33010,10381,10389,2816,1
228,4,L1,128,32531,33012,10390,10398,2816,1
231,4,L1,128,32533,33014,10399,10407,2816,1
234,4,L1,128,32535,33016,10408,10416,2816,1
237,4,L1,128,32537,33018,10417,10425,2816,1
240,4,L1,128,32539,33020,10426,10434,2816,1
243,4,L1,128,32541,33022,10435,10443,2816,1
246,4,L1,128,32543,33024,10444,10452,2816,1
249,4,L1,128,32545,33026,10453,10461,2816,1
252,4,L1,128,32547,33028,10462,10470,2816,1
255,4,L1,128,32549,33030,10471,10479,2816,1
258,4,L1,128,32551,33032,10480,10490,2816,1
262,4,L1,128,32553,33034,10491,10500,2816,1
265,4,L1,128,32555,33036,10501,10509,2816,1
268,4,L1,128,32557,33038,10510,10518,2816,1
271,4,L1,128,32559,33040,10519,10527,2816,1
274,4,L1,128,32561,33042,10528,10536,2816,1
277,4,L1,128,32563,33044,10537,10545,2816,1
280,4,L1,128,32565,33046,10546,10554,2816,1
283,4,L1,128,32567,33048,10555,10563,2816,1
286,4,L1,128,32569,33050,10564,10572,2816,1
289,4,L1,128,32571,33052,10573,10581,2816,1
292,4,L1,128,32573,33054,10582,10590,2816,1
295,4,L1,128,32575,33056,10591,10599,2816,1
298,4,L1,128,32577,33058,10600,10608,2816,1
301,4,L1,128,32579,33060,10609,10617,2816,1
304,4,L1,128,32581,33062,10618,10626,2816,1
307,4,L1,128,32583,33064,10627,10637,2816,1
311,4,L1,128,32585,33066,10638,10647,2816,1
314,4,L1,128,32587,33068,10648,10656,2816,1
317,4,L1,128,32589,33070,10657,10665,2816,1
320,4,L1,128,32591,33072,10666,10674,2816,1
323,4,L1,128,32593,33074,10675,10683,2816,1
326,4,L1,128,32595,33076,10684,10692,2816,1
329,4,L1,128,32597,33078,10693,10701,2816,1
332,4,L1,128,32599,33080,10702,10710,2816,1
335,4,L1,128,32601,33082,10711,10719,2816,1
338,4,L1,128,32603,33084,10720,10728,2816,1
341,4,L1,128,32605,33086,10729,10737,2816,1
344,4,L1,128,32607,33088,10738,10746,2816,1
347,4,L1,128,32609,33090,10747,10755,2816,1
350,4,L1,128,32611,33092,10756,10764,2816,1
353,4,L1,128,32613,33094,10765,10773,2816,1
356,4,L1,128,32615,33096,10774,10784,2816,1
360,4,L1,128,32617,33098,10785,10794,2816,1
363,4,L1,128,32619,33100,10795,10803,2816,1
366,4,L1,128,32621,33102,10804,10812,2816,1
369,4,L1,128,32623,33104,10813,10821,2816,1
372,4,L1,128,32625,33106,10822,10830,2816,1
375,4,L1,128,32627,33108,10831,10839,2816,1
378,4,L1,128,32629,33110,10840,10848,2816,1
381,4,L1,128,32631,33112,10849,10857,2816,1
384,4,L1,128,32633,33114,10858,10866,2816,1
387,4,L1,128,32635,33116,10867,10875,2816,1
390,4,L1,128,32637,33118,10876,10884,2816,1
393,4,L1,128,32639,33120,10885,10893,2816,1
396,4,L1,128,32641,33122,10894,10902,2816,1
399,4,L1,128,32643,33124,10903,10911,2816,1
402,4,L1,128,32645,33126,10912,10920,2816,1
405,4,L1,128,32647,33128,10921,10931,2816,1
409,4,L1,128,32649,33130,10932,10941,2816,1
412,4,L1,128,32651,33132,10942,10950,2816,1
415,4,L1,128,32653,33134,10951,10959,2816,1
418,4,L1,128,32655,33136,10960,10968,2816,1
421,4,L1,128,32657,33138,10969,10977,2816,1
424,4,L1,128,32659,33140,10978,10986,2816,1
427,4,L1,128,32661,33142,10987,10995,2816,1
430,4,L1,128,32663,33144,10996,11004,2816,1
433,4,L1,128,32665,33146,11005,11013,2816,1
436,4,L1,128,32667,33148,11014,11022,2816,1
439,4,L1,128,32669,33150,11023,11031,2816,1
442,4,L1,128,32671,33152,11032,11040,2816,1
445,4,L1,128,32673,33154,11041,11049,2816,1
448,4,L1,128,32675,33156,11050,11058,2816,1
451,4,L1,128,32677,33158,11059,11067,2816,1
454,4,L1,128,32679,33160,11068,11078,2816,1
458,4,L1,128,32681,33162,11079,11088,2816,1
461,4,L1,128,32683,33164,11089,11097,2816,1
464,4,L1,128,32685,33166,11098,11106,2816,1
467,4,L1,128,32687,33168,11107,11115,2816,1
470,4,L1,128,32689,33170,11116,11124,2816,1
473,4,L1,128,32691,33172,11125,11133,2816,1
476,4,L1,128,32693,33174,11134,11142,2816,1
479,4,L1,128,32695,33176,11143,11151,2816,1
482,4,L1,128,32697,33178,11152,11160,2816,1
485,4,L1,128,32699,33180,11161,11169,2816,1
488,4,L1,128,32701,33182,11170,11178,2816,1
491,4,L1,128,32703,33184,11179,11187,2816,1
494,4,L1,128,32705,33186,11188,11196,2816,1
497,4,L1,128,32707,33188,11197,11205,2816,1
500,4,L1,128,32709,33190,11206,11214,2816,1
503,4,L1,128,32711,33192,11215,11225,2816,1
507,4,L1,128,32713,33194,11226,11235,2816,1
510,4,L1,128,32715,33196,11236,11244,2816,1
513,4,L1,128,32717,33198,11245,11253,2816,1
516,4,L1,128,32719,33200,11254,11262,2816,1
519,4,L1,128,32721,33202,11263,11271,2816,1
522,4,L1,128,32723,33204,11272,11280,2816,1
525,4,L1,128,32725,33206,11281,11289,2816,1
528,4,L1,128,32727,33208,11290,11298,2816,1
531,4,L1,128,32729,33210,11299,11307,2816,1
534,4,L1,128,32731,33212,11308,11316,2816,1
537,4,L1,128,32733,33214,11317,11325,2816,1
540,4,L1,128,32735,33216,11326,11334,2816,1
543,4,L1,128,32737,33218,11335,11343,2816,1
546,4,L1,128,32739,33220,11344,11352,2816,1
549,4,L1,128,32741,33222,11353,11361,2816,1
552,4,L1,128,32743,33224,11362,11372,2816,1
556,4,L1,128,32745,33226,11373,11382,2816,1
559,4,L1,128,32747,33228,11383,11391,2816,1
562,4,L1,128,32749,33230,11392,11400,2816,1
565,4,L1,128,32751,33232,11401,11409,2816,1
568,4,L1,128,32753,33234,11410,11418,2816,1
571,4,L1,128,32755,33236,11419,11427,2816,1
574,4,L1,128,32757,33238,11428,11436,2816,1
577,4,L1,128,32759,33240,11437,11445,2816,1
580,4,L1,128,32761,33242,11446,11454,2816,1
583,4,L1,128,32763,33244,11455,11463,2816,1
586,4,L1,128,32765,33246,11464,11472,2816,1
589,4,L1,128,32767,33248,11473,11481,2816,1
592,4,L1,128,32769,33250,11482,11490,2816,1
595,4,L1,128,32771,33252,11491,11499,2816,1
598,4,L1,128,32773,33254,11500,11508,2816,1
601,4,L1,128,32775,33256,11509,11519,2816,1
605,4,L1,128,32777,33258,11520,11529,2816,1
608,4,L1,128,32779,33260,11530,11538,2816,1
611,4,L1,128,32781,33262,11539,11547,2816,1
614,4,L1,128,32783,33264,11548,11556,2816,1
617,4,L1,128,32785,33266,11557,11565,2816,1
620,4,L1,128,32787,33268,11566,11574,2816,1
623,4,L1,128,32789,33270,11575,11583,2816,1
626,4,L1,128,32791,33272,11584,11592,2816,1
629,4,L1,128,32793,33274,11593,11601,2816,1
632,4,L1,128,32795,33276,11602,11610,2816,1
635,4,L1,128,32797,33278,11611,11619,2816,1
638,4,L1,128,32799,33280,11620,11628,2816,1
641,4,L1,128,32801,33282,11629,11637,2816,1
644,4,L1,128,32803,33284,11638,11646,2816,1
647,4,L1,128,32805,33286,11647,11655,2816,1
650,4,L1,128,32807,33288,11656,11666,2816,1
654,4,L1,128,32809,33290,11667,11676,2816,1
657,4,L1,128,32811,33292,11677,11685,2816,1
660,4,L1,128,32813,33294,11686,11694,2816,1
663,4,L1,128,32815,33296,11695,11703,2816,1
666,4,L1,128,32817,33298,11704,11712,2816,1
669,4,L1,128,32819,33300,11713,11721,2816,1
672,4,L1,128,32821,33302,11722,11730,2816,1
675,4,L1,128,32823,33304,11731,11739,2816,1
678,4,L1,128,32825,33306,11740,11748,2816,1
681,4,L1,128,32827,33308,11749,11757,2816,1
684,4,L1,128,32829,33310,11758,11766,2816,1
687,4,L1,128,32831,33312,11767,11775,2816,1
690,4,L1,128,32833,33314,11776,11784,2816,1
693,4,L1,128,32835,33316,11785,11793,2816,1
696,4,L1,128,32837,33318,11794,11802,2816,1
699,4,L1,128,32839,33320,11803,11813,2816,1
703,4,L1,128,32841,33322,11814,11823,2816,1
706,4,L1,128,32843,33324,11824,11832,2816,1
709,4,L1,128,32845,33326,11833,11841,2816,1
712,4,L1,128,32847,33328,11842,11850,2816,1
715,4,L1,128,32849,33330,11851,11859,2816,1
718,4,L1,128,32851,33332,11860,11868,2816,1
721,4,L1,128,32853,33334,11869,11877,2816,1
724,4,L1,128,32855,33336,11878,11886,2816,1
727,4,L1,128,32857,33338,11887,11895,2816,1
730,4,L1,128,32859,33340,11896,11904,2816,1
733,4,L1,128,32861,33342,11905,11913,2816,1
736,4,L1,128,32863,22752,11914,37975,2816,1
785,1,L1,128,32905,33382,12042,12256,1152,1
788,2,L1,128,32901,33378,12051,12244,640,1
791,3,L1,128,32897,33374,12060,12232,384,1
794,4,L1,128,32893,33370,12069,12220,128,1
797,4,L1,128,32889,33366,12078,12208,896,1
2,4,L1,128,32885,33362,12086,12196,1408,1
2977,0,L1,128,7233,24993,12088,14319,1664,0
6,4,L1,128,32881,33358,12097,12184,1920,1
2980,0,L1,128,7240,24996,12099,14328,2176,0
10,4,L1,128,32877,33354,12107,12172,2432,1
2983,0,L1,128,7247,24999,12109,14336,2688,0
14,4,L1,128,32873,33350,12117,12160,2944,1
2986,0,L1,128,7254,25002,12119,14344,3200,0
18,4,L1,128,32869,33346,12127,12148,3456,1
2989,0,L1,128,7261,25005,12129,14352,3712,0
22,4,L1,128,32865,33344,12137,12139,3840,1
2992,0,L1,128,7268,25008,12140,14360,3840,0
26,4,L1,128,32867,33348,12149,12151,3456,1
2995,0,L1,128,7275,25011,12152,14368,3456,0
30,4,L1,128,32871,33352,12161,12163,2944,1
2998,0,L1,128,7282,25014,12164,14376,2944,0
34,4,L1,128,32875,33356,12173,12175,2432,1
3001,0,L1,128,7289,25017,12176,14384,2432,0
38,4,L1,128,32879,33360,12185,12187,1920,1
3004,0,L1,128,7296,25020,12188,14392,1920,0
42,4,L1,128,32883,33364,12197,12199,1408,1
3007,0,L1,128,7303,25023,12200,14400,1408,0
46,4,L1,128,32887,33368,12209,12211,896,1
3010,0,L1,128,7310,25026,12212,14409,896,0
50,4,L1,128,32891,33372,12221,12223,128,1
3013,0,L1,128,7317,25029,12224,14418,128,0
54,4,L1,128,32895,33376,12233,12235,384,1
3016,0,L1,128,7324,25032,12236,14427,384,0
58,4,L1,128,32899,33380,12245,12247,640,1
3019,0,L1,128,7331,25035,12248,14436,640,0
62,5,L1,128,32903,33384,12257,12259,1152,1
3022,0,L1,128,7338,25038,12260,14445,1152,0
66,5,L1,128,32907,33388,12273,12282,2560,1
69,5,L1,128,32909,33390,12283,12291,2560,1
72,5,L1,128,32911,33392,12292,12300,2560,1
75,5,L1,128,32913,33394,12301,12309,2560,1
78,5,L1,128,32915,33396,12310,12318,2560,1
81,5,L1,128,32917,33398,12319,12327,2560,1
84,5,L1,128,32919,33400,12328,12336,2560,1
87,5,L1,128,32921,33402,12337,12345,2560,1
90,5,L1,128,32923,33404,12346,12354,2560,1
93,5,L1,128,32925,33406,12355,12363,2560,1
96,5,L1,128,32927,33408,12364,12372,2560,1
99,5,L1,128,32929,33410,12373,12381,2560,1
102,5,L1,128,32931,33412,12382,12390,2560,1
105,5,L1,128,32933,33414,12391,12399,2560,1
108,5,L1,128,32935,33416,12400,12408,2560,1
111,5,L1,128,32937,33418,12409,12419,2560,1
115,5,L1,128,32939,33420,12420,12429,2560,1
118,5,L1,128,32941,33422,12430,12438,2560,1
121,5,L1,128,32943,33424,12439,12447,2560,1
124,5,L1,128,32945,33426,12448,12456,2560,1
127,5,L1,128,32947,33428,12457,12465,2560,1
130,5,L1,128,32949,33430,12466,12474,2560,1
133,5,L1,128,32951,33432,12475,12483,2560,1
136,5,L1,128,32953,33434,12484,12492,2560,1
139,5,L1,128,32955,33436,12493,12501,2560,1
142,5,L1,128,32957,33438,12502,12510,2560,1
145,5,L1,128,32959,33440,12511,12519,2560,1
148,5,L1,128,32961,33442,12520,12528,2560,1
151,5,L1,128,32963,33444,12529,12537,2560,1
154,5,L1,128,32965,33446,12538,12546,2560,1
157,5,L1,128,32967,33448,12547,12555,2560,1
160,5,L1,128,32969,33450,12556,12566,2560,1
164,5,L1,128,32971,33452,12567,12576,2560,1
167,5,L1,128,32973,33454,12577,12585,2560,1
170,5,L1,128,32975,33456,12586,12594,2560,1
173,5,L1,128,32977,33458,12595,12603,2560,1
176,5,L1,128,32979,33460,12604,12612,2560,1
179,5,L1,128,32981,33462,12613,12621,2560,1
182,5,L1,128,32983,33464,12622,12630,2560,1
185,5,L1,128,32985,33466,12631,12639,2560,1
188,5,L1,128,32987,33468,12640,12648,2560,1
191,5,L1,128,32989,33470,12649,12657,2560,1
194,5,L1,128,32991,33472,12658,12666,2560,1
197,5,L1,128,32993,33474,12667,12675,2560,1
200,5,L1,128,32995,33476,12676,12684,2560,1
203,5,L1,128,32997,33478,12685,12693,2560,1
206,5,L1,128,32999,33480,12694,12702,2560,1
209,5,L1,128,33001,33482,12703,12713,2560,1
213,5,L1,128,33003,33484,12714,12723,2560,1
216,5,L1,128,33005,33486,12724,12732,2560,1
219,5,L1,128,33007,33488,12733,12741,2560,1
222,5,L1,128,33009,33490,12742,12750,2560,1
225,5,L1,128,33011,33492,12751,12759,2560,1
228,5,L1,128,33013,33494,12760,12768,2560,1
231,5,L1,128,33015,33496,12769,12777,2560,1
234,5,L1,128,33017,33498,12778,12786,2560,1
237,5,L1,128,33019,33500,12787,12795,2560,1
240,5,L1,128,33021,33502,12796,12804,2560,1
243,5,L1,128,33023,33504,12805,12813,2560,1
246,5,L1,128,33025,33506,12814,12822,2560,1
249,5,L1,128,33027,33508,12823,12831,2560,1
252,5,L1,128,33029,33510,12832,12840,2560,1
255,5,L1,128,33031,33512,12841,12849,2560,1
258,5,L1,128,33033,33514,12850,12860,2560,1
262,5,L1,128,33035,33516,12861,12870,2560,1
265,5,L1,128,33037,33518,12871,12879,2560,1
268,5,L1,128,33039,33520,12880,12888,2560,1
271,5,L1,128,33041,33522,12889,12897,2560,1
274,5,L1,128,33043,33524,12898,12906,2560,1
277,5,L1,128,33045,33526,12907,12915,2560,1
280,5,L1,128,33047,33528,12916,12924,2560,1
283,5,L1,128,33049,33530,12925,12933,2560,1
286,5,L1,128,33051,33532,12934,12942,2560,1
289,5,L1,128,33053,33534,12943,12951,2560,1
292,5,L1,128,33055,33536,12952,12960,2560,1
295,5,L1,128,33057,33538,12961,12969,2560,1
298,5,L1,128,33059,33540,12970,12978,2560,1
301,5,L1,128,33061,33542,12979,12987,2560,1
304,5,L1,128,33063,33544,12988,12996,2560,1
307,5,L1,128,33065,33546,12997,13007,2560,1
311,5,L1,128,33067,33548,13008,13017,2560,1
314,5,L1,128,33069,33550,13018,13026,2560,1
317,5,L1,128,33071,33552,13027,13035,2560,1
320,5,L1,128,33073,33554,13036,13044,2560,1
323,5,L1,128,33075,33556,13045,13053,2560,1
326,5,L1,128,33077,33558,13054,13062,2560,1
329,5,L1,128,33079,33560,13063,13071,2560,1
332,5,L1,128,33081,33562,13072,13080,2560,1
335,5,L1,128,33083,33564,13081,13089,2560,1
338,5,L1,128,33085,33566,13090,13098,2560,1
341,5,L1,128,33087,33568,13099,13107,2560,1
344,5,L1,128,33089,33570,13108,13116,2560,1
347,5,L1,128,33091,33572,13117,13125,2560,1
350,5,L1,128,33093,33574,13126,13134,2560,1
353,5,L1,128,33095,33576,13135,13143,2560,1
356,5,L1,128,33097,33578,13144,13154,2560,1
360,5,L1,128,33099,33580,13155,13164,2560,1
363,5,L1,128,33101,33582,13165,13173,2560,1
366,5,L1,128,33103,33584,13174,13182,2560,1
369,5,L1,128,33105,33586,13183,13191,2560,1
372,5,L1,128,33107,33588,13192,13200,2560,1
375,5,L1,128,33109,33590,13201,13209,2560,1
378,5,L1,128,33111,33592,13210,13218,2560,1
381,5,L1,128,33113,33594,13219,13227,2560,1
384,5,L1,128,33115,33596,13228,13236,2560,1
387,5,L1,128,33117,33598,13237,13245,2560,1
390,5,L1,128,33119,33600,13246,13254,2560,1
393,5,L1,128,33121,33602,13255,13263,2560,1
396,5,L1,128,33123,33604,13264,13272,2560,1
399,5,L1,128,33125,33606,13273,13281,2560,1
402,5,L1,128,33127,33608,13282,13290,2560,1
405,5,L1,128,33129,33610,13291,13301,2560,1
409,5,L1,128,33131,33612,13302,13311,2560,1
412,5,L1,128,33133,33614,13312,13320,2560,1
415,5,L1,128,33135,33616,13321,13329,2560,1
418,5,L1,128,33137,33618,13330,13338,2560,1
421,5,L1,128,33139,33620,13339,13347,2560,1
424,5,L1,128,33141,33622,13348,13356,2560,1
427,5,L1,128,33143,33624,13357,13365,2560,1
430,5,L1,128,33145,33626,13366,13374,2560,1
433,5,L1,128,33147,33628,13375,13383,2560,1
436,5,L1,128,33149,33630,13384,13392,2560,1
439,5,L1,128,33151,33632,13393,13401,2560,1
442,5,L1,128,33153,33634,13402,13410,2560,1
445,5,L1,128,33155,33636,13411,13419,2560,1
448,5,L1,128,33157,33638,13420,13428,2560,1
451,5,L1,128,33159,33640,13429,13437,2560,1
454,5,L1,128,33161,33642,13438,13448,2560,1
458,5,L1,128,33163,33644,13449,13458,2560,1
461,5,L1,128,33165,33646,13459,13467,2560,1
464,5,L1,128,33167,33648,13468,13476,2560,1
467,5,L1,128,33169,33650,13477,13485,2560,1
470,5,L1,128,33171,33652,13486,13494,2560,1
473,5,L1,128,33173,33654,13495,13503,2560,1
476,5,L1,128,33175,33656,13504,13512,2560,1
479,5,L1,128,33177,33658,13513,13521,2560,1
482,5,L1,128,33179,33660,13522,13530,2560,1
485,5,L1,128,33181,33662,13531,13539,2560,1
488,5,L1,128,33183,33664,13540,13548,2560,1
491,5,L1,128,33185,33666,13549,13557,2560,1
494,5,L1,128,33187,33668,13558,13566,2560,1
497,5,L1,128,33189,33670,13567,13575,2560,1
500,5,L1,128,33191,33672,13576,13584,2560,1
503,5,L1,128,33193,33674,13585,13595,2560,1
507,5,L1,128,33195,33676,13596,13605,2560,1
510,5,L1,128,33197,33678,13606,13614,2560,1
513,5,L1,128,33199,33680,13615,13623,2560,1
516,5,L1,128,33201,33682,13624,13632,2560,1
519,5,L1,128,33203,33684,13633,13641,2560,1
522,5,L1,128,33205,33686,13642,13650,2560,1
525,5,L1,128,33207,33688,13651,13659,2560,1
528,5,L1,128,33209,33690,13660,13668,2560,1
531,5,L1,128,33211,33692,13669,13677,2560,1
534,5,L1,128,33213,33694,13678,13686,2560,1
537,5,L1,128,33215,33696,13687,13695,2560,1
540,5,L1,128,33217,33698,13696,13704,2560,1
543,5,L1,128,33219,33700,13705,13713,2560,1
546,5,L1,128,33221,33702,13714,13722,2560,1
549,5,L1,128,33223,33704,13723,13731,2560,1
552,5,L1,128,33225,33706,13732,13742,2560,1
556,5,L1,128,33227,33708,13743,13752,2560,1
559,5,L1,128,33229,33710,13753,13761,2560,1
562,5,L1,128,33231,33712,13762,13770,2560,1
565,5,L1,128,33233,33714,13771,13779,2560,1
568,5,L1,128,33235,33716,13780,13788,2560,1
571,5,L1,128,33237,33718,13789,13797,2560,1
574,5,L1,128,33239,33720,13798,13806,2560,1
577,5,L1,128,33241,33722,13807,13815,2560,1
580,5,L1,128,33243,33724,13816,13824,2560,1
583,5,L1,128,33245,33726,13825,13833,2560,1
586,5,L1,128,33247,33728,13834,13842,2560,1
589,5,L1,128,33249,33730,13843,13851,2560,1
592,5,L1,128,33251,33732,13852,13860,2560,1
595,5,L1,128,33253,33734,13861,13869,2560,1
598,5,L1,128,33255,33736,13870,13878,2560,1
601,5,L1,128,33257,33738,13879,13889,2560,1
605,5,L1,128,33259,33740,13890,13899,2560,1
608,5,L1,128,33261,33742,13900,13908,2560,1
611,5,L1,128,33263,33744,13909,13917,2560,1
614,5,L1,128,33265,33746,13918,13926,2560,1
617,5,L1,128,33267,33748,13927,13935,2560,1
620,5,L1,128,33269,33750,13936,13944,2560,1
623,5,L1,128,33271,33752,13945,13953,2560,1
626,5,L1,128,33273,33754,13954,13962,2560,1
629,5,L1,128,33275,33756,13963,13971,2560,1
632,5,L1,128,33277,33758,13972,13980,2560,1
635,5,L1,128,33279,33760,13981,13989,2560,1
638,5,L1,128,33281,33762,13990,13998,2560,1
641,5,L1,128,33283,33764,13999,14007,2560,1
644,5,L1,128,33285,33766,14008,14016,2560,1
647,5,L1,128,33287,33768,14017,14025,2560,1
650,5,L1,128,33289,33770,14026,14036,2560,1
654,5,L1,128,33291,33772,14037,14046,2560,1
657,5,L1,128,33293,33774,14047,14055,2560,1
660,5,L1,128,33295,33776,14056,14064,2560,1
663,5,L1,128,33297,33778,14065,14073,2560,1
666,5,L1,128,33299,33780,14074,14082,2560,1
669,5,L1,128,33301,33782,14083,14091,2560,1
672,5,L1,128,33303,33784,14092,14100,2560,1
675,5,L1,128,33305,33786,14101,14109,2560,1
678,5,L1,128,33307,33788,14110,14118,2560,1
681,5,L1,128,33309,33790,14119,14127,2560,1
684,5,L1,128,33311,33792,14128,14136,2560,1
687,5,L1,128,33313,33794,14137,14145,2560,1
690,5,L1,128,33315,33796,14146,14154,2560,1
693,5,L1,128,33317,33798,14155,14163,2560,1
696,5,L1,128,33319,33800,14164,14172,2560,1
699,5,L1,128,33321,33802,14173,14183,2560,1
703,5,L1,128,33323,33804,14184,14193,2560,1
706,5,L1,128,33325,33806,14194,14202,2560,1
709,5,L1,128,33327,33808,14203,14211,2560,1
712,5,L1,128,33329,33810,14212,14220,2560,1
715,5,L1,128,33331,33812,14221,14229,2560,1
718,5,L1,128,33333,33814,14230,14238,2560,1
721,5,L1,128,33335,33816,14239,14247,2560,1
724,5,L1,128,33337,33818,14248,14256,2560,1
727,5,L1,128,33339,33820,14257,14265,2560,1
730,5,L1,128,33341,33822,14266,14274,2560,1
733,5,L1,128,33343,22749,14275,37967,2560,1
782,1,L1,128,33387,33864,14402,14626,1408,1
785,2,L1,128,33383,33860,14411,14614,896,1
788,3,L1,128,33379,33856,14420,14602,128,1
791,4,L1,128,33375,33852,14429,14590,384,1
794,5,L1,128,33371,33848,14438,14578,640,1
797,5,L1,128,33367,33844,14447,14566,1152,1
2,5,L1,128,33363,33840,14455,14554,1664,1
3521,0,L1,128,8577,25537,14457,16687,1920,0
6,5,L1,128,33359,33836,14466,14542,2176,1
3524,0,L1,128,8584,25540,14468,16696,2432,0
10,5,L1,128,33355,33832,14476,14530,2688,1
3527,0,L1,128,8591,25543,14478,16704,2944,0
14,5,L1,128,33351,33828,14486,14518,3200,1
3530,0,L1,128,8598,25546,14488,16712,3456,0
18,5,L1,128,33347,33824,14496,14506,3712,1
3533,0,L1,128,8605,25549,14498,16720,3840,0
22,5,L1,128,33345,33826,14507,14509,3712,1
3536,0,L1,128,8612,25552,14510,16728,3712,0
26,5,L1,128,33349,33830,14519,14521,3200,1
3539,0,L1,128,8619,25555,14522,16736,3200,0
30,5,L1,128,33353,33834,14531,14533,2688,1
3542,0,L1,128,8626,25558,14534,16744,2688,0
34,5,L1,128,33357,33838,14543,14545,2176,1
3545,0,L1,128,8633,25561,14546,16752,2176,0
38,5,L1,128,33361,33842,14555,14557,1664,1
3548,0,L1,128,8640,25564,14558,16760,1664,0
42,5,L1,128,33365,33846,14567,14569,1152,1
3551,0,L1,128,8647,25567,14570,16769,1152,0
46,5,L1,128,33369,33850,14579,14581,640,1
3554,0,L1,128,8654,25570,14582,16778,640,0
50,5,L1,128,33373,33854,14591,14593,384,1
3557,0,L1,128,8661,25573,14594,16787,384,0
54,5,L1,128,33377,33858,14603,14605,128,1
3560,0,L1,128,8668,25576,14606,16796,128,0
58,5,L1,128,33381,33862,14615,14617,896,1
3563,0,L1,128,8675,25579,14618,16805,896,0
62,6,L1,128,33385,33866,14627,14629,1408,1
3566,0,L1,128,8682,25582,14630,16814,1408,0
66,6,L1,128,33389,33870,14643,14652,2304,1
69,6,L1,128,33391,33872,14653,14661,2304,1
72,6,L1,128,33393,33874,14662,14670,2304,1
75,6,L1,128,33395,33876,14671,14679,2304,1
78,6,L1,128,33397,33878,14680,14688,2304,1
81,6,L1,128,33399,33880,14689,14697,2304,1
84,6,L1,128,33401,33882,14698,14706,2304,1
87,6,L1,128,33403,33884,14707,14715,2304,1
90,6,L1,128,33405,33886,14716,14724,2304,1
93,6,L1,128,33407,33888,14725,14733,2304,1
96,6,L1,128,33409,33890,14734,14742,2304,1
99,6,L1,128,33411,33892,14743,14751,2304,1
102,6,L1,128,33413,33894,14752,14760,2304,1
105,6,L1,128,33415,33896,14761,14769,2304,1
108,6,L1,128,33417,33898,14770,14778,2304,1
111,6,L1,128,33419,33900,14779,14789,2304,1
115,6,L1,128,33421,33902,14790,14799,2304,1
118,6,L1,128,33423,33904,14800,14808,2304,1
121,6,L1,128,33425,33906,14809,14817,2304,1
124,6,L1,128,33427,33908,14818,14826,2304,1
127,6,L1,128,33429,33910,14827,14835,2304,1
130,6,L1,128,33431,33912,14836,14844,2304,1
133,6,L1,128,33433,33914,14845,14853,2304,1
136,6,L1,128,33435,33916,14854,14862,2304,1
139,6,L1,128,33437,33918,14863,14871,2304,1
142,6,L1,128,33439,33920,14872,14880,2304,1
145,6,L1,128,33441,33922,14881,14889,2304,1
148,6,L1,128,33443,33924,14890,14898,2304,1
151,6,L1,128,33445,33926,14899,14907,2304,1
154,6,L1,128,33447,33928,14908,14916,2304,1
157,6,L1,128,33449,33930,14917,14925,2304,1
160,6,L1,128,33451,33932,14926,14936,2304,1
164,6,L1,128,33453,33934,14937,14946,2304,1
167,6,L1,128,33455,33936,14947,14955,2304,1
170,6,L1,128,33457,33938,14956,14964,2304,1
173,6,L1,128,33459,33940,14965,14973,2304,1
176,6,L1,128,33461,33942,14974,14982,2304,1
179,6,L1,128,33463,33944,14983,14991,2304,1
182,6,L1,128,33465,33946,14992,15000,2304,1
185,6,L1,128,33467,33948,15001,15009,2304,1
188,6,L1,128,33469,33950,15010,15018,2304,1
191,6,L1,128,33471,33952,15019,15027,2304,1
194,6,L1,128,33473,33954,15028,15036,2304,1
197,6,L1,128,33475,33956,15037,15045,2304,1
200,6,L1,128,33477,33958,15046,15054,2304,1
203,6,L1,128,33479,33960,15055,15063,2304,1
206,6,L1,128,33481,33962,15064,15072,2304,1
209,6,L1,128,33483,33964,15073,15083,2304,1
213,6,L1,128,33485,33966,15084,15093,2304,1
216,6,L1,128,33487,33968,15094,15102,2304,1
219,6,L1,128,33489,33970,15103,15111,2304,1
222,6,L1,128,33491,33972,15112,15120,2304,1
225,6,L1,128,33493,33974,15121,15129,2304,1
228,6,L1,128,33495,33976,15130,15138,2304,1
231,6,L1,128,33497,33978,15139,15147,2304,1
234,6,L1,128,33499,33980,15148,15156,2304,1
237,6,L1,128,33501,33982,15157,15165,2304,1
240,6,L1,128,33503,33984,15166,15174,2304,1
243,6,L1,128,33505,33986,15175,15183,2304,1
246,6,L1,128,33507,33988,15184,15192,2304,1
249,6,L1,128,33509,33990,15193,15201,2304,1
252,6,L1,128,33511,33992,15202,15210,2304,1
255,6,L1,128,33513,33994,15211,15219,2304,1
258,6,L1,128,33515,33996,15220,15230,2304,1
262,6,L1,128,33517,33998,15231,15240,2304,1
265,6,L1,128,33519,34000,15241,15249,2304,1
268,6,L1,128,33521,34002,15250,15258,2304,1
271,6,L1,128,33523,34004,15259,15267,2304,1
274,6,L1,128,33525,34006,15268,15276,2304,1
277,6,L1,128,33527,34008,15277,15285,2304,1
280,6,L1,128,33529,34010,15286,15294,2304,1
283,6,L1,128,33531,34012,15295,15303,2304,1
286,6,L1,128,33533,34014,15304,15312,2304,1
289,6,L1,128,33535,34016,15313,15321,2304,1
292,6,L1,128,33537,34018,15322,15330,2304,1
295,6,L1,128,33539,34020,15331,15339,2304,1
298,6,L1,128,33541,34022,15340,15348,2304,1
301,6,L1,128,33543,34024,15349,15357,2304,1
304,6,L1,128,33545,34026,15358,15366,2304,1
307,6,L1,128,33547,34028,15367,15377,2304,1
311,6,L1,128,33549,34030,15378,15387,2304,1
314,6,L1,128,33551,34032,15388,15396,2304,1
317,6,L1,128,33553,34034,15397,15405,2304,1
320,6,L1,128,33555,34036,15406,15414,2304,1
323,6,L1,128,33557,34038,15415,15423,2304,1
326,6,L1,128,33559,34040,15424,15432,2304,1
329,6,L1,128,33561,34042,15433,15441,2304,1
332,6,L1,128,33563,34044,15442,15450,2304,1
335,6,L1,128,33565,34046,15451,15459,2304,1
338,6,L1,128,33567,34048,15460,15468,2304,1
341,6,L1,128,33569,34050,15469,15477,2304,1
344,6,L1,128,33571,34052,15478,15486,2304,1
347,6,L1,128,33573,34054,15487,15495,2304,1
350,6,L1,128,33575,34056,15496,15504,2304,1
353,6,L1,128,33577,34058,15505,15513,2304,1
356,6,L1,128,33579,34060,15514,15524,2304,1
360,6,L1,128,33581,34062,15525,15534,2304,1
363,6,L1,128,33583,34064,15535,15543,2304,1
366,6,L1,128,33585,34066,15544,15552,2304,1
369,6,L1,128,33587,34068,15553,15561,2304,1
372,6,L1,128,33589,34070,15562,15570,2304,1
375,6,L1,128,33591,34072,15571,15579,2304,1
378,6,L1,128,33593,34074,15580,15588,2304,1
381,6,L1,128,33595,34076,15589,15597,2304,1
384,6,L1,128,33597,34078,15598,15606,2304,1
387,6,L1,128,33599,34080,15607,15615,2304,1
390,6,L1,128,33601,34082,15616,15624,2304,1
393,6,L1,128,33603,34084,15625,15633,2304,1
396,6,L1,128,33605,34086,15634,15642,2304,1
399,6,L1,128,33607,34088,15643,15651,2304,1
402,6,L1,128,33609,34090,15652,15660,2304,1
405,6,L1,128,33611,34092,15661,15671,2304,1
409,6,L1,128,33613,34094,15672,15681,2304,1
412,6,L1,128,33615,34096,15682,15690,2304,1
415,6,L1,128,33617,34098,15691,15699,2304,1
418,6,L1,128,33619,34100,15700,15708,2304,1
421,6,L1,128,33621,34102,15709,15717,2304,1
424,6,L1,128,33623,34104,15718,15726,2304,1
427,6,L1,128,33625,34106,15727,15735,2304,1
430,6,L1,128,33627,34108,15736,15744,2304,1
433,6,L1,128,33629,34110,15745,15753,2304,1
436,6,L1,128,33631,34112,15754,15762,2304,1
439,6,L1,128,33633,34114,15763,15771,2304,1
442,6,L1,128,33635,34116,15772,15780,2304,1
445,6,L1,128,33637,34118,15781,15789,2304,1
448,6,L1,128,33639,34120,15790,15798,2304,1
451,6,L1,128,33641,34122,15799,15807,2304,1
454,6,L1,128,33643,34124,15808,15818,2304,1
458,6,L1,128,33645,34126,15819,15828,2304,1
461,6,L1,128,33647,34128,15829,15837,2304,1
464,6,L1,128,33649,34130,15838,15846,2304,1
467,6,L1,128,33651,34132,15847,15855,2304,1
470,6,L1,128,33653,34134,15856,15864,2304,1
473,6,L1,128,33655,34136,15865,15873,2304,1
476,6,L1,128,33657,34138,15874,15882,2304,1
479,6,L1,128,33659,34140,15883,15891,2304,1
482,6,L1,128,33661,34142,15892,15900,2304,1
485,6,L1,128,33663,34144,15901,15909,2304,1
488,6,L1,128,33665,34146,15910,15918,2304,1
491,6,L1,128,33667,34148,15919,15927,2304,1
494,6,L1,128,33669,34150,15928,15936,2304,1
497,6,L1,128,33671,34152,15937,15945,2304,1
500,6,L1,128,33673,34154,15946,15954,2304,1
503,6,L1,128,33675,34156,15955,15965,2304,1
507,6,L1,128,33677,34158,15966,15975,2304,1
510,6,L1,128,33679,34160,15976,15984,2304,1
513,6,L1,128,33681,34162,15985,15993,2304,1
516,6,L1,128,33683,34164,15994,16002,2304,1
519,6,L1,128,33685,34166,16003,16011,2304,1
522,6,L1,128,33687,34168,16012,16020,2304,1
525,6,L1,128,33689,34170,16021,16029,2304,1
528,6,L1,128,33691,34172,16030,16038,2304,1
531,6,L1,128,33693,34174,16039,16047,2304,1
534,6,L1,128,33695,34176,16048,16056,2304,1
537,6,L1,128,33697,34178,16057,16065,2304,1
540,6,L1,128,33699,34180,16066,16074,2304,1
543,6,L1,128,33701,34182,16075,16083,2304,1
546,6,L1,128,33703,34184,16084,16092,2304,1
549,6,L1,128,33705,34186,16093,16101,2304,1
552,6,L1,128,33707,34188,16102,16112,2304,1
556,6,L1,128,33709,34190,16113,16122,2304,1
559,6,L1,128,33711,34192,16123,16131,2304,1
562,6,L1,128,33713,34194,16132,16140,2304,1
565,6,L1,128,33715,34196,16141,16149,2304,1
568,6,L1,128,33717,34198,16150,16158,2304,1
571,6,L1,128,33719,34200,16159,16167,2304,1
574,6,L1,128,33721,34202,16168,16176,2304,1
577,6,L1,128,33723,34204,16177,16185,2304,1
580,6,L1,128,33725,34206,16186,16194,2304,1
583,6,L1,128,33727,34208,16195,16203,2304,1
586,6,L1,128,33729,34210,16204,16212,2304,1
589,6,L1,128,33731,34212,16213,16221,2304,1
592,6,L1,128,33733,34214,16222,16230,2304,1
595,6,L1,128,33735,34216,16231,16239,2304,1
598,6,L1,128,33737,34218,16240,16248,2304,1
601,6,L1,128,33739,34220,16249,16259,2304,1
605,6,L1,128,33741,34222,16260,16269,2304,1
608,6,L1,128,33743,34224,16270,16278,2304,1
611,6,L1,128,33745,34226,16279,16287,2304,1
614,6,L1,128,33747,34228,16288,16296,2304,1
617,6,L1,128,33749,34230,16297,16305,2304,1
620,6,L1,128,33751,34232,16306,16314,2304,1
623,6,L1,128,33753,34234,16315,16323,2304,1
626,6,L1,128,33755,34236,16324,16332,2304,1
629,6,L1,128,33757,34238,16333,16341,2304,1
632,6,L1,128,33759,34240,16342,16350,2304,1
635,6,L1,128,33761,34242,16351,16359,2304,1
638,6,L1,128,33763,34244,16360,16368,2304,1
641,6,L1,128,33765,34246,16369,16377,2304,1
644,6,L1,128,33767,34248,16378,16386,2304,1
647,6,L1,128,33769,34250,16387,16395,2304,1
650,6,L1,128,33771,34252,16396,16406,2304,1
654,6,L1,128,33773,34254,16407,16416,2304,1
657,6,L1,128,33775,34256,16417,16425,2304,1
660,6,L1,128,33777,34258,16426,16434,2304,1
663,6,L1,128,33779,34260,16435,16443,2304,1
666,6,L1,128,33781,34262,16444,16452,2304,1
669,6,L1,128,33783,34264,16453,16461,2304,1
672,6,L1,128,33785,34266,16462,16470,2304,1
675,6,L1,128,33787,34268,16471,16479,2304,1
678,6,L1,128,33789,34270,16480,16488,2304,1
681,6,L1,128,33791,34272,16489,16497,2304,1
684,6,L1,128,33793,34274,16498,16506,2304,1
687,6,L1,128,33795,34276,16507,16515,2304,1
690,6,L1,128,33797,34278,16516,16524,2304,1
693,6,L1,128,33799,34280,16525,16533,2304,1
696,6,L1,128,33801,34282,16534,16542,2304,1
699,6,L1,128,33803,34284,16543,16553,2304,1
703,6,L1,128,33805,34286,16554,16563,2304,1
706,6,L1,128,33807,34288,16564,16572,2304,1
709,6,L1,128,33809,34290,16573,16581,2304,1
712,6,L1,128,33811,34292,16582,16590,2304,1
715,6,L1,128,33813,34294,16591,16599,2304,1
718,6,L1,128,33815,34296,16600,16608,2304,1
721,6,L1,128,33817,34298,16609,16617,2304,1
724,6,L1,128,33819,34300,16618,16626,2304,1
727,6,L1,128,33821,34302,16627,16635,2304,1
730,6,L1,128,33823,22746,16636,37959,2304,1
779,1,L1,128,33869,34346,16762,16996,1664,1
782,2,L1,128,33865,34342,16771,16984,1152,1
785,3,L1,128,33861,34338,16780,16972,640,1
788,4,L1,128,33857,34334,16789,16960,384,1
791,5,L1,128,33853,34330,16798,16948,128,1
794,6,L1,128,33849,34326,16807,16936,896,1
797,6,L1,128,33845,34322,16816,16924,1408,1
2,6,L1,128,33841,34318,16824,16912,1920,1
4065,0,L1,128,9921,26081,16826,19055,2176,0
6,6,L1,128,33837,34314,16835,16900,2432,1
4068,0,L1,128,9928,26084,16837,19064,2688,0
10,6,L1,128,33833,34310,16845,16888,2944,1
4071,0,L1,128,9935,26087,16847,19072,3200,0
14,6,L1,128,33829,34306,16855,16876,3456,1
4074,0,L1,128,9942,26090,16857,19080,3712,0
18,6,L1,128,33825,34304,16865,16867,3840,1
4077,0,L1,128,9949,26093,16868,19088,3840,0
22,6,L1,128,33827,34308,16877,16879,3456,1
4080,0,L1,128,9956,26096,16880,19096,3456,0
26,6,L1,128,33831,34312,16889,16891,2944,1
4083,0,L1,128,9963,26099,16892,19104,2944,0
30,6,L1,128,33835,34316,16901,16903,2432,1
4086,0,L1,128,9970,26102,16904,19112,2432,0
34,6,L1,128,33839,34320,16913,16915,1920,1
4089,0,L1,128,9977,26105,16916,19120,1920,0
38,6,L1,128,33843,34324,16925,16927,1408,1
4092,0,L1,128,9984,26108,16928,19129,1408,0
42,6,L1,128,33847,34328,16937,16939,896,1
4095,0,L1,128,9991,26111,16940,19138,896,0
46,6,L1,128,33851,34332,16949,16951,128,1
4098,0,L1,128,9998,26114,16952,19147,128,0
50,6,L1,128,33855,34336,16961,16963,384,1
4101,0,L1,128,10005,26117,16964,19156,384,0
54,6,L1,128,33859,34340,16973,16975,640,1
4104,0,L1,128,10012,26120,16976,19165,640,0
58,6,L1,128,33863,34344,16985,16987,1152,1
4107,0,L1,128,10019,26123,16988,19174,1152,0
62,7,L1,128,33867,34348,16997,16999,1664,1
4110,0,L1,128,10026,26126,17000,19183,1664,0
66,7,L1,128,33871,34352,17013,17022,2048,1
69,7,L1,128,33873,34354,17023,17031,2048,1
72,7,L1,128,33875,34356,17032,17040,2048,1
75,7,L1,128,33877,34358,17041,17049,2048,1
78,7,L1,128,33879,34360,17050,17058,2048,1
81,7,L1,128,33881,34362,17059,17067,2048,1
84,7,L1,128,33883,34364,17068,17076,2048,1
87,7,L1,128,33885,34366,17077,17085,2048,1
90,7,L1,128,33887,34368,17086,17094,2048,1
93,7,L1,128,33889,34370,17095,17103,2048,1
96,7,L1,128,33891,34372,17104,17112,2048,1
99,7,L1,128,33893,34374,17113,17121,2048,1
102,7,L1,128,33895,34376,17122,17130,2048,1
105,7,L1,128,33897,34378,17131,17139,2048,1
108,7,L1,128,33899,34380,17140,17148,2048,1
111,7,L1,128,33901,34382,17149,17159,2048,1
115,7,L1,128,33903,34384,17160,17169,2048,1
118,7,L1,128,33905,34386,17170,17178,2048,1
121,7,L1,128,33907,34388,17179,17187,2048,1
124,7,L1,128,33909,34390,17188,17196,2048,1
127,7,L1,128,33911,34392,17197,17205,2048,1
130,7,L1,128,33913,34394,17206,17214,2048,1
133,7,L1,128,33915,34396,17215,17223,2048,1
136,7,L1,128,33917,34398,17224,17232,2048,1
139,7,L1,128,33919,34400,17233,17241,2048,1
142,7,L1,128,33921,34402,17242,17250,2048,1
145,7,L1,128,33923,34404,17251,17259,2048,1
148,7,L1,128,33925,34406,17260,17268,2048,1
151,7,L1,128,33927,34408,17269,17277,2048,1
154,7,L1,128,33929,34410,17278,17286,2048,1
157,7,L1,128,33931,34412,17287,17295,2048,1
160,7,L1,128,33933,34414,17296,17306,2048,1
164,7,L1,128,33935,34416,17307,17316,2048,1
167,7,L1,128,33937,34418,17317,17325,2048,1
170,7,L1,128,33939,34420,17326,17334,2048,1
173,7,L1,128,33941,34422,17335,17343,2048,1
176,7,L1,128,33943,34424,17344,17352,2048,1
179,7,L1,128,33945,34426,17353,17361,2048,1
182,7,L1,128,33947,34428,17362,17370,2048,1
185,7,L1,128,33949,34430,17371,17379,2048,1
188,7,L1,128,33951,34432,17380,17388,2048,1
191,7,L1,128,33953,34434,17389,17397,2048,1
194,7,L1,128,33955,34436,17398,17406,2048,1
197,7,L1,128,33957,34438,17407,17415,2048,1
200,7,L1,128,33959,34440,17416,17424,2048,1
203,7,L1,128,33961,34442,17425,17433,2048,1
206,7,L1,128,33963,34444,17434,17442,2048,1
209,7,L1,128,33965,34446,17443,17453,2048,1
213,7,L1,128,33967,34448,17454,17463,2048,1
216,7,L1,128,33969,34450,17464,17472,2048,1
219,7,L1,128,33971,34452,17473,17481,2048,1
222,7,L1,128,33973,34454,17482,17490,2048,1
225,7,L1,128,33975,34456,17491,17499,2048,1
228,7,L1,128,33977,34458,17500,17508,2048,1
231,7,L1,128,33979,34460,17509,17517,2048,1
234,7,L1,128,33981,34462,17518,17526,2048,1
237,7,L1,128,33983,34464,17527,17535,2048,1
240,7,L1,128,33985,34466,17536,17544,2048,1
243,7,L1,128,33987,34468,17545,17553,2048,1
246,7,L1,128,33989,34470,17554,17562,2048,1
249,7,L1,128,33991,34472,17563,17571,2048,1
252,7,L1,128,33993,34474,17572,17580,2048,1
255,7,L1,128,33995,34476,17581,17589,2048,1
258,7,L1,128,33997,34478,17590,17600,2048,1
262,7,L1,128,33999,34480,17601,17610,2048,1
265,7,L1,128,34001,34482,17611,17619,2048,1
268,7,L1,128,34003,34484,17620,17628,2048,1
271,7,L1,128,34005,34486,17629,17637,2048,1
274,7,L1,128,34007,34488,17638,17646,2048,1
277,7,L1,128,34009,34490,17647,17655,2048,1
280,7,L1,128,34011,34492,17656,17664,2048,1
283,7,L1,128,34013,34494,17665,17673,2048,1
286,7,L1,128,34015,34496,17674,17682,2048,1
289,7,L1,128,34017,34498,17683,17691,2048,1
292,7,L1,128,34019,34500,17692,17700,2048,1
295,7,L1,128,34021,34502,17701,17709,2048,1
298,7,L1,128,34023,34504,17710,17718,2048,1
301,7,L1,128,34025,34506,17719,17727,2048,1
304,7,L1,128,34027,34508,17728,17736,2048,1
307,7,L1,128,34029,34510,17737,17747,2048,1
311,7,L1,128,34031,34512,17748,17757,2048,1
314,7,L1,128,34033,34514,17758,17766,2048,1
317,7,L1,128,34035,34516,17767,17775,2048,1
320,7,L1,128,34037,34518,17776,17784,2048,1
323,7,L1,128,34039,34520,17785,17793,2048,1
326,7,L1,128,34041,34522,17794,17802,2048,1
329,7,L1,128,34043,34524,17803,17811,2048,1
332,7,L1,128,34045,34526,17812,17820,2048,1
335,7,L1,128,34047,34528,17821,17829,2048,1
338,7,L1,128,34049,34530,17830,17838,2048,1
341,7,L1,128,34051,34532,17839,17847,2048,1
344,7,L1,128,34053,34534,17848,17856,2048,1
347,7,L1,128,34055,34536,17857,17865,2048,1
350,7,L1,128,34057,34538,17866,17874,2048,1
353,7,L1,128,34059,34540,17875,17883,2048,1
356,7,L1,128,34061,34542,17884,17894,2048,1
360,7,L1,128,34063,34544,17895,17904,2048,1
363,7,L1,128,34065,34546,17905,17913,2048,1
366,7,L1,128,34067,34548,17914,17922,2048,1
369,7,L1,128,34069,34550,17923,17931,2048,1
372,7,L1,128,34071,34552,17932,17940,2048,1
375,7,L1,128,34073,34554,17941,17949,2048,1
378,7,L1,128,34075,34556,17950,17958,2048,1
381,7,L1,128,34077,34558,17959,17967,2048,1
384,7,L1,128,34079,34560,17968,17976,2048,1
387,7,L1,128,34081,34562,17977,17985,2048,1
390,7,L1,128,34083,34564,17986,17994,2048,1
393,7,L1,128,34085,34566,17995,18003,2048,1
396,7,L1,128,34087,34568,18004,18012,2048,1
399,7,L1,128,34089,34570,18013,18021,2048,1
402,7,L1,128,34091,34572,18022,18030,2048,1
405,7,L1,128,34093,34574,18031,18041,2048,1
409,7,L1,128,34095,34576,18042,18051,2048,1
412,7,L1,128,34097,34578,18052,18060,2048,1
415,7,L1,128,34099,34580,18061,18069,2048,1
418,7,L1,128,34101,34582,18070,18078,2048,1
421,7,L1,128,34103,34584,18079,18087,2048,1
424,7,L1,128,34105,34586,18088,18096,2048,1
427,7,L1,128,34107,34588,18097,18105,2048,1
430,7,L1,128,34109,34590,18106,18114,2048,1
433,7,L1,128,34111,34592,18115,18123,2048,1
436,7,L1,128,34113,34594,18124,18132,2048,1
439,7,L1,128,34115,34596,18133,18141,2048,1
442,7,L1,128,34117,34598,18142,18150,2048,1
445,7,L1,128,34119,34600,18151,18159,2048,1
448,7,L1,128,34121,34602,18160,18168,2048,1
451,7,L1,128,34123,34604,18169,18177,2048,1
454,7,L1,128,34125,34606,18178,18188,2048,1
458,7,L1,128,34127,34608,18189,18198,2048,1
461,7,L1,128,34129,34610,18199,18207,2048,1
464,7,L1,128,34131,34612,18208,18216,2048,1
467,7,L1,128,34133,34614,18217,18225,2048,1
470,7,L1,128,34135,34616,18226,18234,2048,1
473,7,L1,128,34137,34618,18235,18243,2048,1
476,7,L1,128,34139,34620,18244,18252,2048,1
479,7,L1,128,34141,34622,18253,18261,2048,1
482,7,L1,128,34143,34624,18262,18270,2048,1
485,7,L1,128,34145,34626,18271,18279,2048,1
488,7,L1,128,34147,34628,18280,18288,2048,1
491,7,L1,128,34149,34630,18289,18297,2048,1
494,7,L1,128,34151,34632,18298,18306,2048,1
497,7,L1,128,34153,34634,18307,18315,2048,1
500,7,L1,128,34155,34636,18316,18324,2048,1
503,7,L1,128,34157,34638,18325,18335,2048,1
507,7,L1,128,34159,34640,18336,18345,2048,1
510,7,L1,128,34161,34642,18346,18354,2048,1
513,7,L1,128,34163,34644,18355,18363,2048,1
516,7,L1,128,34165,34646,18364,18372,2048,1
519,7,L1,128,34167,34648,18373,18381,2048,1
522,7,L1,128,34169,34650,18382,18390,2048,1
525,7,L1,128,34171,34652,18391,18399,2048,1
528,7,L1,128,34173,34654,18400,18408,2048,1
531,7,L1,128,34175,34656,18409,18417,2048,1
534,7,L1,128,34177,34658,18418,18426,2048,1
537,7,L1,128,34179,34660,18427,18435,2048,1
540,7,L1,128,34181,34662,18436,18444,2048,1
543,7,L1,128,34183,34664,18445,18453,2048,1
546,7,L1,128,34185,34666,18454,18462,2048,1
549,7,L1,128,34187,34668,18463,18471,2048,1
552,7,L1,128,34189,34670,18472,18482,2048,1
556,7,L1,128,34191,34672,18483,18492,2048,1
559,7,L1,128,34193,34674,18493,18501,2048,1
562,7,L1,128,34195,34676,18502,18510,2048,1
565,7,L1,128,34197,34678,18511,18519,2048,1
568,7,L1,128,34199,34680,18520,18528,2048,1
571,7,L1,128,34201,34682,18529,18537,2048,1
574,7,L1,128,34203,34684,18538,18546,2048,1
577,7,L1,128,34205,34686,18547,18555,2048,1
580,7,L1,128,34207,34688,18556,18564,2048,1
583,7,L1,128,34209,34690,18565,18573,2048,1
586,7,L1,128,34211,34692,18574,18582,2048,1
589,7,L1,128,34213,34694,18583,18591,2048,1
592,7,L1,128,34215,34696,18592,18600,2048,1
595,7,L1,128,34217,34698,18601,18609,2048,1
598,7,L1,128,34219,34700,18610,18618,2048,1
601,7,L1,128,34221,34702,18619,18629,2048,1
605,7,L1,128,34223,34704,18630,18639,2048,1
608,7,L1,128,34225,34706,18640,18648,2048,1
611,7,L1,128,34227,34708,18649,18657,2048,1
614,7,L1,128,34229,34710,18658,18666,2048,1
617,7,L1,128,34231,34712,18667,18675,2048,1
620,7,L1,128,34233,34714,18676,18684,2048,1
623,7,L1,128,34235,34716,18685,18693,2048,1
626,7,L1,128,34237,34718,18694,18702,2048,1
629,7,L1,128,34239,34720,18703,18711,2048,1
632,7,L1,128,34241,34722,18712,18720,2048,1
635,7,L1,128,34243,34724,18721,18729,2048,1
638,7,L1,128,34245,34726,18730,18738,2048,1
641,7,L1,128,34247,34728,18739,18747,2048,1
644,7,L1,128,34249,34730,18748,18756,2048,1
647,7,L1,128,34251,34732,18757,18765,2048,1
650,7,L1,128,34253,34734,18766,18776,2048,1
654,7,L1,128,34255,34736,18777,18786,2048,1
657,7,L1,128,34257,34738,18787,18795,2048,1
660,7,L1,128,34259,34740,18796,18804,2048,1
663,7,L1,128,34261,34742,18805,18813,2048,1
666,7,L1,128,34263,34744,18814,18822,2048,1
669,7,L1,128,34265,34746,18823,18831,2048,1
672,7,L1,128,34267,34748,18832,18840,2048,1
675,7,L1,128,34269,34750,18841,18849,2048,1
678,7,L1,128,34271,34752,18850,18858,2048,1
681,7,L1,128,34273,34754,18859,18867,2048,1
684,7,L1,128,34275,34756,18868,18876,2048,1
687,7,L1,128,34277,34758,18877,18885,2048,1
690,7,L1,128,34279,34760,18886,18894,2048,1
693,7,L1,128,34281,34762,18895,18903,2048,1
696,7,L1,128,34283,34764,18904,18912,2048,1
699,7,L1,128,34285,34766,18913,18923,2048,1
703,7,L1,128,34287,34768,18924,18933,2048,1
706,7,L1,128,34289,34770,18934,18942,2048,1
709,7,L1,128,34291,34772,18943,18951,2048,1
712,7,L1,128,34293,34774,18952,18960,2048,1
715,7,L1,128,34295,34776,18961,18969,2048,1
718,7,L1,128,34297,34778,18970,18978,2048,1
721,7,L1,128,34299,34780,18979,18987,2048,1
724,7,L1,128,34301,34782,18988,18996,2048,1
727,7,L1,128,34303,22743,18997,37951,2048,1
776,1,L1,128,34351,34828,19122,19366,1920,1
779,2,L1,128,34347,34824,19131,19354,1408,1
782,3,L1,128,34343,34820,19140,19342,896,1
785,4,L1,128,34339,34816,19149,19330,128,1
788,5,L1,128,34335,34812,19158,19318,384,1
791,6,L1,128,34331,34808,19167,19306,640,1
794,7,L1,128,34327,34804,19176,19294,1152,1
797,7,L1,128,34323,34800,19185,19282,1664,1
2,7,L1,128,34319,34796,19193,19270,2176,1
4609,0,L1,128,11265,26625,19195,21423,2432,0
6,7,L1,128,34315,34792,19204,19258,2688,1
4612,0,L1,128,11272,26628,19206,21432,2944,0
10,7,L1,128,34311,34788,19214,19246,3200,1
4615,0,L1,128,11279,26631,19216,21440,3456,0
14,7,L1,128,34307,34784,19224,19234,3712,1
4618,0,L1,128,11286,26634,19226,21448,3840,0
18,7,L1,128,34305,34786,19235,19237,3712,1
4621,0,L1,128,11293,26637,19238,21456,3712,0
22,7,L1,128,34309,34790,19247,19249,3200,1
4624,0,L1,128,11300,26640,19250,21464,3200,0
26,7,L1,128,34313,34794,19259,19261,2688,1
4627,0,L1,128,11307,26643,19262,21472,2688,0
30,7,L1,128,34317,34798,19271,19273,2176,1
4630,0,L1,128,11314,26646,19274,21480,2176,0
34,7,L1,128,34321,34802,19283,19285,1664,1
4633,0,L1,128,11321,26649,19286,21489,1664,0
38,7,L1,128,34325,34806,19295,19297,1152,1
4636,0,L1,128,11328,26652,19298,21498,1152,0
42,7,L1,128,34329,34810,19307,19309,640,1
4639,0,L1,128,11335,26655,19310,21507,640,0
46,7,L1,128,34333,34814,19319,19321,384,1
4642,0,L1,128,11342,26658,19322,21516,384,0
50,7,L1,128,34337,34818,19331,19333,128,1
4645,0,L1,128,11349,26661,19334,21525,128,0
54,7,L1,128,34341,34822,19343,19345,896,1
4648,0,L1,128,11356,26664,19346,21534,896,0
58,7,L1,128,34345,34826,19355,19357,1408,1
4651,0,L1,128,11363,26667,19358,21543,1408,0
62,8,L1,128,34349,34830,19367,19369,1920,1
4654,0,L1,128,11370,26670,19370,21552,1920,0
66,8,L1,128,34353,34834,19383,19392,1792,1
69,8,L1,128,34355,34836,19393,19401,1792,1
72,8,L1,128,34357,34838,19402,19410,1792,1
75,8,L1,128,34359,34840,19411,19419,1792,1
78,8,L1,128,34361,34842,19420,19428,1792,1
81,8,L1,128,34363,34844,19429,19437,1792,1
84,8,L1,128,34365,34846,19438,19446,1792,1
87,8,L1,128,34367,34848,19447,19455,1792,1
90,8,L1,128,34369,34850,19456,19464,1792,1
93,8,L1,128,34371,34852,19465,19473,1792,1
96,8,L1,128,34373,34854,19474,19482,1792,1
99,8,L1,128,34375,34856,19483,19491,1792,1
102,8,L1,128,34377,34858,19492,19500,1792,1
105,8,L1,128,34379,34860,19501,19509,1792,1
108,8,L1,128,34381,34862,19510,19518,1792,1
111,8,L1,128,34383,34864,19519,19529,1792,1
115,8,L1,128,34385,34866,19530,19539,1792,1
118,8,L1,128,34387,34868,19540,19548,1792,1
121,8,L1,128,34389,34870,19549,19557,1792,1
124,8,L1,128,34391,34872,19558,19566,1792,1
127,8,L1,128,34393,34874,19567,19575,1792,1
130,8,L1,128,34395,34876,19576,19584,1792,1
133,8,L1,128,34397,34878,19585,19593,1792,1
136,8,L1,128,34399,34880,19594,19602,1792,1
139,8,L1,128,34401,34882,19603,19611,1792,1
142,8,L1,128,34403,34884,19612,19620,1792,1
145,8,L1,128,34405,34886,19621,19629,1792,1
148,8,L1,128,34407,34888,19630,19638,1792,1
151,8,L1,128,34409,34890,19639,19647,1792,1
154,8,L1,128,34411,34892,19648,19656,1792,1
157,8,L1,128,34413,34894,19657,19665,1792,1
160,8,L1,128,34415,34896,19666,19676,1792,1
164,8,L1,128,34417,34898,19677,19686,1792,1
167,8,L1,128,34419,34900,19687,19695,1792,1
170,8,L1,128,34421,34902,19696,19704,1792,1
173,8,L1,128,34423,34904,19705,19713,1792,1
176,8,L1,128,34425,34906,19714,19722,1792,1
179,8,L1,128,34427,34908,19723,19731,1792,1
182,8,L1,128,34429,34910,19732,19740,1792,1
185,8,L1,128,34431,34912,19741,19749,1792,1
188,8,L1,128,34433,34914,19750,19758,1792,1
191,8,L1,128,34435,34916,19759,19767,1792,1
194,8,L1,128,34437,34918,19768,19776,1792,1
197,8,L1,128,34439,34920,19777,19785,1792,1
200,8,L1,128,34441,34922,19786,19794,1792,1
203,8,L1,128,34443,34924,19795,19803,1792,1
206,8,L1,128,34445,34926,19804,19812,1792,1
209,8,L1,128,34447,34928,19813,19823,1792,1
213,8,L1,128,34449,34930,19824,19833,1792,1
216,8,L1,128,34451,34932,19834,19842,1792,1
219,8,L1,128,34453,34934,19843,19851,1792,1
222,8,L1,128,34455,34936,19852,19860,1792,1
225,8,L1,128,34457,34938,19861,19869,1792,1
228,8,L1,128,34459,34940,19870,19878,1792,1
231,8,L1,128,34461,34942,19879,19887,1792,1
234,8,L1,128,34463,34944,19888,19896,1792,1
237,8,L1,128,34465,34946,19897,19905,1792,1
240,8,L1,128,34467,34948,19906,19914,1792,1
243,8,L1,128,34469,34950,19915,19923,1792,1
246,8,L1,128,34471,34952,19924,19932,1792,1
249,8,L1,128,34473,34954,19933,19941,1792,1
252,8,L1,128,34475,34956,19942,19950,1792,1
255,8,L1,128,34477,34958,19951,19959,1792,1
258,8,L1,128,34479,34960,19960,19970,1792,1
262,8,L1,128,34481,34962,19971,19980,1792,1
265,8,L1,128,34483,34964,19981,19989,1792,1
268,8,L1,128,34485,34966,19990,19998,1792,1
271,8,L1,128,34487,34968,19999,20007,1792,1
274,8,L1,128,34489,34970,20008,20016,1792,1
277,8,L1,128,34491,34972,20017,20025,1792,1
280,8,L1,128,34493,34974,20026,20034,1792,1
283,8,L1,128,34495,34976,20035,20043,1792,1
286,8,L1,128,34497,34978,20044,20052,1792,1
289,8,L1,128,34499,34980,20053,20061,1792,1
292,8,L1,128,34501,34982,20062,20070,1792,1
295,8,L1,128,34503,34984,20071,20079,1792,1
298,8,L1,128,34505,34986,20080,20088,1792,1
301,8,L1,128,34507,34988,20089,20097,1792,1
304,8,L1,128,34509,34990,20098,20106,1792,1
307,8,L1,128,34511,34992,20107,20117,1792,1
311,8,L1,128,34513,34994,20118,20127,1792,1
314,8,L1,128,34515,34996,20128,20136,1792,1
317,8,L1,128,34517,34998,20137,20145,1792,1
320,8,L1,128,34519,35000,20146,20154,1792,1
323,8,L1,128,34521,35002,20155,20163,1792,1
326,8,L1,128,34523,35004,20164,20172,1792,1
329,8,L1,128,34525,35006,20173,20181,1792,1
332,8,L1,128,34527,35008,20182,20190,1792,1
335,8,L1,128,34529,35010,20191,20199,1792,1
338,8,L1,128,34531,35012,20200,20208,1792,1
341,8,L1,128,34533,35014,20209,20217,1792,1
344,8,L1,128,34535,35016,20218,20226,1792,1
347,8,L1,128,34537,35018,20227,20235,1792,1
350,8,L1,128,34539,35020,20236,20244,1792,1
353,8,L1,128,34541,35022,20245,20253,1792,1
356,8,L1,128,34543,35024,20254,20264,1792,1
360,8,L1,128,34545,35026,20265,20274,1792,1
363,8,L1,128,34547,35028,20275,20283,1792,1
366,8,L1,128,34549,35030,20284,20292,1792,1
369,8,L1,128,34551,35032,20293,20301,1792,1
372,8,L1,128,34553,35034,20302,20310,1792,1
375,8,L1,128,34555,35036,20311,20319,1792,1
378,8,L1,128,34557,35038,20320,20328,1792,1
381,8,L1,128,34559,35040,20329,20337,1792,1
384,8,L1,128,34561,35042,20338,20346,1792,1
387,8,L1,128,34563,35044,20347,20355,1792,1
390,8,L1,128,34565,35046,20356,20364,1792,1
393,8,L1,128,34567,35048,20365,20373,1792,1
396,8,L1,128,34569,35050,20374,20382,1792,1
399,8,L1,128,34571,35052,20383,20391,1792,1
402,8,L1,128,34573,35054,20392,20400,1792,1
405,8,L1,128,34575,35056,20401,20411,1792,1
409,8,L1,128,34577,35058,20412,20421,1792,1
412,8,L1,128,34579,35060,20422,20430,1792,1
415,8,L1,128,34581,35062,20431,20439,1792,1
418,8,L1,128,34583,35064,20440,20448,1792,1
421,8,L1,128,34585,35066,20449,20457,1792,1
424,8,L1,128,34587,35068,20458,20466,1792,1
427,8,L1,128,34589,35070,20467,20475,1792,1
430,8,L1,128,34591,35072,20476,20484,1792,1
433,8,L1,128,34593,35074,20485,20493,1792,1
436,8,L1,128,34595,35076,20494,20502,1792,1
439,8,L1,128,34597,35078,20503,20511,1792,1
442,8,L1,128,34599,35080,20512,20520,1792,1
445,8,L1,128,34601,35082,20521,20529,1792,1
448,8,L1,128,34603,35084,20530,20538,1792,1
451,8,L1,128,34605,35086,20539,20547,1792,1
454,8,L1,128,34607,35088,20548,20558,1792,1
458,8,L1,128,34609,35090,20559,20568,1792,1
461,8,L1,128,34611,35092,20569,20577,1792,1
464,8,L1,128,34613,35094,20578,20586,1792,1
467,8,L1,128,34615,35096,20587,20595,1792,1
470,8,L1,128,34617,35098,20596,20604,1792,1
473,8,L1,128,34619,35100,20605,20613,1792,1
476,8,L1,128,34621,35102,20614,20622,1792,1
479,8,L1,128,34623,35104,20623,20631,1792,1
482,8,L1,128,34625,35106,20632,20640,1792,1
485,8,L1,128,34627,35108,20641,20649,1792,1
488,8,L1,128,34629,35110,20650,20658,1792,1
491,8,L1,128,34631,35112,20659,20667,1792,1
494,8,L1,128,34633,35114,20668,20676,1792,1
497,8,L1,128,34635,35116,20677,20685,1792,1
500,8,L1,128,34637,35118,20686,20694,1792,1
503,8,L1,128,34639,35120,20695,20705,1792,1
507,8,L1,128,34641,35122,20706,20715,1792,1
510,8,L1,128,34643,35124,20716,20724,1792,1
513,8,L1,128,34645,35126,20725,20733,1792,1
516,8,L1,128,34647,35128,20734,20742,1792,1
519,8,L1,128,34649,35130,20743,20751,1792,1
522,8,L1,128,34651,35132,20752,20760,1792,1
525,8,L1,128,34653,35134,20761,20769,1792,1
528,8,L1,128,34655,35136,20770,20778,1792,1
531,8,L1,128,34657,35138,20779,20787,1792,1
534,8,L1,128,34659,35140,20788,20796,1792,1
537,8,L1,128,34661,35142,20797,20805,1792,1
540,8,L1,128,34663,35144,20806,20814,1792,1
543,8,L1,128,34665,35146,20815,20823,1792,1
546,8,L1,128,34667,35148,20824,20832,1792,1
549,8,L1,128,34669,35150,20833,20841,1792,1
552,8,L1,128,34671,35152,20842,20852,1792,1
556,8,L1,128,34673,35154,20853,20862,1792,1
559,8,L1,128,34675,35156,20863,20871,1792,1
562,8,L1,128,34677,35158,20872,20880,1792,1
565,8,L1,128,34679,35160,20881,20889,1792,1
568,8,L1,128,34681,35162,20890,20898,1792,1
571,8,L1,128,34683,35164,20899,20907,1792,1
574,8,L1,128,34685,35166,20908,20916,1792,1
577,8,L1,128,34687,35168,20917,20925,1792,1
580,8,L1,128,34689,35170,20926,20934,1792,1
583,8,L1,128,34691,35172,20935,20943,1792,1
586,8,L1,128,34693,35174,20944,20952,1792,1
589,8,L1,128,34695,35176,20953,20961,1792,1
592,8,L1,128,34697,35178,20962,20970,1792,1
595,8,L1,128,34699,35180,20971,20979,1792,1
598,8,L1,128,34701,35182,20980,20988,1792,1
601,8,L1,128,34703,35184,20989,20999,1792,1
605,8,L1,128,34705,35186,21000,21009,1792,1
608,8,L1,128,34707,35188,21010,21018,1792,1
611,8,L1,128,34709,35190,21019,21027,1792,1
614,8,L1,128,34711,35192,21028,21036,1792,1
617,8,L1,128,34713,35194,21037,21045,1792,1
620,8,L1,128,34715,35196,21046,21054,1792,1
623,8,L1,128,34717,35198,21055,21063,1792,1
626,8,L1,128,34719,35200,21064,21072,1792,1
629,8,L1,128,34721,35202,21073,21081,1792,1
632,8,L1,128,34723,35204,21082,21090,1792,1
635,8,L1,128,34725,35206,21091,21099,1792,1
638,8,L1,128,34727,35208,21100,21108,1792,1
641,8,L1,128,34729,35210,21109,21117,1792,1
644,8,L1,128,34731,35212,21118,21126,1792,1
647,8,L1,128,34733,35214,21127,21135,1792,1
650,8,L1,128,34735,35216,21136,21146,1792,1
654,8,L1,128,34737,35218,21147,21156,1792,1
657,8,L1,128,34739,35220,21157,21165,1792,1
660,8,L1,128,34741,35222,21166,21174,1792,1
663,8,L1,128,34743,35224,21175,21183,1792,1
666,8,L1,128,34745,35226,21184,21192,1792,1
669,8,L1,128,34747,35228,21193,21201,1792,1
672,8,L1,128,34749,35230,21202,21210,1792,1
675,8,L1,128,34751,35232,21211,21219,1792,1
678,8,L1,128,34753,35234,21220,21228,1792,1
681,8,L1,128,34755,35236,21229,21237,1792,1
684,8,L1,128,34757,35238,21238,21246,1792,1
687,8,L1,128,34759,35240,21247,21255,1792,1
690,8,L1,128,34761,35242,21256,21264,1792,1
693,8,L1,128,34763,35244,21265,21273,1792,1
696,8,L1,128,34765,35246,21274,21282,1792,1
699,8,L1,128,34767,35248,21283,21293,1792,1
703,8,L1,128,34769,35250,21294,21303,1792,1
706,8,L1,128,34771,35252,21304,21312,1792,1
709,8,L1,128,34773,35254,21313,21321,1792,1
712,8,L1,128,34775,35256,21322,21330,1792,1
715,8,L1,128,34777,35258,21331,21339,1792,1
718,8,L1,128,34779,35260,21340,21348,1792,1
721,8,L1,128,34781,35262,21349,21357,1792,1
724,8,L1,128,34783,22740,21358,37943,1792,1
773,1,L1,128,34833,35310,21482,21736,2176,1
776,2,L1,128,34829,35306,21491,21724,1664,1
779,3,L1,128,34825,35302,21500,21712,1152,1
782,4,L1,128,34821,35298,21509,21700,640,1
785,5,L1,128,34817,35294,21518,21688,384,1
788,6,L1,128,34813,35290,21527,21676,128,1
791,7,L1,128,34809,35286,21536,21664,896,1
794,8,L1,128,34805,35282,21545,21652,1408,1
797,8,L1,128,34801,35278,21554,21640,1920,1
2,8,L1,128,34797,35274,21562,21628,2432,1
5153,0,L1,128,12609,27169,21564,23791,2688,0
6,8,L1,128,34793,35270,21573,21616,2944,1
5156,0,L1,128,12616,27172,21575,23800,3200,0
10,8,L1,128,34789,35266,21583,21604,3456,1
5159,0,L1,128,12623,27175,21585,23808,3712,0
14,8,L1,128,34785,35264,21593,21595,3840,1
5162,0,L1,128,12630,27178,21596,23816,3840,0
18,8,L1,128,34787,35268,21605,21607,3456,1
5165,0,L1,128,12637,27181,21608,23824,3456,0
22,8,L1,128,34791,35272,21617,21619,2944,1
5168,0,L1,128,12644,27184,21620,23832,2944,0
26,8,L1,128,34795,35276,21629,21631,2432,1
5171,0,L1,128,12651,27187,21632,23840,2432,0
30,8,L1,128,34799,35280,21641,21643,1920,1
5174,0,L1,128,12658,27190,21644,23849,1920,0
34,8,L1,128,34803,35284,21653,21655,1408,1
5177,0,L1,128,12665,27193,21656,23858,1408,0
38,8,L1,128,34807,35288,21665,21667,896,1
5180,0,L1,128,12672,27196,21668,23867,896,0
42,8,L1,128,34811,35292,21677,21679,128,1
5183,0,L1,128,12679,27199,21680,23876,128,0
46,8,L1,128,34815,35296,21689,21691,384,1
5186,0,L1,128,12686,27202,21692,23885,384,0
50,8,L1,128,34819,35300,21701,21703,640,1
5189,0,L1,128,12693,27205,21704,23894,640,0
54,8,L1,128,34823,35304,21713,21715,1152,1
5192,0,L1,128,12700,27208,21716,23903,1152,0
58,8,L1,128,34827,35308,21725,21727,1664,1
5195,0,L1,128,12707,27211,21728,23912,1664,0
62,9,L1,128,34831,35312,21737,21739,2176,1
5198,0,L1,128,12714,27214,21740,23921,2176,0
66,9,L1,128,34835,35316,21753,21762,1536,1
69,9,L1,128,34837,35318,21763,21771,1536,1
72,9,L1,128,34839,35320,21772,21780,1536,1
75,9,L1,128,34841,35322,21781,21789,1536,1
78,9,L1,128,34843,35324,21790,21798,1536,1
81,9,L1,128,34845,35326,21799,21807,1536,1
84,9,L1,128,34847,35328,21808,21816,1536,1
87,9,L1,128,34849,35330,21817,21825,1536,1
90,9,L1,128,34851,35332,21826,21834,1536,1
93,9,L1,128,34853,35334,21835,21843,1536,1
96,9,L1,128,34855,35336,21844,21852,1536,1
99,9,L1,128,34857,35338,21853,21861,1536,1
102,9,L1,128,34859,35340,21862,21870,1536,1
105,9,L1,128,34861,35342,21871,21879,1536,1
108,9,L1,128,34863,35344,21880,21888,1536,1
111,9,L1,128,34865,35346,21889,21899,1536,1
115,9,L1,128,34867,35348,21900,21909,1536,1
118,9,L1,128,34869,35350,21910,21918,1536,1
121,9,L1,128,34871,35352,21919,21927,1536,1
124,9,L1,128,34873,35354,21928,21936,1536,1
127,9,L1,128,34875,35356,21937,21945,1536,1
130,9,L1,128,34877,35358,21946,21954,1536,1
133,9,L1,128,34879,35360,21955,21963,1536,1
136,9,L1,128,34881,35362,21964,21972,1536,1
139,9,L1,128,34883,35364,21973,21981,1536,1
142,9,L1,128,34885,35366,21982,21990,1536,1
145,9,L1,128,34887,35368,21991,21999,1536,1
148,9,L1,128,34889,35370,22000,22008,1536,1
151,9,L1,128,34891,35372,22009,22017,1536,1
154,9,L1,128,34893,35374,22018,22026,1536,1
157,9,L1,128,34895,35376,22027,22035,1536,1
160,9,L1,128,34897,35378,22036,22046,1536,1
164,9,L1,128,34899,35380,22047,22056,1536,1
167,9,L1,128,34901,35382,22057,22065,1536,1
170,9,L1,128,34903,35384,22066,22074,1536,1
173,9,L1,128,34905,35386,22075,22083,1536,1
176,9,L1,128,34907,35388,22084,22092,1536,1
179,9,L1,128,34909,35390,22093,22101,1536,1
182,9,L1,128,34911,35392,22102,22110,1536,1
185,9,L1,128,34913,35394,22111,22119,1536,1
188,9,L1,128,34915,35396,22120,22128,1536,1
191,9,L1,128,34917,35398,22129,22137,1536,1
194,9,L1,128,34919,35400,22138,22146,1536,1
197,9,L1,128,34921,35402,22147,22155,1536,1
200,9,L1,128,34923,35404,22156,22164,1536,1
203,9,L1,128,34925,35406,22165,22173,1536,1
206,9,L1,128,34927,35408,22174,22182,1536,1
209,9,L1,128,34929,35410,22183,22193,1536,1
213,9,L1,128,34931,35412,22194,22203,1536,1
216,9,L1,128,34933,35414,22204,22212,1536,1
219,9,L1,128,34935,35416,22213,22221,1536,1
222,9,L1,128,34937,35418,22222,22230,1536,1
225,9,L1,128,34939,35420,22231,22239,1536,1
228,9,L1,128,34941,35422,22240,22248,1536,1
231,9,L1,128,34943,35424,22249,22257,1536,1
234,9,L1,128,34945,35426,22258,22266,1536,1
237,9,L1,128,34947,35428,22267,22275,1536,1
240,9,L1,128,34949,35430,22276,22284,1536,1
243,9,L1,128,34951,35432,22285,22293,1536,1
246,9,L1,128,34953,35434,22294,22302,1536,1
249,9,L1,128,34955,35436,22303,22311,1536,1
252,9,L1,128,34957,35438,22312,22320,1536,1
255,9,L1,128,34959,35440,22321,22329,1536,1
258,9,L1,128,34961,35442,22330,22340,1536,1
262,9,L1,128,34963,35444,22341,22350,1536,1
265,9,L1,128,34965,35446,22351,22359,1536,1
268,9,L1,128,34967,35448,22360,22368,1536,1
271,9,L1,128,34969,35450,22369,22377,1536,1
274,9,L1,128,34971,35452,22378,22386,1536,1
277,9,L1,128,34973,35454,22387,22395,1536,1
280,9,L1,128,34975,35456,22396,22404,1536,1
283,9,L1,128,34977,35458,22405,22413,1536,1
286,9,L1,128,34979,35460,22414,22422,1536,1
289,9,L1,128,34981,35462,22423,22431,1536,1
292,9,L1,128,34983,35464,22432,22440,1536,1
295,9,L1,128,34985,35466,22441,22449,1536,1
298,9,L1,128,34987,35468,22450,22458,1536,1
301,9,L1,128,34989,35470,22459,22467,1536,1
304,9,L1,128,34991,35472,22468,22476,1536,1
307,9,L1,128,34993,35474,22477,22487,1536,1
311,9,L1,128,34995,35476,22488,22497,1536,1
314,9,L1,128,34997,35478,22498,22506,1536,1
317,9,L1,128,34999,35480,22507,22515,1536,1
320,9,L1,128,35001,35482,22516,22524,1536,1
323,9,L1,128,35003,35484,22525,22533,1536,1
326,9,L1,128,35005,35486,22534,22542,1536,1
329,9,L1,128,35007,35488,22543,22551,1536,1
332,9,L1,128,35009,35490,22552,22560,1536,1
335,9,L1,128,35011,35492,22561,22569,1536,1
338,9,L1,128,35013,35494,22570,22578,1536,1
341,9,L1,128,35015,35496,22579,22587,1536,1
344,9,L1,128,35017,35498,22588,22596,1536,1
347,9,L1,128,35019,35500,22597,22605,1536,1
350,9,L1,128,35021,35502,22606,22614,1536,1
353,9,L1,128,35023,35504,22615,22623,1536,1
356,9,L1,128,35025,35506,22624,22634,1536,1
360,9,L1,128,35027,35508,22635,22644,1536,1
363,9,L1,128,35029,35510,22645,22653,1536,1
366,9,L1,128,35031,35512,22654,22662,1536,1
369,9,L1,128,35033,35514,22663,22671,1536,1
372,9,L1,128,35035,35516,22672,22680,1536,1
375,9,L1,128,35037,35518,22681,22689,1536,1
378,9,L1,128,35039,35520,22690,22698,1536,1
381,9,L1,128,35041,35522,22699,22707,1536,1
384,9,L1,128,35043,35524,22708,22716,1536,1
387,9,L1,128,35045,35526,22717,22725,1536,1
390,9,L1,128,35047,35528,22726,22734,1536,1
393,9,L1,128,35049,35530,22735,22743,1536,1
396,9,L1,128,35051,35532,22744,22752,1536,1
399,9,L1,128,35053,35534,22753,22761,1536,1
402,9,L1,128,35055,35536,22762,22770,1536,1
405,9,L1,128,35057,35538,22771,22781,1536,1
409,9,L1,128,35059,35540,22782,22791,1536,1
412,9,L1,128,35061,35542,22792,22800,1536,1
415,9,L1,128,35063,35544,22801,22809,1536,1
418,9,L1,128,35065,35546,22810,22818,1536,1
421,9,L1,128,35067,35548,22819,22827,1536,1
424,9,L1,128,35069,35550,22828,22836,1536,1
427,9,L1,128,35071,35552,22837,22845,1536,1
430,9,L1,128,35073,35554,22846,22854,1536,1
433,9,L1,128,35075,35556,22855,22863,1536,1
436,9,L1,128,35077,35558,22864,22872,1536,1
439,9,L1,128,35079,35560,22873,22881,1536,1
442,9,L1,128,35081,35562,22882,22890,1536,1
445,9,L1,128,35083,35564,22891,22899,1536,1
448,9,L1,128,35085,35566,22900,22908,1536,1
451,9,L1,128,35087,35568,22909,22917,1536,1
454,9,L1,128,35089,35570,22918,22928,1536,1
458,9,L1,128,35091,35572,22929,22938,1536,1
461,9,L1,128,35093,35574,22939,22947,1536,1
464,9,L1,128,35095,35576,22948,22956,1536,1
467,9,L1,128,35097,35578,22957,22965,1536,1
470,9,L1,128,35099,35580,22966,22974,1536,1
473,9,L1,128,35101,35582,22975,22983,1536,1
476,9,L1,128,35103,35584,22984,22992,1536,1
479,9,L1,128,35105,35586,22993,23001,1536,1
482,9,L1,128,35107,35588,23002,23010,1536,1
485,9,L1,128,35109,35590,23011,23019,1536,1
488,9,L1,128,35111,35592,23020,23028,1536,1
491,9,L1,128,35113,35594,23029,23037,1536,1
494,9,L1,128,35115,35596,23038,23046,1536,1
497,9,L1,128,35117,35598,23047,23055,1536,1
500,9,L1,128,35119,35600,23056,23064,1536,1
503,9,L1,128,35121,35602,23065,23075,1536,1
507,9,L1,128,35123,35604,23076,23085,1536,1
510,9,L1,128,35125,35606,23086,23094,1536,1
513,9,L1,128,35127,35608,23095,23103,1536,1
516,9,L1,128,35129,35610,23104,23112,1536,1
519,9,L1,128,35131,35612,23113,23121,1536,1
522,9,L1,128,35133,35614,23122,23130,1536,1
525,9,L1,128,35135,35616,23131,23139,1536,1
528,9,L1,128,35137,35618,23140,23148,1536,1
531,9,L1,128,35139,35620,23149,23157,1536,1
534,9,L1,128,35141,35622,23158,23166,1536,1
537,9,L1,128,35143,35624,23167,23175,1536,1
540,9,L1,128,35145,35626,23176,23184,1536,1
543,9,L1,128,35147,35628,23185,23193,1536,1
546,9,L1,128,35149,35630,23194,23202,1536,1
549,9,L1,128,35151,35632,23203,23211,1536,1
552,9,L1,128,35153,35634,23212,23222,1536,1
556,9,L1,128,35155,35636,23223,23232,1536,1
559,9,L1,128,35157,35638,23233,23241,1536,1
562,9,L1,128,35159,35640,23242,23250,1536,1
565,9,L1,128,35161,35642,23251,23259,1536,1
568,9,L1,128,35163,35644,23260,23268,1536,1
571,9,L1,128,35165,35646,23269,23277,1536,1
574,9,L1,128,35167,35648,23278,23286,1536,1
577,9,L1,128,35169,35650,23287,23295,1536,1
580,9,L1,128,35171,35652,23296,23304,1536,1
583,9,L1,128,35173,35654,23305,23313,1536,1
586,9,L1,128,35175,35656,23314,23322,1536,1
589,9,L1,128,35177,35658,23323,23331,1536,1
592,9,L1,128,35179,35660,23332,23340,1536,1
595,9,L1,128,35181,35662,23341,23349,1536,1
598,9,L1,128,35183,35664,23350,23358,1536,1
601,9,L1,128,35185,35666,23359,23369,1536,1
605,9,L1,128,35187,35668,23370,23379,1536,1
608,9,L1,128,35189,35670,23380,23388,1536,1
611,9,L1,128,35191,35672,23389,23397,1536,1
614,9,L1,128,35193,35674,23398,23406,1536,1
617,9,L1,128,35195,35676,23407,23415,1536,1
620,9,L1,128,35197,35678,23416,23424,1536,1
623,9,L1,128,35199,35680,23425,23433,1536,1
626,9,L1,128,35201,35682,23434,23442,1536,1
629,9,L1,128,35203,35684,23443,23451,1536,1
632,9,L1,128,35205,35686,23452,23460,1536,1
635,9,L1,128,35207,35688,23461,23469,1536,1
638,9,L1,128,35209,35690,23470,23478,1536,1
641,9,L1,128,35211,35692,23479,23487,1536,1
644,9,L1,128,35213,35694,23488,23496,1536,1
647,9,L1,128,35215,35696,23497,23505,1536,1
650,9,L1,128,35217,35698,23506,23516,1536,1
654,9,L1,128,35219,35700,23517,23526,1536,1
657,9,L1,128,35221,35702,23527,23535,1536,1
660,9,L1,128,35223,35704,23536,23544,1536,1
663,9,L1,128,35225,35706,23545,23553,1536,1
666,9,L1,128,35227,35708,23554,23562,1536,1
669,9,L1,128,35229,35710,23563,23571,1536,1
672,9,L1,128,35231,35712,23572,23580,1536,1
675,9,L1,128,35233,35714,23581,23589,1536,1
678,9,L1,128,35235,35716,23590,23598,1536,1
681,9,L1,128,35237,35718,23599,23607,1536,1
684,9,L1,128,35239,35720,23608,23616,1536,1
687,9,L1,128,35241,35722,23617,23625,1536,1
690,9,L1,128,35243,35724,23626,23634,1536,1
693,9,L1,128,35245,35726,23635,23643,1536,1
696,9,L1,128,35247,35728,23644,23652,1536,1
699,9,L1,128,35249,35730,23653,23663,1536,1
703,9,L1,128,35251,35732,23664,23673,1536,1
706,9,L1,128,35253,35734,23674,23682,1536,1
709,9,L1,128,35255,35736,23683,23691,1536,1
712,9,L1,128,35257,35738,23692,23700,1536,1
715,9,L1,128,35259,35740,23701,23709,1536,1
718,9,L1,128,35261,35742,23710,23718,1536,1
721,9,L1,128,35263,22737,23719,37935,1536,1
770,1,L1,128,35315,35792,23842,24106,2432,1
773,2,L1,128,35311,35788,23851,24094,1920,1
776,3,L1,128,35307,35784,23860,24082,1408,1
779,4,L1,128,35303,35780,23869,24070,896,1
782,5,L1,128,35299,35776,23878,24058,128,1
785,6,L1,128,35295,35772,23887,24046,384,1
788,7,L1,128,35291,35768,23896,24034,640,1
791,8,L1,128,35287,35764,23905,24022,1152,1
794,9,L1,128,35283,35760,23914,24010,1664,1
797,9,L1,128,35279,35756,23923,23998,2176,1
2,9,L1,128,35275,35752,23931,23986,2688,1
5697,0,L1,128,13953,27713,23933,26159,2944,0
6,9,L1,128,35271,35748,23942,23974,3200,1
5700,0,L1,128,13960,27716,23944,26168,3456,0
10,9,L1,128,35267,35744,23952,23962,3712,1
5703,0,L1,128,13967,27719,23954,26176,3840,0
14,9,L1,128,35265,35746,23963,23965,3712,1
5706,0,L1,128,13974,27722,23966,26184,3712,0
18,9,L1,128,35269,35750,23975,23977,3200,1
5709,0,L1,128,13981,27725,23978,26192,3200,0
22,9,L1,128,35273,35754,23987,23989,2688,1
5712,0,L1,128,13988,27728,23990,26200,2688,0
26,9,L1,128,35277,35758,23999,24001,2176,1
5715,0,L1,128,13995,27731,24002,26209,2176,0
30,9,L1,128,35281,35762,24011,24013,1664,1
5718,0,L1,128,14002,27734,24014,26218,1664,0
34,9,L1,128,35285,35766,24023,24025,1152,1
5721,0,L1,128,14009,27737,24026,26227,1152,0
38,9,L1,128,35289,35770,24035,24037,640,1
5724,0,L1,128,14016,27740,24038,26236,640,0
42,9,L1,128,35293,35774,24047,24049,384,1
5727,0,L1,128,14023,27743,24050,26245,384,0
46,9,L1,128,35297,35778,24059,24061,128,1
5730,0,L1,128,14030,27746,24062,26254,128,0
50,9,L1,128,35301,35782,24071,24073,896,1
5733,0,L1,128,14037,27749,24074,26263,896,0
54,9,L1,128,35305,35786,24083,24085,1408,1
5736,0,L1,128,14044,27752,24086,26272,1408,0
58,9,L1,128,35309,35790,24095,24097,1920,1
5739,0,L1,128,14051,27755,24098,26281,1920,0
62,10,L1,128,35313,35794,24107,24109,2432,1
5742,0,L1,128,14058,27758,24110,26290,2432,0
66,10,L1,128,35317,35798,24123,24132,1280,1
69,10,L1,128,35319,35800,24133,24141,1280,1
72,10,L1,128,35321,35802,24142,24150,1280,1
75,10,L1,128,35323,35804,24151,24159,1280,1
78,10,L1,128,35325,35806,24160,24168,1280,1
81,10,L1,128,35327,35808,24169,24177,1280,1
84,10,L1,128,35329,35810,24178,24186,1280,1
87,10,L1,128,35331,35812,24187,24195,1280,1
90,10,L1,128,35333,35814,24196,24204,1280,1
93,10,L1,128,35335,35816,24205,24213,1280,1
96,10,L1,128,35337,35818,24214,24222,1280,1
99,10,L1,128,35339,35820,24223,24231,1280,1
102,10,L1,128,35341,35822,24232,24240,1280,1
105,10,L1,128,35343,35824,24241,24249,1280,1
108,10,L1,128,35345,35826,24250,24258,1280,1
111,10,L1,128,35347,35828,24259,24269,1280,1
115,10,L1,128,35349,35830,24270,24279,1280,1
118,10,L1,128,35351,35832,24280,24288,1280,1
121,10,L1,128,35353,35834,24289,24297,1280,1
124,10,L1,128,35355,35836,24298,24306,1280,1
127,10,L1,128,35357,35838,24307,24315,1280,1
130,10,L1,128,35359,35840,24316,24324,1280,1
133,10,L1,128,35361,35842,24325,24333,1280,1
136,10,L1,128,35363,35844,24334,24342,1280,1
139,10,L1,128,35365,35846,24343,24351,1280,1
142,10,L1,128,35367,35848,24352,24360,1280,1
145,10,L1,128,35369,35850,24361,24369,1280,1
148,10,L1,128,35371,35852,24370,24378,1280,1
151,10,L1,128,35373,35854,24379,24387,1280,1
154,10,L1,128,35375,35856,24388,24396,1280,1
157,10,L1,128,35377,35858,24397,24405,1280,1
160,10,L1,128,35379,35860,24406,24416,1280,1
164,10,L1,128,35381,35862,24417,24426,1280,1
167,10,L1,128,35383,35864,24427,24435,1280,1
170,10,L1,128,35385,35866,24436,24444,1280,1
173,10,L1,128,35387,35868,24445,24453,1280,1
176,10,L1,128,35389,35870,24454,24462,1280,1
179,10,L1,128,35391,35872,24463,24471,1280,1
182,10,L1,128,35393,35874,24472,24480,1280,1
185,10,L1,128,35395,35876,24481,24489,1280,1
188,10,L1,128,35397,35878,24490,24498,1280,1
191,10,L1,128,35399,35880,24499,24507,1280,1
194,10,L1,128,35401,35882,24508,24516,1280,1
197,10,L1,128,35403,35884,24517,24525,1280,1
200,10,L1,128,35405,35886,24526,24534,1280,1
203,10,L1,128,35407,35888,24535,24543,1280,1
206,10,L1,128,35409,35890,24544,24552,1280,1
209,10,L1,128,35411,35892,24553,24563,1280,1
213,10,L1,128,35413,35894,24564,24573,1280,1
216,10,L1,128,35415,35896,24574,24582,1280,1
219,10,L1,128,35417,35898,24583,24591,1280,1
222,10,L1,128,35419,35900,24592,24600,1280,1
225,10,L1,128,35421,35902,24601,24609,1280,1
228,10,L1,128,35423,35904,24610,24618,1280,1
231,10,L1,128,35425,35906,24619,24627,1280,1
234,10,L1,128,35427,35908,24628,24636,1280,1
237,10,L1,128,35429,35910,24637,24645,1280,1
240,10,L1,128,35431,35912,24646,24654,1280,1
243,10,L1,128,35433,35914,24655,24663,1280,1
246,10,L1,128,35435,35916,24664,24672,1280,1
249,10,L1,128,35437,35918,24673,24681,1280,1
252,10,L1,128,35439,35920,24682,24690,1280,1
255,10,L1,128,35441,35922,24691,24699,1280,1
258,10,L1,128,35443,35924,24700,24710,1280,1
262,10,L1,128,35445,35926,24711,24720,1280,1
265,10,L1,128,35447,35928,24721,24729,1280,1
268,10,L1,128,35449,35930,24730,24738,1280,1
271,10,L1,128,35451,35932,24739,24747,1280,1
274,10,L1,128,35453,35934,24748,24756,1280,1
277,10,L1,128,35455,35936,24757,24765,1280,1
280,10,L1,128,35457,35938,24766,24774,1280,1
283,10,L1,128,35459,35940,24775,24783,1280,1
286,10,L1,128,35461,35942,24784,24792,1280,1
289,10,L1,128,35463,35944,24793,24801,1280,1
292,10,L1,128,35465,35946,24802,24810,1280,1
295,10,L1,128,35467,35948,24811,24819,1280,1
298,10,L1,128,35469,35950,24820,24828,1280,1
301,10,L1,128,35471,35952,24829,24837,1280,1
304,10,L1,128,35473,35954,24838,24846,1280,1
307,10,L1,128,35475,35956,24847,24857,1280,1
311,10,L1,128,35477,35958,24858,24867,1280,1
314,10,L1,128,35479,35960,24868,24876,1280,1
317,10,L1,128,35481,35962,24877,24885,1280,1
320,10,L1,128,35483,35964,24886,24894,1280,1
323,10,L1,128,35485,35966,24895,24903,1280,1
326,10,L1,128,35487,35968,24904,24912,1280,1
329,10,L1,128,35489,35970,24913,24921,1280,1
332,10,L1,128,35491,35972,24922,24930,1280,1
335,10,L1,128,35493,35974,24931,24939,1280,1
338,10,L1,128,35495,35976,24940,24948,1280,1
341,10,L1,128,35497,35978,24949,24957,1280,1
344,10,L1,128,35499,35980,24958,24966,1280,1
347,10,L1,128,35501,35982,24967,24975,1280,1
350,10,L1,128,35503,35984,24976,24984,1280,1
353,10,L1,128,35505,35986,24985,24993,1280,1
356,10,L1,128,35507,35988,24994,25004,1280,1
360,10,L1,128,35509,35990,25005,25014,1280,1
363,10,L1,128,35511,35992,25015,25023,1280,1
366,10,L1,128,35513,35994,25024,25032,1280,1
369,10,L1,128,35515,35996,25033,25041,1280,1
372,10,L1,128,35517,35998,25042,25050,1280,1
375,10,L1,128,35519,36000,25051,25059,1280,1
378,10,L1,128,35521,36002,25060,25068,1280,1
381,10,L1,128,35523,36004,25069,25077,1280,1
384,10,L1,128,35525,36006,25078,25086,1280,1
387,10,L1,128,35527,36008,25087,25095,1280,1
390,10,L1,128,35529,36010,25096,25104,1280,1
393,10,L1,128,35531,36012,25105,25113,1280,1
396,10,L1,128,35533,36014,25114,25122,1280,1
399,10,L1,128,35535,36016,25123,25131,1280,1
402,10,L1,128,35537,36018,25132,25140,1280,1
405,10,L1,128,35539,36020,25141,25151,1280,1
409,10,L1,128,35541,36022,25152,25161,1280,1
412,10,L1,128,35543,36024,25162,25170,1280,1
415,10,L1,128,35545,36026,25171,25179,1280,1
418,10,L1,128,35547,36028,25180,25188,1280,1
421,10,L1,128,35549,36030,25189,25197,1280,1
424,10,L1,128,35551,36032,25198,25206,1280,1
427,10,L1,128,35553,36034,25207,25215,1280,1
430,10,L1,128,35555,36036,25216,25224,1280,1
433,10,L1,128,35557,36038,25225,25233,1280,1
436,10,L1,128,35559,36040,25234,25242,1280,1
439,10,L1,128,35561,36042,25243,25251,1280,1
442,10,L1,128,35563,36044,25252,25260,1280,1
445,10,L1,128,35565,36046,25261,25269,1280,1
448,10,L1,128,35567,36048,25270,25278,1280,1
451,10,L1,128,35569,36050,25279,25287,1280,1
454,10,L1,128,35571,36052,25288,25298,1280,1
458,10,L1,128,35573,36054,25299,25308,1280,1
461,10,L1,128,35575,36056,25309,25317,1280,1
464,10,L1,128,35577,36058,25318,25326,1280,1
467,10,L1,128,35579,36060,25327,25335,1280,1
470,10,L1,128,35581,36062,25336,25344,1280,1
473,10,L1,128,35583,36064,25345,25353,1280,1
476,10,L1,128,35585,36066,25354,25362,1280,1
479,10,L1,128,35587,36068,25363,25371,1280,1
482,10,L1,128,35589,36070,25372,25380,1280,1
485,10,L1,128,35591,36072,25381,25389,1280,1
488,10,L1,128,35593,36074,25390,25398,1280,1
491,10,L1,128,35595,36076,25399,25407,1280,1
494,10,L1,128,35597,36078,25408,25416,1280,1
497,10,L1,128,35599,36080,25417,25425,1280,1
500,10,L1,128,35601,36082,25426,25434,1280,1
503,10,L1,128,35603,36084,25435,25445,1280,1
507,10,L1,128,35605,36086,25446,25455,1280,1
510,10,L1,128,35607,36088,25456,25464,1280,1
513,10,L1,128,35609,36090,25465,25473,1280,1
516,10,L1,128,35611,36092,25474,25482,1280,1
519,10,L1,128,35613,36094,25483,25491,1280,1
522,10,L1,128,35615,36096,25492,25500,1280,1
525,10,L1,128,35617,36098,25501,25509,1280,1
528,10,L1,128,35619,36100,25510,25518,1280,1
531,10,L1,128,35621,36102,25519,25527,1280,1
534,10,L1,128,35623,36104,25528,25536,1280,1
537,10,L1,128,35625,36106,25537,25545,1280,1
540,10,L1,128,35627,36108,25546,25554,1280,1
543,10,L1,128,35629,36110,25555,25563,1280,1
546,10,L1,128,35631,36112,25564,25572,1280,1
549,10,L1,128,35633,36114,25573,25581,1280,1
552,10,L1,128,35635,36116,25582,25592,1280,1
556,10,L1,128,35637,36118,25593,25602,1280,1
559,10,L1,128,35639,36120,25603,25611,1280,1
562,10,L1,128,35641,36122,25612,25620,1280,1
565,10,L1,128,35643,36124,25621,25629,1280,1
568,10,L1,128,35645,36126,25630,25638,1280,1
571,10,L1,128,35647,36128,25639,25647,1280,1
574,10,L1,128,35649,36130,25648,25656,1280,1
577,10,L1,128,35651,36132,25657,25665,1280,1
580,10,L1,128,35653,36134,25666,25674,1280,1
583,10,L1,128,35655,36136,25675,25683,1280,1
586,10,L1,128,35657,36138,25684,25692,1280,1
589,10,L1,128,35659,36140,25693,25701,1280,1
592,10,L1,128,35661,36142,25702,25710,1280,1
595,10,L1,128,35663,36144,25711,25719,1280,1
598,10,L1,128,35665,36146,25720,25728,1280,1
601,10,L1,128,35667,36148,25729,25739,1280,1
605,10,L1,128,35669,36150,25740,25749,1280,1
608,10,L1,128,35671,36152,25750,25758,1280,1
611,10,L1,128,35673,36154,25759,25767,1280,1
614,10,L1,128,35675,36156,25768,25776,1280,1
617,10,L1,128,35677,36158,25777,25785,1280,1
620,10,L1,128,35679,36160,25786,25794,1280,1
623,10,L1,128,35681,36162,25795,25803,1280,1
626,10,L1,128,35683,36164,25804,25812,1280,1
629,10,L1,128,35685,36166,25813,25821,1280,1
632,10,L1,128,35687,36168,25822,25830,1280,1
635,10,L1,128,35689,36170,25831,25839,1280,1
638,10,L1,128,35691,36172,25840,25848,1280,1
641,10,L1,128,35693,36174,25849,25857,1280,1
644,10,L1,128,35695,36176,25858,25866,1280,1
647,10,L1,128,35697,36178,25867,25875,1280,1
650,10,L1,128,35699,36180,25876,25886,1280,1
654,10,L1,128,35701,36182,25887,25896,1280,1
657,10,L1,128,35703,36184,25897,25905,1280,1
660,10,L1,128,35705,36186,25906,25914,1280,1
663,10,L1,128,35707,36188,25915,25923,1280,1
666,10,L1,128,35709,36190,25924,25932,1280,1
669,10,L1,128,35711,36192,25933,25941,1280,1
672,10,L1,128,35713,36194,25942,25950,1280,1
675,10,L1,128,35715,36196,25951,25959,1280,1
678,10,L1,128,35717,36198,25960,25968,1280,1
681,10,L1,128,35719,36200,25969,25977,1280,1
684,10,L1,128,35721,36202,25978,25986,1280,1
687,10,L1,128,35723,36204,25987,25995,1280,1
690,10,L1,128,35725,36206,25996,26004,1280,1
693,10,L1,128,35727,36208,26005,26013,1280,1
696,10,L1,128,35729,36210,26014,26022,1280,1
699,10,L1,128,35731,36212,26023,26033,1280,1
703,10,L1,128,35733,36214,26034,26043,1280,1
706,10,L1,128,35735,36216,26044,26052,1280,1
709,10,L1,128,35737,36218,26053,26061,1280,1
712,10,L1,128,35739,36220,26062,26070,1280,1
715,10,L1,128,35741,36222,26071,26079,1280,1
718,10,L1,128,35743,22734,26080,37927,1280,1
767,1,L1,128,35797,36274,26202,26476,2688,1
770,2,L1,128,35793,36270,26211,26464,2176,1
773,3,L1,128,35789,36266,26220,26452,1664,1
776,4,L1,128,35785,36262,26229,26440,1152,1
779,5,L1,128,35781,36258,26238,26428,640,1
782,6,L1,128,35777,36254,26247,26416,384,1
785,7,L1,128,35773,36250,26256,26404,128,1
788,8,L1,128,35769,36246,26265,26392,896,1
791,9,L1,128,35765,36242,26274,26380,1408,1
794,10,L1,128,35761,36238,26283,26368,1920,1
797,10,L1,128,35757,36234,26292,26356,2432,1
2,10,L1,128,35753,36230,26300,26344,2944,1
6241,0,L1,128,15297,28257,26302,28527,3200,0
6,10,L1,128,35749,36226,26311,26332,3456,1
6244,0,L1,128,15304,28260,26313,28536,3712,0
10,10,L1,128,35745,36224,26321,26323,3840,1
6247,0,L1,128,15311,28263,26324,28544,3840,0
14,10,L1,128,35747,36228,26333,26335,3456,1
6250,0,L1,128,15318,28266,26336,28552,3456,0
18,10,L1,128,35751,36232,26345,26347,2944,1
6253,0,L1,128,15325,28269,26348,28560,2944,0
22,10,L1,128,35755,36236,26357,26359,2432,1
6256,0,L1,128,15332,28272,26360,28569,2432,0
26,10,L1,128,35759,36240,26369,26371,1920,1
6259,0,L1,128,15339,28275,26372,28578,1920,0
30,10,L1,128,35763,36244,26381,26383,1408,1
6262,0,L1,128,15346,28278,26384,28587,1408,0
34,10,L1,128,35767,36248,26393,26395,896,1
6265,0,L1,128,15353,28281,26396,28596,896,0
38,10,L1,128,35771,36252,26405,26407,128,1
6268,0,L1,128,15360,28284,26408,28605,128,0
42,10,L1,128,35775,36256,26417,26419,384,1
6271,0,L1,128,15367,28287,26420,28614,384,0
46,10,L1,128,35779,36260,26429,26431,640,1
6274,0,L1,128,15374,28290,26432,28623,640,0
50,10,L1,128,35783,36264,26441,26443,1152,1
6277,0,L1,128,15381,28293,26444,28632,1152,0
54,10,L1,128,35787,36268,26453,26455,1664,1
6280,0,L1,128,15388,28296,26456,28641,1664,0
58,10,L1,128,35791,36272,26465,26467,2176,1
6283,0,L1,128,15395,28299,26468,28650,2176,0
62,11,L1,128,35795,36276,26477,26479,2688,1
6286,0,L1,128,15402,28302,26480,28659,2688,0
66,11,L1,128,35799,36280,26493,26502,1024,1
69,11,L1,128,35801,36282,26503,26511,1024,1
72,11,L1,128,35803,36284,26512,26520,1024,1
75,11,L1,128,35805,36286,26521,26529,1024,1
78,11,L1,128,35807,36288,26530,26538,1024,1
81,11,L1,128,35809,36290,26539,26547,1024,1
84,11,L1,128,35811,36292,26548,26556,1024,1
87,11,L1,128,35813,36294,26557,26565,1024,1
90,11,L1,128,35815,36296,26566,26574,1024,1
93,11,L1,128,35817,36298,26575,26583,1024,1
96,11,L1,128,35819,36300,26584,26592,1024,1
99,11,L1,128,35821,36302,26593,26601,1024,1
102,11,L1,128,35823,36304,26602,26610,1024,1
105,11,L1,128,35825,36306,26611,26619,1024,1
108,11,L1,128,35827,36308,26620,26628,1024,1
111,11,L1,128,35829,36310,26629,26639,1024,1
115,11,L1,128,35831,36312,26640,26649,1024,1
118,11,L1,128,35833,36314,26650,26658,1024,1
121,11,L1,128,35835,36316,26659,26667,1024,1
124,11,L1,128,35837,36318,26668,26676,1024,1
127,11,L1,128,35839,36320,26677,26685,1024,1
130,11,L1,128,35841,36322,26686,26694,1024,1
133,11,L1,128,35843,36324,26695,26703,1024,1
136,11,L1,128,35845,36326,26704,26712,1024,1
139,11,L1,128,35847,36328,26713,26721,1024,1
142,11,L1,128,35849,36330,26722,26730,1024,1
145,11,L1,128,35851,36332,26731,26739,1024,1
148,11,L1,128,35853,36334,26740,26748,1024,1
151,11,L1,128,35855,36336,26749,26757,1024,1
154,11,L1,128,35857,36338,26758,26766,1024,1
157,11,L1,128,35859,36340,26767,26775,1024,1
160,11,L1,128,35861,36342,26776,26786,1024,1
164,11,L1,128,35863,36344,26787,26796,1024,1
167,11,L1,128,35865,36346,26797,26805,1024,1
170,11,L1,128,35867,36348,26806,26814,1024,1
173,11,L1,128,35869,36350,26815,26823,1024,1
176,11,L1,128,35871,36352,26824,26832,1024,1
179,11,L1,128,35873,36354,26833,26841,1024,1
182,11,L1,128,35875,36356,26842,26850,1024,1
185,11,L1,128,35877,36358,26851,26859,1024,1
188,11,L1,128,35879,36360,26860,26868,1024,1
191,11,L1,128,35881,36362,26869,26877,1024,1
194,11,L1,128,35883,36364,26878,26886,1024,1
197,11,L1,128,35885,36366,26887,26895,1024,1
200,11,L1,128,35887,36368,26896,26904,1024,1
203,11,L1,128,35889,36370,26905,26913,1024,1
206,11,L1,128,35891,36372,26914,26922,1024,1
209,11,L1,128,35893,36374,26923,26933,1024,1
213,11,L1,128,35895,36376,26934,26943,1024,1
216,11,L1,128,35897,36378,26944,26952,1024,1
219,11,L1,128,35899,36380,26953,26961,1024,1
222,11,L1,128,35901,36382,26962,26970,1024,1
225,11,L1,128,35903,36384,26971,26979,1024,1
228,11,L1,128,35905,36386,26980,26988,1024,1
231,11,L1,128,35907,36388,26989,26997,1024,1
234,11,L1,128,35909,36390,26998,27006,1024,1
237,11,L1,128,35911,36392,27007,27015,1024,1
240,11,L1,128,35913,36394,27016,27024,1024,1
243,11,L1,128,35915,36396,27025,27033,1024,1
246,11,L1,128,35917,36398,27034,27042,1024,1
249,11,L1,128,35919,36400,27043,27051,1024,1
252,11,L1,128,35921,36402,27052,27060,1024,1
255,11,L1,128,35923,36404,27061,27069,1024,1
258,11,L1,128,35925,36406,27070,27080,1024,1
262,11,L1,128,35927,36408,27081,27090,1024,1
265,11,L1,128,35929,36410,27091,27099,1024,1
268,11,L1,128,35931,36412,27100,27108,1024,1
271,11,L1,128,35933,36414,27109,27117,1024,1
274,11,L1,128,35935,36416,27118,27126,1024,1
277,11,L1,128,35937,36418,27127,27135,1024,1
280,11,L1,128,35939,36420,27136,27144,1024,1
283,11,L1,128,35941,36422,27145,27153,1024,1
286,11,L1,128,35943,36424,27154,27162,1024,1
289,11,L1,128,35945,36426,27163,27171,1024,1
292,11,L1,128,35947,36428,27172,27180,1024,1
295,11,L1,128,35949,36430,27181,27189,1024,1
298,11,L1,128,35951,36432,27190,27198,1024,1
301,11,L1,128,35953,36434,27199,27207,1024,1
304,11,L1,128,35955,36436,27208,27216,1024,1
307,11,L1,128,35957,36438,27217,27227,1024,1
311,11,L1,128,35959,36440,27228,27237,1024,1
314,11,L1,128,35961,36442,27238,27246,1024,1
317,11,L1,128,35963,36444,27247,27255,1024,1
320,11,L1,128,35965,36446,27256,27264,1024,1
323,11,L1,128,35967,36448,27265,27273,1024,1
326,11,L1,128,35969,36450,27274,27282,1024,1
329,11,L1,128,35971,36452,27283,27291,1024,1
332,11,L1,128,35973,36454,27292,27300,1024,1
335,11,L1,128,35975,36456,27301,27309,1024,1
338,11,L1,128,35977,36458,27310,27318,1024,1
341,11,L1,128,35979,36460,27319,27327,1024,1
344,11,L1,128,35981,36462,27328,27336,1024,1
347,11,L1,128,35983,36464,27337,27345,1024,1
350,11,L1,128,35985,36466,27346,27354,1024,1
353,11,L1,128,35987,36468,27355,27363,1024,1
356,11,L1,128,35989,36470,27364,27374,1024,1
360,11,L1,128,35991,36472,27375,27384,1024,1
363,11,L1,128,35993,36474,27385,27393,1024,1
366,11,L1,128,35995,36476,27394,27402,1024,1
369,11,L1,128,35997,36478,27403,27411,1024,1
372,11,L1,128,35999,36480,27412,27420,1024,1
375,11,L1,128,36001,36482,27421,27429,1024,1
378,11,L1,128,36003,36484,27430,27438,1024,1
381,11,L1,128,36005,36486,27439,27447,1024,1
384,11,L1,128,36007,36488,27448,27456,1024,1
387,11,L1,128,36009,36490,27457,27465,1024,1
390,11,L1,128,36011,36492,27466,27474,1024,1
393,11,L1,128,36013,36494,27475,27483,1024,1
396,11,L1,128,36015,36496,27484,27492,1024,1
399,11,L1,128,36017,36498,27493,27501,1024,1
402,11,L1,128,36019,36500,27502,27510,1024,1
405,11,L1,128,36021,36502,27511,27521,1024,1
409,11,L1,128,36023,36504,27522,27531,1024,1
412,11,L1,128,36025,36506,27532,27540,1024,1
415,11,L1,128,36027,36508,27541,27549,1024,1
418,11,L1,128,36029,36510,27550,27558,1024,1
421,11,L1,128,36031,36512,27559,27567,1024,1
424,11,L1,128,36033,36514,27568,27576,1024,1
427,11,L1,128,36035,36516,27577,27585,1024,1
430,11,L1,128,36037,36518,27586,27594,1024,1
433,11,L1,128,36039,36520,27595,27603,1024,1
436,11,L1,128,36041,36522,27604,27612,1024,1
439,11,L1,128,36043,36524,27613,27621,1024,1
442,11,L1,128,36045,36526,27622,27630,1024,1
445,11,L1,128,36047,36528,27631,27639,1024,1
448,11,L1,128,36049,36530,27640,27648,1024,1
451,11,L1,128,36051,36532,27649,27657,1024,1
454,11,L1,128,36053,36534,27658,27668,1024,1
458,11,L1,128,36055,36536,27669,27678,1024,1
461,11,L1,128,36057,36538,27679,27687,1024,1
464,11,L1,128,36059,36540,27688,27696,1024,1
467,11,L1,128,36061,36542,27697,27705,1024,1
470,11,L1,128,36063,36544,27706,27714,1024,1
473,11,L1,128,36065,36546,27715,27723,1024,1
476,11,L1,128,36067,36548,27724,27732,1024,1
479,11,L1,128,36069,36550,27733,27741,1024,1
482,11,L1,128,36071,36552,27742,27750,1024,1
485,11,L1,128,36073,36554,27751,27759,1024,1
488,11,L1,128,36075,36556,27760,27768,1024,1
491,11,L1,128,36077,36558,27769,27777,1024,1
494,11,L1,128,36079,36560,27778,27786,1024,1
497,11,L1,128,36081,36562,27787,27795,1024,1
500,11,L1,128,36083,36564,27796,27804,1024,1
503,11,L1,128,36085,36566,27805,27815,1024,1
507,11,L1,128,36087,36568,27816,27825,1024,1
510,11,L1,128,36089,36570,27826,27834,1024,1
513,11,L1,128,36091,36572,27835,27843,1024,1
516,11,L1,128,36093,36574,27844,27852,1024,1
519,11,L1,128,36095,36576,27853,27861,1024,1
522,11,L1,128,36097,36578,27862,27870,1024,1
525,11,L1,128,36099,36580,27871,27879,1024,1
528,11,L1,128,36101,36582,27880,27888,1024,1
531,11,L1,128,36103,36584,27889,27897,1024,1
534,11,L1,128,36105,36586,27898,27906,1024,1
537,11,L1,128,36107,36588,27907,27915,1024,1
540,11,L1,128,36109,36590,27916,27924,1024,1
543,11,L1,128,36111,36592,27925,27933,1024,1
546,11,L1,128,36113,36594,27934,27942,1024,1
549,11,L1,128,36115,36596,27943,27951,1024,1
552,11,L1,128,36117,36598,27952,27962,1024,1
556,11,L1,128,36119,36600,27963,27972,1024,1
559,11,L1,128,36121,36602,27973,27981,1024,1
562,11,L1,128,36123,36604,27982,27990,1024,1
565,11,L1,128,36125,36606,27991,27999,1024,1
568,11,L1,128,36127,36608,28000,28008,1024,1
571,11,L1,128,36129,36610,28009,28017,1024,1
574,11,L1,128,36131,36612,28018,28026,1024,1
577,11,L1,128,36133,36614,28027,28035,1024,1
580,11,L1,128,36135,36616,28036,28044,1024,1
583,11,L1,128,36137,36618,28045,28053,1024,1
586,11,L1,128,36139,36620,28054,28062,1024,1
589,11,L1,128,36141,36622,28063,28071,1024,1
592,11,L1,128,36143,36624,28072,28080,1024,1
595,11,L1,128,36145,36626,28081,28089,1024,1
598,11,L1,128,36147,36628,28090,28098,1024,1
601,11,L1,128,36149,36630,28099,28109,1024,1
605,11,L1,128,36151,36632,28110,28119,1024,1
608,11,L1,128,36153,36634,28120,28128,1024,1
611,11,L1,128,36155,36636,28129,28137,1024,1
614,11,L1,128,36157,36638,28138,28146,1024,1
617,11,L1,128,36159,36640,28147,28155,1024,1
620,11,L1,128,36161,36642,28156,28164,1024,1
623,11,L1,128,36163,36644,28165,28173,1024,1
626,11,L1,128,36165,36646,28174,28182,1024,1
629,11,L1,128,36167,36648,28183,28191,1024,1
632,11,L1,128,36169,36650,28192,28200,1024,1
635,11,L1,128,36171,36652,28201,28209,1024,1
638,11,L1,128,36173,36654,28210,28218,1024,1
641,11,L1,128,36175,36656,28219,28227,1024,1
644,11,L1,128,36177,36658,28228,28236,1024,1
647,11,L1,128,36179,36660,28237,28245,1024,1
650,11,L1,128,36181,36662,28246,28256,1024,1
654,11,L1,128,36183,36664,28257,28266,1024,1
657,11,L1,128,36185,36666,28267,28275,1024,1
660,11,L1,128,36187,36668,28276,28284,1024,1
663,11,L1,128,36189,36670,28285,28293,1024,1
666,11,L1,128,36191,36672,28294,28302,1024,1
669,11,L1,128,36193,36674,28303,28311,1024,1
672,11,L1,128,36195,36676,28312,28320,1024,1
675,11,L1,128,36197,36678,28321,28329,1024,1
678,11,L1,128,36199,36680,28330,28338,1024,1
681,11,L1,128,36201,36682,28339,28347,1024,1
684,11,L1,128,36203,36684,28348,28356,1024,1
687,11,L1,128,36205,36686,28357,28365,1024,1
690,11,L1,128,36207,36688,28366,28374,1024,1
693,11,L1,128,36209,36690,28375,28383,1024,1
696,11,L1,128,36211,36692,28384,28392,1024,1
699,11,L1,128,36213,36694,28393,28403,1024,1
703,11,L1,128,36215,36696,28404,28413,1024,1
706,11,L1,128,36217,36698,28414,28422,1024,1
709,11,L1,128,36219,36700,28423,28431,1024,1
712,11,L1,128,36221,36702,28432,28440,1024,1
715,11,L1,128,36223,22731,28441,37919,1024,1
764,1,L1,128,36279,36756,28562,28846,2944,1
767,2,L1,128,36275,36752,28571,28834,2432,1
770,3,L1,128,36271,36748,28580,28822,1920,1
773,4,L1,128,36267,36744,28589,28810,1408,1
776,5,L1,128,36263,36740,28598,28798,896,1
779,6,L1,128,36259,36736,28607,28786,128,1
782,7,L1,128,36255,36732,28616,28774,384,1
785,8,L1,128,36251,36728,28625,28762,640,1
788,9,L1,128,36247,36724,28634,28750,1152,1
791,10,L1,128,36243,36720,28643,28738,1664,1
794,11,L1,128,36239,36716,28652,28726,2176,1
797,11,L1,128,36235,36712,28661,28714,2688,1
2,11,L1,128,36231,36708,28669,28702,3200,1
6785,0,L1,128,16641,28801,28671,30895,3456,0
6,11,L1,128,36227,36704,28680,28690,3712,1
6788,0,L1,128,16648,28804,28682,30904,3840,0
10,11,L1,128,36225,36706,28691,28693,3712,1
6791,0,L1,128,16655,28807,28694,30912,3712,0
14,11,L1,128,36229,36710,28703,28705,3200,1
6794,0,L1,128,16662,28810,28706,30920,3200,0
18,11,L1,128,36233,36714,28715,28717,2688,1
6797,0,L1,128,16669,28813,28718,30929,2688,0
22,11,L1,128,36237,36718,28727,28729,2176,1
6800,0,L1,128,16676,28816,28730,30938,2176,0
26,11,L1,128,36241,36722,28739,28741,1664,1
6803,0,L1,128,16683,28819,28742,30947,1664,0
30,11,L1,128,36245,36726,28751,28753,1152,1
6806,0,L1,128,16690,28822,28754,30956,1152,0
34,11,L1,128,36249,36730,28763,28765,640,1
6809,0,L1,128,16697,28825,28766,30965,640,0
38,11,L1,128,36253,36734,28775,28777,384,1
6812,0,L1,128,16704,28828,28778,30974,384,0
42,11,L1,128,36257,36738,28787,28789,128,1
6815,0,L1,128,16711,28831,28790,30983,128,0
46,11,L1,128,36261,36742,28799,28801,896,1
6818,0,L1,128,16718,28834,28802,30992,896,0
50,11,L1,128,36265,36746,28811,28813,1408,1
6821,0,L1,128,16725,28837,28814,31001,1408,0
54,11,L1,128,36269,36750,28823,28825,1920,1
6824,0,L1,128,16732,28840,28826,31010,1920,0
58,11,L1,128,36273,36754,28835,28837,2432,1
6827,0,L1,128,16739,28843,28838,31019,2432,0
62,12,L1,128,36277,36758,28847,28849,2944,1
6830,0,L1,128,16746,28846,28850,31028,2944,0
66,12,L1,128,36281,36762,28863,28872,768,1
69,12,L1,128,36283,36764,28873,28881,768,1
72,12,L1,128,36285,36766,28882,28890,768,1
75,12,L1,128,36287,36768,28891,28899,768,1
78,12,L1,128,36289,36770,28900,28908,768,1
81,12,L1,128,36291,36772,28909,28917,768,1
84,12,L1,128,36293,36774,28918,28926,768,1
87,12,L1,128,36295,36776,28927,28935,768,1
90,12,L1,128,36297,36778,28936,28944,768,1
93,12,L1,128,36299,36780,28945,28953,768,1
96,12,L1,128,36301,36782,28954,28962,768,1
99,12,L1,128,36303,36784,28963,28971,768,1
102,12,L1,128,36305,36786,28972,28980,768,1
105,12,L1,128,36307,36788,28981,28989,768,1
108,12,L1,128,36309,36790,28990,28998,768,1
111,12,L1,128,36311,36792,28999,29009,768,1
115,12,L1,128,36313,36794,29010,29019,768,1
118,12,L1,128,36315,36796,29020,29028,768,1
121,12,L1,128,36317,36798,29029,29037,768,1
124,12,L1,128,36319,36800,29038,29046,768,1
127,12,L1,128,36321,36802,29047,29055,768,1
130,12,L1,128,36323,36804,29056,29064,768,1
133,12,L1,128,36325,36806,29065,29073,768,1
136,12,L1,128,36327,36808,29074,29082,768,1
139,12,L1,128,36329,36810,29083,29091,768,1
142,12,L1,128,36331,36812,29092,29100,768,1
145,12,L1,128,36333,36814,29101,29109,768,1
148,12,L1,128,36335,36816,29110,29118,768,1
151,12,L1,128,36337,36818,29119,29127,768,1
154,12,L1,128,36339,36820,29128,29136,768,1
157,12,L1,128,36341,36822,29137,29145,768,1
160,12,L1,128,36343,36824,29146,29156,768,1
164,12,L1,128,36345,36826,29157,29166,768,1
167,12,L1,128,36347,36828,29167,29175,768,1
170,12,L1,128,36349,36830,29176,29184,768,1
173,12,L1,128,36351,36832,29185,29193,768,1
176,12,L1,128,36353,36834,29194,29202,768,1
179,12,L1,128,36355,36836,29203,29211,768,1
182,12,L1,128,36357,36838,29212,29220,768,1
185,12,L1,128,36359,36840,29221,29229,768,1
188,12,L1,128,36361,36842,29230,29238,768,1
191,12,L1,128,36363,36844,29239,29247,768,1
194,12,L1,128,36365,36846,29248,29256,768,1
197,12,L1,128,36367,36848,29257,29265,768,1
200,12,L1,128,36369,36850,29266,29274,768,1
203,12,L1,128,36371,36852,29275,29283,768,1
206,12,L1,128,36373,36854,29284,29292,768,1
209,12,L1,128,36375,36856,29293,29303,768,1
213,12,L1,128,36377,36858,29304,29313,768,1
216,12,L1,128,36379,36860,29314,29322,768,1
219,12,L1,128,36381,36862,29323,29331,768,1
222,12,L1,128,36383,36864,29332,29340,768,1
225,12,L1,128,36385,36866,29341,29349,768,1
228,12,L1,128,36387,36868,29350,29358,768,1
231,12,L1,128,36389,36870,29359,29367,768,1
234,12,L1,128,36391,36872,29368,29376,768,1
237,12,L1,128,36393,36874,29377,29385,768,1
240,12,L1,128,36395,36876,29386,29394,768,1
243,12,L1,128,36397,36878,29395,29403,768,1
246,12,L1,128,36399,36880,29404,29412,768,1
249,12,L1,128,36401,36882,29413,29421,768,1
252,12,L1,128,36403,36884,29422,29430,768,1
255,12,L1,128,36405,36886,29431,29439,768,1
258,12,L1,128,36407,36888,29440,29450,768,1
262,12,L1,128,36409,36890,29451,29460,768,1
265,12,L1,128,36411,36892,29461,29469,768,1
268,12,L1,128,36413,36894,29470,29478,768,1
271,12,L1,128,36415,36896,29479,29487,768,1
274,12,L1,128,36417,36898,29488,29496,768,1
277,12,L1,128,36419,36900,29497,29505,768,1
280,12,L1,128,36421,36902,29506,29514,768,1
283,12,L1,128,36423,36904,29515,29523,768,1
286,12,L1,128,36425,36906,29524,29532,768,1
289,12,L1,128,36427,36908,29533,29541,768,1
292,12,L1,128,36429,36910,29542,29550,768,1
295,12,L1,128,36431,36912,29551,29559,768,1
298,12,L1,128,36433,36914,29560,29568,768,1
301,12,L1,128,36435,36916,29569,29577,768,1
304,12,L1,128,36437,36918,29578,29586,768,1
307,12,L1,128,36439,36920,29587,29597,768,1
311,12,L1,128,36441,36922,29598,29607,768,1
314,12,L1,128,36443,36924,29608,29616,768,1
317,12,L1,128,36445,36926,29617,29625,768,1
320,12,L1,128,36447,36928,29626,29634,768,1
323,12,L1,128,36449,36930,29635,29643,768,1
326,12,L1,128,36451,36932,29644,29652,768,1
329,12,L1,128,36453,36934,29653,29661,768,1
332,12,L1,128,36455,36936,29662,29670,768,1
335,12,L1,128,36457,36938,29671,29679,768,1
338,12,L1,128,36459,36940,29680,29688,768,1
341,12,L1,128,36461,36942,29689,29697,768,1
344,12,L1,128,36463,36944,29698,29706,768,1
347,12,L1,128,36465,36946,29707,29715,768,1
350,12,L1,128,36467,36948,29716,29724,768,1
353,12,L1,128,36469,36950,29725,29733,768,1
356,12,L1,128,36471,36952,29734,29744,768,1
360,12,L1,128,36473,36954,29745,29754,768,1
363,12,L1,128,36475,36956,29755,29763,768,1
366,12,L1,128,36477,36958,29764,29772,768,1
369,12,L1,128,36479,36960,29773,29781,768,1
372,12,L1,128,36481,36962,29782,29790,768,1
375,12,L1,128,36483,36964,29791,29799,768,1
378,12,L1,128,36485,36966,29800,29808,768,1
381,12,L1,128,36487,36968,29809,29817,768,1
384,12,L1,128,36489,36970,29818,29826,768,1
387,12,L1,128,36491,36972,29827,29835,768,1
390,12,L1,128,36493,36974,29836,29844,768,1
393,12,L1,128,36495,36976,29845,29853,768,1
396,12,L1,128,36497,36978,29854,29862,768,1
399,12,L1,128,36499,36980,29863,29871,768,1
402,12,L1,128,36501,36982,29872,29880,768,1
405,12,L1,128,36503,36984,29881,29891,768,1
409,12,L1,128,36505,36986,29892,29901,768,1
412,12,L1,128,36507,36988,29902,29910,768,1
415,12,L1,128,36509,36990,29911,29919,768,1
418,12,L1,128,36511,36992,29920,29928,768,1
421,12,L1,128,36513,36994,29929,29937,768,1
424,12,L1,128,36515,36996,29938,29946,768,1
427,12,L1,128,36517,36998,29947,29955,768,1
430,12,L1,128,36519,37000,29956,29964,768,1
433,12,L1,128,36521,37002,29965,29973,768,1
436,12,L1,128,36523,37004,29974,29982,768,1
439,12,L1,128,36525,37006,29983,29991,768,1
442,12,L1,128,36527,37008,29992,30000,768,1
445,12,L1,128,36529,37010,30001,30009,768,1
448,12,L1,128,36531,37012,30010,30018,768,1
451,12,L1,128,36533,37014,30019,30027,768,1
454,12,L1,128,36535,37016,30028,30038,768,1
458,12,L1,128,36537,37018,30039,30048,768,1
461,12,L1,128,36539,37020,30049,30057,768,1
464,12,L1,128,36541,37022,30058,30066,768,1
467,12,L1,128,36543,37024,30067,30075,768,1
470,12,L1,128,36545,37026,30076,30084,768,1
473,12,L1,128,36547,37028,30085,30093,768,1
476,12,L1,128,36549,37030,30094,30102,768,1
479,12,L1,128,36551,37032,30103,30111,768,1
482,12,L1,128,36553,37034,30112,30120,768,1
485,12,L1,128,36555,37036,30121,30129,768,1
488,12,L1,128,36557,37038,30130,30138,768,1
491,12,L1,128,36559,37040,30139,30147,768,1
494,12,L1,128,36561,37042,30148,30156,768,1
497,12,L1,128,36563,37044,30157,30165,768,1
500,12,L1,128,36565,37046,30166,30174,768,1
503,12,L1,128,36567,37048,30175,30185,768,1
507,12,L1,128,36569,37050,30186,30195,768,1
510,12,L1,128,36571,37052,30196,30204,768,1
513,12,L1,128,36573,37054,30205,30213,768,1
516,12,L1,128,36575,37056,30214,30222,768,1
519,12,L1,128,36577,37058,30223,30231,768,1
522,12,L1,128,36579,37060,30232,30240,768,1
525,12,L1,128,36581,37062,30241,30249,768,1
528,12,L1,128,36583,37064,30250,30258,768,1
531,12,L1,128,36585,37066,30259,30267,768,1
534,12,L1,128,36587,37068,30268,30276,768,1
537,12,L1,128,36589,37070,30277,30285,768,1
540,12,L1,128,36591,37072,30286,30294,768,1
543,12,L1,128,36593,37074,30295,30303,768,1
546,12,L1,128,36595,37076,30304,30312,768,1
549,12,L1,128,36597,37078,30313,30321,768,1
552,12,L1,128,36599,37080,30322,30332,768,1
556,12,L1,128,36601,37082,30333,30342,768,1
559,12,L1,128,36603,37084,30343,30351,768,1
562,12,L1,128,36605,37086,30352,30360,768,1
565,12,L1,128,36607,37088,30361,30369,768,1
568,12,L1,128,36609,37090,30370,30378,768,1
571,12,L1,128,36611,37092,30379,30387,768,1
574,12,L1,128,36613,37094,30388,30396,768,1
577,12,L1,128,36615,37096,30397,30405,768,1
580,12,L1,128,36617,37098,30406,30414,768,1
583,12,L1,128,36619,37100,30415,30423,768,1
586,12,L1,128,36621,37102,30424,30432,768,1
589,12,L1,128,36623,37104,30433,30441,768,1
592,12,L1,128,36625,37106,30442,30450,768,1
595,12,L1,128,36627,37108,30451,30459,768,1
598,12,L1,128,36629,37110,30460,30468,768,1
601,12,L1,128,36631,37112,30469,30479,768,1
605,12,L1,128,36633,37114,30480,30489,768,1
608,12,L1,128,36635,37116,30490,30498,768,1
611,12,L1,128,36637,37118,30499,30507,768,1
614,12,L1,128,36639,37120,30508,30516,768,1
617,12,L1,128,36641,37122,30517,30525,768,1
620,12,L1,128,36643,37124,30526,30534,768,1
623,12,L1,128,36645,37126,30535,30543,768,1
626,12,L1,128,36647,37128,30544,30552,768,1
629,12,L1,128,36649,37130,30553,30561,768,1
632,12,L1,128,36651,37132,30562,30570,768,1
635,12,L1,128,36653,37134,30571,30579,768,1
638,12,L1,128,36655,37136,30580,30588,768,1
641,12,L1,128,36657,37138,30589,30597,768,1
644,12,L1,128,36659,37140,30598,30606,768,1
647,12,L1,128,36661,37142,30607,30615,768,1
650,12,L1,128,36663,37144,30616,30626,768,1
654,12,L1,128,36665,37146,30627,30636,768,1
657,12,L1,128,36667,37148,30637,30645,768,1
660,12,L1,128,36669,37150,30646,30654,768,1
663,12,L1,128,36671,37152,30655,30663,768,1
666,12,L1,128,36673,37154,30664,30672,768,1
669,12,L1,128,36675,37156,30673,30681,768,1
672,12,L1,128,36677,37158,30682,30690,768,1
675,12,L1,128,36679,37160,30691,30699,768,1
678,12,L1,128,36681,37162,30700,30708,768,1
681,12,L1,128,36683,37164,30709,30717,768,1
684,12,L1,128,36685,37166,30718,30726,768,1
687,12,L1,128,36687,37168,30727,30735,768,1
690,12,L1,128,36689,37170,30736,30744,768,1
693,12,L1,128,36691,37172,30745,30753,768,1
696,12,L1,128,36693,37174,30754,30762,768,1
699,12,L1,128,36695,37176,30763,30773,768,1
703,12,L1,128,36697,37178,30774,30783,768,1
706,12,L1,128,36699,37180,30784,30792,768,1
709,12,L1,128,36701,37182,30793,30801,768,1
712,12,L1,128,36703,22728,30802,37911,768,1
761,1,L1,128,36761,37238,30922,31216,3200,1
764,2,L1,128,36757,37234,30931,31204,2688,1
767,3,L1,128,36753,37230,30940,31192,2176,1
770,4,L1,128,36749,37226,30949,31180,1664,1
773,5,L1,128,36745,37222,30958,31168,1152,1
776,6,L1,128,36741,37218,30967,31156,640,1
779,7,L1,128,36737,37214,30976,31144,384,1
782,8,L1,128,36733,37210,30985,31132,128,1
785,9,L1,128,36729,37206,30994,31120,896,1
788,10,L1,128,36725,37202,31003,31108,1408,1
791,11,L1,128,36721,37198,31012,31096,1920,1
794,12,L1,128,36717,37194,31021,31084,2432,1
797,12,L1,128,36713,37190,31030,31072,2944,1
2,12,L1,128,36709,37186,31038,31060,3456,1
7329,0,L1,128,17985,29345,31040,33263,3712,0
6,12,L1,128,36705,37184,31049,31051,3840,1
7332,0,L1,128,17992,29348,31052,33272,3840,0
10,12,L1,128,36707,37188,31061,31063,3456,1
7335,0,L1,128,17999,29351,31064,33280,3456,0
14,12,L1,128,36711,37192,31073,31075,2944,1
7338,0,L1,128,18006,29354,31076,33289,2944,0
18,12,L1,128,36715,37196,31085,31087,2432,1
7341,0,L1,128,18013,29357,31088,33298,2432,0
22,12,L1,128,36719,37200,31097,31099,1920,1
7344,0,L1,128,18020,29360,31100,33307,1920,0
26,12,L1,128,36723,37204,31109,31111,1408,1
7347,0,L1,128,18027,29363,31112,33316,1408,0
30,12,L1,128,36727,37208,31121,31123,896,1
7350,0,L1,128,18034,29366,31124,33325,896,0
34,12,L1,128,36731,37212,31133,31135,128,1
7353,0,L1,128,18041,29369,31136,33334,128,0
38,12,L1,128,36735,37216,31145,31147,384,1
7356,0,L1,128,18048,29372,31148,33343,384,0
42,12,L1,128,36739,37220,31157,31159,640,1
7359,0,L1,128,18055,29375,31160,33352,640,0
46,12,L1,128,36743,37224,31169,31171,1152,1
7362,0,L1,128,18062,29378,31172,33361,1152,0
50,12,L1,128,36747,37228,31181,31183,1664,1
7365,0,L1,128,18069,29381,31184,33370,1664,0
54,12,L1,128,36751,37232,31193,31195,2176,1
7368,0,L1,128,18076,29384,31196,33379,2176,0
58,12,L1,128,36755,37236,31205,31207,2688,1
7371,0,L1,128,18083,29387,31208,33388,2688,0
62,13,L1,128,36759,37240,31217,31219,3200,1
7374,0,L1,128,18090,29390,31220,33397,3200,0
66,13,L1,128,36763,37244,31233,31242,512,1
69,13,L1,128,36765,37246,31243,31251,512,1
72,13,L1,128,36767,37248,31252,31260,512,1
75,13,L1,128,36769,37250,31261,31269,512,1
78,13,L1,128,36771,37252,31270,31278,512,1
81,13,L1,128,36773,37254,31279,31287,512,1
84,13,L1,128,36775,37256,31288,31296,512,1
87,13,L1,128,36777,37258,31297,31305,512,1
90,13,L1,128,36779,37260,31306,31314,512,1
93,13,L1,128,36781,37262,31315,31323,512,1
96,13,L1,128,36783,37264,31324,31332,512,1
99,13,L1,128,36785,37266,31333,31341,512,1
102,13,L1,128,36787,37268,31342,31350,512,1
105,13,L1,128,36789,37270,31351,31359,512,1
108,13,L1,128,36791,37272,31360,31368,512,1
111,13,L1,128,36793,37274,31369,31379,512,1
115,13,L1,128,36795,37276,31380,31389,512,1
118,13,L1,128,36797,37278,31390,31398,512,1
121,13,L1,128,36799,37280,31399,31407,512,1
124,13,L1,128,36801,37282,31408,31416,512,1
127,13,L1,128,36803,37284,31417,31425,512,1
130,13,L1,128,36805,37286,31426,31434,512,1
133,13,L1,128,36807,37288,31435,31443,512,1
136,13,L1,128,36809,37290,31444,31452,512,1
139,13,L1,128,36811,37292,31453,31461,512,1
142,13,L1,128,36813,37294,31462,31470,512,1
145,13,L1,128,36815,37296,31471,31479,512,1
148,13,L1,128,36817,37298,31480,31488,512,1
151,13,L1,128,36819,37300,31489,31497,512,1
154,13,L1,128,36821,37302,31498,31506,512,1
157,13,L1,128,36823,37304,31507,31515,512,1
160,13,L1,128,36825,37306,31516,31526,512,1
164,13,L1,128,36827,37308,31527,31536,512,1
167,13,L1,128,36829,37310,31537,31545,512,1
170,13,L1,128,36831,37312,31546,31554,512,1
173,13,L1,128,36833,37314,31555,31563,512,1
176,13,L1,128,36835,37316,31564,31572,512,1
179,13,L1,128,36837,37318,31573,31581,512,1
182,13,L1,128,36839,37320,31582,31590,512,1
185,13,L1,128,36841,37322,31591,31599,512,1
188,13,L1,128,36843,37324,31600,31608,512,1
191,13,L1,128,36845,37326,31609,31617,512,1
194,13,L1,128,36847,37328,31618,31626,512,1
197,13,L1,128,36849,37330,31627,31635,512,1
200,13,L1,128,36851,37332,31636,31644,512,1
203,13,L1,128,36853,37334,31645,31653,512,1
206,13,L1,128,36855,37336,31654,31662,512,1
209,13,L1,128,36857,37338,31663,31673,512,1
213,13,L1,128,36859,37340,31674,31683,512,1
216,13,L1,128,36861,37342,31684,31692,512,1
219,13,L1,128,36863,37344,31693,31701,512,1
222,13,L1,128,36865,37346,31702,31710,512,1
225,13,L1,128,36867,37348,31711,31719,512,1
228,13,L1,128,36869,37350,31720,31728,512,1
231,13,L1,128,36871,37352,31729,31737,512,1
234,13,L1,128,36873,37354,31738,31746,512,1
237,13,L1,128,36875,37356,31747,31755,512,1
240,13,L1,128,36877,37358,31756,31764,512,1
243,13,L1,128,36879,37360,31765,31773,512,1
246,13,L1,128,36881,37362,31774,31782,512,1
249,13,L1,128,36883,37364,31783,31791,512,1
252,13,L1,128,36885,37366,31792,31800,512,1
255,13,L1,128,36887,37368,31801,31809,512,1
258,13,L1,128,36889,37370,31810,31820,512,1
262,13,L1,128,36891,37372,31821,31830,512,1
265,13,L1,128,36893,37374,31831,31839,512,1
268,13,L1,128,36895,37376,31840,31848,512,1
271,13,L1,128,36897,37378,31849,31857,512,1
274,13,L1,128,36899,37380,31858,31866,512,1
277,13,L1,128,36901,37382,31867,31875,512,1
280,13,L1,128,36903,37384,31876,31884,512,1
283,13,L1,128,36905,37386,31885,31893,512,1
286,13,L1,128,36907,37388,31894,31902,512,1
289,13,L1,128,36909,37390,31903,31911,512,1
292,13,L1,128,36911,37392,31912,31920,512,1
295,13,L1,128,36913,37394,31921,31929,512,1
298,13,L1,128,36915,37396,31930,31938,512,1
301,13,L1,128,36917,37398,31939,31947,512,1
304,13,L1,128,36919,37400,31948,31956,512,1
307,13,L1,128,36921,37402,31957,31967,512,1
311,13,L1,128,36923,37404,31968,31977,512,1
314,13,L1,128,36925,37406,31978,31986,512,1
317,13,L1,128,36927,37408,31987,31995,512,1
320,13,L1,128,36929,37410,31996,32004,512,1
323,13,L1,128,36931,37412,32005,32013,512,1
326,13,L1,128,36933,37414,32014,32022,512,1
329,13,L1,128,36935,37416,32023,32031,512,1
332,13,L1,128,36937,37418,32032,32040,512,1
335,13,L1,128,36939,37420,32041,32049,512,1
338,13,L1,128,36941,37422,32050,32058,512,1
341,13,L1,128,36943,37424,32059,32067,512,1
344,13,L1,128,36945,37426,32068,32076,512,1
347,13,L1,128,36947,37428,32077,32085,512,1
350,13,L1,128,36949,37430,32086,32094,512,1
353,13,L1,128,36951,37432,32095,32103,512,1
356,13,L1,128,36953,37434,32104,32114,512,1
360,13,L1,128,36955,37436,32115,32124,512,1
363,13,L1,128,36957,37438,32125,32133,512,1
366,13,L1,128,36959,37440,32134,32142,512,1
369,13,L1,128,36961,37442,32143,32151,512,1
372,13,L1,128,36963,37444,32152,32160,512,1
375,13,L1,128,36965,37446,32161,32169,512,1
378,13,L1,128,36967,37448,32170,32178,512,1
381,13,L1,128,36969,37450,32179,32187,512,1
384,13,L1,128,36971,37452,32188,32196,512,1
387,13,L1,128,36973,37454,32197,32205,512,1
390,13,L1,128,36975,37456,32206,32214,512,1
393,13,L1,128,36977,37458,32215,32223,512,1
396,13,L1,128,36979,37460,32224,32232,512,1
399,13,L1,128,36981,37462,32233,32241,512,1
402,13,L1,128,36983,37464,32242,32250,512,1
405,13,L1,128,36985,37466,32251,32261,512,1
409,13,L1,128,36987,37468,32262,32271,512,1
412,13,L1,128,36989,37470,32272,32280,512,1
415,13,L1,128,36991,37472,32281,32289,512,1
418,13,L1,128,36993,37474,32290,32298,512,1
421,13,L1,128,36995,37476,32299,32307,512,1
424,13,L1,128,36997,37478,32308,32316,512,1
427,13,L1,128,36999,37480,32317,32325,512,1
430,13,L1,128,37001,37482,32326,32334,512,1
433,13,L1,128,37003,37484,32335,32343,512,1
436,13,L1,128,37005,37486,32344,32352,512,1
439,13,L1,128,37007,37488,32353,32361,512,1
442,13,L1,128,37009,37490,32362,32370,512,1
445,13,L1,128,37011,37492,32371,32379,512,1
448,13,L1,128,37013,37494,32380,32388,512,1
451,13,L1,128,37015,37496,32389,32397,512,1
454,13,L1,128,37017,37498,32398,32408,512,1
458,13,L1,128,37019,37500,32409,32418,512,1
461,13,L1,128,37021,37502,32419,32427,512,1
464,13,L1,128,37023,37504,32428,32436,512,1
467,13,L1,128,37025,37506,32437,32445,512,1
470,13,L1,128,37027,37508,32446,32454,512,1
473,13,L1,128,37029,37510,32455,32463,512,1
476,13,L1,128,37031,37512,32464,32472,512,1
479,13,L1,128,37033,37514,32473,32481,512,1
482,13,L1,128,37035,37516,32482,32490,512,1
485,13,L1,128,37037,37518,32491,32499,512,1
488,13,L1,128,37039,37520,32500,32508,512,1
491,13,L1,128,37041,37522,32509,32517,512,1
494,13,L1,128,37043,37524,32518,32526,512,1
497,13,L1,128,37045,37526,32527,32535,512,1
500,13,L1,128,37047,37528,32536,32544,512,1
503,13,L1,128,37049,37530,32545,32555,512,1
507,13,L1,128,37051,37532,32556,32565,512,1
510,13,L1,128,37053,37534,32566,32574,512,1
513,13,L1,128,37055,37536,32575,32583,512,1
516,13,L1,128,37057,37538,32584,32592,512,1
519,13,L1,128,37059,37540,32593,32601,512,1
522,13,L1,128,37061,37542,32602,32610,512,1
525,13,L1,128,37063,37544,32611,32619,512,1
528,13,L1,128,37065,37546,32620,32628,512,1
531,13,L1,128,37067,37548,32629,32637,512,1
534,13,L1,128,37069,37550,32638,32646,512,1
537,13,L1,128,37071,37552,32647,32655,512,1
540,13,L1,128,37073,37554,32656,32664,512,1
543,13,L1,128,37075,37556,32665,32673,512,1
546,13,L1,128,37077,37558,32674,32682,512,1
549,13,L1,128,37079,37560,32683,32691,512,1
552,13,L1,128,37081,37562,32692,32702,512,1
556,13,L1,128,37083,37564,32703,32712,512,1
559,13,L1,128,37085,37566,32713,32721,512,1
562,13,L1,128,37087,37568,32722,32730,512,1
565,13,L1,128,37089,37570,32731,32739,512,1
568,13,L1,128,37091,37572,32740,32748,512,1
571,13,L1,128,37093,37574,32749,32757,512,1
574,13,L1,128,37095,37576,32758,32766,512,1
577,13,L1,128,37097,37578,32767,32775,512,1
580,13,L1,128,37099,37580,32776,32784,512,1
583,13,L1,128,37101,37582,32785,32793,512,1
586,13,L1,128,37103,37584,32794,32802,512,1
589,13,L1,128,37105,37586,32803,32811,512,1
592,13,L1,128,37107,37588,32812,32820,512,1
595,13,L1,128,37109,37590,32821,32829,512,1
598,13,L1,128,37111,37592,32830,32838,512,1
601,13,L1,128,37113,37594,32839,32849,512,1
605,13,L1,128,37115,37596,32850,32859,512,1
608,13,L1,128,37117,37598,32860,32868,512,1
611,13,L1,128,37119,37600,32869,32877,512,1
614,13,L1,128,37121,37602,32878,32886,512,1
617,13,L1,128,37123,37604,32887,32895,512,1
620,13,L1,128,37125,37606,32896,32904,512,1
623,13,L1,128,37127,37608,32905,32913,512,1
626,13,L1,128,37129,37610,32914,32922,512,1
629,13,L1,128,37131,37612,32923,32931,512,1
632,13,L1,128,37133,37614,32932,32940,512,1
635,13,L1,128,37135,37616,32941,32949,512,1
638,13,L1,128,37137,37618,32950,32958,512,1
641,13,L1,128,37139,37620,32959,32967,512,1
644,13,L1,128,37141,37622,32968,32976,512,1
647,13,L1,128,37143,37624,32977,32985,512,1
650,13,L1,128,37145,37626,32986,32996,512,1
654,13,L1,128,37147,37628,32997,33006,512,1
657,13,L1,128,37149,37630,33007,33015,512,1
660,13,L1,128,37151,37632,33016,33024,512,1
663,13,L1,128,37153,37634,33025,33033,512,1
666,13,L1,128,37155,37636,33034,33042,512,1
669,13,L1,128,37157,37638,33043,33051,512,1
672,13,L1,128,37159,37640,33052,33060,512,1
675,13,L1,128,37161,37642,33061,33069,512,1
678,13,L1,128,37163,37644,33070,33078,512,1
681,13,L1,128,37165,37646,33079,33087,512,1
684,13,L1,128,37167,37648,33088,33096,512,1
687,13,L1,128,37169,37650,33097,33105,512,1
690,13,L1,128,37171,37652,33106,33114,512,1
693,13,L1,128,37173,37654,33115,33123,512,1
696,13,L1,128,37175,37656,33124,33132,512,1
699,13,L1,128,37177,37658,33133,33143,512,1
703,13,L1,128,37179,37660,33144,33153,512,1
706,13,L1,128,37181,37662,33154,33162,512,1
709,13,L1,128,37183,22725,33163,37903,512,1
758,1,L1,128,37243,37720,33282,33586,3456,1
761,2,L1,128,37239,37716,33291,33574,2944,1
764,3,L1,128,37235,37712,33300,33562,2432,1
767,4,L1,128,37231,37708,33309,33550,1920,1
770,5,L1,128,37227,37704,33318,33538,1408,1
773,6,L1,128,37223,37700,33327,33526,896,1
776,7,L1,128,37219,37696,33336,33514,128,1
779,8,L1,128,37215,37692,33345,33502,384,1
782,9,L1,128,37211,37688,33354,33490,640,1
785,10,L1,128,37207,37684,33363,33478,1152,1
788,11,L1,128,37203,37680,33372,33466,1664,1
791,12,L1,128,37199,37676,33381,33454,2176,1
794,13,L1,128,37195,37672,33390,33442,2688,1
797,13,L1,128,37191,37668,33399,33430,3200,1
2,13,L1,128,37187,37664,33407,33418,3712,1
7873,0,L1,128,19329,29889,33409,35631,3840,0
6,13,L1,128,37185,37666,33419,33421,3712,1
7876,0,L1,128,19336,29892,33422,35640,3712,0
10,13,L1,128,37189,37670,33431,33433,3200,1
7879,0,L1,128,19343,29895,33434,35649,3200,0
14,13,L1,128,37193,37674,33443,33445,2688,1
7882,0,L1,128,19350,29898,33446,35658,2688,0
18,13,L1,128,37197,37678,33455,33457,2176,1
7885,0,L1,128,19357,29901,33458,35667,2176,0
22,13,L1,128,37201,37682,33467,33469,1664,1
7888,0,L1,128,19364,29904,33470,35676,1664,0
26,13,L1,128,37205,37686,33479,33481,1152,1
7891,0,L1,128,19371,29907,33482,35685,1152,0
30,13,L1,128,37209,37690,33491,33493,640,1
7894,0,L1,128,19378,29910,33494,35694,640,0
34,13,L1,128,37213,37694,33503,33505,384,1
7897,0,L1,128,19385,29913,33506,35703,384,0
38,13,L1,128,37217,37698,33515,33517,128,1
7900,0,L1,128,19392,29916,33518,35712,128,0
42,13,L1,128,37221,37702,33527,33529,896,1
7903,0,L1,128,19399,29919,33530,35721,896,0
46,13,L1,128,37225,37706,33539,33541,1408,1
7906,0,L1,128,19406,29922,33542,35730,1408,0
50,13,L1,128,37229,37710,33551,33553,1920,1
7909,0,L1,128,19413,29925,33554,35739,1920,0
54,13,L1,128,37233,37714,33563,33565,2432,1
7912,0,L1,128,19420,29928,33566,35748,2432,0
58,13,L1,128,37237,37718,33575,33577,2944,1
7915,0,L1,128,19427,29931,33578,35757,2944,0
62,14,L1,128,37241,37722,33587,33589,3456,1
7918,0,L1,128,19434,29934,33590,35766,3456,0
66,14,L1,128,37245,37726,33603,33612,256,1
69,14,L1,128,37247,37728,33613,33621,256,1
72,14,L1,128,37249,37730,33622,33630,256,1
75,14,L1,128,37251,37732,33631,33639,256,1
78,14,L1,128,37253,37734,33640,33648,256,1
81,14,L1,128,37255,37736,33649,33657,256,1
84,14,L1,128,37257,37738,33658,33666,256,1
87,14,L1,128,37259,37740,33667,33675,256,1
90,14,L1,128,37261,37742,33676,33684,256,1
93,14,L1,128,37263,37744,33685,33693,256,1
96,14,L1,128,37265,37746,33694,33702,256,1
99,14,L1,128,37267,37748,33703,33711,256,1
102,14,L1,128,37269,37750,33712,33720,256,1
105,14,L1,128,37271,37752,33721,33729,256,1
108,14,L1,128,37273,37754,33730,33738,256,1
111,14,L1,128,37275,37756,33739,33749,256,1
115,14,L1,128,37277,37758,33750,33759,256,1
118,14,L1,128,37279,37760,33760,33768,256,1
121,14,L1,128,37281,37762,33769,33777,256,1
124,14,L1,128,37283,37764,33778,33786,256,1
127,14,L1,128,37285,37766,33787,33795,256,1
130,14,L1,128,37287,37768,33796,33804,256,1
133,14,L1,128,37289,37770,33805,33813,256,1
136,14,L1,128,37291,37772,33814,33822,256,1
139,14,L1,128,37293,37774,33823,33831,256,1
142,14,L1,128,37295,37776,33832,33840,256,1
145,14,L1,128,37297,37778,33841,33849,256,1
148,14,L1,128,37299,37780,33850,33858,256,1
151,14,L1,128,37301,37782,33859,33867,256,1
154,14,L1,128,37303,37784,33868,33876,256,1
157,14,L1,128,37305,37786,33877,33885,256,1
160,14,L1,128,37307,37788,33886,33896,256,1
164,14,L1,128,37309,37790,33897,33906,256,1
167,14,L1,128,37311,37792,33907,33915,256,1
170,14,L1,128,37313,37794,33916,33924,256,1
173,14,L1,128,37315,37796,33925,33933,256,1
176,14,L1,128,37317,37798,33934,33942,256,1
179,14,L1,128,37319,37800,33943,33951,256,1
182,14,L1,128,37321,37802,33952,33960,256,1
185,14,L1,128,37323,37804,33961,33969,256,1
188,14,L1,128,37325,37806,33970,33978,256,1
191,14,L1,128,37327,37808,33979,33987,256,1
194,14,L1,128,37329,37810,33988,33996,256,1
197,14,L1,128,37331,37812,33997,34005,256,1
200,14,L1,128,37333,37814,34006,34014,256,1
203,14,L1,128,37335,37816,34015,34023,256,1
206,14,L1,128,37337,37818,34024,34032,256,1
209,14,L1,128,37339,37820,34033,34043,256,1
213,14,L1,128,37341,37822,34044,34053,256,1
216,14,L1,128,37343,37824,34054,34062,256,1
219,14,L1,128,37345,37826,34063,34071,256,1
222,14,L1,128,37347,37828,34072,34080,256,1
225,14,L1,128,37349,37830,34081,34089,256,1
228,14,L1,128,37351,37832,34090,34098,256,1
231,14,L1,128,37353,37834,34099,34107,256,1
234,14,L1,128,37355,37836,34108,34116,256,1
237,14,L1,128,37357,37838,34117,34125,256,1
240,14,L1,128,37359,37840,34126,34134,256,1
243,14,L1,128,37361,37842,34135,34143,256,1
246,14,L1,128,37363,37844,34144,34152,256,1
249,14,L1,128,37365,37846,34153,34161,256,1
252,14,L1,128,37367,37848,34162,34170,256,1
255,14,L1,128,37369,37850,34171,34179,256,1
258,14,L1,128,37371,37852,34180,34190,256,1
262,14,L1,128,37373,37854,34191,34200,256,1
265,14,L1,128,37375,37856,34201,34209,256,1
268,14,L1,128,37377,37858,34210,34218,256,1
271,14,L1,128,37379,37860,34219,34227,256,1
274,14,L1,128,37381,37862,34228,34236,256,1
277,14,L1,128,37383,37864,34237,34245,256,1
280,14,L1,128,37385,37866,34246,34254,256,1
283,14,L1,128,37387,37868,34255,34263,256,1
286,14,L1,128,37389,37870,34264,34272,256,1
289,14,L1,128,37391,37872,34273,34281,256,1
292,14,L1,128,37393,37874,34282,34290,256,1
295,14,L1,128,37395,37876,34291,34299,256,1
298,14,L1,128,37397,37878,34300,34308,256,1
301,14,L1,128,37399,37880,34309,34317,256,1
304,14,L1,128,37401,37882,34318,34326,256,1
307,14,L1,128,37403,37884,34327,34337,256,1
311,14,L1,128,37405,37886,34338,34347,256,1
314,14,L1,128,37407,37888,34348,34356,256,1
317,14,L1,128,37409,37890,34357,34365,256,1
320,14,L1,128,37411,37892,34366,34374,256,1
323,14,L1,128,37413,37894,34375,34383,256,1
326,14,L1,128,37415,37896,34384,34392,256,1
329,14,L1,128,37417,37898,34393,34401,256,1
332,14,L1,128,37419,37900,34402,34410,256,1
335,14,L1,128,37421,37902,34411,34419,256,1
338,14,L1,128,37423,37904,34420,34428,256,1
341,14,L1,128,37425,37906,34429,34437,256,1
344,14,L1,128,37427,37908,34438,34446,256,1
347,14,L1,128,37429,37910,34447,34455,256,1
350,14,L1,128,37431,37912,34456,34464,256,1
353,14,L1,128,37433,37914,34465,34473,256,1
356,14,L1,128,37435,37916,34474,34484,256,1
360,14,L1,128,37437,37918,34485,34494,256,1
363,14,L1,128,37439,37920,34495,34503,256,1
366,14,L1,128,37441,37922,34504,34512,256,1
369,14,L1,128,37443,37924,34513,34521,256,1
372,14,L1,128,37445,37926,34522,34530,256,1
375,14,L1,128,37447,37928,34531,34539,256,1
378,14,L1,128,37449,37930,34540,34548,256,1
381,14,L1,128,37451,37932,34549,34557,256,1
384,14,L1,128,37453,37934,34558,34566,256,1
387,14,L1,128,37455,37936,34567,34575,256,1
390,14,L1,128,37457,37938,34576,34584,256,1
393,14,L1,128,37459,37940,34585,34593,256,1
396,14,L1,128,37461,37942,34594,34602,256,1
399,14,L1,128,37463,37944,34603,34611,256,1
402,14,L1,128,37465,37946,34612,34620,256,1
405,14,L1,128,37467,37948,34621,34631,256,1
409,14,L1,128,37469,37950,34632,34641,256,1
412,14,L1,128,37471,37952,34642,34650,256,1
415,14,L1,128,37473,37954,34651,34659,256,1
418,14,L1,128,37475,37956,34660,34668,256,1
421,14,L1,128,37477,37958,34669,34677,256,1
424,14,L1,128,37479,37960,34678,34686,256,1
427,14,L1,128,37481,37962,34687,34695,256,1
430,14,L1,128,37483,37964,34696,34704,256,1
433,14,L1,128,37485,37966,34705,34713,256,1
436,14,L1,128,37487,37968,34714,34722,256,1
439,14,L1,128,37489,37970,34723,34731,256,1
442,14,L1,128,37491,37972,34732,34740,256,1
445,14,L1,128,37493,37974,34741,34749,256,1
448,14,L1,128,37495,37976,34750,34758,256,1
451,14,L1,128,37497,37978,34759,34767,256,1
454,14,L1,128,37499,37980,34768,34778,256,1
458,14,L1,128,37501,37982,34779,34788,256,1
461,14,L1,128,37503,37984,34789,34797,256,1
464,14,L1,128,37505,37986,34798,34806,256,1
467,14,L1,128,37507,37988,34807,34815,256,1
470,14,L1,128,37509,37990,34816,34824,256,1
473,14,L1,128,37511,37992,34825,34833,256,1
476,14,L1,128,37513,37994,34834,34842,256,1
479,14,L1,128,37515,37996,34843,34851,256,1
482,14,L1,128,37517,37998,34852,34860,256,1
485,14,L1,128,37519,38000,34861,34869,256,1
488,14,L1,128,37521,38002,34870,34878,256,1
491,14,L1,128,37523,38004,34879,34887,256,1
494,14,L1,128,37525,38006,34888,34896,256,1
497,14,L1,128,37527,38008,34897,34905,256,1
500,14,L1,128,37529,38010,34906,34914,256,1
503,14,L1,128,37531,38012,34915,34925,256,1
507,14,L1,128,37533,38014,34926,34935,256,1
510,14,L1,128,37535,38016,34936,34944,256,1
513,14,L1,128,37537,38018,34945,34953,256,1
516,14,L1,128,37539,38020,34954,34962,256,1
519,14,L1,128,37541,38022,34963,34971,256,1
522,14,L1,128,37543,38024,34972,34980,256,1
525,14,L1,128,37545,38026,34981,34989,256,1
528,14,L1,128,37547,38028,34990,34998,256,1
531,14,L1,128,37549,38030,34999,35007,256,1
534,14,L1,128,37551,38032,35008,35016,256,1
537,14,L1,128,37553,38034,35017,35025,256,1
540,14,L1,128,37555,38036,35026,35034,256,1
543,14,L1,128,37557,38038,35035,35043,256,1
546,14,L1,128,37559,38040,35044,35052,256,1
549,14,L1,128,37561,38042,35053,35061,256,1
552,14,L1,128,37563,38044,35062,35072,256,1
556,14,L1,128,37565,38046,35073,35082,256,1
559,14,L1,128,37567,38048,35083,35091,256,1
562,14,L1,128,37569,38050,35092,35100,256,1
565,14,L1,128,37571,38052,35101,35109,256,1
568,14,L1,128,37573,38054,35110,35118,256,1
571,14,L1,128,37575,38056,35119,35127,256,1
574,14,L1,128,37577,38058,35128,35136,256,1
577,14,L1,128,37579,38060,35137,35145,256,1
580,14,L1,128,37581,38062,35146,35154,256,1
583,14,L1,128,37583,38064,35155,35163,256,1
586,14,L1,128,37585,38066,35164,35172,256,1
589,14,L1,128,37587,38068,35173,35181,256,1
592,14,L1,128,37589,38070,35182,35190,256,1
595,14,L1,128,37591,38072,35191,35199,256,1
598,14,L1,128,37593,38074,35200,35208,256,1
601,14,L1,128,37595,38076,35209,35219,256,1
605,14,L1,128,37597,38078,35220,35229,256,1
608,14,L1,128,37599,38080,35230,35238,256,1
611,14,L1,128,37601,38082,35239,35247,256,1
614,14,L1,128,37603,38084,35248,35256,256,1
617,14,L1,128,37605,38086,35257,35265,256,1
620,14,L1,128,37607,38088,35266,35274,256,1
623,14,L1,128,37609,38090,35275,35283,256,1
626,14,L1,128,37611,38092,35284,35292,256,1
629,14,L1,128,37613,38094,35293,35301,256,1
632,14,L1,128,37615,38096,35302,35310,256,1
635,14,L1,128,37617,38098,35311,35319,256,1
638,14,L1,128,37619,38100,35320,35328,256,1
641,14,L1,128,37621,38102,35329,35337,256,1
644,14,L1,128,37623,38104,35338,35346,256,1
647,14,L1,128,37625,38106,35347,35355,256,1
650,14,L1,128,37627,38108,35356,35366,256,1
654,14,L1,128,37629,38110,35367,35376,256,1
657,14,L1,128,37631,38112,35377,35385,256,1
660,14,L1,128,37633,38114,35386,35394,256,1
663,14,L1,128,37635,38116,35395,35403,256,1
666,14,L1,128,37637,38118,35404,35412,256,1
669,14,L1,128,37639,38120,35413,35421,256,1
672,14,L1,128,37641,38122,35422,35430,256,1
675,14,L1,128,37643,38124,35431,35439,256,1
678,14,L1,128,37645,38126,35440,35448,256,1
681,14,L1,128,37647,38128,35449,35457,256,1
684,14,L1,128,37649,38130,35458,35466,256,1
687,14,L1,128,37651,38132,35467,35475,256,1
690,14,L1,128,37653,38134,35476,35484,256,1
693,14,L1,128,37655,38136,35485,35493,256,1
696,14,L1,128,37657,38138,35494,35502,256,1
699,14,L1,128,37659,38140,35503,35513,256,1
703,14,L1,128,37661,38142,35514,35523,256,1
706,14,L1,128,37663,22722,35524,37895,256,1
755,1,L1,128,37725,38172,35642,35956,3712,1
758,2,L1,128,37721,38170,35651,35944,3200,1
761,3,L1,128,37717,38168,35660,35932,2688,1
764,4,L1,128,37713,38166,35669,35920,2176,1
767,5,L1,128,37709,38164,35678,35908,1664,1
770,6,L1,128,37705,38162,35687,35896,1152,1
773,7,L1,128,37701,38160,35696,35884,640,1
776,8,L1,128,37697,38158,35705,35872,384,1
779,9,L1,128,37693,38156,35714,35860,128,1
782,10,L1,128,37689,38154,35723,35848,896,1
785,11,L1,128,37685,38152,35732,35836,1408,1
788,12,L1,128,37681,38150,35741,35824,1920,1
791,13,L1,128,37677,38148,35750,35812,2432,1
794,14,L1,128,37673,38146,35759,35800,2944,1
797,14,L1,128,37669,38144,35768,35788,3456,1
2,14,L1,128,37665,22018,35776,35778,3840,1
8417,0,L1,128,20673,30433,35779,38015,3840,0
6,14,L1,128,37667,22022,35789,35791,3456,1
8420,0,L1,128,20680,30436,35792,38026,3456,0
10,14,L1,128,37671,22026,35801,35803,2944,1
8423,0,L1,128,20687,30439,35804,38036,2944,0
14,14,L1,128,37675,22030,35813,35815,2432,1
8426,0,L1,128,20694,30442,35816,38046,2432,0
18,14,L1,128,37679,22034,35825,35827,1920,1
8429,0,L1,128,20701,30445,35828,38056,1920,0
22,14,L1,128,37683,22038,35837,35839,1408,1
8432,0,L1,128,20708,30448,35840,38066,1408,0
26,14,L1,128,37687,22042,35849,35851,896,1
8435,0,L1,128,20715,30451,35852,38076,896,0
30,14,L1,128,37691,22046,35861,35863,128,1
8438,0,L1,128,20722,30454,35864,38086,128,0
34,14,L1,128,37695,22050,35873,35875,384,1
8441,0,L1,128,20729,30457,35876,38096,384,0
38,14,L1,128,37699,22054,35885,35887,640,1
8444,0,L1,128,20736,30460,35888,38106,640,0
42,14,L1,128,37703,22058,35897,35899,1152,1
8447,0,L1,128,20743,30463,35900,38116,1152,0
46,14,L1,128,37707,22062,35909,35911,1664,1
8450,0,L1,128,20750,30466,35912,38126,1664,0
50,14,L1,128,37711,22066,35921,35923,2176,1
8453,0,L1,128,20757,30469,35924,38136,2176,0
54,14,L1,128,37715,22070,35933,35935,2688,1
8456,0,L1,128,20764,30472,35936,38146,2688,0
58,14,L1,128,37719,22074,35945,35947,3200,1
8459,0,L1,128,20771,30475,35948,38156,3200,0
62,15,L1,128,37723,22078,35957,35959,3712,1
8462,0,L1,128,20778,30478,35960,38166,3712,0
66,15,L1,128,37727,22082,35973,35975,0,1
69,15,L1,128,37729,22085,35983,35985,0,1
72,15,L1,128,37731,22088,35992,35994,0,1
75,15,L1,128,37733,22091,36001,36003,0,1
78,15,L1,128,37735,22094,36010,36012,0,1
81,15,L1,128,37737,22097,36019,36021,0,1
84,15,L1,128,37739,22100,36028,36030,0,1
87,15,L1,128,37741,22103,36037,36039,0,1
90,15,L1,128,37743,22106,36046,36048,0,1
93,15,L1,128,37745,22109,36055,36057,0,1
96,15,L1,128,37747,22112,36064,36066,0,1
99,15,L1,128,37749,22115,36073,36075,0,1
102,15,L1,128,37751,22118,36082,36084,0,1
105,15,L1,128,37753,22121,36091,36093,0,1
108,15,L1,128,37755,22124,36100,36102,0,1
111,15,L1,128,37757,22127,36109,36111,0,1
115,15,L1,128,37759,22131,36120,36122,0,1
118,15,L1,128,37761,22134,36130,36132,0,1
121,15,L1,128,37763,22137,36139,36141,0,1
124,15,L1,128,37765,22140,36148,36150,0,1
127,15,L1,128,37767,22143,36157,36159,0,1
130,15,L1,128,37769,22146,36166,36168,0,1
133,15,L1,128,37771,22149,36175,36177,0,1
136,15,L1,128,37773,22152,36184,36186,0,1
139,15,L1,128,37775,22155,36193,36195,0,1
142,15,L1,128,37777,22158,36202,36204,0,1
145,15,L1,128,37779,22161,36211,36213,0,1
148,15,L1,128,37781,22164,36220,36222,0,1
151,15,L1,128,37783,22167,36229,36231,0,1
154,15,L1,128,37785,22170,36238,36240,0,1
157,15,L1,128,37787,22173,36247,36249,0,1
160,15,L1,128,37789,22176,36256,36258,0,1
164,15,L1,128,37791,22180,36267,36269,0,1
167,15,L1,128,37793,22183,36277,36279,0,1
170,15,L1,128,37795,22186,36286,36288,0,1
173,15,L1,128,37797,22189,36295,36297,0,1
176,15,L1,128,37799,22192,36304,36306,0,1
179,15,L1,128,37801,22195,36313,36315,0,1
182,15,L1,128,37803,22198,36322,36324,0,1
185,15,L1,128,37805,22201,36331,36333,0,1
188,15,L1,128,37807,22204,36340,36342,0,1
191,15,L1,128,37809,22207,36349,36351,0,1
194,15,L1,128,37811,22210,36358,36360,0,1
197,15,L1,128,37813,22213,36367,36369,0,1
200,15,L1,128,37815,22216,36376,36378,0,1
203,15,L1,128,37817,22219,36385,36387,0,1
206,15,L1,128,37819,22222,36394,36396,0,1
209,15,L1,128,37821,22225,36403,36405,0,1
213,15,L1,128,37823,22229,36414,36416,0,1
216,15,L1,128,37825,22232,36424,36426,0,1
219,15,L1,128,37827,22235,36433,36435,0,1
222,15,L1,128,37829,22238,36442,36444,0,1
225,15,L1,128,37831,22241,36451,36453,0,1
228,15,L1,128,37833,22244,36460,36462,0,1
231,15,L1,128,37835,22247,36469,36471,0,1
234,15,L1,128,37837,22250,36478,36480,0,1
237,15,L1,128,37839,22253,36487,36489,0,1
240,15,L1,128,37841,22256,36496,36498,0,1
243,15,L1,128,37843,22259,36505,36507,0,1
246,15,L1,128,37845,22262,36514,36516,0,1
249,15,L1,128,37847,22265,36523,36525,0,1
252,15,L1,128,37849,22268,36532,36534,0,1
255,15,L1,128,37851,22271,36541,36543,0,1
258,15,L1,128,37853,22274,36550,36552,0,1
262,15,L1,128,37855,22278,36561,36563,0,1
265,15,L1,128,37857,22281,36571,36573,0,1
268,15,L1,128,37859,22284,36580,36582,0,1
271,15,L1,128,37861,22287,36589,36591,0,1
274,15,L1,128,37863,22290,36598,36600,0,1
277,15,L1,128,37865,22293,36607,36609,0,1
280,15,L1,128,37867,22296,36616,36618,0,1
283,15,L1,128,37869,22299,36625,36627,0,1
286,15,L1,128,37871,22302,36634,36636,0,1
289,15,L1,128,37873,22305,36643,36645,0,1
292,15,L1,128,37875,22308,36652,36654,0,1
295,15,L1,128,37877,22311,36661,36663,0,1
298,15,L1,128,37879,22314,36670,36672,0,1
301,15,L1,128,37881,22317,36679,36681,0,1
304,15,L1,128,37883,22320,36688,36690,0,1
307,15,L1,128,37885,22323,36697,36699,0,1
311,15,L1,128,37887,22327,36708,36710,0,1
314,15,L1,128,37889,22330,36718,36720,0,1
317,15,L1,128,37891,22333,36727,36729,0,1
320,15,L1,128,37893,22336,36736,36738,0,1
323,15,L1,128,37895,22339,36745,36747,0,1
326,15,L1,128,37897,22342,36754,36756,0,1
329,15,L1,128,37899,22345,36763,36765,0,1
332,15,L1,128,37901,22348,36772,36774,0,1
335,15,L1,128,37903,22351,36781,36783,0,1
338,15,L1,128,37905,22354,36790,36792,0,1
341,15,L1,128,37907,22357,36799,36801,0,1
344,15,L1,128,37909,22360,36808,36810,0,1
347,15,L1,128,37911,22363,36817,36819,0,1
350,15,L1,128,37913,22366,36826,36828,0,1
353,15,L1,128,37915,22369,36835,36837,0,1
356,15,L1,128,37917,22372,36844,36846,0,1
360,15,L1,128,37919,22376,36855,36857,0,1
363,15,L1,128,37921,22379,36865,36867,0,1
366,15,L1,128,37923,22382,36874,36876,0,1
369,15,L1,128,37925,22385,36883,36885,0,1
372,15,L1,128,37927,22388,36892,36894,0,1
375,15,L1,128,37929,22391,36901,36903,0,1
378,15,L1,128,37931,22394,36910,36912,0,1
381,15,L1,128,37933,22397,36919,36921,0,1
384,15,L1,128,37935,22400,36928,36930,0,1
387,15,L1,128,37937,22403,36937,36939,0,1
390,15,L1,128,37939,22406,36946,36948,0,1
393,15,L1,128,37941,22409,36955,36957,0,1
396,15,L1,128,37943,22412,36964,36966,0,1
399,15,L1,128,37945,22415,36973,36975,0,1
402,15,L1,128,37947,22418,36982,36984,0,1
405,15,L1,128,37949,22421,36991,36993,0,1
409,15,L1,128,37951,22425,37002,37004,0,1
412,15,L1,128,37953,22428,37012,37014,0,1
415,15,L1,128,37955,22431,37021,37023,0,1
418,15,L1,128,37957,22434,37030,37032,0,1
421,15,L1,128,37959,22437,37039,37041,0,1
424,15,L1,128,37961,22440,37048,37050,0,1
427,15,L1,128,37963,22443,37057,37059,0,1
430,15,L1,128,37965,22446,37066,37068,0,1
433,15,L1,128,37967,22449,37075,37077,0,1
436,15,L1,128,37969,22452,37084,37086,0,1
439,15,L1,128,37971,22455,37093,37095,0,1
442,15,L1,128,37973,22458,37102,37104,0,1
445,15,L1,128,37975,22461,37111,37113,0,1
448,15,L1,128,37977,22464,37120,37122,0,1
451,15,L1,128,37979,22467,37129,37131,0,1
454,15,L1,128,37981,22470,37138,37140,0,1
458,15,L1,128,37983,22474,37149,37151,0,1
461,15,L1,128,37985,22477,37159,37161,0,1
464,15,L1,128,37987,22480,37168,37170,0,1
467,15,L1,128,37989,22483,37177,37179,0,1
470,15,L1,128,37991,22486,37186,37188,0,1
473,15,L1,128,37993,22489,37195,37197,0,1
476,15,L1,128,37995,22492,37204,37206,0,1
479,15,L1,128,37997,22495,37213,37215,0,1
482,15,L1,128,37999,22498,37222,37224,0,1
485,15,L1,128,38001,22501,37231,37233,0,1
488,15,L1,128,38003,22504,37240,37242,0,1
491,15,L1,128,38005,22507,37249,37251,0,1
494,15,L1,128,38007,22510,37258,37260,0,1
497,15,L1,128,38009,22513,37267,37269,0,1
500,15,L1,128,38011,22516,37276,37278,0,1
503,15,L1,128,38013,22519,37285,37287,0,1
507,15,L1,128,38015,22523,37296,37298,0,1
510,15,L1,128,38017,22526,37306,37308,0,1
513,15,L1,128,38019,22529,37315,37317,0,1
516,15,L1,128,38021,22532,37324,37326,0,1
519,15,L1,128,38023,22535,37333,37335,0,1
522,15,L1,128,38025,22538,37342,37344,0,1
525,15,L1,128,38027,22541,37351,37353,0,1
528,15,L1,128,38029,22544,37360,37362,0,1
531,15,L1,128,38031,22547,37369,37371,0,1
534,15,L1,128,38033,22550,37378,37380,0,1
537,15,L1,128,38035,22553,37387,37389,0,1
540,15,L1,128,38037,22556,37396,37398,0,1
543,15,L1,128,38039,22559,37405,37407,0,1
546,15,L1,128,38041,22562,37414,37416,0,1
549,15,L1,128,38043,22565,37423,37425,0,1
552,15,L1,128,38045,22568,37432,37434,0,1
556,15,L1,128,38047,22572,37443,37445,0,1
559,15,L1,128,38049,22575,37453,37455,0,1
562,15,L1,128,38051,22578,37462,37464,0,1
565,15,L1,128,38053,22581,37471,37473,0,1
568,15,L1,128,38055,22584,37480,37482,0,1
571,15,L1,128,38057,22587,37489,37491,0,1
574,15,L1,128,38059,22590,37498,37500,0,1
577,15,L1,128,38061,22593,37507,37509,0,1
580,15,L1,128,38063,22596,37516,37518,0,1
583,15,L1,128,38065,22599,37525,37527,0,1
586,15,L1,128,38067,22602,37534,37536,0,1
589,15,L1,128,38069,22605,37543,37545,0,1
592,15,L1,128,38071,22608,37552,37554,0,1
595,15,L1,128,38073,22611,37561,37563,0,1
598,15,L1,128,38075,22614,37570,37572,0,1
601,15,L1,128,38077,22617,37579,37581,0,1
605,15,L1,128,38079,22621,37590,37592,0,1
608,15,L1,128,38081,22624,37600,37602,0,1
611,15,L1,128,38083,22627,37609,37611,0,1
614,15,L1,128,38085,22630,37618,37620,0,1
617,15,L1,128,38087,22633,37627,37629,0,1
620,15,L1,128,38089,22636,37636,37638,0,1
623,15,L1,128,38091,22639,37645,37647,0,1
626,15,L1,128,38093,22642,37654,37656,0,1
629,15,L1,128,38095,22645,37663,37665,0,1
632,15,L1,128,38097,22648,37672,37674,0,1
635,15,L1,128,38099,22651,37681,37683,0,1
638,15,L1,128,38101,22654,37690,37692,0,1
641,15,L1,128,38103,22657,37699,37701,0,1
644,15,L1,128,38105,22660,37708,37710,0,1
647,15,L1,128,38107,22663,37717,37719,0,1
650,15,L1,128,38109,22666,37726,37728,0,1
654,15,L1,128,38111,22670,37737,37739,0,1
657,15,L1,128,38113,22673,37747,37749,0,1
660,15,L1,128,38115,22676,37756,37758,0,1
663,15,L1,128,38117,22679,37765,37767,0,1
666,15,L1,128,38119,22682,37774,37776,0,1
669,15,L1,128,38121,22685,37783,37785,0,1
672,15,L1,128,38123,22688,37792,37794,0,1
675,15,L1,128,38125,22691,37801,37803,0,1
678,15,L1,128,38127,22694,37810,37812,0,1
681,15,L1,128,38129,22697,37819,37821,0,1
684,15,L1,128,38131,22700,37828,37830,0,1
687,15,L1,128,38133,22703,37837,37839,0,1
690,15,L1,128,38135,22706,37846,37848,0,1
693,15,L1,128,38137,22709,37855,37857,0,1
696,15,L1,128,38139,22712,37864,37866,0,1
699,15,L1,128,38141,22715,37873,37875,0,1
703,15,L1,128,38143,22719,37884,37886,0,1
752,1,L1,128,38175,22768,38017,38019,0,1
755,2,L1,128,38173,22771,38028,38030,0,1
758,3,L1,128,38171,22774,38038,38040,0,1
761,4,L1,128,38169,22777,38048,38050,0,1
764,5,L1,128,38167,22780,38058,38060,0,1
767,6,L1,128,38165,22783,38068,38070,0,1
770,7,L1,128,38163,22786,38078,38080,0,1
773,8,L1,128,38161,22789,38088,38090,512,1
776,9,L1,128,38159,22792,38098,38100,3840,1
779,10,L1,128,38157,22795,38108,38110,3840,1
782,11,L1,128,38155,22798,38118,38120,3840,1
785,12,L1,128,38153,22801,38128,38130,3840,1
788,13,L1,128,38151,22804,38138,38140,3840,1
791,14,L1,128,38149,22807,38148,38150,3840,1
794,15,L1,128,38147,22810,38158,38160,3840,1
797,15,L1,128,38145,22813,38168,38170,0,1
